bri,hue,sat,watt
1,1,1,0.4
1,2001,1,0.4
1,4001,1,0.4
1,6001,1,0.4
1,8001,1,0.4
1,10001,1,0.4
1,12001,1,0.4
1,14001,1,0.4
1,16001,1,0.4
1,18001,1,0.4
1,20001,1,0.4
1,22001,1,0.4
1,24001,1,0.4
1,26001,1,0.4
1,28001,1,0.4
1,30001,1,0.4
1,32001,1,0.4
1,34001,1,0.4
1,36001,1,0.4
1,38001,1,0.4
1,40001,1,0.4
1,42001,1,0.4
1,44001,1,0.4
1,46001,1,0.4
1,48001,1,0.4
1,50001,1,0.4
1,52001,1,0.4
1,54001,1,0.4
1,56001,1,0.4
1,58001,1,0.4
1,60001,1,0.4
1,62001,1,0.4
1,64001,1,0.4
1,65535,1,0.4
1,1,11,0.4
1,2001,11,0.4
1,4001,11,0.4
1,6001,11,0.4
1,8001,11,0.4
1,10001,11,0.4
1,12001,11,0.4
1,14001,11,0.4
1,16001,11,0.4
1,18001,11,0.4
1,20001,11,0.4
1,22001,11,0.4
1,24001,11,0.4
1,26001,11,0.4
1,28001,11,0.4
1,30001,11,0.4
1,32001,11,0.4
1,34001,11,0.4
1,36001,11,0.4
1,38001,11,0.4
1,40001,11,0.4
1,42001,11,0.4
1,44001,11,0.4
1,46001,11,0.4
1,48001,11,0.4
1,50001,11,0.4
1,52001,11,0.4
1,54001,11,0.4
1,56001,11,0.4
1,58001,11,0.4
1,60001,11,0.4
1,62001,11,0.4
1,64001,11,0.4
1,65535,11,0.4
1,1,21,0.4
1,2001,21,0.4
1,4001,21,0.4
1,6001,21,0.4
1,8001,21,0.4
1,10001,21,0.4
1,12001,21,0.4
1,14001,21,0.4
1,16001,21,0.4
1,18001,21,0.4
1,20001,21,0.4
1,22001,21,0.4
1,24001,21,0.4
1,26001,21,0.4
1,28001,21,0.4
1,30001,21,0.4
1,32001,21,0.4
1,34001,21,0.4
1,36001,21,0.4
1,38001,21,0.4
1,40001,21,0.4
1,42001,21,0.4
1,44001,21,0.4
1,46001,21,0.4
1,48001,21,0.4
1,50001,21,0.4
1,52001,21,0.4
1,54001,21,0.4
1,56001,21,0.4
1,58001,21,0.4
1,60001,21,0.4
1,62001,21,0.4
1,64001,21,0.4
1,65535,21,0.4
1,1,31,0.4
1,2001,31,0.4
1,4001,31,0.4
1,6001,31,0.4
1,8001,31,0.4
1,10001,31,0.4
1,12001,31,0.4
1,14001,31,0.4
1,16001,31,0.4
1,18001,31,0.4
1,20001,31,0.4
1,22001,31,0.4
1,24001,31,0.4
1,26001,31,0.4
1,28001,31,0.4
1,30001,31,0.4
1,32001,31,0.4
1,34001,31,0.4
1,36001,31,0.4
1,38001,31,0.4
1,40001,31,0.4
1,42001,31,0.4
1,44001,31,0.4
1,46001,31,0.4
1,48001,31,0.4
1,50001,31,0.4
1,52001,31,0.4
1,54001,31,0.4
1,56001,31,0.4
1,58001,31,0.4
1,60001,31,0.4
1,62001,31,0.4
1,64001,31,0.4
1,65535,31,0.4
1,1,41,0.4
1,2001,41,0.4
1,4001,41,0.4
1,6001,41,0.4
1,8001,41,0.4
1,10001,41,0.4
1,12001,41,0.4
1,14001,41,0.4
1,16001,41,0.4
1,18001,41,0.4
1,20001,41,0.4
1,22001,41,0.4
1,24001,41,0.4
1,26001,41,0.4
1,28001,41,0.4
1,30001,41,0.4
1,32001,41,0.4
1,34001,41,0.4
1,36001,41,0.4
1,38001,41,0.4
1,40001,41,0.4
1,42001,41,0.4
1,44001,41,0.4
1,46001,41,0.4
1,48001,41,0.4
1,50001,41,0.4
1,52001,41,0.4
1,54001,41,0.4
1,56001,41,0.4
1,58001,41,0.4
1,60001,41,0.4
1,62001,41,0.4
1,64001,41,0.4
1,65535,41,0.4
1,1,51,0.4
1,2001,51,0.4
1,4001,51,0.4
1,6001,51,0.4
1,8001,51,0.4
1,10001,51,0.4
1,12001,51,0.4
1,14001,51,0.4
1,16001,51,0.4
1,18001,51,0.4
1,20001,51,0.4
1,22001,51,0.4
1,24001,51,0.4
1,26001,51,0.4
1,28001,51,0.4
1,30001,51,0.4
1,32001,51,0.4
1,34001,51,0.4
1,36001,51,0.4
1,38001,51,0.4
1,40001,51,0.4
1,42001,51,0.4
1,44001,51,0.4
1,46001,51,0.4
1,48001,51,0.4
1,50001,51,0.4
1,52001,51,0.4
1,54001,51,0.4
1,56001,51,0.4
1,58001,51,0.4
1,60001,51,0.4
1,62001,51,0.4
1,64001,51,0.4
1,65535,51,0.4
1,1,61,0.4
1,2001,61,0.4
1,4001,61,0.4
1,6001,61,0.4
1,8001,61,0.4
1,10001,61,0.4
1,12001,61,0.4
1,14001,61,0.4
1,16001,61,0.4
1,18001,61,0.4
1,20001,61,0.4
1,22001,61,0.4
1,24001,61,0.4
1,26001,61,0.4
1,28001,61,0.4
1,30001,61,0.4
1,32001,61,0.4
1,34001,61,0.4
1,36001,61,0.4
1,38001,61,0.4
1,40001,61,0.4
1,42001,61,0.4
1,44001,61,0.4
1,46001,61,0.4
1,48001,61,0.4
1,50001,61,0.4
1,52001,61,0.4
1,54001,61,0.4
1,56001,61,0.4
1,58001,61,0.4
1,60001,61,0.4
1,62001,61,0.4
1,64001,61,0.4
1,65535,61,0.4
1,1,71,0.4
1,2001,71,0.4
1,4001,71,0.4
1,6001,71,0.4
1,8001,71,0.4
1,10001,71,0.4
1,12001,71,0.4
1,14001,71,0.4
1,16001,71,0.4
1,18001,71,0.4
1,20001,71,0.4
1,22001,71,0.4
1,24001,71,0.4
1,26001,71,0.4
1,28001,71,0.4
1,30001,71,0.4
1,32001,71,0.4
1,34001,71,0.4
1,36001,71,0.4
1,38001,71,0.4
1,40001,71,0.4
1,42001,71,0.4
1,44001,71,0.4
1,46001,71,0.4
1,48001,71,0.4
1,50001,71,0.4
1,52001,71,0.4
1,54001,71,0.4
1,56001,71,0.4
1,58001,71,0.4
1,60001,71,0.4
1,62001,71,0.4
1,64001,71,0.4
1,65535,71,0.4
1,1,81,0.4
1,2001,81,0.4
1,4001,81,0.4
1,6001,81,0.4
1,8001,81,0.4
1,10001,81,0.4
1,12001,81,0.4
1,14001,81,0.4
1,16001,81,0.4
1,18001,81,0.4
1,20001,81,0.4
1,22001,81,0.4
1,24001,81,0.4
1,26001,81,0.4
1,28001,81,0.4
1,30001,81,0.4
1,32001,81,0.4
1,34001,81,0.4
1,36001,81,0.4
1,38001,81,0.4
1,40001,81,0.4
1,42001,81,0.4
1,44001,81,0.4
1,46001,81,0.4
1,48001,81,0.4
1,50001,81,0.4
1,52001,81,0.4
1,54001,81,0.4
1,56001,81,0.4
1,58001,81,0.4
1,60001,81,0.4
1,62001,81,0.4
1,64001,81,0.4
1,65535,81,0.4
1,1,91,0.4
1,2001,91,0.4
1,4001,91,0.4
1,6001,91,0.4
1,8001,91,0.4
1,10001,91,0.4
1,12001,91,0.4
1,14001,91,0.4
1,16001,91,0.4
1,18001,91,0.4
1,20001,91,0.4
1,22001,91,0.4
1,24001,91,0.4
1,26001,91,0.4
1,28001,91,0.4
1,30001,91,0.4
1,32001,91,0.4
1,34001,91,0.4
1,36001,91,0.4
1,38001,91,0.4
1,40001,91,0.4
1,42001,91,0.4
1,44001,91,0.4
1,46001,91,0.4
1,48001,91,0.4
1,50001,91,0.4
1,52001,91,0.4
1,54001,91,0.4
1,56001,91,0.4
1,58001,91,0.4
1,60001,91,0.4
1,62001,91,0.4
1,64001,91,0.4
1,65535,91,0.4
1,1,101,0.4
1,2001,101,0.4
1,4001,101,0.4
1,6001,101,0.4
1,8001,101,0.4
1,10001,101,0.4
1,12001,101,0.4
1,14001,101,0.4
1,16001,101,0.4
1,18001,101,0.4
1,20001,101,0.4
1,22001,101,0.4
1,24001,101,0.4
1,26001,101,0.4
1,28001,101,0.4
1,30001,101,0.4
1,32001,101,0.4
1,34001,101,0.4
1,36001,101,0.4
1,38001,101,0.4
1,40001,101,0.4
1,42001,101,0.4
1,44001,101,0.4
1,46001,101,0.4
1,48001,101,0.4
1,50001,101,0.4
1,52001,101,0.4
1,54001,101,0.4
1,56001,101,0.4
1,58001,101,0.4
1,60001,101,0.4
1,62001,101,0.4
1,64001,101,0.4
1,65535,101,0.4
1,1,111,0.4
1,2001,111,0.4
1,4001,111,0.4
1,6001,111,0.4
1,8001,111,0.4
1,10001,111,0.4
1,12001,111,0.4
1,14001,111,0.4
1,16001,111,0.4
1,18001,111,0.4
1,20001,111,0.4
1,22001,111,0.4
1,24001,111,0.4
1,26001,111,0.4
1,28001,111,0.4
1,30001,111,0.4
1,32001,111,0.4
1,34001,111,0.4
1,36001,111,0.4
1,38001,111,0.4
1,40001,111,0.4
1,42001,111,0.4
1,44001,111,0.4
1,46001,111,0.4
1,48001,111,0.4
1,50001,111,0.4
1,52001,111,0.4
1,54001,111,0.4
1,56001,111,0.4
1,58001,111,0.4
1,60001,111,0.4
1,62001,111,0.4
1,64001,111,0.4
1,65535,111,0.4
1,1,121,0.4
1,2001,121,0.4
1,4001,121,0.4
1,6001,121,0.4
1,8001,121,0.4
1,10001,121,0.4
1,12001,121,0.4
1,14001,121,0.4
1,16001,121,0.4
1,18001,121,0.4
1,20001,121,0.4
1,22001,121,0.4
1,24001,121,0.4
1,26001,121,0.4
1,28001,121,0.4
1,30001,121,0.4
1,32001,121,0.4
1,34001,121,0.4
1,36001,121,0.4
1,38001,121,0.4
1,40001,121,0.4
1,42001,121,0.4
1,44001,121,0.4
1,46001,121,0.4
1,48001,121,0.4
1,50001,121,0.4
1,52001,121,0.4
1,54001,121,0.4
1,56001,121,0.4
1,58001,121,0.4
1,60001,121,0.4
1,62001,121,0.4
1,64001,121,0.4
1,65535,121,0.4
1,1,131,0.4
1,2001,131,0.4
1,4001,131,0.4
1,6001,131,0.4
1,8001,131,0.4
1,10001,131,0.4
1,12001,131,0.4
1,14001,131,0.4
1,16001,131,0.4
1,18001,131,0.4
1,20001,131,0.4
1,22001,131,0.4
1,24001,131,0.4
1,26001,131,0.4
1,28001,131,0.4
1,30001,131,0.4
1,32001,131,0.4
1,34001,131,0.4
1,36001,131,0.4
1,38001,131,0.4
1,40001,131,0.4
1,42001,131,0.4
1,44001,131,0.4
1,46001,131,0.4
1,48001,131,0.4
1,50001,131,0.4
1,52001,131,0.4
1,54001,131,0.4
1,56001,131,0.4
1,58001,131,0.4
1,60001,131,0.4
1,62001,131,0.4
1,64001,131,0.4
1,65535,131,0.4
1,1,141,0.4
1,2001,141,0.4
1,4001,141,0.4
1,6001,141,0.4
1,8001,141,0.4
1,10001,141,0.4
1,12001,141,0.4
1,14001,141,0.4
1,16001,141,0.4
1,18001,141,0.4
1,20001,141,0.4
1,22001,141,0.4
1,24001,141,0.4
1,26001,141,0.4
1,28001,141,0.4
1,30001,141,0.4
1,32001,141,0.4
1,34001,141,0.4
1,36001,141,0.4
1,38001,141,0.4
1,40001,141,0.4
1,42001,141,0.4
1,44001,141,0.4
1,46001,141,0.4
1,48001,141,0.4
1,50001,141,0.4
1,52001,141,0.4
1,54001,141,0.4
1,56001,141,0.4
1,58001,141,0.4
1,60001,141,0.4
1,62001,141,0.4
1,64001,141,0.4
1,65535,141,0.4
1,1,151,0.4
1,2001,151,0.4
1,4001,151,0.4
1,6001,151,0.4
1,8001,151,0.4
1,10001,151,0.4
1,12001,151,0.4
1,14001,151,0.4
1,16001,151,0.4
1,18001,151,0.4
1,20001,151,0.4
1,22001,151,0.4
1,24001,151,0.4
1,26001,151,0.4
1,28001,151,0.4
1,30001,151,0.4
1,32001,151,0.4
1,34001,151,0.4
1,36001,151,0.4
1,38001,151,0.4
1,40001,151,0.4
1,42001,151,0.4
1,44001,151,0.4
1,46001,151,0.4
1,48001,151,0.4
1,50001,151,0.4
1,52001,151,0.4
1,54001,151,0.4
1,56001,151,0.4
1,58001,151,0.4
1,60001,151,0.4
1,62001,151,0.4
1,64001,151,0.4
1,65535,151,0.4
1,1,161,0.4
1,2001,161,0.4
1,4001,161,0.4
1,6001,161,0.4
1,8001,161,0.4
1,10001,161,0.4
1,12001,161,0.4
1,14001,161,0.4
1,16001,161,0.4
1,18001,161,0.4
1,20001,161,0.4
1,22001,161,0.4
1,24001,161,0.4
1,26001,161,0.4
1,28001,161,0.4
1,30001,161,0.4
1,32001,161,0.4
1,34001,161,0.4
1,36001,161,0.4
1,38001,161,0.4
1,40001,161,0.4
1,42001,161,0.4
1,44001,161,0.4
1,46001,161,0.4
1,48001,161,0.4
1,50001,161,0.4
1,52001,161,0.4
1,54001,161,0.4
1,56001,161,0.4
1,58001,161,0.4
1,60001,161,0.4
1,62001,161,0.4
1,64001,161,0.4
1,65535,161,0.4
1,1,171,0.4
1,2001,171,0.4
1,4001,171,0.4
1,6001,171,0.4
1,8001,171,0.4
1,10001,171,0.4
1,12001,171,0.4
1,14001,171,0.4
1,16001,171,0.4
1,18001,171,0.4
1,20001,171,0.4
1,22001,171,0.4
1,24001,171,0.4
1,26001,171,0.4
1,28001,171,0.4
1,30001,171,0.4
1,32001,171,0.4
1,34001,171,0.4
1,36001,171,0.4
1,38001,171,0.4
1,40001,171,0.4
1,42001,171,0.4
1,44001,171,0.4
1,46001,171,0.4
1,48001,171,0.4
1,50001,171,0.4
1,52001,171,0.4
1,54001,171,0.4
1,56001,171,0.4
1,58001,171,0.4
1,60001,171,0.4
1,62001,171,0.4
1,64001,171,0.4
1,65535,171,0.4
1,1,181,0.4
1,2001,181,0.4
1,4001,181,0.4
1,6001,181,0.4
1,8001,181,0.4
1,10001,181,0.4
1,12001,181,0.4
1,14001,181,0.4
1,16001,181,0.4
1,18001,181,0.4
1,20001,181,0.4
1,22001,181,0.4
1,24001,181,0.4
1,26001,181,0.4
1,28001,181,0.4
1,30001,181,0.4
1,32001,181,0.4
1,34001,181,0.4
1,36001,181,0.4
1,38001,181,0.4
1,40001,181,0.4
1,42001,181,0.4
1,44001,181,0.4
1,46001,181,0.4
1,48001,181,0.4
1,50001,181,0.4
1,52001,181,0.4
1,54001,181,0.4
1,56001,181,0.4
1,58001,181,0.4
1,60001,181,0.4
1,62001,181,0.4
1,64001,181,0.4
1,65535,181,0.4
1,1,191,0.4
1,2001,191,0.4
1,4001,191,0.4
1,6001,191,0.4
1,8001,191,0.4
1,10001,191,0.4
1,12001,191,0.4
1,14001,191,0.4
1,16001,191,0.4
1,18001,191,0.4
1,20001,191,0.4
1,22001,191,0.4
1,24001,191,0.4
1,26001,191,0.4
1,28001,191,0.4
1,30001,191,0.4
1,32001,191,0.4
1,34001,191,0.4
1,36001,191,0.4
1,38001,191,0.4
1,40001,191,0.4
1,42001,191,0.4
1,44001,191,0.4
1,46001,191,0.4
1,48001,191,0.4
1,50001,191,0.4
1,52001,191,0.4
1,54001,191,0.4
1,56001,191,0.4
1,58001,191,0.4
1,60001,191,0.4
1,62001,191,0.4
1,64001,191,0.4
1,65535,191,0.4
1,1,201,0.4
1,2001,201,0.4
1,4001,201,0.4
1,6001,201,0.4
1,8001,201,0.4
1,10001,201,0.4
1,12001,201,0.4
1,14001,201,0.4
1,16001,201,0.4
1,18001,201,0.4
1,20001,201,0.4
1,22001,201,0.4
1,24001,201,0.4
1,26001,201,0.4
1,28001,201,0.4
1,30001,201,0.4
1,32001,201,0.4
1,34001,201,0.4
1,36001,201,0.4
1,38001,201,0.4
1,40001,201,0.4
1,42001,201,0.4
1,44001,201,0.4
1,46001,201,0.4
1,48001,201,0.4
1,50001,201,0.4
1,52001,201,0.4
1,54001,201,0.4
1,56001,201,0.4
1,58001,201,0.4
1,60001,201,0.4
1,62001,201,0.4
1,64001,201,0.4
1,65535,201,0.4
1,1,211,0.4
1,2001,211,0.4
1,4001,211,0.4
1,6001,211,0.4
1,8001,211,0.4
1,10001,211,0.4
1,12001,211,0.4
1,14001,211,0.4
1,16001,211,0.4
1,18001,211,0.4
1,20001,211,0.4
1,22001,211,0.4
1,24001,211,0.4
1,26001,211,0.4
1,28001,211,0.4
1,30001,211,0.4
1,32001,211,0.4
1,34001,211,0.4
1,36001,211,0.4
1,38001,211,0.4
1,40001,211,0.4
1,42001,211,0.4
1,44001,211,0.4
1,46001,211,0.4
1,48001,211,0.4
1,50001,211,0.4
1,52001,211,0.4
1,54001,211,0.4
1,56001,211,0.4
1,58001,211,0.4
1,60001,211,0.4
1,62001,211,0.4
1,64001,211,0.4
1,65535,211,0.4
1,1,221,0.4
1,2001,221,0.4
1,4001,221,0.4
1,6001,221,0.4
1,8001,221,0.4
1,10001,221,0.4
1,12001,221,0.4
1,14001,221,0.4
1,16001,221,0.4
1,18001,221,0.4
1,20001,221,0.4
1,22001,221,0.4
1,24001,221,0.4
1,26001,221,0.4
1,28001,221,0.4
1,30001,221,0.4
1,32001,221,0.4
1,34001,221,0.4
1,36001,221,0.4
1,38001,221,0.4
1,40001,221,0.4
1,42001,221,0.4
1,44001,221,0.4
1,46001,221,0.4
1,48001,221,0.4
1,50001,221,0.4
1,52001,221,0.4
1,54001,221,0.4
1,56001,221,0.4
1,58001,221,0.4
1,60001,221,0.4
1,62001,221,0.4
1,64001,221,0.4
1,65535,221,0.4
1,1,231,0.4
1,2001,231,0.4
1,4001,231,0.4
1,6001,231,0.4
1,8001,231,0.4
1,10001,231,0.4
1,12001,231,0.4
1,14001,231,0.4
1,16001,231,0.4
1,18001,231,0.4
1,20001,231,0.4
1,22001,231,0.4
1,24001,231,0.4
1,26001,231,0.4
1,28001,231,0.4
1,30001,231,0.4
1,32001,231,0.4
1,34001,231,0.4
1,36001,231,0.4
1,38001,231,0.4
1,40001,231,0.4
1,42001,231,0.4
1,44001,231,0.4
1,46001,231,0.4
1,48001,231,0.4
1,50001,231,0.4
1,52001,231,0.4
1,54001,231,0.4
1,56001,231,0.4
1,58001,231,0.4
1,60001,231,0.4
1,62001,231,0.4
1,64001,231,0.4
1,65535,231,0.4
1,1,241,0.4
1,2001,241,0.4
1,4001,241,0.4
1,6001,241,0.4
1,8001,241,0.4
1,10001,241,0.4
1,12001,241,0.4
1,14001,241,0.4
1,16001,241,0.4
1,18001,241,0.4
1,20001,241,0.4
1,22001,241,0.4
1,24001,241,0.4
1,26001,241,0.4
1,28001,241,0.4
1,30001,241,0.4
1,32001,241,0.4
1,34001,241,0.4
1,36001,241,0.4
1,38001,241,0.4
1,40001,241,0.4
1,42001,241,0.4
1,44001,241,0.4
1,46001,241,0.4
1,48001,241,0.4
1,50001,241,0.4
1,52001,241,0.4
1,54001,241,0.4
1,56001,241,0.4
1,58001,241,0.4
1,60001,241,0.4
1,62001,241,0.4
1,64001,241,0.4
1,65535,241,0.4
1,1,251,0.4
1,2001,251,0.4
1,4001,251,0.4
1,6001,251,0.4
1,8001,251,0.4
1,10001,251,0.4
1,12001,251,0.4
1,14001,251,0.4
1,16001,251,0.4
1,18001,251,0.4
1,20001,251,0.4
1,22001,251,0.4
1,24001,251,0.4
1,26001,251,0.4
1,28001,251,0.4
1,30001,251,0.4
1,32001,251,0.4
1,34001,251,0.4
1,36001,251,0.4
1,38001,251,0.4
1,40001,251,0.4
1,42001,251,0.4
1,44001,251,0.4
1,46001,251,0.4
1,48001,251,0.4
1,50001,251,0.4
1,52001,251,0.4
1,54001,251,0.4
1,56001,251,0.4
1,58001,251,0.4
1,60001,251,0.4
1,62001,251,0.4
1,64001,251,0.4
1,65535,251,0.4
1,1,254,0.4
1,2001,254,0.4
1,4001,254,0.4
1,6001,254,0.4
1,8001,254,0.4
1,10001,254,0.4
1,12001,254,0.4
1,14001,254,0.4
1,16001,254,0.4
1,18001,254,0.4
1,20001,254,0.4
1,22001,254,0.4
1,24001,254,0.4
1,26001,254,0.4
1,28001,254,0.4
1,30001,254,0.4
1,32001,254,0.4
1,34001,254,0.4
1,36001,254,0.4
1,38001,254,0.4
1,40001,254,0.4
1,42001,254,0.4
1,44001,254,0.4
1,46001,254,0.4
1,48001,254,0.4
1,50001,254,0.4
1,52001,254,0.4
1,54001,254,0.4
1,56001,254,0.4
1,58001,254,0.4
1,60001,254,0.4
1,62001,254,0.4
1,64001,254,0.4
1,65535,254,0.4
11,1,1,0.5
11,2001,1,0.5
11,4001,1,0.5
11,6001,1,0.5
11,8001,1,0.5
11,10001,1,0.5
11,12001,1,0.5
11,14001,1,0.5
11,16001,1,0.5
11,18001,1,0.5
11,20001,1,0.5
11,22001,1,0.5
11,24001,1,0.5
11,26001,1,0.5
11,28001,1,0.5
11,30001,1,0.5
11,32001,1,0.5
11,34001,1,0.5
11,36001,1,0.5
11,38001,1,0.5
11,40001,1,0.5
11,42001,1,0.5
11,44001,1,0.5
11,46001,1,0.5
11,48001,1,0.5
11,50001,1,0.5
11,52001,1,0.5
11,54001,1,0.5
11,56001,1,0.5
11,58001,1,0.5
11,60001,1,0.5
11,62001,1,0.5
11,64001,1,0.5
11,65535,1,0.5
11,1,11,0.5
11,2001,11,0.5
11,4001,11,0.5
11,6001,11,0.5
11,8001,11,0.5
11,10001,11,0.5
11,12001,11,0.5
11,14001,11,0.5
11,16001,11,0.5
11,18001,11,0.5
11,20001,11,0.5
11,22001,11,0.5
11,24001,11,0.5
11,26001,11,0.5
11,28001,11,0.5
11,30001,11,0.5
11,32001,11,0.5
11,34001,11,0.5
11,36001,11,0.5
11,38001,11,0.5
11,40001,11,0.5
11,42001,11,0.5
11,44001,11,0.5
11,46001,11,0.5
11,48001,11,0.5
11,50001,11,0.5
11,52001,11,0.5
11,54001,11,0.5
11,56001,11,0.5
11,58001,11,0.5
11,60001,11,0.5
11,62001,11,0.5
11,64001,11,0.5
11,65535,11,0.5
11,1,21,0.5
11,2001,21,0.5
11,4001,21,0.5
11,6001,21,0.5
11,8001,21,0.5
11,10001,21,0.5
11,12001,21,0.5
11,14001,21,0.5
11,16001,21,0.5
11,18001,21,0.5
11,20001,21,0.5
11,22001,21,0.5
11,24001,21,0.5
11,26001,21,0.5
11,28001,21,0.5
11,30001,21,0.5
11,32001,21,0.5
11,34001,21,0.5
11,36001,21,0.5
11,38001,21,0.5
11,40001,21,0.5
11,42001,21,0.5
11,44001,21,0.5
11,46001,21,0.5
11,48001,21,0.5
11,50001,21,0.5
11,52001,21,0.5
11,54001,21,0.5
11,56001,21,0.5
11,58001,21,0.5
11,60001,21,0.5
11,62001,21,0.5
11,64001,21,0.5
11,65535,21,0.5
11,1,31,0.5
11,2001,31,0.5
11,4001,31,0.5
11,6001,31,0.6
11,8001,31,0.5
11,10001,31,0.5
11,12001,31,0.6
11,14001,31,0.5
11,16001,31,0.5
11,18001,31,0.5
11,20001,31,0.5
11,22001,31,0.5
11,24001,31,0.5
11,26001,31,0.5
11,28001,31,0.5
11,30001,31,0.5
11,32001,31,0.5
11,34001,31,0.5
11,36001,31,0.5
11,38001,31,0.5
11,40001,31,0.5
11,42001,31,0.5
11,44001,31,0.5
11,46001,31,0.5
11,48001,31,0.5
11,50001,31,0.5
11,52001,31,0.5
11,54001,31,0.5
11,56001,31,0.5
11,58001,31,0.5
11,60001,31,0.5
11,62001,31,0.5
11,64001,31,0.5
11,65535,31,0.5
11,1,41,0.5
11,2001,41,0.5
11,4001,41,0.5
11,6001,41,0.5
11,8001,41,0.5
11,10001,41,0.5
11,12001,41,0.5
11,14001,41,0.5
11,16001,41,0.5
11,18001,41,0.5
11,20001,41,0.5
11,22001,41,0.5
11,24001,41,0.5
11,26001,41,0.5
11,28001,41,0.5
11,30001,41,0.5
11,32001,41,0.6
11,34001,41,0.5
11,36001,41,0.5
11,38001,41,0.5
11,40001,41,0.5
11,42001,41,0.5
11,44001,41,0.5
11,46001,41,0.5
11,48001,41,0.5
11,50001,41,0.5
11,52001,41,0.5
11,54001,41,0.5
11,56001,41,0.5
11,58001,41,0.5
11,60001,41,0.5
11,62001,41,0.5
11,64001,41,0.5
11,65535,41,0.5
11,1,51,0.5
11,2001,51,0.5
11,4001,51,0.5
11,6001,51,0.5
11,8001,51,0.5
11,10001,51,0.5
11,12001,51,0.5
11,14001,51,0.5
11,16001,51,0.5
11,18001,51,0.5
11,20001,51,0.5
11,22001,51,0.5
11,24001,51,0.5
11,26001,51,0.5
11,28001,51,0.5
11,30001,51,0.5
11,32001,51,0.5
11,34001,51,0.5
11,36001,51,0.5
11,38001,51,0.5
11,40001,51,0.5
11,42001,51,0.5
11,44001,51,0.5
11,46001,51,0.5
11,48001,51,0.5
11,50001,51,0.5
11,52001,51,0.5
11,54001,51,0.5
11,56001,51,0.5
11,58001,51,0.5
11,60001,51,0.5
11,62001,51,0.5
11,64001,51,0.5
11,65535,51,0.5
11,1,61,0.5
11,2001,61,0.5
11,4001,61,0.5
11,6001,61,0.5
11,8001,61,0.5
11,10001,61,0.5
11,12001,61,0.5
11,14001,61,0.5
11,16001,61,0.5
11,18001,61,0.5
11,20001,61,0.5
11,22001,61,0.5
11,24001,61,0.5
11,26001,61,0.5
11,28001,61,0.5
11,30001,61,0.5
11,32001,61,0.5
11,34001,61,0.5
11,36001,61,0.5
11,38001,61,0.5
11,40001,61,0.5
11,42001,61,0.5
11,44001,61,0.5
11,46001,61,0.5
11,48001,61,0.5
11,50001,61,0.5
11,52001,61,0.5
11,54001,61,0.5
11,56001,61,0.5
11,58001,61,0.5
11,60001,61,0.5
11,62001,61,0.5
11,64001,61,0.5
11,65535,61,0.5
11,1,71,0.5
11,2001,71,0.5
11,4001,71,0.5
11,6001,71,0.5
11,8001,71,0.5
11,10001,71,0.5
11,12001,71,0.5
11,14001,71,0.5
11,16001,71,0.5
11,18001,71,0.5
11,20001,71,0.5
11,22001,71,0.5
11,24001,71,0.5
11,26001,71,0.5
11,28001,71,0.5
11,30001,71,0.5
11,32001,71,0.5
11,34001,71,0.5
11,36001,71,0.5
11,38001,71,0.5
11,40001,71,0.5
11,42001,71,0.5
11,44001,71,0.5
11,46001,71,0.5
11,48001,71,0.5
11,50001,71,0.5
11,52001,71,0.5
11,54001,71,0.5
11,56001,71,0.5
11,58001,71,0.5
11,60001,71,0.5
11,62001,71,0.5
11,64001,71,0.5
11,65535,71,0.5
11,1,81,0.5
11,2001,81,0.5
11,4001,81,0.5
11,6001,81,0.5
11,8001,81,0.5
11,10001,81,0.5
11,12001,81,0.5
11,14001,81,0.5
11,16001,81,0.5
11,18001,81,0.5
11,20001,81,0.5
11,22001,81,0.5
11,24001,81,0.5
11,26001,81,0.5
11,28001,81,0.5
11,30001,81,0.5
11,32001,81,0.5
11,34001,81,0.5
11,36001,81,0.5
11,38001,81,0.5
11,40001,81,0.5
11,42001,81,0.5
11,44001,81,0.5
11,46001,81,0.5
11,48001,81,0.5
11,50001,81,0.5
11,52001,81,0.5
11,54001,81,0.5
11,56001,81,0.5
11,58001,81,0.5
11,60001,81,0.5
11,62001,81,0.5
11,64001,81,0.5
11,65535,81,0.5
11,1,91,0.5
11,2001,91,0.5
11,4001,91,0.5
11,6001,91,0.5
11,8001,91,0.5
11,10001,91,0.5
11,12001,91,0.5
11,14001,91,0.5
11,16001,91,0.5
11,18001,91,0.5
11,20001,91,0.5
11,22001,91,0.5
11,24001,91,0.5
11,26001,91,0.5
11,28001,91,0.5
11,30001,91,0.5
11,32001,91,0.5
11,34001,91,0.5
11,36001,91,0.5
11,38001,91,0.5
11,40001,91,0.5
11,42001,91,0.5
11,44001,91,0.5
11,46001,91,0.5
11,48001,91,0.5
11,50001,91,0.5
11,52001,91,0.5
11,54001,91,0.5
11,56001,91,0.5
11,58001,91,0.5
11,60001,91,0.5
11,62001,91,0.5
11,64001,91,0.5
11,65535,91,0.5
11,1,101,0.5
11,2001,101,0.5
11,4001,101,0.5
11,6001,101,0.5
11,8001,101,0.5
11,10001,101,0.5
11,12001,101,0.5
11,14001,101,0.5
11,16001,101,0.5
11,18001,101,0.5
11,20001,101,0.5
11,22001,101,0.5
11,24001,101,0.5
11,26001,101,0.5
11,28001,101,0.5
11,30001,101,0.5
11,32001,101,0.5
11,34001,101,0.5
11,36001,101,0.5
11,38001,101,0.5
11,40001,101,0.5
11,42001,101,0.5
11,44001,101,0.5
11,46001,101,0.5
11,48001,101,0.5
11,50001,101,0.5
11,52001,101,0.5
11,54001,101,0.6
11,56001,101,0.5
11,58001,101,0.5
11,60001,101,0.5
11,62001,101,0.5
11,64001,101,0.5
11,65535,101,0.5
11,1,111,0.5
11,2001,111,0.5
11,4001,111,0.5
11,6001,111,0.5
11,8001,111,0.5
11,10001,111,0.5
11,12001,111,0.5
11,14001,111,0.5
11,16001,111,0.5
11,18001,111,0.5
11,20001,111,0.5
11,22001,111,0.5
11,24001,111,0.5
11,26001,111,0.5
11,28001,111,0.5
11,30001,111,0.5
11,32001,111,0.5
11,34001,111,0.5
11,36001,111,0.5
11,38001,111,0.5
11,40001,111,0.5
11,42001,111,0.5
11,44001,111,0.6
11,46001,111,0.5
11,48001,111,0.5
11,50001,111,0.5
11,52001,111,0.5
11,54001,111,0.5
11,56001,111,0.5
11,58001,111,0.5
11,60001,111,0.6
11,62001,111,0.5
11,64001,111,0.5
11,65535,111,0.5
11,1,121,0.5
11,2001,121,0.5
11,4001,121,0.5
11,6001,121,0.5
11,8001,121,0.5
11,10001,121,0.5
11,12001,121,0.5
11,14001,121,0.5
11,16001,121,0.5
11,18001,121,0.5
11,20001,121,0.5
11,22001,121,0.5
11,24001,121,0.5
11,26001,121,0.5
11,28001,121,0.5
11,30001,121,0.5
11,32001,121,0.5
11,34001,121,0.5
11,36001,121,0.5
11,38001,121,0.5
11,40001,121,0.5
11,42001,121,0.5
11,44001,121,0.5
11,46001,121,0.5
11,48001,121,0.5
11,50001,121,0.5
11,52001,121,0.5
11,54001,121,0.5
11,56001,121,0.5
11,58001,121,0.5
11,60001,121,0.5
11,62001,121,0.5
11,64001,121,0.5
11,65535,121,0.5
11,1,131,0.5
11,2001,131,0.5
11,4001,131,0.5
11,6001,131,0.5
11,8001,131,0.5
11,10001,131,0.5
11,12001,131,0.5
11,14001,131,0.5
11,16001,131,0.5
11,18001,131,0.6
11,20001,131,0.5
11,22001,131,0.5
11,24001,131,0.5
11,26001,131,0.5
11,28001,131,0.5
11,30001,131,0.5
11,32001,131,0.5
11,34001,131,0.5
11,36001,131,0.5
11,38001,131,0.5
11,40001,131,0.5
11,42001,131,0.5
11,44001,131,0.5
11,46001,131,0.5
11,48001,131,0.5
11,50001,131,0.5
11,52001,131,0.5
11,54001,131,0.5
11,56001,131,0.5
11,58001,131,0.5
11,60001,131,0.5
11,62001,131,0.5
11,64001,131,0.5
11,65535,131,0.5
11,1,141,0.5
11,2001,141,0.5
11,4001,141,0.5
11,6001,141,0.5
11,8001,141,0.5
11,10001,141,0.5
11,12001,141,0.5
11,14001,141,0.5
11,16001,141,0.5
11,18001,141,0.5
11,20001,141,0.5
11,22001,141,0.5
11,24001,141,0.5
11,26001,141,0.5
11,28001,141,0.5
11,30001,141,0.5
11,32001,141,0.5
11,34001,141,0.5
11,36001,141,0.5
11,38001,141,0.5
11,40001,141,0.5
11,42001,141,0.5
11,44001,141,0.5
11,46001,141,0.5
11,48001,141,0.5
11,50001,141,0.5
11,52001,141,0.5
11,54001,141,0.5
11,56001,141,0.5
11,58001,141,0.5
11,60001,141,0.5
11,62001,141,0.5
11,64001,141,0.5
11,65535,141,0.5
11,1,151,0.5
11,2001,151,0.5
11,4001,151,0.5
11,6001,151,0.5
11,8001,151,0.5
11,10001,151,0.5
11,12001,151,0.5
11,14001,151,0.5
11,16001,151,0.5
11,18001,151,0.6
11,20001,151,0.5
11,22001,151,0.5
11,24001,151,0.5
11,26001,151,0.5
11,28001,151,0.5
11,30001,151,0.5
11,32001,151,0.5
11,34001,151,0.5
11,36001,151,0.5
11,38001,151,0.5
11,40001,151,0.5
11,42001,151,0.5
11,44001,151,0.5
11,46001,151,0.5
11,48001,151,0.5
11,50001,151,0.5
11,52001,151,0.5
11,54001,151,0.5
11,56001,151,0.5
11,58001,151,0.5
11,60001,151,0.5
11,62001,151,0.5
11,64001,151,0.5
11,65535,151,0.5
11,1,161,0.5
11,2001,161,0.5
11,4001,161,0.5
11,6001,161,0.5
11,8001,161,0.6
11,10001,161,0.5
11,12001,161,0.5
11,14001,161,0.5
11,16001,161,0.5
11,18001,161,0.5
11,20001,161,0.5
11,22001,161,0.5
11,24001,161,0.5
11,26001,161,0.5
11,28001,161,0.5
11,30001,161,0.5
11,32001,161,0.5
11,34001,161,0.5
11,36001,161,0.5
11,38001,161,0.5
11,40001,161,0.5
11,42001,161,0.5
11,44001,161,0.5
11,46001,161,0.5
11,48001,161,0.5
11,50001,161,0.5
11,52001,161,0.5
11,54001,161,0.5
11,56001,161,0.5
11,58001,161,0.5
11,60001,161,0.5
11,62001,161,0.5
11,64001,161,0.5
11,65535,161,0.5
11,1,171,0.5
11,2001,171,0.5
11,4001,171,0.5
11,6001,171,0.5
11,8001,171,0.5
11,10001,171,0.5
11,12001,171,0.5
11,14001,171,0.5
11,16001,171,0.5
11,18001,171,0.5
11,20001,171,0.5
11,22001,171,0.5
11,24001,171,0.5
11,26001,171,0.5
11,28001,171,0.5
11,30001,171,0.5
11,32001,171,0.5
11,34001,171,0.5
11,36001,171,0.5
11,38001,171,0.5
11,40001,171,0.5
11,42001,171,0.5
11,44001,171,0.5
11,46001,171,0.5
11,48001,171,0.5
11,50001,171,0.5
11,52001,171,0.5
11,54001,171,0.5
11,56001,171,0.5
11,58001,171,0.5
11,60001,171,0.5
11,62001,171,0.5
11,64001,171,0.5
11,65535,171,0.5
11,1,181,0.5
11,2001,181,0.5
11,4001,181,0.5
11,6001,181,0.5
11,8001,181,0.5
11,10001,181,0.5
11,12001,181,0.5
11,14001,181,0.5
11,16001,181,0.5
11,18001,181,0.5
11,20001,181,0.5
11,22001,181,0.5
11,24001,181,0.5
11,26001,181,0.5
11,28001,181,0.5
11,30001,181,0.5
11,32001,181,0.5
11,34001,181,0.5
11,36001,181,0.5
11,38001,181,0.5
11,40001,181,0.5
11,42001,181,0.5
11,44001,181,0.5
11,46001,181,0.5
11,48001,181,0.5
11,50001,181,0.5
11,52001,181,0.5
11,54001,181,0.5
11,56001,181,0.5
11,58001,181,0.5
11,60001,181,0.5
11,62001,181,0.5
11,64001,181,0.5
11,65535,181,0.5
11,1,191,0.5
11,2001,191,0.5
11,4001,191,0.5
11,6001,191,0.5
11,8001,191,0.5
11,10001,191,0.5
11,12001,191,0.5
11,14001,191,0.5
11,16001,191,0.5
11,18001,191,0.5
11,20001,191,0.5
11,22001,191,0.5
11,24001,191,0.5
11,26001,191,0.5
11,28001,191,0.5
11,30001,191,0.5
11,32001,191,0.5
11,34001,191,0.5
11,36001,191,0.5
11,38001,191,0.5
11,40001,191,0.5
11,42001,191,0.5
11,44001,191,0.5
11,46001,191,0.5
11,48001,191,0.6
11,50001,191,0.5
11,52001,191,0.5
11,54001,191,0.5
11,56001,191,0.5
11,58001,191,0.5
11,60001,191,0.5
11,62001,191,0.5
11,64001,191,0.5
11,65535,191,0.5
11,1,201,0.5
11,2001,201,0.5
11,4001,201,0.5
11,6001,201,0.5
11,8001,201,0.5
11,10001,201,0.5
11,12001,201,0.5
11,14001,201,0.5
11,16001,201,0.5
11,18001,201,0.5
11,20001,201,0.5
11,22001,201,0.5
11,24001,201,0.5
11,26001,201,0.5
11,28001,201,0.5
11,30001,201,0.5
11,32001,201,0.5
11,34001,201,0.5
11,36001,201,0.5
11,38001,201,0.5
11,40001,201,0.5
11,42001,201,0.5
11,44001,201,0.5
11,46001,201,0.5
11,48001,201,0.5
11,50001,201,0.5
11,52001,201,0.5
11,54001,201,0.5
11,56001,201,0.5
11,58001,201,0.5
11,60001,201,0.5
11,62001,201,0.5
11,64001,201,0.5
11,65535,201,0.5
11,1,211,0.5
11,2001,211,0.5
11,4001,211,0.5
11,6001,211,0.5
11,8001,211,0.5
11,10001,211,0.5
11,12001,211,0.5
11,14001,211,0.6
11,16001,211,0.5
11,18001,211,0.5
11,20001,211,0.5
11,22001,211,0.5
11,24001,211,0.5
11,26001,211,0.5
11,28001,211,0.5
11,30001,211,0.5
11,32001,211,0.5
11,34001,211,0.5
11,36001,211,0.5
11,38001,211,0.5
11,40001,211,0.5
11,42001,211,0.5
11,44001,211,0.5
11,46001,211,0.5
11,48001,211,0.5
11,50001,211,0.5
11,52001,211,0.5
11,54001,211,0.5
11,56001,211,0.5
11,58001,211,0.5
11,60001,211,0.5
11,62001,211,0.5
11,64001,211,0.5
11,65535,211,0.5
11,1,221,0.5
11,2001,221,0.5
11,4001,221,0.5
11,6001,221,0.5
11,8001,221,0.5
11,10001,221,0.5
11,12001,221,0.5
11,14001,221,0.5
11,16001,221,0.5
11,18001,221,0.5
11,20001,221,0.5
11,22001,221,0.5
11,24001,221,0.5
11,26001,221,0.5
11,28001,221,0.5
11,30001,221,0.5
11,32001,221,0.5
11,34001,221,0.5
11,36001,221,0.5
11,38001,221,0.5
11,40001,221,0.5
11,42001,221,0.5
11,44001,221,0.5
11,46001,221,0.5
11,48001,221,0.5
11,50001,221,0.5
11,52001,221,0.5
11,54001,221,0.5
11,56001,221,0.5
11,58001,221,0.5
11,60001,221,0.5
11,62001,221,0.5
11,64001,221,0.5
11,65535,221,0.5
11,1,231,0.5
11,2001,231,0.5
11,4001,231,0.5
11,6001,231,0.5
11,8001,231,0.5
11,10001,231,0.5
11,12001,231,0.5
11,14001,231,0.5
11,16001,231,0.5
11,18001,231,0.5
11,20001,231,0.5
11,22001,231,0.5
11,24001,231,0.5
11,26001,231,0.5
11,28001,231,0.5
11,30001,231,0.5
11,32001,231,0.5
11,34001,231,0.5
11,36001,231,0.5
11,38001,231,0.5
11,40001,231,0.5
11,42001,231,0.5
11,44001,231,0.5
11,46001,231,0.5
11,48001,231,0.5
11,50001,231,0.5
11,52001,231,0.5
11,54001,231,0.5
11,56001,231,0.5
11,58001,231,0.5
11,60001,231,0.5
11,62001,231,0.5
11,64001,231,0.5
11,65535,231,0.5
11,1,241,0.5
11,2001,241,0.5
11,4001,241,0.5
11,6001,241,0.5
11,8001,241,0.5
11,10001,241,0.5
11,12001,241,0.5
11,14001,241,0.5
11,16001,241,0.5
11,18001,241,0.5
11,20001,241,0.5
11,22001,241,0.5
11,24001,241,0.5
11,26001,241,0.5
11,28001,241,0.5
11,30001,241,0.5
11,32001,241,0.5
11,34001,241,0.5
11,36001,241,0.5
11,38001,241,0.5
11,40001,241,0.5
11,42001,241,0.5
11,44001,241,0.5
11,46001,241,0.5
11,48001,241,0.5
11,50001,241,0.5
11,52001,241,0.5
11,54001,241,0.5
11,56001,241,0.5
11,58001,241,0.5
11,60001,241,0.5
11,62001,241,0.5
11,64001,241,0.5
11,65535,241,0.5
11,1,251,0.5
11,2001,251,0.5
11,4001,251,0.5
11,6001,251,0.5
11,8001,251,0.5
11,10001,251,0.5
11,12001,251,0.5
11,14001,251,0.5
11,16001,251,0.5
11,18001,251,0.5
11,20001,251,0.5
11,22001,251,0.5
11,24001,251,0.5
11,26001,251,0.5
11,28001,251,0.5
11,30001,251,0.5
11,32001,251,0.5
11,34001,251,0.5
11,36001,251,0.5
11,38001,251,0.5
11,40001,251,0.5
11,42001,251,0.5
11,44001,251,0.5
11,46001,251,0.5
11,48001,251,0.5
11,50001,251,0.5
11,52001,251,0.5
11,54001,251,0.5
11,56001,251,0.5
11,58001,251,0.5
11,60001,251,0.5
11,62001,251,0.5
11,64001,251,0.5
11,65535,251,0.5
11,1,254,0.5
11,2001,254,0.5
11,4001,254,0.5
11,6001,254,0.5
11,8001,254,0.5
11,10001,254,0.5
11,12001,254,0.5
11,14001,254,0.5
11,16001,254,0.5
11,18001,254,0.5
11,20001,254,0.5
11,22001,254,0.5
11,24001,254,0.5
11,26001,254,0.5
11,28001,254,0.5
11,30001,254,0.5
11,32001,254,0.5
11,34001,254,0.5
11,36001,254,0.5
11,38001,254,0.5
11,40001,254,0.5
11,42001,254,0.5
11,44001,254,0.5
11,46001,254,0.5
11,48001,254,0.5
11,50001,254,0.5
11,52001,254,0.5
11,54001,254,0.5
11,56001,254,0.5
11,58001,254,0.5
11,60001,254,0.5
11,62001,254,0.5
11,64001,254,0.5
11,65535,254,0.5
21,1,1,0.5
21,2001,1,0.5
21,4001,1,0.5
21,6001,1,0.6
21,8001,1,0.5
21,10001,1,0.5
21,12001,1,0.5
21,14001,1,0.5
21,16001,1,0.6
21,18001,1,0.5
21,20001,1,0.5
21,22001,1,0.5
21,24001,1,0.5
21,26001,1,0.5
21,28001,1,0.6
21,30001,1,0.5
21,32001,1,0.5
21,34001,1,0.5
21,36001,1,0.5
21,38001,1,0.5
21,40001,1,0.5
21,42001,1,0.5
21,44001,1,0.5
21,46001,1,0.5
21,48001,1,0.5
21,50001,1,0.5
21,52001,1,0.5
21,54001,1,0.5
21,56001,1,0.6
21,58001,1,0.5
21,60001,1,0.5
21,62001,1,0.5
21,64001,1,0.6
21,65535,1,0.5
21,1,11,0.6
21,2001,11,0.5
21,4001,11,0.6
21,6001,11,0.6
21,8001,11,0.6
21,10001,11,0.5
21,12001,11,0.5
21,14001,11,0.5
21,16001,11,0.6
21,18001,11,0.5
21,20001,11,0.5
21,22001,11,0.5
21,24001,11,0.5
21,26001,11,0.5
21,28001,11,0.5
21,30001,11,0.5
21,32001,11,0.5
21,34001,11,0.6
21,36001,11,0.6
21,38001,11,0.5
21,40001,11,0.6
21,42001,11,0.5
21,44001,11,0.5
21,46001,11,0.6
21,48001,11,0.5
21,50001,11,0.5
21,52001,11,0.5
21,54001,11,0.6
21,56001,11,0.5
21,58001,11,0.6
21,60001,11,0.6
21,62001,11,0.6
21,64001,11,0.5
21,65535,11,0.6
21,1,21,0.5
21,2001,21,0.5
21,4001,21,0.5
21,6001,21,0.5
21,8001,21,0.5
21,10001,21,0.5
21,12001,21,0.5
21,14001,21,0.6
21,16001,21,0.5
21,18001,21,0.5
21,20001,21,0.6
21,22001,21,0.5
21,24001,21,0.5
21,26001,21,0.6
21,28001,21,0.5
21,30001,21,0.5
21,32001,21,0.6
21,34001,21,0.5
21,36001,21,0.5
21,38001,21,0.5
21,40001,21,0.5
21,42001,21,0.5
21,44001,21,0.5
21,46001,21,0.5
21,48001,21,0.6
21,50001,21,0.5
21,52001,21,0.5
21,54001,21,0.5
21,56001,21,0.5
21,58001,21,0.5
21,60001,21,0.5
21,62001,21,0.5
21,64001,21,0.5
21,65535,21,0.5
21,1,31,0.6
21,2001,31,0.6
21,4001,31,0.5
21,6001,31,0.5
21,8001,31,0.5
21,10001,31,0.5
21,12001,31,0.5
21,14001,31,0.6
21,16001,31,0.5
21,18001,31,0.6
21,20001,31,0.6
21,22001,31,0.5
21,24001,31,0.5
21,26001,31,0.5
21,28001,31,0.5
21,30001,31,0.5
21,32001,31,0.6
21,34001,31,0.5
21,36001,31,0.6
21,38001,31,0.5
21,40001,31,0.5
21,42001,31,0.6
21,44001,31,0.5
21,46001,31,0.6
21,48001,31,0.5
21,50001,31,0.5
21,52001,31,0.6
21,54001,31,0.5
21,56001,31,0.6
21,58001,31,0.6
21,60001,31,0.5
21,62001,31,0.6
21,64001,31,0.5
21,65535,31,0.5
21,1,41,0.5
21,2001,41,0.5
21,4001,41,0.5
21,6001,41,0.5
21,8001,41,0.5
21,10001,41,0.5
21,12001,41,0.5
21,14001,41,0.6
21,16001,41,0.5
21,18001,41,0.6
21,20001,41,0.5
21,22001,41,0.6
21,24001,41,0.5
21,26001,41,0.5
21,28001,41,0.5
21,30001,41,0.6
21,32001,41,0.5
21,34001,41,0.5
21,36001,41,0.5
21,38001,41,0.6
21,40001,41,0.5
21,42001,41,0.6
21,44001,41,0.5
21,46001,41,0.5
21,48001,41,0.5
21,50001,41,0.5
21,52001,41,0.6
21,54001,41,0.6
21,56001,41,0.5
21,58001,41,0.5
21,60001,41,0.5
21,62001,41,0.5
21,64001,41,0.5
21,65535,41,0.6
21,1,51,0.5
21,2001,51,0.6
21,4001,51,0.6
21,6001,51,0.5
21,8001,51,0.5
21,10001,51,0.5
21,12001,51,0.6
21,14001,51,0.5
21,16001,51,0.6
21,18001,51,0.5
21,20001,51,0.6
21,22001,51,0.6
21,24001,51,0.6
21,26001,51,0.5
21,28001,51,0.5
21,30001,51,0.5
21,32001,51,0.6
21,34001,51,0.5
21,36001,51,0.5
21,38001,51,0.5
21,40001,51,0.6
21,42001,51,0.5
21,44001,51,0.5
21,46001,51,0.5
21,48001,51,0.5
21,50001,51,0.5
21,52001,51,0.5
21,54001,51,0.5
21,56001,51,0.5
21,58001,51,0.5
21,60001,51,0.5
21,62001,51,0.5
21,64001,51,0.5
21,65535,51,0.5
21,1,61,0.5
21,2001,61,0.6
21,4001,61,0.5
21,6001,61,0.5
21,8001,61,0.5
21,10001,61,0.6
21,12001,61,0.6
21,14001,61,0.5
21,16001,61,0.5
21,18001,61,0.6
21,20001,61,0.5
21,22001,61,0.5
21,24001,61,0.6
21,26001,61,0.6
21,28001,61,0.5
21,30001,61,0.6
21,32001,61,0.5
21,34001,61,0.5
21,36001,61,0.5
21,38001,61,0.5
21,40001,61,0.5
21,42001,61,0.5
21,44001,61,0.5
21,46001,61,0.5
21,48001,61,0.6
21,50001,61,0.5
21,52001,61,0.6
21,54001,61,0.5
21,56001,61,0.5
21,58001,61,0.6
21,60001,61,0.6
21,62001,61,0.5
21,64001,61,0.6
21,65535,61,0.5
21,1,71,0.5
21,2001,71,0.5
21,4001,71,0.5
21,6001,71,0.5
21,8001,71,0.5
21,10001,71,0.5
21,12001,71,0.6
21,14001,71,0.5
21,16001,71,0.5
21,18001,71,0.5
21,20001,71,0.5
21,22001,71,0.6
21,24001,71,0.5
21,26001,71,0.5
21,28001,71,0.5
21,30001,71,0.5
21,32001,71,0.6
21,34001,71,0.5
21,36001,71,0.5
21,38001,71,0.6
21,40001,71,0.5
21,42001,71,0.5
21,44001,71,0.6
21,46001,71,0.5
21,48001,71,0.5
21,50001,71,0.5
21,52001,71,0.6
21,54001,71,0.5
21,56001,71,0.6
21,58001,71,0.5
21,60001,71,0.5
21,62001,71,0.5
21,64001,71,0.5
21,65535,71,0.5
21,1,81,0.5
21,2001,81,0.5
21,4001,81,0.5
21,6001,81,0.5
21,8001,81,0.5
21,10001,81,0.6
21,12001,81,0.6
21,14001,81,0.5
21,16001,81,0.5
21,18001,81,0.6
21,20001,81,0.5
21,22001,81,0.6
21,24001,81,0.5
21,26001,81,0.5
21,28001,81,0.5
21,30001,81,0.6
21,32001,81,0.5
21,34001,81,0.5
21,36001,81,0.6
21,38001,81,0.6
21,40001,81,0.6
21,42001,81,0.5
21,44001,81,0.5
21,46001,81,0.5
21,48001,81,0.6
21,50001,81,0.5
21,52001,81,0.5
21,54001,81,0.5
21,56001,81,0.5
21,58001,81,0.6
21,60001,81,0.5
21,62001,81,0.5
21,64001,81,0.5
21,65535,81,0.5
21,1,91,0.5
21,2001,91,0.5
21,4001,91,0.5
21,6001,91,0.5
21,8001,91,0.5
21,10001,91,0.5
21,12001,91,0.5
21,14001,91,0.6
21,16001,91,0.5
21,18001,91,0.6
21,20001,91,0.5
21,22001,91,0.6
21,24001,91,0.5
21,26001,91,0.5
21,28001,91,0.5
21,30001,91,0.5
21,32001,91,0.5
21,34001,91,0.6
21,36001,91,0.6
21,38001,91,0.5
21,40001,91,0.5
21,42001,91,0.5
21,44001,91,0.5
21,46001,91,0.6
21,48001,91,0.6
21,50001,91,0.5
21,52001,91,0.6
21,54001,91,0.5
21,56001,91,0.6
21,58001,91,0.5
21,60001,91,0.5
21,62001,91,0.6
21,64001,91,0.6
21,65535,91,0.5
21,1,101,0.6
21,2001,101,0.5
21,4001,101,0.5
21,6001,101,0.5
21,8001,101,0.5
21,10001,101,0.5
21,12001,101,0.5
21,14001,101,0.5
21,16001,101,0.5
21,18001,101,0.5
21,20001,101,0.5
21,22001,101,0.5
21,24001,101,0.5
21,26001,101,0.5
21,28001,101,0.5
21,30001,101,0.6
21,32001,101,0.5
21,34001,101,0.5
21,36001,101,0.5
21,38001,101,0.6
21,40001,101,0.6
21,42001,101,0.5
21,44001,101,0.5
21,46001,101,0.5
21,48001,101,0.5
21,50001,101,0.5
21,52001,101,0.5
21,54001,101,0.5
21,56001,101,0.5
21,58001,101,0.5
21,60001,101,0.5
21,62001,101,0.5
21,64001,101,0.5
21,65535,101,0.6
21,1,111,0.5
21,2001,111,0.5
21,4001,111,0.5
21,6001,111,0.5
21,8001,111,0.5
21,10001,111,0.5
21,12001,111,0.5
21,14001,111,0.6
21,16001,111,0.5
21,18001,111,0.5
21,20001,111,0.5
21,22001,111,0.5
21,24001,111,0.5
21,26001,111,0.5
21,28001,111,0.6
21,30001,111,0.5
21,32001,111,0.5
21,34001,111,0.5
21,36001,111,0.5
21,38001,111,0.5
21,40001,111,0.6
21,42001,111,0.5
21,44001,111,0.5
21,46001,111,0.5
21,48001,111,0.5
21,50001,111,0.5
21,52001,111,0.5
21,54001,111,0.5
21,56001,111,0.5
21,58001,111,0.5
21,60001,111,0.5
21,62001,111,0.5
21,64001,111,0.6
21,65535,111,0.5
21,1,121,0.5
21,2001,121,0.6
21,4001,121,0.5
21,6001,121,0.5
21,8001,121,0.5
21,10001,121,0.6
21,12001,121,0.5
21,14001,121,0.5
21,16001,121,0.5
21,18001,121,0.5
21,20001,121,0.5
21,22001,121,0.5
21,24001,121,0.6
21,26001,121,0.6
21,28001,121,0.5
21,30001,121,0.5
21,32001,121,0.5
21,34001,121,0.6
21,36001,121,0.5
21,38001,121,0.5
21,40001,121,0.6
21,42001,121,0.5
21,44001,121,0.6
21,46001,121,0.5
21,48001,121,0.5
21,50001,121,0.5
21,52001,121,0.5
21,54001,121,0.5
21,56001,121,0.5
21,58001,121,0.5
21,60001,121,0.5
21,62001,121,0.5
21,64001,121,0.5
21,65535,121,0.5
21,1,131,0.5
21,2001,131,0.5
21,4001,131,0.5
21,6001,131,0.6
21,8001,131,0.5
21,10001,131,0.5
21,12001,131,0.5
21,14001,131,0.5
21,16001,131,0.5
21,18001,131,0.5
21,20001,131,0.5
21,22001,131,0.5
21,24001,131,0.5
21,26001,131,0.5
21,28001,131,0.6
21,30001,131,0.5
21,32001,131,0.6
21,34001,131,0.5
21,36001,131,0.5
21,38001,131,0.5
21,40001,131,0.5
21,42001,131,0.5
21,44001,131,0.5
21,46001,131,0.6
21,48001,131,0.5
21,50001,131,0.5
21,52001,131,0.5
21,54001,131,0.5
21,56001,131,0.6
21,58001,131,0.5
21,60001,131,0.6
21,62001,131,0.5
21,64001,131,0.5
21,65535,131,0.5
21,1,141,0.5
21,2001,141,0.5
21,4001,141,0.5
21,6001,141,0.5
21,8001,141,0.5
21,10001,141,0.5
21,12001,141,0.5
21,14001,141,0.5
21,16001,141,0.5
21,18001,141,0.6
21,20001,141,0.5
21,22001,141,0.5
21,24001,141,0.6
21,26001,141,0.5
21,28001,141,0.5
21,30001,141,0.5
21,32001,141,0.5
21,34001,141,0.5
21,36001,141,0.6
21,38001,141,0.5
21,40001,141,0.5
21,42001,141,0.5
21,44001,141,0.5
21,46001,141,0.5
21,48001,141,0.5
21,50001,141,0.6
21,52001,141,0.5
21,54001,141,0.6
21,56001,141,0.5
21,58001,141,0.5
21,60001,141,0.5
21,62001,141,0.6
21,64001,141,0.5
21,65535,141,0.5
21,1,151,0.5
21,2001,151,0.5
21,4001,151,0.5
21,6001,151,0.6
21,8001,151,0.5
21,10001,151,0.5
21,12001,151,0.5
21,14001,151,0.5
21,16001,151,0.5
21,18001,151,0.5
21,20001,151,0.6
21,22001,151,0.5
21,24001,151,0.5
21,26001,151,0.5
21,28001,151,0.5
21,30001,151,0.5
21,32001,151,0.5
21,34001,151,0.5
21,36001,151,0.6
21,38001,151,0.5
21,40001,151,0.5
21,42001,151,0.5
21,44001,151,0.5
21,46001,151,0.5
21,48001,151,0.5
21,50001,151,0.5
21,52001,151,0.6
21,54001,151,0.5
21,56001,151,0.6
21,58001,151,0.6
21,60001,151,0.5
21,62001,151,0.5
21,64001,151,0.5
21,65535,151,0.5
21,1,161,0.6
21,2001,161,0.5
21,4001,161,0.5
21,6001,161,0.5
21,8001,161,0.5
21,10001,161,0.5
21,12001,161,0.5
21,14001,161,0.5
21,16001,161,0.5
21,18001,161,0.5
21,20001,161,0.5
21,22001,161,0.5
21,24001,161,0.5
21,26001,161,0.5
21,28001,161,0.5
21,30001,161,0.5
21,32001,161,0.5
21,34001,161,0.5
21,36001,161,0.5
21,38001,161,0.5
21,40001,161,0.5
21,42001,161,0.6
21,44001,161,0.5
21,46001,161,0.5
21,48001,161,0.5
21,50001,161,0.5
21,52001,161,0.5
21,54001,161,0.5
21,56001,161,0.5
21,58001,161,0.5
21,60001,161,0.5
21,62001,161,0.5
21,64001,161,0.5
21,65535,161,0.5
21,1,171,0.5
21,2001,171,0.5
21,4001,171,0.5
21,6001,171,0.5
21,8001,171,0.5
21,10001,171,0.5
21,12001,171,0.6
21,14001,171,0.6
21,16001,171,0.5
21,18001,171,0.6
21,20001,171,0.5
21,22001,171,0.5
21,24001,171,0.5
21,26001,171,0.5
21,28001,171,0.5
21,30001,171,0.5
21,32001,171,0.5
21,34001,171,0.5
21,36001,171,0.5
21,38001,171,0.6
21,40001,171,0.6
21,42001,171,0.5
21,44001,171,0.5
21,46001,171,0.5
21,48001,171,0.5
21,50001,171,0.6
21,52001,171,0.5
21,54001,171,0.5
21,56001,171,0.5
21,58001,171,0.6
21,60001,171,0.5
21,62001,171,0.6
21,64001,171,0.5
21,65535,171,0.5
21,1,181,0.5
21,2001,181,0.5
21,4001,181,0.5
21,6001,181,0.6
21,8001,181,0.5
21,10001,181,0.5
21,12001,181,0.5
21,14001,181,0.5
21,16001,181,0.5
21,18001,181,0.5
21,20001,181,0.5
21,22001,181,0.6
21,24001,181,0.5
21,26001,181,0.5
21,28001,181,0.5
21,30001,181,0.5
21,32001,181,0.5
21,34001,181,0.5
21,36001,181,0.5
21,38001,181,0.5
21,40001,181,0.5
21,42001,181,0.5
21,44001,181,0.5
21,46001,181,0.5
21,48001,181,0.5
21,50001,181,0.5
21,52001,181,0.5
21,54001,181,0.5
21,56001,181,0.5
21,58001,181,0.5
21,60001,181,0.5
21,62001,181,0.6
21,64001,181,0.5
21,65535,181,0.5
21,1,191,0.5
21,2001,191,0.5
21,4001,191,0.5
21,6001,191,0.6
21,8001,191,0.5
21,10001,191,0.5
21,12001,191,0.5
21,14001,191,0.5
21,16001,191,0.5
21,18001,191,0.5
21,20001,191,0.5
21,22001,191,0.5
21,24001,191,0.5
21,26001,191,0.5
21,28001,191,0.5
21,30001,191,0.5
21,32001,191,0.5
21,34001,191,0.5
21,36001,191,0.5
21,38001,191,0.5
21,40001,191,0.5
21,42001,191,0.5
21,44001,191,0.6
21,46001,191,0.6
21,48001,191,0.5
21,50001,191,0.5
21,52001,191,0.5
21,54001,191,0.5
21,56001,191,0.5
21,58001,191,0.6
21,60001,191,0.5
21,62001,191,0.5
21,64001,191,0.5
21,65535,191,0.5
21,1,201,0.5
21,2001,201,0.5
21,4001,201,0.6
21,6001,201,0.5
21,8001,201,0.5
21,10001,201,0.5
21,12001,201,0.5
21,14001,201,0.6
21,16001,201,0.5
21,18001,201,0.5
21,20001,201,0.5
21,22001,201,0.6
21,24001,201,0.5
21,26001,201,0.5
21,28001,201,0.6
21,30001,201,0.6
21,32001,201,0.5
21,34001,201,0.6
21,36001,201,0.5
21,38001,201,0.6
21,40001,201,0.5
21,42001,201,0.5
21,44001,201,0.5
21,46001,201,0.6
21,48001,201,0.5
21,50001,201,0.6
21,52001,201,0.5
21,54001,201,0.6
21,56001,201,0.5
21,58001,201,0.5
21,60001,201,0.5
21,62001,201,0.5
21,64001,201,0.5
21,65535,201,0.5
21,1,211,0.5
21,2001,211,0.5
21,4001,211,0.5
21,6001,211,0.5
21,8001,211,0.5
21,10001,211,0.5
21,12001,211,0.5
21,14001,211,0.5
21,16001,211,0.5
21,18001,211,0.6
21,20001,211,0.5
21,22001,211,0.5
21,24001,211,0.5
21,26001,211,0.5
21,28001,211,0.5
21,30001,211,0.5
21,32001,211,0.5
21,34001,211,0.5
21,36001,211,0.5
21,38001,211,0.6
21,40001,211,0.6
21,42001,211,0.5
21,44001,211,0.5
21,46001,211,0.6
21,48001,211,0.6
21,50001,211,0.5
21,52001,211,0.5
21,54001,211,0.5
21,56001,211,0.6
21,58001,211,0.6
21,60001,211,0.5
21,62001,211,0.5
21,64001,211,0.5
21,65535,211,0.5
21,1,221,0.5
21,2001,221,0.5
21,4001,221,0.5
21,6001,221,0.5
21,8001,221,0.5
21,10001,221,0.5
21,12001,221,0.6
21,14001,221,0.6
21,16001,221,0.5
21,18001,221,0.5
21,20001,221,0.6
21,22001,221,0.5
21,24001,221,0.5
21,26001,221,0.5
21,28001,221,0.5
21,30001,221,0.5
21,32001,221,0.6
21,34001,221,0.5
21,36001,221,0.5
21,38001,221,0.5
21,40001,221,0.5
21,42001,221,0.5
21,44001,221,0.5
21,46001,221,0.5
21,48001,221,0.5
21,50001,221,0.5
21,52001,221,0.5
21,54001,221,0.5
21,56001,221,0.5
21,58001,221,0.5
21,60001,221,0.5
21,62001,221,0.5
21,64001,221,0.5
21,65535,221,0.5
21,1,231,0.5
21,2001,231,0.5
21,4001,231,0.5
21,6001,231,0.6
21,8001,231,0.5
21,10001,231,0.5
21,12001,231,0.5
21,14001,231,0.6
21,16001,231,0.5
21,18001,231,0.5
21,20001,231,0.6
21,22001,231,0.5
21,24001,231,0.5
21,26001,231,0.5
21,28001,231,0.5
21,30001,231,0.5
21,32001,231,0.5
21,34001,231,0.5
21,36001,231,0.6
21,38001,231,0.6
21,40001,231,0.5
21,42001,231,0.5
21,44001,231,0.5
21,46001,231,0.5
21,48001,231,0.5
21,50001,231,0.5
21,52001,231,0.5
21,54001,231,0.5
21,56001,231,0.5
21,58001,231,0.5
21,60001,231,0.5
21,62001,231,0.5
21,64001,231,0.5
21,65535,231,0.5
21,1,241,0.5
21,2001,241,0.5
21,4001,241,0.5
21,6001,241,0.5
21,8001,241,0.5
21,10001,241,0.5
21,12001,241,0.5
21,14001,241,0.5
21,16001,241,0.5
21,18001,241,0.5
21,20001,241,0.5
21,22001,241,0.5
21,24001,241,0.5
21,26001,241,0.5
21,28001,241,0.5
21,30001,241,0.5
21,32001,241,0.5
21,34001,241,0.6
21,36001,241,0.5
21,38001,241,0.5
21,40001,241,0.5
21,42001,241,0.6
21,44001,241,0.6
21,46001,241,0.5
21,48001,241,0.5
21,50001,241,0.5
21,52001,241,0.6
21,54001,241,0.6
21,56001,241,0.5
21,58001,241,0.5
21,60001,241,0.5
21,62001,241,0.5
21,64001,241,0.5
21,65535,241,0.5
21,1,251,0.5
21,2001,251,0.5
21,4001,251,0.5
21,6001,251,0.5
21,8001,251,0.5
21,10001,251,0.5
21,12001,251,0.5
21,14001,251,0.5
21,16001,251,0.6
21,18001,251,0.5
21,20001,251,0.5
21,22001,251,0.5
21,24001,251,0.5
21,26001,251,0.5
21,28001,251,0.5
21,30001,251,0.6
21,32001,251,0.5
21,34001,251,0.5
21,36001,251,0.5
21,38001,251,0.5
21,40001,251,0.5
21,42001,251,0.5
21,44001,251,0.5
21,46001,251,0.5
21,48001,251,0.5
21,50001,251,0.5
21,52001,251,0.5
21,54001,251,0.5
21,56001,251,0.5
21,58001,251,0.5
21,60001,251,0.5
21,62001,251,0.5
21,64001,251,0.5
21,65535,251,0.5
21,1,254,0.5
21,2001,254,0.5
21,4001,254,0.5
21,6001,254,0.5
21,8001,254,0.5
21,10001,254,0.6
21,12001,254,0.5
21,14001,254,0.5
21,16001,254,0.5
21,18001,254,0.5
21,20001,254,0.5
21,22001,254,0.5
21,24001,254,0.5
21,26001,254,0.5
21,28001,254,0.5
21,30001,254,0.5
21,32001,254,0.6
21,34001,254,0.5
21,36001,254,0.6
21,38001,254,0.5
21,40001,254,0.5
21,42001,254,0.5
21,44001,254,0.5
21,46001,254,0.5
21,48001,254,0.5
21,50001,254,0.5
21,52001,254,0.5
21,54001,254,0.5
21,56001,254,0.5
21,58001,254,0.5
21,60001,254,0.6
21,62001,254,0.5
21,64001,254,0.5
21,65535,254,0.5
31,1,1,0.6
31,2001,1,0.6
31,4001,1,0.6
31,6001,1,0.6
31,8001,1,0.6
31,10001,1,0.6
31,12001,1,0.6
31,14001,1,0.6
31,16001,1,0.6
31,18001,1,0.6
31,20001,1,0.6
31,22001,1,0.6
31,24001,1,0.6
31,26001,1,0.6
31,28001,1,0.6
31,30001,1,0.6
31,32001,1,0.6
31,34001,1,0.6
31,36001,1,0.6
31,38001,1,0.6
31,40001,1,0.6
31,42001,1,0.6
31,44001,1,0.6
31,46001,1,0.6
31,48001,1,0.6
31,50001,1,0.6
31,52001,1,0.6
31,54001,1,0.5
31,56001,1,0.6
31,58001,1,0.5
31,60001,1,0.6
31,62001,1,0.6
31,64001,1,0.6
31,65535,1,0.6
31,1,11,0.5
31,2001,11,0.6
31,4001,11,0.6
31,6001,11,0.6
31,8001,11,0.6
31,10001,11,0.6
31,12001,11,0.6
31,14001,11,0.6
31,16001,11,0.6
31,18001,11,0.6
31,20001,11,0.6
31,22001,11,0.6
31,24001,11,0.6
31,26001,11,0.6
31,28001,11,0.6
31,30001,11,0.6
31,32001,11,0.6
31,34001,11,0.6
31,36001,11,0.6
31,38001,11,0.6
31,40001,11,0.6
31,42001,11,0.6
31,44001,11,0.6
31,46001,11,0.5
31,48001,11,0.6
31,50001,11,0.6
31,52001,11,0.6
31,54001,11,0.6
31,56001,11,0.6
31,58001,11,0.6
31,60001,11,0.6
31,62001,11,0.6
31,64001,11,0.6
31,65535,11,0.6
31,1,21,0.6
31,2001,21,0.6
31,4001,21,0.6
31,6001,21,0.6
31,8001,21,0.5
31,10001,21,0.6
31,12001,21,0.6
31,14001,21,0.6
31,16001,21,0.6
31,18001,21,0.6
31,20001,21,0.6
31,22001,21,0.6
31,24001,21,0.6
31,26001,21,0.6
31,28001,21,0.6
31,30001,21,0.6
31,32001,21,0.6
31,34001,21,0.6
31,36001,21,0.6
31,38001,21,0.6
31,40001,21,0.6
31,42001,21,0.6
31,44001,21,0.6
31,46001,21,0.5
31,48001,21,0.5
31,50001,21,0.6
31,52001,21,0.6
31,54001,21,0.5
31,56001,21,0.6
31,58001,21,0.5
31,60001,21,0.6
31,62001,21,0.5
31,64001,21,0.5
31,65535,21,0.6
31,1,31,0.6
31,2001,31,0.6
31,4001,31,0.6
31,6001,31,0.6
31,8001,31,0.6
31,10001,31,0.6
31,12001,31,0.6
31,14001,31,0.6
31,16001,31,0.6
31,18001,31,0.6
31,20001,31,0.6
31,22001,31,0.6
31,24001,31,0.6
31,26001,31,0.6
31,28001,31,0.6
31,30001,31,0.6
31,32001,31,0.6
31,34001,31,0.6
31,36001,31,0.6
31,38001,31,0.6
31,40001,31,0.5
31,42001,31,0.6
31,44001,31,0.6
31,46001,31,0.6
31,48001,31,0.6
31,50001,31,0.6
31,52001,31,0.6
31,54001,31,0.5
31,56001,31,0.6
31,58001,31,0.6
31,60001,31,0.5
31,62001,31,0.6
31,64001,31,0.6
31,65535,31,0.6
31,1,41,0.6
31,2001,41,0.6
31,4001,41,0.6
31,6001,41,0.6
31,8001,41,0.6
31,10001,41,0.6
31,12001,41,0.6
31,14001,41,0.6
31,16001,41,0.6
31,18001,41,0.6
31,20001,41,0.6
31,22001,41,0.6
31,24001,41,0.6
31,26001,41,0.6
31,28001,41,0.6
31,30001,41,0.6
31,32001,41,0.6
31,34001,41,0.6
31,36001,41,0.6
31,38001,41,0.6
31,40001,41,0.6
31,42001,41,0.6
31,44001,41,0.6
31,46001,41,0.6
31,48001,41,0.6
31,50001,41,0.6
31,52001,41,0.6
31,54001,41,0.6
31,56001,41,0.6
31,58001,41,0.6
31,60001,41,0.6
31,62001,41,0.6
31,64001,41,0.6
31,65535,41,0.5
31,1,51,0.6
31,2001,51,0.6
31,4001,51,0.6
31,6001,51,0.6
31,8001,51,0.6
31,10001,51,0.6
31,12001,51,0.6
31,14001,51,0.6
31,16001,51,0.6
31,18001,51,0.6
31,20001,51,0.6
31,22001,51,0.6
31,24001,51,0.5
31,26001,51,0.6
31,28001,51,0.6
31,30001,51,0.6
31,32001,51,0.6
31,34001,51,0.6
31,36001,51,0.6
31,38001,51,0.6
31,40001,51,0.6
31,42001,51,0.6
31,44001,51,0.6
31,46001,51,0.6
31,48001,51,0.6
31,50001,51,0.6
31,52001,51,0.6
31,54001,51,0.6
31,56001,51,0.6
31,58001,51,0.6
31,60001,51,0.5
31,62001,51,0.6
31,64001,51,0.6
31,65535,51,0.5
31,1,61,0.6
31,2001,61,0.6
31,4001,61,0.6
31,6001,61,0.6
31,8001,61,0.6
31,10001,61,0.6
31,12001,61,0.5
31,14001,61,0.6
31,16001,61,0.6
31,18001,61,0.6
31,20001,61,0.6
31,22001,61,0.6
31,24001,61,0.6
31,26001,61,0.6
31,28001,61,0.6
31,30001,61,0.6
31,32001,61,0.6
31,34001,61,0.6
31,36001,61,0.6
31,38001,61,0.6
31,40001,61,0.6
31,42001,61,0.6
31,44001,61,0.6
31,46001,61,0.6
31,48001,61,0.6
31,50001,61,0.6
31,52001,61,0.6
31,54001,61,0.6
31,56001,61,0.6
31,58001,61,0.5
31,60001,61,0.6
31,62001,61,0.6
31,64001,61,0.6
31,65535,61,0.6
31,1,71,0.6
31,2001,71,0.6
31,4001,71,0.6
31,6001,71,0.6
31,8001,71,0.6
31,10001,71,0.6
31,12001,71,0.6
31,14001,71,0.6
31,16001,71,0.6
31,18001,71,0.6
31,20001,71,0.5
31,22001,71,0.6
31,24001,71,0.6
31,26001,71,0.6
31,28001,71,0.6
31,30001,71,0.5
31,32001,71,0.5
31,34001,71,0.5
31,36001,71,0.5
31,38001,71,0.6
31,40001,71,0.6
31,42001,71,0.6
31,44001,71,0.6
31,46001,71,0.6
31,48001,71,0.6
31,50001,71,0.6
31,52001,71,0.6
31,54001,71,0.6
31,56001,71,0.5
31,58001,71,0.6
31,60001,71,0.6
31,62001,71,0.6
31,64001,71,0.6
31,65535,71,0.6
31,1,81,0.6
31,2001,81,0.6
31,4001,81,0.6
31,6001,81,0.6
31,8001,81,0.6
31,10001,81,0.6
31,12001,81,0.6
31,14001,81,0.6
31,16001,81,0.5
31,18001,81,0.5
31,20001,81,0.6
31,22001,81,0.5
31,24001,81,0.6
31,26001,81,0.6
31,28001,81,0.5
31,30001,81,0.6
31,32001,81,0.6
31,34001,81,0.6
31,36001,81,0.6
31,38001,81,0.6
31,40001,81,0.5
31,42001,81,0.6
31,44001,81,0.6
31,46001,81,0.6
31,48001,81,0.6
31,50001,81,0.6
31,52001,81,0.6
31,54001,81,0.6
31,56001,81,0.6
31,58001,81,0.6
31,60001,81,0.6
31,62001,81,0.6
31,64001,81,0.6
31,65535,81,0.6
31,1,91,0.6
31,2001,91,0.6
31,4001,91,0.6
31,6001,91,0.6
31,8001,91,0.6
31,10001,91,0.6
31,12001,91,0.6
31,14001,91,0.5
31,16001,91,0.6
31,18001,91,0.6
31,20001,91,0.6
31,22001,91,0.6
31,24001,91,0.6
31,26001,91,0.6
31,28001,91,0.6
31,30001,91,0.6
31,32001,91,0.6
31,34001,91,0.6
31,36001,91,0.6
31,38001,91,0.6
31,40001,91,0.6
31,42001,91,0.5
31,44001,91,0.6
31,46001,91,0.6
31,48001,91,0.5
31,50001,91,0.6
31,52001,91,0.6
31,54001,91,0.6
31,56001,91,0.6
31,58001,91,0.6
31,60001,91,0.6
31,62001,91,0.6
31,64001,91,0.6
31,65535,91,0.6
31,1,101,0.6
31,2001,101,0.6
31,4001,101,0.5
31,6001,101,0.6
31,8001,101,0.6
31,10001,101,0.6
31,12001,101,0.6
31,14001,101,0.5
31,16001,101,0.6
31,18001,101,0.6
31,20001,101,0.6
31,22001,101,0.6
31,24001,101,0.6
31,26001,101,0.6
31,28001,101,0.6
31,30001,101,0.5
31,32001,101,0.6
31,34001,101,0.6
31,36001,101,0.6
31,38001,101,0.6
31,40001,101,0.6
31,42001,101,0.6
31,44001,101,0.6
31,46001,101,0.6
31,48001,101,0.6
31,50001,101,0.6
31,52001,101,0.6
31,54001,101,0.6
31,56001,101,0.6
31,58001,101,0.6
31,60001,101,0.5
31,62001,101,0.6
31,64001,101,0.6
31,65535,101,0.6
31,1,111,0.6
31,2001,111,0.6
31,4001,111,0.6
31,6001,111,0.6
31,8001,111,0.5
31,10001,111,0.5
31,12001,111,0.6
31,14001,111,0.6
31,16001,111,0.5
31,18001,111,0.6
31,20001,111,0.6
31,22001,111,0.6
31,24001,111,0.6
31,26001,111,0.6
31,28001,111,0.6
31,30001,111,0.6
31,32001,111,0.6
31,34001,111,0.6
31,36001,111,0.6
31,38001,111,0.6
31,40001,111,0.6
31,42001,111,0.6
31,44001,111,0.6
31,46001,111,0.6
31,48001,111,0.6
31,50001,111,0.6
31,52001,111,0.6
31,54001,111,0.6
31,56001,111,0.6
31,58001,111,0.6
31,60001,111,0.5
31,62001,111,0.6
31,64001,111,0.6
31,65535,111,0.5
31,1,121,0.6
31,2001,121,0.6
31,4001,121,0.6
31,6001,121,0.6
31,8001,121,0.6
31,10001,121,0.6
31,12001,121,0.6
31,14001,121,0.6
31,16001,121,0.6
31,18001,121,0.5
31,20001,121,0.6
31,22001,121,0.5
31,24001,121,0.5
31,26001,121,0.6
31,28001,121,0.6
31,30001,121,0.6
31,32001,121,0.6
31,34001,121,0.6
31,36001,121,0.6
31,38001,121,0.6
31,40001,121,0.6
31,42001,121,0.6
31,44001,121,0.6
31,46001,121,0.6
31,48001,121,0.6
31,50001,121,0.6
31,52001,121,0.6
31,54001,121,0.6
31,56001,121,0.6
31,58001,121,0.6
31,60001,121,0.6
31,62001,121,0.6
31,64001,121,0.6
31,65535,121,0.6
31,1,131,0.6
31,2001,131,0.6
31,4001,131,0.6
31,6001,131,0.6
31,8001,131,0.6
31,10001,131,0.6
31,12001,131,0.5
31,14001,131,0.5
31,16001,131,0.6
31,18001,131,0.5
31,20001,131,0.6
31,22001,131,0.6
31,24001,131,0.6
31,26001,131,0.6
31,28001,131,0.5
31,30001,131,0.6
31,32001,131,0.6
31,34001,131,0.6
31,36001,131,0.6
31,38001,131,0.6
31,40001,131,0.5
31,42001,131,0.6
31,44001,131,0.6
31,46001,131,0.6
31,48001,131,0.6
31,50001,131,0.5
31,52001,131,0.6
31,54001,131,0.5
31,56001,131,0.6
31,58001,131,0.6
31,60001,131,0.6
31,62001,131,0.6
31,64001,131,0.6
31,65535,131,0.6
31,1,141,0.6
31,2001,141,0.6
31,4001,141,0.6
31,6001,141,0.6
31,8001,141,0.6
31,10001,141,0.6
31,12001,141,0.6
31,14001,141,0.6
31,16001,141,0.6
31,18001,141,0.6
31,20001,141,0.6
31,22001,141,0.6
31,24001,141,0.6
31,26001,141,0.6
31,28001,141,0.6
31,30001,141,0.6
31,32001,141,0.6
31,34001,141,0.6
31,36001,141,0.6
31,38001,141,0.6
31,40001,141,0.6
31,42001,141,0.6
31,44001,141,0.6
31,46001,141,0.6
31,48001,141,0.6
31,50001,141,0.6
31,52001,141,0.6
31,54001,141,0.6
31,56001,141,0.6
31,58001,141,0.6
31,60001,141,0.6
31,62001,141,0.5
31,64001,141,0.6
31,65535,141,0.5
31,1,151,0.5
31,2001,151,0.6
31,4001,151,0.5
31,6001,151,0.6
31,8001,151,0.6
31,10001,151,0.6
31,12001,151,0.6
31,14001,151,0.6
31,16001,151,0.6
31,18001,151,0.6
31,20001,151,0.6
31,22001,151,0.6
31,24001,151,0.6
31,26001,151,0.6
31,28001,151,0.6
31,30001,151,0.6
31,32001,151,0.6
31,34001,151,0.6
31,36001,151,0.5
31,38001,151,0.6
31,40001,151,0.6
31,42001,151,0.6
31,44001,151,0.6
31,46001,151,0.6
31,48001,151,0.6
31,50001,151,0.6
31,52001,151,0.6
31,54001,151,0.6
31,56001,151,0.6
31,58001,151,0.6
31,60001,151,0.6
31,62001,151,0.6
31,64001,151,0.6
31,65535,151,0.6
31,1,161,0.6
31,2001,161,0.6
31,4001,161,0.6
31,6001,161,0.6
31,8001,161,0.6
31,10001,161,0.6
31,12001,161,0.6
31,14001,161,0.6
31,16001,161,0.6
31,18001,161,0.6
31,20001,161,0.6
31,22001,161,0.5
31,24001,161,0.6
31,26001,161,0.6
31,28001,161,0.6
31,30001,161,0.6
31,32001,161,0.6
31,34001,161,0.6
31,36001,161,0.6
31,38001,161,0.6
31,40001,161,0.6
31,42001,161,0.6
31,44001,161,0.6
31,46001,161,0.6
31,48001,161,0.6
31,50001,161,0.5
31,52001,161,0.6
31,54001,161,0.6
31,56001,161,0.6
31,58001,161,0.6
31,60001,161,0.6
31,62001,161,0.6
31,64001,161,0.6
31,65535,161,0.6
31,1,171,0.6
31,2001,171,0.6
31,4001,171,0.6
31,6001,171,0.6
31,8001,171,0.6
31,10001,171,0.5
31,12001,171,0.6
31,14001,171,0.6
31,16001,171,0.5
31,18001,171,0.6
31,20001,171,0.6
31,22001,171,0.6
31,24001,171,0.6
31,26001,171,0.5
31,28001,171,0.6
31,30001,171,0.6
31,32001,171,0.6
31,34001,171,0.6
31,36001,171,0.6
31,38001,171,0.6
31,40001,171,0.6
31,42001,171,0.6
31,44001,171,0.6
31,46001,171,0.6
31,48001,171,0.6
31,50001,171,0.6
31,52001,171,0.6
31,54001,171,0.6
31,56001,171,0.6
31,58001,171,0.6
31,60001,171,0.6
31,62001,171,0.6
31,64001,171,0.6
31,65535,171,0.6
31,1,181,0.6
31,2001,181,0.5
31,4001,181,0.6
31,6001,181,0.6
31,8001,181,0.6
31,10001,181,0.6
31,12001,181,0.6
31,14001,181,0.6
31,16001,181,0.6
31,18001,181,0.5
31,20001,181,0.5
31,22001,181,0.5
31,24001,181,0.6
31,26001,181,0.6
31,28001,181,0.6
31,30001,181,0.5
31,32001,181,0.6
31,34001,181,0.6
31,36001,181,0.6
31,38001,181,0.6
31,40001,181,0.5
31,42001,181,0.6
31,44001,181,0.6
31,46001,181,0.6
31,48001,181,0.6
31,50001,181,0.6
31,52001,181,0.6
31,54001,181,0.6
31,56001,181,0.6
31,58001,181,0.6
31,60001,181,0.5
31,62001,181,0.6
31,64001,181,0.6
31,65535,181,0.6
31,1,191,0.5
31,2001,191,0.6
31,4001,191,0.6
31,6001,191,0.6
31,8001,191,0.6
31,10001,191,0.5
31,12001,191,0.6
31,14001,191,0.6
31,16001,191,0.6
31,18001,191,0.6
31,20001,191,0.6
31,22001,191,0.5
31,24001,191,0.6
31,26001,191,0.6
31,28001,191,0.5
31,30001,191,0.5
31,32001,191,0.6
31,34001,191,0.6
31,36001,191,0.6
31,38001,191,0.6
31,40001,191,0.6
31,42001,191,0.6
31,44001,191,0.6
31,46001,191,0.6
31,48001,191,0.6
31,50001,191,0.6
31,52001,191,0.6
31,54001,191,0.6
31,56001,191,0.6
31,58001,191,0.6
31,60001,191,0.6
31,62001,191,0.6
31,64001,191,0.5
31,65535,191,0.5
31,1,201,0.5
31,2001,201,0.5
31,4001,201,0.6
31,6001,201,0.6
31,8001,201,0.6
31,10001,201,0.6
31,12001,201,0.6
31,14001,201,0.6
31,16001,201,0.6
31,18001,201,0.6
31,20001,201,0.5
31,22001,201,0.6
31,24001,201,0.5
31,26001,201,0.5
31,28001,201,0.6
31,30001,201,0.6
31,32001,201,0.6
31,34001,201,0.6
31,36001,201,0.6
31,38001,201,0.6
31,40001,201,0.6
31,42001,201,0.6
31,44001,201,0.6
31,46001,201,0.6
31,48001,201,0.6
31,50001,201,0.6
31,52001,201,0.5
31,54001,201,0.6
31,56001,201,0.6
31,58001,201,0.6
31,60001,201,0.6
31,62001,201,0.6
31,64001,201,0.5
31,65535,201,0.6
31,1,211,0.5
31,2001,211,0.5
31,4001,211,0.6
31,6001,211,0.6
31,8001,211,0.6
31,10001,211,0.6
31,12001,211,0.6
31,14001,211,0.6
31,16001,211,0.6
31,18001,211,0.6
31,20001,211,0.5
31,22001,211,0.6
31,24001,211,0.5
31,26001,211,0.6
31,28001,211,0.6
31,30001,211,0.6
31,32001,211,0.6
31,34001,211,0.6
31,36001,211,0.6
31,38001,211,0.6
31,40001,211,0.6
31,42001,211,0.6
31,44001,211,0.6
31,46001,211,0.6
31,48001,211,0.6
31,50001,211,0.6
31,52001,211,0.6
31,54001,211,0.6
31,56001,211,0.6
31,58001,211,0.5
31,60001,211,0.6
31,62001,211,0.6
31,64001,211,0.6
31,65535,211,0.6
31,1,221,0.5
31,2001,221,0.6
31,4001,221,0.5
31,6001,221,0.5
31,8001,221,0.6
31,10001,221,0.6
31,12001,221,0.6
31,14001,221,0.6
31,16001,221,0.6
31,18001,221,0.6
31,20001,221,0.5
31,22001,221,0.5
31,24001,221,0.5
31,26001,221,0.6
31,28001,221,0.5
31,30001,221,0.5
31,32001,221,0.6
31,34001,221,0.6
31,36001,221,0.5
31,38001,221,0.6
31,40001,221,0.6
31,42001,221,0.6
31,44001,221,0.5
31,46001,221,0.6
31,48001,221,0.6
31,50001,221,0.6
31,52001,221,0.6
31,54001,221,0.6
31,56001,221,0.6
31,58001,221,0.6
31,60001,221,0.6
31,62001,221,0.6
31,64001,221,0.6
31,65535,221,0.6
31,1,231,0.6
31,2001,231,0.5
31,4001,231,0.6
31,6001,231,0.6
31,8001,231,0.6
31,10001,231,0.6
31,12001,231,0.6
31,14001,231,0.6
31,16001,231,0.6
31,18001,231,0.6
31,20001,231,0.6
31,22001,231,0.6
31,24001,231,0.5
31,26001,231,0.5
31,28001,231,0.6
31,30001,231,0.5
31,32001,231,0.6
31,34001,231,0.6
31,36001,231,0.6
31,38001,231,0.6
31,40001,231,0.6
31,42001,231,0.6
31,44001,231,0.5
31,46001,231,0.6
31,48001,231,0.6
31,50001,231,0.6
31,52001,231,0.6
31,54001,231,0.6
31,56001,231,0.6
31,58001,231,0.6
31,60001,231,0.5
31,62001,231,0.6
31,64001,231,0.5
31,65535,231,0.5
31,1,241,0.6
31,2001,241,0.5
31,4001,241,0.5
31,6001,241,0.6
31,8001,241,0.6
31,10001,241,0.6
31,12001,241,0.6
31,14001,241,0.6
31,16001,241,0.6
31,18001,241,0.5
31,20001,241,0.6
31,22001,241,0.5
31,24001,241,0.6
31,26001,241,0.5
31,28001,241,0.5
31,30001,241,0.6
31,32001,241,0.6
31,34001,241,0.6
31,36001,241,0.6
31,38001,241,0.6
31,40001,241,0.6
31,42001,241,0.6
31,44001,241,0.5
31,46001,241,0.6
31,48001,241,0.6
31,50001,241,0.6
31,52001,241,0.6
31,54001,241,0.6
31,56001,241,0.6
31,58001,241,0.6
31,60001,241,0.5
31,62001,241,0.5
31,64001,241,0.5
31,65535,241,0.6
31,1,251,0.5
31,2001,251,0.5
31,4001,251,0.6
31,6001,251,0.5
31,8001,251,0.6
31,10001,251,0.5
31,12001,251,0.6
31,14001,251,0.5
31,16001,251,0.6
31,18001,251,0.6
31,20001,251,0.5
31,22001,251,0.5
31,24001,251,0.5
31,26001,251,0.5
31,28001,251,0.5
31,30001,251,0.5
31,32001,251,0.6
31,34001,251,0.6
31,36001,251,0.6
31,38001,251,0.6
31,40001,251,0.6
31,42001,251,0.6
31,44001,251,0.6
31,46001,251,0.5
31,48001,251,0.6
31,50001,251,0.6
31,52001,251,0.6
31,54001,251,0.6
31,56001,251,0.6
31,58001,251,0.6
31,60001,251,0.5
31,62001,251,0.5
31,64001,251,0.5
31,65535,251,0.5
31,1,254,0.5
31,2001,254,0.5
31,4001,254,0.5
31,6001,254,0.5
31,8001,254,0.6
31,10001,254,0.6
31,12001,254,0.6
31,14001,254,0.6
31,16001,254,0.6
31,18001,254,0.6
31,20001,254,0.5
31,22001,254,0.5
31,24001,254,0.5
31,26001,254,0.5
31,28001,254,0.5
31,30001,254,0.5
31,32001,254,0.5
31,34001,254,0.6
31,36001,254,0.6
31,38001,254,0.6
31,40001,254,0.6
31,42001,254,0.6
31,44001,254,0.5
31,46001,254,0.5
31,48001,254,0.5
31,50001,254,0.6
31,52001,254,0.6
31,54001,254,0.6
31,56001,254,0.5
31,58001,254,0.6
31,60001,254,0.6
31,62001,254,0.5
31,64001,254,0.5
31,65535,254,0.5
41,1,1,0.6
41,2001,1,0.6
41,4001,1,0.6
41,6001,1,0.6
41,8001,1,0.6
41,10001,1,0.6
41,12001,1,0.6
41,14001,1,0.6
41,16001,1,0.6
41,18001,1,0.6
41,20001,1,0.6
41,22001,1,0.6
41,24001,1,0.6
41,26001,1,0.6
41,28001,1,0.6
41,30001,1,0.6
41,32001,1,0.6
41,34001,1,0.6
41,36001,1,0.6
41,38001,1,0.6
41,40001,1,0.6
41,42001,1,0.6
41,44001,1,0.6
41,46001,1,0.6
41,48001,1,0.6
41,50001,1,0.6
41,52001,1,0.6
41,54001,1,0.6
41,56001,1,0.6
41,58001,1,0.6
41,60001,1,0.6
41,62001,1,0.6
41,64001,1,0.6
41,65535,1,0.6
41,1,11,0.6
41,2001,11,0.6
41,4001,11,0.6
41,6001,11,0.6
41,8001,11,0.6
41,10001,11,0.6
41,12001,11,0.6
41,14001,11,0.6
41,16001,11,0.6
41,18001,11,0.6
41,20001,11,0.6
41,22001,11,0.6
41,24001,11,0.6
41,26001,11,0.6
41,28001,11,0.6
41,30001,11,0.6
41,32001,11,0.6
41,34001,11,0.6
41,36001,11,0.6
41,38001,11,0.6
41,40001,11,0.6
41,42001,11,0.6
41,44001,11,0.6
41,46001,11,0.6
41,48001,11,0.6
41,50001,11,0.6
41,52001,11,0.6
41,54001,11,0.6
41,56001,11,0.6
41,58001,11,0.6
41,60001,11,0.6
41,62001,11,0.6
41,64001,11,0.6
41,65535,11,0.6
41,1,21,0.6
41,2001,21,0.6
41,4001,21,0.6
41,6001,21,0.6
41,8001,21,0.6
41,10001,21,0.6
41,12001,21,0.6
41,14001,21,0.6
41,16001,21,0.6
41,18001,21,0.6
41,20001,21,0.6
41,22001,21,0.6
41,24001,21,0.6
41,26001,21,0.6
41,28001,21,0.6
41,30001,21,0.6
41,32001,21,0.6
41,34001,21,0.6
41,36001,21,0.6
41,38001,21,0.6
41,40001,21,0.6
41,42001,21,0.6
41,44001,21,0.6
41,46001,21,0.6
41,48001,21,0.6
41,50001,21,0.6
41,52001,21,0.6
41,54001,21,0.6
41,56001,21,0.6
41,58001,21,0.6
41,60001,21,0.6
41,62001,21,0.6
41,64001,21,0.6
41,65535,21,0.6
41,1,31,0.6
41,2001,31,0.6
41,4001,31,0.6
41,6001,31,0.6
41,8001,31,0.6
41,10001,31,0.6
41,12001,31,0.6
41,14001,31,0.6
41,16001,31,0.6
41,18001,31,0.6
41,20001,31,0.6
41,22001,31,0.6
41,24001,31,0.6
41,26001,31,0.6
41,28001,31,0.6
41,30001,31,0.6
41,32001,31,0.6
41,34001,31,0.6
41,36001,31,0.6
41,38001,31,0.6
41,40001,31,0.6
41,42001,31,0.6
41,44001,31,0.6
41,46001,31,0.6
41,48001,31,0.6
41,50001,31,0.6
41,52001,31,0.6
41,54001,31,0.6
41,56001,31,0.6
41,58001,31,0.6
41,60001,31,0.6
41,62001,31,0.6
41,64001,31,0.6
41,65535,31,0.6
41,1,41,0.6
41,2001,41,0.6
41,4001,41,0.6
41,6001,41,0.6
41,8001,41,0.6
41,10001,41,0.6
41,12001,41,0.6
41,14001,41,0.6
41,16001,41,0.6
41,18001,41,0.6
41,20001,41,0.6
41,22001,41,0.6
41,24001,41,0.6
41,26001,41,0.6
41,28001,41,0.6
41,30001,41,0.6
41,32001,41,0.6
41,34001,41,0.6
41,36001,41,0.6
41,38001,41,0.6
41,40001,41,0.6
41,42001,41,0.6
41,44001,41,0.6
41,46001,41,0.6
41,48001,41,0.6
41,50001,41,0.6
41,52001,41,0.6
41,54001,41,0.6
41,56001,41,0.6
41,58001,41,0.6
41,60001,41,0.6
41,62001,41,0.6
41,64001,41,0.6
41,65535,41,0.6
41,1,51,0.6
41,2001,51,0.6
41,4001,51,0.6
41,6001,51,0.6
41,8001,51,0.6
41,10001,51,0.6
41,12001,51,0.6
41,14001,51,0.6
41,16001,51,0.6
41,18001,51,0.6
41,20001,51,0.6
41,22001,51,0.6
41,24001,51,0.6
41,26001,51,0.6
41,28001,51,0.6
41,30001,51,0.6
41,32001,51,0.6
41,34001,51,0.6
41,36001,51,0.6
41,38001,51,0.6
41,40001,51,0.6
41,42001,51,0.6
41,44001,51,0.6
41,46001,51,0.6
41,48001,51,0.6
41,50001,51,0.6
41,52001,51,0.6
41,54001,51,0.6
41,56001,51,0.6
41,58001,51,0.6
41,60001,51,0.6
41,62001,51,0.6
41,64001,51,0.6
41,65535,51,0.6
41,1,61,0.6
41,2001,61,0.6
41,4001,61,0.6
41,6001,61,0.6
41,8001,61,0.6
41,10001,61,0.6
41,12001,61,0.6
41,14001,61,0.6
41,16001,61,0.6
41,18001,61,0.6
41,20001,61,0.6
41,22001,61,0.6
41,24001,61,0.6
41,26001,61,0.6
41,28001,61,0.6
41,30001,61,0.6
41,32001,61,0.6
41,34001,61,0.6
41,36001,61,0.6
41,38001,61,0.6
41,40001,61,0.6
41,42001,61,0.6
41,44001,61,0.6
41,46001,61,0.6
41,48001,61,0.6
41,50001,61,0.6
41,52001,61,0.6
41,54001,61,0.6
41,56001,61,0.6
41,58001,61,0.6
41,60001,61,0.6
41,62001,61,0.6
41,64001,61,0.6
41,65535,61,0.6
41,1,71,0.6
41,2001,71,0.6
41,4001,71,0.6
41,6001,71,0.6
41,8001,71,0.6
41,10001,71,0.6
41,12001,71,0.6
41,14001,71,0.6
41,16001,71,0.6
41,18001,71,0.6
41,20001,71,0.6
41,22001,71,0.6
41,24001,71,0.6
41,26001,71,0.6
41,28001,71,0.6
41,30001,71,0.6
41,32001,71,0.6
41,34001,71,0.6
41,36001,71,0.6
41,38001,71,0.6
41,40001,71,0.6
41,42001,71,0.6
41,44001,71,0.6
41,46001,71,0.6
41,48001,71,0.6
41,50001,71,0.6
41,52001,71,0.6
41,54001,71,0.6
41,56001,71,0.6
41,58001,71,0.6
41,60001,71,0.6
41,62001,71,0.6
41,64001,71,0.6
41,65535,71,0.6
41,1,81,0.6
41,2001,81,0.6
41,4001,81,0.6
41,6001,81,0.6
41,8001,81,0.6
41,10001,81,0.6
41,12001,81,0.6
41,14001,81,0.6
41,16001,81,0.6
41,18001,81,0.6
41,20001,81,0.6
41,22001,81,0.6
41,24001,81,0.6
41,26001,81,0.6
41,28001,81,0.6
41,30001,81,0.6
41,32001,81,0.6
41,34001,81,0.6
41,36001,81,0.6
41,38001,81,0.6
41,40001,81,0.6
41,42001,81,0.6
41,44001,81,0.6
41,46001,81,0.6
41,48001,81,0.6
41,50001,81,0.6
41,52001,81,0.6
41,54001,81,0.6
41,56001,81,0.6
41,58001,81,0.6
41,60001,81,0.6
41,62001,81,0.6
41,64001,81,0.6
41,65535,81,0.6
41,1,91,0.6
41,2001,91,0.6
41,4001,91,0.6
41,6001,91,0.6
41,8001,91,0.6
41,10001,91,0.6
41,12001,91,0.6
41,14001,91,0.6
41,16001,91,0.6
41,18001,91,0.6
41,20001,91,0.6
41,22001,91,0.6
41,24001,91,0.6
41,26001,91,0.6
41,28001,91,0.6
41,30001,91,0.6
41,32001,91,0.6
41,34001,91,0.6
41,36001,91,0.6
41,38001,91,0.6
41,40001,91,0.6
41,42001,91,0.6
41,44001,91,0.6
41,46001,91,0.6
41,48001,91,0.6
41,50001,91,0.6
41,52001,91,0.6
41,54001,91,0.6
41,56001,91,0.6
41,58001,91,0.6
41,60001,91,0.6
41,62001,91,0.6
41,64001,91,0.6
41,65535,91,0.6
41,1,101,0.6
41,2001,101,0.6
41,4001,101,0.6
41,6001,101,0.6
41,8001,101,0.6
41,10001,101,0.6
41,12001,101,0.6
41,14001,101,0.6
41,16001,101,0.6
41,18001,101,0.6
41,20001,101,0.6
41,22001,101,0.6
41,24001,101,0.6
41,26001,101,0.6
41,28001,101,0.6
41,30001,101,0.6
41,32001,101,0.6
41,34001,101,0.6
41,36001,101,0.6
41,38001,101,0.6
41,40001,101,0.6
41,42001,101,0.6
41,44001,101,0.6
41,46001,101,0.6
41,48001,101,0.6
41,50001,101,0.6
41,52001,101,0.6
41,54001,101,0.6
41,56001,101,0.6
41,58001,101,0.6
41,60001,101,0.6
41,62001,101,0.6
41,64001,101,0.6
41,65535,101,0.6
41,1,111,0.6
41,2001,111,0.6
41,4001,111,0.6
41,6001,111,0.6
41,8001,111,0.6
41,10001,111,0.6
41,12001,111,0.6
41,14001,111,0.6
41,16001,111,0.6
41,18001,111,0.6
41,20001,111,0.6
41,22001,111,0.6
41,24001,111,0.6
41,26001,111,0.6
41,28001,111,0.6
41,30001,111,0.6
41,32001,111,0.6
41,34001,111,0.6
41,36001,111,0.6
41,38001,111,0.6
41,40001,111,0.6
41,42001,111,0.6
41,44001,111,0.6
41,46001,111,0.6
41,48001,111,0.6
41,50001,111,0.6
41,52001,111,0.6
41,54001,111,0.6
41,56001,111,0.6
41,58001,111,0.6
41,60001,111,0.6
41,62001,111,0.6
41,64001,111,0.6
41,65535,111,0.6
41,1,121,0.6
41,2001,121,0.6
41,4001,121,0.6
41,6001,121,0.6
41,8001,121,0.6
41,10001,121,0.6
41,12001,121,0.6
41,14001,121,0.6
41,16001,121,0.6
41,18001,121,0.6
41,20001,121,0.6
41,22001,121,0.6
41,24001,121,0.6
41,26001,121,0.6
41,28001,121,0.6
41,30001,121,0.6
41,32001,121,0.6
41,34001,121,0.6
41,36001,121,0.6
41,38001,121,0.6
41,40001,121,0.6
41,42001,121,0.6
41,44001,121,0.6
41,46001,121,0.6
41,48001,121,0.6
41,50001,121,0.6
41,52001,121,0.6
41,54001,121,0.6
41,56001,121,0.6
41,58001,121,0.6
41,60001,121,0.6
41,62001,121,0.6
41,64001,121,0.6
41,65535,121,0.6
41,1,131,0.6
41,2001,131,0.6
41,4001,131,0.6
41,6001,131,0.6
41,8001,131,0.6
41,10001,131,0.6
41,12001,131,0.6
41,14001,131,0.6
41,16001,131,0.6
41,18001,131,0.6
41,20001,131,0.6
41,22001,131,0.6
41,24001,131,0.6
41,26001,131,0.6
41,28001,131,0.6
41,30001,131,0.6
41,32001,131,0.6
41,34001,131,0.6
41,36001,131,0.6
41,38001,131,0.6
41,40001,131,0.6
41,42001,131,0.6
41,44001,131,0.6
41,46001,131,0.6
41,48001,131,0.6
41,50001,131,0.6
41,52001,131,0.6
41,54001,131,0.6
41,56001,131,0.6
41,58001,131,0.6
41,60001,131,0.6
41,62001,131,0.6
41,64001,131,0.6
41,65535,131,0.6
41,1,141,0.6
41,2001,141,0.6
41,4001,141,0.6
41,6001,141,0.6
41,8001,141,0.6
41,10001,141,0.6
41,12001,141,0.6
41,14001,141,0.6
41,16001,141,0.6
41,18001,141,0.6
41,20001,141,0.6
41,22001,141,0.6
41,24001,141,0.6
41,26001,141,0.6
41,28001,141,0.6
41,30001,141,0.6
41,32001,141,0.6
41,34001,141,0.6
41,36001,141,0.6
41,38001,141,0.6
41,40001,141,0.6
41,42001,141,0.6
41,44001,141,0.6
41,46001,141,0.6
41,48001,141,0.6
41,50001,141,0.6
41,52001,141,0.6
41,54001,141,0.6
41,56001,141,0.6
41,58001,141,0.6
41,60001,141,0.6
41,62001,141,0.6
41,64001,141,0.6
41,65535,141,0.6
41,1,151,0.6
41,2001,151,0.6
41,4001,151,0.6
41,6001,151,0.6
41,8001,151,0.6
41,10001,151,0.6
41,12001,151,0.6
41,14001,151,0.6
41,16001,151,0.6
41,18001,151,0.6
41,20001,151,0.6
41,22001,151,0.6
41,24001,151,0.6
41,26001,151,0.6
41,28001,151,0.6
41,30001,151,0.6
41,32001,151,0.6
41,34001,151,0.6
41,36001,151,0.6
41,38001,151,0.6
41,40001,151,0.6
41,42001,151,0.6
41,44001,151,0.6
41,46001,151,0.6
41,48001,151,0.6
41,50001,151,0.6
41,52001,151,0.6
41,54001,151,0.6
41,56001,151,0.6
41,58001,151,0.6
41,60001,151,0.6
41,62001,151,0.6
41,64001,151,0.6
41,65535,151,0.6
41,1,161,0.6
41,2001,161,0.6
41,4001,161,0.6
41,6001,161,0.6
41,8001,161,0.6
41,10001,161,0.6
41,12001,161,0.6
41,14001,161,0.6
41,16001,161,0.6
41,18001,161,0.6
41,20001,161,0.6
41,22001,161,0.6
41,24001,161,0.6
41,26001,161,0.6
41,28001,161,0.6
41,30001,161,0.6
41,32001,161,0.6
41,34001,161,0.6
41,36001,161,0.6
41,38001,161,0.6
41,40001,161,0.6
41,42001,161,0.6
41,44001,161,0.6
41,46001,161,0.6
41,48001,161,0.6
41,50001,161,0.6
41,52001,161,0.6
41,54001,161,0.6
41,56001,161,0.6
41,58001,161,0.6
41,60001,161,0.6
41,62001,161,0.6
41,64001,161,0.6
41,65535,161,0.6
41,1,171,0.6
41,2001,171,0.6
41,4001,171,0.6
41,6001,171,0.6
41,8001,171,0.6
41,10001,171,0.6
41,12001,171,0.6
41,14001,171,0.6
41,16001,171,0.6
41,18001,171,0.6
41,20001,171,0.6
41,22001,171,0.6
41,24001,171,0.6
41,26001,171,0.6
41,28001,171,0.6
41,30001,171,0.6
41,32001,171,0.6
41,34001,171,0.6
41,36001,171,0.6
41,38001,171,0.6
41,40001,171,0.6
41,42001,171,0.6
41,44001,171,0.6
41,46001,171,0.6
41,48001,171,0.6
41,50001,171,0.6
41,52001,171,0.6
41,54001,171,0.6
41,56001,171,0.6
41,58001,171,0.6
41,60001,171,0.6
41,62001,171,0.6
41,64001,171,0.6
41,65535,171,0.6
41,1,181,0.6
41,2001,181,0.6
41,4001,181,0.6
41,6001,181,0.6
41,8001,181,0.6
41,10001,181,0.6
41,12001,181,0.6
41,14001,181,0.6
41,16001,181,0.6
41,18001,181,0.6
41,20001,181,0.6
41,22001,181,0.6
41,24001,181,0.6
41,26001,181,0.6
41,28001,181,0.6
41,30001,181,0.6
41,32001,181,0.6
41,34001,181,0.6
41,36001,181,0.6
41,38001,181,0.6
41,40001,181,0.6
41,42001,181,0.6
41,44001,181,0.6
41,46001,181,0.6
41,48001,181,0.6
41,50001,181,0.6
41,52001,181,0.6
41,54001,181,0.6
41,56001,181,0.6
41,58001,181,0.6
41,60001,181,0.6
41,62001,181,0.6
41,64001,181,0.6
41,65535,181,0.6
41,1,191,0.6
41,2001,191,0.6
41,4001,191,0.6
41,6001,191,0.6
41,8001,191,0.6
41,10001,191,0.6
41,12001,191,0.6
41,14001,191,0.6
41,16001,191,0.6
41,18001,191,0.6
41,20001,191,0.6
41,22001,191,0.6
41,24001,191,0.6
41,26001,191,0.6
41,28001,191,0.6
41,30001,191,0.6
41,32001,191,0.6
41,34001,191,0.6
41,36001,191,0.6
41,38001,191,0.6
41,40001,191,0.6
41,42001,191,0.6
41,44001,191,0.6
41,46001,191,0.6
41,48001,191,0.6
41,50001,191,0.6
41,52001,191,0.6
41,54001,191,0.6
41,56001,191,0.6
41,58001,191,0.6
41,60001,191,0.6
41,62001,191,0.6
41,64001,191,0.6
41,65535,191,0.6
41,1,201,0.6
41,2001,201,0.6
41,4001,201,0.6
41,6001,201,0.6
41,8001,201,0.6
41,10001,201,0.6
41,12001,201,0.6
41,14001,201,0.6
41,16001,201,0.6
41,18001,201,0.6
41,20001,201,0.6
41,22001,201,0.6
41,24001,201,0.6
41,26001,201,0.6
41,28001,201,0.6
41,30001,201,0.6
41,32001,201,0.6
41,34001,201,0.6
41,36001,201,0.6
41,38001,201,0.6
41,40001,201,0.6
41,42001,201,0.6
41,44001,201,0.6
41,46001,201,0.6
41,48001,201,0.6
41,50001,201,0.6
41,52001,201,0.6
41,54001,201,0.6
41,56001,201,0.6
41,58001,201,0.6
41,60001,201,0.6
41,62001,201,0.6
41,64001,201,0.6
41,65535,201,0.6
41,1,211,0.6
41,2001,211,0.6
41,4001,211,0.6
41,6001,211,0.6
41,8001,211,0.6
41,10001,211,0.6
41,12001,211,0.6
41,14001,211,0.6
41,16001,211,0.6
41,18001,211,0.6
41,20001,211,0.6
41,22001,211,0.6
41,24001,211,0.6
41,26001,211,0.6
41,28001,211,0.6
41,30001,211,0.6
41,32001,211,0.6
41,34001,211,0.6
41,36001,211,0.6
41,38001,211,0.6
41,40001,211,0.6
41,42001,211,0.6
41,44001,211,0.6
41,46001,211,0.6
41,48001,211,0.6
41,50001,211,0.6
41,52001,211,0.6
41,54001,211,0.6
41,56001,211,0.6
41,58001,211,0.6
41,60001,211,0.6
41,62001,211,0.6
41,64001,211,0.6
41,65535,211,0.6
41,1,221,0.6
41,2001,221,0.6
41,4001,221,0.6
41,6001,221,0.6
41,8001,221,0.6
41,10001,221,0.6
41,12001,221,0.6
41,14001,221,0.6
41,16001,221,0.6
41,18001,221,0.6
41,20001,221,0.6
41,22001,221,0.6
41,24001,221,0.6
41,26001,221,0.6
41,28001,221,0.6
41,30001,221,0.6
41,32001,221,0.6
41,34001,221,0.6
41,36001,221,0.6
41,38001,221,0.6
41,40001,221,0.6
41,42001,221,0.6
41,44001,221,0.6
41,46001,221,0.6
41,48001,221,0.6
41,50001,221,0.6
41,52001,221,0.6
41,54001,221,0.6
41,56001,221,0.6
41,58001,221,0.6
41,60001,221,0.6
41,62001,221,0.6
41,64001,221,0.6
41,65535,221,0.6
41,1,231,0.6
41,2001,231,0.6
41,4001,231,0.6
41,6001,231,0.6
41,8001,231,0.6
41,10001,231,0.6
41,12001,231,0.6
41,14001,231,0.6
41,16001,231,0.6
41,18001,231,0.6
41,20001,231,0.6
41,22001,231,0.6
41,24001,231,0.5
41,26001,231,0.6
41,28001,231,0.6
41,30001,231,0.6
41,32001,231,0.6
41,34001,231,0.6
41,36001,231,0.6
41,38001,231,0.6
41,40001,231,0.6
41,42001,231,0.6
41,44001,231,0.6
41,46001,231,0.6
41,48001,231,0.6
41,50001,231,0.6
41,52001,231,0.6
41,54001,231,0.6
41,56001,231,0.6
41,58001,231,0.6
41,60001,231,0.6
41,62001,231,0.6
41,64001,231,0.6
41,65535,231,0.6
41,1,241,0.6
41,2001,241,0.6
41,4001,241,0.6
41,6001,241,0.6
41,8001,241,0.6
41,10001,241,0.6
41,12001,241,0.6
41,14001,241,0.6
41,16001,241,0.6
41,18001,241,0.6
41,20001,241,0.6
41,22001,241,0.6
41,24001,241,0.6
41,26001,241,0.5
41,28001,241,0.6
41,30001,241,0.6
41,32001,241,0.6
41,34001,241,0.6
41,36001,241,0.6
41,38001,241,0.6
41,40001,241,0.6
41,42001,241,0.6
41,44001,241,0.6
41,46001,241,0.6
41,48001,241,0.6
41,50001,241,0.6
41,52001,241,0.6
41,54001,241,0.6
41,56001,241,0.6
41,58001,241,0.6
41,60001,241,0.6
41,62001,241,0.6
41,64001,241,0.6
41,65535,241,0.6
41,1,251,0.6
41,2001,251,0.6
41,4001,251,0.6
41,6001,251,0.6
41,8001,251,0.6
41,10001,251,0.6
41,12001,251,0.6
41,14001,251,0.6
41,16001,251,0.6
41,18001,251,0.6
41,20001,251,0.6
41,22001,251,0.6
41,24001,251,0.6
41,26001,251,0.6
41,28001,251,0.6
41,30001,251,0.6
41,32001,251,0.6
41,34001,251,0.6
41,36001,251,0.6
41,38001,251,0.6
41,40001,251,0.6
41,42001,251,0.6
41,44001,251,0.6
41,46001,251,0.6
41,48001,251,0.6
41,50001,251,0.6
41,52001,251,0.6
41,54001,251,0.6
41,56001,251,0.6
41,58001,251,0.6
41,60001,251,0.6
41,62001,251,0.6
41,64001,251,0.6
41,65535,251,0.6
41,1,254,0.6
41,2001,254,0.6
41,4001,254,0.6
41,6001,254,0.6
41,8001,254,0.6
41,10001,254,0.6
41,12001,254,0.6
41,14001,254,0.6
41,16001,254,0.6
41,18001,254,0.6
41,20001,254,0.6
41,22001,254,0.6
41,24001,254,0.6
41,26001,254,0.6
41,28001,254,0.6
41,30001,254,0.6
41,32001,254,0.6
41,34001,254,0.6
41,36001,254,0.6
41,38001,254,0.6
41,40001,254,0.6
41,42001,254,0.6
41,44001,254,0.6
41,46001,254,0.6
41,48001,254,0.6
41,50001,254,0.6
41,52001,254,0.6
41,54001,254,0.6
41,56001,254,0.6
41,58001,254,0.6
41,60001,254,0.6
41,62001,254,0.6
41,64001,254,0.6
41,65535,254,0.6
51,1,1,0.6
51,2001,1,0.6
51,4001,1,0.6
51,6001,1,0.6
51,8001,1,0.7
51,10001,1,0.6
51,12001,1,0.6
51,14001,1,0.6
51,16001,1,0.7
51,18001,1,0.6
51,20001,1,0.6
51,22001,1,0.6
51,24001,1,0.6
51,26001,1,0.6
51,28001,1,0.6
51,30001,1,0.6
51,32001,1,0.6
51,34001,1,0.7
51,36001,1,0.6
51,38001,1,0.6
51,40001,1,0.6
51,42001,1,0.6
51,44001,1,0.6
51,46001,1,0.6
51,48001,1,0.6
51,50001,1,0.6
51,52001,1,0.6
51,54001,1,0.7
51,56001,1,0.7
51,58001,1,0.6
51,60001,1,0.7
51,62001,1,0.6
51,64001,1,0.6
51,65535,1,0.6
51,1,11,0.6
51,2001,11,0.6
51,4001,11,0.6
51,6001,11,0.6
51,8001,11,0.6
51,10001,11,0.6
51,12001,11,0.6
51,14001,11,0.6
51,16001,11,0.6
51,18001,11,0.7
51,20001,11,0.6
51,22001,11,0.6
51,24001,11,0.6
51,26001,11,0.6
51,28001,11,0.6
51,30001,11,0.6
51,32001,11,0.6
51,34001,11,0.6
51,36001,11,0.6
51,38001,11,0.6
51,40001,11,0.6
51,42001,11,0.6
51,44001,11,0.6
51,46001,11,0.6
51,48001,11,0.6
51,50001,11,0.6
51,52001,11,0.7
51,54001,11,0.6
51,56001,11,0.6
51,58001,11,0.6
51,60001,11,0.6
51,62001,11,0.6
51,64001,11,0.6
51,65535,11,0.6
51,1,21,0.6
51,2001,21,0.6
51,4001,21,0.7
51,6001,21,0.6
51,8001,21,0.6
51,10001,21,0.6
51,12001,21,0.6
51,14001,21,0.6
51,16001,21,0.6
51,18001,21,0.6
51,20001,21,0.6
51,22001,21,0.6
51,24001,21,0.6
51,26001,21,0.6
51,28001,21,0.6
51,30001,21,0.6
51,32001,21,0.7
51,34001,21,0.6
51,36001,21,0.6
51,38001,21,0.6
51,40001,21,0.6
51,42001,21,0.6
51,44001,21,0.6
51,46001,21,0.6
51,48001,21,0.6
51,50001,21,0.6
51,52001,21,0.6
51,54001,21,0.6
51,56001,21,0.6
51,58001,21,0.6
51,60001,21,0.6
51,62001,21,0.6
51,64001,21,0.7
51,65535,21,0.6
51,1,31,0.6
51,2001,31,0.7
51,4001,31,0.6
51,6001,31,0.7
51,8001,31,0.6
51,10001,31,0.6
51,12001,31,0.6
51,14001,31,0.6
51,16001,31,0.7
51,18001,31,0.6
51,20001,31,0.6
51,22001,31,0.6
51,24001,31,0.6
51,26001,31,0.6
51,28001,31,0.6
51,30001,31,0.6
51,32001,31,0.6
51,34001,31,0.6
51,36001,31,0.6
51,38001,31,0.6
51,40001,31,0.6
51,42001,31,0.6
51,44001,31,0.7
51,46001,31,0.6
51,48001,31,0.6
51,50001,31,0.6
51,52001,31,0.6
51,54001,31,0.6
51,56001,31,0.6
51,58001,31,0.7
51,60001,31,0.6
51,62001,31,0.6
51,64001,31,0.6
51,65535,31,0.6
51,1,41,0.6
51,2001,41,0.6
51,4001,41,0.6
51,6001,41,0.6
51,8001,41,0.6
51,10001,41,0.6
51,12001,41,0.6
51,14001,41,0.6
51,16001,41,0.6
51,18001,41,0.6
51,20001,41,0.6
51,22001,41,0.7
51,24001,41,0.6
51,26001,41,0.6
51,28001,41,0.6
51,30001,41,0.6
51,32001,41,0.6
51,34001,41,0.6
51,36001,41,0.6
51,38001,41,0.6
51,40001,41,0.6
51,42001,41,0.6
51,44001,41,0.6
51,46001,41,0.6
51,48001,41,0.6
51,50001,41,0.6
51,52001,41,0.6
51,54001,41,0.6
51,56001,41,0.6
51,58001,41,0.6
51,60001,41,0.6
51,62001,41,0.6
51,64001,41,0.6
51,65535,41,0.6
51,1,51,0.6
51,2001,51,0.6
51,4001,51,0.6
51,6001,51,0.6
51,8001,51,0.6
51,10001,51,0.6
51,12001,51,0.6
51,14001,51,0.6
51,16001,51,0.6
51,18001,51,0.6
51,20001,51,0.6
51,22001,51,0.7
51,24001,51,0.7
51,26001,51,0.6
51,28001,51,0.6
51,30001,51,0.6
51,32001,51,0.6
51,34001,51,0.6
51,36001,51,0.6
51,38001,51,0.6
51,40001,51,0.6
51,42001,51,0.6
51,44001,51,0.7
51,46001,51,0.7
51,48001,51,0.6
51,50001,51,0.6
51,52001,51,0.7
51,54001,51,0.6
51,56001,51,0.6
51,58001,51,0.6
51,60001,51,0.6
51,62001,51,0.6
51,64001,51,0.6
51,65535,51,0.6
51,1,61,0.6
51,2001,61,0.6
51,4001,61,0.6
51,6001,61,0.6
51,8001,61,0.6
51,10001,61,0.6
51,12001,61,0.6
51,14001,61,0.6
51,16001,61,0.6
51,18001,61,0.6
51,20001,61,0.6
51,22001,61,0.6
51,24001,61,0.7
51,26001,61,0.6
51,28001,61,0.6
51,30001,61,0.7
51,32001,61,0.7
51,34001,61,0.7
51,36001,61,0.6
51,38001,61,0.6
51,40001,61,0.6
51,42001,61,0.6
51,44001,61,0.6
51,46001,61,0.6
51,48001,61,0.6
51,50001,61,0.6
51,52001,61,0.6
51,54001,61,0.6
51,56001,61,0.6
51,58001,61,0.7
51,60001,61,0.6
51,62001,61,0.6
51,64001,61,0.6
51,65535,61,0.6
51,1,71,0.6
51,2001,71,0.6
51,4001,71,0.6
51,6001,71,0.6
51,8001,71,0.6
51,10001,71,0.6
51,12001,71,0.6
51,14001,71,0.6
51,16001,71,0.6
51,18001,71,0.6
51,20001,71,0.7
51,22001,71,0.7
51,24001,71,0.6
51,26001,71,0.6
51,28001,71,0.6
51,30001,71,0.6
51,32001,71,0.7
51,34001,71,0.6
51,36001,71,0.6
51,38001,71,0.6
51,40001,71,0.6
51,42001,71,0.6
51,44001,71,0.7
51,46001,71,0.6
51,48001,71,0.6
51,50001,71,0.7
51,52001,71,0.6
51,54001,71,0.7
51,56001,71,0.6
51,58001,71,0.6
51,60001,71,0.6
51,62001,71,0.6
51,64001,71,0.6
51,65535,71,0.6
51,1,81,0.6
51,2001,81,0.6
51,4001,81,0.6
51,6001,81,0.7
51,8001,81,0.6
51,10001,81,0.6
51,12001,81,0.6
51,14001,81,0.6
51,16001,81,0.6
51,18001,81,0.6
51,20001,81,0.6
51,22001,81,0.6
51,24001,81,0.6
51,26001,81,0.6
51,28001,81,0.6
51,30001,81,0.6
51,32001,81,0.6
51,34001,81,0.6
51,36001,81,0.6
51,38001,81,0.6
51,40001,81,0.6
51,42001,81,0.6
51,44001,81,0.6
51,46001,81,0.6
51,48001,81,0.6
51,50001,81,0.6
51,52001,81,0.6
51,54001,81,0.6
51,56001,81,0.6
51,58001,81,0.6
51,60001,81,0.6
51,62001,81,0.6
51,64001,81,0.6
51,65535,81,0.7
51,1,91,0.6
51,2001,91,0.6
51,4001,91,0.6
51,6001,91,0.6
51,8001,91,0.6
51,10001,91,0.6
51,12001,91,0.7
51,14001,91,0.6
51,16001,91,0.7
51,18001,91,0.6
51,20001,91,0.6
51,22001,91,0.6
51,24001,91,0.6
51,26001,91,0.6
51,28001,91,0.6
51,30001,91,0.7
51,32001,91,0.6
51,34001,91,0.6
51,36001,91,0.6
51,38001,91,0.7
51,40001,91,0.7
51,42001,91,0.7
51,44001,91,0.6
51,46001,91,0.6
51,48001,91,0.7
51,50001,91,0.7
51,52001,91,0.7
51,54001,91,0.6
51,56001,91,0.6
51,58001,91,0.6
51,60001,91,0.6
51,62001,91,0.6
51,64001,91,0.6
51,65535,91,0.6
51,1,101,0.6
51,2001,101,0.6
51,4001,101,0.6
51,6001,101,0.6
51,8001,101,0.7
51,10001,101,0.6
51,12001,101,0.6
51,14001,101,0.6
51,16001,101,0.6
51,18001,101,0.6
51,20001,101,0.7
51,22001,101,0.6
51,24001,101,0.6
51,26001,101,0.6
51,28001,101,0.6
51,30001,101,0.6
51,32001,101,0.6
51,34001,101,0.6
51,36001,101,0.6
51,38001,101,0.6
51,40001,101,0.6
51,42001,101,0.6
51,44001,101,0.6
51,46001,101,0.6
51,48001,101,0.7
51,50001,101,0.6
51,52001,101,0.6
51,54001,101,0.6
51,56001,101,0.6
51,58001,101,0.6
51,60001,101,0.6
51,62001,101,0.6
51,64001,101,0.6
51,65535,101,0.6
51,1,111,0.6
51,2001,111,0.6
51,4001,111,0.6
51,6001,111,0.6
51,8001,111,0.7
51,10001,111,0.7
51,12001,111,0.6
51,14001,111,0.6
51,16001,111,0.6
51,18001,111,0.6
51,20001,111,0.6
51,22001,111,0.6
51,24001,111,0.6
51,26001,111,0.7
51,28001,111,0.6
51,30001,111,0.6
51,32001,111,0.7
51,34001,111,0.6
51,36001,111,0.6
51,38001,111,0.6
51,40001,111,0.6
51,42001,111,0.6
51,44001,111,0.6
51,46001,111,0.6
51,48001,111,0.6
51,50001,111,0.6
51,52001,111,0.6
51,54001,111,0.6
51,56001,111,0.6
51,58001,111,0.6
51,60001,111,0.6
51,62001,111,0.6
51,64001,111,0.6
51,65535,111,0.6
51,1,121,0.6
51,2001,121,0.6
51,4001,121,0.6
51,6001,121,0.6
51,8001,121,0.7
51,10001,121,0.6
51,12001,121,0.6
51,14001,121,0.6
51,16001,121,0.6
51,18001,121,0.6
51,20001,121,0.6
51,22001,121,0.6
51,24001,121,0.6
51,26001,121,0.6
51,28001,121,0.6
51,30001,121,0.7
51,32001,121,0.6
51,34001,121,0.6
51,36001,121,0.6
51,38001,121,0.6
51,40001,121,0.6
51,42001,121,0.6
51,44001,121,0.6
51,46001,121,0.6
51,48001,121,0.6
51,50001,121,0.6
51,52001,121,0.6
51,54001,121,0.7
51,56001,121,0.6
51,58001,121,0.6
51,60001,121,0.6
51,62001,121,0.6
51,64001,121,0.6
51,65535,121,0.6
51,1,131,0.6
51,2001,131,0.7
51,4001,131,0.7
51,6001,131,0.6
51,8001,131,0.6
51,10001,131,0.6
51,12001,131,0.7
51,14001,131,0.6
51,16001,131,0.6
51,18001,131,0.6
51,20001,131,0.6
51,22001,131,0.6
51,24001,131,0.6
51,26001,131,0.6
51,28001,131,0.6
51,30001,131,0.6
51,32001,131,0.6
51,34001,131,0.6
51,36001,131,0.7
51,38001,131,0.6
51,40001,131,0.6
51,42001,131,0.6
51,44001,131,0.7
51,46001,131,0.6
51,48001,131,0.6
51,50001,131,0.6
51,52001,131,0.6
51,54001,131,0.6
51,56001,131,0.7
51,58001,131,0.6
51,60001,131,0.7
51,62001,131,0.6
51,64001,131,0.6
51,65535,131,0.6
51,1,141,0.7
51,2001,141,0.6
51,4001,141,0.6
51,6001,141,0.6
51,8001,141,0.6
51,10001,141,0.6
51,12001,141,0.6
51,14001,141,0.6
51,16001,141,0.6
51,18001,141,0.6
51,20001,141,0.6
51,22001,141,0.7
51,24001,141,0.6
51,26001,141,0.6
51,28001,141,0.6
51,30001,141,0.6
51,32001,141,0.6
51,34001,141,0.7
51,36001,141,0.6
51,38001,141,0.6
51,40001,141,0.6
51,42001,141,0.6
51,44001,141,0.6
51,46001,141,0.7
51,48001,141,0.6
51,50001,141,0.6
51,52001,141,0.6
51,54001,141,0.7
51,56001,141,0.6
51,58001,141,0.6
51,60001,141,0.6
51,62001,141,0.6
51,64001,141,0.6
51,65535,141,0.6
51,1,151,0.6
51,2001,151,0.6
51,4001,151,0.6
51,6001,151,0.6
51,8001,151,0.7
51,10001,151,0.6
51,12001,151,0.6
51,14001,151,0.6
51,16001,151,0.6
51,18001,151,0.6
51,20001,151,0.6
51,22001,151,0.7
51,24001,151,0.7
51,26001,151,0.6
51,28001,151,0.6
51,30001,151,0.6
51,32001,151,0.6
51,34001,151,0.6
51,36001,151,0.6
51,38001,151,0.6
51,40001,151,0.6
51,42001,151,0.7
51,44001,151,0.6
51,46001,151,0.6
51,48001,151,0.7
51,50001,151,0.6
51,52001,151,0.6
51,54001,151,0.6
51,56001,151,0.7
51,58001,151,0.6
51,60001,151,0.6
51,62001,151,0.6
51,64001,151,0.6
51,65535,151,0.6
51,1,161,0.6
51,2001,161,0.6
51,4001,161,0.6
51,6001,161,0.6
51,8001,161,0.6
51,10001,161,0.7
51,12001,161,0.6
51,14001,161,0.6
51,16001,161,0.6
51,18001,161,0.6
51,20001,161,0.6
51,22001,161,0.6
51,24001,161,0.6
51,26001,161,0.6
51,28001,161,0.6
51,30001,161,0.6
51,32001,161,0.6
51,34001,161,0.6
51,36001,161,0.6
51,38001,161,0.6
51,40001,161,0.7
51,42001,161,0.6
51,44001,161,0.6
51,46001,161,0.6
51,48001,161,0.6
51,50001,161,0.6
51,52001,161,0.7
51,54001,161,0.6
51,56001,161,0.7
51,58001,161,0.6
51,60001,161,0.6
51,62001,161,0.6
51,64001,161,0.6
51,65535,161,0.6
51,1,171,0.6
51,2001,171,0.6
51,4001,171,0.6
51,6001,171,0.6
51,8001,171,0.6
51,10001,171,0.6
51,12001,171,0.6
51,14001,171,0.6
51,16001,171,0.6
51,18001,171,0.6
51,20001,171,0.6
51,22001,171,0.6
51,24001,171,0.6
51,26001,171,0.6
51,28001,171,0.7
51,30001,171,0.6
51,32001,171,0.6
51,34001,171,0.7
51,36001,171,0.6
51,38001,171,0.6
51,40001,171,0.6
51,42001,171,0.6
51,44001,171,0.6
51,46001,171,0.6
51,48001,171,0.6
51,50001,171,0.6
51,52001,171,0.6
51,54001,171,0.6
51,56001,171,0.6
51,58001,171,0.6
51,60001,171,0.6
51,62001,171,0.6
51,64001,171,0.6
51,65535,171,0.6
51,1,181,0.6
51,2001,181,0.6
51,4001,181,0.6
51,6001,181,0.6
51,8001,181,0.6
51,10001,181,0.7
51,12001,181,0.7
51,14001,181,0.6
51,16001,181,0.6
51,18001,181,0.6
51,20001,181,0.7
51,22001,181,0.6
51,24001,181,0.6
51,26001,181,0.6
51,28001,181,0.6
51,30001,181,0.6
51,32001,181,0.6
51,34001,181,0.6
51,36001,181,0.6
51,38001,181,0.6
51,40001,181,0.6
51,42001,181,0.6
51,44001,181,0.6
51,46001,181,0.6
51,48001,181,0.6
51,50001,181,0.6
51,52001,181,0.6
51,54001,181,0.6
51,56001,181,0.6
51,58001,181,0.6
51,60001,181,0.6
51,62001,181,0.6
51,64001,181,0.6
51,65535,181,0.6
51,1,191,0.6
51,2001,191,0.6
51,4001,191,0.6
51,6001,191,0.7
51,8001,191,0.6
51,10001,191,0.6
51,12001,191,0.6
51,14001,191,0.6
51,16001,191,0.6
51,18001,191,0.6
51,20001,191,0.6
51,22001,191,0.6
51,24001,191,0.6
51,26001,191,0.6
51,28001,191,0.6
51,30001,191,0.6
51,32001,191,0.6
51,34001,191,0.6
51,36001,191,0.6
51,38001,191,0.6
51,40001,191,0.6
51,42001,191,0.6
51,44001,191,0.6
51,46001,191,0.6
51,48001,191,0.6
51,50001,191,0.6
51,52001,191,0.7
51,54001,191,0.6
51,56001,191,0.6
51,58001,191,0.6
51,60001,191,0.6
51,62001,191,0.6
51,64001,191,0.6
51,65535,191,0.6
51,1,201,0.6
51,2001,201,0.6
51,4001,201,0.6
51,6001,201,0.6
51,8001,201,0.6
51,10001,201,0.7
51,12001,201,0.6
51,14001,201,0.6
51,16001,201,0.6
51,18001,201,0.6
51,20001,201,0.6
51,22001,201,0.6
51,24001,201,0.6
51,26001,201,0.6
51,28001,201,0.6
51,30001,201,0.6
51,32001,201,0.6
51,34001,201,0.6
51,36001,201,0.6
51,38001,201,0.6
51,40001,201,0.6
51,42001,201,0.6
51,44001,201,0.6
51,46001,201,0.6
51,48001,201,0.6
51,50001,201,0.6
51,52001,201,0.6
51,54001,201,0.6
51,56001,201,0.6
51,58001,201,0.6
51,60001,201,0.6
51,62001,201,0.6
51,64001,201,0.6
51,65535,201,0.6
51,1,211,0.6
51,2001,211,0.6
51,4001,211,0.6
51,6001,211,0.6
51,8001,211,0.7
51,10001,211,0.6
51,12001,211,0.6
51,14001,211,0.6
51,16001,211,0.6
51,18001,211,0.7
51,20001,211,0.6
51,22001,211,0.6
51,24001,211,0.6
51,26001,211,0.6
51,28001,211,0.6
51,30001,211,0.6
51,32001,211,0.6
51,34001,211,0.7
51,36001,211,0.6
51,38001,211,0.6
51,40001,211,0.6
51,42001,211,0.6
51,44001,211,0.6
51,46001,211,0.6
51,48001,211,0.6
51,50001,211,0.7
51,52001,211,0.6
51,54001,211,0.6
51,56001,211,0.6
51,58001,211,0.6
51,60001,211,0.6
51,62001,211,0.6
51,64001,211,0.6
51,65535,211,0.6
51,1,221,0.6
51,2001,221,0.6
51,4001,221,0.6
51,6001,221,0.6
51,8001,221,0.6
51,10001,221,0.6
51,12001,221,0.6
51,14001,221,0.6
51,16001,221,0.6
51,18001,221,0.7
51,20001,221,0.6
51,22001,221,0.6
51,24001,221,0.6
51,26001,221,0.6
51,28001,221,0.6
51,30001,221,0.6
51,32001,221,0.6
51,34001,221,0.6
51,36001,221,0.6
51,38001,221,0.6
51,40001,221,0.6
51,42001,221,0.6
51,44001,221,0.6
51,46001,221,0.6
51,48001,221,0.6
51,50001,221,0.6
51,52001,221,0.6
51,54001,221,0.6
51,56001,221,0.6
51,58001,221,0.6
51,60001,221,0.6
51,62001,221,0.6
51,64001,221,0.6
51,65535,221,0.6
51,1,231,0.6
51,2001,231,0.6
51,4001,231,0.6
51,6001,231,0.6
51,8001,231,0.6
51,10001,231,0.6
51,12001,231,0.6
51,14001,231,0.7
51,16001,231,0.7
51,18001,231,0.6
51,20001,231,0.6
51,22001,231,0.6
51,24001,231,0.6
51,26001,231,0.6
51,28001,231,0.6
51,30001,231,0.6
51,32001,231,0.6
51,34001,231,0.6
51,36001,231,0.6
51,38001,231,0.6
51,40001,231,0.6
51,42001,231,0.6
51,44001,231,0.6
51,46001,231,0.6
51,48001,231,0.6
51,50001,231,0.6
51,52001,231,0.6
51,54001,231,0.6
51,56001,231,0.6
51,58001,231,0.6
51,60001,231,0.6
51,62001,231,0.6
51,64001,231,0.6
51,65535,231,0.6
51,1,241,0.6
51,2001,241,0.6
51,4001,241,0.6
51,6001,241,0.6
51,8001,241,0.6
51,10001,241,0.6
51,12001,241,0.6
51,14001,241,0.6
51,16001,241,0.6
51,18001,241,0.6
51,20001,241,0.6
51,22001,241,0.6
51,24001,241,0.6
51,26001,241,0.6
51,28001,241,0.6
51,30001,241,0.6
51,32001,241,0.6
51,34001,241,0.6
51,36001,241,0.6
51,38001,241,0.7
51,40001,241,0.7
51,42001,241,0.6
51,44001,241,0.6
51,46001,241,0.6
51,48001,241,0.6
51,50001,241,0.6
51,52001,241,0.6
51,54001,241,0.6
51,56001,241,0.6
51,58001,241,0.6
51,60001,241,0.6
51,62001,241,0.6
51,64001,241,0.6
51,65535,241,0.6
51,1,251,0.6
51,2001,251,0.6
51,4001,251,0.6
51,6001,251,0.6
51,8001,251,0.6
51,10001,251,0.6
51,12001,251,0.6
51,14001,251,0.6
51,16001,251,0.6
51,18001,251,0.6
51,20001,251,0.6
51,22001,251,0.6
51,24001,251,0.6
51,26001,251,0.6
51,28001,251,0.6
51,30001,251,0.6
51,32001,251,0.6
51,34001,251,0.7
51,36001,251,0.6
51,38001,251,0.6
51,40001,251,0.6
51,42001,251,0.6
51,44001,251,0.6
51,46001,251,0.6
51,48001,251,0.6
51,50001,251,0.7
51,52001,251,0.6
51,54001,251,0.6
51,56001,251,0.6
51,58001,251,0.6
51,60001,251,0.6
51,62001,251,0.6
51,64001,251,0.6
51,65535,251,0.6
51,1,254,0.6
51,2001,254,0.6
51,4001,254,0.6
51,6001,254,0.6
51,8001,254,0.6
51,10001,254,0.6
51,12001,254,0.6
51,14001,254,0.6
51,16001,254,0.6
51,18001,254,0.6
51,20001,254,0.6
51,22001,254,0.6
51,24001,254,0.6
51,26001,254,0.6
51,28001,254,0.6
51,30001,254,0.6
51,32001,254,0.6
51,34001,254,0.6
51,36001,254,0.6
51,38001,254,0.6
51,40001,254,0.6
51,42001,254,0.6
51,44001,254,0.6
51,46001,254,0.6
51,48001,254,0.6
51,50001,254,0.6
51,52001,254,0.6
51,54001,254,0.6
51,56001,254,0.7
51,58001,254,0.6
51,60001,254,0.6
51,62001,254,0.6
51,64001,254,0.6
51,65535,254,0.6
61,1,1,0.7
61,2001,1,0.7
61,4001,1,0.7
61,6001,1,0.7
61,8001,1,0.7
61,10001,1,0.7
61,12001,1,0.7
61,14001,1,0.7
61,16001,1,0.7
61,18001,1,0.7
61,20001,1,0.7
61,22001,1,0.7
61,24001,1,0.7
61,26001,1,0.7
61,28001,1,0.7
61,30001,1,0.7
61,32001,1,0.7
61,34001,1,0.7
61,36001,1,0.7
61,38001,1,0.7
61,40001,1,0.7
61,42001,1,0.7
61,44001,1,0.7
61,46001,1,0.7
61,48001,1,0.7
61,50001,1,0.7
61,52001,1,0.7
61,54001,1,0.7
61,56001,1,0.7
61,58001,1,0.7
61,60001,1,0.7
61,62001,1,0.7
61,64001,1,0.7
61,65535,1,0.7
61,1,11,0.7
61,2001,11,0.7
61,4001,11,0.7
61,6001,11,0.7
61,8001,11,0.7
61,10001,11,0.7
61,12001,11,0.7
61,14001,11,0.7
61,16001,11,0.7
61,18001,11,0.7
61,20001,11,0.7
61,22001,11,0.7
61,24001,11,0.7
61,26001,11,0.7
61,28001,11,0.7
61,30001,11,0.7
61,32001,11,0.7
61,34001,11,0.7
61,36001,11,0.7
61,38001,11,0.7
61,40001,11,0.7
61,42001,11,0.7
61,44001,11,0.7
61,46001,11,0.7
61,48001,11,0.7
61,50001,11,0.7
61,52001,11,0.7
61,54001,11,0.7
61,56001,11,0.7
61,58001,11,0.7
61,60001,11,0.7
61,62001,11,0.7
61,64001,11,0.7
61,65535,11,0.7
61,1,21,0.7
61,2001,21,0.7
61,4001,21,0.7
61,6001,21,0.7
61,8001,21,0.7
61,10001,21,0.7
61,12001,21,0.7
61,14001,21,0.7
61,16001,21,0.7
61,18001,21,0.7
61,20001,21,0.7
61,22001,21,0.7
61,24001,21,0.7
61,26001,21,0.7
61,28001,21,0.7
61,30001,21,0.7
61,32001,21,0.7
61,34001,21,0.7
61,36001,21,0.7
61,38001,21,0.7
61,40001,21,0.7
61,42001,21,0.7
61,44001,21,0.7
61,46001,21,0.7
61,48001,21,0.7
61,50001,21,0.7
61,52001,21,0.7
61,54001,21,0.7
61,56001,21,0.7
61,58001,21,0.7
61,60001,21,0.7
61,62001,21,0.7
61,64001,21,0.7
61,65535,21,0.7
61,1,31,0.7
61,2001,31,0.7
61,4001,31,0.7
61,6001,31,0.7
61,8001,31,0.7
61,10001,31,0.7
61,12001,31,0.7
61,14001,31,0.7
61,16001,31,0.7
61,18001,31,0.7
61,20001,31,0.7
61,22001,31,0.7
61,24001,31,0.7
61,26001,31,0.7
61,28001,31,0.7
61,30001,31,0.7
61,32001,31,0.7
61,34001,31,0.7
61,36001,31,0.7
61,38001,31,0.7
61,40001,31,0.7
61,42001,31,0.7
61,44001,31,0.7
61,46001,31,0.7
61,48001,31,0.7
61,50001,31,0.7
61,52001,31,0.7
61,54001,31,0.7
61,56001,31,0.7
61,58001,31,0.7
61,60001,31,0.7
61,62001,31,0.7
61,64001,31,0.7
61,65535,31,0.7
61,1,41,0.7
61,2001,41,0.7
61,4001,41,0.7
61,6001,41,0.7
61,8001,41,0.7
61,10001,41,0.7
61,12001,41,0.7
61,14001,41,0.7
61,16001,41,0.7
61,18001,41,0.7
61,20001,41,0.7
61,22001,41,0.7
61,24001,41,0.7
61,26001,41,0.7
61,28001,41,0.7
61,30001,41,0.7
61,32001,41,0.7
61,34001,41,0.7
61,36001,41,0.7
61,38001,41,0.7
61,40001,41,0.7
61,42001,41,0.7
61,44001,41,0.7
61,46001,41,0.7
61,48001,41,0.7
61,50001,41,0.7
61,52001,41,0.7
61,54001,41,0.7
61,56001,41,0.7
61,58001,41,0.7
61,60001,41,0.7
61,62001,41,0.7
61,64001,41,0.7
61,65535,41,0.7
61,1,51,0.7
61,2001,51,0.7
61,4001,51,0.7
61,6001,51,0.7
61,8001,51,0.7
61,10001,51,0.7
61,12001,51,0.7
61,14001,51,0.7
61,16001,51,0.7
61,18001,51,0.7
61,20001,51,0.7
61,22001,51,0.7
61,24001,51,0.7
61,26001,51,0.7
61,28001,51,0.7
61,30001,51,0.7
61,32001,51,0.7
61,34001,51,0.7
61,36001,51,0.7
61,38001,51,0.7
61,40001,51,0.7
61,42001,51,0.7
61,44001,51,0.7
61,46001,51,0.7
61,48001,51,0.7
61,50001,51,0.7
61,52001,51,0.7
61,54001,51,0.7
61,56001,51,0.7
61,58001,51,0.7
61,60001,51,0.7
61,62001,51,0.7
61,64001,51,0.7
61,65535,51,0.7
61,1,61,0.7
61,2001,61,0.7
61,4001,61,0.7
61,6001,61,0.7
61,8001,61,0.7
61,10001,61,0.7
61,12001,61,0.7
61,14001,61,0.7
61,16001,61,0.7
61,18001,61,0.7
61,20001,61,0.7
61,22001,61,0.7
61,24001,61,0.7
61,26001,61,0.7
61,28001,61,0.7
61,30001,61,0.7
61,32001,61,0.7
61,34001,61,0.7
61,36001,61,0.7
61,38001,61,0.7
61,40001,61,0.7
61,42001,61,0.7
61,44001,61,0.7
61,46001,61,0.7
61,48001,61,0.7
61,50001,61,0.7
61,52001,61,0.7
61,54001,61,0.7
61,56001,61,0.7
61,58001,61,0.7
61,60001,61,0.7
61,62001,61,0.7
61,64001,61,0.7
61,65535,61,0.7
61,1,71,0.7
61,2001,71,0.7
61,4001,71,0.7
61,6001,71,0.7
61,8001,71,0.7
61,10001,71,0.7
61,12001,71,0.7
61,14001,71,0.7
61,16001,71,0.7
61,18001,71,0.7
61,20001,71,0.7
61,22001,71,0.7
61,24001,71,0.7
61,26001,71,0.7
61,28001,71,0.7
61,30001,71,0.7
61,32001,71,0.7
61,34001,71,0.7
61,36001,71,0.7
61,38001,71,0.7
61,40001,71,0.7
61,42001,71,0.7
61,44001,71,0.7
61,46001,71,0.7
61,48001,71,0.7
61,50001,71,0.7
61,52001,71,0.7
61,54001,71,0.7
61,56001,71,0.7
61,58001,71,0.7
61,60001,71,0.7
61,62001,71,0.7
61,64001,71,0.7
61,65535,71,0.7
61,1,81,0.7
61,2001,81,0.7
61,4001,81,0.7
61,6001,81,0.7
61,8001,81,0.7
61,10001,81,0.7
61,12001,81,0.7
61,14001,81,0.7
61,16001,81,0.7
61,18001,81,0.7
61,20001,81,0.7
61,22001,81,0.7
61,24001,81,0.7
61,26001,81,0.7
61,28001,81,0.7
61,30001,81,0.7
61,32001,81,0.7
61,34001,81,0.7
61,36001,81,0.7
61,38001,81,0.7
61,40001,81,0.7
61,42001,81,0.7
61,44001,81,0.7
61,46001,81,0.7
61,48001,81,0.7
61,50001,81,0.7
61,52001,81,0.7
61,54001,81,0.7
61,56001,81,0.7
61,58001,81,0.7
61,60001,81,0.7
61,62001,81,0.7
61,64001,81,0.7
61,65535,81,0.7
61,1,91,0.7
61,2001,91,0.7
61,4001,91,0.7
61,6001,91,0.7
61,8001,91,0.7
61,10001,91,0.7
61,12001,91,0.7
61,14001,91,0.7
61,16001,91,0.7
61,18001,91,0.7
61,20001,91,0.7
61,22001,91,0.7
61,24001,91,0.7
61,26001,91,0.7
61,28001,91,0.7
61,30001,91,0.7
61,32001,91,0.7
61,34001,91,0.7
61,36001,91,0.7
61,38001,91,0.7
61,40001,91,0.7
61,42001,91,0.7
61,44001,91,0.7
61,46001,91,0.7
61,48001,91,0.7
61,50001,91,0.7
61,52001,91,0.7
61,54001,91,0.7
61,56001,91,0.7
61,58001,91,0.7
61,60001,91,0.7
61,62001,91,0.7
61,64001,91,0.7
61,65535,91,0.7
61,1,101,0.7
61,2001,101,0.7
61,4001,101,0.7
61,6001,101,0.7
61,8001,101,0.7
61,10001,101,0.7
61,12001,101,0.7
61,14001,101,0.7
61,16001,101,0.7
61,18001,101,0.7
61,20001,101,0.7
61,22001,101,0.7
61,24001,101,0.7
61,26001,101,0.7
61,28001,101,0.7
61,30001,101,0.7
61,32001,101,0.7
61,34001,101,0.7
61,36001,101,0.7
61,38001,101,0.7
61,40001,101,0.7
61,42001,101,0.7
61,44001,101,0.7
61,46001,101,0.7
61,48001,101,0.7
61,50001,101,0.7
61,52001,101,0.7
61,54001,101,0.7
61,56001,101,0.7
61,58001,101,0.7
61,60001,101,0.7
61,62001,101,0.7
61,64001,101,0.7
61,65535,101,0.7
61,1,111,0.7
61,2001,111,0.7
61,4001,111,0.7
61,6001,111,0.7
61,8001,111,0.7
61,10001,111,0.7
61,12001,111,0.7
61,14001,111,0.7
61,16001,111,0.7
61,18001,111,0.7
61,20001,111,0.7
61,22001,111,0.7
61,24001,111,0.7
61,26001,111,0.7
61,28001,111,0.7
61,30001,111,0.7
61,32001,111,0.7
61,34001,111,0.7
61,36001,111,0.7
61,38001,111,0.7
61,40001,111,0.7
61,42001,111,0.7
61,44001,111,0.7
61,46001,111,0.7
61,48001,111,0.7
61,50001,111,0.7
61,52001,111,0.7
61,54001,111,0.7
61,56001,111,0.7
61,58001,111,0.7
61,60001,111,0.7
61,62001,111,0.7
61,64001,111,0.7
61,65535,111,0.7
61,1,121,0.7
61,2001,121,0.7
61,4001,121,0.7
61,6001,121,0.7
61,8001,121,0.7
61,10001,121,0.7
61,12001,121,0.7
61,14001,121,0.7
61,16001,121,0.7
61,18001,121,0.7
61,20001,121,0.7
61,22001,121,0.7
61,24001,121,0.7
61,26001,121,0.7
61,28001,121,0.7
61,30001,121,0.7
61,32001,121,0.7
61,34001,121,0.7
61,36001,121,0.7
61,38001,121,0.7
61,40001,121,0.7
61,42001,121,0.7
61,44001,121,0.7
61,46001,121,0.7
61,48001,121,0.7
61,50001,121,0.7
61,52001,121,0.7
61,54001,121,0.7
61,56001,121,0.7
61,58001,121,0.7
61,60001,121,0.7
61,62001,121,0.7
61,64001,121,0.7
61,65535,121,0.7
61,1,131,0.7
61,2001,131,0.7
61,4001,131,0.7
61,6001,131,0.7
61,8001,131,0.7
61,10001,131,0.7
61,12001,131,0.7
61,14001,131,0.7
61,16001,131,0.7
61,18001,131,0.7
61,20001,131,0.7
61,22001,131,0.7
61,24001,131,0.7
61,26001,131,0.7
61,28001,131,0.7
61,30001,131,0.7
61,32001,131,0.7
61,34001,131,0.7
61,36001,131,0.7
61,38001,131,0.7
61,40001,131,0.7
61,42001,131,0.7
61,44001,131,0.7
61,46001,131,0.7
61,48001,131,0.7
61,50001,131,0.7
61,52001,131,0.7
61,54001,131,0.7
61,56001,131,0.7
61,58001,131,0.7
61,60001,131,0.7
61,62001,131,0.7
61,64001,131,0.7
61,65535,131,0.7
61,1,141,0.7
61,2001,141,0.7
61,4001,141,0.7
61,6001,141,0.7
61,8001,141,0.7
61,10001,141,0.7
61,12001,141,0.7
61,14001,141,0.7
61,16001,141,0.7
61,18001,141,0.7
61,20001,141,0.7
61,22001,141,0.7
61,24001,141,0.7
61,26001,141,0.7
61,28001,141,0.7
61,30001,141,0.7
61,32001,141,0.7
61,34001,141,0.7
61,36001,141,0.7
61,38001,141,0.7
61,40001,141,0.7
61,42001,141,0.7
61,44001,141,0.7
61,46001,141,0.7
61,48001,141,0.7
61,50001,141,0.7
61,52001,141,0.7
61,54001,141,0.7
61,56001,141,0.7
61,58001,141,0.7
61,60001,141,0.7
61,62001,141,0.7
61,64001,141,0.7
61,65535,141,0.7
61,1,151,0.7
61,2001,151,0.7
61,4001,151,0.7
61,6001,151,0.7
61,8001,151,0.7
61,10001,151,0.7
61,12001,151,0.7
61,14001,151,0.7
61,16001,151,0.7
61,18001,151,0.7
61,20001,151,0.7
61,22001,151,0.7
61,24001,151,0.7
61,26001,151,0.7
61,28001,151,0.7
61,30001,151,0.7
61,32001,151,0.7
61,34001,151,0.7
61,36001,151,0.7
61,38001,151,0.7
61,40001,151,0.7
61,42001,151,0.7
61,44001,151,0.7
61,46001,151,0.7
61,48001,151,0.7
61,50001,151,0.7
61,52001,151,0.7
61,54001,151,0.7
61,56001,151,0.7
61,58001,151,0.7
61,60001,151,0.7
61,62001,151,0.7
61,64001,151,0.7
61,65535,151,0.7
61,1,161,0.7
61,2001,161,0.7
61,4001,161,0.7
61,6001,161,0.7
61,8001,161,0.7
61,10001,161,0.7
61,12001,161,0.7
61,14001,161,0.7
61,16001,161,0.7
61,18001,161,0.7
61,20001,161,0.7
61,22001,161,0.7
61,24001,161,0.7
61,26001,161,0.7
61,28001,161,0.7
61,30001,161,0.7
61,32001,161,0.7
61,34001,161,0.7
61,36001,161,0.7
61,38001,161,0.7
61,40001,161,0.7
61,42001,161,0.7
61,44001,161,0.7
61,46001,161,0.7
61,48001,161,0.7
61,50001,161,0.7
61,52001,161,0.7
61,54001,161,0.7
61,56001,161,0.7
61,58001,161,0.7
61,60001,161,0.7
61,62001,161,0.7
61,64001,161,0.7
61,65535,161,0.7
61,1,171,0.6
61,2001,171,0.7
61,4001,171,0.7
61,6001,171,0.7
61,8001,171,0.7
61,10001,171,0.7
61,12001,171,0.7
61,14001,171,0.7
61,16001,171,0.7
61,18001,171,0.7
61,20001,171,0.7
61,22001,171,0.7
61,24001,171,0.7
61,26001,171,0.7
61,28001,171,0.7
61,30001,171,0.7
61,32001,171,0.7
61,34001,171,0.7
61,36001,171,0.7
61,38001,171,0.7
61,40001,171,0.7
61,42001,171,0.7
61,44001,171,0.7
61,46001,171,0.7
61,48001,171,0.7
61,50001,171,0.7
61,52001,171,0.7
61,54001,171,0.7
61,56001,171,0.7
61,58001,171,0.7
61,60001,171,0.7
61,62001,171,0.7
61,64001,171,0.7
61,65535,171,0.7
61,1,181,0.7
61,2001,181,0.7
61,4001,181,0.7
61,6001,181,0.7
61,8001,181,0.7
61,10001,181,0.7
61,12001,181,0.7
61,14001,181,0.7
61,16001,181,0.7
61,18001,181,0.7
61,20001,181,0.7
61,22001,181,0.7
61,24001,181,0.7
61,26001,181,0.7
61,28001,181,0.7
61,30001,181,0.7
61,32001,181,0.7
61,34001,181,0.7
61,36001,181,0.7
61,38001,181,0.7
61,40001,181,0.7
61,42001,181,0.7
61,44001,181,0.7
61,46001,181,0.7
61,48001,181,0.7
61,50001,181,0.7
61,52001,181,0.7
61,54001,181,0.7
61,56001,181,0.7
61,58001,181,0.7
61,60001,181,0.7
61,62001,181,0.7
61,64001,181,0.7
61,65535,181,0.7
61,1,191,0.7
61,2001,191,0.7
61,4001,191,0.7
61,6001,191,0.7
61,8001,191,0.7
61,10001,191,0.7
61,12001,191,0.7
61,14001,191,0.7
61,16001,191,0.7
61,18001,191,0.7
61,20001,191,0.7
61,22001,191,0.7
61,24001,191,0.6
61,26001,191,0.7
61,28001,191,0.7
61,30001,191,0.7
61,32001,191,0.7
61,34001,191,0.7
61,36001,191,0.7
61,38001,191,0.7
61,40001,191,0.7
61,42001,191,0.7
61,44001,191,0.7
61,46001,191,0.7
61,48001,191,0.7
61,50001,191,0.7
61,52001,191,0.7
61,54001,191,0.7
61,56001,191,0.7
61,58001,191,0.7
61,60001,191,0.7
61,62001,191,0.7
61,64001,191,0.7
61,65535,191,0.7
61,1,201,0.6
61,2001,201,0.6
61,4001,201,0.7
61,6001,201,0.7
61,8001,201,0.7
61,10001,201,0.7
61,12001,201,0.7
61,14001,201,0.7
61,16001,201,0.7
61,18001,201,0.7
61,20001,201,0.7
61,22001,201,0.7
61,24001,201,0.7
61,26001,201,0.7
61,28001,201,0.7
61,30001,201,0.7
61,32001,201,0.7
61,34001,201,0.7
61,36001,201,0.7
61,38001,201,0.7
61,40001,201,0.7
61,42001,201,0.7
61,44001,201,0.7
61,46001,201,0.7
61,48001,201,0.7
61,50001,201,0.7
61,52001,201,0.7
61,54001,201,0.7
61,56001,201,0.7
61,58001,201,0.7
61,60001,201,0.7
61,62001,201,0.7
61,64001,201,0.7
61,65535,201,0.6
61,1,211,0.6
61,2001,211,0.6
61,4001,211,0.7
61,6001,211,0.7
61,8001,211,0.7
61,10001,211,0.7
61,12001,211,0.7
61,14001,211,0.7
61,16001,211,0.7
61,18001,211,0.7
61,20001,211,0.7
61,22001,211,0.7
61,24001,211,0.6
61,26001,211,0.7
61,28001,211,0.6
61,30001,211,0.7
61,32001,211,0.7
61,34001,211,0.7
61,36001,211,0.7
61,38001,211,0.7
61,40001,211,0.7
61,42001,211,0.7
61,44001,211,0.7
61,46001,211,0.7
61,48001,211,0.7
61,50001,211,0.7
61,52001,211,0.7
61,54001,211,0.7
61,56001,211,0.7
61,58001,211,0.7
61,60001,211,0.7
61,62001,211,0.6
61,64001,211,0.7
61,65535,211,0.7
61,1,221,0.6
61,2001,221,0.6
61,4001,221,0.7
61,6001,221,0.7
61,8001,221,0.7
61,10001,221,0.7
61,12001,221,0.7
61,14001,221,0.7
61,16001,221,0.7
61,18001,221,0.7
61,20001,221,0.7
61,22001,221,0.7
61,24001,221,0.7
61,26001,221,0.6
61,28001,221,0.7
61,30001,221,0.7
61,32001,221,0.7
61,34001,221,0.7
61,36001,221,0.7
61,38001,221,0.7
61,40001,221,0.7
61,42001,221,0.7
61,44001,221,0.7
61,46001,221,0.7
61,48001,221,0.7
61,50001,221,0.7
61,52001,221,0.7
61,54001,221,0.7
61,56001,221,0.7
61,58001,221,0.7
61,60001,221,0.7
61,62001,221,0.7
61,64001,221,0.7
61,65535,221,0.6
61,1,231,0.6
61,2001,231,0.7
61,4001,231,0.7
61,6001,231,0.7
61,8001,231,0.7
61,10001,231,0.7
61,12001,231,0.7
61,14001,231,0.7
61,16001,231,0.7
61,18001,231,0.7
61,20001,231,0.7
61,22001,231,0.7
61,24001,231,0.7
61,26001,231,0.7
61,28001,231,0.7
61,30001,231,0.7
61,32001,231,0.7
61,34001,231,0.7
61,36001,231,0.7
61,38001,231,0.7
61,40001,231,0.7
61,42001,231,0.7
61,44001,231,0.7
61,46001,231,0.7
61,48001,231,0.7
61,50001,231,0.7
61,52001,231,0.7
61,54001,231,0.7
61,56001,231,0.7
61,58001,231,0.7
61,60001,231,0.7
61,62001,231,0.7
61,64001,231,0.7
61,65535,231,0.6
61,1,241,0.6
61,2001,241,0.6
61,4001,241,0.7
61,6001,241,0.7
61,8001,241,0.7
61,10001,241,0.7
61,12001,241,0.7
61,14001,241,0.7
61,16001,241,0.7
61,18001,241,0.7
61,20001,241,0.6
61,22001,241,0.7
61,24001,241,0.6
61,26001,241,0.6
61,28001,241,0.7
61,30001,241,0.7
61,32001,241,0.7
61,34001,241,0.7
61,36001,241,0.7
61,38001,241,0.7
61,40001,241,0.7
61,42001,241,0.7
61,44001,241,0.7
61,46001,241,0.7
61,48001,241,0.7
61,50001,241,0.7
61,52001,241,0.7
61,54001,241,0.7
61,56001,241,0.7
61,58001,241,0.7
61,60001,241,0.7
61,62001,241,0.7
61,64001,241,0.6
61,65535,241,0.6
61,1,251,0.6
61,2001,251,0.6
61,4001,251,0.7
61,6001,251,0.7
61,8001,251,0.7
61,10001,251,0.7
61,12001,251,0.7
61,14001,251,0.7
61,16001,251,0.7
61,18001,251,0.7
61,20001,251,0.7
61,22001,251,0.7
61,24001,251,0.6
61,26001,251,0.7
61,28001,251,0.7
61,30001,251,0.7
61,32001,251,0.7
61,34001,251,0.7
61,36001,251,0.7
61,38001,251,0.7
61,40001,251,0.7
61,42001,251,0.7
61,44001,251,0.7
61,46001,251,0.7
61,48001,251,0.7
61,50001,251,0.7
61,52001,251,0.7
61,54001,251,0.7
61,56001,251,0.7
61,58001,251,0.7
61,60001,251,0.7
61,62001,251,0.7
61,64001,251,0.6
61,65535,251,0.6
61,1,254,0.7
61,2001,254,0.6
61,4001,254,0.6
61,6001,254,0.7
61,8001,254,0.7
61,10001,254,0.7
61,12001,254,0.7
61,14001,254,0.7
61,16001,254,0.7
61,18001,254,0.7
61,20001,254,0.6
61,22001,254,0.6
61,24001,254,0.6
61,26001,254,0.6
61,28001,254,0.7
61,30001,254,0.7
61,32001,254,0.7
61,34001,254,0.7
61,36001,254,0.7
61,38001,254,0.7
61,40001,254,0.7
61,42001,254,0.7
61,44001,254,0.7
61,46001,254,0.7
61,48001,254,0.7
61,50001,254,0.7
61,52001,254,0.7
61,54001,254,0.7
61,56001,254,0.7
61,58001,254,0.7
61,60001,254,0.7
61,62001,254,0.7
61,64001,254,0.6
61,65535,254,0.7
71,1,1,0.7
71,2001,1,0.7
71,4001,1,0.8
71,6001,1,0.7
71,8001,1,0.8
71,10001,1,0.8
71,12001,1,0.8
71,14001,1,0.7
71,16001,1,0.8
71,18001,1,0.8
71,20001,1,0.7
71,22001,1,0.7
71,24001,1,0.7
71,26001,1,0.8
71,28001,1,0.7
71,30001,1,0.7
71,32001,1,0.7
71,34001,1,0.7
71,36001,1,0.7
71,38001,1,0.7
71,40001,1,0.8
71,42001,1,0.7
71,44001,1,0.8
71,46001,1,0.7
71,48001,1,0.8
71,50001,1,0.8
71,52001,1,0.8
71,54001,1,0.8
71,56001,1,0.7
71,58001,1,0.8
71,60001,1,0.7
71,62001,1,0.8
71,64001,1,0.8
71,65535,1,0.7
71,1,11,0.8
71,2001,11,0.7
71,4001,11,0.8
71,6001,11,0.7
71,8001,11,0.7
71,10001,11,0.7
71,12001,11,0.7
71,14001,11,0.7
71,16001,11,0.7
71,18001,11,0.7
71,20001,11,0.7
71,22001,11,0.7
71,24001,11,0.7
71,26001,11,0.7
71,28001,11,0.7
71,30001,11,0.8
71,32001,11,0.7
71,34001,11,0.7
71,36001,11,0.8
71,38001,11,0.7
71,40001,11,0.7
71,42001,11,0.8
71,44001,11,0.7
71,46001,11,0.7
71,48001,11,0.7
71,50001,11,0.8
71,52001,11,0.8
71,54001,11,0.7
71,56001,11,0.7
71,58001,11,0.7
71,60001,11,0.8
71,62001,11,0.7
71,64001,11,0.7
71,65535,11,0.8
71,1,21,0.7
71,2001,21,0.8
71,4001,21,0.7
71,6001,21,0.7
71,8001,21,0.8
71,10001,21,0.8
71,12001,21,0.7
71,14001,21,0.7
71,16001,21,0.8
71,18001,21,0.7
71,20001,21,0.7
71,22001,21,0.8
71,24001,21,0.7
71,26001,21,0.7
71,28001,21,0.7
71,30001,21,0.7
71,32001,21,0.7
71,34001,21,0.8
71,36001,21,0.8
71,38001,21,0.7
71,40001,21,0.7
71,42001,21,0.7
71,44001,21,0.7
71,46001,21,0.7
71,48001,21,0.8
71,50001,21,0.8
71,52001,21,0.7
71,54001,21,0.8
71,56001,21,0.8
71,58001,21,0.7
71,60001,21,0.7
71,62001,21,0.7
71,64001,21,0.8
71,65535,21,0.7
71,1,31,0.7
71,2001,31,0.8
71,4001,31,0.7
71,6001,31,0.7
71,8001,31,0.7
71,10001,31,0.8
71,12001,31,0.8
71,14001,31,0.7
71,16001,31,0.7
71,18001,31,0.7
71,20001,31,0.7
71,22001,31,0.7
71,24001,31,0.8
71,26001,31,0.7
71,28001,31,0.7
71,30001,31,0.7
71,32001,31,0.7
71,34001,31,0.8
71,36001,31,0.7
71,38001,31,0.7
71,40001,31,0.7
71,42001,31,0.7
71,44001,31,0.8
71,46001,31,0.8
71,48001,31,0.7
71,50001,31,0.7
71,52001,31,0.7
71,54001,31,0.7
71,56001,31,0.7
71,58001,31,0.8
71,60001,31,0.7
71,62001,31,0.7
71,64001,31,0.7
71,65535,31,0.7
71,1,41,0.8
71,2001,41,0.7
71,4001,41,0.7
71,6001,41,0.7
71,8001,41,0.7
71,10001,41,0.7
71,12001,41,0.8
71,14001,41,0.7
71,16001,41,0.8
71,18001,41,0.8
71,20001,41,0.8
71,22001,41,0.7
71,24001,41,0.7
71,26001,41,0.7
71,28001,41,0.7
71,30001,41,0.7
71,32001,41,0.8
71,34001,41,0.7
71,36001,41,0.7
71,38001,41,0.7
71,40001,41,0.8
71,42001,41,0.7
71,44001,41,0.7
71,46001,41,0.7
71,48001,41,0.8
71,50001,41,0.7
71,52001,41,0.8
71,54001,41,0.8
71,56001,41,0.8
71,58001,41,0.7
71,60001,41,0.7
71,62001,41,0.7
71,64001,41,0.7
71,65535,41,0.7
71,1,51,0.8
71,2001,51,0.7
71,4001,51,0.7
71,6001,51,0.7
71,8001,51,0.7
71,10001,51,0.8
71,12001,51,0.8
71,14001,51,0.7
71,16001,51,0.7
71,18001,51,0.8
71,20001,51,0.8
71,22001,51,0.8
71,24001,51,0.7
71,26001,51,0.8
71,28001,51,0.7
71,30001,51,0.8
71,32001,51,0.8
71,34001,51,0.7
71,36001,51,0.7
71,38001,51,0.7
71,40001,51,0.7
71,42001,51,0.7
71,44001,51,0.7
71,46001,51,0.7
71,48001,51,0.7
71,50001,51,0.7
71,52001,51,0.7
71,54001,51,0.7
71,56001,51,0.8
71,58001,51,0.7
71,60001,51,0.7
71,62001,51,0.7
71,64001,51,0.7
71,65535,51,0.8
71,1,61,0.7
71,2001,61,0.7
71,4001,61,0.8
71,6001,61,0.8
71,8001,61,0.7
71,10001,61,0.8
71,12001,61,0.7
71,14001,61,0.7
71,16001,61,0.7
71,18001,61,0.7
71,20001,61,0.8
71,22001,61,0.7
71,24001,61,0.7
71,26001,61,0.7
71,28001,61,0.7
71,30001,61,0.7
71,32001,61,0.7
71,34001,61,0.8
71,36001,61,0.8
71,38001,61,0.8
71,40001,61,0.7
71,42001,61,0.7
71,44001,61,0.7
71,46001,61,0.8
71,48001,61,0.7
71,50001,61,0.8
71,52001,61,0.8
71,54001,61,0.7
71,56001,61,0.8
71,58001,61,0.7
71,60001,61,0.7
71,62001,61,0.8
71,64001,61,0.7
71,65535,61,0.7
71,1,71,0.7
71,2001,71,0.7
71,4001,71,0.8
71,6001,71,0.8
71,8001,71,0.7
71,10001,71,0.7
71,12001,71,0.7
71,14001,71,0.8
71,16001,71,0.8
71,18001,71,0.7
71,20001,71,0.7
71,22001,71,0.8
71,24001,71,0.8
71,26001,71,0.8
71,28001,71,0.8
71,30001,71,0.7
71,32001,71,0.8
71,34001,71,0.7
71,36001,71,0.7
71,38001,71,0.7
71,40001,71,0.7
71,42001,71,0.7
71,44001,71,0.8
71,46001,71,0.8
71,48001,71,0.7
71,50001,71,0.8
71,52001,71,0.8
71,54001,71,0.7
71,56001,71,0.7
71,58001,71,0.8
71,60001,71,0.7
71,62001,71,0.7
71,64001,71,0.7
71,65535,71,0.8
71,1,81,0.7
71,2001,81,0.7
71,4001,81,0.7
71,6001,81,0.8
71,8001,81,0.8
71,10001,81,0.7
71,12001,81,0.7
71,14001,81,0.7
71,16001,81,0.8
71,18001,81,0.8
71,20001,81,0.7
71,22001,81,0.7
71,24001,81,0.8
71,26001,81,0.7
71,28001,81,0.8
71,30001,81,0.7
71,32001,81,0.7
71,34001,81,0.7
71,36001,81,0.7
71,38001,81,0.7
71,40001,81,0.8
71,42001,81,0.8
71,44001,81,0.7
71,46001,81,0.7
71,48001,81,0.7
71,50001,81,0.8
71,52001,81,0.8
71,54001,81,0.7
71,56001,81,0.8
71,58001,81,0.7
71,60001,81,0.7
71,62001,81,0.7
71,64001,81,0.7
71,65535,81,0.7
71,1,91,0.8
71,2001,91,0.7
71,4001,91,0.8
71,6001,91,0.7
71,8001,91,0.7
71,10001,91,0.8
71,12001,91,0.8
71,14001,91,0.7
71,16001,91,0.7
71,18001,91,0.7
71,20001,91,0.7
71,22001,91,0.7
71,24001,91,0.7
71,26001,91,0.7
71,28001,91,0.7
71,30001,91,0.7
71,32001,91,0.8
71,34001,91,0.7
71,36001,91,0.7
71,38001,91,0.7
71,40001,91,0.7
71,42001,91,0.8
71,44001,91,0.7
71,46001,91,0.7
71,48001,91,0.7
71,50001,91,0.7
71,52001,91,0.7
71,54001,91,0.7
71,56001,91,0.7
71,58001,91,0.7
71,60001,91,0.8
71,62001,91,0.7
71,64001,91,0.7
71,65535,91,0.7
71,1,101,0.8
71,2001,101,0.7
71,4001,101,0.8
71,6001,101,0.7
71,8001,101,0.7
71,10001,101,0.7
71,12001,101,0.7
71,14001,101,0.8
71,16001,101,0.7
71,18001,101,0.8
71,20001,101,0.7
71,22001,101,0.7
71,24001,101,0.7
71,26001,101,0.7
71,28001,101,0.7
71,30001,101,0.7
71,32001,101,0.7
71,34001,101,0.7
71,36001,101,0.8
71,38001,101,0.7
71,40001,101,0.7
71,42001,101,0.7
71,44001,101,0.8
71,46001,101,0.7
71,48001,101,0.8
71,50001,101,0.7
71,52001,101,0.7
71,54001,101,0.7
71,56001,101,0.7
71,58001,101,0.7
71,60001,101,0.8
71,62001,101,0.7
71,64001,101,0.7
71,65535,101,0.8
71,1,111,0.7
71,2001,111,0.8
71,4001,111,0.7
71,6001,111,0.7
71,8001,111,0.7
71,10001,111,0.7
71,12001,111,0.8
71,14001,111,0.8
71,16001,111,0.8
71,18001,111,0.7
71,20001,111,0.7
71,22001,111,0.7
71,24001,111,0.7
71,26001,111,0.8
71,28001,111,0.7
71,30001,111,0.7
71,32001,111,0.8
71,34001,111,0.7
71,36001,111,0.7
71,38001,111,0.8
71,40001,111,0.8
71,42001,111,0.8
71,44001,111,0.8
71,46001,111,0.7
71,48001,111,0.7
71,50001,111,0.7
71,52001,111,0.7
71,54001,111,0.7
71,56001,111,0.7
71,58001,111,0.8
71,60001,111,0.7
71,62001,111,0.8
71,64001,111,0.8
71,65535,111,0.8
71,1,121,0.7
71,2001,121,0.8
71,4001,121,0.7
71,6001,121,0.7
71,8001,121,0.7
71,10001,121,0.7
71,12001,121,0.7
71,14001,121,0.8
71,16001,121,0.7
71,18001,121,0.7
71,20001,121,0.7
71,22001,121,0.7
71,24001,121,0.7
71,26001,121,0.7
71,28001,121,0.7
71,30001,121,0.7
71,32001,121,0.7
71,34001,121,0.7
71,36001,121,0.7
71,38001,121,0.7
71,40001,121,0.7
71,42001,121,0.8
71,44001,121,0.8
71,46001,121,0.7
71,48001,121,0.7
71,50001,121,0.7
71,52001,121,0.8
71,54001,121,0.7
71,56001,121,0.8
71,58001,121,0.7
71,60001,121,0.7
71,62001,121,0.8
71,64001,121,0.8
71,65535,121,0.8
71,1,131,0.7
71,2001,131,0.7
71,4001,131,0.8
71,6001,131,0.7
71,8001,131,0.8
71,10001,131,0.8
71,12001,131,0.7
71,14001,131,0.7
71,16001,131,0.7
71,18001,131,0.7
71,20001,131,0.8
71,22001,131,0.7
71,24001,131,0.7
71,26001,131,0.7
71,28001,131,0.7
71,30001,131,0.8
71,32001,131,0.7
71,34001,131,0.7
71,36001,131,0.8
71,38001,131,0.7
71,40001,131,0.7
71,42001,131,0.7
71,44001,131,0.7
71,46001,131,0.7
71,48001,131,0.7
71,50001,131,0.7
71,52001,131,0.7
71,54001,131,0.8
71,56001,131,0.7
71,58001,131,0.8
71,60001,131,0.8
71,62001,131,0.8
71,64001,131,0.7
71,65535,131,0.7
71,1,141,0.7
71,2001,141,0.7
71,4001,141,0.8
71,6001,141,0.7
71,8001,141,0.8
71,10001,141,0.8
71,12001,141,0.7
71,14001,141,0.7
71,16001,141,0.7
71,18001,141,0.8
71,20001,141,0.7
71,22001,141,0.7
71,24001,141,0.7
71,26001,141,0.7
71,28001,141,0.7
71,30001,141,0.7
71,32001,141,0.7
71,34001,141,0.7
71,36001,141,0.7
71,38001,141,0.8
71,40001,141,0.7
71,42001,141,0.7
71,44001,141,0.7
71,46001,141,0.7
71,48001,141,0.8
71,50001,141,0.7
71,52001,141,0.7
71,54001,141,0.7
71,56001,141,0.7
71,58001,141,0.7
71,60001,141,0.7
71,62001,141,0.8
71,64001,141,0.7
71,65535,141,0.7
71,1,151,0.7
71,2001,151,0.7
71,4001,151,0.8
71,6001,151,0.8
71,8001,151,0.8
71,10001,151,0.8
71,12001,151,0.7
71,14001,151,0.8
71,16001,151,0.7
71,18001,151,0.8
71,20001,151,0.7
71,22001,151,0.7
71,24001,151,0.7
71,26001,151,0.7
71,28001,151,0.7
71,30001,151,0.7
71,32001,151,0.7
71,34001,151,0.7
71,36001,151,0.7
71,38001,151,0.7
71,40001,151,0.7
71,42001,151,0.7
71,44001,151,0.7
71,46001,151,0.7
71,48001,151,0.7
71,50001,151,0.7
71,52001,151,0.8
71,54001,151,0.7
71,56001,151,0.7
71,58001,151,0.7
71,60001,151,0.8
71,62001,151,0.7
71,64001,151,0.7
71,65535,151,0.8
71,1,161,0.7
71,2001,161,0.7
71,4001,161,0.8
71,6001,161,0.7
71,8001,161,0.7
71,10001,161,0.7
71,12001,161,0.7
71,14001,161,0.7
71,16001,161,0.7
71,18001,161,0.7
71,20001,161,0.7
71,22001,161,0.7
71,24001,161,0.7
71,26001,161,0.8
71,28001,161,0.7
71,30001,161,0.7
71,32001,161,0.7
71,34001,161,0.7
71,36001,161,0.7
71,38001,161,0.8
71,40001,161,0.7
71,42001,161,0.7
71,44001,161,0.7
71,46001,161,0.7
71,48001,161,0.8
71,50001,161,0.7
71,52001,161,0.8
71,54001,161,0.7
71,56001,161,0.7
71,58001,161,0.7
71,60001,161,0.8
71,62001,161,0.8
71,64001,161,0.7
71,65535,161,0.7
71,1,171,0.7
71,2001,171,0.7
71,4001,171,0.7
71,6001,171,0.7
71,8001,171,0.7
71,10001,171,0.7
71,12001,171,0.7
71,14001,171,0.7
71,16001,171,0.8
71,18001,171,0.8
71,20001,171,0.7
71,22001,171,0.7
71,24001,171,0.7
71,26001,171,0.7
71,28001,171,0.7
71,30001,171,0.7
71,32001,171,0.8
71,34001,171,0.7
71,36001,171,0.7
71,38001,171,0.7
71,40001,171,0.8
71,42001,171,0.7
71,44001,171,0.7
71,46001,171,0.7
71,48001,171,0.7
71,50001,171,0.7
71,52001,171,0.7
71,54001,171,0.7
71,56001,171,0.7
71,58001,171,0.7
71,60001,171,0.7
71,62001,171,0.7
71,64001,171,0.7
71,65535,171,0.7
71,1,181,0.7
71,2001,181,0.7
71,4001,181,0.7
71,6001,181,0.7
71,8001,181,0.7
71,10001,181,0.7
71,12001,181,0.8
71,14001,181,0.7
71,16001,181,0.7
71,18001,181,0.7
71,20001,181,0.7
71,22001,181,0.7
71,24001,181,0.7
71,26001,181,0.7
71,28001,181,0.7
71,30001,181,0.7
71,32001,181,0.8
71,34001,181,0.7
71,36001,181,0.7
71,38001,181,0.7
71,40001,181,0.8
71,42001,181,0.7
71,44001,181,0.8
71,46001,181,0.7
71,48001,181,0.7
71,50001,181,0.8
71,52001,181,0.7
71,54001,181,0.8
71,56001,181,0.7
71,58001,181,0.7
71,60001,181,0.7
71,62001,181,0.7
71,64001,181,0.7
71,65535,181,0.7
71,1,191,0.7
71,2001,191,0.7
71,4001,191,0.7
71,6001,191,0.7
71,8001,191,0.8
71,10001,191,0.7
71,12001,191,0.8
71,14001,191,0.7
71,16001,191,0.7
71,18001,191,0.8
71,20001,191,0.7
71,22001,191,0.7
71,24001,191,0.7
71,26001,191,0.7
71,28001,191,0.7
71,30001,191,0.7
71,32001,191,0.7
71,34001,191,0.7
71,36001,191,0.7
71,38001,191,0.7
71,40001,191,0.7
71,42001,191,0.8
71,44001,191,0.8
71,46001,191,0.8
71,48001,191,0.8
71,50001,191,0.7
71,52001,191,0.7
71,54001,191,0.7
71,56001,191,0.7
71,58001,191,0.8
71,60001,191,0.7
71,62001,191,0.7
71,64001,191,0.7
71,65535,191,0.7
71,1,201,0.7
71,2001,201,0.7
71,4001,201,0.7
71,6001,201,0.7
71,8001,201,0.7
71,10001,201,0.7
71,12001,201,0.7
71,14001,201,0.7
71,16001,201,0.7
71,18001,201,0.7
71,20001,201,0.7
71,22001,201,0.7
71,24001,201,0.7
71,26001,201,0.7
71,28001,201,0.7
71,30001,201,0.7
71,32001,201,0.8
71,34001,201,0.7
71,36001,201,0.7
71,38001,201,0.7
71,40001,201,0.8
71,42001,201,0.7
71,44001,201,0.7
71,46001,201,0.8
71,48001,201,0.7
71,50001,201,0.8
71,52001,201,0.8
71,54001,201,0.7
71,56001,201,0.7
71,58001,201,0.8
71,60001,201,0.7
71,62001,201,0.7
71,64001,201,0.7
71,65535,201,0.7
71,1,211,0.7
71,2001,211,0.7
71,4001,211,0.7
71,6001,211,0.7
71,8001,211,0.7
71,10001,211,0.7
71,12001,211,0.7
71,14001,211,0.7
71,16001,211,0.7
71,18001,211,0.7
71,20001,211,0.7
71,22001,211,0.7
71,24001,211,0.7
71,26001,211,0.7
71,28001,211,0.7
71,30001,211,0.7
71,32001,211,0.7
71,34001,211,0.7
71,36001,211,0.7
71,38001,211,0.7
71,40001,211,0.7
71,42001,211,0.8
71,44001,211,0.7
71,46001,211,0.8
71,48001,211,0.8
71,50001,211,0.7
71,52001,211,0.7
71,54001,211,0.7
71,56001,211,0.8
71,58001,211,0.7
71,60001,211,0.7
71,62001,211,0.7
71,64001,211,0.7
71,65535,211,0.7
71,1,221,0.7
71,2001,221,0.7
71,4001,221,0.7
71,6001,221,0.7
71,8001,221,0.7
71,10001,221,0.8
71,12001,221,0.8
71,14001,221,0.8
71,16001,221,0.7
71,18001,221,0.7
71,20001,221,0.8
71,22001,221,0.7
71,24001,221,0.7
71,26001,221,0.7
71,28001,221,0.7
71,30001,221,0.8
71,32001,221,0.7
71,34001,221,0.7
71,36001,221,0.7
71,38001,221,0.8
71,40001,221,0.8
71,42001,221,0.7
71,44001,221,0.7
71,46001,221,0.8
71,48001,221,0.7
71,50001,221,0.7
71,52001,221,0.8
71,54001,221,0.7
71,56001,221,0.8
71,58001,221,0.7
71,60001,221,0.8
71,62001,221,0.7
71,64001,221,0.7
71,65535,221,0.7
71,1,231,0.7
71,2001,231,0.7
71,4001,231,0.7
71,6001,231,0.7
71,8001,231,0.7
71,10001,231,0.7
71,12001,231,0.8
71,14001,231,0.7
71,16001,231,0.7
71,18001,231,0.7
71,20001,231,0.7
71,22001,231,0.7
71,24001,231,0.7
71,26001,231,0.7
71,28001,231,0.7
71,30001,231,0.7
71,32001,231,0.7
71,34001,231,0.8
71,36001,231,0.7
71,38001,231,0.8
71,40001,231,0.8
71,42001,231,0.7
71,44001,231,0.7
71,46001,231,0.7
71,48001,231,0.7
71,50001,231,0.8
71,52001,231,0.7
71,54001,231,0.7
71,56001,231,0.8
71,58001,231,0.7
71,60001,231,0.7
71,62001,231,0.7
71,64001,231,0.7
71,65535,231,0.7
71,1,241,0.7
71,2001,241,0.7
71,4001,241,0.7
71,6001,241,0.7
71,8001,241,0.7
71,10001,241,0.7
71,12001,241,0.7
71,14001,241,0.8
71,16001,241,0.7
71,18001,241,0.8
71,20001,241,0.7
71,22001,241,0.7
71,24001,241,0.7
71,26001,241,0.7
71,28001,241,0.7
71,30001,241,0.7
71,32001,241,0.7
71,34001,241,0.7
71,36001,241,0.7
71,38001,241,0.7
71,40001,241,0.8
71,42001,241,0.7
71,44001,241,0.7
71,46001,241,0.7
71,48001,241,0.8
71,50001,241,0.7
71,52001,241,0.7
71,54001,241,0.8
71,56001,241,0.8
71,58001,241,0.7
71,60001,241,0.7
71,62001,241,0.7
71,64001,241,0.7
71,65535,241,0.7
71,1,251,0.7
71,2001,251,0.7
71,4001,251,0.7
71,6001,251,0.7
71,8001,251,0.8
71,10001,251,0.7
71,12001,251,0.7
71,14001,251,0.7
71,16001,251,0.8
71,18001,251,0.7
71,20001,251,0.7
71,22001,251,0.7
71,24001,251,0.7
71,26001,251,0.7
71,28001,251,0.7
71,30001,251,0.7
71,32001,251,0.7
71,34001,251,0.7
71,36001,251,0.7
71,38001,251,0.7
71,40001,251,0.8
71,42001,251,0.7
71,44001,251,0.7
71,46001,251,0.8
71,48001,251,0.7
71,50001,251,0.7
71,52001,251,0.7
71,54001,251,0.8
71,56001,251,0.7
71,58001,251,0.7
71,60001,251,0.7
71,62001,251,0.7
71,64001,251,0.7
71,65535,251,0.7
71,1,254,0.7
71,2001,254,0.7
71,4001,254,0.7
71,6001,254,0.8
71,8001,254,0.8
71,10001,254,0.7
71,12001,254,0.8
71,14001,254,0.7
71,16001,254,0.7
71,18001,254,0.7
71,20001,254,0.7
71,22001,254,0.7
71,24001,254,0.7
71,26001,254,0.7
71,28001,254,0.7
71,30001,254,0.7
71,32001,254,0.7
71,34001,254,0.7
71,36001,254,0.8
71,38001,254,0.7
71,40001,254,0.7
71,42001,254,0.7
71,44001,254,0.7
71,46001,254,0.7
71,48001,254,0.7
71,50001,254,0.7
71,52001,254,0.7
71,54001,254,0.7
71,56001,254,0.8
71,58001,254,0.7
71,60001,254,0.7
71,62001,254,0.7
71,64001,254,0.7
71,65535,254,0.7
81,1,1,0.8
81,2001,1,0.8
81,4001,1,0.8
81,6001,1,0.8
81,8001,1,0.8
81,10001,1,0.8
81,12001,1,0.8
81,14001,1,0.8
81,16001,1,0.8
81,18001,1,0.8
81,20001,1,0.8
81,22001,1,0.8
81,24001,1,0.8
81,26001,1,0.8
81,28001,1,0.8
81,30001,1,0.8
81,32001,1,0.8
81,34001,1,0.8
81,36001,1,0.8
81,38001,1,0.8
81,40001,1,0.8
81,42001,1,0.8
81,44001,1,0.8
81,46001,1,0.8
81,48001,1,0.8
81,50001,1,0.8
81,52001,1,0.8
81,54001,1,0.8
81,56001,1,0.8
81,58001,1,0.8
81,60001,1,0.8
81,62001,1,0.8
81,64001,1,0.8
81,65535,1,0.8
81,1,11,0.8
81,2001,11,0.8
81,4001,11,0.8
81,6001,11,0.8
81,8001,11,0.8
81,10001,11,0.8
81,12001,11,0.8
81,14001,11,0.8
81,16001,11,0.8
81,18001,11,0.8
81,20001,11,0.8
81,22001,11,0.8
81,24001,11,0.8
81,26001,11,0.8
81,28001,11,0.8
81,30001,11,0.8
81,32001,11,0.8
81,34001,11,0.8
81,36001,11,0.8
81,38001,11,0.8
81,40001,11,0.8
81,42001,11,0.8
81,44001,11,0.8
81,46001,11,0.8
81,48001,11,0.8
81,50001,11,0.8
81,52001,11,0.8
81,54001,11,0.8
81,56001,11,0.8
81,58001,11,0.8
81,60001,11,0.8
81,62001,11,0.8
81,64001,11,0.8
81,65535,11,0.8
81,1,21,0.8
81,2001,21,0.8
81,4001,21,0.8
81,6001,21,0.8
81,8001,21,0.8
81,10001,21,0.8
81,12001,21,0.8
81,14001,21,0.8
81,16001,21,0.8
81,18001,21,0.8
81,20001,21,0.8
81,22001,21,0.8
81,24001,21,0.8
81,26001,21,0.8
81,28001,21,0.8
81,30001,21,0.8
81,32001,21,0.8
81,34001,21,0.8
81,36001,21,0.8
81,38001,21,0.8
81,40001,21,0.8
81,42001,21,0.8
81,44001,21,0.8
81,46001,21,0.8
81,48001,21,0.8
81,50001,21,0.8
81,52001,21,0.8
81,54001,21,0.8
81,56001,21,0.8
81,58001,21,0.8
81,60001,21,0.8
81,62001,21,0.8
81,64001,21,0.8
81,65535,21,0.8
81,1,31,0.8
81,2001,31,0.8
81,4001,31,0.8
81,6001,31,0.8
81,8001,31,0.8
81,10001,31,0.8
81,12001,31,0.8
81,14001,31,0.8
81,16001,31,0.8
81,18001,31,0.8
81,20001,31,0.8
81,22001,31,0.8
81,24001,31,0.8
81,26001,31,0.8
81,28001,31,0.8
81,30001,31,0.8
81,32001,31,0.8
81,34001,31,0.8
81,36001,31,0.8
81,38001,31,0.8
81,40001,31,0.8
81,42001,31,0.8
81,44001,31,0.8
81,46001,31,0.8
81,48001,31,0.8
81,50001,31,0.8
81,52001,31,0.8
81,54001,31,0.8
81,56001,31,0.8
81,58001,31,0.8
81,60001,31,0.8
81,62001,31,0.8
81,64001,31,0.8
81,65535,31,0.8
81,1,41,0.8
81,2001,41,0.8
81,4001,41,0.8
81,6001,41,0.8
81,8001,41,0.8
81,10001,41,0.8
81,12001,41,0.8
81,14001,41,0.8
81,16001,41,0.8
81,18001,41,0.8
81,20001,41,0.8
81,22001,41,0.8
81,24001,41,0.8
81,26001,41,0.8
81,28001,41,0.8
81,30001,41,0.8
81,32001,41,0.8
81,34001,41,0.8
81,36001,41,0.8
81,38001,41,0.8
81,40001,41,0.8
81,42001,41,0.8
81,44001,41,0.8
81,46001,41,0.8
81,48001,41,0.8
81,50001,41,0.8
81,52001,41,0.8
81,54001,41,0.8
81,56001,41,0.8
81,58001,41,0.8
81,60001,41,0.8
81,62001,41,0.8
81,64001,41,0.8
81,65535,41,0.8
81,1,51,0.8
81,2001,51,0.8
81,4001,51,0.8
81,6001,51,0.8
81,8001,51,0.8
81,10001,51,0.8
81,12001,51,0.8
81,14001,51,0.8
81,16001,51,0.8
81,18001,51,0.8
81,20001,51,0.8
81,22001,51,0.8
81,24001,51,0.8
81,26001,51,0.8
81,28001,51,0.8
81,30001,51,0.8
81,32001,51,0.8
81,34001,51,0.8
81,36001,51,0.8
81,38001,51,0.8
81,40001,51,0.8
81,42001,51,0.8
81,44001,51,0.8
81,46001,51,0.8
81,48001,51,0.8
81,50001,51,0.8
81,52001,51,0.8
81,54001,51,0.8
81,56001,51,0.8
81,58001,51,0.8
81,60001,51,0.8
81,62001,51,0.8
81,64001,51,0.8
81,65535,51,0.8
81,1,61,0.8
81,2001,61,0.8
81,4001,61,0.8
81,6001,61,0.8
81,8001,61,0.8
81,10001,61,0.8
81,12001,61,0.8
81,14001,61,0.8
81,16001,61,0.8
81,18001,61,0.8
81,20001,61,0.8
81,22001,61,0.8
81,24001,61,0.8
81,26001,61,0.8
81,28001,61,0.8
81,30001,61,0.8
81,32001,61,0.8
81,34001,61,0.8
81,36001,61,0.8
81,38001,61,0.8
81,40001,61,0.8
81,42001,61,0.8
81,44001,61,0.8
81,46001,61,0.8
81,48001,61,0.8
81,50001,61,0.8
81,52001,61,0.8
81,54001,61,0.8
81,56001,61,0.8
81,58001,61,0.8
81,60001,61,0.8
81,62001,61,0.8
81,64001,61,0.8
81,65535,61,0.8
81,1,71,0.8
81,2001,71,0.8
81,4001,71,0.8
81,6001,71,0.8
81,8001,71,0.8
81,10001,71,0.8
81,12001,71,0.8
81,14001,71,0.8
81,16001,71,0.8
81,18001,71,0.8
81,20001,71,0.8
81,22001,71,0.8
81,24001,71,0.8
81,26001,71,0.8
81,28001,71,0.8
81,30001,71,0.8
81,32001,71,0.8
81,34001,71,0.8
81,36001,71,0.8
81,38001,71,0.8
81,40001,71,0.8
81,42001,71,0.8
81,44001,71,0.8
81,46001,71,0.8
81,48001,71,0.8
81,50001,71,0.8
81,52001,71,0.8
81,54001,71,0.8
81,56001,71,0.8
81,58001,71,0.8
81,60001,71,0.8
81,62001,71,0.8
81,64001,71,0.8
81,65535,71,0.8
81,1,81,0.8
81,2001,81,0.8
81,4001,81,0.8
81,6001,81,0.8
81,8001,81,0.8
81,10001,81,0.8
81,12001,81,0.8
81,14001,81,0.8
81,16001,81,0.8
81,18001,81,0.8
81,20001,81,0.8
81,22001,81,0.8
81,24001,81,0.8
81,26001,81,0.8
81,28001,81,0.8
81,30001,81,0.8
81,32001,81,0.8
81,34001,81,0.8
81,36001,81,0.8
81,38001,81,0.8
81,40001,81,0.8
81,42001,81,0.8
81,44001,81,0.8
81,46001,81,0.8
81,48001,81,0.8
81,50001,81,0.8
81,52001,81,0.8
81,54001,81,0.8
81,56001,81,0.8
81,58001,81,0.8
81,60001,81,0.8
81,62001,81,0.8
81,64001,81,0.8
81,65535,81,0.8
81,1,91,0.8
81,2001,91,0.8
81,4001,91,0.8
81,6001,91,0.8
81,8001,91,0.8
81,10001,91,0.8
81,12001,91,0.8
81,14001,91,0.8
81,16001,91,0.8
81,18001,91,0.8
81,20001,91,0.8
81,22001,91,0.8
81,24001,91,0.8
81,26001,91,0.8
81,28001,91,0.8
81,30001,91,0.8
81,32001,91,0.8
81,34001,91,0.8
81,36001,91,0.8
81,38001,91,0.8
81,40001,91,0.8
81,42001,91,0.8
81,44001,91,0.8
81,46001,91,0.8
81,48001,91,0.8
81,50001,91,0.8
81,52001,91,0.8
81,54001,91,0.8
81,56001,91,0.8
81,58001,91,0.8
81,60001,91,0.8
81,62001,91,0.8
81,64001,91,0.8
81,65535,91,0.8
81,1,101,0.8
81,2001,101,0.8
81,4001,101,0.8
81,6001,101,0.8
81,8001,101,0.8
81,10001,101,0.8
81,12001,101,0.8
81,14001,101,0.8
81,16001,101,0.8
81,18001,101,0.8
81,20001,101,0.8
81,22001,101,0.8
81,24001,101,0.8
81,26001,101,0.8
81,28001,101,0.8
81,30001,101,0.8
81,32001,101,0.8
81,34001,101,0.8
81,36001,101,0.8
81,38001,101,0.8
81,40001,101,0.8
81,42001,101,0.8
81,44001,101,0.8
81,46001,101,0.8
81,48001,101,0.8
81,50001,101,0.8
81,52001,101,0.8
81,54001,101,0.8
81,56001,101,0.8
81,58001,101,0.8
81,60001,101,0.8
81,62001,101,0.8
81,64001,101,0.8
81,65535,101,0.8
81,1,111,0.8
81,2001,111,0.8
81,4001,111,0.8
81,6001,111,0.8
81,8001,111,0.8
81,10001,111,0.8
81,12001,111,0.8
81,14001,111,0.8
81,16001,111,0.8
81,18001,111,0.8
81,20001,111,0.8
81,22001,111,0.8
81,24001,111,0.8
81,26001,111,0.8
81,28001,111,0.8
81,30001,111,0.8
81,32001,111,0.8
81,34001,111,0.8
81,36001,111,0.8
81,38001,111,0.8
81,40001,111,0.8
81,42001,111,0.8
81,44001,111,0.8
81,46001,111,0.8
81,48001,111,0.8
81,50001,111,0.8
81,52001,111,0.8
81,54001,111,0.8
81,56001,111,0.8
81,58001,111,0.8
81,60001,111,0.8
81,62001,111,0.8
81,64001,111,0.8
81,65535,111,0.8
81,1,121,0.8
81,2001,121,0.8
81,4001,121,0.8
81,6001,121,0.8
81,8001,121,0.8
81,10001,121,0.8
81,12001,121,0.8
81,14001,121,0.8
81,16001,121,0.8
81,18001,121,0.8
81,20001,121,0.8
81,22001,121,0.8
81,24001,121,0.8
81,26001,121,0.8
81,28001,121,0.8
81,30001,121,0.8
81,32001,121,0.8
81,34001,121,0.8
81,36001,121,0.8
81,38001,121,0.8
81,40001,121,0.8
81,42001,121,0.8
81,44001,121,0.8
81,46001,121,0.8
81,48001,121,0.8
81,50001,121,0.8
81,52001,121,0.8
81,54001,121,0.8
81,56001,121,0.8
81,58001,121,0.8
81,60001,121,0.8
81,62001,121,0.8
81,64001,121,0.8
81,65535,121,0.8
81,1,131,0.8
81,2001,131,0.8
81,4001,131,0.8
81,6001,131,0.8
81,8001,131,0.8
81,10001,131,0.8
81,12001,131,0.8
81,14001,131,0.8
81,16001,131,0.8
81,18001,131,0.8
81,20001,131,0.8
81,22001,131,0.8
81,24001,131,0.8
81,26001,131,0.8
81,28001,131,0.8
81,30001,131,0.8
81,32001,131,0.8
81,34001,131,0.8
81,36001,131,0.8
81,38001,131,0.8
81,40001,131,0.8
81,42001,131,0.8
81,44001,131,0.8
81,46001,131,0.8
81,48001,131,0.8
81,50001,131,0.8
81,52001,131,0.8
81,54001,131,0.8
81,56001,131,0.8
81,58001,131,0.8
81,60001,131,0.8
81,62001,131,0.8
81,64001,131,0.8
81,65535,131,0.8
81,1,141,0.8
81,2001,141,0.8
81,4001,141,0.8
81,6001,141,0.8
81,8001,141,0.8
81,10001,141,0.8
81,12001,141,0.8
81,14001,141,0.8
81,16001,141,0.8
81,18001,141,0.8
81,20001,141,0.8
81,22001,141,0.8
81,24001,141,0.8
81,26001,141,0.8
81,28001,141,0.8
81,30001,141,0.8
81,32001,141,0.8
81,34001,141,0.8
81,36001,141,0.8
81,38001,141,0.8
81,40001,141,0.8
81,42001,141,0.8
81,44001,141,0.8
81,46001,141,0.8
81,48001,141,0.8
81,50001,141,0.8
81,52001,141,0.8
81,54001,141,0.8
81,56001,141,0.8
81,58001,141,0.8
81,60001,141,0.8
81,62001,141,0.8
81,64001,141,0.8
81,65535,141,0.8
81,1,151,0.8
81,2001,151,0.8
81,4001,151,0.8
81,6001,151,0.8
81,8001,151,0.8
81,10001,151,0.8
81,12001,151,0.8
81,14001,151,0.8
81,16001,151,0.8
81,18001,151,0.8
81,20001,151,0.8
81,22001,151,0.8
81,24001,151,0.8
81,26001,151,0.8
81,28001,151,0.8
81,30001,151,0.8
81,32001,151,0.8
81,34001,151,0.8
81,36001,151,0.8
81,38001,151,0.8
81,40001,151,0.8
81,42001,151,0.8
81,44001,151,0.8
81,46001,151,0.8
81,48001,151,0.8
81,50001,151,0.8
81,52001,151,0.8
81,54001,151,0.8
81,56001,151,0.8
81,58001,151,0.8
81,60001,151,0.8
81,62001,151,0.8
81,64001,151,0.8
81,65535,151,0.8
81,1,161,0.8
81,2001,161,0.8
81,4001,161,0.8
81,6001,161,0.8
81,8001,161,0.8
81,10001,161,0.8
81,12001,161,0.8
81,14001,161,0.8
81,16001,161,0.8
81,18001,161,0.8
81,20001,161,0.8
81,22001,161,0.8
81,24001,161,0.8
81,26001,161,0.8
81,28001,161,0.8
81,30001,161,0.8
81,32001,161,0.8
81,34001,161,0.8
81,36001,161,0.8
81,38001,161,0.8
81,40001,161,0.8
81,42001,161,0.8
81,44001,161,0.8
81,46001,161,0.8
81,48001,161,0.8
81,50001,161,0.8
81,52001,161,0.8
81,54001,161,0.8
81,56001,161,0.8
81,58001,161,0.8
81,60001,161,0.8
81,62001,161,0.8
81,64001,161,0.8
81,65535,161,0.8
81,1,171,0.8
81,2001,171,0.8
81,4001,171,0.8
81,6001,171,0.8
81,8001,171,0.8
81,10001,171,0.8
81,12001,171,0.8
81,14001,171,0.8
81,16001,171,0.8
81,18001,171,0.8
81,20001,171,0.8
81,22001,171,0.8
81,24001,171,0.8
81,26001,171,0.8
81,28001,171,0.8
81,30001,171,0.8
81,32001,171,0.8
81,34001,171,0.8
81,36001,171,0.8
81,38001,171,0.8
81,40001,171,0.8
81,42001,171,0.8
81,44001,171,0.8
81,46001,171,0.8
81,48001,171,0.8
81,50001,171,0.8
81,52001,171,0.8
81,54001,171,0.8
81,56001,171,0.8
81,58001,171,0.8
81,60001,171,0.8
81,62001,171,0.8
81,64001,171,0.8
81,65535,171,0.8
81,1,181,0.8
81,2001,181,0.8
81,4001,181,0.8
81,6001,181,0.8
81,8001,181,0.8
81,10001,181,0.8
81,12001,181,0.8
81,14001,181,0.8
81,16001,181,0.8
81,18001,181,0.8
81,20001,181,0.8
81,22001,181,0.8
81,24001,181,0.8
81,26001,181,0.8
81,28001,181,0.8
81,30001,181,0.8
81,32001,181,0.8
81,34001,181,0.8
81,36001,181,0.8
81,38001,181,0.8
81,40001,181,0.8
81,42001,181,0.8
81,44001,181,0.8
81,46001,181,0.8
81,48001,181,0.8
81,50001,181,0.8
81,52001,181,0.8
81,54001,181,0.8
81,56001,181,0.8
81,58001,181,0.8
81,60001,181,0.8
81,62001,181,0.8
81,64001,181,0.8
81,65535,181,0.8
81,1,191,0.8
81,2001,191,0.8
81,4001,191,0.8
81,6001,191,0.8
81,8001,191,0.8
81,10001,191,0.8
81,12001,191,0.8
81,14001,191,0.8
81,16001,191,0.8
81,18001,191,0.8
81,20001,191,0.8
81,22001,191,0.8
81,24001,191,0.8
81,26001,191,0.8
81,28001,191,0.8
81,30001,191,0.8
81,32001,191,0.8
81,34001,191,0.8
81,36001,191,0.8
81,38001,191,0.8
81,40001,191,0.8
81,42001,191,0.8
81,44001,191,0.8
81,46001,191,0.8
81,48001,191,0.8
81,50001,191,0.8
81,52001,191,0.8
81,54001,191,0.8
81,56001,191,0.8
81,58001,191,0.8
81,60001,191,0.8
81,62001,191,0.8
81,64001,191,0.8
81,65535,191,0.7
81,1,201,0.8
81,2001,201,0.8
81,4001,201,0.8
81,6001,201,0.8
81,8001,201,0.8
81,10001,201,0.8
81,12001,201,0.8
81,14001,201,0.8
81,16001,201,0.8
81,18001,201,0.8
81,20001,201,0.8
81,22001,201,0.8
81,24001,201,0.7
81,26001,201,0.8
81,28001,201,0.8
81,30001,201,0.8
81,32001,201,0.8
81,34001,201,0.8
81,36001,201,0.8
81,38001,201,0.8
81,40001,201,0.8
81,42001,201,0.8
81,44001,201,0.8
81,46001,201,0.8
81,48001,201,0.8
81,50001,201,0.8
81,52001,201,0.8
81,54001,201,0.8
81,56001,201,0.8
81,58001,201,0.8
81,60001,201,0.8
81,62001,201,0.8
81,64001,201,0.8
81,65535,201,0.7
81,1,211,0.8
81,2001,211,0.8
81,4001,211,0.8
81,6001,211,0.8
81,8001,211,0.8
81,10001,211,0.8
81,12001,211,0.8
81,14001,211,0.8
81,16001,211,0.8
81,18001,211,0.8
81,20001,211,0.8
81,22001,211,0.8
81,24001,211,0.8
81,26001,211,0.8
81,28001,211,0.8
81,30001,211,0.8
81,32001,211,0.8
81,34001,211,0.8
81,36001,211,0.8
81,38001,211,0.8
81,40001,211,0.8
81,42001,211,0.8
81,44001,211,0.8
81,46001,211,0.8
81,48001,211,0.8
81,50001,211,0.8
81,52001,211,0.8
81,54001,211,0.8
81,56001,211,0.8
81,58001,211,0.8
81,60001,211,0.8
81,62001,211,0.8
81,64001,211,0.8
81,65535,211,0.8
81,1,221,0.7
81,2001,221,0.8
81,4001,221,0.8
81,6001,221,0.8
81,8001,221,0.8
81,10001,221,0.8
81,12001,221,0.8
81,14001,221,0.8
81,16001,221,0.8
81,18001,221,0.8
81,20001,221,0.8
81,22001,221,0.7
81,24001,221,0.7
81,26001,221,0.8
81,28001,221,0.8
81,30001,221,0.8
81,32001,221,0.8
81,34001,221,0.8
81,36001,221,0.8
81,38001,221,0.8
81,40001,221,0.8
81,42001,221,0.8
81,44001,221,0.8
81,46001,221,0.8
81,48001,221,0.8
81,50001,221,0.8
81,52001,221,0.8
81,54001,221,0.8
81,56001,221,0.8
81,58001,221,0.8
81,60001,221,0.8
81,62001,221,0.7
81,64001,221,0.8
81,65535,221,0.7
81,1,231,0.7
81,2001,231,0.8
81,4001,231,0.8
81,6001,231,0.8
81,8001,231,0.8
81,10001,231,0.8
81,12001,231,0.8
81,14001,231,0.8
81,16001,231,0.8
81,18001,231,0.8
81,20001,231,0.8
81,22001,231,0.8
81,24001,231,0.7
81,26001,231,0.8
81,28001,231,0.8
81,30001,231,0.8
81,32001,231,0.8
81,34001,231,0.8
81,36001,231,0.8
81,38001,231,0.8
81,40001,231,0.8
81,42001,231,0.8
81,44001,231,0.8
81,46001,231,0.8
81,48001,231,0.8
81,50001,231,0.8
81,52001,231,0.8
81,54001,231,0.8
81,56001,231,0.8
81,58001,231,0.8
81,60001,231,0.8
81,62001,231,0.8
81,64001,231,0.8
81,65535,231,0.7
81,1,241,0.7
81,2001,241,0.8
81,4001,241,0.8
81,6001,241,0.8
81,8001,241,0.8
81,10001,241,0.8
81,12001,241,0.8
81,14001,241,0.8
81,16001,241,0.8
81,18001,241,0.8
81,20001,241,0.8
81,22001,241,0.8
81,24001,241,0.7
81,26001,241,0.7
81,28001,241,0.8
81,30001,241,0.8
81,32001,241,0.8
81,34001,241,0.8
81,36001,241,0.8
81,38001,241,0.8
81,40001,241,0.8
81,42001,241,0.8
81,44001,241,0.8
81,46001,241,0.8
81,48001,241,0.8
81,50001,241,0.8
81,52001,241,0.8
81,54001,241,0.8
81,56001,241,0.8
81,58001,241,0.8
81,60001,241,0.8
81,62001,241,0.8
81,64001,241,0.7
81,65535,241,0.7
81,1,251,0.7
81,2001,251,0.7
81,4001,251,0.8
81,6001,251,0.8
81,8001,251,0.8
81,10001,251,0.8
81,12001,251,0.8
81,14001,251,0.8
81,16001,251,0.8
81,18001,251,0.8
81,20001,251,0.8
81,22001,251,0.8
81,24001,251,0.7
81,26001,251,0.7
81,28001,251,0.7
81,30001,251,0.8
81,32001,251,0.8
81,34001,251,0.8
81,36001,251,0.8
81,38001,251,0.8
81,40001,251,0.8
81,42001,251,0.8
81,44001,251,0.8
81,46001,251,0.8
81,48001,251,0.8
81,50001,251,0.8
81,52001,251,0.8
81,54001,251,0.8
81,56001,251,0.8
81,58001,251,0.8
81,60001,251,0.8
81,62001,251,0.8
81,64001,251,0.7
81,65535,251,0.7
81,1,254,0.7
81,2001,254,0.7
81,4001,254,0.8
81,6001,254,0.8
81,8001,254,0.8
81,10001,254,0.8
81,12001,254,0.8
81,14001,254,0.8
81,16001,254,0.8
81,18001,254,0.8
81,20001,254,0.8
81,22001,254,0.8
81,24001,254,0.7
81,26001,254,0.7
81,28001,254,0.8
81,30001,254,0.8
81,32001,254,0.8
81,34001,254,0.8
81,36001,254,0.8
81,38001,254,0.8
81,40001,254,0.8
81,42001,254,0.8
81,44001,254,0.8
81,46001,254,0.8
81,48001,254,0.8
81,50001,254,0.8
81,52001,254,0.8
81,54001,254,0.8
81,56001,254,0.8
81,58001,254,0.8
81,60001,254,0.8
81,62001,254,0.8
81,64001,254,0.7
81,65535,254,0.7
91,1,1,0.9
91,2001,1,0.9
91,4001,1,0.9
91,6001,1,0.9
91,8001,1,0.9
91,10001,1,0.9
91,12001,1,0.9
91,14001,1,0.9
91,16001,1,0.9
91,18001,1,0.9
91,20001,1,0.9
91,22001,1,0.9
91,24001,1,0.9
91,26001,1,0.9
91,28001,1,0.9
91,30001,1,0.9
91,32001,1,0.9
91,34001,1,0.9
91,36001,1,0.9
91,38001,1,0.9
91,40001,1,0.9
91,42001,1,0.9
91,44001,1,0.9
91,46001,1,0.9
91,48001,1,0.9
91,50001,1,0.9
91,52001,1,0.9
91,54001,1,0.9
91,56001,1,0.9
91,58001,1,0.9
91,60001,1,0.9
91,62001,1,0.9
91,64001,1,0.9
91,65535,1,0.9
91,1,11,0.9
91,2001,11,0.9
91,4001,11,0.9
91,6001,11,0.9
91,8001,11,0.9
91,10001,11,0.9
91,12001,11,0.9
91,14001,11,0.9
91,16001,11,0.9
91,18001,11,0.9
91,20001,11,0.9
91,22001,11,0.9
91,24001,11,0.9
91,26001,11,0.9
91,28001,11,0.9
91,30001,11,0.9
91,32001,11,0.9
91,34001,11,0.9
91,36001,11,0.9
91,38001,11,0.9
91,40001,11,0.9
91,42001,11,0.9
91,44001,11,0.9
91,46001,11,0.9
91,48001,11,0.9
91,50001,11,0.9
91,52001,11,0.9
91,54001,11,0.9
91,56001,11,0.9
91,58001,11,0.9
91,60001,11,0.9
91,62001,11,0.9
91,64001,11,0.9
91,65535,11,0.9
91,1,21,0.9
91,2001,21,0.9
91,4001,21,0.9
91,6001,21,0.9
91,8001,21,0.9
91,10001,21,0.9
91,12001,21,0.9
91,14001,21,0.9
91,16001,21,0.9
91,18001,21,0.9
91,20001,21,0.9
91,22001,21,0.9
91,24001,21,0.9
91,26001,21,0.9
91,28001,21,0.9
91,30001,21,0.9
91,32001,21,0.9
91,34001,21,0.9
91,36001,21,0.9
91,38001,21,0.9
91,40001,21,0.9
91,42001,21,0.9
91,44001,21,0.9
91,46001,21,0.9
91,48001,21,0.9
91,50001,21,0.9
91,52001,21,0.9
91,54001,21,0.9
91,56001,21,0.9
91,58001,21,0.9
91,60001,21,0.9
91,62001,21,0.9
91,64001,21,0.9
91,65535,21,0.9
91,1,31,0.9
91,2001,31,0.9
91,4001,31,0.9
91,6001,31,0.9
91,8001,31,0.9
91,10001,31,0.9
91,12001,31,0.9
91,14001,31,0.9
91,16001,31,0.9
91,18001,31,0.9
91,20001,31,0.9
91,22001,31,0.9
91,24001,31,0.9
91,26001,31,0.9
91,28001,31,0.9
91,30001,31,0.9
91,32001,31,0.9
91,34001,31,0.9
91,36001,31,0.9
91,38001,31,0.9
91,40001,31,0.9
91,42001,31,0.9
91,44001,31,0.9
91,46001,31,0.9
91,48001,31,0.9
91,50001,31,0.9
91,52001,31,0.9
91,54001,31,0.9
91,56001,31,0.9
91,58001,31,0.9
91,60001,31,0.9
91,62001,31,0.9
91,64001,31,0.9
91,65535,31,0.9
91,1,41,0.9
91,2001,41,0.9
91,4001,41,0.9
91,6001,41,0.9
91,8001,41,0.9
91,10001,41,0.9
91,12001,41,0.9
91,14001,41,0.9
91,16001,41,0.9
91,18001,41,0.9
91,20001,41,0.9
91,22001,41,0.9
91,24001,41,0.9
91,26001,41,0.9
91,28001,41,0.9
91,30001,41,0.9
91,32001,41,0.9
91,34001,41,0.9
91,36001,41,0.9
91,38001,41,0.9
91,40001,41,0.9
91,42001,41,0.9
91,44001,41,0.9
91,46001,41,0.9
91,48001,41,0.9
91,50001,41,0.9
91,52001,41,0.9
91,54001,41,0.9
91,56001,41,0.9
91,58001,41,0.9
91,60001,41,0.9
91,62001,41,0.9
91,64001,41,0.9
91,65535,41,0.9
91,1,51,0.9
91,2001,51,0.9
91,4001,51,0.9
91,6001,51,0.9
91,8001,51,0.9
91,10001,51,0.9
91,12001,51,0.9
91,14001,51,0.9
91,16001,51,0.9
91,18001,51,0.9
91,20001,51,0.9
91,22001,51,0.9
91,24001,51,0.9
91,26001,51,0.9
91,28001,51,0.9
91,30001,51,0.9
91,32001,51,0.9
91,34001,51,0.9
91,36001,51,0.9
91,38001,51,0.9
91,40001,51,0.9
91,42001,51,0.9
91,44001,51,0.9
91,46001,51,0.9
91,48001,51,0.9
91,50001,51,0.9
91,52001,51,0.9
91,54001,51,0.9
91,56001,51,0.9
91,58001,51,0.9
91,60001,51,0.9
91,62001,51,0.9
91,64001,51,0.9
91,65535,51,0.9
91,1,61,0.9
91,2001,61,0.9
91,4001,61,0.9
91,6001,61,0.9
91,8001,61,0.9
91,10001,61,0.9
91,12001,61,0.9
91,14001,61,0.9
91,16001,61,0.9
91,18001,61,0.9
91,20001,61,0.9
91,22001,61,0.9
91,24001,61,0.9
91,26001,61,0.9
91,28001,61,0.9
91,30001,61,0.9
91,32001,61,0.9
91,34001,61,0.9
91,36001,61,0.9
91,38001,61,0.9
91,40001,61,0.9
91,42001,61,0.9
91,44001,61,0.9
91,46001,61,0.9
91,48001,61,0.9
91,50001,61,0.9
91,52001,61,0.9
91,54001,61,0.9
91,56001,61,0.9
91,58001,61,0.9
91,60001,61,0.9
91,62001,61,0.9
91,64001,61,0.9
91,65535,61,0.9
91,1,71,0.9
91,2001,71,0.9
91,4001,71,0.9
91,6001,71,0.9
91,8001,71,0.9
91,10001,71,0.9
91,12001,71,0.9
91,14001,71,0.9
91,16001,71,0.9
91,18001,71,0.9
91,20001,71,0.9
91,22001,71,0.9
91,24001,71,0.9
91,26001,71,0.9
91,28001,71,0.9
91,30001,71,0.9
91,32001,71,0.9
91,34001,71,0.9
91,36001,71,0.9
91,38001,71,0.9
91,40001,71,0.9
91,42001,71,0.9
91,44001,71,0.9
91,46001,71,0.9
91,48001,71,0.9
91,50001,71,0.9
91,52001,71,0.9
91,54001,71,0.9
91,56001,71,0.9
91,58001,71,0.9
91,60001,71,0.9
91,62001,71,0.9
91,64001,71,0.9
91,65535,71,0.9
91,1,81,0.9
91,2001,81,0.9
91,4001,81,0.9
91,6001,81,0.9
91,8001,81,0.9
91,10001,81,0.9
91,12001,81,0.9
91,14001,81,0.9
91,16001,81,0.9
91,18001,81,0.9
91,20001,81,0.9
91,22001,81,0.9
91,24001,81,0.9
91,26001,81,0.9
91,28001,81,0.9
91,30001,81,0.9
91,32001,81,0.9
91,34001,81,0.9
91,36001,81,0.9
91,38001,81,0.9
91,40001,81,0.9
91,42001,81,0.9
91,44001,81,0.9
91,46001,81,0.9
91,48001,81,0.9
91,50001,81,0.9
91,52001,81,0.9
91,54001,81,0.9
91,56001,81,0.9
91,58001,81,0.9
91,60001,81,0.9
91,62001,81,0.9
91,64001,81,0.9
91,65535,81,0.9
91,1,91,0.9
91,2001,91,0.9
91,4001,91,0.9
91,6001,91,0.9
91,8001,91,0.9
91,10001,91,0.9
91,12001,91,0.9
91,14001,91,0.9
91,16001,91,0.9
91,18001,91,0.9
91,20001,91,0.9
91,22001,91,0.9
91,24001,91,0.9
91,26001,91,0.9
91,28001,91,0.9
91,30001,91,0.9
91,32001,91,0.9
91,34001,91,0.9
91,36001,91,0.9
91,38001,91,0.9
91,40001,91,0.9
91,42001,91,0.9
91,44001,91,0.9
91,46001,91,0.9
91,48001,91,0.9
91,50001,91,0.9
91,52001,91,0.9
91,54001,91,0.9
91,56001,91,0.9
91,58001,91,0.9
91,60001,91,0.9
91,62001,91,0.9
91,64001,91,0.9
91,65535,91,0.9
91,1,101,0.9
91,2001,101,0.9
91,4001,101,0.9
91,6001,101,0.9
91,8001,101,0.9
91,10001,101,0.9
91,12001,101,0.9
91,14001,101,0.9
91,16001,101,0.9
91,18001,101,0.9
91,20001,101,0.9
91,22001,101,0.9
91,24001,101,0.9
91,26001,101,0.9
91,28001,101,0.9
91,30001,101,0.9
91,32001,101,0.9
91,34001,101,0.9
91,36001,101,0.9
91,38001,101,0.9
91,40001,101,0.9
91,42001,101,0.9
91,44001,101,0.9
91,46001,101,0.9
91,48001,101,0.9
91,50001,101,0.9
91,52001,101,0.9
91,54001,101,0.9
91,56001,101,0.9
91,58001,101,0.9
91,60001,101,0.9
91,62001,101,0.9
91,64001,101,0.9
91,65535,101,0.9
91,1,111,0.9
91,2001,111,0.9
91,4001,111,0.9
91,6001,111,0.9
91,8001,111,0.9
91,10001,111,0.9
91,12001,111,0.9
91,14001,111,0.9
91,16001,111,0.9
91,18001,111,0.9
91,20001,111,0.9
91,22001,111,0.9
91,24001,111,0.9
91,26001,111,0.9
91,28001,111,0.9
91,30001,111,0.9
91,32001,111,0.9
91,34001,111,0.9
91,36001,111,0.9
91,38001,111,0.9
91,40001,111,0.9
91,42001,111,0.9
91,44001,111,0.9
91,46001,111,0.9
91,48001,111,0.9
91,50001,111,0.9
91,52001,111,0.9
91,54001,111,0.9
91,56001,111,0.9
91,58001,111,0.9
91,60001,111,0.9
91,62001,111,0.9
91,64001,111,0.9
91,65535,111,0.9
91,1,121,0.9
91,2001,121,0.9
91,4001,121,0.9
91,6001,121,0.9
91,8001,121,0.9
91,10001,121,0.9
91,12001,121,0.9
91,14001,121,0.9
91,16001,121,0.9
91,18001,121,0.9
91,20001,121,0.9
91,22001,121,0.9
91,24001,121,0.9
91,26001,121,0.9
91,28001,121,0.9
91,30001,121,0.9
91,32001,121,0.9
91,34001,121,0.9
91,36001,121,0.9
91,38001,121,0.9
91,40001,121,0.9
91,42001,121,0.9
91,44001,121,0.9
91,46001,121,0.9
91,48001,121,0.9
91,50001,121,0.9
91,52001,121,0.9
91,54001,121,0.9
91,56001,121,0.9
91,58001,121,0.9
91,60001,121,0.9
91,62001,121,0.9
91,64001,121,0.9
91,65535,121,0.9
91,1,131,0.9
91,2001,131,0.9
91,4001,131,0.9
91,6001,131,0.9
91,8001,131,0.9
91,10001,131,0.9
91,12001,131,0.9
91,14001,131,0.9
91,16001,131,0.9
91,18001,131,0.9
91,20001,131,0.9
91,22001,131,0.9
91,24001,131,0.9
91,26001,131,0.9
91,28001,131,0.9
91,30001,131,0.9
91,32001,131,0.9
91,34001,131,0.9
91,36001,131,0.9
91,38001,131,0.9
91,40001,131,0.9
91,42001,131,0.9
91,44001,131,0.9
91,46001,131,0.9
91,48001,131,0.9
91,50001,131,0.9
91,52001,131,0.9
91,54001,131,0.9
91,56001,131,0.9
91,58001,131,0.9
91,60001,131,0.9
91,62001,131,0.9
91,64001,131,0.9
91,65535,131,0.9
91,1,141,0.9
91,2001,141,0.9
91,4001,141,0.9
91,6001,141,0.9
91,8001,141,0.9
91,10001,141,0.9
91,12001,141,0.9
91,14001,141,0.9
91,16001,141,0.9
91,18001,141,0.9
91,20001,141,0.9
91,22001,141,0.9
91,24001,141,0.9
91,26001,141,0.9
91,28001,141,0.9
91,30001,141,0.9
91,32001,141,0.9
91,34001,141,0.9
91,36001,141,0.9
91,38001,141,0.9
91,40001,141,0.9
91,42001,141,0.9
91,44001,141,0.9
91,46001,141,0.9
91,48001,141,0.9
91,50001,141,0.9
91,52001,141,0.9
91,54001,141,0.9
91,56001,141,0.9
91,58001,141,0.9
91,60001,141,0.9
91,62001,141,0.9
91,64001,141,0.9
91,65535,141,0.9
91,1,151,0.9
91,2001,151,0.9
91,4001,151,0.9
91,6001,151,0.9
91,8001,151,0.9
91,10001,151,0.9
91,12001,151,0.9
91,14001,151,0.9
91,16001,151,0.9
91,18001,151,0.9
91,20001,151,0.9
91,22001,151,0.9
91,24001,151,0.9
91,26001,151,0.9
91,28001,151,0.9
91,30001,151,0.9
91,32001,151,0.9
91,34001,151,0.9
91,36001,151,0.9
91,38001,151,0.9
91,40001,151,0.9
91,42001,151,0.9
91,44001,151,0.9
91,46001,151,0.9
91,48001,151,0.9
91,50001,151,0.9
91,52001,151,0.9
91,54001,151,0.9
91,56001,151,0.9
91,58001,151,0.9
91,60001,151,0.9
91,62001,151,0.9
91,64001,151,0.9
91,65535,151,0.9
91,1,161,0.9
91,2001,161,0.9
91,4001,161,0.9
91,6001,161,0.9
91,8001,161,0.9
91,10001,161,0.9
91,12001,161,0.9
91,14001,161,0.9
91,16001,161,0.9
91,18001,161,0.9
91,20001,161,0.9
91,22001,161,0.9
91,24001,161,0.9
91,26001,161,0.9
91,28001,161,0.9
91,30001,161,0.9
91,32001,161,0.9
91,34001,161,0.9
91,36001,161,0.9
91,38001,161,0.9
91,40001,161,0.9
91,42001,161,0.9
91,44001,161,0.9
91,46001,161,0.9
91,48001,161,0.9
91,50001,161,0.9
91,52001,161,0.9
91,54001,161,0.9
91,56001,161,0.9
91,58001,161,0.9
91,60001,161,0.9
91,62001,161,0.9
91,64001,161,0.9
91,65535,161,0.9
91,1,171,0.9
91,2001,171,0.8
91,4001,171,0.9
91,6001,171,0.9
91,8001,171,0.9
91,10001,171,0.9
91,12001,171,0.9
91,14001,171,0.9
91,16001,171,0.9
91,18001,171,0.9
91,20001,171,0.9
91,22001,171,0.9
91,24001,171,0.9
91,26001,171,0.9
91,28001,171,0.9
91,30001,171,0.9
91,32001,171,0.9
91,34001,171,0.9
91,36001,171,0.9
91,38001,171,0.9
91,40001,171,0.9
91,42001,171,0.9
91,44001,171,0.9
91,46001,171,0.9
91,48001,171,0.9
91,50001,171,0.9
91,52001,171,0.9
91,54001,171,0.9
91,56001,171,0.9
91,58001,171,0.9
91,60001,171,0.9
91,62001,171,0.9
91,64001,171,0.9
91,65535,171,0.8
91,1,181,0.8
91,2001,181,0.8
91,4001,181,0.9
91,6001,181,0.9
91,8001,181,0.9
91,10001,181,0.9
91,12001,181,0.9
91,14001,181,0.9
91,16001,181,0.9
91,18001,181,0.9
91,20001,181,0.9
91,22001,181,0.9
91,24001,181,0.8
91,26001,181,0.9
91,28001,181,0.9
91,30001,181,0.9
91,32001,181,0.9
91,34001,181,0.9
91,36001,181,0.9
91,38001,181,0.9
91,40001,181,0.9
91,42001,181,0.9
91,44001,181,0.9
91,46001,181,0.9
91,48001,181,0.9
91,50001,181,0.9
91,52001,181,0.9
91,54001,181,0.9
91,56001,181,0.9
91,58001,181,0.9
91,60001,181,0.9
91,62001,181,0.9
91,64001,181,0.8
91,65535,181,0.8
91,1,191,0.8
91,2001,191,0.8
91,4001,191,0.9
91,6001,191,0.9
91,8001,191,0.9
91,10001,191,0.9
91,12001,191,0.9
91,14001,191,0.9
91,16001,191,0.9
91,18001,191,0.9
91,20001,191,0.9
91,22001,191,0.8
91,24001,191,0.8
91,26001,191,0.8
91,28001,191,0.9
91,30001,191,0.9
91,32001,191,0.9
91,34001,191,0.9
91,36001,191,0.9
91,38001,191,0.9
91,40001,191,0.9
91,42001,191,0.9
91,44001,191,0.9
91,46001,191,0.9
91,48001,191,0.9
91,50001,191,0.9
91,52001,191,0.9
91,54001,191,0.9
91,56001,191,0.9
91,58001,191,0.9
91,60001,191,0.9
91,62001,191,0.9
91,64001,191,0.9
91,65535,191,0.8
91,1,201,0.8
91,2001,201,0.8
91,4001,201,0.9
91,6001,201,0.9
91,8001,201,0.9
91,10001,201,0.9
91,12001,201,0.9
91,14001,201,0.9
91,16001,201,0.9
91,18001,201,0.9
91,20001,201,0.9
91,22001,201,0.8
91,24001,201,0.8
91,26001,201,0.8
91,28001,201,0.8
91,30001,201,0.9
91,32001,201,0.9
91,34001,201,0.9
91,36001,201,0.9
91,38001,201,0.9
91,40001,201,0.9
91,42001,201,0.9
91,44001,201,0.9
91,46001,201,0.9
91,48001,201,0.9
91,50001,201,0.9
91,52001,201,0.9
91,54001,201,0.9
91,56001,201,0.9
91,58001,201,0.9
91,60001,201,0.8
91,62001,201,0.8
91,64001,201,0.8
91,65535,201,0.8
91,1,211,0.8
91,2001,211,0.8
91,4001,211,0.8
91,6001,211,0.9
91,8001,211,0.9
91,10001,211,0.9
91,12001,211,0.9
91,14001,211,0.9
91,16001,211,0.9
91,18001,211,0.9
91,20001,211,0.9
91,22001,211,0.8
91,24001,211,0.9
91,26001,211,0.8
91,28001,211,0.8
91,30001,211,0.9
91,32001,211,0.9
91,34001,211,0.9
91,36001,211,0.9
91,38001,211,0.9
91,40001,211,0.9
91,42001,211,0.9
91,44001,211,0.9
91,46001,211,0.9
91,48001,211,0.9
91,50001,211,0.9
91,52001,211,0.9
91,54001,211,0.9
91,56001,211,0.9
91,58001,211,0.9
91,60001,211,0.8
91,62001,211,0.9
91,64001,211,0.8
91,65535,211,0.8
91,1,221,0.8
91,2001,221,0.8
91,4001,221,0.8
91,6001,221,0.9
91,8001,221,0.9
91,10001,221,0.9
91,12001,221,0.9
91,14001,221,0.9
91,16001,221,0.9
91,18001,221,0.9
91,20001,221,0.9
91,22001,221,0.8
91,24001,221,0.8
91,26001,221,0.8
91,28001,221,0.8
91,30001,221,0.9
91,32001,221,0.9
91,34001,221,0.9
91,36001,221,0.9
91,38001,221,0.9
91,40001,221,0.9
91,42001,221,0.9
91,44001,221,0.9
91,46001,221,0.8
91,48001,221,0.9
91,50001,221,0.9
91,52001,221,0.9
91,54001,221,0.9
91,56001,221,0.9
91,58001,221,0.9
91,60001,221,0.8
91,62001,221,0.8
91,64001,221,0.8
91,65535,221,0.8
91,1,231,0.8
91,2001,231,0.8
91,4001,231,0.8
91,6001,231,0.9
91,8001,231,0.9
91,10001,231,0.9
91,12001,231,0.9
91,14001,231,0.9
91,16001,231,0.9
91,18001,231,0.9
91,20001,231,0.9
91,22001,231,0.8
91,24001,231,0.8
91,26001,231,0.8
91,28001,231,0.8
91,30001,231,0.9
91,32001,231,0.9
91,34001,231,0.9
91,36001,231,0.9
91,38001,231,0.9
91,40001,231,0.9
91,42001,231,0.9
91,44001,231,0.9
91,46001,231,0.8
91,48001,231,0.9
91,50001,231,0.9
91,52001,231,0.9
91,54001,231,0.9
91,56001,231,0.9
91,58001,231,0.9
91,60001,231,0.9
91,62001,231,0.8
91,64001,231,0.8
91,65535,231,0.8
91,1,241,0.8
91,2001,241,0.8
91,4001,241,0.8
91,6001,241,0.9
91,8001,241,0.9
91,10001,241,0.9
91,12001,241,0.9
91,14001,241,0.9
91,16001,241,0.9
91,18001,241,0.8
91,20001,241,0.8
91,22001,241,0.8
91,24001,241,0.8
91,26001,241,0.8
91,28001,241,0.8
91,30001,241,0.9
91,32001,241,0.9
91,34001,241,0.9
91,36001,241,0.9
91,38001,241,0.9
91,40001,241,0.9
91,42001,241,0.9
91,44001,241,0.9
91,46001,241,0.8
91,48001,241,0.9
91,50001,241,0.9
91,52001,241,0.9
91,54001,241,0.9
91,56001,241,0.9
91,58001,241,0.9
91,60001,241,0.9
91,62001,241,0.8
91,64001,241,0.8
91,65535,241,0.8
91,1,251,0.8
91,2001,251,0.8
91,4001,251,0.8
91,6001,251,0.9
91,8001,251,0.9
91,10001,251,0.9
91,12001,251,0.9
91,14001,251,0.9
91,16001,251,0.9
91,18001,251,0.8
91,20001,251,0.9
91,22001,251,0.8
91,24001,251,0.8
91,26001,251,0.8
91,28001,251,0.8
91,30001,251,0.9
91,32001,251,0.9
91,34001,251,0.9
91,36001,251,0.9
91,38001,251,0.9
91,40001,251,0.9
91,42001,251,0.9
91,44001,251,0.8
91,46001,251,0.8
91,48001,251,0.8
91,50001,251,0.9
91,52001,251,0.9
91,54001,251,0.9
91,56001,251,0.9
91,58001,251,0.9
91,60001,251,0.9
91,62001,251,0.8
91,64001,251,0.8
91,65535,251,0.8
91,1,254,0.8
91,2001,254,0.8
91,4001,254,0.8
91,6001,254,0.9
91,8001,254,0.9
91,10001,254,0.9
91,12001,254,0.9
91,14001,254,0.9
91,16001,254,0.9
91,18001,254,0.9
91,20001,254,0.8
91,22001,254,0.8
91,24001,254,0.8
91,26001,254,0.8
91,28001,254,0.8
91,30001,254,0.8
91,32001,254,0.9
91,34001,254,0.9
91,36001,254,0.9
91,38001,254,0.9
91,40001,254,0.9
91,42001,254,0.9
91,44001,254,0.8
91,46001,254,0.8
91,48001,254,0.8
91,50001,254,0.9
91,52001,254,0.9
91,54001,254,0.9
91,56001,254,0.9
91,58001,254,0.9
91,60001,254,0.8
91,62001,254,0.9
91,64001,254,0.8
91,65535,254,0.8
101,1,1,1.0
101,2001,1,1.0
101,4001,1,1.0
101,6001,1,0.9
101,8001,1,1.0
101,10001,1,1.0
101,12001,1,1.0
101,14001,1,0.9
101,16001,1,1.0
101,18001,1,1.0
101,20001,1,1.0
101,22001,1,1.0
101,24001,1,1.0
101,26001,1,1.0
101,28001,1,1.0
101,30001,1,1.0
101,32001,1,1.0
101,34001,1,0.9
101,36001,1,1.0
101,38001,1,1.0
101,40001,1,1.0
101,42001,1,1.0
101,44001,1,1.0
101,46001,1,1.0
101,48001,1,1.0
101,50001,1,1.0
101,52001,1,1.0
101,54001,1,1.0
101,56001,1,1.0
101,58001,1,1.0
101,60001,1,1.0
101,62001,1,1.0
101,64001,1,1.0
101,65535,1,1.0
101,1,11,1.0
101,2001,11,1.0
101,4001,11,1.0
101,6001,11,1.0
101,8001,11,1.0
101,10001,11,0.9
101,12001,11,1.0
101,14001,11,1.0
101,16001,11,1.0
101,18001,11,1.0
101,20001,11,1.0
101,22001,11,0.9
101,24001,11,1.0
101,26001,11,1.0
101,28001,11,1.0
101,30001,11,1.0
101,32001,11,1.0
101,34001,11,0.9
101,36001,11,1.0
101,38001,11,1.0
101,40001,11,1.0
101,42001,11,1.0
101,44001,11,1.0
101,46001,11,1.0
101,48001,11,0.9
101,50001,11,1.0
101,52001,11,1.0
101,54001,11,1.0
101,56001,11,1.0
101,58001,11,1.0
101,60001,11,1.0
101,62001,11,1.0
101,64001,11,1.0
101,65535,11,1.0
101,1,21,1.0
101,2001,21,1.0
101,4001,21,1.0
101,6001,21,1.0
101,8001,21,1.0
101,10001,21,1.0
101,12001,21,1.0
101,14001,21,1.0
101,16001,21,1.0
101,18001,21,1.0
101,20001,21,1.0
101,22001,21,1.0
101,24001,21,1.0
101,26001,21,1.0
101,28001,21,1.0
101,30001,21,1.0
101,32001,21,1.0
101,34001,21,1.0
101,36001,21,1.0
101,38001,21,1.0
101,40001,21,1.0
101,42001,21,1.0
101,44001,21,1.0
101,46001,21,1.0
101,48001,21,1.0
101,50001,21,1.0
101,52001,21,1.0
101,54001,21,1.0
101,56001,21,1.0
101,58001,21,1.0
101,60001,21,1.0
101,62001,21,1.0
101,64001,21,0.9
101,65535,21,1.0
101,1,31,1.0
101,2001,31,0.9
101,4001,31,1.0
101,6001,31,1.0
101,8001,31,1.0
101,10001,31,1.0
101,12001,31,1.0
101,14001,31,1.0
101,16001,31,1.0
101,18001,31,1.0
101,20001,31,1.0
101,22001,31,1.0
101,24001,31,1.0
101,26001,31,1.0
101,28001,31,1.0
101,30001,31,1.0
101,32001,31,1.0
101,34001,31,1.0
101,36001,31,0.9
101,38001,31,1.0
101,40001,31,1.0
101,42001,31,1.0
101,44001,31,1.0
101,46001,31,1.0
101,48001,31,1.0
101,50001,31,1.0
101,52001,31,1.0
101,54001,31,1.0
101,56001,31,1.0
101,58001,31,1.0
101,60001,31,1.0
101,62001,31,1.0
101,64001,31,1.0
101,65535,31,1.0
101,1,41,1.0
101,2001,41,1.0
101,4001,41,0.9
101,6001,41,1.0
101,8001,41,1.0
101,10001,41,1.0
101,12001,41,1.0
101,14001,41,0.9
101,16001,41,1.0
101,18001,41,1.0
101,20001,41,1.0
101,22001,41,1.0
101,24001,41,1.0
101,26001,41,1.0
101,28001,41,1.0
101,30001,41,1.0
101,32001,41,1.0
101,34001,41,1.0
101,36001,41,1.0
101,38001,41,1.0
101,40001,41,1.0
101,42001,41,1.0
101,44001,41,1.0
101,46001,41,1.0
101,48001,41,1.0
101,50001,41,0.9
101,52001,41,1.0
101,54001,41,1.0
101,56001,41,1.0
101,58001,41,1.0
101,60001,41,1.0
101,62001,41,1.0
101,64001,41,1.0
101,65535,41,1.0
101,1,51,1.0
101,2001,51,1.0
101,4001,51,1.0
101,6001,51,1.0
101,8001,51,1.0
101,10001,51,1.0
101,12001,51,1.0
101,14001,51,1.0
101,16001,51,1.0
101,18001,51,1.0
101,20001,51,1.0
101,22001,51,1.0
101,24001,51,1.0
101,26001,51,1.0
101,28001,51,0.9
101,30001,51,1.0
101,32001,51,1.0
101,34001,51,1.0
101,36001,51,1.0
101,38001,51,1.0
101,40001,51,1.0
101,42001,51,1.0
101,44001,51,1.0
101,46001,51,1.0
101,48001,51,1.0
101,50001,51,1.0
101,52001,51,1.0
101,54001,51,1.0
101,56001,51,1.0
101,58001,51,1.0
101,60001,51,1.0
101,62001,51,1.0
101,64001,51,1.0
101,65535,51,1.0
101,1,61,1.0
101,2001,61,1.0
101,4001,61,1.0
101,6001,61,1.0
101,8001,61,1.0
101,10001,61,1.0
101,12001,61,1.0
101,14001,61,1.0
101,16001,61,1.0
101,18001,61,1.0
101,20001,61,0.9
101,22001,61,1.0
101,24001,61,1.0
101,26001,61,1.0
101,28001,61,1.0
101,30001,61,1.0
101,32001,61,1.0
101,34001,61,1.0
101,36001,61,1.0
101,38001,61,1.0
101,40001,61,1.0
101,42001,61,1.0
101,44001,61,1.0
101,46001,61,1.0
101,48001,61,1.0
101,50001,61,1.0
101,52001,61,1.0
101,54001,61,1.0
101,56001,61,1.0
101,58001,61,1.0
101,60001,61,1.0
101,62001,61,1.0
101,64001,61,1.0
101,65535,61,1.0
101,1,71,1.0
101,2001,71,1.0
101,4001,71,1.0
101,6001,71,1.0
101,8001,71,1.0
101,10001,71,1.0
101,12001,71,1.0
101,14001,71,1.0
101,16001,71,1.0
101,18001,71,1.0
101,20001,71,1.0
101,22001,71,1.0
101,24001,71,1.0
101,26001,71,1.0
101,28001,71,1.0
101,30001,71,1.0
101,32001,71,1.0
101,34001,71,0.9
101,36001,71,0.9
101,38001,71,1.0
101,40001,71,1.0
101,42001,71,1.0
101,44001,71,1.0
101,46001,71,1.0
101,48001,71,1.0
101,50001,71,1.0
101,52001,71,0.9
101,54001,71,1.0
101,56001,71,0.9
101,58001,71,1.0
101,60001,71,1.0
101,62001,71,1.0
101,64001,71,1.0
101,65535,71,1.0
101,1,81,1.0
101,2001,81,0.9
101,4001,81,1.0
101,6001,81,1.0
101,8001,81,1.0
101,10001,81,1.0
101,12001,81,0.9
101,14001,81,1.0
101,16001,81,1.0
101,18001,81,1.0
101,20001,81,1.0
101,22001,81,1.0
101,24001,81,0.9
101,26001,81,1.0
101,28001,81,1.0
101,30001,81,1.0
101,32001,81,1.0
101,34001,81,1.0
101,36001,81,1.0
101,38001,81,1.0
101,40001,81,1.0
101,42001,81,1.0
101,44001,81,1.0
101,46001,81,1.0
101,48001,81,1.0
101,50001,81,1.0
101,52001,81,1.0
101,54001,81,0.9
101,56001,81,1.0
101,58001,81,1.0
101,60001,81,0.9
101,62001,81,1.0
101,64001,81,1.0
101,65535,81,1.0
101,1,91,1.0
101,2001,91,1.0
101,4001,91,0.9
101,6001,91,0.9
101,8001,91,1.0
101,10001,91,1.0
101,12001,91,1.0
101,14001,91,1.0
101,16001,91,1.0
101,18001,91,1.0
101,20001,91,1.0
101,22001,91,1.0
101,24001,91,1.0
101,26001,91,1.0
101,28001,91,1.0
101,30001,91,1.0
101,32001,91,1.0
101,34001,91,1.0
101,36001,91,1.0
101,38001,91,1.0
101,40001,91,1.0
101,42001,91,1.0
101,44001,91,1.0
101,46001,91,1.0
101,48001,91,1.0
101,50001,91,1.0
101,52001,91,1.0
101,54001,91,1.0
101,56001,91,1.0
101,58001,91,1.0
101,60001,91,1.0
101,62001,91,1.0
101,64001,91,1.0
101,65535,91,1.0
101,1,101,1.0
101,2001,101,1.0
101,4001,101,1.0
101,6001,101,1.0
101,8001,101,0.9
101,10001,101,1.0
101,12001,101,1.0
101,14001,101,1.0
101,16001,101,1.0
101,18001,101,1.0
101,20001,101,1.0
101,22001,101,1.0
101,24001,101,1.0
101,26001,101,1.0
101,28001,101,1.0
101,30001,101,1.0
101,32001,101,1.0
101,34001,101,1.0
101,36001,101,1.0
101,38001,101,0.9
101,40001,101,1.0
101,42001,101,1.0
101,44001,101,1.0
101,46001,101,1.0
101,48001,101,1.0
101,50001,101,1.0
101,52001,101,1.0
101,54001,101,1.0
101,56001,101,1.0
101,58001,101,1.0
101,60001,101,1.0
101,62001,101,1.0
101,64001,101,1.0
101,65535,101,1.0
101,1,111,1.0
101,2001,111,0.9
101,4001,111,1.0
101,6001,111,1.0
101,8001,111,1.0
101,10001,111,0.9
101,12001,111,0.9
101,14001,111,0.9
101,16001,111,1.0
101,18001,111,1.0
101,20001,111,1.0
101,22001,111,1.0
101,24001,111,0.9
101,26001,111,1.0
101,28001,111,1.0
101,30001,111,1.0
101,32001,111,1.0
101,34001,111,1.0
101,36001,111,1.0
101,38001,111,1.0
101,40001,111,1.0
101,42001,111,1.0
101,44001,111,1.0
101,46001,111,1.0
101,48001,111,1.0
101,50001,111,1.0
101,52001,111,1.0
101,54001,111,1.0
101,56001,111,1.0
101,58001,111,1.0
101,60001,111,1.0
101,62001,111,0.9
101,64001,111,1.0
101,65535,111,1.0
101,1,121,1.0
101,2001,121,1.0
101,4001,121,1.0
101,6001,121,1.0
101,8001,121,1.0
101,10001,121,1.0
101,12001,121,0.9
101,14001,121,1.0
101,16001,121,1.0
101,18001,121,1.0
101,20001,121,1.0
101,22001,121,1.0
101,24001,121,1.0
101,26001,121,1.0
101,28001,121,0.9
101,30001,121,1.0
101,32001,121,1.0
101,34001,121,1.0
101,36001,121,1.0
101,38001,121,1.0
101,40001,121,1.0
101,42001,121,1.0
101,44001,121,1.0
101,46001,121,0.9
101,48001,121,1.0
101,50001,121,1.0
101,52001,121,1.0
101,54001,121,1.0
101,56001,121,1.0
101,58001,121,1.0
101,60001,121,1.0
101,62001,121,1.0
101,64001,121,1.0
101,65535,121,1.0
101,1,131,1.0
101,2001,131,1.0
101,4001,131,1.0
101,6001,131,1.0
101,8001,131,1.0
101,10001,131,1.0
101,12001,131,1.0
101,14001,131,1.0
101,16001,131,1.0
101,18001,131,1.0
101,20001,131,1.0
101,22001,131,1.0
101,24001,131,1.0
101,26001,131,1.0
101,28001,131,1.0
101,30001,131,1.0
101,32001,131,1.0
101,34001,131,1.0
101,36001,131,1.0
101,38001,131,1.0
101,40001,131,1.0
101,42001,131,1.0
101,44001,131,1.0
101,46001,131,1.0
101,48001,131,1.0
101,50001,131,1.0
101,52001,131,1.0
101,54001,131,1.0
101,56001,131,1.0
101,58001,131,1.0
101,60001,131,1.0
101,62001,131,1.0
101,64001,131,1.0
101,65535,131,1.0
101,1,141,0.9
101,2001,141,1.0
101,4001,141,1.0
101,6001,141,1.0
101,8001,141,1.0
101,10001,141,0.9
101,12001,141,1.0
101,14001,141,1.0
101,16001,141,0.9
101,18001,141,1.0
101,20001,141,1.0
101,22001,141,1.0
101,24001,141,0.9
101,26001,141,1.0
101,28001,141,1.0
101,30001,141,1.0
101,32001,141,1.0
101,34001,141,1.0
101,36001,141,1.0
101,38001,141,1.0
101,40001,141,1.0
101,42001,141,1.0
101,44001,141,1.0
101,46001,141,1.0
101,48001,141,1.0
101,50001,141,1.0
101,52001,141,1.0
101,54001,141,1.0
101,56001,141,1.0
101,58001,141,1.0
101,60001,141,1.0
101,62001,141,1.0
101,64001,141,1.0
101,65535,141,1.0
101,1,151,0.9
101,2001,151,1.0
101,4001,151,1.0
101,6001,151,1.0
101,8001,151,1.0
101,10001,151,0.9
101,12001,151,1.0
101,14001,151,1.0
101,16001,151,1.0
101,18001,151,1.0
101,20001,151,1.0
101,22001,151,1.0
101,24001,151,1.0
101,26001,151,1.0
101,28001,151,1.0
101,30001,151,1.0
101,32001,151,1.0
101,34001,151,1.0
101,36001,151,1.0
101,38001,151,1.0
101,40001,151,1.0
101,42001,151,1.0
101,44001,151,0.9
101,46001,151,1.0
101,48001,151,1.0
101,50001,151,0.9
101,52001,151,1.0
101,54001,151,1.0
101,56001,151,1.0
101,58001,151,1.0
101,60001,151,1.0
101,62001,151,1.0
101,64001,151,0.9
101,65535,151,0.9
101,1,161,0.9
101,2001,161,0.9
101,4001,161,1.0
101,6001,161,1.0
101,8001,161,1.0
101,10001,161,1.0
101,12001,161,1.0
101,14001,161,0.9
101,16001,161,1.0
101,18001,161,1.0
101,20001,161,1.0
101,22001,161,1.0
101,24001,161,0.9
101,26001,161,1.0
101,28001,161,1.0
101,30001,161,1.0
101,32001,161,0.9
101,34001,161,1.0
101,36001,161,1.0
101,38001,161,1.0
101,40001,161,1.0
101,42001,161,1.0
101,44001,161,1.0
101,46001,161,1.0
101,48001,161,1.0
101,50001,161,1.0
101,52001,161,1.0
101,54001,161,1.0
101,56001,161,1.0
101,58001,161,1.0
101,60001,161,1.0
101,62001,161,1.0
101,64001,161,0.9
101,65535,161,0.9
101,1,171,0.9
101,2001,171,0.9
101,4001,171,0.9
101,6001,171,1.0
101,8001,171,1.0
101,10001,171,1.0
101,12001,171,1.0
101,14001,171,1.0
101,16001,171,1.0
101,18001,171,1.0
101,20001,171,1.0
101,22001,171,0.9
101,24001,171,0.9
101,26001,171,1.0
101,28001,171,0.9
101,30001,171,1.0
101,32001,171,1.0
101,34001,171,0.9
101,36001,171,1.0
101,38001,171,1.0
101,40001,171,0.9
101,42001,171,1.0
101,44001,171,1.0
101,46001,171,1.0
101,48001,171,1.0
101,50001,171,1.0
101,52001,171,1.0
101,54001,171,1.0
101,56001,171,0.9
101,58001,171,1.0
101,60001,171,1.0
101,62001,171,1.0
101,64001,171,0.9
101,65535,171,0.9
101,1,181,0.9
101,2001,181,0.9
101,4001,181,0.9
101,6001,181,1.0
101,8001,181,1.0
101,10001,181,1.0
101,12001,181,1.0
101,14001,181,1.0
101,16001,181,1.0
101,18001,181,1.0
101,20001,181,1.0
101,22001,181,0.9
101,24001,181,0.9
101,26001,181,0.9
101,28001,181,0.9
101,30001,181,1.0
101,32001,181,1.0
101,34001,181,1.0
101,36001,181,1.0
101,38001,181,1.0
101,40001,181,1.0
101,42001,181,1.0
101,44001,181,0.9
101,46001,181,1.0
101,48001,181,1.0
101,50001,181,1.0
101,52001,181,1.0
101,54001,181,1.0
101,56001,181,1.0
101,58001,181,1.0
101,60001,181,0.9
101,62001,181,1.0
101,64001,181,0.9
101,65535,181,0.9
101,1,191,0.9
101,2001,191,0.9
101,4001,191,0.9
101,6001,191,1.0
101,8001,191,1.0
101,10001,191,1.0
101,12001,191,1.0
101,14001,191,1.0
101,16001,191,0.9
101,18001,191,1.0
101,20001,191,1.0
101,22001,191,0.9
101,24001,191,0.9
101,26001,191,0.9
101,28001,191,0.9
101,30001,191,1.0
101,32001,191,1.0
101,34001,191,1.0
101,36001,191,0.9
101,38001,191,1.0
101,40001,191,0.9
101,42001,191,1.0
101,44001,191,1.0
101,46001,191,1.0
101,48001,191,1.0
101,50001,191,1.0
101,52001,191,1.0
101,54001,191,1.0
101,56001,191,1.0
101,58001,191,1.0
101,60001,191,0.9
101,62001,191,1.0
101,64001,191,0.9
101,65535,191,0.9
101,1,201,0.9
101,2001,201,0.9
101,4001,201,0.9
101,6001,201,1.0
101,8001,201,1.0
101,10001,201,1.0
101,12001,201,1.0
101,14001,201,1.0
101,16001,201,1.0
101,18001,201,1.0
101,20001,201,1.0
101,22001,201,0.9
101,24001,201,0.9
101,26001,201,0.9
101,28001,201,0.9
101,30001,201,0.9
101,32001,201,1.0
101,34001,201,1.0
101,36001,201,1.0
101,38001,201,1.0
101,40001,201,0.9
101,42001,201,1.0
101,44001,201,1.0
101,46001,201,1.0
101,48001,201,0.9
101,50001,201,0.9
101,52001,201,1.0
101,54001,201,1.0
101,56001,201,1.0
101,58001,201,1.0
101,60001,201,0.9
101,62001,201,0.9
101,64001,201,0.9
101,65535,201,0.9
101,1,211,0.9
101,2001,211,0.9
101,4001,211,0.9
101,6001,211,1.0
101,8001,211,1.0
101,10001,211,1.0
101,12001,211,1.0
101,14001,211,1.0
101,16001,211,1.0
101,18001,211,1.0
101,20001,211,1.0
101,22001,211,0.9
101,24001,211,0.9
101,26001,211,0.9
101,28001,211,0.9
101,30001,211,0.9
101,32001,211,1.0
101,34001,211,1.0
101,36001,211,1.0
101,38001,211,1.0
101,40001,211,1.0
101,42001,211,0.9
101,44001,211,0.9
101,46001,211,1.0
101,48001,211,1.0
101,50001,211,1.0
101,52001,211,1.0
101,54001,211,1.0
101,56001,211,1.0
101,58001,211,1.0
101,60001,211,0.9
101,62001,211,0.9
101,64001,211,0.9
101,65535,211,0.9
101,1,221,0.9
101,2001,221,0.9
101,4001,221,0.9
101,6001,221,0.9
101,8001,221,1.0
101,10001,221,1.0
101,12001,221,1.0
101,14001,221,1.0
101,16001,221,1.0
101,18001,221,1.0
101,20001,221,1.0
101,22001,221,0.9
101,24001,221,0.9
101,26001,221,0.9
101,28001,221,0.9
101,30001,221,1.0
101,32001,221,1.0
101,34001,221,1.0
101,36001,221,1.0
101,38001,221,1.0
101,40001,221,1.0
101,42001,221,1.0
101,44001,221,0.9
101,46001,221,0.9
101,48001,221,1.0
101,50001,221,1.0
101,52001,221,1.0
101,54001,221,1.0
101,56001,221,1.0
101,58001,221,1.0
101,60001,221,0.9
101,62001,221,0.9
101,64001,221,0.9
101,65535,221,0.9
101,1,231,0.9
101,2001,231,0.9
101,4001,231,0.9
101,6001,231,1.0
101,8001,231,1.0
101,10001,231,1.0
101,12001,231,1.0
101,14001,231,1.0
101,16001,231,0.9
101,18001,231,0.9
101,20001,231,0.9
101,22001,231,0.9
101,24001,231,0.9
101,26001,231,0.9
101,28001,231,0.9
101,30001,231,0.9
101,32001,231,1.0
101,34001,231,1.0
101,36001,231,1.0
101,38001,231,1.0
101,40001,231,1.0
101,42001,231,1.0
101,44001,231,0.9
101,46001,231,0.9
101,48001,231,1.0
101,50001,231,1.0
101,52001,231,1.0
101,54001,231,1.0
101,56001,231,1.0
101,58001,231,0.9
101,60001,231,0.9
101,62001,231,0.9
101,64001,231,0.9
101,65535,231,0.9
101,1,241,0.9
101,2001,241,0.9
101,4001,241,0.9
101,6001,241,0.9
101,8001,241,1.0
101,10001,241,1.0
101,12001,241,1.0
101,14001,241,1.0
101,16001,241,0.9
101,18001,241,1.0
101,20001,241,0.9
101,22001,241,0.9
101,24001,241,0.9
101,26001,241,0.9
101,28001,241,0.9
101,30001,241,0.9
101,32001,241,0.9
101,34001,241,1.0
101,36001,241,1.0
101,38001,241,1.0
101,40001,241,0.9
101,42001,241,1.0
101,44001,241,0.9
101,46001,241,0.9
101,48001,241,1.0
101,50001,241,1.0
101,52001,241,1.0
101,54001,241,1.0
101,56001,241,1.0
101,58001,241,1.0
101,60001,241,0.9
101,62001,241,0.9
101,64001,241,0.9
101,65535,241,0.9
101,1,251,0.9
101,2001,251,0.9
101,4001,251,0.9
101,6001,251,0.9
101,8001,251,1.0
101,10001,251,1.0
101,12001,251,1.0
101,14001,251,1.0
101,16001,251,1.0
101,18001,251,1.0
101,20001,251,0.9
101,22001,251,0.9
101,24001,251,0.9
101,26001,251,0.9
101,28001,251,0.9
101,30001,251,0.9
101,32001,251,1.0
101,34001,251,1.0
101,36001,251,1.0
101,38001,251,1.0
101,40001,251,1.0
101,42001,251,1.0
101,44001,251,0.9
101,46001,251,0.9
101,48001,251,1.0
101,50001,251,1.0
101,52001,251,0.9
101,54001,251,1.0
101,56001,251,1.0
101,58001,251,1.0
101,60001,251,0.9
101,62001,251,0.9
101,64001,251,0.9
101,65535,251,0.9
101,1,254,0.9
101,2001,254,0.9
101,4001,254,0.9
101,6001,254,0.9
101,8001,254,1.0
101,10001,254,1.0
101,12001,254,1.0
101,14001,254,1.0
101,16001,254,1.0
101,18001,254,0.9
101,20001,254,0.9
101,22001,254,0.9
101,24001,254,0.9
101,26001,254,0.9
101,28001,254,0.9
101,30001,254,0.9
101,32001,254,1.0
101,34001,254,1.0
101,36001,254,1.0
101,38001,254,1.0
101,40001,254,0.9
101,42001,254,1.0
101,44001,254,0.9
101,46001,254,0.9
101,48001,254,1.0
101,50001,254,0.9
101,52001,254,1.0
101,54001,254,1.0
101,56001,254,0.9
101,58001,254,1.0
101,60001,254,0.9
101,62001,254,0.9
101,64001,254,0.9
101,65535,254,0.9
111,1,1,1.0
111,2001,1,1.0
111,4001,1,1.0
111,6001,1,1.0
111,8001,1,1.1
111,10001,1,1.1
111,12001,1,1.1
111,14001,1,1.0
111,16001,1,1.1
111,18001,1,1.0
111,20001,1,1.1
111,22001,1,1.1
111,24001,1,1.1
111,26001,1,1.0
111,28001,1,1.1
111,30001,1,1.1
111,32001,1,1.0
111,34001,1,1.0
111,36001,1,1.0
111,38001,1,1.1
111,40001,1,1.0
111,42001,1,1.1
111,44001,1,1.0
111,46001,1,1.0
111,48001,1,1.0
111,50001,1,1.0
111,52001,1,1.0
111,54001,1,1.1
111,56001,1,1.0
111,58001,1,1.1
111,60001,1,1.1
111,62001,1,1.0
111,64001,1,1.0
111,65535,1,1.1
111,1,11,1.0
111,2001,11,1.1
111,4001,11,1.1
111,6001,11,1.1
111,8001,11,1.1
111,10001,11,1.0
111,12001,11,1.0
111,14001,11,1.1
111,16001,11,1.1
111,18001,11,1.0
111,20001,11,1.0
111,22001,11,1.1
111,24001,11,1.1
111,26001,11,1.1
111,28001,11,1.0
111,30001,11,1.1
111,32001,11,1.0
111,34001,11,1.0
111,36001,11,1.1
111,38001,11,1.1
111,40001,11,1.1
111,42001,11,1.1
111,44001,11,1.1
111,46001,11,1.1
111,48001,11,1.1
111,50001,11,1.1
111,52001,11,1.1
111,54001,11,1.1
111,56001,11,1.1
111,58001,11,1.1
111,60001,11,1.0
111,62001,11,1.0
111,64001,11,1.0
111,65535,11,1.1
111,1,21,1.1
111,2001,21,1.1
111,4001,21,1.1
111,6001,21,1.0
111,8001,21,1.1
111,10001,21,1.0
111,12001,21,1.0
111,14001,21,1.1
111,16001,21,1.1
111,18001,21,1.1
111,20001,21,1.1
111,22001,21,1.1
111,24001,21,1.0
111,26001,21,1.1
111,28001,21,1.0
111,30001,21,1.1
111,32001,21,1.0
111,34001,21,1.0
111,36001,21,1.1
111,38001,21,1.0
111,40001,21,1.1
111,42001,21,1.1
111,44001,21,1.0
111,46001,21,1.1
111,48001,21,1.0
111,50001,21,1.0
111,52001,21,1.1
111,54001,21,1.1
111,56001,21,1.0
111,58001,21,1.1
111,60001,21,1.1
111,62001,21,1.1
111,64001,21,1.1
111,65535,21,1.0
111,1,31,1.0
111,2001,31,1.0
111,4001,31,1.1
111,6001,31,1.0
111,8001,31,1.1
111,10001,31,1.1
111,12001,31,1.1
111,14001,31,1.1
111,16001,31,1.1
111,18001,31,1.1
111,20001,31,1.1
111,22001,31,1.1
111,24001,31,1.1
111,26001,31,1.1
111,28001,31,1.1
111,30001,31,1.1
111,32001,31,1.1
111,34001,31,1.1
111,36001,31,1.1
111,38001,31,1.1
111,40001,31,1.1
111,42001,31,1.1
111,44001,31,1.1
111,46001,31,1.1
111,48001,31,1.1
111,50001,31,1.1
111,52001,31,1.1
111,54001,31,1.0
111,56001,31,1.0
111,58001,31,1.1
111,60001,31,1.1
111,62001,31,1.1
111,64001,31,1.1
111,65535,31,1.1
111,1,41,1.1
111,2001,41,1.1
111,4001,41,1.0
111,6001,41,1.1
111,8001,41,1.0
111,10001,41,1.1
111,12001,41,1.1
111,14001,41,1.1
111,16001,41,1.1
111,18001,41,1.1
111,20001,41,1.1
111,22001,41,1.1
111,24001,41,1.0
111,26001,41,1.1
111,28001,41,1.1
111,30001,41,1.1
111,32001,41,1.1
111,34001,41,1.1
111,36001,41,1.0
111,38001,41,1.1
111,40001,41,1.1
111,42001,41,1.1
111,44001,41,1.1
111,46001,41,1.1
111,48001,41,1.1
111,50001,41,1.1
111,52001,41,1.1
111,54001,41,1.1
111,56001,41,1.0
111,58001,41,1.0
111,60001,41,1.1
111,62001,41,1.1
111,64001,41,1.1
111,65535,41,1.1
111,1,51,1.1
111,2001,51,1.0
111,4001,51,1.1
111,6001,51,1.1
111,8001,51,1.1
111,10001,51,1.1
111,12001,51,1.1
111,14001,51,1.1
111,16001,51,1.1
111,18001,51,1.0
111,20001,51,1.1
111,22001,51,1.0
111,24001,51,1.1
111,26001,51,1.1
111,28001,51,1.1
111,30001,51,1.1
111,32001,51,1.1
111,34001,51,1.0
111,36001,51,1.0
111,38001,51,1.1
111,40001,51,1.0
111,42001,51,1.1
111,44001,51,1.1
111,46001,51,1.0
111,48001,51,1.1
111,50001,51,1.1
111,52001,51,1.0
111,54001,51,1.1
111,56001,51,1.1
111,58001,51,1.1
111,60001,51,1.0
111,62001,51,1.1
111,64001,51,1.1
111,65535,51,1.1
111,1,61,1.1
111,2001,61,1.1
111,4001,61,1.1
111,6001,61,1.1
111,8001,61,1.1
111,10001,61,1.0
111,12001,61,1.1
111,14001,61,1.0
111,16001,61,1.1
111,18001,61,1.1
111,20001,61,1.1
111,22001,61,1.0
111,24001,61,1.1
111,26001,61,1.1
111,28001,61,1.1
111,30001,61,1.1
111,32001,61,1.1
111,34001,61,1.1
111,36001,61,1.1
111,38001,61,1.0
111,40001,61,1.1
111,42001,61,1.1
111,44001,61,1.1
111,46001,61,1.1
111,48001,61,1.1
111,50001,61,1.1
111,52001,61,1.1
111,54001,61,1.1
111,56001,61,1.1
111,58001,61,1.1
111,60001,61,1.0
111,62001,61,1.1
111,64001,61,1.0
111,65535,61,1.1
111,1,71,1.1
111,2001,71,1.1
111,4001,71,1.0
111,6001,71,1.1
111,8001,71,1.1
111,10001,71,1.0
111,12001,71,1.1
111,14001,71,1.1
111,16001,71,1.1
111,18001,71,1.1
111,20001,71,1.1
111,22001,71,1.0
111,24001,71,1.1
111,26001,71,1.0
111,28001,71,1.1
111,30001,71,1.1
111,32001,71,1.1
111,34001,71,1.0
111,36001,71,1.1
111,38001,71,1.0
111,40001,71,1.1
111,42001,71,1.1
111,44001,71,1.1
111,46001,71,1.1
111,48001,71,1.1
111,50001,71,1.0
111,52001,71,1.0
111,54001,71,1.0
111,56001,71,1.1
111,58001,71,1.1
111,60001,71,1.1
111,62001,71,1.0
111,64001,71,1.1
111,65535,71,1.1
111,1,81,1.0
111,2001,81,1.1
111,4001,81,1.1
111,6001,81,1.1
111,8001,81,1.1
111,10001,81,1.1
111,12001,81,1.1
111,14001,81,1.1
111,16001,81,1.1
111,18001,81,1.0
111,20001,81,1.1
111,22001,81,1.0
111,24001,81,1.1
111,26001,81,1.0
111,28001,81,1.1
111,30001,81,1.1
111,32001,81,1.1
111,34001,81,1.1
111,36001,81,1.1
111,38001,81,1.1
111,40001,81,1.1
111,42001,81,1.1
111,44001,81,1.1
111,46001,81,1.1
111,48001,81,1.1
111,50001,81,1.0
111,52001,81,1.1
111,54001,81,1.1
111,56001,81,1.0
111,58001,81,1.0
111,60001,81,1.1
111,62001,81,1.1
111,64001,81,1.1
111,65535,81,1.0
111,1,91,1.1
111,2001,91,1.0
111,4001,91,1.0
111,6001,91,1.1
111,8001,91,1.1
111,10001,91,1.0
111,12001,91,1.1
111,14001,91,1.1
111,16001,91,1.0
111,18001,91,1.1
111,20001,91,1.0
111,22001,91,1.1
111,24001,91,1.0
111,26001,91,1.1
111,28001,91,1.1
111,30001,91,1.0
111,32001,91,1.1
111,34001,91,1.1
111,36001,91,1.1
111,38001,91,1.0
111,40001,91,1.0
111,42001,91,1.1
111,44001,91,1.1
111,46001,91,1.0
111,48001,91,1.1
111,50001,91,1.0
111,52001,91,1.0
111,54001,91,1.0
111,56001,91,1.0
111,58001,91,1.1
111,60001,91,1.0
111,62001,91,1.1
111,64001,91,1.1
111,65535,91,1.0
111,1,101,1.1
111,2001,101,1.0
111,4001,101,1.1
111,6001,101,1.1
111,8001,101,1.1
111,10001,101,1.0
111,12001,101,1.1
111,14001,101,1.1
111,16001,101,1.1
111,18001,101,1.1
111,20001,101,1.1
111,22001,101,1.1
111,24001,101,1.1
111,26001,101,1.1
111,28001,101,1.1
111,30001,101,1.0
111,32001,101,1.1
111,34001,101,1.1
111,36001,101,1.1
111,38001,101,1.1
111,40001,101,1.1
111,42001,101,1.1
111,44001,101,1.1
111,46001,101,1.1
111,48001,101,1.0
111,50001,101,1.1
111,52001,101,1.1
111,54001,101,1.0
111,56001,101,1.0
111,58001,101,1.1
111,60001,101,1.1
111,62001,101,1.1
111,64001,101,1.1
111,65535,101,1.1
111,1,111,1.0
111,2001,111,1.0
111,4001,111,1.1
111,6001,111,1.0
111,8001,111,1.0
111,10001,111,1.0
111,12001,111,1.1
111,14001,111,1.0
111,16001,111,1.1
111,18001,111,1.1
111,20001,111,1.1
111,22001,111,1.1
111,24001,111,1.0
111,26001,111,1.1
111,28001,111,1.0
111,30001,111,1.1
111,32001,111,1.0
111,34001,111,1.1
111,36001,111,1.0
111,38001,111,1.1
111,40001,111,1.0
111,42001,111,1.1
111,44001,111,1.1
111,46001,111,1.1
111,48001,111,1.1
111,50001,111,1.1
111,52001,111,1.1
111,54001,111,1.1
111,56001,111,1.1
111,58001,111,1.0
111,60001,111,1.1
111,62001,111,1.1
111,64001,111,1.1
111,65535,111,1.1
111,1,121,1.0
111,2001,121,1.0
111,4001,121,1.1
111,6001,121,1.1
111,8001,121,1.0
111,10001,121,1.1
111,12001,121,1.0
111,14001,121,1.1
111,16001,121,1.0
111,18001,121,1.1
111,20001,121,1.0
111,22001,121,1.1
111,24001,121,1.1
111,26001,121,1.0
111,28001,121,1.1
111,30001,121,1.1
111,32001,121,1.0
111,34001,121,1.1
111,36001,121,1.0
111,38001,121,1.1
111,40001,121,1.1
111,42001,121,1.1
111,44001,121,1.0
111,46001,121,1.1
111,48001,121,1.1
111,50001,121,1.1
111,52001,121,1.1
111,54001,121,1.0
111,56001,121,1.1
111,58001,121,1.1
111,60001,121,1.0
111,62001,121,1.1
111,64001,121,1.1
111,65535,121,1.0
111,1,131,1.1
111,2001,131,1.1
111,4001,131,1.1
111,6001,131,1.1
111,8001,131,1.0
111,10001,131,1.1
111,12001,131,1.1
111,14001,131,1.1
111,16001,131,1.1
111,18001,131,1.1
111,20001,131,1.1
111,22001,131,1.1
111,24001,131,1.1
111,26001,131,1.0
111,28001,131,1.1
111,30001,131,1.1
111,32001,131,1.1
111,34001,131,1.0
111,36001,131,1.1
111,38001,131,1.1
111,40001,131,1.0
111,42001,131,1.1
111,44001,131,1.1
111,46001,131,1.0
111,48001,131,1.1
111,50001,131,1.1
111,52001,131,1.1
111,54001,131,1.1
111,56001,131,1.1
111,58001,131,1.0
111,60001,131,1.0
111,62001,131,1.1
111,64001,131,1.1
111,65535,131,1.1
111,1,141,1.0
111,2001,141,1.1
111,4001,141,1.1
111,6001,141,1.1
111,8001,141,1.1
111,10001,141,1.0
111,12001,141,1.1
111,14001,141,1.1
111,16001,141,1.0
111,18001,141,1.1
111,20001,141,1.1
111,22001,141,1.1
111,24001,141,1.1
111,26001,141,1.1
111,28001,141,1.1
111,30001,141,1.1
111,32001,141,1.1
111,34001,141,1.1
111,36001,141,1.0
111,38001,141,1.1
111,40001,141,1.1
111,42001,141,1.1
111,44001,141,1.1
111,46001,141,1.1
111,48001,141,1.0
111,50001,141,1.1
111,52001,141,1.0
111,54001,141,1.1
111,56001,141,1.0
111,58001,141,1.1
111,60001,141,1.1
111,62001,141,1.1
111,64001,141,1.1
111,65535,141,1.0
111,1,151,1.0
111,2001,151,1.0
111,4001,151,1.0
111,6001,151,1.1
111,8001,151,1.0
111,10001,151,1.0
111,12001,151,1.1
111,14001,151,1.1
111,16001,151,1.1
111,18001,151,1.0
111,20001,151,1.0
111,22001,151,1.0
111,24001,151,1.0
111,26001,151,1.0
111,28001,151,1.1
111,30001,151,1.1
111,32001,151,1.1
111,34001,151,1.1
111,36001,151,1.1
111,38001,151,1.1
111,40001,151,1.0
111,42001,151,1.0
111,44001,151,1.1
111,46001,151,1.1
111,48001,151,1.1
111,50001,151,1.1
111,52001,151,1.1
111,54001,151,1.0
111,56001,151,1.1
111,58001,151,1.1
111,60001,151,1.1
111,62001,151,1.1
111,64001,151,1.1
111,65535,151,1.0
111,1,161,1.0
111,2001,161,1.0
111,4001,161,1.0
111,6001,161,1.0
111,8001,161,1.1
111,10001,161,1.1
111,12001,161,1.0
111,14001,161,1.1
111,16001,161,1.1
111,18001,161,1.0
111,20001,161,1.1
111,22001,161,1.1
111,24001,161,1.0
111,26001,161,1.0
111,28001,161,1.1
111,30001,161,1.1
111,32001,161,1.1
111,34001,161,1.1
111,36001,161,1.0
111,38001,161,1.1
111,40001,161,1.0
111,42001,161,1.1
111,44001,161,1.1
111,46001,161,1.1
111,48001,161,1.1
111,50001,161,1.1
111,52001,161,1.1
111,54001,161,1.1
111,56001,161,1.1
111,58001,161,1.1
111,60001,161,1.1
111,62001,161,1.1
111,64001,161,1.1
111,65535,161,1.0
111,1,171,1.0
111,2001,171,1.0
111,4001,171,1.1
111,6001,171,1.1
111,8001,171,1.0
111,10001,171,1.0
111,12001,171,1.1
111,14001,171,1.1
111,16001,171,1.0
111,18001,171,1.0
111,20001,171,1.1
111,22001,171,1.0
111,24001,171,1.0
111,26001,171,1.0
111,28001,171,1.0
111,30001,171,1.1
111,32001,171,1.1
111,34001,171,1.0
111,36001,171,1.0
111,38001,171,1.0
111,40001,171,1.1
111,42001,171,1.1
111,44001,171,1.1
111,46001,171,1.1
111,48001,171,1.0
111,50001,171,1.1
111,52001,171,1.1
111,54001,171,1.1
111,56001,171,1.1
111,58001,171,1.1
111,60001,171,1.1
111,62001,171,1.0
111,64001,171,1.0
111,65535,171,1.0
111,1,181,1.0
111,2001,181,1.0
111,4001,181,1.0
111,6001,181,1.1
111,8001,181,1.1
111,10001,181,1.1
111,12001,181,1.1
111,14001,181,1.1
111,16001,181,1.1
111,18001,181,1.1
111,20001,181,1.1
111,22001,181,1.0
111,24001,181,1.0
111,26001,181,1.0
111,28001,181,1.0
111,30001,181,1.1
111,32001,181,1.1
111,34001,181,1.1
111,36001,181,1.0
111,38001,181,1.0
111,40001,181,1.1
111,42001,181,1.1
111,44001,181,1.1
111,46001,181,1.1
111,48001,181,1.1
111,50001,181,1.1
111,52001,181,1.1
111,54001,181,1.1
111,56001,181,1.1
111,58001,181,1.1
111,60001,181,1.1
111,62001,181,1.0
111,64001,181,1.0
111,65535,181,1.0
111,1,191,1.0
111,2001,191,1.0
111,4001,191,1.1
111,6001,191,1.1
111,8001,191,1.1
111,10001,191,1.0
111,12001,191,1.1
111,14001,191,1.0
111,16001,191,1.0
111,18001,191,1.1
111,20001,191,1.1
111,22001,191,1.0
111,24001,191,1.0
111,26001,191,1.0
111,28001,191,1.0
111,30001,191,1.0
111,32001,191,1.1
111,34001,191,1.1
111,36001,191,1.1
111,38001,191,1.1
111,40001,191,1.1
111,42001,191,1.1
111,44001,191,1.0
111,46001,191,1.0
111,48001,191,1.0
111,50001,191,1.1
111,52001,191,1.0
111,54001,191,1.1
111,56001,191,1.1
111,58001,191,1.1
111,60001,191,1.0
111,62001,191,1.0
111,64001,191,1.0
111,65535,191,1.0
111,1,201,1.0
111,2001,201,1.0
111,4001,201,1.0
111,6001,201,1.1
111,8001,201,1.1
111,10001,201,1.1
111,12001,201,1.1
111,14001,201,1.1
111,16001,201,1.1
111,18001,201,1.1
111,20001,201,1.0
111,22001,201,1.0
111,24001,201,1.0
111,26001,201,1.0
111,28001,201,1.0
111,30001,201,1.0
111,32001,201,1.1
111,34001,201,1.1
111,36001,201,1.1
111,38001,201,1.1
111,40001,201,1.1
111,42001,201,1.1
111,44001,201,1.0
111,46001,201,1.1
111,48001,201,1.1
111,50001,201,1.1
111,52001,201,1.1
111,54001,201,1.1
111,56001,201,1.1
111,58001,201,1.1
111,60001,201,1.0
111,62001,201,1.0
111,64001,201,1.0
111,65535,201,1.0
111,1,211,1.0
111,2001,211,0.9
111,4001,211,1.0
111,6001,211,1.1
111,8001,211,1.0
111,10001,211,1.1
111,12001,211,1.1
111,14001,211,1.1
111,16001,211,1.1
111,18001,211,1.0
111,20001,211,1.0
111,22001,211,1.0
111,24001,211,1.0
111,26001,211,1.0
111,28001,211,1.0
111,30001,211,1.0
111,32001,211,1.1
111,34001,211,1.1
111,36001,211,1.1
111,38001,211,1.1
111,40001,211,1.1
111,42001,211,1.1
111,44001,211,1.1
111,46001,211,1.0
111,48001,211,1.0
111,50001,211,1.1
111,52001,211,1.1
111,54001,211,1.1
111,56001,211,1.0
111,58001,211,1.1
111,60001,211,1.0
111,62001,211,1.0
111,64001,211,1.0
111,65535,211,1.0
111,1,221,1.0
111,2001,221,1.0
111,4001,221,1.0
111,6001,221,1.1
111,8001,221,1.1
111,10001,221,1.1
111,12001,221,1.1
111,14001,221,1.0
111,16001,221,1.1
111,18001,221,1.1
111,20001,221,1.0
111,22001,221,1.0
111,24001,221,1.0
111,26001,221,1.0
111,28001,221,1.0
111,30001,221,1.0
111,32001,221,1.1
111,34001,221,1.0
111,36001,221,1.0
111,38001,221,1.1
111,40001,221,1.1
111,42001,221,1.1
111,44001,221,1.0
111,46001,221,1.0
111,48001,221,1.1
111,50001,221,1.1
111,52001,221,1.1
111,54001,221,1.1
111,56001,221,1.1
111,58001,221,1.1
111,60001,221,1.0
111,62001,221,1.0
111,64001,221,1.0
111,65535,221,1.0
111,1,231,0.9
111,2001,231,1.0
111,4001,231,1.0
111,6001,231,1.1
111,8001,231,1.1
111,10001,231,1.1
111,12001,231,1.1
111,14001,231,1.0
111,16001,231,1.1
111,18001,231,1.1
111,20001,231,1.0
111,22001,231,1.0
111,24001,231,1.0
111,26001,231,1.0
111,28001,231,1.0
111,30001,231,1.0
111,32001,231,1.0
111,34001,231,1.1
111,36001,231,1.1
111,38001,231,1.1
111,40001,231,1.1
111,42001,231,1.1
111,44001,231,1.0
111,46001,231,1.0
111,48001,231,1.0
111,50001,231,1.1
111,52001,231,1.1
111,54001,231,1.1
111,56001,231,1.0
111,58001,231,1.0
111,60001,231,1.1
111,62001,231,1.0
111,64001,231,1.0
111,65535,231,1.0
111,1,241,0.9
111,2001,241,1.0
111,4001,241,1.0
111,6001,241,1.0
111,8001,241,1.1
111,10001,241,1.1
111,12001,241,1.1
111,14001,241,1.0
111,16001,241,1.1
111,18001,241,1.1
111,20001,241,1.0
111,22001,241,1.0
111,24001,241,1.0
111,26001,241,0.9
111,28001,241,1.0
111,30001,241,1.0
111,32001,241,1.0
111,34001,241,1.1
111,36001,241,1.0
111,38001,241,1.1
111,40001,241,1.1
111,42001,241,1.1
111,44001,241,1.0
111,46001,241,1.0
111,48001,241,1.0
111,50001,241,1.1
111,52001,241,1.0
111,54001,241,1.1
111,56001,241,1.0
111,58001,241,1.1
111,60001,241,1.0
111,62001,241,1.0
111,64001,241,1.0
111,65535,241,0.9
111,1,251,0.9
111,2001,251,0.9
111,4001,251,1.0
111,6001,251,1.0
111,8001,251,1.1
111,10001,251,1.1
111,12001,251,1.1
111,14001,251,1.1
111,16001,251,1.0
111,18001,251,1.0
111,20001,251,1.0
111,22001,251,0.9
111,24001,251,0.9
111,26001,251,1.0
111,28001,251,1.0
111,30001,251,1.0
111,32001,251,1.0
111,34001,251,1.0
111,36001,251,1.1
111,38001,251,1.1
111,40001,251,1.1
111,42001,251,1.1
111,44001,251,1.0
111,46001,251,1.0
111,48001,251,1.0
111,50001,251,1.1
111,52001,251,1.1
111,54001,251,1.1
111,56001,251,1.1
111,58001,251,1.0
111,60001,251,1.0
111,62001,251,1.0
111,64001,251,1.0
111,65535,251,1.0
111,1,254,0.9
111,2001,254,1.0
111,4001,254,1.0
111,6001,254,1.0
111,8001,254,1.1
111,10001,254,1.1
111,12001,254,1.1
111,14001,254,1.1
111,16001,254,1.1
111,18001,254,1.0
111,20001,254,1.0
111,22001,254,1.0
111,24001,254,1.0
111,26001,254,1.0
111,28001,254,1.0
111,30001,254,1.0
111,32001,254,1.1
111,34001,254,1.1
111,36001,254,1.0
111,38001,254,1.0
111,40001,254,1.1
111,42001,254,1.1
111,44001,254,1.0
111,46001,254,1.0
111,48001,254,1.0
111,50001,254,1.1
111,52001,254,1.1
111,54001,254,1.1
111,56001,254,1.0
111,58001,254,1.1
111,60001,254,1.0
111,62001,254,1.0
111,64001,254,1.0
111,65535,254,1.0
121,1,1,1.2
121,2001,1,1.1
121,4001,1,1.2
121,6001,1,1.2
121,8001,1,1.2
121,10001,1,1.1
121,12001,1,1.1
121,14001,1,1.2
121,16001,1,1.2
121,18001,1,1.2
121,20001,1,1.1
121,22001,1,1.1
121,24001,1,1.2
121,26001,1,1.2
121,28001,1,1.2
121,30001,1,1.2
121,32001,1,1.2
121,34001,1,1.1
121,36001,1,1.2
121,38001,1,1.1
121,40001,1,1.2
121,42001,1,1.2
121,44001,1,1.2
121,46001,1,1.2
121,48001,1,1.2
121,50001,1,1.2
121,52001,1,1.2
121,54001,1,1.2
121,56001,1,1.1
121,58001,1,1.1
121,60001,1,1.1
121,62001,1,1.1
121,64001,1,1.2
121,65535,1,1.2
121,1,11,1.1
121,2001,11,1.1
121,4001,11,1.2
121,6001,11,1.2
121,8001,11,1.2
121,10001,11,1.1
121,12001,11,1.2
121,14001,11,1.2
121,16001,11,1.2
121,18001,11,1.2
121,20001,11,1.2
121,22001,11,1.1
121,24001,11,1.2
121,26001,11,1.2
121,28001,11,1.2
121,30001,11,1.1
121,32001,11,1.2
121,34001,11,1.2
121,36001,11,1.1
121,38001,11,1.2
121,40001,11,1.1
121,42001,11,1.1
121,44001,11,1.2
121,46001,11,1.2
121,48001,11,1.2
121,50001,11,1.2
121,52001,11,1.2
121,54001,11,1.2
121,56001,11,1.2
121,58001,11,1.2
121,60001,11,1.1
121,62001,11,1.2
121,64001,11,1.2
121,65535,11,1.2
121,1,21,1.1
121,2001,21,1.1
121,4001,21,1.1
121,6001,21,1.1
121,8001,21,1.2
121,10001,21,1.1
121,12001,21,1.1
121,14001,21,1.2
121,16001,21,1.2
121,18001,21,1.2
121,20001,21,1.2
121,22001,21,1.2
121,24001,21,1.2
121,26001,21,1.2
121,28001,21,1.1
121,30001,21,1.2
121,32001,21,1.2
121,34001,21,1.2
121,36001,21,1.1
121,38001,21,1.2
121,40001,21,1.1
121,42001,21,1.2
121,44001,21,1.2
121,46001,21,1.2
121,48001,21,1.2
121,50001,21,1.2
121,52001,21,1.2
121,54001,21,1.2
121,56001,21,1.2
121,58001,21,1.2
121,60001,21,1.2
121,62001,21,1.2
121,64001,21,1.1
121,65535,21,1.2
121,1,31,1.2
121,2001,31,1.1
121,4001,31,1.2
121,6001,31,1.2
121,8001,31,1.2
121,10001,31,1.1
121,12001,31,1.2
121,14001,31,1.2
121,16001,31,1.2
121,18001,31,1.2
121,20001,31,1.1
121,22001,31,1.1
121,24001,31,1.2
121,26001,31,1.2
121,28001,31,1.2
121,30001,31,1.2
121,32001,31,1.1
121,34001,31,1.2
121,36001,31,1.2
121,38001,31,1.2
121,40001,31,1.2
121,42001,31,1.2
121,44001,31,1.2
121,46001,31,1.2
121,48001,31,1.2
121,50001,31,1.2
121,52001,31,1.2
121,54001,31,1.2
121,56001,31,1.2
121,58001,31,1.2
121,60001,31,1.1
121,62001,31,1.1
121,64001,31,1.2
121,65535,31,1.2
121,1,41,1.2
121,2001,41,1.2
121,4001,41,1.2
121,6001,41,1.2
121,8001,41,1.2
121,10001,41,1.2
121,12001,41,1.1
121,14001,41,1.1
121,16001,41,1.2
121,18001,41,1.2
121,20001,41,1.2
121,22001,41,1.1
121,24001,41,1.2
121,26001,41,1.2
121,28001,41,1.2
121,30001,41,1.1
121,32001,41,1.1
121,34001,41,1.2
121,36001,41,1.2
121,38001,41,1.1
121,40001,41,1.2
121,42001,41,1.1
121,44001,41,1.2
121,46001,41,1.2
121,48001,41,1.2
121,50001,41,1.2
121,52001,41,1.2
121,54001,41,1.2
121,56001,41,1.1
121,58001,41,1.2
121,60001,41,1.2
121,62001,41,1.2
121,64001,41,1.2
121,65535,41,1.1
121,1,51,1.2
121,2001,51,1.2
121,4001,51,1.2
121,6001,51,1.2
121,8001,51,1.2
121,10001,51,1.1
121,12001,51,1.1
121,14001,51,1.2
121,16001,51,1.2
121,18001,51,1.1
121,20001,51,1.2
121,22001,51,1.2
121,24001,51,1.1
121,26001,51,1.2
121,28001,51,1.2
121,30001,51,1.2
121,32001,51,1.2
121,34001,51,1.2
121,36001,51,1.2
121,38001,51,1.2
121,40001,51,1.2
121,42001,51,1.1
121,44001,51,1.2
121,46001,51,1.2
121,48001,51,1.2
121,50001,51,1.2
121,52001,51,1.1
121,54001,51,1.2
121,56001,51,1.2
121,58001,51,1.2
121,60001,51,1.1
121,62001,51,1.1
121,64001,51,1.2
121,65535,51,1.2
121,1,61,1.2
121,2001,61,1.1
121,4001,61,1.1
121,6001,61,1.1
121,8001,61,1.2
121,10001,61,1.2
121,12001,61,1.1
121,14001,61,1.2
121,16001,61,1.2
121,18001,61,1.2
121,20001,61,1.2
121,22001,61,1.2
121,24001,61,1.2
121,26001,61,1.2
121,28001,61,1.2
121,30001,61,1.1
121,32001,61,1.2
121,34001,61,1.1
121,36001,61,1.1
121,38001,61,1.2
121,40001,61,1.1
121,42001,61,1.2
121,44001,61,1.1
121,46001,61,1.2
121,48001,61,1.2
121,50001,61,1.2
121,52001,61,1.2
121,54001,61,1.2
121,56001,61,1.2
121,58001,61,1.2
121,60001,61,1.2
121,62001,61,1.2
121,64001,61,1.2
121,65535,61,1.1
121,1,71,1.2
121,2001,71,1.2
121,4001,71,1.2
121,6001,71,1.2
121,8001,71,1.2
121,10001,71,1.2
121,12001,71,1.2
121,14001,71,1.1
121,16001,71,1.1
121,18001,71,1.2
121,20001,71,1.2
121,22001,71,1.1
121,24001,71,1.2
121,26001,71,1.1
121,28001,71,1.1
121,30001,71,1.2
121,32001,71,1.1
121,34001,71,1.2
121,36001,71,1.2
121,38001,71,1.1
121,40001,71,1.2
121,42001,71,1.1
121,44001,71,1.1
121,46001,71,1.2
121,48001,71,1.2
121,50001,71,1.1
121,52001,71,1.2
121,54001,71,1.2
121,56001,71,1.2
121,58001,71,1.1
121,60001,71,1.2
121,62001,71,1.1
121,64001,71,1.2
121,65535,71,1.2
121,1,81,1.2
121,2001,81,1.2
121,4001,81,1.1
121,6001,81,1.2
121,8001,81,1.2
121,10001,81,1.1
121,12001,81,1.2
121,14001,81,1.2
121,16001,81,1.2
121,18001,81,1.2
121,20001,81,1.2
121,22001,81,1.1
121,24001,81,1.1
121,26001,81,1.2
121,28001,81,1.2
121,30001,81,1.2
121,32001,81,1.2
121,34001,81,1.2
121,36001,81,1.2
121,38001,81,1.1
121,40001,81,1.1
121,42001,81,1.2
121,44001,81,1.2
121,46001,81,1.2
121,48001,81,1.2
121,50001,81,1.1
121,52001,81,1.2
121,54001,81,1.2
121,56001,81,1.2
121,58001,81,1.2
121,60001,81,1.2
121,62001,81,1.1
121,64001,81,1.2
121,65535,81,1.1
121,1,91,1.2
121,2001,91,1.2
121,4001,91,1.1
121,6001,91,1.2
121,8001,91,1.2
121,10001,91,1.2
121,12001,91,1.2
121,14001,91,1.1
121,16001,91,1.2
121,18001,91,1.2
121,20001,91,1.2
121,22001,91,1.1
121,24001,91,1.1
121,26001,91,1.2
121,28001,91,1.1
121,30001,91,1.2
121,32001,91,1.2
121,34001,91,1.2
121,36001,91,1.2
121,38001,91,1.2
121,40001,91,1.2
121,42001,91,1.1
121,44001,91,1.2
121,46001,91,1.2
121,48001,91,1.1
121,50001,91,1.2
121,52001,91,1.2
121,54001,91,1.1
121,56001,91,1.2
121,58001,91,1.2
121,60001,91,1.2
121,62001,91,1.2
121,64001,91,1.1
121,65535,91,1.2
121,1,101,1.1
121,2001,101,1.1
121,4001,101,1.2
121,6001,101,1.1
121,8001,101,1.2
121,10001,101,1.2
121,12001,101,1.2
121,14001,101,1.2
121,16001,101,1.2
121,18001,101,1.1
121,20001,101,1.1
121,22001,101,1.2
121,24001,101,1.2
121,26001,101,1.2
121,28001,101,1.2
121,30001,101,1.1
121,32001,101,1.2
121,34001,101,1.2
121,36001,101,1.2
121,38001,101,1.2
121,40001,101,1.2
121,42001,101,1.2
121,44001,101,1.2
121,46001,101,1.2
121,48001,101,1.2
121,50001,101,1.2
121,52001,101,1.1
121,54001,101,1.2
121,56001,101,1.1
121,58001,101,1.2
121,60001,101,1.1
121,62001,101,1.2
121,64001,101,1.2
121,65535,101,1.2
121,1,111,1.1
121,2001,111,1.2
121,4001,111,1.1
121,6001,111,1.1
121,8001,111,1.2
121,10001,111,1.1
121,12001,111,1.1
121,14001,111,1.1
121,16001,111,1.1
121,18001,111,1.1
121,20001,111,1.1
121,22001,111,1.2
121,24001,111,1.2
121,26001,111,1.1
121,28001,111,1.1
121,30001,111,1.2
121,32001,111,1.2
121,34001,111,1.1
121,36001,111,1.2
121,38001,111,1.2
121,40001,111,1.2
121,42001,111,1.2
121,44001,111,1.1
121,46001,111,1.2
121,48001,111,1.2
121,50001,111,1.1
121,52001,111,1.2
121,54001,111,1.2
121,56001,111,1.2
121,58001,111,1.2
121,60001,111,1.2
121,62001,111,1.2
121,64001,111,1.1
121,65535,111,1.2
121,1,121,1.2
121,2001,121,1.2
121,4001,121,1.2
121,6001,121,1.2
121,8001,121,1.2
121,10001,121,1.2
121,12001,121,1.1
121,14001,121,1.2
121,16001,121,1.1
121,18001,121,1.2
121,20001,121,1.1
121,22001,121,1.1
121,24001,121,1.2
121,26001,121,1.2
121,28001,121,1.2
121,30001,121,1.2
121,32001,121,1.2
121,34001,121,1.2
121,36001,121,1.2
121,38001,121,1.2
121,40001,121,1.1
121,42001,121,1.2
121,44001,121,1.2
121,46001,121,1.1
121,48001,121,1.2
121,50001,121,1.2
121,52001,121,1.2
121,54001,121,1.2
121,56001,121,1.2
121,58001,121,1.1
121,60001,121,1.2
121,62001,121,1.2
121,64001,121,1.2
121,65535,121,1.2
121,1,131,1.1
121,2001,131,1.2
121,4001,131,1.2
121,6001,131,1.2
121,8001,131,1.2
121,10001,131,1.2
121,12001,131,1.2
121,14001,131,1.2
121,16001,131,1.1
121,18001,131,1.2
121,20001,131,1.1
121,22001,131,1.2
121,24001,131,1.1
121,26001,131,1.2
121,28001,131,1.2
121,30001,131,1.2
121,32001,131,1.2
121,34001,131,1.2
121,36001,131,1.1
121,38001,131,1.1
121,40001,131,1.2
121,42001,131,1.2
121,44001,131,1.2
121,46001,131,1.2
121,48001,131,1.2
121,50001,131,1.2
121,52001,131,1.2
121,54001,131,1.2
121,56001,131,1.1
121,58001,131,1.2
121,60001,131,1.2
121,62001,131,1.2
121,64001,131,1.2
121,65535,131,1.2
121,1,141,1.2
121,2001,141,1.2
121,4001,141,1.1
121,6001,141,1.2
121,8001,141,1.2
121,10001,141,1.1
121,12001,141,1.2
121,14001,141,1.2
121,16001,141,1.2
121,18001,141,1.1
121,20001,141,1.2
121,22001,141,1.1
121,24001,141,1.2
121,26001,141,1.2
121,28001,141,1.1
121,30001,141,1.2
121,32001,141,1.2
121,34001,141,1.1
121,36001,141,1.1
121,38001,141,1.2
121,40001,141,1.1
121,42001,141,1.2
121,44001,141,1.2
121,46001,141,1.2
121,48001,141,1.2
121,50001,141,1.2
121,52001,141,1.2
121,54001,141,1.2
121,56001,141,1.2
121,58001,141,1.1
121,60001,141,1.2
121,62001,141,1.1
121,64001,141,1.2
121,65535,141,1.2
121,1,151,1.1
121,2001,151,1.1
121,4001,151,1.2
121,6001,151,1.2
121,8001,151,1.2
121,10001,151,1.2
121,12001,151,1.1
121,14001,151,1.1
121,16001,151,1.1
121,18001,151,1.2
121,20001,151,1.2
121,22001,151,1.1
121,24001,151,1.2
121,26001,151,1.2
121,28001,151,1.2
121,30001,151,1.1
121,32001,151,1.2
121,34001,151,1.2
121,36001,151,1.2
121,38001,151,1.1
121,40001,151,1.2
121,42001,151,1.2
121,44001,151,1.2
121,46001,151,1.2
121,48001,151,1.1
121,50001,151,1.2
121,52001,151,1.2
121,54001,151,1.2
121,56001,151,1.2
121,58001,151,1.2
121,60001,151,1.2
121,62001,151,1.2
121,64001,151,1.2
121,65535,151,1.1
121,1,161,1.1
121,2001,161,1.1
121,4001,161,1.2
121,6001,161,1.1
121,8001,161,1.2
121,10001,161,1.2
121,12001,161,1.1
121,14001,161,1.1
121,16001,161,1.2
121,18001,161,1.1
121,20001,161,1.1
121,22001,161,1.1
121,24001,161,1.1
121,26001,161,1.1
121,28001,161,1.1
121,30001,161,1.2
121,32001,161,1.1
121,34001,161,1.2
121,36001,161,1.1
121,38001,161,1.2
121,40001,161,1.2
121,42001,161,1.2
121,44001,161,1.2
121,46001,161,1.2
121,48001,161,1.2
121,50001,161,1.2
121,52001,161,1.1
121,54001,161,1.2
121,56001,161,1.2
121,58001,161,1.1
121,60001,161,1.2
121,62001,161,1.2
121,64001,161,1.1
121,65535,161,1.1
121,1,171,1.1
121,2001,171,1.1
121,4001,171,1.1
121,6001,171,1.2
121,8001,171,1.2
121,10001,171,1.1
121,12001,171,1.1
121,14001,171,1.1
121,16001,171,1.2
121,18001,171,1.1
121,20001,171,1.2
121,22001,171,1.1
121,24001,171,1.1
121,26001,171,1.1
121,28001,171,1.2
121,30001,171,1.1
121,32001,171,1.1
121,34001,171,1.2
121,36001,171,1.2
121,38001,171,1.2
121,40001,171,1.2
121,42001,171,1.1
121,44001,171,1.2
121,46001,171,1.1
121,48001,171,1.2
121,50001,171,1.2
121,52001,171,1.1
121,54001,171,1.1
121,56001,171,1.1
121,58001,171,1.2
121,60001,171,1.1
121,62001,171,1.1
121,64001,171,1.1
121,65535,171,1.1
121,1,181,1.1
121,2001,181,1.1
121,4001,181,1.2
121,6001,181,1.2
121,8001,181,1.1
121,10001,181,1.1
121,12001,181,1.1
121,14001,181,1.1
121,16001,181,1.2
121,18001,181,1.2
121,20001,181,1.1
121,22001,181,1.1
121,24001,181,1.1
121,26001,181,1.1
121,28001,181,1.1
121,30001,181,1.1
121,32001,181,1.2
121,34001,181,1.2
121,36001,181,1.2
121,38001,181,1.2
121,40001,181,1.2
121,42001,181,1.2
121,44001,181,1.1
121,46001,181,1.2
121,48001,181,1.1
121,50001,181,1.2
121,52001,181,1.2
121,54001,181,1.1
121,56001,181,1.2
121,58001,181,1.2
121,60001,181,1.1
121,62001,181,1.2
121,64001,181,1.1
121,65535,181,1.1
121,1,191,1.1
121,2001,191,1.0
121,4001,191,1.1
121,6001,191,1.1
121,8001,191,1.2
121,10001,191,1.1
121,12001,191,1.2
121,14001,191,1.2
121,16001,191,1.1
121,18001,191,1.2
121,20001,191,1.1
121,22001,191,1.1
121,24001,191,1.1
121,26001,191,1.1
121,28001,191,1.1
121,30001,191,1.1
121,32001,191,1.2
121,34001,191,1.2
121,36001,191,1.1
121,38001,191,1.1
121,40001,191,1.2
121,42001,191,1.2
121,44001,191,1.2
121,46001,191,1.1
121,48001,191,1.2
121,50001,191,1.2
121,52001,191,1.2
121,54001,191,1.2
121,56001,191,1.2
121,58001,191,1.2
121,60001,191,1.1
121,62001,191,1.1
121,64001,191,1.1
121,65535,191,1.1
121,1,201,1.1
121,2001,201,1.0
121,4001,201,1.1
121,6001,201,1.1
121,8001,201,1.1
121,10001,201,1.2
121,12001,201,1.1
121,14001,201,1.2
121,16001,201,1.1
121,18001,201,1.1
121,20001,201,1.1
121,22001,201,1.1
121,24001,201,1.1
121,26001,201,1.1
121,28001,201,1.1
121,30001,201,1.1
121,32001,201,1.2
121,34001,201,1.2
121,36001,201,1.1
121,38001,201,1.2
121,40001,201,1.1
121,42001,201,1.2
121,44001,201,1.1
121,46001,201,1.2
121,48001,201,1.2
121,50001,201,1.2
121,52001,201,1.2
121,54001,201,1.1
121,56001,201,1.2
121,58001,201,1.2
121,60001,201,1.2
121,62001,201,1.1
121,64001,201,1.1
121,65535,201,1.1
121,1,211,1.1
121,2001,211,1.1
121,4001,211,1.1
121,6001,211,1.2
121,8001,211,1.1
121,10001,211,1.2
121,12001,211,1.1
121,14001,211,1.1
121,16001,211,1.2
121,18001,211,1.2
121,20001,211,1.1
121,22001,211,1.1
121,24001,211,1.0
121,26001,211,1.0
121,28001,211,1.1
121,30001,211,1.1
121,32001,211,1.2
121,34001,211,1.2
121,36001,211,1.2
121,38001,211,1.1
121,40001,211,1.2
121,42001,211,1.1
121,44001,211,1.2
121,46001,211,1.1
121,48001,211,1.2
121,50001,211,1.2
121,52001,211,1.2
121,54001,211,1.2
121,56001,211,1.2
121,58001,211,1.1
121,60001,211,1.1
121,62001,211,1.1
121,64001,211,1.1
121,65535,211,1.0
121,1,221,1.0
121,2001,221,1.0
121,4001,221,1.1
121,6001,221,1.1
121,8001,221,1.2
121,10001,221,1.2
121,12001,221,1.1
121,14001,221,1.1
121,16001,221,1.1
121,18001,221,1.1
121,20001,221,1.1
121,22001,221,1.0
121,24001,221,1.0
121,26001,221,1.1
121,28001,221,1.1
121,30001,221,1.1
121,32001,221,1.2
121,34001,221,1.1
121,36001,221,1.2
121,38001,221,1.2
121,40001,221,1.1
121,42001,221,1.2
121,44001,221,1.1
121,46001,221,1.1
121,48001,221,1.1
121,50001,221,1.2
121,52001,221,1.2
121,54001,221,1.2
121,56001,221,1.2
121,58001,221,1.2
121,60001,221,1.2
121,62001,221,1.1
121,64001,221,1.1
121,65535,221,1.1
121,1,231,1.0
121,2001,231,1.0
121,4001,231,1.1
121,6001,231,1.1
121,8001,231,1.2
121,10001,231,1.2
121,12001,231,1.2
121,14001,231,1.1
121,16001,231,1.1
121,18001,231,1.1
121,20001,231,1.1
121,22001,231,1.1
121,24001,231,1.0
121,26001,231,1.0
121,28001,231,1.1
121,30001,231,1.1
121,32001,231,1.1
121,34001,231,1.2
121,36001,231,1.1
121,38001,231,1.2
121,40001,231,1.2
121,42001,231,1.2
121,44001,231,1.1
121,46001,231,1.1
121,48001,231,1.2
121,50001,231,1.2
121,52001,231,1.2
121,54001,231,1.2
121,56001,231,1.1
121,58001,231,1.2
121,60001,231,1.1
121,62001,231,1.1
121,64001,231,1.1
121,65535,231,1.0
121,1,241,1.0
121,2001,241,1.0
121,4001,241,1.1
121,6001,241,1.1
121,8001,241,1.2
121,10001,241,1.1
121,12001,241,1.2
121,14001,241,1.2
121,16001,241,1.1
121,18001,241,1.1
121,20001,241,1.1
121,22001,241,1.0
121,24001,241,1.0
121,26001,241,1.1
121,28001,241,1.1
121,30001,241,1.1
121,32001,241,1.1
121,34001,241,1.1
121,36001,241,1.1
121,38001,241,1.1
121,40001,241,1.1
121,42001,241,1.2
121,44001,241,1.1
121,46001,241,1.1
121,48001,241,1.1
121,50001,241,1.1
121,52001,241,1.1
121,54001,241,1.2
121,56001,241,1.1
121,58001,241,1.1
121,60001,241,1.1
121,62001,241,1.1
121,64001,241,1.1
121,65535,241,1.0
121,1,251,1.0
121,2001,251,1.0
121,4001,251,1.1
121,6001,251,1.1
121,8001,251,1.2
121,10001,251,1.2
121,12001,251,1.1
121,14001,251,1.1
121,16001,251,1.1
121,18001,251,1.1
121,20001,251,1.1
121,22001,251,1.0
121,24001,251,1.0
121,26001,251,1.0
121,28001,251,1.1
121,30001,251,1.1
121,32001,251,1.1
121,34001,251,1.2
121,36001,251,1.1
121,38001,251,1.1
121,40001,251,1.1
121,42001,251,1.1
121,44001,251,1.1
121,46001,251,1.1
121,48001,251,1.1
121,50001,251,1.2
121,52001,251,1.2
121,54001,251,1.2
121,56001,251,1.2
121,58001,251,1.1
121,60001,251,1.1
121,62001,251,1.1
121,64001,251,1.0
121,65535,251,1.0
121,1,254,1.0
121,2001,254,1.0
121,4001,254,1.1
121,6001,254,1.1
121,8001,254,1.1
121,10001,254,1.1
121,12001,254,1.2
121,14001,254,1.2
121,16001,254,1.2
121,18001,254,1.2
121,20001,254,1.1
121,22001,254,1.0
121,24001,254,1.0
121,26001,254,1.0
121,28001,254,1.1
121,30001,254,1.1
121,32001,254,1.1
121,34001,254,1.2
121,36001,254,1.1
121,38001,254,1.2
121,40001,254,1.2
121,42001,254,1.2
121,44001,254,1.0
121,46001,254,1.1
121,48001,254,1.2
121,50001,254,1.1
121,52001,254,1.2
121,54001,254,1.2
121,56001,254,1.2
121,58001,254,1.2
121,60001,254,1.1
121,62001,254,1.0
121,64001,254,1.0
121,65535,254,1.0
131,1,1,1.2
131,2001,1,1.3
131,4001,1,1.3
131,6001,1,1.3
131,8001,1,1.3
131,10001,1,1.3
131,12001,1,1.3
131,14001,1,1.2
131,16001,1,1.3
131,18001,1,1.3
131,20001,1,1.3
131,22001,1,1.3
131,24001,1,1.3
131,26001,1,1.3
131,28001,1,1.2
131,30001,1,1.3
131,32001,1,1.3
131,34001,1,1.3
131,36001,1,1.3
131,38001,1,1.2
131,40001,1,1.2
131,42001,1,1.3
131,44001,1,1.3
131,46001,1,1.3
131,48001,1,1.2
131,50001,1,1.3
131,52001,1,1.2
131,54001,1,1.3
131,56001,1,1.2
131,58001,1,1.2
131,60001,1,1.2
131,62001,1,1.3
131,64001,1,1.3
131,65535,1,1.3
131,1,11,1.3
131,2001,11,1.3
131,4001,11,1.2
131,6001,11,1.2
131,8001,11,1.2
131,10001,11,1.3
131,12001,11,1.3
131,14001,11,1.2
131,16001,11,1.2
131,18001,11,1.3
131,20001,11,1.2
131,22001,11,1.3
131,24001,11,1.2
131,26001,11,1.2
131,28001,11,1.2
131,30001,11,1.3
131,32001,11,1.2
131,34001,11,1.2
131,36001,11,1.3
131,38001,11,1.3
131,40001,11,1.3
131,42001,11,1.3
131,44001,11,1.2
131,46001,11,1.3
131,48001,11,1.3
131,50001,11,1.3
131,52001,11,1.3
131,54001,11,1.2
131,56001,11,1.3
131,58001,11,1.2
131,60001,11,1.3
131,62001,11,1.2
131,64001,11,1.3
131,65535,11,1.2
131,1,21,1.3
131,2001,21,1.2
131,4001,21,1.2
131,6001,21,1.2
131,8001,21,1.2
131,10001,21,1.2
131,12001,21,1.3
131,14001,21,1.3
131,16001,21,1.2
131,18001,21,1.2
131,20001,21,1.2
131,22001,21,1.3
131,24001,21,1.3
131,26001,21,1.3
131,28001,21,1.2
131,30001,21,1.3
131,32001,21,1.3
131,34001,21,1.3
131,36001,21,1.3
131,38001,21,1.3
131,40001,21,1.2
131,42001,21,1.2
131,44001,21,1.3
131,46001,21,1.3
131,48001,21,1.3
131,50001,21,1.3
131,52001,21,1.3
131,54001,21,1.3
131,56001,21,1.3
131,58001,21,1.2
131,60001,21,1.3
131,62001,21,1.2
131,64001,21,1.2
131,65535,21,1.2
131,1,31,1.2
131,2001,31,1.3
131,4001,31,1.2
131,6001,31,1.3
131,8001,31,1.2
131,10001,31,1.3
131,12001,31,1.3
131,14001,31,1.2
131,16001,31,1.2
131,18001,31,1.3
131,20001,31,1.2
131,22001,31,1.3
131,24001,31,1.3
131,26001,31,1.3
131,28001,31,1.3
131,30001,31,1.3
131,32001,31,1.3
131,34001,31,1.3
131,36001,31,1.2
131,38001,31,1.2
131,40001,31,1.2
131,42001,31,1.3
131,44001,31,1.2
131,46001,31,1.2
131,48001,31,1.2
131,50001,31,1.2
131,52001,31,1.2
131,54001,31,1.2
131,56001,31,1.3
131,58001,31,1.2
131,60001,31,1.3
131,62001,31,1.3
131,64001,31,1.3
131,65535,31,1.2
131,1,41,1.3
131,2001,41,1.3
131,4001,41,1.3
131,6001,41,1.3
131,8001,41,1.2
131,10001,41,1.3
131,12001,41,1.2
131,14001,41,1.3
131,16001,41,1.3
131,18001,41,1.2
131,20001,41,1.2
131,22001,41,1.3
131,24001,41,1.3
131,26001,41,1.2
131,28001,41,1.2
131,30001,41,1.2
131,32001,41,1.3
131,34001,41,1.2
131,36001,41,1.2
131,38001,41,1.2
131,40001,41,1.3
131,42001,41,1.3
131,44001,41,1.3
131,46001,41,1.3
131,48001,41,1.2
131,50001,41,1.3
131,52001,41,1.2
131,54001,41,1.3
131,56001,41,1.2
131,58001,41,1.2
131,60001,41,1.3
131,62001,41,1.2
131,64001,41,1.2
131,65535,41,1.3
131,1,51,1.3
131,2001,51,1.3
131,4001,51,1.3
131,6001,51,1.2
131,8001,51,1.2
131,10001,51,1.3
131,12001,51,1.2
131,14001,51,1.2
131,16001,51,1.2
131,18001,51,1.3
131,20001,51,1.3
131,22001,51,1.3
131,24001,51,1.2
131,26001,51,1.2
131,28001,51,1.3
131,30001,51,1.2
131,32001,51,1.2
131,34001,51,1.3
131,36001,51,1.3
131,38001,51,1.2
131,40001,51,1.2
131,42001,51,1.2
131,44001,51,1.3
131,46001,51,1.3
131,48001,51,1.2
131,50001,51,1.3
131,52001,51,1.2
131,54001,51,1.2
131,56001,51,1.3
131,58001,51,1.2
131,60001,51,1.3
131,62001,51,1.2
131,64001,51,1.2
131,65535,51,1.2
131,1,61,1.3
131,2001,61,1.3
131,4001,61,1.2
131,6001,61,1.2
131,8001,61,1.2
131,10001,61,1.2
131,12001,61,1.2
131,14001,61,1.3
131,16001,61,1.2
131,18001,61,1.3
131,20001,61,1.2
131,22001,61,1.2
131,24001,61,1.2
131,26001,61,1.3
131,28001,61,1.3
131,30001,61,1.3
131,32001,61,1.3
131,34001,61,1.2
131,36001,61,1.2
131,38001,61,1.2
131,40001,61,1.3
131,42001,61,1.3
131,44001,61,1.3
131,46001,61,1.3
131,48001,61,1.3
131,50001,61,1.2
131,52001,61,1.3
131,54001,61,1.2
131,56001,61,1.3
131,58001,61,1.3
131,60001,61,1.2
131,62001,61,1.3
131,64001,61,1.3
131,65535,61,1.3
131,1,71,1.2
131,2001,71,1.3
131,4001,71,1.3
131,6001,71,1.3
131,8001,71,1.3
131,10001,71,1.2
131,12001,71,1.3
131,14001,71,1.3
131,16001,71,1.2
131,18001,71,1.3
131,20001,71,1.3
131,22001,71,1.3
131,24001,71,1.3
131,26001,71,1.3
131,28001,71,1.2
131,30001,71,1.2
131,32001,71,1.3
131,34001,71,1.2
131,36001,71,1.2
131,38001,71,1.3
131,40001,71,1.3
131,42001,71,1.3
131,44001,71,1.3
131,46001,71,1.3
131,48001,71,1.3
131,50001,71,1.2
131,52001,71,1.2
131,54001,71,1.3
131,56001,71,1.3
131,58001,71,1.2
131,60001,71,1.3
131,62001,71,1.3
131,64001,71,1.3
131,65535,71,1.2
131,1,81,1.3
131,2001,81,1.3
131,4001,81,1.3
131,6001,81,1.3
131,8001,81,1.2
131,10001,81,1.2
131,12001,81,1.2
131,14001,81,1.2
131,16001,81,1.3
131,18001,81,1.3
131,20001,81,1.3
131,22001,81,1.3
131,24001,81,1.2
131,26001,81,1.3
131,28001,81,1.3
131,30001,81,1.3
131,32001,81,1.3
131,34001,81,1.3
131,36001,81,1.2
131,38001,81,1.2
131,40001,81,1.2
131,42001,81,1.3
131,44001,81,1.2
131,46001,81,1.3
131,48001,81,1.2
131,50001,81,1.3
131,52001,81,1.3
131,54001,81,1.3
131,56001,81,1.2
131,58001,81,1.2
131,60001,81,1.2
131,62001,81,1.2
131,64001,81,1.2
131,65535,81,1.2
131,1,91,1.3
131,2001,91,1.3
131,4001,91,1.3
131,6001,91,1.2
131,8001,91,1.2
131,10001,91,1.2
131,12001,91,1.3
131,14001,91,1.3
131,16001,91,1.3
131,18001,91,1.2
131,20001,91,1.2
131,22001,91,1.2
131,24001,91,1.2
131,26001,91,1.3
131,28001,91,1.3
131,30001,91,1.2
131,32001,91,1.3
131,34001,91,1.3
131,36001,91,1.3
131,38001,91,1.2
131,40001,91,1.3
131,42001,91,1.2
131,44001,91,1.3
131,46001,91,1.2
131,48001,91,1.3
131,50001,91,1.2
131,52001,91,1.2
131,54001,91,1.2
131,56001,91,1.3
131,58001,91,1.2
131,60001,91,1.3
131,62001,91,1.2
131,64001,91,1.2
131,65535,91,1.2
131,1,101,1.2
131,2001,101,1.3
131,4001,101,1.2
131,6001,101,1.2
131,8001,101,1.2
131,10001,101,1.3
131,12001,101,1.2
131,14001,101,1.3
131,16001,101,1.2
131,18001,101,1.2
131,20001,101,1.3
131,22001,101,1.2
131,24001,101,1.2
131,26001,101,1.3
131,28001,101,1.2
131,30001,101,1.3
131,32001,101,1.2
131,34001,101,1.3
131,36001,101,1.3
131,38001,101,1.2
131,40001,101,1.3
131,42001,101,1.2
131,44001,101,1.2
131,46001,101,1.3
131,48001,101,1.3
131,50001,101,1.2
131,52001,101,1.2
131,54001,101,1.3
131,56001,101,1.3
131,58001,101,1.3
131,60001,101,1.3
131,62001,101,1.3
131,64001,101,1.2
131,65535,101,1.3
131,1,111,1.3
131,2001,111,1.3
131,4001,111,1.2
131,6001,111,1.2
131,8001,111,1.3
131,10001,111,1.2
131,12001,111,1.2
131,14001,111,1.2
131,16001,111,1.3
131,18001,111,1.2
131,20001,111,1.3
131,22001,111,1.3
131,24001,111,1.3
131,26001,111,1.2
131,28001,111,1.3
131,30001,111,1.2
131,32001,111,1.3
131,34001,111,1.2
131,36001,111,1.3
131,38001,111,1.2
131,40001,111,1.3
131,42001,111,1.2
131,44001,111,1.3
131,46001,111,1.2
131,48001,111,1.3
131,50001,111,1.2
131,52001,111,1.3
131,54001,111,1.3
131,56001,111,1.3
131,58001,111,1.3
131,60001,111,1.3
131,62001,111,1.3
131,64001,111,1.3
131,65535,111,1.3
131,1,121,1.2
131,2001,121,1.3
131,4001,121,1.3
131,6001,121,1.3
131,8001,121,1.2
131,10001,121,1.2
131,12001,121,1.3
131,14001,121,1.3
131,16001,121,1.2
131,18001,121,1.2
131,20001,121,1.2
131,22001,121,1.2
131,24001,121,1.3
131,26001,121,1.2
131,28001,121,1.3
131,30001,121,1.2
131,32001,121,1.3
131,34001,121,1.2
131,36001,121,1.3
131,38001,121,1.2
131,40001,121,1.3
131,42001,121,1.3
131,44001,121,1.2
131,46001,121,1.2
131,48001,121,1.3
131,50001,121,1.3
131,52001,121,1.3
131,54001,121,1.3
131,56001,121,1.2
131,58001,121,1.3
131,60001,121,1.3
131,62001,121,1.3
131,64001,121,1.3
131,65535,121,1.2
131,1,131,1.3
131,2001,131,1.3
131,4001,131,1.3
131,6001,131,1.3
131,8001,131,1.2
131,10001,131,1.2
131,12001,131,1.3
131,14001,131,1.2
131,16001,131,1.3
131,18001,131,1.3
131,20001,131,1.2
131,22001,131,1.2
131,24001,131,1.3
131,26001,131,1.3
131,28001,131,1.3
131,30001,131,1.2
131,32001,131,1.3
131,34001,131,1.2
131,36001,131,1.2
131,38001,131,1.2
131,40001,131,1.2
131,42001,131,1.2
131,44001,131,1.2
131,46001,131,1.3
131,48001,131,1.3
131,50001,131,1.2
131,52001,131,1.3
131,54001,131,1.3
131,56001,131,1.3
131,58001,131,1.3
131,60001,131,1.3
131,62001,131,1.3
131,64001,131,1.2
131,65535,131,1.3
131,1,141,1.2
131,2001,141,1.3
131,4001,141,1.3
131,6001,141,1.3
131,8001,141,1.3
131,10001,141,1.3
131,12001,141,1.2
131,14001,141,1.3
131,16001,141,1.2
131,18001,141,1.2
131,20001,141,1.3
131,22001,141,1.3
131,24001,141,1.3
131,26001,141,1.3
131,28001,141,1.2
131,30001,141,1.3
131,32001,141,1.2
131,34001,141,1.2
131,36001,141,1.2
131,38001,141,1.3
131,40001,141,1.3
131,42001,141,1.2
131,44001,141,1.2
131,46001,141,1.3
131,48001,141,1.3
131,50001,141,1.3
131,52001,141,1.2
131,54001,141,1.2
131,56001,141,1.3
131,58001,141,1.2
131,60001,141,1.2
131,62001,141,1.2
131,64001,141,1.2
131,65535,141,1.2
131,1,151,1.2
131,2001,151,1.2
131,4001,151,1.3
131,6001,151,1.2
131,8001,151,1.2
131,10001,151,1.2
131,12001,151,1.3
131,14001,151,1.3
131,16001,151,1.2
131,18001,151,1.3
131,20001,151,1.3
131,22001,151,1.2
131,24001,151,1.2
131,26001,151,1.2
131,28001,151,1.3
131,30001,151,1.3
131,32001,151,1.2
131,34001,151,1.3
131,36001,151,1.3
131,38001,151,1.2
131,40001,151,1.3
131,42001,151,1.3
131,44001,151,1.2
131,46001,151,1.3
131,48001,151,1.3
131,50001,151,1.3
131,52001,151,1.2
131,54001,151,1.3
131,56001,151,1.3
131,58001,151,1.3
131,60001,151,1.3
131,62001,151,1.2
131,64001,151,1.2
131,65535,151,1.2
131,1,161,1.2
131,2001,161,1.2
131,4001,161,1.3
131,6001,161,1.3
131,8001,161,1.3
131,10001,161,1.3
131,12001,161,1.2
131,14001,161,1.3
131,16001,161,1.3
131,18001,161,1.2
131,20001,161,1.2
131,22001,161,1.2
131,24001,161,1.2
131,26001,161,1.2
131,28001,161,1.3
131,30001,161,1.2
131,32001,161,1.2
131,34001,161,1.2
131,36001,161,1.3
131,38001,161,1.2
131,40001,161,1.2
131,42001,161,1.3
131,44001,161,1.2
131,46001,161,1.3
131,48001,161,1.2
131,50001,161,1.3
131,52001,161,1.2
131,54001,161,1.3
131,56001,161,1.3
131,58001,161,1.2
131,60001,161,1.2
131,62001,161,1.2
131,64001,161,1.2
131,65535,161,1.2
131,1,171,1.2
131,2001,171,1.2
131,4001,171,1.2
131,6001,171,1.3
131,8001,171,1.3
131,10001,171,1.3
131,12001,171,1.2
131,14001,171,1.2
131,16001,171,1.2
131,18001,171,1.3
131,20001,171,1.2
131,22001,171,1.2
131,24001,171,1.2
131,26001,171,1.2
131,28001,171,1.2
131,30001,171,1.2
131,32001,171,1.2
131,34001,171,1.3
131,36001,171,1.3
131,38001,171,1.2
131,40001,171,1.2
131,42001,171,1.3
131,44001,171,1.3
131,46001,171,1.2
131,48001,171,1.3
131,50001,171,1.2
131,52001,171,1.3
131,54001,171,1.2
131,56001,171,1.2
131,58001,171,1.3
131,60001,171,1.3
131,62001,171,1.3
131,64001,171,1.2
131,65535,171,1.2
131,1,181,1.2
131,2001,181,1.2
131,4001,181,1.3
131,6001,181,1.3
131,8001,181,1.3
131,10001,181,1.2
131,12001,181,1.3
131,14001,181,1.2
131,16001,181,1.2
131,18001,181,1.3
131,20001,181,1.2
131,22001,181,1.2
131,24001,181,1.1
131,26001,181,1.2
131,28001,181,1.2
131,30001,181,1.2
131,32001,181,1.2
131,34001,181,1.3
131,36001,181,1.3
131,38001,181,1.2
131,40001,181,1.2
131,42001,181,1.2
131,44001,181,1.2
131,46001,181,1.2
131,48001,181,1.3
131,50001,181,1.3
131,52001,181,1.2
131,54001,181,1.3
131,56001,181,1.3
131,58001,181,1.3
131,60001,181,1.2
131,62001,181,1.2
131,64001,181,1.2
131,65535,181,1.2
131,1,191,1.1
131,2001,191,1.2
131,4001,191,1.2
131,6001,191,1.3
131,8001,191,1.3
131,10001,191,1.2
131,12001,191,1.2
131,14001,191,1.3
131,16001,191,1.2
131,18001,191,1.2
131,20001,191,1.2
131,22001,191,1.2
131,24001,191,1.2
131,26001,191,1.2
131,28001,191,1.2
131,30001,191,1.2
131,32001,191,1.2
131,34001,191,1.3
131,36001,191,1.3
131,38001,191,1.3
131,40001,191,1.2
131,42001,191,1.3
131,44001,191,1.3
131,46001,191,1.3
131,48001,191,1.3
131,50001,191,1.3
131,52001,191,1.3
131,54001,191,1.2
131,56001,191,1.2
131,58001,191,1.2
131,60001,191,1.2
131,62001,191,1.2
131,64001,191,1.2
131,65535,191,1.1
131,1,201,1.1
131,2001,201,1.2
131,4001,201,1.2
131,6001,201,1.3
131,8001,201,1.3
131,10001,201,1.2
131,12001,201,1.2
131,14001,201,1.2
131,16001,201,1.2
131,18001,201,1.2
131,20001,201,1.3
131,22001,201,1.1
131,24001,201,1.1
131,26001,201,1.1
131,28001,201,1.2
131,30001,201,1.3
131,32001,201,1.2
131,34001,201,1.2
131,36001,201,1.3
131,38001,201,1.3
131,40001,201,1.2
131,42001,201,1.3
131,44001,201,1.3
131,46001,201,1.3
131,48001,201,1.2
131,50001,201,1.2
131,52001,201,1.2
131,54001,201,1.3
131,56001,201,1.3
131,58001,201,1.2
131,60001,201,1.2
131,62001,201,1.2
131,64001,201,1.1
131,65535,201,1.1
131,1,211,1.1
131,2001,211,1.1
131,4001,211,1.2
131,6001,211,1.3
131,8001,211,1.3
131,10001,211,1.2
131,12001,211,1.3
131,14001,211,1.2
131,16001,211,1.2
131,18001,211,1.3
131,20001,211,1.2
131,22001,211,1.1
131,24001,211,1.1
131,26001,211,1.1
131,28001,211,1.2
131,30001,211,1.3
131,32001,211,1.2
131,34001,211,1.3
131,36001,211,1.3
131,38001,211,1.3
131,40001,211,1.3
131,42001,211,1.2
131,44001,211,1.2
131,46001,211,1.2
131,48001,211,1.2
131,50001,211,1.2
131,52001,211,1.2
131,54001,211,1.3
131,56001,211,1.2
131,58001,211,1.2
131,60001,211,1.2
131,62001,211,1.2
131,64001,211,1.1
131,65535,211,1.1
131,1,221,1.1
131,2001,221,1.1
131,4001,221,1.1
131,6001,221,1.3
131,8001,221,1.3
131,10001,221,1.3
131,12001,221,1.3
131,14001,221,1.3
131,16001,221,1.3
131,18001,221,1.2
131,20001,221,1.2
131,22001,221,1.1
131,24001,221,1.1
131,26001,221,1.2
131,28001,221,1.1
131,30001,221,1.3
131,32001,221,1.3
131,34001,221,1.3
131,36001,221,1.3
131,38001,221,1.3
131,40001,221,1.2
131,42001,221,1.3
131,44001,221,1.2
131,46001,221,1.2
131,48001,221,1.3
131,50001,221,1.3
131,52001,221,1.3
131,54001,221,1.3
131,56001,221,1.3
131,58001,221,1.3
131,60001,221,1.2
131,62001,221,1.1
131,64001,221,1.1
131,65535,221,1.1
131,1,231,1.1
131,2001,231,1.1
131,4001,231,1.2
131,6001,231,1.3
131,8001,231,1.3
131,10001,231,1.3
131,12001,231,1.3
131,14001,231,1.3
131,16001,231,1.3
131,18001,231,1.2
131,20001,231,1.1
131,22001,231,1.1
131,24001,231,1.1
131,26001,231,1.1
131,28001,231,1.2
131,30001,231,1.2
131,32001,231,1.2
131,34001,231,1.2
131,36001,231,1.2
131,38001,231,1.3
131,40001,231,1.2
131,42001,231,1.2
131,44001,231,1.2
131,46001,231,1.2
131,48001,231,1.2
131,50001,231,1.3
131,52001,231,1.3
131,54001,231,1.2
131,56001,231,1.3
131,58001,231,1.3
131,60001,231,1.2
131,62001,231,1.1
131,64001,231,1.1
131,65535,231,1.1
131,1,241,1.1
131,2001,241,1.1
131,4001,241,1.1
131,6001,241,1.3
131,8001,241,1.3
131,10001,241,1.3
131,12001,241,1.3
131,14001,241,1.3
131,16001,241,1.3
131,18001,241,1.2
131,20001,241,1.1
131,22001,241,1.1
131,24001,241,1.1
131,26001,241,1.1
131,28001,241,1.2
131,30001,241,1.2
131,32001,241,1.2
131,34001,241,1.3
131,36001,241,1.3
131,38001,241,1.3
131,40001,241,1.2
131,42001,241,1.2
131,44001,241,1.2
131,46001,241,1.1
131,48001,241,1.3
131,50001,241,1.3
131,52001,241,1.3
131,54001,241,1.3
131,56001,241,1.2
131,58001,241,1.2
131,60001,241,1.2
131,62001,241,1.2
131,64001,241,1.1
131,65535,241,1.1
131,1,251,1.1
131,2001,251,1.1
131,4001,251,1.1
131,6001,251,1.2
131,8001,251,1.2
131,10001,251,1.3
131,12001,251,1.2
131,14001,251,1.3
131,16001,251,1.2
131,18001,251,1.3
131,20001,251,1.1
131,22001,251,1.1
131,24001,251,1.1
131,26001,251,1.1
131,28001,251,1.1
131,30001,251,1.2
131,32001,251,1.2
131,34001,251,1.2
131,36001,251,1.2
131,38001,251,1.2
131,40001,251,1.2
131,42001,251,1.2
131,44001,251,1.1
131,46001,251,1.1
131,48001,251,1.2
131,50001,251,1.2
131,52001,251,1.3
131,54001,251,1.3
131,56001,251,1.3
131,58001,251,1.2
131,60001,251,1.2
131,62001,251,1.2
131,64001,251,1.1
131,65535,251,1.1
131,1,254,1.1
131,2001,254,1.1
131,4001,254,1.1
131,6001,254,1.3
131,8001,254,1.3
131,10001,254,1.2
131,12001,254,1.3
131,14001,254,1.2
131,16001,254,1.3
131,18001,254,1.3
131,20001,254,1.1
131,22001,254,1.1
131,24001,254,1.1
131,26001,254,1.1
131,28001,254,1.1
131,30001,254,1.2
131,32001,254,1.3
131,34001,254,1.3
131,36001,254,1.2
131,38001,254,1.2
131,40001,254,1.2
131,42001,254,1.3
131,44001,254,1.1
131,46001,254,1.1
131,48001,254,1.3
131,50001,254,1.2
131,52001,254,1.2
131,54001,254,1.2
131,56001,254,1.3
131,58001,254,1.3
131,60001,254,1.2
131,62001,254,1.2
131,64001,254,1.1
131,65535,254,1.1
141,1,1,1.4
141,2001,1,1.4
141,4001,1,1.4
141,6001,1,1.4
141,8001,1,1.4
141,10001,1,1.4
141,12001,1,1.4
141,14001,1,1.4
141,16001,1,1.4
141,18001,1,1.4
141,20001,1,1.4
141,22001,1,1.4
141,24001,1,1.4
141,26001,1,1.4
141,28001,1,1.4
141,30001,1,1.4
141,32001,1,1.4
141,34001,1,1.4
141,36001,1,1.4
141,38001,1,1.4
141,40001,1,1.4
141,42001,1,1.4
141,44001,1,1.4
141,46001,1,1.4
141,48001,1,1.4
141,50001,1,1.4
141,52001,1,1.4
141,54001,1,1.4
141,56001,1,1.4
141,58001,1,1.4
141,60001,1,1.4
141,62001,1,1.4
141,64001,1,1.4
141,65535,1,1.4
141,1,11,1.4
141,2001,11,1.3
141,4001,11,1.4
141,6001,11,1.4
141,8001,11,1.4
141,10001,11,1.4
141,12001,11,1.4
141,14001,11,1.4
141,16001,11,1.4
141,18001,11,1.4
141,20001,11,1.4
141,22001,11,1.4
141,24001,11,1.4
141,26001,11,1.4
141,28001,11,1.4
141,30001,11,1.4
141,32001,11,1.4
141,34001,11,1.4
141,36001,11,1.4
141,38001,11,1.4
141,40001,11,1.4
141,42001,11,1.4
141,44001,11,1.4
141,46001,11,1.4
141,48001,11,1.3
141,50001,11,1.4
141,52001,11,1.4
141,54001,11,1.3
141,56001,11,1.4
141,58001,11,1.4
141,60001,11,1.4
141,62001,11,1.3
141,64001,11,1.4
141,65535,11,1.4
141,1,21,1.4
141,2001,21,1.4
141,4001,21,1.4
141,6001,21,1.4
141,8001,21,1.4
141,10001,21,1.4
141,12001,21,1.4
141,14001,21,1.4
141,16001,21,1.4
141,18001,21,1.4
141,20001,21,1.4
141,22001,21,1.4
141,24001,21,1.4
141,26001,21,1.4
141,28001,21,1.4
141,30001,21,1.4
141,32001,21,1.4
141,34001,21,1.4
141,36001,21,1.4
141,38001,21,1.4
141,40001,21,1.4
141,42001,21,1.4
141,44001,21,1.4
141,46001,21,1.4
141,48001,21,1.4
141,50001,21,1.4
141,52001,21,1.4
141,54001,21,1.4
141,56001,21,1.4
141,58001,21,1.4
141,60001,21,1.4
141,62001,21,1.4
141,64001,21,1.4
141,65535,21,1.4
141,1,31,1.4
141,2001,31,1.4
141,4001,31,1.4
141,6001,31,1.4
141,8001,31,1.4
141,10001,31,1.4
141,12001,31,1.4
141,14001,31,1.4
141,16001,31,1.4
141,18001,31,1.4
141,20001,31,1.4
141,22001,31,1.4
141,24001,31,1.4
141,26001,31,1.4
141,28001,31,1.4
141,30001,31,1.4
141,32001,31,1.4
141,34001,31,1.4
141,36001,31,1.4
141,38001,31,1.4
141,40001,31,1.4
141,42001,31,1.4
141,44001,31,1.4
141,46001,31,1.4
141,48001,31,1.4
141,50001,31,1.4
141,52001,31,1.4
141,54001,31,1.4
141,56001,31,1.4
141,58001,31,1.4
141,60001,31,1.4
141,62001,31,1.4
141,64001,31,1.4
141,65535,31,1.3
141,1,41,1.4
141,2001,41,1.4
141,4001,41,1.4
141,6001,41,1.4
141,8001,41,1.4
141,10001,41,1.4
141,12001,41,1.4
141,14001,41,1.4
141,16001,41,1.4
141,18001,41,1.4
141,20001,41,1.4
141,22001,41,1.4
141,24001,41,1.4
141,26001,41,1.4
141,28001,41,1.3
141,30001,41,1.4
141,32001,41,1.4
141,34001,41,1.4
141,36001,41,1.4
141,38001,41,1.4
141,40001,41,1.4
141,42001,41,1.4
141,44001,41,1.4
141,46001,41,1.4
141,48001,41,1.4
141,50001,41,1.4
141,52001,41,1.4
141,54001,41,1.4
141,56001,41,1.4
141,58001,41,1.4
141,60001,41,1.4
141,62001,41,1.4
141,64001,41,1.4
141,65535,41,1.4
141,1,51,1.4
141,2001,51,1.4
141,4001,51,1.4
141,6001,51,1.4
141,8001,51,1.4
141,10001,51,1.3
141,12001,51,1.4
141,14001,51,1.4
141,16001,51,1.4
141,18001,51,1.4
141,20001,51,1.4
141,22001,51,1.4
141,24001,51,1.4
141,26001,51,1.4
141,28001,51,1.4
141,30001,51,1.4
141,32001,51,1.4
141,34001,51,1.4
141,36001,51,1.4
141,38001,51,1.4
141,40001,51,1.4
141,42001,51,1.4
141,44001,51,1.4
141,46001,51,1.4
141,48001,51,1.4
141,50001,51,1.4
141,52001,51,1.4
141,54001,51,1.4
141,56001,51,1.4
141,58001,51,1.4
141,60001,51,1.4
141,62001,51,1.4
141,64001,51,1.4
141,65535,51,1.4
141,1,61,1.4
141,2001,61,1.4
141,4001,61,1.4
141,6001,61,1.4
141,8001,61,1.4
141,10001,61,1.4
141,12001,61,1.4
141,14001,61,1.3
141,16001,61,1.4
141,18001,61,1.4
141,20001,61,1.4
141,22001,61,1.4
141,24001,61,1.4
141,26001,61,1.4
141,28001,61,1.4
141,30001,61,1.4
141,32001,61,1.4
141,34001,61,1.4
141,36001,61,1.4
141,38001,61,1.4
141,40001,61,1.4
141,42001,61,1.4
141,44001,61,1.4
141,46001,61,1.4
141,48001,61,1.4
141,50001,61,1.4
141,52001,61,1.4
141,54001,61,1.4
141,56001,61,1.4
141,58001,61,1.4
141,60001,61,1.4
141,62001,61,1.4
141,64001,61,1.4
141,65535,61,1.4
141,1,71,1.4
141,2001,71,1.4
141,4001,71,1.4
141,6001,71,1.4
141,8001,71,1.3
141,10001,71,1.4
141,12001,71,1.4
141,14001,71,1.4
141,16001,71,1.4
141,18001,71,1.4
141,20001,71,1.4
141,22001,71,1.4
141,24001,71,1.4
141,26001,71,1.4
141,28001,71,1.4
141,30001,71,1.4
141,32001,71,1.4
141,34001,71,1.4
141,36001,71,1.4
141,38001,71,1.4
141,40001,71,1.4
141,42001,71,1.4
141,44001,71,1.4
141,46001,71,1.4
141,48001,71,1.4
141,50001,71,1.4
141,52001,71,1.4
141,54001,71,1.4
141,56001,71,1.4
141,58001,71,1.4
141,60001,71,1.4
141,62001,71,1.4
141,64001,71,1.4
141,65535,71,1.4
141,1,81,1.4
141,2001,81,1.4
141,4001,81,1.4
141,6001,81,1.4
141,8001,81,1.4
141,10001,81,1.4
141,12001,81,1.4
141,14001,81,1.4
141,16001,81,1.4
141,18001,81,1.4
141,20001,81,1.4
141,22001,81,1.3
141,24001,81,1.4
141,26001,81,1.3
141,28001,81,1.4
141,30001,81,1.3
141,32001,81,1.4
141,34001,81,1.4
141,36001,81,1.4
141,38001,81,1.4
141,40001,81,1.4
141,42001,81,1.4
141,44001,81,1.4
141,46001,81,1.4
141,48001,81,1.4
141,50001,81,1.4
141,52001,81,1.4
141,54001,81,1.4
141,56001,81,1.4
141,58001,81,1.4
141,60001,81,1.4
141,62001,81,1.4
141,64001,81,1.3
141,65535,81,1.4
141,1,91,1.4
141,2001,91,1.4
141,4001,91,1.4
141,6001,91,1.4
141,8001,91,1.4
141,10001,91,1.4
141,12001,91,1.4
141,14001,91,1.4
141,16001,91,1.4
141,18001,91,1.4
141,20001,91,1.3
141,22001,91,1.3
141,24001,91,1.4
141,26001,91,1.4
141,28001,91,1.4
141,30001,91,1.4
141,32001,91,1.4
141,34001,91,1.4
141,36001,91,1.4
141,38001,91,1.4
141,40001,91,1.4
141,42001,91,1.4
141,44001,91,1.4
141,46001,91,1.4
141,48001,91,1.4
141,50001,91,1.4
141,52001,91,1.4
141,54001,91,1.4
141,56001,91,1.4
141,58001,91,1.4
141,60001,91,1.4
141,62001,91,1.4
141,64001,91,1.4
141,65535,91,1.4
141,1,101,1.4
141,2001,101,1.4
141,4001,101,1.4
141,6001,101,1.4
141,8001,101,1.4
141,10001,101,1.4
141,12001,101,1.4
141,14001,101,1.4
141,16001,101,1.4
141,18001,101,1.4
141,20001,101,1.4
141,22001,101,1.4
141,24001,101,1.4
141,26001,101,1.4
141,28001,101,1.4
141,30001,101,1.4
141,32001,101,1.4
141,34001,101,1.3
141,36001,101,1.4
141,38001,101,1.4
141,40001,101,1.3
141,42001,101,1.4
141,44001,101,1.4
141,46001,101,1.4
141,48001,101,1.4
141,50001,101,1.4
141,52001,101,1.4
141,54001,101,1.4
141,56001,101,1.4
141,58001,101,1.4
141,60001,101,1.4
141,62001,101,1.4
141,64001,101,1.4
141,65535,101,1.4
141,1,111,1.4
141,2001,111,1.4
141,4001,111,1.4
141,6001,111,1.4
141,8001,111,1.4
141,10001,111,1.4
141,12001,111,1.4
141,14001,111,1.4
141,16001,111,1.4
141,18001,111,1.4
141,20001,111,1.4
141,22001,111,1.4
141,24001,111,1.4
141,26001,111,1.4
141,28001,111,1.4
141,30001,111,1.4
141,32001,111,1.4
141,34001,111,1.4
141,36001,111,1.4
141,38001,111,1.4
141,40001,111,1.4
141,42001,111,1.4
141,44001,111,1.4
141,46001,111,1.4
141,48001,111,1.4
141,50001,111,1.4
141,52001,111,1.4
141,54001,111,1.4
141,56001,111,1.4
141,58001,111,1.4
141,60001,111,1.4
141,62001,111,1.4
141,64001,111,1.4
141,65535,111,1.4
141,1,121,1.4
141,2001,121,1.4
141,4001,121,1.4
141,6001,121,1.4
141,8001,121,1.4
141,10001,121,1.4
141,12001,121,1.4
141,14001,121,1.4
141,16001,121,1.4
141,18001,121,1.4
141,20001,121,1.4
141,22001,121,1.4
141,24001,121,1.4
141,26001,121,1.4
141,28001,121,1.4
141,30001,121,1.3
141,32001,121,1.4
141,34001,121,1.4
141,36001,121,1.4
141,38001,121,1.4
141,40001,121,1.4
141,42001,121,1.4
141,44001,121,1.4
141,46001,121,1.4
141,48001,121,1.4
141,50001,121,1.4
141,52001,121,1.4
141,54001,121,1.4
141,56001,121,1.4
141,58001,121,1.4
141,60001,121,1.4
141,62001,121,1.4
141,64001,121,1.4
141,65535,121,1.4
141,1,131,1.4
141,2001,131,1.4
141,4001,131,1.3
141,6001,131,1.4
141,8001,131,1.4
141,10001,131,1.4
141,12001,131,1.4
141,14001,131,1.4
141,16001,131,1.4
141,18001,131,1.4
141,20001,131,1.4
141,22001,131,1.4
141,24001,131,1.4
141,26001,131,1.4
141,28001,131,1.4
141,30001,131,1.4
141,32001,131,1.4
141,34001,131,1.4
141,36001,131,1.4
141,38001,131,1.4
141,40001,131,1.4
141,42001,131,1.4
141,44001,131,1.4
141,46001,131,1.4
141,48001,131,1.4
141,50001,131,1.4
141,52001,131,1.4
141,54001,131,1.4
141,56001,131,1.4
141,58001,131,1.4
141,60001,131,1.4
141,62001,131,1.4
141,64001,131,1.4
141,65535,131,1.4
141,1,141,1.4
141,2001,141,1.4
141,4001,141,1.4
141,6001,141,1.4
141,8001,141,1.4
141,10001,141,1.4
141,12001,141,1.4
141,14001,141,1.4
141,16001,141,1.4
141,18001,141,1.4
141,20001,141,1.4
141,22001,141,1.4
141,24001,141,1.4
141,26001,141,1.4
141,28001,141,1.4
141,30001,141,1.4
141,32001,141,1.4
141,34001,141,1.4
141,36001,141,1.4
141,38001,141,1.4
141,40001,141,1.4
141,42001,141,1.4
141,44001,141,1.4
141,46001,141,1.4
141,48001,141,1.4
141,50001,141,1.4
141,52001,141,1.4
141,54001,141,1.4
141,56001,141,1.4
141,58001,141,1.4
141,60001,141,1.4
141,62001,141,1.4
141,64001,141,1.4
141,65535,141,1.3
141,1,151,1.3
141,2001,151,1.4
141,4001,151,1.4
141,6001,151,1.4
141,8001,151,1.4
141,10001,151,1.4
141,12001,151,1.4
141,14001,151,1.4
141,16001,151,1.4
141,18001,151,1.3
141,20001,151,1.4
141,22001,151,1.3
141,24001,151,1.4
141,26001,151,1.3
141,28001,151,1.4
141,30001,151,1.4
141,32001,151,1.4
141,34001,151,1.4
141,36001,151,1.4
141,38001,151,1.4
141,40001,151,1.4
141,42001,151,1.4
141,44001,151,1.4
141,46001,151,1.4
141,48001,151,1.4
141,50001,151,1.4
141,52001,151,1.4
141,54001,151,1.4
141,56001,151,1.4
141,58001,151,1.4
141,60001,151,1.4
141,62001,151,1.4
141,64001,151,1.4
141,65535,151,1.3
141,1,161,1.3
141,2001,161,1.3
141,4001,161,1.4
141,6001,161,1.4
141,8001,161,1.3
141,10001,161,1.4
141,12001,161,1.4
141,14001,161,1.4
141,16001,161,1.3
141,18001,161,1.4
141,20001,161,1.4
141,22001,161,1.4
141,24001,161,1.3
141,26001,161,1.3
141,28001,161,1.4
141,30001,161,1.4
141,32001,161,1.4
141,34001,161,1.4
141,36001,161,1.4
141,38001,161,1.4
141,40001,161,1.3
141,42001,161,1.4
141,44001,161,1.4
141,46001,161,1.4
141,48001,161,1.4
141,50001,161,1.4
141,52001,161,1.4
141,54001,161,1.4
141,56001,161,1.4
141,58001,161,1.3
141,60001,161,1.4
141,62001,161,1.3
141,64001,161,1.3
141,65535,161,1.3
141,1,171,1.3
141,2001,171,1.3
141,4001,171,1.3
141,6001,171,1.3
141,8001,171,1.4
141,10001,171,1.4
141,12001,171,1.4
141,14001,171,1.3
141,16001,171,1.4
141,18001,171,1.4
141,20001,171,1.4
141,22001,171,1.4
141,24001,171,1.3
141,26001,171,1.3
141,28001,171,1.4
141,30001,171,1.4
141,32001,171,1.4
141,34001,171,1.4
141,36001,171,1.4
141,38001,171,1.4
141,40001,171,1.4
141,42001,171,1.4
141,44001,171,1.4
141,46001,171,1.4
141,48001,171,1.4
141,50001,171,1.4
141,52001,171,1.4
141,54001,171,1.3
141,56001,171,1.4
141,58001,171,1.4
141,60001,171,1.4
141,62001,171,1.4
141,64001,171,1.3
141,65535,171,1.3
141,1,181,1.3
141,2001,181,1.3
141,4001,181,1.3
141,6001,181,1.4
141,8001,181,1.4
141,10001,181,1.4
141,12001,181,1.4
141,14001,181,1.3
141,16001,181,1.4
141,18001,181,1.4
141,20001,181,1.3
141,22001,181,1.3
141,24001,181,1.3
141,26001,181,1.3
141,28001,181,1.3
141,30001,181,1.4
141,32001,181,1.4
141,34001,181,1.4
141,36001,181,1.4
141,38001,181,1.4
141,40001,181,1.4
141,42001,181,1.4
141,44001,181,1.4
141,46001,181,1.4
141,48001,181,1.4
141,50001,181,1.4
141,52001,181,1.4
141,54001,181,1.4
141,56001,181,1.4
141,58001,181,1.4
141,60001,181,1.4
141,62001,181,1.3
141,64001,181,1.3
141,65535,181,1.3
141,1,191,1.2
141,2001,191,1.2
141,4001,191,1.4
141,6001,191,1.4
141,8001,191,1.4
141,10001,191,1.4
141,12001,191,1.4
141,14001,191,1.3
141,16001,191,1.3
141,18001,191,1.4
141,20001,191,1.4
141,22001,191,1.3
141,24001,191,1.3
141,26001,191,1.3
141,28001,191,1.3
141,30001,191,1.4
141,32001,191,1.4
141,34001,191,1.4
141,36001,191,1.4
141,38001,191,1.4
141,40001,191,1.4
141,42001,191,1.3
141,44001,191,1.4
141,46001,191,1.4
141,48001,191,1.4
141,50001,191,1.4
141,52001,191,1.4
141,54001,191,1.4
141,56001,191,1.4
141,58001,191,1.3
141,60001,191,1.4
141,62001,191,1.3
141,64001,191,1.3
141,65535,191,1.2
141,1,201,1.2
141,2001,201,1.2
141,4001,201,1.3
141,6001,201,1.4
141,8001,201,1.4
141,10001,201,1.4
141,12001,201,1.4
141,14001,201,1.4
141,16001,201,1.4
141,18001,201,1.4
141,20001,201,1.4
141,22001,201,1.2
141,24001,201,1.2
141,26001,201,1.2
141,28001,201,1.3
141,30001,201,1.4
141,32001,201,1.4
141,34001,201,1.4
141,36001,201,1.4
141,38001,201,1.4
141,40001,201,1.4
141,42001,201,1.4
141,44001,201,1.4
141,46001,201,1.3
141,48001,201,1.4
141,50001,201,1.4
141,52001,201,1.4
141,54001,201,1.4
141,56001,201,1.4
141,58001,201,1.4
141,60001,201,1.4
141,62001,201,1.3
141,64001,201,1.3
141,65535,201,1.2
141,1,211,1.2
141,2001,211,1.2
141,4001,211,1.3
141,6001,211,1.4
141,8001,211,1.4
141,10001,211,1.4
141,12001,211,1.3
141,14001,211,1.4
141,16001,211,1.4
141,18001,211,1.4
141,20001,211,1.4
141,22001,211,1.2
141,24001,211,1.2
141,26001,211,1.2
141,28001,211,1.3
141,30001,211,1.3
141,32001,211,1.3
141,34001,211,1.4
141,36001,211,1.4
141,38001,211,1.4
141,40001,211,1.3
141,42001,211,1.4
141,44001,211,1.4
141,46001,211,1.4
141,48001,211,1.4
141,50001,211,1.4
141,52001,211,1.4
141,54001,211,1.4
141,56001,211,1.4
141,58001,211,1.4
141,60001,211,1.4
141,62001,211,1.3
141,64001,211,1.3
141,65535,211,1.2
141,1,221,1.2
141,2001,221,1.2
141,4001,221,1.2
141,6001,221,1.3
141,8001,221,1.4
141,10001,221,1.4
141,12001,221,1.4
141,14001,221,1.4
141,16001,221,1.3
141,18001,221,1.4
141,20001,221,1.3
141,22001,221,1.3
141,24001,221,1.2
141,26001,221,1.3
141,28001,221,1.3
141,30001,221,1.3
141,32001,221,1.3
141,34001,221,1.4
141,36001,221,1.4
141,38001,221,1.4
141,40001,221,1.4
141,42001,221,1.3
141,44001,221,1.4
141,46001,221,1.4
141,48001,221,1.4
141,50001,221,1.4
141,52001,221,1.4
141,54001,221,1.4
141,56001,221,1.4
141,58001,221,1.3
141,60001,221,1.3
141,62001,221,1.3
141,64001,221,1.2
141,65535,221,1.2
141,1,231,1.2
141,2001,231,1.2
141,4001,231,1.3
141,6001,231,1.3
141,8001,231,1.4
141,10001,231,1.4
141,12001,231,1.4
141,14001,231,1.4
141,16001,231,1.3
141,18001,231,1.4
141,20001,231,1.3
141,22001,231,1.2
141,24001,231,1.2
141,26001,231,1.2
141,28001,231,1.2
141,30001,231,1.3
141,32001,231,1.3
141,34001,231,1.4
141,36001,231,1.3
141,38001,231,1.4
141,40001,231,1.4
141,42001,231,1.4
141,44001,231,1.3
141,46001,231,1.3
141,48001,231,1.4
141,50001,231,1.4
141,52001,231,1.4
141,54001,231,1.4
141,56001,231,1.4
141,58001,231,1.4
141,60001,231,1.3
141,62001,231,1.3
141,64001,231,1.2
141,65535,231,1.2
141,1,241,1.2
141,2001,241,1.2
141,4001,241,1.3
141,6001,241,1.3
141,8001,241,1.4
141,10001,241,1.4
141,12001,241,1.4
141,14001,241,1.4
141,16001,241,1.4
141,18001,241,1.4
141,20001,241,1.3
141,22001,241,1.2
141,24001,241,1.2
141,26001,241,1.2
141,28001,241,1.3
141,30001,241,1.3
141,32001,241,1.3
141,34001,241,1.4
141,36001,241,1.4
141,38001,241,1.4
141,40001,241,1.4
141,42001,241,1.4
141,44001,241,1.3
141,46001,241,1.3
141,48001,241,1.3
141,50001,241,1.4
141,52001,241,1.4
141,54001,241,1.4
141,56001,241,1.4
141,58001,241,1.4
141,60001,241,1.3
141,62001,241,1.3
141,64001,241,1.2
141,65535,241,1.2
141,1,251,1.2
141,2001,251,1.2
141,4001,251,1.3
141,6001,251,1.4
141,8001,251,1.4
141,10001,251,1.4
141,12001,251,1.4
141,14001,251,1.4
141,16001,251,1.4
141,18001,251,1.4
141,20001,251,1.3
141,22001,251,1.2
141,24001,251,1.2
141,26001,251,1.2
141,28001,251,1.2
141,30001,251,1.3
141,32001,251,1.4
141,34001,251,1.4
141,36001,251,1.4
141,38001,251,1.4
141,40001,251,1.4
141,42001,251,1.4
141,44001,251,1.2
141,46001,251,1.2
141,48001,251,1.4
141,50001,251,1.4
141,52001,251,1.4
141,54001,251,1.4
141,56001,251,1.4
141,58001,251,1.4
141,60001,251,1.2
141,62001,251,1.2
141,64001,251,1.2
141,65535,251,1.2
141,1,254,1.2
141,2001,254,1.2
141,4001,254,1.3
141,6001,254,1.3
141,8001,254,1.4
141,10001,254,1.4
141,12001,254,1.4
141,14001,254,1.3
141,16001,254,1.4
141,18001,254,1.3
141,20001,254,1.3
141,22001,254,1.2
141,24001,254,1.2
141,26001,254,1.2
141,28001,254,1.2
141,30001,254,1.3
141,32001,254,1.4
141,34001,254,1.4
141,36001,254,1.4
141,38001,254,1.4
141,40001,254,1.4
141,42001,254,1.4
141,44001,254,1.2
141,46001,254,1.3
141,48001,254,1.4
141,50001,254,1.4
141,52001,254,1.4
141,54001,254,1.4
141,56001,254,1.4
141,58001,254,1.4
141,60001,254,1.3
141,62001,254,1.3
141,64001,254,1.2
141,65535,254,1.2
151,1,1,1.5
151,2001,1,1.5
151,4001,1,1.5
151,6001,1,1.5
151,8001,1,1.5
151,10001,1,1.5
151,12001,1,1.5
151,14001,1,1.5
151,16001,1,1.5
151,18001,1,1.5
151,20001,1,1.5
151,22001,1,1.5
151,24001,1,1.5
151,26001,1,1.5
151,28001,1,1.5
151,30001,1,1.5
151,32001,1,1.5
151,34001,1,1.5
151,36001,1,1.5
151,38001,1,1.5
151,40001,1,1.5
151,42001,1,1.5
151,44001,1,1.5
151,46001,1,1.5
151,48001,1,1.5
151,50001,1,1.5
151,52001,1,1.5
151,54001,1,1.5
151,56001,1,1.5
151,58001,1,1.5
151,60001,1,1.5
151,62001,1,1.5
151,64001,1,1.5
151,65535,1,1.5
151,1,11,1.5
151,2001,11,1.5
151,4001,11,1.5
151,6001,11,1.5
151,8001,11,1.5
151,10001,11,1.5
151,12001,11,1.5
151,14001,11,1.5
151,16001,11,1.5
151,18001,11,1.5
151,20001,11,1.5
151,22001,11,1.5
151,24001,11,1.5
151,26001,11,1.5
151,28001,11,1.5
151,30001,11,1.5
151,32001,11,1.5
151,34001,11,1.5
151,36001,11,1.5
151,38001,11,1.5
151,40001,11,1.5
151,42001,11,1.5
151,44001,11,1.5
151,46001,11,1.5
151,48001,11,1.5
151,50001,11,1.5
151,52001,11,1.5
151,54001,11,1.5
151,56001,11,1.5
151,58001,11,1.5
151,60001,11,1.5
151,62001,11,1.5
151,64001,11,1.5
151,65535,11,1.5
151,1,21,1.5
151,2001,21,1.5
151,4001,21,1.5
151,6001,21,1.5
151,8001,21,1.5
151,10001,21,1.5
151,12001,21,1.5
151,14001,21,1.5
151,16001,21,1.5
151,18001,21,1.5
151,20001,21,1.5
151,22001,21,1.5
151,24001,21,1.5
151,26001,21,1.5
151,28001,21,1.5
151,30001,21,1.5
151,32001,21,1.5
151,34001,21,1.5
151,36001,21,1.5
151,38001,21,1.5
151,40001,21,1.5
151,42001,21,1.5
151,44001,21,1.5
151,46001,21,1.5
151,48001,21,1.5
151,50001,21,1.5
151,52001,21,1.5
151,54001,21,1.5
151,56001,21,1.5
151,58001,21,1.5
151,60001,21,1.5
151,62001,21,1.5
151,64001,21,1.5
151,65535,21,1.5
151,1,31,1.5
151,2001,31,1.5
151,4001,31,1.5
151,6001,31,1.5
151,8001,31,1.5
151,10001,31,1.5
151,12001,31,1.5
151,14001,31,1.5
151,16001,31,1.5
151,18001,31,1.5
151,20001,31,1.5
151,22001,31,1.5
151,24001,31,1.5
151,26001,31,1.5
151,28001,31,1.5
151,30001,31,1.5
151,32001,31,1.5
151,34001,31,1.5
151,36001,31,1.5
151,38001,31,1.5
151,40001,31,1.5
151,42001,31,1.5
151,44001,31,1.5
151,46001,31,1.5
151,48001,31,1.5
151,50001,31,1.5
151,52001,31,1.5
151,54001,31,1.5
151,56001,31,1.5
151,58001,31,1.5
151,60001,31,1.5
151,62001,31,1.5
151,64001,31,1.5
151,65535,31,1.5
151,1,41,1.5
151,2001,41,1.5
151,4001,41,1.5
151,6001,41,1.5
151,8001,41,1.5
151,10001,41,1.5
151,12001,41,1.5
151,14001,41,1.5
151,16001,41,1.5
151,18001,41,1.5
151,20001,41,1.5
151,22001,41,1.5
151,24001,41,1.5
151,26001,41,1.5
151,28001,41,1.5
151,30001,41,1.5
151,32001,41,1.5
151,34001,41,1.5
151,36001,41,1.5
151,38001,41,1.5
151,40001,41,1.5
151,42001,41,1.5
151,44001,41,1.5
151,46001,41,1.5
151,48001,41,1.5
151,50001,41,1.5
151,52001,41,1.5
151,54001,41,1.5
151,56001,41,1.5
151,58001,41,1.5
151,60001,41,1.5
151,62001,41,1.5
151,64001,41,1.5
151,65535,41,1.5
151,1,51,1.5
151,2001,51,1.5
151,4001,51,1.5
151,6001,51,1.5
151,8001,51,1.5
151,10001,51,1.5
151,12001,51,1.5
151,14001,51,1.5
151,16001,51,1.5
151,18001,51,1.5
151,20001,51,1.5
151,22001,51,1.5
151,24001,51,1.5
151,26001,51,1.5
151,28001,51,1.5
151,30001,51,1.5
151,32001,51,1.5
151,34001,51,1.5
151,36001,51,1.5
151,38001,51,1.5
151,40001,51,1.5
151,42001,51,1.5
151,44001,51,1.5
151,46001,51,1.5
151,48001,51,1.5
151,50001,51,1.5
151,52001,51,1.5
151,54001,51,1.5
151,56001,51,1.5
151,58001,51,1.5
151,60001,51,1.5
151,62001,51,1.5
151,64001,51,1.5
151,65535,51,1.5
151,1,61,1.5
151,2001,61,1.5
151,4001,61,1.5
151,6001,61,1.5
151,8001,61,1.5
151,10001,61,1.5
151,12001,61,1.5
151,14001,61,1.5
151,16001,61,1.5
151,18001,61,1.5
151,20001,61,1.5
151,22001,61,1.5
151,24001,61,1.5
151,26001,61,1.5
151,28001,61,1.5
151,30001,61,1.5
151,32001,61,1.5
151,34001,61,1.5
151,36001,61,1.5
151,38001,61,1.5
151,40001,61,1.5
151,42001,61,1.5
151,44001,61,1.5
151,46001,61,1.5
151,48001,61,1.5
151,50001,61,1.5
151,52001,61,1.5
151,54001,61,1.5
151,56001,61,1.5
151,58001,61,1.5
151,60001,61,1.5
151,62001,61,1.5
151,64001,61,1.5
151,65535,61,1.5
151,1,71,1.5
151,2001,71,1.5
151,4001,71,1.5
151,6001,71,1.5
151,8001,71,1.5
151,10001,71,1.5
151,12001,71,1.5
151,14001,71,1.5
151,16001,71,1.5
151,18001,71,1.5
151,20001,71,1.5
151,22001,71,1.5
151,24001,71,1.5
151,26001,71,1.5
151,28001,71,1.5
151,30001,71,1.5
151,32001,71,1.5
151,34001,71,1.5
151,36001,71,1.5
151,38001,71,1.5
151,40001,71,1.5
151,42001,71,1.5
151,44001,71,1.5
151,46001,71,1.5
151,48001,71,1.5
151,50001,71,1.5
151,52001,71,1.5
151,54001,71,1.5
151,56001,71,1.5
151,58001,71,1.5
151,60001,71,1.5
151,62001,71,1.5
151,64001,71,1.5
151,65535,71,1.5
151,1,81,1.5
151,2001,81,1.5
151,4001,81,1.5
151,6001,81,1.5
151,8001,81,1.5
151,10001,81,1.5
151,12001,81,1.5
151,14001,81,1.5
151,16001,81,1.5
151,18001,81,1.5
151,20001,81,1.5
151,22001,81,1.5
151,24001,81,1.5
151,26001,81,1.5
151,28001,81,1.5
151,30001,81,1.5
151,32001,81,1.5
151,34001,81,1.5
151,36001,81,1.5
151,38001,81,1.5
151,40001,81,1.5
151,42001,81,1.5
151,44001,81,1.5
151,46001,81,1.5
151,48001,81,1.5
151,50001,81,1.5
151,52001,81,1.5
151,54001,81,1.5
151,56001,81,1.5
151,58001,81,1.5
151,60001,81,1.5
151,62001,81,1.5
151,64001,81,1.5
151,65535,81,1.5
151,1,91,1.5
151,2001,91,1.5
151,4001,91,1.5
151,6001,91,1.5
151,8001,91,1.5
151,10001,91,1.5
151,12001,91,1.5
151,14001,91,1.5
151,16001,91,1.5
151,18001,91,1.5
151,20001,91,1.5
151,22001,91,1.5
151,24001,91,1.5
151,26001,91,1.5
151,28001,91,1.5
151,30001,91,1.5
151,32001,91,1.5
151,34001,91,1.5
151,36001,91,1.5
151,38001,91,1.5
151,40001,91,1.5
151,42001,91,1.5
151,44001,91,1.5
151,46001,91,1.5
151,48001,91,1.5
151,50001,91,1.5
151,52001,91,1.5
151,54001,91,1.5
151,56001,91,1.5
151,58001,91,1.5
151,60001,91,1.5
151,62001,91,1.5
151,64001,91,1.5
151,65535,91,1.5
151,1,101,1.5
151,2001,101,1.5
151,4001,101,1.5
151,6001,101,1.5
151,8001,101,1.5
151,10001,101,1.5
151,12001,101,1.5
151,14001,101,1.5
151,16001,101,1.5
151,18001,101,1.5
151,20001,101,1.5
151,22001,101,1.5
151,24001,101,1.5
151,26001,101,1.5
151,28001,101,1.5
151,30001,101,1.5
151,32001,101,1.5
151,34001,101,1.5
151,36001,101,1.5
151,38001,101,1.5
151,40001,101,1.5
151,42001,101,1.5
151,44001,101,1.5
151,46001,101,1.5
151,48001,101,1.5
151,50001,101,1.5
151,52001,101,1.5
151,54001,101,1.5
151,56001,101,1.5
151,58001,101,1.5
151,60001,101,1.5
151,62001,101,1.5
151,64001,101,1.5
151,65535,101,1.5
151,1,111,1.5
151,2001,111,1.5
151,4001,111,1.5
151,6001,111,1.5
151,8001,111,1.5
151,10001,111,1.5
151,12001,111,1.5
151,14001,111,1.5
151,16001,111,1.5
151,18001,111,1.5
151,20001,111,1.5
151,22001,111,1.5
151,24001,111,1.5
151,26001,111,1.5
151,28001,111,1.5
151,30001,111,1.5
151,32001,111,1.5
151,34001,111,1.5
151,36001,111,1.5
151,38001,111,1.5
151,40001,111,1.5
151,42001,111,1.5
151,44001,111,1.5
151,46001,111,1.5
151,48001,111,1.5
151,50001,111,1.5
151,52001,111,1.5
151,54001,111,1.5
151,56001,111,1.5
151,58001,111,1.5
151,60001,111,1.5
151,62001,111,1.5
151,64001,111,1.5
151,65535,111,1.5
151,1,121,1.5
151,2001,121,1.5
151,4001,121,1.5
151,6001,121,1.5
151,8001,121,1.5
151,10001,121,1.5
151,12001,121,1.5
151,14001,121,1.5
151,16001,121,1.5
151,18001,121,1.5
151,20001,121,1.5
151,22001,121,1.5
151,24001,121,1.5
151,26001,121,1.5
151,28001,121,1.5
151,30001,121,1.5
151,32001,121,1.5
151,34001,121,1.5
151,36001,121,1.5
151,38001,121,1.5
151,40001,121,1.5
151,42001,121,1.5
151,44001,121,1.5
151,46001,121,1.5
151,48001,121,1.5
151,50001,121,1.5
151,52001,121,1.5
151,54001,121,1.5
151,56001,121,1.5
151,58001,121,1.5
151,60001,121,1.5
151,62001,121,1.5
151,64001,121,1.5
151,65535,121,1.5
151,1,131,1.5
151,2001,131,1.5
151,4001,131,1.5
151,6001,131,1.5
151,8001,131,1.5
151,10001,131,1.5
151,12001,131,1.5
151,14001,131,1.5
151,16001,131,1.5
151,18001,131,1.5
151,20001,131,1.5
151,22001,131,1.5
151,24001,131,1.5
151,26001,131,1.5
151,28001,131,1.5
151,30001,131,1.5
151,32001,131,1.5
151,34001,131,1.5
151,36001,131,1.5
151,38001,131,1.5
151,40001,131,1.5
151,42001,131,1.5
151,44001,131,1.5
151,46001,131,1.5
151,48001,131,1.5
151,50001,131,1.5
151,52001,131,1.5
151,54001,131,1.5
151,56001,131,1.5
151,58001,131,1.5
151,60001,131,1.5
151,62001,131,1.5
151,64001,131,1.5
151,65535,131,1.5
151,1,141,1.5
151,2001,141,1.5
151,4001,141,1.5
151,6001,141,1.5
151,8001,141,1.5
151,10001,141,1.5
151,12001,141,1.5
151,14001,141,1.5
151,16001,141,1.5
151,18001,141,1.5
151,20001,141,1.5
151,22001,141,1.5
151,24001,141,1.5
151,26001,141,1.5
151,28001,141,1.5
151,30001,141,1.5
151,32001,141,1.5
151,34001,141,1.5
151,36001,141,1.5
151,38001,141,1.5
151,40001,141,1.5
151,42001,141,1.5
151,44001,141,1.5
151,46001,141,1.5
151,48001,141,1.5
151,50001,141,1.5
151,52001,141,1.5
151,54001,141,1.5
151,56001,141,1.5
151,58001,141,1.5
151,60001,141,1.5
151,62001,141,1.5
151,64001,141,1.5
151,65535,141,1.5
151,1,151,1.4
151,2001,151,1.5
151,4001,151,1.5
151,6001,151,1.5
151,8001,151,1.5
151,10001,151,1.5
151,12001,151,1.5
151,14001,151,1.5
151,16001,151,1.5
151,18001,151,1.5
151,20001,151,1.5
151,22001,151,1.5
151,24001,151,1.5
151,26001,151,1.5
151,28001,151,1.5
151,30001,151,1.5
151,32001,151,1.5
151,34001,151,1.5
151,36001,151,1.5
151,38001,151,1.5
151,40001,151,1.5
151,42001,151,1.5
151,44001,151,1.5
151,46001,151,1.5
151,48001,151,1.5
151,50001,151,1.5
151,52001,151,1.5
151,54001,151,1.5
151,56001,151,1.5
151,58001,151,1.5
151,60001,151,1.5
151,62001,151,1.5
151,64001,151,1.5
151,65535,151,1.5
151,1,161,1.4
151,2001,161,1.5
151,4001,161,1.5
151,6001,161,1.5
151,8001,161,1.5
151,10001,161,1.5
151,12001,161,1.5
151,14001,161,1.5
151,16001,161,1.5
151,18001,161,1.5
151,20001,161,1.5
151,22001,161,1.5
151,24001,161,1.4
151,26001,161,1.5
151,28001,161,1.5
151,30001,161,1.5
151,32001,161,1.5
151,34001,161,1.5
151,36001,161,1.5
151,38001,161,1.5
151,40001,161,1.5
151,42001,161,1.5
151,44001,161,1.5
151,46001,161,1.5
151,48001,161,1.5
151,50001,161,1.5
151,52001,161,1.5
151,54001,161,1.5
151,56001,161,1.5
151,58001,161,1.5
151,60001,161,1.5
151,62001,161,1.5
151,64001,161,1.5
151,65535,161,1.4
151,1,171,1.4
151,2001,171,1.4
151,4001,171,1.4
151,6001,171,1.5
151,8001,171,1.5
151,10001,171,1.5
151,12001,171,1.5
151,14001,171,1.5
151,16001,171,1.5
151,18001,171,1.5
151,20001,171,1.5
151,22001,171,1.4
151,24001,171,1.4
151,26001,171,1.5
151,28001,171,1.5
151,30001,171,1.5
151,32001,171,1.5
151,34001,171,1.5
151,36001,171,1.5
151,38001,171,1.5
151,40001,171,1.5
151,42001,171,1.5
151,44001,171,1.5
151,46001,171,1.5
151,48001,171,1.5
151,50001,171,1.5
151,52001,171,1.5
151,54001,171,1.5
151,56001,171,1.5
151,58001,171,1.5
151,60001,171,1.5
151,62001,171,1.5
151,64001,171,1.4
151,65535,171,1.4
151,1,181,1.4
151,2001,181,1.4
151,4001,181,1.4
151,6001,181,1.5
151,8001,181,1.5
151,10001,181,1.5
151,12001,181,1.5
151,14001,181,1.5
151,16001,181,1.5
151,18001,181,1.5
151,20001,181,1.5
151,22001,181,1.4
151,24001,181,1.4
151,26001,181,1.4
151,28001,181,1.5
151,30001,181,1.5
151,32001,181,1.5
151,34001,181,1.5
151,36001,181,1.5
151,38001,181,1.5
151,40001,181,1.5
151,42001,181,1.5
151,44001,181,1.5
151,46001,181,1.5
151,48001,181,1.5
151,50001,181,1.5
151,52001,181,1.5
151,54001,181,1.5
151,56001,181,1.5
151,58001,181,1.5
151,60001,181,1.5
151,62001,181,1.5
151,64001,181,1.4
151,65535,181,1.4
151,1,191,1.4
151,2001,191,1.4
151,4001,191,1.5
151,6001,191,1.5
151,8001,191,1.5
151,10001,191,1.5
151,12001,191,1.5
151,14001,191,1.5
151,16001,191,1.5
151,18001,191,1.5
151,20001,191,1.5
151,22001,191,1.4
151,24001,191,1.4
151,26001,191,1.4
151,28001,191,1.4
151,30001,191,1.5
151,32001,191,1.5
151,34001,191,1.5
151,36001,191,1.5
151,38001,191,1.5
151,40001,191,1.5
151,42001,191,1.5
151,44001,191,1.5
151,46001,191,1.5
151,48001,191,1.5
151,50001,191,1.5
151,52001,191,1.5
151,54001,191,1.5
151,56001,191,1.5
151,58001,191,1.5
151,60001,191,1.4
151,62001,191,1.4
151,64001,191,1.4
151,65535,191,1.3
151,1,201,1.3
151,2001,201,1.4
151,4001,201,1.5
151,6001,201,1.5
151,8001,201,1.5
151,10001,201,1.5
151,12001,201,1.5
151,14001,201,1.5
151,16001,201,1.5
151,18001,201,1.5
151,20001,201,1.5
151,22001,201,1.4
151,24001,201,1.4
151,26001,201,1.4
151,28001,201,1.4
151,30001,201,1.5
151,32001,201,1.5
151,34001,201,1.5
151,36001,201,1.5
151,38001,201,1.5
151,40001,201,1.5
151,42001,201,1.5
151,44001,201,1.5
151,46001,201,1.5
151,48001,201,1.5
151,50001,201,1.5
151,52001,201,1.5
151,54001,201,1.5
151,56001,201,1.5
151,58001,201,1.5
151,60001,201,1.5
151,62001,201,1.4
151,64001,201,1.4
151,65535,201,1.3
151,1,211,1.3
151,2001,211,1.4
151,4001,211,1.4
151,6001,211,1.5
151,8001,211,1.5
151,10001,211,1.5
151,12001,211,1.5
151,14001,211,1.5
151,16001,211,1.5
151,18001,211,1.5
151,20001,211,1.5
151,22001,211,1.4
151,24001,211,1.3
151,26001,211,1.4
151,28001,211,1.4
151,30001,211,1.4
151,32001,211,1.5
151,34001,211,1.5
151,36001,211,1.5
151,38001,211,1.5
151,40001,211,1.5
151,42001,211,1.5
151,44001,211,1.5
151,46001,211,1.4
151,48001,211,1.5
151,50001,211,1.5
151,52001,211,1.5
151,54001,211,1.5
151,56001,211,1.5
151,58001,211,1.5
151,60001,211,1.4
151,62001,211,1.4
151,64001,211,1.3
151,65535,211,1.3
151,1,221,1.3
151,2001,221,1.3
151,4001,221,1.3
151,6001,221,1.5
151,8001,221,1.5
151,10001,221,1.5
151,12001,221,1.5
151,14001,221,1.5
151,16001,221,1.5
151,18001,221,1.5
151,20001,221,1.5
151,22001,221,1.3
151,24001,221,1.3
151,26001,221,1.3
151,28001,221,1.4
151,30001,221,1.4
151,32001,221,1.5
151,34001,221,1.5
151,36001,221,1.5
151,38001,221,1.5
151,40001,221,1.5
151,42001,221,1.5
151,44001,221,1.5
151,46001,221,1.4
151,48001,221,1.5
151,50001,221,1.5
151,52001,221,1.5
151,54001,221,1.5
151,56001,221,1.5
151,58001,221,1.5
151,60001,221,1.4
151,62001,221,1.4
151,64001,221,1.3
151,65535,221,1.3
151,1,231,1.3
151,2001,231,1.3
151,4001,231,1.3
151,6001,231,1.5
151,8001,231,1.5
151,10001,231,1.5
151,12001,231,1.5
151,14001,231,1.5
151,16001,231,1.5
151,18001,231,1.5
151,20001,231,1.4
151,22001,231,1.3
151,24001,231,1.3
151,26001,231,1.3
151,28001,231,1.4
151,30001,231,1.5
151,32001,231,1.5
151,34001,231,1.5
151,36001,231,1.5
151,38001,231,1.5
151,40001,231,1.5
151,42001,231,1.5
151,44001,231,1.5
151,46001,231,1.4
151,48001,231,1.5
151,50001,231,1.5
151,52001,231,1.5
151,54001,231,1.5
151,56001,231,1.5
151,58001,231,1.5
151,60001,231,1.4
151,62001,231,1.3
151,64001,231,1.3
151,65535,231,1.3
151,1,241,1.3
151,2001,241,1.3
151,4001,241,1.3
151,6001,241,1.5
151,8001,241,1.5
151,10001,241,1.5
151,12001,241,1.5
151,14001,241,1.5
151,16001,241,1.5
151,18001,241,1.5
151,20001,241,1.4
151,22001,241,1.3
151,24001,241,1.3
151,26001,241,1.4
151,28001,241,1.3
151,30001,241,1.4
151,32001,241,1.4
151,34001,241,1.5
151,36001,241,1.5
151,38001,241,1.5
151,40001,241,1.5
151,42001,241,1.5
151,44001,241,1.3
151,46001,241,1.4
151,48001,241,1.5
151,50001,241,1.5
151,52001,241,1.5
151,54001,241,1.5
151,56001,241,1.5
151,58001,241,1.5
151,60001,241,1.4
151,62001,241,1.3
151,64001,241,1.3
151,65535,241,1.3
151,1,251,1.3
151,2001,251,1.3
151,4001,251,1.3
151,6001,251,1.4
151,8001,251,1.5
151,10001,251,1.5
151,12001,251,1.5
151,14001,251,1.5
151,16001,251,1.5
151,18001,251,1.4
151,20001,251,1.4
151,22001,251,1.3
151,24001,251,1.3
151,26001,251,1.3
151,28001,251,1.3
151,30001,251,1.5
151,32001,251,1.5
151,34001,251,1.5
151,36001,251,1.5
151,38001,251,1.5
151,40001,251,1.5
151,42001,251,1.5
151,44001,251,1.4
151,46001,251,1.4
151,48001,251,1.5
151,50001,251,1.5
151,52001,251,1.5
151,54001,251,1.5
151,56001,251,1.5
151,58001,251,1.5
151,60001,251,1.4
151,62001,251,1.4
151,64001,251,1.3
151,65535,251,1.3
151,1,254,1.3
151,2001,254,1.3
151,4001,254,1.3
151,6001,254,1.5
151,8001,254,1.5
151,10001,254,1.5
151,12001,254,1.5
151,14001,254,1.5
151,16001,254,1.5
151,18001,254,1.4
151,20001,254,1.4
151,22001,254,1.3
151,24001,254,1.3
151,26001,254,1.3
151,28001,254,1.3
151,30001,254,1.4
151,32001,254,1.5
151,34001,254,1.5
151,36001,254,1.5
151,38001,254,1.5
151,40001,254,1.5
151,42001,254,1.5
151,44001,254,1.3
151,46001,254,1.4
151,48001,254,1.5
151,50001,254,1.5
151,52001,254,1.5
151,54001,254,1.5
151,56001,254,1.5
151,58001,254,1.5
151,60001,254,1.4
151,62001,254,1.4
151,64001,254,1.3
151,65535,254,1.3
161,1,1,1.6
161,2001,1,1.6
161,4001,1,1.6
161,6001,1,1.6
161,8001,1,1.6
161,10001,1,1.6
161,12001,1,1.6
161,14001,1,1.6
161,16001,1,1.6
161,18001,1,1.6
161,20001,1,1.6
161,22001,1,1.6
161,24001,1,1.6
161,26001,1,1.6
161,28001,1,1.6
161,30001,1,1.6
161,32001,1,1.6
161,34001,1,1.6
161,36001,1,1.6
161,38001,1,1.6
161,40001,1,1.6
161,42001,1,1.6
161,44001,1,1.6
161,46001,1,1.6
161,48001,1,1.6
161,50001,1,1.6
161,52001,1,1.6
161,54001,1,1.6
161,56001,1,1.6
161,58001,1,1.6
161,60001,1,1.6
161,62001,1,1.6
161,64001,1,1.6
161,65535,1,1.6
161,1,11,1.6
161,2001,11,1.6
161,4001,11,1.6
161,6001,11,1.6
161,8001,11,1.6
161,10001,11,1.6
161,12001,11,1.6
161,14001,11,1.6
161,16001,11,1.6
161,18001,11,1.6
161,20001,11,1.6
161,22001,11,1.6
161,24001,11,1.6
161,26001,11,1.6
161,28001,11,1.6
161,30001,11,1.6
161,32001,11,1.6
161,34001,11,1.6
161,36001,11,1.6
161,38001,11,1.6
161,40001,11,1.6
161,42001,11,1.6
161,44001,11,1.6
161,46001,11,1.6
161,48001,11,1.6
161,50001,11,1.6
161,52001,11,1.6
161,54001,11,1.6
161,56001,11,1.6
161,58001,11,1.6
161,60001,11,1.6
161,62001,11,1.6
161,64001,11,1.6
161,65535,11,1.6
161,1,21,1.6
161,2001,21,1.6
161,4001,21,1.6
161,6001,21,1.6
161,8001,21,1.6
161,10001,21,1.6
161,12001,21,1.6
161,14001,21,1.6
161,16001,21,1.6
161,18001,21,1.6
161,20001,21,1.6
161,22001,21,1.6
161,24001,21,1.6
161,26001,21,1.6
161,28001,21,1.6
161,30001,21,1.6
161,32001,21,1.6
161,34001,21,1.6
161,36001,21,1.6
161,38001,21,1.6
161,40001,21,1.6
161,42001,21,1.6
161,44001,21,1.6
161,46001,21,1.6
161,48001,21,1.6
161,50001,21,1.6
161,52001,21,1.6
161,54001,21,1.6
161,56001,21,1.6
161,58001,21,1.6
161,60001,21,1.6
161,62001,21,1.6
161,64001,21,1.6
161,65535,21,1.6
161,1,31,1.6
161,2001,31,1.6
161,4001,31,1.6
161,6001,31,1.6
161,8001,31,1.6
161,10001,31,1.6
161,12001,31,1.6
161,14001,31,1.6
161,16001,31,1.6
161,18001,31,1.6
161,20001,31,1.6
161,22001,31,1.6
161,24001,31,1.6
161,26001,31,1.6
161,28001,31,1.6
161,30001,31,1.6
161,32001,31,1.6
161,34001,31,1.6
161,36001,31,1.6
161,38001,31,1.6
161,40001,31,1.6
161,42001,31,1.6
161,44001,31,1.6
161,46001,31,1.6
161,48001,31,1.6
161,50001,31,1.6
161,52001,31,1.6
161,54001,31,1.6
161,56001,31,1.6
161,58001,31,1.6
161,60001,31,1.6
161,62001,31,1.6
161,64001,31,1.6
161,65535,31,1.6
161,1,41,1.6
161,2001,41,1.6
161,4001,41,1.6
161,6001,41,1.6
161,8001,41,1.6
161,10001,41,1.6
161,12001,41,1.6
161,14001,41,1.6
161,16001,41,1.6
161,18001,41,1.6
161,20001,41,1.6
161,22001,41,1.6
161,24001,41,1.6
161,26001,41,1.6
161,28001,41,1.6
161,30001,41,1.6
161,32001,41,1.6
161,34001,41,1.6
161,36001,41,1.6
161,38001,41,1.6
161,40001,41,1.6
161,42001,41,1.6
161,44001,41,1.6
161,46001,41,1.6
161,48001,41,1.6
161,50001,41,1.6
161,52001,41,1.6
161,54001,41,1.6
161,56001,41,1.6
161,58001,41,1.6
161,60001,41,1.6
161,62001,41,1.6
161,64001,41,1.6
161,65535,41,1.6
161,1,51,1.6
161,2001,51,1.6
161,4001,51,1.6
161,6001,51,1.6
161,8001,51,1.6
161,10001,51,1.6
161,12001,51,1.6
161,14001,51,1.6
161,16001,51,1.6
161,18001,51,1.6
161,20001,51,1.6
161,22001,51,1.6
161,24001,51,1.6
161,26001,51,1.6
161,28001,51,1.6
161,30001,51,1.6
161,32001,51,1.6
161,34001,51,1.6
161,36001,51,1.6
161,38001,51,1.6
161,40001,51,1.6
161,42001,51,1.6
161,44001,51,1.6
161,46001,51,1.6
161,48001,51,1.6
161,50001,51,1.6
161,52001,51,1.6
161,54001,51,1.7
161,56001,51,1.6
161,58001,51,1.6
161,60001,51,1.6
161,62001,51,1.6
161,64001,51,1.6
161,65535,51,1.6
161,1,61,1.6
161,2001,61,1.6
161,4001,61,1.6
161,6001,61,1.6
161,8001,61,1.6
161,10001,61,1.6
161,12001,61,1.6
161,14001,61,1.6
161,16001,61,1.6
161,18001,61,1.6
161,20001,61,1.6
161,22001,61,1.6
161,24001,61,1.6
161,26001,61,1.6
161,28001,61,1.6
161,30001,61,1.6
161,32001,61,1.6
161,34001,61,1.6
161,36001,61,1.6
161,38001,61,1.6
161,40001,61,1.6
161,42001,61,1.6
161,44001,61,1.6
161,46001,61,1.6
161,48001,61,1.6
161,50001,61,1.6
161,52001,61,1.6
161,54001,61,1.6
161,56001,61,1.6
161,58001,61,1.6
161,60001,61,1.6
161,62001,61,1.6
161,64001,61,1.6
161,65535,61,1.6
161,1,71,1.6
161,2001,71,1.6
161,4001,71,1.6
161,6001,71,1.6
161,8001,71,1.6
161,10001,71,1.6
161,12001,71,1.6
161,14001,71,1.6
161,16001,71,1.6
161,18001,71,1.6
161,20001,71,1.6
161,22001,71,1.6
161,24001,71,1.6
161,26001,71,1.6
161,28001,71,1.6
161,30001,71,1.6
161,32001,71,1.6
161,34001,71,1.6
161,36001,71,1.6
161,38001,71,1.6
161,40001,71,1.6
161,42001,71,1.6
161,44001,71,1.6
161,46001,71,1.6
161,48001,71,1.7
161,50001,71,1.6
161,52001,71,1.6
161,54001,71,1.6
161,56001,71,1.6
161,58001,71,1.6
161,60001,71,1.6
161,62001,71,1.6
161,64001,71,1.6
161,65535,71,1.6
161,1,81,1.6
161,2001,81,1.6
161,4001,81,1.6
161,6001,81,1.6
161,8001,81,1.6
161,10001,81,1.6
161,12001,81,1.6
161,14001,81,1.6
161,16001,81,1.6
161,18001,81,1.6
161,20001,81,1.6
161,22001,81,1.6
161,24001,81,1.6
161,26001,81,1.6
161,28001,81,1.6
161,30001,81,1.6
161,32001,81,1.6
161,34001,81,1.6
161,36001,81,1.6
161,38001,81,1.6
161,40001,81,1.6
161,42001,81,1.6
161,44001,81,1.7
161,46001,81,1.6
161,48001,81,1.6
161,50001,81,1.6
161,52001,81,1.6
161,54001,81,1.6
161,56001,81,1.6
161,58001,81,1.6
161,60001,81,1.6
161,62001,81,1.6
161,64001,81,1.6
161,65535,81,1.6
161,1,91,1.6
161,2001,91,1.6
161,4001,91,1.6
161,6001,91,1.6
161,8001,91,1.6
161,10001,91,1.6
161,12001,91,1.6
161,14001,91,1.6
161,16001,91,1.6
161,18001,91,1.6
161,20001,91,1.6
161,22001,91,1.6
161,24001,91,1.6
161,26001,91,1.6
161,28001,91,1.6
161,30001,91,1.6
161,32001,91,1.6
161,34001,91,1.6
161,36001,91,1.6
161,38001,91,1.6
161,40001,91,1.6
161,42001,91,1.6
161,44001,91,1.6
161,46001,91,1.6
161,48001,91,1.6
161,50001,91,1.6
161,52001,91,1.6
161,54001,91,1.6
161,56001,91,1.6
161,58001,91,1.6
161,60001,91,1.6
161,62001,91,1.6
161,64001,91,1.6
161,65535,91,1.6
161,1,101,1.6
161,2001,101,1.6
161,4001,101,1.6
161,6001,101,1.6
161,8001,101,1.6
161,10001,101,1.6
161,12001,101,1.6
161,14001,101,1.6
161,16001,101,1.6
161,18001,101,1.6
161,20001,101,1.6
161,22001,101,1.6
161,24001,101,1.6
161,26001,101,1.6
161,28001,101,1.6
161,30001,101,1.6
161,32001,101,1.6
161,34001,101,1.6
161,36001,101,1.6
161,38001,101,1.6
161,40001,101,1.6
161,42001,101,1.6
161,44001,101,1.6
161,46001,101,1.6
161,48001,101,1.6
161,50001,101,1.6
161,52001,101,1.6
161,54001,101,1.6
161,56001,101,1.6
161,58001,101,1.6
161,60001,101,1.6
161,62001,101,1.6
161,64001,101,1.6
161,65535,101,1.6
161,1,111,1.6
161,2001,111,1.6
161,4001,111,1.6
161,6001,111,1.6
161,8001,111,1.6
161,10001,111,1.6
161,12001,111,1.6
161,14001,111,1.6
161,16001,111,1.6
161,18001,111,1.6
161,20001,111,1.6
161,22001,111,1.6
161,24001,111,1.6
161,26001,111,1.6
161,28001,111,1.6
161,30001,111,1.6
161,32001,111,1.6
161,34001,111,1.6
161,36001,111,1.6
161,38001,111,1.6
161,40001,111,1.6
161,42001,111,1.6
161,44001,111,1.6
161,46001,111,1.6
161,48001,111,1.6
161,50001,111,1.6
161,52001,111,1.6
161,54001,111,1.6
161,56001,111,1.6
161,58001,111,1.6
161,60001,111,1.6
161,62001,111,1.6
161,64001,111,1.6
161,65535,111,1.6
161,1,121,1.6
161,2001,121,1.6
161,4001,121,1.6
161,6001,121,1.6
161,8001,121,1.6
161,10001,121,1.6
161,12001,121,1.6
161,14001,121,1.6
161,16001,121,1.6
161,18001,121,1.6
161,20001,121,1.6
161,22001,121,1.6
161,24001,121,1.6
161,26001,121,1.6
161,28001,121,1.6
161,30001,121,1.6
161,32001,121,1.6
161,34001,121,1.6
161,36001,121,1.6
161,38001,121,1.6
161,40001,121,1.6
161,42001,121,1.6
161,44001,121,1.6
161,46001,121,1.6
161,48001,121,1.6
161,50001,121,1.6
161,52001,121,1.6
161,54001,121,1.6
161,56001,121,1.6
161,58001,121,1.6
161,60001,121,1.6
161,62001,121,1.6
161,64001,121,1.7
161,65535,121,1.6
161,1,131,1.6
161,2001,131,1.6
161,4001,131,1.6
161,6001,131,1.6
161,8001,131,1.6
161,10001,131,1.6
161,12001,131,1.6
161,14001,131,1.6
161,16001,131,1.6
161,18001,131,1.6
161,20001,131,1.6
161,22001,131,1.6
161,24001,131,1.6
161,26001,131,1.6
161,28001,131,1.6
161,30001,131,1.6
161,32001,131,1.6
161,34001,131,1.6
161,36001,131,1.6
161,38001,131,1.6
161,40001,131,1.6
161,42001,131,1.6
161,44001,131,1.6
161,46001,131,1.6
161,48001,131,1.6
161,50001,131,1.6
161,52001,131,1.6
161,54001,131,1.6
161,56001,131,1.6
161,58001,131,1.6
161,60001,131,1.6
161,62001,131,1.6
161,64001,131,1.6
161,65535,131,1.6
161,1,141,1.6
161,2001,141,1.6
161,4001,141,1.6
161,6001,141,1.6
161,8001,141,1.6
161,10001,141,1.6
161,12001,141,1.6
161,14001,141,1.6
161,16001,141,1.6
161,18001,141,1.6
161,20001,141,1.6
161,22001,141,1.6
161,24001,141,1.6
161,26001,141,1.6
161,28001,141,1.6
161,30001,141,1.6
161,32001,141,1.7
161,34001,141,1.6
161,36001,141,1.6
161,38001,141,1.6
161,40001,141,1.6
161,42001,141,1.6
161,44001,141,1.6
161,46001,141,1.6
161,48001,141,1.6
161,50001,141,1.6
161,52001,141,1.6
161,54001,141,1.6
161,56001,141,1.6
161,58001,141,1.6
161,60001,141,1.6
161,62001,141,1.6
161,64001,141,1.6
161,65535,141,1.6
161,1,151,1.6
161,2001,151,1.6
161,4001,151,1.6
161,6001,151,1.6
161,8001,151,1.6
161,10001,151,1.6
161,12001,151,1.6
161,14001,151,1.6
161,16001,151,1.6
161,18001,151,1.6
161,20001,151,1.6
161,22001,151,1.6
161,24001,151,1.6
161,26001,151,1.6
161,28001,151,1.6
161,30001,151,1.6
161,32001,151,1.6
161,34001,151,1.7
161,36001,151,1.6
161,38001,151,1.6
161,40001,151,1.6
161,42001,151,1.6
161,44001,151,1.6
161,46001,151,1.6
161,48001,151,1.6
161,50001,151,1.6
161,52001,151,1.6
161,54001,151,1.6
161,56001,151,1.6
161,58001,151,1.6
161,60001,151,1.6
161,62001,151,1.6
161,64001,151,1.6
161,65535,151,1.6
161,1,161,1.6
161,2001,161,1.6
161,4001,161,1.6
161,6001,161,1.6
161,8001,161,1.6
161,10001,161,1.6
161,12001,161,1.6
161,14001,161,1.6
161,16001,161,1.6
161,18001,161,1.6
161,20001,161,1.6
161,22001,161,1.6
161,24001,161,1.6
161,26001,161,1.6
161,28001,161,1.6
161,30001,161,1.6
161,32001,161,1.6
161,34001,161,1.6
161,36001,161,1.6
161,38001,161,1.6
161,40001,161,1.6
161,42001,161,1.6
161,44001,161,1.6
161,46001,161,1.6
161,48001,161,1.6
161,50001,161,1.6
161,52001,161,1.6
161,54001,161,1.6
161,56001,161,1.6
161,58001,161,1.6
161,60001,161,1.6
161,62001,161,1.6
161,64001,161,1.6
161,65535,161,1.5
161,1,171,1.5
161,2001,171,1.6
161,4001,171,1.6
161,6001,171,1.6
161,8001,171,1.6
161,10001,171,1.6
161,12001,171,1.6
161,14001,171,1.6
161,16001,171,1.6
161,18001,171,1.6
161,20001,171,1.6
161,22001,171,1.6
161,24001,171,1.5
161,26001,171,1.6
161,28001,171,1.6
161,30001,171,1.6
161,32001,171,1.6
161,34001,171,1.6
161,36001,171,1.6
161,38001,171,1.6
161,40001,171,1.6
161,42001,171,1.6
161,44001,171,1.6
161,46001,171,1.6
161,48001,171,1.6
161,50001,171,1.6
161,52001,171,1.6
161,54001,171,1.6
161,56001,171,1.6
161,58001,171,1.6
161,60001,171,1.6
161,62001,171,1.6
161,64001,171,1.6
161,65535,171,1.5
161,1,181,1.5
161,2001,181,1.6
161,4001,181,1.6
161,6001,181,1.6
161,8001,181,1.7
161,10001,181,1.6
161,12001,181,1.6
161,14001,181,1.6
161,16001,181,1.6
161,18001,181,1.6
161,20001,181,1.6
161,22001,181,1.5
161,24001,181,1.5
161,26001,181,1.6
161,28001,181,1.6
161,30001,181,1.6
161,32001,181,1.6
161,34001,181,1.7
161,36001,181,1.6
161,38001,181,1.6
161,40001,181,1.6
161,42001,181,1.6
161,44001,181,1.6
161,46001,181,1.6
161,48001,181,1.6
161,50001,181,1.6
161,52001,181,1.6
161,54001,181,1.6
161,56001,181,1.6
161,58001,181,1.6
161,60001,181,1.6
161,62001,181,1.6
161,64001,181,1.5
161,65535,181,1.5
161,1,191,1.5
161,2001,191,1.5
161,4001,191,1.6
161,6001,191,1.6
161,8001,191,1.6
161,10001,191,1.6
161,12001,191,1.6
161,14001,191,1.6
161,16001,191,1.6
161,18001,191,1.6
161,20001,191,1.6
161,22001,191,1.5
161,24001,191,1.5
161,26001,191,1.6
161,28001,191,1.6
161,30001,191,1.6
161,32001,191,1.6
161,34001,191,1.6
161,36001,191,1.6
161,38001,191,1.6
161,40001,191,1.6
161,42001,191,1.6
161,44001,191,1.6
161,46001,191,1.6
161,48001,191,1.6
161,50001,191,1.6
161,52001,191,1.6
161,54001,191,1.6
161,56001,191,1.6
161,58001,191,1.6
161,60001,191,1.6
161,62001,191,1.6
161,64001,191,1.5
161,65535,191,1.5
161,1,201,1.4
161,2001,201,1.5
161,4001,201,1.6
161,6001,201,1.6
161,8001,201,1.6
161,10001,201,1.6
161,12001,201,1.6
161,14001,201,1.6
161,16001,201,1.6
161,18001,201,1.6
161,20001,201,1.6
161,22001,201,1.5
161,24001,201,1.5
161,26001,201,1.5
161,28001,201,1.6
161,30001,201,1.6
161,32001,201,1.6
161,34001,201,1.6
161,36001,201,1.6
161,38001,201,1.6
161,40001,201,1.6
161,42001,201,1.6
161,44001,201,1.6
161,46001,201,1.6
161,48001,201,1.6
161,50001,201,1.6
161,52001,201,1.6
161,54001,201,1.6
161,56001,201,1.6
161,58001,201,1.6
161,60001,201,1.6
161,62001,201,1.5
161,64001,201,1.4
161,65535,201,1.5
161,1,211,1.4
161,2001,211,1.5
161,4001,211,1.6
161,6001,211,1.6
161,8001,211,1.6
161,10001,211,1.6
161,12001,211,1.6
161,14001,211,1.6
161,16001,211,1.6
161,18001,211,1.6
161,20001,211,1.6
161,22001,211,1.4
161,24001,211,1.4
161,26001,211,1.5
161,28001,211,1.6
161,30001,211,1.6
161,32001,211,1.6
161,34001,211,1.6
161,36001,211,1.6
161,38001,211,1.6
161,40001,211,1.6
161,42001,211,1.6
161,44001,211,1.6
161,46001,211,1.6
161,48001,211,1.6
161,50001,211,1.6
161,52001,211,1.6
161,54001,211,1.6
161,56001,211,1.6
161,58001,211,1.6
161,60001,211,1.6
161,62001,211,1.5
161,64001,211,1.5
161,65535,211,1.4
161,1,221,1.4
161,2001,221,1.5
161,4001,221,1.6
161,6001,221,1.6
161,8001,221,1.6
161,10001,221,1.6
161,12001,221,1.6
161,14001,221,1.6
161,16001,221,1.6
161,18001,221,1.6
161,20001,221,1.6
161,22001,221,1.4
161,24001,221,1.4
161,26001,221,1.5
161,28001,221,1.5
161,30001,221,1.6
161,32001,221,1.6
161,34001,221,1.6
161,36001,221,1.6
161,38001,221,1.6
161,40001,221,1.6
161,42001,221,1.6
161,44001,221,1.6
161,46001,221,1.6
161,48001,221,1.6
161,50001,221,1.6
161,52001,221,1.6
161,54001,221,1.6
161,56001,221,1.6
161,58001,221,1.6
161,60001,221,1.5
161,62001,221,1.5
161,64001,221,1.4
161,65535,221,1.5
161,1,231,1.4
161,2001,231,1.4
161,4001,231,1.6
161,6001,231,1.6
161,8001,231,1.6
161,10001,231,1.6
161,12001,231,1.6
161,14001,231,1.6
161,16001,231,1.6
161,18001,231,1.6
161,20001,231,1.6
161,22001,231,1.4
161,24001,231,1.4
161,26001,231,1.5
161,28001,231,1.5
161,30001,231,1.6
161,32001,231,1.6
161,34001,231,1.6
161,36001,231,1.6
161,38001,231,1.6
161,40001,231,1.6
161,42001,231,1.6
161,44001,231,1.5
161,46001,231,1.6
161,48001,231,1.6
161,50001,231,1.6
161,52001,231,1.6
161,54001,231,1.6
161,56001,231,1.6
161,58001,231,1.6
161,60001,231,1.6
161,62001,231,1.5
161,64001,231,1.4
161,65535,231,1.4
161,1,241,1.4
161,2001,241,1.4
161,4001,241,1.4
161,6001,241,1.6
161,8001,241,1.6
161,10001,241,1.6
161,12001,241,1.6
161,14001,241,1.6
161,16001,241,1.6
161,18001,241,1.5
161,20001,241,1.5
161,22001,241,1.4
161,24001,241,1.4
161,26001,241,1.5
161,28001,241,1.5
161,30001,241,1.6
161,32001,241,1.6
161,34001,241,1.6
161,36001,241,1.6
161,38001,241,1.6
161,40001,241,1.6
161,42001,241,1.6
161,44001,241,1.5
161,46001,241,1.5
161,48001,241,1.6
161,50001,241,1.6
161,52001,241,1.6
161,54001,241,1.6
161,56001,241,1.6
161,58001,241,1.6
161,60001,241,1.5
161,62001,241,1.5
161,64001,241,1.4
161,65535,241,1.4
161,1,251,1.4
161,2001,251,1.4
161,4001,251,1.5
161,6001,251,1.6
161,8001,251,1.6
161,10001,251,1.6
161,12001,251,1.6
161,14001,251,1.6
161,16001,251,1.6
161,18001,251,1.5
161,20001,251,1.5
161,22001,251,1.4
161,24001,251,1.4
161,26001,251,1.4
161,28001,251,1.4
161,30001,251,1.6
161,32001,251,1.6
161,34001,251,1.6
161,36001,251,1.6
161,38001,251,1.6
161,40001,251,1.6
161,42001,251,1.6
161,44001,251,1.5
161,46001,251,1.5
161,48001,251,1.6
161,50001,251,1.6
161,52001,251,1.6
161,54001,251,1.6
161,56001,251,1.6
161,58001,251,1.6
161,60001,251,1.5
161,62001,251,1.5
161,64001,251,1.4
161,65535,251,1.4
161,1,254,1.4
161,2001,254,1.4
161,4001,254,1.4
161,6001,254,1.6
161,8001,254,1.6
161,10001,254,1.6
161,12001,254,1.6
161,14001,254,1.6
161,16001,254,1.6
161,18001,254,1.5
161,20001,254,1.4
161,22001,254,1.4
161,24001,254,1.4
161,26001,254,1.5
161,28001,254,1.4
161,30001,254,1.6
161,32001,254,1.6
161,34001,254,1.6
161,36001,254,1.6
161,38001,254,1.6
161,40001,254,1.6
161,42001,254,1.6
161,44001,254,1.5
161,46001,254,1.5
161,48001,254,1.6
161,50001,254,1.6
161,52001,254,1.6
161,54001,254,1.7
161,56001,254,1.6
161,58001,254,1.6
161,60001,254,1.5
161,62001,254,1.5
161,64001,254,1.4
161,65535,254,1.4
171,1,1,1.7
171,2001,1,1.8
171,4001,1,1.8
171,6001,1,1.8
171,8001,1,1.8
171,10001,1,1.8
171,12001,1,1.8
171,14001,1,1.8
171,16001,1,1.8
171,18001,1,1.8
171,20001,1,1.8
171,22001,1,1.8
171,24001,1,1.8
171,26001,1,1.8
171,28001,1,1.8
171,30001,1,1.8
171,32001,1,1.8
171,34001,1,1.8
171,36001,1,1.8
171,38001,1,1.8
171,40001,1,1.8
171,42001,1,1.8
171,44001,1,1.7
171,46001,1,1.8
171,48001,1,1.8
171,50001,1,1.8
171,52001,1,1.8
171,54001,1,1.8
171,56001,1,1.8
171,58001,1,1.8
171,60001,1,1.8
171,62001,1,1.8
171,64001,1,1.8
171,65535,1,1.8
171,1,11,1.8
171,2001,11,1.8
171,4001,11,1.8
171,6001,11,1.8
171,8001,11,1.8
171,10001,11,1.8
171,12001,11,1.8
171,14001,11,1.8
171,16001,11,1.8
171,18001,11,1.8
171,20001,11,1.8
171,22001,11,1.8
171,24001,11,1.8
171,26001,11,1.8
171,28001,11,1.8
171,30001,11,1.8
171,32001,11,1.8
171,34001,11,1.8
171,36001,11,1.8
171,38001,11,1.8
171,40001,11,1.8
171,42001,11,1.8
171,44001,11,1.8
171,46001,11,1.8
171,48001,11,1.8
171,50001,11,1.8
171,52001,11,1.8
171,54001,11,1.8
171,56001,11,1.7
171,58001,11,1.8
171,60001,11,1.8
171,62001,11,1.8
171,64001,11,1.8
171,65535,11,1.8
171,1,21,1.8
171,2001,21,1.8
171,4001,21,1.8
171,6001,21,1.8
171,8001,21,1.8
171,10001,21,1.8
171,12001,21,1.8
171,14001,21,1.8
171,16001,21,1.7
171,18001,21,1.8
171,20001,21,1.8
171,22001,21,1.8
171,24001,21,1.8
171,26001,21,1.8
171,28001,21,1.8
171,30001,21,1.8
171,32001,21,1.8
171,34001,21,1.8
171,36001,21,1.8
171,38001,21,1.8
171,40001,21,1.8
171,42001,21,1.8
171,44001,21,1.8
171,46001,21,1.8
171,48001,21,1.8
171,50001,21,1.8
171,52001,21,1.8
171,54001,21,1.8
171,56001,21,1.7
171,58001,21,1.8
171,60001,21,1.8
171,62001,21,1.8
171,64001,21,1.8
171,65535,21,1.8
171,1,31,1.8
171,2001,31,1.8
171,4001,31,1.8
171,6001,31,1.8
171,8001,31,1.8
171,10001,31,1.8
171,12001,31,1.8
171,14001,31,1.8
171,16001,31,1.8
171,18001,31,1.7
171,20001,31,1.8
171,22001,31,1.8
171,24001,31,1.8
171,26001,31,1.8
171,28001,31,1.8
171,30001,31,1.8
171,32001,31,1.8
171,34001,31,1.8
171,36001,31,1.8
171,38001,31,1.8
171,40001,31,1.8
171,42001,31,1.8
171,44001,31,1.8
171,46001,31,1.8
171,48001,31,1.8
171,50001,31,1.8
171,52001,31,1.8
171,54001,31,1.8
171,56001,31,1.8
171,58001,31,1.8
171,60001,31,1.8
171,62001,31,1.8
171,64001,31,1.8
171,65535,31,1.8
171,1,41,1.8
171,2001,41,1.7
171,4001,41,1.8
171,6001,41,1.7
171,8001,41,1.8
171,10001,41,1.8
171,12001,41,1.8
171,14001,41,1.8
171,16001,41,1.8
171,18001,41,1.8
171,20001,41,1.8
171,22001,41,1.8
171,24001,41,1.8
171,26001,41,1.7
171,28001,41,1.8
171,30001,41,1.8
171,32001,41,1.8
171,34001,41,1.8
171,36001,41,1.8
171,38001,41,1.8
171,40001,41,1.8
171,42001,41,1.8
171,44001,41,1.8
171,46001,41,1.8
171,48001,41,1.8
171,50001,41,1.8
171,52001,41,1.8
171,54001,41,1.7
171,56001,41,1.7
171,58001,41,1.7
171,60001,41,1.8
171,62001,41,1.8
171,64001,41,1.8
171,65535,41,1.8
171,1,51,1.8
171,2001,51,1.8
171,4001,51,1.8
171,6001,51,1.8
171,8001,51,1.7
171,10001,51,1.8
171,12001,51,1.8
171,14001,51,1.8
171,16001,51,1.8
171,18001,51,1.8
171,20001,51,1.7
171,22001,51,1.8
171,24001,51,1.8
171,26001,51,1.8
171,28001,51,1.8
171,30001,51,1.8
171,32001,51,1.8
171,34001,51,1.8
171,36001,51,1.8
171,38001,51,1.8
171,40001,51,1.8
171,42001,51,1.8
171,44001,51,1.8
171,46001,51,1.8
171,48001,51,1.8
171,50001,51,1.8
171,52001,51,1.8
171,54001,51,1.8
171,56001,51,1.8
171,58001,51,1.8
171,60001,51,1.8
171,62001,51,1.8
171,64001,51,1.8
171,65535,51,1.8
171,1,61,1.8
171,2001,61,1.8
171,4001,61,1.8
171,6001,61,1.8
171,8001,61,1.8
171,10001,61,1.8
171,12001,61,1.8
171,14001,61,1.8
171,16001,61,1.8
171,18001,61,1.8
171,20001,61,1.8
171,22001,61,1.8
171,24001,61,1.7
171,26001,61,1.8
171,28001,61,1.8
171,30001,61,1.8
171,32001,61,1.8
171,34001,61,1.8
171,36001,61,1.8
171,38001,61,1.8
171,40001,61,1.8
171,42001,61,1.7
171,44001,61,1.8
171,46001,61,1.8
171,48001,61,1.8
171,50001,61,1.8
171,52001,61,1.8
171,54001,61,1.8
171,56001,61,1.8
171,58001,61,1.8
171,60001,61,1.8
171,62001,61,1.8
171,64001,61,1.8
171,65535,61,1.8
171,1,71,1.7
171,2001,71,1.8
171,4001,71,1.8
171,6001,71,1.8
171,8001,71,1.7
171,10001,71,1.8
171,12001,71,1.8
171,14001,71,1.8
171,16001,71,1.8
171,18001,71,1.8
171,20001,71,1.8
171,22001,71,1.8
171,24001,71,1.8
171,26001,71,1.8
171,28001,71,1.8
171,30001,71,1.8
171,32001,71,1.8
171,34001,71,1.8
171,36001,71,1.8
171,38001,71,1.8
171,40001,71,1.8
171,42001,71,1.8
171,44001,71,1.8
171,46001,71,1.8
171,48001,71,1.8
171,50001,71,1.7
171,52001,71,1.8
171,54001,71,1.8
171,56001,71,1.8
171,58001,71,1.8
171,60001,71,1.8
171,62001,71,1.8
171,64001,71,1.8
171,65535,71,1.7
171,1,81,1.8
171,2001,81,1.8
171,4001,81,1.8
171,6001,81,1.8
171,8001,81,1.8
171,10001,81,1.8
171,12001,81,1.8
171,14001,81,1.8
171,16001,81,1.8
171,18001,81,1.8
171,20001,81,1.8
171,22001,81,1.8
171,24001,81,1.8
171,26001,81,1.8
171,28001,81,1.8
171,30001,81,1.8
171,32001,81,1.8
171,34001,81,1.8
171,36001,81,1.8
171,38001,81,1.8
171,40001,81,1.8
171,42001,81,1.8
171,44001,81,1.8
171,46001,81,1.8
171,48001,81,1.8
171,50001,81,1.8
171,52001,81,1.8
171,54001,81,1.8
171,56001,81,1.8
171,58001,81,1.8
171,60001,81,1.8
171,62001,81,1.8
171,64001,81,1.8
171,65535,81,1.8
171,1,91,1.8
171,2001,91,1.8
171,4001,91,1.8
171,6001,91,1.8
171,8001,91,1.8
171,10001,91,1.8
171,12001,91,1.8
171,14001,91,1.8
171,16001,91,1.8
171,18001,91,1.8
171,20001,91,1.8
171,22001,91,1.8
171,24001,91,1.8
171,26001,91,1.8
171,28001,91,1.8
171,30001,91,1.8
171,32001,91,1.8
171,34001,91,1.8
171,36001,91,1.8
171,38001,91,1.8
171,40001,91,1.8
171,42001,91,1.8
171,44001,91,1.8
171,46001,91,1.8
171,48001,91,1.8
171,50001,91,1.8
171,52001,91,1.8
171,54001,91,1.8
171,56001,91,1.8
171,58001,91,1.8
171,60001,91,1.8
171,62001,91,1.8
171,64001,91,1.7
171,65535,91,1.8
171,1,101,1.8
171,2001,101,1.8
171,4001,101,1.7
171,6001,101,1.8
171,8001,101,1.8
171,10001,101,1.7
171,12001,101,1.7
171,14001,101,1.7
171,16001,101,1.8
171,18001,101,1.8
171,20001,101,1.8
171,22001,101,1.7
171,24001,101,1.8
171,26001,101,1.8
171,28001,101,1.8
171,30001,101,1.8
171,32001,101,1.8
171,34001,101,1.8
171,36001,101,1.7
171,38001,101,1.8
171,40001,101,1.7
171,42001,101,1.8
171,44001,101,1.7
171,46001,101,1.8
171,48001,101,1.8
171,50001,101,1.8
171,52001,101,1.8
171,54001,101,1.8
171,56001,101,1.8
171,58001,101,1.7
171,60001,101,1.8
171,62001,101,1.7
171,64001,101,1.8
171,65535,101,1.8
171,1,111,1.8
171,2001,111,1.8
171,4001,111,1.8
171,6001,111,1.8
171,8001,111,1.8
171,10001,111,1.7
171,12001,111,1.8
171,14001,111,1.8
171,16001,111,1.8
171,18001,111,1.8
171,20001,111,1.7
171,22001,111,1.8
171,24001,111,1.8
171,26001,111,1.8
171,28001,111,1.8
171,30001,111,1.8
171,32001,111,1.8
171,34001,111,1.8
171,36001,111,1.8
171,38001,111,1.8
171,40001,111,1.8
171,42001,111,1.8
171,44001,111,1.8
171,46001,111,1.8
171,48001,111,1.8
171,50001,111,1.8
171,52001,111,1.8
171,54001,111,1.8
171,56001,111,1.7
171,58001,111,1.8
171,60001,111,1.8
171,62001,111,1.8
171,64001,111,1.7
171,65535,111,1.8
171,1,121,1.8
171,2001,121,1.8
171,4001,121,1.8
171,6001,121,1.8
171,8001,121,1.8
171,10001,121,1.8
171,12001,121,1.8
171,14001,121,1.8
171,16001,121,1.8
171,18001,121,1.8
171,20001,121,1.8
171,22001,121,1.8
171,24001,121,1.8
171,26001,121,1.8
171,28001,121,1.8
171,30001,121,1.8
171,32001,121,1.8
171,34001,121,1.8
171,36001,121,1.8
171,38001,121,1.8
171,40001,121,1.8
171,42001,121,1.8
171,44001,121,1.8
171,46001,121,1.8
171,48001,121,1.8
171,50001,121,1.8
171,52001,121,1.8
171,54001,121,1.8
171,56001,121,1.8
171,58001,121,1.8
171,60001,121,1.8
171,62001,121,1.8
171,64001,121,1.8
171,65535,121,1.8
171,1,131,1.8
171,2001,131,1.8
171,4001,131,1.8
171,6001,131,1.8
171,8001,131,1.8
171,10001,131,1.8
171,12001,131,1.8
171,14001,131,1.8
171,16001,131,1.8
171,18001,131,1.8
171,20001,131,1.8
171,22001,131,1.8
171,24001,131,1.8
171,26001,131,1.7
171,28001,131,1.8
171,30001,131,1.8
171,32001,131,1.7
171,34001,131,1.8
171,36001,131,1.8
171,38001,131,1.8
171,40001,131,1.7
171,42001,131,1.8
171,44001,131,1.8
171,46001,131,1.8
171,48001,131,1.8
171,50001,131,1.8
171,52001,131,1.8
171,54001,131,1.8
171,56001,131,1.8
171,58001,131,1.8
171,60001,131,1.8
171,62001,131,1.8
171,64001,131,1.7
171,65535,131,1.8
171,1,141,1.7
171,2001,141,1.8
171,4001,141,1.8
171,6001,141,1.8
171,8001,141,1.8
171,10001,141,1.8
171,12001,141,1.8
171,14001,141,1.7
171,16001,141,1.8
171,18001,141,1.8
171,20001,141,1.8
171,22001,141,1.7
171,24001,141,1.8
171,26001,141,1.8
171,28001,141,1.8
171,30001,141,1.8
171,32001,141,1.8
171,34001,141,1.7
171,36001,141,1.7
171,38001,141,1.8
171,40001,141,1.8
171,42001,141,1.8
171,44001,141,1.8
171,46001,141,1.8
171,48001,141,1.8
171,50001,141,1.8
171,52001,141,1.8
171,54001,141,1.8
171,56001,141,1.8
171,58001,141,1.8
171,60001,141,1.8
171,62001,141,1.8
171,64001,141,1.8
171,65535,141,1.7
171,1,151,1.7
171,2001,151,1.7
171,4001,151,1.8
171,6001,151,1.8
171,8001,151,1.8
171,10001,151,1.8
171,12001,151,1.8
171,14001,151,1.8
171,16001,151,1.8
171,18001,151,1.7
171,20001,151,1.8
171,22001,151,1.8
171,24001,151,1.7
171,26001,151,1.8
171,28001,151,1.7
171,30001,151,1.7
171,32001,151,1.7
171,34001,151,1.8
171,36001,151,1.8
171,38001,151,1.8
171,40001,151,1.8
171,42001,151,1.8
171,44001,151,1.8
171,46001,151,1.8
171,48001,151,1.8
171,50001,151,1.8
171,52001,151,1.8
171,54001,151,1.8
171,56001,151,1.8
171,58001,151,1.8
171,60001,151,1.8
171,62001,151,1.7
171,64001,151,1.8
171,65535,151,1.7
171,1,161,1.7
171,2001,161,1.7
171,4001,161,1.8
171,6001,161,1.8
171,8001,161,1.8
171,10001,161,1.8
171,12001,161,1.8
171,14001,161,1.8
171,16001,161,1.7
171,18001,161,1.8
171,20001,161,1.8
171,22001,161,1.8
171,24001,161,1.7
171,26001,161,1.7
171,28001,161,1.8
171,30001,161,1.7
171,32001,161,1.7
171,34001,161,1.8
171,36001,161,1.8
171,38001,161,1.8
171,40001,161,1.8
171,42001,161,1.8
171,44001,161,1.8
171,46001,161,1.8
171,48001,161,1.8
171,50001,161,1.8
171,52001,161,1.8
171,54001,161,1.8
171,56001,161,1.8
171,58001,161,1.8
171,60001,161,1.8
171,62001,161,1.7
171,64001,161,1.7
171,65535,161,1.7
171,1,171,1.6
171,2001,171,1.7
171,4001,171,1.7
171,6001,171,1.8
171,8001,171,1.7
171,10001,171,1.8
171,12001,171,1.8
171,14001,171,1.8
171,16001,171,1.8
171,18001,171,1.7
171,20001,171,1.8
171,22001,171,1.8
171,24001,171,1.7
171,26001,171,1.7
171,28001,171,1.8
171,30001,171,1.8
171,32001,171,1.8
171,34001,171,1.8
171,36001,171,1.8
171,38001,171,1.8
171,40001,171,1.8
171,42001,171,1.8
171,44001,171,1.8
171,46001,171,1.8
171,48001,171,1.8
171,50001,171,1.8
171,52001,171,1.8
171,54001,171,1.8
171,56001,171,1.8
171,58001,171,1.8
171,60001,171,1.8
171,62001,171,1.7
171,64001,171,1.7
171,65535,171,1.6
171,1,181,1.6
171,2001,181,1.6
171,4001,181,1.7
171,6001,181,1.8
171,8001,181,1.8
171,10001,181,1.8
171,12001,181,1.8
171,14001,181,1.7
171,16001,181,1.8
171,18001,181,1.8
171,20001,181,1.7
171,22001,181,1.7
171,24001,181,1.6
171,26001,181,1.7
171,28001,181,1.7
171,30001,181,1.7
171,32001,181,1.8
171,34001,181,1.8
171,36001,181,1.8
171,38001,181,1.8
171,40001,181,1.8
171,42001,181,1.8
171,44001,181,1.8
171,46001,181,1.8
171,48001,181,1.8
171,50001,181,1.7
171,52001,181,1.8
171,54001,181,1.8
171,56001,181,1.8
171,58001,181,1.8
171,60001,181,1.8
171,62001,181,1.7
171,64001,181,1.6
171,65535,181,1.6
171,1,191,1.6
171,2001,191,1.6
171,4001,191,1.7
171,6001,191,1.8
171,8001,191,1.8
171,10001,191,1.8
171,12001,191,1.8
171,14001,191,1.8
171,16001,191,1.7
171,18001,191,1.8
171,20001,191,1.7
171,22001,191,1.6
171,24001,191,1.6
171,26001,191,1.6
171,28001,191,1.7
171,30001,191,1.8
171,32001,191,1.8
171,34001,191,1.8
171,36001,191,1.8
171,38001,191,1.8
171,40001,191,1.8
171,42001,191,1.8
171,44001,191,1.8
171,46001,191,1.7
171,48001,191,1.8
171,50001,191,1.8
171,52001,191,1.8
171,54001,191,1.8
171,56001,191,1.8
171,58001,191,1.8
171,60001,191,1.8
171,62001,191,1.7
171,64001,191,1.6
171,65535,191,1.6
171,1,201,1.6
171,2001,201,1.6
171,4001,201,1.7
171,6001,201,1.7
171,8001,201,1.8
171,10001,201,1.8
171,12001,201,1.8
171,14001,201,1.8
171,16001,201,1.8
171,18001,201,1.8
171,20001,201,1.7
171,22001,201,1.6
171,24001,201,1.6
171,26001,201,1.6
171,28001,201,1.7
171,30001,201,1.7
171,32001,201,1.8
171,34001,201,1.8
171,36001,201,1.8
171,38001,201,1.8
171,40001,201,1.8
171,42001,201,1.8
171,44001,201,1.8
171,46001,201,1.8
171,48001,201,1.8
171,50001,201,1.8
171,52001,201,1.8
171,54001,201,1.8
171,56001,201,1.8
171,58001,201,1.8
171,60001,201,1.8
171,62001,201,1.6
171,64001,201,1.6
171,65535,201,1.5
171,1,211,1.5
171,2001,211,1.5
171,4001,211,1.7
171,6001,211,1.7
171,8001,211,1.8
171,10001,211,1.8
171,12001,211,1.8
171,14001,211,1.8
171,16001,211,1.8
171,18001,211,1.8
171,20001,211,1.6
171,22001,211,1.6
171,24001,211,1.6
171,26001,211,1.6
171,28001,211,1.6
171,30001,211,1.7
171,32001,211,1.8
171,34001,211,1.8
171,36001,211,1.8
171,38001,211,1.8
171,40001,211,1.8
171,42001,211,1.8
171,44001,211,1.8
171,46001,211,1.8
171,48001,211,1.8
171,50001,211,1.8
171,52001,211,1.8
171,54001,211,1.8
171,56001,211,1.8
171,58001,211,1.7
171,60001,211,1.8
171,62001,211,1.6
171,64001,211,1.6
171,65535,211,1.6
171,1,221,1.5
171,2001,221,1.5
171,4001,221,1.7
171,6001,221,1.7
171,8001,221,1.8
171,10001,221,1.7
171,12001,221,1.8
171,14001,221,1.8
171,16001,221,1.8
171,18001,221,1.8
171,20001,221,1.7
171,22001,221,1.6
171,24001,221,1.5
171,26001,221,1.6
171,28001,221,1.6
171,30001,221,1.7
171,32001,221,1.7
171,34001,221,1.8
171,36001,221,1.8
171,38001,221,1.8
171,40001,221,1.8
171,42001,221,1.8
171,44001,221,1.8
171,46001,221,1.8
171,48001,221,1.8
171,50001,221,1.8
171,52001,221,1.8
171,54001,221,1.8
171,56001,221,1.8
171,58001,221,1.7
171,60001,221,1.7
171,62001,221,1.6
171,64001,221,1.6
171,65535,221,1.5
171,1,231,1.5
171,2001,231,1.5
171,4001,231,1.6
171,6001,231,1.7
171,8001,231,1.8
171,10001,231,1.8
171,12001,231,1.8
171,14001,231,1.8
171,16001,231,1.8
171,18001,231,1.7
171,20001,231,1.6
171,22001,231,1.6
171,24001,231,1.6
171,26001,231,1.6
171,28001,231,1.6
171,30001,231,1.7
171,32001,231,1.7
171,34001,231,1.8
171,36001,231,1.8
171,38001,231,1.8
171,40001,231,1.8
171,42001,231,1.7
171,44001,231,1.6
171,46001,231,1.7
171,48001,231,1.7
171,50001,231,1.8
171,52001,231,1.8
171,54001,231,1.8
171,56001,231,1.8
171,58001,231,1.7
171,60001,231,1.6
171,62001,231,1.6
171,64001,231,1.6
171,65535,231,1.5
171,1,241,1.5
171,2001,241,1.5
171,4001,241,1.6
171,6001,241,1.7
171,8001,241,1.8
171,10001,241,1.7
171,12001,241,1.8
171,14001,241,1.8
171,16001,241,1.8
171,18001,241,1.8
171,20001,241,1.6
171,22001,241,1.6
171,24001,241,1.5
171,26001,241,1.5
171,28001,241,1.6
171,30001,241,1.7
171,32001,241,1.7
171,34001,241,1.8
171,36001,241,1.8
171,38001,241,1.8
171,40001,241,1.8
171,42001,241,1.7
171,44001,241,1.6
171,46001,241,1.7
171,48001,241,1.7
171,50001,241,1.8
171,52001,241,1.8
171,54001,241,1.8
171,56001,241,1.8
171,58001,241,1.7
171,60001,241,1.7
171,62001,241,1.6
171,64001,241,1.6
171,65535,241,1.5
171,1,251,1.5
171,2001,251,1.5
171,4001,251,1.6
171,6001,251,1.7
171,8001,251,1.8
171,10001,251,1.8
171,12001,251,1.8
171,14001,251,1.8
171,16001,251,1.8
171,18001,251,1.8
171,20001,251,1.6
171,22001,251,1.6
171,24001,251,1.5
171,26001,251,1.5
171,28001,251,1.6
171,30001,251,1.6
171,32001,251,1.7
171,34001,251,1.7
171,36001,251,1.8
171,38001,251,1.8
171,40001,251,1.8
171,42001,251,1.7
171,44001,251,1.6
171,46001,251,1.6
171,48001,251,1.8
171,50001,251,1.8
171,52001,251,1.8
171,54001,251,1.8
171,56001,251,1.8
171,58001,251,1.7
171,60001,251,1.7
171,62001,251,1.6
171,64001,251,1.6
171,65535,251,1.5
171,1,254,1.5
171,2001,254,1.5
171,4001,254,1.6
171,6001,254,1.7
171,8001,254,1.8
171,10001,254,1.8
171,12001,254,1.8
171,14001,254,1.8
171,16001,254,1.8
171,18001,254,1.8
171,20001,254,1.6
171,22001,254,1.6
171,24001,254,1.5
171,26001,254,1.5
171,28001,254,1.6
171,30001,254,1.7
171,32001,254,1.7
171,34001,254,1.8
171,36001,254,1.8
171,38001,254,1.8
171,40001,254,1.8
171,42001,254,1.8
171,44001,254,1.6
171,46001,254,1.6
171,48001,254,1.8
171,50001,254,1.7
171,52001,254,1.8
171,54001,254,1.8
171,56001,254,1.8
171,58001,254,1.7
171,60001,254,1.6
171,62001,254,1.5
171,64001,254,1.6
171,65535,254,1.5
181,1,1,1.9
181,2001,1,1.9
181,4001,1,1.9
181,6001,1,1.9
181,8001,1,1.9
181,10001,1,1.9
181,12001,1,1.9
181,14001,1,1.9
181,16001,1,1.9
181,18001,1,1.9
181,20001,1,1.9
181,22001,1,1.9
181,24001,1,1.9
181,26001,1,1.9
181,28001,1,1.9
181,30001,1,1.9
181,32001,1,1.9
181,34001,1,1.9
181,36001,1,1.9
181,38001,1,1.9
181,40001,1,1.9
181,42001,1,1.9
181,44001,1,1.9
181,46001,1,1.9
181,48001,1,1.9
181,50001,1,1.9
181,52001,1,1.9
181,54001,1,1.9
181,56001,1,1.9
181,58001,1,1.9
181,60001,1,1.9
181,62001,1,1.9
181,64001,1,1.9
181,65535,1,1.9
181,1,11,1.9
181,2001,11,1.9
181,4001,11,1.9
181,6001,11,1.9
181,8001,11,1.9
181,10001,11,1.9
181,12001,11,1.9
181,14001,11,1.9
181,16001,11,1.9
181,18001,11,1.9
181,20001,11,1.9
181,22001,11,1.9
181,24001,11,1.9
181,26001,11,1.9
181,28001,11,1.9
181,30001,11,1.9
181,32001,11,1.9
181,34001,11,1.9
181,36001,11,1.9
181,38001,11,1.9
181,40001,11,1.9
181,42001,11,1.9
181,44001,11,1.9
181,46001,11,1.9
181,48001,11,1.9
181,50001,11,1.9
181,52001,11,1.9
181,54001,11,1.9
181,56001,11,1.9
181,58001,11,1.9
181,60001,11,1.9
181,62001,11,1.9
181,64001,11,1.9
181,65535,11,1.9
181,1,21,1.9
181,2001,21,1.9
181,4001,21,1.9
181,6001,21,1.9
181,8001,21,1.9
181,10001,21,1.9
181,12001,21,1.9
181,14001,21,1.9
181,16001,21,1.9
181,18001,21,1.9
181,20001,21,1.9
181,22001,21,1.9
181,24001,21,1.9
181,26001,21,1.9
181,28001,21,1.9
181,30001,21,1.9
181,32001,21,1.9
181,34001,21,1.9
181,36001,21,1.9
181,38001,21,1.9
181,40001,21,1.9
181,42001,21,1.9
181,44001,21,1.9
181,46001,21,1.9
181,48001,21,1.9
181,50001,21,1.9
181,52001,21,1.9
181,54001,21,1.9
181,56001,21,1.9
181,58001,21,1.9
181,60001,21,1.9
181,62001,21,1.9
181,64001,21,1.9
181,65535,21,1.9
181,1,31,1.9
181,2001,31,1.9
181,4001,31,1.9
181,6001,31,1.9
181,8001,31,1.9
181,10001,31,1.9
181,12001,31,1.9
181,14001,31,1.9
181,16001,31,1.9
181,18001,31,1.9
181,20001,31,1.9
181,22001,31,1.9
181,24001,31,1.9
181,26001,31,1.9
181,28001,31,1.9
181,30001,31,1.9
181,32001,31,1.9
181,34001,31,1.9
181,36001,31,1.9
181,38001,31,1.9
181,40001,31,1.9
181,42001,31,1.9
181,44001,31,1.9
181,46001,31,1.9
181,48001,31,1.9
181,50001,31,1.9
181,52001,31,1.9
181,54001,31,1.9
181,56001,31,1.9
181,58001,31,1.9
181,60001,31,1.9
181,62001,31,1.9
181,64001,31,1.9
181,65535,31,1.9
181,1,41,1.9
181,2001,41,1.9
181,4001,41,1.9
181,6001,41,1.9
181,8001,41,1.9
181,10001,41,1.9
181,12001,41,1.9
181,14001,41,1.9
181,16001,41,1.9
181,18001,41,1.9
181,20001,41,1.9
181,22001,41,1.9
181,24001,41,1.9
181,26001,41,1.9
181,28001,41,1.9
181,30001,41,1.9
181,32001,41,1.9
181,34001,41,1.9
181,36001,41,1.9
181,38001,41,1.9
181,40001,41,1.9
181,42001,41,1.9
181,44001,41,1.9
181,46001,41,1.9
181,48001,41,1.9
181,50001,41,1.9
181,52001,41,1.9
181,54001,41,1.9
181,56001,41,1.9
181,58001,41,1.9
181,60001,41,1.9
181,62001,41,1.9
181,64001,41,1.9
181,65535,41,1.9
181,1,51,1.9
181,2001,51,1.9
181,4001,51,1.9
181,6001,51,1.9
181,8001,51,1.9
181,10001,51,1.9
181,12001,51,1.9
181,14001,51,1.9
181,16001,51,1.9
181,18001,51,1.9
181,20001,51,1.9
181,22001,51,1.9
181,24001,51,1.9
181,26001,51,1.9
181,28001,51,1.9
181,30001,51,1.9
181,32001,51,1.9
181,34001,51,1.9
181,36001,51,1.9
181,38001,51,1.9
181,40001,51,1.9
181,42001,51,1.9
181,44001,51,1.9
181,46001,51,1.9
181,48001,51,1.9
181,50001,51,1.9
181,52001,51,1.9
181,54001,51,1.9
181,56001,51,1.9
181,58001,51,1.9
181,60001,51,1.9
181,62001,51,1.9
181,64001,51,1.9
181,65535,51,1.9
181,1,61,1.9
181,2001,61,1.9
181,4001,61,1.9
181,6001,61,1.9
181,8001,61,1.9
181,10001,61,1.9
181,12001,61,1.9
181,14001,61,1.9
181,16001,61,1.9
181,18001,61,1.9
181,20001,61,1.9
181,22001,61,1.9
181,24001,61,1.9
181,26001,61,1.9
181,28001,61,1.9
181,30001,61,1.9
181,32001,61,1.9
181,34001,61,1.9
181,36001,61,1.9
181,38001,61,1.9
181,40001,61,1.9
181,42001,61,1.9
181,44001,61,1.9
181,46001,61,1.9
181,48001,61,1.9
181,50001,61,1.9
181,52001,61,1.9
181,54001,61,1.9
181,56001,61,1.9
181,58001,61,1.9
181,60001,61,1.9
181,62001,61,1.9
181,64001,61,1.9
181,65535,61,1.9
181,1,71,1.9
181,2001,71,1.9
181,4001,71,1.9
181,6001,71,1.9
181,8001,71,1.9
181,10001,71,1.9
181,12001,71,1.9
181,14001,71,1.9
181,16001,71,1.9
181,18001,71,1.9
181,20001,71,1.9
181,22001,71,1.9
181,24001,71,1.9
181,26001,71,1.9
181,28001,71,1.9
181,30001,71,1.9
181,32001,71,1.9
181,34001,71,1.9
181,36001,71,1.9
181,38001,71,1.9
181,40001,71,1.9
181,42001,71,1.9
181,44001,71,1.9
181,46001,71,1.9
181,48001,71,1.9
181,50001,71,1.9
181,52001,71,1.9
181,54001,71,1.9
181,56001,71,1.9
181,58001,71,1.9
181,60001,71,1.9
181,62001,71,1.9
181,64001,71,1.9
181,65535,71,1.9
181,1,81,1.9
181,2001,81,1.9
181,4001,81,1.9
181,6001,81,1.9
181,8001,81,1.9
181,10001,81,1.9
181,12001,81,1.9
181,14001,81,1.9
181,16001,81,1.9
181,18001,81,1.9
181,20001,81,1.9
181,22001,81,1.9
181,24001,81,1.9
181,26001,81,1.9
181,28001,81,1.9
181,30001,81,1.9
181,32001,81,1.9
181,34001,81,1.9
181,36001,81,1.9
181,38001,81,1.9
181,40001,81,1.9
181,42001,81,1.9
181,44001,81,1.9
181,46001,81,1.9
181,48001,81,1.9
181,50001,81,1.9
181,52001,81,1.9
181,54001,81,1.9
181,56001,81,1.9
181,58001,81,1.9
181,60001,81,1.9
181,62001,81,1.9
181,64001,81,1.9
181,65535,81,1.9
181,1,91,1.9
181,2001,91,1.9
181,4001,91,1.9
181,6001,91,1.9
181,8001,91,1.9
181,10001,91,1.9
181,12001,91,1.9
181,14001,91,1.9
181,16001,91,1.9
181,18001,91,1.9
181,20001,91,1.9
181,22001,91,1.9
181,24001,91,1.9
181,26001,91,1.9
181,28001,91,1.9
181,30001,91,1.9
181,32001,91,1.9
181,34001,91,1.9
181,36001,91,1.9
181,38001,91,1.9
181,40001,91,1.9
181,42001,91,1.9
181,44001,91,1.9
181,46001,91,1.9
181,48001,91,1.9
181,50001,91,1.9
181,52001,91,1.9
181,54001,91,1.9
181,56001,91,1.9
181,58001,91,1.9
181,60001,91,1.9
181,62001,91,1.9
181,64001,91,1.9
181,65535,91,1.9
181,1,101,1.9
181,2001,101,1.9
181,4001,101,1.9
181,6001,101,1.9
181,8001,101,1.9
181,10001,101,1.9
181,12001,101,1.9
181,14001,101,1.9
181,16001,101,1.9
181,18001,101,1.9
181,20001,101,1.9
181,22001,101,1.9
181,24001,101,1.9
181,26001,101,1.9
181,28001,101,1.9
181,30001,101,1.9
181,32001,101,1.9
181,34001,101,1.9
181,36001,101,1.9
181,38001,101,1.9
181,40001,101,1.9
181,42001,101,1.9
181,44001,101,1.9
181,46001,101,1.9
181,48001,101,1.9
181,50001,101,1.9
181,52001,101,1.9
181,54001,101,1.9
181,56001,101,1.9
181,58001,101,1.9
181,60001,101,1.9
181,62001,101,1.9
181,64001,101,1.9
181,65535,101,1.9
181,1,111,1.9
181,2001,111,1.9
181,4001,111,1.9
181,6001,111,1.9
181,8001,111,1.9
181,10001,111,1.9
181,12001,111,1.9
181,14001,111,1.9
181,16001,111,1.9
181,18001,111,1.9
181,20001,111,1.9
181,22001,111,1.9
181,24001,111,1.9
181,26001,111,1.9
181,28001,111,1.9
181,30001,111,1.9
181,32001,111,1.9
181,34001,111,1.9
181,36001,111,1.9
181,38001,111,1.9
181,40001,111,1.9
181,42001,111,1.9
181,44001,111,1.9
181,46001,111,1.9
181,48001,111,1.9
181,50001,111,1.9
181,52001,111,1.9
181,54001,111,1.9
181,56001,111,1.9
181,58001,111,1.9
181,60001,111,1.9
181,62001,111,1.9
181,64001,111,1.9
181,65535,111,1.9
181,1,121,1.9
181,2001,121,1.9
181,4001,121,1.9
181,6001,121,1.9
181,8001,121,1.9
181,10001,121,1.9
181,12001,121,1.9
181,14001,121,1.9
181,16001,121,1.9
181,18001,121,1.9
181,20001,121,1.9
181,22001,121,1.9
181,24001,121,1.9
181,26001,121,1.9
181,28001,121,1.9
181,30001,121,1.9
181,32001,121,1.9
181,34001,121,1.9
181,36001,121,1.9
181,38001,121,1.9
181,40001,121,1.9
181,42001,121,1.9
181,44001,121,1.9
181,46001,121,1.9
181,48001,121,1.9
181,50001,121,1.9
181,52001,121,1.9
181,54001,121,1.9
181,56001,121,1.9
181,58001,121,1.9
181,60001,121,1.9
181,62001,121,1.9
181,64001,121,1.9
181,65535,121,1.9
181,1,131,1.9
181,2001,131,1.9
181,4001,131,1.9
181,6001,131,1.9
181,8001,131,1.9
181,10001,131,1.9
181,12001,131,1.9
181,14001,131,1.9
181,16001,131,1.9
181,18001,131,1.9
181,20001,131,1.9
181,22001,131,1.9
181,24001,131,1.9
181,26001,131,1.9
181,28001,131,1.9
181,30001,131,1.9
181,32001,131,1.9
181,34001,131,1.9
181,36001,131,1.9
181,38001,131,1.9
181,40001,131,1.9
181,42001,131,1.9
181,44001,131,1.9
181,46001,131,1.9
181,48001,131,1.9
181,50001,131,1.9
181,52001,131,1.9
181,54001,131,1.9
181,56001,131,1.9
181,58001,131,1.9
181,60001,131,1.9
181,62001,131,1.9
181,64001,131,1.9
181,65535,131,1.9
181,1,141,1.9
181,2001,141,1.9
181,4001,141,1.9
181,6001,141,1.9
181,8001,141,1.9
181,10001,141,1.9
181,12001,141,1.9
181,14001,141,1.9
181,16001,141,1.9
181,18001,141,1.9
181,20001,141,1.9
181,22001,141,1.9
181,24001,141,1.9
181,26001,141,1.9
181,28001,141,1.9
181,30001,141,1.9
181,32001,141,1.9
181,34001,141,1.9
181,36001,141,1.9
181,38001,141,1.9
181,40001,141,1.9
181,42001,141,1.9
181,44001,141,1.9
181,46001,141,1.9
181,48001,141,1.9
181,50001,141,1.9
181,52001,141,1.9
181,54001,141,1.9
181,56001,141,1.9
181,58001,141,1.9
181,60001,141,1.9
181,62001,141,1.9
181,64001,141,1.9
181,65535,141,1.9
181,1,151,1.8
181,2001,151,1.9
181,4001,151,1.9
181,6001,151,1.9
181,8001,151,1.9
181,10001,151,1.9
181,12001,151,1.9
181,14001,151,1.9
181,16001,151,1.9
181,18001,151,1.9
181,20001,151,1.9
181,22001,151,1.9
181,24001,151,1.9
181,26001,151,1.9
181,28001,151,1.9
181,30001,151,1.9
181,32001,151,1.9
181,34001,151,1.9
181,36001,151,1.9
181,38001,151,1.9
181,40001,151,1.9
181,42001,151,1.9
181,44001,151,1.9
181,46001,151,1.9
181,48001,151,1.9
181,50001,151,1.9
181,52001,151,1.9
181,54001,151,1.9
181,56001,151,1.9
181,58001,151,1.9
181,60001,151,1.9
181,62001,151,1.9
181,64001,151,1.9
181,65535,151,1.9
181,1,161,1.8
181,2001,161,1.9
181,4001,161,1.9
181,6001,161,1.9
181,8001,161,1.9
181,10001,161,1.9
181,12001,161,1.9
181,14001,161,1.9
181,16001,161,1.9
181,18001,161,1.9
181,20001,161,1.9
181,22001,161,1.9
181,24001,161,1.9
181,26001,161,1.9
181,28001,161,1.9
181,30001,161,1.9
181,32001,161,1.9
181,34001,161,1.9
181,36001,161,1.9
181,38001,161,1.9
181,40001,161,1.9
181,42001,161,1.9
181,44001,161,1.9
181,46001,161,1.9
181,48001,161,1.9
181,50001,161,1.9
181,52001,161,1.9
181,54001,161,1.9
181,56001,161,1.9
181,58001,161,1.9
181,60001,161,1.9
181,62001,161,1.9
181,64001,161,1.9
181,65535,161,1.8
181,1,171,1.8
181,2001,171,1.8
181,4001,171,1.9
181,6001,171,1.9
181,8001,171,1.9
181,10001,171,1.9
181,12001,171,1.9
181,14001,171,1.9
181,16001,171,1.9
181,18001,171,1.9
181,20001,171,1.9
181,22001,171,1.9
181,24001,171,1.8
181,26001,171,1.9
181,28001,171,1.9
181,30001,171,1.9
181,32001,171,1.9
181,34001,171,1.9
181,36001,171,1.9
181,38001,171,1.9
181,40001,171,1.9
181,42001,171,1.9
181,44001,171,1.9
181,46001,171,1.9
181,48001,171,1.9
181,50001,171,1.9
181,52001,171,1.9
181,54001,171,1.9
181,56001,171,1.9
181,58001,171,1.9
181,60001,171,1.9
181,62001,171,1.9
181,64001,171,1.8
181,65535,171,1.8
181,1,181,1.7
181,2001,181,1.8
181,4001,181,1.9
181,6001,181,1.9
181,8001,181,1.9
181,10001,181,1.9
181,12001,181,1.9
181,14001,181,1.9
181,16001,181,1.9
181,18001,181,1.9
181,20001,181,1.9
181,22001,181,1.8
181,24001,181,1.8
181,26001,181,1.8
181,28001,181,1.9
181,30001,181,1.9
181,32001,181,1.9
181,34001,181,1.9
181,36001,181,1.9
181,38001,181,1.9
181,40001,181,1.9
181,42001,181,1.9
181,44001,181,1.9
181,46001,181,1.9
181,48001,181,1.9
181,50001,181,1.9
181,52001,181,1.9
181,54001,181,1.9
181,56001,181,1.9
181,58001,181,1.9
181,60001,181,1.9
181,62001,181,1.9
181,64001,181,1.8
181,65535,181,1.8
181,1,191,1.7
181,2001,191,1.8
181,4001,191,1.9
181,6001,191,1.9
181,8001,191,1.9
181,10001,191,1.9
181,12001,191,1.9
181,14001,191,1.9
181,16001,191,1.9
181,18001,191,1.9
181,20001,191,1.9
181,22001,191,1.8
181,24001,191,1.7
181,26001,191,1.8
181,28001,191,1.8
181,30001,191,1.9
181,32001,191,1.9
181,34001,191,1.9
181,36001,191,1.9
181,38001,191,1.9
181,40001,191,1.9
181,42001,191,1.9
181,44001,191,1.9
181,46001,191,1.9
181,48001,191,1.9
181,50001,191,1.9
181,52001,191,1.9
181,54001,191,1.9
181,56001,191,1.9
181,58001,191,1.9
181,60001,191,1.9
181,62001,191,1.8
181,64001,191,1.8
181,65535,191,1.7
181,1,201,1.7
181,2001,201,1.7
181,4001,201,1.8
181,6001,201,1.9
181,8001,201,1.9
181,10001,201,1.9
181,12001,201,1.9
181,14001,201,1.9
181,16001,201,1.9
181,18001,201,1.9
181,20001,201,1.8
181,22001,201,1.8
181,24001,201,1.7
181,26001,201,1.7
181,28001,201,1.8
181,30001,201,1.9
181,32001,201,1.9
181,34001,201,1.9
181,36001,201,1.9
181,38001,201,1.9
181,40001,201,1.9
181,42001,201,1.9
181,44001,201,1.9
181,46001,201,1.9
181,48001,201,1.9
181,50001,201,1.9
181,52001,201,1.9
181,54001,201,1.9
181,56001,201,1.9
181,58001,201,1.9
181,60001,201,1.8
181,62001,201,1.8
181,64001,201,1.7
181,65535,201,1.7
181,1,211,1.7
181,2001,211,1.7
181,4001,211,1.8
181,6001,211,1.9
181,8001,211,1.9
181,10001,211,1.9
181,12001,211,1.9
181,14001,211,1.9
181,16001,211,1.9
181,18001,211,1.9
181,20001,211,1.8
181,22001,211,1.8
181,24001,211,1.7
181,26001,211,1.7
181,28001,211,1.8
181,30001,211,1.9
181,32001,211,1.9
181,34001,211,1.9
181,36001,211,1.9
181,38001,211,1.9
181,40001,211,1.9
181,42001,211,1.9
181,44001,211,1.9
181,46001,211,1.8
181,48001,211,1.9
181,50001,211,1.9
181,52001,211,1.9
181,54001,211,1.9
181,56001,211,1.9
181,58001,211,1.9
181,60001,211,1.8
181,62001,211,1.8
181,64001,211,1.7
181,65535,211,1.7
181,1,221,1.7
181,2001,221,1.7
181,4001,221,1.8
181,6001,221,1.9
181,8001,221,1.9
181,10001,221,1.9
181,12001,221,1.9
181,14001,221,1.9
181,16001,221,1.9
181,18001,221,1.9
181,20001,221,1.8
181,22001,221,1.8
181,24001,221,1.7
181,26001,221,1.7
181,28001,221,1.7
181,30001,221,1.9
181,32001,221,1.9
181,34001,221,1.9
181,36001,221,1.9
181,38001,221,1.9
181,40001,221,1.9
181,42001,221,1.9
181,44001,221,1.9
181,46001,221,1.8
181,48001,221,1.9
181,50001,221,1.9
181,52001,221,1.9
181,54001,221,1.9
181,56001,221,1.9
181,58001,221,1.9
181,60001,221,1.8
181,62001,221,1.8
181,64001,221,1.7
181,65535,221,1.7
181,1,231,1.7
181,2001,231,1.7
181,4001,231,1.7
181,6001,231,1.9
181,8001,231,1.9
181,10001,231,1.9
181,12001,231,1.9
181,14001,231,1.9
181,16001,231,1.9
181,18001,231,1.9
181,20001,231,1.7
181,22001,231,1.7
181,24001,231,1.7
181,26001,231,1.7
181,28001,231,1.7
181,30001,231,1.9
181,32001,231,1.9
181,34001,231,1.9
181,36001,231,1.9
181,38001,231,1.9
181,40001,231,1.9
181,42001,231,1.9
181,44001,231,1.8
181,46001,231,1.9
181,48001,231,1.9
181,50001,231,1.9
181,52001,231,1.9
181,54001,231,1.9
181,56001,231,1.9
181,58001,231,1.9
181,60001,231,1.8
181,62001,231,1.7
181,64001,231,1.7
181,65535,231,1.7
181,1,241,1.7
181,2001,241,1.7
181,4001,241,1.8
181,6001,241,1.9
181,8001,241,1.9
181,10001,241,1.9
181,12001,241,1.9
181,14001,241,1.9
181,16001,241,1.9
181,18001,241,1.8
181,20001,241,1.7
181,22001,241,1.7
181,24001,241,1.7
181,26001,241,1.7
181,28001,241,1.7
181,30001,241,1.9
181,32001,241,1.9
181,34001,241,1.9
181,36001,241,1.9
181,38001,241,1.9
181,40001,241,1.9
181,42001,241,1.9
181,44001,241,1.7
181,46001,241,1.7
181,48001,241,1.9
181,50001,241,1.9
181,52001,241,1.9
181,54001,241,1.9
181,56001,241,1.9
181,58001,241,1.9
181,60001,241,1.7
181,62001,241,1.7
181,64001,241,1.7
181,65535,241,1.6
181,1,251,1.7
181,2001,251,1.7
181,4001,251,1.8
181,6001,251,1.9
181,8001,251,1.9
181,10001,251,1.9
181,12001,251,1.9
181,14001,251,1.9
181,16001,251,1.9
181,18001,251,1.9
181,20001,251,1.8
181,22001,251,1.7
181,24001,251,1.6
181,26001,251,1.6
181,28001,251,1.8
181,30001,251,1.8
181,32001,251,1.9
181,34001,251,1.9
181,36001,251,1.9
181,38001,251,1.9
181,40001,251,1.9
181,42001,251,1.8
181,44001,251,1.8
181,46001,251,1.7
181,48001,251,1.9
181,50001,251,1.9
181,52001,251,1.9
181,54001,251,1.9
181,56001,251,1.9
181,58001,251,1.8
181,60001,251,1.8
181,62001,251,1.7
181,64001,251,1.7
181,65535,251,1.7
181,1,254,1.6
181,2001,254,1.7
181,4001,254,1.7
181,6001,254,1.8
181,8001,254,1.9
181,10001,254,1.9
181,12001,254,1.9
181,14001,254,1.9
181,16001,254,1.9
181,18001,254,1.8
181,20001,254,1.8
181,22001,254,1.7
181,24001,254,1.7
181,26001,254,1.7
181,28001,254,1.8
181,30001,254,1.8
181,32001,254,1.9
181,34001,254,1.9
181,36001,254,1.9
181,38001,254,1.9
181,40001,254,1.9
181,42001,254,1.9
181,44001,254,1.7
181,46001,254,1.7
181,48001,254,1.9
181,50001,254,1.9
181,52001,254,1.9
181,54001,254,1.9
181,56001,254,1.9
181,58001,254,1.8
181,60001,254,1.7
181,62001,254,1.7
181,64001,254,1.7
181,65535,254,1.7
191,1,1,2.1
191,2001,1,2.1
191,4001,1,2.1
191,6001,1,2.1
191,8001,1,2.1
191,10001,1,2.1
191,12001,1,2.1
191,14001,1,2.1
191,16001,1,2.1
191,18001,1,2.1
191,20001,1,2.1
191,22001,1,2.1
191,24001,1,2.1
191,26001,1,2.1
191,28001,1,2.1
191,30001,1,2.1
191,32001,1,2.1
191,34001,1,2.1
191,36001,1,2.1
191,38001,1,2.1
191,40001,1,2.1
191,42001,1,2.1
191,44001,1,2.1
191,46001,1,2.1
191,48001,1,2.1
191,50001,1,2.1
191,52001,1,2.1
191,54001,1,2.1
191,56001,1,2.1
191,58001,1,2.1
191,60001,1,2.1
191,62001,1,2.1
191,64001,1,2.1
191,65535,1,2.1
191,1,11,2.0
191,2001,11,2.1
191,4001,11,2.1
191,6001,11,2.1
191,8001,11,2.1
191,10001,11,2.1
191,12001,11,2.1
191,14001,11,2.1
191,16001,11,2.1
191,18001,11,2.1
191,20001,11,2.1
191,22001,11,2.1
191,24001,11,2.1
191,26001,11,2.1
191,28001,11,2.1
191,30001,11,2.1
191,32001,11,2.1
191,34001,11,2.1
191,36001,11,2.1
191,38001,11,2.1
191,40001,11,2.1
191,42001,11,2.1
191,44001,11,2.1
191,46001,11,2.1
191,48001,11,2.1
191,50001,11,2.1
191,52001,11,2.1
191,54001,11,2.1
191,56001,11,2.1
191,58001,11,2.1
191,60001,11,2.1
191,62001,11,2.1
191,64001,11,2.1
191,65535,11,2.1
191,1,21,2.1
191,2001,21,2.1
191,4001,21,2.1
191,6001,21,2.1
191,8001,21,2.1
191,10001,21,2.1
191,12001,21,2.1
191,14001,21,2.1
191,16001,21,2.1
191,18001,21,2.1
191,20001,21,2.1
191,22001,21,2.1
191,24001,21,2.1
191,26001,21,2.1
191,28001,21,2.1
191,30001,21,2.1
191,32001,21,2.1
191,34001,21,2.1
191,36001,21,2.1
191,38001,21,2.1
191,40001,21,2.1
191,42001,21,2.1
191,44001,21,2.1
191,46001,21,2.1
191,48001,21,2.1
191,50001,21,2.1
191,52001,21,2.1
191,54001,21,2.1
191,56001,21,2.1
191,58001,21,2.1
191,60001,21,2.1
191,62001,21,2.0
191,64001,21,2.1
191,65535,21,2.1
191,1,31,2.1
191,2001,31,2.1
191,4001,31,2.1
191,6001,31,2.1
191,8001,31,2.1
191,10001,31,2.1
191,12001,31,2.1
191,14001,31,2.1
191,16001,31,2.1
191,18001,31,2.1
191,20001,31,2.1
191,22001,31,2.1
191,24001,31,2.1
191,26001,31,2.1
191,28001,31,2.1
191,30001,31,2.1
191,32001,31,2.1
191,34001,31,2.1
191,36001,31,2.1
191,38001,31,2.1
191,40001,31,2.1
191,42001,31,2.1
191,44001,31,2.1
191,46001,31,2.1
191,48001,31,2.1
191,50001,31,2.1
191,52001,31,2.1
191,54001,31,2.1
191,56001,31,2.1
191,58001,31,2.1
191,60001,31,2.1
191,62001,31,2.1
191,64001,31,2.1
191,65535,31,2.1
191,1,41,2.1
191,2001,41,2.1
191,4001,41,2.1
191,6001,41,2.1
191,8001,41,2.1
191,10001,41,2.1
191,12001,41,2.1
191,14001,41,2.1
191,16001,41,2.1
191,18001,41,2.1
191,20001,41,2.1
191,22001,41,2.1
191,24001,41,2.1
191,26001,41,2.1
191,28001,41,2.1
191,30001,41,2.1
191,32001,41,2.1
191,34001,41,2.1
191,36001,41,2.1
191,38001,41,2.1
191,40001,41,2.1
191,42001,41,2.1
191,44001,41,2.1
191,46001,41,2.1
191,48001,41,2.1
191,50001,41,2.1
191,52001,41,2.1
191,54001,41,2.1
191,56001,41,2.1
191,58001,41,2.1
191,60001,41,2.1
191,62001,41,2.1
191,64001,41,2.1
191,65535,41,2.1
191,1,51,2.1
191,2001,51,2.1
191,4001,51,2.1
191,6001,51,2.1
191,8001,51,2.1
191,10001,51,2.1
191,12001,51,2.1
191,14001,51,2.1
191,16001,51,2.1
191,18001,51,2.1
191,20001,51,2.1
191,22001,51,2.1
191,24001,51,2.1
191,26001,51,2.1
191,28001,51,2.1
191,30001,51,2.1
191,32001,51,2.1
191,34001,51,2.1
191,36001,51,2.1
191,38001,51,2.1
191,40001,51,2.1
191,42001,51,2.1
191,44001,51,2.1
191,46001,51,2.1
191,48001,51,2.1
191,50001,51,2.1
191,52001,51,2.1
191,54001,51,2.1
191,56001,51,2.1
191,58001,51,2.1
191,60001,51,2.1
191,62001,51,2.1
191,64001,51,2.1
191,65535,51,2.1
191,1,61,2.1
191,2001,61,2.1
191,4001,61,2.1
191,6001,61,2.1
191,8001,61,2.1
191,10001,61,2.1
191,12001,61,2.1
191,14001,61,2.1
191,16001,61,2.1
191,18001,61,2.1
191,20001,61,2.1
191,22001,61,2.1
191,24001,61,2.1
191,26001,61,2.1
191,28001,61,2.1
191,30001,61,2.1
191,32001,61,2.1
191,34001,61,2.1
191,36001,61,2.1
191,38001,61,2.1
191,40001,61,2.1
191,42001,61,2.1
191,44001,61,2.1
191,46001,61,2.1
191,48001,61,2.1
191,50001,61,2.1
191,52001,61,2.1
191,54001,61,2.1
191,56001,61,2.1
191,58001,61,2.1
191,60001,61,2.1
191,62001,61,2.1
191,64001,61,2.1
191,65535,61,2.1
191,1,71,2.1
191,2001,71,2.1
191,4001,71,2.1
191,6001,71,2.1
191,8001,71,2.1
191,10001,71,2.1
191,12001,71,2.1
191,14001,71,2.1
191,16001,71,2.1
191,18001,71,2.1
191,20001,71,2.1
191,22001,71,2.1
191,24001,71,2.1
191,26001,71,2.1
191,28001,71,2.0
191,30001,71,2.1
191,32001,71,2.1
191,34001,71,2.1
191,36001,71,2.1
191,38001,71,2.1
191,40001,71,2.1
191,42001,71,2.1
191,44001,71,2.1
191,46001,71,2.1
191,48001,71,2.1
191,50001,71,2.1
191,52001,71,2.1
191,54001,71,2.1
191,56001,71,2.1
191,58001,71,2.1
191,60001,71,2.1
191,62001,71,2.1
191,64001,71,2.1
191,65535,71,2.1
191,1,81,2.1
191,2001,81,2.1
191,4001,81,2.1
191,6001,81,2.1
191,8001,81,2.1
191,10001,81,2.1
191,12001,81,2.1
191,14001,81,2.1
191,16001,81,2.1
191,18001,81,2.1
191,20001,81,2.1
191,22001,81,2.0
191,24001,81,2.1
191,26001,81,2.1
191,28001,81,2.1
191,30001,81,2.1
191,32001,81,2.1
191,34001,81,2.1
191,36001,81,2.1
191,38001,81,2.1
191,40001,81,2.1
191,42001,81,2.1
191,44001,81,2.1
191,46001,81,2.1
191,48001,81,2.1
191,50001,81,2.1
191,52001,81,2.1
191,54001,81,2.1
191,56001,81,2.1
191,58001,81,2.1
191,60001,81,2.1
191,62001,81,2.1
191,64001,81,2.1
191,65535,81,2.1
191,1,91,2.1
191,2001,91,2.1
191,4001,91,2.1
191,6001,91,2.1
191,8001,91,2.1
191,10001,91,2.1
191,12001,91,2.1
191,14001,91,2.1
191,16001,91,2.1
191,18001,91,2.1
191,20001,91,2.1
191,22001,91,2.1
191,24001,91,2.1
191,26001,91,2.1
191,28001,91,2.1
191,30001,91,2.1
191,32001,91,2.1
191,34001,91,2.1
191,36001,91,2.1
191,38001,91,2.1
191,40001,91,2.1
191,42001,91,2.1
191,44001,91,2.1
191,46001,91,2.1
191,48001,91,2.1
191,50001,91,2.1
191,52001,91,2.1
191,54001,91,2.1
191,56001,91,2.1
191,58001,91,2.1
191,60001,91,2.1
191,62001,91,2.1
191,64001,91,2.1
191,65535,91,2.1
191,1,101,2.1
191,2001,101,2.1
191,4001,101,2.1
191,6001,101,2.1
191,8001,101,2.1
191,10001,101,2.1
191,12001,101,2.1
191,14001,101,2.1
191,16001,101,2.1
191,18001,101,2.1
191,20001,101,2.1
191,22001,101,2.1
191,24001,101,2.1
191,26001,101,2.1
191,28001,101,2.1
191,30001,101,2.1
191,32001,101,2.1
191,34001,101,2.1
191,36001,101,2.1
191,38001,101,2.1
191,40001,101,2.1
191,42001,101,2.1
191,44001,101,2.1
191,46001,101,2.1
191,48001,101,2.1
191,50001,101,2.1
191,52001,101,2.1
191,54001,101,2.1
191,56001,101,2.1
191,58001,101,2.1
191,60001,101,2.1
191,62001,101,2.1
191,64001,101,2.1
191,65535,101,2.1
191,1,111,2.1
191,2001,111,2.1
191,4001,111,2.0
191,6001,111,2.1
191,8001,111,2.1
191,10001,111,2.1
191,12001,111,2.1
191,14001,111,2.1
191,16001,111,2.1
191,18001,111,2.1
191,20001,111,2.1
191,22001,111,2.1
191,24001,111,2.1
191,26001,111,2.1
191,28001,111,2.1
191,30001,111,2.1
191,32001,111,2.1
191,34001,111,2.1
191,36001,111,2.1
191,38001,111,2.1
191,40001,111,2.1
191,42001,111,2.1
191,44001,111,2.1
191,46001,111,2.1
191,48001,111,2.1
191,50001,111,2.1
191,52001,111,2.1
191,54001,111,2.1
191,56001,111,2.1
191,58001,111,2.1
191,60001,111,2.1
191,62001,111,2.1
191,64001,111,2.1
191,65535,111,2.1
191,1,121,2.1
191,2001,121,2.1
191,4001,121,2.1
191,6001,121,2.1
191,8001,121,2.1
191,10001,121,2.1
191,12001,121,2.1
191,14001,121,2.1
191,16001,121,2.0
191,18001,121,2.1
191,20001,121,2.1
191,22001,121,2.1
191,24001,121,2.1
191,26001,121,2.1
191,28001,121,2.1
191,30001,121,2.1
191,32001,121,2.1
191,34001,121,2.1
191,36001,121,2.1
191,38001,121,2.1
191,40001,121,2.1
191,42001,121,2.1
191,44001,121,2.1
191,46001,121,2.1
191,48001,121,2.1
191,50001,121,2.1
191,52001,121,2.1
191,54001,121,2.1
191,56001,121,2.1
191,58001,121,2.1
191,60001,121,2.1
191,62001,121,2.1
191,64001,121,2.1
191,65535,121,2.1
191,1,131,2.1
191,2001,131,2.1
191,4001,131,2.1
191,6001,131,2.1
191,8001,131,2.1
191,10001,131,2.1
191,12001,131,2.1
191,14001,131,2.1
191,16001,131,2.1
191,18001,131,2.1
191,20001,131,2.1
191,22001,131,2.1
191,24001,131,2.1
191,26001,131,2.1
191,28001,131,2.1
191,30001,131,2.1
191,32001,131,2.1
191,34001,131,2.1
191,36001,131,2.1
191,38001,131,2.1
191,40001,131,2.1
191,42001,131,2.1
191,44001,131,2.1
191,46001,131,2.1
191,48001,131,2.1
191,50001,131,2.1
191,52001,131,2.1
191,54001,131,2.1
191,56001,131,2.1
191,58001,131,2.1
191,60001,131,2.1
191,62001,131,2.1
191,64001,131,2.1
191,65535,131,2.1
191,1,141,2.1
191,2001,141,2.1
191,4001,141,2.1
191,6001,141,2.1
191,8001,141,2.1
191,10001,141,2.1
191,12001,141,2.1
191,14001,141,2.1
191,16001,141,2.1
191,18001,141,2.1
191,20001,141,2.1
191,22001,141,2.1
191,24001,141,2.1
191,26001,141,2.1
191,28001,141,2.1
191,30001,141,2.1
191,32001,141,2.1
191,34001,141,2.1
191,36001,141,2.1
191,38001,141,2.1
191,40001,141,2.1
191,42001,141,2.1
191,44001,141,2.1
191,46001,141,2.1
191,48001,141,2.1
191,50001,141,2.1
191,52001,141,2.1
191,54001,141,2.1
191,56001,141,2.1
191,58001,141,2.1
191,60001,141,2.1
191,62001,141,2.1
191,64001,141,2.1
191,65535,141,2.1
191,1,151,2.0
191,2001,151,2.0
191,4001,151,2.1
191,6001,151,2.1
191,8001,151,2.1
191,10001,151,2.1
191,12001,151,2.1
191,14001,151,2.1
191,16001,151,2.1
191,18001,151,2.1
191,20001,151,2.1
191,22001,151,2.1
191,24001,151,2.1
191,26001,151,2.1
191,28001,151,2.1
191,30001,151,2.1
191,32001,151,2.1
191,34001,151,2.1
191,36001,151,2.1
191,38001,151,2.1
191,40001,151,2.1
191,42001,151,2.1
191,44001,151,2.1
191,46001,151,2.1
191,48001,151,2.1
191,50001,151,2.1
191,52001,151,2.1
191,54001,151,2.1
191,56001,151,2.1
191,58001,151,2.1
191,60001,151,2.1
191,62001,151,2.1
191,64001,151,2.0
191,65535,151,2.0
191,1,161,2.0
191,2001,161,2.1
191,4001,161,2.1
191,6001,161,2.1
191,8001,161,2.1
191,10001,161,2.1
191,12001,161,2.1
191,14001,161,2.1
191,16001,161,2.1
191,18001,161,2.1
191,20001,161,2.1
191,22001,161,2.0
191,24001,161,2.0
191,26001,161,2.1
191,28001,161,2.0
191,30001,161,2.1
191,32001,161,2.1
191,34001,161,2.1
191,36001,161,2.1
191,38001,161,2.1
191,40001,161,2.1
191,42001,161,2.1
191,44001,161,2.1
191,46001,161,2.1
191,48001,161,2.1
191,50001,161,2.1
191,52001,161,2.1
191,54001,161,2.1
191,56001,161,2.1
191,58001,161,2.1
191,60001,161,2.1
191,62001,161,2.1
191,64001,161,2.0
191,65535,161,1.9
191,1,171,1.9
191,2001,171,2.0
191,4001,171,2.0
191,6001,171,2.1
191,8001,171,2.1
191,10001,171,2.1
191,12001,171,2.1
191,14001,171,2.1
191,16001,171,2.1
191,18001,171,2.1
191,20001,171,2.0
191,22001,171,2.0
191,24001,171,1.9
191,26001,171,2.0
191,28001,171,2.0
191,30001,171,2.1
191,32001,171,2.1
191,34001,171,2.1
191,36001,171,2.1
191,38001,171,2.1
191,40001,171,2.1
191,42001,171,2.1
191,44001,171,2.1
191,46001,171,2.1
191,48001,171,2.1
191,50001,171,2.1
191,52001,171,2.1
191,54001,171,2.1
191,56001,171,2.1
191,58001,171,2.1
191,60001,171,2.1
191,62001,171,2.1
191,64001,171,2.0
191,65535,171,1.9
191,1,181,1.9
191,2001,181,2.0
191,4001,181,2.1
191,6001,181,2.1
191,8001,181,2.1
191,10001,181,2.1
191,12001,181,2.1
191,14001,181,2.1
191,16001,181,2.1
191,18001,181,2.1
191,20001,181,2.1
191,22001,181,2.0
191,24001,181,1.9
191,26001,181,2.0
191,28001,181,2.0
191,30001,181,2.1
191,32001,181,2.1
191,34001,181,2.1
191,36001,181,2.1
191,38001,181,2.1
191,40001,181,2.1
191,42001,181,2.1
191,44001,181,2.1
191,46001,181,2.1
191,48001,181,2.1
191,50001,181,2.1
191,52001,181,2.1
191,54001,181,2.1
191,56001,181,2.1
191,58001,181,2.1
191,60001,181,2.0
191,62001,181,1.9
191,64001,181,1.9
191,65535,181,1.9
191,1,191,1.9
191,2001,191,1.9
191,4001,191,2.0
191,6001,191,2.1
191,8001,191,2.1
191,10001,191,2.0
191,12001,191,2.1
191,14001,191,2.1
191,16001,191,2.1
191,18001,191,2.1
191,20001,191,2.1
191,22001,191,1.9
191,24001,191,1.9
191,26001,191,1.9
191,28001,191,1.9
191,30001,191,2.1
191,32001,191,2.1
191,34001,191,2.1
191,36001,191,2.1
191,38001,191,2.1
191,40001,191,2.1
191,42001,191,2.1
191,44001,191,2.1
191,46001,191,2.1
191,48001,191,2.1
191,50001,191,2.1
191,52001,191,2.1
191,54001,191,2.1
191,56001,191,2.1
191,58001,191,2.1
191,60001,191,2.0
191,62001,191,1.9
191,64001,191,1.9
191,65535,191,1.9
191,1,201,1.8
191,2001,201,1.9
191,4001,201,2.0
191,6001,201,2.1
191,8001,201,2.1
191,10001,201,2.0
191,12001,201,2.1
191,14001,201,2.1
191,16001,201,2.1
191,18001,201,2.1
191,20001,201,2.1
191,22001,201,1.9
191,24001,201,1.8
191,26001,201,1.9
191,28001,201,1.9
191,30001,201,2.0
191,32001,201,2.1
191,34001,201,2.1
191,36001,201,2.1
191,38001,201,2.1
191,40001,201,2.1
191,42001,201,2.1
191,44001,201,2.0
191,46001,201,2.1
191,48001,201,2.1
191,50001,201,2.1
191,52001,201,2.1
191,54001,201,2.1
191,56001,201,2.1
191,58001,201,2.1
191,60001,201,2.0
191,62001,201,2.0
191,64001,201,1.8
191,65535,201,1.8
191,1,211,1.8
191,2001,211,1.9
191,4001,211,2.0
191,6001,211,2.0
191,8001,211,2.1
191,10001,211,2.1
191,12001,211,2.1
191,14001,211,2.1
191,16001,211,2.1
191,18001,211,2.1
191,20001,211,2.0
191,22001,211,1.9
191,24001,211,1.8
191,26001,211,1.9
191,28001,211,1.9
191,30001,211,2.0
191,32001,211,2.1
191,34001,211,2.1
191,36001,211,2.1
191,38001,211,2.1
191,40001,211,2.1
191,42001,211,2.1
191,44001,211,2.0
191,46001,211,2.0
191,48001,211,2.1
191,50001,211,2.1
191,52001,211,2.1
191,54001,211,2.1
191,56001,211,2.1
191,58001,211,2.1
191,60001,211,1.9
191,62001,211,1.9
191,64001,211,1.8
191,65535,211,1.8
191,1,221,1.8
191,2001,221,1.8
191,4001,221,1.9
191,6001,221,2.0
191,8001,221,2.1
191,10001,221,2.1
191,12001,221,2.1
191,14001,221,2.1
191,16001,221,2.1
191,18001,221,2.1
191,20001,221,1.9
191,22001,221,1.9
191,24001,221,1.8
191,26001,221,1.8
191,28001,221,1.9
191,30001,221,2.0
191,32001,221,2.0
191,34001,221,2.1
191,36001,221,2.0
191,38001,221,2.1
191,40001,221,2.1
191,42001,221,2.1
191,44001,221,1.9
191,46001,221,2.1
191,48001,221,2.1
191,50001,221,2.1
191,52001,221,2.1
191,54001,221,2.1
191,56001,221,2.1
191,58001,221,2.1
191,60001,221,1.9
191,62001,221,1.9
191,64001,221,1.8
191,65535,221,1.8
191,1,231,1.8
191,2001,231,1.8
191,4001,231,1.9
191,6001,231,2.0
191,8001,231,2.1
191,10001,231,2.1
191,12001,231,2.1
191,14001,231,2.1
191,16001,231,2.1
191,18001,231,2.0
191,20001,231,1.9
191,22001,231,1.8
191,24001,231,1.8
191,26001,231,1.8
191,28001,231,1.9
191,30001,231,2.0
191,32001,231,2.0
191,34001,231,2.1
191,36001,231,2.1
191,38001,231,2.1
191,40001,231,2.1
191,42001,231,2.1
191,44001,231,1.9
191,46001,231,2.0
191,48001,231,2.1
191,50001,231,2.1
191,52001,231,2.1
191,54001,231,2.1
191,56001,231,2.1
191,58001,231,2.1
191,60001,231,1.9
191,62001,231,1.9
191,64001,231,1.8
191,65535,231,1.8
191,1,241,1.8
191,2001,241,1.8
191,4001,241,1.8
191,6001,241,2.0
191,8001,241,2.1
191,10001,241,2.1
191,12001,241,2.1
191,14001,241,2.1
191,16001,241,2.1
191,18001,241,2.0
191,20001,241,1.9
191,22001,241,1.8
191,24001,241,1.8
191,26001,241,1.8
191,28001,241,1.9
191,30001,241,2.0
191,32001,241,2.0
191,34001,241,2.1
191,36001,241,2.1
191,38001,241,2.1
191,40001,241,2.1
191,42001,241,2.0
191,44001,241,1.9
191,46001,241,1.9
191,48001,241,2.1
191,50001,241,2.1
191,52001,241,2.1
191,54001,241,2.1
191,56001,241,2.1
191,58001,241,2.1
191,60001,241,1.9
191,62001,241,1.8
191,64001,241,1.8
191,65535,241,1.8
191,1,251,1.8
191,2001,251,1.8
191,4001,251,1.8
191,6001,251,2.0
191,8001,251,2.0
191,10001,251,2.1
191,12001,251,2.1
191,14001,251,2.1
191,16001,251,2.1
191,18001,251,2.0
191,20001,251,1.9
191,22001,251,1.8
191,24001,251,1.8
191,26001,251,1.8
191,28001,251,1.8
191,30001,251,2.0
191,32001,251,2.0
191,34001,251,2.1
191,36001,251,2.1
191,38001,251,2.1
191,40001,251,2.1
191,42001,251,2.1
191,44001,251,1.8
191,46001,251,1.9
191,48001,251,2.1
191,50001,251,2.1
191,52001,251,2.1
191,54001,251,2.1
191,56001,251,2.1
191,58001,251,2.0
191,60001,251,1.9
191,62001,251,1.8
191,64001,251,1.8
191,65535,251,1.8
191,1,254,1.8
191,2001,254,1.8
191,4001,254,1.8
191,6001,254,2.0
191,8001,254,2.0
191,10001,254,2.1
191,12001,254,2.1
191,14001,254,2.1
191,16001,254,2.1
191,18001,254,2.0
191,20001,254,1.9
191,22001,254,1.8
191,24001,254,1.8
191,26001,254,1.8
191,28001,254,1.8
191,30001,254,1.9
191,32001,254,2.0
191,34001,254,2.1
191,36001,254,2.1
191,38001,254,2.1
191,40001,254,2.1
191,42001,254,2.1
191,44001,254,1.9
191,46001,254,1.9
191,48001,254,2.1
191,50001,254,2.1
191,52001,254,2.1
191,54001,254,2.1
191,56001,254,2.1
191,58001,254,2.0
191,60001,254,1.9
191,62001,254,1.8
191,64001,254,1.8
191,65535,254,1.8
201,1,1,2.2
201,2001,1,2.3
201,4001,1,2.3
201,6001,1,2.3
201,8001,1,2.2
201,10001,1,2.2
201,12001,1,2.3
201,14001,1,2.2
201,16001,1,2.3
201,18001,1,2.3
201,20001,1,2.3
201,22001,1,2.2
201,24001,1,2.2
201,26001,1,2.2
201,28001,1,2.3
201,30001,1,2.3
201,32001,1,2.3
201,34001,1,2.2
201,36001,1,2.3
201,38001,1,2.3
201,40001,1,2.2
201,42001,1,2.3
201,44001,1,2.2
201,46001,1,2.3
201,48001,1,2.3
201,50001,1,2.2
201,52001,1,2.2
201,54001,1,2.3
201,56001,1,2.3
201,58001,1,2.3
201,60001,1,2.3
201,62001,1,2.2
201,64001,1,2.2
201,65535,1,2.3
201,1,11,2.3
201,2001,11,2.3
201,4001,11,2.2
201,6001,11,2.3
201,8001,11,2.3
201,10001,11,2.3
201,12001,11,2.3
201,14001,11,2.3
201,16001,11,2.2
201,18001,11,2.2
201,20001,11,2.2
201,22001,11,2.2
201,24001,11,2.2
201,26001,11,2.2
201,28001,11,2.2
201,30001,11,2.3
201,32001,11,2.2
201,34001,11,2.2
201,36001,11,2.2
201,38001,11,2.3
201,40001,11,2.2
201,42001,11,2.3
201,44001,11,2.2
201,46001,11,2.3
201,48001,11,2.3
201,50001,11,2.3
201,52001,11,2.3
201,54001,11,2.3
201,56001,11,2.3
201,58001,11,2.3
201,60001,11,2.2
201,62001,11,2.2
201,64001,11,2.3
201,65535,11,2.2
201,1,21,2.2
201,2001,21,2.3
201,4001,21,2.3
201,6001,21,2.3
201,8001,21,2.3
201,10001,21,2.3
201,12001,21,2.3
201,14001,21,2.3
201,16001,21,2.3
201,18001,21,2.3
201,20001,21,2.3
201,22001,21,2.3
201,24001,21,2.2
201,26001,21,2.3
201,28001,21,2.2
201,30001,21,2.3
201,32001,21,2.2
201,34001,21,2.2
201,36001,21,2.2
201,38001,21,2.2
201,40001,21,2.3
201,42001,21,2.3
201,44001,21,2.2
201,46001,21,2.2
201,48001,21,2.3
201,50001,21,2.2
201,52001,21,2.3
201,54001,21,2.2
201,56001,21,2.2
201,58001,21,2.2
201,60001,21,2.2
201,62001,21,2.2
201,64001,21,2.2
201,65535,21,2.3
201,1,31,2.3
201,2001,31,2.3
201,4001,31,2.2
201,6001,31,2.2
201,8001,31,2.2
201,10001,31,2.3
201,12001,31,2.3
201,14001,31,2.3
201,16001,31,2.3
201,18001,31,2.3
201,20001,31,2.2
201,22001,31,2.2
201,24001,31,2.2
201,26001,31,2.3
201,28001,31,2.3
201,30001,31,2.3
201,32001,31,2.3
201,34001,31,2.2
201,36001,31,2.2
201,38001,31,2.2
201,40001,31,2.3
201,42001,31,2.3
201,44001,31,2.2
201,46001,31,2.2
201,48001,31,2.2
201,50001,31,2.3
201,52001,31,2.3
201,54001,31,2.3
201,56001,31,2.3
201,58001,31,2.3
201,60001,31,2.2
201,62001,31,2.3
201,64001,31,2.3
201,65535,31,2.3
201,1,41,2.3
201,2001,41,2.2
201,4001,41,2.3
201,6001,41,2.3
201,8001,41,2.3
201,10001,41,2.3
201,12001,41,2.3
201,14001,41,2.3
201,16001,41,2.2
201,18001,41,2.3
201,20001,41,2.3
201,22001,41,2.2
201,24001,41,2.3
201,26001,41,2.2
201,28001,41,2.3
201,30001,41,2.3
201,32001,41,2.3
201,34001,41,2.2
201,36001,41,2.3
201,38001,41,2.3
201,40001,41,2.3
201,42001,41,2.3
201,44001,41,2.3
201,46001,41,2.3
201,48001,41,2.2
201,50001,41,2.3
201,52001,41,2.3
201,54001,41,2.2
201,56001,41,2.2
201,58001,41,2.3
201,60001,41,2.2
201,62001,41,2.2
201,64001,41,2.2
201,65535,41,2.3
201,1,51,2.2
201,2001,51,2.2
201,4001,51,2.3
201,6001,51,2.3
201,8001,51,2.3
201,10001,51,2.2
201,12001,51,2.3
201,14001,51,2.2
201,16001,51,2.3
201,18001,51,2.3
201,20001,51,2.3
201,22001,51,2.3
201,24001,51,2.3
201,26001,51,2.2
201,28001,51,2.2
201,30001,51,2.2
201,32001,51,2.2
201,34001,51,2.3
201,36001,51,2.3
201,38001,51,2.3
201,40001,51,2.3
201,42001,51,2.3
201,44001,51,2.3
201,46001,51,2.3
201,48001,51,2.3
201,50001,51,2.2
201,52001,51,2.3
201,54001,51,2.2
201,56001,51,2.2
201,58001,51,2.3
201,60001,51,2.3
201,62001,51,2.3
201,64001,51,2.2
201,65535,51,2.2
201,1,61,2.2
201,2001,61,2.3
201,4001,61,2.3
201,6001,61,2.3
201,8001,61,2.3
201,10001,61,2.2
201,12001,61,2.2
201,14001,61,2.2
201,16001,61,2.3
201,18001,61,2.3
201,20001,61,2.3
201,22001,61,2.2
201,24001,61,2.2
201,26001,61,2.2
201,28001,61,2.2
201,30001,61,2.3
201,32001,61,2.3
201,34001,61,2.2
201,36001,61,2.3
201,38001,61,2.3
201,40001,61,2.2
201,42001,61,2.3
201,44001,61,2.2
201,46001,61,2.3
201,48001,61,2.2
201,50001,61,2.3
201,52001,61,2.3
201,54001,61,2.2
201,56001,61,2.2
201,58001,61,2.3
201,60001,61,2.3
201,62001,61,2.3
201,64001,61,2.2
201,65535,61,2.3
201,1,71,2.2
201,2001,71,2.2
201,4001,71,2.3
201,6001,71,2.3
201,8001,71,2.3
201,10001,71,2.2
201,12001,71,2.3
201,14001,71,2.2
201,16001,71,2.3
201,18001,71,2.2
201,20001,71,2.2
201,22001,71,2.2
201,24001,71,2.3
201,26001,71,2.2
201,28001,71,2.3
201,30001,71,2.3
201,32001,71,2.3
201,34001,71,2.3
201,36001,71,2.3
201,38001,71,2.3
201,40001,71,2.2
201,42001,71,2.3
201,44001,71,2.3
201,46001,71,2.3
201,48001,71,2.3
201,50001,71,2.3
201,52001,71,2.3
201,54001,71,2.2
201,56001,71,2.2
201,58001,71,2.2
201,60001,71,2.3
201,62001,71,2.2
201,64001,71,2.2
201,65535,71,2.3
201,1,81,2.3
201,2001,81,2.2
201,4001,81,2.3
201,6001,81,2.3
201,8001,81,2.3
201,10001,81,2.3
201,12001,81,2.3
201,14001,81,2.3
201,16001,81,2.2
201,18001,81,2.3
201,20001,81,2.2
201,22001,81,2.2
201,24001,81,2.2
201,26001,81,2.2
201,28001,81,2.3
201,30001,81,2.2
201,32001,81,2.2
201,34001,81,2.3
201,36001,81,2.2
201,38001,81,2.3
201,40001,81,2.3
201,42001,81,2.3
201,44001,81,2.3
201,46001,81,2.2
201,48001,81,2.2
201,50001,81,2.2
201,52001,81,2.2
201,54001,81,2.3
201,56001,81,2.3
201,58001,81,2.2
201,60001,81,2.3
201,62001,81,2.2
201,64001,81,2.3
201,65535,81,2.3
201,1,91,2.2
201,2001,91,2.3
201,4001,91,2.2
201,6001,91,2.2
201,8001,91,2.2
201,10001,91,2.3
201,12001,91,2.2
201,14001,91,2.2
201,16001,91,2.2
201,18001,91,2.3
201,20001,91,2.3
201,22001,91,2.3
201,24001,91,2.3
201,26001,91,2.3
201,28001,91,2.2
201,30001,91,2.2
201,32001,91,2.3
201,34001,91,2.2
201,36001,91,2.3
201,38001,91,2.2
201,40001,91,2.3
201,42001,91,2.3
201,44001,91,2.2
201,46001,91,2.3
201,48001,91,2.3
201,50001,91,2.3
201,52001,91,2.2
201,54001,91,2.3
201,56001,91,2.3
201,58001,91,2.2
201,60001,91,2.2
201,62001,91,2.2
201,64001,91,2.3
201,65535,91,2.2
201,1,101,2.3
201,2001,101,2.2
201,4001,101,2.2
201,6001,101,2.2
201,8001,101,2.2
201,10001,101,2.2
201,12001,101,2.3
201,14001,101,2.3
201,16001,101,2.2
201,18001,101,2.3
201,20001,101,2.3
201,22001,101,2.2
201,24001,101,2.2
201,26001,101,2.2
201,28001,101,2.3
201,30001,101,2.2
201,32001,101,2.3
201,34001,101,2.3
201,36001,101,2.2
201,38001,101,2.3
201,40001,101,2.2
201,42001,101,2.2
201,44001,101,2.3
201,46001,101,2.2
201,48001,101,2.3
201,50001,101,2.3
201,52001,101,2.3
201,54001,101,2.3
201,56001,101,2.3
201,58001,101,2.3
201,60001,101,2.3
201,62001,101,2.2
201,64001,101,2.2
201,65535,101,2.3
201,1,111,2.3
201,2001,111,2.3
201,4001,111,2.3
201,6001,111,2.2
201,8001,111,2.2
201,10001,111,2.3
201,12001,111,2.2
201,14001,111,2.3
201,16001,111,2.3
201,18001,111,2.3
201,20001,111,2.3
201,22001,111,2.3
201,24001,111,2.2
201,26001,111,2.3
201,28001,111,2.2
201,30001,111,2.2
201,32001,111,2.3
201,34001,111,2.3
201,36001,111,2.3
201,38001,111,2.3
201,40001,111,2.2
201,42001,111,2.3
201,44001,111,2.3
201,46001,111,2.3
201,48001,111,2.2
201,50001,111,2.3
201,52001,111,2.3
201,54001,111,2.3
201,56001,111,2.3
201,58001,111,2.3
201,60001,111,2.2
201,62001,111,2.2
201,64001,111,2.2
201,65535,111,2.3
201,1,121,2.2
201,2001,121,2.3
201,4001,121,2.2
201,6001,121,2.2
201,8001,121,2.3
201,10001,121,2.2
201,12001,121,2.3
201,14001,121,2.3
201,16001,121,2.3
201,18001,121,2.2
201,20001,121,2.2
201,22001,121,2.2
201,24001,121,2.2
201,26001,121,2.2
201,28001,121,2.2
201,30001,121,2.3
201,32001,121,2.2
201,34001,121,2.2
201,36001,121,2.3
201,38001,121,2.2
201,40001,121,2.2
201,42001,121,2.3
201,44001,121,2.3
201,46001,121,2.3
201,48001,121,2.3
201,50001,121,2.3
201,52001,121,2.3
201,54001,121,2.3
201,56001,121,2.3
201,58001,121,2.3
201,60001,121,2.3
201,62001,121,2.3
201,64001,121,2.2
201,65535,121,2.3
201,1,131,2.3
201,2001,131,2.3
201,4001,131,2.2
201,6001,131,2.2
201,8001,131,2.3
201,10001,131,2.2
201,12001,131,2.3
201,14001,131,2.3
201,16001,131,2.3
201,18001,131,2.3
201,20001,131,2.2
201,22001,131,2.2
201,24001,131,2.2
201,26001,131,2.3
201,28001,131,2.3
201,30001,131,2.2
201,32001,131,2.2
201,34001,131,2.3
201,36001,131,2.2
201,38001,131,2.3
201,40001,131,2.2
201,42001,131,2.3
201,44001,131,2.2
201,46001,131,2.3
201,48001,131,2.3
201,50001,131,2.3
201,52001,131,2.3
201,54001,131,2.3
201,56001,131,2.2
201,58001,131,2.3
201,60001,131,2.2
201,62001,131,2.3
201,64001,131,2.3
201,65535,131,2.2
201,1,141,2.2
201,2001,141,2.3
201,4001,141,2.3
201,6001,141,2.2
201,8001,141,2.2
201,10001,141,2.2
201,12001,141,2.3
201,14001,141,2.3
201,16001,141,2.2
201,18001,141,2.2
201,20001,141,2.3
201,22001,141,2.2
201,24001,141,2.2
201,26001,141,2.2
201,28001,141,2.2
201,30001,141,2.2
201,32001,141,2.2
201,34001,141,2.2
201,36001,141,2.3
201,38001,141,2.3
201,40001,141,2.3
201,42001,141,2.2
201,44001,141,2.2
201,46001,141,2.3
201,48001,141,2.2
201,50001,141,2.3
201,52001,141,2.3
201,54001,141,2.2
201,56001,141,2.2
201,58001,141,2.2
201,60001,141,2.2
201,62001,141,2.2
201,64001,141,2.3
201,65535,141,2.2
201,1,151,2.1
201,2001,151,2.3
201,4001,151,2.2
201,6001,151,2.2
201,8001,151,2.3
201,10001,151,2.2
201,12001,151,2.3
201,14001,151,2.2
201,16001,151,2.2
201,18001,151,2.2
201,20001,151,2.2
201,22001,151,2.2
201,24001,151,2.2
201,26001,151,2.3
201,28001,151,2.2
201,30001,151,2.2
201,32001,151,2.2
201,34001,151,2.2
201,36001,151,2.3
201,38001,151,2.2
201,40001,151,2.3
201,42001,151,2.3
201,44001,151,2.3
201,46001,151,2.3
201,48001,151,2.3
201,50001,151,2.3
201,52001,151,2.3
201,54001,151,2.2
201,56001,151,2.3
201,58001,151,2.3
201,60001,151,2.3
201,62001,151,2.3
201,64001,151,2.2
201,65535,151,2.2
201,1,161,2.1
201,2001,161,2.2
201,4001,161,2.2
201,6001,161,2.2
201,8001,161,2.2
201,10001,161,2.3
201,12001,161,2.3
201,14001,161,2.2
201,16001,161,2.3
201,18001,161,2.3
201,20001,161,2.2
201,22001,161,2.2
201,24001,161,2.2
201,26001,161,2.3
201,28001,161,2.3
201,30001,161,2.2
201,32001,161,2.3
201,34001,161,2.2
201,36001,161,2.3
201,38001,161,2.3
201,40001,161,2.3
201,42001,161,2.3
201,44001,161,2.3
201,46001,161,2.3
201,48001,161,2.3
201,50001,161,2.2
201,52001,161,2.3
201,54001,161,2.2
201,56001,161,2.3
201,58001,161,2.3
201,60001,161,2.2
201,62001,161,2.2
201,64001,161,2.2
201,65535,161,2.1
201,1,171,2.1
201,2001,171,2.2
201,4001,171,2.2
201,6001,171,2.2
201,8001,171,2.2
201,10001,171,2.3
201,12001,171,2.2
201,14001,171,2.3
201,16001,171,2.2
201,18001,171,2.2
201,20001,171,2.2
201,22001,171,2.1
201,24001,171,2.1
201,26001,171,2.2
201,28001,171,2.2
201,30001,171,2.3
201,32001,171,2.2
201,34001,171,2.3
201,36001,171,2.2
201,38001,171,2.3
201,40001,171,2.3
201,42001,171,2.2
201,44001,171,2.3
201,46001,171,2.3
201,48001,171,2.3
201,50001,171,2.3
201,52001,171,2.2
201,54001,171,2.3
201,56001,171,2.3
201,58001,171,2.3
201,60001,171,2.3
201,62001,171,2.2
201,64001,171,2.2
201,65535,171,2.1
201,1,181,2.1
201,2001,181,2.1
201,4001,181,2.2
201,6001,181,2.2
201,8001,181,2.2
201,10001,181,2.2
201,12001,181,2.3
201,14001,181,2.3
201,16001,181,2.2
201,18001,181,2.2
201,20001,181,2.3
201,22001,181,2.1
201,24001,181,2.1
201,26001,181,2.2
201,28001,181,2.2
201,30001,181,2.2
201,32001,181,2.3
201,34001,181,2.3
201,36001,181,2.2
201,38001,181,2.2
201,40001,181,2.2
201,42001,181,2.3
201,44001,181,2.2
201,46001,181,2.3
201,48001,181,2.2
201,50001,181,2.3
201,52001,181,2.3
201,54001,181,2.3
201,56001,181,2.2
201,58001,181,2.3
201,60001,181,2.2
201,62001,181,2.1
201,64001,181,2.1
201,65535,181,2.0
201,1,191,2.0
201,2001,191,2.1
201,4001,191,2.2
201,6001,191,2.3
201,8001,191,2.3
201,10001,191,2.3
201,12001,191,2.3
201,14001,191,2.2
201,16001,191,2.3
201,18001,191,2.2
201,20001,191,2.1
201,22001,191,2.0
201,24001,191,2.0
201,26001,191,2.1
201,28001,191,2.2
201,30001,191,2.3
201,32001,191,2.2
201,34001,191,2.3
201,36001,191,2.3
201,38001,191,2.2
201,40001,191,2.3
201,42001,191,2.2
201,44001,191,2.3
201,46001,191,2.2
201,48001,191,2.2
201,50001,191,2.2
201,52001,191,2.2
201,54001,191,2.3
201,56001,191,2.3
201,58001,191,2.3
201,60001,191,2.3
201,62001,191,2.1
201,64001,191,2.1
201,65535,191,2.0
201,1,201,2.0
201,2001,201,2.0
201,4001,201,2.2
201,6001,201,2.2
201,8001,201,2.2
201,10001,201,2.3
201,12001,201,2.3
201,14001,201,2.2
201,16001,201,2.2
201,18001,201,2.3
201,20001,201,2.2
201,22001,201,2.0
201,24001,201,2.0
201,26001,201,2.1
201,28001,201,2.1
201,30001,201,2.2
201,32001,201,2.2
201,34001,201,2.3
201,36001,201,2.2
201,38001,201,2.3
201,40001,201,2.3
201,42001,201,2.2
201,44001,201,2.3
201,46001,201,2.3
201,48001,201,2.3
201,50001,201,2.2
201,52001,201,2.3
201,54001,201,2.2
201,56001,201,2.2
201,58001,201,2.3
201,60001,201,2.2
201,62001,201,2.1
201,64001,201,2.0
201,65535,201,2.0
201,1,211,1.9
201,2001,211,2.0
201,4001,211,2.1
201,6001,211,2.3
201,8001,211,2.2
201,10001,211,2.3
201,12001,211,2.2
201,14001,211,2.2
201,16001,211,2.2
201,18001,211,2.2
201,20001,211,2.1
201,22001,211,2.0
201,24001,211,2.0
201,26001,211,2.1
201,28001,211,2.0
201,30001,211,2.2
201,32001,211,2.2
201,34001,211,2.3
201,36001,211,2.3
201,38001,211,2.3
201,40001,211,2.3
201,42001,211,2.2
201,44001,211,2.3
201,46001,211,2.3
201,48001,211,2.2
201,50001,211,2.3
201,52001,211,2.3
201,54001,211,2.3
201,56001,211,2.2
201,58001,211,2.2
201,60001,211,2.1
201,62001,211,2.0
201,64001,211,2.0
201,65535,211,1.9
201,1,221,1.9
201,2001,221,2.0
201,4001,221,2.1
201,6001,221,2.2
201,8001,221,2.3
201,10001,221,2.3
201,12001,221,2.3
201,14001,221,2.3
201,16001,221,2.3
201,18001,221,2.2
201,20001,221,2.0
201,22001,221,1.9
201,24001,221,2.0
201,26001,221,2.0
201,28001,221,2.0
201,30001,221,2.2
201,32001,221,2.2
201,34001,221,2.3
201,36001,221,2.3
201,38001,221,2.3
201,40001,221,2.2
201,42001,221,2.3
201,44001,221,2.1
201,46001,221,2.2
201,48001,221,2.2
201,50001,221,2.3
201,52001,221,2.3
201,54001,221,2.2
201,56001,221,2.3
201,58001,221,2.2
201,60001,221,2.1
201,62001,221,2.0
201,64001,221,2.0
201,65535,221,1.9
201,1,231,1.9
201,2001,231,2.0
201,4001,231,2.1
201,6001,231,2.2
201,8001,231,2.3
201,10001,231,2.3
201,12001,231,2.2
201,14001,231,2.3
201,16001,231,2.3
201,18001,231,2.2
201,20001,231,2.0
201,22001,231,1.9
201,24001,231,1.9
201,26001,231,2.0
201,28001,231,2.0
201,30001,231,2.2
201,32001,231,2.2
201,34001,231,2.2
201,36001,231,2.3
201,38001,231,2.3
201,40001,231,2.3
201,42001,231,2.2
201,44001,231,2.1
201,46001,231,2.2
201,48001,231,2.2
201,50001,231,2.2
201,52001,231,2.2
201,54001,231,2.3
201,56001,231,2.3
201,58001,231,2.2
201,60001,231,2.1
201,62001,231,2.0
201,64001,231,2.0
201,65535,231,1.9
201,1,241,1.9
201,2001,241,2.0
201,4001,241,2.0
201,6001,241,2.2
201,8001,241,2.2
201,10001,241,2.3
201,12001,241,2.2
201,14001,241,2.2
201,16001,241,2.2
201,18001,241,2.1
201,20001,241,2.0
201,22001,241,1.9
201,24001,241,1.9
201,26001,241,2.0
201,28001,241,2.0
201,30001,241,2.2
201,32001,241,2.2
201,34001,241,2.2
201,36001,241,2.3
201,38001,241,2.3
201,40001,241,2.2
201,42001,241,2.1
201,44001,241,2.0
201,46001,241,2.1
201,48001,241,2.3
201,50001,241,2.2
201,52001,241,2.3
201,54001,241,2.3
201,56001,241,2.2
201,58001,241,2.2
201,60001,241,2.0
201,62001,241,2.0
201,64001,241,2.0
201,65535,241,1.9
201,1,251,1.9
201,2001,251,2.0
201,4001,251,2.1
201,6001,251,2.2
201,8001,251,2.2
201,10001,251,2.3
201,12001,251,2.2
201,14001,251,2.2
201,16001,251,2.3
201,18001,251,2.1
201,20001,251,2.0
201,22001,251,1.9
201,24001,251,1.9
201,26001,251,2.0
201,28001,251,2.0
201,30001,251,2.2
201,32001,251,2.2
201,34001,251,2.3
201,36001,251,2.3
201,38001,251,2.2
201,40001,251,2.2
201,42001,251,2.1
201,44001,251,2.0
201,46001,251,2.1
201,48001,251,2.2
201,50001,251,2.3
201,52001,251,2.3
201,54001,251,2.3
201,56001,251,2.3
201,58001,251,2.2
201,60001,251,2.1
201,62001,251,2.0
201,64001,251,1.9
201,65535,251,1.9
201,1,254,1.9
201,2001,254,1.9
201,4001,254,2.0
201,6001,254,2.2
201,8001,254,2.3
201,10001,254,2.3
201,12001,254,2.3
201,14001,254,2.3
201,16001,254,2.2
201,18001,254,2.1
201,20001,254,1.9
201,22001,254,1.9
201,24001,254,1.9
201,26001,254,2.0
201,28001,254,2.1
201,30001,254,2.2
201,32001,254,2.2
201,34001,254,2.2
201,36001,254,2.2
201,38001,254,2.3
201,40001,254,2.2
201,42001,254,2.1
201,44001,254,2.1
201,46001,254,2.1
201,48001,254,2.2
201,50001,254,2.3
201,52001,254,2.3
201,54001,254,2.3
201,56001,254,2.2
201,58001,254,2.2
201,60001,254,2.1
201,62001,254,2.0
201,64001,254,2.0
201,65535,254,1.9
211,1,1,2.4
211,2001,1,2.4
211,4001,1,2.4
211,6001,1,2.4
211,8001,1,2.4
211,10001,1,2.4
211,12001,1,2.5
211,14001,1,2.4
211,16001,1,2.4
211,18001,1,2.4
211,20001,1,2.4
211,22001,1,2.4
211,24001,1,2.5
211,26001,1,2.4
211,28001,1,2.4
211,30001,1,2.4
211,32001,1,2.4
211,34001,1,2.4
211,36001,1,2.4
211,38001,1,2.4
211,40001,1,2.4
211,42001,1,2.4
211,44001,1,2.4
211,46001,1,2.4
211,48001,1,2.4
211,50001,1,2.4
211,52001,1,2.4
211,54001,1,2.4
211,56001,1,2.4
211,58001,1,2.4
211,60001,1,2.4
211,62001,1,2.5
211,64001,1,2.4
211,65535,1,2.4
211,1,11,2.4
211,2001,11,2.4
211,4001,11,2.4
211,6001,11,2.4
211,8001,11,2.4
211,10001,11,2.5
211,12001,11,2.4
211,14001,11,2.4
211,16001,11,2.4
211,18001,11,2.5
211,20001,11,2.4
211,22001,11,2.4
211,24001,11,2.5
211,26001,11,2.4
211,28001,11,2.4
211,30001,11,2.4
211,32001,11,2.5
211,34001,11,2.4
211,36001,11,2.4
211,38001,11,2.5
211,40001,11,2.4
211,42001,11,2.5
211,44001,11,2.4
211,46001,11,2.4
211,48001,11,2.4
211,50001,11,2.4
211,52001,11,2.4
211,54001,11,2.4
211,56001,11,2.4
211,58001,11,2.4
211,60001,11,2.4
211,62001,11,2.4
211,64001,11,2.4
211,65535,11,2.4
211,1,21,2.4
211,2001,21,2.4
211,4001,21,2.4
211,6001,21,2.4
211,8001,21,2.4
211,10001,21,2.4
211,12001,21,2.4
211,14001,21,2.4
211,16001,21,2.4
211,18001,21,2.4
211,20001,21,2.4
211,22001,21,2.4
211,24001,21,2.4
211,26001,21,2.4
211,28001,21,2.4
211,30001,21,2.4
211,32001,21,2.4
211,34001,21,2.4
211,36001,21,2.4
211,38001,21,2.4
211,40001,21,2.4
211,42001,21,2.4
211,44001,21,2.4
211,46001,21,2.5
211,48001,21,2.4
211,50001,21,2.4
211,52001,21,2.4
211,54001,21,2.4
211,56001,21,2.4
211,58001,21,2.4
211,60001,21,2.4
211,62001,21,2.4
211,64001,21,2.4
211,65535,21,2.4
211,1,31,2.4
211,2001,31,2.5
211,4001,31,2.4
211,6001,31,2.4
211,8001,31,2.5
211,10001,31,2.4
211,12001,31,2.5
211,14001,31,2.4
211,16001,31,2.4
211,18001,31,2.4
211,20001,31,2.4
211,22001,31,2.4
211,24001,31,2.5
211,26001,31,2.4
211,28001,31,2.4
211,30001,31,2.4
211,32001,31,2.4
211,34001,31,2.4
211,36001,31,2.5
211,38001,31,2.4
211,40001,31,2.4
211,42001,31,2.4
211,44001,31,2.4
211,46001,31,2.4
211,48001,31,2.4
211,50001,31,2.4
211,52001,31,2.4
211,54001,31,2.4
211,56001,31,2.4
211,58001,31,2.4
211,60001,31,2.4
211,62001,31,2.4
211,64001,31,2.4
211,65535,31,2.4
211,1,41,2.4
211,2001,41,2.4
211,4001,41,2.4
211,6001,41,2.4
211,8001,41,2.4
211,10001,41,2.5
211,12001,41,2.4
211,14001,41,2.4
211,16001,41,2.4
211,18001,41,2.4
211,20001,41,2.4
211,22001,41,2.4
211,24001,41,2.4
211,26001,41,2.4
211,28001,41,2.4
211,30001,41,2.4
211,32001,41,2.4
211,34001,41,2.4
211,36001,41,2.4
211,38001,41,2.4
211,40001,41,2.4
211,42001,41,2.4
211,44001,41,2.4
211,46001,41,2.4
211,48001,41,2.4
211,50001,41,2.4
211,52001,41,2.4
211,54001,41,2.4
211,56001,41,2.4
211,58001,41,2.4
211,60001,41,2.4
211,62001,41,2.4
211,64001,41,2.4
211,65535,41,2.4
211,1,51,2.4
211,2001,51,2.4
211,4001,51,2.4
211,6001,51,2.4
211,8001,51,2.4
211,10001,51,2.4
211,12001,51,2.4
211,14001,51,2.4
211,16001,51,2.4
211,18001,51,2.4
211,20001,51,2.4
211,22001,51,2.4
211,24001,51,2.5
211,26001,51,2.4
211,28001,51,2.4
211,30001,51,2.4
211,32001,51,2.5
211,34001,51,2.4
211,36001,51,2.4
211,38001,51,2.4
211,40001,51,2.4
211,42001,51,2.4
211,44001,51,2.4
211,46001,51,2.4
211,48001,51,2.4
211,50001,51,2.4
211,52001,51,2.4
211,54001,51,2.4
211,56001,51,2.4
211,58001,51,2.5
211,60001,51,2.4
211,62001,51,2.4
211,64001,51,2.4
211,65535,51,2.4
211,1,61,2.4
211,2001,61,2.4
211,4001,61,2.4
211,6001,61,2.4
211,8001,61,2.4
211,10001,61,2.4
211,12001,61,2.4
211,14001,61,2.4
211,16001,61,2.4
211,18001,61,2.4
211,20001,61,2.4
211,22001,61,2.4
211,24001,61,2.4
211,26001,61,2.4
211,28001,61,2.4
211,30001,61,2.4
211,32001,61,2.4
211,34001,61,2.4
211,36001,61,2.4
211,38001,61,2.4
211,40001,61,2.4
211,42001,61,2.4
211,44001,61,2.4
211,46001,61,2.4
211,48001,61,2.4
211,50001,61,2.5
211,52001,61,2.4
211,54001,61,2.4
211,56001,61,2.4
211,58001,61,2.4
211,60001,61,2.4
211,62001,61,2.4
211,64001,61,2.5
211,65535,61,2.5
211,1,71,2.4
211,2001,71,2.4
211,4001,71,2.4
211,6001,71,2.4
211,8001,71,2.4
211,10001,71,2.4
211,12001,71,2.4
211,14001,71,2.4
211,16001,71,2.4
211,18001,71,2.4
211,20001,71,2.4
211,22001,71,2.4
211,24001,71,2.4
211,26001,71,2.4
211,28001,71,2.4
211,30001,71,2.4
211,32001,71,2.5
211,34001,71,2.4
211,36001,71,2.4
211,38001,71,2.4
211,40001,71,2.4
211,42001,71,2.4
211,44001,71,2.5
211,46001,71,2.5
211,48001,71,2.4
211,50001,71,2.4
211,52001,71,2.4
211,54001,71,2.4
211,56001,71,2.4
211,58001,71,2.4
211,60001,71,2.4
211,62001,71,2.4
211,64001,71,2.4
211,65535,71,2.4
211,1,81,2.4
211,2001,81,2.4
211,4001,81,2.4
211,6001,81,2.4
211,8001,81,2.4
211,10001,81,2.4
211,12001,81,2.4
211,14001,81,2.5
211,16001,81,2.4
211,18001,81,2.4
211,20001,81,2.4
211,22001,81,2.4
211,24001,81,2.4
211,26001,81,2.4
211,28001,81,2.4
211,30001,81,2.4
211,32001,81,2.4
211,34001,81,2.4
211,36001,81,2.4
211,38001,81,2.5
211,40001,81,2.4
211,42001,81,2.4
211,44001,81,2.4
211,46001,81,2.4
211,48001,81,2.5
211,50001,81,2.4
211,52001,81,2.4
211,54001,81,2.4
211,56001,81,2.5
211,58001,81,2.4
211,60001,81,2.4
211,62001,81,2.4
211,64001,81,2.4
211,65535,81,2.4
211,1,91,2.4
211,2001,91,2.4
211,4001,91,2.4
211,6001,91,2.4
211,8001,91,2.4
211,10001,91,2.4
211,12001,91,2.4
211,14001,91,2.4
211,16001,91,2.4
211,18001,91,2.4
211,20001,91,2.4
211,22001,91,2.4
211,24001,91,2.4
211,26001,91,2.4
211,28001,91,2.4
211,30001,91,2.5
211,32001,91,2.4
211,34001,91,2.4
211,36001,91,2.4
211,38001,91,2.5
211,40001,91,2.4
211,42001,91,2.4
211,44001,91,2.4
211,46001,91,2.4
211,48001,91,2.4
211,50001,91,2.5
211,52001,91,2.5
211,54001,91,2.4
211,56001,91,2.5
211,58001,91,2.4
211,60001,91,2.4
211,62001,91,2.5
211,64001,91,2.4
211,65535,91,2.4
211,1,101,2.4
211,2001,101,2.4
211,4001,101,2.4
211,6001,101,2.4
211,8001,101,2.4
211,10001,101,2.4
211,12001,101,2.4
211,14001,101,2.4
211,16001,101,2.5
211,18001,101,2.4
211,20001,101,2.4
211,22001,101,2.4
211,24001,101,2.4
211,26001,101,2.4
211,28001,101,2.4
211,30001,101,2.4
211,32001,101,2.4
211,34001,101,2.4
211,36001,101,2.5
211,38001,101,2.4
211,40001,101,2.4
211,42001,101,2.5
211,44001,101,2.4
211,46001,101,2.5
211,48001,101,2.4
211,50001,101,2.5
211,52001,101,2.4
211,54001,101,2.5
211,56001,101,2.5
211,58001,101,2.4
211,60001,101,2.4
211,62001,101,2.4
211,64001,101,2.4
211,65535,101,2.4
211,1,111,2.4
211,2001,111,2.4
211,4001,111,2.4
211,6001,111,2.4
211,8001,111,2.4
211,10001,111,2.4
211,12001,111,2.4
211,14001,111,2.4
211,16001,111,2.4
211,18001,111,2.4
211,20001,111,2.4
211,22001,111,2.4
211,24001,111,2.4
211,26001,111,2.4
211,28001,111,2.4
211,30001,111,2.4
211,32001,111,2.4
211,34001,111,2.4
211,36001,111,2.4
211,38001,111,2.4
211,40001,111,2.4
211,42001,111,2.4
211,44001,111,2.4
211,46001,111,2.4
211,48001,111,2.4
211,50001,111,2.4
211,52001,111,2.5
211,54001,111,2.4
211,56001,111,2.4
211,58001,111,2.4
211,60001,111,2.5
211,62001,111,2.4
211,64001,111,2.4
211,65535,111,2.4
211,1,121,2.4
211,2001,121,2.4
211,4001,121,2.4
211,6001,121,2.4
211,8001,121,2.4
211,10001,121,2.4
211,12001,121,2.4
211,14001,121,2.4
211,16001,121,2.4
211,18001,121,2.4
211,20001,121,2.4
211,22001,121,2.4
211,24001,121,2.4
211,26001,121,2.5
211,28001,121,2.4
211,30001,121,2.4
211,32001,121,2.4
211,34001,121,2.5
211,36001,121,2.4
211,38001,121,2.4
211,40001,121,2.4
211,42001,121,2.5
211,44001,121,2.4
211,46001,121,2.5
211,48001,121,2.4
211,50001,121,2.4
211,52001,121,2.4
211,54001,121,2.4
211,56001,121,2.4
211,58001,121,2.4
211,60001,121,2.5
211,62001,121,2.4
211,64001,121,2.4
211,65535,121,2.4
211,1,131,2.4
211,2001,131,2.4
211,4001,131,2.4
211,6001,131,2.4
211,8001,131,2.4
211,10001,131,2.4
211,12001,131,2.4
211,14001,131,2.4
211,16001,131,2.4
211,18001,131,2.4
211,20001,131,2.4
211,22001,131,2.4
211,24001,131,2.4
211,26001,131,2.4
211,28001,131,2.4
211,30001,131,2.4
211,32001,131,2.4
211,34001,131,2.4
211,36001,131,2.4
211,38001,131,2.5
211,40001,131,2.4
211,42001,131,2.4
211,44001,131,2.5
211,46001,131,2.5
211,48001,131,2.4
211,50001,131,2.5
211,52001,131,2.5
211,54001,131,2.4
211,56001,131,2.4
211,58001,131,2.4
211,60001,131,2.4
211,62001,131,2.4
211,64001,131,2.4
211,65535,131,2.4
211,1,141,2.4
211,2001,141,2.4
211,4001,141,2.4
211,6001,141,2.4
211,8001,141,2.4
211,10001,141,2.4
211,12001,141,2.4
211,14001,141,2.4
211,16001,141,2.4
211,18001,141,2.4
211,20001,141,2.4
211,22001,141,2.4
211,24001,141,2.4
211,26001,141,2.4
211,28001,141,2.4
211,30001,141,2.4
211,32001,141,2.4
211,34001,141,2.4
211,36001,141,2.4
211,38001,141,2.4
211,40001,141,2.4
211,42001,141,2.4
211,44001,141,2.4
211,46001,141,2.5
211,48001,141,2.4
211,50001,141,2.5
211,52001,141,2.4
211,54001,141,2.4
211,56001,141,2.4
211,58001,141,2.4
211,60001,141,2.4
211,62001,141,2.4
211,64001,141,2.4
211,65535,141,2.4
211,1,151,2.3
211,2001,151,2.4
211,4001,151,2.4
211,6001,151,2.4
211,8001,151,2.4
211,10001,151,2.4
211,12001,151,2.4
211,14001,151,2.4
211,16001,151,2.4
211,18001,151,2.5
211,20001,151,2.4
211,22001,151,2.4
211,24001,151,2.4
211,26001,151,2.4
211,28001,151,2.4
211,30001,151,2.4
211,32001,151,2.4
211,34001,151,2.4
211,36001,151,2.4
211,38001,151,2.4
211,40001,151,2.4
211,42001,151,2.4
211,44001,151,2.5
211,46001,151,2.5
211,48001,151,2.4
211,50001,151,2.4
211,52001,151,2.4
211,54001,151,2.4
211,56001,151,2.4
211,58001,151,2.4
211,60001,151,2.4
211,62001,151,2.4
211,64001,151,2.4
211,65535,151,2.3
211,1,161,2.3
211,2001,161,2.3
211,4001,161,2.4
211,6001,161,2.4
211,8001,161,2.4
211,10001,161,2.5
211,12001,161,2.4
211,14001,161,2.4
211,16001,161,2.4
211,18001,161,2.5
211,20001,161,2.4
211,22001,161,2.4
211,24001,161,2.3
211,26001,161,2.4
211,28001,161,2.4
211,30001,161,2.4
211,32001,161,2.4
211,34001,161,2.4
211,36001,161,2.4
211,38001,161,2.4
211,40001,161,2.4
211,42001,161,2.4
211,44001,161,2.5
211,46001,161,2.4
211,48001,161,2.4
211,50001,161,2.4
211,52001,161,2.4
211,54001,161,2.4
211,56001,161,2.4
211,58001,161,2.5
211,60001,161,2.4
211,62001,161,2.4
211,64001,161,2.3
211,65535,161,2.3
211,1,171,2.3
211,2001,171,2.3
211,4001,171,2.4
211,6001,171,2.4
211,8001,171,2.4
211,10001,171,2.4
211,12001,171,2.4
211,14001,171,2.4
211,16001,171,2.4
211,18001,171,2.4
211,20001,171,2.4
211,22001,171,2.2
211,24001,171,2.3
211,26001,171,2.4
211,28001,171,2.4
211,30001,171,2.4
211,32001,171,2.4
211,34001,171,2.4
211,36001,171,2.4
211,38001,171,2.5
211,40001,171,2.4
211,42001,171,2.4
211,44001,171,2.4
211,46001,171,2.4
211,48001,171,2.4
211,50001,171,2.4
211,52001,171,2.4
211,54001,171,2.4
211,56001,171,2.4
211,58001,171,2.4
211,60001,171,2.4
211,62001,171,2.4
211,64001,171,2.3
211,65535,171,2.3
211,1,181,2.2
211,2001,181,2.2
211,4001,181,2.4
211,6001,181,2.4
211,8001,181,2.4
211,10001,181,2.4
211,12001,181,2.4
211,14001,181,2.4
211,16001,181,2.4
211,18001,181,2.4
211,20001,181,2.4
211,22001,181,2.2
211,24001,181,2.2
211,26001,181,2.3
211,28001,181,2.3
211,30001,181,2.4
211,32001,181,2.4
211,34001,181,2.4
211,36001,181,2.4
211,38001,181,2.4
211,40001,181,2.4
211,42001,181,2.5
211,44001,181,2.4
211,46001,181,2.4
211,48001,181,2.4
211,50001,181,2.5
211,52001,181,2.4
211,54001,181,2.4
211,56001,181,2.5
211,58001,181,2.4
211,60001,181,2.4
211,62001,181,2.3
211,64001,181,2.2
211,65535,181,2.2
211,1,191,2.2
211,2001,191,2.2
211,4001,191,2.4
211,6001,191,2.4
211,8001,191,2.4
211,10001,191,2.4
211,12001,191,2.4
211,14001,191,2.4
211,16001,191,2.4
211,18001,191,2.4
211,20001,191,2.3
211,22001,191,2.2
211,24001,191,2.2
211,26001,191,2.2
211,28001,191,2.3
211,30001,191,2.4
211,32001,191,2.4
211,34001,191,2.4
211,36001,191,2.4
211,38001,191,2.4
211,40001,191,2.5
211,42001,191,2.5
211,44001,191,2.4
211,46001,191,2.4
211,48001,191,2.4
211,50001,191,2.4
211,52001,191,2.4
211,54001,191,2.5
211,56001,191,2.4
211,58001,191,2.4
211,60001,191,2.3
211,62001,191,2.3
211,64001,191,2.2
211,65535,191,2.2
211,1,201,2.1
211,2001,201,2.2
211,4001,201,2.4
211,6001,201,2.4
211,8001,201,2.4
211,10001,201,2.4
211,12001,201,2.4
211,14001,201,2.4
211,16001,201,2.4
211,18001,201,2.4
211,20001,201,2.3
211,22001,201,2.3
211,24001,201,2.2
211,26001,201,2.3
211,28001,201,2.2
211,30001,201,2.4
211,32001,201,2.4
211,34001,201,2.4
211,36001,201,2.4
211,38001,201,2.4
211,40001,201,2.4
211,42001,201,2.5
211,44001,201,2.4
211,46001,201,2.4
211,48001,201,2.4
211,50001,201,2.4
211,52001,201,2.4
211,54001,201,2.4
211,56001,201,2.4
211,58001,201,2.4
211,60001,201,2.3
211,62001,201,2.3
211,64001,201,2.2
211,65535,201,2.2
211,1,211,2.1
211,2001,211,2.1
211,4001,211,2.4
211,6001,211,2.4
211,8001,211,2.4
211,10001,211,2.4
211,12001,211,2.4
211,14001,211,2.4
211,16001,211,2.4
211,18001,211,2.4
211,20001,211,2.2
211,22001,211,2.2
211,24001,211,2.1
211,26001,211,2.1
211,28001,211,2.2
211,30001,211,2.4
211,32001,211,2.4
211,34001,211,2.4
211,36001,211,2.4
211,38001,211,2.4
211,40001,211,2.5
211,42001,211,2.4
211,44001,211,2.3
211,46001,211,2.3
211,48001,211,2.5
211,50001,211,2.5
211,52001,211,2.4
211,54001,211,2.4
211,56001,211,2.4
211,58001,211,2.4
211,60001,211,2.3
211,62001,211,2.3
211,64001,211,2.2
211,65535,211,2.1
211,1,221,2.1
211,2001,221,2.1
211,4001,221,2.3
211,6001,221,2.4
211,8001,221,2.5
211,10001,221,2.4
211,12001,221,2.4
211,14001,221,2.4
211,16001,221,2.4
211,18001,221,2.4
211,20001,221,2.2
211,22001,221,2.2
211,24001,221,2.1
211,26001,221,2.1
211,28001,221,2.2
211,30001,221,2.4
211,32001,221,2.4
211,34001,221,2.4
211,36001,221,2.4
211,38001,221,2.4
211,40001,221,2.4
211,42001,221,2.4
211,44001,221,2.3
211,46001,221,2.4
211,48001,221,2.5
211,50001,221,2.5
211,52001,221,2.4
211,54001,221,2.4
211,56001,221,2.4
211,58001,221,2.4
211,60001,221,2.3
211,62001,221,2.2
211,64001,221,2.1
211,65535,221,2.1
211,1,231,2.1
211,2001,231,2.1
211,4001,231,2.3
211,6001,231,2.4
211,8001,231,2.4
211,10001,231,2.4
211,12001,231,2.4
211,14001,231,2.5
211,16001,231,2.4
211,18001,231,2.4
211,20001,231,2.2
211,22001,231,2.2
211,24001,231,2.1
211,26001,231,2.1
211,28001,231,2.2
211,30001,231,2.4
211,32001,231,2.4
211,34001,231,2.4
211,36001,231,2.4
211,38001,231,2.4
211,40001,231,2.4
211,42001,231,2.5
211,44001,231,2.2
211,46001,231,2.4
211,48001,231,2.4
211,50001,231,2.4
211,52001,231,2.4
211,54001,231,2.4
211,56001,231,2.4
211,58001,231,2.4
211,60001,231,2.2
211,62001,231,2.2
211,64001,231,2.1
211,65535,231,2.1
211,1,241,2.1
211,2001,241,2.1
211,4001,241,2.3
211,6001,241,2.4
211,8001,241,2.4
211,10001,241,2.4
211,12001,241,2.4
211,14001,241,2.4
211,16001,241,2.4
211,18001,241,2.3
211,20001,241,2.1
211,22001,241,2.1
211,24001,241,2.1
211,26001,241,2.1
211,28001,241,2.2
211,30001,241,2.4
211,32001,241,2.4
211,34001,241,2.4
211,36001,241,2.4
211,38001,241,2.4
211,40001,241,2.4
211,42001,241,2.4
211,44001,241,2.2
211,46001,241,2.3
211,48001,241,2.4
211,50001,241,2.4
211,52001,241,2.4
211,54001,241,2.5
211,56001,241,2.4
211,58001,241,2.5
211,60001,241,2.2
211,62001,241,2.2
211,64001,241,2.1
211,65535,241,2.1
211,1,251,2.0
211,2001,251,2.1
211,4001,251,2.2
211,6001,251,2.4
211,8001,251,2.4
211,10001,251,2.4
211,12001,251,2.4
211,14001,251,2.4
211,16001,251,2.4
211,18001,251,2.3
211,20001,251,2.1
211,22001,251,2.1
211,24001,251,2.1
211,26001,251,2.1
211,28001,251,2.2
211,30001,251,2.4
211,32001,251,2.4
211,34001,251,2.4
211,36001,251,2.4
211,38001,251,2.4
211,40001,251,2.5
211,42001,251,2.4
211,44001,251,2.2
211,46001,251,2.2
211,48001,251,2.4
211,50001,251,2.4
211,52001,251,2.4
211,54001,251,2.4
211,56001,251,2.4
211,58001,251,2.4
211,60001,251,2.2
211,62001,251,2.2
211,64001,251,2.1
211,65535,251,2.1
211,1,254,2.1
211,2001,254,2.1
211,4001,254,2.2
211,6001,254,2.4
211,8001,254,2.4
211,10001,254,2.4
211,12001,254,2.4
211,14001,254,2.4
211,16001,254,2.4
211,18001,254,2.2
211,20001,254,2.1
211,22001,254,2.1
211,24001,254,2.1
211,26001,254,2.1
211,28001,254,2.2
211,30001,254,2.3
211,32001,254,2.4
211,34001,254,2.4
211,36001,254,2.5
211,38001,254,2.4
211,40001,254,2.4
211,42001,254,2.2
211,44001,254,2.2
211,46001,254,2.2
211,48001,254,2.4
211,50001,254,2.4
211,52001,254,2.4
211,54001,254,2.4
211,56001,254,2.5
211,58001,254,2.3
211,60001,254,2.2
211,62001,254,2.1
211,64001,254,2.1
211,65535,254,2.1
221,1,1,2.6
221,2001,1,2.6
221,4001,1,2.7
221,6001,1,2.6
221,8001,1,2.6
221,10001,1,2.6
221,12001,1,2.6
221,14001,1,2.6
221,16001,1,2.6
221,18001,1,2.6
221,20001,1,2.6
221,22001,1,2.6
221,24001,1,2.6
221,26001,1,2.6
221,28001,1,2.6
221,30001,1,2.7
221,32001,1,2.6
221,34001,1,2.6
221,36001,1,2.6
221,38001,1,2.6
221,40001,1,2.6
221,42001,1,2.7
221,44001,1,2.6
221,46001,1,2.6
221,48001,1,2.6
221,50001,1,2.6
221,52001,1,2.6
221,54001,1,2.6
221,56001,1,2.6
221,58001,1,2.6
221,60001,1,2.6
221,62001,1,2.6
221,64001,1,2.6
221,65535,1,2.6
221,1,11,2.6
221,2001,11,2.6
221,4001,11,2.6
221,6001,11,2.6
221,8001,11,2.6
221,10001,11,2.6
221,12001,11,2.6
221,14001,11,2.6
221,16001,11,2.6
221,18001,11,2.7
221,20001,11,2.6
221,22001,11,2.6
221,24001,11,2.6
221,26001,11,2.6
221,28001,11,2.6
221,30001,11,2.6
221,32001,11,2.6
221,34001,11,2.6
221,36001,11,2.6
221,38001,11,2.6
221,40001,11,2.6
221,42001,11,2.6
221,44001,11,2.6
221,46001,11,2.6
221,48001,11,2.6
221,50001,11,2.6
221,52001,11,2.6
221,54001,11,2.7
221,56001,11,2.6
221,58001,11,2.6
221,60001,11,2.6
221,62001,11,2.6
221,64001,11,2.6
221,65535,11,2.6
221,1,21,2.6
221,2001,21,2.7
221,4001,21,2.6
221,6001,21,2.6
221,8001,21,2.6
221,10001,21,2.6
221,12001,21,2.6
221,14001,21,2.6
221,16001,21,2.6
221,18001,21,2.6
221,20001,21,2.6
221,22001,21,2.6
221,24001,21,2.6
221,26001,21,2.6
221,28001,21,2.6
221,30001,21,2.6
221,32001,21,2.7
221,34001,21,2.6
221,36001,21,2.6
221,38001,21,2.6
221,40001,21,2.6
221,42001,21,2.6
221,44001,21,2.6
221,46001,21,2.6
221,48001,21,2.6
221,50001,21,2.6
221,52001,21,2.6
221,54001,21,2.6
221,56001,21,2.6
221,58001,21,2.6
221,60001,21,2.6
221,62001,21,2.6
221,64001,21,2.6
221,65535,21,2.6
221,1,31,2.6
221,2001,31,2.6
221,4001,31,2.6
221,6001,31,2.6
221,8001,31,2.6
221,10001,31,2.6
221,12001,31,2.6
221,14001,31,2.6
221,16001,31,2.6
221,18001,31,2.6
221,20001,31,2.6
221,22001,31,2.6
221,24001,31,2.6
221,26001,31,2.6
221,28001,31,2.6
221,30001,31,2.6
221,32001,31,2.7
221,34001,31,2.7
221,36001,31,2.6
221,38001,31,2.6
221,40001,31,2.6
221,42001,31,2.6
221,44001,31,2.6
221,46001,31,2.6
221,48001,31,2.6
221,50001,31,2.7
221,52001,31,2.6
221,54001,31,2.6
221,56001,31,2.6
221,58001,31,2.6
221,60001,31,2.7
221,62001,31,2.6
221,64001,31,2.6
221,65535,31,2.6
221,1,41,2.6
221,2001,41,2.6
221,4001,41,2.6
221,6001,41,2.6
221,8001,41,2.6
221,10001,41,2.6
221,12001,41,2.6
221,14001,41,2.6
221,16001,41,2.6
221,18001,41,2.6
221,20001,41,2.6
221,22001,41,2.6
221,24001,41,2.6
221,26001,41,2.6
221,28001,41,2.6
221,30001,41,2.6
221,32001,41,2.6
221,34001,41,2.6
221,36001,41,2.6
221,38001,41,2.6
221,40001,41,2.6
221,42001,41,2.6
221,44001,41,2.7
221,46001,41,2.6
221,48001,41,2.7
221,50001,41,2.6
221,52001,41,2.6
221,54001,41,2.6
221,56001,41,2.6
221,58001,41,2.6
221,60001,41,2.6
221,62001,41,2.6
221,64001,41,2.6
221,65535,41,2.6
221,1,51,2.6
221,2001,51,2.6
221,4001,51,2.6
221,6001,51,2.6
221,8001,51,2.6
221,10001,51,2.6
221,12001,51,2.6
221,14001,51,2.6
221,16001,51,2.6
221,18001,51,2.6
221,20001,51,2.6
221,22001,51,2.6
221,24001,51,2.6
221,26001,51,2.6
221,28001,51,2.6
221,30001,51,2.6
221,32001,51,2.6
221,34001,51,2.6
221,36001,51,2.6
221,38001,51,2.6
221,40001,51,2.6
221,42001,51,2.6
221,44001,51,2.6
221,46001,51,2.7
221,48001,51,2.6
221,50001,51,2.6
221,52001,51,2.6
221,54001,51,2.6
221,56001,51,2.6
221,58001,51,2.6
221,60001,51,2.6
221,62001,51,2.6
221,64001,51,2.6
221,65535,51,2.6
221,1,61,2.6
221,2001,61,2.6
221,4001,61,2.6
221,6001,61,2.6
221,8001,61,2.7
221,10001,61,2.6
221,12001,61,2.6
221,14001,61,2.6
221,16001,61,2.6
221,18001,61,2.6
221,20001,61,2.6
221,22001,61,2.6
221,24001,61,2.6
221,26001,61,2.6
221,28001,61,2.6
221,30001,61,2.6
221,32001,61,2.7
221,34001,61,2.6
221,36001,61,2.6
221,38001,61,2.6
221,40001,61,2.6
221,42001,61,2.6
221,44001,61,2.6
221,46001,61,2.6
221,48001,61,2.7
221,50001,61,2.6
221,52001,61,2.6
221,54001,61,2.6
221,56001,61,2.6
221,58001,61,2.6
221,60001,61,2.7
221,62001,61,2.6
221,64001,61,2.6
221,65535,61,2.6
221,1,71,2.6
221,2001,71,2.6
221,4001,71,2.6
221,6001,71,2.6
221,8001,71,2.6
221,10001,71,2.6
221,12001,71,2.6
221,14001,71,2.6
221,16001,71,2.6
221,18001,71,2.6
221,20001,71,2.6
221,22001,71,2.6
221,24001,71,2.6
221,26001,71,2.6
221,28001,71,2.6
221,30001,71,2.6
221,32001,71,2.7
221,34001,71,2.6
221,36001,71,2.6
221,38001,71,2.6
221,40001,71,2.6
221,42001,71,2.6
221,44001,71,2.6
221,46001,71,2.6
221,48001,71,2.6
221,50001,71,2.6
221,52001,71,2.6
221,54001,71,2.6
221,56001,71,2.6
221,58001,71,2.6
221,60001,71,2.6
221,62001,71,2.6
221,64001,71,2.6
221,65535,71,2.6
221,1,81,2.6
221,2001,81,2.6
221,4001,81,2.6
221,6001,81,2.6
221,8001,81,2.6
221,10001,81,2.6
221,12001,81,2.6
221,14001,81,2.6
221,16001,81,2.6
221,18001,81,2.6
221,20001,81,2.6
221,22001,81,2.6
221,24001,81,2.6
221,26001,81,2.6
221,28001,81,2.6
221,30001,81,2.6
221,32001,81,2.6
221,34001,81,2.6
221,36001,81,2.6
221,38001,81,2.6
221,40001,81,2.6
221,42001,81,2.6
221,44001,81,2.6
221,46001,81,2.7
221,48001,81,2.6
221,50001,81,2.6
221,52001,81,2.6
221,54001,81,2.6
221,56001,81,2.6
221,58001,81,2.6
221,60001,81,2.6
221,62001,81,2.6
221,64001,81,2.6
221,65535,81,2.6
221,1,91,2.6
221,2001,91,2.6
221,4001,91,2.7
221,6001,91,2.7
221,8001,91,2.6
221,10001,91,2.6
221,12001,91,2.6
221,14001,91,2.6
221,16001,91,2.6
221,18001,91,2.6
221,20001,91,2.6
221,22001,91,2.6
221,24001,91,2.6
221,26001,91,2.6
221,28001,91,2.6
221,30001,91,2.6
221,32001,91,2.6
221,34001,91,2.6
221,36001,91,2.6
221,38001,91,2.6
221,40001,91,2.6
221,42001,91,2.7
221,44001,91,2.6
221,46001,91,2.6
221,48001,91,2.6
221,50001,91,2.6
221,52001,91,2.6
221,54001,91,2.6
221,56001,91,2.6
221,58001,91,2.6
221,60001,91,2.6
221,62001,91,2.6
221,64001,91,2.6
221,65535,91,2.6
221,1,101,2.6
221,2001,101,2.6
221,4001,101,2.6
221,6001,101,2.6
221,8001,101,2.6
221,10001,101,2.6
221,12001,101,2.6
221,14001,101,2.6
221,16001,101,2.6
221,18001,101,2.6
221,20001,101,2.6
221,22001,101,2.6
221,24001,101,2.6
221,26001,101,2.6
221,28001,101,2.6
221,30001,101,2.6
221,32001,101,2.6
221,34001,101,2.6
221,36001,101,2.6
221,38001,101,2.6
221,40001,101,2.6
221,42001,101,2.6
221,44001,101,2.6
221,46001,101,2.7
221,48001,101,2.7
221,50001,101,2.6
221,52001,101,2.6
221,54001,101,2.6
221,56001,101,2.6
221,58001,101,2.6
221,60001,101,2.6
221,62001,101,2.6
221,64001,101,2.6
221,65535,101,2.6
221,1,111,2.6
221,2001,111,2.6
221,4001,111,2.6
221,6001,111,2.6
221,8001,111,2.6
221,10001,111,2.6
221,12001,111,2.6
221,14001,111,2.6
221,16001,111,2.6
221,18001,111,2.6
221,20001,111,2.6
221,22001,111,2.6
221,24001,111,2.6
221,26001,111,2.6
221,28001,111,2.6
221,30001,111,2.6
221,32001,111,2.6
221,34001,111,2.6
221,36001,111,2.6
221,38001,111,2.6
221,40001,111,2.6
221,42001,111,2.7
221,44001,111,2.7
221,46001,111,2.7
221,48001,111,2.6
221,50001,111,2.6
221,52001,111,2.7
221,54001,111,2.6
221,56001,111,2.6
221,58001,111,2.6
221,60001,111,2.7
221,62001,111,2.6
221,64001,111,2.6
221,65535,111,2.6
221,1,121,2.6
221,2001,121,2.6
221,4001,121,2.6
221,6001,121,2.6
221,8001,121,2.6
221,10001,121,2.6
221,12001,121,2.6
221,14001,121,2.6
221,16001,121,2.6
221,18001,121,2.6
221,20001,121,2.6
221,22001,121,2.6
221,24001,121,2.6
221,26001,121,2.6
221,28001,121,2.6
221,30001,121,2.6
221,32001,121,2.6
221,34001,121,2.6
221,36001,121,2.6
221,38001,121,2.7
221,40001,121,2.6
221,42001,121,2.6
221,44001,121,2.6
221,46001,121,2.6
221,48001,121,2.6
221,50001,121,2.6
221,52001,121,2.6
221,54001,121,2.6
221,56001,121,2.6
221,58001,121,2.6
221,60001,121,2.6
221,62001,121,2.6
221,64001,121,2.6
221,65535,121,2.6
221,1,131,2.6
221,2001,131,2.6
221,4001,131,2.6
221,6001,131,2.6
221,8001,131,2.6
221,10001,131,2.6
221,12001,131,2.6
221,14001,131,2.6
221,16001,131,2.6
221,18001,131,2.6
221,20001,131,2.6
221,22001,131,2.6
221,24001,131,2.6
221,26001,131,2.6
221,28001,131,2.6
221,30001,131,2.6
221,32001,131,2.6
221,34001,131,2.6
221,36001,131,2.6
221,38001,131,2.6
221,40001,131,2.6
221,42001,131,2.7
221,44001,131,2.7
221,46001,131,2.6
221,48001,131,2.6
221,50001,131,2.7
221,52001,131,2.7
221,54001,131,2.6
221,56001,131,2.6
221,58001,131,2.6
221,60001,131,2.7
221,62001,131,2.6
221,64001,131,2.6
221,65535,131,2.6
221,1,141,2.6
221,2001,141,2.6
221,4001,141,2.6
221,6001,141,2.6
221,8001,141,2.6
221,10001,141,2.6
221,12001,141,2.6
221,14001,141,2.6
221,16001,141,2.6
221,18001,141,2.6
221,20001,141,2.6
221,22001,141,2.6
221,24001,141,2.6
221,26001,141,2.6
221,28001,141,2.6
221,30001,141,2.6
221,32001,141,2.6
221,34001,141,2.6
221,36001,141,2.6
221,38001,141,2.6
221,40001,141,2.7
221,42001,141,2.6
221,44001,141,2.6
221,46001,141,2.6
221,48001,141,2.6
221,50001,141,2.6
221,52001,141,2.6
221,54001,141,2.6
221,56001,141,2.6
221,58001,141,2.6
221,60001,141,2.6
221,62001,141,2.6
221,64001,141,2.6
221,65535,141,2.6
221,1,151,2.5
221,2001,151,2.5
221,4001,151,2.6
221,6001,151,2.6
221,8001,151,2.6
221,10001,151,2.6
221,12001,151,2.7
221,14001,151,2.6
221,16001,151,2.6
221,18001,151,2.6
221,20001,151,2.6
221,22001,151,2.6
221,24001,151,2.6
221,26001,151,2.6
221,28001,151,2.6
221,30001,151,2.6
221,32001,151,2.6
221,34001,151,2.6
221,36001,151,2.6
221,38001,151,2.6
221,40001,151,2.6
221,42001,151,2.6
221,44001,151,2.6
221,46001,151,2.6
221,48001,151,2.6
221,50001,151,2.6
221,52001,151,2.6
221,54001,151,2.6
221,56001,151,2.6
221,58001,151,2.6
221,60001,151,2.6
221,62001,151,2.6
221,64001,151,2.6
221,65535,151,2.6
221,1,161,2.5
221,2001,161,2.5
221,4001,161,2.6
221,6001,161,2.6
221,8001,161,2.6
221,10001,161,2.6
221,12001,161,2.6
221,14001,161,2.6
221,16001,161,2.6
221,18001,161,2.6
221,20001,161,2.6
221,22001,161,2.6
221,24001,161,2.5
221,26001,161,2.6
221,28001,161,2.6
221,30001,161,2.6
221,32001,161,2.6
221,34001,161,2.6
221,36001,161,2.6
221,38001,161,2.6
221,40001,161,2.7
221,42001,161,2.6
221,44001,161,2.6
221,46001,161,2.6
221,48001,161,2.6
221,50001,161,2.6
221,52001,161,2.6
221,54001,161,2.6
221,56001,161,2.6
221,58001,161,2.6
221,60001,161,2.7
221,62001,161,2.6
221,64001,161,2.5
221,65535,161,2.5
221,1,171,2.4
221,2001,171,2.5
221,4001,171,2.6
221,6001,171,2.6
221,8001,171,2.6
221,10001,171,2.6
221,12001,171,2.6
221,14001,171,2.6
221,16001,171,2.6
221,18001,171,2.6
221,20001,171,2.6
221,22001,171,2.5
221,24001,171,2.5
221,26001,171,2.6
221,28001,171,2.6
221,30001,171,2.6
221,32001,171,2.6
221,34001,171,2.6
221,36001,171,2.6
221,38001,171,2.6
221,40001,171,2.6
221,42001,171,2.6
221,44001,171,2.6
221,46001,171,2.6
221,48001,171,2.6
221,50001,171,2.6
221,52001,171,2.6
221,54001,171,2.6
221,56001,171,2.6
221,58001,171,2.6
221,60001,171,2.6
221,62001,171,2.6
221,64001,171,2.5
221,65535,171,2.4
221,1,181,2.4
221,2001,181,2.4
221,4001,181,2.5
221,6001,181,2.6
221,8001,181,2.6
221,10001,181,2.6
221,12001,181,2.6
221,14001,181,2.6
221,16001,181,2.6
221,18001,181,2.6
221,20001,181,2.6
221,22001,181,2.4
221,24001,181,2.4
221,26001,181,2.5
221,28001,181,2.5
221,30001,181,2.6
221,32001,181,2.6
221,34001,181,2.7
221,36001,181,2.6
221,38001,181,2.6
221,40001,181,2.6
221,42001,181,2.6
221,44001,181,2.6
221,46001,181,2.6
221,48001,181,2.6
221,50001,181,2.7
221,52001,181,2.6
221,54001,181,2.6
221,56001,181,2.6
221,58001,181,2.6
221,60001,181,2.6
221,62001,181,2.5
221,64001,181,2.4
221,65535,181,2.4
221,1,191,2.3
221,2001,191,2.4
221,4001,191,2.6
221,6001,191,2.6
221,8001,191,2.6
221,10001,191,2.6
221,12001,191,2.6
221,14001,191,2.6
221,16001,191,2.6
221,18001,191,2.6
221,20001,191,2.5
221,22001,191,2.3
221,24001,191,2.4
221,26001,191,2.5
221,28001,191,2.4
221,30001,191,2.6
221,32001,191,2.6
221,34001,191,2.6
221,36001,191,2.6
221,38001,191,2.6
221,40001,191,2.6
221,42001,191,2.6
221,44001,191,2.6
221,46001,191,2.6
221,48001,191,2.6
221,50001,191,2.7
221,52001,191,2.6
221,54001,191,2.6
221,56001,191,2.6
221,58001,191,2.6
221,60001,191,2.5
221,62001,191,2.4
221,64001,191,2.4
221,65535,191,2.4
221,1,201,2.3
221,2001,201,2.3
221,4001,201,2.6
221,6001,201,2.6
221,8001,201,2.6
221,10001,201,2.6
221,12001,201,2.6
221,14001,201,2.6
221,16001,201,2.6
221,18001,201,2.6
221,20001,201,2.4
221,22001,201,2.3
221,24001,201,2.3
221,26001,201,2.4
221,28001,201,2.4
221,30001,201,2.6
221,32001,201,2.6
221,34001,201,2.6
221,36001,201,2.6
221,38001,201,2.6
221,40001,201,2.7
221,42001,201,2.6
221,44001,201,2.6
221,46001,201,2.6
221,48001,201,2.6
221,50001,201,2.6
221,52001,201,2.6
221,54001,201,2.6
221,56001,201,2.6
221,58001,201,2.6
221,60001,201,2.5
221,62001,201,2.5
221,64001,201,2.3
221,65535,201,2.3
221,1,211,2.3
221,2001,211,2.3
221,4001,211,2.5
221,6001,211,2.6
221,8001,211,2.6
221,10001,211,2.6
221,12001,211,2.6
221,14001,211,2.6
221,16001,211,2.6
221,18001,211,2.6
221,20001,211,2.4
221,22001,211,2.3
221,24001,211,2.3
221,26001,211,2.4
221,28001,211,2.4
221,30001,211,2.6
221,32001,211,2.6
221,34001,211,2.6
221,36001,211,2.6
221,38001,211,2.6
221,40001,211,2.6
221,42001,211,2.6
221,44001,211,2.5
221,46001,211,2.5
221,48001,211,2.6
221,50001,211,2.7
221,52001,211,2.6
221,54001,211,2.6
221,56001,211,2.6
221,58001,211,2.6
221,60001,211,2.5
221,62001,211,2.4
221,64001,211,2.3
221,65535,211,2.3
221,1,221,2.3
221,2001,221,2.3
221,4001,221,2.5
221,6001,221,2.6
221,8001,221,2.6
221,10001,221,2.6
221,12001,221,2.6
221,14001,221,2.6
221,16001,221,2.6
221,18001,221,2.6
221,20001,221,2.3
221,22001,221,2.4
221,24001,221,2.3
221,26001,221,2.3
221,28001,221,2.4
221,30001,221,2.6
221,32001,221,2.6
221,34001,221,2.6
221,36001,221,2.6
221,38001,221,2.6
221,40001,221,2.6
221,42001,221,2.6
221,44001,221,2.4
221,46001,221,2.6
221,48001,221,2.6
221,50001,221,2.6
221,52001,221,2.6
221,54001,221,2.6
221,56001,221,2.6
221,58001,221,2.6
221,60001,221,2.4
221,62001,221,2.4
221,64001,221,2.3
221,65535,221,2.3
221,1,231,2.2
221,2001,231,2.2
221,4001,231,2.4
221,6001,231,2.6
221,8001,231,2.6
221,10001,231,2.6
221,12001,231,2.6
221,14001,231,2.6
221,16001,231,2.6
221,18001,231,2.5
221,20001,231,2.3
221,22001,231,2.3
221,24001,231,2.2
221,26001,231,2.3
221,28001,231,2.4
221,30001,231,2.6
221,32001,231,2.6
221,34001,231,2.6
221,36001,231,2.6
221,38001,231,2.6
221,40001,231,2.6
221,42001,231,2.6
221,44001,231,2.4
221,46001,231,2.6
221,48001,231,2.6
221,50001,231,2.6
221,52001,231,2.6
221,54001,231,2.6
221,56001,231,2.6
221,58001,231,2.6
221,60001,231,2.4
221,62001,231,2.4
221,64001,231,2.3
221,65535,231,2.3
221,1,241,2.2
221,2001,241,2.2
221,4001,241,2.4
221,6001,241,2.6
221,8001,241,2.6
221,10001,241,2.6
221,12001,241,2.6
221,14001,241,2.6
221,16001,241,2.6
221,18001,241,2.5
221,20001,241,2.3
221,22001,241,2.3
221,24001,241,2.3
221,26001,241,2.3
221,28001,241,2.4
221,30001,241,2.5
221,32001,241,2.6
221,34001,241,2.6
221,36001,241,2.6
221,38001,241,2.6
221,40001,241,2.6
221,42001,241,2.6
221,44001,241,2.4
221,46001,241,2.5
221,48001,241,2.6
221,50001,241,2.6
221,52001,241,2.6
221,54001,241,2.6
221,56001,241,2.6
221,58001,241,2.6
221,60001,241,2.4
221,62001,241,2.4
221,64001,241,2.3
221,65535,241,2.3
221,1,251,2.2
221,2001,251,2.2
221,4001,251,2.4
221,6001,251,2.6
221,8001,251,2.6
221,10001,251,2.6
221,12001,251,2.6
221,14001,251,2.6
221,16001,251,2.6
221,18001,251,2.4
221,20001,251,2.3
221,22001,251,2.3
221,24001,251,2.2
221,26001,251,2.2
221,28001,251,2.4
221,30001,251,2.5
221,32001,251,2.6
221,34001,251,2.6
221,36001,251,2.6
221,38001,251,2.6
221,40001,251,2.6
221,42001,251,2.4
221,44001,251,2.3
221,46001,251,2.3
221,48001,251,2.6
221,50001,251,2.6
221,52001,251,2.6
221,54001,251,2.6
221,56001,251,2.6
221,58001,251,2.6
221,60001,251,2.4
221,62001,251,2.4
221,64001,251,2.3
221,65535,251,2.2
221,1,254,2.2
221,2001,254,2.2
221,4001,254,2.3
221,6001,254,2.6
221,8001,254,2.6
221,10001,254,2.6
221,12001,254,2.6
221,14001,254,2.6
221,16001,254,2.6
221,18001,254,2.4
221,20001,254,2.3
221,22001,254,2.3
221,24001,254,2.2
221,26001,254,2.2
221,28001,254,2.4
221,30001,254,2.5
221,32001,254,2.6
221,34001,254,2.6
221,36001,254,2.6
221,38001,254,2.6
221,40001,254,2.6
221,42001,254,2.5
221,44001,254,2.3
221,46001,254,2.3
221,48001,254,2.6
221,50001,254,2.6
221,52001,254,2.7
221,54001,254,2.6
221,56001,254,2.6
221,58001,254,2.6
221,60001,254,2.4
221,62001,254,2.3
221,64001,254,2.3
221,65535,254,2.2
231,1,1,2.8
231,2001,1,2.8
231,4001,1,2.8
231,6001,1,2.9
231,8001,1,2.8
231,10001,1,2.9
231,12001,1,2.8
231,14001,1,2.8
231,16001,1,2.8
231,18001,1,2.8
231,20001,1,2.8
231,22001,1,2.8
231,24001,1,2.8
231,26001,1,2.8
231,28001,1,2.8
231,30001,1,2.9
231,32001,1,2.8
231,34001,1,2.9
231,36001,1,2.8
231,38001,1,2.8
231,40001,1,2.8
231,42001,1,2.8
231,44001,1,2.8
231,46001,1,2.9
231,48001,1,2.8
231,50001,1,2.8
231,52001,1,2.8
231,54001,1,2.8
231,56001,1,2.8
231,58001,1,2.8
231,60001,1,2.9
231,62001,1,2.8
231,64001,1,2.8
231,65535,1,2.8
231,1,11,2.8
231,2001,11,2.8
231,4001,11,2.8
231,6001,11,2.8
231,8001,11,2.8
231,10001,11,2.8
231,12001,11,2.8
231,14001,11,2.9
231,16001,11,2.8
231,18001,11,2.8
231,20001,11,2.9
231,22001,11,2.8
231,24001,11,2.8
231,26001,11,2.8
231,28001,11,2.8
231,30001,11,2.8
231,32001,11,2.8
231,34001,11,2.8
231,36001,11,2.8
231,38001,11,2.8
231,40001,11,2.8
231,42001,11,2.9
231,44001,11,2.8
231,46001,11,2.8
231,48001,11,2.8
231,50001,11,2.8
231,52001,11,2.8
231,54001,11,2.8
231,56001,11,2.8
231,58001,11,2.8
231,60001,11,2.9
231,62001,11,2.8
231,64001,11,2.8
231,65535,11,2.8
231,1,21,2.8
231,2001,21,2.8
231,4001,21,2.8
231,6001,21,2.8
231,8001,21,2.8
231,10001,21,2.8
231,12001,21,2.8
231,14001,21,2.9
231,16001,21,2.8
231,18001,21,2.9
231,20001,21,2.8
231,22001,21,2.8
231,24001,21,2.8
231,26001,21,2.8
231,28001,21,2.8
231,30001,21,2.8
231,32001,21,2.9
231,34001,21,2.8
231,36001,21,2.8
231,38001,21,2.8
231,40001,21,2.8
231,42001,21,2.8
231,44001,21,2.8
231,46001,21,2.8
231,48001,21,2.8
231,50001,21,2.8
231,52001,21,2.8
231,54001,21,2.8
231,56001,21,2.8
231,58001,21,2.9
231,60001,21,2.8
231,62001,21,2.8
231,64001,21,2.8
231,65535,21,2.8
231,1,31,2.8
231,2001,31,2.8
231,4001,31,2.8
231,6001,31,2.8
231,8001,31,2.8
231,10001,31,2.8
231,12001,31,2.8
231,14001,31,2.8
231,16001,31,2.9
231,18001,31,2.8
231,20001,31,2.8
231,22001,31,2.8
231,24001,31,2.8
231,26001,31,2.8
231,28001,31,2.8
231,30001,31,2.8
231,32001,31,2.8
231,34001,31,2.8
231,36001,31,2.8
231,38001,31,2.8
231,40001,31,2.8
231,42001,31,2.8
231,44001,31,2.8
231,46001,31,2.8
231,48001,31,2.8
231,50001,31,2.8
231,52001,31,2.8
231,54001,31,2.8
231,56001,31,2.8
231,58001,31,2.9
231,60001,31,2.8
231,62001,31,2.8
231,64001,31,2.8
231,65535,31,2.8
231,1,41,2.8
231,2001,41,2.8
231,4001,41,2.9
231,6001,41,2.8
231,8001,41,2.8
231,10001,41,2.8
231,12001,41,2.8
231,14001,41,2.8
231,16001,41,2.8
231,18001,41,2.8
231,20001,41,2.9
231,22001,41,2.8
231,24001,41,2.9
231,26001,41,2.8
231,28001,41,2.8
231,30001,41,2.8
231,32001,41,2.8
231,34001,41,2.8
231,36001,41,2.9
231,38001,41,2.8
231,40001,41,2.8
231,42001,41,2.9
231,44001,41,2.8
231,46001,41,2.8
231,48001,41,2.8
231,50001,41,2.8
231,52001,41,2.8
231,54001,41,2.8
231,56001,41,2.8
231,58001,41,2.9
231,60001,41,2.8
231,62001,41,2.8
231,64001,41,2.8
231,65535,41,2.8
231,1,51,2.8
231,2001,51,2.8
231,4001,51,2.8
231,6001,51,2.8
231,8001,51,2.8
231,10001,51,2.8
231,12001,51,2.8
231,14001,51,2.8
231,16001,51,2.8
231,18001,51,2.9
231,20001,51,2.8
231,22001,51,2.8
231,24001,51,2.8
231,26001,51,2.8
231,28001,51,2.8
231,30001,51,2.8
231,32001,51,2.8
231,34001,51,2.9
231,36001,51,2.8
231,38001,51,2.8
231,40001,51,2.8
231,42001,51,2.9
231,44001,51,2.8
231,46001,51,2.8
231,48001,51,2.8
231,50001,51,2.8
231,52001,51,2.8
231,54001,51,2.8
231,56001,51,2.8
231,58001,51,2.8
231,60001,51,2.9
231,62001,51,2.8
231,64001,51,2.8
231,65535,51,2.8
231,1,61,2.8
231,2001,61,2.8
231,4001,61,2.8
231,6001,61,2.8
231,8001,61,2.8
231,10001,61,2.8
231,12001,61,2.8
231,14001,61,2.8
231,16001,61,2.8
231,18001,61,2.8
231,20001,61,2.8
231,22001,61,2.8
231,24001,61,2.8
231,26001,61,2.9
231,28001,61,2.8
231,30001,61,2.8
231,32001,61,2.8
231,34001,61,2.8
231,36001,61,2.8
231,38001,61,2.8
231,40001,61,2.8
231,42001,61,2.8
231,44001,61,2.8
231,46001,61,2.9
231,48001,61,2.8
231,50001,61,2.8
231,52001,61,2.8
231,54001,61,2.9
231,56001,61,2.9
231,58001,61,2.8
231,60001,61,2.8
231,62001,61,2.8
231,64001,61,2.8
231,65535,61,2.8
231,1,71,2.8
231,2001,71,2.5
231,4001,71,2.8
231,6001,71,2.8
231,8001,71,2.8
231,10001,71,2.8
231,12001,71,2.8
231,14001,71,2.8
231,16001,71,2.8
231,18001,71,2.8
231,20001,71,2.8
231,22001,71,2.8
231,24001,71,2.8
231,26001,71,2.8
231,28001,71,2.8
231,30001,71,2.8
231,32001,71,2.8
231,34001,71,2.8
231,36001,71,2.8
231,38001,71,2.8
231,40001,71,2.8
231,42001,71,2.8
231,44001,71,2.8
231,46001,71,2.8
231,48001,71,2.8
231,50001,71,2.8
231,52001,71,2.8
231,54001,71,2.9
231,56001,71,2.8
231,58001,71,2.8
231,60001,71,2.8
231,62001,71,2.8
231,64001,71,2.8
231,65535,71,2.8
231,1,81,2.9
231,2001,81,2.8
231,4001,81,2.8
231,6001,81,2.8
231,8001,81,2.8
231,10001,81,2.8
231,12001,81,2.8
231,14001,81,2.8
231,16001,81,2.8
231,18001,81,2.8
231,20001,81,2.8
231,22001,81,2.8
231,24001,81,2.8
231,26001,81,2.8
231,28001,81,2.8
231,30001,81,2.8
231,32001,81,2.8
231,34001,81,2.8
231,36001,81,2.8
231,38001,81,2.9
231,40001,81,2.8
231,42001,81,2.8
231,44001,81,2.8
231,46001,81,2.9
231,48001,81,2.8
231,50001,81,2.8
231,52001,81,2.9
231,54001,81,2.8
231,56001,81,2.8
231,58001,81,2.8
231,60001,81,2.8
231,62001,81,2.8
231,64001,81,2.8
231,65535,81,2.8
231,1,91,2.8
231,2001,91,2.8
231,4001,91,2.8
231,6001,91,2.8
231,8001,91,2.8
231,10001,91,2.8
231,12001,91,2.8
231,14001,91,2.8
231,16001,91,2.8
231,18001,91,2.8
231,20001,91,2.8
231,22001,91,2.8
231,24001,91,2.8
231,26001,91,2.8
231,28001,91,2.8
231,30001,91,2.8
231,32001,91,2.8
231,34001,91,2.8
231,36001,91,2.8
231,38001,91,2.9
231,40001,91,2.8
231,42001,91,2.8
231,44001,91,2.8
231,46001,91,2.8
231,48001,91,2.9
231,50001,91,2.9
231,52001,91,2.8
231,54001,91,2.8
231,56001,91,2.8
231,58001,91,2.8
231,60001,91,2.8
231,62001,91,2.8
231,64001,91,2.8
231,65535,91,2.8
231,1,101,2.8
231,2001,101,2.8
231,4001,101,2.8
231,6001,101,2.8
231,8001,101,2.8
231,10001,101,2.8
231,12001,101,2.8
231,14001,101,2.8
231,16001,101,2.8
231,18001,101,2.8
231,20001,101,2.8
231,22001,101,2.8
231,24001,101,2.8
231,26001,101,2.8
231,28001,101,2.8
231,30001,101,2.8
231,32001,101,2.8
231,34001,101,2.8
231,36001,101,2.8
231,38001,101,2.8
231,40001,101,2.8
231,42001,101,2.8
231,44001,101,2.9
231,46001,101,2.8
231,48001,101,2.9
231,50001,101,2.8
231,52001,101,2.9
231,54001,101,2.8
231,56001,101,2.8
231,58001,101,2.8
231,60001,101,2.8
231,62001,101,2.8
231,64001,101,2.8
231,65535,101,2.8
231,1,111,2.8
231,2001,111,2.8
231,4001,111,2.8
231,6001,111,2.8
231,8001,111,2.8
231,10001,111,2.8
231,12001,111,2.8
231,14001,111,2.8
231,16001,111,2.8
231,18001,111,2.8
231,20001,111,2.8
231,22001,111,2.8
231,24001,111,2.8
231,26001,111,2.8
231,28001,111,2.8
231,30001,111,2.8
231,32001,111,2.8
231,34001,111,2.9
231,36001,111,2.8
231,38001,111,2.8
231,40001,111,2.8
231,42001,111,2.8
231,44001,111,2.8
231,46001,111,2.8
231,48001,111,2.9
231,50001,111,2.8
231,52001,111,2.8
231,54001,111,2.8
231,56001,111,2.8
231,58001,111,2.8
231,60001,111,2.8
231,62001,111,2.8
231,64001,111,2.8
231,65535,111,2.8
231,1,121,2.8
231,2001,121,2.8
231,4001,121,2.8
231,6001,121,2.8
231,8001,121,2.8
231,10001,121,2.8
231,12001,121,2.8
231,14001,121,2.8
231,16001,121,2.8
231,18001,121,2.8
231,20001,121,2.8
231,22001,121,2.8
231,24001,121,2.8
231,26001,121,2.8
231,28001,121,2.8
231,30001,121,2.8
231,32001,121,2.8
231,34001,121,2.8
231,36001,121,2.8
231,38001,121,2.9
231,40001,121,2.8
231,42001,121,2.9
231,44001,121,2.8
231,46001,121,2.8
231,48001,121,2.8
231,50001,121,2.8
231,52001,121,2.8
231,54001,121,2.8
231,56001,121,2.8
231,58001,121,2.8
231,60001,121,2.8
231,62001,121,2.8
231,64001,121,2.8
231,65535,121,2.8
231,1,131,2.8
231,2001,131,2.8
231,4001,131,2.8
231,6001,131,2.8
231,8001,131,2.8
231,10001,131,2.8
231,12001,131,2.8
231,14001,131,2.8
231,16001,131,2.8
231,18001,131,2.8
231,20001,131,2.8
231,22001,131,2.8
231,24001,131,2.8
231,26001,131,2.8
231,28001,131,2.8
231,30001,131,2.8
231,32001,131,2.8
231,34001,131,2.8
231,36001,131,2.8
231,38001,131,2.8
231,40001,131,2.8
231,42001,131,2.9
231,44001,131,2.9
231,46001,131,2.8
231,48001,131,2.8
231,50001,131,2.8
231,52001,131,2.8
231,54001,131,2.8
231,56001,131,2.8
231,58001,131,2.8
231,60001,131,2.8
231,62001,131,2.9
231,64001,131,2.8
231,65535,131,2.8
231,1,141,2.8
231,2001,141,2.8
231,4001,141,2.8
231,6001,141,2.8
231,8001,141,2.8
231,10001,141,2.8
231,12001,141,2.8
231,14001,141,2.8
231,16001,141,2.8
231,18001,141,2.8
231,20001,141,2.8
231,22001,141,2.8
231,24001,141,2.8
231,26001,141,2.8
231,28001,141,2.8
231,30001,141,2.8
231,32001,141,2.8
231,34001,141,2.8
231,36001,141,2.8
231,38001,141,2.8
231,40001,141,2.8
231,42001,141,2.8
231,44001,141,2.8
231,46001,141,2.8
231,48001,141,2.9
231,50001,141,2.8
231,52001,141,2.9
231,54001,141,2.8
231,56001,141,2.8
231,58001,141,2.8
231,60001,141,2.8
231,62001,141,2.8
231,64001,141,2.8
231,65535,141,2.8
231,1,151,2.7
231,2001,151,2.8
231,4001,151,2.8
231,6001,151,2.8
231,8001,151,2.8
231,10001,151,2.8
231,12001,151,2.8
231,14001,151,2.8
231,16001,151,2.8
231,18001,151,2.8
231,20001,151,2.8
231,22001,151,2.8
231,24001,151,2.8
231,26001,151,2.8
231,28001,151,2.8
231,30001,151,2.8
231,32001,151,2.8
231,34001,151,2.8
231,36001,151,2.8
231,38001,151,2.9
231,40001,151,2.8
231,42001,151,2.8
231,44001,151,2.8
231,46001,151,2.8
231,48001,151,2.8
231,50001,151,2.8
231,52001,151,2.8
231,54001,151,2.8
231,56001,151,2.8
231,58001,151,2.8
231,60001,151,2.8
231,62001,151,2.8
231,64001,151,2.8
231,65535,151,2.7
231,1,161,2.6
231,2001,161,2.7
231,4001,161,2.8
231,6001,161,2.8
231,8001,161,2.8
231,10001,161,2.8
231,12001,161,2.8
231,14001,161,2.8
231,16001,161,2.8
231,18001,161,2.8
231,20001,161,2.8
231,22001,161,2.7
231,24001,161,2.7
231,26001,161,2.8
231,28001,161,2.8
231,30001,161,2.8
231,32001,161,2.8
231,34001,161,2.8
231,36001,161,2.8
231,38001,161,2.9
231,40001,161,2.8
231,42001,161,2.8
231,44001,161,2.8
231,46001,161,2.8
231,48001,161,2.8
231,50001,161,2.8
231,52001,161,2.8
231,54001,161,2.8
231,56001,161,2.8
231,58001,161,2.8
231,60001,161,2.8
231,62001,161,2.8
231,64001,161,2.7
231,65535,161,2.7
231,1,171,2.6
231,2001,171,2.7
231,4001,171,2.8
231,6001,171,2.8
231,8001,171,2.8
231,10001,171,2.8
231,12001,171,2.8
231,14001,171,2.8
231,16001,171,2.8
231,18001,171,2.8
231,20001,171,2.8
231,22001,171,2.7
231,24001,171,2.6
231,26001,171,2.8
231,28001,171,2.8
231,30001,171,2.8
231,32001,171,2.8
231,34001,171,2.8
231,36001,171,2.8
231,38001,171,2.8
231,40001,171,2.8
231,42001,171,2.8
231,44001,171,2.8
231,46001,171,2.8
231,48001,171,2.8
231,50001,171,2.8
231,52001,171,2.8
231,54001,171,2.9
231,56001,171,2.8
231,58001,171,2.8
231,60001,171,2.8
231,62001,171,2.7
231,64001,171,2.7
231,65535,171,2.6
231,1,181,2.5
231,2001,181,2.7
231,4001,181,2.8
231,6001,181,2.8
231,8001,181,2.8
231,10001,181,2.8
231,12001,181,2.8
231,14001,181,2.8
231,16001,181,2.8
231,18001,181,2.8
231,20001,181,2.8
231,22001,181,2.6
231,24001,181,2.6
231,26001,181,2.7
231,28001,181,2.7
231,30001,181,2.8
231,32001,181,2.8
231,34001,181,2.8
231,36001,181,2.8
231,38001,181,2.8
231,40001,181,2.8
231,42001,181,2.8
231,44001,181,2.9
231,46001,181,2.8
231,48001,181,2.8
231,50001,181,2.8
231,52001,181,2.8
231,54001,181,2.8
231,56001,181,2.8
231,58001,181,2.8
231,60001,181,2.8
231,62001,181,2.7
231,64001,181,2.6
231,65535,181,2.6
231,1,191,2.5
231,2001,191,2.5
231,4001,191,2.8
231,6001,191,2.8
231,8001,191,2.8
231,10001,191,2.8
231,12001,191,2.8
231,14001,191,2.8
231,16001,191,2.8
231,18001,191,2.8
231,20001,191,2.7
231,22001,191,2.5
231,24001,191,2.5
231,26001,191,2.6
231,28001,191,2.8
231,30001,191,2.8
231,32001,191,2.8
231,34001,191,2.8
231,36001,191,2.8
231,38001,191,2.8
231,40001,191,2.8
231,42001,191,2.8
231,44001,191,2.8
231,46001,191,2.9
231,48001,191,2.8
231,50001,191,2.8
231,52001,191,2.8
231,54001,191,2.8
231,56001,191,2.8
231,58001,191,2.8
231,60001,191,2.8
231,62001,191,2.6
231,64001,191,2.5
231,65535,191,2.5
231,1,201,2.4
231,2001,201,2.6
231,4001,201,2.8
231,6001,201,2.8
231,8001,201,2.8
231,10001,201,2.8
231,12001,201,2.8
231,14001,201,2.8
231,16001,201,2.8
231,18001,201,2.8
231,20001,201,2.6
231,22001,201,2.5
231,24001,201,2.5
231,26001,201,2.6
231,28001,201,2.6
231,30001,201,2.8
231,32001,201,2.8
231,34001,201,2.8
231,36001,201,2.8
231,38001,201,2.9
231,40001,201,2.8
231,42001,201,2.8
231,44001,201,2.8
231,46001,201,2.8
231,48001,201,2.8
231,50001,201,2.8
231,52001,201,2.9
231,54001,201,2.8
231,56001,201,2.8
231,58001,201,2.8
231,60001,201,2.7
231,62001,201,2.6
231,64001,201,2.6
231,65535,201,2.5
231,1,211,2.4
231,2001,211,2.4
231,4001,211,2.7
231,6001,211,2.7
231,8001,211,2.8
231,10001,211,2.8
231,12001,211,2.8
231,14001,211,2.8
231,16001,211,2.8
231,18001,211,2.8
231,20001,211,2.6
231,22001,211,2.5
231,24001,211,2.5
231,26001,211,2.6
231,28001,211,2.6
231,30001,211,2.8
231,32001,211,2.8
231,34001,211,2.8
231,36001,211,2.8
231,38001,211,2.8
231,40001,211,2.8
231,42001,211,2.8
231,44001,211,2.9
231,46001,211,2.8
231,48001,211,2.8
231,50001,211,2.8
231,52001,211,2.8
231,54001,211,2.8
231,56001,211,2.8
231,58001,211,2.8
231,60001,211,2.7
231,62001,211,2.5
231,64001,211,2.5
231,65535,211,2.5
231,1,221,2.4
231,2001,221,2.4
231,4001,221,2.7
231,6001,221,2.8
231,8001,221,2.8
231,10001,221,2.8
231,12001,221,2.8
231,14001,221,2.8
231,16001,221,2.8
231,18001,221,2.8
231,20001,221,2.5
231,22001,221,2.4
231,24001,221,2.4
231,26001,221,2.5
231,28001,221,2.6
231,30001,221,2.8
231,32001,221,2.8
231,34001,221,2.8
231,36001,221,2.8
231,38001,221,2.8
231,40001,221,2.8
231,42001,221,2.9
231,44001,221,2.6
231,46001,221,2.8
231,48001,221,2.8
231,50001,221,2.8
231,52001,221,2.8
231,54001,221,2.9
231,56001,221,2.8
231,58001,221,2.8
231,60001,221,2.6
231,62001,221,2.5
231,64001,221,2.5
231,65535,221,2.4
231,1,231,2.4
231,2001,231,2.4
231,4001,231,2.6
231,6001,231,2.8
231,8001,231,2.8
231,10001,231,2.8
231,12001,231,2.8
231,14001,231,2.8
231,16001,231,2.8
231,18001,231,2.7
231,20001,231,2.5
231,22001,231,2.4
231,24001,231,2.4
231,26001,231,2.5
231,28001,231,2.6
231,30001,231,2.8
231,32001,231,2.8
231,34001,231,2.8
231,36001,231,2.8
231,38001,231,2.8
231,40001,231,2.8
231,42001,231,2.7
231,44001,231,2.6
231,46001,231,2.8
231,48001,231,2.8
231,50001,231,2.8
231,52001,231,2.8
231,54001,231,2.8
231,56001,231,2.8
231,58001,231,2.7
231,60001,231,2.6
231,62001,231,2.5
231,64001,231,2.5
231,65535,231,2.4
231,1,241,2.4
231,2001,241,2.4
231,4001,241,2.6
231,6001,241,2.8
231,8001,241,2.8
231,10001,241,2.8
231,12001,241,2.8
231,14001,241,2.8
231,16001,241,2.8
231,18001,241,2.7
231,20001,241,2.5
231,22001,241,2.4
231,24001,241,2.4
231,26001,241,2.5
231,28001,241,2.6
231,30001,241,2.7
231,32001,241,2.7
231,34001,241,2.8
231,36001,241,2.8
231,38001,241,2.8
231,40001,241,2.8
231,42001,241,2.7
231,44001,241,2.5
231,46001,241,2.7
231,48001,241,2.8
231,50001,241,2.9
231,52001,241,2.9
231,54001,241,2.9
231,56001,241,2.8
231,58001,241,2.7
231,60001,241,2.6
231,62001,241,2.5
231,64001,241,2.5
231,65535,241,2.4
231,1,251,2.4
231,2001,251,2.4
231,4001,251,2.6
231,6001,251,2.8
231,8001,251,2.8
231,10001,251,2.8
231,12001,251,2.8
231,14001,251,2.8
231,16001,251,2.8
231,18001,251,2.6
231,20001,251,2.4
231,22001,251,2.4
231,24001,251,2.4
231,26001,251,2.5
231,28001,251,2.6
231,30001,251,2.7
231,32001,251,2.7
231,34001,251,2.8
231,36001,251,2.8
231,38001,251,2.8
231,40001,251,2.8
231,42001,251,2.6
231,44001,251,2.5
231,46001,251,2.6
231,48001,251,2.8
231,50001,251,2.8
231,52001,251,2.8
231,54001,251,2.8
231,56001,251,2.8
231,58001,251,2.7
231,60001,251,2.6
231,62001,251,2.5
231,64001,251,2.5
231,65535,251,2.4
231,1,254,2.4
231,2001,254,2.4
231,4001,254,2.6
231,6001,254,2.8
231,8001,254,2.8
231,10001,254,2.8
231,12001,254,2.8
231,14001,254,2.8
231,16001,254,2.8
231,18001,254,2.6
231,20001,254,2.4
231,22001,254,2.4
231,24001,254,2.4
231,26001,254,2.5
231,28001,254,2.6
231,30001,254,2.7
231,32001,254,2.8
231,34001,254,2.8
231,36001,254,2.8
231,38001,254,2.9
231,40001,254,2.8
231,42001,254,2.6
231,44001,254,2.5
231,46001,254,2.6
231,48001,254,2.8
231,50001,254,2.8
231,52001,254,2.9
231,54001,254,2.8
231,56001,254,2.8
231,58001,254,2.7
231,60001,254,2.7
231,62001,254,2.5
231,64001,254,2.4
231,65535,254,2.4
241,1,1,3.0
241,2001,1,3.1
241,4001,1,3.1
241,6001,1,3.0
241,8001,1,3.0
241,10001,1,3.0
241,12001,1,3.1
241,14001,1,3.1
241,16001,1,3.1
241,18001,1,3.1
241,20001,1,3.1
241,22001,1,3.1
241,24001,1,3.1
241,26001,1,3.0
241,28001,1,3.1
241,30001,1,3.1
241,32001,1,3.0
241,34001,1,3.1
241,36001,1,3.1
241,38001,1,3.1
241,40001,1,3.1
241,42001,1,3.1
241,44001,1,3.1
241,46001,1,3.0
241,48001,1,3.1
241,50001,1,3.1
241,52001,1,3.0
241,54001,1,3.0
241,56001,1,3.0
241,58001,1,3.1
241,60001,1,3.0
241,62001,1,3.0
241,64001,1,3.1
241,65535,1,3.1
241,1,11,3.1
241,2001,11,3.1
241,4001,11,3.1
241,6001,11,3.0
241,8001,11,3.1
241,10001,11,3.0
241,12001,11,3.1
241,14001,11,3.0
241,16001,11,3.1
241,18001,11,3.0
241,20001,11,3.1
241,22001,11,3.1
241,24001,11,3.0
241,26001,11,3.0
241,28001,11,3.1
241,30001,11,3.1
241,32001,11,3.0
241,34001,11,3.0
241,36001,11,3.0
241,38001,11,3.1
241,40001,11,3.1
241,42001,11,3.0
241,44001,11,3.1
241,46001,11,3.0
241,48001,11,3.0
241,50001,11,3.1
241,52001,11,3.1
241,54001,11,3.1
241,56001,11,3.0
241,58001,11,3.1
241,60001,11,3.0
241,62001,11,3.1
241,64001,11,3.0
241,65535,11,3.1
241,1,21,3.0
241,2001,21,3.1
241,4001,21,3.0
241,6001,21,3.1
241,8001,21,3.0
241,10001,21,3.1
241,12001,21,3.1
241,14001,21,3.1
241,16001,21,3.0
241,18001,21,3.1
241,20001,21,3.1
241,22001,21,3.1
241,24001,21,3.0
241,26001,21,3.1
241,28001,21,3.1
241,30001,21,3.0
241,32001,21,3.1
241,34001,21,3.0
241,36001,21,3.0
241,38001,21,3.1
241,40001,21,3.1
241,42001,21,3.0
241,44001,21,3.0
241,46001,21,3.1
241,48001,21,3.1
241,50001,21,3.1
241,52001,21,3.1
241,54001,21,3.1
241,56001,21,3.1
241,58001,21,3.1
241,60001,21,3.0
241,62001,21,3.1
241,64001,21,3.1
241,65535,21,3.0
241,1,31,3.0
241,2001,31,3.0
241,4001,31,3.0
241,6001,31,3.0
241,8001,31,3.0
241,10001,31,3.0
241,12001,31,3.1
241,14001,31,3.1
241,16001,31,3.0
241,18001,31,3.1
241,20001,31,3.0
241,22001,31,3.1
241,24001,31,3.1
241,26001,31,3.0
241,28001,31,3.0
241,30001,31,3.0
241,32001,31,3.1
241,34001,31,3.1
241,36001,31,3.1
241,38001,31,3.0
241,40001,31,3.1
241,42001,31,3.1
241,44001,31,3.1
241,46001,31,3.1
241,48001,31,3.0
241,50001,31,3.0
241,52001,31,3.0
241,54001,31,3.1
241,56001,31,3.0
241,58001,31,3.1
241,60001,31,3.0
241,62001,31,3.0
241,64001,31,3.0
241,65535,31,3.0
241,1,41,3.1
241,2001,41,3.1
241,4001,41,3.0
241,6001,41,3.1
241,8001,41,3.0
241,10001,41,3.0
241,12001,41,3.1
241,14001,41,3.1
241,16001,41,3.1
241,18001,41,3.0
241,20001,41,3.1
241,22001,41,3.1
241,24001,41,3.0
241,26001,41,3.1
241,28001,41,3.1
241,30001,41,3.0
241,32001,41,3.1
241,34001,41,3.1
241,36001,41,3.1
241,38001,41,3.0
241,40001,41,3.0
241,42001,41,3.0
241,44001,41,3.1
241,46001,41,3.1
241,48001,41,3.1
241,50001,41,3.1
241,52001,41,3.1
241,54001,41,3.0
241,56001,41,3.1
241,58001,41,3.1
241,60001,41,3.1
241,62001,41,3.1
241,64001,41,3.1
241,65535,41,3.0
241,1,51,3.1
241,2001,51,3.1
241,4001,51,3.1
241,6001,51,3.1
241,8001,51,3.1
241,10001,51,3.0
241,12001,51,3.0
241,14001,51,3.1
241,16001,51,3.1
241,18001,51,3.1
241,20001,51,3.1
241,22001,51,3.0
241,24001,51,3.0
241,26001,51,3.1
241,28001,51,3.1
241,30001,51,3.1
241,32001,51,3.1
241,34001,51,3.0
241,36001,51,3.1
241,38001,51,3.1
241,40001,51,3.1
241,42001,51,3.1
241,44001,51,3.1
241,46001,51,3.1
241,48001,51,3.1
241,50001,51,3.0
241,52001,51,3.1
241,54001,51,3.1
241,56001,51,3.1
241,58001,51,3.0
241,60001,51,3.1
241,62001,51,3.0
241,64001,51,3.1
241,65535,51,3.0
241,1,61,3.1
241,2001,61,3.1
241,4001,61,3.1
241,6001,61,3.1
241,8001,61,3.0
241,10001,61,3.0
241,12001,61,3.1
241,14001,61,3.1
241,16001,61,3.0
241,18001,61,3.0
241,20001,61,3.0
241,22001,61,3.1
241,24001,61,3.0
241,26001,61,3.1
241,28001,61,3.1
241,30001,61,3.1
241,32001,61,3.0
241,34001,61,3.1
241,36001,61,3.1
241,38001,61,3.1
241,40001,61,3.1
241,42001,61,3.1
241,44001,61,3.1
241,46001,61,3.1
241,48001,61,3.0
241,50001,61,3.1
241,52001,61,3.1
241,54001,61,3.1
241,56001,61,3.1
241,58001,61,3.0
241,60001,61,3.1
241,62001,61,3.0
241,64001,61,3.0
241,65535,61,3.1
241,1,71,3.1
241,2001,71,3.0
241,4001,71,3.1
241,6001,71,3.1
241,8001,71,3.1
241,10001,71,3.0
241,12001,71,3.0
241,14001,71,3.1
241,16001,71,3.1
241,18001,71,3.0
241,20001,71,3.0
241,22001,71,3.0
241,24001,71,3.1
241,26001,71,3.0
241,28001,71,3.1
241,30001,71,3.1
241,32001,71,3.1
241,34001,71,3.1
241,36001,71,3.0
241,38001,71,3.1
241,40001,71,3.1
241,42001,71,3.1
241,44001,71,3.1
241,46001,71,3.1
241,48001,71,3.1
241,50001,71,3.1
241,52001,71,3.0
241,54001,71,3.1
241,56001,71,3.0
241,58001,71,3.1
241,60001,71,3.1
241,62001,71,3.0
241,64001,71,3.1
241,65535,71,3.1
241,1,81,3.1
241,2001,81,3.1
241,4001,81,3.0
241,6001,81,3.1
241,8001,81,3.0
241,10001,81,3.0
241,12001,81,3.1
241,14001,81,3.0
241,16001,81,3.0
241,18001,81,3.0
241,20001,81,3.0
241,22001,81,3.1
241,24001,81,3.0
241,26001,81,3.0
241,28001,81,3.0
241,30001,81,3.1
241,32001,81,3.0
241,34001,81,3.0
241,36001,81,3.1
241,38001,81,3.1
241,40001,81,3.1
241,42001,81,3.1
241,44001,81,3.1
241,46001,81,3.0
241,48001,81,3.1
241,50001,81,3.1
241,52001,81,3.0
241,54001,81,3.1
241,56001,81,3.0
241,58001,81,3.1
241,60001,81,3.1
241,62001,81,3.1
241,64001,81,3.1
241,65535,81,3.1
241,1,91,3.1
241,2001,91,3.1
241,4001,91,3.1
241,6001,91,3.1
241,8001,91,3.1
241,10001,91,3.0
241,12001,91,3.1
241,14001,91,3.1
241,16001,91,3.0
241,18001,91,3.0
241,20001,91,3.0
241,22001,91,3.0
241,24001,91,3.0
241,26001,91,3.1
241,28001,91,3.1
241,30001,91,3.1
241,32001,91,3.0
241,34001,91,3.0
241,36001,91,3.1
241,38001,91,3.1
241,40001,91,3.1
241,42001,91,3.1
241,44001,91,3.0
241,46001,91,3.1
241,48001,91,3.1
241,50001,91,3.1
241,52001,91,3.1
241,54001,91,3.1
241,56001,91,3.0
241,58001,91,3.0
241,60001,91,3.1
241,62001,91,3.0
241,64001,91,3.1
241,65535,91,3.1
241,1,101,3.1
241,2001,101,3.0
241,4001,101,3.0
241,6001,101,3.1
241,8001,101,3.0
241,10001,101,3.0
241,12001,101,3.1
241,14001,101,3.0
241,16001,101,3.1
241,18001,101,3.0
241,20001,101,3.1
241,22001,101,3.0
241,24001,101,3.0
241,26001,101,3.1
241,28001,101,3.1
241,30001,101,3.1
241,32001,101,3.0
241,34001,101,3.0
241,36001,101,3.0
241,38001,101,3.0
241,40001,101,3.0
241,42001,101,3.1
241,44001,101,3.1
241,46001,101,3.1
241,48001,101,3.1
241,50001,101,3.1
241,52001,101,3.0
241,54001,101,3.1
241,56001,101,3.1
241,58001,101,3.0
241,60001,101,3.0
241,62001,101,3.0
241,64001,101,3.0
241,65535,101,3.0
241,1,111,3.0
241,2001,111,3.0
241,4001,111,3.0
241,6001,111,3.0
241,8001,111,3.1
241,10001,111,3.0
241,12001,111,3.1
241,14001,111,3.0
241,16001,111,3.0
241,18001,111,3.0
241,20001,111,3.1
241,22001,111,3.0
241,24001,111,3.0
241,26001,111,3.0
241,28001,111,3.0
241,30001,111,3.1
241,32001,111,3.0
241,34001,111,3.0
241,36001,111,3.1
241,38001,111,3.1
241,40001,111,3.1
241,42001,111,3.1
241,44001,111,3.1
241,46001,111,3.1
241,48001,111,3.1
241,50001,111,3.1
241,52001,111,3.1
241,54001,111,3.1
241,56001,111,3.1
241,58001,111,3.1
241,60001,111,3.1
241,62001,111,3.0
241,64001,111,3.0
241,65535,111,3.0
241,1,121,3.1
241,2001,121,3.0
241,4001,121,3.0
241,6001,121,3.0
241,8001,121,3.1
241,10001,121,3.1
241,12001,121,3.1
241,14001,121,3.1
241,16001,121,3.1
241,18001,121,3.1
241,20001,121,3.0
241,22001,121,3.0
241,24001,121,3.0
241,26001,121,3.1
241,28001,121,3.1
241,30001,121,3.1
241,32001,121,3.1
241,34001,121,3.0
241,36001,121,3.0
241,38001,121,3.1
241,40001,121,3.1
241,42001,121,3.1
241,44001,121,3.1
241,46001,121,3.1
241,48001,121,3.1
241,50001,121,3.0
241,52001,121,3.1
241,54001,121,3.1
241,56001,121,3.1
241,58001,121,3.1
241,60001,121,3.1
241,62001,121,3.1
241,64001,121,3.0
241,65535,121,3.0
241,1,131,3.1
241,2001,131,3.0
241,4001,131,3.0
241,6001,131,3.1
241,8001,131,3.0
241,10001,131,3.1
241,12001,131,3.1
241,14001,131,3.0
241,16001,131,3.0
241,18001,131,3.1
241,20001,131,3.0
241,22001,131,3.0
241,24001,131,3.1
241,26001,131,3.0
241,28001,131,3.1
241,30001,131,3.1
241,32001,131,3.1
241,34001,131,3.1
241,36001,131,3.0
241,38001,131,3.1
241,40001,131,3.0
241,42001,131,3.1
241,44001,131,3.1
241,46001,131,3.1
241,48001,131,3.1
241,50001,131,3.1
241,52001,131,3.0
241,54001,131,3.1
241,56001,131,3.1
241,58001,131,3.0
241,60001,131,3.0
241,62001,131,3.0
241,64001,131,3.1
241,65535,131,3.1
241,1,141,3.0
241,2001,141,3.0
241,4001,141,3.0
241,6001,141,3.0
241,8001,141,3.0
241,10001,141,3.0
241,12001,141,3.1
241,14001,141,3.1
241,16001,141,3.0
241,18001,141,3.0
241,20001,141,3.0
241,22001,141,3.0
241,24001,141,3.0
241,26001,141,3.0
241,28001,141,3.0
241,30001,141,3.0
241,32001,141,3.1
241,34001,141,3.0
241,36001,141,3.1
241,38001,141,3.1
241,40001,141,3.0
241,42001,141,3.1
241,44001,141,3.1
241,46001,141,3.0
241,48001,141,3.1
241,50001,141,3.1
241,52001,141,3.1
241,54001,141,3.1
241,56001,141,3.1
241,58001,141,3.1
241,60001,141,3.0
241,62001,141,3.0
241,64001,141,3.1
241,65535,141,3.0
241,1,151,2.9
241,2001,151,3.0
241,4001,151,3.0
241,6001,151,3.0
241,8001,151,3.0
241,10001,151,3.1
241,12001,151,3.1
241,14001,151,3.0
241,16001,151,3.0
241,18001,151,3.0
241,20001,151,3.0
241,22001,151,3.0
241,24001,151,3.0
241,26001,151,3.0
241,28001,151,3.0
241,30001,151,3.1
241,32001,151,3.1
241,34001,151,3.0
241,36001,151,3.1
241,38001,151,3.0
241,40001,151,3.1
241,42001,151,3.1
241,44001,151,3.0
241,46001,151,3.0
241,48001,151,3.1
241,50001,151,3.1
241,52001,151,3.1
241,54001,151,3.1
241,56001,151,3.1
241,58001,151,3.1
241,60001,151,3.1
241,62001,151,3.1
241,64001,151,3.0
241,65535,151,2.9
241,1,161,2.8
241,2001,161,2.9
241,4001,161,3.0
241,6001,161,3.0
241,8001,161,3.0
241,10001,161,3.0
241,12001,161,3.0
241,14001,161,3.0
241,16001,161,3.1
241,18001,161,3.0
241,20001,161,3.0
241,22001,161,3.0
241,24001,161,2.9
241,26001,161,3.0
241,28001,161,3.0
241,30001,161,3.0
241,32001,161,3.0
241,34001,161,3.0
241,36001,161,3.1
241,38001,161,3.1
241,40001,161,3.1
241,42001,161,3.1
241,44001,161,3.1
241,46001,161,3.1
241,48001,161,3.1
241,50001,161,3.0
241,52001,161,3.0
241,54001,161,3.1
241,56001,161,3.0
241,58001,161,3.1
241,60001,161,3.1
241,62001,161,3.1
241,64001,161,2.9
241,65535,161,2.9
241,1,171,2.8
241,2001,171,2.9
241,4001,171,3.0
241,6001,171,3.0
241,8001,171,3.0
241,10001,171,3.0
241,12001,171,3.0
241,14001,171,3.0
241,16001,171,3.0
241,18001,171,3.0
241,20001,171,3.0
241,22001,171,2.8
241,24001,171,2.8
241,26001,171,3.0
241,28001,171,3.0
241,30001,171,3.0
241,32001,171,3.0
241,34001,171,3.0
241,36001,171,3.0
241,38001,171,3.1
241,40001,171,3.1
241,42001,171,3.1
241,44001,171,3.1
241,46001,171,3.1
241,48001,171,3.1
241,50001,171,3.1
241,52001,171,3.1
241,54001,171,3.1
241,56001,171,3.0
241,58001,171,3.1
241,60001,171,3.0
241,62001,171,2.9
241,64001,171,2.9
241,65535,171,2.8
241,1,181,2.7
241,2001,181,2.9
241,4001,181,3.0
241,6001,181,3.0
241,8001,181,3.0
241,10001,181,3.0
241,12001,181,3.0
241,14001,181,3.1
241,16001,181,3.1
241,18001,181,3.0
241,20001,181,3.0
241,22001,181,2.8
241,24001,181,2.8
241,26001,181,2.9
241,28001,181,2.9
241,30001,181,3.1
241,32001,181,3.0
241,34001,181,3.0
241,36001,181,3.0
241,38001,181,3.1
241,40001,181,3.1
241,42001,181,3.1
241,44001,181,3.1
241,46001,181,3.1
241,48001,181,3.1
241,50001,181,3.1
241,52001,181,3.1
241,54001,181,3.1
241,56001,181,3.1
241,58001,181,3.0
241,60001,181,3.0
241,62001,181,2.8
241,64001,181,2.8
241,65535,181,2.7
241,1,191,2.7
241,2001,191,2.7
241,4001,191,3.0
241,6001,191,3.0
241,8001,191,3.0
241,10001,191,3.1
241,12001,191,3.0
241,14001,191,3.1
241,16001,191,3.0
241,18001,191,3.0
241,20001,191,2.9
241,22001,191,2.7
241,24001,191,2.7
241,26001,191,2.8
241,28001,191,2.9
241,30001,191,3.0
241,32001,191,3.0
241,34001,191,3.0
241,36001,191,3.0
241,38001,191,3.1
241,40001,191,3.1
241,42001,191,3.1
241,44001,191,3.0
241,46001,191,3.0
241,48001,191,3.1
241,50001,191,3.1
241,52001,191,3.1
241,54001,191,3.1
241,56001,191,3.1
241,58001,191,3.1
241,60001,191,2.9
241,62001,191,2.8
241,64001,191,2.7
241,65535,191,2.7
241,1,201,2.6
241,2001,201,2.7
241,4001,201,3.0
241,6001,201,3.0
241,8001,201,3.0
241,10001,201,3.0
241,12001,201,3.0
241,14001,201,3.0
241,16001,201,3.0
241,18001,201,3.0
241,20001,201,2.8
241,22001,201,2.7
241,24001,201,2.7
241,26001,201,2.8
241,28001,201,2.9
241,30001,201,3.0
241,32001,201,3.0
241,34001,201,3.0
241,36001,201,3.0
241,38001,201,3.1
241,40001,201,3.0
241,42001,201,3.0
241,44001,201,3.1
241,46001,201,3.0
241,48001,201,3.0
241,50001,201,3.1
241,52001,201,3.0
241,54001,201,3.1
241,56001,201,3.1
241,58001,201,3.1
241,60001,201,2.9
241,62001,201,2.9
241,64001,201,2.7
241,65535,201,2.6
241,1,211,2.6
241,2001,211,2.6
241,4001,211,2.9
241,6001,211,3.1
241,8001,211,3.0
241,10001,211,3.1
241,12001,211,3.0
241,14001,211,3.0
241,16001,211,3.0
241,18001,211,3.0
241,20001,211,2.8
241,22001,211,2.6
241,24001,211,2.6
241,26001,211,2.8
241,28001,211,2.9
241,30001,211,3.0
241,32001,211,3.0
241,34001,211,3.0
241,36001,211,3.0
241,38001,211,3.0
241,40001,211,3.1
241,42001,211,3.0
241,44001,211,3.1
241,46001,211,2.9
241,48001,211,3.0
241,50001,211,3.1
241,52001,211,3.1
241,54001,211,3.0
241,56001,211,3.0
241,58001,211,3.1
241,60001,211,2.8
241,62001,211,2.7
241,64001,211,2.6
241,65535,211,2.6
241,1,221,2.6
241,2001,221,2.6
241,4001,221,2.9
241,6001,221,3.0
241,8001,221,3.0
241,10001,221,3.0
241,12001,221,3.0
241,14001,221,3.1
241,16001,221,3.0
241,18001,221,3.0
241,20001,221,2.7
241,22001,221,2.6
241,24001,221,2.6
241,26001,221,2.6
241,28001,221,2.8
241,30001,221,3.0
241,32001,221,3.0
241,34001,221,3.0
241,36001,221,3.1
241,38001,221,3.0
241,40001,221,3.1
241,42001,221,3.0
241,44001,221,2.8
241,46001,221,3.1
241,48001,221,3.1
241,50001,221,3.1
241,52001,221,3.1
241,54001,221,3.0
241,56001,221,3.1
241,58001,221,3.0
241,60001,221,2.8
241,62001,221,2.7
241,64001,221,2.6
241,65535,221,2.6
241,1,231,2.6
241,2001,231,2.6
241,4001,231,2.8
241,6001,231,3.0
241,8001,231,3.0
241,10001,231,3.0
241,12001,231,3.0
241,14001,231,3.0
241,16001,231,3.0
241,18001,231,2.9
241,20001,231,2.7
241,22001,231,2.7
241,24001,231,2.6
241,26001,231,2.6
241,28001,231,2.8
241,30001,231,3.0
241,32001,231,3.0
241,34001,231,3.0
241,36001,231,3.1
241,38001,231,3.1
241,40001,231,3.1
241,42001,231,3.0
241,44001,231,2.7
241,46001,231,3.0
241,48001,231,3.1
241,50001,231,3.1
241,52001,231,3.1
241,54001,231,3.1
241,56001,231,3.0
241,58001,231,3.0
241,60001,231,2.8
241,62001,231,2.7
241,64001,231,2.6
241,65535,231,2.6
241,1,241,2.6
241,2001,241,2.6
241,4001,241,2.8
241,6001,241,3.0
241,8001,241,3.0
241,10001,241,3.1
241,12001,241,3.0
241,14001,241,3.1
241,16001,241,3.0
241,18001,241,2.9
241,20001,241,2.6
241,22001,241,2.6
241,24001,241,2.6
241,26001,241,2.6
241,28001,241,2.8
241,30001,241,3.0
241,32001,241,3.0
241,34001,241,3.0
241,36001,241,3.1
241,38001,241,3.1
241,40001,241,3.0
241,42001,241,2.9
241,44001,241,2.7
241,46001,241,2.9
241,48001,241,3.1
241,50001,241,3.1
241,52001,241,3.0
241,54001,241,3.1
241,56001,241,3.0
241,58001,241,3.0
241,60001,241,2.8
241,62001,241,2.7
241,64001,241,2.6
241,65535,241,2.6
241,1,251,2.6
241,2001,251,2.6
241,4001,251,2.8
241,6001,251,3.0
241,8001,251,3.0
241,10001,251,3.0
241,12001,251,3.0
241,14001,251,3.0
241,16001,251,3.1
241,18001,251,2.8
241,20001,251,2.6
241,22001,251,2.6
241,24001,251,2.6
241,26001,251,2.6
241,28001,251,2.7
241,30001,251,2.9
241,32001,251,3.0
241,34001,251,3.1
241,36001,251,3.0
241,38001,251,3.1
241,40001,251,3.1
241,42001,251,2.8
241,44001,251,2.7
241,46001,251,2.6
241,48001,251,3.0
241,50001,251,3.1
241,52001,251,3.1
241,54001,251,3.0
241,56001,251,3.1
241,58001,251,3.0
241,60001,251,2.8
241,62001,251,2.7
241,64001,251,2.6
241,65535,251,2.6
241,1,254,2.6
241,2001,254,2.6
241,4001,254,2.8
241,6001,254,3.0
241,8001,254,3.0
241,10001,254,3.0
241,12001,254,3.0
241,14001,254,3.0
241,16001,254,3.0
241,18001,254,2.8
241,20001,254,2.6
241,22001,254,2.6
241,24001,254,2.6
241,26001,254,2.6
241,28001,254,2.8
241,30001,254,2.9
241,32001,254,3.0
241,34001,254,3.1
241,36001,254,3.0
241,38001,254,3.1
241,40001,254,3.1
241,42001,254,2.8
241,44001,254,2.7
241,46001,254,2.7
241,48001,254,3.0
241,50001,254,3.1
241,52001,254,3.1
241,54001,254,3.1
241,56001,254,3.0
241,58001,254,3.1
241,60001,254,2.8
241,62001,254,2.7
241,64001,254,2.6
241,65535,254,2.6
251,1,1,3.3
251,2001,1,3.3
251,4001,1,3.3
251,6001,1,3.3
251,8001,1,3.3
251,10001,1,3.3
251,12001,1,3.3
251,14001,1,3.3
251,16001,1,3.3
251,18001,1,3.3
251,20001,1,3.3
251,22001,1,3.3
251,24001,1,3.3
251,26001,1,3.3
251,28001,1,3.3
251,30001,1,3.3
251,32001,1,3.3
251,34001,1,3.3
251,36001,1,3.3
251,38001,1,3.3
251,40001,1,3.3
251,42001,1,3.3
251,44001,1,3.3
251,46001,1,3.3
251,48001,1,3.3
251,50001,1,3.3
251,52001,1,3.3
251,54001,1,3.3
251,56001,1,3.3
251,58001,1,3.3
251,60001,1,3.3
251,62001,1,3.3
251,64001,1,3.3
251,65535,1,3.3
251,1,11,3.3
251,2001,11,3.3
251,4001,11,3.3
251,6001,11,3.3
251,8001,11,3.3
251,10001,11,3.3
251,12001,11,3.3
251,14001,11,3.3
251,16001,11,3.3
251,18001,11,3.3
251,20001,11,3.3
251,22001,11,3.3
251,24001,11,3.3
251,26001,11,3.3
251,28001,11,3.3
251,30001,11,3.3
251,32001,11,3.3
251,34001,11,3.3
251,36001,11,3.3
251,38001,11,3.3
251,40001,11,3.3
251,42001,11,3.3
251,44001,11,3.3
251,46001,11,3.3
251,48001,11,3.3
251,50001,11,3.3
251,52001,11,3.3
251,54001,11,3.3
251,56001,11,3.3
251,58001,11,3.3
251,60001,11,3.3
251,62001,11,3.3
251,64001,11,3.3
251,65535,11,3.3
251,1,21,3.3
251,2001,21,3.3
251,4001,21,3.3
251,6001,21,3.3
251,8001,21,3.3
251,10001,21,3.3
251,12001,21,3.3
251,14001,21,3.3
251,16001,21,3.3
251,18001,21,3.3
251,20001,21,3.3
251,22001,21,3.3
251,24001,21,3.3
251,26001,21,3.3
251,28001,21,3.3
251,30001,21,3.3
251,32001,21,3.3
251,34001,21,3.3
251,36001,21,3.3
251,38001,21,3.3
251,40001,21,3.3
251,42001,21,3.3
251,44001,21,3.3
251,46001,21,3.3
251,48001,21,3.3
251,50001,21,3.3
251,52001,21,3.3
251,54001,21,3.3
251,56001,21,3.3
251,58001,21,3.3
251,60001,21,3.3
251,62001,21,3.3
251,64001,21,3.3
251,65535,21,3.3
251,1,31,3.3
251,2001,31,3.3
251,4001,31,3.3
251,6001,31,3.3
251,8001,31,3.3
251,10001,31,3.3
251,12001,31,3.3
251,14001,31,3.3
251,16001,31,3.3
251,18001,31,3.3
251,20001,31,3.3
251,22001,31,3.3
251,24001,31,3.3
251,26001,31,3.3
251,28001,31,3.3
251,30001,31,3.3
251,32001,31,3.3
251,34001,31,3.3
251,36001,31,3.3
251,38001,31,3.3
251,40001,31,3.3
251,42001,31,3.3
251,44001,31,3.3
251,46001,31,3.3
251,48001,31,3.3
251,50001,31,3.3
251,52001,31,3.3
251,54001,31,3.3
251,56001,31,3.3
251,58001,31,3.3
251,60001,31,3.3
251,62001,31,3.3
251,64001,31,3.3
251,65535,31,3.3
251,1,41,3.3
251,2001,41,3.3
251,4001,41,3.3
251,6001,41,3.3
251,8001,41,3.3
251,10001,41,3.3
251,12001,41,3.3
251,14001,41,3.3
251,16001,41,3.3
251,18001,41,3.3
251,20001,41,3.3
251,22001,41,3.3
251,24001,41,3.3
251,26001,41,3.3
251,28001,41,3.3
251,30001,41,3.3
251,32001,41,3.3
251,34001,41,3.3
251,36001,41,3.3
251,38001,41,3.3
251,40001,41,3.3
251,42001,41,3.3
251,44001,41,3.3
251,46001,41,3.3
251,48001,41,3.3
251,50001,41,3.3
251,52001,41,3.3
251,54001,41,3.3
251,56001,41,3.3
251,58001,41,3.3
251,60001,41,3.3
251,62001,41,3.3
251,64001,41,3.3
251,65535,41,3.3
251,1,51,3.3
251,2001,51,3.3
251,4001,51,3.3
251,6001,51,3.3
251,8001,51,3.3
251,10001,51,3.3
251,12001,51,3.3
251,14001,51,3.3
251,16001,51,3.3
251,18001,51,3.3
251,20001,51,3.3
251,22001,51,3.3
251,24001,51,3.3
251,26001,51,3.3
251,28001,51,3.3
251,30001,51,3.3
251,32001,51,3.3
251,34001,51,3.3
251,36001,51,3.3
251,38001,51,3.3
251,40001,51,3.3
251,42001,51,3.3
251,44001,51,3.3
251,46001,51,3.3
251,48001,51,3.3
251,50001,51,3.3
251,52001,51,3.3
251,54001,51,3.3
251,56001,51,3.3
251,58001,51,3.3
251,60001,51,3.3
251,62001,51,3.3
251,64001,51,3.3
251,65535,51,3.3
251,1,61,3.3
251,2001,61,3.3
251,4001,61,3.3
251,6001,61,3.3
251,8001,61,3.3
251,10001,61,3.3
251,12001,61,3.3
251,14001,61,3.3
251,16001,61,3.3
251,18001,61,3.3
251,20001,61,3.3
251,22001,61,3.3
251,24001,61,3.3
251,26001,61,3.3
251,28001,61,3.3
251,30001,61,3.3
251,32001,61,3.3
251,34001,61,3.3
251,36001,61,3.3
251,38001,61,3.3
251,40001,61,3.3
251,42001,61,3.3
251,44001,61,3.3
251,46001,61,3.3
251,48001,61,3.3
251,50001,61,3.3
251,52001,61,3.3
251,54001,61,3.3
251,56001,61,3.3
251,58001,61,3.3
251,60001,61,3.3
251,62001,61,3.3
251,64001,61,3.3
251,65535,61,3.3
251,1,71,3.3
251,2001,71,3.3
251,4001,71,3.3
251,6001,71,3.3
251,8001,71,3.3
251,10001,71,3.3
251,12001,71,3.3
251,14001,71,3.3
251,16001,71,3.3
251,18001,71,3.3
251,20001,71,3.3
251,22001,71,3.3
251,24001,71,3.3
251,26001,71,3.3
251,28001,71,3.3
251,30001,71,3.3
251,32001,71,3.3
251,34001,71,3.3
251,36001,71,3.3
251,38001,71,3.3
251,40001,71,3.3
251,42001,71,3.3
251,44001,71,3.3
251,46001,71,3.3
251,48001,71,3.3
251,50001,71,3.3
251,52001,71,3.3
251,54001,71,3.3
251,56001,71,3.3
251,58001,71,3.3
251,60001,71,3.3
251,62001,71,3.3
251,64001,71,3.3
251,65535,71,3.3
251,1,81,3.3
251,2001,81,3.3
251,4001,81,3.3
251,6001,81,3.3
251,8001,81,3.3
251,10001,81,3.3
251,12001,81,3.3
251,14001,81,3.3
251,16001,81,3.3
251,18001,81,3.3
251,20001,81,3.3
251,22001,81,3.3
251,24001,81,3.3
251,26001,81,3.3
251,28001,81,3.3
251,30001,81,3.3
251,32001,81,3.3
251,34001,81,3.3
251,36001,81,3.3
251,38001,81,3.3
251,40001,81,3.3
251,42001,81,3.3
251,44001,81,3.3
251,46001,81,3.3
251,48001,81,3.3
251,50001,81,3.3
251,52001,81,3.3
251,54001,81,3.3
251,56001,81,3.3
251,58001,81,3.3
251,60001,81,3.3
251,62001,81,3.3
251,64001,81,3.3
251,65535,81,3.3
251,1,91,3.3
251,2001,91,3.3
251,4001,91,3.3
251,6001,91,3.3
251,8001,91,3.2
251,10001,91,3.3
251,12001,91,3.3
251,14001,91,3.3
251,16001,91,3.3
251,18001,91,3.3
251,20001,91,3.3
251,22001,91,3.3
251,24001,91,3.3
251,26001,91,3.3
251,28001,91,3.3
251,30001,91,3.3
251,32001,91,3.3
251,34001,91,3.3
251,36001,91,3.3
251,38001,91,3.3
251,40001,91,3.3
251,42001,91,3.3
251,44001,91,3.3
251,46001,91,3.3
251,48001,91,3.3
251,50001,91,3.3
251,52001,91,3.3
251,54001,91,3.3
251,56001,91,3.3
251,58001,91,3.3
251,60001,91,3.3
251,62001,91,3.3
251,64001,91,3.3
251,65535,91,3.3
251,1,101,3.3
251,2001,101,3.3
251,4001,101,3.3
251,6001,101,3.3
251,8001,101,3.3
251,10001,101,3.3
251,12001,101,3.3
251,14001,101,3.3
251,16001,101,3.3
251,18001,101,3.3
251,20001,101,3.3
251,22001,101,3.3
251,24001,101,3.3
251,26001,101,3.3
251,28001,101,3.3
251,30001,101,3.3
251,32001,101,3.3
251,34001,101,3.3
251,36001,101,3.3
251,38001,101,3.3
251,40001,101,3.3
251,42001,101,3.3
251,44001,101,3.3
251,46001,101,3.3
251,48001,101,3.3
251,50001,101,3.3
251,52001,101,3.3
251,54001,101,3.3
251,56001,101,3.3
251,58001,101,3.3
251,60001,101,3.3
251,62001,101,3.3
251,64001,101,3.3
251,65535,101,3.3
251,1,111,3.2
251,2001,111,3.3
251,4001,111,3.3
251,6001,111,3.3
251,8001,111,3.3
251,10001,111,3.3
251,12001,111,3.3
251,14001,111,3.3
251,16001,111,3.3
251,18001,111,3.3
251,20001,111,3.3
251,22001,111,3.3
251,24001,111,3.3
251,26001,111,3.3
251,28001,111,3.3
251,30001,111,3.3
251,32001,111,3.3
251,34001,111,3.3
251,36001,111,3.3
251,38001,111,3.3
251,40001,111,3.3
251,42001,111,3.3
251,44001,111,3.3
251,46001,111,3.3
251,48001,111,3.3
251,50001,111,3.3
251,52001,111,3.3
251,54001,111,3.3
251,56001,111,3.3
251,58001,111,3.3
251,60001,111,3.3
251,62001,111,3.3
251,64001,111,3.3
251,65535,111,3.3
251,1,121,3.3
251,2001,121,3.3
251,4001,121,3.3
251,6001,121,3.3
251,8001,121,3.3
251,10001,121,3.3
251,12001,121,3.3
251,14001,121,3.3
251,16001,121,3.3
251,18001,121,3.2
251,20001,121,3.3
251,22001,121,3.3
251,24001,121,3.3
251,26001,121,3.2
251,28001,121,3.3
251,30001,121,3.3
251,32001,121,3.3
251,34001,121,3.3
251,36001,121,3.3
251,38001,121,3.3
251,40001,121,3.3
251,42001,121,3.3
251,44001,121,3.3
251,46001,121,3.3
251,48001,121,3.3
251,50001,121,3.3
251,52001,121,3.3
251,54001,121,3.3
251,56001,121,3.3
251,58001,121,3.3
251,60001,121,3.3
251,62001,121,3.3
251,64001,121,3.3
251,65535,121,3.3
251,1,131,3.3
251,2001,131,3.3
251,4001,131,3.3
251,6001,131,3.3
251,8001,131,3.3
251,10001,131,3.3
251,12001,131,3.3
251,14001,131,3.3
251,16001,131,3.3
251,18001,131,3.3
251,20001,131,3.3
251,22001,131,3.3
251,24001,131,3.3
251,26001,131,3.3
251,28001,131,3.3
251,30001,131,3.3
251,32001,131,3.3
251,34001,131,3.3
251,36001,131,3.3
251,38001,131,3.3
251,40001,131,3.3
251,42001,131,3.3
251,44001,131,3.3
251,46001,131,3.3
251,48001,131,3.3
251,50001,131,3.3
251,52001,131,3.3
251,54001,131,3.3
251,56001,131,3.3
251,58001,131,3.3
251,60001,131,3.3
251,62001,131,3.3
251,64001,131,3.3
251,65535,131,3.2
251,1,141,3.2
251,2001,141,3.2
251,4001,141,3.3
251,6001,141,3.2
251,8001,141,3.3
251,10001,141,3.3
251,12001,141,3.3
251,14001,141,3.3
251,16001,141,3.3
251,18001,141,3.3
251,20001,141,3.3
251,22001,141,3.3
251,24001,141,3.3
251,26001,141,3.3
251,28001,141,3.3
251,30001,141,3.3
251,32001,141,3.3
251,34001,141,3.3
251,36001,141,3.3
251,38001,141,3.3
251,40001,141,3.3
251,42001,141,3.3
251,44001,141,3.3
251,46001,141,3.3
251,48001,141,3.3
251,50001,141,3.3
251,52001,141,3.3
251,54001,141,3.3
251,56001,141,3.3
251,58001,141,3.3
251,60001,141,3.3
251,62001,141,3.3
251,64001,141,3.3
251,65535,141,3.3
251,1,151,3.1
251,2001,151,3.3
251,4001,151,3.3
251,6001,151,3.3
251,8001,151,3.3
251,10001,151,3.3
251,12001,151,3.3
251,14001,151,3.3
251,16001,151,3.3
251,18001,151,3.3
251,20001,151,3.2
251,22001,151,3.3
251,24001,151,3.2
251,26001,151,3.3
251,28001,151,3.3
251,30001,151,3.3
251,32001,151,3.3
251,34001,151,3.3
251,36001,151,3.3
251,38001,151,3.3
251,40001,151,3.3
251,42001,151,3.3
251,44001,151,3.3
251,46001,151,3.3
251,48001,151,3.3
251,50001,151,3.3
251,52001,151,3.2
251,54001,151,3.3
251,56001,151,3.3
251,58001,151,3.3
251,60001,151,3.3
251,62001,151,3.3
251,64001,151,3.2
251,65535,151,3.1
251,1,161,3.0
251,2001,161,3.2
251,4001,161,3.2
251,6001,161,3.3
251,8001,161,3.3
251,10001,161,3.3
251,12001,161,3.3
251,14001,161,3.3
251,16001,161,3.3
251,18001,161,3.3
251,20001,161,3.2
251,22001,161,3.3
251,24001,161,3.2
251,26001,161,3.3
251,28001,161,3.3
251,30001,161,3.3
251,32001,161,3.3
251,34001,161,3.3
251,36001,161,3.3
251,38001,161,3.3
251,40001,161,3.3
251,42001,161,3.3
251,44001,161,3.3
251,46001,161,3.3
251,48001,161,3.3
251,50001,161,3.3
251,52001,161,3.3
251,54001,161,3.3
251,56001,161,3.3
251,58001,161,3.3
251,60001,161,3.3
251,62001,161,3.3
251,64001,161,3.1
251,65535,161,3.1
251,1,171,3.0
251,2001,171,3.2
251,4001,171,3.3
251,6001,171,3.3
251,8001,171,3.3
251,10001,171,3.3
251,12001,171,3.3
251,14001,171,3.3
251,16001,171,3.3
251,18001,171,3.3
251,20001,171,3.3
251,22001,171,3.1
251,24001,171,3.1
251,26001,171,3.2
251,28001,171,3.3
251,30001,171,3.3
251,32001,171,3.3
251,34001,171,3.3
251,36001,171,3.3
251,38001,171,3.3
251,40001,171,3.3
251,42001,171,3.3
251,44001,171,3.3
251,46001,171,3.3
251,48001,171,3.3
251,50001,171,3.3
251,52001,171,3.3
251,54001,171,3.3
251,56001,171,3.3
251,58001,171,3.3
251,60001,171,3.2
251,62001,171,3.1
251,64001,171,3.1
251,65535,171,3.0
251,1,181,2.9
251,2001,181,3.1
251,4001,181,3.3
251,6001,181,3.3
251,8001,181,3.3
251,10001,181,3.3
251,12001,181,3.3
251,14001,181,3.3
251,16001,181,3.2
251,18001,181,3.3
251,20001,181,3.3
251,22001,181,3.0
251,24001,181,3.0
251,26001,181,3.1
251,28001,181,3.2
251,30001,181,3.2
251,32001,181,3.3
251,34001,181,3.3
251,36001,181,3.3
251,38001,181,3.3
251,40001,181,3.3
251,42001,181,3.3
251,44001,181,3.3
251,46001,181,3.3
251,48001,181,3.3
251,50001,181,3.3
251,52001,181,3.3
251,54001,181,3.3
251,56001,181,3.3
251,58001,181,3.3
251,60001,181,3.2
251,62001,181,3.1
251,64001,181,3.0
251,65535,181,2.9
251,1,191,2.9
251,2001,191,3.0
251,4001,191,3.3
251,6001,191,3.3
251,8001,191,3.3
251,10001,191,3.3
251,12001,191,3.3
251,14001,191,3.3
251,16001,191,3.2
251,18001,191,3.3
251,20001,191,3.1
251,22001,191,2.9
251,24001,191,2.9
251,26001,191,3.1
251,28001,191,3.2
251,30001,191,3.3
251,32001,191,3.3
251,34001,191,3.3
251,36001,191,3.3
251,38001,191,3.3
251,40001,191,3.3
251,42001,191,3.3
251,44001,191,3.3
251,46001,191,3.3
251,48001,191,3.3
251,50001,191,3.3
251,52001,191,3.3
251,54001,191,3.3
251,56001,191,3.3
251,58001,191,3.3
251,60001,191,3.1
251,62001,191,3.0
251,64001,191,2.9
251,65535,191,2.9
251,1,201,2.8
251,2001,201,2.9
251,4001,201,3.2
251,6001,201,3.2
251,8001,201,3.3
251,10001,201,3.3
251,12001,201,3.3
251,14001,201,3.3
251,16001,201,3.3
251,18001,201,3.3
251,20001,201,3.0
251,22001,201,2.8
251,24001,201,2.9
251,26001,201,3.0
251,28001,201,3.1
251,30001,201,3.2
251,32001,201,3.3
251,34001,201,3.2
251,36001,201,3.3
251,38001,201,3.3
251,40001,201,3.3
251,42001,201,3.3
251,44001,201,3.2
251,46001,201,3.3
251,48001,201,3.3
251,50001,201,3.3
251,52001,201,3.3
251,54001,201,3.3
251,56001,201,3.2
251,58001,201,3.3
251,60001,201,3.1
251,62001,201,3.0
251,64001,201,2.9
251,65535,201,2.9
251,1,211,2.8
251,2001,211,2.8
251,4001,211,3.1
251,6001,211,3.3
251,8001,211,3.3
251,10001,211,3.3
251,12001,211,3.3
251,14001,211,3.3
251,16001,211,3.3
251,18001,211,3.3
251,20001,211,3.0
251,22001,211,2.8
251,24001,211,2.9
251,26001,211,3.0
251,28001,211,3.1
251,30001,211,3.2
251,32001,211,3.3
251,34001,211,3.3
251,36001,211,3.3
251,38001,211,3.3
251,40001,211,3.3
251,42001,211,3.3
251,44001,211,3.1
251,46001,211,3.1
251,48001,211,3.3
251,50001,211,3.3
251,52001,211,3.3
251,54001,211,3.3
251,56001,211,3.3
251,58001,211,3.3
251,60001,211,3.1
251,62001,211,2.9
251,64001,211,2.8
251,65535,211,2.8
251,1,221,2.8
251,2001,221,2.8
251,4001,221,3.1
251,6001,221,3.3
251,8001,221,3.3
251,10001,221,3.3
251,12001,221,3.3
251,14001,221,3.3
251,16001,221,3.3
251,18001,221,3.3
251,20001,221,2.9
251,22001,221,2.8
251,24001,221,2.8
251,26001,221,2.8
251,28001,221,3.0
251,30001,221,3.2
251,32001,221,3.3
251,34001,221,3.2
251,36001,221,3.3
251,38001,221,3.3
251,40001,221,3.3
251,42001,221,3.3
251,44001,221,3.0
251,46001,221,3.3
251,48001,221,3.3
251,50001,221,3.3
251,52001,221,3.3
251,54001,221,3.3
251,56001,221,3.3
251,58001,221,3.2
251,60001,221,3.0
251,62001,221,3.0
251,64001,221,2.8
251,65535,221,2.8
251,1,231,2.8
251,2001,231,2.8
251,4001,231,3.1
251,6001,231,3.3
251,8001,231,3.3
251,10001,231,3.3
251,12001,231,3.3
251,14001,231,3.3
251,16001,231,3.3
251,18001,231,3.1
251,20001,231,2.9
251,22001,231,2.8
251,24001,231,2.8
251,26001,231,2.9
251,28001,231,3.0
251,30001,231,3.2
251,32001,231,3.3
251,34001,231,3.3
251,36001,231,3.3
251,38001,231,3.3
251,40001,231,3.3
251,42001,231,3.3
251,44001,231,2.9
251,46001,231,3.2
251,48001,231,3.3
251,50001,231,3.3
251,52001,231,3.3
251,54001,231,3.3
251,56001,231,3.3
251,58001,231,3.3
251,60001,231,3.0
251,62001,231,2.9
251,64001,231,2.8
251,65535,231,2.8
251,1,241,2.7
251,2001,241,2.8
251,4001,241,3.0
251,6001,241,3.3
251,8001,241,3.3
251,10001,241,3.3
251,12001,241,3.3
251,14001,241,3.3
251,16001,241,3.3
251,18001,241,3.1
251,20001,241,2.8
251,22001,241,2.8
251,24001,241,2.8
251,26001,241,2.8
251,28001,241,3.0
251,30001,241,3.2
251,32001,241,3.2
251,34001,241,3.3
251,36001,241,3.3
251,38001,241,3.3
251,40001,241,3.3
251,42001,241,3.1
251,44001,241,2.9
251,46001,241,3.1
251,48001,241,3.3
251,50001,241,3.3
251,52001,241,3.3
251,54001,241,3.3
251,56001,241,3.3
251,58001,241,3.2
251,60001,241,3.0
251,62001,241,2.9
251,64001,241,2.8
251,65535,241,2.8
251,1,251,2.8
251,2001,251,2.8
251,4001,251,3.0
251,6001,251,3.3
251,8001,251,3.3
251,10001,251,3.3
251,12001,251,3.3
251,14001,251,3.3
251,16001,251,3.3
251,18001,251,3.0
251,20001,251,2.8
251,22001,251,2.7
251,24001,251,2.7
251,26001,251,2.8
251,28001,251,3.0
251,30001,251,3.1
251,32001,251,3.3
251,34001,251,3.3
251,36001,251,3.3
251,38001,251,3.3
251,40001,251,3.3
251,42001,251,3.0
251,44001,251,2.9
251,46001,251,3.0
251,48001,251,3.3
251,50001,251,3.3
251,52001,251,3.3
251,54001,251,3.3
251,56001,251,3.3
251,58001,251,3.1
251,60001,251,3.0
251,62001,251,2.8
251,64001,251,2.8
251,65535,251,2.7
251,1,254,2.7
251,2001,254,2.7
251,4001,254,3.0
251,6001,254,3.3
251,8001,254,3.3
251,10001,254,3.3
251,12001,254,3.3
251,14001,254,3.3
251,16001,254,3.3
251,18001,254,3.0
251,20001,254,2.8
251,22001,254,2.7
251,24001,254,2.8
251,26001,254,2.8
251,28001,254,3.0
251,30001,254,3.2
251,32001,254,3.1
251,34001,254,3.3
251,36001,254,3.3
251,38001,254,3.3
251,40001,254,3.3
251,42001,254,3.0
251,44001,254,2.9
251,46001,254,2.9
251,48001,254,3.2
251,50001,254,3.3
251,52001,254,3.3
251,54001,254,3.3
251,56001,254,3.3
251,58001,254,3.2
251,60001,254,3.0
251,62001,254,2.8
251,64001,254,2.8
251,65535,254,2.8
255,1,1,3.4
255,2001,1,3.4
255,4001,1,3.4
255,6001,1,3.4
255,8001,1,3.4
255,10001,1,3.4
255,12001,1,3.4
255,14001,1,3.4
255,16001,1,3.4
255,18001,1,3.4
255,20001,1,3.4
255,22001,1,3.4
255,24001,1,3.4
255,26001,1,3.4
255,28001,1,3.4
255,30001,1,3.4
255,32001,1,3.4
255,34001,1,3.4
255,36001,1,3.4
255,38001,1,3.4
255,40001,1,3.4
255,42001,1,3.4
255,44001,1,3.4
255,46001,1,3.4
255,48001,1,3.4
255,50001,1,3.4
255,52001,1,3.4
255,54001,1,3.4
255,56001,1,3.4
255,58001,1,3.4
255,60001,1,3.4
255,62001,1,3.4
255,64001,1,3.4
255,65535,1,3.4
255,1,11,3.4
255,2001,11,3.4
255,4001,11,3.4
255,6001,11,3.4
255,8001,11,3.4
255,10001,11,3.4
255,12001,11,3.4
255,14001,11,3.4
255,16001,11,3.4
255,18001,11,3.4
255,20001,11,3.4
255,22001,11,3.4
255,24001,11,3.4
255,26001,11,3.4
255,28001,11,3.4
255,30001,11,3.4
255,32001,11,3.4
255,34001,11,3.4
255,36001,11,3.4
255,38001,11,3.4
255,40001,11,3.4
255,42001,11,3.4
255,44001,11,3.4
255,46001,11,3.4
255,48001,11,3.4
255,50001,11,3.4
255,52001,11,3.4
255,54001,11,3.4
255,56001,11,3.4
255,58001,11,3.4
255,60001,11,3.4
255,62001,11,3.4
255,64001,11,3.4
255,65535,11,3.4
255,1,21,3.4
255,2001,21,3.4
255,4001,21,3.4
255,6001,21,3.4
255,8001,21,3.4
255,10001,21,3.4
255,12001,21,3.4
255,14001,21,3.4
255,16001,21,3.4
255,18001,21,3.4
255,20001,21,3.4
255,22001,21,3.4
255,24001,21,3.4
255,26001,21,3.4
255,28001,21,3.4
255,30001,21,3.4
255,32001,21,3.4
255,34001,21,3.4
255,36001,21,3.4
255,38001,21,3.4
255,40001,21,3.4
255,42001,21,3.4
255,44001,21,3.4
255,46001,21,3.4
255,48001,21,3.4
255,50001,21,3.4
255,52001,21,3.4
255,54001,21,3.4
255,56001,21,3.4
255,58001,21,3.4
255,60001,21,3.4
255,62001,21,3.4
255,64001,21,3.4
255,65535,21,3.4
255,1,31,3.4
255,2001,31,3.4
255,4001,31,3.4
255,6001,31,3.4
255,8001,31,3.4
255,10001,31,3.4
255,12001,31,3.4
255,14001,31,3.4
255,16001,31,3.4
255,18001,31,3.4
255,20001,31,3.4
255,22001,31,3.4
255,24001,31,3.4
255,26001,31,3.4
255,28001,31,3.4
255,30001,31,3.4
255,32001,31,3.4
255,34001,31,3.4
255,36001,31,3.4
255,38001,31,3.4
255,40001,31,3.4
255,42001,31,3.4
255,44001,31,3.4
255,46001,31,3.4
255,48001,31,3.4
255,50001,31,3.4
255,52001,31,3.4
255,54001,31,3.4
255,56001,31,3.4
255,58001,31,3.4
255,60001,31,3.4
255,62001,31,3.3
255,64001,31,3.4
255,65535,31,3.4
255,1,41,3.4
255,2001,41,3.4
255,4001,41,3.4
255,6001,41,3.4
255,8001,41,3.4
255,10001,41,3.4
255,12001,41,3.4
255,14001,41,3.4
255,16001,41,3.4
255,18001,41,3.4
255,20001,41,3.4
255,22001,41,3.4
255,24001,41,3.4
255,26001,41,3.4
255,28001,41,3.4
255,30001,41,3.3
255,32001,41,3.4
255,34001,41,3.4
255,36001,41,3.4
255,38001,41,3.4
255,40001,41,3.4
255,42001,41,3.4
255,44001,41,3.4
255,46001,41,3.4
255,48001,41,3.4
255,50001,41,3.4
255,52001,41,3.4
255,54001,41,3.4
255,56001,41,3.4
255,58001,41,3.4
255,60001,41,3.4
255,62001,41,3.4
255,64001,41,3.4
255,65535,41,3.4
255,1,51,3.4
255,2001,51,3.4
255,4001,51,3.4
255,6001,51,3.4
255,8001,51,3.4
255,10001,51,3.4
255,12001,51,3.4
255,14001,51,3.4
255,16001,51,3.4
255,18001,51,3.4
255,20001,51,3.4
255,22001,51,3.4
255,24001,51,3.4
255,26001,51,3.4
255,28001,51,3.4
255,30001,51,3.4
255,32001,51,3.4
255,34001,51,3.3
255,36001,51,3.4
255,38001,51,3.4
255,40001,51,3.4
255,42001,51,3.4
255,44001,51,3.4
255,46001,51,3.4
255,48001,51,3.4
255,50001,51,3.4
255,52001,51,3.4
255,54001,51,3.4
255,56001,51,3.4
255,58001,51,3.4
255,60001,51,3.4
255,62001,51,3.4
255,64001,51,3.4
255,65535,51,3.4
255,1,61,3.4
255,2001,61,3.4
255,4001,61,3.4
255,6001,61,3.4
255,8001,61,3.4
255,10001,61,3.4
255,12001,61,3.4
255,14001,61,3.4
255,16001,61,3.4
255,18001,61,3.4
255,20001,61,3.3
255,22001,61,3.3
255,24001,61,3.4
255,26001,61,3.4
255,28001,61,3.3
255,30001,61,3.4
255,32001,61,3.4
255,34001,61,3.4
255,36001,61,3.4
255,38001,61,3.4
255,40001,61,3.4
255,42001,61,3.4
255,44001,61,3.4
255,46001,61,3.4
255,48001,61,3.3
255,50001,61,3.4
255,52001,61,3.4
255,54001,61,3.4
255,56001,61,3.4
255,58001,61,3.4
255,60001,61,3.4
255,62001,61,3.4
255,64001,61,3.4
255,65535,61,3.4
255,1,71,3.4
255,2001,71,3.4
255,4001,71,3.4
255,6001,71,3.3
255,8001,71,3.4
255,10001,71,3.4
255,12001,71,3.4
255,14001,71,3.4
255,16001,71,3.4
255,18001,71,3.4
255,20001,71,3.3
255,22001,71,3.4
255,24001,71,3.4
255,26001,71,3.4
255,28001,71,3.4
255,30001,71,3.4
255,32001,71,3.4
255,34001,71,3.4
255,36001,71,3.4
255,38001,71,3.4
255,40001,71,3.4
255,42001,71,3.4
255,44001,71,3.4
255,46001,71,3.4
255,48001,71,3.4
255,50001,71,3.4
255,52001,71,3.4
255,54001,71,3.4
255,56001,71,3.4
255,58001,71,3.4
255,60001,71,3.4
255,62001,71,3.4
255,64001,71,3.4
255,65535,71,3.4
255,1,81,3.4
255,2001,81,3.4
255,4001,81,3.4
255,6001,81,3.4
255,8001,81,3.4
255,10001,81,3.4
255,12001,81,3.4
255,14001,81,3.4
255,16001,81,3.4
255,18001,81,3.4
255,20001,81,3.4
255,22001,81,3.4
255,24001,81,3.4
255,26001,81,3.4
255,28001,81,3.4
255,30001,81,3.4
255,32001,81,3.4
255,34001,81,3.4
255,36001,81,3.4
255,38001,81,3.4
255,40001,81,3.4
255,42001,81,3.4
255,44001,81,3.4
255,46001,81,3.4
255,48001,81,3.4
255,50001,81,3.4
255,52001,81,3.4
255,54001,81,3.4
255,56001,81,3.4
255,58001,81,3.4
255,60001,81,3.4
255,62001,81,3.4
255,64001,81,3.3
255,65535,81,3.4
255,1,91,3.4
255,2001,91,3.4
255,4001,91,3.4
255,6001,91,3.4
255,8001,91,3.4
255,10001,91,3.4
255,12001,91,3.4
255,14001,91,3.4
255,16001,91,3.3
255,18001,91,3.4
255,20001,91,3.3
255,22001,91,3.4
255,24001,91,3.4
255,26001,91,3.4
255,28001,91,3.4
255,30001,91,3.4
255,32001,91,3.4
255,34001,91,3.4
255,36001,91,3.4
255,38001,91,3.4
255,40001,91,3.4
255,42001,91,3.4
255,44001,91,3.4
255,46001,91,3.4
255,48001,91,3.4
255,50001,91,3.4
255,52001,91,3.4
255,54001,91,3.4
255,56001,91,3.4
255,58001,91,3.4
255,60001,91,3.4
255,62001,91,3.4
255,64001,91,3.4
255,65535,91,3.3
255,1,101,3.4
255,2001,101,3.4
255,4001,101,3.4
255,6001,101,3.4
255,8001,101,3.4
255,10001,101,3.4
255,12001,101,3.3
255,14001,101,3.4
255,16001,101,3.3
255,18001,101,3.4
255,20001,101,3.4
255,22001,101,3.4
255,24001,101,3.3
255,26001,101,3.4
255,28001,101,3.4
255,30001,101,3.4
255,32001,101,3.3
255,34001,101,3.4
255,36001,101,3.4
255,38001,101,3.4
255,40001,101,3.4
255,42001,101,3.4
255,44001,101,3.4
255,46001,101,3.4
255,48001,101,3.4
255,50001,101,3.4
255,52001,101,3.4
255,54001,101,3.4
255,56001,101,3.4
255,58001,101,3.4
255,60001,101,3.4
255,62001,101,3.4
255,64001,101,3.4
255,65535,101,3.4
255,1,111,3.4
255,2001,111,3.4
255,4001,111,3.4
255,6001,111,3.4
255,8001,111,3.4
255,10001,111,3.4
255,12001,111,3.4
255,14001,111,3.4
255,16001,111,3.4
255,18001,111,3.4
255,20001,111,3.4
255,22001,111,3.4
255,24001,111,3.4
255,26001,111,3.4
255,28001,111,3.4
255,30001,111,3.4
255,32001,111,3.4
255,34001,111,3.4
255,36001,111,3.4
255,38001,111,3.4
255,40001,111,3.4
255,42001,111,3.4
255,44001,111,3.4
255,46001,111,3.4
255,48001,111,3.4
255,50001,111,3.3
255,52001,111,3.4
255,54001,111,3.4
255,56001,111,3.4
255,58001,111,3.4
255,60001,111,3.4
255,62001,111,3.4
255,64001,111,3.4
255,65535,111,3.4
255,1,121,3.4
255,2001,121,3.4
255,4001,121,3.4
255,6001,121,3.4
255,8001,121,3.4
255,10001,121,3.3
255,12001,121,3.4
255,14001,121,3.4
255,16001,121,3.4
255,18001,121,3.4
255,20001,121,3.4
255,22001,121,3.4
255,24001,121,3.3
255,26001,121,3.4
255,28001,121,3.4
255,30001,121,3.4
255,32001,121,3.4
255,34001,121,3.4
255,36001,121,3.4
255,38001,121,3.4
255,40001,121,3.4
255,42001,121,3.4
255,44001,121,3.4
255,46001,121,3.4
255,48001,121,3.4
255,50001,121,3.4
255,52001,121,3.4
255,54001,121,3.4
255,56001,121,3.4
255,58001,121,3.4
255,60001,121,3.4
255,62001,121,3.4
255,64001,121,3.4
255,65535,121,3.4
255,1,131,3.3
255,2001,131,3.4
255,4001,131,3.4
255,6001,131,3.3
255,8001,131,3.4
255,10001,131,3.4
255,12001,131,3.4
255,14001,131,3.4
255,16001,131,3.4
255,18001,131,3.4
255,20001,131,3.4
255,22001,131,3.3
255,24001,131,3.4
255,26001,131,3.4
255,28001,131,3.3
255,30001,131,3.4
255,32001,131,3.4
255,34001,131,3.4
255,36001,131,3.4
255,38001,131,3.4
255,40001,131,3.4
255,42001,131,3.4
255,44001,131,3.4
255,46001,131,3.4
255,48001,131,3.4
255,50001,131,3.4
255,52001,131,3.4
255,54001,131,3.4
255,56001,131,3.4
255,58001,131,3.3
255,60001,131,3.4
255,62001,131,3.4
255,64001,131,3.4
255,65535,131,3.4
255,1,141,3.3
255,2001,141,3.3
255,4001,141,3.4
255,6001,141,3.4
255,8001,141,3.4
255,10001,141,3.4
255,12001,141,3.4
255,14001,141,3.4
255,16001,141,3.4
255,18001,141,3.3
255,20001,141,3.4
255,22001,141,3.4
255,24001,141,3.4
255,26001,141,3.3
255,28001,141,3.3
255,30001,141,3.4
255,32001,141,3.4
255,34001,141,3.4
255,36001,141,3.4
255,38001,141,3.4
255,40001,141,3.4
255,42001,141,3.4
255,44001,141,3.4
255,46001,141,3.4
255,48001,141,3.4
255,50001,141,3.4
255,52001,141,3.4
255,54001,141,3.4
255,56001,141,3.4
255,58001,141,3.4
255,60001,141,3.4
255,62001,141,3.4
255,64001,141,3.4
255,65535,141,3.4
255,1,151,3.2
255,2001,151,3.4
255,4001,151,3.4
255,6001,151,3.3
255,8001,151,3.4
255,10001,151,3.3
255,12001,151,3.3
255,14001,151,3.4
255,16001,151,3.4
255,18001,151,3.4
255,20001,151,3.4
255,22001,151,3.3
255,24001,151,3.3
255,26001,151,3.4
255,28001,151,3.4
255,30001,151,3.3
255,32001,151,3.4
255,34001,151,3.4
255,36001,151,3.4
255,38001,151,3.4
255,40001,151,3.4
255,42001,151,3.4
255,44001,151,3.4
255,46001,151,3.4
255,48001,151,3.4
255,50001,151,3.4
255,52001,151,3.4
255,54001,151,3.3
255,56001,151,3.4
255,58001,151,3.4
255,60001,151,3.4
255,62001,151,3.4
255,64001,151,3.3
255,65535,151,3.2
255,1,161,3.1
255,2001,161,3.3
255,4001,161,3.3
255,6001,161,3.4
255,8001,161,3.4
255,10001,161,3.4
255,12001,161,3.4
255,14001,161,3.4
255,16001,161,3.4
255,18001,161,3.4
255,20001,161,3.3
255,22001,161,3.2
255,24001,161,3.2
255,26001,161,3.4
255,28001,161,3.4
255,30001,161,3.4
255,32001,161,3.4
255,34001,161,3.3
255,36001,161,3.4
255,38001,161,3.4
255,40001,161,3.4
255,42001,161,3.4
255,44001,161,3.4
255,46001,161,3.4
255,48001,161,3.4
255,50001,161,3.4
255,52001,161,3.4
255,54001,161,3.4
255,56001,161,3.4
255,58001,161,3.4
255,60001,161,3.4
255,62001,161,3.4
255,64001,161,3.2
255,65535,161,3.2
255,1,171,3.1
255,2001,171,3.2
255,4001,171,3.4
255,6001,171,3.4
255,8001,171,3.4
255,10001,171,3.3
255,12001,171,3.4
255,14001,171,3.4
255,16001,171,3.4
255,18001,171,3.4
255,20001,171,3.3
255,22001,171,3.1
255,24001,171,3.2
255,26001,171,3.2
255,28001,171,3.4
255,30001,171,3.4
255,32001,171,3.4
255,34001,171,3.4
255,36001,171,3.4
255,38001,171,3.4
255,40001,171,3.4
255,42001,171,3.4
255,44001,171,3.4
255,46001,171,3.4
255,48001,171,3.4
255,50001,171,3.4
255,52001,171,3.4
255,54001,171,3.4
255,56001,171,3.4
255,58001,171,3.4
255,60001,171,3.4
255,62001,171,3.2
255,64001,171,3.2
255,65535,171,3.1
255,1,181,3.0
255,2001,181,3.2
255,4001,181,3.4
255,6001,181,3.3
255,8001,181,3.4
255,10001,181,3.3
255,12001,181,3.4
255,14001,181,3.4
255,16001,181,3.3
255,18001,181,3.4
255,20001,181,3.3
255,22001,181,3.0
255,24001,181,3.0
255,26001,181,3.2
255,28001,181,3.3
255,30001,181,3.3
255,32001,181,3.3
255,34001,181,3.3
255,36001,181,3.4
255,38001,181,3.4
255,40001,181,3.4
255,42001,181,3.4
255,44001,181,3.4
255,46001,181,3.4
255,48001,181,3.4
255,50001,181,3.4
255,52001,181,3.4
255,54001,181,3.4
255,56001,181,3.4
255,58001,181,3.4
255,60001,181,3.3
255,62001,181,3.2
255,64001,181,3.1
255,65535,181,3.1
255,1,191,3.0
255,2001,191,3.1
255,4001,191,3.3
255,6001,191,3.3
255,8001,191,3.4
255,10001,191,3.4
255,12001,191,3.3
255,14001,191,3.4
255,16001,191,3.4
255,18001,191,3.4
255,20001,191,3.2
255,22001,191,3.0
255,24001,191,3.0
255,26001,191,3.1
255,28001,191,3.3
255,30001,191,3.3
255,32001,191,3.3
255,34001,191,3.4
255,36001,191,3.4
255,38001,191,3.4
255,40001,191,3.4
255,42001,191,3.4
255,44001,191,3.4
255,46001,191,3.4
255,48001,191,3.4
255,50001,191,3.4
255,52001,191,3.4
255,54001,191,3.4
255,56001,191,3.4
255,58001,191,3.4
255,60001,191,3.2
255,62001,191,3.1
255,64001,191,3.0
255,65535,191,3.0
255,1,201,2.9
255,2001,201,2.9
255,4001,201,3.3
255,6001,201,3.3
255,8001,201,3.4
255,10001,201,3.4
255,12001,201,3.4
255,14001,201,3.4
255,16001,201,3.4
255,18001,201,3.4
255,20001,201,3.1
255,22001,201,3.0
255,24001,201,2.9
255,26001,201,3.1
255,28001,201,3.2
255,30001,201,3.4
255,32001,201,3.4
255,34001,201,3.4
255,36001,201,3.4
255,38001,201,3.4
255,40001,201,3.4
255,42001,201,3.4
255,44001,201,3.3
255,46001,201,3.3
255,48001,201,3.4
255,50001,201,3.4
255,52001,201,3.4
255,54001,201,3.4
255,56001,201,3.4
255,58001,201,3.4
255,60001,201,3.2
255,62001,201,3.0
255,64001,201,3.0
255,65535,201,2.9
255,1,211,2.9
255,2001,211,2.9
255,4001,211,3.2
255,6001,211,3.4
255,8001,211,3.3
255,10001,211,3.4
255,12001,211,3.3
255,14001,211,3.4
255,16001,211,3.4
255,18001,211,3.4
255,20001,211,3.1
255,22001,211,2.9
255,24001,211,2.9
255,26001,211,3.0
255,28001,211,3.1
255,30001,211,3.3
255,32001,211,3.3
255,34001,211,3.3
255,36001,211,3.4
255,38001,211,3.4
255,40001,211,3.4
255,42001,211,3.4
255,44001,211,3.2
255,46001,211,3.2
255,48001,211,3.4
255,50001,211,3.4
255,52001,211,3.3
255,54001,211,3.4
255,56001,211,3.4
255,58001,211,3.4
255,60001,211,3.1
255,62001,211,3.0
255,64001,211,2.9
255,65535,211,2.9
255,1,221,2.8
255,2001,221,2.9
255,4001,221,3.2
255,6001,221,3.4
255,8001,221,3.3
255,10001,221,3.4
255,12001,221,3.4
255,14001,221,3.4
255,16001,221,3.3
255,18001,221,3.4
255,20001,221,3.0
255,22001,221,2.9
255,24001,221,2.9
255,26001,221,3.0
255,28001,221,3.1
255,30001,221,3.3
255,32001,221,3.3
255,34001,221,3.4
255,36001,221,3.4
255,38001,221,3.4
255,40001,221,3.4
255,42001,221,3.4
255,44001,221,3.1
255,46001,221,3.3
255,48001,221,3.4
255,50001,221,3.4
255,52001,221,3.4
255,54001,221,3.4
255,56001,221,3.4
255,58001,221,3.3
255,60001,221,3.1
255,62001,221,3.0
255,64001,221,2.9
255,65535,221,2.9
255,1,231,2.8
255,2001,231,2.8
255,4001,231,3.1
255,6001,231,3.4
255,8001,231,3.4
255,10001,231,3.4
255,12001,231,3.4
255,14001,231,3.4
255,16001,231,3.4
255,18001,231,3.2
255,20001,231,2.9
255,22001,231,3.0
255,24001,231,2.8
255,26001,231,2.9
255,28001,231,3.1
255,30001,231,3.3
255,32001,231,3.4
255,34001,231,3.4
255,36001,231,3.3
255,38001,231,3.4
255,40001,231,3.4
255,42001,231,3.4
255,44001,231,3.1
255,46001,231,3.3
255,48001,231,3.4
255,50001,231,3.4
255,52001,231,3.4
255,54001,231,3.4
255,56001,231,3.4
255,58001,231,3.4
255,60001,231,3.1
255,62001,231,3.0
255,64001,231,2.9
255,65535,231,2.8
255,1,241,2.8
255,2001,241,2.8
255,4001,241,3.1
255,6001,241,3.4
255,8001,241,3.4
255,10001,241,3.3
255,12001,241,3.4
255,14001,241,3.4
255,16001,241,3.4
255,18001,241,3.1
255,20001,241,2.9
255,22001,241,2.9
255,24001,241,2.8
255,26001,241,2.9
255,28001,241,3.1
255,30001,241,3.3
255,32001,241,3.3
255,34001,241,3.4
255,36001,241,3.4
255,38001,241,3.4
255,40001,241,3.4
255,42001,241,3.2
255,44001,241,3.0
255,46001,241,3.1
255,48001,241,3.3
255,50001,241,3.4
255,52001,241,3.4
255,54001,241,3.4
255,56001,241,3.4
255,58001,241,3.3
255,60001,241,3.1
255,62001,241,3.0
255,64001,241,2.9
255,65535,241,2.8
255,1,251,2.8
255,2001,251,2.8
255,4001,251,3.0
255,6001,251,3.4
255,8001,251,3.4
255,10001,251,3.4
255,12001,251,3.4
255,14001,251,3.4
255,16001,251,3.4
255,18001,251,3.1
255,20001,251,2.9
255,22001,251,2.8
255,24001,251,2.9
255,26001,251,2.8
255,28001,251,3.0
255,30001,251,3.2
255,32001,251,3.3
255,34001,251,3.4
255,36001,251,3.4
255,38001,251,3.4
255,40001,251,3.4
255,42001,251,3.2
255,44001,251,3.0
255,46001,251,2.9
255,48001,251,3.2
255,50001,251,3.4
255,52001,251,3.4
255,54001,251,3.4
255,56001,251,3.4
255,58001,251,3.4
255,60001,251,3.0
255,62001,251,2.9
255,64001,251,2.9
255,65535,251,2.8
255,1,254,2.8
255,2001,254,2.8
255,4001,254,3.1
255,6001,254,3.4
255,8001,254,3.3
255,10001,254,3.4
255,12001,254,3.4
255,14001,254,3.4
255,16001,254,3.4
255,18001,254,3.1
255,20001,254,2.9
255,22001,254,2.8
255,24001,254,2.8
255,26001,254,2.8
255,28001,254,3.0
255,30001,254,3.2
255,32001,254,3.3
255,34001,254,3.4
255,36001,254,3.4
255,38001,254,3.4
255,40001,254,3.4
255,42001,254,3.4
255,44001,254,3.0
255,46001,254,2.9
255,48001,254,3.2
255,50001,254,3.4
255,52001,254,3.4
255,54001,254,3.4
255,56001,254,3.4
255,58001,254,3.2
255,60001,254,3.0
255,62001,254,2.9
255,64001,254,2.9
255,65535,254,2.8
