bri,hue,sat,watt
1,1,1,0.2
1,2001,1,0.23
1,4001,1,0.23
1,6001,1,0.21
1,8001,1,0.21
1,10001,1,0.22
1,12001,1,0.2
1,14001,1,0.2
1,16001,1,0.23
1,18001,1,0.23
1,20001,1,0.21
1,22001,1,0.2
1,24001,1,0.2
1,26001,1,0.23
1,28001,1,0.23
1,30001,1,0.2
1,32001,1,0.2
1,34001,1,0.2
1,36001,1,0.2
1,38001,1,0.2
1,40001,1,0.19
1,42001,1,0.19
1,44001,1,0.24
1,46001,1,0.24
1,48001,1,0.2
1,50001,1,0.2
1,52001,1,0.2
1,54001,1,0.2
1,56001,1,0.2
1,58001,1,0.2
1,60001,1,0.21
1,62001,1,0.21
1,64001,1,0.21
1,65535,1,0.2
1,1,11,0.21
1,2001,11,0.21
1,4001,11,0.23
1,6001,11,0.23
1,8001,11,0.26
1,10001,11,0.24
1,12001,11,0.22
1,14001,11,0.2
1,16001,11,0.21
1,18001,11,0.23
1,20001,11,0.21
1,22001,11,0.2
1,24001,11,0.2
1,26001,11,0.17
1,28001,11,0.17
1,30001,11,0.17
1,32001,11,0.23
1,34001,11,0.23
1,36001,11,0.21
1,38001,11,0.18
1,40001,11,0.21
1,42001,11,0.21
1,44001,11,0.21
1,46001,11,0.2
1,48001,11,0.2
1,50001,11,0.21
1,52001,11,0.23
1,54001,11,0.22
1,56001,11,0.2
1,58001,11,0.17
1,60001,11,0.26
1,62001,11,0.26
1,64001,11,0.21
1,65535,11,0.21
1,1,21,0.19
1,2001,21,0.26
1,4001,21,0.26
1,6001,21,0.25
1,8001,21,0.21
1,10001,21,0.2
1,12001,21,0.2
1,14001,21,0.2
1,16001,21,0.23
1,18001,21,0.23
1,20001,21,0.2
1,22001,21,0.2
1,24001,21,0.2
1,26001,21,0.2
1,28001,21,0.19
1,30001,21,0.19
1,32001,21,0.19
1,34001,21,0.23
1,36001,21,0.21
1,38001,21,0.21
1,40001,21,0.24
1,42001,21,0.24
1,44001,21,0.2
1,46001,21,0.18
1,48001,21,0.17
1,50001,21,0.18
1,52001,21,0.23
1,54001,21,0.23
1,56001,21,0.23
1,58001,21,0.23
1,60001,21,0.17
1,62001,21,0.19
1,64001,21,0.2
1,65535,21,0.24
1,1,31,0.19
1,2001,31,0.2
1,4001,31,0.2
1,6001,31,0.2
1,8001,31,0.2
1,10001,31,0.21
1,12001,31,0.26
1,14001,31,0.24
1,16001,31,0.22
1,18001,31,0.2
1,20001,31,0.2
1,22001,31,0.2
1,24001,31,0.23
1,26001,31,0.24
1,28001,31,0.24
1,30001,31,0.24
1,32001,31,0.24
1,34001,31,0.23
1,36001,31,0.2
1,38001,31,0.21
1,40001,31,0.21
1,42001,31,0.2
1,44001,31,0.2
1,46001,31,0.2
1,48001,31,0.21
1,50001,31,0.21
1,52001,31,0.21
1,54001,31,0.2
1,56001,31,0.2
1,58001,31,0.2
1,60001,31,0.2
1,62001,31,0.2
1,64001,31,0.19
1,65535,31,0.19
1,1,41,0.21
1,2001,41,0.24
1,4001,41,0.23
1,6001,41,0.21
1,8001,41,0.23
1,10001,41,0.24
1,12001,41,0.23
1,14001,41,0.24
1,16001,41,0.24
1,18001,41,0.24
1,20001,41,0.24
1,22001,41,0.23
1,24001,41,0.23
1,26001,41,0.23
1,28001,41,0.23
1,30001,41,0.21
1,32001,41,0.22
1,34001,41,0.23
1,36001,41,0.23
1,38001,41,0.18
1,40001,41,0.24
1,42001,41,0.24
1,44001,41,0.21
1,46001,41,0.21
1,48001,41,0.19
1,50001,41,0.2
1,52001,41,0.2
1,54001,41,0.2
1,56001,41,0.2
1,58001,41,0.2
1,60001,41,0.23
1,62001,41,0.21
1,64001,41,0.21
1,65535,41,0.21
1,1,51,0.21
1,2001,51,0.19
1,4001,51,0.22
1,6001,51,0.22
1,8001,51,0.2
1,10001,51,0.2
1,12001,51,0.21
1,14001,51,0.21
1,16001,51,0.2
1,18001,51,0.2
1,20001,51,0.2
1,22001,51,0.23
1,24001,51,0.23
1,26001,51,0.18
1,28001,51,0.17
1,30001,51,0.2
1,32001,51,0.2
1,34001,51,0.2
1,36001,51,0.2
1,38001,51,0.21
1,40001,51,0.22
1,42001,51,0.23
1,44001,51,0.21
1,46001,51,0.2
1,48001,51,0.2
1,50001,51,0.2
1,52001,51,0.2
1,54001,51,0.2
1,56001,51,0.2
1,58001,51,0.23
1,60001,51,0.22
1,62001,51,0.2
1,64001,51,0.2
1,65535,51,0.2
1,1,61,0.21
1,2001,61,0.2
1,4001,61,0.2
1,6001,61,0.21
1,8001,61,0.22
1,10001,61,0.2
1,12001,61,0.2
1,14001,61,0.21
1,16001,61,0.21
1,18001,61,0.17
1,20001,61,0.17
1,22001,61,0.2
1,24001,61,0.2
1,26001,61,0.2
1,28001,61,0.26
1,30001,61,0.26
1,32001,61,0.25
1,34001,61,0.23
1,36001,61,0.22
1,38001,61,0.21
1,40001,61,0.22
1,42001,61,0.2
1,44001,61,0.2
1,46001,61,0.2
1,48001,61,0.2
1,50001,61,0.2
1,52001,61,0.23
1,54001,61,0.21
1,56001,61,0.21
1,58001,61,0.23
1,60001,61,0.22
1,62001,61,0.22
1,64001,61,0.21
1,65535,61,0.2
1,1,71,0.23
1,2001,71,0.23
1,4001,71,0.24
1,6001,71,0.2
1,8001,71,0.2
1,10001,71,0.21
1,12001,71,0.23
1,14001,71,0.27
1,16001,71,0.24
1,18001,71,0.27
1,20001,71,0.28
1,22001,71,0.19
1,24001,71,0.19
1,26001,71,0.17
1,28001,71,0.17
1,30001,71,0.2
1,32001,71,0.2
1,34001,71,0.23
1,36001,71,0.2
1,38001,71,0.2
1,40001,71,0.21
1,42001,71,0.21
1,44001,71,0.21
1,46001,71,0.22
1,48001,71,0.23
1,50001,71,0.24
1,52001,71,0.24
1,54001,71,0.21
1,56001,71,0.2
1,58001,71,0.2
1,60001,71,0.2
1,62001,71,0.2
1,64001,71,0.21
1,65535,71,0.23
1,1,81,0.25
1,2001,81,0.25
1,4001,81,0.21
1,6001,81,0.21
1,8001,81,0.19
1,10001,81,0.18
1,12001,81,0.2
1,14001,81,0.23
1,16001,81,0.23
1,18001,81,0.2
1,20001,81,0.2
1,22001,81,0.2
1,24001,81,0.2
1,26001,81,0.23
1,28001,81,0.23
1,30001,81,0.21
1,32001,81,0.21
1,34001,81,0.21
1,36001,81,0.2
1,38001,81,0.2
1,40001,81,0.2
1,42001,81,0.2
1,44001,81,0.2
1,46001,81,0.2
1,48001,81,0.23
1,50001,81,0.2
1,52001,81,0.18
1,54001,81,0.19
1,56001,81,0.2
1,58001,81,0.2
1,60001,81,0.2
1,62001,81,0.2
1,64001,81,0.23
1,65535,81,0.23
1,1,91,0.2
1,2001,91,0.2
1,4001,91,0.2
1,6001,91,0.2
1,8001,91,0.2
1,10001,91,0.2
1,12001,91,0.21
1,14001,91,0.21
1,16001,91,0.2
1,18001,91,0.2
1,20001,91,0.24
1,22001,91,0.28
1,24001,91,0.2
1,26001,91,0.2
1,28001,91,0.2
1,30001,91,0.2
1,32001,91,0.22
1,34001,91,0.2
1,36001,91,0.2
1,38001,91,0.2
1,40001,91,0.2
1,42001,91,0.2
1,44001,91,0.2
1,46001,91,0.2
1,48001,91,0.22
1,50001,91,0.2
1,52001,91,0.21
1,54001,91,0.24
1,56001,91,0.23
1,58001,91,0.2
1,60001,91,0.2
1,62001,91,0.18
1,64001,91,0.21
1,65535,91,0.21
1,1,101,0.18
1,2001,101,0.2
1,4001,101,0.24
1,6001,101,0.2
1,8001,101,0.2
1,10001,101,0.19
1,12001,101,0.18
1,14001,101,0.23
1,16001,101,0.23
1,18001,101,0.23
1,20001,101,0.18
1,22001,101,0.17
1,24001,101,0.19
1,26001,101,0.23
1,28001,101,0.28
1,30001,101,0.25
1,32001,101,0.24
1,34001,101,0.2
1,36001,101,0.19
1,38001,101,0.18
1,40001,101,0.2
1,42001,101,0.2
1,44001,101,0.2
1,46001,101,0.2
1,48001,101,0.2
1,50001,101,0.2
1,52001,101,0.2
1,54001,101,0.2
1,56001,101,0.2
1,58001,101,0.21
1,60001,101,0.2
1,62001,101,0.2
1,64001,101,0.2
1,65535,101,0.2
1,1,111,0.2
1,2001,111,0.24
1,4001,111,0.24
1,6001,111,0.21
1,8001,111,0.21
1,10001,111,0.23
1,12001,111,0.22
1,14001,111,0.22
1,16001,111,0.2
1,18001,111,0.2
1,20001,111,0.22
1,22001,111,0.21
1,24001,111,0.21
1,26001,111,0.2
1,28001,111,0.2
1,30001,111,0.23
1,32001,111,0.23
1,34001,111,0.2
1,36001,111,0.19
1,38001,111,0.19
1,40001,111,0.2
1,42001,111,0.2
1,44001,111,0.18
1,46001,111,0.18
1,48001,111,0.24
1,50001,111,0.22
1,52001,111,0.21
1,54001,111,0.25
1,56001,111,0.24
1,58001,111,0.23
1,60001,111,0.23
1,62001,111,0.23
1,64001,111,0.2
1,65535,111,0.2
1,1,121,0.21
1,2001,121,0.21
1,4001,121,0.22
1,6001,121,0.2
1,8001,121,0.2
1,10001,121,0.2
1,12001,121,0.2
1,14001,121,0.2
1,16001,121,0.2
1,18001,121,0.19
1,20001,121,0.19
1,22001,121,0.18
1,24001,121,0.2
1,26001,121,0.2
1,28001,121,0.21
1,30001,121,0.21
1,32001,121,0.21
1,34001,121,0.23
1,36001,121,0.23
1,38001,121,0.22
1,40001,121,0.22
1,42001,121,0.19
1,44001,121,0.18
1,46001,121,0.18
1,48001,121,0.24
1,50001,121,0.24
1,52001,121,0.2
1,54001,121,0.19
1,56001,121,0.23
1,58001,121,0.22
1,60001,121,0.21
1,62001,121,0.21
1,64001,121,0.2
1,65535,121,0.2
1,1,131,0.22
1,2001,131,0.2
1,4001,131,0.2
1,6001,131,0.2
1,8001,131,0.2
1,10001,131,0.18
1,12001,131,0.2
1,14001,131,0.2
1,16001,131,0.19
1,18001,131,0.18
1,20001,131,0.18
1,22001,131,0.18
1,24001,131,0.2
1,26001,131,0.2
1,28001,131,0.23
1,30001,131,0.23
1,32001,131,0.23
1,34001,131,0.21
1,36001,131,0.2
1,38001,131,0.2
1,40001,131,0.2
1,42001,131,0.2
1,44001,131,0.2
1,46001,131,0.22
1,48001,131,0.22
1,50001,131,0.2
1,52001,131,0.21
1,54001,131,0.21
1,56001,131,0.23
1,58001,131,0.22
1,60001,131,0.21
1,62001,131,0.21
1,64001,131,0.2
1,65535,131,0.18
1,1,141,0.2
1,2001,141,0.19
1,4001,141,0.19
1,6001,141,0.21
1,8001,141,0.21
1,10001,141,0.24
1,12001,141,0.28
1,14001,141,0.25
1,16001,141,0.2
1,18001,141,0.2
1,20001,141,0.2
1,22001,141,0.18
1,24001,141,0.19
1,26001,141,0.24
1,28001,141,0.23
1,30001,141,0.2
1,32001,141,0.23
1,34001,141,0.24
1,36001,141,0.25
1,38001,141,0.24
1,40001,141,0.2
1,42001,141,0.2
1,44001,141,0.2
1,46001,141,0.21
1,48001,141,0.23
1,50001,141,0.24
1,52001,141,0.23
1,54001,141,0.23
1,56001,141,0.21
1,58001,141,0.2
1,60001,141,0.23
1,62001,141,0.22
1,64001,141,0.22
1,65535,141,0.19
1,1,151,0.2
1,2001,151,0.23
1,4001,151,0.2
1,6001,151,0.2
1,8001,151,0.19
1,10001,151,0.18
1,12001,151,0.18
1,14001,151,0.17
1,16001,151,0.2
1,18001,151,0.2
1,20001,151,0.2
1,22001,151,0.2
1,24001,151,0.22
1,26001,151,0.22
1,28001,151,0.2
1,30001,151,0.25
1,32001,151,0.23
1,34001,151,0.2
1,36001,151,0.2
1,38001,151,0.2
1,40001,151,0.2
1,42001,151,0.2
1,44001,151,0.2
1,46001,151,0.19
1,48001,151,0.24
1,50001,151,0.2
1,52001,151,0.2
1,54001,151,0.2
1,56001,151,0.2
1,58001,151,0.2
1,60001,151,0.22
1,62001,151,0.22
1,64001,151,0.22
1,65535,151,0.2
1,1,161,0.21
1,2001,161,0.23
1,4001,161,0.22
1,6001,161,0.21
1,8001,161,0.18
1,10001,161,0.18
1,12001,161,0.23
1,14001,161,0.23
1,16001,161,0.23
1,18001,161,0.24
1,20001,161,0.23
1,22001,161,0.2
1,24001,161,0.23
1,26001,161,0.24
1,28001,161,0.21
1,30001,161,0.2
1,32001,161,0.18
1,34001,161,0.19
1,36001,161,0.2
1,38001,161,0.2
1,40001,161,0.18
1,42001,161,0.18
1,44001,161,0.21
1,46001,161,0.2
1,48001,161,0.18
1,50001,161,0.19
1,52001,161,0.2
1,54001,161,0.2
1,56001,161,0.21
1,58001,161,0.2
1,60001,161,0.2
1,62001,161,0.21
1,64001,161,0.2
1,65535,161,0.2
1,1,171,0.23
1,2001,171,0.24
1,4001,171,0.24
1,6001,171,0.21
1,8001,171,0.21
1,10001,171,0.19
1,12001,171,0.18
1,14001,171,0.21
1,16001,171,0.2
1,18001,171,0.19
1,20001,171,0.25
1,22001,171,0.25
1,24001,171,0.2
1,26001,171,0.2
1,28001,171,0.21
1,30001,171,0.24
1,32001,171,0.24
1,34001,171,0.2
1,36001,171,0.2
1,38001,171,0.2
1,40001,171,0.2
1,42001,171,0.2
1,44001,171,0.2
1,46001,171,0.22
1,48001,171,0.2
1,50001,171,0.2
1,52001,171,0.2
1,54001,171,0.2
1,56001,171,0.2
1,58001,171,0.21
1,60001,171,0.24
1,62001,171,0.23
1,64001,171,0.21
1,65535,171,0.21
1,1,181,0.2
1,2001,181,0.21
1,4001,181,0.23
1,6001,181,0.23
1,8001,181,0.2
1,10001,181,0.2
1,12001,181,0.19
1,14001,181,0.21
1,16001,181,0.21
1,18001,181,0.23
1,20001,181,0.22
1,22001,181,0.2
1,24001,181,0.27
1,26001,181,0.27
1,28001,181,0.23
1,30001,181,0.24
1,32001,181,0.24
1,34001,181,0.21
1,36001,181,0.2
1,38001,181,0.2
1,40001,181,0.2
1,42001,181,0.2
1,44001,181,0.2
1,46001,181,0.21
1,48001,181,0.21
1,50001,181,0.21
1,52001,181,0.2
1,54001,181,0.21
1,56001,181,0.23
1,58001,181,0.23
1,60001,181,0.2
1,62001,181,0.22
1,64001,181,0.21
1,65535,181,0.21
1,1,191,0.2
1,2001,191,0.21
1,4001,191,0.23
1,6001,191,0.19
1,8001,191,0.18
1,10001,191,0.2
1,12001,191,0.21
1,14001,191,0.21
1,16001,191,0.24
1,18001,191,0.26
1,20001,191,0.23
1,22001,191,0.23
1,24001,191,0.22
1,26001,191,0.22
1,28001,191,0.18
1,30001,191,0.2
1,32001,191,0.2
1,34001,191,0.2
1,36001,191,0.2
1,38001,191,0.2
1,40001,191,0.2
1,42001,191,0.21
1,44001,191,0.21
1,46001,191,0.2
1,48001,191,0.24
1,50001,191,0.27
1,52001,191,0.23
1,54001,191,0.2
1,56001,191,0.2
1,58001,191,0.21
1,60001,191,0.21
1,62001,191,0.2
1,64001,191,0.2
1,65535,191,0.18
1,1,201,0.2
1,2001,201,0.18
1,4001,201,0.18
1,6001,201,0.19
1,8001,201,0.23
1,10001,201,0.23
1,12001,201,0.19
1,14001,201,0.19
1,16001,201,0.21
1,18001,201,0.21
1,20001,201,0.21
1,22001,201,0.24
1,24001,201,0.24
1,26001,201,0.2
1,28001,201,0.2
1,30001,201,0.18
1,32001,201,0.2
1,34001,201,0.22
1,36001,201,0.25
1,38001,201,0.25
1,40001,201,0.23
1,42001,201,0.23
1,44001,201,0.2
1,46001,201,0.22
1,48001,201,0.22
1,50001,201,0.21
1,52001,201,0.23
1,54001,201,0.24
1,56001,201,0.23
1,58001,201,0.23
1,60001,201,0.23
1,62001,201,0.23
1,64001,201,0.22
1,65535,201,0.21
1,1,211,0.18
1,2001,211,0.23
1,4001,211,0.21
1,6001,211,0.21
1,8001,211,0.22
1,10001,211,0.21
1,12001,211,0.21
1,14001,211,0.21
1,16001,211,0.18
1,18001,211,0.27
1,20001,211,0.27
1,22001,211,0.28
1,24001,211,0.26
1,26001,211,0.25
1,28001,211,0.23
1,30001,211,0.23
1,32001,211,0.23
1,34001,211,0.23
1,36001,211,0.2
1,38001,211,0.2
1,40001,211,0.23
1,42001,211,0.23
1,44001,211,0.22
1,46001,211,0.28
1,48001,211,0.2
1,50001,211,0.2
1,52001,211,0.2
1,54001,211,0.2
1,56001,211,0.2
1,58001,211,0.24
1,60001,211,0.2
1,62001,211,0.22
1,64001,211,0.24
1,65535,211,0.24
1,1,221,0.23
1,2001,221,0.2
1,4001,221,0.22
1,6001,221,0.22
1,8001,221,0.21
1,10001,221,0.21
1,12001,221,0.18
1,14001,221,0.18
1,16001,221,0.18
1,18001,221,0.18
1,20001,221,0.2
1,22001,221,0.21
1,24001,221,0.21
1,26001,221,0.21
1,28001,221,0.21
1,30001,221,0.23
1,32001,221,0.23
1,34001,221,0.22
1,36001,221,0.23
1,38001,221,0.23
1,40001,221,0.23
1,42001,221,0.22
1,44001,221,0.21
1,46001,221,0.2
1,48001,221,0.23
1,50001,221,0.24
1,52001,221,0.24
1,54001,221,0.24
1,56001,221,0.19
1,58001,221,0.18
1,60001,221,0.2
1,62001,221,0.2
1,64001,221,0.2
1,65535,221,0.2
1,1,231,0.18
1,2001,231,0.19
1,4001,231,0.19
1,6001,231,0.19
1,8001,231,0.17
1,10001,231,0.2
1,12001,231,0.24
1,14001,231,0.21
1,16001,231,0.2
1,18001,231,0.2
1,20001,231,0.21
1,22001,231,0.2
1,24001,231,0.2
1,26001,231,0.2
1,28001,231,0.2
1,30001,231,0.2
1,32001,231,0.18
1,34001,231,0.18
1,36001,231,0.2
1,38001,231,0.2
1,40001,231,0.2
1,42001,231,0.21
1,44001,231,0.21
1,46001,231,0.2
1,48001,231,0.2
1,50001,231,0.23
1,52001,231,0.23
1,54001,231,0.21
1,56001,231,0.18
1,58001,231,0.2
1,60001,231,0.24
1,62001,231,0.23
1,64001,231,0.2
1,65535,231,0.2
1,1,241,0.2
1,2001,241,0.2
1,4001,241,0.2
1,6001,241,0.2
1,8001,241,0.21
1,10001,241,0.21
1,12001,241,0.2
1,14001,241,0.2
1,16001,241,0.21
1,18001,241,0.2
1,20001,241,0.2
1,22001,241,0.22
1,24001,241,0.22
1,26001,241,0.24
1,28001,241,0.23
1,30001,241,0.23
1,32001,241,0.21
1,34001,241,0.2
1,36001,241,0.2
1,38001,241,0.18
1,40001,241,0.21
1,42001,241,0.23
1,44001,241,0.23
1,46001,241,0.22
1,48001,241,0.21
1,50001,241,0.2
1,52001,241,0.2
1,54001,241,0.2
1,56001,241,0.21
1,58001,241,0.21
1,60001,241,0.21
1,62001,241,0.21
1,64001,241,0.21
1,65535,241,0.23
1,1,251,0.23
1,2001,251,0.19
1,4001,251,0.18
1,6001,251,0.17
1,8001,251,0.17
1,10001,251,0.19
1,12001,251,0.23
1,14001,251,0.23
1,16001,251,0.18
1,18001,251,0.18
1,20001,251,0.18
1,22001,251,0.18
1,24001,251,0.23
1,26001,251,0.2
1,28001,251,0.2
1,30001,251,0.21
1,32001,251,0.21
1,34001,251,0.21
1,36001,251,0.22
1,38001,251,0.23
1,40001,251,0.24
1,42001,251,0.24
1,44001,251,0.2
1,46001,251,0.21
1,48001,251,0.26
1,50001,251,0.2
1,52001,251,0.22
1,54001,251,0.23
1,56001,251,0.21
1,58001,251,0.21
1,60001,251,0.23
1,62001,251,0.23
1,64001,251,0.21
1,65535,251,0.2
1,1,254,0.25
1,2001,254,0.22
1,4001,254,0.21
1,6001,254,0.21
1,8001,254,0.22
1,10001,254,0.23
1,12001,254,0.24
1,14001,254,0.24
1,16001,254,0.24
1,18001,254,0.17
1,20001,254,0.18
1,22001,254,0.19
1,24001,254,0.2
1,26001,254,0.23
1,28001,254,0.21
1,30001,254,0.21
1,32001,254,0.2
1,34001,254,0.2
1,36001,254,0.2
1,38001,254,0.2
1,40001,254,0.2
1,42001,254,0.2
1,44001,254,0.18
1,46001,254,0.19
1,48001,254,0.2
1,50001,254,0.24
1,52001,254,0.24
1,54001,254,0.24
1,56001,254,0.23
1,58001,254,0.21
1,60001,254,0.25
1,62001,254,0.23
1,64001,254,0.23
1,65535,254,0.2
11,1,1,0.28
11,2001,1,0.3
11,4001,1,0.33
11,6001,1,0.32
11,8001,1,0.32
11,10001,1,0.31
11,12001,1,0.28
11,14001,1,0.28
11,16001,1,0.27
11,18001,1,0.28
11,20001,1,0.26
11,22001,1,0.27
11,24001,1,0.29
11,26001,1,0.27
11,28001,1,0.29
11,30001,1,0.3
11,32001,1,0.29
11,34001,1,0.3
11,36001,1,0.32
11,38001,1,0.3
11,40001,1,0.33
11,42001,1,0.29
11,44001,1,0.28
11,46001,1,0.28
11,48001,1,0.29
11,50001,1,0.28
11,52001,1,0.29
11,54001,1,0.29
11,56001,1,0.28
11,58001,1,0.31
11,60001,1,0.26
11,62001,1,0.26
11,64001,1,0.28
11,65535,1,0.28
11,1,11,0.28
11,2001,11,0.29
11,4001,11,0.32
11,6001,11,0.27
11,8001,11,0.27
11,10001,11,0.23
11,12001,11,0.3
11,14001,11,0.28
11,16001,11,0.28
11,18001,11,0.28
11,20001,11,0.3
11,22001,11,0.29
11,24001,11,0.28
11,26001,11,0.28
11,28001,11,0.27
11,30001,11,0.28
11,32001,11,0.28
11,34001,11,0.28
11,36001,11,0.28
11,38001,11,0.3
11,40001,11,0.32
11,42001,11,0.28
11,44001,11,0.29
11,46001,11,0.31
11,48001,11,0.31
11,50001,11,0.29
11,52001,11,0.3
11,54001,11,0.27
11,56001,11,0.27
11,58001,11,0.28
11,60001,11,0.31
11,62001,11,0.33
11,64001,11,0.3
11,65535,11,0.28
11,1,21,0.31
11,2001,21,0.3
11,4001,21,0.31
11,6001,21,0.31
11,8001,21,0.28
11,10001,21,0.32
11,12001,21,0.34
11,14001,21,0.28
11,16001,21,0.28
11,18001,21,0.28
11,20001,21,0.3
11,22001,21,0.26
11,24001,21,0.28
11,26001,21,0.29
11,28001,21,0.3
11,30001,21,0.27
11,32001,21,0.27
11,34001,21,0.29
11,36001,21,0.29
11,38001,21,0.29
11,40001,21,0.27
11,42001,21,0.28
11,44001,21,0.28
11,46001,21,0.27
11,48001,21,0.3
11,50001,21,0.29
11,52001,21,0.29
11,54001,21,0.29
11,56001,21,0.32
11,58001,21,0.29
11,60001,21,0.34
11,62001,21,0.33
11,64001,21,0.29
11,65535,21,0.29
11,1,31,0.32
11,2001,31,0.35
11,4001,31,0.34
11,6001,31,0.32
11,8001,31,0.29
11,10001,31,0.27
11,12001,31,0.27
11,14001,31,0.28
11,16001,31,0.31
11,18001,31,0.31
11,20001,31,0.31
11,22001,31,0.28
11,24001,31,0.27
11,26001,31,0.28
11,28001,31,0.3
11,30001,31,0.29
11,32001,31,0.25
11,34001,31,0.28
11,36001,31,0.32
11,38001,31,0.33
11,40001,31,0.29
11,42001,31,0.29
11,44001,31,0.29
11,46001,31,0.28
11,48001,31,0.28
11,50001,31,0.29
11,52001,31,0.29
11,54001,31,0.28
11,56001,31,0.31
11,58001,31,0.32
11,60001,31,0.32
11,62001,31,0.32
11,64001,31,0.34
11,65535,31,0.34
11,1,41,0.33
11,2001,41,0.34
11,4001,41,0.35
11,6001,41,0.34
11,8001,41,0.33
11,10001,41,0.33
11,12001,41,0.31
11,14001,41,0.28
11,16001,41,0.26
11,18001,41,0.29
11,20001,41,0.29
11,22001,41,0.28
11,24001,41,0.26
11,26001,41,0.27
11,28001,41,0.27
11,30001,41,0.28
11,32001,41,0.28
11,34001,41,0.29
11,36001,41,0.3
11,38001,41,0.3
11,40001,41,0.3
11,42001,41,0.3
11,44001,41,0.33
11,46001,41,0.31
11,48001,41,0.29
11,50001,41,0.3
11,52001,41,0.33
11,54001,41,0.31
11,56001,41,0.3
11,58001,41,0.35
11,60001,41,0.32
11,62001,41,0.38
11,64001,41,0.37
11,65535,41,0.35
11,1,51,0.32
11,2001,51,0.34
11,4001,51,0.38
11,6001,51,0.34
11,8001,51,0.35
11,10001,51,0.35
11,12001,51,0.29
11,14001,51,0.3
11,16001,51,0.29
11,18001,51,0.28
11,20001,51,0.26
11,22001,51,0.29
11,24001,51,0.3
11,26001,51,0.29
11,28001,51,0.3
11,30001,51,0.32
11,32001,51,0.29
11,34001,51,0.29
11,36001,51,0.27
11,38001,51,0.28
11,40001,51,0.29
11,42001,51,0.28
11,44001,51,0.28
11,46001,51,0.32
11,48001,51,0.32
11,50001,51,0.28
11,52001,51,0.3
11,54001,51,0.34
11,56001,51,0.34
11,58001,51,0.32
11,60001,51,0.34
11,62001,51,0.31
11,64001,51,0.34
11,65535,51,0.36
11,1,61,0.33
11,2001,61,0.34
11,4001,61,0.34
11,6001,61,0.35
11,8001,61,0.34
11,10001,61,0.34
11,12001,61,0.3
11,14001,61,0.28
11,16001,61,0.28
11,18001,61,0.26
11,20001,61,0.26
11,22001,61,0.28
11,24001,61,0.3
11,26001,61,0.3
11,28001,61,0.27
11,30001,61,0.31
11,32001,61,0.28
11,34001,61,0.26
11,36001,61,0.24
11,38001,61,0.27
11,40001,61,0.3
11,42001,61,0.29
11,44001,61,0.29
11,46001,61,0.29
11,48001,61,0.26
11,50001,61,0.31
11,52001,61,0.33
11,54001,61,0.31
11,56001,61,0.3
11,58001,61,0.32
11,60001,61,0.33
11,62001,61,0.3
11,64001,61,0.33
11,65535,61,0.38
11,1,71,0.29
11,2001,71,0.31
11,4001,71,0.34
11,6001,71,0.35
11,8001,71,0.34
11,10001,71,0.32
11,12001,71,0.32
11,14001,71,0.28
11,16001,71,0.28
11,18001,71,0.28
11,20001,71,0.26
11,22001,71,0.26
11,24001,71,0.26
11,26001,71,0.27
11,28001,71,0.26
11,30001,71,0.25
11,32001,71,0.24
11,34001,71,0.26
11,36001,71,0.27
11,38001,71,0.29
11,40001,71,0.3
11,42001,71,0.29
11,44001,71,0.29
11,46001,71,0.29
11,48001,71,0.28
11,50001,71,0.3
11,52001,71,0.32
11,54001,71,0.33
11,56001,71,0.33
11,58001,71,0.37
11,60001,71,0.34
11,62001,71,0.39
11,64001,71,0.38
11,65535,71,0.34
11,1,81,0.37
11,2001,81,0.34
11,4001,81,0.35
11,6001,81,0.34
11,8001,81,0.34
11,10001,81,0.34
11,12001,81,0.3
11,14001,81,0.28
11,16001,81,0.26
11,18001,81,0.27
11,20001,81,0.29
11,22001,81,0.29
11,24001,81,0.29
11,26001,81,0.23
11,28001,81,0.23
11,30001,81,0.32
11,32001,81,0.28
11,34001,81,0.27
11,36001,81,0.29
11,38001,81,0.3
11,40001,81,0.28
11,42001,81,0.28
11,44001,81,0.3
11,46001,81,0.3
11,48001,81,0.28
11,50001,81,0.27
11,52001,81,0.28
11,54001,81,0.3
11,56001,81,0.36
11,58001,81,0.37
11,60001,81,0.32
11,62001,81,0.36
11,64001,81,0.34
11,65535,81,0.34
11,1,91,0.33
11,2001,91,0.34
11,4001,91,0.33
11,6001,91,0.36
11,8001,91,0.35
11,10001,91,0.41
11,12001,91,0.33
11,14001,91,0.29
11,16001,91,0.24
11,18001,91,0.24
11,20001,91,0.26
11,22001,91,0.27
11,24001,91,0.28
11,26001,91,0.24
11,28001,91,0.29
11,30001,91,0.28
11,32001,91,0.28
11,34001,91,0.32
11,36001,91,0.28
11,38001,91,0.33
11,40001,91,0.3
11,42001,91,0.32
11,44001,91,0.31
11,46001,91,0.3
11,48001,91,0.29
11,50001,91,0.32
11,52001,91,0.34
11,54001,91,0.34
11,56001,91,0.36
11,58001,91,0.34
11,60001,91,0.34
11,62001,91,0.34
11,64001,91,0.33
11,65535,91,0.32
11,1,101,0.3
11,2001,101,0.29
11,4001,101,0.3
11,6001,101,0.34
11,8001,101,0.32
11,10001,101,0.32
11,12001,101,0.32
11,14001,101,0.28
11,16001,101,0.28
11,18001,101,0.28
11,20001,101,0.25
11,22001,101,0.28
11,24001,101,0.3
11,26001,101,0.28
11,28001,101,0.26
11,30001,101,0.25
11,32001,101,0.29
11,34001,101,0.29
11,36001,101,0.28
11,38001,101,0.3
11,40001,101,0.34
11,42001,101,0.28
11,44001,101,0.28
11,46001,101,0.29
11,48001,101,0.3
11,50001,101,0.28
11,52001,101,0.27
11,54001,101,0.28
11,56001,101,0.33
11,58001,101,0.34
11,60001,101,0.33
11,62001,101,0.3
11,64001,101,0.34
11,65535,101,0.32
11,1,111,0.29
11,2001,111,0.29
11,4001,111,0.3
11,6001,111,0.29
11,8001,111,0.33
11,10001,111,0.33
11,12001,111,0.33
11,14001,111,0.34
11,16001,111,0.27
11,18001,111,0.28
11,20001,111,0.28
11,22001,111,0.28
11,24001,111,0.27
11,26001,111,0.25
11,28001,111,0.24
11,30001,111,0.24
11,32001,111,0.27
11,34001,111,0.28
11,36001,111,0.28
11,38001,111,0.28
11,40001,111,0.24
11,42001,111,0.31
11,44001,111,0.32
11,46001,111,0.32
11,48001,111,0.32
11,50001,111,0.28
11,52001,111,0.34
11,54001,111,0.32
11,56001,111,0.32
11,58001,111,0.33
11,60001,111,0.3
11,62001,111,0.3
11,64001,111,0.28
11,65535,111,0.3
11,1,121,0.31
11,2001,121,0.32
11,4001,121,0.28
11,6001,121,0.28
11,8001,121,0.3
11,10001,121,0.33
11,12001,121,0.31
11,14001,121,0.28
11,16001,121,0.27
11,18001,121,0.28
11,20001,121,0.28
11,22001,121,0.3
11,24001,121,0.23
11,26001,121,0.29
11,28001,121,0.29
11,30001,121,0.28
11,32001,121,0.3
11,34001,121,0.29
11,36001,121,0.32
11,38001,121,0.3
11,40001,121,0.33
11,42001,121,0.33
11,44001,121,0.31
11,46001,121,0.28
11,48001,121,0.3
11,50001,121,0.3
11,52001,121,0.32
11,54001,121,0.33
11,56001,121,0.32
11,58001,121,0.28
11,60001,121,0.28
11,62001,121,0.28
11,64001,121,0.28
11,65535,121,0.28
11,1,131,0.27
11,2001,131,0.25
11,4001,131,0.28
11,6001,131,0.32
11,8001,131,0.32
11,10001,131,0.33
11,12001,131,0.33
11,14001,131,0.31
11,16001,131,0.31
11,18001,131,0.27
11,20001,131,0.34
11,22001,131,0.28
11,24001,131,0.28
11,26001,131,0.29
11,28001,131,0.28
11,30001,131,0.27
11,32001,131,0.27
11,34001,131,0.31
11,36001,131,0.27
11,38001,131,0.27
11,40001,131,0.3
11,42001,131,0.3
11,44001,131,0.28
11,46001,131,0.26
11,48001,131,0.27
11,50001,131,0.28
11,52001,131,0.28
11,54001,131,0.29
11,56001,131,0.3
11,58001,131,0.31
11,60001,131,0.29
11,62001,131,0.28
11,64001,131,0.26
11,65535,131,0.27
11,1,141,0.28
11,2001,141,0.3
11,4001,141,0.3
11,6001,141,0.29
11,8001,141,0.34
11,10001,141,0.33
11,12001,141,0.34
11,14001,141,0.27
11,16001,141,0.29
11,18001,141,0.29
11,20001,141,0.29
11,22001,141,0.24
11,24001,141,0.24
11,26001,141,0.24
11,28001,141,0.27
11,30001,141,0.25
11,32001,141,0.26
11,34001,141,0.26
11,36001,141,0.27
11,38001,141,0.27
11,40001,141,0.29
11,42001,141,0.34
11,44001,141,0.33
11,46001,141,0.27
11,48001,141,0.27
11,50001,141,0.29
11,52001,141,0.3
11,54001,141,0.3
11,56001,141,0.28
11,58001,141,0.29
11,60001,141,0.29
11,62001,141,0.29
11,64001,141,0.28
11,65535,141,0.29
11,1,151,0.26
11,2001,151,0.32
11,4001,151,0.28
11,6001,151,0.27
11,8001,151,0.28
11,10001,151,0.36
11,12001,151,0.36
11,14001,151,0.28
11,16001,151,0.28
11,18001,151,0.27
11,20001,151,0.27
11,22001,151,0.27
11,24001,151,0.28
11,26001,151,0.29
11,28001,151,0.29
11,30001,151,0.28
11,32001,151,0.28
11,34001,151,0.28
11,36001,151,0.28
11,38001,151,0.28
11,40001,151,0.33
11,42001,151,0.35
11,44001,151,0.3
11,46001,151,0.32
11,48001,151,0.32
11,50001,151,0.26
11,52001,151,0.28
11,54001,151,0.3
11,56001,151,0.29
11,58001,151,0.28
11,60001,151,0.29
11,62001,151,0.3
11,64001,151,0.31
11,65535,151,0.28
11,1,161,0.26
11,2001,161,0.23
11,4001,161,0.28
11,6001,161,0.28
11,8001,161,0.29
11,10001,161,0.31
11,12001,161,0.32
11,14001,161,0.32
11,16001,161,0.26
11,18001,161,0.26
11,20001,161,0.27
11,22001,161,0.27
11,24001,161,0.26
11,26001,161,0.27
11,28001,161,0.27
11,30001,161,0.24
11,32001,161,0.3
11,34001,161,0.31
11,36001,161,0.31
11,38001,161,0.26
11,40001,161,0.33
11,42001,161,0.34
11,44001,161,0.28
11,46001,161,0.26
11,48001,161,0.29
11,50001,161,0.34
11,52001,161,0.3
11,54001,161,0.3
11,56001,161,0.31
11,58001,161,0.33
11,60001,161,0.3
11,62001,161,0.28
11,64001,161,0.28
11,65535,161,0.27
11,1,171,0.27
11,2001,171,0.26
11,4001,171,0.26
11,6001,171,0.28
11,8001,171,0.29
11,10001,171,0.3
11,12001,171,0.3
11,14001,171,0.31
11,16001,171,0.3
11,18001,171,0.26
11,20001,171,0.27
11,22001,171,0.28
11,24001,171,0.25
11,26001,171,0.31
11,28001,171,0.26
11,30001,171,0.27
11,32001,171,0.27
11,34001,171,0.29
11,36001,171,0.28
11,38001,171,0.26
11,40001,171,0.28
11,42001,171,0.29
11,44001,171,0.29
11,46001,171,0.29
11,48001,171,0.29
11,50001,171,0.29
11,52001,171,0.27
11,54001,171,0.33
11,56001,171,0.29
11,58001,171,0.29
11,60001,171,0.28
11,62001,171,0.28
11,64001,171,0.27
11,65535,171,0.28
11,1,181,0.26
11,2001,181,0.27
11,4001,181,0.23
11,6001,181,0.23
11,8001,181,0.28
11,10001,181,0.3
11,12001,181,0.29
11,14001,181,0.27
11,16001,181,0.27
11,18001,181,0.27
11,20001,181,0.24
11,22001,181,0.26
11,24001,181,0.28
11,26001,181,0.28
11,28001,181,0.28
11,30001,181,0.31
11,32001,181,0.31
11,34001,181,0.25
11,36001,181,0.31
11,38001,181,0.33
11,40001,181,0.3
11,42001,181,0.28
11,44001,181,0.3
11,46001,181,0.31
11,48001,181,0.28
11,50001,181,0.26
11,52001,181,0.26
11,54001,181,0.26
11,56001,181,0.28
11,58001,181,0.3
11,60001,181,0.3
11,62001,181,0.28
11,64001,181,0.29
11,65535,181,0.29
11,1,191,0.3
11,2001,191,0.24
11,4001,191,0.27
11,6001,191,0.28
11,8001,191,0.31
11,10001,191,0.32
11,12001,191,0.34
11,14001,191,0.28
11,16001,191,0.23
11,18001,191,0.23
11,20001,191,0.27
11,22001,191,0.27
11,24001,191,0.26
11,26001,191,0.26
11,28001,191,0.26
11,30001,191,0.27
11,32001,191,0.27
11,34001,191,0.32
11,36001,191,0.32
11,38001,191,0.28
11,40001,191,0.28
11,42001,191,0.29
11,44001,191,0.3
11,46001,191,0.29
11,48001,191,0.27
11,50001,191,0.27
11,52001,191,0.27
11,54001,191,0.27
11,56001,191,0.29
11,58001,191,0.3
11,60001,191,0.29
11,62001,191,0.27
11,64001,191,0.24
11,65535,191,0.27
11,1,201,0.27
11,2001,201,0.29
11,4001,201,0.29
11,6001,201,0.28
11,8001,201,0.28
11,10001,201,0.29
11,12001,201,0.29
11,14001,201,0.28
11,16001,201,0.28
11,18001,201,0.27
11,20001,201,0.27
11,22001,201,0.24
11,24001,201,0.26
11,26001,201,0.27
11,28001,201,0.28
11,30001,201,0.28
11,32001,201,0.27
11,34001,201,0.26
11,36001,201,0.24
11,38001,201,0.29
11,40001,201,0.29
11,42001,201,0.28
11,44001,201,0.27
11,46001,201,0.29
11,48001,201,0.3
11,50001,201,0.3
11,52001,201,0.28
11,54001,201,0.28
11,56001,201,0.28
11,58001,201,0.27
11,60001,201,0.29
11,62001,201,0.3
11,64001,201,0.28
11,65535,201,0.28
11,1,211,0.26
11,2001,211,0.32
11,4001,211,0.32
11,6001,211,0.32
11,8001,211,0.24
11,10001,211,0.31
11,12001,211,0.3
11,14001,211,0.28
11,16001,211,0.24
11,18001,211,0.24
11,20001,211,0.27
11,22001,211,0.28
11,24001,211,0.28
11,26001,211,0.26
11,28001,211,0.27
11,30001,211,0.27
11,32001,211,0.25
11,34001,211,0.26
11,36001,211,0.29
11,38001,211,0.3
11,40001,211,0.31
11,42001,211,0.28
11,44001,211,0.28
11,46001,211,0.27
11,48001,211,0.3
11,50001,211,0.31
11,52001,211,0.27
11,54001,211,0.3
11,56001,211,0.3
11,58001,211,0.33
11,60001,211,0.27
11,62001,211,0.3
11,64001,211,0.28
11,65535,211,0.28
11,1,221,0.26
11,2001,221,0.28
11,4001,221,0.28
11,6001,221,0.27
11,8001,221,0.27
11,10001,221,0.28
11,12001,221,0.29
11,14001,221,0.28
11,16001,221,0.3
11,18001,221,0.25
11,20001,221,0.24
11,22001,221,0.27
11,24001,221,0.25
11,26001,221,0.25
11,28001,221,0.27
11,30001,221,0.23
11,32001,221,0.24
11,34001,221,0.26
11,36001,221,0.28
11,38001,221,0.26
11,40001,221,0.25
11,42001,221,0.32
11,44001,221,0.29
11,46001,221,0.27
11,48001,221,0.24
11,50001,221,0.23
11,52001,221,0.28
11,54001,221,0.28
11,56001,221,0.29
11,58001,221,0.3
11,60001,221,0.3
11,62001,221,0.28
11,64001,221,0.26
11,65535,221,0.26
11,1,231,0.27
11,2001,231,0.26
11,4001,231,0.26
11,6001,231,0.28
11,8001,231,0.28
11,10001,231,0.27
11,12001,231,0.31
11,14001,231,0.27
11,16001,231,0.28
11,18001,231,0.28
11,20001,231,0.26
11,22001,231,0.32
11,24001,231,0.29
11,26001,231,0.28
11,28001,231,0.27
11,30001,231,0.24
11,32001,231,0.33
11,34001,231,0.29
11,36001,231,0.29
11,38001,231,0.27
11,40001,231,0.28
11,42001,231,0.26
11,44001,231,0.26
11,46001,231,0.28
11,48001,231,0.27
11,50001,231,0.23
11,52001,231,0.28
11,54001,231,0.29
11,56001,231,0.27
11,58001,231,0.28
11,60001,231,0.29
11,62001,231,0.28
11,64001,231,0.26
11,65535,231,0.26
11,1,241,0.23
11,2001,241,0.25
11,4001,241,0.29
11,6001,241,0.27
11,8001,241,0.28
11,10001,241,0.29
11,12001,241,0.29
11,14001,241,0.27
11,16001,241,0.27
11,18001,241,0.28
11,20001,241,0.26
11,22001,241,0.3
11,24001,241,0.28
11,26001,241,0.28
11,28001,241,0.28
11,30001,241,0.28
11,32001,241,0.28
11,34001,241,0.28
11,36001,241,0.26
11,38001,241,0.26
11,40001,241,0.27
11,42001,241,0.28
11,44001,241,0.26
11,46001,241,0.29
11,48001,241,0.28
11,50001,241,0.28
11,52001,241,0.27
11,54001,241,0.3
11,56001,241,0.32
11,58001,241,0.3
11,60001,241,0.27
11,62001,241,0.27
11,64001,241,0.28
11,65535,241,0.31
11,1,251,0.29
11,2001,251,0.27
11,4001,251,0.27
11,6001,251,0.27
11,8001,251,0.28
11,10001,251,0.31
11,12001,251,0.31
11,14001,251,0.3
11,16001,251,0.28
11,18001,251,0.27
11,20001,251,0.27
11,22001,251,0.28
11,24001,251,0.28
11,26001,251,0.23
11,28001,251,0.23
11,30001,251,0.32
11,32001,251,0.29
11,34001,251,0.25
11,36001,251,0.28
11,38001,251,0.28
11,40001,251,0.29
11,42001,251,0.34
11,44001,251,0.27
11,46001,251,0.26
11,48001,251,0.26
11,50001,251,0.26
11,52001,251,0.27
11,54001,251,0.29
11,56001,251,0.28
11,58001,251,0.26
11,60001,251,0.24
11,62001,251,0.27
11,64001,251,0.29
11,65535,251,0.24
11,1,254,0.23
11,2001,254,0.27
11,4001,254,0.27
11,6001,254,0.26
11,8001,254,0.27
11,10001,254,0.28
11,12001,254,0.29
11,14001,254,0.3
11,16001,254,0.24
11,18001,254,0.26
11,20001,254,0.26
11,22001,254,0.28
11,24001,254,0.28
11,26001,254,0.26
11,28001,254,0.26
11,30001,254,0.26
11,32001,254,0.28
11,34001,254,0.3
11,36001,254,0.29
11,38001,254,0.28
11,40001,254,0.29
11,42001,254,0.3
11,44001,254,0.27
11,46001,254,0.27
11,48001,254,0.26
11,50001,254,0.28
11,52001,254,0.28
11,54001,254,0.28
11,56001,254,0.28
11,58001,254,0.29
11,60001,254,0.3
11,62001,254,0.29
11,64001,254,0.28
11,65535,254,0.28
21,1,1,0.32
21,2001,1,0.3
21,4001,1,0.33
21,6001,1,0.34
21,8001,1,0.32
21,10001,1,0.28
21,12001,1,0.26
21,14001,1,0.26
21,16001,1,0.27
21,18001,1,0.33
21,20001,1,0.29
21,22001,1,0.31
21,24001,1,0.32
21,26001,1,0.32
21,28001,1,0.32
21,30001,1,0.29
21,32001,1,0.29
21,34001,1,0.3
21,36001,1,0.29
21,38001,1,0.32
21,40001,1,0.32
21,42001,1,0.32
21,44001,1,0.28
21,46001,1,0.28
21,48001,1,0.29
21,50001,1,0.3
21,52001,1,0.28
21,54001,1,0.28
21,56001,1,0.32
21,58001,1,0.3
21,60001,1,0.3
21,62001,1,0.3
21,64001,1,0.33
21,65535,1,0.32
21,1,11,0.31
21,2001,11,0.32
21,4001,11,0.32
21,6001,11,0.3
21,8001,11,0.28
21,10001,11,0.29
21,12001,11,0.29
21,14001,11,0.29
21,16001,11,0.31
21,18001,11,0.33
21,20001,11,0.22
21,22001,11,0.22
21,24001,11,0.22
21,26001,11,0.22
21,28001,11,0.24
21,30001,11,0.26
21,32001,11,0.27
21,34001,11,0.29
21,36001,11,0.3
21,38001,11,0.3
21,40001,11,0.28
21,42001,11,0.33
21,44001,11,0.32
21,46001,11,0.32
21,48001,11,0.29
21,50001,11,0.28
21,52001,11,0.34
21,54001,11,0.32
21,56001,11,0.32
21,58001,11,0.29
21,60001,11,0.29
21,62001,11,0.3
21,64001,11,0.27
21,65535,11,0.3
21,1,21,0.33
21,2001,21,0.3
21,4001,21,0.32
21,6001,21,0.3
21,8001,21,0.3
21,10001,21,0.3
21,12001,21,0.28
21,14001,21,0.29
21,16001,21,0.31
21,18001,21,0.3
21,20001,21,0.29
21,22001,21,0.3
21,24001,21,0.31
21,26001,21,0.28
21,28001,21,0.27
21,30001,21,0.27
21,32001,21,0.27
21,34001,21,0.31
21,36001,21,0.32
21,38001,21,0.28
21,40001,21,0.28
21,42001,21,0.28
21,44001,21,0.3
21,46001,21,0.31
21,48001,21,0.31
21,50001,21,0.32
21,52001,21,0.29
21,54001,21,0.29
21,56001,21,0.32
21,58001,21,0.32
21,60001,21,0.34
21,62001,21,0.35
21,64001,21,0.34
21,65535,21,0.38
21,1,31,0.3
21,2001,31,0.35
21,4001,31,0.34
21,6001,31,0.34
21,8001,31,0.34
21,10001,31,0.33
21,12001,31,0.3
21,14001,31,0.3
21,16001,31,0.29
21,18001,31,0.3
21,20001,31,0.31
21,22001,31,0.28
21,24001,31,0.29
21,26001,31,0.29
21,28001,31,0.28
21,30001,31,0.29
21,32001,31,0.28
21,34001,31,0.29
21,36001,31,0.28
21,38001,31,0.28
21,40001,31,0.32
21,42001,31,0.28
21,44001,31,0.35
21,46001,31,0.27
21,48001,31,0.28
21,50001,31,0.33
21,52001,31,0.33
21,54001,31,0.34
21,56001,31,0.37
21,58001,31,0.35
21,60001,31,0.36
21,62001,31,0.36
21,64001,31,0.34
21,65535,31,0.32
21,1,41,0.35
21,2001,41,0.33
21,4001,41,0.36
21,6001,41,0.42
21,8001,41,0.38
21,10001,41,0.33
21,12001,41,0.32
21,14001,41,0.32
21,16001,41,0.32
21,18001,41,0.27
21,20001,41,0.31
21,22001,41,0.31
21,24001,41,0.31
21,26001,41,0.29
21,28001,41,0.28
21,30001,41,0.28
21,32001,41,0.3
21,34001,41,0.31
21,36001,41,0.3
21,38001,41,0.34
21,40001,41,0.26
21,42001,41,0.28
21,44001,41,0.28
21,46001,41,0.29
21,48001,41,0.3
21,50001,41,0.32
21,52001,41,0.32
21,54001,41,0.39
21,56001,41,0.35
21,58001,41,0.37
21,60001,41,0.37
21,62001,41,0.39
21,64001,41,0.39
21,65535,41,0.35
21,1,51,0.36
21,2001,51,0.39
21,4001,51,0.34
21,6001,51,0.34
21,8001,51,0.34
21,10001,51,0.34
21,12001,51,0.32
21,14001,51,0.28
21,16001,51,0.24
21,18001,51,0.26
21,20001,51,0.31
21,22001,51,0.3
21,24001,51,0.29
21,26001,51,0.32
21,28001,51,0.32
21,30001,51,0.32
21,32001,51,0.32
21,34001,51,0.3
21,36001,51,0.31
21,38001,51,0.34
21,40001,51,0.32
21,42001,51,0.29
21,44001,51,0.28
21,46001,51,0.28
21,48001,51,0.27
21,50001,51,0.31
21,52001,51,0.34
21,54001,51,0.35
21,56001,51,0.35
21,58001,51,0.38
21,60001,51,0.36
21,62001,51,0.35
21,64001,51,0.37
21,65535,51,0.37
21,1,61,0.35
21,2001,61,0.35
21,4001,61,0.36
21,6001,61,0.36
21,8001,61,0.34
21,10001,61,0.34
21,12001,61,0.33
21,14001,61,0.29
21,16001,61,0.29
21,18001,61,0.29
21,20001,61,0.28
21,22001,61,0.28
21,24001,61,0.29
21,26001,61,0.3
21,28001,61,0.28
21,30001,61,0.29
21,32001,61,0.33
21,34001,61,0.33
21,36001,61,0.33
21,38001,61,0.28
21,40001,61,0.28
21,42001,61,0.3
21,44001,61,0.32
21,46001,61,0.34
21,48001,61,0.33
21,50001,61,0.31
21,52001,61,0.36
21,54001,61,0.36
21,56001,61,0.4
21,58001,61,0.34
21,60001,61,0.33
21,62001,61,0.37
21,64001,61,0.38
21,65535,61,0.4
21,1,71,0.34
21,2001,71,0.34
21,4001,71,0.35
21,6001,71,0.35
21,8001,71,0.36
21,10001,71,0.36
21,12001,71,0.32
21,14001,71,0.32
21,16001,71,0.28
21,18001,71,0.26
21,20001,71,0.27
21,22001,71,0.28
21,24001,71,0.28
21,26001,71,0.29
21,28001,71,0.28
21,30001,71,0.29
21,32001,71,0.29
21,34001,71,0.31
21,36001,71,0.32
21,38001,71,0.3
21,40001,71,0.3
21,42001,71,0.29
21,44001,71,0.28
21,46001,71,0.29
21,48001,71,0.32
21,50001,71,0.34
21,52001,71,0.38
21,54001,71,0.34
21,56001,71,0.36
21,58001,71,0.36
21,60001,71,0.4
21,62001,71,0.36
21,64001,71,0.41
21,65535,71,0.37
21,1,81,0.34
21,2001,81,0.42
21,4001,81,0.38
21,6001,81,0.36
21,8001,81,0.36
21,10001,81,0.35
21,12001,81,0.38
21,14001,81,0.29
21,16001,81,0.28
21,18001,81,0.27
21,20001,81,0.28
21,22001,81,0.28
21,24001,81,0.29
21,26001,81,0.29
21,28001,81,0.29
21,30001,81,0.28
21,32001,81,0.27
21,34001,81,0.28
21,36001,81,0.28
21,38001,81,0.32
21,40001,81,0.33
21,42001,81,0.29
21,44001,81,0.29
21,46001,81,0.33
21,48001,81,0.3
21,50001,81,0.34
21,52001,81,0.34
21,54001,81,0.36
21,56001,81,0.36
21,58001,81,0.39
21,60001,81,0.38
21,62001,81,0.38
21,64001,81,0.41
21,65535,81,0.34
21,1,91,0.35
21,2001,91,0.32
21,4001,91,0.35
21,6001,91,0.34
21,8001,91,0.42
21,10001,91,0.34
21,12001,91,0.34
21,14001,91,0.31
21,16001,91,0.28
21,18001,91,0.28
21,20001,91,0.27
21,22001,91,0.27
21,24001,91,0.25
21,26001,91,0.28
21,28001,91,0.27
21,30001,91,0.27
21,32001,91,0.28
21,34001,91,0.29
21,36001,91,0.27
21,38001,91,0.27
21,40001,91,0.28
21,42001,91,0.33
21,44001,91,0.32
21,46001,91,0.37
21,48001,91,0.29
21,50001,91,0.34
21,52001,91,0.34
21,54001,91,0.33
21,56001,91,0.33
21,58001,91,0.36
21,60001,91,0.36
21,62001,91,0.36
21,64001,91,0.37
21,65535,91,0.38
21,1,101,0.33
21,2001,101,0.33
21,4001,101,0.33
21,6001,101,0.38
21,8001,101,0.39
21,10001,101,0.38
21,12001,101,0.36
21,14001,101,0.34
21,16001,101,0.26
21,18001,101,0.28
21,20001,101,0.29
21,22001,101,0.33
21,24001,101,0.29
21,26001,101,0.31
21,28001,101,0.29
21,30001,101,0.28
21,32001,101,0.28
21,34001,101,0.28
21,36001,101,0.3
21,38001,101,0.3
21,40001,101,0.31
21,42001,101,0.31
21,44001,101,0.28
21,46001,101,0.31
21,48001,101,0.31
21,50001,101,0.35
21,52001,101,0.33
21,54001,101,0.38
21,56001,101,0.34
21,58001,101,0.41
21,60001,101,0.31
21,62001,101,0.34
21,64001,101,0.35
21,65535,101,0.33
21,1,111,0.3
21,2001,111,0.28
21,4001,111,0.34
21,6001,111,0.35
21,8001,111,0.36
21,10001,111,0.4
21,12001,111,0.37
21,14001,111,0.28
21,16001,111,0.28
21,18001,111,0.28
21,20001,111,0.26
21,22001,111,0.27
21,24001,111,0.27
21,26001,111,0.26
21,28001,111,0.28
21,30001,111,0.29
21,32001,111,0.3
21,34001,111,0.3
21,36001,111,0.29
21,38001,111,0.27
21,40001,111,0.32
21,42001,111,0.32
21,44001,111,0.34
21,46001,111,0.34
21,48001,111,0.3
21,50001,111,0.35
21,52001,111,0.36
21,54001,111,0.32
21,56001,111,0.33
21,58001,111,0.37
21,60001,111,0.34
21,62001,111,0.34
21,64001,111,0.31
21,65535,111,0.3
21,1,121,0.29
21,2001,121,0.28
21,4001,121,0.32
21,6001,121,0.32
21,8001,121,0.39
21,10001,121,0.41
21,12001,121,0.34
21,14001,121,0.32
21,16001,121,0.3
21,18001,121,0.32
21,20001,121,0.28
21,22001,121,0.27
21,24001,121,0.24
21,26001,121,0.26
21,28001,121,0.3
21,30001,121,0.28
21,32001,121,0.25
21,34001,121,0.29
21,36001,121,0.29
21,38001,121,0.27
21,40001,121,0.29
21,42001,121,0.3
21,44001,121,0.32
21,46001,121,0.32
21,48001,121,0.33
21,50001,121,0.33
21,52001,121,0.3
21,54001,121,0.33
21,56001,121,0.35
21,58001,121,0.34
21,60001,121,0.32
21,62001,121,0.28
21,64001,121,0.33
21,65535,121,0.32
21,1,131,0.28
21,2001,131,0.29
21,4001,131,0.29
21,6001,131,0.31
21,8001,131,0.32
21,10001,131,0.36
21,12001,131,0.33
21,14001,131,0.31
21,16001,131,0.28
21,18001,131,0.3
21,20001,131,0.31
21,22001,131,0.28
21,24001,131,0.28
21,26001,131,0.33
21,28001,131,0.29
21,30001,131,0.28
21,32001,131,0.28
21,34001,131,0.32
21,36001,131,0.24
21,38001,131,0.31
21,40001,131,0.33
21,42001,131,0.33
21,44001,131,0.31
21,46001,131,0.3
21,48001,131,0.32
21,50001,131,0.29
21,52001,131,0.29
21,54001,131,0.32
21,56001,131,0.33
21,58001,131,0.33
21,60001,131,0.29
21,62001,131,0.32
21,64001,131,0.28
21,65535,131,0.28
21,1,141,0.28
21,2001,141,0.28
21,4001,141,0.28
21,6001,141,0.33
21,8001,141,0.37
21,10001,141,0.36
21,12001,141,0.39
21,14001,141,0.33
21,16001,141,0.26
21,18001,141,0.3
21,20001,141,0.3
21,22001,141,0.3
21,24001,141,0.26
21,26001,141,0.28
21,28001,141,0.3
21,30001,141,0.28
21,32001,141,0.31
21,34001,141,0.34
21,36001,141,0.29
21,38001,141,0.34
21,40001,141,0.34
21,42001,141,0.34
21,44001,141,0.33
21,46001,141,0.3
21,48001,141,0.29
21,50001,141,0.29
21,52001,141,0.31
21,54001,141,0.31
21,56001,141,0.33
21,58001,141,0.34
21,60001,141,0.34
21,62001,141,0.34
21,64001,141,0.28
21,65535,141,0.32
21,1,151,0.28
21,2001,151,0.29
21,4001,151,0.27
21,6001,151,0.3
21,8001,151,0.33
21,10001,151,0.35
21,12001,151,0.35
21,14001,151,0.29
21,16001,151,0.3
21,18001,151,0.31
21,20001,151,0.29
21,22001,151,0.28
21,24001,151,0.26
21,26001,151,0.26
21,28001,151,0.32
21,30001,151,0.33
21,32001,151,0.31
21,34001,151,0.3
21,36001,151,0.3
21,38001,151,0.28
21,40001,151,0.3
21,42001,151,0.33
21,44001,151,0.33
21,46001,151,0.3
21,48001,151,0.28
21,50001,151,0.28
21,52001,151,0.28
21,54001,151,0.35
21,56001,151,0.33
21,58001,151,0.32
21,60001,151,0.3
21,62001,151,0.29
21,64001,151,0.34
21,65535,151,0.27
21,1,161,0.27
21,2001,161,0.26
21,4001,161,0.26
21,6001,161,0.24
21,8001,161,0.28
21,10001,161,0.35
21,12001,161,0.36
21,14001,161,0.29
21,16001,161,0.26
21,18001,161,0.23
21,20001,161,0.26
21,22001,161,0.28
21,24001,161,0.28
21,26001,161,0.28
21,28001,161,0.27
21,30001,161,0.26
21,32001,161,0.29
21,34001,161,0.33
21,36001,161,0.33
21,38001,161,0.33
21,40001,161,0.34
21,42001,161,0.34
21,44001,161,0.34
21,46001,161,0.26
21,48001,161,0.32
21,50001,161,0.29
21,52001,161,0.34
21,54001,161,0.32
21,56001,161,0.32
21,58001,161,0.32
21,60001,161,0.31
21,62001,161,0.33
21,64001,161,0.27
21,65535,161,0.28
21,1,171,0.25
21,2001,171,0.28
21,4001,171,0.32
21,6001,171,0.28
21,8001,171,0.27
21,10001,171,0.34
21,12001,171,0.32
21,14001,171,0.28
21,16001,171,0.26
21,18001,171,0.24
21,20001,171,0.27
21,22001,171,0.26
21,24001,171,0.24
21,26001,171,0.23
21,28001,171,0.2
21,30001,171,0.27
21,32001,171,0.26
21,34001,171,0.28
21,36001,171,0.3
21,38001,171,0.27
21,40001,171,0.34
21,42001,171,0.32
21,44001,171,0.32
21,46001,171,0.28
21,48001,171,0.28
21,50001,171,0.3
21,52001,171,0.29
21,54001,171,0.34
21,56001,171,0.34
21,58001,171,0.32
21,60001,171,0.31
21,62001,171,0.3
21,64001,171,0.27
21,65535,171,0.28
21,1,181,0.27
21,2001,181,0.28
21,4001,181,0.27
21,6001,181,0.26
21,8001,181,0.28
21,10001,181,0.34
21,12001,181,0.31
21,14001,181,0.33
21,16001,181,0.31
21,18001,181,0.24
21,20001,181,0.24
21,22001,181,0.26
21,24001,181,0.27
21,26001,181,0.27
21,28001,181,0.25
21,30001,181,0.25
21,32001,181,0.23
21,34001,181,0.33
21,36001,181,0.34
21,38001,181,0.3
21,40001,181,0.28
21,42001,181,0.3
21,44001,181,0.34
21,46001,181,0.3
21,48001,181,0.29
21,50001,181,0.27
21,52001,181,0.27
21,54001,181,0.3
21,56001,181,0.32
21,58001,181,0.28
21,60001,181,0.28
21,62001,181,0.3
21,64001,181,0.28
21,65535,181,0.27
21,1,191,0.27
21,2001,191,0.27
21,4001,191,0.26
21,6001,191,0.23
21,8001,191,0.28
21,10001,191,0.33
21,12001,191,0.32
21,14001,191,0.3
21,16001,191,0.3
21,18001,191,0.26
21,20001,191,0.3
21,22001,191,0.28
21,24001,191,0.28
21,26001,191,0.28
21,28001,191,0.28
21,30001,191,0.28
21,32001,191,0.3
21,34001,191,0.29
21,36001,191,0.3
21,38001,191,0.32
21,40001,191,0.29
21,42001,191,0.29
21,44001,191,0.28
21,46001,191,0.3
21,48001,191,0.28
21,50001,191,0.3
21,52001,191,0.3
21,54001,191,0.29
21,56001,191,0.35
21,58001,191,0.29
21,60001,191,0.29
21,62001,191,0.29
21,64001,191,0.3
21,65535,191,0.3
21,1,201,0.34
21,2001,201,0.26
21,4001,201,0.27
21,6001,201,0.27
21,8001,201,0.28
21,10001,201,0.32
21,12001,201,0.32
21,14001,201,0.29
21,16001,201,0.27
21,18001,201,0.28
21,20001,201,0.28
21,22001,201,0.3
21,24001,201,0.3
21,26001,201,0.3
21,28001,201,0.27
21,30001,201,0.27
21,32001,201,0.28
21,34001,201,0.32
21,36001,201,0.28
21,38001,201,0.34
21,40001,201,0.28
21,42001,201,0.32
21,44001,201,0.28
21,46001,201,0.27
21,48001,201,0.27
21,50001,201,0.27
21,52001,201,0.28
21,54001,201,0.29
21,56001,201,0.33
21,58001,201,0.33
21,60001,201,0.33
21,62001,201,0.3
21,64001,201,0.3
21,65535,201,0.27
21,1,211,0.3
21,2001,211,0.3
21,4001,211,0.23
21,6001,211,0.29
21,8001,211,0.27
21,10001,211,0.3
21,12001,211,0.3
21,14001,211,0.29
21,16001,211,0.29
21,18001,211,0.29
21,20001,211,0.28
21,22001,211,0.28
21,24001,211,0.26
21,26001,211,0.28
21,28001,211,0.29
21,30001,211,0.29
21,32001,211,0.25
21,34001,211,0.29
21,36001,211,0.29
21,38001,211,0.35
21,40001,211,0.35
21,42001,211,0.31
21,44001,211,0.28
21,46001,211,0.26
21,48001,211,0.24
21,50001,211,0.28
21,52001,211,0.28
21,54001,211,0.31
21,56001,211,0.35
21,58001,211,0.35
21,60001,211,0.3
21,62001,211,0.28
21,64001,211,0.28
21,65535,211,0.28
21,1,221,0.28
21,2001,221,0.29
21,4001,221,0.3
21,6001,221,0.3
21,8001,221,0.3
21,10001,221,0.33
21,12001,221,0.33
21,14001,221,0.32
21,16001,221,0.29
21,18001,221,0.28
21,20001,221,0.27
21,22001,221,0.28
21,24001,221,0.28
21,26001,221,0.28
21,28001,221,0.26
21,30001,221,0.26
21,32001,221,0.31
21,34001,221,0.31
21,36001,221,0.32
21,38001,221,0.33
21,40001,221,0.29
21,42001,221,0.29
21,44001,221,0.3
21,46001,221,0.28
21,48001,221,0.23
21,50001,221,0.26
21,52001,221,0.26
21,54001,221,0.33
21,56001,221,0.3
21,58001,221,0.31
21,60001,221,0.3
21,62001,221,0.3
21,64001,221,0.28
21,65535,221,0.27
21,1,231,0.27
21,2001,231,0.27
21,4001,231,0.27
21,6001,231,0.27
21,8001,231,0.28
21,10001,231,0.31
21,12001,231,0.32
21,14001,231,0.29
21,16001,231,0.25
21,18001,231,0.26
21,20001,231,0.28
21,22001,231,0.27
21,24001,231,0.26
21,26001,231,0.27
21,28001,231,0.28
21,30001,231,0.3
21,32001,231,0.28
21,34001,231,0.28
21,36001,231,0.32
21,38001,231,0.34
21,40001,231,0.35
21,42001,231,0.35
21,44001,231,0.28
21,46001,231,0.28
21,48001,231,0.26
21,50001,231,0.24
21,52001,231,0.28
21,54001,231,0.32
21,56001,231,0.34
21,58001,231,0.32
21,60001,231,0.3
21,62001,231,0.3
21,64001,231,0.27
21,65535,231,0.25
21,1,241,0.24
21,2001,241,0.24
21,4001,241,0.28
21,6001,241,0.26
21,8001,241,0.32
21,10001,241,0.3
21,12001,241,0.29
21,14001,241,0.28
21,16001,241,0.29
21,18001,241,0.25
21,20001,241,0.23
21,22001,241,0.25
21,24001,241,0.26
21,26001,241,0.27
21,28001,241,0.27
21,30001,241,0.3
21,32001,241,0.3
21,34001,241,0.32
21,36001,241,0.28
21,38001,241,0.29
21,40001,241,0.33
21,42001,241,0.29
21,44001,241,0.26
21,46001,241,0.24
21,48001,241,0.28
21,50001,241,0.27
21,52001,241,0.33
21,54001,241,0.33
21,56001,241,0.34
21,58001,241,0.34
21,60001,241,0.32
21,62001,241,0.29
21,64001,241,0.28
21,65535,241,0.28
21,1,251,0.26
21,2001,251,0.26
21,4001,251,0.26
21,6001,251,0.29
21,8001,251,0.28
21,10001,251,0.28
21,12001,251,0.29
21,14001,251,0.3
21,16001,251,0.28
21,18001,251,0.26
21,20001,251,0.27
21,22001,251,0.29
21,24001,251,0.29
21,26001,251,0.32
21,28001,251,0.29
21,30001,251,0.25
21,32001,251,0.25
21,34001,251,0.28
21,36001,251,0.3
21,38001,251,0.32
21,40001,251,0.32
21,42001,251,0.29
21,44001,251,0.27
21,46001,251,0.26
21,48001,251,0.28
21,50001,251,0.28
21,52001,251,0.23
21,54001,251,0.29
21,56001,251,0.29
21,58001,251,0.28
21,60001,251,0.28
21,62001,251,0.28
21,64001,251,0.29
21,65535,251,0.29
21,1,254,0.28
21,2001,254,0.3
21,4001,254,0.28
21,6001,254,0.28
21,8001,254,0.3
21,10001,254,0.33
21,12001,254,0.35
21,14001,254,0.28
21,16001,254,0.26
21,18001,254,0.24
21,20001,254,0.27
21,22001,254,0.28
21,24001,254,0.29
21,26001,254,0.28
21,28001,254,0.27
21,30001,254,0.31
21,32001,254,0.31
21,34001,254,0.28
21,36001,254,0.27
21,38001,254,0.32
21,40001,254,0.33
21,42001,254,0.31
21,44001,254,0.28
21,46001,254,0.25
21,48001,254,0.3
21,50001,254,0.34
21,52001,254,0.32
21,54001,254,0.31
21,56001,254,0.33
21,58001,254,0.31
21,60001,254,0.27
21,62001,254,0.28
21,64001,254,0.29
21,65535,254,0.28
31,1,1,0.31
31,2001,1,0.33
31,4001,1,0.31
31,6001,1,0.3
31,8001,1,0.29
31,10001,1,0.33
31,12001,1,0.33
31,14001,1,0.32
31,16001,1,0.35
31,18001,1,0.32
31,20001,1,0.35
31,22001,1,0.3
31,24001,1,0.32
31,26001,1,0.33
31,28001,1,0.33
31,30001,1,0.33
31,32001,1,0.34
31,34001,1,0.31
31,36001,1,0.32
31,38001,1,0.33
31,40001,1,0.31
31,42001,1,0.31
31,44001,1,0.31
31,46001,1,0.32
31,48001,1,0.32
31,50001,1,0.3
31,52001,1,0.33
31,54001,1,0.33
31,56001,1,0.32
31,58001,1,0.32
31,60001,1,0.32
31,62001,1,0.32
31,64001,1,0.32
31,65535,1,0.34
31,1,11,0.32
31,2001,11,0.34
31,4001,11,0.34
31,6001,11,0.33
31,8001,11,0.33
31,10001,11,0.32
31,12001,11,0.29
31,14001,11,0.3
31,16001,11,0.33
31,18001,11,0.28
31,20001,11,0.29
31,22001,11,0.29
31,24001,11,0.27
31,26001,11,0.34
31,28001,11,0.3
31,30001,11,0.29
31,32001,11,0.28
31,34001,11,0.28
31,36001,11,0.3
31,38001,11,0.3
31,40001,11,0.3
31,42001,11,0.34
31,44001,11,0.33
31,46001,11,0.29
31,48001,11,0.29
31,50001,11,0.29
31,52001,11,0.3
31,54001,11,0.31
31,56001,11,0.35
31,58001,11,0.37
31,60001,11,0.33
31,62001,11,0.33
31,64001,11,0.3
31,65535,11,0.32
31,1,21,0.33
31,2001,21,0.35
31,4001,21,0.33
31,6001,21,0.33
31,8001,21,0.32
31,10001,21,0.33
31,12001,21,0.33
31,14001,21,0.33
31,16001,21,0.34
31,18001,21,0.33
31,20001,21,0.31
31,22001,21,0.3
31,24001,21,0.29
31,26001,21,0.29
31,28001,21,0.32
31,30001,21,0.34
31,32001,21,0.3
31,34001,21,0.31
31,36001,21,0.31
31,38001,21,0.3
31,40001,21,0.3
31,42001,21,0.28
31,44001,21,0.3
31,46001,21,0.31
31,48001,21,0.33
31,50001,21,0.34
31,52001,21,0.38
31,54001,21,0.34
31,56001,21,0.34
31,58001,21,0.37
31,60001,21,0.39
31,62001,21,0.38
31,64001,21,0.37
31,65535,21,0.34
31,1,31,0.4
31,2001,31,0.39
31,4001,31,0.37
31,6001,31,0.38
31,8001,31,0.36
31,10001,31,0.34
31,12001,31,0.33
31,14001,31,0.34
31,16001,31,0.29
31,18001,31,0.3
31,20001,31,0.28
31,22001,31,0.31
31,24001,31,0.32
31,26001,31,0.32
31,28001,31,0.29
31,30001,31,0.29
31,32001,31,0.33
31,34001,31,0.29
31,36001,31,0.33
31,38001,31,0.33
31,40001,31,0.34
31,42001,31,0.33
31,44001,31,0.34
31,46001,31,0.3
31,48001,31,0.33
31,50001,31,0.33
31,52001,31,0.36
31,54001,31,0.35
31,56001,31,0.35
31,58001,31,0.38
31,60001,31,0.39
31,62001,31,0.35
31,64001,31,0.36
31,65535,31,0.39
31,1,41,0.37
31,2001,41,0.34
31,4001,41,0.4
31,6001,41,0.4
31,8001,41,0.36
31,10001,41,0.34
31,12001,41,0.3
31,14001,41,0.3
31,16001,41,0.29
31,18001,41,0.27
31,20001,41,0.33
31,22001,41,0.33
31,24001,41,0.3
31,26001,41,0.3
31,28001,41,0.3
31,30001,41,0.29
31,32001,41,0.29
31,34001,41,0.28
31,36001,41,0.28
31,38001,41,0.28
31,40001,41,0.32
31,42001,41,0.32
31,44001,41,0.32
31,46001,41,0.31
31,48001,41,0.34
31,50001,41,0.33
31,52001,41,0.36
31,54001,41,0.38
31,56001,41,0.32
31,58001,41,0.35
31,60001,41,0.39
31,62001,41,0.39
31,64001,41,0.41
31,65535,41,0.37
31,1,51,0.41
31,2001,51,0.4
31,4001,51,0.4
31,6001,51,0.4
31,8001,51,0.42
31,10001,51,0.37
31,12001,51,0.34
31,14001,51,0.32
31,16001,51,0.31
31,18001,51,0.32
31,20001,51,0.28
31,22001,51,0.33
31,24001,51,0.28
31,26001,51,0.28
31,28001,51,0.27
31,30001,51,0.3
31,32001,51,0.34
31,34001,51,0.33
31,36001,51,0.31
31,38001,51,0.29
31,40001,51,0.29
31,42001,51,0.28
31,44001,51,0.3
31,46001,51,0.32
31,48001,51,0.37
31,50001,51,0.37
31,52001,51,0.37
31,54001,51,0.36
31,56001,51,0.39
31,58001,51,0.4
31,60001,51,0.39
31,62001,51,0.39
31,64001,51,0.4
31,65535,51,0.4
31,1,61,0.39
31,2001,61,0.36
31,4001,61,0.38
31,6001,61,0.39
31,8001,61,0.38
31,10001,61,0.36
31,12001,61,0.35
31,14001,61,0.3
31,16001,61,0.32
31,18001,61,0.29
31,20001,61,0.28
31,22001,61,0.3
31,24001,61,0.28
31,26001,61,0.27
31,28001,61,0.3
31,30001,61,0.31
31,32001,61,0.29
31,34001,61,0.29
31,36001,61,0.3
31,38001,61,0.32
31,40001,61,0.32
31,42001,61,0.34
31,44001,61,0.35
31,46001,61,0.32
31,48001,61,0.33
31,50001,61,0.36
31,52001,61,0.35
31,54001,61,0.43
31,56001,61,0.39
31,58001,61,0.39
31,60001,61,0.37
31,62001,61,0.37
31,64001,61,0.38
31,65535,61,0.43
31,1,71,0.38
31,2001,71,0.39
31,4001,71,0.4
31,6001,71,0.39
31,8001,71,0.41
31,10001,71,0.42
31,12001,71,0.35
31,14001,71,0.29
31,16001,71,0.3
31,18001,71,0.32
31,20001,71,0.32
31,22001,71,0.32
31,24001,71,0.29
31,26001,71,0.29
31,28001,71,0.28
31,30001,71,0.28
31,32001,71,0.32
31,34001,71,0.32
31,36001,71,0.28
31,38001,71,0.29
31,40001,71,0.33
31,42001,71,0.29
31,44001,71,0.3
31,46001,71,0.33
31,48001,71,0.34
31,50001,71,0.34
31,52001,71,0.36
31,54001,71,0.34
31,56001,71,0.36
31,58001,71,0.38
31,60001,71,0.41
31,62001,71,0.41
31,64001,71,0.42
31,65535,71,0.41
31,1,81,0.39
31,2001,81,0.43
31,4001,81,0.4
31,6001,81,0.41
31,8001,81,0.41
31,10001,81,0.36
31,12001,81,0.33
31,14001,81,0.3
31,16001,81,0.32
31,18001,81,0.34
31,20001,81,0.28
31,22001,81,0.29
31,24001,81,0.29
31,26001,81,0.28
31,28001,81,0.27
31,30001,81,0.32
31,32001,81,0.32
31,34001,81,0.34
31,36001,81,0.34
31,38001,81,0.33
31,40001,81,0.32
31,42001,81,0.33
31,44001,81,0.33
31,46001,81,0.32
31,48001,81,0.33
31,50001,81,0.38
31,52001,81,0.36
31,54001,81,0.39
31,56001,81,0.41
31,58001,81,0.4
31,60001,81,0.4
31,62001,81,0.4
31,64001,81,0.41
31,65535,81,0.45
31,1,91,0.35
31,2001,91,0.36
31,4001,91,0.37
31,6001,91,0.39
31,8001,91,0.42
31,10001,91,0.38
31,12001,91,0.34
31,14001,91,0.33
31,16001,91,0.28
31,18001,91,0.28
31,20001,91,0.28
31,22001,91,0.29
31,24001,91,0.3
31,26001,91,0.3
31,28001,91,0.29
31,30001,91,0.33
31,32001,91,0.33
31,34001,91,0.31
31,36001,91,0.3
31,38001,91,0.34
31,40001,91,0.35
31,42001,91,0.31
31,44001,91,0.32
31,46001,91,0.33
31,48001,91,0.34
31,50001,91,0.35
31,52001,91,0.33
31,54001,91,0.35
31,56001,91,0.35
31,58001,91,0.35
31,60001,91,0.35
31,62001,91,0.37
31,64001,91,0.38
31,65535,91,0.34
31,1,101,0.34
31,2001,101,0.34
31,4001,101,0.35
31,6001,101,0.4
31,8001,101,0.43
31,10001,101,0.38
31,12001,101,0.35
31,14001,101,0.34
31,16001,101,0.32
31,18001,101,0.29
31,20001,101,0.28
31,22001,101,0.28
31,24001,101,0.29
31,26001,101,0.29
31,28001,101,0.29
31,30001,101,0.32
31,32001,101,0.28
31,34001,101,0.28
31,36001,101,0.29
31,38001,101,0.33
31,40001,101,0.28
31,42001,101,0.34
31,44001,101,0.32
31,46001,101,0.31
31,48001,101,0.32
31,50001,101,0.32
31,52001,101,0.38
31,54001,101,0.39
31,56001,101,0.34
31,58001,101,0.36
31,60001,101,0.36
31,62001,101,0.39
31,64001,101,0.39
31,65535,101,0.34
31,1,111,0.34
31,2001,111,0.34
31,4001,111,0.34
31,6001,111,0.37
31,8001,111,0.36
31,10001,111,0.42
31,12001,111,0.39
31,14001,111,0.29
31,16001,111,0.28
31,18001,111,0.28
31,20001,111,0.31
31,22001,111,0.33
31,24001,111,0.29
31,26001,111,0.3
31,28001,111,0.32
31,30001,111,0.27
31,32001,111,0.27
31,34001,111,0.31
31,36001,111,0.34
31,38001,111,0.28
31,40001,111,0.34
31,42001,111,0.33
31,44001,111,0.34
31,46001,111,0.34
31,48001,111,0.32
31,50001,111,0.31
31,52001,111,0.33
31,54001,111,0.34
31,56001,111,0.36
31,58001,111,0.36
31,60001,111,0.37
31,62001,111,0.34
31,64001,111,0.34
31,65535,111,0.34
31,1,121,0.3
31,2001,121,0.32
31,4001,121,0.33
31,6001,121,0.37
31,8001,121,0.41
31,10001,121,0.4
31,12001,121,0.35
31,14001,121,0.32
31,16001,121,0.31
31,18001,121,0.31
31,20001,121,0.27
31,22001,121,0.28
31,24001,121,0.3
31,26001,121,0.3
31,28001,121,0.29
31,30001,121,0.27
31,32001,121,0.27
31,34001,121,0.32
31,36001,121,0.32
31,38001,121,0.33
31,40001,121,0.34
31,42001,121,0.34
31,44001,121,0.34
31,46001,121,0.33
31,48001,121,0.3
31,50001,121,0.32
31,52001,121,0.33
31,54001,121,0.35
31,56001,121,0.37
31,58001,121,0.37
31,60001,121,0.33
31,62001,121,0.31
31,64001,121,0.3
31,65535,121,0.34
31,1,131,0.33
31,2001,131,0.34
31,4001,131,0.32
31,6001,131,0.38
31,8001,131,0.41
31,10001,131,0.41
31,12001,131,0.4
31,14001,131,0.35
31,16001,131,0.3
31,18001,131,0.27
31,20001,131,0.3
31,22001,131,0.32
31,24001,131,0.29
31,26001,131,0.27
31,28001,131,0.3
31,30001,131,0.28
31,32001,131,0.32
31,34001,131,0.32
31,36001,131,0.33
31,38001,131,0.32
31,40001,131,0.32
31,42001,131,0.33
31,44001,131,0.34
31,46001,131,0.3
31,48001,131,0.28
31,50001,131,0.33
31,52001,131,0.33
31,54001,131,0.33
31,56001,131,0.34
31,58001,131,0.34
31,60001,131,0.33
31,62001,131,0.31
31,64001,131,0.32
31,65535,131,0.3
31,1,141,0.32
31,2001,141,0.27
31,4001,141,0.35
31,6001,141,0.34
31,8001,141,0.41
31,10001,141,0.41
31,12001,141,0.41
31,14001,141,0.28
31,16001,141,0.28
31,18001,141,0.27
31,20001,141,0.27
31,22001,141,0.3
31,24001,141,0.28
31,26001,141,0.28
31,28001,141,0.32
31,30001,141,0.32
31,32001,141,0.3
31,34001,141,0.33
31,36001,141,0.3
31,38001,141,0.35
31,40001,141,0.34
31,42001,141,0.36
31,44001,141,0.34
31,46001,141,0.32
31,48001,141,0.32
31,50001,141,0.29
31,52001,141,0.31
31,54001,141,0.35
31,56001,141,0.35
31,58001,141,0.31
31,60001,141,0.33
31,62001,141,0.32
31,64001,141,0.29
31,65535,141,0.3
31,1,151,0.32
31,2001,151,0.32
31,4001,151,0.28
31,6001,151,0.32
31,8001,151,0.38
31,10001,151,0.4
31,12001,151,0.39
31,14001,151,0.34
31,16001,151,0.3
31,18001,151,0.31
31,20001,151,0.32
31,22001,151,0.28
31,24001,151,0.28
31,26001,151,0.27
31,28001,151,0.26
31,30001,151,0.26
31,32001,151,0.28
31,34001,151,0.29
31,36001,151,0.33
31,38001,151,0.33
31,40001,151,0.31
31,42001,151,0.34
31,44001,151,0.34
31,46001,151,0.32
31,48001,151,0.29
31,50001,151,0.28
31,52001,151,0.3
31,54001,151,0.33
31,56001,151,0.34
31,58001,151,0.33
31,60001,151,0.34
31,62001,151,0.32
31,64001,151,0.32
31,65535,151,0.3
31,1,161,0.29
31,2001,161,0.3
31,4001,161,0.31
31,6001,161,0.28
31,8001,161,0.3
31,10001,161,0.35
31,12001,161,0.37
31,14001,161,0.34
31,16001,161,0.28
31,18001,161,0.28
31,20001,161,0.28
31,22001,161,0.28
31,24001,161,0.29
31,26001,161,0.3
31,28001,161,0.29
31,30001,161,0.27
31,32001,161,0.26
31,34001,161,0.3
31,36001,161,0.3
31,38001,161,0.32
31,40001,161,0.33
31,42001,161,0.34
31,44001,161,0.33
31,46001,161,0.32
31,48001,161,0.32
31,50001,161,0.32
31,52001,161,0.31
31,54001,161,0.34
31,56001,161,0.33
31,58001,161,0.33
31,60001,161,0.32
31,62001,161,0.3
31,64001,161,0.3
31,65535,161,0.3
31,1,171,0.26
31,2001,171,0.28
31,4001,171,0.28
31,6001,171,0.3
31,8001,171,0.34
31,10001,171,0.38
31,12001,171,0.39
31,14001,171,0.34
31,16001,171,0.3
31,18001,171,0.31
31,20001,171,0.29
31,22001,171,0.27
31,24001,171,0.28
31,26001,171,0.32
31,28001,171,0.3
31,30001,171,0.3
31,32001,171,0.3
31,34001,171,0.32
31,36001,171,0.33
31,38001,171,0.34
31,40001,171,0.34
31,42001,171,0.32
31,44001,171,0.31
31,46001,171,0.3
31,48001,171,0.3
31,50001,171,0.32
31,52001,171,0.32
31,54001,171,0.35
31,56001,171,0.34
31,58001,171,0.34
31,60001,171,0.31
31,62001,171,0.34
31,64001,171,0.32
31,65535,171,0.31
31,1,181,0.3
31,2001,181,0.3
31,4001,181,0.32
31,6001,181,0.32
31,8001,181,0.32
31,10001,181,0.33
31,12001,181,0.34
31,14001,181,0.33
31,16001,181,0.27
31,18001,181,0.32
31,20001,181,0.31
31,22001,181,0.29
31,24001,181,0.28
31,26001,181,0.28
31,28001,181,0.29
31,30001,181,0.29
31,32001,181,0.3
31,34001,181,0.32
31,36001,181,0.28
31,38001,181,0.33
31,40001,181,0.37
31,42001,181,0.31
31,44001,181,0.3
31,46001,181,0.3
31,48001,181,0.3
31,50001,181,0.3
31,52001,181,0.3
31,54001,181,0.33
31,56001,181,0.34
31,58001,181,0.3
31,60001,181,0.31
31,62001,181,0.32
31,64001,181,0.3
31,65535,181,0.28
31,1,191,0.29
31,2001,191,0.31
31,4001,191,0.3
31,6001,191,0.3
31,8001,191,0.3
31,10001,191,0.34
31,12001,191,0.33
31,14001,191,0.32
31,16001,191,0.27
31,18001,191,0.29
31,20001,191,0.29
31,22001,191,0.34
31,24001,191,0.3
31,26001,191,0.27
31,28001,191,0.28
31,30001,191,0.28
31,32001,191,0.28
31,34001,191,0.33
31,36001,191,0.28
31,38001,191,0.32
31,40001,191,0.36
31,42001,191,0.34
31,44001,191,0.32
31,46001,191,0.31
31,48001,191,0.33
31,50001,191,0.29
31,52001,191,0.3
31,54001,191,0.36
31,56001,191,0.36
31,58001,191,0.38
31,60001,191,0.32
31,62001,191,0.28
31,64001,191,0.3
31,65535,191,0.33
31,1,201,0.28
31,2001,201,0.28
31,4001,201,0.28
31,6001,201,0.27
31,8001,201,0.33
31,10001,201,0.33
31,12001,201,0.34
31,14001,201,0.34
31,16001,201,0.31
31,18001,201,0.28
31,20001,201,0.24
31,22001,201,0.26
31,24001,201,0.27
31,26001,201,0.28
31,28001,201,0.28
31,30001,201,0.29
31,32001,201,0.27
31,34001,201,0.27
31,36001,201,0.3
31,38001,201,0.31
31,40001,201,0.3
31,42001,201,0.3
31,44001,201,0.3
31,46001,201,0.32
31,48001,201,0.29
31,50001,201,0.3
31,52001,201,0.29
31,54001,201,0.28
31,56001,201,0.34
31,58001,201,0.34
31,60001,201,0.3
31,62001,201,0.32
31,64001,201,0.29
31,65535,201,0.29
31,1,211,0.3
31,2001,211,0.33
31,4001,211,0.28
31,6001,211,0.25
31,8001,211,0.29
31,10001,211,0.32
31,12001,211,0.32
31,14001,211,0.29
31,16001,211,0.29
31,18001,211,0.24
31,20001,211,0.26
31,22001,211,0.29
31,24001,211,0.3
31,26001,211,0.29
31,28001,211,0.29
31,30001,211,0.33
31,32001,211,0.32
31,34001,211,0.3
31,36001,211,0.31
31,38001,211,0.32
31,40001,211,0.33
31,42001,211,0.34
31,44001,211,0.34
31,46001,211,0.29
31,48001,211,0.3
31,50001,211,0.3
31,52001,211,0.29
31,54001,211,0.29
31,56001,211,0.34
31,58001,211,0.28
31,60001,211,0.3
31,62001,211,0.32
31,64001,211,0.3
31,65535,211,0.34
31,1,221,0.29
31,2001,221,0.32
31,4001,221,0.32
31,6001,221,0.27
31,8001,221,0.31
31,10001,221,0.33
31,12001,221,0.33
31,14001,221,0.32
31,16001,221,0.32
31,18001,221,0.35
31,20001,221,0.28
31,22001,221,0.28
31,24001,221,0.3
31,26001,221,0.31
31,28001,221,0.31
31,30001,221,0.27
31,32001,221,0.28
31,34001,221,0.28
31,36001,221,0.29
31,38001,221,0.34
31,40001,221,0.34
31,42001,221,0.33
31,44001,221,0.32
31,46001,221,0.33
31,48001,221,0.31
31,50001,221,0.28
31,52001,221,0.27
31,54001,221,0.29
31,56001,221,0.34
31,58001,221,0.33
31,60001,221,0.33
31,62001,221,0.33
31,64001,221,0.3
31,65535,221,0.3
31,1,231,0.29
31,2001,231,0.32
31,4001,231,0.33
31,6001,231,0.27
31,8001,231,0.26
31,10001,231,0.28
31,12001,231,0.29
31,14001,231,0.29
31,16001,231,0.24
31,18001,231,0.27
31,20001,231,0.27
31,22001,231,0.27
31,24001,231,0.32
31,26001,231,0.28
31,28001,231,0.28
31,30001,231,0.28
31,32001,231,0.32
31,34001,231,0.3
31,36001,231,0.3
31,38001,231,0.38
31,40001,231,0.35
31,42001,231,0.34
31,44001,231,0.3
31,46001,231,0.28
31,48001,231,0.28
31,50001,231,0.29
31,52001,231,0.32
31,54001,231,0.31
31,56001,231,0.33
31,58001,231,0.32
31,60001,231,0.29
31,62001,231,0.28
31,64001,231,0.28
31,65535,231,0.3
31,1,241,0.27
31,2001,241,0.24
31,4001,241,0.25
31,6001,241,0.29
31,8001,241,0.29
31,10001,241,0.33
31,12001,241,0.31
31,14001,241,0.29
31,16001,241,0.33
31,18001,241,0.33
31,20001,241,0.29
31,22001,241,0.29
31,24001,241,0.32
31,26001,241,0.29
31,28001,241,0.29
31,30001,241,0.3
31,32001,241,0.34
31,34001,241,0.29
31,36001,241,0.29
31,38001,241,0.34
31,40001,241,0.32
31,42001,241,0.31
31,44001,241,0.31
31,46001,241,0.28
31,48001,241,0.3
31,50001,241,0.29
31,52001,241,0.28
31,54001,241,0.32
31,56001,241,0.33
31,58001,241,0.32
31,60001,241,0.33
31,62001,241,0.32
31,64001,241,0.3
31,65535,241,0.29
31,1,251,0.28
31,2001,251,0.26
31,4001,251,0.26
31,6001,251,0.3
31,8001,251,0.3
31,10001,251,0.32
31,12001,251,0.33
31,14001,251,0.33
31,16001,251,0.33
31,18001,251,0.28
31,20001,251,0.29
31,22001,251,0.28
31,24001,251,0.29
31,26001,251,0.29
31,28001,251,0.27
31,30001,251,0.28
31,32001,251,0.27
31,34001,251,0.3
31,36001,251,0.31
31,38001,251,0.32
31,40001,251,0.33
31,42001,251,0.34
31,44001,251,0.32
31,46001,251,0.28
31,48001,251,0.29
31,50001,251,0.28
31,52001,251,0.27
31,54001,251,0.34
31,56001,251,0.34
31,58001,251,0.31
31,60001,251,0.3
31,62001,251,0.29
31,64001,251,0.29
31,65535,251,0.29
31,1,254,0.33
31,2001,254,0.28
31,4001,254,0.27
31,6001,254,0.32
31,8001,254,0.28
31,10001,254,0.28
31,12001,254,0.33
31,14001,254,0.3
31,16001,254,0.28
31,18001,254,0.27
31,20001,254,0.27
31,22001,254,0.31
31,24001,254,0.28
31,26001,254,0.29
31,28001,254,0.3
31,30001,254,0.3
31,32001,254,0.26
31,34001,254,0.3
31,36001,254,0.3
31,38001,254,0.3
31,40001,254,0.29
31,42001,254,0.33
31,44001,254,0.27
31,46001,254,0.33
31,48001,254,0.3
31,50001,254,0.28
31,52001,254,0.27
31,54001,254,0.36
31,56001,254,0.34
31,58001,254,0.32
31,60001,254,0.32
31,62001,254,0.28
31,64001,254,0.27
31,65535,254,0.26
41,1,1,0.33
41,2001,1,0.34
41,4001,1,0.34
41,6001,1,0.35
41,8001,1,0.34
41,10001,1,0.34
41,12001,1,0.34
41,14001,1,0.3
41,16001,1,0.29
41,18001,1,0.34
41,20001,1,0.34
41,22001,1,0.29
41,24001,1,0.33
41,26001,1,0.32
41,28001,1,0.3
41,30001,1,0.34
41,32001,1,0.33
41,34001,1,0.33
41,36001,1,0.34
41,38001,1,0.34
41,40001,1,0.31
41,42001,1,0.33
41,44001,1,0.35
41,46001,1,0.34
41,48001,1,0.31
41,50001,1,0.3
41,52001,1,0.33
41,54001,1,0.35
41,56001,1,0.35
41,58001,1,0.34
41,60001,1,0.34
41,62001,1,0.34
41,64001,1,0.34
41,65535,1,0.32
41,1,11,0.38
41,2001,11,0.36
41,4001,11,0.36
41,6001,11,0.33
41,8001,11,0.32
41,10001,11,0.32
41,12001,11,0.34
41,14001,11,0.29
41,16001,11,0.28
41,18001,11,0.34
41,20001,11,0.32
41,22001,11,0.38
41,24001,11,0.33
41,26001,11,0.34
41,28001,11,0.31
41,30001,11,0.32
41,32001,11,0.33
41,34001,11,0.31
41,36001,11,0.32
41,38001,11,0.36
41,40001,11,0.32
41,42001,11,0.37
41,44001,11,0.34
41,46001,11,0.33
41,48001,11,0.36
41,50001,11,0.37
41,52001,11,0.34
41,54001,11,0.38
41,56001,11,0.34
41,58001,11,0.35
41,60001,11,0.34
41,62001,11,0.37
41,64001,11,0.34
41,65535,11,0.34
41,1,21,0.4
41,2001,21,0.38
41,4001,21,0.37
41,6001,21,0.36
41,8001,21,0.36
41,10001,21,0.35
41,12001,21,0.33
41,14001,21,0.3
41,16001,21,0.32
41,18001,21,0.34
41,20001,21,0.29
41,22001,21,0.33
41,24001,21,0.33
41,26001,21,0.33
41,28001,21,0.33
41,30001,21,0.3
41,32001,21,0.29
41,34001,21,0.33
41,36001,21,0.33
41,38001,21,0.32
41,40001,21,0.35
41,42001,21,0.36
41,44001,21,0.35
41,46001,21,0.39
41,48001,21,0.33
41,50001,21,0.34
41,52001,21,0.38
41,54001,21,0.39
41,56001,21,0.38
41,58001,21,0.38
41,60001,21,0.34
41,62001,21,0.37
41,64001,21,0.38
41,65535,21,0.35
41,1,31,0.4
41,2001,31,0.43
41,4001,31,0.38
41,6001,31,0.36
41,8001,31,0.38
41,10001,31,0.38
41,12001,31,0.32
41,14001,31,0.3
41,16001,31,0.33
41,18001,31,0.34
41,20001,31,0.32
41,22001,31,0.32
41,24001,31,0.33
41,26001,31,0.34
41,28001,31,0.32
41,30001,31,0.3
41,32001,31,0.35
41,34001,31,0.32
41,36001,31,0.32
41,38001,31,0.34
41,40001,31,0.34
41,42001,31,0.34
41,44001,31,0.34
41,46001,31,0.34
41,48001,31,0.34
41,50001,31,0.35
41,52001,31,0.35
41,54001,31,0.39
41,56001,31,0.38
41,58001,31,0.39
41,60001,31,0.38
41,62001,31,0.36
41,64001,31,0.37
41,65535,31,0.44
41,1,41,0.42
41,2001,41,0.41
41,4001,41,0.41
41,6001,41,0.41
41,8001,41,0.39
41,10001,41,0.4
41,12001,41,0.37
41,14001,41,0.34
41,16001,41,0.35
41,18001,41,0.34
41,20001,41,0.29
41,22001,41,0.33
41,24001,41,0.34
41,26001,41,0.33
41,28001,41,0.3
41,30001,41,0.33
41,32001,41,0.33
41,34001,41,0.32
41,36001,41,0.31
41,38001,41,0.35
41,40001,41,0.35
41,42001,41,0.32
41,44001,41,0.32
41,46001,41,0.33
41,48001,41,0.32
41,50001,41,0.35
41,52001,41,0.39
41,54001,41,0.4
41,56001,41,0.39
41,58001,41,0.41
41,60001,41,0.43
41,62001,41,0.43
41,64001,41,0.42
41,65535,41,0.42
41,1,51,0.47
41,2001,51,0.46
41,4001,51,0.42
41,6001,51,0.39
41,8001,51,0.41
41,10001,51,0.4
41,12001,51,0.36
41,14001,51,0.35
41,16001,51,0.36
41,18001,51,0.3
41,20001,51,0.29
41,22001,51,0.35
41,24001,51,0.32
41,26001,51,0.31
41,28001,51,0.3
41,30001,51,0.32
41,32001,51,0.3
41,34001,51,0.31
41,36001,51,0.3
41,38001,51,0.34
41,40001,51,0.34
41,42001,51,0.33
41,44001,51,0.31
41,46001,51,0.35
41,48001,51,0.34
41,50001,51,0.36
41,52001,51,0.4
41,54001,51,0.43
41,56001,51,0.41
41,58001,51,0.43
41,60001,51,0.42
41,62001,51,0.42
41,64001,51,0.4
41,65535,51,0.41
41,1,61,0.44
41,2001,61,0.42
41,4001,61,0.42
41,6001,61,0.43
41,8001,61,0.41
41,10001,61,0.4
41,12001,61,0.36
41,14001,61,0.35
41,16001,61,0.33
41,18001,61,0.29
41,20001,61,0.28
41,22001,61,0.33
41,24001,61,0.28
41,26001,61,0.28
41,28001,61,0.34
41,30001,61,0.34
41,32001,61,0.33
41,34001,61,0.33
41,36001,61,0.31
41,38001,61,0.28
41,40001,61,0.34
41,42001,61,0.36
41,44001,61,0.33
41,46001,61,0.34
41,48001,61,0.34
41,50001,61,0.41
41,52001,61,0.36
41,54001,61,0.4
41,56001,61,0.41
41,58001,61,0.38
41,60001,61,0.39
41,62001,61,0.38
41,64001,61,0.43
41,65535,61,0.4
41,1,71,0.43
41,2001,71,0.39
41,4001,71,0.39
41,6001,71,0.46
41,8001,71,0.45
41,10001,71,0.4
41,12001,71,0.37
41,14001,71,0.35
41,16001,71,0.34
41,18001,71,0.33
41,20001,71,0.32
41,22001,71,0.31
41,24001,71,0.3
41,26001,71,0.32
41,28001,71,0.31
41,30001,71,0.32
41,32001,71,0.33
41,34001,71,0.3
41,36001,71,0.32
41,38001,71,0.29
41,40001,71,0.33
41,42001,71,0.28
41,44001,71,0.29
41,46001,71,0.34
41,48001,71,0.38
41,50001,71,0.34
41,52001,71,0.37
41,54001,71,0.42
41,56001,71,0.4
41,58001,71,0.42
41,60001,71,0.41
41,62001,71,0.44
41,64001,71,0.47
41,65535,71,0.46
41,1,81,0.45
41,2001,81,0.45
41,4001,81,0.47
41,6001,81,0.43
41,8001,81,0.43
41,10001,81,0.42
41,12001,81,0.34
41,14001,81,0.3
41,16001,81,0.29
41,18001,81,0.3
41,20001,81,0.3
41,22001,81,0.28
41,24001,81,0.33
41,26001,81,0.3
41,28001,81,0.33
41,30001,81,0.29
41,32001,81,0.34
41,34001,81,0.34
41,36001,81,0.34
41,38001,81,0.37
41,40001,81,0.33
41,42001,81,0.32
41,44001,81,0.36
41,46001,81,0.33
41,48001,81,0.38
41,50001,81,0.35
41,52001,81,0.36
41,54001,81,0.4
41,56001,81,0.41
41,58001,81,0.4
41,60001,81,0.4
41,62001,81,0.42
41,64001,81,0.42
41,65535,81,0.45
41,1,91,0.39
41,2001,91,0.42
41,4001,91,0.39
41,6001,91,0.41
41,8001,91,0.47
41,10001,91,0.43
41,12001,91,0.38
41,14001,91,0.34
41,16001,91,0.33
41,18001,91,0.29
41,20001,91,0.31
41,22001,91,0.34
41,24001,91,0.31
41,26001,91,0.33
41,28001,91,0.32
41,30001,91,0.31
41,32001,91,0.34
41,34001,91,0.35
41,36001,91,0.31
41,38001,91,0.36
41,40001,91,0.37
41,42001,91,0.36
41,44001,91,0.36
41,46001,91,0.36
41,48001,91,0.39
41,50001,91,0.36
41,52001,91,0.41
41,54001,91,0.41
41,56001,91,0.41
41,58001,91,0.44
41,60001,91,0.4
41,62001,91,0.43
41,64001,91,0.41
41,65535,91,0.41
41,1,101,0.38
41,2001,101,0.39
41,4001,101,0.38
41,6001,101,0.46
41,8001,101,0.43
41,10001,101,0.45
41,12001,101,0.43
41,14001,101,0.34
41,16001,101,0.33
41,18001,101,0.31
41,20001,101,0.28
41,22001,101,0.28
41,24001,101,0.29
41,26001,101,0.33
41,28001,101,0.3
41,30001,101,0.34
41,32001,101,0.32
41,34001,101,0.29
41,36001,101,0.3
41,38001,101,0.35
41,40001,101,0.35
41,42001,101,0.34
41,44001,101,0.34
41,46001,101,0.35
41,48001,101,0.36
41,50001,101,0.36
41,52001,101,0.41
41,54001,101,0.41
41,56001,101,0.4
41,58001,101,0.41
41,60001,101,0.41
41,62001,101,0.36
41,64001,101,0.38
41,65535,101,0.39
41,1,111,0.32
41,2001,111,0.36
41,4001,111,0.36
41,6001,111,0.41
41,8001,111,0.47
41,10001,111,0.47
41,12001,111,0.38
41,14001,111,0.33
41,16001,111,0.32
41,18001,111,0.27
41,20001,111,0.34
41,22001,111,0.34
41,24001,111,0.32
41,26001,111,0.31
41,28001,111,0.32
41,30001,111,0.32
41,32001,111,0.31
41,34001,111,0.34
41,36001,111,0.31
41,38001,111,0.33
41,40001,111,0.36
41,42001,111,0.33
41,44001,111,0.35
41,46001,111,0.36
41,48001,111,0.33
41,50001,111,0.34
41,52001,111,0.34
41,54001,111,0.4
41,56001,111,0.39
41,58001,111,0.38
41,60001,111,0.43
41,62001,111,0.4
41,64001,111,0.38
41,65535,111,0.37
41,1,121,0.34
41,2001,121,0.36
41,4001,121,0.35
41,6001,121,0.4
41,8001,121,0.44
41,10001,121,0.43
41,12001,121,0.36
41,14001,121,0.35
41,16001,121,0.32
41,18001,121,0.34
41,20001,121,0.29
41,22001,121,0.28
41,24001,121,0.32
41,26001,121,0.32
41,28001,121,0.33
41,30001,121,0.34
41,32001,121,0.34
41,34001,121,0.34
41,36001,121,0.28
41,38001,121,0.35
41,40001,121,0.33
41,42001,121,0.36
41,44001,121,0.35
41,46001,121,0.33
41,48001,121,0.33
41,50001,121,0.34
41,52001,121,0.4
41,54001,121,0.36
41,56001,121,0.38
41,58001,121,0.4
41,60001,121,0.38
41,62001,121,0.34
41,64001,121,0.33
41,65535,121,0.3
41,1,131,0.34
41,2001,131,0.34
41,4001,131,0.33
41,6001,131,0.39
41,8001,131,0.41
41,10001,131,0.45
41,12001,131,0.43
41,14001,131,0.38
41,16001,131,0.33
41,18001,131,0.28
41,20001,131,0.29
41,22001,131,0.27
41,24001,131,0.29
41,26001,131,0.3
41,28001,131,0.32
41,30001,131,0.27
41,32001,131,0.3
41,34001,131,0.33
41,36001,131,0.34
41,38001,131,0.32
41,40001,131,0.34
41,42001,131,0.36
41,44001,131,0.34
41,46001,131,0.32
41,48001,131,0.32
41,50001,131,0.32
41,52001,131,0.4
41,54001,131,0.39
41,56001,131,0.39
41,58001,131,0.35
41,60001,131,0.34
41,62001,131,0.33
41,64001,131,0.34
41,65535,131,0.34
41,1,141,0.29
41,2001,141,0.3
41,4001,141,0.35
41,6001,141,0.34
41,8001,141,0.39
41,10001,141,0.48
41,12001,141,0.42
41,14001,141,0.34
41,16001,141,0.3
41,18001,141,0.29
41,20001,141,0.3
41,22001,141,0.28
41,24001,141,0.27
41,26001,141,0.33
41,28001,141,0.29
41,30001,141,0.29
41,32001,141,0.32
41,34001,141,0.34
41,36001,141,0.33
41,38001,141,0.35
41,40001,141,0.36
41,42001,141,0.36
41,44001,141,0.36
41,46001,141,0.33
41,48001,141,0.35
41,50001,141,0.34
41,52001,141,0.32
41,54001,141,0.39
41,56001,141,0.36
41,58001,141,0.35
41,60001,141,0.36
41,62001,141,0.35
41,64001,141,0.33
41,65535,141,0.33
41,1,151,0.31
41,2001,151,0.28
41,4001,151,0.29
41,6001,151,0.34
41,8001,151,0.41
41,10001,151,0.43
41,12001,151,0.43
41,14001,151,0.33
41,16001,151,0.32
41,18001,151,0.26
41,20001,151,0.28
41,22001,151,0.28
41,24001,151,0.29
41,26001,151,0.29
41,28001,151,0.33
41,30001,151,0.35
41,32001,151,0.33
41,34001,151,0.33
41,36001,151,0.36
41,38001,151,0.34
41,40001,151,0.35
41,42001,151,0.36
41,44001,151,0.32
41,46001,151,0.34
41,48001,151,0.31
41,50001,151,0.33
41,52001,151,0.35
41,54001,151,0.34
41,56001,151,0.34
41,58001,151,0.4
41,60001,151,0.35
41,62001,151,0.3
41,64001,151,0.34
41,65535,151,0.34
41,1,161,0.32
41,2001,161,0.3
41,4001,161,0.3
41,6001,161,0.3
41,8001,161,0.34
41,10001,161,0.39
41,12001,161,0.42
41,14001,161,0.36
41,16001,161,0.32
41,18001,161,0.29
41,20001,161,0.31
41,22001,161,0.31
41,24001,161,0.3
41,26001,161,0.29
41,28001,161,0.29
41,30001,161,0.34
41,32001,161,0.33
41,34001,161,0.32
41,36001,161,0.33
41,38001,161,0.34
41,40001,161,0.39
41,42001,161,0.36
41,44001,161,0.35
41,46001,161,0.34
41,48001,161,0.33
41,50001,161,0.32
41,52001,161,0.32
41,54001,161,0.35
41,56001,161,0.35
41,58001,161,0.34
41,60001,161,0.34
41,62001,161,0.32
41,64001,161,0.32
41,65535,161,0.3
41,1,171,0.32
41,2001,171,0.29
41,4001,171,0.29
41,6001,171,0.31
41,8001,171,0.36
41,10001,171,0.42
41,12001,171,0.41
41,14001,171,0.34
41,16001,171,0.33
41,18001,171,0.32
41,20001,171,0.3
41,22001,171,0.28
41,24001,171,0.3
41,26001,171,0.3
41,28001,171,0.32
41,30001,171,0.3
41,32001,171,0.3
41,34001,171,0.28
41,36001,171,0.35
41,38001,171,0.37
41,40001,171,0.33
41,42001,171,0.33
41,44001,171,0.35
41,46001,171,0.34
41,48001,171,0.35
41,50001,171,0.3
41,52001,171,0.3
41,54001,171,0.35
41,56001,171,0.36
41,58001,171,0.35
41,60001,171,0.34
41,62001,171,0.31
41,64001,171,0.29
41,65535,171,0.32
41,1,181,0.3
41,2001,181,0.32
41,4001,181,0.28
41,6001,181,0.32
41,8001,181,0.35
41,10001,181,0.37
41,12001,181,0.39
41,14001,181,0.32
41,16001,181,0.32
41,18001,181,0.28
41,20001,181,0.27
41,22001,181,0.28
41,24001,181,0.28
41,26001,181,0.32
41,28001,181,0.32
41,30001,181,0.32
41,32001,181,0.32
41,34001,181,0.35
41,36001,181,0.35
41,38001,181,0.35
41,40001,181,0.34
41,42001,181,0.35
41,44001,181,0.32
41,46001,181,0.28
41,48001,181,0.32
41,50001,181,0.32
41,52001,181,0.33
41,54001,181,0.34
41,56001,181,0.34
41,58001,181,0.34
41,60001,181,0.29
41,62001,181,0.3
41,64001,181,0.3
41,65535,181,0.31
41,1,191,0.3
41,2001,191,0.28
41,4001,191,0.3
41,6001,191,0.3
41,8001,191,0.28
41,10001,191,0.35
41,12001,191,0.39
41,14001,191,0.32
41,16001,191,0.3
41,18001,191,0.29
41,20001,191,0.28
41,22001,191,0.28
41,24001,191,0.32
41,26001,191,0.29
41,28001,191,0.33
41,30001,191,0.3
41,32001,191,0.29
41,34001,191,0.29
41,36001,191,0.3
41,38001,191,0.33
41,40001,191,0.36
41,42001,191,0.33
41,44001,191,0.29
41,46001,191,0.31
41,48001,191,0.31
41,50001,191,0.32
41,52001,191,0.35
41,54001,191,0.38
41,56001,191,0.35
41,58001,191,0.35
41,60001,191,0.35
41,62001,191,0.33
41,64001,191,0.32
41,65535,191,0.31
41,1,201,0.27
41,2001,201,0.32
41,4001,201,0.28
41,6001,201,0.29
41,8001,201,0.34
41,10001,201,0.34
41,12001,201,0.34
41,14001,201,0.33
41,16001,201,0.27
41,18001,201,0.3
41,20001,201,0.32
41,22001,201,0.28
41,24001,201,0.28
41,26001,201,0.29
41,28001,201,0.32
41,30001,201,0.3
41,32001,201,0.29
41,34001,201,0.33
41,36001,201,0.34
41,38001,201,0.34
41,40001,201,0.38
41,42001,201,0.35
41,44001,201,0.29
41,46001,201,0.3
41,48001,201,0.31
41,50001,201,0.29
41,52001,201,0.32
41,54001,201,0.35
41,56001,201,0.36
41,58001,201,0.3
41,60001,201,0.35
41,62001,201,0.34
41,64001,201,0.32
41,65535,201,0.33
41,1,211,0.33
41,2001,211,0.32
41,4001,211,0.32
41,6001,211,0.33
41,8001,211,0.3
41,10001,211,0.36
41,12001,211,0.33
41,14001,211,0.35
41,16001,211,0.32
41,18001,211,0.28
41,20001,211,0.28
41,22001,211,0.32
41,24001,211,0.27
41,26001,211,0.28
41,28001,211,0.29
41,30001,211,0.31
41,32001,211,0.33
41,34001,211,0.33
41,36001,211,0.34
41,38001,211,0.35
41,40001,211,0.33
41,42001,211,0.38
41,44001,211,0.29
41,46001,211,0.32
41,48001,211,0.32
41,50001,211,0.33
41,52001,211,0.34
41,54001,211,0.33
41,56001,211,0.38
41,58001,211,0.36
41,60001,211,0.37
41,62001,211,0.28
41,64001,211,0.34
41,65535,211,0.3
41,1,221,0.29
41,2001,221,0.34
41,4001,221,0.28
41,6001,221,0.28
41,8001,221,0.29
41,10001,221,0.32
41,12001,221,0.34
41,14001,221,0.33
41,16001,221,0.29
41,18001,221,0.33
41,20001,221,0.32
41,22001,221,0.29
41,24001,221,0.28
41,26001,221,0.29
41,28001,221,0.32
41,30001,221,0.3
41,32001,221,0.3
41,34001,221,0.34
41,36001,221,0.36
41,38001,221,0.34
41,40001,221,0.33
41,42001,221,0.33
41,44001,221,0.33
41,46001,221,0.31
41,48001,221,0.28
41,50001,221,0.35
41,52001,221,0.33
41,54001,221,0.35
41,56001,221,0.34
41,58001,221,0.33
41,60001,221,0.32
41,62001,221,0.32
41,64001,221,0.28
41,65535,221,0.28
41,1,231,0.28
41,2001,231,0.27
41,4001,231,0.3
41,6001,231,0.28
41,8001,231,0.32
41,10001,231,0.34
41,12001,231,0.36
41,14001,231,0.34
41,16001,231,0.32
41,18001,231,0.27
41,20001,231,0.31
41,22001,231,0.28
41,24001,231,0.27
41,26001,231,0.28
41,28001,231,0.28
41,30001,231,0.29
41,32001,231,0.28
41,34001,231,0.32
41,36001,231,0.33
41,38001,231,0.36
41,40001,231,0.36
41,42001,231,0.33
41,44001,231,0.3
41,46001,231,0.29
41,48001,231,0.28
41,50001,231,0.28
41,52001,231,0.31
41,54001,231,0.33
41,56001,231,0.36
41,58001,231,0.37
41,60001,231,0.34
41,62001,231,0.3
41,64001,231,0.3
41,65535,231,0.3
41,1,241,0.33
41,2001,241,0.28
41,4001,241,0.28
41,6001,241,0.26
41,8001,241,0.31
41,10001,241,0.31
41,12001,241,0.41
41,14001,241,0.29
41,16001,241,0.28
41,18001,241,0.28
41,20001,241,0.3
41,22001,241,0.31
41,24001,241,0.3
41,26001,241,0.33
41,28001,241,0.3
41,30001,241,0.32
41,32001,241,0.32
41,34001,241,0.3
41,36001,241,0.35
41,38001,241,0.35
41,40001,241,0.32
41,42001,241,0.34
41,44001,241,0.3
41,46001,241,0.29
41,48001,241,0.28
41,50001,241,0.32
41,52001,241,0.28
41,54001,241,0.33
41,56001,241,0.38
41,58001,241,0.33
41,60001,241,0.31
41,62001,241,0.33
41,64001,241,0.36
41,65535,241,0.32
41,1,251,0.28
41,2001,251,0.29
41,4001,251,0.29
41,6001,251,0.28
41,8001,251,0.3
41,10001,251,0.33
41,12001,251,0.34
41,14001,251,0.33
41,16001,251,0.3
41,18001,251,0.28
41,20001,251,0.28
41,22001,251,0.3
41,24001,251,0.28
41,26001,251,0.3
41,28001,251,0.33
41,30001,251,0.29
41,32001,251,0.28
41,34001,251,0.3
41,36001,251,0.34
41,38001,251,0.33
41,40001,251,0.33
41,42001,251,0.32
41,44001,251,0.27
41,46001,251,0.27
41,48001,251,0.29
41,50001,251,0.29
41,52001,251,0.29
41,54001,251,0.33
41,56001,251,0.34
41,58001,251,0.38
41,60001,251,0.3
41,62001,251,0.29
41,64001,251,0.32
41,65535,251,0.32
41,1,254,0.28
41,2001,254,0.29
41,4001,254,0.3
41,6001,254,0.31
41,8001,254,0.32
41,10001,254,0.33
41,12001,254,0.35
41,14001,254,0.29
41,16001,254,0.28
41,18001,254,0.3
41,20001,254,0.3
41,22001,254,0.27
41,24001,254,0.29
41,26001,254,0.29
41,28001,254,0.27
41,30001,254,0.33
41,32001,254,0.32
41,34001,254,0.31
41,36001,254,0.3
41,38001,254,0.3
41,40001,254,0.33
41,42001,254,0.3
41,44001,254,0.3
41,46001,254,0.32
41,48001,254,0.29
41,50001,254,0.33
41,52001,254,0.33
41,54001,254,0.3
41,56001,254,0.35
41,58001,254,0.38
41,60001,254,0.33
41,62001,254,0.33
41,64001,254,0.34
41,65535,254,0.29
51,1,1,0.34
51,2001,1,0.34
51,4001,1,0.35
51,6001,1,0.36
51,8001,1,0.35
51,10001,1,0.35
51,12001,1,0.34
51,14001,1,0.38
51,16001,1,0.39
51,18001,1,0.34
51,20001,1,0.33
51,22001,1,0.35
51,24001,1,0.36
51,26001,1,0.33
51,28001,1,0.34
51,30001,1,0.38
51,32001,1,0.3
51,34001,1,0.35
51,36001,1,0.39
51,38001,1,0.36
51,40001,1,0.35
51,42001,1,0.36
51,44001,1,0.35
51,46001,1,0.36
51,48001,1,0.33
51,50001,1,0.36
51,52001,1,0.35
51,54001,1,0.34
51,56001,1,0.36
51,58001,1,0.34
51,60001,1,0.34
51,62001,1,0.34
51,64001,1,0.33
51,65535,1,0.33
51,1,11,0.38
51,2001,11,0.37
51,4001,11,0.38
51,6001,11,0.39
51,8001,11,0.37
51,10001,11,0.36
51,12001,11,0.36
51,14001,11,0.36
51,16001,11,0.36
51,18001,11,0.34
51,20001,11,0.33
51,22001,11,0.35
51,24001,11,0.38
51,26001,11,0.35
51,28001,11,0.32
51,30001,11,0.31
51,32001,11,0.35
51,34001,11,0.36
51,36001,11,0.37
51,38001,11,0.37
51,40001,11,0.36
51,42001,11,0.35
51,44001,11,0.34
51,46001,11,0.35
51,48001,11,0.35
51,50001,11,0.36
51,52001,11,0.41
51,54001,11,0.34
51,56001,11,0.37
51,58001,11,0.39
51,60001,11,0.39
51,62001,11,0.36
51,64001,11,0.38
51,65535,11,0.35
51,1,21,0.42
51,2001,21,0.41
51,4001,21,0.36
51,6001,21,0.4
51,8001,21,0.38
51,10001,21,0.37
51,12001,21,0.38
51,14001,21,0.35
51,16001,21,0.34
51,18001,21,0.29
51,20001,21,0.33
51,22001,21,0.34
51,24001,21,0.31
51,26001,21,0.35
51,28001,21,0.36
51,30001,21,0.35
51,32001,21,0.34
51,34001,21,0.33
51,36001,21,0.35
51,38001,21,0.36
51,40001,21,0.29
51,42001,21,0.34
51,44001,21,0.34
51,46001,21,0.34
51,48001,21,0.37
51,50001,21,0.37
51,52001,21,0.36
51,54001,21,0.4
51,56001,21,0.38
51,58001,21,0.41
51,60001,21,0.43
51,62001,21,0.4
51,64001,21,0.41
51,65535,21,0.47
51,1,31,0.47
51,2001,31,0.48
51,4001,31,0.46
51,6001,31,0.45
51,8001,31,0.39
51,10001,31,0.38
51,12001,31,0.34
51,14001,31,0.34
51,16001,31,0.35
51,18001,31,0.38
51,20001,31,0.32
51,22001,31,0.33
51,24001,31,0.32
51,26001,31,0.33
51,28001,31,0.33
51,30001,31,0.3
51,32001,31,0.32
51,34001,31,0.34
51,36001,31,0.34
51,38001,31,0.36
51,40001,31,0.35
51,42001,31,0.37
51,44001,31,0.34
51,46001,31,0.3
51,48001,31,0.36
51,50001,31,0.35
51,52001,31,0.41
51,54001,31,0.38
51,56001,31,0.47
51,58001,31,0.46
51,60001,31,0.44
51,62001,31,0.41
51,64001,31,0.44
51,65535,31,0.45
51,1,41,0.47
51,2001,41,0.47
51,4001,41,0.48
51,6001,41,0.47
51,8001,41,0.43
51,10001,41,0.39
51,12001,41,0.39
51,14001,41,0.37
51,16001,41,0.33
51,18001,41,0.33
51,20001,41,0.32
51,22001,41,0.33
51,24001,41,0.34
51,26001,41,0.32
51,28001,41,0.34
51,30001,41,0.34
51,32001,41,0.34
51,34001,41,0.33
51,36001,41,0.33
51,38001,41,0.35
51,40001,41,0.36
51,42001,41,0.35
51,44001,41,0.35
51,46001,41,0.33
51,48001,41,0.38
51,50001,41,0.39
51,52001,41,0.42
51,54001,41,0.44
51,56001,41,0.46
51,58001,41,0.49
51,60001,41,0.47
51,62001,41,0.43
51,64001,41,0.49
51,65535,41,0.47
51,1,51,0.48
51,2001,51,0.48
51,4001,51,0.47
51,6001,51,0.44
51,8001,51,0.43
51,10001,51,0.42
51,12001,51,0.42
51,14001,51,0.32
51,16001,51,0.38
51,18001,51,0.34
51,20001,51,0.3
51,22001,51,0.31
51,24001,51,0.33
51,26001,51,0.32
51,28001,51,0.31
51,30001,51,0.32
51,32001,51,0.33
51,34001,51,0.33
51,36001,51,0.32
51,38001,51,0.34
51,40001,51,0.34
51,42001,51,0.35
51,44001,51,0.36
51,46001,51,0.35
51,48001,51,0.38
51,50001,51,0.4
51,52001,51,0.46
51,54001,51,0.46
51,56001,51,0.43
51,58001,51,0.41
51,60001,51,0.45
51,62001,51,0.45
51,64001,51,0.47
51,65535,51,0.47
51,1,61,0.45
51,2001,61,0.46
51,4001,61,0.47
51,6001,61,0.42
51,8001,61,0.43
51,10001,61,0.47
51,12001,61,0.42
51,14001,61,0.34
51,16001,61,0.34
51,18001,61,0.34
51,20001,61,0.34
51,22001,61,0.34
51,24001,61,0.35
51,26001,61,0.31
51,28001,61,0.3
51,30001,61,0.32
51,32001,61,0.32
51,34001,61,0.33
51,36001,61,0.36
51,38001,61,0.36
51,40001,61,0.34
51,42001,61,0.33
51,44001,61,0.33
51,46001,61,0.35
51,48001,61,0.41
51,50001,61,0.42
51,52001,61,0.41
51,54001,61,0.43
51,56001,61,0.45
51,58001,61,0.46
51,60001,61,0.45
51,62001,61,0.47
51,64001,61,0.44
51,65535,61,0.47
51,1,71,0.43
51,2001,71,0.45
51,4001,71,0.46
51,6001,71,0.47
51,8001,71,0.47
51,10001,71,0.44
51,12001,71,0.36
51,14001,71,0.35
51,16001,71,0.37
51,18001,71,0.29
51,20001,71,0.32
51,22001,71,0.33
51,24001,71,0.35
51,26001,71,0.34
51,28001,71,0.34
51,30001,71,0.35
51,32001,71,0.35
51,34001,71,0.34
51,36001,71,0.34
51,38001,71,0.37
51,40001,71,0.36
51,42001,71,0.38
51,44001,71,0.38
51,46001,71,0.39
51,48001,71,0.42
51,50001,71,0.36
51,52001,71,0.4
51,54001,71,0.4
51,56001,71,0.46
51,58001,71,0.48
51,60001,71,0.48
51,62001,71,0.48
51,64001,71,0.49
51,65535,71,0.46
51,1,81,0.48
51,2001,81,0.47
51,4001,81,0.49
51,6001,81,0.48
51,8001,81,0.56
51,10001,81,0.43
51,12001,81,0.38
51,14001,81,0.38
51,16001,81,0.34
51,18001,81,0.34
51,20001,81,0.33
51,22001,81,0.29
51,24001,81,0.34
51,26001,81,0.33
51,28001,81,0.32
51,30001,81,0.33
51,32001,81,0.35
51,34001,81,0.34
51,36001,81,0.34
51,38001,81,0.3
51,40001,81,0.36
51,42001,81,0.36
51,44001,81,0.38
51,46001,81,0.38
51,48001,81,0.4
51,50001,81,0.41
51,52001,81,0.41
51,54001,81,0.41
51,56001,81,0.47
51,58001,81,0.45
51,60001,81,0.46
51,62001,81,0.42
51,64001,81,0.48
51,65535,81,0.52
51,1,91,0.46
51,2001,91,0.4
51,4001,91,0.41
51,6001,91,0.46
51,8001,91,0.53
51,10001,91,0.47
51,12001,91,0.4
51,14001,91,0.35
51,16001,91,0.33
51,18001,91,0.33
51,20001,91,0.33
51,22001,91,0.3
51,24001,91,0.32
51,26001,91,0.32
51,28001,91,0.34
51,30001,91,0.34
51,32001,91,0.34
51,34001,91,0.34
51,36001,91,0.34
51,38001,91,0.38
51,40001,91,0.35
51,42001,91,0.36
51,44001,91,0.37
51,46001,91,0.37
51,48001,91,0.38
51,50001,91,0.4
51,52001,91,0.4
51,54001,91,0.45
51,56001,91,0.44
51,58001,91,0.43
51,60001,91,0.45
51,62001,91,0.47
51,64001,91,0.45
51,65535,91,0.44
51,1,101,0.38
51,2001,101,0.41
51,4001,101,0.4
51,6001,101,0.44
51,8001,101,0.54
51,10001,101,0.47
51,12001,101,0.45
51,14001,101,0.35
51,16001,101,0.34
51,18001,101,0.32
51,20001,101,0.29
51,22001,101,0.3
51,24001,101,0.32
51,26001,101,0.32
51,28001,101,0.3
51,30001,101,0.3
51,32001,101,0.35
51,34001,101,0.32
51,36001,101,0.36
51,38001,101,0.34
51,40001,101,0.37
51,42001,101,0.41
51,44001,101,0.38
51,46001,101,0.38
51,48001,101,0.41
51,50001,101,0.39
51,52001,101,0.39
51,54001,101,0.41
51,56001,101,0.38
51,58001,101,0.43
51,60001,101,0.4
51,62001,101,0.48
51,64001,101,0.42
51,65535,101,0.4
51,1,111,0.41
51,2001,111,0.4
51,4001,111,0.41
51,6001,111,0.42
51,8001,111,0.47
51,10001,111,0.46
51,12001,111,0.43
51,14001,111,0.38
51,16001,111,0.35
51,18001,111,0.32
51,20001,111,0.28
51,22001,111,0.32
51,24001,111,0.3
51,26001,111,0.27
51,28001,111,0.29
51,30001,111,0.33
51,32001,111,0.34
51,34001,111,0.34
51,36001,111,0.38
51,38001,111,0.4
51,40001,111,0.38
51,42001,111,0.36
51,44001,111,0.36
51,46001,111,0.34
51,48001,111,0.36
51,50001,111,0.36
51,52001,111,0.35
51,54001,111,0.41
51,56001,111,0.4
51,58001,111,0.41
51,60001,111,0.42
51,62001,111,0.43
51,64001,111,0.4
51,65535,111,0.4
51,1,121,0.38
51,2001,121,0.4
51,4001,121,0.4
51,6001,121,0.41
51,8001,121,0.47
51,10001,121,0.48
51,12001,121,0.4
51,14001,121,0.36
51,16001,121,0.35
51,18001,121,0.34
51,20001,121,0.29
51,22001,121,0.3
51,24001,121,0.29
51,26001,121,0.33
51,28001,121,0.33
51,30001,121,0.3
51,32001,121,0.36
51,34001,121,0.35
51,36001,121,0.34
51,38001,121,0.35
51,40001,121,0.36
51,42001,121,0.38
51,44001,121,0.38
51,46001,121,0.39
51,48001,121,0.38
51,50001,121,0.36
51,52001,121,0.39
51,54001,121,0.42
51,56001,121,0.41
51,58001,121,0.41
51,60001,121,0.4
51,62001,121,0.39
51,64001,121,0.37
51,65535,121,0.37
51,1,131,0.35
51,2001,131,0.34
51,4001,131,0.34
51,6001,131,0.41
51,8001,131,0.48
51,10001,131,0.49
51,12001,131,0.41
51,14001,131,0.38
51,16001,131,0.3
51,18001,131,0.3
51,20001,131,0.34
51,22001,131,0.33
51,24001,131,0.33
51,26001,131,0.32
51,28001,131,0.32
51,30001,131,0.32
51,32001,131,0.34
51,34001,131,0.35
51,36001,131,0.35
51,38001,131,0.35
51,40001,131,0.35
51,42001,131,0.39
51,44001,131,0.4
51,46001,131,0.39
51,48001,131,0.34
51,50001,131,0.36
51,52001,131,0.38
51,54001,131,0.36
51,56001,131,0.4
51,58001,131,0.38
51,60001,131,0.38
51,62001,131,0.39
51,64001,131,0.34
51,65535,131,0.32
51,1,141,0.32
51,2001,141,0.34
51,4001,141,0.34
51,6001,141,0.41
51,8001,141,0.43
51,10001,141,0.5
51,12001,141,0.49
51,14001,141,0.36
51,16001,141,0.28
51,18001,141,0.3
51,20001,141,0.31
51,22001,141,0.31
51,24001,141,0.28
51,26001,141,0.28
51,28001,141,0.35
51,30001,141,0.33
51,32001,141,0.34
51,34001,141,0.34
51,36001,141,0.34
51,38001,141,0.34
51,40001,141,0.41
51,42001,141,0.37
51,44001,141,0.36
51,46001,141,0.39
51,48001,141,0.33
51,50001,141,0.34
51,52001,141,0.36
51,54001,141,0.44
51,56001,141,0.4
51,58001,141,0.39
51,60001,141,0.37
51,62001,141,0.37
51,64001,141,0.38
51,65535,141,0.34
51,1,151,0.34
51,2001,151,0.33
51,4001,151,0.33
51,6001,151,0.34
51,8001,151,0.46
51,10001,151,0.48
51,12001,151,0.48
51,14001,151,0.4
51,16001,151,0.35
51,18001,151,0.32
51,20001,151,0.32
51,22001,151,0.31
51,24001,151,0.3
51,26001,151,0.3
51,28001,151,0.33
51,30001,151,0.33
51,32001,151,0.36
51,34001,151,0.34
51,36001,151,0.35
51,38001,151,0.36
51,40001,151,0.36
51,42001,151,0.38
51,44001,151,0.34
51,46001,151,0.34
51,48001,151,0.37
51,50001,151,0.33
51,52001,151,0.38
51,54001,151,0.39
51,56001,151,0.4
51,58001,151,0.36
51,60001,151,0.38
51,62001,151,0.35
51,64001,151,0.34
51,65535,151,0.32
51,1,161,0.36
51,2001,161,0.32
51,4001,161,0.36
51,6001,161,0.34
51,8001,161,0.4
51,10001,161,0.47
51,12001,161,0.49
51,14001,161,0.37
51,16001,161,0.34
51,18001,161,0.32
51,20001,161,0.33
51,22001,161,0.32
51,24001,161,0.32
51,26001,161,0.3
51,28001,161,0.34
51,30001,161,0.34
51,32001,161,0.34
51,34001,161,0.35
51,36001,161,0.38
51,38001,161,0.39
51,40001,161,0.4
51,42001,161,0.37
51,44001,161,0.35
51,46001,161,0.35
51,48001,161,0.35
51,50001,161,0.35
51,52001,161,0.36
51,54001,161,0.38
51,56001,161,0.39
51,58001,161,0.35
51,60001,161,0.34
51,62001,161,0.34
51,64001,161,0.34
51,65535,161,0.31
51,1,171,0.34
51,2001,171,0.32
51,4001,171,0.3
51,6001,171,0.29
51,8001,171,0.35
51,10001,171,0.46
51,12001,171,0.44
51,14001,171,0.35
51,16001,171,0.33
51,18001,171,0.33
51,20001,171,0.33
51,22001,171,0.32
51,24001,171,0.32
51,26001,171,0.33
51,28001,171,0.33
51,30001,171,0.33
51,32001,171,0.32
51,34001,171,0.34
51,36001,171,0.36
51,38001,171,0.34
51,40001,171,0.34
51,42001,171,0.38
51,44001,171,0.33
51,46001,171,0.34
51,48001,171,0.34
51,50001,171,0.34
51,52001,171,0.35
51,54001,171,0.39
51,56001,171,0.39
51,58001,171,0.35
51,60001,171,0.34
51,62001,171,0.35
51,64001,171,0.38
51,65535,171,0.32
51,1,181,0.33
51,2001,181,0.33
51,4001,181,0.34
51,6001,181,0.34
51,8001,181,0.4
51,10001,181,0.4
51,12001,181,0.39
51,14001,181,0.33
51,16001,181,0.33
51,18001,181,0.33
51,20001,181,0.32
51,22001,181,0.29
51,24001,181,0.3
51,26001,181,0.32
51,28001,181,0.32
51,30001,181,0.33
51,32001,181,0.34
51,34001,181,0.35
51,36001,181,0.35
51,38001,181,0.36
51,40001,181,0.4
51,42001,181,0.39
51,44001,181,0.36
51,46001,181,0.35
51,48001,181,0.34
51,50001,181,0.34
51,52001,181,0.34
51,54001,181,0.36
51,56001,181,0.35
51,58001,181,0.36
51,60001,181,0.36
51,62001,181,0.33
51,64001,181,0.3
51,65535,181,0.3
51,1,191,0.32
51,2001,191,0.36
51,4001,191,0.3
51,6001,191,0.27
51,8001,191,0.34
51,10001,191,0.36
51,12001,191,0.41
51,14001,191,0.36
51,16001,191,0.32
51,18001,191,0.32
51,20001,191,0.29
51,22001,191,0.33
51,24001,191,0.33
51,26001,191,0.31
51,28001,191,0.32
51,30001,191,0.32
51,32001,191,0.32
51,34001,191,0.33
51,36001,191,0.36
51,38001,191,0.39
51,40001,191,0.39
51,42001,191,0.34
51,44001,191,0.35
51,46001,191,0.35
51,48001,191,0.34
51,50001,191,0.34
51,52001,191,0.34
51,54001,191,0.36
51,56001,191,0.39
51,58001,191,0.33
51,60001,191,0.34
51,62001,191,0.34
51,64001,191,0.34
51,65535,191,0.36
51,1,201,0.3
51,2001,201,0.31
51,4001,201,0.34
51,6001,201,0.34
51,8001,201,0.35
51,10001,201,0.39
51,12001,201,0.4
51,14001,201,0.35
51,16001,201,0.32
51,18001,201,0.34
51,20001,201,0.34
51,22001,201,0.33
51,24001,201,0.28
51,26001,201,0.31
51,28001,201,0.31
51,30001,201,0.31
51,32001,201,0.32
51,34001,201,0.32
51,36001,201,0.35
51,38001,201,0.41
51,40001,201,0.39
51,42001,201,0.38
51,44001,201,0.34
51,46001,201,0.31
51,48001,201,0.32
51,50001,201,0.36
51,52001,201,0.34
51,54001,201,0.38
51,56001,201,0.37
51,58001,201,0.36
51,60001,201,0.34
51,62001,201,0.32
51,64001,201,0.3
51,65535,201,0.35
51,1,211,0.29
51,2001,211,0.29
51,4001,211,0.32
51,6001,211,0.3
51,8001,211,0.34
51,10001,211,0.38
51,12001,211,0.35
51,14001,211,0.36
51,16001,211,0.34
51,18001,211,0.32
51,20001,211,0.32
51,22001,211,0.31
51,24001,211,0.32
51,26001,211,0.3
51,28001,211,0.32
51,30001,211,0.3
51,32001,211,0.33
51,34001,211,0.39
51,36001,211,0.37
51,38001,211,0.37
51,40001,211,0.39
51,42001,211,0.38
51,44001,211,0.33
51,46001,211,0.33
51,48001,211,0.31
51,50001,211,0.3
51,52001,211,0.33
51,54001,211,0.36
51,56001,211,0.33
51,58001,211,0.34
51,60001,211,0.32
51,62001,211,0.31
51,64001,211,0.31
51,65535,211,0.32
51,1,221,0.31
51,2001,221,0.34
51,4001,221,0.33
51,6001,221,0.3
51,8001,221,0.33
51,10001,221,0.33
51,12001,221,0.39
51,14001,221,0.35
51,16001,221,0.28
51,18001,221,0.28
51,20001,221,0.31
51,22001,221,0.32
51,24001,221,0.33
51,26001,221,0.29
51,28001,221,0.33
51,30001,221,0.32
51,32001,221,0.31
51,34001,221,0.32
51,36001,221,0.33
51,38001,221,0.35
51,40001,221,0.38
51,42001,221,0.35
51,44001,221,0.34
51,46001,221,0.33
51,48001,221,0.3
51,50001,221,0.3
51,52001,221,0.32
51,54001,221,0.33
51,56001,221,0.37
51,58001,221,0.38
51,60001,221,0.35
51,62001,221,0.34
51,64001,221,0.34
51,65535,221,0.34
51,1,231,0.35
51,2001,231,0.33
51,4001,231,0.3
51,6001,231,0.3
51,8001,231,0.31
51,10001,231,0.4
51,12001,231,0.4
51,14001,231,0.35
51,16001,231,0.31
51,18001,231,0.29
51,20001,231,0.29
51,22001,231,0.31
51,24001,231,0.32
51,26001,231,0.32
51,28001,231,0.28
51,30001,231,0.32
51,32001,231,0.32
51,34001,231,0.33
51,36001,231,0.38
51,38001,231,0.36
51,40001,231,0.37
51,42001,231,0.36
51,44001,231,0.32
51,46001,231,0.3
51,48001,231,0.31
51,50001,231,0.32
51,52001,231,0.35
51,54001,231,0.36
51,56001,231,0.38
51,58001,231,0.38
51,60001,231,0.32
51,62001,231,0.32
51,64001,231,0.32
51,65535,231,0.3
51,1,241,0.3
51,2001,241,0.33
51,4001,241,0.33
51,6001,241,0.35
51,8001,241,0.35
51,10001,241,0.36
51,12001,241,0.41
51,14001,241,0.37
51,16001,241,0.33
51,18001,241,0.29
51,20001,241,0.29
51,22001,241,0.3
51,24001,241,0.33
51,26001,241,0.33
51,28001,241,0.27
51,30001,241,0.34
51,32001,241,0.32
51,34001,241,0.33
51,36001,241,0.34
51,38001,241,0.36
51,40001,241,0.36
51,42001,241,0.35
51,44001,241,0.34
51,46001,241,0.33
51,48001,241,0.35
51,50001,241,0.34
51,52001,241,0.34
51,54001,241,0.34
51,56001,241,0.38
51,58001,241,0.35
51,60001,241,0.34
51,62001,241,0.31
51,64001,241,0.35
51,65535,241,0.28
51,1,251,0.32
51,2001,251,0.3
51,4001,251,0.3
51,6001,251,0.27
51,8001,251,0.29
51,10001,251,0.38
51,12001,251,0.36
51,14001,251,0.32
51,16001,251,0.29
51,18001,251,0.29
51,20001,251,0.29
51,22001,251,0.34
51,24001,251,0.32
51,26001,251,0.34
51,28001,251,0.32
51,30001,251,0.35
51,32001,251,0.34
51,34001,251,0.34
51,36001,251,0.35
51,38001,251,0.39
51,40001,251,0.36
51,42001,251,0.34
51,44001,251,0.34
51,46001,251,0.31
51,48001,251,0.28
51,50001,251,0.34
51,52001,251,0.34
51,54001,251,0.38
51,56001,251,0.34
51,58001,251,0.37
51,60001,251,0.38
51,62001,251,0.36
51,64001,251,0.4
51,65535,251,0.34
51,1,254,0.3
51,2001,254,0.28
51,4001,254,0.27
51,6001,254,0.34
51,8001,254,0.3
51,10001,254,0.35
51,12001,254,0.38
51,14001,254,0.33
51,16001,254,0.33
51,18001,254,0.29
51,20001,254,0.29
51,22001,254,0.27
51,24001,254,0.28
51,26001,254,0.3
51,28001,254,0.33
51,30001,254,0.32
51,32001,254,0.33
51,34001,254,0.36
51,36001,254,0.36
51,38001,254,0.38
51,40001,254,0.38
51,42001,254,0.34
51,44001,254,0.35
51,46001,254,0.32
51,48001,254,0.33
51,50001,254,0.32
51,52001,254,0.3
51,54001,254,0.36
51,56001,254,0.38
51,58001,254,0.37
51,60001,254,0.35
51,62001,254,0.32
51,64001,254,0.32
51,65535,254,0.32
61,1,1,0.38
61,2001,1,0.39
61,4001,1,0.4
61,6001,1,0.37
61,8001,1,0.37
61,10001,1,0.38
61,12001,1,0.38
61,14001,1,0.41
61,16001,1,0.35
61,18001,1,0.38
61,20001,1,0.37
61,22001,1,0.35
61,24001,1,0.38
61,26001,1,0.4
61,28001,1,0.41
61,30001,1,0.37
61,32001,1,0.37
61,34001,1,0.38
61,36001,1,0.37
61,38001,1,0.35
61,40001,1,0.35
61,42001,1,0.36
61,44001,1,0.4
61,46001,1,0.4
61,48001,1,0.39
61,50001,1,0.38
61,52001,1,0.38
61,54001,1,0.34
61,56001,1,0.38
61,58001,1,0.37
61,60001,1,0.38
61,62001,1,0.41
61,64001,1,0.41
61,65535,1,0.38
61,1,11,0.41
61,2001,11,0.41
61,4001,11,0.41
61,6001,11,0.4
61,8001,11,0.34
61,10001,11,0.41
61,12001,11,0.38
61,14001,11,0.36
61,16001,11,0.36
61,18001,11,0.41
61,20001,11,0.41
61,22001,11,0.35
61,24001,11,0.36
61,26001,11,0.34
61,28001,11,0.34
61,30001,11,0.34
61,32001,11,0.34
61,34001,11,0.34
61,36001,11,0.37
61,38001,11,0.39
61,40001,11,0.39
61,42001,11,0.4
61,44001,11,0.41
61,46001,11,0.4
61,48001,11,0.4
61,50001,11,0.4
61,52001,11,0.41
61,54001,11,0.39
61,56001,11,0.39
61,58001,11,0.39
61,60001,11,0.37
61,62001,11,0.41
61,64001,11,0.41
61,65535,11,0.4
61,1,21,0.47
61,2001,21,0.42
61,4001,21,0.43
61,6001,21,0.42
61,8001,21,0.42
61,10001,21,0.39
61,12001,21,0.41
61,14001,21,0.36
61,16001,21,0.34
61,18001,21,0.37
61,20001,21,0.37
61,22001,21,0.34
61,24001,21,0.34
61,26001,21,0.36
61,28001,21,0.37
61,30001,21,0.39
61,32001,21,0.37
61,34001,21,0.35
61,36001,21,0.34
61,38001,21,0.39
61,40001,21,0.38
61,42001,21,0.38
61,44001,21,0.39
61,46001,21,0.39
61,48001,21,0.36
61,50001,21,0.37
61,52001,21,0.41
61,54001,21,0.46
61,56001,21,0.42
61,58001,21,0.48
61,60001,21,0.47
61,62001,21,0.43
61,64001,21,0.43
61,65535,21,0.42
61,1,31,0.52
61,2001,31,0.51
61,4001,31,0.5
61,6001,31,0.43
61,8001,31,0.43
61,10001,31,0.38
61,12001,31,0.4
61,14001,31,0.33
61,16001,31,0.4
61,18001,31,0.35
61,20001,31,0.35
61,22001,31,0.35
61,24001,31,0.35
61,26001,31,0.36
61,28001,31,0.32
61,30001,31,0.34
61,32001,31,0.36
61,34001,31,0.34
61,36001,31,0.34
61,38001,31,0.39
61,40001,31,0.42
61,42001,31,0.38
61,44001,31,0.37
61,46001,31,0.35
61,48001,31,0.37
61,50001,31,0.38
61,52001,31,0.43
61,54001,31,0.46
61,56001,31,0.5
61,58001,31,0.46
61,60001,31,0.51
61,62001,31,0.51
61,64001,31,0.54
61,65535,31,0.47
61,1,41,0.51
61,2001,41,0.52
61,4001,41,0.51
61,6001,41,0.51
61,8001,41,0.47
61,10001,41,0.4
61,12001,41,0.41
61,14001,41,0.36
61,16001,41,0.35
61,18001,41,0.32
61,20001,41,0.32
61,22001,41,0.4
61,24001,41,0.36
61,26001,41,0.37
61,28001,41,0.35
61,30001,41,0.35
61,32001,41,0.34
61,34001,41,0.38
61,36001,41,0.37
61,38001,41,0.39
61,40001,41,0.38
61,42001,41,0.39
61,44001,41,0.39
61,46001,41,0.35
61,48001,41,0.38
61,50001,41,0.43
61,52001,41,0.47
61,54001,41,0.48
61,56001,41,0.49
61,58001,41,0.51
61,60001,41,0.55
61,62001,41,0.55
61,64001,41,0.54
61,65535,41,0.53
61,1,51,0.55
61,2001,51,0.57
61,4001,51,0.49
61,6001,51,0.51
61,8001,51,0.46
61,10001,51,0.43
61,12001,51,0.41
61,14001,51,0.41
61,16001,51,0.36
61,18001,51,0.35
61,20001,51,0.35
61,22001,51,0.34
61,24001,51,0.32
61,26001,51,0.34
61,28001,51,0.34
61,30001,51,0.35
61,32001,51,0.39
61,34001,51,0.35
61,36001,51,0.37
61,38001,51,0.36
61,40001,51,0.38
61,42001,51,0.38
61,44001,51,0.36
61,46001,51,0.4
61,48001,51,0.39
61,50001,51,0.41
61,52001,51,0.46
61,54001,51,0.49
61,56001,51,0.52
61,58001,51,0.47
61,60001,51,0.51
61,62001,51,0.53
61,64001,51,0.51
61,65535,51,0.47
61,1,61,0.5
61,2001,61,0.53
61,4001,61,0.56
61,6001,61,0.44
61,8001,61,0.52
61,10001,61,0.47
61,12001,61,0.41
61,14001,61,0.35
61,16001,61,0.34
61,18001,61,0.34
61,20001,61,0.34
61,22001,61,0.34
61,24001,61,0.41
61,26001,61,0.35
61,28001,61,0.33
61,30001,61,0.36
61,32001,61,0.4
61,34001,61,0.36
61,36001,61,0.35
61,38001,61,0.36
61,40001,61,0.34
61,42001,61,0.4
61,44001,61,0.4
61,46001,61,0.39
61,48001,61,0.41
61,50001,61,0.46
61,52001,61,0.45
61,54001,61,0.53
61,56001,61,0.5
61,58001,61,0.47
61,60001,61,0.51
61,62001,61,0.52
61,64001,61,0.52
61,65535,61,0.5
61,1,71,0.49
61,2001,71,0.54
61,4001,71,0.52
61,6001,71,0.52
61,8001,71,0.53
61,10001,71,0.47
61,12001,71,0.46
61,14001,71,0.38
61,16001,71,0.39
61,18001,71,0.39
61,20001,71,0.29
61,22001,71,0.34
61,24001,71,0.32
61,26001,71,0.36
61,28001,71,0.37
61,30001,71,0.37
61,32001,71,0.35
61,34001,71,0.34
61,36001,71,0.35
61,38001,71,0.38
61,40001,71,0.35
61,42001,71,0.36
61,44001,71,0.37
61,46001,71,0.36
61,48001,71,0.41
61,50001,71,0.46
61,52001,71,0.47
61,54001,71,0.47
61,56001,71,0.5
61,58001,71,0.5
61,60001,71,0.56
61,62001,71,0.54
61,64001,71,0.54
61,65535,71,0.51
61,1,81,0.56
61,2001,81,0.52
61,4001,81,0.53
61,6001,81,0.51
61,8001,81,0.49
61,10001,81,0.48
61,12001,81,0.43
61,14001,81,0.4
61,16001,81,0.34
61,18001,81,0.33
61,20001,81,0.36
61,22001,81,0.33
61,24001,81,0.34
61,26001,81,0.36
61,28001,81,0.34
61,30001,81,0.36
61,32001,81,0.38
61,34001,81,0.38
61,36001,81,0.37
61,38001,81,0.38
61,40001,81,0.36
61,42001,81,0.35
61,44001,81,0.41
61,46001,81,0.42
61,48001,81,0.44
61,50001,81,0.46
61,52001,81,0.46
61,54001,81,0.47
61,56001,81,0.48
61,58001,81,0.55
61,60001,81,0.53
61,62001,81,0.52
61,64001,81,0.54
61,65535,81,0.51
61,1,91,0.51
61,2001,91,0.47
61,4001,91,0.54
61,6001,91,0.55
61,8001,91,0.54
61,10001,91,0.48
61,12001,91,0.45
61,14001,91,0.36
61,16001,91,0.33
61,18001,91,0.32
61,20001,91,0.32
61,22001,91,0.33
61,24001,91,0.34
61,26001,91,0.35
61,28001,91,0.35
61,30001,91,0.34
61,32001,91,0.38
61,34001,91,0.37
61,36001,91,0.38
61,38001,91,0.36
61,40001,91,0.37
61,42001,91,0.38
61,44001,91,0.41
61,46001,91,0.41
61,48001,91,0.41
61,50001,91,0.43
61,52001,91,0.45
61,54001,91,0.47
61,56001,91,0.51
61,58001,91,0.48
61,60001,91,0.46
61,62001,91,0.49
61,64001,91,0.51
61,65535,91,0.48
61,1,101,0.43
61,2001,101,0.43
61,4001,101,0.48
61,6001,101,0.52
61,8001,101,0.55
61,10001,101,0.53
61,12001,101,0.45
61,14001,101,0.43
61,16001,101,0.33
61,18001,101,0.34
61,20001,101,0.32
61,22001,101,0.33
61,24001,101,0.38
61,26001,101,0.34
61,28001,101,0.34
61,30001,101,0.34
61,32001,101,0.38
61,34001,101,0.36
61,36001,101,0.38
61,38001,101,0.39
61,40001,101,0.38
61,42001,101,0.36
61,44001,101,0.4
61,46001,101,0.4
61,48001,101,0.41
61,50001,101,0.41
61,52001,101,0.43
61,54001,101,0.47
61,56001,101,0.47
61,58001,101,0.47
61,60001,101,0.47
61,62001,101,0.48
61,64001,101,0.47
61,65535,101,0.42
61,1,111,0.38
61,2001,111,0.4
61,4001,111,0.42
61,6001,111,0.51
61,8001,111,0.52
61,10001,111,0.54
61,12001,111,0.45
61,14001,111,0.35
61,16001,111,0.34
61,18001,111,0.34
61,20001,111,0.34
61,22001,111,0.32
61,24001,111,0.3
61,26001,111,0.34
61,28001,111,0.34
61,30001,111,0.37
61,32001,111,0.38
61,34001,111,0.35
61,36001,111,0.39
61,38001,111,0.34
61,40001,111,0.37
61,42001,111,0.41
61,44001,111,0.43
61,46001,111,0.41
61,48001,111,0.4
61,50001,111,0.38
61,52001,111,0.41
61,54001,111,0.47
61,56001,111,0.48
61,58001,111,0.47
61,60001,111,0.41
61,62001,111,0.41
61,64001,111,0.43
61,65535,111,0.43
61,1,121,0.4
61,2001,121,0.36
61,4001,121,0.38
61,6001,121,0.46
61,8001,121,0.52
61,10001,121,0.51
61,12001,121,0.46
61,14001,121,0.38
61,16001,121,0.36
61,18001,121,0.33
61,20001,121,0.3
61,22001,121,0.34
61,24001,121,0.33
61,26001,121,0.32
61,28001,121,0.3
61,30001,121,0.33
61,32001,121,0.36
61,34001,121,0.34
61,36001,121,0.34
61,38001,121,0.37
61,40001,121,0.41
61,42001,121,0.38
61,44001,121,0.44
61,46001,121,0.41
61,48001,121,0.37
61,50001,121,0.39
61,52001,121,0.41
61,54001,121,0.44
61,56001,121,0.47
61,58001,121,0.47
61,60001,121,0.44
61,62001,121,0.4
61,64001,121,0.43
61,65535,121,0.39
61,1,131,0.36
61,2001,131,0.42
61,4001,131,0.33
61,6001,131,0.48
61,8001,131,0.53
61,10001,131,0.53
61,12001,131,0.49
61,14001,131,0.4
61,16001,131,0.34
61,18001,131,0.36
61,20001,131,0.31
61,22001,131,0.3
61,24001,131,0.31
61,26001,131,0.34
61,28001,131,0.38
61,30001,131,0.33
61,32001,131,0.36
61,34001,131,0.37
61,36001,131,0.37
61,38001,131,0.38
61,40001,131,0.37
61,42001,131,0.41
61,44001,131,0.38
61,46001,131,0.38
61,48001,131,0.39
61,50001,131,0.37
61,52001,131,0.41
61,54001,131,0.42
61,56001,131,0.47
61,58001,131,0.43
61,60001,131,0.43
61,62001,131,0.38
61,64001,131,0.41
61,65535,131,0.4
61,1,141,0.32
61,2001,141,0.32
61,4001,141,0.36
61,6001,141,0.39
61,8001,141,0.49
61,10001,141,0.56
61,12001,141,0.48
61,14001,141,0.36
61,16001,141,0.35
61,18001,141,0.33
61,20001,141,0.34
61,22001,141,0.34
61,24001,141,0.34
61,26001,141,0.33
61,28001,141,0.32
61,30001,141,0.38
61,32001,141,0.33
61,34001,141,0.36
61,36001,141,0.37
61,38001,141,0.36
61,40001,141,0.39
61,42001,141,0.43
61,44001,141,0.43
61,46001,141,0.35
61,48001,141,0.36
61,50001,141,0.36
61,52001,141,0.41
61,54001,141,0.46
61,56001,141,0.44
61,58001,141,0.4
61,60001,141,0.41
61,62001,141,0.36
61,64001,141,0.34
61,65535,141,0.36
61,1,151,0.34
61,2001,151,0.33
61,4001,151,0.37
61,6001,151,0.41
61,8001,151,0.49
61,10001,151,0.53
61,12001,151,0.41
61,14001,151,0.39
61,16001,151,0.33
61,18001,151,0.34
61,20001,151,0.32
61,22001,151,0.32
61,24001,151,0.33
61,26001,151,0.3
61,28001,151,0.33
61,30001,151,0.38
61,32001,151,0.34
61,34001,151,0.39
61,36001,151,0.38
61,38001,151,0.36
61,40001,151,0.4
61,42001,151,0.41
61,44001,151,0.42
61,46001,151,0.38
61,48001,151,0.41
61,50001,151,0.38
61,52001,151,0.36
61,54001,151,0.41
61,56001,151,0.44
61,58001,151,0.39
61,60001,151,0.36
61,62001,151,0.38
61,64001,151,0.39
61,65535,151,0.37
61,1,161,0.34
61,2001,161,0.34
61,4001,161,0.32
61,6001,161,0.4
61,8001,161,0.42
61,10001,161,0.49
61,12001,161,0.48
61,14001,161,0.35
61,16001,161,0.3
61,18001,161,0.31
61,20001,161,0.33
61,22001,161,0.33
61,24001,161,0.33
61,26001,161,0.28
61,28001,161,0.3
61,30001,161,0.36
61,32001,161,0.36
61,34001,161,0.35
61,36001,161,0.34
61,38001,161,0.38
61,40001,161,0.39
61,42001,161,0.39
61,44001,161,0.39
61,46001,161,0.38
61,48001,161,0.36
61,50001,161,0.39
61,52001,161,0.39
61,54001,161,0.42
61,56001,161,0.41
61,58001,161,0.38
61,60001,161,0.36
61,62001,161,0.35
61,64001,161,0.35
61,65535,161,0.34
61,1,171,0.33
61,2001,171,0.34
61,4001,171,0.33
61,6001,171,0.41
61,8001,171,0.43
61,10001,171,0.55
61,12001,171,0.43
61,14001,171,0.4
61,16001,171,0.33
61,18001,171,0.34
61,20001,171,0.35
61,22001,171,0.3
61,24001,171,0.36
61,26001,171,0.32
61,28001,171,0.34
61,30001,171,0.33
61,32001,171,0.32
61,34001,171,0.33
61,36001,171,0.36
61,38001,171,0.42
61,40001,171,0.42
61,42001,171,0.38
61,44001,171,0.38
61,46001,171,0.36
61,48001,171,0.34
61,50001,171,0.36
61,52001,171,0.4
61,54001,171,0.42
61,56001,171,0.38
61,58001,171,0.4
61,60001,171,0.36
61,62001,171,0.36
61,64001,171,0.35
61,65535,171,0.37
61,1,181,0.34
61,2001,181,0.34
61,4001,181,0.34
61,6001,181,0.38
61,8001,181,0.43
61,10001,181,0.42
61,12001,181,0.45
61,14001,181,0.36
61,16001,181,0.29
61,18001,181,0.33
61,20001,181,0.33
61,22001,181,0.33
61,24001,181,0.33
61,26001,181,0.33
61,28001,181,0.33
61,30001,181,0.35
61,32001,181,0.35
61,34001,181,0.38
61,36001,181,0.39
61,38001,181,0.39
61,40001,181,0.38
61,42001,181,0.43
61,44001,181,0.36
61,46001,181,0.35
61,48001,181,0.36
61,50001,181,0.38
61,52001,181,0.39
61,54001,181,0.4
61,56001,181,0.45
61,58001,181,0.42
61,60001,181,0.4
61,62001,181,0.39
61,64001,181,0.34
61,65535,181,0.33
61,1,191,0.32
61,2001,191,0.3
61,4001,191,0.34
61,6001,191,0.37
61,8001,191,0.42
61,10001,191,0.41
61,12001,191,0.41
61,14001,191,0.33
61,16001,191,0.3
61,18001,191,0.34
61,20001,191,0.34
61,22001,191,0.33
61,24001,191,0.34
61,26001,191,0.34
61,28001,191,0.29
61,30001,191,0.32
61,32001,191,0.36
61,34001,191,0.36
61,36001,191,0.41
61,38001,191,0.46
61,40001,191,0.41
61,42001,191,0.42
61,44001,191,0.36
61,46001,191,0.36
61,48001,191,0.37
61,50001,191,0.38
61,52001,191,0.38
61,54001,191,0.41
61,56001,191,0.4
61,58001,191,0.38
61,60001,191,0.4
61,62001,191,0.35
61,64001,191,0.37
61,65535,191,0.36
61,1,201,0.31
61,2001,201,0.33
61,4001,201,0.3
61,6001,201,0.37
61,8001,201,0.38
61,10001,201,0.4
61,12001,201,0.43
61,14001,201,0.35
61,16001,201,0.35
61,18001,201,0.34
61,20001,201,0.34
61,22001,201,0.34
61,24001,201,0.35
61,26001,201,0.35
61,28001,201,0.36
61,30001,201,0.38
61,32001,201,0.34
61,34001,201,0.4
61,36001,201,0.41
61,38001,201,0.41
61,40001,201,0.4
61,42001,201,0.39
61,44001,201,0.4
61,46001,201,0.34
61,48001,201,0.36
61,50001,201,0.34
61,52001,201,0.34
61,54001,201,0.42
61,56001,201,0.43
61,58001,201,0.38
61,60001,201,0.42
61,62001,201,0.35
61,64001,201,0.34
61,65535,201,0.34
61,1,211,0.34
61,2001,211,0.32
61,4001,211,0.34
61,6001,211,0.33
61,8001,211,0.32
61,10001,211,0.4
61,12001,211,0.41
61,14001,211,0.38
61,16001,211,0.33
61,18001,211,0.3
61,20001,211,0.3
61,22001,211,0.3
61,24001,211,0.3
61,26001,211,0.3
61,28001,211,0.35
61,30001,211,0.33
61,32001,211,0.34
61,34001,211,0.38
61,36001,211,0.41
61,38001,211,0.44
61,40001,211,0.39
61,42001,211,0.36
61,44001,211,0.35
61,46001,211,0.35
61,48001,211,0.32
61,50001,211,0.34
61,52001,211,0.34
61,54001,211,0.39
61,56001,211,0.4
61,58001,211,0.39
61,60001,211,0.38
61,62001,211,0.37
61,64001,211,0.37
61,65535,211,0.33
61,1,221,0.31
61,2001,221,0.35
61,4001,221,0.32
61,6001,221,0.33
61,8001,221,0.35
61,10001,221,0.41
61,12001,221,0.39
61,14001,221,0.34
61,16001,221,0.32
61,18001,221,0.33
61,20001,221,0.34
61,22001,221,0.33
61,24001,221,0.32
61,26001,221,0.29
61,28001,221,0.34
61,30001,221,0.32
61,32001,221,0.34
61,34001,221,0.36
61,36001,221,0.41
61,38001,221,0.36
61,40001,221,0.36
61,42001,221,0.39
61,44001,221,0.34
61,46001,221,0.35
61,48001,221,0.35
61,50001,221,0.32
61,52001,221,0.4
61,54001,221,0.4
61,56001,221,0.39
61,58001,221,0.41
61,60001,221,0.35
61,62001,221,0.34
61,64001,221,0.35
61,65535,221,0.36
61,1,231,0.32
61,2001,231,0.3
61,4001,231,0.35
61,6001,231,0.35
61,8001,231,0.36
61,10001,231,0.39
61,12001,231,0.37
61,14001,231,0.36
61,16001,231,0.33
61,18001,231,0.33
61,20001,231,0.34
61,22001,231,0.34
61,24001,231,0.35
61,26001,231,0.35
61,28001,231,0.32
61,30001,231,0.29
61,32001,231,0.3
61,34001,231,0.4
61,36001,231,0.37
61,38001,231,0.43
61,40001,231,0.44
61,42001,231,0.38
61,44001,231,0.34
61,46001,231,0.34
61,48001,231,0.32
61,50001,231,0.34
61,52001,231,0.36
61,54001,231,0.41
61,56001,231,0.38
61,58001,231,0.36
61,60001,231,0.34
61,62001,231,0.35
61,64001,231,0.34
61,65535,231,0.36
61,1,241,0.34
61,2001,241,0.34
61,4001,241,0.32
61,6001,241,0.32
61,8001,241,0.32
61,10001,241,0.36
61,12001,241,0.37
61,14001,241,0.36
61,16001,241,0.33
61,18001,241,0.34
61,20001,241,0.34
61,22001,241,0.35
61,24001,241,0.3
61,26001,241,0.33
61,28001,241,0.34
61,30001,241,0.35
61,32001,241,0.36
61,34001,241,0.36
61,36001,241,0.38
61,38001,241,0.38
61,40001,241,0.36
61,42001,241,0.35
61,44001,241,0.33
61,46001,241,0.35
61,48001,241,0.35
61,50001,241,0.35
61,52001,241,0.35
61,54001,241,0.39
61,56001,241,0.37
61,58001,241,0.39
61,60001,241,0.34
61,62001,241,0.34
61,64001,241,0.35
61,65535,241,0.35
61,1,251,0.34
61,2001,251,0.34
61,4001,251,0.33
61,6001,251,0.34
61,8001,251,0.36
61,10001,251,0.37
61,12001,251,0.4
61,14001,251,0.33
61,16001,251,0.33
61,18001,251,0.31
61,20001,251,0.31
61,22001,251,0.28
61,24001,251,0.31
61,26001,251,0.33
61,28001,251,0.3
61,30001,251,0.32
61,32001,251,0.3
61,34001,251,0.31
61,36001,251,0.39
61,38001,251,0.41
61,40001,251,0.34
61,42001,251,0.35
61,44001,251,0.35
61,46001,251,0.34
61,48001,251,0.34
61,50001,251,0.34
61,52001,251,0.36
61,54001,251,0.45
61,56001,251,0.39
61,58001,251,0.34
61,60001,251,0.35
61,62001,251,0.36
61,64001,251,0.38
61,65535,251,0.35
61,1,254,0.34
61,2001,254,0.33
61,4001,254,0.32
61,6001,254,0.35
61,8001,254,0.35
61,10001,254,0.35
61,12001,254,0.4
61,14001,254,0.37
61,16001,254,0.33
61,18001,254,0.32
61,20001,254,0.32
61,22001,254,0.32
61,24001,254,0.32
61,26001,254,0.29
61,28001,254,0.31
61,30001,254,0.34
61,32001,254,0.34
61,34001,254,0.34
61,36001,254,0.39
61,38001,254,0.39
61,40001,254,0.39
61,42001,254,0.34
61,44001,254,0.33
61,46001,254,0.34
61,48001,254,0.34
61,50001,254,0.34
61,52001,254,0.38
61,54001,254,0.38
61,56001,254,0.4
61,58001,254,0.38
61,60001,254,0.37
61,62001,254,0.34
61,64001,254,0.33
61,65535,254,0.31
71,1,1,0.4
71,2001,1,0.4
71,4001,1,0.41
71,6001,1,0.41
71,8001,1,0.38
71,10001,1,0.4
71,12001,1,0.43
71,14001,1,0.42
71,16001,1,0.39
71,18001,1,0.39
71,20001,1,0.41
71,22001,1,0.41
71,24001,1,0.42
71,26001,1,0.39
71,28001,1,0.39
71,30001,1,0.4
71,32001,1,0.4
71,34001,1,0.41
71,36001,1,0.41
71,38001,1,0.4
71,40001,1,0.42
71,42001,1,0.41
71,44001,1,0.4
71,46001,1,0.43
71,48001,1,0.45
71,50001,1,0.4
71,52001,1,0.43
71,54001,1,0.41
71,56001,1,0.39
71,58001,1,0.4
71,60001,1,0.42
71,62001,1,0.43
71,64001,1,0.44
71,65535,1,0.36
71,1,11,0.41
71,2001,11,0.45
71,4001,11,0.43
71,6001,11,0.41
71,8001,11,0.45
71,10001,11,0.43
71,12001,11,0.42
71,14001,11,0.39
71,16001,11,0.41
71,18001,11,0.41
71,20001,11,0.38
71,22001,11,0.38
71,24001,11,0.38
71,26001,11,0.4
71,28001,11,0.41
71,30001,11,0.41
71,32001,11,0.41
71,34001,11,0.41
71,36001,11,0.4
71,38001,11,0.38
71,40001,11,0.4
71,42001,11,0.38
71,44001,11,0.39
71,46001,11,0.4
71,48001,11,0.4
71,50001,11,0.43
71,52001,11,0.41
71,54001,11,0.44
71,56001,11,0.47
71,58001,11,0.44
71,60001,11,0.42
71,62001,11,0.43
71,64001,11,0.42
71,65535,11,0.47
71,1,21,0.52
71,2001,21,0.52
71,4001,21,0.47
71,6001,21,0.47
71,8001,21,0.41
71,10001,21,0.41
71,12001,21,0.42
71,14001,21,0.42
71,16001,21,0.36
71,18001,21,0.35
71,20001,21,0.4
71,22001,21,0.36
71,24001,21,0.38
71,26001,21,0.36
71,28001,21,0.4
71,30001,21,0.43
71,32001,21,0.4
71,34001,21,0.42
71,36001,21,0.36
71,38001,21,0.37
71,40001,21,0.37
71,42001,21,0.34
71,44001,21,0.35
71,46001,21,0.38
71,48001,21,0.4
71,50001,21,0.42
71,52001,21,0.45
71,54001,21,0.45
71,56001,21,0.51
71,58001,21,0.51
71,60001,21,0.48
71,62001,21,0.52
71,64001,21,0.5
71,65535,21,0.51
71,1,31,0.55
71,2001,31,0.56
71,4001,31,0.55
71,6001,31,0.45
71,8001,31,0.47
71,10001,31,0.45
71,12001,31,0.41
71,14001,31,0.43
71,16001,31,0.41
71,18001,31,0.34
71,20001,31,0.36
71,22001,31,0.38
71,24001,31,0.34
71,26001,31,0.36
71,28001,31,0.37
71,30001,31,0.4
71,32001,31,0.38
71,34001,31,0.39
71,36001,31,0.4
71,38001,31,0.35
71,40001,31,0.36
71,42001,31,0.39
71,44001,31,0.41
71,46001,31,0.41
71,48001,31,0.43
71,50001,31,0.42
71,52001,31,0.41
71,54001,31,0.51
71,56001,31,0.52
71,58001,31,0.48
71,60001,31,0.54
71,62001,31,0.56
71,64001,31,0.54
71,65535,31,0.55
71,1,41,0.56
71,2001,41,0.55
71,4001,41,0.58
71,6001,41,0.61
71,8001,41,0.57
71,10001,41,0.43
71,12001,41,0.41
71,14001,41,0.39
71,16001,41,0.4
71,18001,41,0.38
71,20001,41,0.38
71,22001,41,0.41
71,24001,41,0.38
71,26001,41,0.39
71,28001,41,0.38
71,30001,41,0.38
71,32001,41,0.4
71,34001,41,0.42
71,36001,41,0.36
71,38001,41,0.38
71,40001,41,0.38
71,42001,41,0.38
71,44001,41,0.42
71,46001,41,0.46
71,48001,41,0.42
71,50001,41,0.45
71,52001,41,0.5
71,54001,41,0.54
71,56001,41,0.56
71,58001,41,0.57
71,60001,41,0.6
71,62001,41,0.6
71,64001,41,0.61
71,65535,41,0.64
71,1,51,0.6
71,2001,51,0.58
71,4001,51,0.53
71,6001,51,0.57
71,8001,51,0.52
71,10001,51,0.48
71,12001,51,0.42
71,14001,51,0.41
71,16001,51,0.39
71,18001,51,0.36
71,20001,51,0.37
71,22001,51,0.4
71,24001,51,0.39
71,26001,51,0.34
71,28001,51,0.35
71,30001,51,0.36
71,32001,51,0.41
71,34001,51,0.36
71,36001,51,0.41
71,38001,51,0.41
71,40001,51,0.38
71,42001,51,0.39
71,44001,51,0.41
71,46001,51,0.4
71,48001,51,0.44
71,50001,51,0.48
71,52001,51,0.49
71,54001,51,0.55
71,56001,51,0.54
71,58001,51,0.53
71,60001,51,0.52
71,62001,51,0.55
71,64001,51,0.55
71,65535,51,0.56
71,1,61,0.57
71,2001,61,0.56
71,4001,61,0.59
71,6001,61,0.56
71,8001,61,0.57
71,10001,61,0.48
71,12001,61,0.47
71,14001,61,0.41
71,16001,61,0.39
71,18001,61,0.38
71,20001,61,0.39
71,22001,61,0.4
71,24001,61,0.35
71,26001,61,0.4
71,28001,61,0.36
71,30001,61,0.36
71,32001,61,0.4
71,34001,61,0.36
71,36001,61,0.38
71,38001,61,0.4
71,40001,61,0.4
71,42001,61,0.41
71,44001,61,0.43
71,46001,61,0.41
71,48001,61,0.43
71,50001,61,0.47
71,52001,61,0.53
71,54001,61,0.55
71,56001,61,0.51
71,58001,61,0.54
71,60001,61,0.52
71,62001,61,0.52
71,64001,61,0.57
71,65535,61,0.59
71,1,71,0.54
71,2001,71,0.53
71,4001,71,0.61
71,6001,71,0.59
71,8001,71,0.56
71,10001,71,0.57
71,12001,71,0.45
71,14001,71,0.4
71,16001,71,0.36
71,18001,71,0.36
71,20001,71,0.37
71,22001,71,0.36
71,24001,71,0.35
71,26001,71,0.34
71,28001,71,0.37
71,30001,71,0.35
71,32001,71,0.35
71,34001,71,0.4
71,36001,71,0.4
71,38001,71,0.39
71,40001,71,0.41
71,42001,71,0.42
71,44001,71,0.42
71,46001,71,0.43
71,48001,71,0.48
71,50001,71,0.54
71,52001,71,0.53
71,54001,71,0.52
71,56001,71,0.59
71,58001,71,0.58
71,60001,71,0.57
71,62001,71,0.6
71,64001,71,0.62
71,65535,71,0.56
71,1,81,0.56
71,2001,81,0.55
71,4001,81,0.6
71,6001,81,0.61
71,8001,81,0.62
71,10001,81,0.49
71,12001,81,0.41
71,14001,81,0.4
71,16001,81,0.38
71,18001,81,0.39
71,20001,81,0.33
71,22001,81,0.37
71,24001,81,0.36
71,26001,81,0.35
71,28001,81,0.38
71,30001,81,0.4
71,32001,81,0.39
71,34001,81,0.41
71,36001,81,0.36
71,38001,81,0.46
71,40001,81,0.41
71,42001,81,0.41
71,44001,81,0.43
71,46001,81,0.47
71,48001,81,0.44
71,50001,81,0.51
71,52001,81,0.56
71,54001,81,0.53
71,56001,81,0.54
71,58001,81,0.56
71,60001,81,0.56
71,62001,81,0.55
71,64001,81,0.55
71,65535,81,0.57
71,1,91,0.55
71,2001,91,0.53
71,4001,91,0.56
71,6001,91,0.56
71,8001,91,0.6
71,10001,91,0.52
71,12001,91,0.47
71,14001,91,0.4
71,16001,91,0.34
71,18001,91,0.36
71,20001,91,0.34
71,22001,91,0.38
71,24001,91,0.36
71,26001,91,0.35
71,28001,91,0.34
71,30001,91,0.36
71,32001,91,0.42
71,34001,91,0.35
71,36001,91,0.38
71,38001,91,0.4
71,40001,91,0.39
71,42001,91,0.4
71,44001,91,0.41
71,46001,91,0.45
71,48001,91,0.45
71,50001,91,0.42
71,52001,91,0.47
71,54001,91,0.5
71,56001,91,0.57
71,58001,91,0.53
71,60001,91,0.54
71,62001,91,0.55
71,64001,91,0.56
71,65535,91,0.58
71,1,101,0.51
71,2001,101,0.47
71,4001,101,0.52
71,6001,101,0.6
71,8001,101,0.62
71,10001,101,0.59
71,12001,101,0.49
71,14001,101,0.39
71,16001,101,0.32
71,18001,101,0.34
71,20001,101,0.39
71,22001,101,0.36
71,24001,101,0.34
71,26001,101,0.34
71,28001,101,0.39
71,30001,101,0.33
71,32001,101,0.36
71,34001,101,0.37
71,36001,101,0.39
71,38001,101,0.41
71,40001,101,0.41
71,42001,101,0.41
71,44001,101,0.41
71,46001,101,0.41
71,48001,101,0.42
71,50001,101,0.46
71,52001,101,0.46
71,54001,101,0.53
71,56001,101,0.5
71,58001,101,0.54
71,60001,101,0.54
71,62001,101,0.54
71,64001,101,0.53
71,65535,101,0.49
71,1,111,0.43
71,2001,111,0.43
71,4001,111,0.48
71,6001,111,0.51
71,8001,111,0.63
71,10001,111,0.53
71,12001,111,0.48
71,14001,111,0.39
71,16001,111,0.38
71,18001,111,0.38
71,20001,111,0.34
71,22001,111,0.34
71,24001,111,0.38
71,26001,111,0.37
71,28001,111,0.34
71,30001,111,0.34
71,32001,111,0.36
71,34001,111,0.35
71,36001,111,0.39
71,38001,111,0.42
71,40001,111,0.45
71,42001,111,0.42
71,44001,111,0.44
71,46001,111,0.44
71,48001,111,0.44
71,50001,111,0.46
71,52001,111,0.47
71,54001,111,0.5
71,56001,111,0.5
71,58001,111,0.53
71,60001,111,0.52
71,62001,111,0.47
71,64001,111,0.47
71,65535,111,0.46
71,1,121,0.41
71,2001,121,0.43
71,4001,121,0.45
71,6001,121,0.48
71,8001,121,0.59
71,10001,121,0.53
71,12001,121,0.55
71,14001,121,0.39
71,16001,121,0.34
71,18001,121,0.35
71,20001,121,0.31
71,22001,121,0.36
71,24001,121,0.39
71,26001,121,0.35
71,28001,121,0.38
71,30001,121,0.4
71,32001,121,0.39
71,34001,121,0.39
71,36001,121,0.41
71,38001,121,0.41
71,40001,121,0.4
71,42001,121,0.49
71,44001,121,0.43
71,46001,121,0.41
71,48001,121,0.42
71,50001,121,0.44
71,52001,121,0.46
71,54001,121,0.51
71,56001,121,0.5
71,58001,121,0.49
71,60001,121,0.45
71,62001,121,0.45
71,64001,121,0.41
71,65535,121,0.43
71,1,131,0.39
71,2001,131,0.39
71,4001,131,0.42
71,6001,131,0.47
71,8001,131,0.56
71,10001,131,0.62
71,12001,131,0.44
71,14001,131,0.39
71,16001,131,0.39
71,18001,131,0.34
71,20001,131,0.34
71,22001,131,0.34
71,24001,131,0.34
71,26001,131,0.35
71,28001,131,0.36
71,30001,131,0.37
71,32001,131,0.37
71,34001,131,0.37
71,36001,131,0.39
71,38001,131,0.42
71,40001,131,0.46
71,42001,131,0.47
71,44001,131,0.43
71,46001,131,0.43
71,48001,131,0.41
71,50001,131,0.45
71,52001,131,0.46
71,54001,131,0.47
71,56001,131,0.44
71,58001,131,0.46
71,60001,131,0.46
71,62001,131,0.41
71,64001,131,0.41
71,65535,131,0.41
71,1,141,0.36
71,2001,141,0.39
71,4001,141,0.39
71,6001,141,0.49
71,8001,141,0.62
71,10001,141,0.62
71,12001,141,0.46
71,14001,141,0.42
71,16001,141,0.35
71,18001,141,0.38
71,20001,141,0.32
71,22001,141,0.34
71,24001,141,0.35
71,26001,141,0.35
71,28001,141,0.35
71,30001,141,0.37
71,32001,141,0.37
71,34001,141,0.41
71,36001,141,0.41
71,38001,141,0.41
71,40001,141,0.41
71,42001,141,0.43
71,44001,141,0.41
71,46001,141,0.42
71,48001,141,0.38
71,50001,141,0.39
71,52001,141,0.41
71,54001,141,0.45
71,56001,141,0.47
71,58001,141,0.42
71,60001,141,0.42
71,62001,141,0.38
71,64001,141,0.4
71,65535,141,0.39
71,1,151,0.34
71,2001,151,0.39
71,4001,151,0.38
71,6001,151,0.46
71,8001,151,0.56
71,10001,151,0.6
71,12001,151,0.51
71,14001,151,0.41
71,16001,151,0.34
71,18001,151,0.36
71,20001,151,0.35
71,22001,151,0.34
71,24001,151,0.36
71,26001,151,0.34
71,28001,151,0.34
71,30001,151,0.34
71,32001,151,0.36
71,34001,151,0.39
71,36001,151,0.38
71,38001,151,0.39
71,40001,151,0.4
71,42001,151,0.46
71,44001,151,0.41
71,46001,151,0.37
71,48001,151,0.42
71,50001,151,0.42
71,52001,151,0.43
71,54001,151,0.46
71,56001,151,0.48
71,58001,151,0.42
71,60001,151,0.42
71,62001,151,0.41
71,64001,151,0.38
71,65535,151,0.38
71,1,161,0.33
71,2001,161,0.34
71,4001,161,0.35
71,6001,161,0.41
71,8001,161,0.46
71,10001,161,0.57
71,12001,161,0.58
71,14001,161,0.4
71,16001,161,0.36
71,18001,161,0.38
71,20001,161,0.37
71,22001,161,0.34
71,24001,161,0.34
71,26001,161,0.37
71,28001,161,0.38
71,30001,161,0.38
71,32001,161,0.38
71,34001,161,0.38
71,36001,161,0.34
71,38001,161,0.41
71,40001,161,0.45
71,42001,161,0.43
71,44001,161,0.42
71,46001,161,0.41
71,48001,161,0.38
71,50001,161,0.38
71,52001,161,0.41
71,54001,161,0.48
71,56001,161,0.47
71,58001,161,0.46
71,60001,161,0.41
71,62001,161,0.4
71,64001,161,0.36
71,65535,161,0.37
71,1,171,0.39
71,2001,171,0.37
71,4001,171,0.36
71,6001,171,0.41
71,8001,171,0.48
71,10001,171,0.55
71,12001,171,0.48
71,14001,171,0.36
71,16001,171,0.34
71,18001,171,0.33
71,20001,171,0.33
71,22001,171,0.35
71,24001,171,0.34
71,26001,171,0.34
71,28001,171,0.35
71,30001,171,0.36
71,32001,171,0.4
71,34001,171,0.41
71,36001,171,0.39
71,38001,171,0.42
71,40001,171,0.44
71,42001,171,0.43
71,44001,171,0.39
71,46001,171,0.4
71,48001,171,0.41
71,50001,171,0.41
71,52001,171,0.42
71,54001,171,0.45
71,56001,171,0.44
71,58001,171,0.4
71,60001,171,0.4
71,62001,171,0.39
71,64001,171,0.41
71,65535,171,0.38
71,1,181,0.35
71,2001,181,0.36
71,4001,181,0.36
71,6001,181,0.39
71,8001,181,0.42
71,10001,181,0.5
71,12001,181,0.48
71,14001,181,0.4
71,16001,181,0.38
71,18001,181,0.35
71,20001,181,0.33
71,22001,181,0.36
71,24001,181,0.34
71,26001,181,0.35
71,28001,181,0.35
71,30001,181,0.39
71,32001,181,0.39
71,34001,181,0.38
71,36001,181,0.38
71,38001,181,0.41
71,40001,181,0.42
71,42001,181,0.42
71,44001,181,0.41
71,46001,181,0.37
71,48001,181,0.36
71,50001,181,0.38
71,52001,181,0.41
71,54001,181,0.44
71,56001,181,0.45
71,58001,181,0.4
71,60001,181,0.42
71,62001,181,0.43
71,64001,181,0.39
71,65535,181,0.41
71,1,191,0.34
71,2001,191,0.34
71,4001,191,0.36
71,6001,191,0.36
71,8001,191,0.43
71,10001,191,0.47
71,12001,191,0.44
71,14001,191,0.39
71,16001,191,0.39
71,18001,191,0.38
71,20001,191,0.37
71,22001,191,0.34
71,24001,191,0.33
71,26001,191,0.34
71,28001,191,0.33
71,30001,191,0.32
71,32001,191,0.38
71,34001,191,0.4
71,36001,191,0.43
71,38001,191,0.45
71,40001,191,0.45
71,42001,191,0.45
71,44001,191,0.4
71,46001,191,0.36
71,48001,191,0.37
71,50001,191,0.37
71,52001,191,0.37
71,54001,191,0.45
71,56001,191,0.46
71,58001,191,0.43
71,60001,191,0.39
71,62001,191,0.34
71,64001,191,0.34
71,65535,191,0.36
71,1,201,0.35
71,2001,201,0.35
71,4001,201,0.35
71,6001,201,0.38
71,8001,201,0.4
71,10001,201,0.43
71,12001,201,0.41
71,14001,201,0.41
71,16001,201,0.33
71,18001,201,0.37
71,20001,201,0.34
71,22001,201,0.29
71,24001,201,0.33
71,26001,201,0.34
71,28001,201,0.34
71,30001,201,0.34
71,32001,201,0.38
71,34001,201,0.38
71,36001,201,0.38
71,38001,201,0.43
71,40001,201,0.41
71,42001,201,0.39
71,44001,201,0.39
71,46001,201,0.36
71,48001,201,0.34
71,50001,201,0.35
71,52001,201,0.39
71,54001,201,0.41
71,56001,201,0.45
71,58001,201,0.41
71,60001,201,0.36
71,62001,201,0.34
71,64001,201,0.36
71,65535,201,0.35
71,1,211,0.38
71,2001,211,0.36
71,4001,211,0.38
71,6001,211,0.36
71,8001,211,0.36
71,10001,211,0.38
71,12001,211,0.44
71,14001,211,0.38
71,16001,211,0.34
71,18001,211,0.34
71,20001,211,0.32
71,22001,211,0.35
71,24001,211,0.35
71,26001,211,0.38
71,28001,211,0.34
71,30001,211,0.35
71,32001,211,0.38
71,34001,211,0.4
71,36001,211,0.4
71,38001,211,0.43
71,40001,211,0.41
71,42001,211,0.39
71,44001,211,0.38
71,46001,211,0.4
71,48001,211,0.34
71,50001,211,0.36
71,52001,211,0.4
71,54001,211,0.41
71,56001,211,0.42
71,58001,211,0.41
71,60001,211,0.39
71,62001,211,0.35
71,64001,211,0.35
71,65535,211,0.33
71,1,221,0.33
71,2001,221,0.36
71,4001,221,0.35
71,6001,221,0.34
71,8001,221,0.39
71,10001,221,0.48
71,12001,221,0.44
71,14001,221,0.36
71,16001,221,0.34
71,18001,221,0.34
71,20001,221,0.35
71,22001,221,0.38
71,24001,221,0.35
71,26001,221,0.34
71,28001,221,0.36
71,30001,221,0.35
71,32001,221,0.32
71,34001,221,0.38
71,36001,221,0.38
71,38001,221,0.47
71,40001,221,0.43
71,42001,221,0.38
71,44001,221,0.38
71,46001,221,0.39
71,48001,221,0.39
71,50001,221,0.39
71,52001,221,0.41
71,54001,221,0.43
71,56001,221,0.42
71,58001,221,0.41
71,60001,221,0.38
71,62001,221,0.39
71,64001,221,0.38
71,65535,221,0.35
71,1,231,0.34
71,2001,231,0.34
71,4001,231,0.33
71,6001,231,0.34
71,8001,231,0.34
71,10001,231,0.42
71,12001,231,0.45
71,14001,231,0.38
71,16001,231,0.34
71,18001,231,0.34
71,20001,231,0.35
71,22001,231,0.34
71,24001,231,0.35
71,26001,231,0.34
71,28001,231,0.35
71,30001,231,0.34
71,32001,231,0.35
71,34001,231,0.35
71,36001,231,0.4
71,38001,231,0.45
71,40001,231,0.45
71,42001,231,0.4
71,44001,231,0.41
71,46001,231,0.33
71,48001,231,0.33
71,50001,231,0.36
71,52001,231,0.38
71,54001,231,0.42
71,56001,231,0.42
71,58001,231,0.39
71,60001,231,0.38
71,62001,231,0.4
71,64001,231,0.39
71,65535,231,0.33
71,1,241,0.34
71,2001,241,0.34
71,4001,241,0.4
71,6001,241,0.39
71,8001,241,0.41
71,10001,241,0.39
71,12001,241,0.4
71,14001,241,0.35
71,16001,241,0.35
71,18001,241,0.34
71,20001,241,0.32
71,22001,241,0.31
71,24001,241,0.35
71,26001,241,0.34
71,28001,241,0.37
71,30001,241,0.34
71,32001,241,0.39
71,34001,241,0.37
71,36001,241,0.4
71,38001,241,0.41
71,40001,241,0.38
71,42001,241,0.37
71,44001,241,0.38
71,46001,241,0.36
71,48001,241,0.35
71,50001,241,0.36
71,52001,241,0.4
71,54001,241,0.4
71,56001,241,0.41
71,58001,241,0.38
71,60001,241,0.4
71,62001,241,0.35
71,64001,241,0.35
71,65535,241,0.32
71,1,251,0.38
71,2001,251,0.4
71,4001,251,0.38
71,6001,251,0.34
71,8001,251,0.4
71,10001,251,0.4
71,12001,251,0.39
71,14001,251,0.46
71,16001,251,0.34
71,18001,251,0.34
71,20001,251,0.34
71,22001,251,0.32
71,24001,251,0.34
71,26001,251,0.35
71,28001,251,0.35
71,30001,251,0.34
71,32001,251,0.35
71,34001,251,0.35
71,36001,251,0.42
71,38001,251,0.45
71,40001,251,0.46
71,42001,251,0.38
71,44001,251,0.37
71,46001,251,0.34
71,48001,251,0.39
71,50001,251,0.34
71,52001,251,0.35
71,54001,251,0.43
71,56001,251,0.46
71,58001,251,0.38
71,60001,251,0.39
71,62001,251,0.36
71,64001,251,0.35
71,65535,251,0.35
71,1,254,0.36
71,2001,254,0.33
71,4001,254,0.35
71,6001,254,0.34
71,8001,254,0.36
71,10001,254,0.38
71,12001,254,0.41
71,14001,254,0.35
71,16001,254,0.34
71,18001,254,0.36
71,20001,254,0.34
71,22001,254,0.37
71,24001,254,0.34
71,26001,254,0.37
71,28001,254,0.35
71,30001,254,0.32
71,32001,254,0.36
71,34001,254,0.38
71,36001,254,0.38
71,38001,254,0.43
71,40001,254,0.39
71,42001,254,0.39
71,44001,254,0.34
71,46001,254,0.34
71,48001,254,0.35
71,50001,254,0.35
71,52001,254,0.38
71,54001,254,0.41
71,56001,254,0.41
71,58001,254,0.37
71,60001,254,0.38
71,62001,254,0.38
71,64001,254,0.36
71,65535,254,0.31
81,1,1,0.45
81,2001,1,0.43
81,4001,1,0.43
81,6001,1,0.45
81,8001,1,0.43
81,10001,1,0.47
81,12001,1,0.46
81,14001,1,0.42
81,16001,1,0.41
81,18001,1,0.41
81,20001,1,0.41
81,22001,1,0.41
81,24001,1,0.45
81,26001,1,0.45
81,28001,1,0.43
81,30001,1,0.44
81,32001,1,0.45
81,34001,1,0.46
81,36001,1,0.46
81,38001,1,0.41
81,40001,1,0.43
81,42001,1,0.42
81,44001,1,0.41
81,46001,1,0.43
81,48001,1,0.43
81,50001,1,0.45
81,52001,1,0.45
81,54001,1,0.42
81,56001,1,0.43
81,58001,1,0.44
81,60001,1,0.42
81,62001,1,0.42
81,64001,1,0.45
81,65535,1,0.43
81,1,11,0.51
81,2001,11,0.49
81,4001,11,0.48
81,6001,11,0.46
81,8001,11,0.48
81,10001,11,0.42
81,12001,11,0.42
81,14001,11,0.46
81,16001,11,0.4
81,18001,11,0.42
81,20001,11,0.4
81,22001,11,0.41
81,24001,11,0.46
81,26001,11,0.45
81,28001,11,0.39
81,30001,11,0.41
81,32001,11,0.45
81,34001,11,0.41
81,36001,11,0.41
81,38001,11,0.43
81,40001,11,0.42
81,42001,11,0.45
81,44001,11,0.41
81,46001,11,0.42
81,48001,11,0.44
81,50001,11,0.43
81,52001,11,0.46
81,54001,11,0.49
81,56001,11,0.54
81,58001,11,0.51
81,60001,11,0.48
81,62001,11,0.46
81,64001,11,0.48
81,65535,11,0.47
81,1,21,0.56
81,2001,21,0.54
81,4001,21,0.52
81,6001,21,0.53
81,8001,21,0.5
81,10001,21,0.47
81,12001,21,0.46
81,14001,21,0.44
81,16001,21,0.4
81,18001,21,0.41
81,20001,21,0.42
81,22001,21,0.42
81,24001,21,0.39
81,26001,21,0.41
81,28001,21,0.42
81,30001,21,0.41
81,32001,21,0.37
81,34001,21,0.4
81,36001,21,0.41
81,38001,21,0.41
81,40001,21,0.42
81,42001,21,0.44
81,44001,21,0.44
81,46001,21,0.44
81,48001,21,0.45
81,50001,21,0.5
81,52001,21,0.51
81,54001,21,0.44
81,56001,21,0.54
81,58001,21,0.55
81,60001,21,0.55
81,62001,21,0.55
81,64001,21,0.54
81,65535,21,0.56
81,1,31,0.6
81,2001,31,0.6
81,4001,31,0.59
81,6001,31,0.55
81,8001,31,0.54
81,10001,31,0.46
81,12001,31,0.43
81,14001,31,0.4
81,16001,31,0.39
81,18001,31,0.41
81,20001,31,0.41
81,22001,31,0.39
81,24001,31,0.39
81,26001,31,0.38
81,28001,31,0.39
81,30001,31,0.39
81,32001,31,0.41
81,34001,31,0.41
81,36001,31,0.41
81,38001,31,0.43
81,40001,31,0.41
81,42001,31,0.42
81,44001,31,0.41
81,46001,31,0.43
81,48001,31,0.44
81,50001,31,0.45
81,52001,31,0.53
81,54001,31,0.56
81,56001,31,0.58
81,58001,31,0.57
81,60001,31,0.62
81,62001,31,0.61
81,64001,31,0.59
81,65535,31,0.61
81,1,41,0.63
81,2001,41,0.64
81,4001,41,0.64
81,6001,41,0.6
81,8001,41,0.53
81,10001,41,0.5
81,12001,41,0.48
81,14001,41,0.4
81,16001,41,0.38
81,18001,41,0.43
81,20001,41,0.4
81,22001,41,0.4
81,24001,41,0.41
81,26001,41,0.4
81,28001,41,0.41
81,30001,41,0.4
81,32001,41,0.41
81,34001,41,0.41
81,36001,41,0.43
81,38001,41,0.39
81,40001,41,0.47
81,42001,41,0.46
81,44001,41,0.42
81,46001,41,0.43
81,48001,41,0.49
81,50001,41,0.54
81,52001,41,0.51
81,54001,41,0.59
81,56001,41,0.59
81,58001,41,0.64
81,60001,41,0.66
81,62001,41,0.67
81,64001,41,0.7
81,65535,41,0.69
81,1,51,0.68
81,2001,51,0.67
81,4001,51,0.64
81,6001,51,0.61
81,8001,51,0.57
81,10001,51,0.52
81,12001,51,0.48
81,14001,51,0.42
81,16001,51,0.42
81,18001,51,0.41
81,20001,51,0.37
81,22001,51,0.35
81,24001,51,0.39
81,26001,51,0.4
81,28001,51,0.39
81,30001,51,0.39
81,32001,51,0.43
81,34001,51,0.42
81,36001,51,0.46
81,38001,51,0.43
81,40001,51,0.4
81,42001,51,0.41
81,44001,51,0.43
81,46001,51,0.45
81,48001,51,0.47
81,50001,51,0.51
81,52001,51,0.53
81,54001,51,0.58
81,56001,51,0.55
81,58001,51,0.61
81,60001,51,0.59
81,62001,51,0.58
81,64001,51,0.62
81,65535,51,0.71
81,1,61,0.61
81,2001,61,0.63
81,4001,61,0.64
81,6001,61,0.69
81,8001,61,0.63
81,10001,61,0.56
81,12001,61,0.46
81,14001,61,0.43
81,16001,61,0.4
81,18001,61,0.35
81,20001,61,0.36
81,22001,61,0.4
81,24001,61,0.39
81,26001,61,0.4
81,28001,61,0.39
81,30001,61,0.38
81,32001,61,0.41
81,34001,61,0.41
81,36001,61,0.43
81,38001,61,0.4
81,40001,61,0.44
81,42001,61,0.42
81,44001,61,0.44
81,46001,61,0.46
81,48001,61,0.52
81,50001,61,0.53
81,52001,61,0.56
81,54001,61,0.59
81,56001,61,0.58
81,58001,61,0.59
81,60001,61,0.59
81,62001,61,0.6
81,64001,61,0.64
81,65535,61,0.68
81,1,71,0.6
81,2001,71,0.61
81,4001,71,0.68
81,6001,71,0.63
81,8001,71,0.67
81,10001,71,0.64
81,12001,71,0.46
81,14001,71,0.44
81,16001,71,0.4
81,18001,71,0.4
81,20001,71,0.37
81,22001,71,0.4
81,24001,71,0.39
81,26001,71,0.39
81,28001,71,0.4
81,30001,71,0.41
81,32001,71,0.38
81,34001,71,0.41
81,36001,71,0.42
81,38001,71,0.38
81,40001,71,0.38
81,42001,71,0.41
81,44001,71,0.47
81,46001,71,0.49
81,48001,71,0.51
81,50001,71,0.54
81,52001,71,0.58
81,54001,71,0.61
81,56001,71,0.63
81,58001,71,0.65
81,60001,71,0.69
81,62001,71,0.69
81,64001,71,0.7
81,65535,71,0.59
81,1,81,0.66
81,2001,81,0.66
81,4001,81,0.63
81,6001,81,0.68
81,8001,81,0.61
81,10001,81,0.56
81,12001,81,0.48
81,14001,81,0.41
81,16001,81,0.41
81,18001,81,0.4
81,20001,81,0.36
81,22001,81,0.4
81,24001,81,0.38
81,26001,81,0.36
81,28001,81,0.4
81,30001,81,0.42
81,32001,81,0.41
81,34001,81,0.4
81,36001,81,0.4
81,38001,81,0.43
81,40001,81,0.44
81,42001,81,0.47
81,44001,81,0.46
81,46001,81,0.45
81,48001,81,0.5
81,50001,81,0.54
81,52001,81,0.55
81,54001,81,0.61
81,56001,81,0.66
81,58001,81,0.65
81,60001,81,0.62
81,62001,81,0.68
81,64001,81,0.65
81,65535,81,0.67
81,1,91,0.6
81,2001,91,0.58
81,4001,91,0.61
81,6001,91,0.68
81,8001,91,0.69
81,10001,91,0.6
81,12001,91,0.52
81,14001,91,0.47
81,16001,91,0.39
81,18001,91,0.36
81,20001,91,0.39
81,22001,91,0.4
81,24001,91,0.4
81,26001,91,0.4
81,28001,91,0.41
81,30001,91,0.4
81,32001,91,0.41
81,34001,91,0.42
81,36001,91,0.41
81,38001,91,0.45
81,40001,91,0.43
81,42001,91,0.45
81,44001,91,0.48
81,46001,91,0.48
81,48001,91,0.49
81,50001,91,0.51
81,52001,91,0.55
81,54001,91,0.57
81,56001,91,0.61
81,58001,91,0.61
81,60001,91,0.56
81,62001,91,0.57
81,64001,91,0.62
81,65535,91,0.59
81,1,101,0.53
81,2001,101,0.56
81,4001,101,0.62
81,6001,101,0.64
81,8001,101,0.66
81,10001,101,0.61
81,12001,101,0.59
81,14001,101,0.44
81,16001,101,0.39
81,18001,101,0.37
81,20001,101,0.38
81,22001,101,0.37
81,24001,101,0.34
81,26001,101,0.36
81,28001,101,0.39
81,30001,101,0.39
81,32001,101,0.39
81,34001,101,0.41
81,36001,101,0.42
81,38001,101,0.46
81,40001,101,0.46
81,42001,101,0.43
81,44001,101,0.48
81,46001,101,0.52
81,48001,101,0.45
81,50001,101,0.5
81,52001,101,0.51
81,54001,101,0.53
81,56001,101,0.58
81,58001,101,0.55
81,60001,101,0.59
81,62001,101,0.57
81,64001,101,0.56
81,65535,101,0.55
81,1,111,0.47
81,2001,111,0.48
81,4001,111,0.54
81,6001,111,0.65
81,8001,111,0.69
81,10001,111,0.63
81,12001,111,0.51
81,14001,111,0.4
81,16001,111,0.4
81,18001,111,0.39
81,20001,111,0.38
81,22001,111,0.37
81,24001,111,0.39
81,26001,111,0.4
81,28001,111,0.37
81,30001,111,0.39
81,32001,111,0.4
81,34001,111,0.39
81,36001,111,0.41
81,38001,111,0.47
81,40001,111,0.42
81,42001,111,0.45
81,44001,111,0.47
81,46001,111,0.47
81,48001,111,0.47
81,50001,111,0.48
81,52001,111,0.54
81,54001,111,0.54
81,56001,111,0.56
81,58001,111,0.57
81,60001,111,0.55
81,62001,111,0.54
81,64001,111,0.51
81,65535,111,0.49
81,1,121,0.43
81,2001,121,0.44
81,4001,121,0.44
81,6001,121,0.56
81,8001,121,0.67
81,10001,121,0.56
81,12001,121,0.52
81,14001,121,0.43
81,16001,121,0.4
81,18001,121,0.4
81,20001,121,0.36
81,22001,121,0.35
81,24001,121,0.38
81,26001,121,0.39
81,28001,121,0.4
81,30001,121,0.38
81,32001,121,0.4
81,34001,121,0.45
81,36001,121,0.43
81,38001,121,0.45
81,40001,121,0.47
81,42001,121,0.48
81,44001,121,0.48
81,46001,121,0.46
81,48001,121,0.46
81,50001,121,0.47
81,52001,121,0.47
81,54001,121,0.54
81,56001,121,0.56
81,58001,121,0.53
81,60001,121,0.49
81,62001,121,0.51
81,64001,121,0.51
81,65535,121,0.49
81,1,131,0.42
81,2001,131,0.42
81,4001,131,0.48
81,6001,131,0.56
81,8001,131,0.68
81,10001,131,0.69
81,12001,131,0.55
81,14001,131,0.42
81,16001,131,0.36
81,18001,131,0.39
81,20001,131,0.41
81,22001,131,0.38
81,24001,131,0.36
81,26001,131,0.36
81,28001,131,0.39
81,30001,131,0.41
81,32001,131,0.42
81,34001,131,0.41
81,36001,131,0.41
81,38001,131,0.44
81,40001,131,0.46
81,42001,131,0.48
81,44001,131,0.49
81,46001,131,0.47
81,48001,131,0.46
81,50001,131,0.47
81,52001,131,0.46
81,54001,131,0.52
81,56001,131,0.54
81,58001,131,0.5
81,60001,131,0.49
81,62001,131,0.44
81,64001,131,0.44
81,65535,131,0.45
81,1,141,0.38
81,2001,141,0.39
81,4001,141,0.41
81,6001,141,0.47
81,8001,141,0.63
81,10001,141,0.69
81,12001,141,0.47
81,14001,141,0.43
81,16001,141,0.4
81,18001,141,0.39
81,20001,141,0.35
81,22001,141,0.34
81,24001,141,0.36
81,26001,141,0.33
81,28001,141,0.38
81,30001,141,0.43
81,32001,141,0.41
81,34001,141,0.38
81,36001,141,0.43
81,38001,141,0.45
81,40001,141,0.46
81,42001,141,0.44
81,44001,141,0.47
81,46001,141,0.45
81,48001,141,0.43
81,50001,141,0.48
81,52001,141,0.48
81,54001,141,0.49
81,56001,141,0.48
81,58001,141,0.47
81,60001,141,0.46
81,62001,141,0.45
81,64001,141,0.39
81,65535,141,0.39
81,1,151,0.38
81,2001,151,0.4
81,4001,151,0.38
81,6001,151,0.47
81,8001,151,0.58
81,10001,151,0.67
81,12001,151,0.54
81,14001,151,0.44
81,16001,151,0.37
81,18001,151,0.38
81,20001,151,0.35
81,22001,151,0.35
81,24001,151,0.39
81,26001,151,0.38
81,28001,151,0.38
81,30001,151,0.39
81,32001,151,0.4
81,34001,151,0.42
81,36001,151,0.47
81,38001,151,0.47
81,40001,151,0.49
81,42001,151,0.51
81,44001,151,0.44
81,46001,151,0.4
81,48001,151,0.41
81,50001,151,0.42
81,52001,151,0.48
81,54001,151,0.48
81,56001,151,0.5
81,58001,151,0.45
81,60001,151,0.43
81,62001,151,0.44
81,64001,151,0.43
81,65535,151,0.4
81,1,161,0.4
81,2001,161,0.35
81,4001,161,0.38
81,6001,161,0.46
81,8001,161,0.51
81,10001,161,0.61
81,12001,161,0.56
81,14001,161,0.45
81,16001,161,0.4
81,18001,161,0.38
81,20001,161,0.38
81,22001,161,0.35
81,24001,161,0.38
81,26001,161,0.4
81,28001,161,0.36
81,30001,161,0.38
81,32001,161,0.41
81,34001,161,0.45
81,36001,161,0.41
81,38001,161,0.43
81,40001,161,0.44
81,42001,161,0.46
81,44001,161,0.44
81,46001,161,0.43
81,48001,161,0.42
81,50001,161,0.41
81,52001,161,0.47
81,54001,161,0.45
81,56001,161,0.46
81,58001,161,0.47
81,60001,161,0.46
81,62001,161,0.45
81,64001,161,0.43
81,65535,161,0.41
81,1,171,0.36
81,2001,171,0.39
81,4001,171,0.38
81,6001,171,0.44
81,8001,171,0.54
81,10001,171,0.59
81,12001,171,0.53
81,14001,171,0.46
81,16001,171,0.38
81,18001,171,0.36
81,20001,171,0.39
81,22001,171,0.39
81,24001,171,0.38
81,26001,171,0.37
81,28001,171,0.38
81,30001,171,0.4
81,32001,171,0.41
81,34001,171,0.43
81,36001,171,0.45
81,38001,171,0.45
81,40001,171,0.51
81,42001,171,0.45
81,44001,171,0.41
81,46001,171,0.38
81,48001,171,0.39
81,50001,171,0.43
81,52001,171,0.43
81,54001,171,0.48
81,56001,171,0.5
81,58001,171,0.47
81,60001,171,0.41
81,62001,171,0.4
81,64001,171,0.4
81,65535,171,0.39
81,1,181,0.37
81,2001,181,0.37
81,4001,181,0.41
81,6001,181,0.39
81,8001,181,0.53
81,10001,181,0.56
81,12001,181,0.57
81,14001,181,0.42
81,16001,181,0.35
81,18001,181,0.35
81,20001,181,0.35
81,22001,181,0.34
81,24001,181,0.36
81,26001,181,0.39
81,28001,181,0.36
81,30001,181,0.41
81,32001,181,0.42
81,34001,181,0.45
81,36001,181,0.41
81,38001,181,0.45
81,40001,181,0.48
81,42001,181,0.47
81,44001,181,0.41
81,46001,181,0.43
81,48001,181,0.41
81,50001,181,0.4
81,52001,181,0.41
81,54001,181,0.5
81,56001,181,0.48
81,58001,181,0.47
81,60001,181,0.42
81,62001,181,0.42
81,64001,181,0.41
81,65535,181,0.35
81,1,191,0.34
81,2001,191,0.35
81,4001,191,0.42
81,6001,191,0.4
81,8001,191,0.44
81,10001,191,0.5
81,12001,191,0.48
81,14001,191,0.47
81,16001,191,0.39
81,18001,191,0.35
81,20001,191,0.39
81,22001,191,0.38
81,24001,191,0.36
81,26001,191,0.37
81,28001,191,0.37
81,30001,191,0.36
81,32001,191,0.4
81,34001,191,0.38
81,36001,191,0.46
81,38001,191,0.48
81,40001,191,0.47
81,42001,191,0.45
81,44001,191,0.37
81,46001,191,0.37
81,48001,191,0.36
81,50001,191,0.4
81,52001,191,0.44
81,54001,191,0.5
81,56001,191,0.47
81,58001,191,0.45
81,60001,191,0.44
81,62001,191,0.39
81,64001,191,0.39
81,65535,191,0.4
81,1,201,0.34
81,2001,201,0.39
81,4001,201,0.39
81,6001,201,0.37
81,8001,201,0.46
81,10001,201,0.47
81,12001,201,0.48
81,14001,201,0.42
81,16001,201,0.33
81,18001,201,0.4
81,20001,201,0.4
81,22001,201,0.34
81,24001,201,0.32
81,26001,201,0.36
81,28001,201,0.38
81,30001,201,0.38
81,32001,201,0.4
81,34001,201,0.41
81,36001,201,0.45
81,38001,201,0.47
81,40001,201,0.43
81,42001,201,0.41
81,44001,201,0.41
81,46001,201,0.37
81,48001,201,0.38
81,50001,201,0.4
81,52001,201,0.42
81,54001,201,0.46
81,56001,201,0.5
81,58001,201,0.41
81,60001,201,0.44
81,62001,201,0.41
81,64001,201,0.39
81,65535,201,0.38
81,1,211,0.34
81,2001,211,0.37
81,4001,211,0.36
81,6001,211,0.42
81,8001,211,0.4
81,10001,211,0.45
81,12001,211,0.41
81,14001,211,0.37
81,16001,211,0.36
81,18001,211,0.36
81,20001,211,0.36
81,22001,211,0.35
81,24001,211,0.35
81,26001,211,0.33
81,28001,211,0.38
81,30001,211,0.38
81,32001,211,0.41
81,34001,211,0.41
81,36001,211,0.43
81,38001,211,0.46
81,40001,211,0.46
81,42001,211,0.45
81,44001,211,0.38
81,46001,211,0.36
81,48001,211,0.41
81,50001,211,0.37
81,52001,211,0.4
81,54001,211,0.46
81,56001,211,0.43
81,58001,211,0.43
81,60001,211,0.46
81,62001,211,0.39
81,64001,211,0.37
81,65535,211,0.37
81,1,221,0.38
81,2001,221,0.39
81,4001,221,0.39
81,6001,221,0.36
81,8001,221,0.44
81,10001,221,0.46
81,12001,221,0.43
81,14001,221,0.42
81,16001,221,0.34
81,18001,221,0.35
81,20001,221,0.34
81,22001,221,0.39
81,24001,221,0.32
81,26001,221,0.36
81,28001,221,0.4
81,30001,221,0.38
81,32001,221,0.36
81,34001,221,0.42
81,36001,221,0.45
81,38001,221,0.47
81,40001,221,0.5
81,42001,221,0.42
81,44001,221,0.4
81,46001,221,0.38
81,48001,221,0.37
81,50001,221,0.39
81,52001,221,0.44
81,54001,221,0.47
81,56001,221,0.47
81,58001,221,0.46
81,60001,221,0.41
81,62001,221,0.35
81,64001,221,0.39
81,65535,221,0.35
81,1,231,0.39
81,2001,231,0.37
81,4001,231,0.36
81,6001,231,0.42
81,8001,231,0.45
81,10001,231,0.47
81,12001,231,0.51
81,14001,231,0.41
81,16001,231,0.34
81,18001,231,0.38
81,20001,231,0.36
81,22001,231,0.35
81,24001,231,0.34
81,26001,231,0.35
81,28001,231,0.41
81,30001,231,0.38
81,32001,231,0.42
81,34001,231,0.4
81,36001,231,0.41
81,38001,231,0.45
81,40001,231,0.44
81,42001,231,0.41
81,44001,231,0.41
81,46001,231,0.4
81,48001,231,0.36
81,50001,231,0.4
81,52001,231,0.42
81,54001,231,0.43
81,56001,231,0.44
81,58001,231,0.48
81,60001,231,0.4
81,62001,231,0.43
81,64001,231,0.42
81,65535,231,0.41
81,1,241,0.38
81,2001,241,0.39
81,4001,241,0.37
81,6001,241,0.35
81,8001,241,0.36
81,10001,241,0.42
81,12001,241,0.52
81,14001,241,0.4
81,16001,241,0.35
81,18001,241,0.35
81,20001,241,0.37
81,22001,241,0.35
81,24001,241,0.34
81,26001,241,0.38
81,28001,241,0.38
81,30001,241,0.36
81,32001,241,0.35
81,34001,241,0.41
81,36001,241,0.44
81,38001,241,0.47
81,40001,241,0.47
81,42001,241,0.41
81,44001,241,0.39
81,46001,241,0.37
81,48001,241,0.38
81,50001,241,0.39
81,52001,241,0.45
81,54001,241,0.47
81,56001,241,0.42
81,58001,241,0.41
81,60001,241,0.41
81,62001,241,0.41
81,64001,241,0.39
81,65535,241,0.38
81,1,251,0.44
81,2001,251,0.34
81,4001,251,0.38
81,6001,251,0.41
81,8001,251,0.38
81,10001,251,0.47
81,12001,251,0.45
81,14001,251,0.39
81,16001,251,0.38
81,18001,251,0.37
81,20001,251,0.37
81,22001,251,0.38
81,24001,251,0.38
81,26001,251,0.36
81,28001,251,0.39
81,30001,251,0.39
81,32001,251,0.38
81,34001,251,0.39
81,36001,251,0.45
81,38001,251,0.47
81,40001,251,0.45
81,42001,251,0.43
81,44001,251,0.38
81,46001,251,0.36
81,48001,251,0.39
81,50001,251,0.39
81,52001,251,0.4
81,54001,251,0.47
81,56001,251,0.47
81,58001,251,0.44
81,60001,251,0.4
81,62001,251,0.39
81,64001,251,0.38
81,65535,251,0.35
81,1,254,0.38
81,2001,254,0.38
81,4001,254,0.35
81,6001,254,0.35
81,8001,254,0.35
81,10001,254,0.43
81,12001,254,0.44
81,14001,254,0.39
81,16001,254,0.34
81,18001,254,0.35
81,20001,254,0.35
81,22001,254,0.35
81,24001,254,0.38
81,26001,254,0.35
81,28001,254,0.38
81,30001,254,0.39
81,32001,254,0.4
81,34001,254,0.42
81,36001,254,0.45
81,38001,254,0.51
81,40001,254,0.45
81,42001,254,0.4
81,44001,254,0.39
81,46001,254,0.38
81,48001,254,0.36
81,50001,254,0.36
81,52001,254,0.41
81,54001,254,0.49
81,56001,254,0.47
81,58001,254,0.44
81,60001,254,0.43
81,62001,254,0.39
81,64001,254,0.38
81,65535,254,0.36
91,1,1,0.51
91,2001,1,0.52
91,4001,1,0.49
91,6001,1,0.48
91,8001,1,0.48
91,10001,1,0.49
91,12001,1,0.46
91,14001,1,0.47
91,16001,1,0.48
91,18001,1,0.47
91,20001,1,0.5
91,22001,1,0.47
91,24001,1,0.47
91,26001,1,0.48
91,28001,1,0.48
91,30001,1,0.44
91,32001,1,0.44
91,34001,1,0.47
91,36001,1,0.49
91,38001,1,0.46
91,40001,1,0.47
91,42001,1,0.46
91,44001,1,0.49
91,46001,1,0.47
91,48001,1,0.48
91,50001,1,0.48
91,52001,1,0.46
91,54001,1,0.47
91,56001,1,0.49
91,58001,1,0.48
91,60001,1,0.51
91,62001,1,0.48
91,64001,1,0.46
91,65535,1,0.48
91,1,11,0.55
91,2001,11,0.51
91,4001,11,0.54
91,6001,11,0.52
91,8001,11,0.49
91,10001,11,0.51
91,12001,11,0.48
91,14001,11,0.47
91,16001,11,0.46
91,18001,11,0.46
91,20001,11,0.43
91,22001,11,0.43
91,24001,11,0.4
91,26001,11,0.41
91,28001,11,0.43
91,30001,11,0.45
91,32001,11,0.44
91,34001,11,0.48
91,36001,11,0.46
91,38001,11,0.48
91,40001,11,0.47
91,42001,11,0.46
91,44001,11,0.47
91,46001,11,0.52
91,48001,11,0.47
91,50001,11,0.46
91,52001,11,0.52
91,54001,11,0.5
91,56001,11,0.51
91,58001,11,0.53
91,60001,11,0.5
91,62001,11,0.52
91,64001,11,0.49
91,65535,11,0.54
91,1,21,0.63
91,2001,21,0.64
91,4001,21,0.65
91,6001,21,0.55
91,8001,21,0.53
91,10001,21,0.52
91,12001,21,0.48
91,14001,21,0.44
91,16001,21,0.47
91,18001,21,0.48
91,20001,21,0.43
91,22001,21,0.42
91,24001,21,0.45
91,26001,21,0.42
91,28001,21,0.46
91,30001,21,0.45
91,32001,21,0.43
91,34001,21,0.42
91,36001,21,0.42
91,38001,21,0.46
91,40001,21,0.44
91,42001,21,0.46
91,44001,21,0.47
91,46001,21,0.48
91,48001,21,0.47
91,50001,21,0.51
91,52001,21,0.55
91,54001,21,0.56
91,56001,21,0.59
91,58001,21,0.56
91,60001,21,0.62
91,62001,21,0.58
91,64001,21,0.62
91,65535,21,0.59
91,1,31,0.69
91,2001,31,0.69
91,4001,31,0.7
91,6001,31,0.62
91,8001,31,0.56
91,10001,31,0.53
91,12001,31,0.5
91,14001,31,0.46
91,16001,31,0.47
91,18001,31,0.43
91,20001,31,0.46
91,22001,31,0.42
91,24001,31,0.41
91,26001,31,0.43
91,28001,31,0.42
91,30001,31,0.43
91,32001,31,0.41
91,34001,31,0.42
91,36001,31,0.45
91,38001,31,0.46
91,40001,31,0.42
91,42001,31,0.44
91,44001,31,0.47
91,46001,31,0.47
91,48001,31,0.51
91,50001,31,0.55
91,52001,31,0.54
91,54001,31,0.62
91,56001,31,0.61
91,58001,31,0.66
91,60001,31,0.65
91,62001,31,0.68
91,64001,31,0.66
91,65535,31,0.69
91,1,41,0.73
91,2001,41,0.68
91,4001,41,0.72
91,6001,41,0.68
91,8001,41,0.62
91,10001,41,0.52
91,12001,41,0.51
91,14001,41,0.5
91,16001,41,0.44
91,18001,41,0.47
91,20001,41,0.42
91,22001,41,0.42
91,24001,41,0.41
91,26001,41,0.42
91,28001,41,0.42
91,30001,41,0.47
91,32001,41,0.45
91,34001,41,0.43
91,36001,41,0.47
91,38001,41,0.49
91,40001,41,0.47
91,42001,41,0.45
91,44001,41,0.48
91,46001,41,0.48
91,48001,41,0.5
91,50001,41,0.57
91,52001,41,0.55
91,54001,41,0.66
91,56001,41,0.69
91,58001,41,0.71
91,60001,41,0.71
91,62001,41,0.73
91,64001,41,0.73
91,65535,41,0.76
91,1,51,0.73
91,2001,51,0.71
91,4001,51,0.69
91,6001,51,0.69
91,8001,51,0.67
91,10001,51,0.58
91,12001,51,0.5
91,14001,51,0.47
91,16001,51,0.45
91,18001,51,0.41
91,20001,51,0.4
91,22001,51,0.43
91,24001,51,0.44
91,26001,51,0.42
91,28001,51,0.42
91,30001,51,0.45
91,32001,51,0.46
91,34001,51,0.47
91,36001,51,0.45
91,38001,51,0.46
91,40001,51,0.47
91,42001,51,0.47
91,44001,51,0.47
91,46001,51,0.48
91,48001,51,0.54
91,50001,51,0.58
91,52001,51,0.62
91,54001,51,0.69
91,56001,51,0.61
91,58001,51,0.64
91,60001,51,0.68
91,62001,51,0.68
91,64001,51,0.72
91,65535,51,0.72
91,1,61,0.72
91,2001,61,0.68
91,4001,61,0.8
91,6001,61,0.71
91,8001,61,0.69
91,10001,61,0.64
91,12001,61,0.48
91,14001,61,0.49
91,16001,61,0.46
91,18001,61,0.44
91,20001,61,0.42
91,22001,61,0.41
91,24001,61,0.41
91,26001,61,0.39
91,28001,61,0.42
91,30001,61,0.41
91,32001,61,0.43
91,34001,61,0.49
91,36001,61,0.46
91,38001,61,0.46
91,40001,61,0.44
91,42001,61,0.46
91,44001,61,0.48
91,46001,61,0.51
91,48001,61,0.54
91,50001,61,0.57
91,52001,61,0.66
91,54001,61,0.67
91,56001,61,0.69
91,58001,61,0.69
91,60001,61,0.67
91,62001,61,0.68
91,64001,61,0.68
91,65535,61,0.75
91,1,71,0.65
91,2001,71,0.66
91,4001,71,0.75
91,6001,71,0.73
91,8001,71,0.73
91,10001,71,0.64
91,12001,71,0.56
91,14001,71,0.45
91,16001,71,0.4
91,18001,71,0.41
91,20001,71,0.39
91,22001,71,0.42
91,24001,71,0.4
91,26001,71,0.41
91,28001,71,0.43
91,30001,71,0.42
91,32001,71,0.42
91,34001,71,0.46
91,36001,71,0.46
91,38001,71,0.46
91,40001,71,0.49
91,42001,71,0.46
91,44001,71,0.48
91,46001,71,0.48
91,48001,71,0.55
91,50001,71,0.57
91,52001,71,0.68
91,54001,71,0.7
91,56001,71,0.69
91,58001,71,0.67
91,60001,71,0.78
91,62001,71,0.78
91,64001,71,0.74
91,65535,71,0.72
91,1,81,0.71
91,2001,81,0.73
91,4001,81,0.72
91,6001,81,0.74
91,8001,81,0.7
91,10001,81,0.62
91,12001,81,0.54
91,14001,81,0.47
91,16001,81,0.4
91,18001,81,0.37
91,20001,81,0.43
91,22001,81,0.4
91,24001,81,0.41
91,26001,81,0.41
91,28001,81,0.39
91,30001,81,0.45
91,32001,81,0.43
91,34001,81,0.46
91,36001,81,0.47
91,38001,81,0.47
91,40001,81,0.49
91,42001,81,0.47
91,44001,81,0.47
91,46001,81,0.51
91,48001,81,0.52
91,50001,81,0.58
91,52001,81,0.66
91,54001,81,0.66
91,56001,81,0.7
91,58001,81,0.72
91,60001,81,0.69
91,62001,81,0.72
91,64001,81,0.69
91,65535,81,0.73
91,1,91,0.65
91,2001,91,0.68
91,4001,91,0.73
91,6001,91,0.8
91,8001,91,0.76
91,10001,91,0.67
91,12001,91,0.62
91,14001,91,0.46
91,16001,91,0.45
91,18001,91,0.4
91,20001,91,0.44
91,22001,91,0.43
91,24001,91,0.43
91,26001,91,0.4
91,28001,91,0.39
91,30001,91,0.43
91,32001,91,0.43
91,34001,91,0.46
91,36001,91,0.47
91,38001,91,0.47
91,40001,91,0.47
91,42001,91,0.5
91,44001,91,0.49
91,46001,91,0.5
91,48001,91,0.6
91,50001,91,0.6
91,52001,91,0.61
91,54001,91,0.63
91,56001,91,0.69
91,58001,91,0.65
91,60001,91,0.69
91,62001,91,0.67
91,64001,91,0.7
91,65535,91,0.66
91,1,101,0.61
91,2001,101,0.61
91,4001,101,0.73
91,6001,101,0.76
91,8001,101,0.76
91,10001,101,0.69
91,12001,101,0.56
91,14001,101,0.46
91,16001,101,0.41
91,18001,101,0.39
91,20001,101,0.39
91,22001,101,0.4
91,24001,101,0.43
91,26001,101,0.44
91,28001,101,0.39
91,30001,101,0.4
91,32001,101,0.41
91,34001,101,0.45
91,36001,101,0.45
91,38001,101,0.47
91,40001,101,0.47
91,42001,101,0.48
91,44001,101,0.52
91,46001,101,0.54
91,48001,101,0.52
91,50001,101,0.52
91,52001,101,0.57
91,54001,101,0.62
91,56001,101,0.66
91,58001,101,0.65
91,60001,101,0.64
91,62001,101,0.62
91,64001,101,0.63
91,65535,101,0.56
91,1,111,0.53
91,2001,111,0.55
91,4001,111,0.58
91,6001,111,0.69
91,8001,111,0.79
91,10001,111,0.66
91,12001,111,0.58
91,14001,111,0.45
91,16001,111,0.44
91,18001,111,0.41
91,20001,111,0.41
91,22001,111,0.39
91,24001,111,0.43
91,26001,111,0.41
91,28001,111,0.39
91,30001,111,0.4
91,32001,111,0.43
91,34001,111,0.46
91,36001,111,0.43
91,38001,111,0.49
91,40001,111,0.44
91,42001,111,0.49
91,44001,111,0.5
91,46001,111,0.51
91,48001,111,0.53
91,50001,111,0.54
91,52001,111,0.55
91,54001,111,0.61
91,56001,111,0.65
91,58001,111,0.64
91,60001,111,0.6
91,62001,111,0.58
91,64001,111,0.55
91,65535,111,0.55
91,1,121,0.47
91,2001,121,0.47
91,4001,121,0.55
91,6001,121,0.59
91,8001,121,0.76
91,10001,121,0.69
91,12001,121,0.59
91,14001,121,0.47
91,16001,121,0.38
91,18001,121,0.4
91,20001,121,0.41
91,22001,121,0.42
91,24001,121,0.42
91,26001,121,0.4
91,28001,121,0.4
91,30001,121,0.42
91,32001,121,0.44
91,34001,121,0.45
91,36001,121,0.46
91,38001,121,0.43
91,40001,121,0.47
91,42001,121,0.52
91,44001,121,0.52
91,46001,121,0.48
91,48001,121,0.47
91,50001,121,0.5
91,52001,121,0.53
91,54001,121,0.56
91,56001,121,0.62
91,58001,121,0.55
91,60001,121,0.58
91,62001,121,0.54
91,64001,121,0.52
91,65535,121,0.52
91,1,131,0.46
91,2001,131,0.48
91,4001,131,0.49
91,6001,131,0.56
91,8001,131,0.76
91,10001,131,0.74
91,12001,131,0.52
91,14001,131,0.45
91,16001,131,0.4
91,18001,131,0.4
91,20001,131,0.39
91,22001,131,0.37
91,24001,131,0.41
91,26001,131,0.41
91,28001,131,0.41
91,30001,131,0.42
91,32001,131,0.43
91,34001,131,0.45
91,36001,131,0.47
91,38001,131,0.51
91,40001,131,0.52
91,42001,131,0.53
91,44001,131,0.51
91,46001,131,0.48
91,48001,131,0.49
91,50001,131,0.53
91,52001,131,0.55
91,54001,131,0.58
91,56001,131,0.59
91,58001,131,0.57
91,60001,131,0.55
91,62001,131,0.52
91,64001,131,0.48
91,65535,131,0.48
91,1,141,0.46
91,2001,141,0.45
91,4001,141,0.47
91,6001,141,0.56
91,8001,141,0.73
91,10001,141,0.76
91,12001,141,0.59
91,14001,141,0.42
91,16001,141,0.4
91,18001,141,0.38
91,20001,141,0.4
91,22001,141,0.41
91,24001,141,0.39
91,26001,141,0.4
91,28001,141,0.4
91,30001,141,0.41
91,32001,141,0.45
91,34001,141,0.46
91,36001,141,0.47
91,38001,141,0.46
91,40001,141,0.52
91,42001,141,0.54
91,44001,141,0.55
91,46001,141,0.48
91,48001,141,0.48
91,50001,141,0.46
91,52001,141,0.54
91,54001,141,0.62
91,56001,141,0.59
91,58001,141,0.55
91,60001,141,0.5
91,62001,141,0.47
91,64001,141,0.47
91,65535,141,0.42
91,1,151,0.43
91,2001,151,0.47
91,4001,151,0.47
91,6001,151,0.56
91,8001,151,0.71
91,10001,151,0.75
91,12001,151,0.6
91,14001,151,0.47
91,16001,151,0.4
91,18001,151,0.39
91,20001,151,0.4
91,22001,151,0.43
91,24001,151,0.41
91,26001,151,0.41
91,28001,151,0.41
91,30001,151,0.41
91,32001,151,0.4
91,34001,151,0.43
91,36001,151,0.45
91,38001,151,0.47
91,40001,151,0.49
91,42001,151,0.46
91,44001,151,0.47
91,46001,151,0.46
91,48001,151,0.44
91,50001,151,0.45
91,52001,151,0.52
91,54001,151,0.55
91,56001,151,0.57
91,58001,151,0.51
91,60001,151,0.49
91,62001,151,0.44
91,64001,151,0.42
91,65535,151,0.43
91,1,161,0.42
91,2001,161,0.41
91,4001,161,0.42
91,6001,161,0.47
91,8001,161,0.66
91,10001,161,0.72
91,12001,161,0.53
91,14001,161,0.47
91,16001,161,0.39
91,18001,161,0.39
91,20001,161,0.39
91,22001,161,0.38
91,24001,161,0.38
91,26001,161,0.4
91,28001,161,0.4
91,30001,161,0.43
91,32001,161,0.43
91,34001,161,0.44
91,36001,161,0.46
91,38001,161,0.5
91,40001,161,0.49
91,42001,161,0.49
91,44001,161,0.52
91,46001,161,0.48
91,48001,161,0.4
91,50001,161,0.46
91,52001,161,0.52
91,54001,161,0.56
91,56001,161,0.53
91,58001,161,0.52
91,60001,161,0.47
91,62001,161,0.47
91,64001,161,0.41
91,65535,161,0.42
91,1,171,0.38
91,2001,171,0.41
91,4001,171,0.4
91,6001,171,0.5
91,8001,171,0.65
91,10001,171,0.7
91,12001,171,0.48
91,14001,171,0.47
91,16001,171,0.42
91,18001,171,0.42
91,20001,171,0.39
91,22001,171,0.38
91,24001,171,0.4
91,26001,171,0.37
91,28001,171,0.38
91,30001,171,0.38
91,32001,171,0.38
91,34001,171,0.46
91,36001,171,0.42
91,38001,171,0.52
91,40001,171,0.51
91,42001,171,0.51
91,44001,171,0.45
91,46001,171,0.41
91,48001,171,0.45
91,50001,171,0.43
91,52001,171,0.48
91,54001,171,0.53
91,56001,171,0.54
91,58001,171,0.47
91,60001,171,0.46
91,62001,171,0.42
91,64001,171,0.39
91,65535,171,0.41
91,1,181,0.41
91,2001,181,0.36
91,4001,181,0.39
91,6001,181,0.48
91,8001,181,0.49
91,10001,181,0.56
91,12001,181,0.55
91,14001,181,0.4
91,16001,181,0.4
91,18001,181,0.39
91,20001,181,0.38
91,22001,181,0.4
91,24001,181,0.4
91,26001,181,0.37
91,28001,181,0.38
91,30001,181,0.39
91,32001,181,0.43
91,34001,181,0.45
91,36001,181,0.49
91,38001,181,0.52
91,40001,181,0.49
91,42001,181,0.47
91,44001,181,0.46
91,46001,181,0.45
91,48001,181,0.43
91,50001,181,0.45
91,52001,181,0.49
91,54001,181,0.55
91,56001,181,0.51
91,58001,181,0.47
91,60001,181,0.46
91,62001,181,0.42
91,64001,181,0.41
91,65535,181,0.4
91,1,191,0.4
91,2001,191,0.4
91,4001,191,0.4
91,6001,191,0.47
91,8001,191,0.53
91,10001,191,0.55
91,12001,191,0.51
91,14001,191,0.42
91,16001,191,0.39
91,18001,191,0.37
91,20001,191,0.38
91,22001,191,0.4
91,24001,191,0.4
91,26001,191,0.38
91,28001,191,0.4
91,30001,191,0.39
91,32001,191,0.41
91,34001,191,0.47
91,36001,191,0.49
91,38001,191,0.54
91,40001,191,0.51
91,42001,191,0.49
91,44001,191,0.43
91,46001,191,0.43
91,48001,191,0.42
91,50001,191,0.45
91,52001,191,0.5
91,54001,191,0.55
91,56001,191,0.55
91,58001,191,0.52
91,60001,191,0.43
91,62001,191,0.43
91,64001,191,0.42
91,65535,191,0.39
91,1,201,0.42
91,2001,201,0.41
91,4001,201,0.4
91,6001,201,0.42
91,8001,201,0.47
91,10001,201,0.5
91,12001,201,0.52
91,14001,201,0.4
91,16001,201,0.34
91,18001,201,0.41
91,20001,201,0.4
91,22001,201,0.41
91,24001,201,0.36
91,26001,201,0.43
91,28001,201,0.41
91,30001,201,0.45
91,32001,201,0.41
91,34001,201,0.42
91,36001,201,0.47
91,38001,201,0.48
91,40001,201,0.47
91,42001,201,0.48
91,44001,201,0.41
91,46001,201,0.39
91,48001,201,0.41
91,50001,201,0.43
91,52001,201,0.45
91,54001,201,0.5
91,56001,201,0.5
91,58001,201,0.44
91,60001,201,0.47
91,62001,201,0.44
91,64001,201,0.4
91,65535,201,0.42
91,1,211,0.41
91,2001,211,0.36
91,4001,211,0.39
91,6001,211,0.43
91,8001,211,0.47
91,10001,211,0.54
91,12001,211,0.48
91,14001,211,0.47
91,16001,211,0.39
91,18001,211,0.37
91,20001,211,0.36
91,22001,211,0.38
91,24001,211,0.41
91,26001,211,0.37
91,28001,211,0.4
91,30001,211,0.4
91,32001,211,0.42
91,34001,211,0.45
91,36001,211,0.48
91,38001,211,0.48
91,40001,211,0.48
91,42001,211,0.45
91,44001,211,0.42
91,46001,211,0.41
91,48001,211,0.38
91,50001,211,0.42
91,52001,211,0.47
91,54001,211,0.5
91,56001,211,0.48
91,58001,211,0.48
91,60001,211,0.47
91,62001,211,0.41
91,64001,211,0.41
91,65535,211,0.41
91,1,221,0.36
91,2001,221,0.41
91,4001,221,0.41
91,6001,221,0.43
91,8001,221,0.48
91,10001,221,0.51
91,12001,221,0.43
91,14001,221,0.42
91,16001,221,0.41
91,18001,221,0.4
91,20001,221,0.39
91,22001,221,0.41
91,24001,221,0.39
91,26001,221,0.39
91,28001,221,0.38
91,30001,221,0.41
91,32001,221,0.41
91,34001,221,0.46
91,36001,221,0.45
91,38001,221,0.49
91,40001,221,0.48
91,42001,221,0.44
91,44001,221,0.41
91,46001,221,0.4
91,48001,221,0.42
91,50001,221,0.41
91,52001,221,0.47
91,54001,221,0.51
91,56001,221,0.53
91,58001,221,0.46
91,60001,221,0.41
91,62001,221,0.4
91,64001,221,0.41
91,65535,221,0.41
91,1,231,0.45
91,2001,231,0.41
91,4001,231,0.39
91,6001,231,0.41
91,8001,231,0.42
91,10001,231,0.51
91,12001,231,0.51
91,14001,231,0.41
91,16001,231,0.39
91,18001,231,0.4
91,20001,231,0.41
91,22001,231,0.36
91,24001,231,0.35
91,26001,231,0.35
91,28001,231,0.37
91,30001,231,0.41
91,32001,231,0.43
91,34001,231,0.43
91,36001,231,0.46
91,38001,231,0.47
91,40001,231,0.47
91,42001,231,0.46
91,44001,231,0.41
91,46001,231,0.45
91,48001,231,0.42
91,50001,231,0.41
91,52001,231,0.46
91,54001,231,0.48
91,56001,231,0.51
91,58001,231,0.45
91,60001,231,0.44
91,62001,231,0.41
91,64001,231,0.41
91,65535,231,0.41
91,1,241,0.39
91,2001,241,0.4
91,4001,241,0.4
91,6001,241,0.41
91,8001,241,0.43
91,10001,241,0.52
91,12001,241,0.48
91,14001,241,0.4
91,16001,241,0.38
91,18001,241,0.36
91,20001,241,0.39
91,22001,241,0.4
91,24001,241,0.4
91,26001,241,0.39
91,28001,241,0.37
91,30001,241,0.39
91,32001,241,0.42
91,34001,241,0.44
91,36001,241,0.47
91,38001,241,0.51
91,40001,241,0.47
91,42001,241,0.42
91,44001,241,0.42
91,46001,241,0.4
91,48001,241,0.4
91,50001,241,0.4
91,52001,241,0.43
91,54001,241,0.49
91,56001,241,0.52
91,58001,241,0.48
91,60001,241,0.46
91,62001,241,0.45
91,64001,241,0.4
91,65535,241,0.39
91,1,251,0.37
91,2001,251,0.38
91,4001,251,0.36
91,6001,251,0.4
91,8001,251,0.43
91,10001,251,0.52
91,12001,251,0.45
91,14001,251,0.46
91,16001,251,0.41
91,18001,251,0.39
91,20001,251,0.39
91,22001,251,0.39
91,24001,251,0.38
91,26001,251,0.38
91,28001,251,0.4
91,30001,251,0.39
91,32001,251,0.41
91,34001,251,0.41
91,36001,251,0.52
91,38001,251,0.51
91,40001,251,0.47
91,42001,251,0.45
91,44001,251,0.37
91,46001,251,0.39
91,48001,251,0.38
91,50001,251,0.41
91,52001,251,0.47
91,54001,251,0.5
91,56001,251,0.49
91,58001,251,0.46
91,60001,251,0.42
91,62001,251,0.42
91,64001,251,0.39
91,65535,251,0.4
91,1,254,0.39
91,2001,254,0.42
91,4001,254,0.4
91,6001,254,0.42
91,8001,254,0.42
91,10001,254,0.5
91,12001,254,0.46
91,14001,254,0.41
91,16001,254,0.39
91,18001,254,0.38
91,20001,254,0.38
91,22001,254,0.38
91,24001,254,0.38
91,26001,254,0.4
91,28001,254,0.4
91,30001,254,0.41
91,32001,254,0.41
91,34001,254,0.43
91,36001,254,0.45
91,38001,254,0.53
91,40001,254,0.49
91,42001,254,0.45
91,44001,254,0.41
91,46001,254,0.39
91,48001,254,0.41
91,50001,254,0.41
91,52001,254,0.43
91,54001,254,0.46
91,56001,254,0.49
91,58001,254,0.47
91,60001,254,0.46
91,62001,254,0.43
91,64001,254,0.43
91,65535,254,0.41
101,1,1,0.55
101,2001,1,0.49
101,4001,1,0.55
101,6001,1,0.51
101,8001,1,0.55
101,10001,1,0.54
101,12001,1,0.52
101,14001,1,0.49
101,16001,1,0.49
101,18001,1,0.5
101,20001,1,0.53
101,22001,1,0.53
101,24001,1,0.49
101,26001,1,0.51
101,28001,1,0.52
101,30001,1,0.53
101,32001,1,0.53
101,34001,1,0.53
101,36001,1,0.54
101,38001,1,0.49
101,40001,1,0.53
101,42001,1,0.55
101,44001,1,0.52
101,46001,1,0.51
101,48001,1,0.5
101,50001,1,0.54
101,52001,1,0.53
101,54001,1,0.54
101,56001,1,0.51
101,58001,1,0.54
101,60001,1,0.52
101,62001,1,0.53
101,64001,1,0.54
101,65535,1,0.54
101,1,11,0.56
101,2001,11,0.58
101,4001,11,0.57
101,6001,11,0.55
101,8001,11,0.52
101,10001,11,0.53
101,12001,11,0.53
101,14001,11,0.51
101,16001,11,0.49
101,18001,11,0.51
101,20001,11,0.5
101,22001,11,0.51
101,24001,11,0.46
101,26001,11,0.48
101,28001,11,0.5
101,30001,11,0.48
101,32001,11,0.51
101,34001,11,0.53
101,36001,11,0.51
101,38001,11,0.49
101,40001,11,0.52
101,42001,11,0.53
101,44001,11,0.52
101,46001,11,0.56
101,48001,11,0.53
101,50001,11,0.56
101,52001,11,0.55
101,54001,11,0.57
101,56001,11,0.57
101,58001,11,0.57
101,60001,11,0.61
101,62001,11,0.58
101,64001,11,0.57
101,65535,11,0.58
101,1,21,0.68
101,2001,21,0.68
101,4001,21,0.64
101,6001,21,0.65
101,8001,21,0.55
101,10001,21,0.54
101,12001,21,0.56
101,14001,21,0.54
101,16001,21,0.52
101,18001,21,0.49
101,20001,21,0.47
101,22001,21,0.48
101,24001,21,0.53
101,26001,21,0.46
101,28001,21,0.48
101,30001,21,0.47
101,32001,21,0.48
101,34001,21,0.49
101,36001,21,0.48
101,38001,21,0.49
101,40001,21,0.51
101,42001,21,0.51
101,44001,21,0.49
101,46001,21,0.54
101,48001,21,0.56
101,50001,21,0.59
101,52001,21,0.6
101,54001,21,0.59
101,56001,21,0.63
101,58001,21,0.69
101,60001,21,0.67
101,62001,21,0.69
101,64001,21,0.71
101,65535,21,0.7
101,1,31,0.8
101,2001,31,0.73
101,4001,31,0.73
101,6001,31,0.7
101,8001,31,0.63
101,10001,31,0.57
101,12001,31,0.55
101,14001,31,0.51
101,16001,31,0.48
101,18001,31,0.46
101,20001,31,0.47
101,22001,31,0.46
101,24001,31,0.49
101,26001,31,0.5
101,28001,31,0.44
101,30001,31,0.49
101,32001,31,0.47
101,34001,31,0.48
101,36001,31,0.48
101,38001,31,0.49
101,40001,31,0.5
101,42001,31,0.47
101,44001,31,0.53
101,46001,31,0.56
101,48001,31,0.56
101,50001,31,0.58
101,52001,31,0.65
101,54001,31,0.71
101,56001,31,0.69
101,58001,31,0.78
101,60001,31,0.73
101,62001,31,0.76
101,64001,31,0.76
101,65535,31,0.81
101,1,41,0.8
101,2001,41,0.81
101,4001,41,0.78
101,6001,41,0.73
101,8001,41,0.66
101,10001,41,0.61
101,12001,41,0.55
101,14001,41,0.51
101,16001,41,0.51
101,18001,41,0.47
101,20001,41,0.46
101,22001,41,0.47
101,24001,41,0.47
101,26001,41,0.48
101,28001,41,0.47
101,30001,41,0.5
101,32001,41,0.47
101,34001,41,0.46
101,36001,41,0.5
101,38001,41,0.52
101,40001,41,0.53
101,42001,41,0.52
101,44001,41,0.51
101,46001,41,0.53
101,48001,41,0.59
101,50001,41,0.66
101,52001,41,0.7
101,54001,41,0.73
101,56001,41,0.74
101,58001,41,0.79
101,60001,41,0.81
101,62001,41,0.87
101,64001,41,0.87
101,65535,41,0.87
101,1,51,0.8
101,2001,51,0.85
101,4001,51,0.78
101,6001,51,0.76
101,8001,51,0.72
101,10001,51,0.62
101,12001,51,0.56
101,14001,51,0.51
101,16001,51,0.47
101,18001,51,0.49
101,20001,51,0.48
101,22001,51,0.47
101,24001,51,0.47
101,26001,51,0.49
101,28001,51,0.49
101,30001,51,0.48
101,32001,51,0.47
101,34001,51,0.47
101,36001,51,0.49
101,38001,51,0.51
101,40001,51,0.48
101,42001,51,0.48
101,44001,51,0.53
101,46001,51,0.51
101,48001,51,0.61
101,50001,51,0.64
101,52001,51,0.78
101,54001,51,0.73
101,56001,51,0.74
101,58001,51,0.71
101,60001,51,0.77
101,62001,51,0.76
101,64001,51,0.77
101,65535,51,0.87
101,1,61,0.82
101,2001,61,0.85
101,4001,61,0.8
101,6001,61,0.76
101,8001,61,0.78
101,10001,61,0.67
101,12001,61,0.57
101,14001,61,0.47
101,16001,61,0.47
101,18001,61,0.46
101,20001,61,0.52
101,22001,61,0.48
101,24001,61,0.47
101,26001,61,0.47
101,28001,61,0.46
101,30001,61,0.48
101,32001,61,0.48
101,34001,61,0.49
101,36001,61,0.51
101,38001,61,0.51
101,40001,61,0.47
101,42001,61,0.55
101,44001,61,0.54
101,46001,61,0.54
101,48001,61,0.66
101,50001,61,0.64
101,52001,61,0.78
101,54001,61,0.81
101,56001,61,0.69
101,58001,61,0.7
101,60001,61,0.74
101,62001,61,0.74
101,64001,61,0.79
101,65535,61,0.8
101,1,71,0.75
101,2001,71,0.72
101,4001,71,0.8
101,6001,71,0.81
101,8001,71,0.83
101,10001,71,0.68
101,12001,71,0.57
101,14001,71,0.48
101,16001,71,0.45
101,18001,71,0.44
101,20001,71,0.46
101,22001,71,0.45
101,24001,71,0.49
101,26001,71,0.48
101,28001,71,0.47
101,30001,71,0.46
101,32001,71,0.46
101,34001,71,0.49
101,36001,71,0.48
101,38001,71,0.51
101,40001,71,0.52
101,42001,71,0.52
101,44001,71,0.53
101,46001,71,0.56
101,48001,71,0.65
101,50001,71,0.71
101,52001,71,0.71
101,54001,71,0.75
101,56001,71,0.78
101,58001,71,0.82
101,60001,71,0.88
101,62001,71,0.87
101,64001,71,0.82
101,65535,71,0.81
101,1,81,0.85
101,2001,81,0.83
101,4001,81,0.77
101,6001,81,0.89
101,8001,81,0.76
101,10001,81,0.69
101,12001,81,0.64
101,14001,81,0.57
101,16001,81,0.45
101,18001,81,0.44
101,20001,81,0.47
101,22001,81,0.46
101,24001,81,0.41
101,26001,81,0.42
101,28001,81,0.46
101,30001,81,0.46
101,32001,81,0.45
101,34001,81,0.49
101,36001,81,0.51
101,38001,81,0.48
101,40001,81,0.47
101,42001,81,0.53
101,44001,81,0.59
101,46001,81,0.61
101,48001,81,0.65
101,50001,81,0.69
101,52001,81,0.71
101,54001,81,0.76
101,56001,81,0.8
101,58001,81,0.77
101,60001,81,0.78
101,62001,81,0.81
101,64001,81,0.82
101,65535,81,0.84
101,1,91,0.74
101,2001,91,0.73
101,4001,91,0.85
101,6001,91,0.88
101,8001,91,0.83
101,10001,91,0.77
101,12001,91,0.68
101,14001,91,0.52
101,16001,91,0.45
101,18001,91,0.44
101,20001,91,0.46
101,22001,91,0.44
101,24001,91,0.43
101,26001,91,0.44
101,28001,91,0.45
101,30001,91,0.47
101,32001,91,0.49
101,34001,91,0.49
101,36001,91,0.53
101,38001,91,0.52
101,40001,91,0.54
101,42001,91,0.53
101,44001,91,0.59
101,46001,91,0.55
101,48001,91,0.58
101,50001,91,0.67
101,52001,91,0.72
101,54001,91,0.76
101,56001,91,0.78
101,58001,91,0.77
101,60001,91,0.77
101,62001,91,0.72
101,64001,91,0.79
101,65535,91,0.76
101,1,101,0.62
101,2001,101,0.67
101,4001,101,0.8
101,6001,101,0.85
101,8001,101,0.85
101,10001,101,0.74
101,12001,101,0.69
101,14001,101,0.52
101,16001,101,0.44
101,18001,101,0.43
101,20001,101,0.43
101,22001,101,0.45
101,24001,101,0.47
101,26001,101,0.45
101,28001,101,0.47
101,30001,101,0.45
101,32001,101,0.5
101,34001,101,0.52
101,36001,101,0.54
101,38001,101,0.52
101,40001,101,0.53
101,42001,101,0.52
101,44001,101,0.56
101,46001,101,0.57
101,48001,101,0.65
101,50001,101,0.61
101,52001,101,0.66
101,54001,101,0.7
101,56001,101,0.71
101,58001,101,0.72
101,60001,101,0.71
101,62001,101,0.72
101,64001,101,0.66
101,65535,101,0.66
101,1,111,0.57
101,2001,111,0.57
101,4001,111,0.68
101,6001,111,0.72
101,8001,111,0.88
101,10001,111,0.71
101,12001,111,0.58
101,14001,111,0.49
101,16001,111,0.48
101,18001,111,0.45
101,20001,111,0.46
101,22001,111,0.42
101,24001,111,0.45
101,26001,111,0.47
101,28001,111,0.47
101,30001,111,0.47
101,32001,111,0.5
101,34001,111,0.51
101,36001,111,0.51
101,38001,111,0.55
101,40001,111,0.56
101,42001,111,0.58
101,44001,111,0.6
101,46001,111,0.59
101,48001,111,0.58
101,50001,111,0.57
101,52001,111,0.64
101,54001,111,0.69
101,56001,111,0.7
101,58001,111,0.73
101,60001,111,0.69
101,62001,111,0.69
101,64001,111,0.64
101,65535,111,0.61
101,1,121,0.61
101,2001,121,0.57
101,4001,121,0.66
101,6001,121,0.74
101,8001,121,0.88
101,10001,121,0.81
101,12001,121,0.59
101,14001,121,0.58
101,16001,121,0.45
101,18001,121,0.44
101,20001,121,0.43
101,22001,121,0.41
101,24001,121,0.41
101,26001,121,0.41
101,28001,121,0.44
101,30001,121,0.46
101,32001,121,0.46
101,34001,121,0.53
101,36001,121,0.53
101,38001,121,0.52
101,40001,121,0.56
101,42001,121,0.54
101,44001,121,0.6
101,46001,121,0.54
101,48001,121,0.54
101,50001,121,0.57
101,52001,121,0.61
101,54001,121,0.68
101,56001,121,0.7
101,58001,121,0.68
101,60001,121,0.6
101,62001,121,0.56
101,64001,121,0.54
101,65535,121,0.57
101,1,131,0.55
101,2001,131,0.53
101,4001,131,0.62
101,6001,131,0.74
101,8001,131,0.89
101,10001,131,0.84
101,12001,131,0.64
101,14001,131,0.51
101,16001,131,0.44
101,18001,131,0.45
101,20001,131,0.44
101,22001,131,0.41
101,24001,131,0.41
101,26001,131,0.46
101,28001,131,0.45
101,30001,131,0.46
101,32001,131,0.46
101,34001,131,0.47
101,36001,131,0.52
101,38001,131,0.53
101,40001,131,0.56
101,42001,131,0.58
101,44001,131,0.58
101,46001,131,0.55
101,48001,131,0.5
101,50001,131,0.56
101,52001,131,0.56
101,54001,131,0.68
101,56001,131,0.68
101,58001,131,0.59
101,60001,131,0.59
101,62001,131,0.56
101,64001,131,0.54
101,65535,131,0.51
101,1,141,0.49
101,2001,141,0.49
101,4001,141,0.51
101,6001,141,0.61
101,8001,141,0.84
101,10001,141,0.85
101,12001,141,0.58
101,14001,141,0.48
101,16001,141,0.43
101,18001,141,0.43
101,20001,141,0.44
101,22001,141,0.43
101,24001,141,0.46
101,26001,141,0.41
101,28001,141,0.41
101,30001,141,0.46
101,32001,141,0.44
101,34001,141,0.49
101,36001,141,0.5
101,38001,141,0.56
101,40001,141,0.58
101,42001,141,0.56
101,44001,141,0.54
101,46001,141,0.51
101,48001,141,0.53
101,50001,141,0.56
101,52001,141,0.59
101,54001,141,0.61
101,56001,141,0.65
101,58001,141,0.57
101,60001,141,0.59
101,62001,141,0.53
101,64001,141,0.52
101,65535,141,0.47
101,1,151,0.49
101,2001,151,0.47
101,4001,151,0.53
101,6001,151,0.67
101,8001,151,0.84
101,10001,151,0.88
101,12001,151,0.64
101,14001,151,0.57
101,16001,151,0.47
101,18001,151,0.44
101,20001,151,0.43
101,22001,151,0.46
101,24001,151,0.46
101,26001,151,0.41
101,28001,151,0.43
101,30001,151,0.43
101,32001,151,0.47
101,34001,151,0.47
101,36001,151,0.48
101,38001,151,0.55
101,40001,151,0.62
101,42001,151,0.56
101,44001,151,0.52
101,46001,151,0.48
101,48001,151,0.49
101,50001,151,0.52
101,52001,151,0.58
101,54001,151,0.66
101,56001,151,0.63
101,58001,151,0.56
101,60001,151,0.56
101,62001,151,0.51
101,64001,151,0.51
101,65535,151,0.48
101,1,161,0.42
101,2001,161,0.47
101,4001,161,0.43
101,6001,161,0.62
101,8001,161,0.74
101,10001,161,0.84
101,12001,161,0.68
101,14001,161,0.56
101,16001,161,0.46
101,18001,161,0.4
101,20001,161,0.41
101,22001,161,0.41
101,24001,161,0.44
101,26001,161,0.42
101,28001,161,0.44
101,30001,161,0.47
101,32001,161,0.47
101,34001,161,0.48
101,36001,161,0.56
101,38001,161,0.56
101,40001,161,0.62
101,42001,161,0.55
101,44001,161,0.54
101,46001,161,0.52
101,48001,161,0.51
101,50001,161,0.51
101,52001,161,0.56
101,54001,161,0.6
101,56001,161,0.6
101,58001,161,0.53
101,60001,161,0.45
101,62001,161,0.47
101,64001,161,0.46
101,65535,161,0.46
101,1,171,0.46
101,2001,171,0.45
101,4001,171,0.48
101,6001,171,0.54
101,8001,171,0.74
101,10001,171,0.75
101,12001,171,0.64
101,14001,171,0.53
101,16001,171,0.42
101,18001,171,0.41
101,20001,171,0.41
101,22001,171,0.42
101,24001,171,0.43
101,26001,171,0.44
101,28001,171,0.39
101,30001,171,0.46
101,32001,171,0.51
101,34001,171,0.47
101,36001,171,0.52
101,38001,171,0.55
101,40001,171,0.59
101,42001,171,0.56
101,44001,171,0.49
101,46001,171,0.48
101,48001,171,0.48
101,50001,171,0.52
101,52001,171,0.54
101,54001,171,0.59
101,56001,171,0.58
101,58001,171,0.49
101,60001,171,0.47
101,62001,171,0.47
101,64001,171,0.47
101,65535,171,0.46
101,1,181,0.41
101,2001,181,0.41
101,4001,181,0.46
101,6001,181,0.47
101,8001,181,0.58
101,10001,181,0.73
101,12001,181,0.53
101,14001,181,0.47
101,16001,181,0.43
101,18001,181,0.44
101,20001,181,0.42
101,22001,181,0.43
101,24001,181,0.42
101,26001,181,0.45
101,28001,181,0.42
101,30001,181,0.43
101,32001,181,0.46
101,34001,181,0.48
101,36001,181,0.51
101,38001,181,0.56
101,40001,181,0.54
101,42001,181,0.51
101,44001,181,0.46
101,46001,181,0.49
101,48001,181,0.47
101,50001,181,0.49
101,52001,181,0.59
101,54001,181,0.56
101,56001,181,0.55
101,58001,181,0.55
101,60001,181,0.51
101,62001,181,0.47
101,64001,181,0.48
101,65535,181,0.43
101,1,191,0.42
101,2001,191,0.42
101,4001,191,0.45
101,6001,191,0.47
101,8001,191,0.58
101,10001,191,0.64
101,12001,191,0.55
101,14001,191,0.49
101,16001,191,0.44
101,18001,191,0.41
101,20001,191,0.42
101,22001,191,0.41
101,24001,191,0.41
101,26001,191,0.4
101,28001,191,0.42
101,30001,191,0.47
101,32001,191,0.46
101,34001,191,0.47
101,36001,191,0.49
101,38001,191,0.56
101,40001,191,0.55
101,42001,191,0.53
101,44001,191,0.44
101,46001,191,0.49
101,48001,191,0.44
101,50001,191,0.5
101,52001,191,0.56
101,54001,191,0.61
101,56001,191,0.55
101,58001,191,0.54
101,60001,191,0.52
101,62001,191,0.47
101,64001,191,0.47
101,65535,191,0.43
101,1,201,0.41
101,2001,201,0.45
101,4001,201,0.45
101,6001,201,0.51
101,8001,201,0.55
101,10001,201,0.58
101,12001,201,0.54
101,14001,201,0.42
101,16001,201,0.42
101,18001,201,0.41
101,20001,201,0.45
101,22001,201,0.43
101,24001,201,0.42
101,26001,201,0.42
101,28001,201,0.42
101,30001,201,0.49
101,32001,201,0.46
101,34001,201,0.52
101,36001,201,0.56
101,38001,201,0.59
101,40001,201,0.55
101,42001,201,0.54
101,44001,201,0.46
101,46001,201,0.45
101,48001,201,0.44
101,50001,201,0.48
101,52001,201,0.55
101,54001,201,0.59
101,56001,201,0.6
101,58001,201,0.51
101,60001,201,0.46
101,62001,201,0.46
101,64001,201,0.47
101,65535,201,0.46
101,1,211,0.45
101,2001,211,0.44
101,4001,211,0.41
101,6001,211,0.48
101,8001,211,0.54
101,10001,211,0.58
101,12001,211,0.56
101,14001,211,0.43
101,16001,211,0.42
101,18001,211,0.42
101,20001,211,0.4
101,22001,211,0.46
101,24001,211,0.49
101,26001,211,0.43
101,28001,211,0.44
101,30001,211,0.44
101,32001,211,0.45
101,34001,211,0.47
101,36001,211,0.51
101,38001,211,0.58
101,40001,211,0.55
101,42001,211,0.48
101,44001,211,0.47
101,46001,211,0.46
101,48001,211,0.43
101,50001,211,0.42
101,52001,211,0.48
101,54001,211,0.57
101,56001,211,0.53
101,58001,211,0.52
101,60001,211,0.48
101,62001,211,0.46
101,64001,211,0.47
101,65535,211,0.44
101,1,221,0.43
101,2001,221,0.41
101,4001,221,0.4
101,6001,221,0.41
101,8001,221,0.48
101,10001,221,0.58
101,12001,221,0.49
101,14001,221,0.47
101,16001,221,0.42
101,18001,221,0.42
101,20001,221,0.42
101,22001,221,0.42
101,24001,221,0.41
101,26001,221,0.41
101,28001,221,0.43
101,30001,221,0.43
101,32001,221,0.46
101,34001,221,0.49
101,36001,221,0.48
101,38001,221,0.58
101,40001,221,0.53
101,42001,221,0.47
101,44001,221,0.47
101,46001,221,0.47
101,48001,221,0.42
101,50001,221,0.46
101,52001,221,0.53
101,54001,221,0.57
101,56001,221,0.57
101,58001,221,0.55
101,60001,221,0.47
101,62001,221,0.47
101,64001,221,0.44
101,65535,221,0.43
101,1,231,0.44
101,2001,231,0.42
101,4001,231,0.44
101,6001,231,0.42
101,8001,231,0.52
101,10001,231,0.59
101,12001,231,0.52
101,14001,231,0.46
101,16001,231,0.41
101,18001,231,0.4
101,20001,231,0.44
101,22001,231,0.45
101,24001,231,0.44
101,26001,231,0.44
101,28001,231,0.43
101,30001,231,0.45
101,32001,231,0.47
101,34001,231,0.51
101,36001,231,0.54
101,38001,231,0.56
101,40001,231,0.53
101,42001,231,0.47
101,44001,231,0.47
101,46001,231,0.43
101,48001,231,0.45
101,50001,231,0.42
101,52001,231,0.49
101,54001,231,0.54
101,56001,231,0.56
101,58001,231,0.48
101,60001,231,0.51
101,62001,231,0.48
101,64001,231,0.44
101,65535,231,0.41
101,1,241,0.41
101,2001,241,0.45
101,4001,241,0.44
101,6001,241,0.43
101,8001,241,0.47
101,10001,241,0.55
101,12001,241,0.52
101,14001,241,0.44
101,16001,241,0.44
101,18001,241,0.43
101,20001,241,0.38
101,22001,241,0.38
101,24001,241,0.41
101,26001,241,0.42
101,28001,241,0.42
101,30001,241,0.42
101,32001,241,0.47
101,34001,241,0.51
101,36001,241,0.5
101,38001,241,0.56
101,40001,241,0.52
101,42001,241,0.48
101,44001,241,0.45
101,46001,241,0.47
101,48001,241,0.47
101,50001,241,0.45
101,52001,241,0.47
101,54001,241,0.6
101,56001,241,0.52
101,58001,241,0.48
101,60001,241,0.51
101,62001,241,0.47
101,64001,241,0.4
101,65535,241,0.43
101,1,251,0.45
101,2001,251,0.41
101,4001,251,0.43
101,6001,251,0.45
101,8001,251,0.45
101,10001,251,0.59
101,12001,251,0.56
101,14001,251,0.48
101,16001,251,0.43
101,18001,251,0.4
101,20001,251,0.41
101,22001,251,0.41
101,24001,251,0.41
101,26001,251,0.42
101,28001,251,0.36
101,30001,251,0.43
101,32001,251,0.47
101,34001,251,0.53
101,36001,251,0.56
101,38001,251,0.54
101,40001,251,0.52
101,42001,251,0.46
101,44001,251,0.45
101,46001,251,0.46
101,48001,251,0.44
101,50001,251,0.45
101,52001,251,0.52
101,54001,251,0.57
101,56001,251,0.55
101,58001,251,0.53
101,60001,251,0.47
101,62001,251,0.48
101,64001,251,0.45
101,65535,251,0.42
101,1,254,0.43
101,2001,254,0.41
101,4001,254,0.4
101,6001,254,0.45
101,8001,254,0.45
101,10001,254,0.56
101,12001,254,0.58
101,14001,254,0.45
101,16001,254,0.41
101,18001,254,0.41
101,20001,254,0.43
101,22001,254,0.42
101,24001,254,0.42
101,26001,254,0.41
101,28001,254,0.42
101,30001,254,0.41
101,32001,254,0.42
101,34001,254,0.43
101,36001,254,0.52
101,38001,254,0.56
101,40001,254,0.55
101,42001,254,0.46
101,44001,254,0.42
101,46001,254,0.43
101,48001,254,0.43
101,50001,254,0.47
101,52001,254,0.47
101,54001,254,0.53
101,56001,254,0.57
101,58001,254,0.51
101,60001,254,0.46
101,62001,254,0.45
101,64001,254,0.43
101,65535,254,0.42
111,1,1,0.62
111,2001,1,0.6
111,4001,1,0.59
111,6001,1,0.57
111,8001,1,0.6
111,10001,1,0.6
111,12001,1,0.56
111,14001,1,0.55
111,16001,1,0.58
111,18001,1,0.56
111,20001,1,0.59
111,22001,1,0.55
111,24001,1,0.58
111,26001,1,0.6
111,28001,1,0.57
111,30001,1,0.57
111,32001,1,0.56
111,34001,1,0.57
111,36001,1,0.56
111,38001,1,0.61
111,40001,1,0.56
111,42001,1,0.57
111,44001,1,0.59
111,46001,1,0.56
111,48001,1,0.55
111,50001,1,0.59
111,52001,1,0.61
111,54001,1,0.57
111,56001,1,0.6
111,58001,1,0.59
111,60001,1,0.56
111,62001,1,0.6
111,64001,1,0.6
111,65535,1,0.6
111,1,11,0.67
111,2001,11,0.72
111,4001,11,0.62
111,6001,11,0.67
111,8001,11,0.63
111,10001,11,0.63
111,12001,11,0.58
111,14001,11,0.53
111,16001,11,0.55
111,18001,11,0.53
111,20001,11,0.54
111,22001,11,0.55
111,24001,11,0.52
111,26001,11,0.52
111,28001,11,0.55
111,30001,11,0.54
111,32001,11,0.56
111,34001,11,0.53
111,36001,11,0.55
111,38001,11,0.56
111,40001,11,0.55
111,42001,11,0.57
111,44001,11,0.58
111,46001,11,0.56
111,48001,11,0.58
111,50001,11,0.61
111,52001,11,0.6
111,54001,11,0.65
111,56001,11,0.67
111,58001,11,0.65
111,60001,11,0.67
111,62001,11,0.62
111,64001,11,0.6
111,65535,11,0.62
111,1,21,0.78
111,2001,21,0.76
111,4001,21,0.72
111,6001,21,0.68
111,8001,21,0.64
111,10001,21,0.61
111,12001,21,0.58
111,14001,21,0.58
111,16001,21,0.59
111,18001,21,0.51
111,20001,21,0.54
111,22001,21,0.51
111,24001,21,0.54
111,26001,21,0.51
111,28001,21,0.48
111,30001,21,0.55
111,32001,21,0.53
111,34001,21,0.51
111,36001,21,0.53
111,38001,21,0.57
111,40001,21,0.53
111,42001,21,0.56
111,44001,21,0.56
111,46001,21,0.61
111,48001,21,0.66
111,50001,21,0.65
111,52001,21,0.68
111,54001,21,0.68
111,56001,21,0.7
111,58001,21,0.75
111,60001,21,0.81
111,62001,21,0.77
111,64001,21,0.75
111,65535,21,0.8
111,1,31,0.85
111,2001,31,0.89
111,4001,31,0.82
111,6001,31,0.76
111,8001,31,0.7
111,10001,31,0.66
111,12001,31,0.59
111,14001,31,0.55
111,16001,31,0.55
111,18001,31,0.52
111,20001,31,0.51
111,22001,31,0.49
111,24001,31,0.48
111,26001,31,0.49
111,28001,31,0.51
111,30001,31,0.52
111,32001,31,0.52
111,34001,31,0.52
111,36001,31,0.57
111,38001,31,0.54
111,40001,31,0.55
111,42001,31,0.55
111,44001,31,0.58
111,46001,31,0.58
111,48001,31,0.64
111,50001,31,0.66
111,52001,31,0.69
111,54001,31,0.74
111,56001,31,0.8
111,58001,31,0.81
111,60001,31,0.84
111,62001,31,0.83
111,64001,31,0.81
111,65535,31,0.84
111,1,41,0.87
111,2001,41,0.94
111,4001,41,0.93
111,6001,41,0.85
111,8001,41,0.75
111,10001,41,0.63
111,12001,41,0.61
111,14001,41,0.56
111,16001,41,0.52
111,18001,41,0.52
111,20001,41,0.51
111,22001,41,0.49
111,24001,41,0.48
111,26001,41,0.51
111,28001,41,0.51
111,30001,41,0.52
111,32001,41,0.55
111,34001,41,0.51
111,36001,41,0.55
111,38001,41,0.55
111,40001,41,0.52
111,42001,41,0.56
111,44001,41,0.57
111,46001,41,0.58
111,48001,41,0.63
111,50001,41,0.69
111,52001,41,0.76
111,54001,41,0.8
111,56001,41,0.89
111,58001,41,0.92
111,60001,41,0.91
111,62001,41,0.9
111,64001,41,0.96
111,65535,41,0.94
111,1,51,0.95
111,2001,51,0.92
111,4001,51,0.9
111,6001,51,0.86
111,8001,51,0.81
111,10001,51,0.72
111,12001,51,0.59
111,14001,51,0.54
111,16001,51,0.53
111,18001,51,0.52
111,20001,51,0.53
111,22001,51,0.49
111,24001,51,0.48
111,26001,51,0.5
111,28001,51,0.53
111,30001,51,0.51
111,32001,51,0.5
111,34001,51,0.56
111,36001,51,0.52
111,38001,51,0.53
111,40001,51,0.56
111,42001,51,0.53
111,44001,51,0.56
111,46001,51,0.57
111,48001,51,0.66
111,50001,51,0.71
111,52001,51,0.81
111,54001,51,0.84
111,56001,51,0.81
111,58001,51,0.85
111,60001,51,0.86
111,62001,51,0.85
111,64001,51,0.91
111,65535,51,0.91
111,1,61,0.89
111,2001,61,0.9
111,4001,61,0.96
111,6001,61,0.84
111,8001,61,0.86
111,10001,61,0.75
111,12001,61,0.65
111,14001,61,0.58
111,16001,61,0.51
111,18001,61,0.51
111,20001,61,0.47
111,22001,61,0.47
111,24001,61,0.51
111,26001,61,0.51
111,28001,61,0.51
111,30001,61,0.53
111,32001,61,0.52
111,34001,61,0.54
111,36001,61,0.54
111,38001,61,0.55
111,40001,61,0.54
111,42001,61,0.57
111,44001,61,0.56
111,46001,61,0.64
111,48001,61,0.71
111,50001,61,0.74
111,52001,61,0.8
111,54001,61,0.84
111,56001,61,0.9
111,58001,61,0.86
111,60001,61,0.82
111,62001,61,0.84
111,64001,61,0.84
111,65535,61,0.9
111,1,71,0.82
111,2001,71,0.84
111,4001,71,0.94
111,6001,71,0.92
111,8001,71,0.94
111,10001,71,0.8
111,12001,71,0.6
111,14001,71,0.54
111,16001,71,0.51
111,18001,71,0.51
111,20001,71,0.53
111,22001,71,0.52
111,24001,71,0.48
111,26001,71,0.48
111,28001,71,0.51
111,30001,71,0.53
111,32001,71,0.52
111,34001,71,0.52
111,36001,71,0.52
111,38001,71,0.53
111,40001,71,0.58
111,42001,71,0.59
111,44001,71,0.56
111,46001,71,0.64
111,48001,71,0.64
111,50001,71,0.77
111,52001,71,0.81
111,54001,71,0.79
111,56001,71,0.88
111,58001,71,0.94
111,60001,71,0.94
111,62001,71,0.96
111,64001,71,1.0
111,65535,71,0.91
111,1,81,0.95
111,2001,81,0.91
111,4001,81,0.85
111,6001,81,1.02
111,8001,81,0.84
111,10001,81,0.74
111,12001,81,0.65
111,14001,81,0.56
111,16001,81,0.53
111,18001,81,0.48
111,20001,81,0.51
111,22001,81,0.52
111,24001,81,0.48
111,26001,81,0.49
111,28001,81,0.47
111,30001,81,0.5
111,32001,81,0.54
111,34001,81,0.54
111,36001,81,0.49
111,38001,81,0.58
111,40001,81,0.56
111,42001,81,0.59
111,44001,81,0.6
111,46001,81,0.59
111,48001,81,0.71
111,50001,81,0.78
111,52001,81,0.77
111,54001,81,0.83
111,56001,81,0.89
111,58001,81,0.9
111,60001,81,0.88
111,62001,81,0.93
111,64001,81,0.91
111,65535,81,0.9
111,1,91,0.83
111,2001,91,0.82
111,4001,91,1.01
111,6001,91,0.97
111,8001,91,0.94
111,10001,91,0.81
111,12001,91,0.74
111,14001,91,0.55
111,16001,91,0.51
111,18001,91,0.47
111,20001,91,0.51
111,22001,91,0.49
111,24001,91,0.51
111,26001,91,0.49
111,28001,91,0.48
111,30001,91,0.53
111,32001,91,0.55
111,34001,91,0.55
111,36001,91,0.56
111,38001,91,0.56
111,40001,91,0.59
111,42001,91,0.62
111,44001,91,0.61
111,46001,91,0.66
111,48001,91,0.68
111,50001,91,0.72
111,52001,91,0.74
111,54001,91,0.84
111,56001,91,0.83
111,58001,91,0.82
111,60001,91,0.89
111,62001,91,0.84
111,64001,91,0.84
111,65535,91,0.84
111,1,101,0.74
111,2001,101,0.73
111,4001,101,0.93
111,6001,101,0.92
111,8001,101,1.01
111,10001,101,0.81
111,12001,101,0.61
111,14001,101,0.51
111,16001,101,0.49
111,18001,101,0.49
111,20001,101,0.51
111,22001,101,0.49
111,24001,101,0.47
111,26001,101,0.47
111,28001,101,0.48
111,30001,101,0.51
111,32001,101,0.53
111,34001,101,0.52
111,36001,101,0.59
111,38001,101,0.54
111,40001,101,0.58
111,42001,101,0.58
111,44001,101,0.6
111,46001,101,0.62
111,48001,101,0.68
111,50001,101,0.69
111,52001,101,0.74
111,54001,101,0.81
111,56001,101,0.81
111,58001,101,0.81
111,60001,101,0.8
111,62001,101,0.81
111,64001,101,0.74
111,65535,101,0.73
111,1,111,0.65
111,2001,111,0.62
111,4001,111,0.82
111,6001,111,0.84
111,8001,111,0.99
111,10001,111,0.81
111,12001,111,0.58
111,14001,111,0.56
111,16001,111,0.51
111,18001,111,0.48
111,20001,111,0.46
111,22001,111,0.48
111,24001,111,0.48
111,26001,111,0.51
111,28001,111,0.49
111,30001,111,0.51
111,32001,111,0.53
111,34001,111,0.55
111,36001,111,0.56
111,38001,111,0.6
111,40001,111,0.61
111,42001,111,0.6
111,44001,111,0.64
111,46001,111,0.65
111,48001,111,0.6
111,50001,111,0.68
111,52001,111,0.75
111,54001,111,0.79
111,56001,111,0.77
111,58001,111,0.79
111,60001,111,0.79
111,62001,111,0.71
111,64001,111,0.7
111,65535,111,0.68
111,1,121,0.6
111,2001,121,0.62
111,4001,121,0.69
111,6001,121,0.79
111,8001,121,0.96
111,10001,121,0.87
111,12001,121,0.66
111,14001,121,0.6
111,16001,121,0.47
111,18001,121,0.47
111,20001,121,0.46
111,22001,121,0.47
111,24001,121,0.48
111,26001,121,0.47
111,28001,121,0.48
111,30001,121,0.5
111,32001,121,0.55
111,34001,121,0.53
111,36001,121,0.56
111,38001,121,0.58
111,40001,121,0.64
111,42001,121,0.65
111,44001,121,0.68
111,46001,121,0.61
111,48001,121,0.6
111,50001,121,0.64
111,52001,121,0.72
111,54001,121,0.77
111,56001,121,0.74
111,58001,121,0.73
111,60001,121,0.68
111,62001,121,0.67
111,64001,121,0.69
111,65535,121,0.6
111,1,131,0.55
111,2001,131,0.54
111,4001,131,0.6
111,6001,131,0.85
111,8001,131,0.94
111,10001,131,0.9
111,12001,131,0.74
111,14001,131,0.53
111,16001,131,0.47
111,18001,131,0.49
111,20001,131,0.47
111,22001,131,0.45
111,24001,131,0.48
111,26001,131,0.47
111,28001,131,0.45
111,30001,131,0.49
111,32001,131,0.5
111,34001,131,0.56
111,36001,131,0.58
111,38001,131,0.58
111,40001,131,0.62
111,42001,131,0.67
111,44001,131,0.57
111,46001,131,0.61
111,48001,131,0.58
111,50001,131,0.6
111,52001,131,0.69
111,54001,131,0.72
111,56001,131,0.73
111,58001,131,0.7
111,60001,131,0.64
111,62001,131,0.58
111,64001,131,0.6
111,65535,131,0.61
111,1,141,0.52
111,2001,141,0.55
111,4001,141,0.57
111,6001,141,0.71
111,8001,141,0.99
111,10001,141,0.94
111,12001,141,0.6
111,14001,141,0.53
111,16001,141,0.45
111,18001,141,0.42
111,20001,141,0.46
111,22001,141,0.45
111,24001,141,0.47
111,26001,141,0.48
111,28001,141,0.45
111,30001,141,0.47
111,32001,141,0.51
111,34001,141,0.59
111,36001,141,0.53
111,38001,141,0.59
111,40001,141,0.61
111,42001,141,0.62
111,44001,141,0.6
111,46001,141,0.55
111,48001,141,0.59
111,50001,141,0.6
111,52001,141,0.69
111,54001,141,0.77
111,56001,141,0.7
111,58001,141,0.66
111,60001,141,0.61
111,62001,141,0.57
111,64001,141,0.56
111,65535,141,0.53
111,1,151,0.51
111,2001,151,0.53
111,4001,151,0.54
111,6001,151,0.76
111,8001,151,0.9
111,10001,151,0.94
111,12001,151,0.8
111,14001,151,0.56
111,16001,151,0.47
111,18001,151,0.46
111,20001,151,0.46
111,22001,151,0.47
111,24001,151,0.47
111,26001,151,0.49
111,28001,151,0.48
111,30001,151,0.5
111,32001,151,0.55
111,34001,151,0.55
111,36001,151,0.54
111,38001,151,0.57
111,40001,151,0.58
111,42001,151,0.61
111,44001,151,0.55
111,46001,151,0.58
111,48001,151,0.54
111,50001,151,0.64
111,52001,151,0.67
111,54001,151,0.7
111,56001,151,0.72
111,58001,151,0.63
111,60001,151,0.59
111,62001,151,0.59
111,64001,151,0.54
111,65535,151,0.5
111,1,161,0.54
111,2001,161,0.49
111,4001,161,0.52
111,6001,161,0.58
111,8001,161,0.79
111,10001,161,0.94
111,12001,161,0.67
111,14001,161,0.49
111,16001,161,0.47
111,18001,161,0.46
111,20001,161,0.48
111,22001,161,0.46
111,24001,161,0.48
111,26001,161,0.43
111,28001,161,0.47
111,30001,161,0.53
111,32001,161,0.52
111,34001,161,0.54
111,36001,161,0.57
111,38001,161,0.62
111,40001,161,0.66
111,42001,161,0.65
111,44001,161,0.54
111,46001,161,0.52
111,48001,161,0.52
111,50001,161,0.55
111,52001,161,0.68
111,54001,161,0.73
111,56001,161,0.68
111,58001,161,0.58
111,60001,161,0.57
111,62001,161,0.51
111,64001,161,0.53
111,65535,161,0.53
111,1,171,0.48
111,2001,171,0.47
111,4001,171,0.49
111,6001,171,0.65
111,8001,171,0.81
111,10001,171,0.82
111,12001,171,0.68
111,14001,171,0.51
111,16001,171,0.47
111,18001,171,0.43
111,20001,171,0.45
111,22001,171,0.47
111,24001,171,0.45
111,26001,171,0.46
111,28001,171,0.47
111,30001,171,0.49
111,32001,171,0.53
111,34001,171,0.53
111,36001,171,0.59
111,38001,171,0.63
111,40001,171,0.68
111,42001,171,0.61
111,44001,171,0.53
111,46001,171,0.54
111,48001,171,0.54
111,50001,171,0.58
111,52001,171,0.66
111,54001,171,0.7
111,56001,171,0.68
111,58001,171,0.61
111,60001,171,0.52
111,62001,171,0.53
111,64001,171,0.51
111,65535,171,0.47
111,1,181,0.49
111,2001,181,0.5
111,4001,181,0.47
111,6001,181,0.53
111,8001,181,0.72
111,10001,181,0.78
111,12001,181,0.66
111,14001,181,0.54
111,16001,181,0.47
111,18001,181,0.47
111,20001,181,0.47
111,22001,181,0.45
111,24001,181,0.46
111,26001,181,0.46
111,28001,181,0.48
111,30001,181,0.49
111,32001,181,0.55
111,34001,181,0.54
111,36001,181,0.59
111,38001,181,0.62
111,40001,181,0.58
111,42001,181,0.56
111,44001,181,0.51
111,46001,181,0.54
111,48001,181,0.49
111,50001,181,0.51
111,52001,181,0.56
111,54001,181,0.67
111,56001,181,0.61
111,58001,181,0.57
111,60001,181,0.56
111,62001,181,0.5
111,64001,181,0.52
111,65535,181,0.48
111,1,191,0.48
111,2001,191,0.47
111,4001,191,0.48
111,6001,191,0.49
111,8001,191,0.62
111,10001,191,0.73
111,12001,191,0.59
111,14001,191,0.55
111,16001,191,0.48
111,18001,191,0.45
111,20001,191,0.49
111,22001,191,0.47
111,24001,191,0.43
111,26001,191,0.46
111,28001,191,0.46
111,30001,191,0.47
111,32001,191,0.47
111,34001,191,0.52
111,36001,191,0.57
111,38001,191,0.62
111,40001,191,0.6
111,42001,191,0.59
111,44001,191,0.51
111,46001,191,0.49
111,48001,191,0.49
111,50001,191,0.51
111,52001,191,0.61
111,54001,191,0.62
111,56001,191,0.61
111,58001,191,0.6
111,60001,191,0.57
111,62001,191,0.53
111,64001,191,0.49
111,65535,191,0.47
111,1,201,0.48
111,2001,201,0.51
111,4001,201,0.47
111,6001,201,0.55
111,8001,201,0.58
111,10001,201,0.69
111,12001,201,0.58
111,14001,201,0.54
111,16001,201,0.42
111,18001,201,0.47
111,20001,201,0.45
111,22001,201,0.46
111,24001,201,0.45
111,26001,201,0.46
111,28001,201,0.46
111,30001,201,0.5
111,32001,201,0.54
111,34001,201,0.55
111,36001,201,0.59
111,38001,201,0.61
111,40001,201,0.61
111,42001,201,0.56
111,44001,201,0.51
111,46001,201,0.51
111,48001,201,0.48
111,50001,201,0.56
111,52001,201,0.55
111,54001,201,0.6
111,56001,201,0.63
111,58001,201,0.56
111,60001,201,0.52
111,62001,201,0.52
111,64001,201,0.53
111,65535,201,0.47
111,1,211,0.47
111,2001,211,0.49
111,4001,211,0.47
111,6001,211,0.48
111,8001,211,0.58
111,10001,211,0.63
111,12001,211,0.64
111,14001,211,0.47
111,16001,211,0.42
111,18001,211,0.47
111,20001,211,0.47
111,22001,211,0.47
111,24001,211,0.43
111,26001,211,0.42
111,28001,211,0.47
111,30001,211,0.45
111,32001,211,0.52
111,34001,211,0.56
111,36001,211,0.61
111,38001,211,0.62
111,40001,211,0.62
111,42001,211,0.55
111,44001,211,0.49
111,46001,211,0.47
111,48001,211,0.51
111,50001,211,0.53
111,52001,211,0.57
111,54001,211,0.64
111,56001,211,0.6
111,58001,211,0.52
111,60001,211,0.48
111,62001,211,0.51
111,64001,211,0.47
111,65535,211,0.49
111,1,221,0.45
111,2001,221,0.5
111,4001,221,0.47
111,6001,221,0.47
111,8001,221,0.59
111,10001,221,0.64
111,12001,221,0.57
111,14001,221,0.52
111,16001,221,0.45
111,18001,221,0.45
111,20001,221,0.42
111,22001,221,0.47
111,24001,221,0.45
111,26001,221,0.44
111,28001,221,0.42
111,30001,221,0.48
111,32001,221,0.48
111,34001,221,0.52
111,36001,221,0.56
111,38001,221,0.68
111,40001,221,0.61
111,42001,221,0.53
111,44001,221,0.51
111,46001,221,0.47
111,48001,221,0.51
111,50001,221,0.51
111,52001,221,0.58
111,54001,221,0.65
111,56001,221,0.61
111,58001,221,0.56
111,60001,221,0.55
111,62001,221,0.52
111,64001,221,0.47
111,65535,221,0.46
111,1,231,0.44
111,2001,231,0.48
111,4001,231,0.47
111,6001,231,0.53
111,8001,231,0.59
111,10001,231,0.6
111,12001,231,0.58
111,14001,231,0.49
111,16001,231,0.46
111,18001,231,0.47
111,20001,231,0.46
111,22001,231,0.45
111,24001,231,0.44
111,26001,231,0.48
111,28001,231,0.46
111,30001,231,0.45
111,32001,231,0.51
111,34001,231,0.55
111,36001,231,0.57
111,38001,231,0.65
111,40001,231,0.62
111,42001,231,0.56
111,44001,231,0.51
111,46001,231,0.47
111,48001,231,0.46
111,50001,231,0.49
111,52001,231,0.57
111,54001,231,0.62
111,56001,231,0.6
111,58001,231,0.56
111,60001,231,0.52
111,62001,231,0.47
111,64001,231,0.47
111,65535,231,0.47
111,1,241,0.43
111,2001,241,0.49
111,4001,241,0.5
111,6001,241,0.46
111,8001,241,0.48
111,10001,241,0.56
111,12001,241,0.62
111,14001,241,0.49
111,16001,241,0.43
111,18001,241,0.42
111,20001,241,0.42
111,22001,241,0.45
111,24001,241,0.43
111,26001,241,0.45
111,28001,241,0.48
111,30001,241,0.5
111,32001,241,0.52
111,34001,241,0.53
111,36001,241,0.57
111,38001,241,0.61
111,40001,241,0.58
111,42001,241,0.49
111,44001,241,0.5
111,46001,241,0.47
111,48001,241,0.47
111,50001,241,0.48
111,52001,241,0.53
111,54001,241,0.69
111,56001,241,0.57
111,58001,241,0.53
111,60001,241,0.54
111,62001,241,0.48
111,64001,241,0.48
111,65535,241,0.47
111,1,251,0.44
111,2001,251,0.45
111,4001,251,0.48
111,6001,251,0.48
111,8001,251,0.52
111,10001,251,0.68
111,12001,251,0.55
111,14001,251,0.51
111,16001,251,0.43
111,18001,251,0.43
111,20001,251,0.48
111,22001,251,0.48
111,24001,251,0.43
111,26001,251,0.42
111,28001,251,0.48
111,30001,251,0.47
111,32001,251,0.48
111,34001,251,0.53
111,36001,251,0.56
111,38001,251,0.62
111,40001,251,0.58
111,42001,251,0.51
111,44001,251,0.47
111,46001,251,0.49
111,48001,251,0.47
111,50001,251,0.47
111,52001,251,0.55
111,54001,251,0.62
111,56001,251,0.57
111,58001,251,0.57
111,60001,251,0.53
111,62001,251,0.46
111,64001,251,0.47
111,65535,251,0.47
111,1,254,0.47
111,2001,254,0.47
111,4001,254,0.46
111,6001,254,0.48
111,8001,254,0.5
111,10001,254,0.62
111,12001,254,0.64
111,14001,254,0.52
111,16001,254,0.45
111,18001,254,0.49
111,20001,254,0.45
111,22001,254,0.43
111,24001,254,0.47
111,26001,254,0.47
111,28001,254,0.45
111,30001,254,0.45
111,32001,254,0.52
111,34001,254,0.53
111,36001,254,0.55
111,38001,254,0.59
111,40001,254,0.57
111,42001,254,0.51
111,44001,254,0.53
111,46001,254,0.47
111,48001,254,0.42
111,50001,254,0.52
111,52001,254,0.56
111,54001,254,0.62
111,56001,254,0.64
111,58001,254,0.56
111,60001,254,0.52
111,62001,254,0.48
111,64001,254,0.47
111,65535,254,0.48
121,1,1,0.65
121,2001,1,0.67
121,4001,1,0.64
121,6001,1,0.69
121,8001,1,0.69
121,10001,1,0.68
121,12001,1,0.69
121,14001,1,0.7
121,16001,1,0.68
121,18001,1,0.66
121,20001,1,0.65
121,22001,1,0.65
121,24001,1,0.65
121,26001,1,0.65
121,28001,1,0.62
121,30001,1,0.66
121,32001,1,0.64
121,34001,1,0.62
121,36001,1,0.66
121,38001,1,0.67
121,40001,1,0.62
121,42001,1,0.65
121,44001,1,0.65
121,46001,1,0.64
121,48001,1,0.69
121,50001,1,0.66
121,52001,1,0.66
121,54001,1,0.66
121,56001,1,0.67
121,58001,1,0.7
121,60001,1,0.68
121,62001,1,0.67
121,64001,1,0.67
121,65535,1,0.66
121,1,11,0.72
121,2001,11,0.71
121,4001,11,0.69
121,6001,11,0.71
121,8001,11,0.63
121,10001,11,0.67
121,12001,11,0.64
121,14001,11,0.64
121,16001,11,0.62
121,18001,11,0.61
121,20001,11,0.58
121,22001,11,0.59
121,24001,11,0.6
121,26001,11,0.61
121,28001,11,0.61
121,30001,11,0.6
121,32001,11,0.57
121,34001,11,0.56
121,36001,11,0.58
121,38001,11,0.64
121,40001,11,0.62
121,42001,11,0.66
121,44001,11,0.67
121,46001,11,0.67
121,48001,11,0.63
121,50001,11,0.68
121,52001,11,0.74
121,54001,11,0.71
121,56001,11,0.74
121,58001,11,0.73
121,60001,11,0.73
121,62001,11,0.73
121,64001,11,0.76
121,65535,11,0.74
121,1,21,0.85
121,2001,21,0.93
121,4001,21,0.84
121,6001,21,0.77
121,8001,21,0.72
121,10001,21,0.7
121,12001,21,0.67
121,14001,21,0.62
121,16001,21,0.61
121,18001,21,0.6
121,20001,21,0.6
121,22001,21,0.58
121,24001,21,0.57
121,26001,21,0.56
121,28001,21,0.54
121,30001,21,0.56
121,32001,21,0.63
121,34001,21,0.59
121,36001,21,0.57
121,38001,21,0.56
121,40001,21,0.6
121,42001,21,0.63
121,44001,21,0.61
121,46001,21,0.64
121,48001,21,0.68
121,50001,21,0.75
121,52001,21,0.73
121,54001,21,0.73
121,56001,21,0.83
121,58001,21,0.83
121,60001,21,0.85
121,62001,21,0.87
121,64001,21,0.85
121,65535,21,0.89
121,1,31,0.97
121,2001,31,1.01
121,4001,31,0.94
121,6001,31,0.85
121,8001,31,0.8
121,10001,31,0.75
121,12001,31,0.68
121,14001,31,0.62
121,16001,31,0.59
121,18001,31,0.56
121,20001,31,0.56
121,22001,31,0.55
121,24001,31,0.57
121,26001,31,0.53
121,28001,31,0.56
121,30001,31,0.6
121,32001,31,0.61
121,34001,31,0.59
121,36001,31,0.6
121,38001,31,0.6
121,40001,31,0.61
121,42001,31,0.62
121,44001,31,0.65
121,46001,31,0.65
121,48001,31,0.74
121,50001,31,0.75
121,52001,31,0.8
121,54001,31,0.84
121,56001,31,0.92
121,58001,31,0.97
121,60001,31,0.99
121,62001,31,0.94
121,64001,31,0.99
121,65535,31,0.97
121,1,41,1.01
121,2001,41,1.02
121,4001,41,1.01
121,6001,41,0.95
121,8001,41,0.88
121,10001,41,0.71
121,12001,41,0.69
121,14001,41,0.65
121,16001,41,0.59
121,18001,41,0.57
121,20001,41,0.55
121,22001,41,0.59
121,24001,41,0.57
121,26001,41,0.54
121,28001,41,0.57
121,30001,41,0.56
121,32001,41,0.58
121,34001,41,0.6
121,36001,41,0.58
121,38001,41,0.59
121,40001,41,0.56
121,42001,41,0.61
121,44001,41,0.65
121,46001,41,0.66
121,48001,41,0.71
121,50001,41,0.79
121,52001,41,0.88
121,54001,41,0.97
121,56001,41,1.0
121,58001,41,1.04
121,60001,41,1.03
121,62001,41,1.06
121,64001,41,1.07
121,65535,41,1.08
121,1,51,1.07
121,2001,51,1.12
121,4001,51,1.0
121,6001,51,1.06
121,8001,51,0.82
121,10001,51,0.79
121,12001,51,0.69
121,14001,51,0.67
121,16001,51,0.58
121,18001,51,0.57
121,20001,51,0.53
121,22001,51,0.56
121,24001,51,0.56
121,26001,51,0.55
121,28001,51,0.55
121,30001,51,0.58
121,32001,51,0.6
121,34001,51,0.57
121,36001,51,0.59
121,38001,51,0.59
121,40001,51,0.61
121,42001,51,0.58
121,44001,51,0.63
121,46001,51,0.67
121,48001,51,0.74
121,50001,51,0.77
121,52001,51,0.94
121,54001,51,0.98
121,56001,51,0.92
121,58001,51,0.94
121,60001,51,0.97
121,62001,51,1.02
121,64001,51,1.03
121,65535,51,1.06
121,1,61,1.02
121,2001,61,1.0
121,4001,61,1.11
121,6001,61,0.96
121,8001,61,1.01
121,10001,61,0.83
121,12001,61,0.71
121,14001,61,0.6
121,16001,61,0.53
121,18001,61,0.59
121,20001,61,0.56
121,22001,61,0.54
121,24001,61,0.56
121,26001,61,0.52
121,28001,61,0.56
121,30001,61,0.56
121,32001,61,0.56
121,34001,61,0.6
121,36001,61,0.63
121,38001,61,0.59
121,40001,61,0.61
121,42001,61,0.6
121,44001,61,0.64
121,46001,61,0.69
121,48001,61,0.8
121,50001,61,0.81
121,52001,61,0.96
121,54001,61,0.99
121,56001,61,0.9
121,58001,61,0.95
121,60001,61,0.96
121,62001,61,0.96
121,64001,61,0.97
121,65535,61,0.99
121,1,71,0.96
121,2001,71,0.94
121,4001,71,1.06
121,6001,71,1.07
121,8001,71,1.08
121,10001,71,0.82
121,12001,71,0.69
121,14001,71,0.59
121,16001,71,0.54
121,18001,71,0.55
121,20001,71,0.51
121,22001,71,0.55
121,24001,71,0.55
121,26001,71,0.57
121,28001,71,0.58
121,30001,71,0.59
121,32001,71,0.58
121,34001,71,0.6
121,36001,71,0.61
121,38001,71,0.58
121,40001,71,0.64
121,42001,71,0.63
121,44001,71,0.58
121,46001,71,0.68
121,48001,71,0.76
121,50001,71,0.88
121,52001,71,0.94
121,54001,71,0.97
121,56001,71,0.91
121,58001,71,1.03
121,60001,71,1.15
121,62001,71,1.08
121,64001,71,1.17
121,65535,71,1.05
121,1,81,1.05
121,2001,81,1.08
121,4001,81,0.95
121,6001,81,1.12
121,8001,81,0.96
121,10001,81,0.91
121,12001,81,0.77
121,14001,81,0.65
121,16001,81,0.56
121,18001,81,0.5
121,20001,81,0.54
121,22001,81,0.54
121,24001,81,0.5
121,26001,81,0.52
121,28001,81,0.56
121,30001,81,0.56
121,32001,81,0.57
121,34001,81,0.59
121,36001,81,0.58
121,38001,81,0.58
121,40001,81,0.66
121,42001,81,0.58
121,44001,81,0.67
121,46001,81,0.73
121,48001,81,0.83
121,50001,81,0.83
121,52001,81,0.91
121,54001,81,0.93
121,56001,81,1.02
121,58001,81,0.98
121,60001,81,1.0
121,62001,81,1.08
121,64001,81,1.05
121,65535,81,1.04
121,1,91,0.95
121,2001,91,0.99
121,4001,91,1.17
121,6001,91,1.14
121,8001,91,1.11
121,10001,91,0.99
121,12001,91,0.69
121,14001,91,0.54
121,16001,91,0.55
121,18001,91,0.55
121,20001,91,0.54
121,22001,91,0.53
121,24001,91,0.53
121,26001,91,0.54
121,28001,91,0.56
121,30001,91,0.58
121,32001,91,0.59
121,34001,91,0.57
121,36001,91,0.61
121,38001,91,0.63
121,40001,91,0.63
121,42001,91,0.67
121,44001,91,0.67
121,46001,91,0.74
121,48001,91,0.7
121,50001,91,0.81
121,52001,91,0.84
121,54001,91,0.93
121,56001,91,0.99
121,58001,91,0.94
121,60001,91,0.94
121,62001,91,0.94
121,64001,91,0.98
121,65535,91,0.95
121,1,101,0.8
121,2001,101,0.82
121,4001,101,1.0
121,6001,101,1.03
121,8001,101,1.15
121,10001,101,0.94
121,12001,101,0.77
121,14001,101,0.56
121,16001,101,0.56
121,18001,101,0.51
121,20001,101,0.54
121,22001,101,0.5
121,24001,101,0.53
121,26001,101,0.56
121,28001,101,0.57
121,30001,101,0.55
121,32001,101,0.57
121,34001,101,0.6
121,36001,101,0.64
121,38001,101,0.62
121,40001,101,0.61
121,42001,101,0.69
121,44001,101,0.66
121,46001,101,0.7
121,48001,101,0.74
121,50001,101,0.74
121,52001,101,0.81
121,54001,101,0.88
121,56001,101,0.9
121,58001,101,0.89
121,60001,101,0.96
121,62001,101,0.89
121,64001,101,0.86
121,65535,101,0.81
121,1,111,0.72
121,2001,111,0.75
121,4001,111,0.9
121,6001,111,0.94
121,8001,111,1.09
121,10001,111,0.92
121,12001,111,0.79
121,14001,111,0.62
121,16001,111,0.53
121,18001,111,0.51
121,20001,111,0.5
121,22001,111,0.48
121,24001,111,0.51
121,26001,111,0.53
121,28001,111,0.52
121,30001,111,0.54
121,32001,111,0.56
121,34001,111,0.6
121,36001,111,0.61
121,38001,111,0.65
121,40001,111,0.66
121,42001,111,0.7
121,44001,111,0.72
121,46001,111,0.69
121,48001,111,0.72
121,50001,111,0.76
121,52001,111,0.77
121,54001,111,0.88
121,56001,111,0.88
121,58001,111,0.84
121,60001,111,0.82
121,62001,111,0.8
121,64001,111,0.76
121,65535,111,0.73
121,1,121,0.68
121,2001,121,0.68
121,4001,121,0.79
121,6001,121,0.82
121,8001,121,1.18
121,10001,121,0.99
121,12001,121,0.71
121,14001,121,0.54
121,16001,121,0.51
121,18001,121,0.5
121,20001,121,0.51
121,22001,121,0.5
121,24001,121,0.53
121,26001,121,0.52
121,28001,121,0.55
121,30001,121,0.58
121,32001,121,0.58
121,34001,121,0.6
121,36001,121,0.61
121,38001,121,0.63
121,40001,121,0.68
121,42001,121,0.72
121,44001,121,0.69
121,46001,121,0.68
121,48001,121,0.67
121,50001,121,0.68
121,52001,121,0.81
121,54001,121,0.88
121,56001,121,0.85
121,58001,121,0.85
121,60001,121,0.81
121,62001,121,0.72
121,64001,121,0.71
121,65535,121,0.71
121,1,131,0.62
121,2001,131,0.6
121,4001,131,0.68
121,6001,131,0.95
121,8001,131,1.15
121,10001,131,1.04
121,12001,131,0.73
121,14001,131,0.63
121,16001,131,0.55
121,18001,131,0.53
121,20001,131,0.53
121,22001,131,0.47
121,24001,131,0.53
121,26001,131,0.53
121,28001,131,0.56
121,30001,131,0.54
121,32001,131,0.56
121,34001,131,0.59
121,36001,131,0.57
121,38001,131,0.64
121,40001,131,0.67
121,42001,131,0.7
121,44001,131,0.68
121,46001,131,0.68
121,48001,131,0.65
121,50001,131,0.67
121,52001,131,0.8
121,54001,131,0.81
121,56001,131,0.82
121,58001,131,0.76
121,60001,131,0.7
121,62001,131,0.72
121,64001,131,0.69
121,65535,131,0.63
121,1,141,0.58
121,2001,141,0.6
121,4001,141,0.66
121,6001,141,0.85
121,8001,141,1.1
121,10001,141,1.12
121,12001,141,0.76
121,14001,141,0.54
121,16001,141,0.54
121,18001,141,0.52
121,20001,141,0.52
121,22001,141,0.51
121,24001,141,0.49
121,26001,141,0.49
121,28001,141,0.52
121,30001,141,0.54
121,32001,141,0.56
121,34001,141,0.59
121,36001,141,0.62
121,38001,141,0.66
121,40001,141,0.69
121,42001,141,0.68
121,44001,141,0.7
121,46001,141,0.62
121,48001,141,0.67
121,50001,141,0.68
121,52001,141,0.75
121,54001,141,0.86
121,56001,141,0.74
121,58001,141,0.73
121,60001,141,0.69
121,62001,141,0.68
121,64001,141,0.62
121,65535,141,0.62
121,1,151,0.56
121,2001,151,0.56
121,4001,151,0.59
121,6001,151,0.73
121,8001,151,1.06
121,10001,151,1.05
121,12001,151,0.82
121,14001,151,0.55
121,16001,151,0.52
121,18001,151,0.51
121,20001,151,0.55
121,22001,151,0.52
121,24001,151,0.5
121,26001,151,0.49
121,28001,151,0.51
121,30001,151,0.54
121,32001,151,0.54
121,34001,151,0.59
121,36001,151,0.63
121,38001,151,0.7
121,40001,151,0.73
121,42001,151,0.65
121,44001,151,0.66
121,46001,151,0.61
121,48001,151,0.66
121,50001,151,0.66
121,52001,151,0.73
121,54001,151,0.8
121,56001,151,0.77
121,58001,151,0.71
121,60001,151,0.67
121,62001,151,0.62
121,64001,151,0.61
121,65535,151,0.59
121,1,161,0.51
121,2001,161,0.56
121,4001,161,0.58
121,6001,161,0.69
121,8001,161,0.93
121,10001,161,1.08
121,12001,161,0.91
121,14001,161,0.66
121,16001,161,0.46
121,18001,161,0.51
121,20001,161,0.51
121,22001,161,0.49
121,24001,161,0.51
121,26001,161,0.5
121,28001,161,0.51
121,30001,161,0.57
121,32001,161,0.56
121,34001,161,0.61
121,36001,161,0.6
121,38001,161,0.7
121,40001,161,0.69
121,42001,161,0.7
121,44001,161,0.61
121,46001,161,0.59
121,48001,161,0.55
121,50001,161,0.66
121,52001,161,0.71
121,54001,161,0.74
121,56001,161,0.74
121,58001,161,0.66
121,60001,161,0.61
121,62001,161,0.61
121,64001,161,0.56
121,65535,161,0.56
121,1,171,0.49
121,2001,171,0.5
121,4001,171,0.56
121,6001,171,0.68
121,8001,171,0.86
121,10001,171,0.96
121,12001,171,0.74
121,14001,171,0.56
121,16001,171,0.52
121,18001,171,0.49
121,20001,171,0.49
121,22001,171,0.51
121,24001,171,0.46
121,26001,171,0.51
121,28001,171,0.52
121,30001,171,0.53
121,32001,171,0.56
121,34001,171,0.61
121,36001,171,0.6
121,38001,171,0.68
121,40001,171,0.7
121,42001,171,0.64
121,44001,171,0.62
121,46001,171,0.58
121,48001,171,0.57
121,50001,171,0.59
121,52001,171,0.7
121,54001,171,0.76
121,56001,171,0.68
121,58001,171,0.64
121,60001,171,0.61
121,62001,171,0.61
121,64001,171,0.53
121,65535,171,0.5
121,1,181,0.49
121,2001,181,0.52
121,4001,181,0.53
121,6001,181,0.63
121,8001,181,0.81
121,10001,181,0.84
121,12001,181,0.73
121,14001,181,0.54
121,16001,181,0.47
121,18001,181,0.51
121,20001,181,0.48
121,22001,181,0.51
121,24001,181,0.48
121,26001,181,0.53
121,28001,181,0.51
121,30001,181,0.51
121,32001,181,0.56
121,34001,181,0.6
121,36001,181,0.68
121,38001,181,0.67
121,40001,181,0.69
121,42001,181,0.64
121,44001,181,0.58
121,46001,181,0.56
121,48001,181,0.58
121,50001,181,0.62
121,52001,181,0.66
121,54001,181,0.77
121,56001,181,0.69
121,58001,181,0.68
121,60001,181,0.57
121,62001,181,0.55
121,64001,181,0.52
121,65535,181,0.53
121,1,191,0.54
121,2001,191,0.52
121,4001,191,0.54
121,6001,191,0.6
121,8001,191,0.69
121,10001,191,0.83
121,12001,191,0.74
121,14001,191,0.56
121,16001,191,0.51
121,18001,191,0.52
121,20001,191,0.54
121,22001,191,0.48
121,24001,191,0.48
121,26001,191,0.47
121,28001,191,0.54
121,30001,191,0.54
121,32001,191,0.57
121,34001,191,0.56
121,36001,191,0.65
121,38001,191,0.69
121,40001,191,0.67
121,42001,191,0.61
121,44001,191,0.56
121,46001,191,0.53
121,48001,191,0.53
121,50001,191,0.58
121,52001,191,0.6
121,54001,191,0.73
121,56001,191,0.68
121,58001,191,0.6
121,60001,191,0.58
121,62001,191,0.56
121,64001,191,0.56
121,65535,191,0.52
121,1,201,0.53
121,2001,201,0.51
121,4001,201,0.56
121,6001,201,0.58
121,8001,201,0.66
121,10001,201,0.73
121,12001,201,0.65
121,14001,201,0.53
121,16001,201,0.52
121,18001,201,0.51
121,20001,201,0.54
121,22001,201,0.53
121,24001,201,0.49
121,26001,201,0.49
121,28001,201,0.51
121,30001,201,0.49
121,32001,201,0.58
121,34001,201,0.59
121,36001,201,0.58
121,38001,201,0.72
121,40001,201,0.68
121,42001,201,0.62
121,44001,201,0.55
121,46001,201,0.55
121,48001,201,0.55
121,50001,201,0.56
121,52001,201,0.64
121,54001,201,0.74
121,56001,201,0.7
121,58001,201,0.63
121,60001,201,0.61
121,62001,201,0.58
121,64001,201,0.54
121,65535,201,0.52
121,1,211,0.51
121,2001,211,0.51
121,4001,211,0.51
121,6001,211,0.53
121,8001,211,0.69
121,10001,211,0.7
121,12001,211,0.62
121,14001,211,0.53
121,16001,211,0.48
121,18001,211,0.49
121,20001,211,0.47
121,22001,211,0.5
121,24001,211,0.48
121,26001,211,0.52
121,28001,211,0.51
121,30001,211,0.49
121,32001,211,0.55
121,34001,211,0.62
121,36001,211,0.67
121,38001,211,0.68
121,40001,211,0.67
121,42001,211,0.63
121,44001,211,0.55
121,46001,211,0.52
121,48001,211,0.55
121,50001,211,0.55
121,52001,211,0.61
121,54001,211,0.73
121,56001,211,0.73
121,58001,211,0.62
121,60001,211,0.57
121,62001,211,0.53
121,64001,211,0.54
121,65535,211,0.53
121,1,221,0.54
121,2001,221,0.48
121,4001,221,0.47
121,6001,221,0.55
121,8001,221,0.59
121,10001,221,0.67
121,12001,221,0.69
121,14001,221,0.54
121,16001,221,0.53
121,18001,221,0.47
121,20001,221,0.47
121,22001,221,0.48
121,24001,221,0.46
121,26001,221,0.47
121,28001,221,0.48
121,30001,221,0.53
121,32001,221,0.55
121,34001,221,0.59
121,36001,221,0.66
121,38001,221,0.69
121,40001,221,0.66
121,42001,221,0.55
121,44001,221,0.53
121,46001,221,0.53
121,48001,221,0.55
121,50001,221,0.58
121,52001,221,0.56
121,54001,221,0.69
121,56001,221,0.68
121,58001,221,0.59
121,60001,221,0.58
121,62001,221,0.56
121,64001,221,0.53
121,65535,221,0.54
121,1,231,0.52
121,2001,231,0.54
121,4001,231,0.52
121,6001,231,0.48
121,8001,231,0.57
121,10001,231,0.74
121,12001,231,0.6
121,14001,231,0.58
121,16001,231,0.51
121,18001,231,0.49
121,20001,231,0.46
121,22001,231,0.49
121,24001,231,0.53
121,26001,231,0.49
121,28001,231,0.51
121,30001,231,0.53
121,32001,231,0.54
121,34001,231,0.57
121,36001,231,0.64
121,38001,231,0.69
121,40001,231,0.61
121,42001,231,0.59
121,44001,231,0.56
121,46001,231,0.52
121,48001,231,0.53
121,50001,231,0.53
121,52001,231,0.64
121,54001,231,0.7
121,56001,231,0.67
121,58001,231,0.62
121,60001,231,0.59
121,62001,231,0.56
121,64001,231,0.52
121,65535,231,0.49
121,1,241,0.54
121,2001,241,0.49
121,4001,241,0.53
121,6001,241,0.54
121,8001,241,0.57
121,10001,241,0.7
121,12001,241,0.59
121,14001,241,0.55
121,16001,241,0.49
121,18001,241,0.49
121,20001,241,0.48
121,22001,241,0.51
121,24001,241,0.48
121,26001,241,0.44
121,28001,241,0.48
121,30001,241,0.49
121,32001,241,0.5
121,34001,241,0.59
121,36001,241,0.65
121,38001,241,0.67
121,40001,241,0.64
121,42001,241,0.59
121,44001,241,0.52
121,46001,241,0.52
121,48001,241,0.54
121,50001,241,0.54
121,52001,241,0.64
121,54001,241,0.73
121,56001,241,0.7
121,58001,241,0.6
121,60001,241,0.57
121,62001,241,0.54
121,64001,241,0.53
121,65535,241,0.51
121,1,251,0.48
121,2001,251,0.48
121,4001,251,0.52
121,6001,251,0.55
121,8001,251,0.56
121,10001,251,0.75
121,12001,251,0.64
121,14001,251,0.64
121,16001,251,0.51
121,18001,251,0.49
121,20001,251,0.51
121,22001,251,0.48
121,24001,251,0.5
121,26001,251,0.51
121,28001,251,0.51
121,30001,251,0.48
121,32001,251,0.53
121,34001,251,0.61
121,36001,251,0.66
121,38001,251,0.69
121,40001,251,0.66
121,42001,251,0.56
121,44001,251,0.51
121,46001,251,0.51
121,48001,251,0.55
121,50001,251,0.54
121,52001,251,0.59
121,54001,251,0.68
121,56001,251,0.66
121,58001,251,0.63
121,60001,251,0.58
121,62001,251,0.56
121,64001,251,0.52
121,65535,251,0.51
121,1,254,0.51
121,2001,254,0.51
121,4001,254,0.5
121,6001,254,0.5
121,8001,254,0.54
121,10001,254,0.74
121,12001,254,0.61
121,14001,254,0.52
121,16001,254,0.5
121,18001,254,0.5
121,20001,254,0.49
121,22001,254,0.48
121,24001,254,0.49
121,26001,254,0.48
121,28001,254,0.48
121,30001,254,0.52
121,32001,254,0.53
121,34001,254,0.59
121,36001,254,0.62
121,38001,254,0.69
121,40001,254,0.61
121,42001,254,0.54
121,44001,254,0.53
121,46001,254,0.48
121,48001,254,0.52
121,50001,254,0.52
121,52001,254,0.57
121,54001,254,0.68
121,56001,254,0.63
121,58001,254,0.6
121,60001,254,0.58
121,62001,254,0.59
121,64001,254,0.49
121,65535,254,0.49
131,1,1,0.7
131,2001,1,0.72
131,4001,1,0.7
131,6001,1,0.74
131,8001,1,0.73
131,10001,1,0.7
131,12001,1,0.7
131,14001,1,0.71
131,16001,1,0.72
131,18001,1,0.73
131,20001,1,0.72
131,22001,1,0.74
131,24001,1,0.69
131,26001,1,0.72
131,28001,1,0.7
131,30001,1,0.7
131,32001,1,0.7
131,34001,1,0.73
131,36001,1,0.72
131,38001,1,0.72
131,40001,1,0.74
131,42001,1,0.75
131,44001,1,0.7
131,46001,1,0.69
131,48001,1,0.68
131,50001,1,0.76
131,52001,1,0.71
131,54001,1,0.69
131,56001,1,0.7
131,58001,1,0.67
131,60001,1,0.73
131,62001,1,0.73
131,64001,1,0.71
131,65535,1,0.76
131,1,11,0.78
131,2001,11,0.78
131,4001,11,0.81
131,6001,11,0.78
131,8001,11,0.78
131,10001,11,0.76
131,12001,11,0.74
131,14001,11,0.71
131,16001,11,0.69
131,18001,11,0.67
131,20001,11,0.63
131,22001,11,0.67
131,24001,11,0.68
131,26001,11,0.66
131,28001,11,0.68
131,30001,11,0.63
131,32001,11,0.65
131,34001,11,0.67
131,36001,11,0.64
131,38001,11,0.66
131,40001,11,0.72
131,42001,11,0.71
131,44001,11,0.7
131,46001,11,0.73
131,48001,11,0.7
131,50001,11,0.78
131,52001,11,0.76
131,54001,11,0.75
131,56001,11,0.78
131,58001,11,0.82
131,60001,11,0.8
131,62001,11,0.83
131,64001,11,0.83
131,65535,11,0.79
131,1,21,0.94
131,2001,21,0.97
131,4001,21,0.91
131,6001,21,0.84
131,8001,21,0.81
131,10001,21,0.76
131,12001,21,0.77
131,14001,21,0.67
131,16001,21,0.66
131,18001,21,0.64
131,20001,21,0.62
131,22001,21,0.62
131,24001,21,0.65
131,26001,21,0.64
131,28001,21,0.66
131,30001,21,0.65
131,32001,21,0.66
131,34001,21,0.62
131,36001,21,0.69
131,38001,21,0.66
131,40001,21,0.69
131,42001,21,0.66
131,44001,21,0.72
131,46001,21,0.73
131,48001,21,0.77
131,50001,21,0.78
131,52001,21,0.81
131,54001,21,0.86
131,56001,21,0.95
131,58001,21,0.94
131,60001,21,0.97
131,62001,21,0.96
131,64001,21,0.94
131,65535,21,0.98
131,1,31,1.1
131,2001,31,1.09
131,4001,31,1.08
131,6001,31,0.94
131,8001,31,0.89
131,10001,31,0.8
131,12001,31,0.76
131,14001,31,0.68
131,16001,31,0.67
131,18001,31,0.65
131,20001,31,0.62
131,22001,31,0.65
131,24001,31,0.58
131,26001,31,0.63
131,28001,31,0.64
131,30001,31,0.62
131,32001,31,0.62
131,34001,31,0.64
131,36001,31,0.61
131,38001,31,0.64
131,40001,31,0.64
131,42001,31,0.69
131,44001,31,0.68
131,46001,31,0.71
131,48001,31,0.77
131,50001,31,0.84
131,52001,31,0.92
131,54001,31,0.93
131,56001,31,1.03
131,58001,31,1.05
131,60001,31,1.06
131,62001,31,1.07
131,64001,31,1.1
131,65535,31,1.14
131,1,41,1.15
131,2001,41,1.17
131,4001,41,1.12
131,6001,41,1.04
131,8001,41,0.93
131,10001,41,0.82
131,12001,41,0.77
131,14001,41,0.73
131,16001,41,0.66
131,18001,41,0.61
131,20001,41,0.58
131,22001,41,0.61
131,24001,41,0.6
131,26001,41,0.62
131,28001,41,0.61
131,30001,41,0.61
131,32001,41,0.62
131,34001,41,0.62
131,36001,41,0.67
131,38001,41,0.62
131,40001,41,0.65
131,42001,41,0.65
131,44001,41,0.72
131,46001,41,0.71
131,48001,41,0.85
131,50001,41,0.89
131,52001,41,0.98
131,54001,41,1.01
131,56001,41,1.06
131,58001,41,1.21
131,60001,41,1.2
131,62001,41,1.19
131,64001,41,1.23
131,65535,41,1.26
131,1,51,1.2
131,2001,51,1.19
131,4001,51,1.08
131,6001,51,1.18
131,8001,51,1.07
131,10001,51,0.89
131,12001,51,0.74
131,14001,51,0.62
131,16001,51,0.6
131,18001,51,0.64
131,20001,51,0.61
131,22001,51,0.61
131,24001,51,0.59
131,26001,51,0.58
131,28001,51,0.61
131,30001,51,0.61
131,32001,51,0.61
131,34001,51,0.65
131,36001,51,0.66
131,38001,51,0.66
131,40001,51,0.64
131,42001,51,0.68
131,44001,51,0.69
131,46001,51,0.74
131,48001,51,0.85
131,50001,51,0.93
131,52001,51,0.99
131,54001,51,1.15
131,56001,51,1.0
131,58001,51,1.05
131,60001,51,1.05
131,62001,51,1.12
131,64001,51,1.17
131,65535,51,1.18
131,1,61,1.14
131,2001,61,1.15
131,4001,61,1.22
131,6001,61,1.04
131,8001,61,1.11
131,10001,61,0.85
131,12001,61,0.73
131,14001,61,0.67
131,16001,61,0.66
131,18001,61,0.62
131,20001,61,0.6
131,22001,61,0.61
131,24001,61,0.61
131,26001,61,0.62
131,28001,61,0.64
131,30001,61,0.61
131,32001,61,0.65
131,34001,61,0.63
131,36001,61,0.67
131,38001,61,0.66
131,40001,61,0.67
131,42001,61,0.67
131,44001,61,0.69
131,46001,61,0.72
131,48001,61,0.87
131,50001,61,0.98
131,52001,61,1.04
131,54001,61,1.1
131,56001,61,1.05
131,58001,61,1.08
131,60001,61,1.07
131,62001,61,1.13
131,64001,61,1.16
131,65535,61,1.12
131,1,71,1.08
131,2001,71,1.03
131,4001,71,1.19
131,6001,71,1.15
131,8001,71,1.21
131,10001,71,0.95
131,12001,71,0.79
131,14001,71,0.73
131,16001,71,0.6
131,18001,71,0.56
131,20001,71,0.58
131,22001,71,0.59
131,24001,71,0.58
131,26001,71,0.58
131,28001,71,0.62
131,30001,71,0.61
131,32001,71,0.65
131,34001,71,0.66
131,36001,71,0.64
131,38001,71,0.67
131,40001,71,0.69
131,42001,71,0.7
131,44001,71,0.72
131,46001,71,0.77
131,48001,71,0.94
131,50001,71,0.97
131,52001,71,1.01
131,54001,71,1.11
131,56001,71,1.07
131,58001,71,1.18
131,60001,71,1.23
131,62001,71,1.23
131,64001,71,1.25
131,65535,71,1.12
131,1,81,1.25
131,2001,81,1.17
131,4001,81,1.1
131,6001,81,1.28
131,8001,81,1.11
131,10001,81,0.99
131,12001,81,0.77
131,14001,81,0.62
131,16001,81,0.6
131,18001,81,0.61
131,20001,81,0.56
131,22001,81,0.57
131,24001,81,0.58
131,26001,81,0.57
131,28001,81,0.59
131,30001,81,0.62
131,32001,81,0.61
131,34001,81,0.67
131,36001,81,0.65
131,38001,81,0.67
131,40001,81,0.69
131,42001,81,0.7
131,44001,81,0.73
131,46001,81,0.78
131,48001,81,0.81
131,50001,81,0.88
131,52001,81,0.97
131,54001,81,1.05
131,56001,81,1.11
131,58001,81,1.15
131,60001,81,1.14
131,62001,81,1.17
131,64001,81,1.16
131,65535,81,1.22
131,1,91,1.02
131,2001,91,1.0
131,4001,91,1.12
131,6001,91,1.3
131,8001,91,1.18
131,10001,91,1.03
131,12001,91,0.76
131,14001,91,0.64
131,16001,91,0.57
131,18001,91,0.55
131,20001,91,0.57
131,22001,91,0.59
131,24001,91,0.59
131,26001,91,0.62
131,28001,91,0.58
131,30001,91,0.62
131,32001,91,0.62
131,34001,91,0.64
131,36001,91,0.68
131,38001,91,0.68
131,40001,91,0.69
131,42001,91,0.72
131,44001,91,0.77
131,46001,91,0.8
131,48001,91,0.85
131,50001,91,0.89
131,52001,91,0.97
131,54001,91,1.04
131,56001,91,1.08
131,58001,91,1.06
131,60001,91,1.07
131,62001,91,1.11
131,64001,91,1.09
131,65535,91,1.05
131,1,101,0.89
131,2001,101,0.88
131,4001,101,1.1
131,6001,101,1.15
131,8001,101,1.3
131,10001,101,1.05
131,12001,101,0.93
131,14001,101,0.65
131,16001,101,0.62
131,18001,101,0.59
131,20001,101,0.57
131,22001,101,0.59
131,24001,101,0.55
131,26001,101,0.58
131,28001,101,0.58
131,30001,101,0.61
131,32001,101,0.67
131,34001,101,0.62
131,36001,101,0.68
131,38001,101,0.73
131,40001,101,0.74
131,42001,101,0.73
131,44001,101,0.77
131,46001,101,0.81
131,48001,101,0.82
131,50001,101,0.91
131,52001,101,0.92
131,54001,101,1.0
131,56001,101,1.03
131,58001,101,1.01
131,60001,101,1.01
131,62001,101,0.98
131,64001,101,0.97
131,65535,101,0.95
131,1,111,0.79
131,2001,111,0.8
131,4001,111,1.02
131,6001,111,1.08
131,8001,111,1.2
131,10001,111,1.03
131,12001,111,0.72
131,14001,111,0.61
131,16001,111,0.54
131,18001,111,0.57
131,20001,111,0.55
131,22001,111,0.55
131,24001,111,0.56
131,26001,111,0.63
131,28001,111,0.57
131,30001,111,0.62
131,32001,111,0.65
131,34001,111,0.64
131,36001,111,0.69
131,38001,111,0.72
131,40001,111,0.74
131,42001,111,0.73
131,44001,111,0.79
131,46001,111,0.75
131,48001,111,0.78
131,50001,111,0.84
131,52001,111,0.89
131,54001,111,0.98
131,56001,111,0.94
131,58001,111,0.98
131,60001,111,0.94
131,62001,111,0.91
131,64001,111,0.86
131,65535,111,0.82
131,1,121,0.74
131,2001,121,0.73
131,4001,121,0.85
131,6001,121,1.04
131,8001,121,1.27
131,10001,121,1.14
131,12001,121,1.1
131,14001,121,0.64
131,16001,121,0.58
131,18001,121,0.59
131,20001,121,0.56
131,22001,121,0.57
131,24001,121,0.58
131,26001,121,0.58
131,28001,121,0.56
131,30001,121,0.6
131,32001,121,0.63
131,34001,121,0.66
131,36001,121,0.68
131,38001,121,0.69
131,40001,121,0.73
131,42001,121,0.78
131,44001,121,0.81
131,46001,121,0.77
131,48001,121,0.77
131,50001,121,0.77
131,52001,121,0.78
131,54001,121,0.97
131,56001,121,1.0
131,58001,121,0.97
131,60001,121,0.96
131,62001,121,0.85
131,64001,121,0.79
131,65535,121,0.71
131,1,131,0.69
131,2001,131,0.7
131,4001,131,0.74
131,6001,131,1.06
131,8001,131,1.29
131,10001,131,1.14
131,12001,131,0.82
131,14001,131,0.67
131,16001,131,0.61
131,18001,131,0.55
131,20001,131,0.54
131,22001,131,0.52
131,24001,131,0.57
131,26001,131,0.56
131,28001,131,0.59
131,30001,131,0.6
131,32001,131,0.59
131,34001,131,0.66
131,36001,131,0.7
131,38001,131,0.72
131,40001,131,0.73
131,42001,131,0.76
131,44001,131,0.76
131,46001,131,0.7
131,48001,131,0.73
131,50001,131,0.82
131,52001,131,0.85
131,54001,131,0.97
131,56001,131,0.93
131,58001,131,0.88
131,60001,131,0.81
131,62001,131,0.74
131,64001,131,0.73
131,65535,131,0.7
131,1,141,0.65
131,2001,141,0.64
131,4001,141,0.7
131,6001,141,1.0
131,8001,141,1.25
131,10001,141,1.26
131,12001,141,0.95
131,14001,141,0.62
131,16001,141,0.58
131,18001,141,0.56
131,20001,141,0.56
131,22001,141,0.55
131,24001,141,0.57
131,26001,141,0.53
131,28001,141,0.56
131,30001,141,0.6
131,32001,141,0.64
131,34001,141,0.61
131,36001,141,0.66
131,38001,141,0.65
131,40001,141,0.73
131,42001,141,0.78
131,44001,141,0.69
131,46001,141,0.66
131,48001,141,0.69
131,50001,141,0.73
131,52001,141,0.83
131,54001,141,0.86
131,56001,141,0.87
131,58001,141,0.78
131,60001,141,0.72
131,62001,141,0.73
131,64001,141,0.67
131,65535,141,0.65
131,1,151,0.62
131,2001,151,0.61
131,4001,151,0.71
131,6001,151,0.8
131,8001,151,1.14
131,10001,151,1.23
131,12001,151,0.79
131,14001,151,0.61
131,16001,151,0.55
131,18001,151,0.56
131,20001,151,0.55
131,22001,151,0.51
131,24001,151,0.57
131,26001,151,0.55
131,28001,151,0.56
131,30001,151,0.62
131,32001,151,0.62
131,34001,151,0.62
131,36001,151,0.69
131,38001,151,0.73
131,40001,151,0.79
131,42001,151,0.77
131,44001,151,0.65
131,46001,151,0.7
131,48001,151,0.66
131,50001,151,0.74
131,52001,151,0.83
131,54001,151,0.89
131,56001,151,0.82
131,58001,151,0.73
131,60001,151,0.78
131,62001,151,0.7
131,64001,151,0.68
131,65535,151,0.66
131,1,161,0.58
131,2001,161,0.58
131,4001,161,0.64
131,6001,161,0.79
131,8001,161,1.06
131,10001,161,1.16
131,12001,161,0.86
131,14001,161,0.61
131,16001,161,0.56
131,18001,161,0.54
131,20001,161,0.5
131,22001,161,0.53
131,24001,161,0.53
131,26001,161,0.56
131,28001,161,0.57
131,30001,161,0.57
131,32001,161,0.61
131,34001,161,0.66
131,36001,161,0.73
131,38001,161,0.72
131,40001,161,0.79
131,42001,161,0.76
131,44001,161,0.69
131,46001,161,0.64
131,48001,161,0.65
131,50001,161,0.7
131,52001,161,0.73
131,54001,161,0.86
131,56001,161,0.82
131,58001,161,0.76
131,60001,161,0.69
131,62001,161,0.65
131,64001,161,0.66
131,65535,161,0.65
131,1,171,0.6
131,2001,171,0.59
131,4001,171,0.67
131,6001,171,0.7
131,8001,171,1.02
131,10001,171,1.06
131,12001,171,0.87
131,14001,171,0.61
131,16001,171,0.56
131,18001,171,0.54
131,20001,171,0.56
131,22001,171,0.53
131,24001,171,0.54
131,26001,171,0.55
131,28001,171,0.54
131,30001,171,0.58
131,32001,171,0.59
131,34001,171,0.65
131,36001,171,0.72
131,38001,171,0.77
131,40001,171,0.78
131,42001,171,0.71
131,44001,171,0.67
131,46001,171,0.65
131,48001,171,0.61
131,50001,171,0.69
131,52001,171,0.78
131,54001,171,0.87
131,56001,171,0.8
131,58001,171,0.71
131,60001,171,0.72
131,62001,171,0.66
131,64001,171,0.64
131,65535,171,0.57
131,1,181,0.55
131,2001,181,0.56
131,4001,181,0.63
131,6001,181,0.65
131,8001,181,0.86
131,10001,181,0.96
131,12001,181,0.71
131,14001,181,0.64
131,16001,181,0.54
131,18001,181,0.56
131,20001,181,0.55
131,22001,181,0.56
131,24001,181,0.56
131,26001,181,0.55
131,28001,181,0.56
131,30001,181,0.62
131,32001,181,0.62
131,34001,181,0.62
131,36001,181,0.7
131,38001,181,0.79
131,40001,181,0.74
131,42001,181,0.72
131,44001,181,0.65
131,46001,181,0.61
131,48001,181,0.66
131,50001,181,0.64
131,52001,181,0.79
131,54001,181,0.83
131,56001,181,0.75
131,58001,181,0.69
131,60001,181,0.66
131,62001,181,0.68
131,64001,181,0.57
131,65535,181,0.59
131,1,191,0.56
131,2001,191,0.59
131,4001,191,0.56
131,6001,191,0.71
131,8001,191,0.84
131,10001,191,0.91
131,12001,191,0.73
131,14001,191,0.62
131,16001,191,0.55
131,18001,191,0.55
131,20001,191,0.5
131,22001,191,0.52
131,24001,191,0.57
131,26001,191,0.56
131,28001,191,0.56
131,30001,191,0.59
131,32001,191,0.6
131,34001,191,0.66
131,36001,191,0.7
131,38001,191,0.74
131,40001,191,0.72
131,42001,191,0.7
131,44001,191,0.66
131,46001,191,0.64
131,48001,191,0.58
131,50001,191,0.61
131,52001,191,0.71
131,54001,191,0.79
131,56001,191,0.74
131,58001,191,0.67
131,60001,191,0.64
131,62001,191,0.58
131,64001,191,0.59
131,65535,191,0.55
131,1,201,0.53
131,2001,201,0.57
131,4001,201,0.59
131,6001,201,0.65
131,8001,201,0.66
131,10001,201,0.84
131,12001,201,0.69
131,14001,201,0.56
131,16001,201,0.56
131,18001,201,0.56
131,20001,201,0.55
131,22001,201,0.53
131,24001,201,0.55
131,26001,201,0.55
131,28001,201,0.56
131,30001,201,0.6
131,32001,201,0.6
131,34001,201,0.66
131,36001,201,0.67
131,38001,201,0.78
131,40001,201,0.74
131,42001,201,0.67
131,44001,201,0.61
131,46001,201,0.56
131,48001,201,0.57
131,50001,201,0.62
131,52001,201,0.69
131,54001,201,0.82
131,56001,201,0.7
131,58001,201,0.69
131,60001,201,0.66
131,62001,201,0.62
131,64001,201,0.6
131,65535,201,0.59
131,1,211,0.54
131,2001,211,0.54
131,4001,211,0.53
131,6001,211,0.61
131,8001,211,0.69
131,10001,211,0.84
131,12001,211,0.65
131,14001,211,0.62
131,16001,211,0.57
131,18001,211,0.56
131,20001,211,0.54
131,22001,211,0.54
131,24001,211,0.49
131,26001,211,0.49
131,28001,211,0.54
131,30001,211,0.57
131,32001,211,0.6
131,34001,211,0.67
131,36001,211,0.74
131,38001,211,0.78
131,40001,211,0.75
131,42001,211,0.62
131,44001,211,0.62
131,46001,211,0.57
131,48001,211,0.55
131,50001,211,0.61
131,52001,211,0.79
131,54001,211,0.82
131,56001,211,0.76
131,58001,211,0.71
131,60001,211,0.68
131,62001,211,0.58
131,64001,211,0.56
131,65535,211,0.52
131,1,221,0.54
131,2001,221,0.62
131,4001,221,0.56
131,6001,221,0.61
131,8001,221,0.67
131,10001,221,0.82
131,12001,221,0.74
131,14001,221,0.59
131,16001,221,0.54
131,18001,221,0.53
131,20001,221,0.54
131,22001,221,0.54
131,24001,221,0.55
131,26001,221,0.53
131,28001,221,0.56
131,30001,221,0.56
131,32001,221,0.6
131,34001,221,0.61
131,36001,221,0.69
131,38001,221,0.79
131,40001,221,0.74
131,42001,221,0.66
131,44001,221,0.58
131,46001,221,0.56
131,48001,221,0.56
131,50001,221,0.6
131,52001,221,0.65
131,54001,221,0.79
131,56001,221,0.72
131,58001,221,0.66
131,60001,221,0.63
131,62001,221,0.62
131,64001,221,0.56
131,65535,221,0.55
131,1,231,0.53
131,2001,231,0.55
131,4001,231,0.54
131,6001,231,0.56
131,8001,231,0.65
131,10001,231,0.8
131,12001,231,0.68
131,14001,231,0.53
131,16001,231,0.53
131,18001,231,0.52
131,20001,231,0.55
131,22001,231,0.54
131,24001,231,0.52
131,26001,231,0.55
131,28001,231,0.54
131,30001,231,0.54
131,32001,231,0.62
131,34001,231,0.64
131,36001,231,0.71
131,38001,231,0.75
131,40001,231,0.71
131,42001,231,0.64
131,44001,231,0.61
131,46001,231,0.54
131,48001,231,0.57
131,50001,231,0.59
131,52001,231,0.72
131,54001,231,0.8
131,56001,231,0.7
131,58001,231,0.68
131,60001,231,0.62
131,62001,231,0.6
131,64001,231,0.59
131,65535,231,0.54
131,1,241,0.54
131,2001,241,0.54
131,4001,241,0.54
131,6001,241,0.56
131,8001,241,0.65
131,10001,241,0.79
131,12001,241,0.71
131,14001,241,0.6
131,16001,241,0.57
131,18001,241,0.52
131,20001,241,0.51
131,22001,241,0.53
131,24001,241,0.48
131,26001,241,0.53
131,28001,241,0.56
131,30001,241,0.56
131,32001,241,0.6
131,34001,241,0.67
131,36001,241,0.72
131,38001,241,0.71
131,40001,241,0.69
131,42001,241,0.59
131,44001,241,0.54
131,46001,241,0.56
131,48001,241,0.55
131,50001,241,0.62
131,52001,241,0.64
131,54001,241,0.81
131,56001,241,0.71
131,58001,241,0.69
131,60001,241,0.6
131,62001,241,0.58
131,64001,241,0.55
131,65535,241,0.56
131,1,251,0.54
131,2001,251,0.53
131,4001,251,0.55
131,6001,251,0.6
131,8001,251,0.6
131,10001,251,0.79
131,12001,251,0.74
131,14001,251,0.58
131,16001,251,0.53
131,18001,251,0.55
131,20001,251,0.55
131,22001,251,0.56
131,24001,251,0.51
131,26001,251,0.55
131,28001,251,0.56
131,30001,251,0.56
131,32001,251,0.6
131,34001,251,0.62
131,36001,251,0.69
131,38001,251,0.77
131,40001,251,0.71
131,42001,251,0.63
131,44001,251,0.56
131,46001,251,0.56
131,48001,251,0.55
131,50001,251,0.6
131,52001,251,0.65
131,54001,251,0.76
131,56001,251,0.73
131,58001,251,0.69
131,60001,251,0.62
131,62001,251,0.6
131,64001,251,0.56
131,65535,251,0.56
131,1,254,0.52
131,2001,254,0.56
131,4001,254,0.56
131,6001,254,0.56
131,8001,254,0.6
131,10001,254,0.74
131,12001,254,0.65
131,14001,254,0.55
131,16001,254,0.56
131,18001,254,0.53
131,20001,254,0.53
131,22001,254,0.53
131,24001,254,0.56
131,26001,254,0.53
131,28001,254,0.54
131,30001,254,0.58
131,32001,254,0.58
131,34001,254,0.63
131,36001,254,0.67
131,38001,254,0.78
131,40001,254,0.68
131,42001,254,0.61
131,44001,254,0.56
131,46001,254,0.55
131,48001,254,0.55
131,50001,254,0.56
131,52001,254,0.65
131,54001,254,0.81
131,56001,254,0.73
131,58001,254,0.66
131,60001,254,0.64
131,62001,254,0.6
131,64001,254,0.56
131,65535,254,0.55
141,1,1,0.82
141,2001,1,0.82
141,4001,1,0.78
141,6001,1,0.8
141,8001,1,0.82
141,10001,1,0.8
141,12001,1,0.79
141,14001,1,0.78
141,16001,1,0.78
141,18001,1,0.79
141,20001,1,0.81
141,22001,1,0.83
141,24001,1,0.78
141,26001,1,0.81
141,28001,1,0.78
141,30001,1,0.79
141,32001,1,0.8
141,34001,1,0.82
141,36001,1,0.8
141,38001,1,0.81
141,40001,1,0.78
141,42001,1,0.81
141,44001,1,0.77
141,46001,1,0.79
141,48001,1,0.81
141,50001,1,0.79
141,52001,1,0.81
141,54001,1,0.82
141,56001,1,0.81
141,58001,1,0.85
141,60001,1,0.82
141,62001,1,0.78
141,64001,1,0.81
141,65535,1,0.81
141,1,11,0.93
141,2001,11,0.94
141,4001,11,0.93
141,6001,11,0.89
141,8001,11,0.86
141,10001,11,0.82
141,12001,11,0.82
141,14001,11,0.76
141,16001,11,0.78
141,18001,11,0.72
141,20001,11,0.74
141,22001,11,0.77
141,24001,11,0.7
141,26001,11,0.7
141,28001,11,0.74
141,30001,11,0.73
141,32001,11,0.75
141,34001,11,0.74
141,36001,11,0.74
141,38001,11,0.79
141,40001,11,0.79
141,42001,11,0.76
141,44001,11,0.79
141,46001,11,0.82
141,48001,11,0.84
141,50001,11,0.88
141,52001,11,0.85
141,54001,11,0.92
141,56001,11,0.92
141,58001,11,0.89
141,60001,11,0.92
141,62001,11,0.9
141,64001,11,0.93
141,65535,11,0.95
141,1,21,1.11
141,2001,21,1.09
141,4001,21,1.04
141,6001,21,0.97
141,8001,21,0.86
141,10001,21,0.86
141,12001,21,0.81
141,14001,21,0.8
141,16001,21,0.77
141,18001,21,0.71
141,20001,21,0.7
141,22001,21,0.66
141,24001,21,0.68
141,26001,21,0.69
141,28001,21,0.72
141,30001,21,0.69
141,32001,21,0.7
141,34001,21,0.69
141,36001,21,0.72
141,38001,21,0.71
141,40001,21,0.75
141,42001,21,0.78
141,44001,21,0.76
141,46001,21,0.84
141,48001,21,0.8
141,50001,21,0.83
141,52001,21,0.97
141,54001,21,0.99
141,56001,21,1.1
141,58001,21,1.09
141,60001,21,1.09
141,62001,21,1.11
141,64001,21,1.11
141,65535,21,1.04
141,1,31,1.26
141,2001,31,1.28
141,4001,31,1.24
141,6001,31,1.11
141,8001,31,0.94
141,10001,31,0.94
141,12001,31,0.81
141,14001,31,0.8
141,16001,31,0.74
141,18001,31,0.71
141,20001,31,0.68
141,22001,31,0.68
141,24001,31,0.68
141,26001,31,0.71
141,28001,31,0.66
141,30001,31,0.71
141,32001,31,0.68
141,34001,31,0.72
141,36001,31,0.68
141,38001,31,0.77
141,40001,31,0.74
141,42001,31,0.76
141,44001,31,0.77
141,46001,31,0.81
141,48001,31,0.89
141,50001,31,0.97
141,52001,31,1.01
141,54001,31,1.12
141,56001,31,1.15
141,58001,31,1.17
141,60001,31,1.29
141,62001,31,1.23
141,64001,31,1.21
141,65535,31,1.23
141,1,41,1.32
141,2001,41,1.34
141,4001,41,1.36
141,6001,41,1.21
141,8001,41,1.05
141,10001,41,0.91
141,12001,41,0.84
141,14001,41,0.77
141,16001,41,0.71
141,18001,41,0.69
141,20001,41,0.69
141,22001,41,0.67
141,24001,41,0.68
141,26001,41,0.69
141,28001,41,0.66
141,30001,41,0.71
141,32001,41,0.73
141,34001,41,0.67
141,36001,41,0.69
141,38001,41,0.73
141,40001,41,0.72
141,42001,41,0.72
141,44001,41,0.8
141,46001,41,0.82
141,48001,41,0.91
141,50001,41,1.04
141,52001,41,1.11
141,54001,41,1.23
141,56001,41,1.31
141,58001,41,1.33
141,60001,41,1.36
141,62001,41,1.41
141,64001,41,1.42
141,65535,41,1.43
141,1,51,1.42
141,2001,51,1.38
141,4001,51,1.25
141,6001,51,1.35
141,8001,51,1.24
141,10001,51,1.01
141,12001,51,0.88
141,14001,51,0.75
141,16001,51,0.69
141,18001,51,0.67
141,20001,51,0.67
141,22001,51,0.67
141,24001,51,0.68
141,26001,51,0.67
141,28001,51,0.67
141,30001,51,0.72
141,32001,51,0.71
141,34001,51,0.72
141,36001,51,0.73
141,38001,51,0.71
141,40001,51,0.71
141,42001,51,0.74
141,44001,51,0.73
141,46001,51,0.83
141,48001,51,0.91
141,50001,51,1.04
141,52001,51,1.15
141,54001,51,1.29
141,56001,51,1.14
141,58001,51,1.21
141,60001,51,1.21
141,62001,51,1.26
141,64001,51,1.35
141,65535,51,1.4
141,1,61,1.34
141,2001,61,1.32
141,4001,61,1.39
141,6001,61,1.25
141,8001,61,1.31
141,10001,61,0.98
141,12001,61,0.85
141,14001,61,0.72
141,16001,61,0.67
141,18001,61,0.66
141,20001,61,0.66
141,22001,61,0.66
141,24001,61,0.67
141,26001,61,0.65
141,28001,61,0.67
141,30001,61,0.68
141,32001,61,0.68
141,34001,61,0.73
141,36001,61,0.72
141,38001,61,0.72
141,40001,61,0.73
141,42001,61,0.74
141,44001,61,0.76
141,46001,61,0.83
141,48001,61,0.97
141,50001,61,1.1
141,52001,61,1.17
141,54001,61,1.28
141,56001,61,1.23
141,58001,61,1.23
141,60001,61,1.23
141,62001,61,1.25
141,64001,61,1.27
141,65535,61,1.28
141,1,71,1.2
141,2001,71,1.22
141,4001,71,1.4
141,6001,71,1.32
141,8001,71,1.39
141,10001,71,1.02
141,12001,71,0.86
141,14001,71,0.73
141,16001,71,0.67
141,18001,71,0.65
141,20001,71,0.64
141,22001,71,0.63
141,24001,71,0.66
141,26001,71,0.64
141,28001,71,0.67
141,30001,71,0.67
141,32001,71,0.71
141,34001,71,0.71
141,36001,71,0.77
141,38001,71,0.73
141,40001,71,0.78
141,42001,71,0.77
141,44001,71,0.8
141,46001,71,0.89
141,48001,71,0.97
141,50001,71,1.15
141,52001,71,1.17
141,54001,71,1.22
141,56001,71,1.21
141,58001,71,1.38
141,60001,71,1.45
141,62001,71,1.47
141,64001,71,1.47
141,65535,71,1.48
141,1,81,1.42
141,2001,81,1.39
141,4001,81,1.3
141,6001,81,1.43
141,8001,81,1.25
141,10001,81,1.1
141,12001,81,0.83
141,14001,81,0.7
141,16001,81,0.64
141,18001,81,0.66
141,20001,81,0.61
141,22001,81,0.65
141,24001,81,0.61
141,26001,81,0.69
141,28001,81,0.68
141,30001,81,0.69
141,32001,81,0.7
141,34001,81,0.72
141,36001,81,0.71
141,38001,81,0.73
141,40001,81,0.76
141,42001,81,0.77
141,44001,81,0.83
141,46001,81,0.88
141,48001,81,0.98
141,50001,81,1.06
141,52001,81,1.19
141,54001,81,1.25
141,56001,81,1.27
141,58001,81,1.26
141,60001,81,1.3
141,62001,81,1.33
141,64001,81,1.33
141,65535,81,1.4
141,1,91,1.17
141,2001,91,1.21
141,4001,91,1.48
141,6001,91,1.46
141,8001,91,1.31
141,10001,91,1.18
141,12001,91,0.88
141,14001,91,0.81
141,16001,91,0.67
141,18001,91,0.67
141,20001,91,0.62
141,22001,91,0.64
141,24001,91,0.65
141,26001,91,0.65
141,28001,91,0.67
141,30001,91,0.65
141,32001,91,0.71
141,34001,91,0.74
141,36001,91,0.75
141,38001,91,0.77
141,40001,91,0.79
141,42001,91,0.8
141,44001,91,0.86
141,46001,91,0.91
141,48001,91,0.95
141,50001,91,0.98
141,52001,91,1.09
141,54001,91,1.16
141,56001,91,1.26
141,58001,91,1.2
141,60001,91,1.22
141,62001,91,1.24
141,64001,91,1.26
141,65535,91,1.19
141,1,101,1.05
141,2001,101,1.03
141,4001,101,1.29
141,6001,101,1.31
141,8001,101,1.44
141,10001,101,1.27
141,12001,101,0.89
141,14001,101,0.74
141,16001,101,0.66
141,18001,101,0.64
141,20001,101,0.64
141,22001,101,0.62
141,24001,101,0.62
141,26001,101,0.64
141,28001,101,0.68
141,30001,101,0.72
141,32001,101,0.69
141,34001,101,0.74
141,36001,101,0.72
141,38001,101,0.75
141,40001,101,0.84
141,42001,101,0.81
141,44001,101,0.87
141,46001,101,0.84
141,48001,101,0.94
141,50001,101,0.95
141,52001,101,1.11
141,54001,101,1.16
141,56001,101,1.17
141,58001,101,1.16
141,60001,101,1.17
141,62001,101,1.17
141,64001,101,1.09
141,65535,101,1.05
141,1,111,0.92
141,2001,111,0.91
141,4001,111,1.03
141,6001,111,1.25
141,8001,111,1.46
141,10001,111,1.15
141,12001,111,0.84
141,14001,111,0.71
141,16001,111,0.65
141,18001,111,0.62
141,20001,111,0.64
141,22001,111,0.6
141,24001,111,0.61
141,26001,111,0.64
141,28001,111,0.67
141,30001,111,0.66
141,32001,111,0.64
141,34001,111,0.71
141,36001,111,0.73
141,38001,111,0.78
141,40001,111,0.78
141,42001,111,0.88
141,44001,111,0.88
141,46001,111,0.88
141,48001,111,0.91
141,50001,111,0.95
141,52001,111,1.07
141,54001,111,1.18
141,56001,111,1.15
141,58001,111,1.15
141,60001,111,1.03
141,62001,111,1.01
141,64001,111,0.94
141,65535,111,0.91
141,1,121,0.83
141,2001,121,0.83
141,4001,121,0.94
141,6001,121,1.17
141,8001,121,1.52
141,10001,121,1.28
141,12001,121,0.92
141,14001,121,0.67
141,16001,121,0.65
141,18001,121,0.64
141,20001,121,0.59
141,22001,121,0.62
141,24001,121,0.62
141,26001,121,0.64
141,28001,121,0.62
141,30001,121,0.64
141,32001,121,0.7
141,34001,121,0.75
141,36001,121,0.78
141,38001,121,0.81
141,40001,121,0.82
141,42001,121,0.86
141,44001,121,0.88
141,46001,121,0.86
141,48001,121,0.86
141,50001,121,0.94
141,52001,121,0.98
141,54001,121,1.15
141,56001,121,1.07
141,58001,121,1.04
141,60001,121,0.98
141,62001,121,0.91
141,64001,121,0.85
141,65535,121,0.83
141,1,131,0.79
141,2001,131,0.75
141,4001,131,0.98
141,6001,131,1.2
141,8001,131,1.48
141,10001,131,1.41
141,12001,131,0.94
141,14001,131,0.71
141,16001,131,0.61
141,18001,131,0.61
141,20001,131,0.63
141,22001,131,0.61
141,24001,131,0.62
141,26001,131,0.62
141,28001,131,0.68
141,30001,131,0.67
141,32001,131,0.69
141,34001,131,0.71
141,36001,131,0.76
141,38001,131,0.81
141,40001,131,0.86
141,42001,131,0.88
141,44001,131,0.82
141,46001,131,0.82
141,48001,131,0.82
141,50001,131,0.88
141,52001,131,0.99
141,54001,131,1.08
141,56001,131,1.03
141,58001,131,0.95
141,60001,131,0.9
141,62001,131,0.83
141,64001,131,0.82
141,65535,131,0.73
141,1,141,0.72
141,2001,141,0.72
141,4001,141,0.79
141,6001,141,1.02
141,8001,141,1.43
141,10001,141,1.45
141,12001,141,0.88
141,14001,141,0.72
141,16001,141,0.62
141,18001,141,0.61
141,20001,141,0.66
141,22001,141,0.6
141,24001,141,0.61
141,26001,141,0.62
141,28001,141,0.62
141,30001,141,0.69
141,32001,141,0.7
141,34001,141,0.71
141,36001,141,0.73
141,38001,141,0.81
141,40001,141,0.82
141,42001,141,0.85
141,44001,141,0.82
141,46001,141,0.8
141,48001,141,0.78
141,50001,141,0.85
141,52001,141,0.99
141,54001,141,1.02
141,56001,141,0.96
141,58001,141,0.88
141,60001,141,0.83
141,62001,141,0.82
141,64001,141,0.77
141,65535,141,0.72
141,1,151,0.71
141,2001,151,0.68
141,4001,151,0.76
141,6001,151,1.01
141,8001,151,1.32
141,10001,151,1.44
141,12001,151,1.1
141,14001,151,0.74
141,16001,151,0.6
141,18001,151,0.61
141,20001,151,0.58
141,22001,151,0.58
141,24001,151,0.62
141,26001,151,0.66
141,28001,151,0.59
141,30001,151,0.69
141,32001,151,0.73
141,34001,151,0.73
141,36001,151,0.79
141,38001,151,0.82
141,40001,151,0.9
141,42001,151,0.82
141,44001,151,0.78
141,46001,151,0.68
141,48001,151,0.71
141,50001,151,0.82
141,52001,151,0.86
141,54001,151,1.01
141,56001,151,0.93
141,58001,151,0.83
141,60001,151,0.81
141,62001,151,0.79
141,64001,151,0.72
141,65535,151,0.72
141,1,161,0.62
141,2001,161,0.67
141,4001,161,0.72
141,6001,161,0.94
141,8001,161,1.14
141,10001,161,1.45
141,12001,161,0.91
141,14001,161,0.62
141,16001,161,0.62
141,18001,161,0.6
141,20001,161,0.59
141,22001,161,0.58
141,24001,161,0.6
141,26001,161,0.61
141,28001,161,0.6
141,30001,161,0.67
141,32001,161,0.67
141,34001,161,0.73
141,36001,161,0.8
141,38001,161,0.82
141,40001,161,0.84
141,42001,161,0.82
141,44001,161,0.75
141,46001,161,0.72
141,48001,161,0.76
141,50001,161,0.81
141,52001,161,0.91
141,54001,161,1.03
141,56001,161,0.94
141,58001,161,0.83
141,60001,161,0.76
141,62001,161,0.74
141,64001,161,0.69
141,65535,161,0.69
141,1,171,0.64
141,2001,171,0.64
141,4001,171,0.7
141,6001,171,0.92
141,8001,171,1.12
141,10001,171,1.24
141,12001,171,0.98
141,14001,171,0.7
141,16001,171,0.64
141,18001,171,0.56
141,20001,171,0.57
141,22001,171,0.54
141,24001,171,0.6
141,26001,171,0.58
141,28001,171,0.58
141,30001,171,0.67
141,32001,171,0.69
141,34001,171,0.74
141,36001,171,0.81
141,38001,171,0.88
141,40001,171,0.85
141,42001,171,0.76
141,44001,171,0.71
141,46001,171,0.69
141,48001,171,0.7
141,50001,171,0.77
141,52001,171,0.83
141,54001,171,0.96
141,56001,171,0.86
141,58001,171,0.8
141,60001,171,0.76
141,62001,171,0.69
141,64001,171,0.67
141,65535,171,0.63
141,1,181,0.61
141,2001,181,0.61
141,4001,181,0.68
141,6001,181,0.8
141,8001,181,0.95
141,10001,181,1.11
141,12001,181,0.82
141,14001,181,0.61
141,16001,181,0.56
141,18001,181,0.62
141,20001,181,0.63
141,22001,181,0.56
141,24001,181,0.6
141,26001,181,0.61
141,28001,181,0.61
141,30001,181,0.66
141,32001,181,0.7
141,34001,181,0.71
141,36001,181,0.77
141,38001,181,0.87
141,40001,181,0.85
141,42001,181,0.73
141,44001,181,0.71
141,46001,181,0.67
141,48001,181,0.65
141,50001,181,0.76
141,52001,181,0.94
141,54001,181,0.92
141,56001,181,0.84
141,58001,181,0.75
141,60001,181,0.74
141,62001,181,0.69
141,64001,181,0.68
141,65535,181,0.65
141,1,191,0.64
141,2001,191,0.64
141,4001,191,0.6
141,6001,191,0.76
141,8001,191,0.93
141,10001,191,1.07
141,12001,191,0.99
141,14001,191,0.63
141,16001,191,0.61
141,18001,191,0.55
141,20001,191,0.58
141,22001,191,0.6
141,24001,191,0.61
141,26001,191,0.58
141,28001,191,0.61
141,30001,191,0.64
141,32001,191,0.7
141,34001,191,0.72
141,36001,191,0.83
141,38001,191,0.88
141,40001,191,0.81
141,42001,191,0.74
141,44001,191,0.7
141,46001,191,0.67
141,48001,191,0.66
141,50001,191,0.76
141,52001,191,0.85
141,54001,191,0.92
141,56001,191,0.84
141,58001,191,0.76
141,60001,191,0.7
141,62001,191,0.67
141,64001,191,0.69
141,65535,191,0.61
141,1,201,0.62
141,2001,201,0.6
141,4001,201,0.64
141,6001,201,0.66
141,8001,201,0.82
141,10001,201,0.96
141,12001,201,0.75
141,14001,201,0.69
141,16001,201,0.6
141,18001,201,0.6
141,20001,201,0.6
141,22001,201,0.56
141,24001,201,0.58
141,26001,201,0.59
141,28001,201,0.6
141,30001,201,0.69
141,32001,201,0.72
141,34001,201,0.75
141,36001,201,0.8
141,38001,201,0.86
141,40001,201,0.8
141,42001,201,0.74
141,44001,201,0.65
141,46001,201,0.67
141,48001,201,0.67
141,50001,201,0.73
141,52001,201,0.83
141,54001,201,0.93
141,56001,201,0.8
141,58001,201,0.74
141,60001,201,0.72
141,62001,201,0.64
141,64001,201,0.66
141,65535,201,0.59
141,1,211,0.59
141,2001,211,0.61
141,4001,211,0.61
141,6001,211,0.68
141,8001,211,0.81
141,10001,211,0.94
141,12001,211,0.72
141,14001,211,0.66
141,16001,211,0.56
141,18001,211,0.58
141,20001,211,0.59
141,22001,211,0.63
141,24001,211,0.55
141,26001,211,0.59
141,28001,211,0.58
141,30001,211,0.65
141,32001,211,0.69
141,34001,211,0.72
141,36001,211,0.8
141,38001,211,0.9
141,40001,211,0.77
141,42001,211,0.69
141,44001,211,0.66
141,46001,211,0.66
141,48001,211,0.67
141,50001,211,0.73
141,52001,211,0.83
141,54001,211,0.92
141,56001,211,0.79
141,58001,211,0.69
141,60001,211,0.69
141,62001,211,0.68
141,64001,211,0.62
141,65535,211,0.62
141,1,221,0.67
141,2001,221,0.58
141,4001,221,0.64
141,6001,221,0.66
141,8001,221,0.82
141,10001,221,0.94
141,12001,221,0.77
141,14001,221,0.66
141,16001,221,0.6
141,18001,221,0.61
141,20001,221,0.56
141,22001,221,0.57
141,24001,221,0.58
141,26001,221,0.6
141,28001,221,0.59
141,30001,221,0.6
141,32001,221,0.67
141,34001,221,0.73
141,36001,221,0.79
141,38001,221,0.86
141,40001,221,0.8
141,42001,221,0.71
141,44001,221,0.63
141,46001,221,0.64
141,48001,221,0.65
141,50001,221,0.68
141,52001,221,0.8
141,54001,221,0.85
141,56001,221,0.77
141,58001,221,0.74
141,60001,221,0.69
141,62001,221,0.68
141,64001,221,0.61
141,65535,221,0.64
141,1,231,0.59
141,2001,231,0.59
141,4001,231,0.61
141,6001,231,0.7
141,8001,231,0.68
141,10001,231,0.91
141,12001,231,0.71
141,14001,231,0.62
141,16001,231,0.61
141,18001,231,0.6
141,20001,231,0.59
141,22001,231,0.59
141,24001,231,0.61
141,26001,231,0.63
141,28001,231,0.64
141,30001,231,0.63
141,32001,231,0.65
141,34001,231,0.67
141,36001,231,0.78
141,38001,231,0.83
141,40001,231,0.79
141,42001,231,0.66
141,44001,231,0.67
141,46001,231,0.58
141,48001,231,0.61
141,50001,231,0.69
141,52001,231,0.78
141,54001,231,0.89
141,56001,231,0.79
141,58001,231,0.71
141,60001,231,0.65
141,62001,231,0.66
141,64001,231,0.61
141,65535,231,0.62
141,1,241,0.59
141,2001,241,0.59
141,4001,241,0.61
141,6001,241,0.64
141,8001,241,0.73
141,10001,241,0.89
141,12001,241,0.72
141,14001,241,0.62
141,16001,241,0.6
141,18001,241,0.62
141,20001,241,0.57
141,22001,241,0.63
141,24001,241,0.58
141,26001,241,0.57
141,28001,241,0.59
141,30001,241,0.6
141,32001,241,0.66
141,34001,241,0.74
141,36001,241,0.82
141,38001,241,0.83
141,40001,241,0.71
141,42001,241,0.7
141,44001,241,0.63
141,46001,241,0.6
141,48001,241,0.61
141,50001,241,0.68
141,52001,241,0.75
141,54001,241,0.91
141,56001,241,0.81
141,58001,241,0.76
141,60001,241,0.66
141,62001,241,0.63
141,64001,241,0.61
141,65535,241,0.6
141,1,251,0.6
141,2001,251,0.62
141,4001,251,0.62
141,6001,251,0.64
141,8001,251,0.71
141,10001,251,0.85
141,12001,251,0.78
141,14001,251,0.65
141,16001,251,0.6
141,18001,251,0.58
141,20001,251,0.58
141,22001,251,0.6
141,24001,251,0.58
141,26001,251,0.59
141,28001,251,0.58
141,30001,251,0.58
141,32001,251,0.64
141,34001,251,0.72
141,36001,251,0.79
141,38001,251,0.82
141,40001,251,0.75
141,42001,251,0.69
141,44001,251,0.6
141,46001,251,0.59
141,48001,251,0.58
141,50001,251,0.62
141,52001,251,0.78
141,54001,251,0.88
141,56001,251,0.74
141,58001,251,0.72
141,60001,251,0.72
141,62001,251,0.64
141,64001,251,0.6
141,65535,251,0.61
141,1,254,0.57
141,2001,254,0.58
141,4001,254,0.58
141,6001,254,0.61
141,8001,254,0.7
141,10001,254,0.9
141,12001,254,0.69
141,14001,254,0.6
141,16001,254,0.61
141,18001,254,0.57
141,20001,254,0.58
141,22001,254,0.58
141,24001,254,0.55
141,26001,254,0.53
141,28001,254,0.65
141,30001,254,0.65
141,32001,254,0.64
141,34001,254,0.72
141,36001,254,0.81
141,38001,254,0.84
141,40001,254,0.74
141,42001,254,0.69
141,44001,254,0.62
141,46001,254,0.62
141,48001,254,0.59
141,50001,254,0.67
141,52001,254,0.76
141,54001,254,0.93
141,56001,254,0.78
141,58001,254,0.7
141,60001,254,0.69
141,62001,254,0.61
141,64001,254,0.63
141,65535,254,0.58
151,1,1,0.94
151,2001,1,0.91
151,4001,1,0.95
151,6001,1,0.93
151,8001,1,0.93
151,10001,1,0.9
151,12001,1,0.92
151,14001,1,0.9
151,16001,1,0.91
151,18001,1,0.92
151,20001,1,0.89
151,22001,1,0.89
151,24001,1,0.9
151,26001,1,0.92
151,28001,1,0.92
151,30001,1,0.89
151,32001,1,0.88
151,34001,1,0.86
151,36001,1,0.94
151,38001,1,0.92
151,40001,1,0.9
151,42001,1,0.91
151,44001,1,0.87
151,46001,1,0.89
151,48001,1,0.88
151,50001,1,0.92
151,52001,1,0.9
151,54001,1,0.93
151,56001,1,0.92
151,58001,1,0.89
151,60001,1,0.93
151,62001,1,0.94
151,64001,1,0.92
151,65535,1,0.96
151,1,11,1.06
151,2001,11,1.05
151,4001,11,1.0
151,6001,11,0.99
151,8001,11,0.95
151,10001,11,0.91
151,12001,11,0.92
151,14001,11,0.9
151,16001,11,0.87
151,18001,11,0.89
151,20001,11,0.81
151,22001,11,0.82
151,24001,11,0.79
151,26001,11,0.79
151,28001,11,0.82
151,30001,11,0.78
151,32001,11,0.81
151,34001,11,0.81
151,36001,11,0.84
151,38001,11,0.86
151,40001,11,0.9
151,42001,11,0.88
151,44001,11,0.89
151,46001,11,0.91
151,48001,11,0.94
151,50001,11,0.94
151,52001,11,1.0
151,54001,11,1.02
151,56001,11,1.07
151,58001,11,1.06
151,60001,11,1.05
151,62001,11,1.04
151,64001,11,1.08
151,65535,11,1.07
151,1,21,1.26
151,2001,21,1.2
151,4001,21,1.14
151,6001,21,1.09
151,8001,21,1.03
151,10001,21,0.98
151,12001,21,0.93
151,14001,21,0.87
151,16001,21,0.81
151,18001,21,0.83
151,20001,21,0.78
151,22001,21,0.74
151,24001,21,0.77
151,26001,21,0.77
151,28001,21,0.8
151,30001,21,0.74
151,32001,21,0.8
151,34001,21,0.8
151,36001,21,0.81
151,38001,21,0.81
151,40001,21,0.85
151,42001,21,0.84
151,44001,21,0.9
151,46001,21,0.93
151,48001,21,0.94
151,50001,21,1.04
151,52001,21,1.08
151,54001,21,1.15
151,56001,21,1.23
151,58001,21,1.25
151,60001,21,1.25
151,62001,21,1.29
151,64001,21,1.23
151,65535,21,1.23
151,1,31,1.46
151,2001,31,1.49
151,4001,31,1.4
151,6001,31,1.18
151,8001,31,1.08
151,10001,31,0.96
151,12001,31,0.9
151,14001,31,0.85
151,16001,31,0.81
151,18001,31,0.74
151,20001,31,0.79
151,22001,31,0.74
151,24001,31,0.78
151,26001,31,0.75
151,28001,31,0.77
151,30001,31,0.79
151,32001,31,0.76
151,34001,31,0.79
151,36001,31,0.79
151,38001,31,0.82
151,40001,31,0.81
151,42001,31,0.81
151,44001,31,0.85
151,46001,31,0.95
151,48001,31,1.0
151,50001,31,1.1
151,52001,31,1.19
151,54001,31,1.28
151,56001,31,1.34
151,58001,31,1.42
151,60001,31,1.38
151,62001,31,1.44
151,64001,31,1.44
151,65535,31,1.46
151,1,41,1.52
151,2001,41,1.53
151,4001,41,1.51
151,6001,41,1.38
151,8001,41,1.22
151,10001,41,1.0
151,12001,41,0.94
151,14001,41,0.85
151,16001,41,0.76
151,18001,41,0.77
151,20001,41,0.73
151,22001,41,0.77
151,24001,41,0.73
151,26001,41,0.73
151,28001,41,0.76
151,30001,41,0.74
151,32001,41,0.74
151,34001,41,0.76
151,36001,41,0.81
151,38001,41,0.83
151,40001,41,0.84
151,42001,41,0.84
151,44001,41,0.89
151,46001,41,0.94
151,48001,41,1.05
151,50001,41,1.22
151,52001,41,1.27
151,54001,41,1.34
151,56001,41,1.46
151,58001,41,1.56
151,60001,41,1.57
151,62001,41,1.62
151,64001,41,1.67
151,65535,41,1.69
151,1,51,1.62
151,2001,51,1.64
151,4001,51,1.45
151,6001,51,1.56
151,8001,51,1.3
151,10001,51,1.04
151,12001,51,0.9
151,14001,51,0.77
151,16001,51,0.72
151,18001,51,0.75
151,20001,51,0.74
151,22001,51,0.78
151,24001,51,0.78
151,26001,51,0.73
151,28001,51,0.76
151,30001,51,0.77
151,32001,51,0.8
151,34001,51,0.77
151,36001,51,0.79
151,38001,51,0.81
151,40001,51,0.83
151,42001,51,0.85
151,44001,51,0.85
151,46001,51,0.9
151,48001,51,1.09
151,50001,51,1.22
151,52001,51,1.38
151,54001,51,1.41
151,56001,51,1.28
151,58001,51,1.38
151,60001,51,1.39
151,62001,51,1.47
151,64001,51,1.56
151,65535,51,1.6
151,1,61,1.5
151,2001,61,1.52
151,4001,61,1.67
151,6001,61,1.38
151,8001,61,1.4
151,10001,61,1.11
151,12001,61,0.94
151,14001,61,0.83
151,16001,61,0.75
151,18001,61,0.71
151,20001,61,0.72
151,22001,61,0.7
151,24001,61,0.72
151,26001,61,0.77
151,28001,61,0.73
151,30001,61,0.77
151,32001,61,0.82
151,34001,61,0.78
151,36001,61,0.79
151,38001,61,0.83
151,40001,61,0.84
151,42001,61,0.84
151,44001,61,0.86
151,46001,61,0.98
151,48001,61,1.2
151,50001,61,1.23
151,52001,61,1.42
151,54001,61,1.45
151,56001,61,1.38
151,58001,61,1.46
151,60001,61,1.4
151,62001,61,1.44
151,64001,61,1.45
151,65535,61,1.52
151,1,71,1.39
151,2001,71,1.45
151,4001,71,1.61
151,6001,71,1.56
151,8001,71,1.65
151,10001,71,1.21
151,12001,71,0.96
151,14001,71,0.82
151,16001,71,0.7
151,18001,71,0.73
151,20001,71,0.72
151,22001,71,0.74
151,24001,71,0.72
151,26001,71,0.72
151,28001,71,0.74
151,30001,71,0.76
151,32001,71,0.77
151,34001,71,0.76
151,36001,71,0.84
151,38001,71,0.87
151,40001,71,0.86
151,42001,71,0.87
151,44001,71,0.93
151,46001,71,1.03
151,48001,71,1.16
151,50001,71,1.27
151,52001,71,1.37
151,54001,71,1.34
151,56001,71,1.48
151,58001,71,1.59
151,60001,71,1.62
151,62001,71,1.67
151,64001,71,1.7
151,65535,71,1.73
151,1,81,1.6
151,2001,81,1.57
151,4001,81,1.42
151,6001,81,1.71
151,8001,81,1.41
151,10001,81,1.18
151,12001,81,0.97
151,14001,81,0.77
151,16001,81,0.75
151,18001,81,0.72
151,20001,81,0.72
151,22001,81,0.75
151,24001,81,0.7
151,26001,81,0.72
151,28001,81,0.74
151,30001,81,0.73
151,32001,81,0.8
151,34001,81,0.79
151,36001,81,0.84
151,38001,81,0.88
151,40001,81,0.86
151,42001,81,0.9
151,44001,81,0.93
151,46001,81,1.01
151,48001,81,1.15
151,50001,81,1.25
151,52001,81,1.27
151,54001,81,1.43
151,56001,81,1.51
151,58001,81,1.48
151,60001,81,1.58
151,62001,81,1.52
151,64001,81,1.57
151,65535,81,1.65
151,1,91,1.36
151,2001,91,1.36
151,4001,91,1.7
151,6001,91,1.69
151,8001,91,1.61
151,10001,91,1.3
151,12001,91,1.02
151,14001,91,0.83
151,16001,91,0.69
151,18001,91,0.69
151,20001,91,0.69
151,22001,91,0.71
151,24001,91,0.71
151,26001,91,0.7
151,28001,91,0.77
151,30001,91,0.77
151,32001,91,0.79
151,34001,91,0.79
151,36001,91,0.84
151,38001,91,0.88
151,40001,91,0.86
151,42001,91,0.9
151,44001,91,0.95
151,46001,91,1.06
151,48001,91,1.09
151,50001,91,1.15
151,52001,91,1.22
151,54001,91,1.35
151,56001,91,1.4
151,58001,91,1.4
151,60001,91,1.42
151,62001,91,1.4
151,64001,91,1.41
151,65535,91,1.41
151,1,101,1.14
151,2001,101,1.11
151,4001,101,1.51
151,6001,101,1.52
151,8001,101,1.7
151,10001,101,1.45
151,12001,101,0.95
151,14001,101,0.77
151,16001,101,0.71
151,18001,101,0.68
151,20001,101,0.69
151,22001,101,0.68
151,24001,101,0.72
151,26001,101,0.73
151,28001,101,0.77
151,30001,101,0.77
151,32001,101,0.78
151,34001,101,0.8
151,36001,101,0.81
151,38001,101,0.86
151,40001,101,0.9
151,42001,101,0.96
151,44001,101,1.0
151,46001,101,1.01
151,48001,101,1.03
151,50001,101,1.12
151,52001,101,1.26
151,54001,101,1.29
151,56001,101,1.35
151,58001,101,1.34
151,60001,101,1.32
151,62001,101,1.3
151,64001,101,1.22
151,65535,101,1.18
151,1,111,1.0
151,2001,111,1.04
151,4001,111,1.3
151,6001,111,1.46
151,8001,111,1.65
151,10001,111,1.35
151,12001,111,1.0
151,14001,111,0.86
151,16001,111,0.71
151,18001,111,0.67
151,20001,111,0.72
151,22001,111,0.7
151,24001,111,0.68
151,26001,111,0.72
151,28001,111,0.71
151,30001,111,0.73
151,32001,111,0.79
151,34001,111,0.79
151,36001,111,0.82
151,38001,111,0.9
151,40001,111,0.93
151,42001,111,0.95
151,44001,111,1.04
151,46001,111,0.95
151,48001,111,1.01
151,50001,111,1.03
151,52001,111,1.16
151,54001,111,1.28
151,56001,111,1.24
151,58001,111,1.29
151,60001,111,1.14
151,62001,111,1.12
151,64001,111,1.11
151,65535,111,1.04
151,1,121,0.92
151,2001,121,0.93
151,4001,121,1.22
151,6001,121,1.34
151,8001,121,1.73
151,10001,121,1.46
151,12001,121,1.0
151,14001,121,0.75
151,16001,121,0.69
151,18001,121,0.69
151,20001,121,0.69
151,22001,121,0.68
151,24001,121,0.71
151,26001,121,0.7
151,28001,121,0.71
151,30001,121,0.74
151,32001,121,0.74
151,34001,121,0.82
151,36001,121,0.83
151,38001,121,0.9
151,40001,121,0.97
151,42001,121,0.98
151,44001,121,0.97
151,46001,121,0.95
151,48001,121,0.96
151,50001,121,1.0
151,52001,121,1.2
151,54001,121,1.27
151,56001,121,1.22
151,58001,121,1.18
151,60001,121,1.08
151,62001,121,1.03
151,64001,121,0.98
151,65535,121,0.94
151,1,131,0.86
151,2001,131,0.85
151,4001,131,0.97
151,6001,131,1.42
151,8001,131,1.72
151,10001,131,1.44
151,12001,131,0.93
151,14001,131,0.79
151,16001,131,0.71
151,18001,131,0.72
151,20001,131,0.69
151,22001,131,0.68
151,24001,131,0.69
151,26001,131,0.7
151,28001,131,0.77
151,30001,131,0.73
151,32001,131,0.75
151,34001,131,0.77
151,36001,131,0.84
151,38001,131,0.94
151,40001,131,0.96
151,42001,131,0.98
151,44001,131,0.95
151,46001,131,0.9
151,48001,131,0.9
151,50001,131,0.99
151,52001,131,1.15
151,54001,131,1.23
151,56001,131,1.21
151,58001,131,1.13
151,60001,131,0.98
151,62001,131,0.91
151,64001,131,0.92
151,65535,131,0.87
151,1,141,0.81
151,2001,141,0.78
151,4001,141,0.95
151,6001,141,1.39
151,8001,141,1.61
151,10001,141,1.65
151,12001,141,1.1
151,14001,141,0.8
151,16001,141,0.67
151,18001,141,0.66
151,20001,141,0.68
151,22001,141,0.65
151,24001,141,0.7
151,26001,141,0.69
151,28001,141,0.69
151,30001,141,0.72
151,32001,141,0.81
151,34001,141,0.8
151,36001,141,0.85
151,38001,141,0.89
151,40001,141,1.01
151,42001,141,0.98
151,44001,141,0.89
151,46001,141,0.88
151,48001,141,0.89
151,50001,141,0.94
151,52001,141,1.07
151,54001,141,1.16
151,56001,141,1.09
151,58001,141,0.98
151,60001,141,0.93
151,62001,141,0.9
151,64001,141,0.86
151,65535,141,0.82
151,1,151,0.77
151,2001,151,0.77
151,4001,151,0.85
151,6001,151,1.11
151,8001,151,1.51
151,10001,151,1.62
151,12001,151,1.01
151,14001,151,0.69
151,16001,151,0.68
151,18001,151,0.68
151,20001,151,0.68
151,22001,151,0.66
151,24001,151,0.7
151,26001,151,0.67
151,28001,151,0.74
151,30001,151,0.73
151,32001,151,0.79
151,34001,151,0.79
151,36001,151,0.88
151,38001,151,0.91
151,40001,151,1.06
151,42001,151,0.93
151,44001,151,0.87
151,46001,151,0.78
151,48001,151,0.83
151,50001,151,0.97
151,52001,151,1.1
151,54001,151,1.16
151,56001,151,1.01
151,58001,151,0.93
151,60001,151,0.85
151,62001,151,0.89
151,64001,151,0.8
151,65535,151,0.77
151,1,161,0.74
151,2001,161,0.77
151,4001,161,0.81
151,6001,161,1.02
151,8001,161,1.42
151,10001,161,1.44
151,12001,161,1.05
151,14001,161,0.74
151,16001,161,0.65
151,18001,161,0.66
151,20001,161,0.66
151,22001,161,0.65
151,24001,161,0.63
151,26001,161,0.68
151,28001,161,0.72
151,30001,161,0.71
151,32001,161,0.76
151,34001,161,0.82
151,36001,161,0.88
151,38001,161,0.95
151,40001,161,0.99
151,42001,161,0.93
151,44001,161,0.86
151,46001,161,0.81
151,48001,161,0.81
151,50001,161,0.92
151,52001,161,1.07
151,54001,161,1.15
151,56001,161,1.06
151,58001,161,0.91
151,60001,161,0.85
151,62001,161,0.81
151,64001,161,0.77
151,65535,161,0.74
151,1,171,0.72
151,2001,171,0.75
151,4001,171,0.82
151,6001,171,0.9
151,8001,171,1.32
151,10001,171,1.36
151,12001,171,1.02
151,14001,171,0.74
151,16001,171,0.69
151,18001,171,0.66
151,20001,171,0.66
151,22001,171,0.66
151,24001,171,0.7
151,26001,171,0.69
151,28001,171,0.65
151,30001,171,0.77
151,32001,171,0.8
151,34001,171,0.81
151,36001,171,0.85
151,38001,171,0.94
151,40001,171,0.99
151,42001,171,0.91
151,44001,171,0.81
151,46001,171,0.79
151,48001,171,0.8
151,50001,171,0.94
151,52001,171,0.99
151,54001,171,1.17
151,56001,171,1.03
151,58001,171,0.9
151,60001,171,0.81
151,62001,171,0.81
151,64001,171,0.8
151,65535,171,0.69
151,1,181,0.72
151,2001,181,0.7
151,4001,181,0.76
151,6001,181,0.86
151,8001,181,1.16
151,10001,181,1.3
151,12001,181,0.95
151,14001,181,0.74
151,16001,181,0.7
151,18001,181,0.65
151,20001,181,0.64
151,22001,181,0.65
151,24001,181,0.65
151,26001,181,0.66
151,28001,181,0.67
151,30001,181,0.75
151,32001,181,0.78
151,34001,181,0.84
151,36001,181,0.89
151,38001,181,0.97
151,40001,181,0.93
151,42001,181,0.83
151,44001,181,0.79
151,46001,181,0.76
151,48001,181,0.8
151,50001,181,0.88
151,52001,181,0.98
151,54001,181,1.05
151,56001,181,0.91
151,58001,181,0.81
151,60001,181,0.8
151,62001,181,0.75
151,64001,181,0.7
151,65535,181,0.7
151,1,191,0.68
151,2001,191,0.7
151,4001,191,0.74
151,6001,191,0.86
151,8001,191,1.07
151,10001,191,1.19
151,12001,191,0.88
151,14001,191,0.74
151,16001,191,0.65
151,18001,191,0.68
151,20001,191,0.66
151,22001,191,0.66
151,24001,191,0.68
151,26001,191,0.69
151,28001,191,0.66
151,30001,191,0.73
151,32001,191,0.77
151,34001,191,0.83
151,36001,191,0.87
151,38001,191,0.99
151,40001,191,0.88
151,42001,191,0.82
151,44001,191,0.73
151,46001,191,0.74
151,48001,191,0.75
151,50001,191,0.82
151,52001,191,0.93
151,54001,191,1.04
151,56001,191,0.91
151,58001,191,0.86
151,60001,191,0.79
151,62001,191,0.71
151,64001,191,0.71
151,65535,191,0.7
151,1,201,0.66
151,2001,201,0.67
151,4001,201,0.71
151,6001,201,0.79
151,8001,201,0.96
151,10001,201,1.1
151,12001,201,0.88
151,14001,201,0.7
151,16001,201,0.69
151,18001,201,0.67
151,20001,201,0.66
151,22001,201,0.68
151,24001,201,0.66
151,26001,201,0.67
151,28001,201,0.7
151,30001,201,0.72
151,32001,201,0.78
151,34001,201,0.81
151,36001,201,0.91
151,38001,201,1.02
151,40001,201,0.9
151,42001,201,0.77
151,44001,201,0.78
151,46001,201,0.72
151,48001,201,0.73
151,50001,201,0.79
151,52001,201,0.92
151,54001,201,1.1
151,56001,201,0.91
151,58001,201,0.81
151,60001,201,0.8
151,62001,201,0.74
151,64001,201,0.7
151,65535,201,0.69
151,1,211,0.69
151,2001,211,0.66
151,4001,211,0.62
151,6001,211,0.73
151,8001,211,0.94
151,10001,211,1.07
151,12001,211,0.8
151,14001,211,0.71
151,16001,211,0.66
151,18001,211,0.64
151,20001,211,0.65
151,22001,211,0.64
151,24001,211,0.7
151,26001,211,0.67
151,28001,211,0.66
151,30001,211,0.69
151,32001,211,0.72
151,34001,211,0.83
151,36001,211,0.91
151,38001,211,1.0
151,40001,211,0.93
151,42001,211,0.77
151,44001,211,0.75
151,46001,211,0.7
151,48001,211,0.72
151,50001,211,0.84
151,52001,211,0.95
151,54001,211,1.07
151,56001,211,0.93
151,58001,211,0.83
151,60001,211,0.77
151,62001,211,0.73
151,64001,211,0.69
151,65535,211,0.71
151,1,221,0.68
151,2001,221,0.72
151,4001,221,0.68
151,6001,221,0.73
151,8001,221,0.83
151,10001,221,1.09
151,12001,221,0.89
151,14001,221,0.74
151,16001,221,0.62
151,18001,221,0.69
151,20001,221,0.65
151,22001,221,0.69
151,24001,221,0.68
151,26001,221,0.66
151,28001,221,0.66
151,30001,221,0.68
151,32001,221,0.81
151,34001,221,0.85
151,36001,221,0.89
151,38001,221,0.99
151,40001,221,0.92
151,42001,221,0.75
151,44001,221,0.71
151,46001,221,0.69
151,48001,221,0.71
151,50001,221,0.78
151,52001,221,0.83
151,54001,221,1.0
151,56001,221,0.92
151,58001,221,0.77
151,60001,221,0.77
151,62001,221,0.71
151,64001,221,0.71
151,65535,221,0.7
151,1,231,0.65
151,2001,231,0.66
151,4001,231,0.68
151,6001,231,0.72
151,8001,231,0.83
151,10001,231,1.08
151,12001,231,0.79
151,14001,231,0.65
151,16001,231,0.67
151,18001,231,0.66
151,20001,231,0.66
151,22001,231,0.69
151,24001,231,0.66
151,26001,231,0.64
151,28001,231,0.65
151,30001,231,0.67
151,32001,231,0.78
151,34001,231,0.8
151,36001,231,0.92
151,38001,231,0.99
151,40001,231,0.81
151,42001,231,0.75
151,44001,231,0.67
151,46001,231,0.68
151,48001,231,0.7
151,50001,231,0.74
151,52001,231,0.88
151,54001,231,1.0
151,56001,231,0.87
151,58001,231,0.8
151,60001,231,0.81
151,62001,231,0.72
151,64001,231,0.69
151,65535,231,0.71
151,1,241,0.69
151,2001,241,0.65
151,4001,241,0.67
151,6001,241,0.68
151,8001,241,0.82
151,10001,241,1.02
151,12001,241,0.8
151,14001,241,0.67
151,16001,241,0.69
151,18001,241,0.66
151,20001,241,0.68
151,22001,241,0.65
151,24001,241,0.66
151,26001,241,0.66
151,28001,241,0.67
151,30001,241,0.67
151,32001,241,0.7
151,34001,241,0.86
151,36001,241,0.93
151,38001,241,0.98
151,40001,241,0.83
151,42001,241,0.76
151,44001,241,0.71
151,46001,241,0.68
151,48001,241,0.69
151,50001,241,0.78
151,52001,241,0.86
151,54001,241,1.04
151,56001,241,0.94
151,58001,241,0.82
151,60001,241,0.74
151,62001,241,0.74
151,64001,241,0.7
151,65535,241,0.7
151,1,251,0.71
151,2001,251,0.71
151,4001,251,0.69
151,6001,251,0.67
151,8001,251,0.79
151,10001,251,0.93
151,12001,251,0.86
151,14001,251,0.68
151,16001,251,0.65
151,18001,251,0.62
151,20001,251,0.64
151,22001,251,0.63
151,24001,251,0.68
151,26001,251,0.67
151,28001,251,0.66
151,30001,251,0.7
151,32001,251,0.72
151,34001,251,0.81
151,36001,251,0.9
151,38001,251,0.96
151,40001,251,0.82
151,42001,251,0.72
151,44001,251,0.66
151,46001,251,0.66
151,48001,251,0.69
151,50001,251,0.71
151,52001,251,0.81
151,54001,251,1.02
151,56001,251,0.91
151,58001,251,0.77
151,60001,251,0.77
151,62001,251,0.75
151,64001,251,0.71
151,65535,251,0.69
151,1,254,0.65
151,2001,254,0.69
151,4001,254,0.69
151,6001,254,0.71
151,8001,254,0.76
151,10001,254,1.02
151,12001,254,0.78
151,14001,254,0.69
151,16001,254,0.64
151,18001,254,0.64
151,20001,254,0.67
151,22001,254,0.65
151,24001,254,0.63
151,26001,254,0.68
151,28001,254,0.64
151,30001,254,0.72
151,32001,254,0.72
151,34001,254,0.78
151,36001,254,0.93
151,38001,254,0.9
151,40001,254,0.82
151,42001,254,0.76
151,44001,254,0.7
151,46001,254,0.71
151,48001,254,0.71
151,50001,254,0.72
151,52001,254,0.9
151,54001,254,1.02
151,56001,254,0.86
151,58001,254,0.81
151,60001,254,0.74
151,62001,254,0.72
151,64001,254,0.68
151,65535,254,0.64
161,1,1,1.05
161,2001,1,1.01
161,4001,1,1.04
161,6001,1,1.01
161,8001,1,1.04
161,10001,1,1.06
161,12001,1,1.04
161,14001,1,1.06
161,16001,1,1.03
161,18001,1,1.05
161,20001,1,0.99
161,22001,1,1.01
161,24001,1,1.05
161,26001,1,1.03
161,28001,1,0.99
161,30001,1,1.0
161,32001,1,0.99
161,34001,1,0.98
161,36001,1,1.05
161,38001,1,1.0
161,40001,1,1.01
161,42001,1,1.01
161,44001,1,1.01
161,46001,1,1.02
161,48001,1,0.97
161,50001,1,1.04
161,52001,1,1.03
161,54001,1,1.04
161,56001,1,1.02
161,58001,1,1.09
161,60001,1,1.04
161,62001,1,1.06
161,64001,1,1.05
161,65535,1,1.09
161,1,11,1.2
161,2001,11,1.2
161,4001,11,1.16
161,6001,11,1.1
161,8001,11,1.12
161,10001,11,1.05
161,12001,11,1.07
161,14001,11,1.01
161,16001,11,0.97
161,18001,11,0.95
161,20001,11,0.94
161,22001,11,0.92
161,24001,11,0.92
161,26001,11,0.92
161,28001,11,0.95
161,30001,11,0.93
161,32001,11,0.94
161,34001,11,0.92
161,36001,11,0.98
161,38001,11,0.97
161,40001,11,0.98
161,42001,11,1.02
161,44001,11,1.0
161,46001,11,1.02
161,48001,11,1.03
161,50001,11,1.08
161,52001,11,1.12
161,54001,11,1.18
161,56001,11,1.17
161,58001,11,1.21
161,60001,11,1.23
161,62001,11,1.18
161,64001,11,1.18
161,65535,11,1.16
161,1,21,1.41
161,2001,21,1.45
161,4001,21,1.34
161,6001,21,1.24
161,8001,21,1.18
161,10001,21,1.15
161,12001,21,1.06
161,14001,21,0.98
161,16001,21,0.94
161,18001,21,0.93
161,20001,21,0.88
161,22001,21,0.91
161,24001,21,0.9
161,26001,21,0.84
161,28001,21,0.86
161,30001,21,0.88
161,32001,21,0.87
161,34001,21,0.86
161,36001,21,0.88
161,38001,21,0.94
161,40001,21,0.96
161,42001,21,1.01
161,44001,21,0.99
161,46001,21,1.05
161,48001,21,1.11
161,50001,21,1.16
161,52001,21,1.27
161,54001,21,1.31
161,56001,21,1.41
161,58001,21,1.43
161,60001,21,1.44
161,62001,21,1.44
161,64001,21,1.46
161,65535,21,1.42
161,1,31,1.68
161,2001,31,1.68
161,4001,31,1.62
161,6001,31,1.4
161,8001,31,1.22
161,10001,31,1.14
161,12001,31,1.03
161,14001,31,0.97
161,16001,31,0.92
161,18001,31,0.87
161,20001,31,0.86
161,22001,31,0.88
161,24001,31,0.88
161,26001,31,0.86
161,28001,31,0.86
161,30001,31,0.83
161,32001,31,0.87
161,34001,31,0.86
161,36001,31,0.88
161,38001,31,0.92
161,40001,31,0.85
161,42001,31,0.93
161,44001,31,1.02
161,46001,31,1.04
161,48001,31,1.15
161,50001,31,1.29
161,52001,31,1.35
161,54001,31,1.49
161,56001,31,1.57
161,58001,31,1.62
161,60001,31,1.66
161,62001,31,1.59
161,64001,31,1.68
161,65535,31,1.73
161,1,41,1.74
161,2001,41,1.78
161,4001,41,1.74
161,6001,41,1.64
161,8001,41,1.39
161,10001,41,1.22
161,12001,41,1.03
161,14001,41,0.94
161,16001,41,0.91
161,18001,41,0.86
161,20001,41,0.83
161,22001,41,0.87
161,24001,41,0.85
161,26001,41,0.82
161,28001,41,0.85
161,30001,41,0.89
161,32001,41,0.9
161,34001,41,0.93
161,36001,41,0.91
161,38001,41,0.92
161,40001,41,0.95
161,42001,41,0.94
161,44001,41,1.02
161,46001,41,1.09
161,48001,41,1.19
161,50001,41,1.45
161,52001,41,1.49
161,54001,41,1.54
161,56001,41,1.73
161,58001,41,1.82
161,60001,41,1.87
161,62001,41,1.91
161,64001,41,1.93
161,65535,41,1.97
161,1,51,1.94
161,2001,51,1.91
161,4001,51,1.66
161,6001,51,1.78
161,8001,51,1.5
161,10001,51,1.23
161,12001,51,1.07
161,14001,51,0.94
161,16001,51,0.85
161,18001,51,0.82
161,20001,51,0.82
161,22001,51,0.81
161,24001,51,0.83
161,26001,51,0.86
161,28001,51,0.87
161,30001,51,0.89
161,32001,51,0.91
161,34001,51,0.88
161,36001,51,0.93
161,38001,51,0.92
161,40001,51,0.92
161,42001,51,0.91
161,44001,51,1.0
161,46001,51,1.08
161,48001,51,1.23
161,50001,51,1.45
161,52001,51,1.56
161,54001,51,1.61
161,56001,51,1.53
161,58001,51,1.58
161,60001,51,1.6
161,62001,51,1.74
161,64001,51,1.78
161,65535,51,1.87
161,1,61,1.8
161,2001,61,1.79
161,4001,61,1.92
161,6001,61,1.6
161,8001,61,1.6
161,10001,61,1.28
161,12001,61,1.05
161,14001,61,0.89
161,16001,61,0.88
161,18001,61,0.79
161,20001,61,0.83
161,22001,61,0.88
161,24001,61,0.81
161,26001,61,0.82
161,28001,61,0.87
161,30001,61,0.88
161,32001,61,0.87
161,34001,61,0.84
161,36001,61,0.92
161,38001,61,0.95
161,40001,61,0.94
161,42001,61,0.96
161,44001,61,1.0
161,46001,61,1.14
161,48001,61,1.32
161,50001,61,1.53
161,52001,61,1.64
161,54001,61,1.71
161,56001,61,1.61
161,58001,61,1.62
161,60001,61,1.65
161,62001,61,1.66
161,64001,61,1.75
161,65535,61,1.74
161,1,71,1.6
161,2001,71,1.64
161,4001,71,1.82
161,6001,71,1.83
161,8001,71,1.86
161,10001,71,1.44
161,12001,71,1.07
161,14001,71,0.9
161,16001,71,0.78
161,18001,71,0.78
161,20001,71,0.84
161,22001,71,0.83
161,24001,71,0.81
161,26001,71,0.81
161,28001,71,0.83
161,30001,71,0.88
161,32001,71,0.91
161,34001,71,0.97
161,36001,71,0.91
161,38001,71,0.95
161,40001,71,0.95
161,42001,71,0.97
161,44001,71,1.02
161,46001,71,1.16
161,48001,71,1.38
161,50001,71,1.47
161,52001,71,1.6
161,54001,71,1.66
161,56001,71,1.7
161,58001,71,1.85
161,60001,71,1.91
161,62001,71,1.91
161,64001,71,1.98
161,65535,71,2.03
161,1,81,1.88
161,2001,81,1.9
161,4001,81,1.77
161,6001,81,2.05
161,8001,81,1.64
161,10001,81,1.43
161,12001,81,1.05
161,14001,81,0.92
161,16001,81,0.85
161,18001,81,0.82
161,20001,81,0.82
161,22001,81,0.81
161,24001,81,0.83
161,26001,81,0.84
161,28001,81,0.84
161,30001,81,0.81
161,32001,81,0.83
161,34001,81,0.88
161,36001,81,0.97
161,38001,81,0.96
161,40001,81,1.01
161,42001,81,1.01
161,44001,81,1.07
161,46001,81,1.15
161,48001,81,1.32
161,50001,81,1.44
161,52001,81,1.57
161,54001,81,1.65
161,56001,81,1.74
161,58001,81,1.75
161,60001,81,1.8
161,62001,81,1.81
161,64001,81,1.84
161,65535,81,1.86
161,1,91,1.56
161,2001,91,1.58
161,4001,91,2.0
161,6001,91,1.96
161,8001,91,1.85
161,10001,91,1.64
161,12001,91,1.12
161,14001,91,0.84
161,16001,91,0.82
161,18001,91,0.79
161,20001,91,0.8
161,22001,91,0.8
161,24001,91,0.79
161,26001,91,0.83
161,28001,91,0.82
161,30001,91,0.86
161,32001,91,0.9
161,34001,91,0.9
161,36001,91,0.94
161,38001,91,0.95
161,40001,91,0.97
161,42001,91,1.01
161,44001,91,1.08
161,46001,91,1.23
161,48001,91,1.27
161,50001,91,1.37
161,52001,91,1.45
161,54001,91,1.58
161,56001,91,1.61
161,58001,91,1.6
161,60001,91,1.64
161,62001,91,1.64
161,64001,91,1.68
161,65535,91,1.55
161,1,101,1.31
161,2001,101,1.3
161,4001,101,1.73
161,6001,101,1.81
161,8001,101,2.05
161,10001,101,1.7
161,12001,101,1.2
161,14001,101,0.88
161,16001,101,0.86
161,18001,101,0.78
161,20001,101,0.78
161,22001,101,0.79
161,24001,101,0.79
161,26001,101,0.79
161,28001,101,0.82
161,30001,101,0.83
161,32001,101,0.83
161,34001,101,0.9
161,36001,101,0.95
161,38001,101,0.96
161,40001,101,1.02
161,42001,101,1.02
161,44001,101,1.1
161,46001,101,1.12
161,48001,101,1.22
161,50001,101,1.32
161,52001,101,1.43
161,54001,101,1.54
161,56001,101,1.6
161,58001,101,1.52
161,60001,101,1.59
161,62001,101,1.46
161,64001,101,1.38
161,65535,101,1.33
161,1,111,1.19
161,2001,111,1.18
161,4001,111,1.47
161,6001,111,1.67
161,8001,111,1.99
161,10001,111,1.52
161,12001,111,1.22
161,14001,111,0.9
161,16001,111,0.76
161,18001,111,0.78
161,20001,111,0.78
161,22001,111,0.76
161,24001,111,0.76
161,26001,111,0.79
161,28001,111,0.81
161,30001,111,0.88
161,32001,111,0.89
161,34001,111,0.93
161,36001,111,0.94
161,38001,111,0.99
161,40001,111,1.01
161,42001,111,1.1
161,44001,111,1.14
161,46001,111,1.09
161,48001,111,1.19
161,50001,111,1.22
161,52001,111,1.35
161,54001,111,1.48
161,56001,111,1.44
161,58001,111,1.45
161,60001,111,1.36
161,62001,111,1.3
161,64001,111,1.25
161,65535,111,1.22
161,1,121,1.04
161,2001,121,1.04
161,4001,121,1.29
161,6001,121,1.48
161,8001,121,2.04
161,10001,121,1.64
161,12001,121,1.11
161,14001,121,0.94
161,16001,121,0.79
161,18001,121,0.77
161,20001,121,0.76
161,22001,121,0.78
161,24001,121,0.78
161,26001,121,0.81
161,28001,121,0.81
161,30001,121,0.84
161,32001,121,0.84
161,34001,121,0.9
161,36001,121,0.94
161,38001,121,1.0
161,40001,121,1.08
161,42001,121,1.12
161,44001,121,1.13
161,46001,121,1.09
161,48001,121,1.14
161,50001,121,1.21
161,52001,121,1.32
161,54001,121,1.51
161,56001,121,1.47
161,58001,121,1.3
161,60001,121,1.27
161,62001,121,1.17
161,64001,121,1.12
161,65535,121,1.08
161,1,131,0.94
161,2001,131,0.96
161,4001,131,1.1
161,6001,131,1.56
161,8001,131,2.0
161,10001,131,1.81
161,12001,131,1.2
161,14001,131,1.04
161,16001,131,0.79
161,18001,131,0.76
161,20001,131,0.78
161,22001,131,0.74
161,24001,131,0.76
161,26001,131,0.78
161,28001,131,0.79
161,30001,131,0.86
161,32001,131,0.85
161,34001,131,0.94
161,36001,131,0.99
161,38001,131,1.01
161,40001,131,1.08
161,42001,131,1.1
161,44001,131,1.05
161,46001,131,1.02
161,48001,131,1.06
161,50001,131,1.12
161,52001,131,1.26
161,54001,131,1.43
161,56001,131,1.38
161,58001,131,1.24
161,60001,131,1.16
161,62001,131,1.11
161,64001,131,1.05
161,65535,131,1.0
161,1,141,0.92
161,2001,141,0.93
161,4001,141,1.09
161,6001,141,1.44
161,8001,141,1.91
161,10001,141,1.93
161,12001,141,1.22
161,14001,141,0.84
161,16001,141,0.74
161,18001,141,0.72
161,20001,141,0.74
161,22001,141,0.77
161,24001,141,0.75
161,26001,141,0.83
161,28001,141,0.77
161,30001,141,0.85
161,32001,141,0.88
161,34001,141,0.92
161,36001,141,0.95
161,38001,141,1.01
161,40001,141,1.08
161,42001,141,1.08
161,44001,141,1.01
161,46001,141,0.95
161,48001,141,0.99
161,50001,141,1.07
161,52001,141,1.23
161,54001,141,1.34
161,56001,141,1.23
161,58001,141,1.17
161,60001,141,1.05
161,62001,141,1.02
161,64001,141,1.0
161,65535,141,0.94
161,1,151,0.82
161,2001,151,0.86
161,4001,151,0.92
161,6001,151,1.25
161,8001,151,1.76
161,10001,151,1.89
161,12001,151,1.12
161,14001,151,0.9
161,16001,151,0.76
161,18001,151,0.76
161,20001,151,0.76
161,22001,151,0.75
161,24001,151,0.72
161,26001,151,0.75
161,28001,151,0.79
161,30001,151,0.85
161,32001,151,0.83
161,34001,151,0.94
161,36001,151,0.99
161,38001,151,1.06
161,40001,151,1.1
161,42001,151,1.05
161,44001,151,1.04
161,46001,151,0.96
161,48001,151,0.98
161,50001,151,1.09
161,52001,151,1.26
161,54001,151,1.34
161,56001,151,1.25
161,58001,151,1.14
161,60001,151,1.03
161,62001,151,0.98
161,64001,151,0.92
161,65535,151,0.93
161,1,161,0.81
161,2001,161,0.79
161,4001,161,0.91
161,6001,161,1.22
161,8001,161,1.55
161,10001,161,1.91
161,12001,161,1.4
161,14001,161,0.93
161,16001,161,0.73
161,18001,161,0.74
161,20001,161,0.77
161,22001,161,0.75
161,24001,161,0.75
161,26001,161,0.77
161,28001,161,0.79
161,30001,161,0.8
161,32001,161,0.88
161,34001,161,0.94
161,36001,161,1.01
161,38001,161,1.08
161,40001,161,1.11
161,42001,161,1.01
161,44001,161,0.93
161,46001,161,0.89
161,48001,161,0.97
161,50001,161,1.03
161,52001,161,1.16
161,54001,161,1.25
161,56001,161,1.17
161,58001,161,1.04
161,60001,161,0.97
161,62001,161,0.9
161,64001,161,0.91
161,65535,161,0.9
161,1,171,0.81
161,2001,171,0.8
161,4001,171,0.85
161,6001,171,1.11
161,8001,171,1.36
161,10001,171,1.67
161,12001,171,1.1
161,14001,171,0.78
161,16001,171,0.8
161,18001,171,0.75
161,20001,171,0.73
161,22001,171,0.74
161,24001,171,0.7
161,26001,171,0.74
161,28001,171,0.74
161,30001,171,0.82
161,32001,171,0.86
161,34001,171,0.91
161,36001,171,0.98
161,38001,171,1.08
161,40001,171,1.1
161,42001,171,1.0
161,44001,171,0.93
161,46001,171,0.84
161,48001,171,0.91
161,50001,171,1.01
161,52001,171,1.15
161,54001,171,1.26
161,56001,171,1.14
161,58001,171,1.02
161,60001,171,0.89
161,62001,171,0.9
161,64001,171,0.84
161,65535,171,0.78
161,1,181,0.77
161,2001,181,0.77
161,4001,181,0.86
161,6001,181,1.01
161,8001,181,1.33
161,10001,181,1.4
161,12001,181,1.09
161,14001,181,0.81
161,16001,181,0.77
161,18001,181,0.72
161,20001,181,0.73
161,22001,181,0.71
161,24001,181,0.68
161,26001,181,0.74
161,28001,181,0.79
161,30001,181,0.81
161,32001,181,0.86
161,34001,181,0.92
161,36001,181,1.01
161,38001,181,1.09
161,40001,181,1.08
161,42001,181,0.96
161,44001,181,0.9
161,46001,181,0.83
161,48001,181,0.87
161,50001,181,0.99
161,52001,181,1.15
161,54001,181,1.24
161,56001,181,1.17
161,58001,181,1.06
161,60001,181,0.9
161,62001,181,0.84
161,64001,181,0.81
161,65535,181,0.75
161,1,191,0.73
161,2001,191,0.73
161,4001,191,0.83
161,6001,191,0.92
161,8001,191,1.18
161,10001,191,1.31
161,12001,191,1.1
161,14001,191,0.81
161,16001,191,0.74
161,18001,191,0.75
161,20001,191,0.72
161,22001,191,0.75
161,24001,191,0.73
161,26001,191,0.72
161,28001,191,0.78
161,30001,191,0.81
161,32001,191,0.83
161,34001,191,0.95
161,36001,191,1.0
161,38001,191,1.1
161,40001,191,1.03
161,42001,191,0.96
161,44001,191,0.83
161,46001,191,0.79
161,48001,191,0.88
161,50001,191,0.97
161,52001,191,1.03
161,54001,191,1.18
161,56001,191,1.05
161,58001,191,0.96
161,60001,191,0.9
161,62001,191,0.87
161,64001,191,0.82
161,65535,191,0.73
161,1,201,0.74
161,2001,201,0.74
161,4001,201,0.81
161,6001,201,0.86
161,8001,201,1.06
161,10001,201,1.31
161,12001,201,0.97
161,14001,201,0.85
161,16001,201,0.73
161,18001,201,0.71
161,20001,201,0.7
161,22001,201,0.72
161,24001,201,0.73
161,26001,201,0.73
161,28001,201,0.72
161,30001,201,0.8
161,32001,201,0.85
161,34001,201,0.95
161,36001,201,1.0
161,38001,201,1.15
161,40001,201,1.0
161,42001,201,0.93
161,44001,201,0.83
161,46001,201,0.81
161,48001,201,0.82
161,50001,201,0.92
161,52001,201,1.11
161,54001,201,1.18
161,56001,201,1.02
161,58001,201,0.93
161,60001,201,0.93
161,62001,201,0.83
161,64001,201,0.81
161,65535,201,0.73
161,1,211,0.73
161,2001,211,0.73
161,4001,211,0.79
161,6001,211,0.89
161,8001,211,1.05
161,10001,211,1.28
161,12001,211,0.94
161,14001,211,0.88
161,16001,211,0.77
161,18001,211,0.74
161,20001,211,0.74
161,22001,211,0.73
161,24001,211,0.71
161,26001,211,0.7
161,28001,211,0.76
161,30001,211,0.83
161,32001,211,0.82
161,34001,211,0.9
161,36001,211,0.99
161,38001,211,1.09
161,40001,211,1.0
161,42001,211,0.94
161,44001,211,0.83
161,46001,211,0.79
161,48001,211,0.79
161,50001,211,0.93
161,52001,211,1.0
161,54001,211,1.11
161,56001,211,1.06
161,58001,211,0.95
161,60001,211,0.85
161,62001,211,0.81
161,64001,211,0.8
161,65535,211,0.72
161,1,221,0.75
161,2001,221,0.72
161,4001,221,0.77
161,6001,221,0.84
161,8001,221,0.88
161,10001,221,1.14
161,12001,221,0.97
161,14001,221,0.75
161,16001,221,0.71
161,18001,221,0.76
161,20001,221,0.71
161,22001,221,0.72
161,24001,221,0.76
161,26001,221,0.77
161,28001,221,0.75
161,30001,221,0.81
161,32001,221,0.83
161,34001,221,0.91
161,36001,221,0.97
161,38001,221,1.19
161,40001,221,1.0
161,42001,221,0.88
161,44001,221,0.82
161,46001,221,0.77
161,48001,221,0.77
161,50001,221,0.83
161,52001,221,1.03
161,54001,221,1.15
161,56001,221,1.03
161,58001,221,0.92
161,60001,221,0.86
161,62001,221,0.83
161,64001,221,0.81
161,65535,221,0.74
161,1,231,0.77
161,2001,231,0.71
161,4001,231,0.73
161,6001,231,0.79
161,8001,231,0.95
161,10001,231,1.21
161,12001,231,0.96
161,14001,231,0.8
161,16001,231,0.69
161,18001,231,0.7
161,20001,231,0.72
161,22001,231,0.75
161,24001,231,0.73
161,26001,231,0.78
161,28001,231,0.75
161,30001,231,0.73
161,32001,231,0.82
161,34001,231,0.94
161,36001,231,1.02
161,38001,231,1.12
161,40001,231,0.97
161,42001,231,0.84
161,44001,231,0.81
161,46001,231,0.79
161,48001,231,0.81
161,50001,231,0.85
161,52001,231,1.03
161,54001,231,1.19
161,56001,231,0.98
161,58001,231,0.94
161,60001,231,0.87
161,62001,231,0.81
161,64001,231,0.83
161,65535,231,0.77
161,1,241,0.76
161,2001,241,0.76
161,4001,241,0.75
161,6001,241,0.83
161,8001,241,0.9
161,10001,241,1.18
161,12001,241,1.02
161,14001,241,0.83
161,16001,241,0.76
161,18001,241,0.73
161,20001,241,0.76
161,22001,241,0.73
161,24001,241,0.75
161,26001,241,0.73
161,28001,241,0.74
161,30001,241,0.79
161,32001,241,0.85
161,34001,241,0.88
161,36001,241,1.04
161,38001,241,1.09
161,40001,241,0.98
161,42001,241,0.84
161,44001,241,0.81
161,46001,241,0.77
161,48001,241,0.78
161,50001,241,0.82
161,52001,241,0.94
161,54001,241,1.17
161,56001,241,1.01
161,58001,241,0.89
161,60001,241,0.86
161,62001,241,0.87
161,64001,241,0.76
161,65535,241,0.71
161,1,251,0.78
161,2001,251,0.78
161,4001,251,0.74
161,6001,251,0.82
161,8001,251,0.84
161,10001,251,1.1
161,12001,251,0.93
161,14001,251,0.74
161,16001,251,0.75
161,18001,251,0.72
161,20001,251,0.74
161,22001,251,0.74
161,24001,251,0.74
161,26001,251,0.72
161,28001,251,0.72
161,30001,251,0.76
161,32001,251,0.84
161,34001,251,0.93
161,36001,251,0.98
161,38001,251,1.06
161,40001,251,0.95
161,42001,251,0.83
161,44001,251,0.8
161,46001,251,0.77
161,48001,251,0.75
161,50001,251,0.78
161,52001,251,0.96
161,54001,251,1.16
161,56001,251,0.98
161,58001,251,0.89
161,60001,251,0.89
161,62001,251,0.81
161,64001,251,0.78
161,65535,251,0.75
161,1,254,0.74
161,2001,254,0.76
161,4001,254,0.76
161,6001,254,0.78
161,8001,254,0.88
161,10001,254,1.1
161,12001,254,0.93
161,14001,254,0.77
161,16001,254,0.72
161,18001,254,0.73
161,20001,254,0.71
161,22001,254,0.72
161,24001,254,0.74
161,26001,254,0.74
161,28001,254,0.76
161,30001,254,0.75
161,32001,254,0.82
161,34001,254,0.91
161,36001,254,1.04
161,38001,254,1.06
161,40001,254,0.94
161,42001,254,0.89
161,44001,254,0.79
161,46001,254,0.74
161,48001,254,0.77
161,50001,254,0.78
161,52001,254,0.91
161,54001,254,1.2
161,56001,254,1.04
161,58001,254,0.93
161,60001,254,0.82
161,62001,254,0.78
161,64001,254,0.76
161,65535,254,0.74
171,1,1,1.23
171,2001,1,1.22
171,4001,1,1.18
171,6001,1,1.16
171,8001,1,1.21
171,10001,1,1.17
171,12001,1,1.18
171,14001,1,1.16
171,16001,1,1.15
171,18001,1,1.17
171,20001,1,1.19
171,22001,1,1.16
171,24001,1,1.18
171,26001,1,1.16
171,28001,1,1.16
171,30001,1,1.18
171,32001,1,1.15
171,34001,1,1.15
171,36001,1,1.17
171,38001,1,1.15
171,40001,1,1.16
171,42001,1,1.18
171,44001,1,1.2
171,46001,1,1.14
171,48001,1,1.17
171,50001,1,1.18
171,52001,1,1.16
171,54001,1,1.16
171,56001,1,1.13
171,58001,1,1.18
171,60001,1,1.22
171,62001,1,1.23
171,64001,1,1.21
171,65535,1,1.22
171,1,11,1.39
171,2001,11,1.36
171,4001,11,1.33
171,6001,11,1.28
171,8001,11,1.27
171,10001,11,1.22
171,12001,11,1.21
171,14001,11,1.18
171,16001,11,1.11
171,18001,11,1.08
171,20001,11,1.05
171,22001,11,1.07
171,24001,11,1.06
171,26001,11,1.03
171,28001,11,1.03
171,30001,11,1.02
171,32001,11,1.03
171,34001,11,1.04
171,36001,11,1.04
171,38001,11,1.1
171,40001,11,1.1
171,42001,11,1.12
171,44001,11,1.12
171,46001,11,1.18
171,48001,11,1.21
171,50001,11,1.28
171,52001,11,1.27
171,54001,11,1.32
171,56001,11,1.37
171,58001,11,1.34
171,60001,11,1.39
171,62001,11,1.37
171,64001,11,1.39
171,65535,11,1.41
171,1,21,1.73
171,2001,21,1.68
171,4001,21,1.58
171,6001,21,1.45
171,8001,21,1.36
171,10001,21,1.25
171,12001,21,1.17
171,14001,21,1.13
171,16001,21,1.08
171,18001,21,1.08
171,20001,21,1.02
171,22001,21,0.98
171,24001,21,0.96
171,26001,21,1.02
171,28001,21,0.96
171,30001,21,0.96
171,32001,21,1.0
171,34001,21,1.01
171,36001,21,1.04
171,38001,21,1.0
171,40001,21,1.05
171,42001,21,1.14
171,44001,21,1.07
171,46001,21,1.21
171,48001,21,1.26
171,50001,21,1.36
171,52001,21,1.45
171,54001,21,1.47
171,56001,21,1.65
171,58001,21,1.67
171,60001,21,1.67
171,62001,21,1.67
171,64001,21,1.66
171,65535,21,1.71
171,1,31,2.0
171,2001,31,2.04
171,4001,31,1.87
171,6001,31,1.62
171,8001,31,1.46
171,10001,31,1.29
171,12001,31,1.24
171,14001,31,1.05
171,16001,31,1.02
171,18001,31,1.01
171,20001,31,0.96
171,22001,31,0.99
171,24001,31,0.99
171,26001,31,0.99
171,28001,31,0.94
171,30001,31,0.98
171,32001,31,0.98
171,34001,31,0.99
171,36001,31,1.02
171,38001,31,1.06
171,40001,31,1.03
171,42001,31,1.09
171,44001,31,1.15
171,46001,31,1.23
171,48001,31,1.29
171,50001,31,1.48
171,52001,31,1.61
171,54001,31,1.73
171,56001,31,1.82
171,58001,31,1.93
171,60001,31,1.89
171,62001,31,1.94
171,64001,31,1.94
171,65535,31,1.96
171,1,41,2.07
171,2001,41,2.07
171,4001,41,2.09
171,6001,41,1.83
171,8001,41,1.62
171,10001,41,1.39
171,12001,41,1.19
171,14001,41,1.09
171,16001,41,1.04
171,18001,41,0.98
171,20001,41,0.96
171,22001,41,0.96
171,24001,41,0.94
171,26001,41,0.94
171,28001,41,0.96
171,30001,41,1.0
171,32001,41,1.03
171,34001,41,1.05
171,36001,41,1.01
171,38001,41,1.04
171,40001,41,1.04
171,42001,41,1.04
171,44001,41,1.16
171,46001,41,1.23
171,48001,41,1.32
171,50001,41,1.53
171,52001,41,1.75
171,54001,41,1.88
171,56001,41,2.04
171,58001,41,2.11
171,60001,41,2.16
171,62001,41,2.2
171,64001,41,2.27
171,65535,41,2.27
171,1,51,2.21
171,2001,51,2.23
171,4001,51,1.9
171,6001,51,2.16
171,8001,51,1.73
171,10001,51,1.39
171,12001,51,1.22
171,14001,51,1.08
171,16001,51,0.99
171,18001,51,0.95
171,20001,51,0.94
171,22001,51,0.93
171,24001,51,0.94
171,26001,51,0.95
171,28001,51,0.98
171,30001,51,0.98
171,32001,51,0.98
171,34001,51,1.0
171,36001,51,1.03
171,38001,51,1.09
171,40001,51,1.05
171,42001,51,1.06
171,44001,51,1.12
171,46001,51,1.25
171,48001,51,1.48
171,50001,51,1.68
171,52001,51,1.8
171,54001,51,1.96
171,56001,51,1.81
171,58001,51,1.85
171,60001,51,1.91
171,62001,51,2.02
171,64001,51,2.1
171,65535,51,2.19
171,1,61,2.12
171,2001,61,2.06
171,4001,61,2.23
171,6001,61,1.86
171,8001,61,2.01
171,10001,61,1.66
171,12001,61,1.28
171,14001,61,1.05
171,16001,61,0.91
171,18001,61,0.9
171,20001,61,0.93
171,22001,61,0.97
171,24001,61,0.98
171,26001,61,0.96
171,28001,61,0.95
171,30001,61,0.96
171,32001,61,0.98
171,34001,61,1.01
171,36001,61,1.04
171,38001,61,1.02
171,40001,61,1.1
171,42001,61,1.12
171,44001,61,1.16
171,46001,61,1.26
171,48001,61,1.5
171,50001,61,1.72
171,52001,61,1.9
171,54001,61,2.04
171,56001,61,1.86
171,58001,61,1.91
171,60001,61,1.94
171,62001,61,1.98
171,64001,61,1.98
171,65535,61,2.0
171,1,71,1.85
171,2001,71,1.82
171,4001,71,2.23
171,6001,71,2.13
171,8001,71,2.16
171,10001,71,1.59
171,12001,71,1.21
171,14001,71,1.12
171,16001,71,0.93
171,18001,71,0.94
171,20001,71,0.9
171,22001,71,0.93
171,24001,71,0.94
171,26001,71,0.94
171,28001,71,0.93
171,30001,71,0.97
171,32001,71,1.0
171,34001,71,1.03
171,36001,71,1.02
171,38001,71,1.06
171,40001,71,1.11
171,42001,71,1.16
171,44001,71,1.16
171,46001,71,1.23
171,48001,71,1.5
171,50001,71,1.69
171,52001,71,1.72
171,54001,71,1.89
171,56001,71,1.93
171,58001,71,2.21
171,60001,71,2.23
171,62001,71,2.27
171,64001,71,2.33
171,65535,71,2.24
171,1,81,2.13
171,2001,81,2.2
171,4001,81,1.97
171,6001,81,2.32
171,8001,81,1.86
171,10001,81,1.66
171,12001,81,1.22
171,14001,81,1.08
171,16001,81,0.93
171,18001,81,0.9
171,20001,81,0.9
171,22001,81,0.88
171,24001,81,0.95
171,26001,81,0.9
171,28001,81,0.94
171,30001,81,0.93
171,32001,81,1.0
171,34001,81,1.01
171,36001,81,1.08
171,38001,81,1.1
171,40001,81,1.08
171,42001,81,1.14
171,44001,81,1.24
171,46001,81,1.41
171,48001,81,1.53
171,50001,81,1.65
171,52001,81,1.75
171,54001,81,1.89
171,56001,81,2.06
171,58001,81,2.05
171,60001,81,2.11
171,62001,81,2.1
171,64001,81,2.12
171,65535,81,2.12
171,1,91,1.8
171,2001,91,1.91
171,4001,91,2.28
171,6001,91,2.29
171,8001,91,2.17
171,10001,91,1.85
171,12001,91,1.23
171,14001,91,1.01
171,16001,91,0.91
171,18001,91,0.91
171,20001,91,0.88
171,22001,91,0.94
171,24001,91,0.9
171,26001,91,0.93
171,28001,91,0.95
171,30001,91,0.97
171,32001,91,1.01
171,34001,91,1.01
171,36001,91,1.05
171,38001,91,1.11
171,40001,91,1.12
171,42001,91,1.17
171,44001,91,1.22
171,46001,91,1.34
171,48001,91,1.44
171,50001,91,1.57
171,52001,91,1.71
171,54001,91,1.85
171,56001,91,1.9
171,58001,91,1.89
171,60001,91,1.91
171,62001,91,1.93
171,64001,91,1.93
171,65535,91,1.86
171,1,101,1.49
171,2001,101,1.48
171,4001,101,1.98
171,6001,101,2.08
171,8001,101,2.39
171,10001,101,1.98
171,12001,101,1.28
171,14001,101,1.0
171,16001,101,0.93
171,18001,101,0.88
171,20001,101,0.83
171,22001,101,0.92
171,24001,101,0.89
171,26001,101,0.9
171,28001,101,0.95
171,30001,101,0.94
171,32001,101,1.03
171,34001,101,1.0
171,36001,101,1.07
171,38001,101,1.12
171,40001,101,1.15
171,42001,101,1.2
171,44001,101,1.27
171,46001,101,1.32
171,48001,101,1.41
171,50001,101,1.49
171,52001,101,1.65
171,54001,101,1.79
171,56001,101,1.82
171,58001,101,1.81
171,60001,101,1.81
171,62001,101,1.72
171,64001,101,1.58
171,65535,101,1.53
171,1,111,1.35
171,2001,111,1.31
171,4001,111,1.75
171,6001,111,1.94
171,8001,111,2.36
171,10001,111,1.98
171,12001,111,1.36
171,14001,111,1.02
171,16001,111,0.84
171,18001,111,0.83
171,20001,111,0.85
171,22001,111,0.84
171,24001,111,0.85
171,26001,111,0.88
171,28001,111,0.94
171,30001,111,0.96
171,32001,111,0.99
171,34001,111,1.04
171,36001,111,1.11
171,38001,111,1.12
171,40001,111,1.21
171,42001,111,1.23
171,44001,111,1.31
171,46001,111,1.25
171,48001,111,1.32
171,50001,111,1.46
171,52001,111,1.59
171,54001,111,1.81
171,56001,111,1.74
171,58001,111,1.69
171,60001,111,1.57
171,62001,111,1.52
171,64001,111,1.43
171,65535,111,1.38
171,1,121,1.16
171,2001,121,1.17
171,4001,121,1.49
171,6001,121,1.78
171,8001,121,2.42
171,10001,121,1.95
171,12001,121,1.3
171,14001,121,0.98
171,16001,121,0.91
171,18001,121,0.9
171,20001,121,0.84
171,22001,121,0.86
171,24001,121,0.85
171,26001,121,0.87
171,28001,121,0.92
171,30001,121,0.95
171,32001,121,0.98
171,34001,121,0.98
171,36001,121,1.14
171,38001,121,1.16
171,40001,121,1.25
171,42001,121,1.33
171,44001,121,1.28
171,46001,121,1.24
171,48001,121,1.25
171,50001,121,1.36
171,52001,121,1.59
171,54001,121,1.69
171,56001,121,1.67
171,58001,121,1.5
171,60001,121,1.43
171,62001,121,1.39
171,64001,121,1.28
171,65535,121,1.25
171,1,131,1.1
171,2001,131,1.09
171,4001,131,1.32
171,6001,131,1.9
171,8001,131,2.25
171,10001,131,2.04
171,12001,131,1.28
171,14001,131,1.06
171,16001,131,0.86
171,18001,131,0.83
171,20001,131,0.82
171,22001,131,0.86
171,24001,131,0.84
171,26001,131,0.86
171,28001,131,0.9
171,30001,131,0.94
171,32001,131,0.97
171,34001,131,1.02
171,36001,131,1.13
171,38001,131,1.17
171,40001,131,1.25
171,42001,131,1.3
171,44001,131,1.21
171,46001,131,1.12
171,48001,131,1.22
171,50001,131,1.31
171,52001,131,1.5
171,54001,131,1.62
171,56001,131,1.59
171,58001,131,1.39
171,60001,131,1.33
171,62001,131,1.24
171,64001,131,1.19
171,65535,131,1.15
171,1,141,1.01
171,2001,141,1.07
171,4001,141,1.18
171,6001,141,1.62
171,8001,141,2.11
171,10001,141,2.23
171,12001,141,1.35
171,14001,141,0.91
171,16001,141,0.82
171,18001,141,0.87
171,20001,141,0.85
171,22001,141,0.83
171,24001,141,0.84
171,26001,141,0.86
171,28001,141,0.93
171,30001,141,0.95
171,32001,141,0.97
171,34001,141,1.04
171,36001,141,1.11
171,38001,141,1.18
171,40001,141,1.27
171,42001,141,1.28
171,44001,141,1.16
171,46001,141,1.11
171,48001,141,1.17
171,50001,141,1.26
171,52001,141,1.47
171,54001,141,1.62
171,56001,141,1.44
171,58001,141,1.3
171,60001,141,1.2
171,62001,141,1.16
171,64001,141,1.09
171,65535,141,1.01
171,1,151,0.94
171,2001,151,1.01
171,4001,151,1.11
171,6001,151,1.46
171,8001,151,2.1
171,10001,151,2.06
171,12001,151,1.39
171,14001,151,0.95
171,16001,151,0.87
171,18001,151,0.83
171,20001,151,0.81
171,22001,151,0.86
171,24001,151,0.84
171,26001,151,0.86
171,28001,151,0.93
171,30001,151,0.92
171,32001,151,0.98
171,34001,151,1.04
171,36001,151,1.12
171,38001,151,1.2
171,40001,151,1.31
171,42001,151,1.21
171,44001,151,1.15
171,46001,151,1.04
171,48001,151,1.08
171,50001,151,1.25
171,52001,151,1.41
171,54001,151,1.56
171,56001,151,1.42
171,58001,151,1.22
171,60001,151,1.19
171,62001,151,1.1
171,64001,151,1.03
171,65535,151,1.0
171,1,161,0.94
171,2001,161,0.91
171,4001,161,1.01
171,6001,161,1.27
171,8001,161,1.87
171,10001,161,2.21
171,12001,161,1.43
171,14001,161,0.94
171,16001,161,0.82
171,18001,161,0.88
171,20001,161,0.83
171,22001,161,0.82
171,24001,161,0.82
171,26001,161,0.83
171,28001,161,0.9
171,30001,161,0.9
171,32001,161,0.98
171,34001,161,1.02
171,36001,161,1.15
171,38001,161,1.24
171,40001,161,1.25
171,42001,161,1.17
171,44001,161,1.06
171,46001,161,1.0
171,48001,161,1.05
171,50001,161,1.19
171,52001,161,1.3
171,54001,161,1.48
171,56001,161,1.34
171,58001,161,1.18
171,60001,161,1.14
171,62001,161,1.05
171,64001,161,1.02
171,65535,161,0.94
171,1,171,0.93
171,2001,171,0.88
171,4001,171,0.96
171,6001,171,1.16
171,8001,171,1.73
171,10001,171,1.95
171,12001,171,1.28
171,14001,171,0.97
171,16001,171,0.83
171,18001,171,0.78
171,20001,171,0.82
171,22001,171,0.83
171,24001,171,0.81
171,26001,171,0.82
171,28001,171,0.85
171,30001,171,0.92
171,32001,171,0.91
171,34001,171,1.03
171,36001,171,1.11
171,38001,171,1.26
171,40001,171,1.25
171,42001,171,1.12
171,44001,171,0.99
171,46001,171,0.99
171,48001,171,1.03
171,50001,171,1.16
171,52001,171,1.35
171,54001,171,1.47
171,56001,171,1.27
171,58001,171,1.12
171,60001,171,1.09
171,62001,171,1.0
171,64001,171,0.95
171,65535,171,0.91
171,1,181,0.83
171,2001,181,0.89
171,4001,181,0.93
171,6001,181,1.13
171,8001,181,1.47
171,10001,181,1.68
171,12001,181,1.19
171,14001,181,0.9
171,16001,181,0.85
171,18001,181,0.77
171,20001,181,0.83
171,22001,181,0.8
171,24001,181,0.78
171,26001,181,0.84
171,28001,181,0.84
171,30001,181,0.91
171,32001,181,0.98
171,34001,181,1.05
171,36001,181,1.15
171,38001,181,1.25
171,40001,181,1.2
171,42001,181,1.1
171,44001,181,0.99
171,46001,181,0.97
171,48001,181,0.97
171,50001,181,1.08
171,52001,181,1.27
171,54001,181,1.5
171,56001,181,1.24
171,58001,181,1.11
171,60001,181,1.05
171,62001,181,0.93
171,64001,181,0.9
171,65535,181,0.86
171,1,191,0.9
171,2001,191,0.88
171,4001,191,0.99
171,6001,191,1.14
171,8001,191,1.38
171,10001,191,1.64
171,12001,191,1.2
171,14001,191,0.85
171,16001,191,0.9
171,18001,191,0.82
171,20001,191,0.82
171,22001,191,0.8
171,24001,191,0.8
171,26001,191,0.83
171,28001,191,0.83
171,30001,191,0.91
171,32001,191,0.99
171,34001,191,1.02
171,36001,191,1.08
171,38001,191,1.3
171,40001,191,1.18
171,42001,191,1.05
171,44001,191,1.04
171,46001,191,0.95
171,48001,191,0.96
171,50001,191,1.04
171,52001,191,1.27
171,54001,191,1.38
171,56001,191,1.19
171,58001,191,1.05
171,60001,191,1.04
171,62001,191,0.93
171,64001,191,0.93
171,65535,191,0.85
171,1,201,0.84
171,2001,201,0.86
171,4001,201,0.89
171,6001,201,1.03
171,8001,201,1.22
171,10001,201,1.47
171,12001,201,1.19
171,14001,201,0.89
171,16001,201,0.84
171,18001,201,0.82
171,20001,201,0.81
171,22001,201,0.79
171,24001,201,0.8
171,26001,201,0.81
171,28001,201,0.82
171,30001,201,0.88
171,32001,201,0.96
171,34001,201,1.06
171,36001,201,1.17
171,38001,201,1.28
171,40001,201,1.14
171,42001,201,1.03
171,44001,201,0.98
171,46001,201,0.88
171,48001,201,0.91
171,50001,201,1.05
171,52001,201,1.25
171,54001,201,1.38
171,56001,201,1.17
171,58001,201,1.11
171,60001,201,0.98
171,62001,201,0.9
171,64001,201,0.89
171,65535,201,0.84
171,1,211,0.78
171,2001,211,0.82
171,4001,211,0.87
171,6001,211,0.99
171,8001,211,1.2
171,10001,211,1.46
171,12001,211,1.26
171,14001,211,0.89
171,16001,211,0.84
171,18001,211,0.83
171,20001,211,0.81
171,22001,211,0.84
171,24001,211,0.82
171,26001,211,0.81
171,28001,211,0.84
171,30001,211,0.91
171,32001,211,0.95
171,34001,211,1.05
171,36001,211,1.2
171,38001,211,1.34
171,40001,211,1.23
171,42001,211,1.0
171,44001,211,0.91
171,46001,211,0.86
171,48001,211,0.88
171,50001,211,0.97
171,52001,211,1.12
171,54001,211,1.33
171,56001,211,1.17
171,58001,211,1.03
171,60001,211,0.97
171,62001,211,0.89
171,64001,211,0.86
171,65535,211,0.87
171,1,221,0.84
171,2001,221,0.82
171,4001,221,0.86
171,6001,221,0.96
171,8001,221,1.06
171,10001,221,1.4
171,12001,221,1.04
171,14001,221,0.83
171,16001,221,0.82
171,18001,221,0.82
171,20001,221,0.83
171,22001,221,0.85
171,24001,221,0.79
171,26001,221,0.82
171,28001,221,0.88
171,30001,221,0.91
171,32001,221,0.94
171,34001,221,1.01
171,36001,221,1.15
171,38001,221,1.3
171,40001,221,1.11
171,42001,221,0.97
171,44001,221,0.9
171,46001,221,0.85
171,48001,221,0.85
171,50001,221,0.98
171,52001,221,1.18
171,54001,221,1.29
171,56001,221,1.15
171,58001,221,0.98
171,60001,221,0.96
171,62001,221,0.92
171,64001,221,0.84
171,65535,221,0.84
171,1,231,0.81
171,2001,231,0.82
171,4001,231,0.82
171,6001,231,0.9
171,8001,231,1.14
171,10001,231,1.33
171,12001,231,1.03
171,14001,231,0.95
171,16001,231,0.83
171,18001,231,0.81
171,20001,231,0.8
171,22001,231,0.8
171,24001,231,0.8
171,26001,231,0.81
171,28001,231,0.8
171,30001,231,0.89
171,32001,231,0.95
171,34001,231,1.07
171,36001,231,1.22
171,38001,231,1.26
171,40001,231,1.07
171,42001,231,1.02
171,44001,231,0.85
171,46001,231,0.81
171,48001,231,0.91
171,50001,231,0.98
171,52001,231,1.18
171,54001,231,1.22
171,56001,231,1.2
171,58001,231,1.06
171,60001,231,0.96
171,62001,231,0.88
171,64001,231,0.88
171,65535,231,0.86
171,1,241,0.85
171,2001,241,0.82
171,4001,241,0.83
171,6001,241,0.88
171,8001,241,1.03
171,10001,241,1.24
171,12001,241,1.05
171,14001,241,0.84
171,16001,241,0.79
171,18001,241,0.77
171,20001,241,0.81
171,22001,241,0.84
171,24001,241,0.82
171,26001,241,0.81
171,28001,241,0.83
171,30001,241,0.9
171,32001,241,0.92
171,34001,241,1.04
171,36001,241,1.11
171,38001,241,1.28
171,40001,241,1.06
171,42001,241,0.94
171,44001,241,0.83
171,46001,241,0.88
171,48001,241,0.84
171,50001,241,0.85
171,52001,241,1.08
171,54001,241,1.31
171,56001,241,1.14
171,58001,241,1.01
171,60001,241,0.94
171,62001,241,0.91
171,64001,241,0.86
171,65535,241,0.81
171,1,251,0.81
171,2001,251,0.84
171,4001,251,0.82
171,6001,251,0.85
171,8001,251,1.02
171,10001,251,1.32
171,12001,251,1.01
171,14001,251,0.86
171,16001,251,0.82
171,18001,251,0.82
171,20001,251,0.81
171,22001,251,0.83
171,24001,251,0.79
171,26001,251,0.81
171,28001,251,0.83
171,30001,251,0.87
171,32001,251,0.91
171,34001,251,1.05
171,36001,251,1.17
171,38001,251,1.26
171,40001,251,1.11
171,42001,251,0.95
171,44001,251,0.86
171,46001,251,0.81
171,48001,251,0.82
171,50001,251,0.92
171,52001,251,1.16
171,54001,251,1.41
171,56001,251,1.15
171,58001,251,1.11
171,60001,251,0.95
171,62001,251,0.92
171,64001,251,0.86
171,65535,251,0.84
171,1,254,0.82
171,2001,254,0.84
171,4001,254,0.83
171,6001,254,0.9
171,8001,254,0.98
171,10001,254,1.28
171,12001,254,1.16
171,14001,254,0.9
171,16001,254,0.79
171,18001,254,0.8
171,20001,254,0.82
171,22001,254,0.82
171,24001,254,0.8
171,26001,254,0.82
171,28001,254,0.8
171,30001,254,0.85
171,32001,254,0.98
171,34001,254,1.08
171,36001,254,1.18
171,38001,254,1.24
171,40001,254,1.14
171,42001,254,0.94
171,44001,254,0.85
171,46001,254,0.82
171,48001,254,0.88
171,50001,254,0.93
171,52001,254,1.13
171,54001,254,1.25
171,56001,254,1.15
171,58001,254,1.04
171,60001,254,0.94
171,62001,254,0.93
171,64001,254,0.86
171,65535,254,0.84
181,1,1,1.36
181,2001,1,1.35
181,4001,1,1.4
181,6001,1,1.41
181,8001,1,1.36
181,10001,1,1.39
181,12001,1,1.39
181,14001,1,1.31
181,16001,1,1.33
181,18001,1,1.35
181,20001,1,1.32
181,22001,1,1.33
181,24001,1,1.34
181,26001,1,1.32
181,28001,1,1.35
181,30001,1,1.34
181,32001,1,1.34
181,34001,1,1.31
181,36001,1,1.35
181,38001,1,1.38
181,40001,1,1.34
181,42001,1,1.35
181,44001,1,1.39
181,46001,1,1.34
181,48001,1,1.33
181,50001,1,1.36
181,52001,1,1.35
181,54001,1,1.36
181,56001,1,1.35
181,58001,1,1.37
181,60001,1,1.38
181,62001,1,1.37
181,64001,1,1.39
181,65535,1,1.37
181,1,11,1.6
181,2001,11,1.59
181,4001,11,1.55
181,6001,11,1.54
181,8001,11,1.45
181,10001,11,1.43
181,12001,11,1.32
181,14001,11,1.25
181,16001,11,1.28
181,18001,11,1.26
181,20001,11,1.2
181,22001,11,1.18
181,24001,11,1.17
181,26001,11,1.19
181,28001,11,1.25
181,30001,11,1.25
181,32001,11,1.2
181,34001,11,1.2
181,36001,11,1.21
181,38001,11,1.26
181,40001,11,1.28
181,42001,11,1.31
181,44001,11,1.36
181,46001,11,1.34
181,48001,11,1.42
181,50001,11,1.44
181,52001,11,1.51
181,54001,11,1.55
181,56001,11,1.61
181,58001,11,1.6
181,60001,11,1.6
181,62001,11,1.62
181,64001,11,1.6
181,65535,11,1.54
181,1,21,1.99
181,2001,21,1.98
181,4001,21,1.78
181,6001,21,1.71
181,8001,21,1.59
181,10001,21,1.43
181,12001,21,1.35
181,14001,21,1.24
181,16001,21,1.22
181,18001,21,1.19
181,20001,21,1.16
181,22001,21,1.11
181,24001,21,1.13
181,26001,21,1.13
181,28001,21,1.14
181,30001,21,1.1
181,32001,21,1.13
181,34001,21,1.14
181,36001,21,1.14
181,38001,21,1.21
181,40001,21,1.23
181,42001,21,1.26
181,44001,21,1.33
181,46001,21,1.36
181,48001,21,1.46
181,50001,21,1.55
181,52001,21,1.67
181,54001,21,1.8
181,56001,21,1.88
181,58001,21,1.98
181,60001,21,1.91
181,62001,21,1.94
181,64001,21,1.95
181,65535,21,2.0
181,1,31,2.35
181,2001,31,2.31
181,4001,31,2.2
181,6001,31,1.86
181,8001,31,1.62
181,10001,31,1.5
181,12001,31,1.34
181,14001,31,1.26
181,16001,31,1.23
181,18001,31,1.11
181,20001,31,1.06
181,22001,31,1.12
181,24001,31,1.1
181,26001,31,1.09
181,28001,31,1.09
181,30001,31,1.16
181,32001,31,1.16
181,34001,31,1.1
181,36001,31,1.14
181,38001,31,1.18
181,40001,31,1.19
181,42001,31,1.23
181,44001,31,1.34
181,46001,31,1.39
181,48001,31,1.54
181,50001,31,1.67
181,52001,31,1.84
181,54001,31,2.0
181,56001,31,2.15
181,58001,31,2.25
181,60001,31,2.21
181,62001,31,2.27
181,64001,31,2.3
181,65535,31,2.33
181,1,41,2.48
181,2001,41,2.46
181,4001,41,2.52
181,6001,41,2.18
181,8001,41,1.82
181,10001,41,1.61
181,12001,41,1.41
181,14001,41,1.27
181,16001,41,1.15
181,18001,41,1.09
181,20001,41,1.08
181,22001,41,1.06
181,24001,41,1.07
181,26001,41,1.12
181,28001,41,1.11
181,30001,41,1.16
181,32001,41,1.16
181,34001,41,1.17
181,36001,41,1.18
181,38001,41,1.17
181,40001,41,1.2
181,42001,41,1.25
181,44001,41,1.34
181,46001,41,1.46
181,48001,41,1.58
181,50001,41,1.8
181,52001,41,1.98
181,54001,41,2.17
181,56001,41,2.37
181,58001,41,2.48
181,60001,41,2.54
181,62001,41,2.55
181,64001,41,2.69
181,65535,41,2.71
181,1,51,2.63
181,2001,51,2.54
181,4001,51,2.22
181,6001,51,2.44
181,8001,51,2.03
181,10001,51,1.65
181,12001,51,1.36
181,14001,51,1.19
181,16001,51,1.1
181,18001,51,1.04
181,20001,51,1.04
181,22001,51,1.03
181,24001,51,1.09
181,26001,51,1.08
181,28001,51,1.12
181,30001,51,1.15
181,32001,51,1.11
181,34001,51,1.21
181,36001,51,1.19
181,38001,51,1.19
181,40001,51,1.2
181,42001,51,1.24
181,44001,51,1.26
181,46001,51,1.47
181,48001,51,1.71
181,50001,51,1.94
181,52001,51,2.22
181,54001,51,2.31
181,56001,51,2.04
181,58001,51,2.17
181,60001,51,2.27
181,62001,51,2.37
181,64001,51,2.46
181,65535,51,2.54
181,1,61,2.43
181,2001,61,2.42
181,4001,61,2.58
181,6001,61,2.27
181,8001,61,2.33
181,10001,61,1.65
181,12001,61,1.5
181,14001,61,1.23
181,16001,61,1.09
181,18001,61,1.03
181,20001,61,1.04
181,22001,61,1.07
181,24001,61,1.07
181,26001,61,1.07
181,28001,61,1.07
181,30001,61,1.1
181,32001,61,1.13
181,34001,61,1.16
181,36001,61,1.21
181,38001,61,1.21
181,40001,61,1.23
181,42001,61,1.27
181,44001,61,1.3
181,46001,61,1.57
181,48001,61,1.76
181,50001,61,2.01
181,52001,61,2.19
181,54001,61,2.37
181,56001,61,2.23
181,58001,61,2.21
181,60001,61,2.29
181,62001,61,2.28
181,64001,61,2.31
181,65535,61,2.38
181,1,71,2.17
181,2001,71,2.19
181,4001,71,2.54
181,6001,71,2.54
181,8001,71,2.52
181,10001,71,1.83
181,12001,71,1.33
181,14001,71,1.17
181,16001,71,1.03
181,18001,71,1.0
181,20001,71,1.04
181,22001,71,1.0
181,24001,71,1.04
181,26001,71,1.06
181,28001,71,1.09
181,30001,71,1.14
181,32001,71,1.16
181,34001,71,1.17
181,36001,71,1.18
181,38001,71,1.16
181,40001,71,1.27
181,42001,71,1.28
181,44001,71,1.35
181,46001,71,1.5
181,48001,71,1.82
181,50001,71,2.02
181,52001,71,2.21
181,54001,71,2.24
181,56001,71,2.25
181,58001,71,2.56
181,60001,71,2.62
181,62001,71,2.63
181,64001,71,2.79
181,65535,71,2.67
181,1,81,2.57
181,2001,81,2.59
181,4001,81,2.31
181,6001,81,2.79
181,8001,81,2.15
181,10001,81,1.97
181,12001,81,1.44
181,14001,81,1.17
181,16001,81,1.06
181,18001,81,1.03
181,20001,81,1.02
181,22001,81,1.0
181,24001,81,1.01
181,26001,81,1.04
181,28001,81,1.05
181,30001,81,1.13
181,32001,81,1.13
181,34001,81,1.15
181,36001,81,1.22
181,38001,81,1.21
181,40001,81,1.26
181,42001,81,1.33
181,44001,81,1.42
181,46001,81,1.56
181,48001,81,1.82
181,50001,81,1.9
181,52001,81,2.04
181,54001,81,2.21
181,56001,81,2.4
181,58001,81,2.35
181,60001,81,2.43
181,62001,81,2.48
181,64001,81,2.51
181,65535,81,2.52
181,1,91,2.04
181,2001,91,2.19
181,4001,91,2.72
181,6001,91,2.67
181,8001,91,2.48
181,10001,91,2.18
181,12001,91,1.41
181,14001,91,1.12
181,16001,91,1.04
181,18001,91,1.0
181,20001,91,0.99
181,22001,91,1.04
181,24001,91,1.02
181,26001,91,1.03
181,28001,91,1.1
181,30001,91,1.1
181,32001,91,1.16
181,34001,91,1.19
181,36001,91,1.18
181,38001,91,1.29
181,40001,91,1.32
181,42001,91,1.4
181,44001,91,1.5
181,46001,91,1.57
181,48001,91,1.72
181,50001,91,1.79
181,52001,91,2.03
181,54001,91,2.19
181,56001,91,2.25
181,58001,91,2.18
181,60001,91,2.18
181,62001,91,2.29
181,64001,91,2.17
181,65535,91,2.06
181,1,101,1.72
181,2001,101,1.75
181,4001,101,2.3
181,6001,101,2.42
181,8001,101,2.77
181,10001,101,2.19
181,12001,101,1.38
181,14001,101,1.11
181,16001,101,0.99
181,18001,101,0.99
181,20001,101,0.98
181,22001,101,0.99
181,24001,101,1.0
181,26001,101,1.09
181,28001,101,1.06
181,30001,101,1.08
181,32001,101,1.16
181,34001,101,1.23
181,36001,101,1.21
181,38001,101,1.26
181,40001,101,1.3
181,42001,101,1.44
181,44001,101,1.52
181,46001,101,1.54
181,48001,101,1.58
181,50001,101,1.75
181,52001,101,1.97
181,54001,101,2.17
181,56001,101,2.1
181,58001,101,2.1
181,60001,101,2.15
181,62001,101,1.98
181,64001,101,1.83
181,65535,101,1.72
181,1,111,1.48
181,2001,111,1.54
181,4001,111,2.0
181,6001,111,2.42
181,8001,111,2.75
181,10001,111,2.07
181,12001,111,1.6
181,14001,111,1.15
181,16001,111,0.99
181,18001,111,1.01
181,20001,111,1.02
181,22001,111,0.94
181,24001,111,0.99
181,26001,111,1.03
181,28001,111,1.04
181,30001,111,1.09
181,32001,111,1.15
181,34001,111,1.15
181,36001,111,1.26
181,38001,111,1.32
181,40001,111,1.36
181,42001,111,1.48
181,44001,111,1.52
181,46001,111,1.47
181,48001,111,1.55
181,50001,111,1.65
181,52001,111,1.92
181,54001,111,2.08
181,56001,111,1.99
181,58001,111,1.93
181,60001,111,1.8
181,62001,111,1.7
181,64001,111,1.67
181,65535,111,1.58
181,1,121,1.33
181,2001,121,1.45
181,4001,121,1.69
181,6001,121,2.23
181,8001,121,2.81
181,10001,121,2.25
181,12001,121,1.49
181,14001,121,1.04
181,16001,121,1.0
181,18001,121,0.96
181,20001,121,0.95
181,22001,121,0.98
181,24001,121,0.96
181,26001,121,0.99
181,28001,121,1.05
181,30001,121,1.07
181,32001,121,1.17
181,34001,121,1.17
181,36001,121,1.23
181,38001,121,1.33
181,40001,121,1.41
181,42001,121,1.52
181,44001,121,1.47
181,46001,121,1.41
181,48001,121,1.43
181,50001,121,1.57
181,52001,121,1.83
181,54001,121,2.02
181,56001,121,1.9
181,58001,121,1.76
181,60001,121,1.59
181,62001,121,1.52
181,64001,121,1.44
181,65535,121,1.41
181,1,131,1.28
181,2001,131,1.25
181,4001,131,1.5
181,6001,131,2.21
181,8001,131,2.69
181,10001,131,2.48
181,12001,131,1.5
181,14001,131,1.06
181,16001,131,0.98
181,18001,131,0.94
181,20001,131,0.99
181,22001,131,0.94
181,24001,131,0.94
181,26001,131,0.97
181,28001,131,1.01
181,30001,131,1.06
181,32001,131,1.1
181,34001,131,1.19
181,36001,131,1.27
181,38001,131,1.34
181,40001,131,1.47
181,42001,131,1.5
181,44001,131,1.36
181,46001,131,1.33
181,48001,131,1.43
181,50001,131,1.61
181,52001,131,1.73
181,54001,131,1.97
181,56001,131,1.82
181,58001,131,1.6
181,60001,131,1.47
181,62001,131,1.4
181,64001,131,1.36
181,65535,131,1.3
181,1,141,1.19
181,2001,141,1.21
181,4001,141,1.55
181,6001,141,1.88
181,8001,141,2.63
181,10001,141,2.69
181,12001,141,1.58
181,14001,141,1.07
181,16001,141,0.98
181,18001,141,0.97
181,20001,141,0.95
181,22001,141,0.99
181,24001,141,0.92
181,26001,141,0.98
181,28001,141,1.03
181,30001,141,1.1
181,32001,141,1.13
181,34001,141,1.17
181,36001,141,1.2
181,38001,141,1.31
181,40001,141,1.51
181,42001,141,1.47
181,44001,141,1.32
181,46001,141,1.25
181,48001,141,1.32
181,50001,141,1.42
181,52001,141,1.67
181,54001,141,1.83
181,56001,141,1.59
181,58001,141,1.43
181,60001,141,1.38
181,62001,141,1.33
181,64001,141,1.23
181,65535,141,1.19
181,1,151,1.12
181,2001,151,1.11
181,4001,151,1.33
181,6001,151,1.73
181,8001,151,2.47
181,10001,151,2.48
181,12001,151,1.36
181,14001,151,1.04
181,16001,151,0.95
181,18001,151,0.91
181,20001,151,0.92
181,22001,151,0.95
181,24001,151,0.94
181,26001,151,0.96
181,28001,151,1.0
181,30001,151,1.07
181,32001,151,1.11
181,34001,151,1.19
181,36001,151,1.3
181,38001,151,1.43
181,40001,151,1.47
181,42001,151,1.38
181,44001,151,1.26
181,46001,151,1.19
181,48001,151,1.27
181,50001,151,1.48
181,52001,151,1.67
181,54001,151,1.79
181,56001,151,1.57
181,58001,151,1.36
181,60001,151,1.36
181,62001,151,1.24
181,64001,151,1.18
181,65535,151,1.1
181,1,161,1.06
181,2001,161,1.06
181,4001,161,1.18
181,6001,161,1.64
181,8001,161,2.4
181,10001,161,2.65
181,12001,161,1.52
181,14001,161,1.1
181,16001,161,0.95
181,18001,161,0.91
181,20001,161,0.93
181,22001,161,0.96
181,24001,161,0.92
181,26001,161,0.96
181,28001,161,0.97
181,30001,161,1.04
181,32001,161,1.18
181,34001,161,1.2
181,36001,161,1.32
181,38001,161,1.45
181,40001,161,1.48
181,42001,161,1.38
181,44001,161,1.23
181,46001,161,1.16
181,48001,161,1.23
181,50001,161,1.4
181,52001,161,1.62
181,54001,161,1.71
181,56001,161,1.48
181,58001,161,1.4
181,60001,161,1.22
181,62001,161,1.18
181,64001,161,1.15
181,65535,161,1.07
181,1,171,1.0
181,2001,171,1.06
181,4001,171,1.14
181,6001,171,1.46
181,8001,171,1.95
181,10001,171,2.29
181,12001,171,1.5
181,14001,171,1.0
181,16001,171,0.97
181,18001,171,0.93
181,20001,171,0.94
181,22001,171,0.96
181,24001,171,0.92
181,26001,171,0.92
181,28001,171,0.98
181,30001,171,1.04
181,32001,171,1.09
181,34001,171,1.18
181,36001,171,1.27
181,38001,171,1.43
181,40001,171,1.51
181,42001,171,1.25
181,44001,171,1.15
181,46001,171,1.11
181,48001,171,1.14
181,50001,171,1.32
181,52001,171,1.58
181,54001,171,1.66
181,56001,171,1.4
181,58001,171,1.35
181,60001,171,1.19
181,62001,171,1.13
181,64001,171,1.05
181,65535,171,1.02
181,1,181,1.0
181,2001,181,0.98
181,4001,181,1.08
181,6001,181,1.34
181,8001,181,1.72
181,10001,181,1.83
181,12001,181,1.41
181,14001,181,0.98
181,16001,181,0.99
181,18001,181,0.92
181,20001,181,0.91
181,22001,181,0.94
181,24001,181,0.93
181,26001,181,0.94
181,28001,181,0.98
181,30001,181,1.02
181,32001,181,1.09
181,34001,181,1.18
181,36001,181,1.32
181,38001,181,1.47
181,40001,181,1.38
181,42001,181,1.24
181,44001,181,1.18
181,46001,181,1.05
181,48001,181,1.15
181,50001,181,1.34
181,52001,181,1.5
181,54001,181,1.68
181,56001,181,1.38
181,58001,181,1.26
181,60001,181,1.19
181,62001,181,1.14
181,64001,181,1.03
181,65535,181,0.96
181,1,191,0.99
181,2001,191,0.96
181,4001,191,1.05
181,6001,191,1.31
181,8001,191,1.54
181,10001,191,1.82
181,12001,191,1.41
181,14001,191,1.02
181,16001,191,0.95
181,18001,191,0.93
181,20001,191,0.91
181,22001,191,0.96
181,24001,191,0.91
181,26001,191,0.91
181,28001,191,0.94
181,30001,191,1.02
181,32001,191,1.1
181,34001,191,1.22
181,36001,191,1.31
181,38001,191,1.48
181,40001,191,1.35
181,42001,191,1.18
181,44001,191,1.02
181,46001,191,1.07
181,48001,191,1.04
181,50001,191,1.27
181,52001,191,1.44
181,54001,191,1.64
181,56001,191,1.39
181,58001,191,1.19
181,60001,191,1.14
181,62001,191,1.07
181,64001,191,1.02
181,65535,191,0.98
181,1,201,0.94
181,2001,201,0.95
181,4001,201,0.99
181,6001,201,1.15
181,8001,201,1.37
181,10001,201,1.75
181,12001,201,1.24
181,14001,201,0.91
181,16001,201,0.91
181,18001,201,0.9
181,20001,201,0.91
181,22001,201,0.97
181,24001,201,0.93
181,26001,201,0.9
181,28001,201,0.97
181,30001,201,1.02
181,32001,201,1.1
181,34001,201,1.2
181,36001,201,1.35
181,38001,201,1.51
181,40001,201,1.3
181,42001,201,1.19
181,44001,201,1.07
181,46001,201,0.98
181,48001,201,1.04
181,50001,201,1.21
181,52001,201,1.45
181,54001,201,1.51
181,56001,201,1.35
181,58001,201,1.15
181,60001,201,1.09
181,62001,201,1.09
181,64001,201,0.94
181,65535,201,0.96
181,1,211,0.97
181,2001,211,0.94
181,4001,211,0.99
181,6001,211,1.14
181,8001,211,1.37
181,10001,211,1.73
181,12001,211,1.25
181,14001,211,0.98
181,16001,211,0.93
181,18001,211,0.93
181,20001,211,0.88
181,22001,211,0.96
181,24001,211,0.93
181,26001,211,0.89
181,28001,211,0.93
181,30001,211,0.96
181,32001,211,1.08
181,34001,211,1.23
181,36001,211,1.35
181,38001,211,1.5
181,40001,211,1.28
181,42001,211,1.21
181,44001,211,1.04
181,46001,211,0.98
181,48001,211,1.01
181,50001,211,1.27
181,52001,211,1.41
181,54001,211,1.59
181,56001,211,1.39
181,58001,211,1.23
181,60001,211,1.07
181,62001,211,1.01
181,64001,211,0.95
181,65535,211,0.94
181,1,221,0.96
181,2001,221,0.95
181,4001,221,0.98
181,6001,221,1.06
181,8001,221,1.28
181,10001,221,1.59
181,12001,221,1.23
181,14001,221,0.95
181,16001,221,0.88
181,18001,221,0.9
181,20001,221,0.92
181,22001,221,0.9
181,24001,221,0.9
181,26001,221,0.93
181,28001,221,0.95
181,30001,221,1.01
181,32001,221,1.11
181,34001,221,1.25
181,36001,221,1.37
181,38001,221,1.49
181,40001,221,1.25
181,42001,221,1.14
181,44001,221,0.99
181,46001,221,0.99
181,48001,221,1.0
181,50001,221,1.14
181,52001,221,1.29
181,54001,221,1.55
181,56001,221,1.26
181,58001,221,1.16
181,60001,221,1.08
181,62001,221,1.04
181,64001,221,1.01
181,65535,221,0.98
181,1,231,0.93
181,2001,231,0.97
181,4001,231,0.94
181,6001,231,1.04
181,8001,231,1.23
181,10001,231,1.56
181,12001,231,1.16
181,14001,231,0.93
181,16001,231,0.89
181,18001,231,0.94
181,20001,231,0.92
181,22001,231,0.9
181,24001,231,0.94
181,26001,231,0.96
181,28001,231,0.92
181,30001,231,0.96
181,32001,231,1.07
181,34001,231,1.16
181,36001,231,1.39
181,38001,231,1.47
181,40001,231,1.24
181,42001,231,1.06
181,44001,231,1.0
181,46001,231,0.99
181,48001,231,0.97
181,50001,231,1.11
181,52001,231,1.34
181,54001,231,1.49
181,56001,231,1.3
181,58001,231,1.15
181,60001,231,1.1
181,62001,231,1.06
181,64001,231,0.94
181,65535,231,0.98
181,1,241,0.92
181,2001,241,0.94
181,4001,241,0.97
181,6001,241,0.99
181,8001,241,1.26
181,10001,241,1.57
181,12001,241,1.21
181,14001,241,1.04
181,16001,241,0.9
181,18001,241,0.91
181,20001,241,0.94
181,22001,241,0.89
181,24001,241,0.91
181,26001,241,0.91
181,28001,241,0.96
181,30001,241,0.99
181,32001,241,1.12
181,34001,241,1.21
181,36001,241,1.36
181,38001,241,1.45
181,40001,241,1.23
181,42001,241,1.1
181,44001,241,0.95
181,46001,241,0.95
181,48001,241,0.99
181,50001,241,1.1
181,52001,241,1.32
181,54001,241,1.53
181,56001,241,1.28
181,58001,241,1.14
181,60001,241,1.11
181,62001,241,0.99
181,64001,241,0.95
181,65535,241,0.98
181,1,251,0.94
181,2001,251,0.94
181,4001,251,0.95
181,6001,251,1.03
181,8001,251,1.19
181,10001,251,1.51
181,12001,251,1.2
181,14001,251,0.94
181,16001,251,0.91
181,18001,251,0.92
181,20001,251,0.87
181,22001,251,0.89
181,24001,251,0.87
181,26001,251,0.91
181,28001,251,0.9
181,30001,251,1.02
181,32001,251,1.09
181,34001,251,1.18
181,36001,251,1.32
181,38001,251,1.41
181,40001,251,1.2
181,42001,251,1.02
181,44001,251,0.96
181,46001,251,0.94
181,48001,251,0.96
181,50001,251,1.03
181,52001,251,1.28
181,54001,251,1.59
181,56001,251,1.26
181,58001,251,1.16
181,60001,251,1.08
181,62001,251,0.96
181,64001,251,0.97
181,65535,251,0.98
181,1,254,0.95
181,2001,254,0.93
181,4001,254,0.99
181,6001,254,0.97
181,8001,254,1.17
181,10001,254,1.49
181,12001,254,1.12
181,14001,254,0.93
181,16001,254,0.93
181,18001,254,0.97
181,20001,254,0.92
181,22001,254,0.95
181,24001,254,0.9
181,26001,254,0.95
181,28001,254,0.95
181,30001,254,0.97
181,32001,254,1.08
181,34001,254,1.19
181,36001,254,1.36
181,38001,254,1.38
181,40001,254,1.18
181,42001,254,1.06
181,44001,254,0.98
181,46001,254,0.98
181,48001,254,0.94
181,50001,254,1.04
181,52001,254,1.38
181,54001,254,1.54
181,56001,254,1.26
181,58001,254,1.19
181,60001,254,1.08
181,62001,254,1.02
181,64001,254,0.98
181,65535,254,0.96
191,1,1,1.58
191,2001,1,1.55
191,4001,1,1.58
191,6001,1,1.63
191,8001,1,1.6
191,10001,1,1.61
191,12001,1,1.59
191,14001,1,1.5
191,16001,1,1.53
191,18001,1,1.52
191,20001,1,1.54
191,22001,1,1.54
191,24001,1,1.53
191,26001,1,1.54
191,28001,1,1.54
191,30001,1,1.52
191,32001,1,1.58
191,34001,1,1.53
191,36001,1,1.59
191,38001,1,1.55
191,40001,1,1.61
191,42001,1,1.57
191,44001,1,1.51
191,46001,1,1.55
191,48001,1,1.57
191,50001,1,1.58
191,52001,1,1.55
191,54001,1,1.55
191,56001,1,1.61
191,58001,1,1.62
191,60001,1,1.54
191,62001,1,1.61
191,64001,1,1.6
191,65535,1,1.63
191,1,11,1.86
191,2001,11,1.83
191,4001,11,1.8
191,6001,11,1.74
191,8001,11,1.65
191,10001,11,1.68
191,12001,11,1.59
191,14001,11,1.54
191,16001,11,1.47
191,18001,11,1.46
191,20001,11,1.39
191,22001,11,1.36
191,24001,11,1.4
191,26001,11,1.4
191,28001,11,1.43
191,30001,11,1.39
191,32001,11,1.39
191,34001,11,1.37
191,36001,11,1.44
191,38001,11,1.48
191,40001,11,1.51
191,42001,11,1.53
191,44001,11,1.56
191,46001,11,1.6
191,48001,11,1.66
191,50001,11,1.72
191,52001,11,1.76
191,54001,11,1.79
191,56001,11,1.79
191,58001,11,1.86
191,60001,11,1.84
191,62001,11,1.85
191,64001,11,1.83
191,65535,11,1.86
191,1,21,2.31
191,2001,21,2.31
191,4001,21,2.12
191,6001,21,1.95
191,8001,21,1.81
191,10001,21,1.71
191,12001,21,1.61
191,14001,21,1.47
191,16001,21,1.48
191,18001,21,1.36
191,20001,21,1.33
191,22001,21,1.29
191,24001,21,1.26
191,26001,21,1.32
191,28001,21,1.25
191,30001,21,1.26
191,32001,21,1.25
191,34001,21,1.33
191,36001,21,1.28
191,38001,21,1.31
191,40001,21,1.47
191,42001,21,1.48
191,44001,21,1.52
191,46001,21,1.62
191,48001,21,1.64
191,50001,21,1.8
191,52001,21,1.92
191,54001,21,2.09
191,56001,21,2.23
191,58001,21,2.29
191,60001,21,2.29
191,62001,21,2.29
191,64001,21,2.31
191,65535,21,2.3
191,1,31,2.75
191,2001,31,2.75
191,4001,31,2.57
191,6001,31,2.18
191,8001,31,1.92
191,10001,31,1.71
191,12001,31,1.61
191,14001,31,1.45
191,16001,31,1.4
191,18001,31,1.27
191,20001,31,1.24
191,22001,31,1.25
191,24001,31,1.27
191,26001,31,1.28
191,28001,31,1.25
191,30001,31,1.31
191,32001,31,1.33
191,34001,31,1.34
191,36001,31,1.33
191,38001,31,1.33
191,40001,31,1.39
191,42001,31,1.47
191,44001,31,1.53
191,46001,31,1.62
191,48001,31,1.8
191,50001,31,2.0
191,52001,31,2.14
191,54001,31,2.38
191,56001,31,2.52
191,58001,31,2.58
191,60001,31,2.67
191,62001,31,2.65
191,64001,31,2.64
191,65535,31,2.73
191,1,41,2.85
191,2001,41,2.85
191,4001,41,2.77
191,6001,41,2.59
191,8001,41,2.13
191,10001,41,1.86
191,12001,41,1.61
191,14001,41,1.41
191,16001,41,1.3
191,18001,41,1.24
191,20001,41,1.22
191,22001,41,1.22
191,24001,41,1.25
191,26001,41,1.26
191,28001,41,1.25
191,30001,41,1.32
191,32001,41,1.31
191,34001,41,1.33
191,36001,41,1.32
191,38001,41,1.35
191,40001,41,1.37
191,42001,41,1.45
191,44001,41,1.56
191,46001,41,1.68
191,48001,41,1.91
191,50001,41,2.17
191,52001,41,2.33
191,54001,41,2.55
191,56001,41,2.81
191,58001,41,2.96
191,60001,41,2.99
191,62001,41,3.08
191,64001,41,3.16
191,65535,41,3.19
191,1,51,3.08
191,2001,51,3.08
191,4001,51,2.72
191,6001,51,2.9
191,8001,51,2.4
191,10001,51,1.91
191,12001,51,1.56
191,14001,51,1.39
191,16001,51,1.25
191,18001,51,1.21
191,20001,51,1.18
191,22001,51,1.21
191,24001,51,1.2
191,26001,51,1.25
191,28001,51,1.25
191,30001,51,1.31
191,32001,51,1.28
191,34001,51,1.32
191,36001,51,1.35
191,38001,51,1.4
191,40001,51,1.35
191,42001,51,1.44
191,44001,51,1.57
191,46001,51,1.67
191,48001,51,1.95
191,50001,51,2.3
191,52001,51,2.6
191,54001,51,2.73
191,56001,51,2.38
191,58001,51,2.54
191,60001,51,2.68
191,62001,51,2.83
191,64001,51,2.96
191,65535,51,3.04
191,1,61,2.88
191,2001,61,2.81
191,4001,61,3.1
191,6001,61,2.67
191,8001,61,2.76
191,10001,61,2.02
191,12001,61,1.65
191,14001,61,1.39
191,16001,61,1.21
191,18001,61,1.17
191,20001,61,1.2
191,22001,61,1.2
191,24001,61,1.17
191,26001,61,1.21
191,28001,61,1.26
191,30001,61,1.25
191,32001,61,1.33
191,34001,61,1.33
191,36001,61,1.39
191,38001,61,1.39
191,40001,61,1.43
191,42001,61,1.44
191,44001,61,1.52
191,46001,61,1.82
191,48001,61,2.18
191,50001,61,2.29
191,52001,61,2.57
191,54001,61,2.83
191,56001,61,2.61
191,58001,61,2.6
191,60001,61,2.67
191,62001,61,2.69
191,64001,61,2.75
191,65535,61,2.81
191,1,71,2.9
191,2001,71,2.98
191,4001,71,3.0
191,6001,71,2.97
191,8001,71,3.0
191,10001,71,2.1
191,12001,71,1.61
191,14001,71,1.33
191,16001,71,1.16
191,18001,71,1.17
191,20001,71,1.18
191,22001,71,1.19
191,24001,71,1.18
191,26001,71,1.23
191,28001,71,1.24
191,30001,71,1.27
191,32001,71,1.3
191,34001,71,1.32
191,36001,71,1.39
191,38001,71,1.44
191,40001,71,1.48
191,42001,71,1.51
191,44001,71,1.55
191,46001,71,1.77
191,48001,71,2.09
191,50001,71,2.38
191,52001,71,2.54
191,54001,71,2.62
191,56001,71,2.84
191,58001,71,3.02
191,60001,71,3.05
191,62001,71,3.17
191,64001,71,3.21
191,65535,71,3.25
191,1,81,3.01
191,2001,81,2.98
191,4001,81,2.68
191,6001,81,3.3
191,8001,81,2.54
191,10001,81,2.04
191,12001,81,1.64
191,14001,81,1.34
191,16001,81,1.23
191,18001,81,1.16
191,20001,81,1.18
191,22001,81,1.17
191,24001,81,1.2
191,26001,81,1.21
191,28001,81,1.21
191,30001,81,1.23
191,32001,81,1.31
191,34001,81,1.39
191,36001,81,1.42
191,38001,81,1.43
191,40001,81,1.5
191,42001,81,1.52
191,44001,81,1.61
191,46001,81,1.82
191,48001,81,2.15
191,50001,81,2.31
191,52001,81,2.42
191,54001,81,2.66
191,56001,81,2.78
191,58001,81,2.76
191,60001,81,2.84
191,62001,81,2.9
191,64001,81,2.94
191,65535,81,2.98
191,1,91,2.4
191,2001,91,2.44
191,4001,91,3.23
191,6001,91,3.17
191,8001,91,2.98
191,10001,91,2.34
191,12001,91,1.69
191,14001,91,1.3
191,16001,91,1.16
191,18001,91,1.18
191,20001,91,1.17
191,22001,91,1.17
191,24001,91,1.12
191,26001,91,1.22
191,28001,91,1.26
191,30001,91,1.27
191,32001,91,1.32
191,34001,91,1.35
191,36001,91,1.38
191,38001,91,1.43
191,40001,91,1.53
191,42001,91,1.62
191,44001,91,1.69
191,46001,91,1.83
191,48001,91,2.02
191,50001,91,2.19
191,52001,91,2.33
191,54001,91,2.54
191,56001,91,2.58
191,58001,91,2.55
191,60001,91,2.58
191,62001,91,2.62
191,64001,91,2.52
191,65535,91,2.44
191,1,101,1.98
191,2001,101,1.95
191,4001,101,2.73
191,6001,101,2.9
191,8001,101,3.31
191,10001,101,2.69
191,12001,101,1.59
191,14001,101,1.28
191,16001,101,1.12
191,18001,101,1.15
191,20001,101,1.12
191,22001,101,1.17
191,24001,101,1.16
191,26001,101,1.17
191,28001,101,1.19
191,30001,101,1.26
191,32001,101,1.31
191,34001,101,1.33
191,36001,101,1.42
191,38001,101,1.49
191,40001,101,1.55
191,42001,101,1.59
191,44001,101,1.7
191,46001,101,1.76
191,48001,101,1.84
191,50001,101,2.07
191,52001,101,2.25
191,54001,101,2.52
191,56001,101,2.46
191,58001,101,2.44
191,60001,101,2.44
191,62001,101,2.3
191,64001,101,2.15
191,65535,101,2.07
191,1,111,1.76
191,2001,111,1.74
191,4001,111,2.27
191,6001,111,2.82
191,8001,111,2.84
191,10001,111,2.48
191,12001,111,1.73
191,14001,111,1.33
191,16001,111,1.14
191,18001,111,1.14
191,20001,111,1.13
191,22001,111,1.13
191,24001,111,1.16
191,26001,111,1.15
191,28001,111,1.19
191,30001,111,1.26
191,32001,111,1.33
191,34001,111,1.38
191,36001,111,1.42
191,38001,111,1.48
191,40001,111,1.56
191,42001,111,1.66
191,44001,111,1.78
191,46001,111,1.71
191,48001,111,1.85
191,50001,111,1.97
191,52001,111,2.21
191,54001,111,2.4
191,56001,111,2.32
191,58001,111,2.27
191,60001,111,2.08
191,62001,111,1.94
191,64001,111,1.88
191,65535,111,1.8
191,1,121,1.5
191,2001,121,1.7
191,4001,121,1.94
191,6001,121,2.52
191,8001,121,3.34
191,10001,121,2.67
191,12001,121,1.69
191,14001,121,1.25
191,16001,121,1.1
191,18001,121,1.1
191,20001,121,1.08
191,22001,121,1.1
191,24001,121,1.11
191,26001,121,1.16
191,28001,121,1.22
191,30001,121,1.22
191,32001,121,1.35
191,34001,121,1.39
191,36001,121,1.43
191,38001,121,1.52
191,40001,121,1.61
191,42001,121,1.7
191,44001,121,1.65
191,46001,121,1.59
191,48001,121,1.66
191,50001,121,1.84
191,52001,121,2.12
191,54001,121,2.31
191,56001,121,2.18
191,58001,121,2.02
191,60001,121,1.84
191,62001,121,1.77
191,64001,121,1.69
191,65535,121,1.65
191,1,131,1.44
191,2001,131,1.46
191,4001,131,1.76
191,6001,131,2.52
191,8001,131,3.22
191,10001,131,2.46
191,12001,131,1.78
191,14001,131,1.21
191,16001,131,1.13
191,18001,131,1.09
191,20001,131,1.1
191,22001,131,1.12
191,24001,131,1.08
191,26001,131,1.11
191,28001,131,1.2
191,30001,131,1.23
191,32001,131,1.32
191,34001,131,1.4
191,36001,131,1.5
191,38001,131,1.62
191,40001,131,1.69
191,42001,131,1.75
191,44001,131,1.65
191,46001,131,1.5
191,48001,131,1.6
191,50001,131,1.84
191,52001,131,2.03
191,54001,131,2.25
191,56001,131,2.04
191,58001,131,1.83
191,60001,131,1.71
191,62001,131,1.59
191,64001,131,1.55
191,65535,131,1.45
191,1,141,1.34
191,2001,141,1.32
191,4001,141,1.56
191,6001,141,2.19
191,8001,141,3.12
191,10001,141,2.46
191,12001,141,1.73
191,14001,141,1.19
191,16001,141,1.13
191,18001,141,1.09
191,20001,141,1.1
191,22001,141,1.1
191,24001,141,1.09
191,26001,141,1.1
191,28001,141,1.21
191,30001,141,1.22
191,32001,141,1.31
191,34001,141,1.39
191,36001,141,1.51
191,38001,141,1.59
191,40001,141,1.73
191,42001,141,1.62
191,44001,141,1.51
191,46001,141,1.43
191,48001,141,1.54
191,50001,141,1.75
191,52001,141,1.99
191,54001,141,2.16
191,56001,141,1.96
191,58001,141,1.73
191,60001,141,1.58
191,62001,141,1.53
191,64001,141,1.4
191,65535,141,1.33
191,1,151,1.27
191,2001,151,1.29
191,4001,151,1.55
191,6001,151,1.98
191,8001,151,2.88
191,10001,151,2.77
191,12001,151,1.84
191,14001,151,1.19
191,16001,151,1.08
191,18001,151,1.1
191,20001,151,1.06
191,22001,151,1.06
191,24001,151,1.1
191,26001,151,1.07
191,28001,151,1.16
191,30001,151,1.18
191,32001,151,1.3
191,34001,151,1.36
191,36001,151,1.49
191,38001,151,1.6
191,40001,151,1.8
191,42001,151,1.6
191,44001,151,1.45
191,46001,151,1.41
191,48001,151,1.51
191,50001,151,1.65
191,52001,151,1.95
191,54001,151,2.13
191,56001,151,1.75
191,58001,151,1.56
191,60001,151,1.53
191,62001,151,1.41
191,64001,151,1.33
191,65535,151,1.26
191,1,161,1.24
191,2001,161,1.19
191,4001,161,1.41
191,6001,161,1.7
191,8001,161,2.56
191,10001,161,3.02
191,12001,161,1.72
191,14001,161,1.2
191,16001,161,1.08
191,18001,161,1.05
191,20001,161,1.05
191,22001,161,1.07
191,24001,161,1.06
191,26001,161,1.09
191,28001,161,1.15
191,30001,161,1.2
191,32001,161,1.24
191,34001,161,1.41
191,36001,161,1.52
191,38001,161,1.64
191,40001,161,1.67
191,42001,161,1.57
191,44001,161,1.37
191,46001,161,1.29
191,48001,161,1.38
191,50001,161,1.57
191,52001,161,1.93
191,54001,161,2.08
191,56001,161,1.74
191,58001,161,1.51
191,60001,161,1.46
191,62001,161,1.32
191,64001,161,1.27
191,65535,161,1.24
191,1,171,1.16
191,2001,171,1.17
191,4001,171,1.32
191,6001,171,1.78
191,8001,171,2.32
191,10001,171,2.63
191,12001,171,1.69
191,14001,171,1.21
191,16001,171,1.07
191,18001,171,1.06
191,20001,171,1.06
191,22001,171,1.06
191,24001,171,1.02
191,26001,171,1.08
191,28001,171,1.06
191,30001,171,1.21
191,32001,171,1.27
191,34001,171,1.39
191,36001,171,1.51
191,38001,171,1.65
191,40001,171,1.69
191,42001,171,1.46
191,44001,171,1.34
191,46001,171,1.27
191,48001,171,1.42
191,50001,171,1.51
191,52001,171,1.79
191,54001,171,1.99
191,56001,171,1.67
191,58001,171,1.46
191,60001,171,1.36
191,62001,171,1.29
191,64001,171,1.24
191,65535,171,1.18
191,1,181,1.11
191,2001,181,1.12
191,4001,181,1.21
191,6001,181,1.57
191,8001,181,2.02
191,10001,181,2.32
191,12001,181,1.62
191,14001,181,1.09
191,16001,181,1.05
191,18001,181,1.06
191,20001,181,1.0
191,22001,181,1.03
191,24001,181,1.03
191,26001,181,1.08
191,28001,181,1.1
191,30001,181,1.22
191,32001,181,1.3
191,34001,181,1.43
191,36001,181,1.52
191,38001,181,1.69
191,40001,181,1.62
191,42001,181,1.41
191,44001,181,1.33
191,46001,181,1.22
191,48001,181,1.34
191,50001,181,1.44
191,52001,181,1.72
191,54001,181,1.9
191,56001,181,1.65
191,58001,181,1.44
191,60001,181,1.35
191,62001,181,1.25
191,64001,181,1.19
191,65535,181,1.16
191,1,191,1.1
191,2001,191,1.11
191,4001,191,1.26
191,6001,191,1.4
191,8001,191,1.81
191,10001,191,2.13
191,12001,191,1.48
191,14001,191,1.13
191,16001,191,1.03
191,18001,191,1.03
191,20001,191,1.05
191,22001,191,1.0
191,24001,191,1.0
191,26001,191,1.08
191,28001,191,1.09
191,30001,191,1.22
191,32001,191,1.24
191,34001,191,1.4
191,36001,191,1.56
191,38001,191,1.75
191,40001,191,1.52
191,42001,191,1.39
191,44001,191,1.25
191,46001,191,1.2
191,48001,191,1.24
191,50001,191,1.44
191,52001,191,1.75
191,54001,191,1.86
191,56001,191,1.58
191,58001,191,1.37
191,60001,191,1.25
191,62001,191,1.19
191,64001,191,1.14
191,65535,191,1.11
191,1,201,1.09
191,2001,201,1.14
191,4001,201,1.19
191,6001,201,1.35
191,8001,201,1.61
191,10001,201,2.03
191,12001,201,1.48
191,14001,201,1.14
191,16001,201,1.03
191,18001,201,1.01
191,20001,201,0.97
191,22001,201,1.03
191,24001,201,1.04
191,26001,201,1.03
191,28001,201,1.1
191,30001,201,1.17
191,32001,201,1.27
191,34001,201,1.42
191,36001,201,1.55
191,38001,201,1.75
191,40001,201,1.6
191,42001,201,1.36
191,44001,201,1.22
191,46001,201,1.15
191,48001,201,1.25
191,50001,201,1.36
191,52001,201,1.67
191,54001,201,1.82
191,56001,201,1.53
191,58001,201,1.32
191,60001,201,1.22
191,62001,201,1.19
191,64001,201,1.08
191,65535,201,1.1
191,1,211,1.07
191,2001,211,1.09
191,4001,211,1.13
191,6001,211,1.25
191,8001,211,1.5
191,10001,211,2.0
191,12001,211,1.42
191,14001,211,1.19
191,16001,211,1.04
191,18001,211,1.01
191,20001,211,1.0
191,22001,211,1.05
191,24001,211,1.01
191,26001,211,1.04
191,28001,211,1.1
191,30001,211,1.15
191,32001,211,1.26
191,34001,211,1.36
191,36001,211,1.56
191,38001,211,1.75
191,40001,211,1.45
191,42001,211,1.28
191,44001,211,1.18
191,46001,211,1.15
191,48001,211,1.13
191,50001,211,1.31
191,52001,211,1.68
191,54001,211,1.72
191,56001,211,1.52
191,58001,211,1.34
191,60001,211,1.28
191,62001,211,1.15
191,64001,211,1.12
191,65535,211,1.1
191,1,221,1.1
191,2001,221,1.08
191,4001,221,1.08
191,6001,221,1.2
191,8001,221,1.52
191,10001,221,1.93
191,12001,221,1.42
191,14001,221,1.06
191,16001,221,1.07
191,18001,221,1.05
191,20001,221,1.04
191,22001,221,1.02
191,24001,221,1.02
191,26001,221,1.05
191,28001,221,1.04
191,30001,221,1.17
191,32001,221,1.23
191,34001,221,1.41
191,36001,221,1.59
191,38001,221,1.69
191,40001,221,1.5
191,42001,221,1.32
191,44001,221,1.12
191,46001,221,1.09
191,48001,221,1.22
191,50001,221,1.38
191,52001,221,1.59
191,54001,221,1.76
191,56001,221,1.52
191,58001,221,1.39
191,60001,221,1.26
191,62001,221,1.19
191,64001,221,1.08
191,65535,221,1.08
191,1,231,1.05
191,2001,231,1.06
191,4001,231,1.07
191,6001,231,1.21
191,8001,231,1.38
191,10001,231,1.83
191,12001,231,1.35
191,14001,231,1.04
191,16001,231,1.04
191,18001,231,1.04
191,20001,231,1.03
191,22001,231,1.04
191,24001,231,1.03
191,26001,231,1.03
191,28001,231,1.03
191,30001,231,1.19
191,32001,231,1.28
191,34001,231,1.38
191,36001,231,1.53
191,38001,231,1.69
191,40001,231,1.44
191,42001,231,1.22
191,44001,231,1.12
191,46001,231,1.07
191,48001,231,1.15
191,50001,231,1.24
191,52001,231,1.52
191,54001,231,1.79
191,56001,231,1.51
191,58001,231,1.29
191,60001,231,1.25
191,62001,231,1.17
191,64001,231,1.15
191,65535,231,1.08
191,1,241,1.08
191,2001,241,1.04
191,4001,241,1.04
191,6001,241,1.14
191,8001,241,1.33
191,10001,241,1.81
191,12001,241,1.3
191,14001,241,1.08
191,16001,241,1.04
191,18001,241,1.04
191,20001,241,1.05
191,22001,241,1.0
191,24001,241,1.07
191,26001,241,1.06
191,28001,241,1.06
191,30001,241,1.12
191,32001,241,1.21
191,34001,241,1.36
191,36001,241,1.6
191,38001,241,1.64
191,40001,241,1.43
191,42001,241,1.2
191,44001,241,1.12
191,46001,241,1.07
191,48001,241,1.09
191,50001,241,1.25
191,52001,241,1.56
191,54001,241,1.83
191,56001,241,1.5
191,58001,241,1.39
191,60001,241,1.29
191,62001,241,1.17
191,64001,241,1.07
191,65535,241,1.08
191,1,251,1.1
191,2001,251,1.08
191,4001,251,1.07
191,6001,251,1.13
191,8001,251,1.31
191,10001,251,1.73
191,12001,251,1.34
191,14001,251,1.1
191,16001,251,1.02
191,18001,251,1.04
191,20001,251,1.02
191,22001,251,1.04
191,24001,251,1.04
191,26001,251,1.01
191,28001,251,1.06
191,30001,251,1.1
191,32001,251,1.22
191,34001,251,1.41
191,36001,251,1.57
191,38001,251,1.64
191,40001,251,1.4
191,42001,251,1.21
191,44001,251,1.08
191,46001,251,1.06
191,48001,251,1.12
191,50001,251,1.23
191,52001,251,1.48
191,54001,251,1.76
191,56001,251,1.49
191,58001,251,1.32
191,60001,251,1.18
191,62001,251,1.12
191,64001,251,1.09
191,65535,251,1.11
191,1,254,1.04
191,2001,254,1.1
191,4001,254,1.05
191,6001,254,1.16
191,8001,254,1.27
191,10001,254,1.74
191,12001,254,1.41
191,14001,254,0.98
191,16001,254,0.99
191,18001,254,1.03
191,20001,254,1.02
191,22001,254,1.04
191,24001,254,1.03
191,26001,254,1.07
191,28001,254,1.05
191,30001,254,1.08
191,32001,254,1.23
191,34001,254,1.3
191,36001,254,1.55
191,38001,254,1.65
191,40001,254,1.37
191,42001,254,1.16
191,44001,254,1.09
191,46001,254,1.09
191,48001,254,1.09
191,50001,254,1.19
191,52001,254,1.5
191,54001,254,1.74
191,56001,254,1.48
191,58001,254,1.32
191,60001,254,1.22
191,62001,254,1.16
191,64001,254,1.08
191,65535,254,1.08
201,1,1,1.89
201,2001,1,1.88
201,4001,1,1.88
201,6001,1,1.89
201,8001,1,1.85
201,10001,1,1.81
201,12001,1,1.83
201,14001,1,1.83
201,16001,1,1.83
201,18001,1,1.81
201,20001,1,1.79
201,22001,1,1.82
201,24001,1,1.82
201,26001,1,1.81
201,28001,1,1.81
201,30001,1,1.79
201,32001,1,1.82
201,34001,1,1.83
201,36001,1,1.82
201,38001,1,1.8
201,40001,1,1.83
201,42001,1,1.86
201,44001,1,1.84
201,46001,1,1.84
201,48001,1,1.82
201,50001,1,1.83
201,52001,1,1.8
201,54001,1,1.81
201,56001,1,1.83
201,58001,1,1.87
201,60001,1,1.84
201,62001,1,1.84
201,64001,1,1.88
201,65535,1,1.87
201,1,11,2.12
201,2001,11,2.17
201,4001,11,2.15
201,6001,11,2.0
201,8001,11,1.96
201,10001,11,1.89
201,12001,11,1.82
201,14001,11,1.76
201,16001,11,1.73
201,18001,11,1.67
201,20001,11,1.6
201,22001,11,1.58
201,24001,11,1.59
201,26001,11,1.6
201,28001,11,1.62
201,30001,11,1.58
201,32001,11,1.62
201,34001,11,1.6
201,36001,11,1.65
201,38001,11,1.7
201,40001,11,1.69
201,42001,11,1.77
201,44001,11,1.84
201,46001,11,1.86
201,48001,11,1.91
201,50001,11,1.95
201,52001,11,2.0
201,54001,11,2.04
201,56001,11,2.14
201,58001,11,2.15
201,60001,11,2.18
201,62001,11,2.15
201,64001,11,2.16
201,65535,11,2.15
201,1,21,2.73
201,2001,21,2.69
201,4001,21,2.52
201,6001,21,2.25
201,8001,21,2.08
201,10001,21,1.94
201,12001,21,1.82
201,14001,21,1.75
201,16001,21,1.65
201,18001,21,1.6
201,20001,21,1.49
201,22001,21,1.51
201,24001,21,1.44
201,26001,21,1.44
201,28001,21,1.46
201,30001,21,1.5
201,32001,21,1.51
201,34001,21,1.48
201,36001,21,1.53
201,38001,21,1.56
201,40001,21,1.65
201,42001,21,1.73
201,44001,21,1.79
201,46001,21,1.82
201,48001,21,1.99
201,50001,21,2.14
201,52001,21,2.26
201,54001,21,2.36
201,56001,21,2.64
201,58001,21,2.7
201,60001,21,2.69
201,62001,21,2.71
201,64001,21,2.71
201,65535,21,2.67
201,1,31,3.25
201,2001,31,3.21
201,4001,31,3.06
201,6001,31,2.58
201,8001,31,2.27
201,10001,31,2.02
201,12001,31,1.82
201,14001,31,1.72
201,16001,31,1.64
201,18001,31,1.48
201,20001,31,1.45
201,22001,31,1.43
201,24001,31,1.47
201,26001,31,1.43
201,28001,31,1.48
201,30001,31,1.49
201,32001,31,1.5
201,34001,31,1.55
201,36001,31,1.52
201,38001,31,1.56
201,40001,31,1.56
201,42001,31,1.61
201,44001,31,1.74
201,46001,31,1.88
201,48001,31,2.08
201,50001,31,2.32
201,52001,31,2.51
201,54001,31,2.77
201,56001,31,2.95
201,58001,31,3.1
201,60001,31,3.09
201,62001,31,3.14
201,64001,31,3.18
201,65535,31,3.2
201,1,41,3.38
201,2001,41,3.44
201,4001,41,3.32
201,6001,41,3.03
201,8001,41,2.5
201,10001,41,2.1
201,12001,41,1.88
201,14001,41,1.67
201,16001,41,1.5
201,18001,41,1.38
201,20001,41,1.41
201,22001,41,1.4
201,24001,41,1.38
201,26001,41,1.43
201,28001,41,1.41
201,30001,41,1.49
201,32001,41,1.52
201,34001,41,1.56
201,36001,41,1.6
201,38001,41,1.56
201,40001,41,1.59
201,42001,41,1.65
201,44001,41,1.76
201,46001,41,1.72
201,48001,41,2.19
201,50001,41,2.59
201,52001,41,2.72
201,54001,41,2.98
201,56001,41,3.33
201,58001,41,3.46
201,60001,41,3.48
201,62001,41,3.63
201,64001,41,3.71
201,65535,41,3.75
201,1,51,3.67
201,2001,51,3.71
201,4001,51,3.1
201,6001,51,3.5
201,8001,51,2.82
201,10001,51,2.22
201,12001,51,1.85
201,14001,51,1.54
201,16001,51,1.44
201,18001,51,1.42
201,20001,51,1.38
201,22001,51,1.41
201,24001,51,1.4
201,26001,51,1.47
201,28001,51,1.45
201,30001,51,1.48
201,32001,51,1.5
201,34001,51,1.51
201,36001,51,1.56
201,38001,51,1.61
201,40001,51,1.61
201,42001,51,1.65
201,44001,51,1.79
201,46001,51,1.92
201,48001,51,2.25
201,50001,51,2.62
201,52001,51,2.96
201,54001,51,3.02
201,56001,51,2.81
201,58001,51,3.08
201,60001,51,3.14
201,62001,51,3.31
201,64001,51,3.4
201,65535,51,3.62
201,1,61,3.34
201,2001,61,3.36
201,4001,61,3.77
201,6001,61,3.1
201,8001,61,2.87
201,10001,61,2.37
201,12001,61,1.85
201,14001,61,1.6
201,16001,61,1.4
201,18001,61,1.36
201,20001,61,1.38
201,22001,61,1.39
201,24001,61,1.35
201,26001,61,1.41
201,28001,61,1.41
201,30001,61,1.5
201,32001,61,1.5
201,34001,61,1.51
201,36001,61,1.56
201,38001,61,1.58
201,40001,61,1.66
201,42001,61,1.68
201,44001,61,1.73
201,46001,61,2.05
201,48001,61,2.52
201,50001,61,2.69
201,52001,61,3.13
201,54001,61,3.27
201,56001,61,3.06
201,58001,61,3.0
201,60001,61,3.07
201,62001,61,3.21
201,64001,61,3.24
201,65535,61,3.27
201,1,71,3.89
201,2001,71,3.77
201,4001,71,3.57
201,6001,71,3.56
201,8001,71,3.6
201,10001,71,2.5
201,12001,71,1.91
201,14001,71,1.53
201,16001,71,1.3
201,18001,71,1.34
201,20001,71,1.36
201,22001,71,1.3
201,24001,71,1.32
201,26001,71,1.36
201,28001,71,1.44
201,30001,71,1.43
201,32001,71,1.5
201,34001,71,1.56
201,36001,71,1.58
201,38001,71,1.66
201,40001,71,1.67
201,42001,71,1.74
201,44001,71,1.8
201,46001,71,2.1
201,48001,71,2.41
201,50001,71,2.77
201,52001,71,2.99
201,54001,71,3.08
201,56001,71,3.28
201,58001,71,3.56
201,60001,71,3.6
201,62001,71,3.72
201,64001,71,3.83
201,65535,71,3.81
201,1,81,3.56
201,2001,81,3.5
201,4001,81,3.17
201,6001,81,3.94
201,8001,81,3.08
201,10001,81,2.46
201,12001,81,1.92
201,14001,81,1.47
201,16001,81,1.42
201,18001,81,1.36
201,20001,81,1.38
201,22001,81,1.35
201,24001,81,1.33
201,26001,81,1.39
201,28001,81,1.44
201,30001,81,1.44
201,32001,81,1.49
201,34001,81,1.57
201,36001,81,1.65
201,38001,81,1.67
201,40001,81,1.68
201,42001,81,1.77
201,44001,81,1.86
201,46001,81,2.12
201,48001,81,2.48
201,50001,81,2.7
201,52001,81,2.83
201,54001,81,3.1
201,56001,81,3.28
201,58001,81,3.28
201,60001,81,3.32
201,62001,81,3.38
201,64001,81,3.45
201,65535,81,3.44
201,1,91,2.77
201,2001,91,2.81
201,4001,91,3.78
201,6001,91,3.73
201,8001,91,3.54
201,10001,91,2.83
201,12001,91,1.98
201,14001,91,1.49
201,16001,91,1.32
201,18001,91,1.29
201,20001,91,1.29
201,22001,91,1.32
201,24001,91,1.3
201,26001,91,1.32
201,28001,91,1.41
201,30001,91,1.48
201,32001,91,1.58
201,34001,91,1.54
201,36001,91,1.63
201,38001,91,1.7
201,40001,91,1.74
201,42001,91,1.83
201,44001,91,1.97
201,46001,91,2.25
201,48001,91,2.37
201,50001,91,2.55
201,52001,91,2.75
201,54001,91,3.06
201,56001,91,3.07
201,58001,91,3.04
201,60001,91,3.07
201,62001,91,3.12
201,64001,91,2.98
201,65535,91,2.8
201,1,101,2.29
201,2001,101,2.26
201,4001,101,3.21
201,6001,101,3.39
201,8001,101,3.92
201,10001,101,3.25
201,12001,101,1.85
201,14001,101,1.5
201,16001,101,1.3
201,18001,101,1.28
201,20001,101,1.27
201,22001,101,1.28
201,24001,101,1.32
201,26001,101,1.32
201,28001,101,1.37
201,30001,101,1.46
201,32001,101,1.48
201,34001,101,1.55
201,36001,101,1.66
201,38001,101,1.69
201,40001,101,1.81
201,42001,101,1.93
201,44001,101,2.0
201,46001,101,2.02
201,48001,101,2.22
201,50001,101,2.4
201,52001,101,2.69
201,54001,101,2.91
201,56001,101,2.84
201,58001,101,2.92
201,60001,101,2.81
201,62001,101,2.65
201,64001,101,2.5
201,65535,101,2.35
201,1,111,1.97
201,2001,111,2.02
201,4001,111,2.66
201,6001,111,3.2
201,8001,111,3.35
201,10001,111,2.92
201,12001,111,1.97
201,14001,111,1.53
201,16001,111,1.34
201,18001,111,1.29
201,20001,111,1.29
201,22001,111,1.28
201,24001,111,1.31
201,26001,111,1.35
201,28001,111,1.34
201,30001,111,1.43
201,32001,111,1.52
201,34001,111,1.59
201,36001,111,1.72
201,38001,111,1.77
201,40001,111,1.92
201,42001,111,1.98
201,44001,111,2.07
201,46001,111,1.96
201,48001,111,2.15
201,50001,111,2.27
201,52001,111,2.6
201,54001,111,2.85
201,56001,111,2.73
201,58001,111,2.61
201,60001,111,2.42
201,62001,111,2.22
201,64001,111,2.17
201,65535,111,2.06
201,1,121,1.78
201,2001,121,1.91
201,4001,121,2.23
201,6001,121,2.98
201,8001,121,3.88
201,10001,121,3.12
201,12001,121,1.98
201,14001,121,1.35
201,16001,121,1.28
201,18001,121,1.29
201,20001,121,1.26
201,22001,121,1.26
201,24001,121,1.26
201,26001,121,1.31
201,28001,121,1.36
201,30001,121,1.45
201,32001,121,1.53
201,34001,121,1.59
201,36001,121,1.64
201,38001,121,1.78
201,40001,121,1.92
201,42001,121,2.02
201,44001,121,1.99
201,46001,121,1.86
201,48001,121,1.93
201,50001,121,2.15
201,52001,121,2.54
201,54001,121,2.78
201,56001,121,2.55
201,58001,121,2.36
201,60001,121,2.19
201,62001,121,2.06
201,64001,121,1.88
201,65535,121,1.86
201,1,131,1.65
201,2001,131,1.62
201,4001,131,2.0
201,6001,131,2.84
201,8001,131,3.77
201,10001,131,2.85
201,12001,131,2.04
201,14001,131,1.37
201,16001,131,1.3
201,18001,131,1.24
201,20001,131,1.26
201,22001,131,1.26
201,24001,131,1.27
201,26001,131,1.27
201,28001,131,1.41
201,30001,131,1.38
201,32001,131,1.46
201,34001,131,1.62
201,36001,131,1.72
201,38001,131,1.83
201,40001,131,1.96
201,42001,131,2.02
201,44001,131,1.83
201,46001,131,1.77
201,48001,131,1.84
201,50001,131,2.15
201,52001,131,2.42
201,54001,131,2.67
201,56001,131,2.45
201,58001,131,2.13
201,60001,131,2.0
201,62001,131,1.85
201,64001,131,1.75
201,65535,131,1.7
201,1,141,1.53
201,2001,141,1.49
201,4001,141,1.9
201,6001,141,2.52
201,8001,141,3.62
201,10001,141,3.44
201,12001,141,2.06
201,14001,141,1.35
201,16001,141,1.22
201,18001,141,1.22
201,20001,141,1.2
201,22001,141,1.22
201,24001,141,1.23
201,26001,141,1.25
201,28001,141,1.31
201,30001,141,1.4
201,32001,141,1.55
201,34001,141,1.57
201,36001,141,1.73
201,38001,141,1.82
201,40001,141,2.0
201,42001,141,1.96
201,44001,141,1.79
201,46001,141,1.67
201,48001,141,1.81
201,50001,141,2.02
201,52001,141,2.29
201,54001,141,2.61
201,56001,141,2.2
201,58001,141,1.97
201,60001,141,1.87
201,62001,141,1.76
201,64001,141,1.63
201,65535,141,1.56
201,1,151,1.48
201,2001,151,1.48
201,4001,151,1.75
201,6001,151,2.25
201,8001,151,3.38
201,10001,151,3.46
201,12001,151,2.0
201,14001,151,1.4
201,16001,151,1.2
201,18001,151,1.23
201,20001,151,1.24
201,22001,151,1.23
201,24001,151,1.21
201,26001,151,1.27
201,28001,151,1.32
201,30001,151,1.42
201,32001,151,1.46
201,34001,151,1.62
201,36001,151,1.72
201,38001,151,1.89
201,40001,151,2.02
201,42001,151,1.9
201,44001,151,1.7
201,46001,151,1.62
201,48001,151,1.72
201,50001,151,1.9
201,52001,151,2.27
201,54001,151,2.45
201,56001,151,2.08
201,58001,151,1.89
201,60001,151,1.77
201,62001,151,1.65
201,64001,151,1.56
201,65535,151,1.49
201,1,161,1.39
201,2001,161,1.38
201,4001,161,1.59
201,6001,161,2.23
201,8001,161,3.33
201,10001,161,3.66
201,12001,161,2.04
201,14001,161,1.44
201,16001,161,1.21
201,18001,161,1.21
201,20001,161,1.25
201,22001,161,1.2
201,24001,161,1.2
201,26001,161,1.26
201,28001,161,1.28
201,30001,161,1.41
201,32001,161,1.47
201,34001,161,1.63
201,36001,161,1.73
201,38001,161,1.91
201,40001,161,1.99
201,42001,161,1.77
201,44001,161,1.61
201,46001,161,1.57
201,48001,161,1.71
201,50001,161,1.85
201,52001,161,2.19
201,54001,161,2.38
201,56001,161,1.97
201,58001,161,1.79
201,60001,161,1.62
201,62001,161,1.51
201,64001,161,1.5
201,65535,161,1.4
201,1,171,1.31
201,2001,171,1.36
201,4001,171,1.5
201,6001,171,1.91
201,8001,171,2.75
201,10001,171,3.06
201,12001,171,2.02
201,14001,171,1.29
201,16001,171,1.23
201,18001,171,1.21
201,20001,171,1.21
201,22001,171,1.21
201,24001,171,1.2
201,26001,171,1.19
201,28001,171,1.33
201,30001,171,1.4
201,32001,171,1.46
201,34001,171,1.62
201,36001,171,1.58
201,38001,171,1.94
201,40001,171,1.97
201,42001,171,1.69
201,44001,171,1.56
201,46001,171,1.48
201,48001,171,1.58
201,50001,171,1.74
201,52001,171,2.12
201,54001,171,2.29
201,56001,171,1.86
201,58001,171,1.66
201,60001,171,1.57
201,62001,171,1.53
201,64001,171,1.42
201,65535,171,1.36
201,1,181,1.26
201,2001,181,1.3
201,4001,181,1.4
201,6001,181,1.75
201,8001,181,2.3
201,10001,181,2.73
201,12001,181,1.74
201,14001,181,1.28
201,16001,181,1.21
201,18001,181,1.21
201,20001,181,1.21
201,22001,181,1.17
201,24001,181,1.16
201,26001,181,1.25
201,28001,181,1.27
201,30001,181,1.37
201,32001,181,1.42
201,34001,181,1.6
201,36001,181,1.78
201,38001,181,1.96
201,40001,181,1.88
201,42001,181,1.67
201,44001,181,1.57
201,46001,181,1.42
201,48001,181,1.48
201,50001,181,1.73
201,52001,181,2.1
201,54001,181,2.26
201,56001,181,1.84
201,58001,181,1.72
201,60001,181,1.51
201,62001,181,1.45
201,64001,181,1.34
201,65535,181,1.31
201,1,191,1.25
201,2001,191,1.25
201,4001,191,1.41
201,6001,191,1.73
201,8001,191,2.04
201,10001,191,2.57
201,12001,191,1.92
201,14001,191,1.29
201,16001,191,1.14
201,18001,191,1.19
201,20001,191,1.18
201,22001,191,1.17
201,24001,191,1.17
201,26001,191,1.17
201,28001,191,1.26
201,30001,191,1.37
201,32001,191,1.5
201,34001,191,1.59
201,36001,191,1.79
201,38001,191,2.04
201,40001,191,1.96
201,42001,191,1.58
201,44001,191,1.41
201,46001,191,1.39
201,48001,191,1.44
201,50001,191,1.72
201,52001,191,1.95
201,54001,191,2.17
201,56001,191,1.76
201,58001,191,1.61
201,60001,191,1.45
201,62001,191,1.4
201,64001,191,1.34
201,65535,191,1.29
201,1,201,1.22
201,2001,201,1.27
201,4001,201,1.35
201,6001,201,1.56
201,8001,201,1.86
201,10001,201,2.4
201,12001,201,1.73
201,14001,201,1.28
201,16001,201,1.16
201,18001,201,1.17
201,20001,201,1.19
201,22001,201,1.2
201,24001,201,1.19
201,26001,201,1.22
201,28001,201,1.31
201,30001,201,1.37
201,32001,201,1.5
201,34001,201,1.55
201,36001,201,1.8
201,38001,201,2.09
201,40001,201,1.78
201,42001,201,1.49
201,44001,201,1.42
201,46001,201,1.36
201,48001,201,1.39
201,50001,201,1.65
201,52001,201,1.96
201,54001,201,2.06
201,56001,201,1.68
201,58001,201,1.58
201,60001,201,1.47
201,62001,201,1.38
201,64001,201,1.27
201,65535,201,1.22
201,1,211,1.23
201,2001,211,1.26
201,4001,211,1.3
201,6001,211,1.48
201,8001,211,1.84
201,10001,211,2.12
201,12001,211,1.64
201,14001,211,1.22
201,16001,211,1.19
201,18001,211,1.2
201,20001,211,1.21
201,22001,211,1.22
201,24001,211,1.19
201,26001,211,1.21
201,28001,211,1.24
201,30001,211,1.31
201,32001,211,1.49
201,34001,211,1.61
201,36001,211,1.87
201,38001,211,2.1
201,40001,211,1.71
201,42001,211,1.52
201,44001,211,1.38
201,46001,211,1.33
201,48001,211,1.36
201,50001,211,1.61
201,52001,211,1.93
201,54001,211,2.06
201,56001,211,1.77
201,58001,211,1.53
201,60001,211,1.46
201,62001,211,1.36
201,64001,211,1.28
201,65535,211,1.29
201,1,221,1.22
201,2001,221,1.23
201,4001,221,1.28
201,6001,221,1.38
201,8001,221,1.71
201,10001,221,2.12
201,12001,221,1.66
201,14001,221,1.26
201,16001,221,1.21
201,18001,221,1.18
201,20001,221,1.2
201,22001,221,1.18
201,24001,221,1.18
201,26001,221,1.23
201,28001,221,1.24
201,30001,221,1.29
201,32001,221,1.46
201,34001,221,1.58
201,36001,221,1.8
201,38001,221,1.97
201,40001,221,1.7
201,42001,221,1.46
201,44001,221,1.3
201,46001,221,1.27
201,48001,221,1.29
201,50001,221,1.58
201,52001,221,1.83
201,54001,221,2.1
201,56001,221,1.7
201,58001,221,1.5
201,60001,221,1.43
201,62001,221,1.32
201,64001,221,1.32
201,65535,221,1.21
201,1,231,1.24
201,2001,231,1.21
201,4001,231,1.25
201,6001,231,1.31
201,8001,231,1.64
201,10001,231,2.19
201,12001,231,1.58
201,14001,231,1.23
201,16001,231,1.17
201,18001,231,1.17
201,20001,231,1.19
201,22001,231,1.14
201,24001,231,1.18
201,26001,231,1.16
201,28001,231,1.23
201,30001,231,1.32
201,32001,231,1.39
201,34001,231,1.57
201,36001,231,1.83
201,38001,231,1.97
201,40001,231,1.57
201,42001,231,1.43
201,44001,231,1.29
201,46001,231,1.24
201,48001,231,1.32
201,50001,231,1.44
201,52001,231,1.79
201,54001,231,1.98
201,56001,231,1.68
201,58001,231,1.53
201,60001,231,1.42
201,62001,231,1.33
201,64001,231,1.28
201,65535,231,1.23
201,1,241,1.2
201,2001,241,1.25
201,4001,241,1.25
201,6001,241,1.32
201,8001,241,1.67
201,10001,241,2.1
201,12001,241,1.58
201,14001,241,1.18
201,16001,241,1.2
201,18001,241,1.2
201,20001,241,1.19
201,22001,241,1.21
201,24001,241,1.21
201,26001,241,1.18
201,28001,241,1.24
201,30001,241,1.29
201,32001,241,1.41
201,34001,241,1.6
201,36001,241,1.9
201,38001,241,1.99
201,40001,241,1.56
201,42001,241,1.4
201,44001,241,1.27
201,46001,241,1.24
201,48001,241,1.28
201,50001,241,1.46
201,52001,241,1.78
201,54001,241,2.05
201,56001,241,1.68
201,58001,241,1.53
201,60001,241,1.42
201,62001,241,1.34
201,64001,241,1.23
201,65535,241,1.25
201,1,251,1.24
201,2001,251,1.25
201,4001,251,1.26
201,6001,251,1.35
201,8001,251,1.52
201,10001,251,2.0
201,12001,251,1.54
201,14001,251,1.26
201,16001,251,1.16
201,18001,251,1.19
201,20001,251,1.17
201,22001,251,1.16
201,24001,251,1.17
201,26001,251,1.17
201,28001,251,1.23
201,30001,251,1.28
201,32001,251,1.41
201,34001,251,1.66
201,36001,251,1.85
201,38001,251,1.97
201,40001,251,1.65
201,42001,251,1.34
201,44001,251,1.25
201,46001,251,1.24
201,48001,251,1.27
201,50001,251,1.42
201,52001,251,1.73
201,54001,251,2.06
201,56001,251,1.74
201,58001,251,1.52
201,60001,251,1.36
201,62001,251,1.35
201,64001,251,1.25
201,65535,251,1.22
201,1,254,1.2
201,2001,254,1.25
201,4001,254,1.21
201,6001,254,1.3
201,8001,254,1.46
201,10001,254,2.04
201,12001,254,1.54
201,14001,254,1.21
201,16001,254,1.21
201,18001,254,1.18
201,20001,254,1.17
201,22001,254,1.21
201,24001,254,1.2
201,26001,254,1.19
201,28001,254,1.25
201,30001,254,1.29
201,32001,254,1.42
201,34001,254,1.61
201,36001,254,1.83
201,38001,254,1.93
201,40001,254,1.55
201,42001,254,1.31
201,44001,254,1.21
201,46001,254,1.21
201,48001,254,1.23
201,50001,254,1.38
201,52001,254,1.74
201,54001,254,2.08
201,56001,254,1.69
201,58001,254,1.53
201,60001,254,1.38
201,62001,254,1.34
201,64001,254,1.25
201,65535,254,1.24
211,1,1,2.19
211,2001,1,2.14
211,4001,1,2.17
211,6001,1,2.16
211,8001,1,2.19
211,10001,1,2.17
211,12001,1,2.18
211,14001,1,2.11
211,16001,1,2.09
211,18001,1,2.06
211,20001,1,2.15
211,22001,1,2.1
211,24001,1,2.1
211,26001,1,2.13
211,28001,1,2.09
211,30001,1,2.1
211,32001,1,2.12
211,34001,1,2.07
211,36001,1,2.07
211,38001,1,2.15
211,40001,1,2.16
211,42001,1,2.16
211,44001,1,2.15
211,46001,1,2.09
211,48001,1,2.13
211,50001,1,2.1
211,52001,1,2.12
211,54001,1,2.17
211,56001,1,2.08
211,58001,1,2.14
211,60001,1,2.17
211,62001,1,2.19
211,64001,1,2.19
211,65535,1,2.15
211,1,11,2.58
211,2001,11,2.6
211,4001,11,2.48
211,6001,11,2.37
211,8001,11,2.29
211,10001,11,2.2
211,12001,11,2.13
211,14001,11,2.06
211,16001,11,2.07
211,18001,11,1.99
211,20001,11,1.94
211,22001,11,1.82
211,24001,11,1.88
211,26001,11,1.86
211,28001,11,1.83
211,30001,11,1.84
211,32001,11,1.88
211,34001,11,1.86
211,36001,11,1.9
211,38001,11,1.95
211,40001,11,2.0
211,42001,11,2.1
211,44001,11,2.1
211,46001,11,2.11
211,48001,11,2.23
211,50001,11,2.31
211,52001,11,2.38
211,54001,11,2.47
211,56001,11,2.52
211,58001,11,2.5
211,60001,11,2.58
211,62001,11,2.56
211,64001,11,2.52
211,65535,11,2.53
211,1,21,3.21
211,2001,21,3.19
211,4001,21,2.84
211,6001,21,2.67
211,8001,21,2.5
211,10001,21,2.28
211,12001,21,2.16
211,14001,21,1.99
211,16001,21,1.94
211,18001,21,1.76
211,20001,21,1.73
211,22001,21,1.68
211,24001,21,1.72
211,26001,21,1.7
211,28001,21,1.74
211,30001,21,1.71
211,32001,21,1.76
211,34001,21,1.72
211,36001,21,1.77
211,38001,21,1.82
211,40001,21,1.92
211,42001,21,1.99
211,44001,21,2.12
211,46001,21,2.14
211,48001,21,2.31
211,50001,21,2.51
211,52001,21,2.65
211,54001,21,2.79
211,56001,21,3.06
211,58001,21,3.17
211,60001,21,3.15
211,62001,21,3.15
211,64001,21,3.15
211,65535,21,3.12
211,1,31,3.86
211,2001,31,3.83
211,4001,31,3.5
211,6001,31,3.05
211,8001,31,2.69
211,10001,31,2.37
211,12001,31,2.19
211,14001,31,1.98
211,16001,31,1.82
211,18001,31,1.7
211,20001,31,1.67
211,22001,31,1.66
211,24001,31,1.66
211,26001,31,1.7
211,28001,31,1.72
211,30001,31,1.7
211,32001,31,1.72
211,34001,31,1.74
211,36001,31,1.74
211,38001,31,1.78
211,40001,31,1.76
211,42001,31,1.9
211,44001,31,2.12
211,46001,31,2.22
211,48001,31,2.41
211,50001,31,2.72
211,52001,31,2.96
211,54001,31,3.24
211,56001,31,3.52
211,58001,31,3.61
211,60001,31,3.68
211,62001,31,3.67
211,64001,31,3.74
211,65535,31,3.81
211,1,41,4.04
211,2001,41,4.07
211,4001,41,4.01
211,6001,41,3.59
211,8001,41,2.98
211,10001,41,2.48
211,12001,41,2.17
211,14001,41,1.92
211,16001,41,1.76
211,18001,41,1.63
211,20001,41,1.68
211,22001,41,1.66
211,24001,41,1.62
211,26001,41,1.66
211,28001,41,1.66
211,30001,41,1.71
211,32001,41,1.72
211,34001,41,1.78
211,36001,41,1.83
211,38001,41,1.79
211,40001,41,1.86
211,42001,41,1.89
211,44001,41,2.04
211,46001,41,2.26
211,48001,41,2.54
211,50001,41,3.06
211,52001,41,3.31
211,54001,41,3.73
211,56001,41,3.88
211,58001,41,4.14
211,60001,41,4.08
211,62001,41,4.27
211,64001,41,4.41
211,65535,41,4.31
211,1,51,4.36
211,2001,51,4.3
211,4001,51,3.69
211,6001,51,3.9
211,8001,51,2.98
211,10001,51,2.58
211,12001,51,2.17
211,14001,51,1.9
211,16001,51,1.69
211,18001,51,1.63
211,20001,51,1.61
211,22001,51,1.61
211,24001,51,1.64
211,26001,51,1.65
211,28001,51,1.72
211,30001,51,1.72
211,32001,51,1.77
211,34001,51,1.76
211,36001,51,1.76
211,38001,51,1.88
211,40001,51,1.89
211,42001,51,1.94
211,44001,51,2.05
211,46001,51,2.31
211,48001,51,2.85
211,50001,51,3.12
211,52001,51,3.46
211,54001,51,3.85
211,56001,51,3.3
211,58001,51,3.55
211,60001,51,3.75
211,62001,51,4.0
211,64001,51,4.05
211,65535,51,4.25
211,1,61,3.94
211,2001,61,4.15
211,4001,61,4.45
211,6001,61,3.58
211,8001,61,3.9
211,10001,61,2.75
211,12001,61,2.25
211,14001,61,1.85
211,16001,61,1.55
211,18001,61,1.6
211,20001,61,1.57
211,22001,61,1.58
211,24001,61,1.6
211,26001,61,1.65
211,28001,61,1.72
211,30001,61,1.71
211,32001,61,1.73
211,34001,61,1.82
211,36001,61,1.8
211,38001,61,1.89
211,40001,61,1.94
211,42001,61,1.96
211,44001,61,2.0
211,46001,61,2.4
211,48001,61,2.73
211,50001,61,3.2
211,52001,61,3.66
211,54001,61,3.87
211,56001,61,3.62
211,58001,61,3.58
211,60001,61,3.64
211,62001,61,3.79
211,64001,61,3.8
211,65535,61,3.93
211,1,71,4.59
211,2001,71,4.53
211,4001,71,4.21
211,6001,71,4.16
211,8001,71,4.04
211,10001,71,2.66
211,12001,71,2.19
211,14001,71,1.82
211,16001,71,1.58
211,18001,71,1.59
211,20001,71,1.57
211,22001,71,1.56
211,24001,71,1.57
211,26001,71,1.6
211,28001,71,1.68
211,30001,71,1.7
211,32001,71,1.71
211,34001,71,1.79
211,36001,71,1.84
211,38001,71,1.9
211,40001,71,1.97
211,42001,71,2.0
211,44001,71,2.07
211,46001,71,2.4
211,48001,71,2.88
211,50001,71,3.38
211,52001,71,3.52
211,54001,71,3.63
211,56001,71,3.6
211,58001,71,4.22
211,60001,71,4.28
211,62001,71,4.36
211,64001,71,4.5
211,65535,71,4.55
211,1,81,4.08
211,2001,81,4.06
211,4001,81,3.97
211,6001,81,4.68
211,8001,81,3.69
211,10001,81,3.02
211,12001,81,2.23
211,14001,81,1.75
211,16001,81,1.55
211,18001,81,1.56
211,20001,81,1.56
211,22001,81,1.58
211,24001,81,1.52
211,26001,81,1.59
211,28001,81,1.64
211,30001,81,1.67
211,32001,81,1.77
211,34001,81,1.8
211,36001,81,1.89
211,38001,81,1.94
211,40001,81,2.0
211,42001,81,2.06
211,44001,81,2.19
211,46001,81,2.69
211,48001,81,2.94
211,50001,81,3.15
211,52001,81,3.31
211,54001,81,3.73
211,56001,81,3.91
211,58001,81,3.88
211,60001,81,3.92
211,62001,81,3.96
211,64001,81,4.06
211,65535,81,4.04
211,1,91,3.23
211,2001,91,3.19
211,4001,91,4.48
211,6001,91,4.42
211,8001,91,4.22
211,10001,91,3.48
211,12001,91,2.19
211,14001,91,1.65
211,16001,91,1.51
211,18001,91,1.52
211,20001,91,1.51
211,22001,91,1.55
211,24001,91,1.49
211,26001,91,1.56
211,28001,91,1.6
211,30001,91,1.67
211,32001,91,1.69
211,34001,91,1.79
211,36001,91,1.88
211,38001,91,1.98
211,40001,91,2.06
211,42001,91,2.17
211,44001,91,2.27
211,46001,91,2.49
211,48001,91,2.77
211,50001,91,2.97
211,52001,91,3.23
211,54001,91,3.64
211,56001,91,3.58
211,58001,91,3.54
211,60001,91,3.6
211,62001,91,3.57
211,64001,91,3.4
211,65535,91,3.21
211,1,101,2.62
211,2001,101,2.6
211,4001,101,3.58
211,6001,101,4.04
211,8001,101,4.32
211,10001,101,3.81
211,12001,101,2.29
211,14001,101,1.8
211,16001,101,1.55
211,18001,101,1.47
211,20001,101,1.51
211,22001,101,1.5
211,24001,101,1.5
211,26001,101,1.52
211,28001,101,1.59
211,30001,101,1.68
211,32001,101,1.75
211,34001,101,1.84
211,36001,101,1.96
211,38001,101,1.98
211,40001,101,2.13
211,42001,101,2.24
211,44001,101,2.38
211,46001,101,2.46
211,48001,101,2.68
211,50001,101,2.81
211,52001,101,3.14
211,54001,101,3.5
211,56001,101,3.4
211,58001,101,3.37
211,60001,101,3.23
211,62001,101,2.96
211,64001,101,2.88
211,65535,101,2.73
211,1,111,2.33
211,2001,111,2.46
211,4001,111,3.02
211,6001,111,3.67
211,8001,111,4.26
211,10001,111,3.44
211,12001,111,2.29
211,14001,111,1.64
211,16001,111,1.47
211,18001,111,1.44
211,20001,111,1.41
211,22001,111,1.5
211,24001,111,1.47
211,26001,111,1.52
211,28001,111,1.58
211,30001,111,1.68
211,32001,111,1.76
211,34001,111,1.79
211,36001,111,1.88
211,38001,111,2.04
211,40001,111,2.17
211,42001,111,2.33
211,44001,111,2.3
211,46001,111,2.27
211,48001,111,2.45
211,50001,111,2.65
211,52001,111,3.05
211,54001,111,3.45
211,56001,111,3.15
211,58001,111,3.04
211,60001,111,2.77
211,62001,111,2.67
211,64001,111,2.5
211,65535,111,2.38
211,1,121,2.08
211,2001,121,2.09
211,4001,121,2.57
211,6001,121,3.4
211,8001,121,4.65
211,10001,121,3.39
211,12001,121,2.1
211,14001,121,1.61
211,16001,121,1.45
211,18001,121,1.45
211,20001,121,1.41
211,22001,121,1.5
211,24001,121,1.5
211,26001,121,1.49
211,28001,121,1.58
211,30001,121,1.7
211,32001,121,1.74
211,34001,121,1.83
211,36001,121,1.94
211,38001,121,2.08
211,40001,121,2.23
211,42001,121,2.4
211,44001,121,2.3
211,46001,121,2.11
211,48001,121,2.33
211,50001,121,2.54
211,52001,121,3.1
211,54001,121,3.29
211,56001,121,3.0
211,58001,121,2.71
211,60001,121,2.5
211,62001,121,2.35
211,64001,121,2.25
211,65535,121,2.15
211,1,131,1.94
211,2001,131,1.89
211,4001,131,2.38
211,6001,131,3.58
211,8001,131,4.49
211,10001,131,3.96
211,12001,131,2.54
211,14001,131,1.65
211,16001,131,1.45
211,18001,131,1.44
211,20001,131,1.46
211,22001,131,1.46
211,24001,131,1.45
211,26001,131,1.46
211,28001,131,1.55
211,30001,131,1.61
211,32001,131,1.76
211,34001,131,1.9
211,36001,131,1.92
211,38001,131,2.12
211,40001,131,2.27
211,42001,131,2.42
211,44001,131,2.17
211,46001,131,2.1
211,48001,131,2.19
211,50001,131,2.42
211,52001,131,2.95
211,54001,131,3.15
211,56001,131,2.79
211,58001,131,2.44
211,60001,131,2.23
211,62001,131,2.17
211,64001,131,2.02
211,65535,131,1.95
211,1,141,1.78
211,2001,141,1.98
211,4001,141,2.16
211,6001,141,3.33
211,8001,141,4.27
211,10001,141,4.36
211,12001,141,2.31
211,14001,141,1.52
211,16001,141,1.43
211,18001,141,1.42
211,20001,141,1.41
211,22001,141,1.43
211,24001,141,1.42
211,26001,141,1.49
211,28001,141,1.59
211,30001,141,1.68
211,32001,141,1.76
211,34001,141,1.87
211,36001,141,2.0
211,38001,141,2.21
211,40001,141,2.3
211,42001,141,2.13
211,44001,141,2.06
211,46001,141,2.0
211,48001,141,2.1
211,50001,141,2.32
211,52001,141,2.81
211,54001,141,2.75
211,56001,141,2.37
211,58001,141,2.3
211,60001,141,2.06
211,62001,141,1.98
211,64001,141,1.92
211,65535,141,1.81
211,1,151,1.67
211,2001,151,1.67
211,4001,151,1.93
211,6001,151,2.79
211,8001,151,4.08
211,10001,151,2.85
211,12001,151,2.42
211,14001,151,1.54
211,16001,151,1.39
211,18001,151,1.41
211,20001,151,1.43
211,22001,151,1.42
211,24001,151,1.36
211,26001,151,1.42
211,28001,151,1.55
211,30001,151,1.62
211,32001,151,1.72
211,34001,151,1.88
211,36001,151,2.13
211,38001,151,2.2
211,40001,151,2.39
211,42001,151,2.16
211,44001,151,1.94
211,46001,151,1.85
211,48001,151,1.96
211,50001,151,2.48
211,52001,151,2.69
211,54001,151,2.75
211,56001,151,2.44
211,58001,151,2.17
211,60001,151,2.0
211,62001,151,1.84
211,64001,151,1.8
211,65535,151,1.75
211,1,161,1.61
211,2001,161,1.65
211,4001,161,2.1
211,6001,161,2.42
211,8001,161,3.83
211,10001,161,4.28
211,12001,161,2.5
211,14001,161,1.51
211,16001,161,1.42
211,18001,161,1.4
211,20001,161,1.39
211,22001,161,1.36
211,24001,161,1.39
211,26001,161,1.4
211,28001,161,1.55
211,30001,161,1.65
211,32001,161,1.68
211,34001,161,1.89
211,36001,161,2.1
211,38001,161,2.21
211,40001,161,2.37
211,42001,161,2.03
211,44001,161,1.82
211,46001,161,1.76
211,48001,161,1.9
211,50001,161,2.19
211,52001,161,2.61
211,54001,161,2.77
211,56001,161,2.21
211,58001,161,1.98
211,60001,161,1.94
211,62001,161,1.78
211,64001,161,1.73
211,65535,161,1.67
211,1,171,1.53
211,2001,171,1.55
211,4001,171,1.68
211,6001,171,2.15
211,8001,171,3.16
211,10001,171,3.21
211,12001,171,1.94
211,14001,171,1.51
211,16001,171,1.35
211,18001,171,1.38
211,20001,171,1.4
211,22001,171,1.34
211,24001,171,1.35
211,26001,171,1.45
211,28001,171,1.48
211,30001,171,1.62
211,32001,171,1.72
211,34001,171,1.85
211,36001,171,2.12
211,38001,171,2.29
211,40001,171,2.31
211,42001,171,1.99
211,44001,171,1.75
211,46001,171,1.67
211,48001,171,1.83
211,50001,171,2.17
211,52001,171,2.62
211,54001,171,2.7
211,56001,171,2.17
211,58001,171,1.99
211,60001,171,1.83
211,62001,171,1.74
211,64001,171,1.6
211,65535,171,1.56
211,1,181,1.5
211,2001,181,1.49
211,4001,181,1.76
211,6001,181,2.33
211,8001,181,2.62
211,10001,181,3.1
211,12001,181,2.19
211,14001,181,1.5
211,16001,181,1.38
211,18001,181,1.38
211,20001,181,1.39
211,22001,181,1.39
211,24001,181,1.35
211,26001,181,1.4
211,28001,181,1.5
211,30001,181,1.6
211,32001,181,1.76
211,34001,181,1.93
211,36001,181,2.06
211,38001,181,2.31
211,40001,181,2.26
211,42001,181,1.9
211,44001,181,1.73
211,46001,181,1.67
211,48001,181,1.75
211,50001,181,2.06
211,52001,181,2.54
211,54001,181,2.56
211,56001,181,2.11
211,58001,181,1.92
211,60001,181,1.71
211,62001,181,1.67
211,64001,181,1.56
211,65535,181,1.52
211,1,191,1.45
211,2001,191,1.45
211,4001,191,1.59
211,6001,191,2.04
211,8001,191,2.42
211,10001,191,3.0
211,12001,191,2.02
211,14001,191,1.43
211,16001,191,1.39
211,18001,191,1.35
211,20001,191,1.37
211,22001,191,1.4
211,24001,191,1.39
211,26001,191,1.4
211,28001,191,1.44
211,30001,191,1.6
211,32001,191,1.67
211,34001,191,1.87
211,36001,191,2.12
211,38001,191,2.38
211,40001,191,2.12
211,42001,191,1.8
211,44001,191,1.63
211,46001,191,1.56
211,48001,191,1.74
211,50001,191,1.95
211,52001,191,2.42
211,54001,191,2.44
211,56001,191,2.03
211,58001,191,1.84
211,60001,191,1.68
211,62001,191,1.57
211,64001,191,1.5
211,65535,191,1.47
211,1,201,1.46
211,2001,201,1.45
211,4001,201,1.51
211,6001,201,1.8
211,8001,201,2.27
211,10001,201,2.54
211,12001,201,1.67
211,14001,201,1.42
211,16001,201,1.4
211,18001,201,1.4
211,20001,201,1.3
211,22001,201,1.35
211,24001,201,1.36
211,26001,201,1.35
211,28001,201,1.44
211,30001,201,1.62
211,32001,201,1.7
211,34001,201,1.88
211,36001,201,2.17
211,38001,201,2.24
211,40001,201,2.02
211,42001,201,1.78
211,44001,201,1.61
211,46001,201,1.53
211,48001,201,1.63
211,50001,201,2.0
211,52001,201,2.43
211,54001,201,2.41
211,56001,201,2.04
211,58001,201,1.86
211,60001,201,1.65
211,62001,201,1.64
211,64001,201,1.5
211,65535,201,1.46
211,1,211,1.44
211,2001,211,1.43
211,4001,211,1.54
211,6001,211,1.93
211,8001,211,2.07
211,10001,211,2.61
211,12001,211,1.95
211,14001,211,1.43
211,16001,211,1.36
211,18001,211,1.33
211,20001,211,1.35
211,22001,211,1.32
211,24001,211,1.34
211,26001,211,1.32
211,28001,211,1.42
211,30001,211,1.57
211,32001,211,1.75
211,34001,211,1.85
211,36001,211,2.12
211,38001,211,2.25
211,40001,211,2.0
211,42001,211,1.71
211,44001,211,1.56
211,46001,211,1.5
211,48001,211,1.56
211,50001,211,1.86
211,52001,211,2.24
211,54001,211,2.42
211,56001,211,1.95
211,58001,211,1.75
211,60001,211,1.59
211,62001,211,1.53
211,64001,211,1.49
211,65535,211,1.46
211,1,221,1.4
211,2001,221,1.41
211,4001,221,1.46
211,6001,221,1.62
211,8001,221,1.92
211,10001,221,2.61
211,12001,221,1.79
211,14001,221,1.41
211,16001,221,1.35
211,18001,221,1.33
211,20001,221,1.35
211,22001,221,1.34
211,24001,221,1.36
211,26001,221,1.34
211,28001,221,1.49
211,30001,221,1.5
211,32001,221,1.65
211,34001,221,1.81
211,36001,221,2.1
211,38001,221,2.29
211,40001,221,1.85
211,42001,221,1.68
211,44001,221,1.52
211,46001,221,1.45
211,48001,221,1.52
211,50001,221,1.77
211,52001,221,2.21
211,54001,221,2.19
211,56001,221,1.99
211,58001,221,1.79
211,60001,221,1.67
211,62001,221,1.49
211,64001,221,1.46
211,65535,221,1.45
211,1,231,1.36
211,2001,231,1.4
211,4001,231,1.43
211,6001,231,1.61
211,8001,231,2.1
211,10001,231,2.54
211,12001,231,1.84
211,14001,231,1.39
211,16001,231,1.35
211,18001,231,1.36
211,20001,231,1.38
211,22001,231,1.36
211,24001,231,1.33
211,26001,231,1.39
211,28001,231,1.38
211,30001,231,1.51
211,32001,231,1.63
211,34001,231,1.96
211,36001,231,2.27
211,38001,231,2.33
211,40001,231,1.89
211,42001,231,1.69
211,44001,231,1.48
211,46001,231,1.45
211,48001,231,1.53
211,50001,231,1.94
211,52001,231,2.14
211,54001,231,2.29
211,56001,231,1.99
211,58001,231,1.78
211,60001,231,1.6
211,62001,231,1.51
211,64001,231,1.48
211,65535,231,1.46
211,1,241,1.4
211,2001,241,1.39
211,4001,241,1.47
211,6001,241,1.52
211,8001,241,1.94
211,10001,241,2.44
211,12001,241,1.86
211,14001,241,1.34
211,16001,241,1.33
211,18001,241,1.35
211,20001,241,1.36
211,22001,241,1.33
211,24001,241,1.35
211,26001,241,1.35
211,28001,241,1.4
211,30001,241,1.56
211,32001,241,1.64
211,34001,241,1.91
211,36001,241,2.16
211,38001,241,2.26
211,40001,241,1.86
211,42001,241,1.57
211,44001,241,1.44
211,46001,241,1.41
211,48001,241,1.5
211,50001,241,1.68
211,52001,241,2.12
211,54001,241,2.32
211,56001,241,1.95
211,58001,241,1.66
211,60001,241,1.64
211,62001,241,1.49
211,64001,241,1.45
211,65535,241,1.4
211,1,251,1.42
211,2001,251,1.44
211,4001,251,1.4
211,6001,251,1.48
211,8001,251,1.75
211,10001,251,2.19
211,12001,251,1.62
211,14001,251,1.36
211,16001,251,1.37
211,18001,251,1.37
211,20001,251,1.33
211,22001,251,1.35
211,24001,251,1.36
211,26001,251,1.35
211,28001,251,1.36
211,30001,251,1.46
211,32001,251,1.65
211,34001,251,1.86
211,36001,251,2.17
211,38001,251,2.11
211,40001,251,1.67
211,42001,251,1.58
211,44001,251,1.44
211,46001,251,1.4
211,48001,251,1.45
211,50001,251,1.68
211,52001,251,2.23
211,54001,251,2.4
211,56001,251,1.95
211,58001,251,1.77
211,60001,251,1.66
211,62001,251,1.51
211,64001,251,1.42
211,65535,251,1.39
211,1,254,1.35
211,2001,254,1.42
211,4001,254,1.39
211,6001,254,1.55
211,8001,254,1.76
211,10001,254,2.29
211,12001,254,1.73
211,14001,254,1.38
211,16001,254,1.35
211,18001,254,1.32
211,20001,254,1.38
211,22001,254,1.34
211,24001,254,1.33
211,26001,254,1.36
211,28001,254,1.36
211,30001,254,1.5
211,32001,254,1.69
211,34001,254,2.02
211,36001,254,2.13
211,38001,254,2.17
211,40001,254,1.81
211,42001,254,1.58
211,44001,254,1.44
211,46001,254,1.43
211,48001,254,1.49
211,50001,254,1.62
211,52001,254,2.11
211,54001,254,2.42
211,56001,254,1.95
211,58001,254,1.73
211,60001,254,1.61
211,62001,254,1.48
211,64001,254,1.49
211,65535,254,1.41
221,1,1,2.57
221,2001,1,2.58
221,4001,1,2.56
221,6001,1,2.58
221,8001,1,2.54
221,10001,1,2.52
221,12001,1,2.48
221,14001,1,2.46
221,16001,1,2.45
221,18001,1,2.5
221,20001,1,2.46
221,22001,1,2.48
221,24001,1,2.48
221,26001,1,2.44
221,28001,1,2.47
221,30001,1,2.48
221,32001,1,2.46
221,34001,1,2.51
221,36001,1,2.48
221,38001,1,2.5
221,40001,1,2.5
221,42001,1,2.53
221,44001,1,2.5
221,46001,1,2.54
221,48001,1,2.55
221,50001,1,2.52
221,52001,1,2.5
221,54001,1,2.54
221,56001,1,2.52
221,58001,1,2.56
221,60001,1,2.54
221,62001,1,2.51
221,64001,1,2.52
221,65535,1,2.56
221,1,11,2.96
221,2001,11,2.95
221,4001,11,2.88
221,6001,11,2.73
221,8001,11,2.65
221,10001,11,2.62
221,12001,11,2.48
221,14001,11,2.35
221,16001,11,2.35
221,18001,11,2.29
221,20001,11,2.24
221,22001,11,2.19
221,24001,11,2.17
221,26001,11,2.16
221,28001,11,2.16
221,30001,11,2.19
221,32001,11,2.15
221,34001,11,2.2
221,36001,11,2.24
221,38001,11,2.33
221,40001,11,2.37
221,42001,11,2.46
221,44001,11,2.5
221,46001,11,2.56
221,48001,11,2.62
221,50001,11,2.73
221,52001,11,2.81
221,54001,11,2.9
221,56001,11,2.98
221,58001,11,3.0
221,60001,11,3.04
221,62001,11,3.0
221,64001,11,3.01
221,65535,11,3.0
221,1,21,3.79
221,2001,21,3.65
221,4001,21,3.39
221,6001,21,3.17
221,8001,21,2.87
221,10001,21,2.64
221,12001,21,2.56
221,14001,21,2.35
221,16001,21,2.25
221,18001,21,2.19
221,20001,21,2.1
221,22001,21,1.97
221,24001,21,1.97
221,26001,21,2.02
221,28001,21,2.0
221,30001,21,1.96
221,32001,21,1.98
221,34001,21,2.04
221,36001,21,2.1
221,38001,21,2.17
221,40001,21,2.23
221,42001,21,2.37
221,44001,21,2.44
221,46001,21,2.55
221,48001,21,2.73
221,50001,21,2.99
221,52001,21,3.12
221,54001,21,3.31
221,56001,21,3.67
221,58001,21,3.73
221,60001,21,3.77
221,62001,21,3.73
221,64001,21,3.71
221,65535,21,3.77
221,1,31,4.6
221,2001,31,4.51
221,4001,31,3.96
221,6001,31,3.21
221,8001,31,3.12
221,10001,31,2.75
221,12001,31,2.57
221,14001,31,2.29
221,16001,31,2.09
221,18001,31,1.96
221,20001,31,1.97
221,22001,31,1.96
221,24001,31,1.95
221,26001,31,1.97
221,28001,31,1.97
221,30001,31,2.05
221,32001,31,2.04
221,34001,31,2.04
221,36001,31,2.1
221,38001,31,2.1
221,40001,31,2.14
221,42001,31,2.23
221,44001,31,2.44
221,46001,31,2.77
221,48001,31,2.88
221,50001,31,3.31
221,52001,31,3.48
221,54001,31,3.9
221,56001,31,4.15
221,58001,31,4.35
221,60001,31,4.36
221,62001,31,4.41
221,64001,31,4.46
221,65535,31,4.53
221,1,41,4.76
221,2001,41,4.81
221,4001,41,4.67
221,6001,41,4.24
221,8001,41,3.51
221,10001,41,2.85
221,12001,41,2.46
221,14001,41,2.11
221,16001,41,2.04
221,18001,41,1.86
221,20001,41,1.89
221,22001,41,1.93
221,24001,41,1.91
221,26001,41,1.99
221,28001,41,2.0
221,30001,41,2.02
221,32001,41,2.07
221,34001,41,2.06
221,36001,41,2.12
221,38001,41,2.13
221,40001,41,2.15
221,42001,41,2.21
221,44001,41,2.46
221,46001,41,2.7
221,48001,41,3.01
221,50001,41,3.63
221,52001,41,4.0
221,54001,41,4.49
221,56001,41,4.62
221,58001,41,4.94
221,60001,41,4.95
221,62001,41,5.06
221,64001,41,5.2
221,65535,41,4.99
221,1,51,5.17
221,2001,51,5.12
221,4001,51,4.38
221,6001,51,4.39
221,8001,51,3.33
221,10001,51,3.08
221,12001,51,2.49
221,14001,51,2.19
221,16001,51,1.97
221,18001,51,1.86
221,20001,51,1.85
221,22001,51,1.91
221,24001,51,1.89
221,26001,51,1.91
221,28001,51,1.94
221,30001,51,1.96
221,32001,51,2.06
221,34001,51,2.04
221,36001,51,2.12
221,38001,51,2.17
221,40001,51,2.18
221,42001,51,2.21
221,44001,51,2.42
221,46001,51,2.83
221,48001,51,3.52
221,50001,51,3.71
221,52001,51,4.25
221,54001,51,4.54
221,56001,51,3.93
221,58001,51,4.29
221,60001,51,4.5
221,62001,51,4.77
221,64001,51,4.87
221,65535,51,5.08
221,1,61,4.66
221,2001,61,5.05
221,4001,61,5.21
221,6001,61,4.34
221,8001,61,4.62
221,10001,61,3.33
221,12001,61,2.54
221,14001,61,2.04
221,16001,61,1.83
221,18001,61,1.82
221,20001,61,1.88
221,22001,61,1.83
221,24001,61,1.82
221,26001,61,1.9
221,28001,61,1.98
221,30001,61,1.99
221,32001,61,2.05
221,34001,61,2.1
221,36001,61,2.12
221,38001,61,2.17
221,40001,61,2.27
221,42001,61,2.33
221,44001,61,2.38
221,46001,61,2.9
221,48001,61,3.31
221,50001,61,3.81
221,52001,61,4.32
221,54001,61,4.49
221,56001,61,4.28
221,58001,61,4.3
221,60001,61,4.38
221,62001,61,4.45
221,64001,61,4.54
221,65535,61,4.62
221,1,71,5.43
221,2001,71,5.39
221,4001,71,4.96
221,6001,71,4.97
221,8001,71,4.27
221,10001,71,2.91
221,12001,71,2.58
221,14001,71,2.02
221,16001,71,1.83
221,18001,71,1.83
221,20001,71,1.77
221,22001,71,1.84
221,24001,71,1.85
221,26001,71,1.88
221,28001,71,1.95
221,30001,71,1.96
221,32001,71,2.04
221,34001,71,2.08
221,36001,71,2.19
221,38001,71,2.17
221,40001,71,2.27
221,42001,71,2.36
221,44001,71,2.42
221,46001,71,2.9
221,48001,71,3.58
221,50001,71,4.04
221,52001,71,4.18
221,54001,71,4.33
221,56001,71,4.38
221,58001,71,4.99
221,60001,71,5.04
221,62001,71,5.24
221,64001,71,5.29
221,65535,71,5.33
221,1,81,4.67
221,2001,81,4.61
221,4001,81,5.1
221,6001,81,5.52
221,8001,81,4.17
221,10001,81,3.68
221,12001,81,2.62
221,14001,81,2.1
221,16001,81,1.77
221,18001,81,1.76
221,20001,81,1.77
221,22001,81,1.8
221,24001,81,1.75
221,26001,81,1.85
221,28001,81,1.95
221,30001,81,1.96
221,32001,81,2.1
221,34001,81,2.09
221,36001,81,2.23
221,38001,81,2.26
221,40001,81,2.33
221,42001,81,2.44
221,44001,81,2.65
221,46001,81,3.25
221,48001,81,3.46
221,50001,81,3.77
221,52001,81,3.99
221,54001,81,4.41
221,56001,81,4.58
221,58001,81,4.58
221,60001,81,4.66
221,62001,81,4.68
221,64001,81,4.79
221,65535,81,4.79
221,1,91,3.64
221,2001,91,3.72
221,4001,91,5.27
221,6001,91,5.24
221,8001,91,4.93
221,10001,91,3.97
221,12001,91,2.5
221,14001,91,1.84
221,16001,91,1.74
221,18001,91,1.81
221,20001,91,1.74
221,22001,91,1.77
221,24001,91,1.75
221,26001,91,1.88
221,28001,91,1.96
221,30001,91,1.95
221,32001,91,2.06
221,34001,91,2.12
221,36001,91,2.2
221,38001,91,2.29
221,40001,91,2.48
221,42001,91,2.53
221,44001,91,2.71
221,46001,91,3.07
221,48001,91,3.27
221,50001,91,3.48
221,52001,91,3.97
221,54001,91,4.29
221,56001,91,4.29
221,58001,91,4.22
221,60001,91,4.24
221,62001,91,4.16
221,64001,91,3.88
221,65535,91,3.67
221,1,101,3.08
221,2001,101,3.08
221,4001,101,4.19
221,6001,101,4.89
221,8001,101,4.91
221,10001,101,4.55
221,12001,101,2.6
221,14001,101,1.91
221,16001,101,1.75
221,18001,101,1.72
221,20001,101,1.76
221,22001,101,1.77
221,24001,101,1.76
221,26001,101,1.8
221,28001,101,1.84
221,30001,101,1.99
221,32001,101,2.01
221,34001,101,2.13
221,36001,101,2.3
221,38001,101,2.31
221,40001,101,2.48
221,42001,101,2.58
221,44001,101,2.81
221,46001,101,2.85
221,48001,101,3.15
221,50001,101,3.3
221,52001,101,3.78
221,54001,101,4.12
221,56001,101,4.03
221,58001,101,3.94
221,60001,101,3.71
221,62001,101,3.42
221,64001,101,3.31
221,65535,101,3.15
221,1,111,2.63
221,2001,111,3.0
221,4001,111,4.12
221,6001,111,4.4
221,8001,111,4.92
221,10001,111,4.08
221,12001,111,2.67
221,14001,111,1.93
221,16001,111,1.72
221,18001,111,1.73
221,20001,111,1.72
221,22001,111,1.75
221,24001,111,1.76
221,26001,111,1.74
221,28001,111,1.87
221,30001,111,1.98
221,32001,111,2.08
221,34001,111,2.11
221,36001,111,2.23
221,38001,111,2.38
221,40001,111,2.55
221,42001,111,2.74
221,44001,111,2.79
221,46001,111,2.85
221,48001,111,2.87
221,50001,111,3.29
221,52001,111,3.58
221,54001,111,4.08
221,56001,111,3.75
221,58001,111,3.36
221,60001,111,3.23
221,62001,111,3.05
221,64001,111,2.81
221,65535,111,2.73
221,1,121,2.42
221,2001,121,2.42
221,4001,121,3.39
221,6001,121,4.35
221,8001,121,5.54
221,10001,121,4.04
221,12001,121,2.36
221,14001,121,1.89
221,16001,121,1.68
221,18001,121,1.7
221,20001,121,1.67
221,22001,121,1.66
221,24001,121,1.75
221,26001,121,1.77
221,28001,121,1.85
221,30001,121,1.93
221,32001,121,2.06
221,34001,121,2.12
221,36001,121,2.25
221,38001,121,2.46
221,40001,121,2.75
221,42001,121,2.8
221,44001,121,2.67
221,46001,121,2.57
221,48001,121,2.56
221,50001,121,3.02
221,52001,121,3.62
221,54001,121,3.62
221,56001,121,3.51
221,58001,121,3.1
221,60001,121,2.88
221,62001,121,2.74
221,64001,121,2.56
221,65535,121,2.49
221,1,131,2.19
221,2001,131,2.24
221,4001,131,2.71
221,6001,131,4.26
221,8001,131,5.0
221,10001,131,4.76
221,12001,131,2.67
221,14001,131,1.9
221,16001,131,1.69
221,18001,131,1.69
221,20001,131,1.68
221,22001,131,1.65
221,24001,131,1.69
221,26001,131,1.76
221,28001,131,1.78
221,30001,131,1.89
221,32001,131,2.04
221,34001,131,2.18
221,36001,131,2.44
221,38001,131,2.46
221,40001,131,2.73
221,42001,131,2.8
221,44001,131,2.56
221,46001,131,2.4
221,48001,131,2.58
221,50001,131,2.65
221,52001,131,3.46
221,54001,131,3.48
221,56001,131,3.23
221,58001,131,2.81
221,60001,131,2.63
221,62001,131,2.42
221,64001,131,2.39
221,65535,131,2.27
221,1,141,2.06
221,2001,141,2.22
221,4001,141,3.1
221,6001,141,3.52
221,8001,141,5.11
221,10001,141,5.19
221,12001,141,2.73
221,14001,141,1.77
221,16001,141,1.67
221,18001,141,1.64
221,20001,141,1.62
221,22001,141,1.62
221,24001,141,1.64
221,26001,141,1.69
221,28001,141,1.79
221,30001,141,1.96
221,32001,141,2.0
221,34001,141,2.14
221,36001,141,2.33
221,38001,141,2.48
221,40001,141,2.79
221,42001,141,2.56
221,44001,141,2.31
221,46001,141,2.29
221,48001,141,2.54
221,50001,141,2.75
221,52001,141,3.3
221,54001,141,3.54
221,56001,141,2.96
221,58001,141,2.5
221,60001,141,2.42
221,62001,141,2.27
221,64001,141,2.19
221,65535,141,2.07
221,1,151,1.96
221,2001,151,1.98
221,4001,151,2.21
221,6001,151,3.06
221,8001,151,4.7
221,10001,151,3.88
221,12001,151,2.2
221,14001,151,1.79
221,16001,151,1.62
221,18001,151,1.64
221,20001,151,1.61
221,22001,151,1.66
221,24001,151,1.64
221,26001,151,1.67
221,28001,151,1.77
221,30001,151,1.9
221,32001,151,2.04
221,34001,151,2.17
221,36001,151,2.42
221,38001,151,2.73
221,40001,151,2.87
221,42001,151,2.48
221,44001,151,2.31
221,46001,151,2.17
221,48001,151,2.33
221,50001,151,2.85
221,52001,151,3.33
221,54001,151,3.44
221,56001,151,2.76
221,58001,151,2.46
221,60001,151,2.33
221,62001,151,2.13
221,64001,151,2.03
221,65535,151,1.94
221,1,161,1.88
221,2001,161,1.85
221,4001,161,2.26
221,6001,161,3.6
221,8001,161,4.53
221,10001,161,4.6
221,12001,161,2.9
221,14001,161,1.79
221,16001,161,1.66
221,18001,161,1.61
221,20001,161,1.61
221,22001,161,1.61
221,24001,161,1.58
221,26001,161,1.67
221,28001,161,1.73
221,30001,161,1.88
221,32001,161,2.06
221,34001,161,2.27
221,36001,161,2.41
221,38001,161,2.65
221,40001,161,2.77
221,42001,161,2.5
221,44001,161,2.15
221,46001,161,2.11
221,48001,161,2.19
221,50001,161,2.63
221,52001,161,3.15
221,54001,161,3.29
221,56001,161,2.66
221,58001,161,2.4
221,60001,161,2.14
221,62001,161,2.12
221,64001,161,1.96
221,65535,161,1.93
221,1,171,1.78
221,2001,171,1.81
221,4001,171,1.99
221,6001,171,2.85
221,8001,171,3.58
221,10001,171,4.18
221,12001,171,2.54
221,14001,171,1.71
221,16001,171,1.58
221,18001,171,1.58
221,20001,171,1.57
221,22001,171,1.56
221,24001,171,1.6
221,26001,171,1.68
221,28001,171,1.85
221,30001,171,1.85
221,32001,171,2.02
221,34001,171,2.13
221,36001,171,2.37
221,38001,171,2.71
221,40001,171,2.52
221,42001,171,2.17
221,44001,171,2.12
221,46001,171,2.0
221,48001,171,2.1
221,50001,171,2.46
221,52001,171,3.07
221,54001,171,2.83
221,56001,171,2.56
221,58001,171,2.27
221,60001,171,2.08
221,62001,171,2.0
221,64001,171,1.87
221,65535,171,1.84
221,1,181,1.75
221,2001,181,1.73
221,4001,181,1.93
221,6001,181,2.48
221,8001,181,3.4
221,10001,181,2.83
221,12001,181,2.48
221,14001,181,1.7
221,16001,181,1.57
221,18001,181,1.61
221,20001,181,1.57
221,22001,181,1.59
221,24001,181,1.54
221,26001,181,1.68
221,28001,181,1.74
221,30001,181,1.85
221,32001,181,1.98
221,34001,181,2.25
221,36001,181,2.6
221,38001,181,2.77
221,40001,181,2.5
221,42001,181,2.21
221,44001,181,2.01
221,46001,181,1.89
221,48001,181,2.14
221,50001,181,2.71
221,52001,181,2.92
221,54001,181,2.83
221,56001,181,2.43
221,58001,181,2.21
221,60001,181,2.03
221,62001,181,1.9
221,64001,181,1.81
221,65535,181,1.71
221,1,191,1.65
221,2001,191,1.67
221,4001,191,2.02
221,6001,191,2.26
221,8001,191,2.94
221,10001,191,3.58
221,12001,191,2.44
221,14001,191,1.7
221,16001,191,1.62
221,18001,191,1.53
221,20001,191,1.54
221,22001,191,1.59
221,24001,191,1.58
221,26001,191,1.59
221,28001,191,1.67
221,30001,191,1.9
221,32001,191,2.01
221,34001,191,2.19
221,36001,191,2.56
221,38001,191,2.81
221,40001,191,2.46
221,42001,191,2.15
221,44001,191,1.84
221,46001,191,1.81
221,48001,191,1.99
221,50001,191,2.33
221,52001,191,2.88
221,54001,191,2.83
221,56001,191,2.36
221,58001,191,2.07
221,60001,191,1.98
221,62001,191,1.84
221,64001,191,1.78
221,65535,191,1.71
221,1,201,1.67
221,2001,201,1.64
221,4001,201,1.76
221,6001,201,2.06
221,8001,201,2.58
221,10001,201,2.98
221,12001,201,1.93
221,14001,201,1.68
221,16001,201,1.57
221,18001,201,1.57
221,20001,201,1.55
221,22001,201,1.53
221,24001,201,1.6
221,26001,201,1.61
221,28001,201,1.67
221,30001,201,1.84
221,32001,201,1.96
221,34001,201,2.17
221,36001,201,2.54
221,38001,201,2.62
221,40001,201,2.42
221,42001,201,2.1
221,44001,201,1.79
221,46001,201,1.78
221,48001,201,1.88
221,50001,201,2.33
221,52001,201,2.76
221,54001,201,2.85
221,56001,201,2.33
221,58001,201,2.15
221,60001,201,1.94
221,62001,201,1.84
221,64001,201,1.7
221,65535,201,1.62
221,1,211,1.61
221,2001,211,1.61
221,4001,211,1.76
221,6001,211,2.15
221,8001,211,2.4
221,10001,211,3.13
221,12001,211,2.1
221,14001,211,1.64
221,16001,211,1.6
221,18001,211,1.58
221,20001,211,1.58
221,22001,211,1.56
221,24001,211,1.57
221,26001,211,1.58
221,28001,211,1.62
221,30001,211,1.8
221,32001,211,2.0
221,34001,211,2.36
221,36001,211,2.48
221,38001,211,2.75
221,40001,211,2.35
221,42001,211,2.02
221,44001,211,1.8
221,46001,211,1.75
221,48001,211,1.99
221,50001,211,2.19
221,52001,211,2.75
221,54001,211,2.84
221,56001,211,2.33
221,58001,211,2.1
221,60001,211,1.91
221,62001,211,1.81
221,64001,211,1.71
221,65535,211,1.65
221,1,221,1.65
221,2001,221,1.69
221,4001,221,1.67
221,6001,221,1.96
221,8001,221,2.31
221,10001,221,3.09
221,12001,221,2.17
221,14001,221,1.64
221,16001,221,1.58
221,18001,221,1.56
221,20001,221,1.6
221,22001,221,1.56
221,24001,221,1.58
221,26001,221,1.56
221,28001,221,1.71
221,30001,221,1.72
221,32001,221,1.97
221,34001,221,2.29
221,36001,221,2.45
221,38001,221,2.76
221,40001,221,2.25
221,42001,221,1.86
221,44001,221,1.75
221,46001,221,1.68
221,48001,221,1.77
221,50001,221,2.03
221,52001,221,2.62
221,54001,221,2.6
221,56001,221,2.15
221,58001,221,2.01
221,60001,221,1.9
221,62001,221,1.8
221,64001,221,1.74
221,65535,221,1.67
221,1,231,1.65
221,2001,231,1.64
221,4001,231,1.62
221,6001,231,1.86
221,8001,231,2.37
221,10001,231,2.54
221,12001,231,2.19
221,14001,231,1.67
221,16001,231,1.54
221,18001,231,1.57
221,20001,231,1.59
221,22001,231,1.55
221,24001,231,1.62
221,26001,231,1.55
221,28001,231,1.65
221,30001,231,1.75
221,32001,231,1.95
221,34001,231,2.24
221,36001,231,2.62
221,38001,231,2.35
221,40001,231,2.26
221,42001,231,1.8
221,44001,231,1.72
221,46001,231,1.66
221,48001,231,1.76
221,50001,231,2.21
221,52001,231,2.56
221,54001,231,2.74
221,56001,231,2.29
221,58001,231,2.02
221,60001,231,1.87
221,62001,231,1.72
221,64001,231,1.7
221,65535,231,1.61
221,1,241,1.64
221,2001,241,1.6
221,4001,241,1.67
221,6001,241,1.82
221,8001,241,2.17
221,10001,241,2.55
221,12001,241,2.16
221,14001,241,1.62
221,16001,241,1.57
221,18001,241,1.55
221,20001,241,1.59
221,22001,241,1.54
221,24001,241,1.56
221,26001,241,1.55
221,28001,241,1.58
221,30001,241,1.74
221,32001,241,2.06
221,34001,241,2.17
221,36001,241,2.58
221,38001,241,2.69
221,40001,241,2.18
221,42001,241,1.91
221,44001,241,1.69
221,46001,241,1.72
221,48001,241,1.73
221,50001,241,2.1
221,52001,241,2.47
221,54001,241,2.75
221,56001,241,2.25
221,58001,241,1.96
221,60001,241,1.8
221,62001,241,1.75
221,64001,241,1.7
221,65535,241,1.65
221,1,251,1.65
221,2001,251,1.62
221,4001,251,1.64
221,6001,251,1.74
221,8001,251,2.04
221,10001,251,2.69
221,12001,251,2.06
221,14001,251,1.6
221,16001,251,1.58
221,18001,251,1.54
221,20001,251,1.55
221,22001,251,1.58
221,24001,251,1.56
221,26001,251,1.57
221,28001,251,1.64
221,30001,251,1.74
221,32001,251,2.0
221,34001,251,2.19
221,36001,251,2.54
221,38001,251,2.5
221,40001,251,2.0
221,42001,251,1.83
221,44001,251,1.66
221,46001,251,1.62
221,48001,251,1.66
221,50001,251,1.91
221,52001,251,2.54
221,54001,251,2.52
221,56001,251,2.27
221,58001,251,2.0
221,60001,251,1.9
221,62001,251,1.77
221,64001,251,1.62
221,65535,251,1.65
221,1,254,1.65
221,2001,254,1.64
221,4001,254,1.65
221,6001,254,1.77
221,8001,254,2.38
221,10001,254,2.69
221,12001,254,2.13
221,14001,254,1.66
221,16001,254,1.58
221,18001,254,1.51
221,20001,254,1.58
221,22001,254,1.61
221,24001,254,1.56
221,26001,254,1.58
221,28001,254,1.57
221,30001,254,1.75
221,32001,254,1.94
221,34001,254,2.28
221,36001,254,2.63
221,38001,254,2.56
221,40001,254,2.04
221,42001,254,1.85
221,44001,254,1.61
221,46001,254,1.63
221,48001,254,1.75
221,50001,254,1.9
221,52001,254,2.44
221,54001,254,2.8
221,56001,254,2.26
221,58001,254,2.01
221,60001,254,1.83
221,62001,254,1.75
221,64001,254,1.67
221,65535,254,1.6
231,1,1,3.01
231,2001,1,2.98
231,4001,1,2.98
231,6001,1,2.98
231,8001,1,3.0
231,10001,1,2.97
231,12001,1,2.94
231,14001,1,2.88
231,16001,1,2.92
231,18001,1,2.88
231,20001,1,2.88
231,22001,1,2.91
231,24001,1,2.9
231,26001,1,2.88
231,28001,1,2.87
231,30001,1,2.94
231,32001,1,2.9
231,34001,1,2.92
231,36001,1,3.0
231,38001,1,2.94
231,40001,1,2.98
231,42001,1,2.91
231,44001,1,2.94
231,46001,1,2.91
231,48001,1,2.97
231,50001,1,2.99
231,52001,1,2.94
231,54001,1,2.95
231,56001,1,2.97
231,58001,1,3.01
231,60001,1,3.02
231,62001,1,3.02
231,64001,1,3.01
231,65535,1,3.01
231,1,11,3.55
231,2001,11,3.46
231,4001,11,3.4
231,6001,11,3.21
231,8001,11,3.17
231,10001,11,3.02
231,12001,11,2.91
231,14001,11,2.81
231,16001,11,2.74
231,18001,11,2.71
231,20001,11,2.63
231,22001,11,2.57
231,24001,11,2.5
231,26001,11,2.52
231,28001,11,2.54
231,30001,11,2.52
231,32001,11,2.52
231,34001,11,2.6
231,36001,11,2.62
231,38001,11,2.72
231,40001,11,2.83
231,42001,11,2.86
231,44001,11,2.94
231,46001,11,3.03
231,48001,11,3.0
231,50001,11,3.23
231,52001,11,3.25
231,54001,11,3.45
231,56001,11,3.5
231,58001,11,3.55
231,60001,11,3.53
231,62001,11,3.54
231,64001,11,3.56
231,65535,11,3.53
231,1,21,4.51
231,2001,21,4.47
231,4001,21,4.07
231,6001,21,3.71
231,8001,21,3.33
231,10001,21,3.09
231,12001,21,2.98
231,14001,21,2.75
231,16001,21,2.65
231,18001,21,2.51
231,20001,21,2.38
231,22001,21,2.3
231,24001,21,2.31
231,26001,21,2.36
231,28001,21,2.33
231,30001,21,2.37
231,32001,21,2.35
231,34001,21,2.38
231,36001,21,2.44
231,38001,21,2.46
231,40001,21,2.65
231,42001,21,2.77
231,44001,21,2.92
231,46001,21,3.06
231,48001,21,3.19
231,50001,21,3.63
231,52001,21,3.67
231,54001,21,3.96
231,56001,21,4.3
231,58001,21,4.45
231,60001,21,4.42
231,62001,21,4.43
231,64001,21,4.43
231,65535,21,4.42
231,1,31,5.43
231,2001,31,5.35
231,4001,31,4.7
231,6001,31,3.87
231,8001,31,3.69
231,10001,31,3.19
231,12001,31,2.99
231,14001,31,2.66
231,16001,31,2.48
231,18001,31,2.29
231,20001,31,2.25
231,22001,31,2.28
231,24001,31,2.29
231,26001,31,2.27
231,28001,31,2.33
231,30001,31,2.38
231,32001,31,2.41
231,34001,31,2.36
231,36001,31,2.46
231,38001,31,2.46
231,40001,31,2.5
231,42001,31,2.67
231,44001,31,2.96
231,46001,31,3.29
231,48001,31,3.38
231,50001,31,3.86
231,52001,31,4.18
231,54001,31,4.62
231,56001,31,5.0
231,58001,31,5.16
231,60001,31,5.21
231,62001,31,5.22
231,64001,31,5.33
231,65535,31,5.37
231,1,41,5.67
231,2001,41,5.62
231,4001,41,5.54
231,6001,41,5.03
231,8001,41,4.13
231,10001,41,3.34
231,12001,41,2.82
231,14001,41,2.45
231,16001,41,2.37
231,18001,41,2.22
231,20001,41,2.23
231,22001,41,2.2
231,24001,41,2.19
231,26001,41,2.28
231,28001,41,2.33
231,30001,41,2.33
231,32001,41,2.42
231,34001,41,2.44
231,36001,41,2.47
231,38001,41,2.51
231,40001,41,2.58
231,42001,41,2.58
231,44001,41,2.88
231,46001,41,3.17
231,48001,41,3.58
231,50001,41,4.26
231,52001,41,4.75
231,54001,41,5.34
231,56001,41,5.45
231,58001,41,5.83
231,60001,41,5.92
231,62001,41,6.08
231,64001,41,6.22
231,65535,41,5.92
231,1,51,6.12
231,2001,51,6.08
231,4001,51,5.24
231,6001,51,5.23
231,8001,51,3.87
231,10001,51,3.62
231,12001,51,2.93
231,14001,51,2.58
231,16001,51,2.31
231,18001,51,2.17
231,20001,51,2.16
231,22001,51,2.23
231,24001,51,2.23
231,26001,51,2.27
231,28001,51,2.28
231,30001,51,2.31
231,32001,51,2.37
231,34001,51,2.4
231,36001,51,2.46
231,38001,51,2.5
231,40001,51,2.62
231,42001,51,2.63
231,44001,51,2.81
231,46001,51,3.33
231,48001,51,4.12
231,50001,51,4.48
231,52001,51,5.0
231,54001,51,5.39
231,56001,51,4.67
231,58001,51,5.07
231,60001,51,5.38
231,62001,51,5.67
231,64001,51,5.75
231,65535,51,6.01
231,1,61,5.53
231,2001,61,6.02
231,4001,61,6.25
231,6001,61,5.17
231,8001,61,5.51
231,10001,61,3.87
231,12001,61,3.0
231,14001,61,2.42
231,16001,61,2.17
231,18001,61,2.14
231,20001,61,2.15
231,22001,61,2.16
231,24001,61,2.16
231,26001,61,2.23
231,28001,61,2.23
231,30001,61,2.31
231,32001,61,2.37
231,34001,61,2.5
231,36001,61,2.5
231,38001,61,2.58
231,40001,61,2.62
231,42001,61,2.67
231,44001,61,2.83
231,46001,61,3.5
231,48001,61,4.33
231,50001,61,4.54
231,52001,61,5.22
231,54001,61,5.48
231,56001,61,5.09
231,58001,61,5.03
231,60001,61,5.12
231,62001,61,5.25
231,64001,61,5.41
231,65535,61,5.4
231,1,71,6.42
231,2001,71,6.33
231,4001,71,5.88
231,6001,71,5.96
231,8001,71,5.85
231,10001,71,3.81
231,12001,71,3.02
231,14001,71,2.46
231,16001,71,2.13
231,18001,71,2.1
231,20001,71,2.14
231,22001,71,2.1
231,24001,71,2.13
231,26001,71,2.21
231,28001,71,2.25
231,30001,71,2.33
231,32001,71,2.41
231,34001,71,2.5
231,36001,71,2.58
231,38001,71,2.62
231,40001,71,2.71
231,42001,71,2.81
231,44001,71,2.95
231,46001,71,3.75
231,48001,71,4.11
231,50001,71,4.69
231,52001,71,4.97
231,54001,71,5.13
231,56001,71,5.27
231,58001,71,5.96
231,60001,71,6.05
231,62001,71,6.08
231,64001,71,6.28
231,65535,71,6.33
231,1,81,5.35
231,2001,81,5.32
231,4001,81,5.34
231,6001,81,5.88
231,8001,81,5.12
231,10001,81,4.29
231,12001,81,2.93
231,14001,81,2.24
231,16001,81,2.1
231,18001,81,2.11
231,20001,81,2.06
231,22001,81,2.08
231,24001,81,2.15
231,26001,81,2.19
231,28001,81,2.28
231,30001,81,2.31
231,32001,81,2.42
231,34001,81,2.48
231,36001,81,2.55
231,38001,81,2.63
231,40001,81,2.81
231,42001,81,2.88
231,44001,81,3.01
231,46001,81,3.75
231,48001,81,4.05
231,50001,81,4.4
231,52001,81,4.9
231,54001,81,5.4
231,56001,81,5.45
231,58001,81,5.4
231,60001,81,5.45
231,62001,81,5.5
231,64001,81,5.62
231,65535,81,5.39
231,1,91,4.18
231,2001,91,4.18
231,4001,91,4.74
231,6001,91,6.08
231,8001,91,5.32
231,10001,91,4.86
231,12001,91,3.05
231,14001,91,2.25
231,16001,91,2.06
231,18001,91,2.08
231,20001,91,2.0
231,22001,91,2.1
231,24001,91,2.02
231,26001,91,2.15
231,28001,91,2.23
231,30001,91,2.31
231,32001,91,2.4
231,34001,91,2.54
231,36001,91,2.65
231,38001,91,2.7
231,40001,91,2.82
231,42001,91,2.96
231,44001,91,3.1
231,46001,91,3.57
231,48001,91,3.94
231,50001,91,4.08
231,52001,91,4.59
231,54001,91,5.14
231,56001,91,5.03
231,58001,91,5.04
231,60001,91,4.92
231,62001,91,4.55
231,64001,91,4.52
231,65535,91,4.21
231,1,101,3.49
231,2001,101,3.72
231,4001,101,5.28
231,6001,101,5.61
231,8001,101,6.06
231,10001,101,5.39
231,12001,101,3.14
231,14001,101,2.32
231,16001,101,2.02
231,18001,101,2.0
231,20001,101,2.04
231,22001,101,2.04
231,24001,101,2.01
231,26001,101,2.08
231,28001,101,2.19
231,30001,101,2.31
231,32001,101,2.41
231,34001,101,2.54
231,36001,101,2.6
231,38001,101,2.77
231,40001,101,2.9
231,42001,101,3.17
231,44001,101,3.32
231,46001,101,3.39
231,48001,101,3.69
231,50001,101,3.94
231,52001,101,4.43
231,54001,101,5.0
231,56001,101,4.68
231,58001,101,4.38
231,60001,101,4.29
231,62001,101,3.94
231,64001,101,3.77
231,65535,101,3.62
231,1,111,3.08
231,2001,111,3.21
231,4001,111,4.04
231,6001,111,5.04
231,8001,111,6.25
231,10001,111,4.16
231,12001,111,2.67
231,14001,111,2.22
231,16001,111,2.01
231,18001,111,2.0
231,20001,111,1.96
231,22001,111,1.99
231,24001,111,2.0
231,26001,111,2.15
231,28001,111,2.15
231,30001,111,2.3
231,32001,111,2.35
231,34001,111,2.52
231,36001,111,2.67
231,38001,111,2.88
231,40001,111,2.97
231,42001,111,3.25
231,44001,111,3.3
231,46001,111,3.19
231,48001,111,3.46
231,50001,111,3.94
231,52001,111,4.61
231,54001,111,4.78
231,56001,111,4.38
231,58001,111,3.96
231,60001,111,3.75
231,62001,111,3.53
231,64001,111,3.3
231,65535,111,3.12
231,1,121,2.75
231,2001,121,2.81
231,4001,121,3.85
231,6001,121,6.08
231,8001,121,6.59
231,10001,121,4.79
231,12001,121,3.27
231,14001,121,2.23
231,16001,121,1.92
231,18001,121,2.0
231,20001,121,1.98
231,22001,121,1.99
231,24001,121,1.99
231,26001,121,2.04
231,28001,121,2.12
231,30001,121,2.25
231,32001,121,2.42
231,34001,121,2.62
231,36001,121,2.71
231,38001,121,2.88
231,40001,121,3.08
231,42001,121,3.44
231,44001,121,3.11
231,46001,121,3.1
231,48001,121,3.25
231,50001,121,3.62
231,52001,121,4.17
231,54001,121,4.54
231,56001,121,4.03
231,58001,121,3.56
231,60001,121,3.21
231,62001,121,3.13
231,64001,121,2.96
231,65535,121,2.82
231,1,131,2.58
231,2001,131,2.53
231,4001,131,3.11
231,6001,131,5.04
231,8001,131,6.26
231,10001,131,5.55
231,12001,131,3.0
231,14001,131,2.08
231,16001,131,1.96
231,18001,131,1.93
231,20001,131,1.97
231,22001,131,1.98
231,24001,131,1.96
231,26001,131,1.99
231,28001,131,2.23
231,30001,131,2.25
231,32001,131,2.4
231,34001,131,2.5
231,36001,131,2.68
231,38001,131,2.92
231,40001,131,3.23
231,42001,131,3.12
231,44001,131,3.0
231,46001,131,2.87
231,48001,131,3.02
231,50001,131,3.37
231,52001,131,4.13
231,54001,131,4.03
231,56001,131,3.71
231,58001,131,3.25
231,60001,131,3.0
231,62001,131,2.87
231,64001,131,2.77
231,65535,131,2.63
231,1,141,2.35
231,2001,141,2.42
231,4001,141,2.83
231,6001,141,4.2
231,8001,141,5.99
231,10001,141,3.83
231,12001,141,3.25
231,14001,141,2.06
231,16001,141,1.92
231,18001,141,1.94
231,20001,141,1.91
231,22001,141,1.93
231,24001,141,1.88
231,26001,141,1.97
231,28001,141,2.13
231,30001,141,2.22
231,32001,141,2.34
231,34001,141,2.6
231,36001,141,2.87
231,38001,141,2.97
231,40001,141,3.27
231,42001,141,3.17
231,44001,141,2.84
231,46001,141,2.68
231,48001,141,3.01
231,50001,141,3.77
231,52001,141,3.98
231,54001,141,3.91
231,56001,141,3.44
231,58001,141,3.03
231,60001,141,2.83
231,62001,141,2.61
231,64001,141,2.54
231,65535,141,2.44
231,1,151,2.27
231,2001,151,2.35
231,4001,151,3.15
231,6001,151,3.6
231,8001,151,5.54
231,10001,151,5.7
231,12001,151,3.31
231,14001,151,2.04
231,16001,151,1.91
231,18001,151,1.9
231,20001,151,1.87
231,22001,151,1.88
231,24001,151,1.92
231,26001,151,1.98
231,28001,151,2.07
231,30001,151,2.25
231,32001,151,2.35
231,34001,151,2.55
231,36001,151,2.73
231,38001,151,3.06
231,40001,151,3.4
231,42001,151,2.89
231,44001,151,2.65
231,46001,151,2.52
231,48001,151,2.83
231,50001,151,3.15
231,52001,151,3.88
231,54001,151,3.91
231,56001,151,3.09
231,58001,151,2.73
231,60001,151,2.67
231,62001,151,2.5
231,64001,151,2.4
231,65535,151,2.3
231,1,161,2.14
231,2001,161,2.21
231,4001,161,2.48
231,6001,161,3.19
231,8001,161,5.32
231,10001,161,4.69
231,12001,161,2.52
231,14001,161,2.07
231,16001,161,1.9
231,18001,161,1.87
231,20001,161,1.9
231,22001,161,1.84
231,24001,161,1.9
231,26001,161,2.02
231,28001,161,2.09
231,30001,161,2.21
231,32001,161,2.31
231,34001,161,2.59
231,36001,161,2.86
231,38001,161,3.19
231,40001,161,3.29
231,42001,161,2.84
231,44001,161,2.54
231,46001,161,2.42
231,48001,161,2.62
231,50001,161,3.19
231,52001,161,3.79
231,54001,161,3.81
231,56001,161,3.02
231,58001,161,2.79
231,60001,161,2.55
231,62001,161,2.4
231,64001,161,2.31
231,65535,161,2.17
231,1,171,2.08
231,2001,171,2.06
231,4001,171,2.42
231,6001,171,3.4
231,8001,171,4.12
231,10001,171,4.88
231,12001,171,2.85
231,14001,171,2.06
231,16001,171,1.85
231,18001,171,1.87
231,20001,171,1.86
231,22001,171,1.8
231,24001,171,1.83
231,26001,171,1.93
231,28001,171,2.02
231,30001,171,2.17
231,32001,171,2.4
231,34001,171,2.69
231,36001,171,2.83
231,38001,171,3.18
231,40001,171,3.16
231,42001,171,2.73
231,44001,171,2.41
231,46001,171,2.33
231,48001,171,2.77
231,50001,171,2.96
231,52001,171,3.62
231,54001,171,3.63
231,56001,171,2.98
231,58001,171,2.63
231,60001,171,2.39
231,62001,171,2.32
231,64001,171,2.17
231,65535,171,2.08
231,1,181,2.01
231,2001,181,2.12
231,4001,181,2.24
231,6001,181,2.91
231,8001,181,3.52
231,10001,181,4.46
231,12001,181,2.93
231,14001,181,1.94
231,16001,181,1.83
231,18001,181,1.84
231,20001,181,1.83
231,22001,181,1.83
231,24001,181,1.85
231,26001,181,1.86
231,28001,181,2.04
231,30001,181,2.17
231,32001,181,2.35
231,34001,181,2.52
231,36001,181,2.83
231,38001,181,3.25
231,40001,181,2.97
231,42001,181,2.46
231,44001,181,2.37
231,46001,181,2.19
231,48001,181,2.39
231,50001,181,2.85
231,52001,181,3.51
231,54001,181,3.25
231,56001,181,2.69
231,58001,181,2.57
231,60001,181,2.31
231,62001,181,2.24
231,64001,181,2.12
231,65535,181,2.06
231,1,191,1.99
231,2001,191,1.98
231,4001,191,2.16
231,6001,191,2.62
231,8001,191,3.48
231,10001,191,3.33
231,12001,191,2.91
231,14001,191,1.96
231,16001,191,1.89
231,18001,191,1.82
231,20001,191,1.83
231,22001,191,1.81
231,24001,191,1.86
231,26001,191,1.86
231,28001,191,1.99
231,30001,191,2.13
231,32001,191,2.31
231,34001,191,2.6
231,36001,191,3.08
231,38001,191,3.35
231,40001,191,2.96
231,42001,191,2.46
231,44001,191,2.27
231,46001,191,2.15
231,48001,191,2.35
231,50001,191,3.12
231,52001,191,3.46
231,54001,191,3.27
231,56001,191,2.82
231,58001,191,2.5
231,60001,191,2.31
231,62001,191,2.15
231,64001,191,1.99
231,65535,191,2.0
231,1,201,1.98
231,2001,201,1.93
231,4001,201,2.21
231,6001,201,2.39
231,8001,201,3.02
231,10001,201,3.92
231,12001,201,2.77
231,14001,201,2.01
231,16001,201,1.85
231,18001,201,1.81
231,20001,201,1.78
231,22001,201,1.8
231,24001,201,1.78
231,26001,201,1.83
231,28001,201,1.93
231,30001,201,2.15
231,32001,201,2.45
231,34001,201,2.62
231,36001,201,3.04
231,38001,201,3.42
231,40001,201,2.87
231,42001,201,2.42
231,44001,201,2.13
231,46001,201,2.1
231,48001,201,2.19
231,50001,201,2.87
231,52001,201,3.36
231,54001,201,3.31
231,56001,201,2.65
231,58001,201,2.38
231,60001,201,2.24
231,62001,201,2.1
231,64001,201,2.02
231,65535,201,1.95
231,1,211,1.92
231,2001,211,1.91
231,4001,211,2.17
231,6001,211,2.33
231,8001,211,2.77
231,10001,211,3.48
231,12001,211,2.42
231,14001,211,1.87
231,16001,211,1.88
231,18001,211,1.77
231,20001,211,1.84
231,22001,211,1.81
231,24001,211,1.89
231,26001,211,1.86
231,28001,211,1.93
231,30001,211,2.12
231,32001,211,2.3
231,34001,211,2.6
231,36001,211,2.95
231,38001,211,3.12
231,40001,211,2.79
231,42001,211,2.36
231,44001,211,2.08
231,46001,211,2.0
231,48001,211,2.14
231,50001,211,2.62
231,52001,211,3.21
231,54001,211,3.27
231,56001,211,2.65
231,58001,211,2.38
231,60001,211,2.27
231,62001,211,2.12
231,64001,211,1.99
231,65535,211,1.92
231,1,221,1.92
231,2001,221,1.92
231,4001,221,2.04
231,6001,221,2.36
231,8001,221,2.66
231,10001,221,3.48
231,12001,221,2.46
231,14001,221,1.93
231,16001,221,1.81
231,18001,221,1.83
231,20001,221,1.81
231,22001,221,1.81
231,24001,221,1.81
231,26001,221,1.86
231,28001,221,1.9
231,30001,221,2.06
231,32001,221,2.35
231,34001,221,2.79
231,36001,221,2.96
231,38001,221,3.17
231,40001,221,2.68
231,42001,221,2.32
231,44001,221,2.04
231,46001,221,1.99
231,48001,221,2.35
231,50001,221,2.54
231,52001,221,3.17
231,54001,221,3.19
231,56001,221,2.68
231,58001,221,2.4
231,60001,221,2.13
231,62001,221,2.1
231,64001,221,1.97
231,65535,221,1.92
231,1,231,1.89
231,2001,231,1.97
231,4001,231,1.92
231,6001,231,2.19
231,8001,231,2.5
231,10001,231,3.44
231,12001,231,2.56
231,14001,231,1.86
231,16001,231,1.84
231,18001,231,1.8
231,20001,231,1.79
231,22001,231,1.8
231,24001,231,1.84
231,26001,231,1.9
231,28001,231,1.98
231,30001,231,2.19
231,32001,231,2.29
231,34001,231,2.59
231,36001,231,2.92
231,38001,231,3.23
231,40001,231,2.55
231,42001,231,2.18
231,44001,231,2.02
231,46001,231,1.91
231,48001,231,2.1
231,50001,231,2.37
231,52001,231,3.06
231,54001,231,3.05
231,56001,231,2.5
231,58001,231,2.35
231,60001,231,2.19
231,62001,231,2.11
231,64001,231,2.0
231,65535,231,1.93
231,1,241,1.95
231,2001,241,1.91
231,4001,241,1.92
231,6001,241,2.1
231,8001,241,2.62
231,10001,241,2.94
231,12001,241,2.6
231,14001,241,1.85
231,16001,241,1.81
231,18001,241,1.84
231,20001,241,1.84
231,22001,241,1.81
231,24001,241,1.83
231,26001,241,1.79
231,28001,241,1.84
231,30001,241,2.01
231,32001,241,2.27
231,34001,241,2.6
231,36001,241,3.07
231,38001,241,2.85
231,40001,241,2.56
231,42001,241,2.15
231,44001,241,1.95
231,46001,241,1.91
231,48001,241,1.99
231,50001,241,2.52
231,52001,241,3.0
231,54001,241,3.21
231,56001,241,2.56
231,58001,241,2.35
231,60001,241,2.15
231,62001,241,2.08
231,64001,241,1.92
231,65535,241,1.91
231,1,251,1.91
231,2001,251,1.87
231,4001,251,1.94
231,6001,251,2.25
231,8001,251,2.42
231,10001,251,3.0
231,12001,251,2.56
231,14001,251,1.85
231,16001,251,1.84
231,18001,251,1.81
231,20001,251,1.81
231,22001,251,1.83
231,24001,251,1.84
231,26001,251,1.82
231,28001,251,1.82
231,30001,251,2.02
231,32001,251,2.4
231,34001,251,2.52
231,36001,251,3.03
231,38001,251,3.07
231,40001,251,2.54
231,42001,251,2.06
231,44001,251,1.94
231,46001,251,1.92
231,48001,251,2.0
231,50001,251,2.38
231,52001,251,2.93
231,54001,251,3.25
231,56001,251,2.63
231,58001,251,2.32
231,60001,251,2.18
231,62001,251,2.02
231,64001,251,1.97
231,65535,251,1.91
231,1,254,1.89
231,2001,254,1.91
231,4001,254,1.94
231,6001,254,2.05
231,8001,254,2.4
231,10001,254,3.08
231,12001,254,2.31
231,14001,254,1.81
231,16001,254,1.8
231,18001,254,1.84
231,20001,254,1.84
231,22001,254,1.78
231,24001,254,1.82
231,26001,254,1.82
231,28001,254,1.89
231,30001,254,2.0
231,32001,254,2.27
231,34001,254,2.54
231,36001,254,2.98
231,38001,254,2.88
231,40001,254,2.27
231,42001,254,2.12
231,44001,254,1.9
231,46001,254,1.88
231,48001,254,1.97
231,50001,254,2.27
231,52001,254,3.04
231,54001,254,2.87
231,56001,254,2.67
231,58001,254,2.29
231,60001,254,2.19
231,62001,254,2.04
231,64001,254,1.99
231,65535,254,1.88
241,1,1,3.54
241,2001,1,3.56
241,4001,1,3.56
241,6001,1,3.57
241,8001,1,3.55
241,10001,1,3.55
241,12001,1,3.48
241,14001,1,3.43
241,16001,1,3.4
241,18001,1,3.46
241,20001,1,3.47
241,22001,1,3.41
241,24001,1,3.45
241,26001,1,3.38
241,28001,1,3.45
241,30001,1,3.43
241,32001,1,3.4
241,34001,1,3.44
241,36001,1,3.52
241,38001,1,3.48
241,40001,1,3.5
241,42001,1,3.52
241,44001,1,3.52
241,46001,1,3.5
241,48001,1,3.5
241,50001,1,3.51
241,52001,1,3.47
241,54001,1,3.5
241,56001,1,3.49
241,58001,1,3.56
241,60001,1,3.58
241,62001,1,3.56
241,64001,1,3.58
241,65535,1,3.54
241,1,11,4.2
241,2001,11,4.25
241,4001,11,4.01
241,6001,11,3.85
241,8001,11,3.73
241,10001,11,3.58
241,12001,11,3.44
241,14001,11,3.35
241,16001,11,3.25
241,18001,11,3.12
241,20001,11,3.02
241,22001,11,3.04
241,24001,11,2.94
241,26001,11,3.02
241,28001,11,3.02
241,30001,11,3.02
241,32001,11,3.0
241,34001,11,3.09
241,36001,11,3.12
241,38001,11,3.27
241,40001,11,3.29
241,42001,11,3.35
241,44001,11,3.51
241,46001,11,3.54
241,48001,11,3.64
241,50001,11,3.81
241,52001,11,3.98
241,54001,11,4.02
241,56001,11,4.16
241,58001,11,4.18
241,60001,11,4.16
241,62001,11,4.17
241,64001,11,4.18
241,65535,11,4.15
241,1,21,5.32
241,2001,21,5.28
241,4001,21,4.78
241,6001,21,4.28
241,8001,21,4.05
241,10001,21,3.81
241,12001,21,3.44
241,14001,21,3.17
241,16001,21,3.13
241,18001,21,2.98
241,20001,21,2.8
241,22001,21,2.74
241,24001,21,2.69
241,26001,21,2.69
241,28001,21,2.75
241,30001,21,2.74
241,32001,21,2.82
241,34001,21,2.85
241,36001,21,2.83
241,38001,21,2.97
241,40001,21,3.15
241,42001,21,3.38
241,44001,21,3.4
241,46001,21,3.62
241,48001,21,3.79
241,50001,21,4.1
241,52001,21,4.42
241,54001,21,4.88
241,56001,21,5.04
241,58001,21,5.23
241,60001,21,5.29
241,62001,21,5.22
241,64001,21,5.29
241,65535,21,5.26
241,1,31,6.42
241,2001,31,6.4
241,4001,31,6.04
241,6001,31,4.95
241,8001,31,4.18
241,10001,31,3.67
241,12001,31,3.5
241,14001,31,3.06
241,16001,31,3.0
241,18001,31,2.76
241,20001,31,2.64
241,22001,31,2.64
241,24001,31,2.67
241,26001,31,2.71
241,28001,31,2.74
241,30001,31,2.73
241,32001,31,2.82
241,34001,31,2.87
241,36001,31,2.89
241,38001,31,2.92
241,40001,31,2.98
241,42001,31,3.11
241,44001,31,3.38
241,46001,31,3.66
241,48001,31,4.09
241,50001,31,4.76
241,52001,31,4.96
241,54001,31,5.62
241,56001,31,5.89
241,58001,31,6.08
241,60001,31,6.2
241,62001,31,6.26
241,64001,31,6.34
241,65535,31,6.41
241,1,41,6.74
241,2001,41,6.79
241,4001,41,6.3
241,6001,41,6.0
241,8001,41,4.79
241,10001,41,3.84
241,12001,41,3.54
241,14001,41,3.08
241,16001,41,2.77
241,18001,41,2.58
241,20001,41,2.58
241,22001,41,2.62
241,24001,41,2.67
241,26001,41,2.61
241,28001,41,2.71
241,30001,41,2.74
241,32001,41,2.83
241,34001,41,2.88
241,36001,41,2.92
241,38001,41,2.94
241,40001,41,2.98
241,42001,41,3.09
241,44001,41,3.52
241,46001,41,3.72
241,48001,41,4.34
241,50001,41,5.16
241,52001,41,5.44
241,54001,41,5.98
241,56001,41,6.63
241,58001,41,7.0
241,60001,41,7.0
241,62001,41,7.27
241,64001,41,7.38
241,65535,41,7.49
241,1,51,7.32
241,2001,51,7.15
241,4001,51,6.42
241,6001,51,6.87
241,8001,51,5.46
241,10001,51,4.11
241,12001,51,3.3
241,14001,51,3.0
241,16001,51,2.68
241,18001,51,2.56
241,20001,51,2.58
241,22001,51,2.58
241,24001,51,2.61
241,26001,51,2.67
241,28001,51,2.74
241,30001,51,2.75
241,32001,51,2.77
241,34001,51,2.88
241,36001,51,2.92
241,38001,51,3.02
241,40001,51,3.04
241,42001,51,3.26
241,44001,51,3.33
241,46001,51,3.92
241,48001,51,4.43
241,50001,51,5.22
241,52001,51,5.92
241,54001,51,5.9
241,56001,51,5.53
241,58001,51,6.04
241,60001,51,6.35
241,62001,51,6.53
241,64001,51,6.79
241,65535,51,7.13
241,1,61,6.55
241,2001,61,6.55
241,4001,61,7.42
241,6001,61,6.03
241,8001,61,5.4
241,10001,61,4.59
241,12001,61,3.57
241,14001,61,2.88
241,16001,61,2.58
241,18001,61,2.53
241,20001,61,2.56
241,22001,61,2.54
241,24001,61,2.53
241,26001,61,2.6
241,28001,61,2.67
241,30001,61,2.76
241,32001,61,2.79
241,34001,61,2.93
241,36001,61,3.01
241,38001,61,3.0
241,40001,61,3.09
241,42001,61,3.19
241,44001,61,3.29
241,46001,61,4.0
241,48001,61,4.95
241,50001,61,5.96
241,52001,61,6.13
241,54001,61,6.4
241,56001,61,6.03
241,58001,61,5.92
241,60001,61,6.08
241,62001,61,6.24
241,64001,61,6.33
241,65535,61,6.42
241,1,71,7.51
241,2001,71,7.28
241,4001,71,6.97
241,6001,71,7.0
241,8001,71,6.21
241,10001,71,4.82
241,12001,71,3.53
241,14001,71,2.85
241,16001,71,2.48
241,18001,71,2.46
241,20001,71,2.49
241,22001,71,2.49
241,24001,71,2.54
241,26001,71,2.6
241,28001,71,2.65
241,30001,71,2.75
241,32001,71,2.82
241,34001,71,2.9
241,36001,71,3.01
241,38001,71,3.08
241,40001,71,3.21
241,42001,71,3.28
241,44001,71,3.81
241,46001,71,4.01
241,48001,71,5.01
241,50001,71,5.51
241,52001,71,5.89
241,54001,71,6.29
241,56001,71,6.96
241,58001,71,7.04
241,60001,71,7.05
241,62001,71,7.2
241,64001,71,7.36
241,65535,71,7.38
241,1,81,6.03
241,2001,81,6.09
241,4001,81,6.83
241,6001,81,7.81
241,8001,81,5.99
241,10001,81,4.62
241,12001,81,3.18
241,14001,81,2.85
241,16001,81,2.44
241,18001,81,2.48
241,20001,81,2.45
241,22001,81,2.44
241,24001,81,2.51
241,26001,81,2.58
241,28001,81,2.58
241,30001,81,2.74
241,32001,81,2.81
241,34001,81,2.9
241,36001,81,3.07
241,38001,81,3.19
241,40001,81,3.35
241,42001,81,3.38
241,44001,81,3.67
241,46001,81,4.12
241,48001,81,4.89
241,50001,81,5.34
241,52001,81,6.0
241,54001,81,6.38
241,56001,81,6.41
241,58001,81,6.36
241,60001,81,6.46
241,62001,81,6.51
241,64001,81,6.48
241,65535,81,6.09
241,1,91,4.75
241,2001,91,4.82
241,4001,91,6.12
241,6001,91,6.79
241,8001,91,6.08
241,10001,91,5.67
241,12001,91,3.48
241,14001,91,2.75
241,16001,91,2.4
241,18001,91,2.43
241,20001,91,2.4
241,22001,91,2.42
241,24001,91,2.46
241,26001,91,2.48
241,28001,91,2.61
241,30001,91,2.68
241,32001,91,2.83
241,34001,91,2.97
241,36001,91,3.07
241,38001,91,3.21
241,40001,91,3.4
241,42001,91,3.54
241,44001,91,3.71
241,46001,91,4.33
241,48001,91,4.76
241,50001,91,4.94
241,52001,91,5.58
241,54001,91,6.24
241,56001,91,5.96
241,58001,91,5.81
241,60001,91,5.5
241,62001,91,5.13
241,64001,91,5.09
241,65535,91,4.74
241,1,101,3.98
241,2001,101,4.76
241,4001,101,5.46
241,6001,101,6.74
241,8001,101,7.81
241,10001,101,6.37
241,12001,101,3.63
241,14001,101,2.61
241,16001,101,2.35
241,18001,101,2.35
241,20001,101,2.36
241,22001,101,2.38
241,24001,101,2.4
241,26001,101,2.48
241,28001,101,2.58
241,30001,101,2.77
241,32001,101,2.82
241,34001,101,3.0
241,36001,101,3.1
241,38001,101,3.3
241,40001,101,3.46
241,42001,101,3.73
241,44001,101,3.88
241,46001,101,4.02
241,48001,101,4.47
241,50001,101,4.7
241,52001,101,5.3
241,54001,101,5.88
241,56001,101,5.38
241,58001,101,5.2
241,60001,101,4.79
241,62001,101,4.57
241,64001,101,4.37
241,65535,101,4.12
241,1,111,3.49
241,2001,111,3.73
241,4001,111,4.54
241,6001,111,5.97
241,8001,111,6.97
241,10001,111,4.51
241,12001,111,3.79
241,14001,111,2.62
241,16001,111,2.35
241,18001,111,2.32
241,20001,111,2.3
241,22001,111,2.38
241,24001,111,2.37
241,26001,111,2.43
241,28001,111,2.58
241,30001,111,2.71
241,32001,111,2.83
241,34001,111,2.96
241,36001,111,3.17
241,38001,111,3.45
241,40001,111,3.53
241,42001,111,3.83
241,44001,111,4.03
241,46001,111,3.77
241,48001,111,4.16
241,50001,111,4.82
241,52001,111,5.54
241,54001,111,5.62
241,56001,111,4.92
241,58001,111,4.56
241,60001,111,4.25
241,62001,111,3.99
241,64001,111,3.69
241,65535,111,3.64
241,1,121,3.17
241,2001,121,3.27
241,4001,121,4.68
241,6001,121,7.33
241,8001,121,7.66
241,10001,121,5.26
241,12001,121,3.77
241,14001,121,2.59
241,16001,121,2.31
241,18001,121,2.31
241,20001,121,2.29
241,22001,121,2.31
241,24001,121,2.31
241,26001,121,2.41
241,28001,121,2.48
241,30001,121,2.65
241,32001,121,2.8
241,34001,121,3.06
241,36001,121,3.25
241,38001,121,3.37
241,40001,121,3.64
241,42001,121,3.7
241,44001,121,3.75
241,46001,121,3.6
241,48001,121,3.96
241,50001,121,4.21
241,52001,121,5.09
241,54001,121,5.04
241,56001,121,4.58
241,58001,121,4.1
241,60001,121,3.77
241,62001,121,3.51
241,64001,121,3.43
241,65535,121,3.29
241,1,131,2.94
241,2001,131,3.17
241,4001,131,4.65
241,6001,131,5.24
241,8001,131,7.13
241,10001,131,6.76
241,12001,131,3.85
241,14001,131,2.52
241,16001,131,2.29
241,18001,131,2.29
241,20001,131,2.25
241,22001,131,2.29
241,24001,131,2.26
241,26001,131,2.38
241,28001,131,2.56
241,30001,131,2.65
241,32001,131,2.79
241,34001,131,3.04
241,36001,131,3.24
241,38001,131,3.48
241,40001,131,3.83
241,42001,131,3.8
241,44001,131,3.37
241,46001,131,3.32
241,48001,131,3.74
241,50001,131,3.99
241,52001,131,4.95
241,54001,131,4.88
241,56001,131,3.96
241,58001,131,3.82
241,60001,131,3.5
241,62001,131,3.34
241,64001,131,3.17
241,65535,131,3.0
241,1,141,2.79
241,2001,141,2.89
241,4001,141,3.28
241,6001,141,4.48
241,8001,141,7.05
241,10001,141,5.47
241,12001,141,3.92
241,14001,141,2.47
241,16001,141,2.25
241,18001,141,2.27
241,20001,141,2.25
241,22001,141,2.27
241,24001,141,2.28
241,26001,141,2.31
241,28001,141,2.44
241,30001,141,2.58
241,32001,141,2.77
241,34001,141,2.98
241,36001,141,3.36
241,38001,141,3.77
241,40001,141,3.92
241,42001,141,3.6
241,44001,141,3.35
241,46001,141,3.12
241,48001,141,3.46
241,50001,141,4.33
241,52001,141,4.83
241,54001,141,4.8
241,56001,141,3.76
241,58001,141,3.56
241,60001,141,3.35
241,62001,141,3.06
241,64001,141,2.88
241,65535,141,2.85
241,1,151,2.62
241,2001,151,2.69
241,4001,151,3.4
241,6001,151,5.59
241,8001,151,6.38
241,10001,151,5.59
241,12001,151,3.94
241,14001,151,2.43
241,16001,151,2.21
241,18001,151,2.22
241,20001,151,2.25
241,22001,151,2.19
241,24001,151,2.21
241,26001,151,2.29
241,28001,151,2.44
241,30001,151,2.64
241,32001,151,2.88
241,34001,151,3.02
241,36001,151,3.29
241,38001,151,3.57
241,40001,151,4.04
241,42001,151,3.56
241,44001,151,3.1
241,46001,151,3.14
241,48001,151,3.25
241,50001,151,3.91
241,52001,151,4.7
241,54001,151,4.66
241,56001,151,3.64
241,58001,151,3.28
241,60001,151,3.02
241,62001,151,2.96
241,64001,151,2.79
241,65535,151,2.72
241,1,161,2.55
241,2001,161,2.55
241,4001,161,2.88
241,6001,161,4.27
241,8001,161,5.88
241,10001,161,7.0
241,12001,161,3.77
241,14001,161,2.35
241,16001,161,2.17
241,18001,161,2.2
241,20001,161,2.15
241,22001,161,2.17
241,24001,161,2.19
241,26001,161,2.33
241,28001,161,2.46
241,30001,161,2.52
241,32001,161,2.81
241,34001,161,2.99
241,36001,161,3.29
241,38001,161,3.69
241,40001,161,3.69
241,42001,161,3.17
241,44001,161,3.09
241,46001,161,2.9
241,48001,161,3.06
241,50001,161,3.61
241,52001,161,4.51
241,54001,161,4.02
241,56001,161,3.35
241,58001,161,3.17
241,60001,161,2.96
241,62001,161,2.83
241,64001,161,2.65
241,65535,161,2.57
241,1,171,2.4
241,2001,171,2.44
241,4001,171,2.69
241,6001,171,3.48
241,8001,171,5.19
241,10001,171,4.51
241,12001,171,3.79
241,14001,171,2.33
241,16001,171,2.17
241,18001,171,2.12
241,20001,171,2.16
241,22001,171,2.15
241,24001,171,2.18
241,26001,171,2.25
241,28001,171,2.4
241,30001,171,2.51
241,32001,171,2.77
241,34001,171,3.07
241,36001,171,3.65
241,38001,171,3.78
241,40001,171,3.69
241,42001,171,3.27
241,44001,171,2.93
241,46001,171,2.69
241,48001,171,3.08
241,50001,171,4.05
241,52001,171,4.38
241,54001,171,4.0
241,56001,171,3.41
241,58001,171,3.11
241,60001,171,2.85
241,62001,171,2.65
241,64001,171,2.51
241,65535,171,2.48
241,1,181,2.33
241,2001,181,2.44
241,4001,181,2.8
241,6001,181,3.2
241,8001,181,4.3
241,10001,181,5.3
241,12001,181,3.57
241,14001,181,2.31
241,16001,181,2.14
241,18001,181,2.12
241,20001,181,2.12
241,22001,181,2.15
241,24001,181,2.17
241,26001,181,2.23
241,28001,181,2.33
241,30001,181,2.56
241,32001,181,2.94
241,34001,181,3.01
241,36001,181,3.48
241,38001,181,3.85
241,40001,181,3.61
241,42001,181,3.07
241,44001,181,2.67
241,46001,181,2.68
241,48001,181,2.77
241,50001,181,3.56
241,52001,181,4.3
241,54001,181,4.03
241,56001,181,3.27
241,58001,181,2.88
241,60001,181,2.67
241,62001,181,2.65
241,64001,181,2.42
241,65535,181,2.4
241,1,191,2.27
241,2001,191,2.29
241,4001,191,2.61
241,6001,191,2.98
241,8001,191,3.69
241,10001,191,4.8
241,12001,191,3.05
241,14001,191,2.22
241,16001,191,2.17
241,18001,191,2.16
241,20001,191,2.13
241,22001,191,2.15
241,24001,191,2.12
241,26001,191,2.16
241,28001,191,2.33
241,30001,191,2.5
241,32001,191,2.85
241,34001,191,3.04
241,36001,191,3.47
241,38001,191,3.83
241,40001,191,3.22
241,42001,191,2.94
241,44001,191,2.63
241,46001,191,2.45
241,48001,191,2.71
241,50001,191,3.4
241,52001,191,4.05
241,54001,191,3.46
241,56001,191,3.25
241,58001,191,2.85
241,60001,191,2.73
241,62001,191,2.54
241,64001,191,2.42
241,65535,191,2.33
241,1,201,2.27
241,2001,201,2.26
241,4001,201,2.44
241,6001,201,2.96
241,8001,201,4.16
241,10001,201,4.64
241,12001,201,3.1
241,14001,201,2.31
241,16001,201,2.16
241,18001,201,2.12
241,20001,201,2.12
241,22001,201,2.16
241,24001,201,2.17
241,26001,201,2.18
241,28001,201,2.29
241,30001,201,2.44
241,32001,201,2.76
241,34001,201,3.21
241,36001,201,3.41
241,38001,201,4.0
241,40001,201,3.18
241,42001,201,2.88
241,44001,201,2.56
241,46001,201,2.42
241,48001,201,2.85
241,50001,201,3.19
241,52001,201,4.03
241,54001,201,3.8
241,56001,201,3.19
241,58001,201,2.83
241,60001,201,2.62
241,62001,201,2.38
241,64001,201,2.33
241,65535,201,2.27
241,1,211,2.25
241,2001,211,2.24
241,4001,211,2.32
241,6001,211,2.76
241,8001,211,3.23
241,10001,211,4.45
241,12001,211,3.19
241,14001,211,2.17
241,16001,211,2.15
241,18001,211,2.12
241,20001,211,2.13
241,22001,211,2.12
241,24001,211,2.1
241,26001,211,2.13
241,28001,211,2.35
241,30001,211,2.58
241,32001,211,2.71
241,34001,211,3.11
241,36001,211,3.42
241,38001,211,3.97
241,40001,211,3.21
241,42001,211,2.62
241,44001,211,2.52
241,46001,211,2.34
241,48001,211,2.66
241,50001,211,3.01
241,52001,211,3.93
241,54001,211,3.56
241,56001,211,2.98
241,58001,211,2.81
241,60001,211,2.6
241,62001,211,2.44
241,64001,211,2.37
241,65535,211,2.29
241,1,221,2.21
241,2001,221,2.27
241,4001,221,2.34
241,6001,221,2.58
241,8001,221,3.21
241,10001,221,3.54
241,12001,221,3.12
241,14001,221,2.19
241,16001,221,2.19
241,18001,221,2.16
241,20001,221,2.15
241,22001,221,2.11
241,24001,221,2.13
241,26001,221,2.08
241,28001,221,2.25
241,30001,221,2.37
241,32001,221,2.65
241,34001,221,3.07
241,36001,221,3.67
241,38001,221,3.37
241,40001,221,3.12
241,42001,221,2.61
241,44001,221,2.41
241,46001,221,2.29
241,48001,221,2.48
241,50001,221,3.34
241,52001,221,3.81
241,54001,221,3.58
241,56001,221,3.13
241,58001,221,2.77
241,60001,221,2.58
241,62001,221,2.37
241,64001,221,2.25
241,65535,221,2.25
241,1,231,2.19
241,2001,231,2.25
241,4001,231,2.36
241,6001,231,2.52
241,8001,231,3.06
241,10001,231,3.63
241,12001,231,3.12
241,14001,231,2.18
241,16001,231,2.15
241,18001,231,2.1
241,20001,231,2.14
241,22001,231,2.13
241,24001,231,2.13
241,26001,231,2.1
241,28001,231,2.25
241,30001,231,2.46
241,32001,231,2.92
241,34001,231,3.07
241,36001,231,3.57
241,38001,231,3.83
241,40001,231,3.12
241,42001,231,2.58
241,44001,231,2.33
241,46001,231,2.34
241,48001,231,2.4
241,50001,231,3.08
241,52001,231,3.71
241,54001,231,3.79
241,56001,231,3.03
241,58001,231,2.69
241,60001,231,2.52
241,62001,231,2.44
241,64001,231,2.25
241,65535,231,2.27
241,1,241,2.23
241,2001,241,2.19
241,4001,241,2.27
241,6001,241,2.46
241,8001,241,2.87
241,10001,241,3.7
241,12001,241,2.7
241,14001,241,2.11
241,16001,241,2.13
241,18001,241,2.13
241,20001,241,2.1
241,22001,241,2.1
241,24001,241,2.15
241,26001,241,2.13
241,28001,241,2.21
241,30001,241,2.38
241,32001,241,2.63
241,34001,241,3.0
241,36001,241,3.57
241,38001,241,3.5
241,40001,241,2.71
241,42001,241,2.56
241,44001,241,2.29
241,46001,241,2.23
241,48001,241,2.37
241,50001,241,2.83
241,52001,241,3.67
241,54001,241,3.75
241,56001,241,3.04
241,58001,241,2.73
241,60001,241,2.56
241,62001,241,2.4
241,64001,241,2.32
241,65535,241,2.2
241,1,251,2.18
241,2001,251,2.21
241,4001,251,2.23
241,6001,251,2.53
241,8001,251,3.44
241,10001,251,3.64
241,12001,251,2.82
241,14001,251,2.13
241,16001,251,2.1
241,18001,251,2.15
241,20001,251,2.12
241,22001,251,2.15
241,24001,251,2.15
241,26001,251,2.12
241,28001,251,2.17
241,30001,251,2.37
241,32001,251,2.67
241,34001,251,3.32
241,36001,251,3.58
241,38001,251,3.6
241,40001,251,2.94
241,42001,251,2.46
241,44001,251,2.25
241,46001,251,2.21
241,48001,251,2.5
241,50001,251,2.64
241,52001,251,3.56
241,54001,251,3.77
241,56001,251,3.15
241,58001,251,2.68
241,60001,251,2.48
241,62001,251,2.38
241,64001,251,2.25
241,65535,251,2.23
241,1,254,2.17
241,2001,254,2.22
241,4001,254,2.24
241,6001,254,2.5
241,8001,254,2.73
241,10001,254,3.65
241,12001,254,3.06
241,14001,254,2.1
241,16001,254,2.13
241,18001,254,2.17
241,20001,254,2.1
241,22001,254,2.15
241,24001,254,2.15
241,26001,254,2.08
241,28001,254,2.13
241,30001,254,2.4
241,32001,254,2.77
241,34001,254,3.29
241,36001,254,3.54
241,38001,254,3.46
241,40001,254,2.92
241,42001,254,2.49
241,44001,254,2.27
241,46001,254,2.21
241,48001,254,2.31
241,50001,254,2.62
241,52001,254,3.6
241,54001,254,3.81
241,56001,254,3.04
241,58001,254,2.65
241,60001,254,2.48
241,62001,254,2.4
241,64001,254,2.27
241,65535,254,2.21
251,1,1,4.21
251,2001,1,4.19
251,4001,1,4.21
251,6001,1,4.24
251,8001,1,4.17
251,10001,1,4.16
251,12001,1,4.24
251,14001,1,4.05
251,16001,1,4.03
251,18001,1,4.05
251,20001,1,4.07
251,22001,1,4.05
251,24001,1,4.05
251,26001,1,4.07
251,28001,1,4.01
251,30001,1,4.05
251,32001,1,4.07
251,34001,1,4.04
251,36001,1,4.14
251,38001,1,4.11
251,40001,1,4.11
251,42001,1,4.12
251,44001,1,4.12
251,46001,1,4.13
251,48001,1,4.1
251,50001,1,4.12
251,52001,1,4.18
251,54001,1,4.16
251,56001,1,4.18
251,58001,1,4.22
251,60001,1,4.16
251,62001,1,4.25
251,64001,1,4.19
251,65535,1,4.21
251,1,11,4.99
251,2001,11,4.99
251,4001,11,4.67
251,6001,11,4.55
251,8001,11,4.44
251,10001,11,4.28
251,12001,11,4.08
251,14001,11,3.9
251,16001,11,3.87
251,18001,11,3.75
251,20001,11,3.65
251,22001,11,3.54
251,24001,11,3.54
251,26001,11,3.51
251,28001,11,3.56
251,30001,11,3.57
251,32001,11,3.54
251,34001,11,3.62
251,36001,11,3.65
251,38001,11,3.79
251,40001,11,3.92
251,42001,11,4.04
251,44001,11,4.11
251,46001,11,4.22
251,48001,11,4.32
251,50001,11,4.5
251,52001,11,4.67
251,54001,11,4.83
251,56001,11,4.92
251,58001,11,4.93
251,60001,11,4.98
251,62001,11,4.96
251,64001,11,5.04
251,65535,11,5.0
251,1,21,6.28
251,2001,21,6.32
251,4001,21,5.71
251,6001,21,5.11
251,8001,21,4.61
251,10001,21,4.44
251,12001,21,4.2
251,14001,21,3.79
251,16001,21,3.67
251,18001,21,3.5
251,20001,21,3.3
251,22001,21,3.23
251,24001,21,3.22
251,26001,21,3.25
251,28001,21,3.28
251,30001,21,3.29
251,32001,21,3.31
251,34001,21,3.38
251,36001,21,3.4
251,38001,21,3.46
251,40001,21,3.74
251,42001,21,3.83
251,44001,21,4.03
251,46001,21,4.26
251,48001,21,4.61
251,50001,21,5.05
251,52001,21,5.21
251,54001,21,5.59
251,56001,21,6.01
251,58001,21,6.28
251,60001,21,6.24
251,62001,21,6.26
251,64001,21,6.26
251,65535,21,6.22
251,1,31,7.63
251,2001,31,7.5
251,4001,31,6.47
251,6001,31,6.0
251,8001,31,5.17
251,10001,31,4.7
251,12001,31,4.14
251,14001,31,3.73
251,16001,31,3.45
251,18001,31,3.19
251,20001,31,3.19
251,22001,31,3.17
251,24001,31,3.14
251,26001,31,3.22
251,28001,31,3.29
251,30001,31,3.27
251,32001,31,3.37
251,34001,31,3.37
251,36001,31,3.38
251,38001,31,3.44
251,40001,31,3.45
251,42001,31,3.75
251,44001,31,4.16
251,46001,31,4.29
251,48001,31,4.79
251,50001,31,5.54
251,52001,31,5.84
251,54001,31,6.58
251,56001,31,7.14
251,58001,31,7.33
251,60001,31,7.35
251,62001,31,7.39
251,64001,31,7.5
251,65535,31,7.64
251,1,41,8.0
251,2001,41,7.99
251,4001,41,7.75
251,6001,41,7.12
251,8001,41,5.83
251,10001,41,4.66
251,12001,41,3.92
251,14001,41,3.63
251,16001,41,3.32
251,18001,41,3.09
251,20001,41,3.11
251,22001,41,3.08
251,24001,41,3.11
251,26001,41,3.17
251,28001,41,3.23
251,30001,41,3.29
251,32001,41,3.28
251,34001,41,3.35
251,36001,41,3.44
251,38001,41,3.49
251,40001,41,3.61
251,42001,41,3.68
251,44001,41,4.12
251,46001,41,4.42
251,48001,41,5.0
251,50001,41,6.08
251,52001,41,6.83
251,54001,41,7.12
251,56001,41,7.78
251,58001,41,8.29
251,60001,41,8.34
251,62001,41,8.57
251,64001,41,8.81
251,65535,41,8.34
251,1,51,8.69
251,2001,51,8.68
251,4001,51,7.33
251,6001,51,7.48
251,8001,51,5.46
251,10001,51,5.07
251,12001,51,4.08
251,14001,51,3.54
251,16001,51,3.15
251,18001,51,3.02
251,20001,51,3.03
251,22001,51,3.1
251,24001,51,3.05
251,26001,51,3.15
251,28001,51,3.19
251,30001,51,3.21
251,32001,51,3.35
251,34001,51,3.44
251,36001,51,3.49
251,38001,51,3.55
251,40001,51,3.6
251,42001,51,3.7
251,44001,51,3.96
251,46001,51,4.71
251,48001,51,5.83
251,50001,51,6.29
251,52001,51,7.03
251,54001,51,7.66
251,56001,51,6.64
251,58001,51,7.17
251,60001,51,7.56
251,62001,51,8.05
251,64001,51,8.13
251,65535,51,8.49
251,1,61,7.64
251,2001,61,8.38
251,4001,61,8.88
251,6001,61,7.24
251,8001,61,7.77
251,10001,61,5.41
251,12001,61,4.19
251,14001,61,3.35
251,16001,61,3.01
251,18001,61,2.97
251,20001,61,2.94
251,22001,61,3.0
251,24001,61,3.0
251,26001,61,3.1
251,28001,61,3.19
251,30001,61,3.31
251,32001,61,3.33
251,34001,61,3.4
251,36001,61,3.52
251,38001,61,3.58
251,40001,61,3.73
251,42001,61,3.82
251,44001,61,3.9
251,46001,61,4.76
251,48001,61,5.92
251,50001,61,6.42
251,52001,61,7.26
251,54001,61,7.64
251,56001,61,7.72
251,58001,61,8.26
251,60001,61,7.17
251,62001,61,7.33
251,64001,61,7.48
251,65535,61,7.57
251,1,71,8.75
251,2001,71,8.58
251,4001,71,8.13
251,6001,71,8.29
251,8001,71,7.76
251,10001,71,4.92
251,12001,71,4.2
251,14001,71,3.35
251,16001,71,2.9
251,18001,71,2.92
251,20001,71,2.93
251,22001,71,2.94
251,24001,71,3.02
251,26001,71,3.04
251,28001,71,3.1
251,30001,71,3.21
251,32001,71,3.29
251,34001,71,3.5
251,36001,71,3.62
251,38001,71,3.71
251,40001,71,3.77
251,42001,71,3.94
251,44001,71,4.01
251,46001,71,4.82
251,48001,71,5.86
251,50001,71,6.82
251,52001,71,7.03
251,54001,71,7.41
251,56001,71,8.35
251,58001,71,8.19
251,60001,71,8.3
251,62001,71,8.51
251,64001,71,8.61
251,65535,71,8.68
251,1,81,6.71
251,2001,81,6.88
251,4001,81,8.71
251,6001,81,7.67
251,8001,81,7.13
251,10001,81,5.69
251,12001,81,4.24
251,14001,81,3.35
251,16001,81,2.85
251,18001,81,2.94
251,20001,81,2.88
251,22001,81,2.88
251,24001,81,2.94
251,26001,81,3.0
251,28001,81,3.1
251,30001,81,3.21
251,32001,81,3.42
251,34001,81,3.48
251,36001,81,3.6
251,38001,81,3.71
251,40001,81,3.88
251,42001,81,4.07
251,44001,81,4.42
251,46001,81,5.53
251,48001,81,5.85
251,50001,81,6.3
251,52001,81,6.74
251,54001,81,7.56
251,56001,81,7.58
251,58001,81,7.5
251,60001,81,7.56
251,62001,81,7.54
251,64001,81,7.15
251,65535,81,6.84
251,1,91,5.33
251,2001,91,5.34
251,4001,91,7.89
251,6001,91,8.6
251,8001,91,8.35
251,10001,91,6.46
251,12001,91,3.9
251,14001,91,3.02
251,16001,91,2.81
251,18001,91,2.83
251,20001,91,2.87
251,22001,91,2.83
251,24001,91,2.87
251,26001,91,3.02
251,28001,91,3.08
251,30001,91,3.2
251,32001,91,3.38
251,34001,91,3.44
251,36001,91,3.64
251,38001,91,3.79
251,40001,91,4.12
251,42001,91,4.18
251,44001,91,4.39
251,46001,91,4.4
251,48001,91,5.41
251,50001,91,5.9
251,52001,91,6.83
251,54001,91,7.12
251,56001,91,6.95
251,58001,91,6.58
251,60001,91,6.28
251,62001,91,6.0
251,64001,91,5.65
251,65535,91,5.31
251,1,101,4.53
251,2001,101,4.5
251,4001,101,6.12
251,6001,101,8.12
251,8001,101,8.11
251,10001,101,7.5
251,12001,101,4.25
251,14001,101,3.21
251,16001,101,2.81
251,18001,101,2.75
251,20001,101,2.78
251,22001,101,2.79
251,24001,101,2.81
251,26001,101,2.98
251,28001,101,3.0
251,30001,101,3.15
251,32001,101,3.35
251,34001,101,3.58
251,36001,101,3.63
251,38001,101,3.88
251,40001,101,4.16
251,42001,101,4.33
251,44001,101,4.66
251,46001,101,4.87
251,48001,101,5.34
251,50001,101,5.54
251,52001,101,6.46
251,54001,101,7.03
251,56001,101,6.57
251,58001,101,5.79
251,60001,101,5.35
251,62001,101,5.05
251,64001,101,4.88
251,65535,101,4.67
251,1,111,4.04
251,2001,111,4.56
251,4001,111,5.12
251,6001,111,7.08
251,8001,111,8.0
251,10001,111,6.79
251,12001,111,4.42
251,14001,111,3.04
251,16001,111,2.73
251,18001,111,2.77
251,20001,111,2.76
251,22001,111,2.73
251,24001,111,2.72
251,26001,111,2.89
251,28001,111,3.02
251,30001,111,3.25
251,32001,111,3.32
251,34001,111,3.56
251,36001,111,3.73
251,38001,111,3.94
251,40001,111,4.26
251,42001,111,4.63
251,44001,111,4.72
251,46001,111,4.54
251,48001,111,4.97
251,50001,111,5.27
251,52001,111,6.29
251,54001,111,6.4
251,56001,111,5.43
251,58001,111,5.16
251,60001,111,4.78
251,62001,111,4.52
251,64001,111,4.34
251,65535,111,4.13
251,1,121,3.65
251,2001,121,3.87
251,4001,121,4.5
251,6001,121,6.77
251,8001,121,8.95
251,10001,121,5.88
251,12001,121,3.5
251,14001,121,3.05
251,16001,121,2.69
251,18001,121,2.75
251,20001,121,2.67
251,22001,121,2.74
251,24001,121,2.78
251,26001,121,2.81
251,28001,121,2.98
251,30001,121,3.12
251,32001,121,3.28
251,34001,121,3.54
251,36001,121,3.83
251,38001,121,4.17
251,40001,121,4.33
251,42001,121,4.7
251,44001,121,4.52
251,46001,121,4.21
251,48001,121,4.62
251,50001,121,5.43
251,52001,121,6.29
251,54001,121,6.29
251,56001,121,5.01
251,58001,121,4.63
251,60001,121,4.38
251,62001,121,4.13
251,64001,121,3.87
251,65535,121,3.77
251,1,131,3.42
251,2001,131,3.44
251,4001,131,4.55
251,6001,131,7.5
251,8001,131,8.6
251,10001,131,6.92
251,12001,131,4.57
251,14001,131,4.36
251,16001,131,2.65
251,18001,131,2.69
251,20001,131,2.67
251,22001,131,2.68
251,24001,131,2.64
251,26001,131,2.81
251,28001,131,2.93
251,30001,131,3.12
251,32001,131,3.42
251,34001,131,3.69
251,36001,131,3.85
251,38001,131,4.26
251,40001,131,4.5
251,42001,131,4.71
251,44001,131,4.22
251,46001,131,4.12
251,48001,131,4.28
251,50001,131,4.9
251,52001,131,6.04
251,54001,131,6.05
251,56001,131,4.79
251,58001,131,4.18
251,60001,131,3.88
251,62001,131,3.82
251,64001,131,3.63
251,65535,131,3.5
251,1,141,3.24
251,2001,141,3.23
251,4001,141,3.88
251,6001,141,5.92
251,8001,141,8.05
251,10001,141,8.55
251,12001,141,4.17
251,14001,141,2.81
251,16001,141,2.67
251,18001,141,2.62
251,20001,141,2.65
251,22001,141,2.65
251,24001,141,2.6
251,26001,141,2.75
251,28001,141,3.0
251,30001,141,3.06
251,32001,141,3.35
251,34001,141,3.56
251,36001,141,3.85
251,38001,141,4.26
251,40001,141,4.6
251,42001,141,4.43
251,44001,141,3.99
251,46001,141,3.81
251,48001,141,4.04
251,50001,141,4.68
251,52001,141,5.82
251,54001,141,4.85
251,56001,141,4.43
251,58001,141,3.98
251,60001,141,3.77
251,62001,141,3.56
251,64001,141,3.43
251,65535,141,3.27
251,1,151,3.08
251,2001,151,3.04
251,4001,151,3.52
251,6001,151,5.0
251,8001,151,7.62
251,10001,151,7.88
251,12001,151,4.51
251,14001,151,2.87
251,16001,151,2.65
251,18001,151,2.62
251,20001,151,2.6
251,22001,151,2.58
251,24001,151,2.6
251,26001,151,2.71
251,28001,151,2.88
251,30001,151,3.04
251,32001,151,3.28
251,34001,151,3.65
251,36001,151,4.1
251,38001,151,4.29
251,40001,151,4.69
251,42001,151,4.2
251,44001,151,3.81
251,46001,151,3.52
251,48001,151,4.12
251,50001,151,4.51
251,52001,151,5.68
251,54001,151,4.88
251,56001,151,4.28
251,58001,151,3.81
251,60001,151,3.58
251,62001,151,3.3
251,64001,151,3.22
251,65535,151,3.16
251,1,161,2.92
251,2001,161,3.06
251,4001,161,3.9
251,6001,161,4.29
251,8001,161,7.12
251,10001,161,8.28
251,12001,161,4.7
251,14001,161,2.81
251,16001,161,2.61
251,18001,161,2.56
251,20001,161,2.55
251,22001,161,2.52
251,24001,161,2.56
251,26001,161,2.62
251,28001,161,2.88
251,30001,161,3.12
251,32001,161,3.19
251,34001,161,3.6
251,36001,161,3.94
251,38001,161,4.36
251,40001,161,4.62
251,42001,161,3.94
251,44001,161,3.44
251,46001,161,3.32
251,48001,161,3.75
251,50001,161,4.38
251,52001,161,5.54
251,54001,161,4.92
251,56001,161,4.1
251,58001,161,3.6
251,60001,161,3.46
251,62001,161,3.21
251,64001,161,3.15
251,65535,161,3.0
251,1,171,2.83
251,2001,171,2.86
251,4001,171,3.4
251,6001,171,3.92
251,8001,171,5.43
251,10001,171,6.17
251,12001,171,3.46
251,14001,171,2.79
251,16001,171,2.56
251,18001,171,2.56
251,20001,171,2.52
251,22001,171,2.52
251,24001,171,2.48
251,26001,171,2.75
251,28001,171,2.83
251,30001,171,3.04
251,32001,171,3.27
251,34001,171,3.58
251,36001,171,4.06
251,38001,171,4.46
251,40001,171,4.53
251,42001,171,3.83
251,44001,171,3.37
251,46001,171,3.17
251,48001,171,3.46
251,50001,171,4.47
251,52001,171,5.04
251,54001,171,4.75
251,56001,171,3.92
251,58001,171,3.58
251,60001,171,3.31
251,62001,171,3.13
251,64001,171,2.99
251,65535,171,2.83
251,1,181,2.71
251,2001,181,2.75
251,4001,181,3.15
251,6001,181,4.0
251,8001,181,4.62
251,10001,181,5.99
251,12001,181,3.68
251,14001,181,2.75
251,16001,181,2.52
251,18001,181,2.54
251,20001,181,2.48
251,22001,181,2.48
251,24001,181,2.48
251,26001,181,2.62
251,28001,181,2.77
251,30001,181,3.0
251,32001,181,3.36
251,34001,181,3.85
251,36001,181,4.03
251,38001,181,4.53
251,40001,181,4.31
251,42001,181,3.75
251,44001,181,3.24
251,46001,181,3.17
251,48001,181,3.31
251,50001,181,4.15
251,52001,181,5.04
251,54001,181,4.56
251,56001,181,3.8
251,58001,181,3.4
251,60001,181,3.17
251,62001,181,3.01
251,64001,181,2.86
251,65535,181,2.81
251,1,191,2.7
251,2001,191,2.83
251,4001,191,2.96
251,6001,191,3.65
251,8001,191,4.21
251,10001,191,5.89
251,12001,191,3.9
251,14001,191,2.6
251,16001,191,2.56
251,18001,191,2.52
251,20001,191,2.5
251,22001,191,2.44
251,24001,191,2.52
251,26001,191,2.6
251,28001,191,2.84
251,30001,191,2.96
251,32001,191,3.25
251,34001,191,3.6
251,36001,191,4.02
251,38001,191,4.68
251,40001,191,3.92
251,42001,191,3.29
251,44001,191,3.11
251,46001,191,3.01
251,48001,191,3.17
251,50001,191,3.96
251,52001,191,5.03
251,54001,191,4.09
251,56001,191,3.71
251,58001,191,3.38
251,60001,191,3.12
251,62001,191,2.98
251,64001,191,2.85
251,65535,191,2.75
251,1,201,2.57
251,2001,201,2.65
251,4001,201,2.86
251,6001,201,3.32
251,8001,201,4.45
251,10001,201,4.41
251,12001,201,3.96
251,14001,201,2.62
251,16001,201,2.52
251,18001,201,2.48
251,20001,201,2.48
251,22001,201,2.49
251,24001,201,2.46
251,26001,201,2.54
251,28001,201,2.73
251,30001,201,2.92
251,32001,201,3.24
251,34001,201,3.71
251,36001,201,4.39
251,38001,201,4.8
251,40001,201,3.88
251,42001,201,3.42
251,44001,201,3.02
251,46001,201,2.85
251,48001,201,3.19
251,50001,201,4.45
251,52001,201,4.97
251,54001,201,4.32
251,56001,201,3.73
251,58001,201,3.31
251,60001,201,3.02
251,62001,201,2.83
251,64001,201,2.75
251,65535,201,2.67
251,1,211,2.6
251,2001,211,2.62
251,4001,211,2.94
251,6001,211,3.12
251,8001,211,3.87
251,10001,211,4.96
251,12001,211,3.9
251,14001,211,2.63
251,16001,211,2.5
251,18001,211,2.53
251,20001,211,2.51
251,22001,211,2.47
251,24001,211,2.48
251,26001,211,2.49
251,28001,211,2.71
251,30001,211,2.9
251,32001,211,3.46
251,34001,211,3.6
251,36001,211,4.28
251,38001,211,4.75
251,40001,211,3.88
251,42001,211,3.22
251,44001,211,2.82
251,46001,211,2.79
251,48001,211,2.98
251,50001,211,3.96
251,52001,211,4.76
251,54001,211,4.25
251,56001,211,3.55
251,58001,211,3.15
251,60001,211,3.04
251,62001,211,2.83
251,64001,211,2.73
251,65535,211,2.69
251,1,221,2.6
251,2001,221,2.6
251,4001,221,2.77
251,6001,221,2.98
251,8001,221,3.6
251,10001,221,4.6
251,12001,221,3.18
251,14001,221,2.6
251,16001,221,2.54
251,18001,221,2.54
251,20001,221,2.52
251,22001,221,2.48
251,24001,221,2.5
251,26001,221,2.58
251,28001,221,2.65
251,30001,221,2.9
251,32001,221,3.17
251,34001,221,3.6
251,36001,221,4.17
251,38001,221,4.24
251,40001,221,3.79
251,42001,221,3.17
251,44001,221,2.76
251,46001,221,2.71
251,48001,221,2.92
251,50001,221,3.81
251,52001,221,4.46
251,54001,221,4.26
251,56001,221,3.56
251,58001,221,3.17
251,60001,221,3.02
251,62001,221,2.83
251,64001,221,2.69
251,65535,221,2.63
251,1,231,2.57
251,2001,231,2.62
251,4001,231,2.65
251,6001,231,3.13
251,8001,231,3.42
251,10001,231,4.52
251,12001,231,3.38
251,14001,231,2.58
251,16001,231,2.56
251,18001,231,2.51
251,20001,231,2.52
251,22001,231,2.49
251,24001,231,2.5
251,26001,231,2.52
251,28001,231,2.58
251,30001,231,2.83
251,32001,231,3.21
251,34001,231,3.88
251,36001,231,4.17
251,38001,231,4.41
251,40001,231,3.67
251,42001,231,3.12
251,44001,231,2.75
251,46001,231,2.7
251,48001,231,3.13
251,50001,231,3.4
251,52001,231,4.49
251,54001,231,4.34
251,56001,231,3.58
251,58001,231,3.17
251,60001,231,2.9
251,62001,231,2.73
251,64001,231,2.71
251,65535,231,2.62
251,1,241,2.6
251,2001,241,2.63
251,4001,241,2.59
251,6001,241,2.92
251,8001,241,3.3
251,10001,241,4.45
251,12001,241,3.72
251,14001,241,2.56
251,16001,241,2.52
251,18001,241,2.48
251,20001,241,2.52
251,22001,241,2.51
251,24001,241,2.52
251,26001,241,2.54
251,28001,241,2.66
251,30001,241,2.8
251,32001,241,3.13
251,34001,241,3.78
251,36001,241,4.17
251,38001,241,4.47
251,40001,241,3.47
251,42001,241,2.86
251,44001,241,2.72
251,46001,241,2.65
251,48001,241,2.89
251,50001,241,3.25
251,52001,241,4.39
251,54001,241,4.11
251,56001,241,3.35
251,58001,241,3.21
251,60001,241,2.92
251,62001,241,2.83
251,64001,241,2.67
251,65535,241,2.65
251,1,251,2.62
251,2001,251,2.63
251,4001,251,2.56
251,6001,251,2.77
251,8001,251,3.43
251,10001,251,4.0
251,12001,251,3.75
251,14001,251,2.53
251,16001,251,2.5
251,18001,251,2.5
251,20001,251,2.52
251,22001,251,2.52
251,24001,251,2.5
251,26001,251,2.48
251,28001,251,2.56
251,30001,251,2.75
251,32001,251,3.08
251,34001,251,3.6
251,36001,251,4.32
251,38001,251,3.79
251,40001,251,3.5
251,42001,251,2.87
251,44001,251,2.61
251,46001,251,2.62
251,48001,251,2.75
251,50001,251,3.59
251,52001,251,4.27
251,54001,251,4.28
251,56001,251,3.49
251,58001,251,3.22
251,60001,251,2.9
251,62001,251,2.75
251,64001,251,2.65
251,65535,251,2.59
251,1,254,2.6
251,2001,254,2.61
251,4001,254,2.67
251,6001,254,3.02
251,8001,254,3.29
251,10001,254,4.06
251,12001,254,3.71
251,14001,254,2.56
251,16001,254,2.5
251,18001,254,2.5
251,20001,254,2.53
251,22001,254,2.49
251,24001,254,2.49
251,26001,254,2.47
251,28001,254,2.56
251,30001,254,2.84
251,32001,254,3.27
251,34001,254,3.54
251,36001,254,4.23
251,38001,254,4.34
251,40001,254,3.42
251,42001,254,2.88
251,44001,254,2.65
251,46001,254,2.66
251,48001,254,2.69
251,50001,254,3.29
251,52001,254,4.21
251,54001,254,4.38
251,56001,254,3.51
251,58001,254,3.12
251,60001,254,3.0
251,62001,254,2.74
251,64001,254,2.64
251,65535,254,2.6
255,1,1,4.42
255,2001,1,4.42
255,4001,1,4.39
255,6001,1,4.39
255,8001,1,4.4
255,10001,1,4.42
255,12001,1,4.43
255,14001,1,4.28
255,16001,1,4.3
255,18001,1,4.22
255,20001,1,4.22
255,22001,1,4.25
255,24001,1,4.3
255,26001,1,4.24
255,28001,1,4.24
255,30001,1,4.28
255,32001,1,4.21
255,34001,1,4.26
255,36001,1,4.33
255,38001,1,4.33
255,40001,1,4.35
255,42001,1,4.38
255,44001,1,4.35
255,46001,1,4.36
255,48001,1,4.33
255,50001,1,4.38
255,52001,1,4.41
255,54001,1,4.36
255,56001,1,4.33
255,58001,1,4.45
255,60001,1,4.39
255,62001,1,4.42
255,64001,1,4.42
255,65535,1,4.39
255,1,11,5.2
255,2001,11,5.25
255,4001,11,4.96
255,6001,11,4.79
255,8001,11,4.64
255,10001,11,4.42
255,12001,11,4.28
255,14001,11,4.11
255,16001,11,4.05
255,18001,11,3.92
255,20001,11,3.8
255,22001,11,3.79
255,24001,11,3.67
255,26001,11,3.79
255,28001,11,3.74
255,30001,11,3.73
255,32001,11,3.75
255,34001,11,3.79
255,36001,11,3.83
255,38001,11,4.02
255,40001,11,4.15
255,42001,11,4.22
255,44001,11,4.33
255,46001,11,4.4
255,48001,11,4.47
255,50001,11,4.7
255,52001,11,4.89
255,54001,11,5.13
255,56001,11,5.19
255,58001,11,5.21
255,60001,11,5.24
255,62001,11,5.23
255,64001,11,5.27
255,65535,11,5.21
255,1,21,6.62
255,2001,21,6.65
255,4001,21,5.99
255,6001,21,5.37
255,8001,21,4.79
255,10001,21,4.71
255,12001,21,4.35
255,14001,21,4.08
255,16001,21,3.88
255,18001,21,3.71
255,20001,21,3.47
255,22001,21,3.37
255,24001,21,3.33
255,26001,21,3.4
255,28001,21,3.45
255,30001,21,3.41
255,32001,21,3.47
255,34001,21,3.51
255,36001,21,3.61
255,38001,21,3.6
255,40001,21,3.9
255,42001,21,4.0
255,44001,21,4.27
255,46001,21,4.51
255,48001,21,4.93
255,50001,21,5.13
255,52001,21,5.48
255,54001,21,5.74
255,56001,21,6.36
255,58001,21,6.64
255,60001,21,6.59
255,62001,21,6.56
255,64001,21,6.58
255,65535,21,6.61
255,1,31,8.14
255,2001,31,7.79
255,4001,31,7.58
255,6001,31,6.21
255,8001,31,5.51
255,10001,31,4.96
255,12001,31,4.36
255,14001,31,3.89
255,16001,31,3.57
255,18001,31,3.45
255,20001,31,3.31
255,22001,31,3.3
255,24001,31,3.35
255,26001,31,3.38
255,28001,31,3.44
255,30001,31,3.54
255,32001,31,3.46
255,34001,31,3.58
255,36001,31,3.61
255,38001,31,3.62
255,40001,31,3.69
255,42001,31,4.05
255,44001,31,4.21
255,46001,31,4.61
255,48001,31,5.22
255,50001,31,5.62
255,52001,31,6.19
255,54001,31,7.11
255,56001,31,7.54
255,58001,31,7.68
255,60001,31,7.7
255,62001,31,7.75
255,64001,31,7.87
255,65535,31,8.02
255,1,41,8.48
255,2001,41,8.57
255,4001,41,8.63
255,6001,41,7.47
255,8001,41,5.83
255,10001,41,4.7
255,12001,41,4.46
255,14001,41,3.82
255,16001,41,3.53
255,18001,41,3.27
255,20001,41,3.25
255,22001,41,3.25
255,24001,41,3.24
255,26001,41,3.31
255,28001,41,3.4
255,30001,41,3.46
255,32001,41,3.5
255,34001,41,3.56
255,36001,41,3.62
255,38001,41,3.67
255,40001,41,3.73
255,42001,41,3.88
255,44001,41,4.16
255,46001,41,4.7
255,48001,41,5.54
255,50001,41,6.58
255,52001,41,6.83
255,54001,41,7.61
255,56001,41,8.4
255,58001,41,8.73
255,60001,41,8.81
255,62001,41,9.14
255,64001,41,9.4
255,65535,41,9.44
255,1,51,9.21
255,2001,51,8.83
255,4001,51,8.12
255,6001,51,8.65
255,8001,51,6.72
255,10001,51,5.0
255,12001,51,4.46
255,14001,51,3.72
255,16001,51,3.31
255,18001,51,3.19
255,20001,51,3.18
255,22001,51,3.21
255,24001,51,3.23
255,26001,51,3.28
255,28001,51,3.34
255,30001,51,3.42
255,32001,51,3.53
255,34001,51,3.53
255,36001,51,3.63
255,38001,51,3.77
255,40001,51,3.83
255,42001,51,3.83
255,44001,51,4.33
255,46001,51,5.29
255,48001,51,5.67
255,50001,51,6.77
255,52001,51,7.29
255,54001,51,8.05
255,56001,51,7.13
255,58001,51,7.67
255,60001,51,7.83
255,62001,51,8.23
255,64001,51,8.68
255,65535,51,8.89
255,1,61,8.02
255,2001,61,8.08
255,4001,61,8.88
255,6001,61,7.5
255,8001,61,8.12
255,10001,61,5.57
255,12001,61,4.21
255,14001,61,3.35
255,16001,61,3.18
255,18001,61,3.14
255,20001,61,3.18
255,22001,61,3.15
255,24001,61,3.19
255,26001,61,3.25
255,28001,61,3.37
255,30001,61,3.37
255,32001,61,3.53
255,34001,61,3.58
255,36001,61,3.67
255,38001,61,3.81
255,40001,61,3.9
255,42001,61,3.96
255,44001,61,4.17
255,46001,61,5.23
255,48001,61,5.88
255,50001,61,6.75
255,52001,61,7.83
255,54001,61,7.8
255,56001,61,7.59
255,58001,61,8.35
255,60001,61,7.47
255,62001,61,7.66
255,64001,61,7.82
255,65535,61,7.95
255,1,71,9.15
255,2001,71,9.16
255,4001,71,8.57
255,6001,71,8.8
255,8001,71,7.05
255,10001,71,6.01
255,12001,71,4.36
255,14001,71,3.39
255,16001,71,3.02
255,18001,71,3.08
255,20001,71,3.12
255,22001,71,3.1
255,24001,71,3.1
255,26001,71,3.22
255,28001,71,3.32
255,30001,71,3.37
255,32001,71,3.46
255,34001,71,3.64
255,36001,71,3.81
255,38001,71,3.83
255,40001,71,3.97
255,42001,71,4.07
255,44001,71,4.25
255,46001,71,5.18
255,48001,71,6.46
255,50001,71,7.28
255,52001,71,7.45
255,54001,71,8.11
255,56001,71,8.8
255,58001,71,8.59
255,60001,71,8.71
255,62001,71,8.88
255,64001,71,9.0
255,65535,71,9.04
255,1,81,6.81
255,2001,81,7.71
255,4001,81,9.82
255,6001,81,9.8
255,8001,81,7.29
255,10001,81,6.39
255,12001,81,4.51
255,14001,81,3.44
255,16001,81,3.0
255,18001,81,3.04
255,20001,81,3.0
255,22001,81,3.04
255,24001,81,3.05
255,26001,81,3.16
255,28001,81,3.27
255,30001,81,3.45
255,32001,81,3.5
255,34001,81,3.68
255,36001,81,3.77
255,38001,81,3.89
255,40001,81,4.08
255,42001,81,4.31
255,44001,81,4.87
255,46001,81,5.27
255,48001,81,6.15
255,50001,81,6.57
255,52001,81,7.04
255,54001,81,8.02
255,56001,81,7.93
255,58001,81,7.86
255,60001,81,7.88
255,62001,81,7.67
255,64001,81,7.47
255,65535,81,6.94
255,1,91,5.42
255,2001,91,5.71
255,4001,91,7.66
255,6001,91,8.99
255,8001,91,8.63
255,10001,91,6.04
255,12001,91,3.84
255,14001,91,3.42
255,16001,91,2.98
255,18001,91,3.0
255,20001,91,3.02
255,22001,91,3.03
255,24001,91,3.05
255,26001,91,3.15
255,28001,91,3.18
255,30001,91,3.36
255,32001,91,3.44
255,34001,91,3.69
255,36001,91,3.88
255,38001,91,4.09
255,40001,91,4.18
255,42001,91,4.46
255,44001,91,4.88
255,46001,91,5.24
255,48001,91,5.74
255,50001,91,6.36
255,52001,91,7.45
255,54001,91,7.83
255,56001,91,7.22
255,58001,91,6.83
255,60001,91,6.42
255,62001,91,6.05
255,64001,91,5.7
255,65535,91,5.45
255,1,101,4.67
255,2001,101,4.68
255,4001,101,6.55
255,6001,101,8.97
255,8001,101,9.86
255,10001,101,7.49
255,12001,101,4.14
255,14001,101,3.4
255,16001,101,2.9
255,18001,101,2.92
255,20001,101,2.92
255,22001,101,2.96
255,24001,101,2.98
255,26001,101,3.06
255,28001,101,3.17
255,30001,101,3.33
255,32001,101,3.56
255,34001,101,3.79
255,36001,101,3.87
255,38001,101,4.11
255,40001,101,4.34
255,42001,101,4.57
255,44001,101,4.95
255,46001,101,5.21
255,48001,101,5.72
255,50001,101,5.87
255,52001,101,6.92
255,54001,101,7.43
255,56001,101,6.76
255,58001,101,5.86
255,60001,101,5.42
255,62001,101,5.26
255,64001,101,5.01
255,65535,101,4.76
255,1,111,4.12
255,2001,111,4.84
255,4001,111,5.31
255,6001,111,8.18
255,8001,111,9.59
255,10001,111,7.09
255,12001,111,4.51
255,14001,111,3.13
255,16001,111,2.92
255,18001,111,2.89
255,20001,111,2.85
255,22001,111,2.87
255,24001,111,2.9
255,26001,111,3.04
255,28001,111,3.23
255,30001,111,3.38
255,32001,111,3.46
255,34001,111,3.76
255,36001,111,3.92
255,38001,111,4.18
255,40001,111,4.5
255,42001,111,4.87
255,44001,111,5.04
255,46001,111,4.73
255,48001,111,5.24
255,50001,111,5.55
255,52001,111,6.64
255,54001,111,6.59
255,56001,111,5.56
255,58001,111,5.28
255,60001,111,4.88
255,62001,111,4.72
255,64001,111,4.52
255,65535,111,4.24
255,1,121,3.85
255,2001,121,4.08
255,4001,121,4.68
255,6001,121,6.93
255,8001,121,9.46
255,10001,121,5.89
255,12001,121,4.72
255,14001,121,3.21
255,16001,121,2.9
255,18001,121,2.88
255,20001,121,2.88
255,22001,121,2.88
255,24001,121,2.96
255,26001,121,2.96
255,28001,121,3.19
255,30001,121,3.25
255,32001,121,3.46
255,34001,121,3.69
255,36001,121,4.05
255,38001,121,4.45
255,40001,121,4.59
255,42001,121,4.93
255,44001,121,4.74
255,46001,121,4.46
255,48001,121,4.86
255,50001,121,5.82
255,52001,121,6.48
255,54001,121,6.5
255,56001,121,5.12
255,58001,121,4.8
255,60001,121,4.46
255,62001,121,4.25
255,64001,121,3.99
255,65535,121,3.91
255,1,131,3.55
255,2001,131,3.63
255,4001,131,4.83
255,6001,131,8.15
255,8001,131,8.93
255,10001,131,6.83
255,12001,131,4.79
255,14001,131,3.14
255,16001,131,2.79
255,18001,131,2.83
255,20001,131,2.79
255,22001,131,2.81
255,24001,131,2.85
255,26001,131,2.92
255,28001,131,3.08
255,30001,131,3.31
255,32001,131,3.58
255,34001,131,3.73
255,36001,131,4.05
255,38001,131,4.34
255,40001,131,4.72
255,42001,131,4.92
255,44001,131,4.38
255,46001,131,4.41
255,48001,131,4.5
255,50001,131,5.44
255,52001,131,6.42
255,54001,131,6.32
255,56001,131,4.93
255,58001,131,4.39
255,60001,131,4.03
255,62001,131,4.01
255,64001,131,3.77
255,65535,131,3.68
255,1,141,3.4
255,2001,141,3.35
255,4001,141,3.94
255,6001,141,6.13
255,8001,141,8.36
255,10001,141,8.93
255,12001,141,4.33
255,14001,141,2.92
255,16001,141,2.8
255,18001,141,2.76
255,20001,141,2.79
255,22001,141,2.77
255,24001,141,2.75
255,26001,141,2.93
255,28001,141,3.17
255,30001,141,3.22
255,32001,141,3.54
255,34001,141,3.73
255,36001,141,3.98
255,38001,141,4.47
255,40001,141,4.8
255,42001,141,4.32
255,44001,141,4.13
255,46001,141,4.01
255,48001,141,4.26
255,50001,141,4.94
255,52001,141,6.16
255,54001,141,5.25
255,56001,141,4.57
255,58001,141,4.19
255,60001,141,3.86
255,62001,141,3.75
255,64001,141,3.48
255,65535,141,3.38
255,1,151,3.18
255,2001,151,3.18
255,4001,151,3.64
255,6001,151,5.08
255,8001,151,8.03
255,10001,151,5.62
255,12001,151,4.84
255,14001,151,2.93
255,16001,151,2.72
255,18001,151,2.77
255,20001,151,2.76
255,22001,151,2.74
255,24001,151,2.71
255,26001,151,2.81
255,28001,151,3.08
255,30001,151,3.25
255,32001,151,3.44
255,34001,151,3.82
255,36001,151,4.33
255,38001,151,4.55
255,40001,151,4.95
255,42001,151,4.46
255,44001,151,3.96
255,46001,151,3.79
255,48001,151,4.28
255,50001,151,5.7
255,52001,151,6.12
255,54001,151,5.08
255,56001,151,4.42
255,58001,151,3.97
255,60001,151,3.77
255,62001,151,3.5
255,64001,151,3.42
255,65535,151,3.29
255,1,161,3.1
255,2001,161,3.17
255,4001,161,3.97
255,6001,161,4.38
255,8001,161,7.21
255,10001,161,8.63
255,12001,161,5.07
255,14001,161,2.98
255,16001,161,2.74
255,18001,161,2.71
255,20001,161,2.73
255,22001,161,2.73
255,24001,161,2.69
255,26001,161,2.85
255,28001,161,2.97
255,30001,161,3.33
255,32001,161,3.46
255,34001,161,3.77
255,36001,161,4.12
255,38001,161,4.59
255,40001,161,4.83
255,42001,161,4.11
255,44001,161,3.62
255,46001,161,3.55
255,48001,161,3.98
255,50001,161,4.62
255,52001,161,6.0
255,54001,161,5.06
255,56001,161,4.06
255,58001,161,3.69
255,60001,161,3.56
255,62001,161,3.38
255,64001,161,3.23
255,65535,161,3.15
255,1,171,3.03
255,2001,171,3.02
255,4001,171,3.3
255,6001,171,4.01
255,8001,171,5.64
255,10001,171,6.25
255,12001,171,3.55
255,14001,171,2.96
255,16001,171,2.74
255,18001,171,2.71
255,20001,171,2.69
255,22001,171,2.67
255,24001,171,2.69
255,26001,171,2.75
255,28001,171,2.92
255,30001,171,3.22
255,32001,171,3.41
255,34001,171,3.77
255,36001,171,4.27
255,38001,171,4.73
255,40001,171,4.72
255,42001,171,4.08
255,44001,171,3.52
255,46001,171,3.37
255,48001,171,3.62
255,50001,171,4.71
255,52001,171,5.29
255,54001,171,4.92
255,56001,171,4.07
255,58001,171,3.65
255,60001,171,3.46
255,62001,171,3.29
255,64001,171,3.12
255,65535,171,3.0
255,1,181,2.89
255,2001,181,2.87
255,4001,181,3.23
255,6001,181,3.9
255,8001,181,6.02
255,10001,181,6.41
255,12001,181,4.08
255,14001,181,2.88
255,16001,181,2.61
255,18001,181,2.63
255,20001,181,2.62
255,22001,181,2.63
255,24001,181,2.62
255,26001,181,2.79
255,28001,181,2.92
255,30001,181,3.1
255,32001,181,3.4
255,34001,181,3.79
255,36001,181,4.25
255,38001,181,4.75
255,40001,181,4.55
255,42001,181,3.87
255,44001,181,3.4
255,46001,181,3.21
255,48001,181,3.42
255,50001,181,4.45
255,52001,181,5.28
255,54001,181,4.79
255,56001,181,4.02
255,58001,181,3.63
255,60001,181,3.34
255,62001,181,3.19
255,64001,181,3.01
255,65535,181,2.94
255,1,191,2.8
255,2001,191,2.81
255,4001,191,3.15
255,6001,191,3.77
255,8001,191,4.43
255,10001,191,6.2
255,12001,191,4.18
255,14001,191,2.88
255,16001,191,2.68
255,18001,191,2.64
255,20001,191,2.61
255,22001,191,2.62
255,24001,191,2.67
255,26001,191,2.72
255,28001,191,2.88
255,30001,191,3.12
255,32001,191,3.38
255,34001,191,3.96
255,36001,191,4.27
255,38001,191,4.97
255,40001,191,4.44
255,42001,191,3.75
255,44001,191,3.25
255,46001,191,3.1
255,48001,191,3.62
255,50001,191,4.17
255,52001,191,5.42
255,54001,191,4.64
255,56001,191,3.92
255,58001,191,3.52
255,60001,191,3.23
255,62001,191,3.02
255,64001,191,2.98
255,65535,191,2.9
255,1,201,2.79
255,2001,201,2.87
255,4001,201,2.98
255,6001,201,3.42
255,8001,201,4.04
255,10001,201,5.7
255,12001,201,4.18
255,14001,201,2.81
255,16001,201,2.65
255,18001,201,2.63
255,20001,201,2.62
255,22001,201,2.6
255,24001,201,2.65
255,26001,201,2.66
255,28001,201,2.9
255,30001,201,3.1
255,32001,201,3.39
255,34001,201,3.85
255,36001,201,4.29
255,38001,201,5.09
255,40001,201,4.12
255,42001,201,3.46
255,44001,201,3.14
255,46001,201,2.97
255,48001,201,3.33
255,50001,201,3.98
255,52001,201,5.38
255,54001,201,4.45
255,56001,201,3.65
255,58001,201,3.48
255,60001,201,3.21
255,62001,201,3.06
255,64001,201,2.9
255,65535,201,2.77
255,1,211,2.79
255,2001,211,2.78
255,4001,211,2.88
255,6001,211,3.23
255,8001,211,4.03
255,10001,211,4.79
255,12001,211,4.08
255,14001,211,2.75
255,16001,211,2.63
255,18001,211,2.63
255,20001,211,2.6
255,22001,211,2.63
255,24001,211,2.63
255,26001,211,2.62
255,28001,211,2.81
255,30001,211,3.02
255,32001,211,3.39
255,34001,211,3.73
255,36001,211,4.47
255,38001,211,4.45
255,40001,211,4.07
255,42001,211,3.43
255,44001,211,3.08
255,46001,211,2.92
255,48001,211,3.12
255,50001,211,4.12
255,52001,211,4.79
255,54001,211,4.5
255,56001,211,3.77
255,58001,211,3.4
255,60001,211,3.19
255,62001,211,2.97
255,64001,211,2.83
255,65535,211,2.77
255,1,221,2.69
255,2001,221,2.73
255,4001,221,2.92
255,6001,221,3.37
255,8001,221,3.73
255,10001,221,4.88
255,12001,221,4.03
255,14001,221,2.71
255,16001,221,2.65
255,18001,221,2.65
255,20001,221,2.62
255,22001,221,2.58
255,24001,221,2.65
255,26001,221,2.68
255,28001,221,2.75
255,30001,221,2.96
255,32001,221,3.37
255,34001,221,4.09
255,36001,221,4.35
255,38001,221,4.71
255,40001,221,3.98
255,42001,221,3.4
255,44001,221,2.96
255,46001,221,2.85
255,48001,221,3.39
255,50001,221,3.69
255,52001,221,4.92
255,54001,221,4.43
255,56001,221,3.77
255,58001,221,3.36
255,60001,221,3.1
255,62001,221,2.92
255,64001,221,2.82
255,65535,221,2.75
255,1,231,2.79
255,2001,231,2.75
255,4001,231,2.79
255,6001,231,3.07
255,8001,231,3.76
255,10001,231,4.75
255,12001,231,3.98
255,14001,231,2.71
255,16001,231,2.65
255,18001,231,2.62
255,20001,231,2.56
255,22001,231,2.63
255,24001,231,2.6
255,26001,231,2.62
255,28001,231,2.79
255,30001,231,3.1
255,32001,231,3.29
255,34001,231,3.86
255,36001,231,4.38
255,38001,231,4.8
255,40001,231,3.82
255,42001,231,3.2
255,44001,231,2.88
255,46001,231,2.79
255,48001,231,3.0
255,50001,231,3.52
255,52001,231,4.8
255,54001,231,4.42
255,56001,231,3.58
255,58001,231,3.33
255,60001,231,3.1
255,62001,231,2.98
255,64001,231,2.87
255,65535,231,2.75
255,1,241,2.74
255,2001,241,2.76
255,4001,241,2.74
255,6001,241,2.98
255,8001,241,3.52
255,10001,241,4.39
255,12001,241,3.93
255,14001,241,2.66
255,16001,241,2.6
255,18001,241,2.63
255,20001,241,2.65
255,22001,241,2.62
255,24001,241,2.62
255,26001,241,2.67
255,28001,241,2.68
255,30001,241,2.89
255,32001,241,3.33
255,34001,241,3.79
255,36001,241,4.49
255,38001,241,4.29
255,40001,241,3.78
255,42001,241,3.2
255,44001,241,2.88
255,46001,241,2.73
255,48001,241,2.9
255,50001,241,3.62
255,52001,241,4.61
255,54001,241,4.51
255,56001,241,3.71
255,58001,241,3.37
255,60001,241,3.1
255,62001,241,2.92
255,64001,241,2.78
255,65535,241,2.71
255,1,251,2.75
255,2001,251,2.77
255,4001,251,2.79
255,6001,251,3.13
255,8001,251,3.41
255,10001,251,4.39
255,12001,251,4.0
255,14001,251,2.61
255,16001,251,2.67
255,18001,251,2.6
255,20001,251,2.64
255,22001,251,2.63
255,24001,251,2.63
255,26001,251,2.63
255,28001,251,2.66
255,30001,251,2.91
255,32001,251,3.4
255,34001,251,3.71
255,36001,251,4.46
255,38001,251,4.37
255,40001,251,3.63
255,42001,251,3.13
255,44001,251,2.77
255,46001,251,2.79
255,48001,251,2.77
255,50001,251,3.33
255,52001,251,4.43
255,54001,251,4.54
255,56001,251,3.71
255,58001,251,3.32
255,60001,251,3.04
255,62001,251,2.89
255,64001,251,2.81
255,65535,251,2.79
255,1,254,2.74
255,2001,254,2.73
255,4001,254,2.77
255,6001,254,2.99
255,8001,254,3.38
255,10001,254,4.44
255,12001,254,3.86
255,14001,254,2.62
255,16001,254,2.63
255,18001,254,2.65
255,20001,254,2.66
255,22001,254,2.63
255,24001,254,2.64
255,26001,254,2.67
255,28001,254,2.73
255,30001,254,2.88
255,32001,254,3.29
255,34001,254,3.67
255,36001,254,4.4
255,38001,254,4.55
255,40001,254,3.54
255,42001,254,2.94
255,44001,254,2.81
255,46001,254,2.71
255,48001,254,2.77
255,50001,254,3.29
255,52001,254,4.5
255,54001,254,4.42
255,56001,254,3.57
255,58001,254,3.37
255,60001,254,3.08
255,62001,254,2.92
255,64001,254,2.95
255,65535,254,2.75
