bri,hue,sat,watt
1,1,1,2.55
1,2001,1,2.47
1,4001,1,2.58
1,6001,1,2.5
1,8001,1,2.47
1,10001,1,2.48
1,12001,1,2.53
1,14001,1,2.49
1,16001,1,2.59
1,18001,1,2.66
1,20001,1,2.53
1,22001,1,2.61
1,24001,1,2.55
1,26001,1,2.66
1,28001,1,2.48
1,30001,1,2.52
1,32001,1,2.52
1,34001,1,2.53
1,36001,1,2.55
1,38001,1,2.49
1,40001,1,2.6
1,42001,1,2.45
1,44001,1,2.48
1,46001,1,2.59
1,48001,1,2.53
1,50001,1,2.65
1,52001,1,2.67
1,54001,1,2.55
1,56001,1,2.59
1,58001,1,2.54
1,60001,1,2.61
1,62001,1,2.59
1,64001,1,2.57
1,65535,1,2.48
1,1,21,2.55
1,2001,21,2.59
1,4001,21,2.58
1,6001,21,2.54
1,8001,21,2.52
1,10001,21,2.54
1,12001,21,2.48
1,14001,21,2.63
1,16001,21,2.62
1,18001,21,2.58
1,20001,21,2.54
1,22001,21,2.53
1,24001,21,2.45
1,26001,21,2.38
1,28001,21,2.45
1,30001,21,2.44
1,32001,21,2.46
1,34001,21,2.41
1,36001,21,2.41
1,38001,21,2.42
1,40001,21,2.56
1,42001,21,2.49
1,44001,21,2.58
1,46001,21,2.66
1,48001,21,2.69
1,50001,21,2.61
1,52001,21,2.76
1,54001,21,2.65
1,56001,21,2.69
1,58001,21,2.8
1,60001,21,2.68
1,62001,21,2.71
1,64001,21,2.58
1,65535,21,2.65
1,1,41,2.56
1,2001,41,2.53
1,4001,41,2.65
1,6001,41,2.55
1,8001,41,2.61
1,10001,41,2.59
1,12001,41,2.52
1,14001,41,2.47
1,16001,41,2.44
1,18001,41,2.38
1,20001,41,2.33
1,22001,41,2.41
1,24001,41,2.36
1,26001,41,2.32
1,28001,41,2.31
1,30001,41,2.33
1,32001,41,2.56
1,34001,41,2.34
1,36001,41,2.56
1,38001,41,2.54
1,40001,41,2.56
1,42001,41,2.58
1,44001,41,2.69
1,46001,41,2.66
1,48001,41,2.71
1,50001,41,2.66
1,52001,41,2.59
1,54001,41,2.64
1,56001,41,2.46
1,58001,41,2.63
1,60001,41,2.38
1,62001,41,2.59
1,64001,41,2.44
1,65535,41,2.43
1,1,61,2.31
1,2001,61,2.4
1,4001,61,2.46
1,6001,61,2.49
1,8001,61,2.59
1,10001,61,2.54
1,12001,61,2.45
1,14001,61,2.36
1,16001,61,2.42
1,18001,61,2.33
1,20001,61,2.28
1,22001,61,2.24
1,24001,61,2.2
1,26001,61,2.16
1,28001,61,2.18
1,30001,61,2.23
1,32001,61,2.27
1,34001,61,2.25
1,36001,61,2.46
1,38001,61,2.4
1,40001,61,2.46
1,42001,61,2.54
1,44001,61,2.57
1,46001,61,2.72
1,48001,61,2.95
1,50001,61,2.7
1,52001,61,2.63
1,54001,61,2.65
1,56001,61,2.55
1,58001,61,2.39
1,60001,61,2.54
1,62001,61,2.35
1,64001,61,2.31
1,65535,61,2.37
1,1,81,2.25
1,2001,81,2.25
1,4001,81,2.31
1,6001,81,2.45
1,8001,81,2.41
1,10001,81,2.57
1,12001,81,2.49
1,14001,81,2.4
1,16001,81,2.52
1,18001,81,2.27
1,20001,81,2.28
1,22001,81,2.11
1,24001,81,2.16
1,26001,81,2.13
1,28001,81,2.18
1,30001,81,2.16
1,32001,81,2.15
1,34001,81,2.22
1,36001,81,2.28
1,38001,81,2.32
1,40001,81,2.48
1,42001,81,2.56
1,44001,81,2.71
1,46001,81,2.81
1,48001,81,2.9
1,50001,81,2.76
1,52001,81,2.58
1,54001,81,2.46
1,56001,81,2.39
1,58001,81,2.26
1,60001,81,2.23
1,62001,81,2.27
1,64001,81,2.17
1,65535,81,2.15
1,1,101,1.97
1,2001,101,2.05
1,4001,101,2.18
1,6001,101,2.34
1,8001,101,2.31
1,10001,101,2.62
1,12001,101,2.4
1,14001,101,2.27
1,16001,101,2.26
1,18001,101,2.08
1,20001,101,2.16
1,22001,101,2.02
1,24001,101,2.04
1,26001,101,2.01
1,28001,101,2.02
1,30001,101,1.99
1,32001,101,2.04
1,34001,101,2.09
1,36001,101,2.21
1,38001,101,2.34
1,40001,101,2.41
1,42001,101,2.7
1,44001,101,3.05
1,46001,101,3.18
1,48001,101,3.02
1,50001,101,2.76
1,52001,101,2.58
1,54001,101,2.42
1,56001,101,2.28
1,58001,101,2.2
1,60001,101,2.18
1,62001,101,2.2
1,64001,101,2.01
1,65535,101,2.07
1,1,121,1.96
1,2001,121,2.01
1,4001,121,2.04
1,6001,121,2.25
1,8001,121,2.31
1,10001,121,2.55
1,12001,121,2.44
1,14001,121,2.34
1,16001,121,2.21
1,18001,121,2.15
1,20001,121,2.04
1,22001,121,1.86
1,24001,121,1.93
1,26001,121,1.99
1,28001,121,2.02
1,30001,121,2.04
1,32001,121,2.0
1,34001,121,2.18
1,36001,121,2.19
1,38001,121,2.35
1,40001,121,2.47
1,42001,121,2.66
1,44001,121,2.57
1,46001,121,2.96
1,48001,121,2.98
1,50001,121,2.85
1,52001,121,2.43
1,54001,121,2.26
1,56001,121,2.25
1,58001,121,2.29
1,60001,121,2.17
1,62001,121,2.0
1,64001,121,2.04
1,65535,121,2.03
1,1,141,1.9
1,2001,141,1.93
1,4001,141,2.1
1,6001,141,2.09
1,8001,141,2.4
1,10001,141,2.47
1,12001,141,2.32
1,14001,141,2.23
1,16001,141,2.24
1,18001,141,2.12
1,20001,141,2.01
1,22001,141,1.94
1,24001,141,1.88
1,26001,141,1.87
1,28001,141,1.93
1,30001,141,1.95
1,32001,141,2.03
1,34001,141,2.08
1,36001,141,2.15
1,38001,141,2.35
1,40001,141,2.52
1,42001,141,2.48
1,44001,141,2.29
1,46001,141,2.44
1,48001,141,2.72
1,50001,141,2.71
1,52001,141,2.49
1,54001,141,2.22
1,56001,141,2.04
1,58001,141,2.13
1,60001,141,2.15
1,62001,141,2.03
1,64001,141,1.91
1,65535,141,1.89
1,1,161,1.93
1,2001,161,1.96
1,4001,161,2.05
1,6001,161,2.25
1,8001,161,2.3
1,10001,161,2.38
1,12001,161,2.4
1,14001,161,2.22
1,16001,161,2.07
1,18001,161,2.05
1,20001,161,1.94
1,22001,161,1.9
1,24001,161,1.78
1,26001,161,1.97
1,28001,161,1.86
1,30001,161,1.93
1,32001,161,1.97
1,34001,161,2.16
1,36001,161,2.16
1,38001,161,2.31
1,40001,161,2.31
1,42001,161,2.2
1,44001,161,2.16
1,46001,161,2.29
1,48001,161,2.5
1,50001,161,2.86
1,52001,161,2.53
1,54001,161,2.27
1,56001,161,2.2
1,58001,161,2.03
1,60001,161,1.94
1,62001,161,1.95
1,64001,161,1.89
1,65535,161,1.88
1,1,181,1.89
1,2001,181,1.9
1,4001,181,2.0
1,6001,181,2.07
1,8001,181,2.28
1,10001,181,2.36
1,12001,181,2.42
1,14001,181,2.3
1,16001,181,2.04
1,18001,181,2.04
1,20001,181,1.94
1,22001,181,1.75
1,24001,181,1.88
1,26001,181,1.89
1,28001,181,1.78
1,30001,181,1.91
1,32001,181,2.06
1,34001,181,2.15
1,36001,181,2.23
1,38001,181,2.34
1,40001,181,2.36
1,42001,181,2.14
1,44001,181,1.98
1,46001,181,2.1
1,48001,181,2.36
1,50001,181,2.62
1,52001,181,2.49
1,54001,181,2.2
1,56001,181,2.01
1,58001,181,1.98
1,60001,181,1.92
1,62001,181,1.89
1,64001,181,1.89
1,65535,181,1.75
1,1,201,1.92
1,2001,201,1.89
1,4001,201,2.0
1,6001,201,2.07
1,8001,201,2.22
1,10001,201,2.33
1,12001,201,2.44
1,14001,201,2.25
1,16001,201,4.94
1,18001,201,5.07
1,20001,201,1.93
1,22001,201,1.91
1,24001,201,1.89
1,26001,201,1.9
1,28001,201,1.92
1,30001,201,1.93
1,32001,201,1.98
1,34001,201,2.09
1,36001,201,2.28
1,38001,201,2.38
1,40001,201,2.21
1,42001,201,2.0
1,44001,201,1.92
1,46001,201,1.98
1,48001,201,2.26
1,50001,201,2.51
1,52001,201,2.57
1,54001,201,2.23
1,56001,201,2.12
1,58001,201,2.09
1,60001,201,2.0
1,62001,201,1.81
1,64001,201,1.9
1,65535,201,1.9
1,1,221,2.02
1,2001,221,1.96
1,4001,221,1.89
1,6001,221,2.15
1,8001,221,2.18
1,10001,221,2.1
1,12001,221,2.47
1,14001,221,2.15
1,16001,221,2.04
1,18001,221,2.16
1,20001,221,1.99
1,22001,221,1.89
1,24001,221,1.74
1,26001,221,1.71
1,28001,221,2.02
1,30001,221,1.99
1,32001,221,1.95
1,34001,221,2.15
1,36001,221,2.38
1,38001,221,2.33
1,40001,221,2.1
1,42001,221,1.85
1,44001,221,1.94
1,46001,221,2.07
1,48001,221,2.04
1,50001,221,2.41
1,52001,221,2.53
1,54001,221,2.33
1,56001,221,2.04
1,58001,221,1.96
1,60001,221,1.9
1,62001,221,1.96
1,64001,221,1.97
1,65535,221,1.99
1,1,241,1.9
1,2001,241,1.94
1,4001,241,1.96
1,6001,241,2.05
1,8001,241,2.26
1,10001,241,2.35
1,12001,241,2.26
1,14001,241,2.22
1,16001,241,2.03
1,18001,241,1.9
1,20001,241,1.93
1,22001,241,1.88
1,24001,241,1.83
1,26001,241,1.8
1,28001,241,1.89
1,30001,241,1.84
1,32001,241,1.98
1,34001,241,2.29
1,36001,241,2.45
1,38001,241,2.17
1,40001,241,1.91
1,42001,241,1.87
1,44001,241,1.77
1,46001,241,1.81
1,48001,241,1.99
1,50001,241,2.26
1,52001,241,2.5
1,54001,241,2.18
1,56001,241,2.12
1,58001,241,2.02
1,60001,241,1.86
1,62001,241,1.8
1,64001,241,2.01
1,65535,241,1.81
1,1,254,1.85
1,2001,254,1.8
1,4001,254,1.88
1,6001,254,2.03
1,8001,254,2.12
1,10001,254,2.32
1,12001,254,2.24
1,14001,254,2.14
1,16001,254,1.98
1,18001,254,1.85
1,20001,254,1.93
1,22001,254,1.95
1,24001,254,1.87
1,26001,254,1.86
1,28001,254,1.87
1,30001,254,1.93
1,32001,254,2.0
1,34001,254,2.17
1,36001,254,2.48
1,38001,254,2.13
1,40001,254,1.84
1,42001,254,1.99
1,44001,254,1.92
1,46001,254,1.91
1,48001,254,1.99
1,50001,254,2.19
1,52001,254,2.67
1,54001,254,2.19
1,56001,254,1.95
1,58001,254,1.91
1,60001,254,1.92
1,62001,254,1.89
1,64001,254,1.96
1,65535,254,1.86
11,1,1,2.7
11,2001,1,2.81
11,4001,1,2.68
11,6001,1,2.79
11,8001,1,2.87
11,10001,1,2.77
11,12001,1,2.85
11,14001,1,2.76
11,16001,1,2.78
11,18001,1,2.8
11,20001,1,2.77
11,22001,1,2.91
11,24001,1,2.73
11,26001,1,2.83
11,28001,1,2.75
11,30001,1,2.72
11,32001,1,2.8
11,34001,1,2.84
11,36001,1,2.87
11,38001,1,2.7
11,40001,1,2.72
11,42001,1,2.96
11,44001,1,2.65
11,46001,1,2.74
11,48001,1,2.83
11,50001,1,2.78
11,52001,1,2.81
11,54001,1,2.98
11,56001,1,2.7
11,58001,1,2.83
11,60001,1,2.82
11,62001,1,2.73
11,64001,1,2.79
11,65535,1,2.74
11,1,21,2.7
11,2001,21,2.87
11,4001,21,2.87
11,6001,21,2.79
11,8001,21,2.75
11,10001,21,2.78
11,12001,21,2.61
11,14001,21,2.73
11,16001,21,2.7
11,18001,21,2.7
11,20001,21,2.67
11,22001,21,2.75
11,24001,21,2.66
11,26001,21,2.5
11,28001,21,2.64
11,30001,21,2.5
11,32001,21,2.59
11,34001,21,2.61
11,36001,21,2.65
11,38001,21,2.62
11,40001,21,2.69
11,42001,21,2.73
11,44001,21,2.74
11,46001,21,2.79
11,48001,21,2.81
11,50001,21,2.77
11,52001,21,2.79
11,54001,21,2.88
11,56001,21,2.9
11,58001,21,2.91
11,60001,21,2.75
11,62001,21,2.89
11,64001,21,2.84
11,65535,21,2.67
11,1,41,2.63
11,2001,41,2.69
11,4001,41,2.72
11,6001,41,2.75
11,8001,41,2.87
11,10001,41,2.69
11,12001,41,2.63
11,14001,41,2.53
11,16001,41,2.64
11,18001,41,2.52
11,20001,41,2.5
11,22001,41,2.55
11,24001,41,2.44
11,26001,41,2.46
11,28001,41,2.49
11,30001,41,2.46
11,32001,41,2.44
11,34001,41,2.65
11,36001,41,2.63
11,38001,41,2.65
11,40001,41,2.67
11,42001,41,2.72
11,44001,41,2.8
11,46001,41,2.89
11,48001,41,3.0
11,50001,41,2.87
11,52001,41,2.95
11,54001,41,2.85
11,56001,41,2.64
11,58001,41,2.6
11,60001,41,2.81
11,62001,41,2.7
11,64001,41,2.72
11,65535,41,2.66
11,1,61,2.5
11,2001,61,2.57
11,4001,61,2.61
11,6001,61,2.65
11,8001,61,2.77
11,10001,61,2.81
11,12001,61,2.68
11,14001,61,2.57
11,16001,61,2.54
11,18001,61,2.56
11,20001,61,2.38
11,22001,61,2.37
11,24001,61,2.54
11,26001,61,2.34
11,28001,61,2.4
11,30001,61,2.39
11,32001,61,2.31
11,34001,61,2.46
11,36001,61,2.5
11,38001,61,2.5
11,40001,61,2.65
11,42001,61,2.62
11,44001,61,2.87
11,46001,61,2.89
11,48001,61,3.1
11,50001,61,2.84
11,52001,61,2.77
11,54001,61,2.74
11,56001,61,2.65
11,58001,61,2.52
11,60001,61,2.75
11,62001,61,2.62
11,64001,61,2.44
11,65535,61,2.52
11,1,81,2.3
11,2001,81,2.29
11,4001,81,2.39
11,6001,81,2.49
11,8001,81,2.64
11,10001,81,2.85
11,12001,81,2.61
11,14001,81,2.59
11,16001,81,2.47
11,18001,81,2.31
11,20001,81,2.31
11,22001,81,2.29
11,24001,81,2.19
11,26001,81,2.28
11,28001,81,2.32
11,30001,81,2.31
11,32001,81,2.29
11,34001,81,2.46
11,36001,81,2.49
11,38001,81,2.55
11,40001,81,2.64
11,42001,81,2.78
11,44001,81,3.0
11,46001,81,3.04
11,48001,81,3.04
11,50001,81,2.9
11,52001,81,2.72
11,54001,81,2.62
11,56001,81,2.56
11,58001,81,2.48
11,60001,81,2.42
11,62001,81,2.41
11,64001,81,2.36
11,65535,81,2.31
11,1,101,2.26
11,2001,101,2.29
11,4001,101,2.29
11,6001,101,2.41
11,8001,101,2.54
11,10001,101,2.63
11,12001,101,2.71
11,14001,101,2.5
11,16001,101,2.34
11,18001,101,2.32
11,20001,101,2.26
11,22001,101,2.13
11,24001,101,2.2
11,26001,101,2.16
11,28001,101,2.18
11,30001,101,2.23
11,32001,101,2.24
11,34001,101,2.26
11,36001,101,2.47
11,38001,101,2.5
11,40001,101,2.63
11,42001,101,2.77
11,44001,101,2.95
11,46001,101,3.25
11,48001,101,3.25
11,50001,101,2.97
11,52001,101,2.76
11,54001,101,2.54
11,56001,101,2.5
11,58001,101,2.43
11,60001,101,2.28
11,62001,101,2.26
11,64001,101,2.13
11,65535,101,2.14
11,1,121,1.99
11,2001,121,2.21
11,4001,121,2.2
11,6001,121,2.26
11,8001,121,2.5
11,10001,121,2.51
11,12001,121,2.51
11,14001,121,2.51
11,16001,121,2.26
11,18001,121,2.23
11,20001,121,2.18
11,22001,121,1.98
11,24001,121,2.0
11,26001,121,2.05
11,28001,121,2.22
11,30001,121,2.1
11,32001,121,2.11
11,34001,121,2.32
11,36001,121,2.3
11,38001,121,2.43
11,40001,121,2.68
11,42001,121,2.88
11,44001,121,2.72
11,46001,121,3.01
11,48001,121,3.08
11,50001,121,2.96
11,52001,121,2.63
11,54001,121,2.51
11,56001,121,2.54
11,58001,121,2.18
11,60001,121,2.14
11,62001,121,2.28
11,64001,121,2.03
11,65535,121,2.07
11,1,141,2.15
11,2001,141,2.12
11,4001,141,2.19
11,6001,141,2.31
11,8001,141,2.44
11,10001,141,2.62
11,12001,141,2.45
11,14001,141,2.45
11,16001,141,2.31
11,18001,141,2.08
11,20001,141,2.06
11,22001,141,2.02
11,24001,141,1.95
11,26001,141,2.01
11,28001,141,2.1
11,30001,141,2.15
11,32001,141,2.06
11,34001,141,2.23
11,36001,141,2.37
11,38001,141,2.45
11,40001,141,2.66
11,42001,141,2.62
11,44001,141,2.44
11,46001,141,2.77
11,48001,141,2.86
11,50001,141,2.89
11,52001,141,2.68
11,54001,141,2.55
11,56001,141,2.31
11,58001,141,2.21
11,60001,141,2.15
11,62001,141,2.08
11,64001,141,2.01
11,65535,141,1.98
11,1,161,1.87
11,2001,161,2.09
11,4001,161,2.22
11,6001,161,2.23
11,8001,161,2.32
11,10001,161,2.57
11,12001,161,2.53
11,14001,161,2.36
11,16001,161,2.24
11,18001,161,2.04
11,20001,161,2.0
11,22001,161,1.98
11,24001,161,2.0
11,26001,161,1.98
11,28001,161,2.23
11,30001,161,2.02
11,32001,161,2.16
11,34001,161,2.12
11,36001,161,2.28
11,38001,161,2.44
11,40001,161,2.63
11,42001,161,2.38
11,44001,161,2.21
11,46001,161,2.3
11,48001,161,2.73
11,50001,161,2.97
11,52001,161,2.54
11,54001,161,2.31
11,56001,161,2.32
11,58001,161,2.1
11,60001,161,2.08
11,62001,161,2.1
11,64001,161,2.01
11,65535,161,2.04
11,1,181,2.0
11,2001,181,2.08
11,4001,181,2.11
11,6001,181,2.12
11,8001,181,2.33
11,10001,181,2.52
11,12001,181,2.47
11,14001,181,2.44
11,16001,181,2.19
11,18001,181,2.18
11,20001,181,2.16
11,22001,181,2.01
11,24001,181,1.96
11,26001,181,1.92
11,28001,181,1.98
11,30001,181,2.04
11,32001,181,2.06
11,34001,181,2.15
11,36001,181,2.38
11,38001,181,2.54
11,40001,181,2.44
11,42001,181,2.21
11,44001,181,2.24
11,46001,181,2.26
11,48001,181,2.48
11,50001,181,2.77
11,52001,181,2.63
11,54001,181,2.35
11,56001,181,2.17
11,58001,181,2.05
11,60001,181,2.07
11,62001,181,2.0
11,64001,181,1.98
11,65535,181,1.98
11,1,201,2.01
11,2001,201,1.92
11,4001,201,2.06
11,6001,201,2.18
11,8001,201,2.36
11,10001,201,2.54
11,12001,201,2.48
11,14001,201,2.35
11,16001,201,2.15
11,18001,201,2.08
11,20001,201,2.0
11,22001,201,1.93
11,24001,201,2.02
11,26001,201,1.91
11,28001,201,1.95
11,30001,201,1.99
11,32001,201,2.08
11,34001,201,2.26
11,36001,201,2.31
11,38001,201,2.54
11,40001,201,2.18
11,42001,201,2.11
11,44001,201,2.07
11,46001,201,2.09
11,48001,201,2.28
11,50001,201,2.67
11,52001,201,2.52
11,54001,201,2.36
11,56001,201,2.17
11,58001,201,2.04
11,60001,201,2.03
11,62001,201,1.94
11,64001,201,2.02
11,65535,201,1.93
11,1,221,1.86
11,2001,221,1.83
11,4001,221,1.85
11,6001,221,2.18
11,8001,221,2.33
11,10001,221,2.47
11,12001,221,2.48
11,14001,221,2.35
11,16001,221,2.19
11,18001,221,2.04
11,20001,221,1.96
11,22001,221,1.87
11,24001,221,1.9
11,26001,221,2.0
11,28001,221,1.75
11,30001,221,2.02
11,32001,221,2.1
11,34001,221,2.29
11,36001,221,2.53
11,38001,221,2.36
11,40001,221,2.13
11,42001,221,1.99
11,44001,221,1.99
11,46001,221,1.93
11,48001,221,2.13
11,50001,221,2.59
11,52001,221,2.66
11,54001,221,2.21
11,56001,221,2.13
11,58001,221,2.06
11,60001,221,2.05
11,62001,221,1.91
11,64001,221,2.0
11,65535,221,2.04
11,1,241,1.85
11,2001,241,2.0
11,4001,241,2.05
11,6001,241,2.1
11,8001,241,2.35
11,10001,241,2.4
11,12001,241,2.54
11,14001,241,2.48
11,16001,241,2.16
11,18001,241,2.03
11,20001,241,2.03
11,22001,241,1.97
11,24001,241,1.93
11,26001,241,1.99
11,28001,241,1.92
11,30001,241,2.07
11,32001,241,2.24
11,34001,241,2.34
11,36001,241,2.6
11,38001,241,2.31
11,40001,241,2.07
11,42001,241,1.98
11,44001,241,1.94
11,46001,241,2.01
11,48001,241,2.05
11,50001,241,2.38
11,52001,241,2.63
11,54001,241,2.22
11,56001,241,2.06
11,58001,241,2.11
11,60001,241,1.96
11,62001,241,1.98
11,64001,241,1.97
11,65535,241,1.83
11,1,254,2.05
11,2001,254,2.02
11,4001,254,1.95
11,6001,254,2.05
11,8001,254,2.27
11,10001,254,2.43
11,12001,254,2.55
11,14001,254,2.19
11,16001,254,2.1
11,18001,254,1.94
11,20001,254,1.95
11,22001,254,1.96
11,24001,254,1.97
11,26001,254,1.98
11,28001,254,1.84
11,30001,254,1.99
11,32001,254,2.11
11,34001,254,2.34
11,36001,254,2.5
11,38001,254,2.18
11,40001,254,2.08
11,42001,254,1.87
11,44001,254,2.06
11,46001,254,2.01
11,48001,254,2.13
11,50001,254,2.33
11,52001,254,2.6
11,54001,254,2.34
11,56001,254,2.13
11,58001,254,1.95
11,60001,254,1.97
11,62001,254,1.75
11,64001,254,1.93
11,65535,254,2.02
21,1,1,3.12
21,2001,1,3.0
21,4001,1,3.07
21,6001,1,3.05
21,8001,1,3.02
21,10001,1,3.07
21,12001,1,2.96
21,14001,1,2.88
21,16001,1,2.9
21,18001,1,3.05
21,20001,1,3.04
21,22001,1,3.11
21,24001,1,2.94
21,26001,1,3.09
21,28001,1,3.01
21,30001,1,2.91
21,32001,1,3.03
21,34001,1,3.02
21,36001,1,2.99
21,38001,1,3.05
21,40001,1,2.88
21,42001,1,2.92
21,44001,1,2.98
21,46001,1,2.95
21,48001,1,3.01
21,50001,1,3.02
21,52001,1,2.96
21,54001,1,2.98
21,56001,1,2.9
21,58001,1,3.01
21,60001,1,3.01
21,62001,1,2.99
21,64001,1,2.97
21,65535,1,2.97
21,1,21,2.98
21,2001,21,3.03
21,4001,21,3.04
21,6001,21,3.03
21,8001,21,3.01
21,10001,21,2.87
21,12001,21,2.9
21,14001,21,2.91
21,16001,21,2.98
21,18001,21,3.0
21,20001,21,2.79
21,22001,21,2.9
21,24001,21,2.85
21,26001,21,2.83
21,28001,21,2.75
21,30001,21,2.87
21,32001,21,2.81
21,34001,21,2.78
21,36001,21,2.77
21,38001,21,2.85
21,40001,21,2.87
21,42001,21,2.87
21,44001,21,2.95
21,46001,21,3.1
21,48001,21,3.04
21,50001,21,3.05
21,52001,21,3.08
21,54001,21,3.15
21,56001,21,3.08
21,58001,21,3.19
21,60001,21,2.94
21,62001,21,3.09
21,64001,21,2.95
21,65535,21,3.08
21,1,41,2.83
21,2001,41,2.86
21,4001,41,2.85
21,6001,41,3.1
21,8001,41,2.92
21,10001,41,2.95
21,12001,41,2.84
21,14001,41,2.7
21,16001,41,2.69
21,18001,41,2.66
21,20001,41,2.58
21,22001,41,2.63
21,24001,41,2.62
21,26001,41,2.51
21,28001,41,2.72
21,30001,41,2.7
21,32001,41,2.64
21,34001,41,2.75
21,36001,41,2.69
21,38001,41,2.68
21,40001,41,2.92
21,42001,41,3.0
21,44001,41,3.06
21,46001,41,2.84
21,48001,41,3.12
21,50001,41,3.2
21,52001,41,3.13
21,54001,41,3.09
21,56001,41,2.99
21,58001,41,3.04
21,60001,41,2.79
21,62001,41,2.8
21,64001,41,2.82
21,65535,41,2.92
21,1,61,2.7
21,2001,61,2.71
21,4001,61,2.83
21,6001,61,2.92
21,8001,61,2.87
21,10001,61,2.95
21,12001,61,2.75
21,14001,61,2.81
21,16001,61,2.61
21,18001,61,2.52
21,20001,61,2.54
21,22001,61,2.65
21,24001,61,2.57
21,26001,61,2.51
21,28001,61,2.59
21,30001,61,2.65
21,32001,61,2.44
21,34001,61,2.47
21,36001,61,2.67
21,38001,61,2.67
21,40001,61,2.9
21,42001,61,2.94
21,44001,61,3.1
21,46001,61,3.16
21,48001,61,3.21
21,50001,61,3.16
21,52001,61,2.96
21,54001,61,2.88
21,56001,61,2.85
21,58001,61,2.82
21,60001,61,2.72
21,62001,61,2.78
21,64001,61,2.59
21,65535,61,2.63
21,1,81,2.48
21,2001,81,2.56
21,4001,81,2.63
21,6001,81,2.71
21,8001,81,2.71
21,10001,81,2.84
21,12001,81,2.59
21,14001,81,2.62
21,16001,81,2.63
21,18001,81,2.58
21,20001,81,2.44
21,22001,81,2.52
21,24001,81,2.43
21,26001,81,2.46
21,28001,81,2.39
21,30001,81,2.4
21,32001,81,2.48
21,34001,81,2.57
21,36001,81,2.6
21,38001,81,2.65
21,40001,81,3.05
21,42001,81,2.91
21,44001,81,3.25
21,46001,81,3.37
21,48001,81,3.29
21,50001,81,3.24
21,52001,81,2.9
21,54001,81,2.83
21,56001,81,2.73
21,58001,81,2.62
21,60001,81,2.54
21,62001,81,2.44
21,64001,81,2.51
21,65535,81,2.46
21,1,101,2.33
21,2001,101,2.36
21,4001,101,2.59
21,6001,101,2.51
21,8001,101,2.64
21,10001,101,2.73
21,12001,101,2.59
21,14001,101,2.62
21,16001,101,2.49
21,18001,101,2.39
21,20001,101,2.41
21,22001,101,2.43
21,24001,101,2.27
21,26001,101,2.26
21,28001,101,2.25
21,30001,101,2.23
21,32001,101,2.44
21,34001,101,2.45
21,36001,101,2.54
21,38001,101,2.72
21,40001,101,2.89
21,42001,101,3.02
21,44001,101,3.24
21,46001,101,3.42
21,48001,101,3.42
21,50001,101,3.13
21,52001,101,2.9
21,54001,101,2.77
21,56001,101,2.66
21,58001,101,2.52
21,60001,101,2.59
21,62001,101,2.54
21,64001,101,2.42
21,65535,101,2.36
21,1,121,2.17
21,2001,121,2.27
21,4001,121,2.31
21,6001,121,2.44
21,8001,121,2.73
21,10001,121,2.85
21,12001,121,2.76
21,14001,121,2.51
21,16001,121,2.52
21,18001,121,2.35
21,20001,121,2.42
21,22001,121,2.29
21,24001,121,2.18
21,26001,121,2.12
21,28001,121,2.35
21,30001,121,2.46
21,32001,121,2.36
21,34001,121,2.43
21,36001,121,2.46
21,38001,121,2.57
21,40001,121,2.86
21,42001,121,3.1
21,44001,121,2.89
21,46001,121,3.12
21,48001,121,3.52
21,50001,121,3.13
21,52001,121,2.75
21,54001,121,2.6
21,56001,121,2.61
21,58001,121,2.53
21,60001,121,2.34
21,62001,121,2.27
21,64001,121,2.18
21,65535,121,2.18
21,1,141,2.13
21,2001,141,2.23
21,4001,141,2.41
21,6001,141,2.5
21,8001,141,2.67
21,10001,141,2.64
21,12001,141,2.74
21,14001,141,2.59
21,16001,141,2.49
21,18001,141,2.28
21,20001,141,2.27
21,22001,141,2.11
21,24001,141,2.07
21,26001,141,2.09
21,28001,141,2.14
21,30001,141,2.21
21,32001,141,2.17
21,34001,141,2.29
21,36001,141,2.47
21,38001,141,2.55
21,40001,141,2.76
21,42001,141,2.97
21,44001,141,2.55
21,46001,141,2.81
21,48001,141,3.08
21,50001,141,3.18
21,52001,141,2.73
21,54001,141,2.57
21,56001,141,2.38
21,58001,141,2.34
21,60001,141,2.28
21,62001,141,2.17
21,64001,141,2.17
21,65535,141,2.14
21,1,161,2.13
21,2001,161,2.06
21,4001,161,2.22
21,6001,161,2.49
21,8001,161,2.53
21,10001,161,2.77
21,12001,161,2.73
21,14001,161,2.41
21,16001,161,2.47
21,18001,161,2.31
21,20001,161,2.19
21,22001,161,2.1
21,24001,161,2.04
21,26001,161,2.16
21,28001,161,2.23
21,30001,161,2.26
21,32001,161,2.27
21,34001,161,2.27
21,36001,161,2.38
21,38001,161,2.66
21,40001,161,2.75
21,42001,161,2.57
21,44001,161,2.38
21,46001,161,2.68
21,48001,161,2.96
21,50001,161,3.18
21,52001,161,2.8
21,54001,161,2.49
21,56001,161,2.44
21,58001,161,2.25
21,60001,161,2.21
21,62001,161,2.14
21,64001,161,2.14
21,65535,161,2.07
21,1,181,2.06
21,2001,181,2.14
21,4001,181,2.15
21,6001,181,2.34
21,8001,181,2.47
21,10001,181,2.76
21,12001,181,2.86
21,14001,181,2.62
21,16001,181,2.33
21,18001,181,2.27
21,20001,181,2.06
21,22001,181,2.14
21,24001,181,2.06
21,26001,181,1.96
21,28001,181,2.09
21,30001,181,1.99
21,32001,181,2.18
21,34001,181,2.38
21,36001,181,2.52
21,38001,181,2.63
21,40001,181,2.66
21,42001,181,2.43
21,44001,181,2.23
21,46001,181,2.45
21,48001,181,2.61
21,50001,181,2.93
21,52001,181,2.74
21,54001,181,2.47
21,56001,181,2.38
21,58001,181,2.17
21,60001,181,2.27
21,62001,181,2.1
21,64001,181,1.98
21,65535,181,2.13
21,1,201,2.05
21,2001,201,1.97
21,4001,201,2.15
21,6001,201,2.34
21,8001,201,2.48
21,10001,201,2.63
21,12001,201,2.75
21,14001,201,2.56
21,16001,201,2.4
21,18001,201,2.19
21,20001,201,2.02
21,22001,201,2.13
21,24001,201,1.92
21,26001,201,2.06
21,28001,201,2.19
21,30001,201,2.15
21,32001,201,2.21
21,34001,201,2.45
21,36001,201,2.56
21,38001,201,2.77
21,40001,201,2.47
21,42001,201,2.25
21,44001,201,2.25
21,46001,201,2.27
21,48001,201,2.42
21,50001,201,2.79
21,52001,201,2.79
21,54001,201,2.43
21,56001,201,2.27
21,58001,201,2.14
21,60001,201,2.07
21,62001,201,2.08
21,64001,201,2.11
21,65535,201,2.03
21,1,221,1.98
21,2001,221,2.13
21,4001,221,2.08
21,6001,221,2.25
21,8001,221,2.46
21,10001,221,2.59
21,12001,221,2.6
21,14001,221,2.5
21,16001,221,2.27
21,18001,221,2.22
21,20001,221,2.07
21,22001,221,2.08
21,24001,221,2.05
21,26001,221,2.09
21,28001,221,2.02
21,30001,221,2.11
21,32001,221,2.27
21,34001,221,2.48
21,36001,221,2.56
21,38001,221,2.54
21,40001,221,2.21
21,42001,221,2.0
21,44001,221,2.13
21,46001,221,2.16
21,48001,221,2.23
21,50001,221,2.56
21,52001,221,2.77
21,54001,221,2.45
21,56001,221,2.38
21,58001,221,2.31
21,60001,221,2.04
21,62001,221,2.13
21,64001,221,2.11
21,65535,221,2.08
21,1,241,2.05
21,2001,241,2.08
21,4001,241,2.03
21,6001,241,2.17
21,8001,241,2.39
21,10001,241,2.77
21,12001,241,2.65
21,14001,241,2.52
21,16001,241,2.17
21,18001,241,2.14
21,20001,241,2.03
21,22001,241,2.09
21,24001,241,2.01
21,26001,241,2.06
21,28001,241,2.09
21,30001,241,2.12
21,32001,241,2.38
21,34001,241,2.44
21,36001,241,2.77
21,38001,241,2.48
21,40001,241,2.19
21,42001,241,2.07
21,44001,241,2.08
21,46001,241,2.03
21,48001,241,2.16
21,50001,241,2.46
21,52001,241,2.75
21,54001,241,2.51
21,56001,241,2.35
21,58001,241,2.22
21,60001,241,2.12
21,62001,241,2.06
21,64001,241,2.0
21,65535,241,2.19
21,1,254,2.18
21,2001,254,2.1
21,4001,254,2.15
21,6001,254,2.16
21,8001,254,2.32
21,10001,254,2.77
21,12001,254,2.57
21,14001,254,2.44
21,16001,254,2.23
21,18001,254,2.1
21,20001,254,2.08
21,22001,254,2.06
21,24001,254,1.99
21,26001,254,1.92
21,28001,254,2.02
21,30001,254,2.09
21,32001,254,2.27
21,34001,254,2.47
21,36001,254,2.78
21,38001,254,2.36
21,40001,254,2.1
21,42001,254,2.13
21,44001,254,2.02
21,46001,254,2.12
21,48001,254,2.14
21,50001,254,2.44
21,52001,254,2.88
21,54001,254,2.52
21,56001,254,2.3
21,58001,254,2.21
21,60001,254,2.09
21,62001,254,2.08
21,64001,254,2.0
21,65535,254,2.1
31,1,1,3.15
31,2001,1,3.25
31,4001,1,3.18
31,6001,1,3.07
31,8001,1,3.35
31,10001,1,3.15
31,12001,1,3.1
31,14001,1,3.12
31,16001,1,3.2
31,18001,1,3.27
31,20001,1,3.06
31,22001,1,3.21
31,24001,1,3.25
31,26001,1,3.3
31,28001,1,3.41
31,30001,1,3.29
31,32001,1,3.29
31,34001,1,3.15
31,36001,1,3.29
31,38001,1,3.27
31,40001,1,3.1
31,42001,1,3.17
31,44001,1,3.12
31,46001,1,3.13
31,48001,1,3.17
31,50001,1,3.26
31,52001,1,3.25
31,54001,1,3.21
31,56001,1,3.22
31,58001,1,3.1
31,60001,1,3.21
31,62001,1,3.17
31,64001,1,3.14
31,65535,1,3.24
31,1,21,3.23
31,2001,21,3.38
31,4001,21,3.24
31,6001,21,3.21
31,8001,21,3.1
31,10001,21,3.23
31,12001,21,3.07
31,14001,21,3.12
31,16001,21,3.01
31,18001,21,2.98
31,20001,21,3.03
31,22001,21,3.02
31,24001,21,2.92
31,26001,21,3.02
31,28001,21,2.88
31,30001,21,2.97
31,32001,21,2.89
31,34001,21,2.95
31,36001,21,3.02
31,38001,21,3.06
31,40001,21,3.26
31,42001,21,3.18
31,44001,21,3.26
31,46001,21,3.19
31,48001,21,3.32
31,50001,21,3.45
31,52001,21,3.04
31,54001,21,3.42
31,56001,21,3.32
31,58001,21,3.21
31,60001,21,3.22
31,62001,21,3.39
31,64001,21,3.28
31,65535,21,3.18
31,1,41,2.96
31,2001,41,3.02
31,4001,41,3.03
31,6001,41,3.15
31,8001,41,3.28
31,10001,41,3.28
31,12001,41,3.19
31,14001,41,3.04
31,16001,41,2.92
31,18001,41,2.96
31,20001,41,2.93
31,22001,41,2.79
31,24001,41,2.7
31,26001,41,2.97
31,28001,41,2.85
31,30001,41,2.89
31,32001,41,2.77
31,34001,41,2.83
31,36001,41,2.9
31,38001,41,3.03
31,40001,41,3.07
31,42001,41,3.17
31,44001,41,3.25
31,46001,41,3.36
31,48001,41,3.35
31,50001,41,3.34
31,52001,41,3.3
31,54001,41,3.29
31,56001,41,3.13
31,58001,41,3.1
31,60001,41,3.06
31,62001,41,3.04
31,64001,41,3.02
31,65535,41,3.01
31,1,61,2.74
31,2001,61,2.98
31,4001,61,2.83
31,6001,61,3.03
31,8001,61,3.2
31,10001,61,3.1
31,12001,61,2.96
31,14001,61,2.91
31,16001,61,3.01
31,18001,61,2.74
31,20001,61,2.77
31,22001,61,2.87
31,24001,61,2.76
31,26001,61,2.84
31,28001,61,2.69
31,30001,61,2.69
31,32001,61,2.63
31,34001,61,2.81
31,36001,61,2.74
31,38001,61,3.02
31,40001,61,3.04
31,42001,61,3.08
31,44001,61,3.33
31,46001,61,3.42
31,48001,61,3.6
31,50001,61,3.42
31,52001,61,3.29
31,54001,61,3.3
31,56001,61,3.12
31,58001,61,3.19
31,60001,61,2.97
31,62001,61,2.89
31,64001,61,2.96
31,65535,61,2.82
31,1,81,2.6
31,2001,81,2.78
31,4001,81,2.81
31,6001,81,2.81
31,8001,81,3.02
31,10001,81,3.19
31,12001,81,2.93
31,14001,81,2.91
31,16001,81,2.83
31,18001,81,2.76
31,20001,81,2.6
31,22001,81,2.59
31,24001,81,2.52
31,26001,81,2.5
31,28001,81,2.57
31,30001,81,2.47
31,32001,81,2.52
31,34001,81,2.54
31,36001,81,2.76
31,38001,81,2.9
31,40001,81,3.17
31,42001,81,3.22
31,44001,81,3.47
31,46001,81,3.45
31,48001,81,3.71
31,50001,81,3.42
31,52001,81,3.12
31,54001,81,3.06
31,56001,81,2.86
31,58001,81,2.82
31,60001,81,2.73
31,62001,81,2.71
31,64001,81,2.72
31,65535,81,2.67
31,1,101,2.5
31,2001,101,2.51
31,4001,101,2.75
31,6001,101,2.9
31,8001,101,2.94
31,10001,101,2.95
31,12001,101,2.91
31,14001,101,2.85
31,16001,101,2.79
31,18001,101,2.57
31,20001,101,2.59
31,22001,101,2.34
31,24001,101,2.47
31,26001,101,2.49
31,28001,101,2.65
31,30001,101,2.6
31,32001,101,2.5
31,34001,101,2.82
31,36001,101,2.9
31,38001,101,2.79
31,40001,101,3.18
31,42001,101,3.07
31,44001,101,3.56
31,46001,101,3.64
31,48001,101,3.74
31,50001,101,3.34
31,52001,101,3.19
31,54001,101,2.79
31,56001,101,2.88
31,58001,101,2.81
31,60001,101,2.56
31,62001,101,2.53
31,64001,101,2.51
31,65535,101,2.62
31,1,121,2.47
31,2001,121,2.53
31,4001,121,2.49
31,6001,121,2.6
31,8001,121,2.92
31,10001,121,3.07
31,12001,121,2.93
31,14001,121,2.71
31,16001,121,2.58
31,18001,121,2.54
31,20001,121,2.48
31,22001,121,2.42
31,24001,121,2.23
31,26001,121,2.28
31,28001,121,2.45
31,30001,121,2.36
31,32001,121,2.55
31,34001,121,2.61
31,36001,121,2.76
31,38001,121,2.88
31,40001,121,3.03
31,42001,121,3.28
31,44001,121,3.18
31,46001,121,3.43
31,48001,121,3.8
31,50001,121,3.48
31,52001,121,3.11
31,54001,121,2.94
31,56001,121,2.67
31,58001,121,2.7
31,60001,121,2.56
31,62001,121,2.42
31,64001,121,2.28
31,65535,121,2.39
31,1,141,2.26
31,2001,141,2.28
31,4001,141,2.53
31,6001,141,2.7
31,8001,141,2.77
31,10001,141,2.92
31,12001,141,2.98
31,14001,141,2.72
31,16001,141,2.42
31,18001,141,2.51
31,20001,141,2.3
31,22001,141,2.27
31,24001,141,2.25
31,26001,141,2.27
31,28001,141,2.49
31,30001,141,2.37
31,32001,141,2.43
31,34001,141,2.46
31,36001,141,2.65
31,38001,141,2.86
31,40001,141,3.02
31,42001,141,3.08
31,44001,141,2.77
31,46001,141,2.95
31,48001,141,3.29
31,50001,141,3.47
31,52001,141,3.12
31,54001,141,2.75
31,56001,141,2.67
31,58001,141,2.49
31,60001,141,2.39
31,62001,141,2.32
31,64001,141,2.25
31,65535,141,2.32
31,1,161,2.13
31,2001,161,2.33
31,4001,161,2.37
31,6001,161,2.49
31,8001,161,2.76
31,10001,161,2.87
31,12001,161,2.93
31,14001,161,2.69
31,16001,161,2.63
31,18001,161,2.4
31,20001,161,2.34
31,22001,161,2.22
31,24001,161,2.16
31,26001,161,2.19
31,28001,161,2.31
31,30001,161,2.34
31,32001,161,2.36
31,34001,161,2.48
31,36001,161,2.63
31,38001,161,2.84
31,40001,161,3.0
31,42001,161,2.78
31,44001,161,2.62
31,46001,161,2.75
31,48001,161,3.09
31,50001,161,3.27
31,52001,161,2.97
31,54001,161,2.7
31,56001,161,2.6
31,58001,161,2.45
31,60001,161,2.37
31,62001,161,2.22
31,64001,161,2.1
31,65535,161,2.17
31,1,181,2.14
31,2001,181,2.17
31,4001,181,2.41
31,6001,181,2.42
31,8001,181,2.77
31,10001,181,2.88
31,12001,181,2.79
31,14001,181,2.69
31,16001,181,2.5
31,18001,181,2.34
31,20001,181,2.27
31,22001,181,2.13
31,24001,181,2.21
31,26001,181,2.21
31,28001,181,2.23
31,30001,181,2.34
31,32001,181,2.39
31,34001,181,2.6
31,36001,181,2.71
31,38001,181,2.77
31,40001,181,2.76
31,42001,181,2.6
31,44001,181,2.45
31,46001,181,2.58
31,48001,181,2.81
31,50001,181,3.24
31,52001,181,2.94
31,54001,181,2.7
31,56001,181,2.53
31,58001,181,2.41
31,60001,181,2.37
31,62001,181,2.33
31,64001,181,2.19
31,65535,181,2.31
31,1,201,2.13
31,2001,201,2.15
31,4001,201,2.38
31,6001,201,2.43
31,8001,201,2.58
31,10001,201,2.91
31,12001,201,2.89
31,14001,201,2.68
31,16001,201,2.37
31,18001,201,2.34
31,20001,201,2.28
31,22001,201,2.28
31,24001,201,2.11
31,26001,201,2.18
31,28001,201,2.14
31,30001,201,2.5
31,32001,201,2.27
31,34001,201,2.42
31,36001,201,2.75
31,38001,201,2.92
31,40001,201,2.72
31,42001,201,2.36
31,44001,201,2.21
31,46001,201,2.35
31,48001,201,2.74
31,50001,201,2.79
31,52001,201,3.02
31,54001,201,2.83
31,56001,201,2.55
31,58001,201,2.21
31,60001,201,2.27
31,62001,201,2.25
31,64001,201,2.15
31,65535,201,2.15
31,1,221,2.17
31,2001,221,2.18
31,4001,221,2.25
31,6001,221,2.41
31,8001,221,2.66
31,10001,221,2.94
31,12001,221,2.74
31,14001,221,2.63
31,16001,221,2.41
31,18001,221,2.37
31,20001,221,2.16
31,22001,221,2.15
31,24001,221,2.18
31,26001,221,2.13
31,28001,221,2.13
31,30001,221,2.23
31,32001,221,2.31
31,34001,221,2.46
31,36001,221,2.81
31,38001,221,2.64
31,40001,221,2.43
31,42001,221,2.4
31,44001,221,2.23
31,46001,221,2.35
31,48001,221,2.43
31,50001,221,2.74
31,52001,221,2.91
31,54001,221,2.66
31,56001,221,2.33
31,58001,221,2.31
31,60001,221,2.22
31,62001,221,2.23
31,64001,221,2.2
31,65535,221,2.19
31,1,241,2.19
31,2001,241,2.19
31,4001,241,2.22
31,6001,241,2.42
31,8001,241,2.57
31,10001,241,2.84
31,12001,241,2.84
31,14001,241,2.56
31,16001,241,2.3
31,18001,241,2.28
31,20001,241,2.15
31,22001,241,2.23
31,24001,241,2.06
31,26001,241,2.07
31,28001,241,2.15
31,30001,241,2.23
31,32001,241,2.35
31,34001,241,2.68
31,36001,241,2.94
31,38001,241,2.46
31,40001,241,2.15
31,42001,241,2.29
31,44001,241,2.24
31,46001,241,2.06
31,48001,241,2.26
31,50001,241,2.76
31,52001,241,3.1
31,54001,241,2.57
31,56001,241,2.39
31,58001,241,2.21
31,60001,241,2.1
31,62001,241,2.12
31,64001,241,2.1
31,65535,241,2.14
31,1,254,2.23
31,2001,254,2.13
31,4001,254,2.19
31,6001,254,2.35
31,8001,254,2.47
31,10001,254,2.83
31,12001,254,2.72
31,14001,254,2.55
31,16001,254,2.31
31,18001,254,2.11
31,20001,254,2.12
31,22001,254,2.16
31,24001,254,2.12
31,26001,254,2.18
31,28001,254,2.13
31,30001,254,2.36
31,32001,254,2.3
31,34001,254,2.54
31,36001,254,2.97
31,38001,254,2.6
31,40001,254,2.21
31,42001,254,2.23
31,44001,254,2.1
31,46001,254,2.1
31,48001,254,2.27
31,50001,254,2.64
31,52001,254,3.04
31,54001,254,2.66
31,56001,254,2.48
31,58001,254,2.29
31,60001,254,2.1
31,62001,254,2.1
31,64001,254,2.15
31,65535,254,2.2
41,1,1,3.42
41,2001,1,3.51
41,4001,1,3.43
41,6001,1,3.44
41,8001,1,3.3
41,10001,1,3.42
41,12001,1,3.32
41,14001,1,3.42
41,16001,1,3.33
41,18001,1,3.39
41,20001,1,3.34
41,22001,1,3.35
41,24001,1,3.43
41,26001,1,3.37
41,28001,1,3.35
41,30001,1,3.46
41,32001,1,3.46
41,34001,1,3.6
41,36001,1,3.32
41,38001,1,3.46
41,40001,1,3.48
41,42001,1,3.4
41,44001,1,3.32
41,46001,1,3.41
41,48001,1,3.42
41,50001,1,3.4
41,52001,1,3.38
41,54001,1,3.47
41,56001,1,3.46
41,58001,1,3.38
41,60001,1,3.42
41,62001,1,3.38
41,64001,1,3.42
41,65535,1,3.37
41,1,21,3.46
41,2001,21,3.52
41,4001,21,3.44
41,6001,21,3.38
41,8001,21,3.39
41,10001,21,3.36
41,12001,21,3.36
41,14001,21,3.23
41,16001,21,3.31
41,18001,21,3.25
41,20001,21,3.28
41,22001,21,3.39
41,24001,21,3.09
41,26001,21,3.22
41,28001,21,3.18
41,30001,21,3.18
41,32001,21,3.29
41,34001,21,3.29
41,36001,21,3.35
41,38001,21,3.34
41,40001,21,3.51
41,42001,21,3.44
41,44001,21,3.4
41,46001,21,3.49
41,48001,21,3.58
41,50001,21,3.51
41,52001,21,3.64
41,54001,21,3.64
41,56001,21,3.51
41,58001,21,3.44
41,60001,21,3.64
41,62001,21,3.44
41,64001,21,3.54
41,65535,21,3.43
41,1,41,3.2
41,2001,41,3.16
41,4001,41,3.45
41,6001,41,3.29
41,8001,41,3.45
41,10001,41,3.21
41,12001,41,3.35
41,14001,41,3.17
41,16001,41,3.15
41,18001,41,2.99
41,20001,41,3.09
41,22001,41,2.98
41,24001,41,3.0
41,26001,41,3.02
41,28001,41,3.04
41,30001,41,3.08
41,32001,41,2.85
41,34001,41,3.15
41,36001,41,3.21
41,38001,41,3.22
41,40001,41,3.37
41,42001,41,3.33
41,44001,41,3.53
41,46001,41,3.51
41,48001,41,3.56
41,50001,41,3.61
41,52001,41,3.54
41,54001,41,3.5
41,56001,41,3.43
41,58001,41,3.38
41,60001,41,3.34
41,62001,41,3.3
41,64001,41,3.25
41,65535,41,3.12
41,1,61,3.02
41,2001,61,3.05
41,4001,61,3.04
41,6001,61,3.21
41,8001,61,3.37
41,10001,61,3.18
41,12001,61,3.15
41,14001,61,3.15
41,16001,61,3.05
41,18001,61,3.17
41,20001,61,2.98
41,22001,61,2.92
41,24001,61,2.84
41,26001,61,2.98
41,28001,61,2.98
41,30001,61,2.84
41,32001,61,2.98
41,34001,61,3.16
41,36001,61,3.05
41,38001,61,3.09
41,40001,61,3.26
41,42001,61,3.38
41,44001,61,3.5
41,46001,61,3.66
41,48001,61,3.73
41,50001,61,3.62
41,52001,61,3.43
41,54001,61,3.26
41,56001,61,3.23
41,58001,61,3.21
41,60001,61,3.18
41,62001,61,3.04
41,64001,61,3.08
41,65535,61,3.0
41,1,81,2.73
41,2001,81,2.77
41,4001,81,2.86
41,6001,81,3.1
41,8001,81,3.22
41,10001,81,3.35
41,12001,81,3.13
41,14001,81,3.18
41,16001,81,3.17
41,18001,81,2.93
41,20001,81,2.74
41,22001,81,2.67
41,24001,81,2.65
41,26001,81,2.74
41,28001,81,2.79
41,30001,81,2.79
41,32001,81,2.88
41,34001,81,2.85
41,36001,81,2.91
41,38001,81,3.0
41,40001,81,3.07
41,42001,81,3.35
41,44001,81,3.61
41,46001,81,3.66
41,48001,81,3.8
41,50001,81,3.71
41,52001,81,3.37
41,54001,81,3.27
41,56001,81,3.09
41,58001,81,2.92
41,60001,81,2.95
41,62001,81,2.96
41,64001,81,2.8
41,65535,81,2.82
41,1,101,2.54
41,2001,101,2.78
41,4001,101,2.85
41,6001,101,2.96
41,8001,101,2.99
41,10001,101,3.13
41,12001,101,3.23
41,14001,101,3.1
41,16001,101,2.97
41,18001,101,2.76
41,20001,101,2.66
41,22001,101,2.56
41,24001,101,2.51
41,26001,101,2.65
41,28001,101,2.54
41,30001,101,2.63
41,32001,101,2.71
41,34001,101,2.88
41,36001,101,2.78
41,38001,101,3.17
41,40001,101,3.28
41,42001,101,3.36
41,44001,101,3.72
41,46001,101,3.97
41,48001,101,3.85
41,50001,101,3.5
41,52001,101,3.29
41,54001,101,3.04
41,56001,101,2.88
41,58001,101,2.99
41,60001,101,2.81
41,62001,101,2.79
41,64001,101,2.67
41,65535,101,2.59
41,1,121,2.6
41,2001,121,2.48
41,4001,121,2.72
41,6001,121,2.81
41,8001,121,3.13
41,10001,121,3.09
41,12001,121,3.15
41,14001,121,2.81
41,16001,121,2.85
41,18001,121,2.61
41,20001,121,2.53
41,22001,121,2.31
41,24001,121,2.42
41,26001,121,2.42
41,28001,121,2.54
41,30001,121,2.54
41,32001,121,2.69
41,34001,121,2.75
41,36001,121,2.86
41,38001,121,2.88
41,40001,121,3.2
41,42001,121,3.33
41,44001,121,3.34
41,46001,121,3.47
41,48001,121,3.9
41,50001,121,3.48
41,52001,121,3.22
41,54001,121,3.1
41,56001,121,2.91
41,58001,121,2.7
41,60001,121,2.61
41,62001,121,2.5
41,64001,121,2.6
41,65535,121,2.5
41,1,141,2.41
41,2001,141,2.41
41,4001,141,2.74
41,6001,141,2.84
41,8001,141,3.12
41,10001,141,3.01
41,12001,141,3.17
41,14001,141,2.96
41,16001,141,2.73
41,18001,141,2.54
41,20001,141,2.44
41,22001,141,2.51
41,24001,141,2.27
41,26001,141,2.44
41,28001,141,2.5
41,30001,141,2.38
41,32001,141,2.61
41,34001,141,2.61
41,36001,141,2.76
41,38001,141,3.0
41,40001,141,3.27
41,42001,141,3.17
41,44001,141,2.96
41,46001,141,3.23
41,48001,141,3.51
41,50001,141,3.66
41,52001,141,3.1
41,54001,141,2.99
41,56001,141,2.64
41,58001,141,2.64
41,60001,141,2.56
41,62001,141,2.52
41,64001,141,2.47
41,65535,141,2.42
41,1,161,2.27
41,2001,161,2.3
41,4001,161,2.58
41,6001,161,2.74
41,8001,161,2.87
41,10001,161,2.99
41,12001,161,2.96
41,14001,161,3.1
41,16001,161,2.63
41,18001,161,2.56
41,20001,161,2.48
41,22001,161,2.24
41,24001,161,2.26
41,26001,161,2.39
41,28001,161,2.44
41,30001,161,2.48
41,32001,161,2.56
41,34001,161,2.62
41,36001,161,2.65
41,38001,161,2.92
41,40001,161,3.2
41,42001,161,2.79
41,44001,161,2.76
41,46001,161,2.93
41,48001,161,3.35
41,50001,161,3.64
41,52001,161,3.18
41,54001,161,2.82
41,56001,161,2.61
41,58001,161,2.59
41,60001,161,2.65
41,62001,161,2.35
41,64001,161,2.41
41,65535,161,2.35
41,1,181,2.26
41,2001,181,2.44
41,4001,181,2.49
41,6001,181,2.67
41,8001,181,2.74
41,10001,181,3.06
41,12001,181,2.97
41,14001,181,2.76
41,16001,181,2.62
41,18001,181,2.46
41,20001,181,2.31
41,22001,181,2.33
41,24001,181,2.27
41,26001,181,2.42
41,28001,181,2.28
41,30001,181,2.5
41,32001,181,2.58
41,34001,181,2.58
41,36001,181,2.77
41,38001,181,3.03
41,40001,181,2.96
41,42001,181,2.78
41,44001,181,2.62
41,46001,181,2.71
41,48001,181,3.02
41,50001,181,3.33
41,52001,181,3.18
41,54001,181,2.91
41,56001,181,2.63
41,58001,181,2.44
41,60001,181,2.39
41,62001,181,2.34
41,64001,181,2.17
41,65535,181,2.15
41,1,201,2.3
41,2001,201,2.23
41,4001,201,2.47
41,6001,201,2.58
41,8001,201,2.81
41,10001,201,2.91
41,12001,201,3.01
41,14001,201,2.9
41,16001,201,2.71
41,18001,201,2.45
41,20001,201,2.37
41,22001,201,2.39
41,24001,201,2.27
41,26001,201,2.14
41,28001,201,2.38
41,30001,201,2.37
41,32001,201,2.54
41,34001,201,2.54
41,36001,201,2.96
41,38001,201,3.35
41,40001,201,2.74
41,42001,201,2.44
41,44001,201,2.38
41,46001,201,2.55
41,48001,201,2.71
41,50001,201,3.31
41,52001,201,3.25
41,54001,201,2.9
41,56001,201,2.58
41,58001,201,2.57
41,60001,201,2.33
41,62001,201,2.25
41,64001,201,2.28
41,65535,201,2.3
41,1,221,2.25
41,2001,221,2.22
41,4001,221,2.35
41,6001,221,2.53
41,8001,221,2.81
41,10001,221,3.18
41,12001,221,2.9
41,14001,221,2.72
41,16001,221,2.65
41,18001,221,2.35
41,20001,221,2.45
41,22001,221,2.33
41,24001,221,2.3
41,26001,221,2.23
41,28001,221,2.49
41,30001,221,2.45
41,32001,221,2.59
41,34001,221,2.8
41,36001,221,3.15
41,38001,221,2.81
41,40001,221,2.57
41,42001,221,2.31
41,44001,221,2.27
41,46001,221,2.45
41,48001,221,2.73
41,50001,221,3.08
41,52001,221,3.35
41,54001,221,2.92
41,56001,221,2.51
41,58001,221,2.42
41,60001,221,2.37
41,62001,221,2.3
41,64001,221,2.19
41,65535,221,2.4
41,1,241,2.3
41,2001,241,2.35
41,4001,241,2.31
41,6001,241,2.44
41,8001,241,2.85
41,10001,241,2.97
41,12001,241,3.04
41,14001,241,2.71
41,16001,241,2.54
41,18001,241,2.54
41,20001,241,2.37
41,22001,241,2.3
41,24001,241,2.22
41,26001,241,2.32
41,28001,241,2.3
41,30001,241,2.35
41,32001,241,2.46
41,34001,241,2.65
41,36001,241,3.04
41,38001,241,2.68
41,40001,241,2.42
41,42001,241,2.27
41,44001,241,2.36
41,46001,241,2.27
41,48001,241,2.52
41,50001,241,2.85
41,52001,241,3.2
41,54001,241,2.8
41,56001,241,2.56
41,58001,241,2.47
41,60001,241,2.33
41,62001,241,2.12
41,64001,241,2.34
41,65535,241,2.27
41,1,254,2.26
41,2001,254,2.24
41,4001,254,2.33
41,6001,254,2.51
41,8001,254,2.74
41,10001,254,2.98
41,12001,254,3.05
41,14001,254,2.69
41,16001,254,2.47
41,18001,254,2.41
41,20001,254,2.31
41,22001,254,2.21
41,24001,254,2.23
41,26001,254,2.29
41,28001,254,2.31
41,30001,254,2.33
41,32001,254,2.56
41,34001,254,2.75
41,36001,254,3.0
41,38001,254,2.65
41,40001,254,2.29
41,42001,254,2.35
41,44001,254,2.25
41,46001,254,2.42
41,48001,254,2.41
41,50001,254,2.74
41,52001,254,3.27
41,54001,254,2.79
41,56001,254,2.73
41,58001,254,2.46
41,60001,254,2.22
41,62001,254,2.46
41,64001,254,2.27
41,65535,254,2.34
51,1,1,3.58
51,2001,1,3.69
51,4001,1,3.61
51,6001,1,3.62
51,8001,1,3.6
51,10001,1,3.59
51,12001,1,3.63
51,14001,1,3.72
51,16001,1,3.55
51,18001,1,3.7
51,20001,1,3.57
51,22001,1,3.52
51,24001,1,3.66
51,26001,1,3.7
51,28001,1,3.57
51,30001,1,3.57
51,32001,1,3.6
51,34001,1,3.58
51,36001,1,3.37
51,38001,1,3.73
51,40001,1,3.5
51,42001,1,3.35
51,44001,1,3.55
51,46001,1,3.47
51,48001,1,3.67
51,50001,1,3.44
51,52001,1,3.76
51,54001,1,3.39
51,56001,1,3.56
51,58001,1,3.54
51,60001,1,3.55
51,62001,1,3.63
51,64001,1,3.65
51,65535,1,3.69
51,1,21,3.67
51,2001,21,3.67
51,4001,21,3.64
51,6001,21,3.6
51,8001,21,3.56
51,10001,21,3.57
51,12001,21,3.56
51,14001,21,3.37
51,16001,21,3.57
51,18001,21,3.51
51,20001,21,3.45
51,22001,21,3.42
51,24001,21,3.31
51,26001,21,3.48
51,28001,21,3.33
51,30001,21,3.33
51,32001,21,3.37
51,34001,21,3.51
51,36001,21,3.49
51,38001,21,3.44
51,40001,21,3.56
51,42001,21,3.68
51,44001,21,3.59
51,46001,21,3.69
51,48001,21,3.67
51,50001,21,3.7
51,52001,21,3.74
51,54001,21,3.76
51,56001,21,3.76
51,58001,21,3.73
51,60001,21,3.86
51,62001,21,3.6
51,64001,21,3.69
51,65535,21,3.63
51,1,41,3.2
51,2001,41,3.52
51,4001,41,3.48
51,6001,41,3.66
51,8001,41,3.8
51,10001,41,3.49
51,12001,41,3.49
51,14001,41,3.32
51,16001,41,3.33
51,18001,41,3.42
51,20001,41,3.3
51,22001,41,3.27
51,24001,41,3.05
51,26001,41,3.11
51,28001,41,3.13
51,30001,41,3.31
51,32001,41,3.13
51,34001,41,3.2
51,36001,41,3.49
51,38001,41,3.36
51,40001,41,3.62
51,42001,41,3.58
51,44001,41,3.66
51,46001,41,3.78
51,48001,41,3.72
51,50001,41,3.84
51,52001,41,3.67
51,54001,41,3.67
51,56001,41,3.64
51,58001,41,3.46
51,60001,41,3.38
51,62001,41,3.33
51,64001,41,3.43
51,65535,41,3.33
51,1,61,3.24
51,2001,61,3.21
51,4001,61,3.35
51,6001,61,3.48
51,8001,61,3.45
51,10001,61,3.49
51,12001,61,3.31
51,14001,61,3.33
51,16001,61,3.22
51,18001,61,3.15
51,20001,61,3.05
51,22001,61,3.11
51,24001,61,3.06
51,26001,61,3.04
51,28001,61,3.11
51,30001,61,3.16
51,32001,61,3.07
51,34001,61,3.27
51,36001,61,3.19
51,38001,61,3.27
51,40001,61,3.61
51,42001,61,3.51
51,44001,61,3.75
51,46001,61,3.9
51,48001,61,4.04
51,50001,61,3.84
51,52001,61,3.74
51,54001,61,3.47
51,56001,61,3.5
51,58001,61,3.42
51,60001,61,3.32
51,62001,61,3.17
51,64001,61,3.26
51,65535,61,3.19
51,1,81,2.94
51,2001,81,3.03
51,4001,81,3.13
51,6001,81,3.31
51,8001,81,3.4
51,10001,81,3.58
51,12001,81,3.31
51,14001,81,3.25
51,16001,81,3.18
51,18001,81,3.0
51,20001,81,2.96
51,22001,81,2.97
51,24001,81,2.89
51,26001,81,2.85
51,28001,81,2.86
51,30001,81,2.92
51,32001,81,2.96
51,34001,81,3.02
51,36001,81,3.04
51,38001,81,3.16
51,40001,81,3.42
51,42001,81,3.58
51,44001,81,3.89
51,46001,81,4.05
51,48001,81,4.14
51,50001,81,3.81
51,52001,81,3.62
51,54001,81,3.48
51,56001,81,3.32
51,58001,81,3.3
51,60001,81,3.18
51,62001,81,3.09
51,64001,81,2.99
51,65535,81,3.04
51,1,101,3.03
51,2001,101,2.86
51,4001,101,3.02
51,6001,101,3.07
51,8001,101,3.28
51,10001,101,3.46
51,12001,101,3.15
51,14001,101,3.2
51,16001,101,3.03
51,18001,101,2.69
51,20001,101,2.84
51,22001,101,2.68
51,24001,101,2.95
51,26001,101,2.65
51,28001,101,2.79
51,30001,101,2.83
51,32001,101,2.94
51,34001,101,3.06
51,36001,101,3.03
51,38001,101,3.27
51,40001,101,3.38
51,42001,101,3.69
51,44001,101,3.96
51,46001,101,4.37
51,48001,101,4.17
51,50001,101,3.77
51,52001,101,3.52
51,54001,101,3.27
51,56001,101,3.19
51,58001,101,3.18
51,60001,101,2.99
51,62001,101,2.83
51,64001,101,2.83
51,65535,101,2.89
51,1,121,2.61
51,2001,121,2.74
51,4001,121,2.86
51,6001,121,2.91
51,8001,121,3.23
51,10001,121,3.34
51,12001,121,3.3
51,14001,121,3.09
51,16001,121,2.94
51,18001,121,2.89
51,20001,121,2.68
51,22001,121,2.52
51,24001,121,2.71
51,26001,121,2.59
51,28001,121,2.73
51,30001,121,2.62
51,32001,121,2.84
51,34001,121,2.78
51,36001,121,3.02
51,38001,121,3.11
51,40001,121,3.45
51,42001,121,3.92
51,44001,121,3.47
51,46001,121,3.88
51,48001,121,4.21
51,50001,121,3.81
51,52001,121,3.41
51,54001,121,3.14
51,56001,121,2.91
51,58001,121,2.81
51,60001,121,2.98
51,62001,121,2.83
51,64001,121,2.68
51,65535,121,2.66
51,1,141,2.47
51,2001,141,2.57
51,4001,141,2.71
51,6001,141,2.86
51,8001,141,2.98
51,10001,141,3.27
51,12001,141,3.31
51,14001,141,3.06
51,16001,141,2.8
51,18001,141,2.75
51,20001,141,2.62
51,22001,141,2.59
51,24001,141,2.46
51,26001,141,2.54
51,28001,141,2.66
51,30001,141,2.58
51,32001,141,2.76
51,34001,141,2.74
51,36001,141,2.82
51,38001,141,3.2
51,40001,141,3.32
51,42001,141,3.4
51,44001,141,3.29
51,46001,141,3.55
51,48001,141,3.87
51,50001,141,3.87
51,52001,141,3.36
51,54001,141,3.17
51,56001,141,2.95
51,58001,141,2.75
51,60001,141,2.73
51,62001,141,2.51
51,64001,141,2.6
51,65535,141,2.52
51,1,161,2.49
51,2001,161,2.55
51,4001,161,2.56
51,6001,161,2.81
51,8001,161,3.0
51,10001,161,3.39
51,12001,161,3.17
51,14001,161,3.1
51,16001,161,2.82
51,18001,161,2.74
51,20001,161,2.46
51,22001,161,2.48
51,24001,161,2.4
51,26001,161,2.46
51,28001,161,2.66
51,30001,161,2.5
51,32001,161,2.61
51,34001,161,2.79
51,36001,161,2.93
51,38001,161,3.17
51,40001,161,3.31
51,42001,161,3.08
51,44001,161,2.84
51,46001,161,2.99
51,48001,161,3.4
51,50001,161,3.88
51,52001,161,3.27
51,54001,161,2.96
51,56001,161,2.83
51,58001,161,2.71
51,60001,161,2.64
51,62001,161,2.54
51,64001,161,2.41
51,65535,161,2.44
51,1,181,2.45
51,2001,181,2.43
51,4001,181,2.62
51,6001,181,2.81
51,8001,181,3.06
51,10001,181,3.41
51,12001,181,3.24
51,14001,181,2.9
51,16001,181,2.79
51,18001,181,2.61
51,20001,181,2.42
51,22001,181,2.35
51,24001,181,2.43
51,26001,181,2.37
51,28001,181,2.61
51,30001,181,2.47
51,32001,181,2.69
51,34001,181,2.82
51,36001,181,3.03
51,38001,181,3.19
51,40001,181,3.17
51,42001,181,2.85
51,44001,181,2.71
51,46001,181,2.88
51,48001,181,3.19
51,50001,181,3.55
51,52001,181,3.41
51,54001,181,2.93
51,56001,181,2.81
51,58001,181,2.62
51,60001,181,2.54
51,62001,181,2.44
51,64001,181,2.41
51,65535,181,2.42
51,1,201,2.31
51,2001,201,2.34
51,4001,201,2.56
51,6001,201,2.74
51,8001,201,2.97
51,10001,201,3.27
51,12001,201,3.25
51,14001,201,3.0
51,16001,201,2.71
51,18001,201,2.57
51,20001,201,2.44
51,22001,201,2.35
51,24001,201,2.41
51,26001,201,2.38
51,28001,201,2.47
51,30001,201,2.51
51,32001,201,2.62
51,34001,201,2.88
51,36001,201,2.97
51,38001,201,3.18
51,40001,201,2.97
51,42001,201,2.54
51,44001,201,2.51
51,46001,201,2.66
51,48001,201,3.03
51,50001,201,3.5
51,52001,201,3.44
51,54001,201,2.98
51,56001,201,2.75
51,58001,201,2.61
51,60001,201,2.48
51,62001,201,2.37
51,64001,201,2.34
51,65535,201,2.37
51,1,221,2.46
51,2001,221,2.36
51,4001,221,2.56
51,6001,221,2.78
51,8001,221,2.87
51,10001,221,3.14
51,12001,221,3.17
51,14001,221,2.9
51,16001,221,2.66
51,18001,221,2.55
51,20001,221,2.43
51,22001,221,2.35
51,24001,221,2.27
51,26001,221,2.43
51,28001,221,2.43
51,30001,221,2.5
51,32001,221,2.69
51,34001,221,2.82
51,36001,221,3.29
51,38001,221,3.1
51,40001,221,2.68
51,42001,221,2.43
51,44001,221,2.33
51,46001,221,2.59
51,48001,221,2.72
51,50001,221,3.1
51,52001,221,3.34
51,54001,221,2.94
51,56001,221,2.67
51,58001,221,2.56
51,60001,221,2.44
51,62001,221,2.47
51,64001,221,2.4
51,65535,221,2.45
51,1,241,2.32
51,2001,241,2.34
51,4001,241,2.44
51,6001,241,2.53
51,8001,241,2.9
51,10001,241,3.23
51,12001,241,3.08
51,14001,241,2.81
51,16001,241,2.66
51,18001,241,2.45
51,20001,241,2.42
51,22001,241,2.34
51,24001,241,2.42
51,26001,241,2.33
51,28001,241,2.46
51,30001,241,2.56
51,32001,241,2.74
51,34001,241,2.96
51,36001,241,3.35
51,38001,241,2.93
51,40001,241,2.44
51,42001,241,2.38
51,44001,241,2.41
51,46001,241,2.58
51,48001,241,2.64
51,50001,241,3.07
51,52001,241,3.5
51,54001,241,2.89
51,56001,241,2.65
51,58001,241,2.49
51,60001,241,2.4
51,62001,241,2.37
51,64001,241,2.44
51,65535,241,2.41
51,1,254,2.35
51,2001,254,2.41
51,4001,254,2.44
51,6001,254,2.62
51,8001,254,2.78
51,10001,254,3.09
51,12001,254,3.16
51,14001,254,2.9
51,16001,254,2.62
51,18001,254,2.45
51,20001,254,2.35
51,22001,254,2.37
51,24001,254,2.31
51,26001,254,2.41
51,28001,254,2.45
51,30001,254,2.47
51,32001,254,2.62
51,34001,254,3.07
51,36001,254,3.27
51,38001,254,2.91
51,40001,254,2.42
51,42001,254,2.44
51,44001,254,2.29
51,46001,254,2.4
51,48001,254,2.55
51,50001,254,2.96
51,52001,254,3.36
51,54001,254,2.9
51,56001,254,2.75
51,58001,254,2.52
51,60001,254,2.39
51,62001,254,2.35
51,64001,254,2.38
51,65535,254,2.42
61,1,1,3.7
61,2001,1,3.66
61,4001,1,3.71
61,6001,1,3.74
61,8001,1,3.7
61,10001,1,3.73
61,12001,1,3.68
61,14001,1,3.86
61,16001,1,3.75
61,18001,1,3.69
61,20001,1,3.81
61,22001,1,3.72
61,24001,1,3.86
61,26001,1,3.77
61,28001,1,3.73
61,30001,1,3.87
61,32001,1,3.78
61,34001,1,3.78
61,36001,1,3.63
61,38001,1,3.85
61,40001,1,3.78
61,42001,1,3.76
61,44001,1,3.72
61,46001,1,3.82
61,48001,1,3.85
61,50001,1,3.77
61,52001,1,3.84
61,54001,1,3.79
61,56001,1,3.79
61,58001,1,3.81
61,60001,1,3.83
61,62001,1,3.8
61,64001,1,3.75
61,65535,1,3.85
61,1,21,4.03
61,2001,21,3.99
61,4001,21,3.88
61,6001,21,3.7
61,8001,21,3.72
61,10001,21,3.68
61,12001,21,3.59
61,14001,21,3.81
61,16001,21,3.73
61,18001,21,3.67
61,20001,21,3.62
61,22001,21,3.5
61,24001,21,3.44
61,26001,21,3.44
61,28001,21,3.57
61,30001,21,3.59
61,32001,21,3.44
61,34001,21,3.48
61,36001,21,3.48
61,38001,21,3.66
61,40001,21,3.72
61,42001,21,3.62
61,44001,21,3.81
61,46001,21,3.96
61,48001,21,3.86
61,50001,21,3.95
61,52001,21,3.89
61,54001,21,3.97
61,56001,21,3.99
61,58001,21,3.83
61,60001,21,3.92
61,62001,21,3.95
61,64001,21,3.82
61,65535,21,3.8
61,1,41,3.49
61,2001,41,3.46
61,4001,41,3.59
61,6001,41,3.7
61,8001,41,3.75
61,10001,41,3.75
61,12001,41,3.52
61,14001,41,3.51
61,16001,41,3.5
61,18001,41,3.39
61,20001,41,3.49
61,22001,41,3.45
61,24001,41,3.24
61,26001,41,3.34
61,28001,41,3.34
61,30001,41,3.43
61,32001,41,3.45
61,34001,41,3.3
61,36001,41,3.45
61,38001,41,3.64
61,40001,41,3.57
61,42001,41,3.61
61,44001,41,3.9
61,46001,41,3.93
61,48001,41,4.07
61,50001,41,4.08
61,52001,41,3.93
61,54001,41,3.74
61,56001,41,3.74
61,58001,41,3.67
61,60001,41,3.65
61,62001,41,3.73
61,64001,41,3.49
61,65535,41,3.44
61,1,61,3.32
61,2001,61,3.45
61,4001,61,3.58
61,6001,61,3.48
61,8001,61,3.6
61,10001,61,3.57
61,12001,61,3.56
61,14001,61,3.43
61,16001,61,3.37
61,18001,61,3.45
61,20001,61,3.19
61,22001,61,3.27
61,24001,61,3.14
61,26001,61,3.06
61,28001,61,3.21
61,30001,61,3.18
61,32001,61,3.36
61,34001,61,3.16
61,36001,61,3.4
61,38001,61,3.47
61,40001,61,3.58
61,42001,61,3.85
61,44001,61,3.85
61,46001,61,4.08
61,48001,61,4.22
61,50001,61,4.13
61,52001,61,3.88
61,54001,61,3.7
61,56001,61,3.57
61,58001,61,3.49
61,60001,61,3.54
61,62001,61,3.35
61,64001,61,3.31
61,65535,61,3.25
61,1,81,3.12
61,2001,81,3.21
61,4001,81,3.33
61,6001,81,3.47
61,8001,81,3.51
61,10001,81,3.59
61,12001,81,3.49
61,14001,81,3.31
61,16001,81,3.35
61,18001,81,3.27
61,20001,81,3.2
61,22001,81,2.91
61,24001,81,2.99
61,26001,81,2.88
61,28001,81,3.06
61,30001,81,3.03
61,32001,81,3.14
61,34001,81,3.17
61,36001,81,3.26
61,38001,81,3.34
61,40001,81,3.56
61,42001,81,3.71
61,44001,81,4.1
61,46001,81,4.29
61,48001,81,4.22
61,50001,81,3.91
61,52001,81,3.67
61,54001,81,3.57
61,56001,81,3.43
61,58001,81,3.4
61,60001,81,3.29
61,62001,81,3.17
61,64001,81,3.08
61,65535,81,3.04
61,1,101,2.86
61,2001,101,3.08
61,4001,101,2.96
61,6001,101,3.34
61,8001,101,3.32
61,10001,101,3.56
61,12001,101,3.4
61,14001,101,3.42
61,16001,101,3.18
61,18001,101,3.18
61,20001,101,3.17
61,22001,101,2.84
61,24001,101,2.82
61,26001,101,2.83
61,28001,101,2.84
61,30001,101,2.89
61,32001,101,2.88
61,34001,101,3.06
61,36001,101,3.11
61,38001,101,3.29
61,40001,101,3.51
61,42001,101,3.9
61,44001,101,4.13
61,46001,101,4.61
61,48001,101,4.54
61,50001,101,4.2
61,52001,101,3.57
61,54001,101,3.33
61,56001,101,3.33
61,58001,101,3.16
61,60001,101,3.14
61,62001,101,2.91
61,64001,101,3.02
61,65535,101,2.96
61,1,121,2.83
61,2001,121,2.88
61,4001,121,3.03
61,6001,121,3.16
61,8001,121,3.4
61,10001,121,3.54
61,12001,121,3.41
61,14001,121,3.36
61,16001,121,3.13
61,18001,121,2.93
61,20001,121,2.86
61,22001,121,2.72
61,24001,121,2.73
61,26001,121,2.68
61,28001,121,2.74
61,30001,121,2.86
61,32001,121,2.93
61,34001,121,2.92
61,36001,121,3.21
61,38001,121,3.27
61,40001,121,3.49
61,42001,121,3.96
61,44001,121,3.85
61,46001,121,4.09
61,48001,121,4.25
61,50001,121,3.94
61,52001,121,3.5
61,54001,121,3.31
61,56001,121,3.25
61,58001,121,3.04
61,60001,121,2.9
61,62001,121,2.88
61,64001,121,2.66
61,65535,121,2.77
61,1,141,2.58
61,2001,141,2.76
61,4001,141,2.9
61,6001,141,2.93
61,8001,141,3.19
61,10001,141,3.29
61,12001,141,3.42
61,14001,141,3.2
61,16001,141,3.09
61,18001,141,2.87
61,20001,141,2.79
61,22001,141,2.68
61,24001,141,2.55
61,26001,141,2.64
61,28001,141,2.6
61,30001,141,2.64
61,32001,141,2.75
61,34001,141,2.87
61,36001,141,2.99
61,38001,141,3.42
61,40001,141,3.62
61,42001,141,3.49
61,44001,141,3.26
61,46001,141,3.65
61,48001,141,3.88
61,50001,141,4.04
61,52001,141,3.6
61,54001,141,3.13
61,56001,141,3.16
61,58001,141,2.94
61,60001,141,2.88
61,62001,141,2.61
61,64001,141,2.72
61,65535,141,2.53
61,1,161,2.52
61,2001,161,2.69
61,4001,161,2.68
61,6001,161,2.95
61,8001,161,3.17
61,10001,161,3.36
61,12001,161,3.38
61,14001,161,3.14
61,16001,161,2.97
61,18001,161,2.73
61,20001,161,2.6
61,22001,161,2.52
61,24001,161,2.42
61,26001,161,2.56
61,28001,161,2.59
61,30001,161,2.67
61,32001,161,2.81
61,34001,161,2.74
61,36001,161,2.99
61,38001,161,3.33
61,40001,161,3.49
61,42001,161,3.25
61,44001,161,3.03
61,46001,161,3.27
61,48001,161,3.53
61,50001,161,3.9
61,52001,161,3.46
61,54001,161,3.17
61,56001,161,3.04
61,58001,161,2.81
61,60001,161,2.71
61,62001,161,2.62
61,64001,161,2.57
61,65535,161,2.66
61,1,181,2.51
61,2001,181,2.62
61,4001,181,2.69
61,6001,181,3.02
61,8001,181,3.1
61,10001,181,3.32
61,12001,181,3.4
61,14001,181,3.22
61,16001,181,2.92
61,18001,181,2.72
61,20001,181,2.56
61,22001,181,2.42
61,24001,181,2.42
61,26001,181,2.48
61,28001,181,2.5
61,30001,181,2.77
61,32001,181,2.62
61,34001,181,2.79
61,36001,181,3.21
61,38001,181,3.39
61,40001,181,3.2
61,42001,181,2.97
61,44001,181,2.84
61,46001,181,3.13
61,48001,181,3.13
61,50001,181,3.69
61,52001,181,3.26
61,54001,181,3.27
61,56001,181,3.04
61,58001,181,2.83
61,60001,181,2.69
61,62001,181,2.61
61,64001,181,2.43
61,65535,181,2.5
61,1,201,2.42
61,2001,201,2.47
61,4001,201,2.67
61,6001,201,2.82
61,8001,201,2.94
61,10001,201,3.35
61,12001,201,3.36
61,14001,201,3.17
61,16001,201,2.9
61,18001,201,2.71
61,20001,201,2.56
61,22001,201,2.48
61,24001,201,2.45
61,26001,201,2.46
61,28001,201,2.41
61,30001,201,2.66
61,32001,201,2.73
61,34001,201,2.89
61,36001,201,3.16
61,38001,201,3.38
61,40001,201,3.08
61,42001,201,2.64
61,44001,201,2.62
61,46001,201,2.83
61,48001,201,3.16
61,50001,201,3.48
61,52001,201,3.5
61,54001,201,3.02
61,56001,201,2.88
61,58001,201,2.62
61,60001,201,2.38
61,62001,201,2.45
61,64001,201,2.49
61,65535,201,2.42
61,1,221,2.51
61,2001,221,2.51
61,4001,221,2.55
61,6001,221,2.67
61,8001,221,2.98
61,10001,221,3.32
61,12001,221,3.41
61,14001,221,3.02
61,16001,221,2.79
61,18001,221,2.67
61,20001,221,2.51
61,22001,221,2.42
61,24001,221,2.43
61,26001,221,2.45
61,28001,221,2.57
61,30001,221,2.6
61,32001,221,2.71
61,34001,221,3.07
61,36001,221,3.22
61,38001,221,3.27
61,40001,221,2.76
61,42001,221,2.54
61,44001,221,2.48
61,46001,221,2.59
61,48001,221,2.93
61,50001,221,3.4
61,52001,221,3.45
61,54001,221,2.96
61,56001,221,2.91
61,58001,221,2.63
61,60001,221,2.45
61,62001,221,2.39
61,64001,221,2.52
61,65535,221,2.39
61,1,241,2.47
61,2001,241,2.52
61,4001,241,2.49
61,6001,241,2.9
61,8001,241,3.0
61,10001,241,3.35
61,12001,241,3.31
61,14001,241,2.98
61,16001,241,2.75
61,18001,241,2.54
61,20001,241,2.53
61,22001,241,2.55
61,24001,241,2.45
61,26001,241,2.37
61,28001,241,2.3
61,30001,241,2.71
61,32001,241,2.67
61,34001,241,3.1
61,36001,241,3.33
61,38001,241,3.0
61,40001,241,2.68
61,42001,241,2.47
61,44001,241,2.54
61,46001,241,2.56
61,48001,241,2.77
61,50001,241,3.12
61,52001,241,3.76
61,54001,241,2.98
61,56001,241,2.77
61,58001,241,2.65
61,60001,241,2.58
61,62001,241,2.35
61,64001,241,2.45
61,65535,241,2.44
61,1,254,2.41
61,2001,254,2.56
61,4001,254,2.39
61,6001,254,2.7
61,8001,254,2.83
61,10001,254,3.31
61,12001,254,3.44
61,14001,254,2.86
61,16001,254,2.7
61,18001,254,2.6
61,20001,254,2.52
61,22001,254,2.5
61,24001,254,2.54
61,26001,254,2.35
61,28001,254,2.38
61,30001,254,2.61
61,32001,254,2.9
61,34001,254,3.04
61,36001,254,3.37
61,38001,254,2.97
61,40001,254,2.46
61,42001,254,2.56
61,44001,254,2.41
61,46001,254,2.43
61,48001,254,2.7
61,50001,254,3.0
61,52001,254,3.52
61,54001,254,3.09
61,56001,254,2.81
61,58001,254,2.54
61,60001,254,2.4
61,62001,254,2.38
61,64001,254,2.45
61,65535,254,2.4
71,1,1,4.04
71,2001,1,4.01
71,4001,1,3.96
71,6001,1,3.96
71,8001,1,3.8
71,10001,1,4.02
71,12001,1,3.92
71,14001,1,3.96
71,16001,1,3.98
71,18001,1,3.86
71,20001,1,3.99
71,22001,1,4.0
71,24001,1,3.92
71,26001,1,3.94
71,28001,1,4.0
71,30001,1,3.9
71,32001,1,3.95
71,34001,1,3.96
71,36001,1,3.94
71,38001,1,3.95
71,40001,1,3.93
71,42001,1,3.98
71,44001,1,3.94
71,46001,1,4.04
71,48001,1,3.99
71,50001,1,3.97
71,52001,1,3.91
71,54001,1,3.95
71,56001,1,3.94
71,58001,1,3.96
71,60001,1,3.95
71,62001,1,3.94
71,64001,1,4.11
71,65535,1,4.07
71,1,21,4.02
71,2001,21,4.11
71,4001,21,4.09
71,6001,21,4.06
71,8001,21,3.98
71,10001,21,3.88
71,12001,21,3.88
71,14001,21,3.9
71,16001,21,3.73
71,18001,21,3.79
71,20001,21,3.71
71,22001,21,3.65
71,24001,21,3.48
71,26001,21,3.64
71,28001,21,3.61
71,30001,21,3.72
71,32001,21,3.73
71,34001,21,3.79
71,36001,21,3.78
71,38001,21,3.78
71,40001,21,3.92
71,42001,21,4.02
71,44001,21,4.04
71,46001,21,3.99
71,48001,21,3.99
71,50001,21,4.12
71,52001,21,4.21
71,54001,21,4.08
71,56001,21,4.15
71,58001,21,4.2
71,60001,21,4.09
71,62001,21,4.1
71,64001,21,4.1
71,65535,21,4.08
71,1,41,3.67
71,2001,41,3.85
71,4001,41,3.72
71,6001,41,4.0
71,8001,41,3.93
71,10001,41,3.78
71,12001,41,3.9
71,14001,41,3.77
71,16001,41,3.69
71,18001,41,3.68
71,20001,41,3.62
71,22001,41,3.62
71,24001,41,3.37
71,26001,41,3.48
71,28001,41,3.37
71,30001,41,3.55
71,32001,41,3.44
71,34001,41,3.67
71,36001,41,3.61
71,38001,41,3.75
71,40001,41,3.85
71,42001,41,3.95
71,44001,41,4.03
71,46001,41,4.14
71,48001,41,4.29
71,50001,41,4.37
71,52001,41,4.14
71,54001,41,4.06
71,56001,41,4.15
71,58001,41,3.95
71,60001,41,3.86
71,62001,41,3.83
71,64001,41,3.84
71,65535,41,3.72
71,1,61,3.51
71,2001,61,3.46
71,4001,61,3.74
71,6001,61,3.77
71,8001,61,3.88
71,10001,61,3.78
71,12001,61,3.74
71,14001,61,3.63
71,16001,61,3.48
71,18001,61,3.46
71,20001,61,3.44
71,22001,61,3.25
71,24001,61,3.38
71,26001,61,3.29
71,28001,61,3.26
71,30001,61,3.29
71,32001,61,3.38
71,34001,61,3.3
71,36001,61,3.62
71,38001,61,3.63
71,40001,61,3.85
71,42001,61,3.93
71,44001,61,4.09
71,46001,61,4.2
71,48001,61,4.33
71,50001,61,4.25
71,52001,61,4.0
71,54001,61,3.84
71,56001,61,3.76
71,58001,61,3.65
71,60001,61,3.61
71,62001,61,3.6
71,64001,61,3.54
71,65535,61,3.4
71,1,81,3.29
71,2001,81,3.39
71,4001,81,3.4
71,6001,81,3.51
71,8001,81,3.78
71,10001,81,3.92
71,12001,81,3.75
71,14001,81,3.51
71,16001,81,3.45
71,18001,81,3.29
71,20001,81,3.1
71,22001,81,3.08
71,24001,81,3.04
71,26001,81,3.18
71,28001,81,3.17
71,30001,81,3.11
71,32001,81,3.2
71,34001,81,3.35
71,36001,81,3.48
71,38001,81,3.49
71,40001,81,3.86
71,42001,81,3.98
71,44001,81,4.26
71,46001,81,4.54
71,48001,81,4.56
71,50001,81,4.21
71,52001,81,3.9
71,54001,81,3.66
71,56001,81,3.55
71,58001,81,3.44
71,60001,81,3.44
71,62001,81,3.38
71,64001,81,3.26
71,65535,81,3.29
71,1,101,2.95
71,2001,101,3.14
71,4001,101,3.09
71,6001,101,3.37
71,8001,101,3.55
71,10001,101,3.7
71,12001,101,3.61
71,14001,101,3.57
71,16001,101,3.32
71,18001,101,3.05
71,20001,101,3.23
71,22001,101,2.94
71,24001,101,2.92
71,26001,101,2.92
71,28001,101,3.01
71,30001,101,3.13
71,32001,101,3.08
71,34001,101,3.27
71,36001,101,3.38
71,38001,101,3.49
71,40001,101,3.88
71,42001,101,4.13
71,44001,101,4.42
71,46001,101,4.71
71,48001,101,4.67
71,50001,101,4.19
71,52001,101,3.85
71,54001,101,3.45
71,56001,101,3.41
71,58001,101,3.34
71,60001,101,3.39
71,62001,101,3.21
71,64001,101,3.01
71,65535,101,2.99
71,1,121,2.84
71,2001,121,2.91
71,4001,121,3.17
71,6001,121,3.32
71,8001,121,3.56
71,10001,121,3.71
71,12001,121,3.46
71,14001,121,3.29
71,16001,121,3.33
71,18001,121,3.03
71,20001,121,3.0
71,22001,121,2.87
71,24001,121,2.79
71,26001,121,2.67
71,28001,121,2.91
71,30001,121,3.0
71,32001,121,3.03
71,34001,121,3.07
71,36001,121,3.21
71,38001,121,3.49
71,40001,121,3.74
71,42001,121,3.93
71,44001,121,3.88
71,46001,121,4.39
71,48001,121,4.52
71,50001,121,4.19
71,52001,121,3.85
71,54001,121,3.58
71,56001,121,3.34
71,58001,121,3.2
71,60001,121,3.11
71,62001,121,2.97
71,64001,121,2.98
71,65535,121,2.81
71,1,141,2.71
71,2001,141,2.94
71,4001,141,2.98
71,6001,141,3.14
71,8001,141,3.32
71,10001,141,3.56
71,12001,141,3.38
71,14001,141,3.36
71,16001,141,3.07
71,18001,141,2.92
71,20001,141,2.77
71,22001,141,2.77
71,24001,141,2.71
71,26001,141,2.85
71,28001,141,2.92
71,30001,141,2.84
71,32001,141,2.98
71,34001,141,2.96
71,36001,141,3.15
71,38001,141,3.38
71,40001,141,3.7
71,42001,141,3.62
71,44001,141,3.49
71,46001,141,3.71
71,48001,141,4.18
71,50001,141,4.18
71,52001,141,3.68
71,54001,141,3.44
71,56001,141,3.1
71,58001,141,2.97
71,60001,141,2.9
71,62001,141,2.96
71,64001,141,2.64
71,65535,141,2.76
71,1,161,2.54
71,2001,161,2.78
71,4001,161,2.87
71,6001,161,3.16
71,8001,161,3.37
71,10001,161,3.63
71,12001,161,3.51
71,14001,161,3.3
71,16001,161,3.11
71,18001,161,2.96
71,20001,161,2.71
71,22001,161,2.72
71,24001,161,2.64
71,26001,161,2.62
71,28001,161,2.78
71,30001,161,2.78
71,32001,161,2.84
71,34001,161,3.19
71,36001,161,3.15
71,38001,161,3.46
71,40001,161,3.73
71,42001,161,3.5
71,44001,161,3.14
71,46001,161,3.35
71,48001,161,3.77
71,50001,161,4.27
71,52001,161,3.73
71,54001,161,3.33
71,56001,161,3.13
71,58001,161,3.03
71,60001,161,2.83
71,62001,161,2.73
71,64001,161,2.73
71,65535,161,2.67
71,1,181,2.62
71,2001,181,2.63
71,4001,181,2.84
71,6001,181,3.0
71,8001,181,3.27
71,10001,181,3.48
71,12001,181,3.48
71,14001,181,3.17
71,16001,181,3.06
71,18001,181,2.79
71,20001,181,2.76
71,22001,181,2.58
71,24001,181,2.51
71,26001,181,2.5
71,28001,181,2.59
71,30001,181,2.89
71,32001,181,2.94
71,34001,181,3.04
71,36001,181,3.25
71,38001,181,3.55
71,40001,181,3.5
71,42001,181,3.11
71,44001,181,2.96
71,46001,181,3.15
71,48001,181,3.57
71,50001,181,3.98
71,52001,181,3.78
71,54001,181,3.24
71,56001,181,3.15
71,58001,181,2.97
71,60001,181,2.86
71,62001,181,2.69
71,64001,181,2.59
71,65535,181,2.53
71,1,201,2.58
71,2001,201,2.69
71,4001,201,2.67
71,6001,201,2.72
71,8001,201,3.21
71,10001,201,3.54
71,12001,201,3.46
71,14001,201,3.09
71,16001,201,2.97
71,18001,201,2.75
71,20001,201,2.62
71,22001,201,2.52
71,24001,201,2.64
71,26001,201,2.65
71,28001,201,2.58
71,30001,201,2.84
71,32001,201,2.79
71,34001,201,3.03
71,36001,201,3.28
71,38001,201,3.62
71,40001,201,3.08
71,42001,201,2.77
71,44001,201,2.73
71,46001,201,2.9
71,48001,201,3.21
71,50001,201,3.72
71,52001,201,3.65
71,54001,201,3.22
71,56001,201,2.96
71,58001,201,2.83
71,60001,201,2.65
71,62001,201,2.5
71,64001,201,2.61
71,65535,201,2.55
71,1,221,2.55
71,2001,221,2.56
71,4001,221,2.71
71,6001,221,2.88
71,8001,221,3.17
71,10001,221,3.43
71,12001,221,3.38
71,14001,221,3.25
71,16001,221,2.9
71,18001,221,2.74
71,20001,221,2.63
71,22001,221,2.58
71,24001,221,2.52
71,26001,221,2.47
71,28001,221,2.54
71,30001,221,2.78
71,32001,221,2.81
71,34001,221,3.15
71,36001,221,3.54
71,38001,221,3.33
71,40001,221,2.83
71,42001,221,2.61
71,44001,221,2.52
71,46001,221,2.88
71,48001,221,3.04
71,50001,221,3.51
71,52001,221,3.67
71,54001,221,3.29
71,56001,221,2.95
71,58001,221,2.7
71,60001,221,2.61
71,62001,221,2.58
71,64001,221,2.49
71,65535,221,2.63
71,1,241,2.52
71,2001,241,2.61
71,4001,241,2.66
71,6001,241,2.75
71,8001,241,3.18
71,10001,241,3.51
71,12001,241,3.48
71,14001,241,3.04
71,16001,241,2.96
71,18001,241,2.62
71,20001,241,2.62
71,22001,241,2.56
71,24001,241,2.56
71,26001,241,2.6
71,28001,241,2.58
71,30001,241,2.78
71,32001,241,2.86
71,34001,241,3.28
71,36001,241,3.54
71,38001,241,3.09
71,40001,241,2.58
71,42001,241,2.54
71,44001,241,2.62
71,46001,241,2.56
71,48001,241,2.82
71,50001,241,3.42
71,52001,241,3.77
71,54001,241,3.28
71,56001,241,2.92
71,58001,241,2.79
71,60001,241,2.72
71,62001,241,2.59
71,64001,241,2.56
71,65535,241,2.67
71,1,254,2.57
71,2001,254,2.58
71,4001,254,2.63
71,6001,254,2.86
71,8001,254,2.93
71,10001,254,3.43
71,12001,254,3.3
71,14001,254,3.12
71,16001,254,2.82
71,18001,254,2.64
71,20001,254,2.71
71,22001,254,2.53
71,24001,254,2.48
71,26001,254,2.54
71,28001,254,2.52
71,30001,254,2.68
71,32001,254,2.77
71,34001,254,3.14
71,36001,254,3.74
71,38001,254,3.06
71,40001,254,2.6
71,42001,254,2.62
71,44001,254,2.53
71,46001,254,2.54
71,48001,254,2.83
71,50001,254,3.24
71,52001,254,3.75
71,54001,254,3.17
71,56001,254,3.04
71,58001,254,2.8
71,60001,254,2.62
71,62001,254,2.6
71,64001,254,2.59
71,65535,254,2.52
81,1,1,4.16
81,2001,1,4.2
81,4001,1,4.33
81,6001,1,4.11
81,8001,1,4.22
81,10001,1,4.09
81,12001,1,4.17
81,14001,1,4.25
81,16001,1,4.17
81,18001,1,4.08
81,20001,1,4.4
81,22001,1,4.12
81,24001,1,4.13
81,26001,1,4.25
81,28001,1,4.18
81,30001,1,4.23
81,32001,1,4.23
81,34001,1,4.22
81,36001,1,4.17
81,38001,1,4.24
81,40001,1,4.24
81,42001,1,4.12
81,44001,1,4.16
81,46001,1,4.16
81,48001,1,4.26
81,50001,1,4.08
81,52001,1,4.19
81,54001,1,4.18
81,56001,1,4.21
81,58001,1,4.22
81,60001,1,4.13
81,62001,1,4.2
81,64001,1,4.39
81,65535,1,4.23
81,1,21,4.16
81,2001,21,4.51
81,4001,21,4.3
81,6001,21,4.34
81,8001,21,3.97
81,10001,21,4.21
81,12001,21,3.96
81,14001,21,3.97
81,16001,21,3.97
81,18001,21,4.11
81,20001,21,4.0
81,22001,21,4.02
81,24001,21,3.91
81,26001,21,3.91
81,28001,21,4.04
81,30001,21,3.91
81,32001,21,3.78
81,34001,21,3.97
81,36001,21,4.16
81,38001,21,4.02
81,40001,21,4.05
81,42001,21,4.24
81,44001,21,4.33
81,46001,21,4.19
81,48001,21,4.16
81,50001,21,4.34
81,52001,21,4.42
81,54001,21,4.47
81,56001,21,4.48
81,58001,21,4.42
81,60001,21,4.31
81,62001,21,4.45
81,64001,21,4.15
81,65535,21,4.16
81,1,41,3.88
81,2001,41,4.04
81,4001,41,4.14
81,6001,41,4.04
81,8001,41,4.15
81,10001,41,4.08
81,12001,41,4.02
81,14001,41,3.87
81,16001,41,3.98
81,18001,41,3.65
81,20001,41,3.87
81,22001,41,3.53
81,24001,41,3.7
81,26001,41,3.72
81,28001,41,3.64
81,30001,41,3.72
81,32001,41,3.87
81,34001,41,3.75
81,36001,41,3.75
81,38001,41,4.11
81,40001,41,3.91
81,42001,41,4.05
81,44001,41,4.3
81,46001,41,4.38
81,48001,41,4.28
81,50001,41,4.49
81,52001,41,4.35
81,54001,41,4.25
81,56001,41,4.14
81,58001,41,4.18
81,60001,41,4.03
81,62001,41,3.95
81,64001,41,3.94
81,65535,41,3.92
81,1,61,3.56
81,2001,61,3.7
81,4001,61,3.87
81,6001,61,4.08
81,8001,61,4.1
81,10001,61,4.03
81,12001,61,3.93
81,14001,61,3.85
81,16001,61,3.81
81,18001,61,3.71
81,20001,61,3.64
81,22001,61,3.44
81,24001,61,3.32
81,26001,61,3.67
81,28001,61,3.45
81,30001,61,3.54
81,32001,61,3.61
81,34001,61,3.74
81,36001,61,3.77
81,38001,61,3.75
81,40001,61,4.2
81,42001,61,4.25
81,44001,61,4.43
81,46001,61,4.5
81,48001,61,4.6
81,50001,61,4.57
81,52001,61,4.25
81,54001,61,4.14
81,56001,61,3.84
81,58001,61,3.95
81,60001,61,3.88
81,62001,61,3.62
81,64001,61,3.65
81,65535,61,3.89
81,1,81,3.35
81,2001,81,3.56
81,4001,81,3.65
81,6001,81,3.71
81,8001,81,3.85
81,10001,81,4.12
81,12001,81,3.82
81,14001,81,3.67
81,16001,81,3.61
81,18001,81,3.41
81,20001,81,3.32
81,22001,81,3.28
81,24001,81,3.2
81,26001,81,3.27
81,28001,81,3.18
81,30001,81,3.38
81,32001,81,3.36
81,34001,81,3.56
81,36001,81,3.68
81,38001,81,3.75
81,40001,81,4.0
81,42001,81,4.04
81,44001,81,4.37
81,46001,81,4.62
81,48001,81,4.89
81,50001,81,4.33
81,52001,81,4.18
81,54001,81,4.0
81,56001,81,3.85
81,58001,81,3.7
81,60001,81,3.62
81,62001,81,3.46
81,64001,81,3.43
81,65535,81,3.33
81,1,101,3.22
81,2001,101,3.2
81,4001,101,3.5
81,6001,101,3.46
81,8001,101,3.79
81,10001,101,3.89
81,12001,101,3.84
81,14001,101,3.64
81,16001,101,3.49
81,18001,101,3.42
81,20001,101,3.12
81,22001,101,2.96
81,24001,101,3.27
81,26001,101,3.21
81,28001,101,3.1
81,30001,101,3.27
81,32001,101,3.27
81,34001,101,3.22
81,36001,101,3.58
81,38001,101,3.84
81,40001,101,3.78
81,42001,101,4.34
81,44001,101,4.71
81,46001,101,4.96
81,48001,101,4.92
81,50001,101,4.44
81,52001,101,3.87
81,54001,101,3.75
81,56001,101,3.5
81,58001,101,3.5
81,60001,101,3.53
81,62001,101,3.35
81,64001,101,3.04
81,65535,101,3.14
81,1,121,2.98
81,2001,121,3.18
81,4001,121,3.23
81,6001,121,3.38
81,8001,121,3.62
81,10001,121,3.88
81,12001,121,3.92
81,14001,121,3.5
81,16001,121,3.41
81,18001,121,3.24
81,20001,121,2.8
81,22001,121,3.02
81,24001,121,2.93
81,26001,121,3.07
81,28001,121,3.02
81,30001,121,3.09
81,32001,121,3.02
81,34001,121,3.42
81,36001,121,3.5
81,38001,121,3.68
81,40001,121,3.96
81,42001,121,4.24
81,44001,121,4.01
81,46001,121,4.38
81,48001,121,4.84
81,50001,121,4.31
81,52001,121,3.85
81,54001,121,3.65
81,56001,121,3.5
81,58001,121,3.48
81,60001,121,3.31
81,62001,121,3.05
81,64001,121,3.19
81,65535,121,2.86
81,1,141,2.96
81,2001,141,3.01
81,4001,141,3.07
81,6001,141,3.31
81,8001,141,3.49
81,10001,141,3.66
81,12001,141,3.69
81,14001,141,3.4
81,16001,141,3.33
81,18001,141,2.99
81,20001,141,2.93
81,22001,141,2.94
81,24001,141,2.83
81,26001,141,2.85
81,28001,141,2.85
81,30001,141,2.92
81,32001,141,3.04
81,34001,141,3.23
81,36001,141,3.45
81,38001,141,3.7
81,40001,141,4.03
81,42001,141,3.88
81,44001,141,3.58
81,46001,141,4.02
81,48001,141,4.25
81,50001,141,4.39
81,52001,141,3.89
81,54001,141,3.5
81,56001,141,3.38
81,58001,141,3.25
81,60001,141,3.0
81,62001,141,3.01
81,64001,141,2.9
81,65535,141,2.91
81,1,161,2.79
81,2001,161,2.77
81,4001,161,2.95
81,6001,161,3.2
81,8001,161,3.33
81,10001,161,3.65
81,12001,161,3.66
81,14001,161,3.47
81,16001,161,3.34
81,18001,161,3.01
81,20001,161,2.92
81,22001,161,2.91
81,24001,161,2.68
81,26001,161,2.67
81,28001,161,2.81
81,30001,161,2.97
81,32001,161,2.96
81,34001,161,3.18
81,36001,161,3.31
81,38001,161,3.66
81,40001,161,3.81
81,42001,161,3.77
81,44001,161,3.22
81,46001,161,3.64
81,48001,161,4.13
81,50001,161,4.53
81,52001,161,3.82
81,54001,161,3.54
81,56001,161,3.25
81,58001,161,3.08
81,60001,161,2.9
81,62001,161,2.67
81,64001,161,2.82
81,65535,161,2.75
81,1,181,2.68
81,2001,181,2.82
81,4001,181,2.98
81,6001,181,3.13
81,8001,181,3.43
81,10001,181,3.87
81,12001,181,3.78
81,14001,181,3.45
81,16001,181,3.06
81,18001,181,2.98
81,20001,181,2.82
81,22001,181,2.57
81,24001,181,2.76
81,26001,181,2.68
81,28001,181,2.72
81,30001,181,2.89
81,32001,181,3.04
81,34001,181,3.06
81,36001,181,3.29
81,38001,181,3.78
81,40001,181,3.69
81,42001,181,3.36
81,44001,181,3.11
81,46001,181,3.34
81,48001,181,3.52
81,50001,181,4.22
81,52001,181,3.91
81,54001,181,3.53
81,56001,181,3.05
81,58001,181,2.97
81,60001,181,2.9
81,62001,181,2.83
81,64001,181,2.77
81,65535,181,2.55
81,1,201,2.61
81,2001,201,2.59
81,4001,201,2.84
81,6001,201,2.97
81,8001,201,3.42
81,10001,201,3.62
81,12001,201,3.64
81,14001,201,3.36
81,16001,201,2.99
81,18001,201,2.87
81,20001,201,2.69
81,22001,201,2.62
81,24001,201,2.8
81,26001,201,2.6
81,28001,201,2.76
81,30001,201,2.92
81,32001,201,3.0
81,34001,201,3.17
81,36001,201,3.3
81,38001,201,3.85
81,40001,201,3.33
81,42001,201,2.94
81,44001,201,2.88
81,46001,201,3.05
81,48001,201,3.42
81,50001,201,3.92
81,52001,201,3.92
81,54001,201,3.47
81,56001,201,3.31
81,58001,201,3.02
81,60001,201,2.81
81,62001,201,2.75
81,64001,201,2.85
81,65535,201,2.66
81,1,221,2.68
81,2001,221,2.6
81,4001,221,2.89
81,6001,221,3.02
81,8001,221,3.27
81,10001,221,3.64
81,12001,221,3.62
81,14001,221,3.41
81,16001,221,2.99
81,18001,221,2.67
81,20001,221,2.69
81,22001,221,2.74
81,24001,221,2.79
81,26001,221,2.76
81,28001,221,2.75
81,30001,221,2.95
81,32001,221,3.21
81,34001,221,3.32
81,36001,221,3.67
81,38001,221,3.42
81,40001,221,3.12
81,42001,221,2.67
81,44001,221,2.68
81,46001,221,2.64
81,48001,221,3.11
81,50001,221,3.7
81,52001,221,3.81
81,54001,221,3.31
81,56001,221,3.07
81,58001,221,2.92
81,60001,221,2.79
81,62001,221,2.6
81,64001,221,2.77
81,65535,221,2.71
81,1,241,2.65
81,2001,241,2.64
81,4001,241,2.88
81,6001,241,2.98
81,8001,241,3.22
81,10001,241,3.65
81,12001,241,3.73
81,14001,241,3.33
81,16001,241,3.04
81,18001,241,2.83
81,20001,241,2.7
81,22001,241,2.79
81,24001,241,2.67
81,26001,241,2.64
81,28001,241,2.69
81,30001,241,2.97
81,32001,241,2.99
81,34001,241,3.29
81,36001,241,3.71
81,38001,241,3.21
81,40001,241,2.98
81,42001,241,2.78
81,44001,241,2.79
81,46001,241,2.86
81,48001,241,3.06
81,50001,241,3.52
81,52001,241,3.98
81,54001,241,3.52
81,56001,241,2.94
81,58001,241,2.81
81,60001,241,2.65
81,62001,241,2.62
81,64001,241,2.61
81,65535,241,2.78
81,1,254,2.78
81,2001,254,2.71
81,4001,254,2.69
81,6001,254,3.07
81,8001,254,3.25
81,10001,254,3.65
81,12001,254,3.7
81,14001,254,3.2
81,16001,254,2.86
81,18001,254,2.71
81,20001,254,2.68
81,22001,254,2.69
81,24001,254,2.73
81,26001,254,2.61
81,28001,254,2.69
81,30001,254,2.91
81,32001,254,2.93
81,34001,254,3.21
81,36001,254,3.97
81,38001,254,3.23
81,40001,254,2.81
81,42001,254,2.61
81,44001,254,2.59
81,46001,254,2.82
81,48001,254,3.03
81,50001,254,3.48
81,52001,254,3.98
81,54001,254,3.38
81,56001,254,3.1
81,58001,254,2.8
81,60001,254,2.71
81,62001,254,2.73
81,64001,254,2.65
81,65535,254,2.75
91,1,1,4.51
91,2001,1,4.45
91,4001,1,4.33
91,6001,1,4.45
91,8001,1,4.35
91,10001,1,4.39
91,12001,1,4.43
91,14001,1,4.4
91,16001,1,4.36
91,18001,1,4.44
91,20001,1,4.38
91,22001,1,4.41
91,24001,1,4.32
91,26001,1,4.33
91,28001,1,4.41
91,30001,1,4.42
91,32001,1,4.53
91,34001,1,4.29
91,36001,1,4.41
91,38001,1,4.32
91,40001,1,4.35
91,42001,1,4.26
91,44001,1,4.28
91,46001,1,4.37
91,48001,1,4.41
91,50001,1,4.43
91,52001,1,4.35
91,54001,1,4.48
91,56001,1,4.21
91,58001,1,4.4
91,60001,1,4.25
91,62001,1,4.33
91,64001,1,4.32
91,65535,1,4.46
91,1,21,4.53
91,2001,21,4.47
91,4001,21,4.56
91,6001,21,4.4
91,8001,21,4.38
91,10001,21,4.17
91,12001,21,4.37
91,14001,21,4.3
91,16001,21,4.18
91,18001,21,4.2
91,20001,21,4.08
91,22001,21,4.11
91,24001,21,4.01
91,26001,21,4.06
91,28001,21,4.05
91,30001,21,4.02
91,32001,21,4.1
91,34001,21,4.08
91,36001,21,4.13
91,38001,21,4.34
91,40001,21,4.13
91,42001,21,4.2
91,44001,21,4.21
91,46001,21,4.4
91,48001,21,4.58
91,50001,21,4.6
91,52001,21,4.6
91,54001,21,4.59
91,56001,21,4.79
91,58001,21,4.72
91,60001,21,4.38
91,62001,21,4.55
91,64001,21,4.45
91,65535,21,4.48
91,1,41,4.0
91,2001,41,4.22
91,4001,41,4.14
91,6001,41,4.33
91,8001,41,4.47
91,10001,41,4.36
91,12001,41,4.04
91,14001,41,4.05
91,16001,41,4.15
91,18001,41,3.95
91,20001,41,4.0
91,22001,41,3.82
91,24001,41,3.79
91,26001,41,3.86
91,28001,41,3.8
91,30001,41,3.83
91,32001,41,3.92
91,34001,41,4.0
91,36001,41,4.12
91,38001,41,3.99
91,40001,41,4.34
91,42001,41,4.43
91,44001,41,4.4
91,46001,41,4.67
91,48001,41,4.67
91,50001,41,4.79
91,52001,41,4.52
91,54001,41,4.47
91,56001,41,4.43
91,58001,41,4.31
91,60001,41,4.32
91,62001,41,4.26
91,64001,41,4.11
91,65535,41,4.08
91,1,61,3.91
91,2001,61,3.89
91,4001,61,4.11
91,6001,61,4.1
91,8001,61,4.32
91,10001,61,4.24
91,12001,61,4.03
91,14001,61,3.98
91,16001,61,4.05
91,18001,61,3.84
91,20001,61,3.71
91,22001,61,3.49
91,24001,61,3.73
91,26001,61,3.61
91,28001,61,3.66
91,30001,61,3.55
91,32001,61,3.74
91,34001,61,3.72
91,36001,61,3.91
91,38001,61,4.23
91,40001,61,4.22
91,42001,61,4.31
91,44001,61,4.49
91,46001,61,4.68
91,48001,61,4.97
91,50001,61,4.55
91,52001,61,4.45
91,54001,61,4.33
91,56001,61,3.99
91,58001,61,3.97
91,60001,61,3.98
91,62001,61,3.94
91,64001,61,3.97
91,65535,61,3.83
91,1,81,3.4
91,2001,81,3.76
91,4001,81,4.05
91,6001,81,3.93
91,8001,81,4.1
91,10001,81,4.26
91,12001,81,3.95
91,14001,81,4.02
91,16001,81,3.84
91,18001,81,3.66
91,20001,81,3.51
91,22001,81,3.48
91,24001,81,3.4
91,26001,81,3.44
91,28001,81,3.43
91,30001,81,3.52
91,32001,81,3.59
91,34001,81,3.63
91,36001,81,3.87
91,38001,81,3.84
91,40001,81,4.07
91,42001,81,4.54
91,44001,81,4.59
91,46001,81,4.75
91,48001,81,4.98
91,50001,81,4.74
91,52001,81,4.43
91,54001,81,4.19
91,56001,81,3.94
91,58001,81,3.75
91,60001,81,3.79
91,62001,81,3.66
91,64001,81,3.46
91,65535,81,3.51
91,1,101,3.39
91,2001,101,3.48
91,4001,101,3.65
91,6001,101,3.68
91,8001,101,3.92
91,10001,101,4.26
91,12001,101,3.99
91,14001,101,3.9
91,16001,101,3.68
91,18001,101,3.56
91,20001,101,3.41
91,22001,101,3.13
91,24001,101,3.12
91,26001,101,3.37
91,28001,101,3.39
91,30001,101,3.51
91,32001,101,3.53
91,34001,101,3.61
91,36001,101,3.65
91,38001,101,3.93
91,40001,101,4.21
91,42001,101,4.54
91,44001,101,4.73
91,46001,101,5.26
91,48001,101,5.13
91,50001,101,4.57
91,52001,101,4.24
91,54001,101,4.01
91,56001,101,3.78
91,58001,101,3.68
91,60001,101,3.55
91,62001,101,3.46
91,64001,101,3.35
91,65535,101,3.23
91,1,121,3.14
91,2001,121,3.27
91,4001,121,3.43
91,6001,121,3.73
91,8001,121,3.74
91,10001,121,4.07
91,12001,121,3.98
91,14001,121,3.78
91,16001,121,3.6
91,18001,121,3.38
91,20001,121,3.23
91,22001,121,3.08
91,24001,121,2.99
91,26001,121,3.16
91,28001,121,3.11
91,30001,121,3.19
91,32001,121,3.21
91,34001,121,3.4
91,36001,121,3.62
91,38001,121,3.81
91,40001,121,4.19
91,42001,121,4.49
91,44001,121,4.31
91,46001,121,4.75
91,48001,121,5.26
91,50001,121,4.7
91,52001,121,4.06
91,54001,121,4.03
91,56001,121,3.76
91,58001,121,3.5
91,60001,121,3.34
91,62001,121,3.27
91,64001,121,3.09
91,65535,121,3.02
91,1,141,2.94
91,2001,141,3.0
91,4001,141,3.18
91,6001,141,3.59
91,8001,141,3.55
91,10001,141,3.99
91,12001,141,3.76
91,14001,141,3.64
91,16001,141,3.4
91,18001,141,3.29
91,20001,141,3.17
91,22001,141,3.05
91,24001,141,2.89
91,26001,141,2.98
91,28001,141,2.95
91,30001,141,3.21
91,32001,141,3.17
91,34001,141,3.32
91,36001,141,3.56
91,38001,141,3.83
91,40001,141,4.26
91,42001,141,4.21
91,44001,141,3.83
91,46001,141,4.13
91,48001,141,4.55
91,50001,141,4.76
91,52001,141,4.2
91,54001,141,3.75
91,56001,141,3.62
91,58001,141,3.35
91,60001,141,3.23
91,62001,141,3.12
91,64001,141,3.03
91,65535,141,3.19
91,1,161,2.89
91,2001,161,3.14
91,4001,161,3.08
91,6001,161,3.49
91,8001,161,3.65
91,10001,161,3.9
91,12001,161,3.94
91,14001,161,3.58
91,16001,161,3.39
91,18001,161,3.04
91,20001,161,2.91
91,22001,161,2.83
91,24001,161,2.88
91,26001,161,2.89
91,28001,161,3.06
91,30001,161,2.97
91,32001,161,3.21
91,34001,161,3.31
91,36001,161,3.55
91,38001,161,3.79
91,40001,161,4.1
91,42001,161,3.77
91,44001,161,3.5
91,46001,161,3.69
91,48001,161,4.08
91,50001,161,4.83
91,52001,161,4.07
91,54001,161,3.71
91,56001,161,3.47
91,58001,161,3.12
91,60001,161,2.99
91,62001,161,3.02
91,64001,161,2.89
91,65535,161,2.83
91,1,181,2.85
91,2001,181,2.89
91,4001,181,3.25
91,6001,181,3.3
91,8001,181,3.54
91,10001,181,3.85
91,12001,181,3.8
91,14001,181,3.6
91,16001,181,3.3
91,18001,181,3.02
91,20001,181,2.93
91,22001,181,2.74
91,24001,181,2.76
91,26001,181,2.77
91,28001,181,2.82
91,30001,181,3.02
91,32001,181,3.19
91,34001,181,3.31
91,36001,181,3.43
91,38001,181,3.85
91,40001,181,3.88
91,42001,181,3.44
91,44001,181,3.34
91,46001,181,3.46
91,48001,181,3.83
91,50001,181,4.38
91,52001,181,3.99
91,54001,181,3.49
91,56001,181,3.35
91,58001,181,3.22
91,60001,181,3.08
91,62001,181,2.73
91,64001,181,2.8
91,65535,181,2.75
91,1,201,2.81
91,2001,201,2.8
91,4001,201,3.01
91,6001,201,3.21
91,8001,201,3.46
91,10001,201,3.99
91,12001,201,3.86
91,14001,201,3.45
91,16001,201,3.21
91,18001,201,3.08
91,20001,201,2.87
91,22001,201,2.69
91,24001,201,2.71
91,26001,201,2.68
91,28001,201,2.87
91,30001,201,3.15
91,32001,201,3.16
91,34001,201,3.3
91,36001,201,3.58
91,38001,201,4.08
91,40001,201,3.51
91,42001,201,3.08
91,44001,201,2.93
91,46001,201,3.2
91,48001,201,3.53
91,50001,201,3.94
91,52001,201,4.0
91,54001,201,3.58
91,56001,201,3.41
91,58001,201,3.14
91,60001,201,3.02
91,62001,201,2.8
91,64001,201,2.68
91,65535,201,2.64
91,1,221,2.7
91,2001,221,2.88
91,4001,221,2.91
91,6001,221,3.07
91,8001,221,3.3
91,10001,221,3.68
91,12001,221,3.89
91,14001,221,3.48
91,16001,221,3.05
91,18001,221,2.98
91,20001,221,2.79
91,22001,221,2.83
91,24001,221,2.65
91,26001,221,2.66
91,28001,221,2.8
91,30001,221,2.99
91,32001,221,3.1
91,34001,221,3.22
91,36001,221,3.81
91,38001,221,3.74
91,40001,221,3.14
91,42001,221,2.8
91,44001,221,2.72
91,46001,221,2.96
91,48001,221,3.41
91,50001,221,3.91
91,52001,221,4.1
91,54001,221,3.62
91,56001,221,3.24
91,58001,221,2.88
91,60001,221,2.96
91,62001,221,2.77
91,64001,221,2.68
91,65535,221,2.64
91,1,241,2.87
91,2001,241,2.79
91,4001,241,3.08
91,6001,241,3.13
91,8001,241,3.48
91,10001,241,3.94
91,12001,241,3.79
91,14001,241,3.37
91,16001,241,3.19
91,18001,241,2.8
91,20001,241,2.75
91,22001,241,2.63
91,24001,241,2.85
91,26001,241,2.71
91,28001,241,2.83
91,30001,241,2.9
91,32001,241,3.24
91,34001,241,3.43
91,36001,241,3.88
91,38001,241,3.44
91,40001,241,2.96
91,42001,241,2.71
91,44001,241,2.72
91,46001,241,2.86
91,48001,241,3.08
91,50001,241,3.8
91,52001,241,4.15
91,54001,241,3.49
91,56001,241,3.32
91,58001,241,2.99
91,60001,241,2.96
91,62001,241,2.85
91,64001,241,2.8
91,65535,241,2.87
91,1,254,2.81
91,2001,254,2.72
91,4001,254,2.77
91,6001,254,2.99
91,8001,254,3.34
91,10001,254,3.81
91,12001,254,3.84
91,14001,254,3.36
91,16001,254,3.02
91,18001,254,2.88
91,20001,254,2.74
91,22001,254,2.79
91,24001,254,2.78
91,26001,254,2.89
91,28001,254,2.82
91,30001,254,3.03
91,32001,254,3.02
91,34001,254,3.51
91,36001,254,4.11
91,38001,254,3.3
91,40001,254,2.8
91,42001,254,2.74
91,44001,254,2.79
91,46001,254,2.94
91,48001,254,3.1
91,50001,254,3.41
91,52001,254,4.19
91,54001,254,3.41
91,56001,254,3.22
91,58001,254,2.81
91,60001,254,2.76
91,62001,254,2.64
91,64001,254,2.79
91,65535,254,2.83
101,1,1,4.72
101,2001,1,4.52
101,4001,1,4.54
101,6001,1,4.45
101,8001,1,4.64
101,10001,1,4.52
101,12001,1,4.66
101,14001,1,4.72
101,16001,1,4.49
101,18001,1,4.66
101,20001,1,4.51
101,22001,1,4.61
101,24001,1,4.64
101,26001,1,4.55
101,28001,1,4.6
101,30001,1,4.72
101,32001,1,4.52
101,34001,1,4.63
101,36001,1,4.5
101,38001,1,4.51
101,40001,1,4.76
101,42001,1,4.65
101,44001,1,4.46
101,46001,1,4.62
101,48001,1,4.61
101,50001,1,4.6
101,52001,1,4.54
101,54001,1,4.66
101,56001,1,4.75
101,58001,1,4.59
101,60001,1,4.74
101,62001,1,4.76
101,64001,1,4.53
101,65535,1,4.62
101,1,21,4.68
101,2001,21,4.82
101,4001,21,4.69
101,6001,21,4.67
101,8001,21,4.6
101,10001,21,4.47
101,12001,21,4.33
101,14001,21,4.44
101,16001,21,4.38
101,18001,21,4.52
101,20001,21,4.26
101,22001,21,4.25
101,24001,21,4.22
101,26001,21,4.36
101,28001,21,4.29
101,30001,21,4.12
101,32001,21,4.19
101,34001,21,4.34
101,36001,21,4.52
101,38001,21,4.46
101,40001,21,4.68
101,42001,21,4.54
101,44001,21,4.55
101,46001,21,4.83
101,48001,21,4.71
101,50001,21,4.7
101,52001,21,4.81
101,54001,21,4.97
101,56001,21,4.79
101,58001,21,4.89
101,60001,21,4.83
101,62001,21,4.73
101,64001,21,4.64
101,65535,21,4.69
101,1,41,4.35
101,2001,41,4.41
101,4001,41,4.35
101,6001,41,4.52
101,8001,41,4.57
101,10001,41,4.5
101,12001,41,4.49
101,14001,41,4.35
101,16001,41,4.24
101,18001,41,4.15
101,20001,41,4.09
101,22001,41,4.09
101,24001,41,4.04
101,26001,41,4.0
101,28001,41,3.98
101,30001,41,4.11
101,32001,41,4.0
101,34001,41,4.18
101,36001,41,4.18
101,38001,41,4.34
101,40001,41,4.44
101,42001,41,4.61
101,44001,41,4.68
101,46001,41,4.77
101,48001,41,4.95
101,50001,41,5.0
101,52001,41,4.87
101,54001,41,4.66
101,56001,41,4.58
101,58001,41,4.58
101,60001,41,4.4
101,62001,41,4.38
101,64001,41,4.41
101,65535,41,4.27
101,1,61,3.94
101,2001,61,4.16
101,4001,61,4.28
101,6001,61,4.41
101,8001,61,4.54
101,10001,61,4.6
101,12001,61,4.28
101,14001,61,4.25
101,16001,61,4.18
101,18001,61,4.02
101,20001,61,3.92
101,22001,61,3.69
101,24001,61,3.8
101,26001,61,3.86
101,28001,61,3.75
101,30001,61,3.83
101,32001,61,3.91
101,34001,61,4.03
101,36001,61,4.04
101,38001,61,4.4
101,40001,61,4.51
101,42001,61,4.61
101,44001,61,4.81
101,46001,61,4.96
101,48001,61,5.07
101,50001,61,5.06
101,52001,61,4.65
101,54001,61,4.59
101,56001,61,4.43
101,58001,61,4.34
101,60001,61,4.23
101,62001,61,4.19
101,64001,61,4.12
101,65535,61,4.05
101,1,81,3.75
101,2001,81,3.83
101,4001,81,4.01
101,6001,81,4.17
101,8001,81,4.33
101,10001,81,4.49
101,12001,81,4.17
101,14001,81,4.17
101,16001,81,4.0
101,18001,81,3.74
101,20001,81,3.79
101,22001,81,3.68
101,24001,81,3.43
101,26001,81,3.52
101,28001,81,3.69
101,30001,81,3.62
101,32001,81,3.79
101,34001,81,3.85
101,36001,81,4.13
101,38001,81,4.08
101,40001,81,4.41
101,42001,81,4.74
101,44001,81,4.9
101,46001,81,5.11
101,48001,81,5.17
101,50001,81,4.9
101,52001,81,4.51
101,54001,81,4.24
101,56001,81,4.08
101,58001,81,3.91
101,60001,81,3.84
101,62001,81,3.85
101,64001,81,3.73
101,65535,81,3.67
101,1,101,3.47
101,2001,101,3.55
101,4001,101,3.63
101,6001,101,3.85
101,8001,101,3.94
101,10001,101,4.24
101,12001,101,4.17
101,14001,101,3.95
101,16001,101,3.84
101,18001,101,3.63
101,20001,101,3.5
101,22001,101,3.38
101,24001,101,3.42
101,26001,101,3.29
101,28001,101,3.57
101,30001,101,3.57
101,32001,101,3.61
101,34001,101,3.69
101,36001,101,3.77
101,38001,101,4.05
101,40001,101,4.4
101,42001,101,4.62
101,44001,101,5.08
101,46001,101,5.46
101,48001,101,5.37
101,50001,101,4.87
101,52001,101,4.5
101,54001,101,4.1
101,56001,101,3.94
101,58001,101,3.76
101,60001,101,3.71
101,62001,101,3.67
101,64001,101,3.44
101,65535,101,3.58
101,1,121,3.3
101,2001,121,3.44
101,4001,121,3.56
101,6001,121,3.79
101,8001,121,4.02
101,10001,121,4.33
101,12001,121,4.08
101,14001,121,3.91
101,16001,121,3.67
101,18001,121,3.4
101,20001,121,3.36
101,22001,121,3.26
101,24001,121,3.2
101,26001,121,3.13
101,28001,121,3.45
101,30001,121,3.34
101,32001,121,3.45
101,34001,121,3.55
101,36001,121,3.65
101,38001,121,4.11
101,40001,121,4.48
101,42001,121,4.74
101,44001,121,4.59
101,46001,121,5.0
101,48001,121,5.32
101,50001,121,4.88
101,52001,121,4.37
101,54001,121,4.06
101,56001,121,3.66
101,58001,121,3.64
101,60001,121,3.33
101,62001,121,3.32
101,64001,121,3.3
101,65535,121,3.32
101,1,141,3.08
101,2001,141,3.09
101,4001,141,3.4
101,6001,141,3.6
101,8001,141,3.84
101,10001,141,4.22
101,12001,141,4.12
101,14001,141,3.89
101,16001,141,3.59
101,18001,141,3.39
101,20001,141,3.12
101,22001,141,3.11
101,24001,141,3.0
101,26001,141,3.17
101,28001,141,3.22
101,30001,141,3.28
101,32001,141,3.33
101,34001,141,3.52
101,36001,141,3.66
101,38001,141,3.94
101,40001,141,4.47
101,42001,141,4.25
101,44001,141,4.17
101,46001,141,4.4
101,48001,141,4.84
101,50001,141,4.91
101,52001,141,4.35
101,54001,141,3.94
101,56001,141,3.65
101,58001,141,3.49
101,60001,141,3.33
101,62001,141,3.28
101,64001,141,3.22
101,65535,141,3.0
101,1,161,2.95
101,2001,161,2.99
101,4001,161,3.17
101,6001,161,3.64
101,8001,161,3.81
101,10001,161,4.12
101,12001,161,4.11
101,14001,161,3.85
101,16001,161,3.5
101,18001,161,3.13
101,20001,161,3.18
101,22001,161,2.92
101,24001,161,2.97
101,26001,161,3.02
101,28001,161,3.08
101,30001,161,3.17
101,32001,161,3.39
101,34001,161,3.36
101,36001,161,3.63
101,38001,161,3.94
101,40001,161,4.22
101,42001,161,3.91
101,44001,161,3.51
101,46001,161,3.93
101,48001,161,4.3
101,50001,161,4.95
101,52001,161,4.25
101,54001,161,3.78
101,56001,161,3.56
101,58001,161,3.38
101,60001,161,3.26
101,62001,161,3.2
101,64001,161,3.01
101,65535,161,3.01
101,1,181,2.88
101,2001,181,2.93
101,4001,181,3.13
101,6001,181,3.31
101,8001,181,3.74
101,10001,181,4.02
101,12001,181,4.16
101,14001,181,3.7
101,16001,181,3.38
101,18001,181,3.15
101,20001,181,3.11
101,22001,181,2.99
101,24001,181,2.91
101,26001,181,2.97
101,28001,181,3.02
101,30001,181,3.1
101,32001,181,3.26
101,34001,181,3.27
101,36001,181,3.83
101,38001,181,4.06
101,40001,181,4.07
101,42001,181,3.56
101,44001,181,3.3
101,46001,181,3.59
101,48001,181,4.05
101,50001,181,4.64
101,52001,181,4.28
101,54001,181,3.75
101,56001,181,3.49
101,58001,181,3.32
101,60001,181,3.06
101,62001,181,3.13
101,64001,181,2.85
101,65535,181,2.87
101,1,201,2.8
101,2001,201,2.99
101,4001,201,3.08
101,6001,201,3.31
101,8001,201,3.67
101,10001,201,4.09
101,12001,201,3.99
101,14001,201,3.62
101,16001,201,3.24
101,18001,201,3.11
101,20001,201,3.04
101,22001,201,2.89
101,24001,201,2.84
101,26001,201,2.76
101,28001,201,2.91
101,30001,201,2.99
101,32001,201,3.25
101,34001,201,3.41
101,36001,201,3.85
101,38001,201,4.15
101,40001,201,3.59
101,42001,201,3.27
101,44001,201,3.07
101,46001,201,3.27
101,48001,201,3.74
101,50001,201,4.2
101,52001,201,4.25
101,54001,201,3.72
101,56001,201,3.51
101,58001,201,3.19
101,60001,201,3.06
101,62001,201,2.95
101,64001,201,3.01
101,65535,201,2.87
101,1,221,2.85
101,2001,221,2.8
101,4001,221,2.98
101,6001,221,3.32
101,8001,221,3.6
101,10001,221,4.03
101,12001,221,3.98
101,14001,221,3.62
101,16001,221,3.31
101,18001,221,3.08
101,20001,221,2.88
101,22001,221,2.8
101,24001,221,2.87
101,26001,221,2.83
101,28001,221,2.97
101,30001,221,2.98
101,32001,221,3.34
101,34001,221,3.51
101,36001,221,4.02
101,38001,221,3.77
101,40001,221,3.28
101,42001,221,2.92
101,44001,221,2.88
101,46001,221,3.1
101,48001,221,3.37
101,50001,221,4.03
101,52001,221,4.31
101,54001,221,3.69
101,56001,221,3.4
101,58001,221,3.2
101,60001,221,3.04
101,62001,221,2.79
101,64001,221,2.78
101,65535,221,2.94
101,1,241,2.86
101,2001,241,2.9
101,4001,241,2.99
101,6001,241,3.19
101,8001,241,3.59
101,10001,241,3.98
101,12001,241,3.95
101,14001,241,3.59
101,16001,241,3.27
101,18001,241,3.04
101,20001,241,2.83
101,22001,241,2.91
101,24001,241,2.79
101,26001,241,2.95
101,28001,241,3.11
101,30001,241,3.06
101,32001,241,3.38
101,34001,241,3.63
101,36001,241,4.25
101,38001,241,3.58
101,40001,241,3.12
101,42001,241,2.99
101,44001,241,2.76
101,46001,241,3.01
101,48001,241,3.36
101,50001,241,3.89
101,52001,241,4.47
101,54001,241,3.75
101,56001,241,3.38
101,58001,241,3.12
101,60001,241,2.96
101,62001,241,2.76
101,64001,241,2.79
101,65535,241,2.81
101,1,254,2.83
101,2001,254,2.9
101,4001,254,2.94
101,6001,254,3.14
101,8001,254,3.52
101,10001,254,3.9
101,12001,254,4.08
101,14001,254,3.44
101,16001,254,3.14
101,18001,254,3.1
101,20001,254,2.88
101,22001,254,2.79
101,24001,254,2.77
101,26001,254,2.78
101,28001,254,2.85
101,30001,254,3.13
101,32001,254,3.23
101,34001,254,3.58
101,36001,254,4.27
101,38001,254,3.47
101,40001,254,3.11
101,42001,254,2.83
101,44001,254,2.92
101,46001,254,2.96
101,48001,254,3.2
101,50001,254,3.73
101,52001,254,4.38
101,54001,254,3.68
101,56001,254,3.34
101,58001,254,3.12
101,60001,254,2.88
101,62001,254,2.74
101,64001,254,2.93
101,65535,254,2.83
111,1,1,4.76
111,2001,1,4.84
111,4001,1,4.82
111,6001,1,4.73
111,8001,1,4.77
111,10001,1,4.76
111,12001,1,4.83
111,14001,1,4.85
111,16001,1,4.78
111,18001,1,4.75
111,20001,1,4.85
111,22001,1,4.78
111,24001,1,4.72
111,26001,1,4.78
111,28001,1,4.75
111,30001,1,4.72
111,32001,1,4.77
111,34001,1,4.8
111,36001,1,4.79
111,38001,1,4.81
111,40001,1,4.84
111,42001,1,4.8
111,44001,1,4.77
111,46001,1,4.81
111,48001,1,4.93
111,50001,1,4.85
111,52001,1,4.9
111,54001,1,4.66
111,56001,1,4.86
111,58001,1,4.7
111,60001,1,4.81
111,62001,1,4.76
111,64001,1,4.67
111,65535,1,4.74
111,1,21,4.82
111,2001,21,4.98
111,4001,21,4.88
111,6001,21,4.75
111,8001,21,4.74
111,10001,21,4.55
111,12001,21,4.62
111,14001,21,4.74
111,16001,21,4.54
111,18001,21,4.66
111,20001,21,4.55
111,22001,21,4.64
111,24001,21,4.42
111,26001,21,4.39
111,28001,21,4.39
111,30001,21,4.41
111,32001,21,4.52
111,34001,21,4.42
111,36001,21,4.55
111,38001,21,4.7
111,40001,21,4.73
111,42001,21,4.71
111,44001,21,4.76
111,46001,21,4.8
111,48001,21,5.09
111,50001,21,5.0
111,52001,21,5.04
111,54001,21,5.03
111,56001,21,5.04
111,58001,21,5.08
111,60001,21,5.07
111,62001,21,4.86
111,64001,21,4.97
111,65535,21,4.85
111,1,41,4.48
111,2001,41,4.62
111,4001,41,4.72
111,6001,41,4.72
111,8001,41,4.73
111,10001,41,4.82
111,12001,41,4.48
111,14001,41,4.53
111,16001,41,4.37
111,18001,41,4.26
111,20001,41,4.2
111,22001,41,4.25
111,24001,41,4.14
111,26001,41,4.22
111,28001,41,4.18
111,30001,41,4.24
111,32001,41,4.23
111,34001,41,4.29
111,36001,41,4.3
111,38001,41,4.58
111,40001,41,4.76
111,42001,41,4.7
111,44001,41,4.9
111,46001,41,5.08
111,48001,41,5.2
111,50001,41,5.25
111,52001,41,5.0
111,54001,41,4.98
111,56001,41,4.83
111,58001,41,4.85
111,60001,41,4.63
111,62001,41,4.66
111,64001,41,4.53
111,65535,41,4.45
111,1,61,4.2
111,2001,61,4.29
111,4001,61,4.46
111,6001,61,4.58
111,8001,61,4.61
111,10001,61,4.68
111,12001,61,4.53
111,14001,61,4.37
111,16001,61,4.28
111,18001,61,4.28
111,20001,61,4.07
111,22001,61,4.04
111,24001,61,4.03
111,26001,61,3.9
111,28001,61,4.0
111,30001,61,4.09
111,32001,61,4.18
111,34001,61,4.17
111,36001,61,4.28
111,38001,61,4.49
111,40001,61,4.56
111,42001,61,4.71
111,44001,61,5.01
111,46001,61,5.27
111,48001,61,5.39
111,50001,61,5.18
111,52001,61,4.99
111,54001,61,4.79
111,56001,61,4.63
111,58001,61,4.43
111,60001,61,4.34
111,62001,61,4.34
111,64001,61,4.21
111,65535,61,4.11
111,1,81,3.87
111,2001,81,4.09
111,4001,81,4.15
111,6001,81,4.28
111,8001,81,4.68
111,10001,81,4.63
111,12001,81,4.35
111,14001,81,4.18
111,16001,81,4.27
111,18001,81,3.94
111,20001,81,4.03
111,22001,81,3.76
111,24001,81,3.7
111,26001,81,3.88
111,28001,81,3.81
111,30001,81,3.71
111,32001,81,3.91
111,34001,81,3.94
111,36001,81,4.17
111,38001,81,4.36
111,40001,81,4.64
111,42001,81,4.85
111,44001,81,5.18
111,46001,81,5.42
111,48001,81,5.58
111,50001,81,5.02
111,52001,81,4.7
111,54001,81,4.46
111,56001,81,4.36
111,58001,81,4.12
111,60001,81,4.12
111,62001,81,3.96
111,64001,81,3.96
111,65535,81,3.95
111,1,101,3.66
111,2001,101,3.83
111,4001,101,3.84
111,6001,101,4.08
111,8001,101,4.42
111,10001,101,4.54
111,12001,101,4.23
111,14001,101,4.2
111,16001,101,3.98
111,18001,101,3.82
111,20001,101,3.76
111,22001,101,3.52
111,24001,101,3.55
111,26001,101,3.58
111,28001,101,3.56
111,30001,101,3.63
111,32001,101,3.6
111,34001,101,3.82
111,36001,101,4.05
111,38001,101,4.22
111,40001,101,4.49
111,42001,101,4.77
111,44001,101,5.26
111,46001,101,5.81
111,48001,101,5.82
111,50001,101,5.1
111,52001,101,4.63
111,54001,101,4.33
111,56001,101,4.08
111,58001,101,4.04
111,60001,101,3.88
111,62001,101,3.92
111,64001,101,3.68
111,65535,101,3.61
111,1,121,3.32
111,2001,121,3.56
111,4001,121,3.88
111,6001,121,3.8
111,8001,121,4.06
111,10001,121,4.38
111,12001,121,4.33
111,14001,121,4.18
111,16001,121,3.88
111,18001,121,3.66
111,20001,121,3.52
111,22001,121,3.46
111,24001,121,3.38
111,26001,121,3.37
111,28001,121,3.41
111,30001,121,3.57
111,32001,121,3.53
111,34001,121,3.8
111,36001,121,3.96
111,38001,121,4.19
111,40001,121,4.38
111,42001,121,5.06
111,44001,121,4.64
111,46001,121,5.15
111,48001,121,5.58
111,50001,121,5.08
111,52001,121,4.57
111,54001,121,4.22
111,56001,121,3.85
111,58001,121,3.8
111,60001,121,3.62
111,62001,121,3.41
111,64001,121,3.31
111,65535,121,3.29
111,1,141,3.29
111,2001,141,3.38
111,4001,141,3.47
111,6001,141,3.77
111,8001,141,4.11
111,10001,141,4.31
111,12001,141,4.13
111,14001,141,4.03
111,16001,141,3.68
111,18001,141,3.54
111,20001,141,3.4
111,22001,141,3.31
111,24001,141,3.18
111,26001,141,3.27
111,28001,141,3.37
111,30001,141,3.41
111,32001,141,3.5
111,34001,141,3.73
111,36001,141,3.76
111,38001,141,4.22
111,40001,141,4.61
111,42001,141,4.41
111,44001,141,4.24
111,46001,141,4.65
111,48001,141,5.13
111,50001,141,5.0
111,52001,141,4.53
111,54001,141,4.06
111,56001,141,3.83
111,58001,141,3.68
111,60001,141,3.53
111,62001,141,3.32
111,64001,141,3.22
111,65535,141,3.22
111,1,161,2.99
111,2001,161,3.16
111,4001,161,3.22
111,6001,161,3.69
111,8001,161,3.97
111,10001,161,4.24
111,12001,161,4.21
111,14001,161,3.95
111,16001,161,3.6
111,18001,161,3.51
111,20001,161,3.19
111,22001,161,3.0
111,24001,161,3.09
111,26001,161,3.12
111,28001,161,3.27
111,30001,161,3.28
111,32001,161,3.4
111,34001,161,3.6
111,36001,161,3.85
111,38001,161,4.02
111,40001,161,4.31
111,42001,161,3.98
111,44001,161,3.74
111,46001,161,4.01
111,48001,161,4.52
111,50001,161,5.03
111,52001,161,4.32
111,54001,161,4.09
111,56001,161,3.67
111,58001,161,3.49
111,60001,161,3.3
111,62001,161,3.27
111,64001,161,3.11
111,65535,161,3.04
111,1,181,2.99
111,2001,181,3.15
111,4001,181,3.34
111,6001,181,3.57
111,8001,181,3.83
111,10001,181,4.3
111,12001,181,4.37
111,14001,181,3.83
111,16001,181,3.4
111,18001,181,3.4
111,20001,181,3.1
111,22001,181,2.98
111,24001,181,2.99
111,26001,181,3.0
111,28001,181,3.08
111,30001,181,3.26
111,32001,181,3.44
111,34001,181,3.42
111,36001,181,3.86
111,38001,181,4.02
111,40001,181,4.14
111,42001,181,3.68
111,44001,181,3.64
111,46001,181,3.71
111,48001,181,4.14
111,50001,181,5.05
111,52001,181,4.47
111,54001,181,3.95
111,56001,181,3.41
111,58001,181,3.32
111,60001,181,3.22
111,62001,181,3.16
111,64001,181,3.04
111,65535,181,2.9
111,1,201,2.98
111,2001,201,2.93
111,4001,201,3.2
111,6001,201,3.57
111,8001,201,3.97
111,10001,201,4.15
111,12001,201,4.12
111,14001,201,3.87
111,16001,201,3.44
111,18001,201,3.28
111,20001,201,3.01
111,22001,201,2.95
111,24001,201,2.85
111,26001,201,2.96
111,28001,201,3.06
111,30001,201,3.29
111,32001,201,3.35
111,34001,201,3.54
111,36001,201,3.91
111,38001,201,4.36
111,40001,201,3.8
111,42001,201,3.42
111,44001,201,3.02
111,46001,201,3.33
111,48001,201,3.81
111,50001,201,4.39
111,52001,201,4.34
111,54001,201,3.9
111,56001,201,3.48
111,58001,201,3.33
111,60001,201,3.19
111,62001,201,3.03
111,64001,201,2.9
111,65535,201,2.95
111,1,221,3.02
111,2001,221,2.96
111,4001,221,3.17
111,6001,221,3.44
111,8001,221,3.76
111,10001,221,4.09
111,12001,221,4.16
111,14001,221,3.81
111,16001,221,3.58
111,18001,221,3.12
111,20001,221,3.01
111,22001,221,3.06
111,24001,221,2.92
111,26001,221,3.05
111,28001,221,3.08
111,30001,221,3.19
111,32001,221,3.38
111,34001,221,3.65
111,36001,221,4.13
111,38001,221,3.92
111,40001,221,3.49
111,42001,221,3.01
111,44001,221,3.0
111,46001,221,3.26
111,48001,221,3.67
111,50001,221,4.18
111,52001,221,4.44
111,54001,221,3.94
111,56001,221,3.56
111,58001,221,3.25
111,60001,221,3.04
111,62001,221,3.07
111,64001,221,3.01
111,65535,221,2.86
111,1,241,2.94
111,2001,241,3.05
111,4001,241,2.93
111,6001,241,3.25
111,8001,241,3.68
111,10001,241,4.17
111,12001,241,4.15
111,14001,241,3.73
111,16001,241,3.29
111,18001,241,3.08
111,20001,241,2.94
111,22001,241,3.01
111,24001,241,2.96
111,26001,241,2.89
111,28001,241,3.15
111,30001,241,3.26
111,32001,241,3.49
111,34001,241,3.78
111,36001,241,4.39
111,38001,241,3.63
111,40001,241,3.27
111,42001,241,2.9
111,44001,241,3.03
111,46001,241,3.14
111,48001,241,3.46
111,50001,241,4.05
111,52001,241,4.45
111,54001,241,3.82
111,56001,241,3.44
111,58001,241,3.15
111,60001,241,3.05
111,62001,241,2.96
111,64001,241,3.02
111,65535,241,2.97
111,1,254,2.9
111,2001,254,3.04
111,4001,254,3.07
111,6001,254,3.21
111,8001,254,3.68
111,10001,254,4.12
111,12001,254,4.07
111,14001,254,3.67
111,16001,254,3.48
111,18001,254,3.1
111,20001,254,2.94
111,22001,254,2.86
111,24001,254,2.93
111,26001,254,2.87
111,28001,254,3.04
111,30001,254,3.16
111,32001,254,3.44
111,34001,254,3.73
111,36001,254,4.43
111,38001,254,3.6
111,40001,254,3.04
111,42001,254,2.92
111,44001,254,3.07
111,46001,254,2.98
111,48001,254,3.34
111,50001,254,4.03
111,52001,254,4.53
111,54001,254,3.83
111,56001,254,3.49
111,58001,254,3.23
111,60001,254,3.11
111,62001,254,2.96
111,64001,254,2.96
111,65535,254,2.99
121,1,1,5.07
121,2001,1,5.21
121,4001,1,5.07
121,6001,1,5.26
121,8001,1,5.05
121,10001,1,5.13
121,12001,1,5.05
121,14001,1,5.07
121,16001,1,4.92
121,18001,1,5.18
121,20001,1,4.87
121,22001,1,5.06
121,24001,1,5.16
121,26001,1,5.13
121,28001,1,5.02
121,30001,1,4.85
121,32001,1,5.01
121,34001,1,5.02
121,36001,1,5.0
121,38001,1,5.09
121,40001,1,5.0
121,42001,1,5.11
121,44001,1,4.98
121,46001,1,5.0
121,48001,1,4.98
121,50001,1,4.93
121,52001,1,4.99
121,54001,1,5.1
121,56001,1,5.01
121,58001,1,5.07
121,60001,1,5.02
121,62001,1,4.9
121,64001,1,5.02
121,65535,1,4.95
121,1,21,5.07
121,2001,21,5.23
121,4001,21,5.14
121,6001,21,5.09
121,8001,21,5.01
121,10001,21,4.93
121,12001,21,4.98
121,14001,21,5.04
121,16001,21,4.84
121,18001,21,4.78
121,20001,21,4.71
121,22001,21,4.67
121,24001,21,4.48
121,26001,21,4.68
121,28001,21,4.63
121,30001,21,4.67
121,32001,21,4.66
121,34001,21,4.8
121,36001,21,4.82
121,38001,21,4.77
121,40001,21,4.98
121,42001,21,4.89
121,44001,21,5.01
121,46001,21,5.03
121,48001,21,5.23
121,50001,21,5.15
121,52001,21,5.27
121,54001,21,5.31
121,56001,21,5.36
121,58001,21,5.22
121,60001,21,5.26
121,62001,21,5.22
121,64001,21,5.2
121,65535,21,5.17
121,1,41,4.71
121,2001,41,4.89
121,4001,41,4.89
121,6001,41,5.12
121,8001,41,5.0
121,10001,41,4.87
121,12001,41,4.75
121,14001,41,4.67
121,16001,41,4.45
121,18001,41,4.6
121,20001,41,4.35
121,22001,41,4.48
121,24001,41,4.34
121,26001,41,4.36
121,28001,41,4.34
121,30001,41,4.53
121,32001,41,4.53
121,34001,41,4.58
121,36001,41,4.71
121,38001,41,4.7
121,40001,41,4.75
121,42001,41,4.92
121,44001,41,5.21
121,46001,41,5.19
121,48001,41,5.29
121,50001,41,5.53
121,52001,41,5.24
121,54001,41,5.09
121,56001,41,5.0
121,58001,41,4.86
121,60001,41,4.75
121,62001,41,4.81
121,64001,41,4.71
121,65535,41,4.79
121,1,61,4.37
121,2001,61,4.35
121,4001,61,4.62
121,6001,61,4.74
121,8001,61,4.86
121,10001,61,4.92
121,12001,61,4.72
121,14001,61,4.55
121,16001,61,4.5
121,18001,61,4.33
121,20001,61,4.29
121,22001,61,4.16
121,24001,61,4.08
121,26001,61,4.18
121,28001,61,4.08
121,30001,61,4.25
121,32001,61,4.2
121,34001,61,4.23
121,36001,61,4.43
121,38001,61,4.62
121,40001,61,4.86
121,42001,61,4.97
121,44001,61,5.3
121,46001,61,5.4
121,48001,61,5.57
121,50001,61,5.34
121,52001,61,5.14
121,54001,61,4.95
121,56001,61,4.79
121,58001,61,4.5
121,60001,61,4.48
121,62001,61,4.54
121,64001,61,4.35
121,65535,61,4.38
121,1,81,4.07
121,2001,81,4.06
121,4001,81,4.41
121,6001,81,4.46
121,8001,81,4.68
121,10001,81,4.77
121,12001,81,4.54
121,14001,81,4.41
121,16001,81,4.32
121,18001,81,4.22
121,20001,81,4.09
121,22001,81,3.88
121,24001,81,3.8
121,26001,81,3.94
121,28001,81,3.9
121,30001,81,3.98
121,32001,81,3.96
121,34001,81,4.06
121,36001,81,4.39
121,38001,81,4.54
121,40001,81,4.79
121,42001,81,4.99
121,44001,81,5.41
121,46001,81,5.71
121,48001,81,5.76
121,50001,81,5.31
121,52001,81,4.95
121,54001,81,4.57
121,56001,81,4.59
121,58001,81,4.39
121,60001,81,4.24
121,62001,81,4.25
121,64001,81,4.02
121,65535,81,3.85
121,1,101,3.83
121,2001,101,3.87
121,4001,101,4.08
121,6001,101,4.39
121,8001,101,4.47
121,10001,101,4.72
121,12001,101,4.61
121,14001,101,4.39
121,16001,101,4.07
121,18001,101,3.94
121,20001,101,3.75
121,22001,101,3.57
121,24001,101,3.6
121,26001,101,3.81
121,28001,101,3.79
121,30001,101,3.91
121,32001,101,3.9
121,34001,101,3.98
121,36001,101,4.21
121,38001,101,4.33
121,40001,101,4.69
121,42001,101,5.18
121,44001,101,5.69
121,46001,101,6.0
121,48001,101,5.92
121,50001,101,5.31
121,52001,101,4.81
121,54001,101,4.54
121,56001,101,4.25
121,58001,101,4.09
121,60001,101,3.96
121,62001,101,3.97
121,64001,101,3.81
121,65535,101,3.62
121,1,121,3.41
121,2001,121,3.56
121,4001,121,3.84
121,6001,121,4.05
121,8001,121,4.32
121,10001,121,4.72
121,12001,121,4.44
121,14001,121,4.25
121,16001,121,3.98
121,18001,121,3.9
121,20001,121,3.58
121,22001,121,3.49
121,24001,121,3.41
121,26001,121,3.49
121,28001,121,3.61
121,30001,121,3.74
121,32001,121,3.69
121,34001,121,3.88
121,36001,121,4.11
121,38001,121,4.35
121,40001,121,4.7
121,42001,121,5.22
121,44001,121,4.96
121,46001,121,5.42
121,48001,121,5.81
121,50001,121,5.26
121,52001,121,4.81
121,54001,121,4.48
121,56001,121,4.21
121,58001,121,3.91
121,60001,121,3.76
121,62001,121,3.75
121,64001,121,3.54
121,65535,121,3.45
121,1,141,3.12
121,2001,141,3.5
121,4001,141,3.82
121,6001,141,3.87
121,8001,141,4.18
121,10001,141,4.47
121,12001,141,4.53
121,14001,141,4.22
121,16001,141,3.81
121,18001,141,3.57
121,20001,141,3.38
121,22001,141,3.35
121,24001,141,3.45
121,26001,141,3.38
121,28001,141,3.46
121,30001,141,3.52
121,32001,141,3.68
121,34001,141,3.9
121,36001,141,4.03
121,38001,141,4.37
121,40001,141,4.84
121,42001,141,4.71
121,44001,141,4.41
121,46001,141,4.77
121,48001,141,5.3
121,50001,141,5.34
121,52001,141,4.55
121,54001,141,4.3
121,56001,141,4.09
121,58001,141,3.71
121,60001,141,3.57
121,62001,141,3.48
121,64001,141,3.41
121,65535,141,3.35
121,1,161,3.16
121,2001,161,3.33
121,4001,161,3.51
121,6001,161,3.69
121,8001,161,4.03
121,10001,161,4.35
121,12001,161,4.39
121,14001,161,4.03
121,16001,161,3.87
121,18001,161,3.46
121,20001,161,3.3
121,22001,161,3.17
121,24001,161,3.19
121,26001,161,3.3
121,28001,161,3.24
121,30001,161,3.51
121,32001,161,3.55
121,34001,161,3.66
121,36001,161,3.98
121,38001,161,4.36
121,40001,161,4.75
121,42001,161,4.14
121,44001,161,3.99
121,46001,161,4.06
121,48001,161,4.85
121,50001,161,5.26
121,52001,161,4.61
121,54001,161,4.28
121,56001,161,3.91
121,58001,161,3.57
121,60001,161,3.47
121,62001,161,3.34
121,64001,161,3.15
121,65535,161,3.17
121,1,181,3.04
121,2001,181,3.37
121,4001,181,3.38
121,6001,181,3.72
121,8001,181,4.02
121,10001,181,4.43
121,12001,181,4.47
121,14001,181,4.03
121,16001,181,3.64
121,18001,181,3.49
121,20001,181,3.25
121,22001,181,3.12
121,24001,181,3.2
121,26001,181,3.2
121,28001,181,3.21
121,30001,181,3.4
121,32001,181,3.48
121,34001,181,3.83
121,36001,181,3.92
121,38001,181,4.33
121,40001,181,4.36
121,42001,181,3.84
121,44001,181,3.61
121,46001,181,3.98
121,48001,181,4.26
121,50001,181,5.03
121,52001,181,4.67
121,54001,181,4.15
121,56001,181,3.78
121,58001,181,3.48
121,60001,181,3.24
121,62001,181,3.22
121,64001,181,3.18
121,65535,181,3.11
121,1,201,3.1
121,2001,201,3.24
121,4001,201,3.33
121,6001,201,3.59
121,8001,201,4.07
121,10001,201,4.51
121,12001,201,4.25
121,14001,201,4.03
121,16001,201,3.72
121,18001,201,3.46
121,20001,201,3.1
121,22001,201,3.03
121,24001,201,3.0
121,26001,201,3.08
121,28001,201,3.24
121,30001,201,3.35
121,32001,201,3.46
121,34001,201,3.83
121,36001,201,4.19
121,38001,201,4.45
121,40001,201,3.85
121,42001,201,3.36
121,44001,201,3.46
121,46001,201,3.6
121,48001,201,3.98
121,50001,201,4.69
121,52001,201,4.65
121,54001,201,4.0
121,56001,201,3.64
121,58001,201,3.45
121,60001,201,3.23
121,62001,201,3.21
121,64001,201,3.19
121,65535,201,3.15
121,1,221,3.13
121,2001,221,3.03
121,4001,221,3.27
121,6001,221,3.44
121,8001,221,3.97
121,10001,221,4.32
121,12001,221,4.37
121,14001,221,3.95
121,16001,221,3.56
121,18001,221,3.42
121,20001,221,3.21
121,22001,221,3.03
121,24001,221,3.13
121,26001,221,3.04
121,28001,221,3.26
121,30001,221,3.38
121,32001,221,3.56
121,34001,221,3.88
121,36001,221,4.39
121,38001,221,4.13
121,40001,221,3.5
121,42001,221,3.1
121,44001,221,3.18
121,46001,221,3.44
121,48001,221,3.74
121,50001,221,4.3
121,52001,221,4.67
121,54001,221,3.97
121,56001,221,3.81
121,58001,221,3.36
121,60001,221,3.03
121,62001,221,3.17
121,64001,221,3.13
121,65535,221,3.07
121,1,241,3.2
121,2001,241,3.2
121,4001,241,3.26
121,6001,241,3.48
121,8001,241,3.85
121,10001,241,4.4
121,12001,241,4.29
121,14001,241,3.96
121,16001,241,3.43
121,18001,241,3.23
121,20001,241,3.14
121,22001,241,3.04
121,24001,241,3.06
121,26001,241,2.99
121,28001,241,3.17
121,30001,241,3.43
121,32001,241,3.54
121,34001,241,3.93
121,36001,241,4.55
121,38001,241,3.88
121,40001,241,3.39
121,42001,241,3.14
121,44001,241,3.08
121,46001,241,3.19
121,48001,241,3.68
121,50001,241,4.28
121,52001,241,4.61
121,54001,241,3.96
121,56001,241,3.58
121,58001,241,3.19
121,60001,241,3.1
121,62001,241,2.98
121,64001,241,3.0
121,65535,241,3.06
121,1,254,3.14
121,2001,254,3.13
121,4001,254,3.33
121,6001,254,3.4
121,8001,254,3.95
121,10001,254,4.23
121,12001,254,4.29
121,14001,254,3.91
121,16001,254,3.54
121,18001,254,3.2
121,20001,254,3.13
121,22001,254,2.94
121,24001,254,2.97
121,26001,254,3.09
121,28001,254,3.19
121,30001,254,3.3
121,32001,254,3.55
121,34001,254,4.04
121,36001,254,4.61
121,38001,254,3.88
121,40001,254,3.09
121,42001,254,3.08
121,44001,254,3.05
121,46001,254,3.06
121,48001,254,3.43
121,50001,254,4.21
121,52001,254,4.85
121,54001,254,4.09
121,56001,254,3.66
121,58001,254,3.31
121,60001,254,3.22
121,62001,254,3.21
121,64001,254,3.14
121,65535,254,2.98
131,1,1,5.36
131,2001,1,5.21
131,4001,1,5.25
131,6001,1,5.08
131,8001,1,5.33
131,10001,1,5.35
131,12001,1,5.22
131,14001,1,5.25
131,16001,1,5.22
131,18001,1,5.31
131,20001,1,5.29
131,22001,1,5.28
131,24001,1,5.32
131,26001,1,5.3
131,28001,1,5.17
131,30001,1,5.33
131,32001,1,5.25
131,34001,1,5.28
131,36001,1,5.34
131,38001,1,5.35
131,40001,1,5.43
131,42001,1,5.21
131,44001,1,5.22
131,46001,1,5.18
131,48001,1,5.38
131,50001,1,5.32
131,52001,1,5.36
131,54001,1,5.31
131,56001,1,5.26
131,58001,1,5.23
131,60001,1,5.23
131,62001,1,5.27
131,64001,1,5.35
131,65535,1,5.23
131,1,21,5.39
131,2001,21,5.47
131,4001,21,5.24
131,6001,21,5.27
131,8001,21,5.22
131,10001,21,5.17
131,12001,21,5.21
131,14001,21,5.03
131,16001,21,4.96
131,18001,21,5.16
131,20001,21,4.82
131,22001,21,4.78
131,24001,21,4.9
131,26001,21,4.78
131,28001,21,4.77
131,30001,21,4.88
131,32001,21,5.05
131,34001,21,4.93
131,36001,21,4.83
131,38001,21,5.07
131,40001,21,5.26
131,42001,21,5.08
131,44001,21,5.26
131,46001,21,5.33
131,48001,21,5.32
131,50001,21,5.41
131,52001,21,5.39
131,54001,21,5.52
131,56001,21,5.48
131,58001,21,5.5
131,60001,21,5.31
131,62001,21,5.44
131,64001,21,5.42
131,65535,21,5.3
131,1,41,5.01
131,2001,41,4.93
131,4001,41,5.09
131,6001,41,5.09
131,8001,41,5.39
131,10001,41,5.11
131,12001,41,5.0
131,14001,41,4.96
131,16001,41,4.92
131,18001,41,4.76
131,20001,41,4.63
131,22001,41,4.52
131,24001,41,4.58
131,26001,41,4.55
131,28001,41,4.62
131,30001,41,4.61
131,32001,41,4.66
131,34001,41,4.68
131,36001,41,4.84
131,38001,41,5.11
131,40001,41,5.19
131,42001,41,5.35
131,44001,41,5.37
131,46001,41,5.46
131,48001,41,5.71
131,50001,41,5.72
131,52001,41,5.52
131,54001,41,5.23
131,56001,41,5.14
131,58001,41,5.23
131,60001,41,4.92
131,62001,41,4.98
131,64001,41,5.0
131,65535,41,4.99
131,1,61,4.5
131,2001,61,4.68
131,4001,61,4.69
131,6001,61,5.01
131,8001,61,5.03
131,10001,61,5.11
131,12001,61,4.86
131,14001,61,4.82
131,16001,61,4.69
131,18001,61,4.61
131,20001,61,4.54
131,22001,61,4.16
131,24001,61,4.17
131,26001,61,4.32
131,28001,61,4.28
131,30001,61,4.37
131,32001,61,4.53
131,34001,61,4.58
131,36001,61,4.61
131,38001,61,4.92
131,40001,61,5.12
131,42001,61,5.38
131,44001,61,5.45
131,46001,61,5.7
131,48001,61,5.9
131,50001,61,5.66
131,52001,61,5.4
131,54001,61,5.24
131,56001,61,5.02
131,58001,61,4.79
131,60001,61,4.75
131,62001,61,4.71
131,64001,61,4.68
131,65535,61,4.59
131,1,81,4.26
131,2001,81,4.4
131,4001,81,4.47
131,6001,81,4.6
131,8001,81,4.93
131,10001,81,4.97
131,12001,81,5.08
131,14001,81,4.67
131,16001,81,4.59
131,18001,81,4.35
131,20001,81,4.13
131,22001,81,3.99
131,24001,81,4.04
131,26001,81,4.09
131,28001,81,4.08
131,30001,81,4.02
131,32001,81,4.14
131,34001,81,4.26
131,36001,81,4.5
131,38001,81,4.76
131,40001,81,4.91
131,42001,81,5.27
131,44001,81,5.64
131,46001,81,5.98
131,48001,81,6.03
131,50001,81,5.61
131,52001,81,5.21
131,54001,81,4.87
131,56001,81,4.69
131,58001,81,4.62
131,60001,81,4.43
131,62001,81,4.28
131,64001,81,4.28
131,65535,81,4.22
131,1,101,3.91
131,2001,101,3.94
131,4001,101,4.19
131,6001,101,4.5
131,8001,101,4.7
131,10001,101,4.82
131,12001,101,4.83
131,14001,101,4.48
131,16001,101,4.31
131,18001,101,4.16
131,20001,101,3.92
131,22001,101,3.79
131,24001,101,3.8
131,26001,101,3.87
131,28001,101,3.96
131,30001,101,3.94
131,32001,101,4.01
131,34001,101,4.1
131,36001,101,4.49
131,38001,101,4.72
131,40001,101,5.0
131,42001,101,5.4
131,44001,101,5.91
131,46001,101,6.35
131,48001,101,6.12
131,50001,101,5.64
131,52001,101,5.02
131,54001,101,4.65
131,56001,101,4.48
131,58001,101,4.29
131,60001,101,4.18
131,62001,101,4.06
131,64001,101,4.11
131,65535,101,3.86
131,1,121,3.56
131,2001,121,3.81
131,4001,121,4.09
131,6001,121,4.2
131,8001,121,4.68
131,10001,121,4.8
131,12001,121,4.61
131,14001,121,4.47
131,16001,121,4.06
131,18001,121,3.96
131,20001,121,3.78
131,22001,121,3.64
131,24001,121,3.45
131,26001,121,3.71
131,28001,121,3.7
131,30001,121,3.92
131,32001,121,3.88
131,34001,121,4.09
131,36001,121,4.22
131,38001,121,4.49
131,40001,121,5.01
131,42001,121,5.47
131,44001,121,5.22
131,46001,121,5.71
131,48001,121,6.19
131,50001,121,5.62
131,52001,121,5.02
131,54001,121,4.51
131,56001,121,4.32
131,58001,121,4.0
131,60001,121,3.91
131,62001,121,3.88
131,64001,121,3.67
131,65535,121,3.63
131,1,141,3.52
131,2001,141,3.62
131,4001,141,3.88
131,6001,141,4.17
131,8001,141,4.49
131,10001,141,4.67
131,12001,141,4.68
131,14001,141,4.35
131,16001,141,4.01
131,18001,141,3.84
131,20001,141,3.58
131,22001,141,3.46
131,24001,141,3.42
131,26001,141,3.61
131,28001,141,3.6
131,30001,141,3.75
131,32001,141,3.76
131,34001,141,3.88
131,36001,141,4.15
131,38001,141,4.58
131,40001,141,5.12
131,42001,141,4.84
131,44001,141,4.57
131,46001,141,4.95
131,48001,141,5.43
131,50001,141,5.6
131,52001,141,5.08
131,54001,141,4.48
131,56001,141,4.27
131,58001,141,3.91
131,60001,141,3.82
131,62001,141,3.73
131,64001,141,3.46
131,65535,141,3.55
131,1,161,3.32
131,2001,161,3.48
131,4001,161,3.73
131,6001,161,3.88
131,8001,161,4.38
131,10001,161,4.56
131,12001,161,4.62
131,14001,161,4.27
131,16001,161,4.06
131,18001,161,3.63
131,20001,161,3.47
131,22001,161,3.19
131,24001,161,3.17
131,26001,161,3.38
131,28001,161,3.59
131,30001,161,3.57
131,32001,161,3.8
131,34001,161,3.8
131,36001,161,4.1
131,38001,161,4.6
131,40001,161,4.89
131,42001,161,4.24
131,44001,161,4.05
131,46001,161,4.58
131,48001,161,5.0
131,50001,161,5.66
131,52001,161,4.66
131,54001,161,4.43
131,56001,161,4.19
131,58001,161,3.77
131,60001,161,3.41
131,62001,161,3.65
131,64001,161,3.38
131,65535,161,3.33
131,1,181,3.17
131,2001,181,3.2
131,4001,181,3.57
131,6001,181,3.81
131,8001,181,4.21
131,10001,181,4.6
131,12001,181,4.55
131,14001,181,4.3
131,16001,181,3.67
131,18001,181,3.52
131,20001,181,3.59
131,22001,181,3.19
131,24001,181,3.14
131,26001,181,3.36
131,28001,181,3.46
131,30001,181,3.44
131,32001,181,3.55
131,34001,181,3.87
131,36001,181,4.22
131,38001,181,4.73
131,40001,181,4.69
131,42001,181,4.07
131,44001,181,3.68
131,46001,181,4.04
131,48001,181,4.75
131,50001,181,5.19
131,52001,181,4.72
131,54001,181,4.42
131,56001,181,3.87
131,58001,181,3.67
131,60001,181,3.44
131,62001,181,3.37
131,64001,181,3.3
131,65535,181,3.18
131,1,201,3.12
131,2001,201,3.2
131,4001,201,3.53
131,6001,201,3.7
131,8001,201,4.11
131,10001,201,4.59
131,12001,201,4.58
131,14001,201,4.04
131,16001,201,3.78
131,18001,201,3.49
131,20001,201,3.2
131,22001,201,3.13
131,24001,201,3.07
131,26001,201,3.37
131,28001,201,3.33
131,30001,201,3.49
131,32001,201,3.71
131,34001,201,3.89
131,36001,201,4.3
131,38001,201,4.73
131,40001,201,3.94
131,42001,201,3.65
131,44001,201,3.26
131,46001,201,3.71
131,48001,201,4.31
131,50001,201,4.87
131,52001,201,4.94
131,54001,201,4.14
131,56001,201,3.79
131,58001,201,3.58
131,60001,201,3.49
131,62001,201,3.29
131,64001,201,3.19
131,65535,201,3.05
131,1,221,3.12
131,2001,221,3.33
131,4001,221,3.39
131,6001,221,3.62
131,8001,221,3.97
131,10001,221,4.51
131,12001,221,4.43
131,14001,221,4.01
131,16001,221,3.71
131,18001,221,3.39
131,20001,221,3.31
131,22001,221,3.24
131,24001,221,3.1
131,26001,221,3.27
131,28001,221,3.3
131,30001,221,3.43
131,32001,221,3.66
131,34001,221,3.97
131,36001,221,4.53
131,38001,221,4.32
131,40001,221,3.64
131,42001,221,3.26
131,44001,221,3.15
131,46001,221,3.48
131,48001,221,3.84
131,50001,221,4.54
131,52001,221,4.9
131,54001,221,4.08
131,56001,221,3.69
131,58001,221,3.47
131,60001,221,3.43
131,62001,221,3.05
131,64001,221,3.14
131,65535,221,3.25
131,1,241,3.13
131,2001,241,3.21
131,4001,241,3.31
131,6001,241,3.6
131,8001,241,4.0
131,10001,241,4.57
131,12001,241,4.55
131,14001,241,4.02
131,16001,241,3.53
131,18001,241,3.47
131,20001,241,3.17
131,22001,241,3.17
131,24001,241,3.24
131,26001,241,3.14
131,28001,241,3.27
131,30001,241,3.5
131,32001,241,3.71
131,34001,241,4.11
131,36001,241,4.87
131,38001,241,4.13
131,40001,241,3.52
131,42001,241,3.19
131,44001,241,3.35
131,46001,241,3.32
131,48001,241,3.66
131,50001,241,4.29
131,52001,241,4.88
131,54001,241,4.35
131,56001,241,3.59
131,58001,241,3.5
131,60001,241,3.29
131,62001,241,3.03
131,64001,241,3.23
131,65535,241,3.34
131,1,254,3.16
131,2001,254,3.27
131,4001,254,3.23
131,6001,254,3.54
131,8001,254,3.95
131,10001,254,4.43
131,12001,254,4.6
131,14001,254,3.97
131,16001,254,3.58
131,18001,254,3.37
131,20001,254,3.17
131,22001,254,3.21
131,24001,254,3.1
131,26001,254,3.11
131,28001,254,3.25
131,30001,254,3.5
131,32001,254,3.81
131,34001,254,4.11
131,36001,254,4.75
131,38001,254,3.85
131,40001,254,3.33
131,42001,254,3.29
131,44001,254,3.22
131,46001,254,3.08
131,48001,254,3.45
131,50001,254,4.33
131,52001,254,4.99
131,54001,254,4.13
131,56001,254,3.69
131,58001,254,3.38
131,60001,254,3.28
131,62001,254,3.27
131,64001,254,3.09
131,65535,254,3.2
141,1,1,5.38
141,2001,1,5.38
141,4001,1,5.41
141,6001,1,5.41
141,8001,1,5.46
141,10001,1,5.45
141,12001,1,5.42
141,14001,1,5.36
141,16001,1,5.38
141,18001,1,5.28
141,20001,1,5.35
141,22001,1,5.56
141,24001,1,5.46
141,26001,1,5.52
141,28001,1,5.46
141,30001,1,5.38
141,32001,1,5.41
141,34001,1,5.39
141,36001,1,5.44
141,38001,1,5.39
141,40001,1,5.39
141,42001,1,5.42
141,44001,1,5.49
141,46001,1,5.35
141,48001,1,5.34
141,50001,1,5.51
141,52001,1,5.51
141,54001,1,5.42
141,56001,1,5.49
141,58001,1,5.37
141,60001,1,5.34
141,62001,1,5.39
141,64001,1,5.47
141,65535,1,5.47
141,1,21,5.56
141,2001,21,5.61
141,4001,21,5.64
141,6001,21,5.52
141,8001,21,5.39
141,10001,21,5.22
141,12001,21,5.43
141,14001,21,5.2
141,16001,21,5.08
141,18001,21,5.25
141,20001,21,5.16
141,22001,21,4.98
141,24001,21,4.9
141,26001,21,5.0
141,28001,21,5.02
141,30001,21,5.1
141,32001,21,5.07
141,34001,21,5.18
141,36001,21,5.09
141,38001,21,5.13
141,40001,21,5.21
141,42001,21,5.36
141,44001,21,5.25
141,46001,21,5.47
141,48001,21,5.59
141,50001,21,5.64
141,52001,21,5.76
141,54001,21,5.89
141,56001,21,5.71
141,58001,21,5.59
141,60001,21,5.68
141,62001,21,5.6
141,64001,21,5.69
141,65535,21,5.46
141,1,41,5.07
141,2001,41,5.12
141,4001,41,5.37
141,6001,41,5.4
141,8001,41,5.5
141,10001,41,5.31
141,12001,41,5.2
141,14001,41,5.14
141,16001,41,4.95
141,18001,41,4.92
141,20001,41,4.88
141,22001,41,4.78
141,24001,41,4.65
141,26001,41,4.55
141,28001,41,4.79
141,30001,41,4.74
141,32001,41,4.86
141,34001,41,4.83
141,36001,41,4.96
141,38001,41,5.16
141,40001,41,5.19
141,42001,41,5.4
141,44001,41,5.64
141,46001,41,5.77
141,48001,41,5.89
141,50001,41,5.95
141,52001,41,5.74
141,54001,41,5.4
141,56001,41,5.38
141,58001,41,5.4
141,60001,41,5.16
141,62001,41,5.14
141,64001,41,5.13
141,65535,41,4.95
141,1,61,4.78
141,2001,61,4.9
141,4001,61,4.99
141,6001,61,5.21
141,8001,61,5.23
141,10001,61,5.27
141,12001,61,5.12
141,14001,61,4.91
141,16001,61,4.79
141,18001,61,4.64
141,20001,61,4.57
141,22001,61,4.46
141,24001,61,4.53
141,26001,61,4.53
141,28001,61,4.5
141,30001,61,4.47
141,32001,61,4.6
141,34001,61,4.74
141,36001,61,4.71
141,38001,61,4.95
141,40001,61,5.21
141,42001,61,5.49
141,44001,61,5.73
141,46001,61,5.85
141,48001,61,6.18
141,50001,61,5.85
141,52001,61,5.54
141,54001,61,5.17
141,56001,61,5.17
141,58001,61,5.06
141,60001,61,4.86
141,62001,61,5.02
141,64001,61,4.69
141,65535,61,4.68
141,1,81,4.35
141,2001,81,4.58
141,4001,81,4.75
141,6001,81,4.95
141,8001,81,5.08
141,10001,81,5.27
141,12001,81,4.99
141,14001,81,4.99
141,16001,81,4.69
141,18001,81,4.53
141,20001,81,4.21
141,22001,81,4.19
141,24001,81,4.13
141,26001,81,4.25
141,28001,81,4.17
141,30001,81,4.41
141,32001,81,4.46
141,34001,81,4.51
141,36001,81,4.68
141,38001,81,4.95
141,40001,81,5.17
141,42001,81,5.5
141,44001,81,5.88
141,46001,81,6.26
141,48001,81,6.16
141,50001,81,5.79
141,52001,81,5.39
141,54001,81,5.13
141,56001,81,4.92
141,58001,81,4.66
141,60001,81,4.54
141,62001,81,4.52
141,64001,81,4.4
141,65535,81,4.32
141,1,101,4.1
141,2001,101,4.33
141,4001,101,4.31
141,6001,101,4.59
141,8001,101,4.8
141,10001,101,5.2
141,12001,101,4.85
141,14001,101,4.81
141,16001,101,4.4
141,18001,101,4.33
141,20001,101,4.22
141,22001,101,4.01
141,24001,101,3.83
141,26001,101,3.88
141,28001,101,4.02
141,30001,101,4.16
141,32001,101,4.21
141,34001,101,4.36
141,36001,101,4.44
141,38001,101,4.85
141,40001,101,5.1
141,42001,101,5.66
141,44001,101,6.22
141,46001,101,6.41
141,48001,101,6.35
141,50001,101,5.65
141,52001,101,5.09
141,54001,101,4.91
141,56001,101,4.64
141,58001,101,4.44
141,60001,101,4.3
141,62001,101,4.27
141,64001,101,4.26
141,65535,101,4.09
141,1,121,3.61
141,2001,121,3.85
141,4001,121,4.11
141,6001,121,4.4
141,8001,121,4.67
141,10001,121,4.89
141,12001,121,4.82
141,14001,121,4.55
141,16001,121,4.28
141,18001,121,4.05
141,20001,121,3.84
141,22001,121,3.69
141,24001,121,3.72
141,26001,121,3.75
141,28001,121,3.87
141,30001,121,3.9
141,32001,121,4.09
141,34001,121,4.17
141,36001,121,4.48
141,38001,121,4.72
141,40001,121,5.01
141,42001,121,5.58
141,44001,121,5.44
141,46001,121,5.83
141,48001,121,6.4
141,50001,121,5.97
141,52001,121,5.13
141,54001,121,4.7
141,56001,121,4.52
141,58001,121,4.28
141,60001,121,4.18
141,62001,121,3.93
141,64001,121,3.86
141,65535,121,3.77
141,1,141,3.6
141,2001,141,3.8
141,4001,141,3.95
141,6001,141,4.21
141,8001,141,4.53
141,10001,141,4.93
141,12001,141,4.89
141,14001,141,4.49
141,16001,141,4.15
141,18001,141,4.0
141,20001,141,3.85
141,22001,141,3.56
141,24001,141,3.54
141,26001,141,3.72
141,28001,141,3.73
141,30001,141,3.77
141,32001,141,4.04
141,34001,141,3.95
141,36001,141,4.35
141,38001,141,4.64
141,40001,141,5.21
141,42001,141,5.12
141,44001,141,4.65
141,46001,141,5.31
141,48001,141,5.68
141,50001,141,5.85
141,52001,141,5.24
141,54001,141,4.63
141,56001,141,4.19
141,58001,141,4.06
141,60001,141,3.85
141,62001,141,3.81
141,64001,141,3.63
141,65535,141,3.48
141,1,161,3.24
141,2001,161,3.65
141,4001,161,3.72
141,6001,161,4.16
141,8001,161,4.47
141,10001,161,4.85
141,12001,161,4.68
141,14001,161,4.42
141,16001,161,4.12
141,18001,161,3.8
141,20001,161,3.61
141,22001,161,3.35
141,24001,161,3.38
141,26001,161,3.54
141,28001,161,3.55
141,30001,161,3.69
141,32001,161,3.9
141,34001,161,4.05
141,36001,161,4.25
141,38001,161,4.64
141,40001,161,4.97
141,42001,161,4.34
141,44001,161,4.16
141,46001,161,4.74
141,48001,161,5.05
141,50001,161,5.75
141,52001,161,5.01
141,54001,161,4.59
141,56001,161,4.08
141,58001,161,3.94
141,60001,161,3.77
141,62001,161,3.59
141,64001,161,3.51
141,65535,161,3.5
141,1,181,3.18
141,2001,181,3.51
141,4001,181,3.56
141,6001,181,3.9
141,8001,181,4.39
141,10001,181,4.95
141,12001,181,4.87
141,14001,181,4.25
141,16001,181,4.05
141,18001,181,3.67
141,20001,181,3.57
141,22001,181,3.33
141,24001,181,3.4
141,26001,181,3.44
141,28001,181,3.45
141,30001,181,3.51
141,32001,181,3.69
141,34001,181,4.07
141,36001,181,4.25
141,38001,181,4.71
141,40001,181,4.89
141,42001,181,4.22
141,44001,181,4.06
141,46001,181,4.12
141,48001,181,4.55
141,50001,181,5.42
141,52001,181,4.89
141,54001,181,4.43
141,56001,181,4.18
141,58001,181,3.77
141,60001,181,3.62
141,62001,181,3.51
141,64001,181,3.54
141,65535,181,3.38
141,1,201,3.27
141,2001,201,3.43
141,4001,201,3.64
141,6001,201,3.89
141,8001,201,4.28
141,10001,201,4.73
141,12001,201,4.65
141,14001,201,4.25
141,16001,201,3.91
141,18001,201,3.61
141,20001,201,3.46
141,22001,201,3.27
141,24001,201,3.21
141,26001,201,3.41
141,28001,201,3.4
141,30001,201,3.62
141,32001,201,3.73
141,34001,201,3.98
141,36001,201,4.48
141,38001,201,4.79
141,40001,201,4.24
141,42001,201,3.74
141,44001,201,3.64
141,46001,201,3.91
141,48001,201,4.49
141,50001,201,5.09
141,52001,201,5.05
141,54001,201,4.29
141,56001,201,4.12
141,58001,201,3.74
141,60001,201,3.51
141,62001,201,3.18
141,64001,201,3.33
141,65535,201,3.3
141,1,221,3.3
141,2001,221,3.36
141,4001,221,3.58
141,6001,221,3.74
141,8001,221,4.21
141,10001,221,4.72
141,12001,221,4.71
141,14001,221,4.17
141,16001,221,3.92
141,18001,221,3.61
141,20001,221,3.45
141,22001,221,3.16
141,24001,221,3.27
141,26001,221,3.46
141,28001,221,3.5
141,30001,221,3.58
141,32001,221,3.76
141,34001,221,4.16
141,36001,221,4.51
141,38001,221,4.32
141,40001,221,3.88
141,42001,221,3.48
141,44001,221,3.22
141,46001,221,3.58
141,48001,221,4.12
141,50001,221,4.88
141,52001,221,4.96
141,54001,221,4.33
141,56001,221,3.87
141,58001,221,3.7
141,60001,221,3.35
141,62001,221,3.34
141,64001,221,3.35
141,65535,221,3.28
141,1,241,3.4
141,2001,241,3.21
141,4001,241,3.51
141,6001,241,3.89
141,8001,241,4.07
141,10001,241,4.72
141,12001,241,4.72
141,14001,241,4.12
141,16001,241,3.57
141,18001,241,3.46
141,20001,241,3.23
141,22001,241,3.25
141,24001,241,3.42
141,26001,241,3.3
141,28001,241,3.36
141,30001,241,3.5
141,32001,241,3.76
141,34001,241,4.21
141,36001,241,4.88
141,38001,241,4.17
141,40001,241,3.54
141,42001,241,3.27
141,44001,241,3.12
141,46001,241,3.38
141,48001,241,3.8
141,50001,241,4.52
141,52001,241,5.08
141,54001,241,4.42
141,56001,241,3.82
141,58001,241,3.55
141,60001,241,3.42
141,62001,241,3.3
141,64001,241,3.22
141,65535,241,3.36
141,1,254,3.34
141,2001,254,3.35
141,4001,254,3.43
141,6001,254,3.75
141,8001,254,4.16
141,10001,254,4.66
141,12001,254,4.63
141,14001,254,4.13
141,16001,254,3.79
141,18001,254,3.45
141,20001,254,3.23
141,22001,254,3.03
141,24001,254,3.28
141,26001,254,3.44
141,28001,254,3.22
141,30001,254,3.44
141,32001,254,3.84
141,34001,254,4.22
141,36001,254,4.96
141,38001,254,3.99
141,40001,254,3.34
141,42001,254,3.29
141,44001,254,3.34
141,46001,254,3.35
141,48001,254,3.67
141,50001,254,4.47
141,52001,254,5.17
141,54001,254,4.21
141,56001,254,3.79
141,58001,254,3.58
141,60001,254,3.37
141,62001,254,3.32
141,64001,254,3.15
141,65535,254,3.22
151,1,1,5.61
151,2001,1,5.56
151,4001,1,5.69
151,6001,1,5.57
151,8001,1,5.58
151,10001,1,5.64
151,12001,1,5.65
151,14001,1,5.79
151,16001,1,5.61
151,18001,1,5.72
151,20001,1,5.58
151,22001,1,5.66
151,24001,1,5.66
151,26001,1,5.64
151,28001,1,5.56
151,30001,1,5.62
151,32001,1,5.76
151,34001,1,5.61
151,36001,1,5.65
151,38001,1,5.65
151,40001,1,5.75
151,42001,1,5.68
151,44001,1,5.81
151,46001,1,5.78
151,48001,1,5.61
151,50001,1,5.74
151,52001,1,5.68
151,54001,1,5.62
151,56001,1,5.65
151,58001,1,5.68
151,60001,1,5.69
151,62001,1,5.66
151,64001,1,5.72
151,65535,1,5.63
151,1,21,5.93
151,2001,21,5.86
151,4001,21,5.72
151,6001,21,5.82
151,8001,21,5.62
151,10001,21,5.57
151,12001,21,5.51
151,14001,21,5.43
151,16001,21,5.55
151,18001,21,5.32
151,20001,21,5.31
151,22001,21,5.34
151,24001,21,5.28
151,26001,21,5.22
151,28001,21,5.19
151,30001,21,5.26
151,32001,21,5.32
151,34001,21,5.28
151,36001,21,5.31
151,38001,21,5.32
151,40001,21,5.43
151,42001,21,5.68
151,44001,21,5.59
151,46001,21,5.81
151,48001,21,5.85
151,50001,21,6.02
151,52001,21,5.95
151,54001,21,6.03
151,56001,21,5.96
151,58001,21,6.04
151,60001,21,5.94
151,62001,21,5.81
151,64001,21,5.82
151,65535,21,5.69
151,1,41,5.3
151,2001,41,5.42
151,4001,41,5.48
151,6001,41,5.65
151,8001,41,5.65
151,10001,41,5.6
151,12001,41,5.35
151,14001,41,5.21
151,16001,41,5.28
151,18001,41,5.07
151,20001,41,5.0
151,22001,41,4.82
151,24001,41,5.13
151,26001,41,4.82
151,28001,41,4.93
151,30001,41,4.89
151,32001,41,5.13
151,34001,41,5.2
151,36001,41,5.16
151,38001,41,5.12
151,40001,41,5.39
151,42001,41,5.59
151,44001,41,5.62
151,46001,41,5.94
151,48001,41,6.02
151,50001,41,6.17
151,52001,41,6.01
151,54001,41,5.67
151,56001,41,5.56
151,58001,41,5.55
151,60001,41,5.55
151,62001,41,5.45
151,64001,41,5.44
151,65535,41,5.22
151,1,61,4.97
151,2001,61,5.13
151,4001,61,5.12
151,6001,61,5.25
151,8001,61,5.5
151,10001,61,5.47
151,12001,61,5.35
151,14001,61,5.25
151,16001,61,4.99
151,18001,61,5.01
151,20001,61,4.69
151,22001,61,4.62
151,24001,61,4.74
151,26001,61,4.68
151,28001,61,4.53
151,30001,61,4.79
151,32001,61,4.73
151,34001,61,4.82
151,36001,61,5.02
151,38001,61,5.16
151,40001,61,5.46
151,42001,61,5.8
151,44001,61,5.74
151,46001,61,6.24
151,48001,61,6.36
151,50001,61,6.12
151,52001,61,5.87
151,54001,61,5.63
151,56001,61,5.33
151,58001,61,5.31
151,60001,61,5.09
151,62001,61,5.03
151,64001,61,4.92
151,65535,61,4.84
151,1,81,4.54
151,2001,81,4.71
151,4001,81,4.83
151,6001,81,5.11
151,8001,81,5.23
151,10001,81,5.54
151,12001,81,5.17
151,14001,81,5.0
151,16001,81,4.93
151,18001,81,4.83
151,20001,81,4.52
151,22001,81,4.27
151,24001,81,4.43
151,26001,81,4.36
151,28001,81,4.44
151,30001,81,4.5
151,32001,81,4.46
151,34001,81,4.64
151,36001,81,5.04
151,38001,81,5.09
151,40001,81,5.41
151,42001,81,5.74
151,44001,81,6.06
151,46001,81,6.39
151,48001,81,6.55
151,50001,81,6.16
151,52001,81,5.67
151,54001,81,5.33
151,56001,81,5.11
151,58001,81,5.04
151,60001,81,4.83
151,62001,81,4.8
151,64001,81,4.71
151,65535,81,4.6
151,1,101,4.15
151,2001,101,4.48
151,4001,101,4.73
151,6001,101,4.8
151,8001,101,5.0
151,10001,101,5.41
151,12001,101,5.06
151,14001,101,4.89
151,16001,101,4.77
151,18001,101,4.53
151,20001,101,4.27
151,22001,101,4.08
151,24001,101,4.29
151,26001,101,4.1
151,28001,101,4.19
151,30001,101,4.51
151,32001,101,4.46
151,34001,101,4.38
151,36001,101,4.77
151,38001,101,4.91
151,40001,101,5.34
151,42001,101,5.85
151,44001,101,6.47
151,46001,101,6.72
151,48001,101,6.63
151,50001,101,5.96
151,52001,101,5.6
151,54001,101,5.14
151,56001,101,4.95
151,58001,101,4.59
151,60001,101,4.36
151,62001,101,4.39
151,64001,101,4.24
151,65535,101,4.2
151,1,121,3.94
151,2001,121,4.08
151,4001,121,4.39
151,6001,121,4.48
151,8001,121,4.91
151,10001,121,5.27
151,12001,121,5.07
151,14001,121,4.81
151,16001,121,4.51
151,18001,121,4.16
151,20001,121,4.05
151,22001,121,3.96
151,24001,121,3.85
151,26001,121,4.02
151,28001,121,4.15
151,30001,121,4.18
151,32001,121,4.11
151,34001,121,4.53
151,36001,121,4.67
151,38001,121,4.93
151,40001,121,5.39
151,42001,121,5.88
151,44001,121,5.69
151,46001,121,6.07
151,48001,121,6.58
151,50001,121,5.9
151,52001,121,5.23
151,54001,121,4.93
151,56001,121,4.58
151,58001,121,4.51
151,60001,121,4.31
151,62001,121,4.12
151,64001,121,4.06
151,65535,121,3.86
151,1,141,3.75
151,2001,141,3.82
151,4001,141,4.12
151,6001,141,4.39
151,8001,141,4.59
151,10001,141,5.13
151,12001,141,5.16
151,14001,141,4.83
151,16001,141,4.24
151,18001,141,4.01
151,20001,141,3.87
151,22001,141,3.78
151,24001,141,3.71
151,26001,141,3.8
151,28001,141,3.87
151,30001,141,4.0
151,32001,141,4.0
151,34001,141,4.33
151,36001,141,4.47
151,38001,141,4.83
151,40001,141,5.38
151,42001,141,5.13
151,44001,141,4.94
151,46001,141,5.59
151,48001,141,6.1
151,50001,141,6.05
151,52001,141,5.19
151,54001,141,4.76
151,56001,141,4.57
151,58001,141,4.41
151,60001,141,4.08
151,62001,141,3.96
151,64001,141,3.68
151,65535,141,3.64
151,1,161,3.49
151,2001,161,3.64
151,4001,161,3.78
151,6001,161,4.18
151,8001,161,4.58
151,10001,161,4.96
151,12001,161,4.84
151,14001,161,4.66
151,16001,161,4.28
151,18001,161,3.92
151,20001,161,3.69
151,22001,161,3.57
151,24001,161,3.54
151,26001,161,3.7
151,28001,161,3.81
151,30001,161,3.83
151,32001,161,3.94
151,34001,161,4.24
151,36001,161,4.36
151,38001,161,4.84
151,40001,161,5.34
151,42001,161,4.76
151,44001,161,4.44
151,46001,161,4.83
151,48001,161,5.4
151,50001,161,6.14
151,52001,161,5.13
151,54001,161,4.72
151,56001,161,4.3
151,58001,161,3.98
151,60001,161,3.9
151,62001,161,3.78
151,64001,161,3.59
151,65535,161,3.48
151,1,181,3.4
151,2001,181,3.64
151,4001,181,3.79
151,6001,181,4.07
151,8001,181,4.39
151,10001,181,4.9
151,12001,181,5.06
151,14001,181,4.64
151,16001,181,4.11
151,18001,181,3.75
151,20001,181,3.58
151,22001,181,3.48
151,24001,181,3.48
151,26001,181,3.36
151,28001,181,3.56
151,30001,181,3.81
151,32001,181,3.94
151,34001,181,3.98
151,36001,181,4.52
151,38001,181,4.88
151,40001,181,4.96
151,42001,181,4.24
151,44001,181,4.03
151,46001,181,4.41
151,48001,181,4.97
151,50001,181,5.6
151,52001,181,5.12
151,54001,181,4.54
151,56001,181,4.34
151,58001,181,3.9
151,60001,181,3.72
151,62001,181,3.52
151,64001,181,3.44
151,65535,181,3.37
151,1,201,3.41
151,2001,201,3.47
151,4001,201,3.69
151,6001,201,4.04
151,8001,201,4.53
151,10001,201,4.86
151,12001,201,4.95
151,14001,201,4.34
151,16001,201,4.1
151,18001,201,3.83
151,20001,201,3.57
151,22001,201,3.29
151,24001,201,3.31
151,26001,201,3.44
151,28001,201,3.62
151,30001,201,3.77
151,32001,201,3.98
151,34001,201,4.29
151,36001,201,4.57
151,38001,201,5.24
151,40001,201,4.39
151,42001,201,3.81
151,44001,201,3.6
151,46001,201,3.98
151,48001,201,4.53
151,50001,201,5.27
151,52001,201,5.08
151,54001,201,4.37
151,56001,201,4.17
151,58001,201,3.78
151,60001,201,3.66
151,62001,201,3.51
151,64001,201,3.42
151,65535,201,3.39
151,1,221,3.37
151,2001,221,3.52
151,4001,221,3.62
151,6001,221,3.91
151,8001,221,4.24
151,10001,221,4.9
151,12001,221,4.91
151,14001,221,4.34
151,16001,221,4.12
151,18001,221,3.59
151,20001,221,3.53
151,22001,221,3.38
151,24001,221,3.32
151,26001,221,3.49
151,28001,221,3.5
151,30001,221,3.75
151,32001,221,3.95
151,34001,221,4.38
151,36001,221,5.0
151,38001,221,4.62
151,40001,221,3.86
151,42001,221,3.38
151,44001,221,3.28
151,46001,221,3.74
151,48001,221,4.21
151,50001,221,4.99
151,52001,221,5.29
151,54001,221,4.48
151,56001,221,4.0
151,58001,221,3.76
151,60001,221,3.54
151,62001,221,3.52
151,64001,221,3.34
151,65535,221,3.39
151,1,241,3.24
151,2001,241,3.35
151,4001,241,3.55
151,6001,241,3.95
151,8001,241,4.25
151,10001,241,4.76
151,12001,241,4.91
151,14001,241,4.25
151,16001,241,3.94
151,18001,241,3.57
151,20001,241,3.5
151,22001,241,3.47
151,24001,241,3.3
151,26001,241,3.29
151,28001,241,3.4
151,30001,241,3.64
151,32001,241,4.0
151,34001,241,4.31
151,36001,241,5.09
151,38001,241,4.35
151,40001,241,3.56
151,42001,241,3.5
151,44001,241,3.39
151,46001,241,3.39
151,48001,241,3.92
151,50001,241,4.68
151,52001,241,5.37
151,54001,241,4.53
151,56001,241,4.08
151,58001,241,3.68
151,60001,241,3.48
151,62001,241,3.43
151,64001,241,3.36
151,65535,241,3.46
151,1,254,3.32
151,2001,254,3.31
151,4001,254,3.4
151,6001,254,3.76
151,8001,254,4.19
151,10001,254,4.68
151,12001,254,4.81
151,14001,254,4.21
151,16001,254,3.92
151,18001,254,3.7
151,20001,254,3.37
151,22001,254,3.46
151,24001,254,3.45
151,26001,254,3.2
151,28001,254,3.54
151,30001,254,3.82
151,32001,254,4.12
151,34001,254,4.34
151,36001,254,5.19
151,38001,254,4.17
151,40001,254,3.53
151,42001,254,3.49
151,44001,254,3.29
151,46001,254,3.37
151,48001,254,3.75
151,50001,254,4.76
151,52001,254,5.52
151,54001,254,4.6
151,56001,254,3.97
151,58001,254,3.76
151,60001,254,3.65
151,62001,254,3.27
151,64001,254,3.36
151,65535,254,3.43
161,1,1,6.01
161,2001,1,5.98
161,4001,1,5.97
161,6001,1,5.99
161,8001,1,5.92
161,10001,1,5.95
161,12001,1,5.99
161,14001,1,6.05
161,16001,1,5.84
161,18001,1,5.92
161,20001,1,5.9
161,22001,1,6.01
161,24001,1,5.92
161,26001,1,6.05
161,28001,1,5.97
161,30001,1,5.97
161,32001,1,6.04
161,34001,1,6.0
161,36001,1,6.11
161,38001,1,6.07
161,40001,1,5.89
161,42001,1,5.92
161,44001,1,5.87
161,46001,1,5.95
161,48001,1,5.9
161,50001,1,6.02
161,52001,1,6.09
161,54001,1,5.83
161,56001,1,5.97
161,58001,1,6.1
161,60001,1,6.01
161,62001,1,5.96
161,64001,1,5.95
161,65535,1,6.02
161,1,21,6.01
161,2001,21,6.14
161,4001,21,6.05
161,6001,21,5.86
161,8001,21,5.78
161,10001,21,5.66
161,12001,21,5.7
161,14001,21,5.82
161,16001,21,5.53
161,18001,21,5.58
161,20001,21,5.57
161,22001,21,5.53
161,24001,21,5.24
161,26001,21,5.33
161,28001,21,5.34
161,30001,21,5.58
161,32001,21,5.59
161,34001,21,5.55
161,36001,21,5.56
161,38001,21,5.61
161,40001,21,5.81
161,42001,21,5.86
161,44001,21,5.88
161,46001,21,5.88
161,48001,21,6.17
161,50001,21,6.18
161,52001,21,6.12
161,54001,21,6.29
161,56001,21,6.25
161,58001,21,6.29
161,60001,21,5.96
161,62001,21,6.05
161,64001,21,6.16
161,65535,21,5.87
161,1,41,5.43
161,2001,41,5.57
161,4001,41,5.91
161,6001,41,5.86
161,8001,41,5.79
161,10001,41,5.86
161,12001,41,5.62
161,14001,41,5.76
161,16001,41,5.48
161,18001,41,5.27
161,20001,41,5.22
161,22001,41,5.09
161,24001,41,5.09
161,26001,41,5.01
161,28001,41,5.16
161,30001,41,5.15
161,32001,41,5.11
161,34001,41,5.34
161,36001,41,5.38
161,38001,41,5.57
161,40001,41,5.73
161,42001,41,5.88
161,44001,41,6.13
161,46001,41,6.19
161,48001,41,6.37
161,50001,41,6.37
161,52001,41,6.36
161,54001,41,5.98
161,56001,41,5.77
161,58001,41,5.82
161,60001,41,5.91
161,62001,41,5.7
161,64001,41,5.55
161,65535,41,5.54
161,1,61,5.12
161,2001,61,5.3
161,4001,61,5.37
161,6001,61,5.7
161,8001,61,5.83
161,10001,61,5.71
161,12001,61,5.45
161,14001,61,5.37
161,16001,61,5.24
161,18001,61,5.1
161,20001,61,5.0
161,22001,61,4.93
161,24001,61,4.78
161,26001,61,4.96
161,28001,61,4.84
161,30001,61,4.92
161,32001,61,4.95
161,34001,61,5.24
161,36001,61,5.05
161,38001,61,5.28
161,40001,61,5.66
161,42001,61,5.88
161,44001,61,6.25
161,46001,61,6.41
161,48001,61,6.61
161,50001,61,6.29
161,52001,61,6.02
161,54001,61,5.67
161,56001,61,5.42
161,58001,61,5.28
161,60001,61,5.36
161,62001,61,5.11
161,64001,61,5.24
161,65535,61,5.18
161,1,81,4.59
161,2001,81,5.08
161,4001,81,5.07
161,6001,81,5.21
161,8001,81,5.45
161,10001,81,5.67
161,12001,81,5.5
161,14001,81,5.16
161,16001,81,5.02
161,18001,81,4.78
161,20001,81,4.64
161,22001,81,4.54
161,24001,81,4.5
161,26001,81,4.52
161,28001,81,4.55
161,30001,81,4.53
161,32001,81,4.73
161,34001,81,4.9
161,36001,81,5.07
161,38001,81,5.25
161,40001,81,5.58
161,42001,81,5.86
161,44001,81,6.27
161,46001,81,6.67
161,48001,81,6.7
161,50001,81,6.14
161,52001,81,5.85
161,54001,81,5.6
161,56001,81,5.22
161,58001,81,5.14
161,60001,81,5.0
161,62001,81,4.83
161,64001,81,4.72
161,65535,81,4.7
161,1,101,4.3
161,2001,101,4.57
161,4001,101,4.66
161,6001,101,5.09
161,8001,101,5.15
161,10001,101,5.57
161,12001,101,5.3
161,14001,101,5.17
161,16001,101,4.87
161,18001,101,4.54
161,20001,101,4.4
161,22001,101,4.21
161,24001,101,4.33
161,26001,101,4.36
161,28001,101,4.34
161,30001,101,4.32
161,32001,101,4.66
161,34001,101,4.68
161,36001,101,5.04
161,38001,101,5.19
161,40001,101,5.55
161,42001,101,6.13
161,44001,101,6.77
161,46001,101,7.2
161,48001,101,6.94
161,50001,101,6.27
161,52001,101,5.55
161,54001,101,5.19
161,56001,101,4.88
161,58001,101,4.97
161,60001,101,4.63
161,62001,101,4.5
161,64001,101,4.39
161,65535,101,4.45
161,1,121,4.15
161,2001,121,4.17
161,4001,121,4.29
161,6001,121,4.77
161,8001,121,4.85
161,10001,121,5.48
161,12001,121,5.15
161,14001,121,4.83
161,16001,121,4.54
161,18001,121,4.53
161,20001,121,4.16
161,22001,121,3.96
161,24001,121,4.04
161,26001,121,4.05
161,28001,121,4.09
161,30001,121,4.26
161,32001,121,4.45
161,34001,121,4.42
161,36001,121,4.84
161,38001,121,5.27
161,40001,121,5.53
161,42001,121,6.24
161,44001,121,5.96
161,46001,121,6.3
161,48001,121,6.82
161,50001,121,6.27
161,52001,121,5.51
161,54001,121,5.09
161,56001,121,4.93
161,58001,121,4.51
161,60001,121,4.45
161,62001,121,4.34
161,64001,121,3.98
161,65535,121,4.12
161,1,141,3.71
161,2001,141,3.9
161,4001,141,4.34
161,6001,141,4.41
161,8001,141,4.96
161,10001,141,5.11
161,12001,141,5.36
161,14001,141,4.8
161,16001,141,4.55
161,18001,141,4.28
161,20001,141,3.94
161,22001,141,3.8
161,24001,141,3.9
161,26001,141,3.88
161,28001,141,3.99
161,30001,141,4.07
161,32001,141,4.38
161,34001,141,4.45
161,36001,141,4.73
161,38001,141,5.13
161,40001,141,5.55
161,42001,141,5.38
161,44001,141,4.95
161,46001,141,5.31
161,48001,141,6.07
161,50001,141,6.29
161,52001,141,5.55
161,54001,141,4.96
161,56001,141,4.61
161,58001,141,4.31
161,60001,141,4.36
161,62001,141,3.89
161,64001,141,3.83
161,65535,141,3.85
161,1,161,3.72
161,2001,161,3.76
161,4001,161,4.12
161,6001,161,4.28
161,8001,161,4.8
161,10001,161,5.31
161,12001,161,5.02
161,14001,161,4.71
161,16001,161,4.43
161,18001,161,3.99
161,20001,161,3.88
161,22001,161,3.63
161,24001,161,3.6
161,26001,161,3.66
161,28001,161,3.88
161,30001,161,3.94
161,32001,161,4.04
161,34001,161,4.33
161,36001,161,4.58
161,38001,161,5.09
161,40001,161,5.37
161,42001,161,4.83
161,44001,161,4.53
161,46001,161,4.93
161,48001,161,5.49
161,50001,161,6.41
161,52001,161,5.52
161,54001,161,4.82
161,56001,161,4.58
161,58001,161,4.27
161,60001,161,4.04
161,62001,161,3.78
161,64001,161,3.75
161,65535,161,3.84
161,1,181,3.44
161,2001,181,3.68
161,4001,181,3.83
161,6001,181,4.25
161,8001,181,4.63
161,10001,181,5.19
161,12001,181,5.13
161,14001,181,4.75
161,16001,181,4.41
161,18001,181,3.85
161,20001,181,3.88
161,22001,181,3.44
161,24001,181,3.69
161,26001,181,3.57
161,28001,181,3.7
161,30001,181,3.73
161,32001,181,4.02
161,34001,181,4.39
161,36001,181,4.58
161,38001,181,5.09
161,40001,181,5.18
161,42001,181,4.63
161,44001,181,4.2
161,46001,181,4.78
161,48001,181,5.02
161,50001,181,5.86
161,52001,181,5.46
161,54001,181,4.76
161,56001,181,4.57
161,58001,181,4.21
161,60001,181,3.9
161,62001,181,3.71
161,64001,181,3.67
161,65535,181,3.63
161,1,201,3.49
161,2001,201,3.62
161,4001,201,3.8
161,6001,201,4.11
161,8001,201,4.61
161,10001,201,5.07
161,12001,201,5.02
161,14001,201,4.58
161,16001,201,4.22
161,18001,201,3.81
161,20001,201,3.71
161,22001,201,3.62
161,24001,201,3.52
161,26001,201,3.57
161,28001,201,3.69
161,30001,201,3.79
161,32001,201,3.95
161,34001,201,4.33
161,36001,201,4.88
161,38001,201,5.12
161,40001,201,4.57
161,42001,201,4.13
161,44001,201,3.75
161,46001,201,4.02
161,48001,201,4.75
161,50001,201,5.48
161,52001,201,5.42
161,54001,201,4.63
161,56001,201,4.24
161,58001,201,4.04
161,60001,201,3.7
161,62001,201,3.67
161,64001,201,3.52
161,65535,201,3.45
161,1,221,3.39
161,2001,221,3.6
161,4001,221,3.77
161,6001,221,4.09
161,8001,221,4.54
161,10001,221,5.11
161,12001,221,5.01
161,14001,221,4.48
161,16001,221,4.09
161,18001,221,3.88
161,20001,221,3.61
161,22001,221,3.71
161,24001,221,3.47
161,26001,221,3.48
161,28001,221,3.77
161,30001,221,3.81
161,32001,221,4.06
161,34001,221,4.4
161,36001,221,5.07
161,38001,221,4.89
161,40001,221,4.14
161,42001,221,3.68
161,44001,221,3.43
161,46001,221,3.86
161,48001,221,4.33
161,50001,221,5.27
161,52001,221,5.58
161,54001,221,4.78
161,56001,221,4.2
161,58001,221,3.8
161,60001,221,3.8
161,62001,221,3.54
161,64001,221,3.44
161,65535,221,3.53
161,1,241,3.45
161,2001,241,3.48
161,4001,241,3.7
161,6001,241,3.88
161,8001,241,4.45
161,10001,241,5.04
161,12001,241,5.03
161,14001,241,4.36
161,16001,241,4.12
161,18001,241,3.5
161,20001,241,3.43
161,22001,241,3.45
161,24001,241,3.65
161,26001,241,3.63
161,28001,241,3.38
161,30001,241,3.98
161,32001,241,4.25
161,34001,241,4.43
161,36001,241,5.09
161,38001,241,4.58
161,40001,241,3.84
161,42001,241,3.58
161,44001,241,3.35
161,46001,241,3.62
161,48001,241,4.14
161,50001,241,5.0
161,52001,241,5.56
161,54001,241,4.71
161,56001,241,4.18
161,58001,241,3.79
161,60001,241,3.62
161,62001,241,3.49
161,64001,241,3.5
161,65535,241,3.42
161,1,254,3.62
161,2001,254,3.67
161,4001,254,3.47
161,6001,254,3.91
161,8001,254,4.41
161,10001,254,4.98
161,12001,254,5.04
161,14001,254,4.43
161,16001,254,3.97
161,18001,254,3.77
161,20001,254,3.45
161,22001,254,3.49
161,24001,254,3.51
161,26001,254,3.37
161,28001,254,3.46
161,30001,254,3.86
161,32001,254,4.12
161,34001,254,4.42
161,36001,254,5.33
161,38001,254,4.45
161,40001,254,3.65
161,42001,254,3.59
161,44001,254,3.38
161,46001,254,3.47
161,48001,254,4.04
161,50001,254,4.67
161,52001,254,5.55
161,54001,254,4.66
161,56001,254,4.03
161,58001,254,3.8
161,60001,254,3.65
161,62001,254,3.36
161,64001,254,3.34
161,65535,254,3.44
171,1,1,6.01
171,2001,1,6.08
171,4001,1,6.04
171,6001,1,6.09
171,8001,1,6.02
171,10001,1,6.11
171,12001,1,6.11
171,14001,1,6.09
171,16001,1,6.0
171,18001,1,5.95
171,20001,1,6.03
171,22001,1,6.02
171,24001,1,6.25
171,26001,1,6.18
171,28001,1,6.08
171,30001,1,6.03
171,32001,1,6.01
171,34001,1,6.05
171,36001,1,6.08
171,38001,1,6.08
171,40001,1,6.03
171,42001,1,6.09
171,44001,1,6.03
171,46001,1,6.06
171,48001,1,5.9
171,50001,1,6.11
171,52001,1,5.93
171,54001,1,6.15
171,56001,1,6.2
171,58001,1,6.04
171,60001,1,6.04
171,62001,1,6.05
171,64001,1,6.22
171,65535,1,6.0
171,1,21,6.13
171,2001,21,6.42
171,4001,21,6.39
171,6001,21,6.08
171,8001,21,6.18
171,10001,21,6.04
171,12001,21,5.89
171,14001,21,5.81
171,16001,21,6.08
171,18001,21,5.8
171,20001,21,5.68
171,22001,21,5.83
171,24001,21,5.68
171,26001,21,5.55
171,28001,21,5.57
171,30001,21,5.51
171,32001,21,5.57
171,34001,21,5.74
171,36001,21,5.78
171,38001,21,5.87
171,40001,21,5.95
171,42001,21,6.05
171,44001,21,6.01
171,46001,21,6.22
171,48001,21,6.23
171,50001,21,6.32
171,52001,21,6.4
171,54001,21,6.42
171,56001,21,6.41
171,58001,21,6.38
171,60001,21,6.25
171,62001,21,6.26
171,64001,21,6.19
171,65535,21,6.18
171,1,41,5.64
171,2001,41,5.78
171,4001,41,6.01
171,6001,41,6.15
171,8001,41,6.19
171,10001,41,5.97
171,12001,41,5.68
171,14001,41,5.67
171,16001,41,5.62
171,18001,41,5.51
171,20001,41,5.41
171,22001,41,5.17
171,24001,41,5.29
171,26001,41,5.29
171,28001,41,5.37
171,30001,41,5.38
171,32001,41,5.3
171,34001,41,5.5
171,36001,41,5.63
171,38001,41,5.73
171,40001,41,5.8
171,42001,41,6.07
171,44001,41,6.2
171,46001,41,6.45
171,48001,41,6.45
171,50001,41,6.69
171,52001,41,6.42
171,54001,41,6.24
171,56001,41,6.07
171,58001,41,5.92
171,60001,41,5.97
171,62001,41,5.86
171,64001,41,5.8
171,65535,41,5.7
171,1,61,5.28
171,2001,61,5.45
171,4001,61,5.62
171,6001,61,5.78
171,8001,61,6.09
171,10001,61,5.93
171,12001,61,5.7
171,14001,61,5.53
171,16001,61,5.35
171,18001,61,5.16
171,20001,61,5.14
171,22001,61,4.97
171,24001,61,5.16
171,26001,61,4.92
171,28001,61,5.1
171,30001,61,5.01
171,32001,61,5.14
171,34001,61,5.17
171,36001,61,5.41
171,38001,61,5.54
171,40001,61,5.77
171,42001,61,6.09
171,44001,61,6.36
171,46001,61,6.6
171,48001,61,6.94
171,50001,61,6.66
171,52001,61,6.32
171,54001,61,5.83
171,56001,61,5.73
171,58001,61,5.71
171,60001,61,5.58
171,62001,61,5.36
171,64001,61,5.4
171,65535,61,5.34
171,1,81,4.88
171,2001,81,4.99
171,4001,81,5.12
171,6001,81,5.53
171,8001,81,5.7
171,10001,81,5.91
171,12001,81,5.59
171,14001,81,5.38
171,16001,81,5.1
171,18001,81,5.01
171,20001,81,4.85
171,22001,81,4.63
171,24001,81,4.61
171,26001,81,4.7
171,28001,81,4.7
171,30001,81,4.94
171,32001,81,4.86
171,34001,81,4.94
171,36001,81,5.27
171,38001,81,5.38
171,40001,81,5.79
171,42001,81,6.25
171,44001,81,6.69
171,46001,81,6.95
171,48001,81,7.03
171,50001,81,6.43
171,52001,81,6.11
171,54001,81,5.86
171,56001,81,5.41
171,58001,81,5.35
171,60001,81,5.2
171,62001,81,4.95
171,64001,81,4.88
171,65535,81,4.81
171,1,101,4.37
171,2001,101,4.68
171,4001,101,5.04
171,6001,101,5.33
171,8001,101,5.53
171,10001,101,5.77
171,12001,101,5.42
171,14001,101,5.28
171,16001,101,4.99
171,18001,101,4.67
171,20001,101,4.57
171,22001,101,4.3
171,24001,101,4.47
171,26001,101,4.42
171,28001,101,4.52
171,30001,101,4.65
171,32001,101,4.5
171,34001,101,4.75
171,36001,101,5.16
171,38001,101,5.34
171,40001,101,5.68
171,42001,101,6.41
171,44001,101,6.96
171,46001,101,7.34
171,48001,101,7.26
171,50001,101,6.34
171,52001,101,5.91
171,54001,101,5.52
171,56001,101,5.25
171,58001,101,5.02
171,60001,101,4.76
171,62001,101,4.55
171,64001,101,4.57
171,65535,101,4.54
171,1,121,4.19
171,2001,121,4.33
171,4001,121,4.63
171,6001,121,4.93
171,8001,121,5.26
171,10001,121,5.65
171,12001,121,5.46
171,14001,121,5.23
171,16001,121,4.85
171,18001,121,4.49
171,20001,121,4.29
171,22001,121,4.04
171,24001,121,4.24
171,26001,121,4.2
171,28001,121,4.32
171,30001,121,4.36
171,32001,121,4.59
171,34001,121,4.55
171,36001,121,5.02
171,38001,121,5.33
171,40001,121,5.71
171,42001,121,6.29
171,44001,121,6.01
171,46001,121,6.62
171,48001,121,7.02
171,50001,121,6.33
171,52001,121,5.91
171,54001,121,5.3
171,56001,121,4.94
171,58001,121,4.67
171,60001,121,4.47
171,62001,121,4.57
171,64001,121,4.21
171,65535,121,4.11
171,1,141,4.09
171,2001,141,4.07
171,4001,141,4.42
171,6001,141,4.75
171,8001,141,5.07
171,10001,141,5.51
171,12001,141,5.39
171,14001,141,5.16
171,16001,141,4.64
171,18001,141,4.36
171,20001,141,4.11
171,22001,141,3.88
171,24001,141,4.03
171,26001,141,4.03
171,28001,141,4.05
171,30001,141,4.33
171,32001,141,4.42
171,34001,141,4.44
171,36001,141,4.87
171,38001,141,5.2
171,40001,141,5.87
171,42001,141,5.76
171,44001,141,5.16
171,46001,141,5.83
171,48001,141,6.49
171,50001,141,6.49
171,52001,141,5.82
171,54001,141,5.25
171,56001,141,4.79
171,58001,141,4.55
171,60001,141,4.46
171,62001,141,4.13
171,64001,141,4.14
171,65535,141,4.05
171,1,161,3.79
171,2001,161,3.99
171,4001,161,4.18
171,6001,161,4.59
171,8001,161,5.03
171,10001,161,5.43
171,12001,161,5.3
171,14001,161,4.88
171,16001,161,4.62
171,18001,161,4.22
171,20001,161,3.98
171,22001,161,3.78
171,24001,161,3.79
171,26001,161,3.89
171,28001,161,4.01
171,30001,161,4.12
171,32001,161,4.28
171,34001,161,4.54
171,36001,161,4.69
171,38001,161,5.19
171,40001,161,5.6
171,42001,161,5.17
171,44001,161,4.63
171,46001,161,5.05
171,48001,161,5.68
171,50001,161,6.5
171,52001,161,5.63
171,54001,161,4.85
171,56001,161,4.66
171,58001,161,4.36
171,60001,161,4.15
171,62001,161,4.12
171,64001,161,3.85
171,65535,161,3.85
171,1,181,3.66
171,2001,181,3.9
171,4001,181,4.03
171,6001,181,4.53
171,8001,181,4.83
171,10001,181,5.43
171,12001,181,5.29
171,14001,181,4.81
171,16001,181,4.46
171,18001,181,4.01
171,20001,181,3.82
171,22001,181,3.68
171,24001,181,3.62
171,26001,181,3.78
171,28001,181,3.98
171,30001,181,4.01
171,32001,181,4.34
171,34001,181,4.41
171,36001,181,4.64
171,38001,181,5.24
171,40001,181,5.34
171,42001,181,4.63
171,44001,181,4.32
171,46001,181,4.79
171,48001,181,5.31
171,50001,181,6.01
171,52001,181,5.56
171,54001,181,4.94
171,56001,181,4.51
171,58001,181,4.36
171,60001,181,3.97
171,62001,181,3.9
171,64001,181,3.6
171,65535,181,3.68
171,1,201,3.55
171,2001,201,3.67
171,4001,201,3.94
171,6001,201,4.3
171,8001,201,4.74
171,10001,201,5.25
171,12001,201,5.24
171,14001,201,4.62
171,16001,201,4.32
171,18001,201,4.08
171,20001,201,3.68
171,22001,201,3.62
171,24001,201,3.62
171,26001,201,3.67
171,28001,201,3.75
171,30001,201,3.81
171,32001,201,4.06
171,34001,201,4.47
171,36001,201,4.97
171,38001,201,5.42
171,40001,201,4.47
171,42001,201,4.1
171,44001,201,3.87
171,46001,201,4.29
171,48001,201,4.98
171,50001,201,5.74
171,52001,201,5.63
171,54001,201,4.8
171,56001,201,4.33
171,58001,201,4.11
171,60001,201,3.89
171,62001,201,3.75
171,64001,201,3.57
171,65535,201,3.69
171,1,221,3.67
171,2001,221,3.72
171,4001,221,3.83
171,6001,221,4.12
171,8001,221,4.62
171,10001,221,5.21
171,12001,221,5.3
171,14001,221,4.56
171,16001,221,4.25
171,18001,221,3.85
171,20001,221,3.66
171,22001,221,3.65
171,24001,221,3.54
171,26001,221,3.66
171,28001,221,3.71
171,30001,221,3.93
171,32001,221,4.3
171,34001,221,4.69
171,36001,221,5.29
171,38001,221,4.99
171,40001,221,4.25
171,42001,221,3.85
171,44001,221,3.64
171,46001,221,4.05
171,48001,221,4.45
171,50001,221,5.37
171,52001,221,5.52
171,54001,221,4.82
171,56001,221,4.31
171,58001,221,4.16
171,60001,221,3.8
171,62001,221,3.68
171,64001,221,3.64
171,65535,221,3.71
171,1,241,3.61
171,2001,241,3.63
171,4001,241,3.66
171,6001,241,4.11
171,8001,241,4.57
171,10001,241,5.22
171,12001,241,5.26
171,14001,241,4.67
171,16001,241,4.25
171,18001,241,3.82
171,20001,241,3.62
171,22001,241,3.51
171,24001,241,3.75
171,26001,241,3.47
171,28001,241,3.81
171,30001,241,3.98
171,32001,241,4.19
171,34001,241,4.83
171,36001,241,5.47
171,38001,241,4.65
171,40001,241,3.87
171,42001,241,3.62
171,44001,241,3.67
171,46001,241,3.76
171,48001,241,4.27
171,50001,241,5.15
171,52001,241,5.78
171,54001,241,4.78
171,56001,241,4.31
171,58001,241,4.09
171,60001,241,3.69
171,62001,241,3.46
171,64001,241,3.67
171,65535,241,3.56
171,1,254,3.55
171,2001,254,3.51
171,4001,254,3.8
171,6001,254,4.11
171,8001,254,4.5
171,10001,254,5.19
171,12001,254,5.02
171,14001,254,4.6
171,16001,254,4.16
171,18001,254,3.75
171,20001,254,3.67
171,22001,254,3.56
171,24001,254,3.59
171,26001,254,3.48
171,28001,254,3.74
171,30001,254,3.9
171,32001,254,4.2
171,34001,254,4.78
171,36001,254,5.61
171,38001,254,4.56
171,40001,254,3.75
171,42001,254,3.46
171,44001,254,3.65
171,46001,254,3.61
171,48001,254,4.1
171,50001,254,4.97
171,52001,254,5.83
171,54001,254,4.92
171,56001,254,4.28
171,58001,254,4.0
171,60001,254,3.65
171,62001,254,3.58
171,64001,254,3.61
171,65535,254,3.65
181,1,1,6.27
181,2001,1,6.36
181,4001,1,6.32
181,6001,1,6.17
181,8001,1,6.23
181,10001,1,6.15
181,12001,1,6.36
181,14001,1,6.16
181,16001,1,6.37
181,18001,1,6.23
181,20001,1,6.29
181,22001,1,6.08
181,24001,1,6.16
181,26001,1,6.2
181,28001,1,6.16
181,30001,1,6.29
181,32001,1,6.26
181,34001,1,6.15
181,36001,1,6.22
181,38001,1,6.23
181,40001,1,6.29
181,42001,1,6.25
181,44001,1,6.3
181,46001,1,6.24
181,48001,1,6.16
181,50001,1,6.26
181,52001,1,6.12
181,54001,1,6.34
181,56001,1,6.22
181,58001,1,6.17
181,60001,1,6.22
181,62001,1,6.28
181,64001,1,6.2
181,65535,1,6.21
181,1,21,6.4
181,2001,21,6.29
181,4001,21,6.31
181,6001,21,6.38
181,8001,21,6.29
181,10001,21,6.2
181,12001,21,6.04
181,14001,21,6.06
181,16001,21,6.02
181,18001,21,6.06
181,20001,21,5.89
181,22001,21,5.74
181,24001,21,5.75
181,26001,21,5.66
181,28001,21,5.72
181,30001,21,5.89
181,32001,21,5.85
181,34001,21,5.85
181,36001,21,5.86
181,38001,21,6.05
181,40001,21,6.28
181,42001,21,6.13
181,44001,21,6.29
181,46001,21,6.39
181,48001,21,6.46
181,50001,21,6.48
181,52001,21,6.51
181,54001,21,6.47
181,56001,21,6.52
181,58001,21,6.49
181,60001,21,6.47
181,62001,21,6.5
181,64001,21,6.4
181,65535,21,6.34
181,1,41,5.88
181,2001,41,5.92
181,4001,41,6.23
181,6001,41,6.21
181,8001,41,6.2
181,10001,41,6.18
181,12001,41,5.88
181,14001,41,5.83
181,16001,41,5.66
181,18001,41,5.55
181,20001,41,5.42
181,22001,41,5.38
181,24001,41,5.37
181,26001,41,5.25
181,28001,41,5.45
181,30001,41,5.57
181,32001,41,5.46
181,34001,41,5.52
181,36001,41,5.78
181,38001,41,5.96
181,40001,41,6.16
181,42001,41,6.25
181,44001,41,6.3
181,46001,41,6.37
181,48001,41,6.6
181,50001,41,6.81
181,52001,41,6.58
181,54001,41,6.39
181,56001,41,6.33
181,58001,41,6.11
181,60001,41,6.03
181,62001,41,6.04
181,64001,41,5.97
181,65535,41,5.7
181,1,61,5.51
181,2001,61,5.51
181,4001,61,5.77
181,6001,61,5.89
181,8001,61,6.18
181,10001,61,5.96
181,12001,61,5.86
181,14001,61,5.64
181,16001,61,5.54
181,18001,61,5.32
181,20001,61,5.3
181,22001,61,5.32
181,24001,61,4.93
181,26001,61,4.95
181,28001,61,5.19
181,30001,61,5.13
181,32001,61,5.21
181,34001,61,5.43
181,36001,61,5.49
181,38001,61,5.77
181,40001,61,5.96
181,42001,61,6.19
181,44001,61,6.44
181,46001,61,6.78
181,48001,61,6.83
181,50001,61,6.84
181,52001,61,6.45
181,54001,61,6.06
181,56001,61,5.92
181,58001,61,5.71
181,60001,61,5.73
181,62001,61,5.53
181,64001,61,5.49
181,65535,61,5.34
181,1,81,5.04
181,2001,81,5.04
181,4001,81,5.34
181,6001,81,5.61
181,8001,81,5.74
181,10001,81,5.93
181,12001,81,5.8
181,14001,81,5.51
181,16001,81,5.16
181,18001,81,5.07
181,20001,81,4.87
181,22001,81,4.83
181,24001,81,4.71
181,26001,81,4.78
181,28001,81,4.92
181,30001,81,4.94
181,32001,81,4.96
181,34001,81,5.17
181,36001,81,5.43
181,38001,81,5.5
181,40001,81,5.92
181,42001,81,6.23
181,44001,81,6.79
181,46001,81,6.99
181,48001,81,7.19
181,50001,81,6.85
181,52001,81,6.14
181,54001,81,5.79
181,56001,81,5.64
181,58001,81,5.35
181,60001,81,5.26
181,62001,81,5.2
181,64001,81,5.01
181,65535,81,4.86
181,1,101,4.62
181,2001,101,4.75
181,4001,101,4.93
181,6001,101,5.32
181,8001,101,5.55
181,10001,101,5.9
181,12001,101,5.71
181,14001,101,5.2
181,16001,101,4.98
181,18001,101,4.83
181,20001,101,4.7
181,22001,101,4.47
181,24001,101,4.46
181,26001,101,4.56
181,28001,101,4.69
181,30001,101,4.77
181,32001,101,4.75
181,34001,101,4.99
181,36001,101,5.33
181,38001,101,5.55
181,40001,101,5.91
181,42001,101,6.44
181,44001,101,7.08
181,46001,101,7.42
181,48001,101,7.3
181,50001,101,6.65
181,52001,101,6.19
181,54001,101,5.67
181,56001,101,5.13
181,58001,101,5.24
181,60001,101,4.99
181,62001,101,4.84
181,64001,101,4.77
181,65535,101,4.62
181,1,121,4.23
181,2001,121,4.48
181,4001,121,4.7
181,6001,121,5.08
181,8001,121,5.36
181,10001,121,5.81
181,12001,121,5.61
181,14001,121,5.16
181,16001,121,4.89
181,18001,121,4.71
181,20001,121,4.43
181,22001,121,4.24
181,24001,121,4.28
181,26001,121,4.25
181,28001,121,4.44
181,30001,121,4.42
181,32001,121,4.73
181,34001,121,4.78
181,36001,121,5.0
181,38001,121,5.4
181,40001,121,5.93
181,42001,121,6.6
181,44001,121,6.19
181,46001,121,6.64
181,48001,121,7.33
181,50001,121,6.74
181,52001,121,5.84
181,54001,121,5.45
181,56001,121,5.1
181,58001,121,4.78
181,60001,121,4.72
181,62001,121,4.58
181,64001,121,4.35
181,65535,121,4.32
181,1,141,4.03
181,2001,141,4.32
181,4001,141,4.58
181,6001,141,4.75
181,8001,141,5.18
181,10001,141,5.62
181,12001,141,5.46
181,14001,141,5.12
181,16001,141,4.71
181,18001,141,4.64
181,20001,141,4.35
181,22001,141,4.04
181,24001,141,3.85
181,26001,141,4.11
181,28001,141,4.25
181,30001,141,4.26
181,32001,141,4.48
181,34001,141,4.58
181,36001,141,4.99
181,38001,141,5.43
181,40001,141,5.88
181,42001,141,5.83
181,44001,141,5.45
181,46001,141,5.93
181,48001,141,6.49
181,50001,141,6.62
181,52001,141,6.05
181,54001,141,5.07
181,56001,141,4.92
181,58001,141,4.64
181,60001,141,4.45
181,62001,141,4.25
181,64001,141,4.21
181,65535,141,3.94
181,1,161,3.97
181,2001,161,4.02
181,4001,161,4.31
181,6001,161,4.71
181,8001,161,5.22
181,10001,161,5.54
181,12001,161,5.52
181,14001,161,5.02
181,16001,161,4.57
181,18001,161,4.34
181,20001,161,4.07
181,22001,161,3.82
181,24001,161,3.83
181,26001,161,4.07
181,28001,161,4.06
181,30001,161,4.09
181,32001,161,4.47
181,34001,161,4.49
181,36001,161,4.86
181,38001,161,5.26
181,40001,161,5.66
181,42001,161,5.02
181,44001,161,4.62
181,46001,161,5.31
181,48001,161,5.77
181,50001,161,6.66
181,52001,161,5.76
181,54001,161,4.96
181,56001,161,4.68
181,58001,161,4.47
181,60001,161,4.08
181,62001,161,4.15
181,64001,161,3.87
181,65535,161,3.88
181,1,181,3.69
181,2001,181,3.85
181,4001,181,4.11
181,6001,181,4.55
181,8001,181,4.88
181,10001,181,5.46
181,12001,181,5.39
181,14001,181,4.99
181,16001,181,4.59
181,18001,181,4.22
181,20001,181,4.04
181,22001,181,3.8
181,24001,181,3.7
181,26001,181,3.9
181,28001,181,4.02
181,30001,181,4.16
181,32001,181,4.38
181,34001,181,4.45
181,36001,181,4.84
181,38001,181,5.36
181,40001,181,5.42
181,42001,181,4.82
181,44001,181,4.32
181,46001,181,4.61
181,48001,181,5.55
181,50001,181,6.25
181,52001,181,5.67
181,54001,181,5.13
181,56001,181,4.71
181,58001,181,4.4
181,60001,181,4.26
181,62001,181,3.95
181,64001,181,3.92
181,65535,181,3.76
181,1,201,3.7
181,2001,201,3.79
181,4001,201,3.97
181,6001,201,4.25
181,8001,201,4.94
181,10001,201,5.39
181,12001,201,5.44
181,14001,201,4.83
181,16001,201,4.36
181,18001,201,3.96
181,20001,201,3.97
181,22001,201,3.65
181,24001,201,3.8
181,26001,201,3.83
181,28001,201,3.89
181,30001,201,4.05
181,32001,201,4.21
181,34001,201,4.67
181,36001,201,5.12
181,38001,201,5.53
181,40001,201,4.89
181,42001,201,4.37
181,44001,201,4.02
181,46001,201,4.34
181,48001,201,5.2
181,50001,201,5.93
181,52001,201,5.82
181,54001,201,4.92
181,56001,201,4.65
181,58001,201,4.29
181,60001,201,3.94
181,62001,201,3.74
181,64001,201,3.65
181,65535,201,3.49
181,1,221,3.58
181,2001,221,3.8
181,4001,221,4.12
181,6001,221,4.28
181,8001,221,4.69
181,10001,221,5.21
181,12001,221,5.42
181,14001,221,4.78
181,16001,221,4.3
181,18001,221,4.0
181,20001,221,3.71
181,22001,221,3.53
181,24001,221,3.62
181,26001,221,3.64
181,28001,221,3.93
181,30001,221,4.04
181,32001,221,4.5
181,34001,221,4.74
181,36001,221,5.17
181,38001,221,5.09
181,40001,221,4.38
181,42001,221,3.82
181,44001,221,3.69
181,46001,221,4.13
181,48001,221,4.55
181,50001,221,5.48
181,52001,221,5.8
181,54001,221,5.02
181,56001,221,4.36
181,58001,221,4.16
181,60001,221,4.02
181,62001,221,3.75
181,64001,221,3.75
181,65535,221,3.71
181,1,241,3.67
181,2001,241,3.63
181,4001,241,3.71
181,6001,241,4.26
181,8001,241,4.78
181,10001,241,5.38
181,12001,241,5.4
181,14001,241,4.75
181,16001,241,4.32
181,18001,241,4.01
181,20001,241,3.74
181,22001,241,3.64
181,24001,241,3.7
181,26001,241,3.71
181,28001,241,3.79
181,30001,241,4.03
181,32001,241,4.34
181,34001,241,4.72
181,36001,241,5.7
181,38001,241,4.55
181,40001,241,4.02
181,42001,241,3.72
181,44001,241,3.56
181,46001,241,3.78
181,48001,241,4.29
181,50001,241,5.23
181,52001,241,5.98
181,54001,241,5.0
181,56001,241,4.49
181,58001,241,4.03
181,60001,241,3.84
181,62001,241,3.68
181,64001,241,3.66
181,65535,241,3.69
181,1,254,3.62
181,2001,254,3.59
181,4001,254,3.85
181,6001,254,4.15
181,8001,254,4.55
181,10001,254,5.27
181,12001,254,5.27
181,14001,254,4.52
181,16001,254,4.22
181,18001,254,3.8
181,20001,254,3.62
181,22001,254,3.7
181,24001,254,3.66
181,26001,254,3.71
181,28001,254,3.82
181,30001,254,4.13
181,32001,254,4.34
181,34001,254,4.84
181,36001,254,5.62
181,38001,254,4.54
181,40001,254,3.98
181,42001,254,3.73
181,44001,254,3.68
181,46001,254,3.67
181,48001,254,4.22
181,50001,254,5.04
181,52001,254,5.97
181,54001,254,4.99
181,56001,254,4.39
181,58001,254,4.02
181,60001,254,3.84
181,62001,254,3.65
181,64001,254,3.49
181,65535,254,3.6
191,1,1,6.17
191,2001,1,6.31
191,4001,1,6.39
191,6001,1,6.42
191,8001,1,6.24
191,10001,1,6.33
191,12001,1,6.23
191,14001,1,6.46
191,16001,1,6.38
191,18001,1,6.29
191,20001,1,6.33
191,22001,1,6.29
191,24001,1,6.46
191,26001,1,6.35
191,28001,1,6.34
191,30001,1,6.36
191,32001,1,6.31
191,34001,1,6.34
191,36001,1,6.33
191,38001,1,6.35
191,40001,1,6.25
191,42001,1,6.3
191,44001,1,6.38
191,46001,1,6.24
191,48001,1,6.29
191,50001,1,6.29
191,52001,1,6.21
191,54001,1,6.32
191,56001,1,6.3
191,58001,1,6.29
191,60001,1,6.24
191,62001,1,6.35
191,64001,1,6.17
191,65535,1,6.3
191,1,21,6.42
191,2001,21,6.25
191,4001,21,6.44
191,6001,21,6.45
191,8001,21,6.3
191,10001,21,6.09
191,12001,21,6.0
191,14001,21,6.13
191,16001,21,6.06
191,18001,21,6.08
191,20001,21,6.1
191,22001,21,5.96
191,24001,21,5.94
191,26001,21,5.81
191,28001,21,5.97
191,30001,21,5.98
191,32001,21,6.04
191,34001,21,6.09
191,36001,21,6.19
191,38001,21,6.29
191,40001,21,6.19
191,42001,21,6.43
191,44001,21,6.54
191,46001,21,6.38
191,48001,21,6.49
191,50001,21,6.63
191,52001,21,6.42
191,54001,21,6.51
191,56001,21,6.51
191,58001,21,6.42
191,60001,21,6.55
191,62001,21,6.63
191,64001,21,6.55
191,65535,21,6.45
191,1,41,6.08
191,2001,41,6.31
191,4001,41,6.31
191,6001,41,6.36
191,8001,41,6.28
191,10001,41,6.16
191,12001,41,6.06
191,14001,41,6.06
191,16001,41,5.87
191,18001,41,5.7
191,20001,41,5.65
191,22001,41,5.43
191,24001,41,5.47
191,26001,41,5.65
191,28001,41,5.58
191,30001,41,5.68
191,32001,41,5.61
191,34001,41,5.71
191,36001,41,5.93
191,38001,41,5.97
191,40001,41,6.52
191,42001,41,6.42
191,44001,41,6.46
191,46001,41,6.51
191,48001,41,6.65
191,50001,41,6.76
191,52001,41,6.74
191,54001,41,6.59
191,56001,41,6.4
191,58001,41,6.55
191,60001,41,6.2
191,62001,41,6.31
191,64001,41,6.11
191,65535,41,5.91
191,1,61,5.6
191,2001,61,5.67
191,4001,61,5.85
191,6001,61,6.05
191,8001,61,6.14
191,10001,61,6.09
191,12001,61,6.04
191,14001,61,5.73
191,16001,61,5.67
191,18001,61,5.4
191,20001,61,5.33
191,22001,61,5.25
191,24001,61,5.27
191,26001,61,5.2
191,28001,61,5.19
191,30001,61,5.35
191,32001,61,5.38
191,34001,61,5.69
191,36001,61,5.71
191,38001,61,6.2
191,40001,61,6.09
191,42001,61,6.59
191,44001,61,6.64
191,46001,61,6.8
191,48001,61,6.75
191,50001,61,6.97
191,52001,61,6.59
191,54001,61,6.26
191,56001,61,6.03
191,58001,61,6.15
191,60001,61,5.84
191,62001,61,5.86
191,64001,61,5.6
191,65535,61,5.74
191,1,81,4.96
191,2001,81,5.4
191,4001,81,5.54
191,6001,81,5.82
191,8001,81,6.13
191,10001,81,6.01
191,12001,81,5.95
191,14001,81,5.63
191,16001,81,5.38
191,18001,81,5.34
191,20001,81,5.19
191,22001,81,4.87
191,24001,81,4.82
191,26001,81,4.88
191,28001,81,5.2
191,30001,81,5.15
191,32001,81,5.02
191,34001,81,5.29
191,36001,81,5.57
191,38001,81,5.78
191,40001,81,5.98
191,42001,81,6.51
191,44001,81,6.92
191,46001,81,7.0
191,48001,81,7.25
191,50001,81,6.86
191,52001,81,6.42
191,54001,81,6.14
191,56001,81,5.78
191,58001,81,5.53
191,60001,81,5.51
191,62001,81,5.32
191,64001,81,5.22
191,65535,81,5.03
191,1,101,4.6
191,2001,101,5.02
191,4001,101,5.27
191,6001,101,5.36
191,8001,101,5.74
191,10001,101,6.07
191,12001,101,5.92
191,14001,101,5.4
191,16001,101,5.3
191,18001,101,5.0
191,20001,101,4.87
191,22001,101,4.48
191,24001,101,4.74
191,26001,101,4.65
191,28001,101,4.84
191,30001,101,4.78
191,32001,101,4.92
191,34001,101,5.07
191,36001,101,5.26
191,38001,101,5.8
191,40001,101,6.17
191,42001,101,6.56
191,44001,101,7.16
191,46001,101,7.34
191,48001,101,7.5
191,50001,101,6.83
191,52001,101,6.3
191,54001,101,5.85
191,56001,101,5.48
191,58001,101,5.31
191,60001,101,5.17
191,62001,101,4.94
191,64001,101,4.97
191,65535,101,4.77
191,1,121,4.45
191,2001,121,4.74
191,4001,121,5.04
191,6001,121,5.24
191,8001,121,5.49
191,10001,121,5.97
191,12001,121,5.75
191,14001,121,5.4
191,16001,121,5.15
191,18001,121,4.81
191,20001,121,4.69
191,22001,121,4.44
191,24001,121,4.38
191,26001,121,4.55
191,28001,121,4.42
191,30001,121,4.72
191,32001,121,4.79
191,34001,121,5.06
191,36001,121,5.33
191,38001,121,5.4
191,40001,121,6.27
191,42001,121,6.82
191,44001,121,6.4
191,46001,121,7.15
191,48001,121,7.59
191,50001,121,6.95
191,52001,121,6.18
191,54001,121,5.5
191,56001,121,5.26
191,58001,121,5.13
191,60001,121,4.83
191,62001,121,4.76
191,64001,121,4.69
191,65535,121,4.42
191,1,141,4.04
191,2001,141,4.34
191,4001,141,4.53
191,6001,141,5.07
191,8001,141,5.43
191,10001,141,5.81
191,12001,141,5.68
191,14001,141,5.34
191,16001,141,5.03
191,18001,141,4.78
191,20001,141,4.34
191,22001,141,4.14
191,24001,141,4.19
191,26001,141,4.29
191,28001,141,4.41
191,30001,141,4.29
191,32001,141,4.61
191,34001,141,4.86
191,36001,141,5.08
191,38001,141,5.54
191,40001,141,6.09
191,42001,141,5.89
191,44001,141,5.64
191,46001,141,6.27
191,48001,141,6.74
191,50001,141,6.74
191,52001,141,6.13
191,54001,141,5.42
191,56001,141,4.96
191,58001,141,4.84
191,60001,141,4.61
191,62001,141,4.42
191,64001,141,4.2
191,65535,141,4.3
191,1,161,3.97
191,2001,161,4.24
191,4001,161,4.55
191,6001,161,4.77
191,8001,161,5.27
191,10001,161,5.62
191,12001,161,5.57
191,14001,161,5.21
191,16001,161,4.82
191,18001,161,4.44
191,20001,161,4.22
191,22001,161,4.01
191,24001,161,3.98
191,26001,161,4.13
191,28001,161,4.09
191,30001,161,4.32
191,32001,161,4.5
191,34001,161,4.7
191,36001,161,5.09
191,38001,161,5.59
191,40001,161,6.01
191,42001,161,5.2
191,44001,161,4.94
191,46001,161,5.31
191,48001,161,6.0
191,50001,161,6.87
191,52001,161,5.97
191,54001,161,5.3
191,56001,161,4.68
191,58001,161,4.66
191,60001,161,4.36
191,62001,161,4.2
191,64001,161,4.07
191,65535,161,3.98
191,1,181,3.77
191,2001,181,4.18
191,4001,181,4.45
191,6001,181,4.57
191,8001,181,5.25
191,10001,181,5.62
191,12001,181,5.64
191,14001,181,5.11
191,16001,181,4.59
191,18001,181,4.38
191,20001,181,4.04
191,22001,181,3.94
191,24001,181,3.81
191,26001,181,4.11
191,28001,181,4.11
191,30001,181,4.18
191,32001,181,4.42
191,34001,181,4.72
191,36001,181,5.1
191,38001,181,5.64
191,40001,181,5.57
191,42001,181,4.92
191,44001,181,4.56
191,46001,181,4.95
191,48001,181,5.56
191,50001,181,6.44
191,52001,181,5.89
191,54001,181,5.24
191,56001,181,4.9
191,58001,181,4.59
191,60001,181,4.25
191,62001,181,4.1
191,64001,181,4.1
191,65535,181,3.79
191,1,201,3.73
191,2001,201,3.97
191,4001,201,4.19
191,6001,201,4.43
191,8001,201,4.83
191,10001,201,5.46
191,12001,201,5.7
191,14001,201,5.0
191,16001,201,4.62
191,18001,201,4.22
191,20001,201,3.93
191,22001,201,3.79
191,24001,201,3.72
191,26001,201,3.88
191,28001,201,4.05
191,30001,201,4.16
191,32001,201,4.46
191,34001,201,4.74
191,36001,201,5.4
191,38001,201,6.0
191,40001,201,5.17
191,42001,201,4.37
191,44001,201,3.96
191,46001,201,4.41
191,48001,201,5.15
191,50001,201,6.04
191,52001,201,5.96
191,54001,201,5.07
191,56001,201,4.71
191,58001,201,4.31
191,60001,201,3.97
191,62001,201,3.86
191,64001,201,3.91
191,65535,201,3.67
191,1,221,3.76
191,2001,221,3.76
191,4001,221,3.91
191,6001,221,4.5
191,8001,221,5.06
191,10001,221,5.66
191,12001,221,5.49
191,14001,221,4.92
191,16001,221,4.69
191,18001,221,4.02
191,20001,221,3.7
191,22001,221,3.76
191,24001,221,3.72
191,26001,221,3.87
191,28001,221,3.98
191,30001,221,4.22
191,32001,221,4.37
191,34001,221,5.14
191,36001,221,5.49
191,38001,221,5.22
191,40001,221,4.37
191,42001,221,4.01
191,44001,221,3.78
191,46001,221,4.36
191,48001,221,4.87
191,50001,221,5.59
191,52001,221,5.94
191,54001,221,5.07
191,56001,221,4.45
191,58001,221,4.3
191,60001,221,3.93
191,62001,221,3.97
191,64001,221,3.51
191,65535,221,3.65
191,1,241,3.73
191,2001,241,3.89
191,4001,241,3.92
191,6001,241,4.38
191,8001,241,4.72
191,10001,241,5.59
191,12001,241,5.54
191,14001,241,4.88
191,16001,241,4.23
191,18001,241,3.91
191,20001,241,3.93
191,22001,241,3.7
191,24001,241,3.8
191,26001,241,3.86
191,28001,241,4.04
191,30001,241,4.15
191,32001,241,4.42
191,34001,241,4.82
191,36001,241,5.91
191,38001,241,4.87
191,40001,241,4.22
191,42001,241,3.82
191,44001,241,3.75
191,46001,241,4.0
191,48001,241,4.71
191,50001,241,5.45
191,52001,241,5.93
191,54001,241,5.18
191,56001,241,4.55
191,58001,241,4.04
191,60001,241,4.0
191,62001,241,3.74
191,64001,241,3.72
191,65535,241,3.82
191,1,254,3.85
191,2001,254,3.58
191,4001,254,3.79
191,6001,254,4.16
191,8001,254,4.74
191,10001,254,5.24
191,12001,254,5.46
191,14001,254,4.75
191,16001,254,4.38
191,18001,254,3.94
191,20001,254,3.68
191,22001,254,3.65
191,24001,254,3.65
191,26001,254,3.73
191,28001,254,3.94
191,30001,254,4.19
191,32001,254,4.46
191,34001,254,4.92
191,36001,254,5.78
191,38001,254,4.71
191,40001,254,3.87
191,42001,254,3.89
191,44001,254,3.86
191,46001,254,3.72
191,48001,254,4.37
191,50001,254,5.02
191,52001,254,6.14
191,54001,254,5.23
191,56001,254,4.55
191,58001,254,4.03
191,60001,254,3.94
191,62001,254,3.71
191,64001,254,3.68
191,65535,254,3.97
201,1,1,6.26
201,2001,1,6.28
201,4001,1,6.28
201,6001,1,6.29
201,8001,1,6.41
201,10001,1,6.16
201,12001,1,6.19
201,14001,1,6.44
201,16001,1,6.45
201,18001,1,6.34
201,20001,1,6.17
201,22001,1,6.19
201,24001,1,6.25
201,26001,1,6.36
201,28001,1,6.49
201,30001,1,6.32
201,32001,1,6.44
201,34001,1,6.26
201,36001,1,6.3
201,38001,1,6.19
201,40001,1,6.22
201,42001,1,6.36
201,44001,1,6.2
201,46001,1,6.21
201,48001,1,6.23
201,50001,1,6.27
201,52001,1,6.39
201,54001,1,6.38
201,56001,1,6.32
201,58001,1,6.22
201,60001,1,6.41
201,62001,1,6.16
201,64001,1,6.27
201,65535,1,6.4
201,1,21,6.51
201,2001,21,6.36
201,4001,21,6.27
201,6001,21,6.28
201,8001,21,6.11
201,10001,21,6.28
201,12001,21,6.17
201,14001,21,6.04
201,16001,21,6.04
201,18001,21,6.07
201,20001,21,6.12
201,22001,21,5.98
201,24001,21,6.01
201,26001,21,6.0
201,28001,21,6.09
201,30001,21,6.04
201,32001,21,5.98
201,34001,21,6.09
201,36001,21,6.12
201,38001,21,6.2
201,40001,21,6.23
201,42001,21,6.29
201,44001,21,6.54
201,46001,21,6.46
201,48001,21,6.45
201,50001,21,6.39
201,52001,21,6.55
201,54001,21,6.42
201,56001,21,6.33
201,58001,21,6.56
201,60001,21,6.62
201,62001,21,6.62
201,64001,21,6.51
201,65535,21,6.5
201,1,41,6.25
201,2001,41,6.31
201,4001,41,6.45
201,6001,41,6.54
201,8001,41,6.18
201,10001,41,6.16
201,12001,41,5.97
201,14001,41,5.89
201,16001,41,5.94
201,18001,41,5.79
201,20001,41,5.82
201,22001,41,5.76
201,24001,41,5.74
201,26001,41,5.64
201,28001,41,5.78
201,30001,41,5.73
201,32001,41,5.84
201,34001,41,6.03
201,36001,41,6.01
201,38001,41,6.08
201,40001,41,6.27
201,42001,41,6.22
201,44001,41,6.57
201,46001,41,6.61
201,48001,41,6.57
201,50001,41,6.7
201,52001,41,6.71
201,54001,41,6.77
201,56001,41,6.63
201,58001,41,6.56
201,60001,41,6.33
201,62001,41,6.4
201,64001,41,6.24
201,65535,41,6.24
201,1,61,5.81
201,2001,61,5.89
201,4001,61,6.08
201,6001,61,6.21
201,8001,61,6.12
201,10001,61,5.8
201,12001,61,5.96
201,14001,61,5.83
201,16001,61,5.89
201,18001,61,5.78
201,20001,61,5.56
201,22001,61,5.51
201,24001,61,5.41
201,26001,61,5.48
201,28001,61,5.42
201,30001,61,5.61
201,32001,61,5.64
201,34001,61,5.74
201,36001,61,5.89
201,38001,61,6.17
201,40001,61,6.24
201,42001,61,6.5
201,44001,61,6.62
201,46001,61,6.9
201,48001,61,6.85
201,50001,61,6.99
201,52001,61,6.74
201,54001,61,6.17
201,56001,61,6.3
201,58001,61,6.07
201,60001,61,6.02
201,62001,61,5.91
201,64001,61,5.81
201,65535,61,5.83
201,1,81,5.28
201,2001,81,5.63
201,4001,81,5.82
201,6001,81,6.07
201,8001,81,6.29
201,10001,81,6.09
201,12001,81,5.83
201,14001,81,5.8
201,16001,81,5.53
201,18001,81,5.35
201,20001,81,5.26
201,22001,81,5.09
201,24001,81,5.19
201,26001,81,5.11
201,28001,81,5.01
201,30001,81,5.22
201,32001,81,5.37
201,34001,81,5.57
201,36001,81,5.74
201,38001,81,6.04
201,40001,81,6.3
201,42001,81,6.52
201,44001,81,6.99
201,46001,81,6.99
201,48001,81,7.16
201,50001,81,7.22
201,52001,81,6.47
201,54001,81,6.01
201,56001,81,5.91
201,58001,81,5.71
201,60001,81,5.56
201,62001,81,5.59
201,64001,81,5.25
201,65535,81,5.2
201,1,101,4.7
201,2001,101,5.18
201,4001,101,5.14
201,6001,101,5.64
201,8001,101,5.91
201,10001,101,5.88
201,12001,101,5.87
201,14001,101,5.58
201,16001,101,5.34
201,18001,101,5.29
201,20001,101,4.91
201,22001,101,4.54
201,24001,101,4.65
201,26001,101,4.85
201,28001,101,4.78
201,30001,101,4.94
201,32001,101,5.06
201,34001,101,5.22
201,36001,101,5.63
201,38001,101,5.87
201,40001,101,6.24
201,42001,101,6.83
201,44001,101,7.14
201,46001,101,7.21
201,48001,101,7.6
201,50001,101,7.09
201,52001,101,6.34
201,54001,101,6.07
201,56001,101,5.48
201,58001,101,5.43
201,60001,101,5.34
201,62001,101,5.14
201,64001,101,4.9
201,65535,101,4.88
201,1,121,4.54
201,2001,121,4.72
201,4001,121,5.15
201,6001,121,5.27
201,8001,121,5.58
201,10001,121,6.07
201,12001,121,5.63
201,14001,121,5.65
201,16001,121,5.26
201,18001,121,5.05
201,20001,121,4.73
201,22001,121,4.55
201,24001,121,4.57
201,26001,121,4.53
201,28001,121,4.68
201,30001,121,4.81
201,32001,121,4.83
201,34001,121,4.97
201,36001,121,5.48
201,38001,121,5.75
201,40001,121,6.57
201,42001,121,6.95
201,44001,121,6.5
201,46001,121,6.98
201,48001,121,7.73
201,50001,121,7.17
201,52001,121,6.36
201,54001,121,5.84
201,56001,121,5.42
201,58001,121,5.11
201,60001,121,4.92
201,62001,121,4.9
201,64001,121,4.68
201,65535,121,4.55
201,1,141,4.31
201,2001,141,4.5
201,4001,141,4.8
201,6001,141,5.04
201,8001,141,5.59
201,10001,141,5.96
201,12001,141,5.57
201,14001,141,5.5
201,16001,141,5.08
201,18001,141,4.74
201,20001,141,4.41
201,22001,141,4.2
201,24001,141,4.25
201,26001,141,4.38
201,28001,141,4.32
201,30001,141,4.66
201,32001,141,4.57
201,34001,141,5.01
201,36001,141,5.24
201,38001,141,5.69
201,40001,141,6.32
201,42001,141,6.18
201,44001,141,5.62
201,46001,141,6.22
201,48001,141,6.99
201,50001,141,7.16
201,52001,141,6.18
201,54001,141,5.66
201,56001,141,5.15
201,58001,141,4.92
201,60001,141,4.77
201,62001,141,4.51
201,64001,141,4.33
201,65535,141,4.31
201,1,161,4.19
201,2001,161,4.28
201,4001,161,4.6
201,6001,161,5.15
201,8001,161,5.36
201,10001,161,5.83
201,12001,161,5.71
201,14001,161,5.33
201,16001,161,4.79
201,18001,161,4.5
201,20001,161,4.37
201,22001,161,4.18
201,24001,161,4.14
201,26001,161,4.25
201,28001,161,4.33
201,30001,161,4.46
201,32001,161,4.61
201,34001,161,4.95
201,36001,161,4.99
201,38001,161,5.66
201,40001,161,6.19
201,42001,161,5.71
201,44001,161,5.09
201,46001,161,5.59
201,48001,161,6.18
201,50001,161,7.09
201,52001,161,6.17
201,54001,161,5.53
201,56001,161,5.04
201,58001,161,4.84
201,60001,161,4.48
201,62001,161,4.15
201,64001,161,4.1
201,65535,161,4.03
201,1,181,3.74
201,2001,181,4.26
201,4001,181,4.46
201,6001,181,4.91
201,8001,181,5.12
201,10001,181,5.8
201,12001,181,5.56
201,14001,181,5.31
201,16001,181,4.75
201,18001,181,4.61
201,20001,181,4.17
201,22001,181,3.94
201,24001,181,4.03
201,26001,181,4.07
201,28001,181,4.16
201,30001,181,4.34
201,32001,181,4.47
201,34001,181,4.84
201,36001,181,5.17
201,38001,181,5.82
201,40001,181,5.62
201,42001,181,5.16
201,44001,181,4.73
201,46001,181,5.02
201,48001,181,5.8
201,50001,181,6.78
201,52001,181,6.14
201,54001,181,5.39
201,56001,181,5.06
201,58001,181,4.61
201,60001,181,4.42
201,62001,181,4.18
201,64001,181,3.9
201,65535,181,3.87
201,1,201,3.88
201,2001,201,3.96
201,4001,201,4.49
201,6001,201,4.66
201,8001,201,5.19
201,10001,201,5.8
201,12001,201,5.66
201,14001,201,5.12
201,16001,201,4.68
201,18001,201,4.35
201,20001,201,3.97
201,22001,201,3.92
201,24001,201,3.74
201,26001,201,4.09
201,28001,201,4.16
201,30001,201,4.26
201,32001,201,4.51
201,34001,201,4.8
201,36001,201,5.39
201,38001,201,6.1
201,40001,201,5.04
201,42001,201,4.34
201,44001,201,4.14
201,46001,201,4.64
201,48001,201,5.41
201,50001,201,6.3
201,52001,201,6.09
201,54001,201,5.19
201,56001,201,4.93
201,58001,201,4.35
201,60001,201,4.22
201,62001,201,4.1
201,64001,201,3.88
201,65535,201,3.87
201,1,221,3.89
201,2001,221,3.9
201,4001,221,4.13
201,6001,221,4.75
201,8001,221,5.2
201,10001,221,5.61
201,12001,221,5.63
201,14001,221,5.01
201,16001,221,4.56
201,18001,221,4.18
201,20001,221,3.98
201,22001,221,3.71
201,24001,221,3.88
201,26001,221,4.01
201,28001,221,4.12
201,30001,221,4.34
201,32001,221,4.72
201,34001,221,5.04
201,36001,221,5.63
201,38001,221,5.48
201,40001,221,4.82
201,42001,221,4.26
201,44001,221,3.85
201,46001,221,4.28
201,48001,221,4.93
201,50001,221,5.93
201,52001,221,6.19
201,54001,221,5.25
201,56001,221,4.81
201,58001,221,4.4
201,60001,221,4.15
201,62001,221,3.93
201,64001,221,3.73
201,65535,221,3.99
201,1,241,3.79
201,2001,241,3.8
201,4001,241,3.93
201,6001,241,4.31
201,8001,241,4.82
201,10001,241,5.75
201,12001,241,5.51
201,14001,241,4.98
201,16001,241,4.37
201,18001,241,4.06
201,20001,241,3.8
201,22001,241,3.72
201,24001,241,3.8
201,26001,241,3.84
201,28001,241,3.96
201,30001,241,4.4
201,32001,241,4.84
201,34001,241,5.09
201,36001,241,5.94
201,38001,241,5.25
201,40001,241,4.07
201,42001,241,3.86
201,44001,241,4.06
201,46001,241,3.94
201,48001,241,4.68
201,50001,241,5.41
201,52001,241,6.26
201,54001,241,5.09
201,56001,241,4.88
201,58001,241,4.35
201,60001,241,3.99
201,62001,241,3.93
201,64001,241,3.91
201,65535,241,3.96
201,1,254,3.99
201,2001,254,3.91
201,4001,254,4.05
201,6001,254,4.38
201,8001,254,4.91
201,10001,254,5.67
201,12001,254,5.77
201,14001,254,5.02
201,16001,254,4.3
201,18001,254,4.16
201,20001,254,3.88
201,22001,254,3.73
201,24001,254,3.96
201,26001,254,3.91
201,28001,254,3.93
201,30001,254,4.26
201,32001,254,4.62
201,34001,254,5.18
201,36001,254,6.01
201,38001,254,4.85
201,40001,254,4.09
201,42001,254,3.92
201,44001,254,3.81
201,46001,254,3.92
201,48001,254,4.39
201,50001,254,5.38
201,52001,254,6.37
201,54001,254,5.3
201,56001,254,4.66
201,58001,254,4.21
201,60001,254,4.04
201,62001,254,3.8
201,64001,254,4.03
201,65535,254,3.85
211,1,1,6.26
211,2001,1,6.38
211,4001,1,6.32
211,6001,1,6.23
211,8001,1,6.4
211,10001,1,6.36
211,12001,1,6.29
211,14001,1,6.23
211,16001,1,6.29
211,18001,1,6.28
211,20001,1,6.26
211,22001,1,6.19
211,24001,1,6.27
211,26001,1,6.35
211,28001,1,6.25
211,30001,1,6.21
211,32001,1,6.23
211,34001,1,6.17
211,36001,1,6.39
211,38001,1,6.31
211,40001,1,6.28
211,42001,1,6.11
211,44001,1,6.13
211,46001,1,6.42
211,48001,1,6.18
211,50001,1,6.25
211,52001,1,6.31
211,54001,1,6.25
211,56001,1,6.28
211,58001,1,6.27
211,60001,1,6.31
211,62001,1,6.19
211,64001,1,6.43
211,65535,1,6.21
211,1,21,6.45
211,2001,21,6.35
211,4001,21,6.3
211,6001,21,6.22
211,8001,21,6.17
211,10001,21,6.18
211,12001,21,6.23
211,14001,21,6.08
211,16001,21,6.16
211,18001,21,6.05
211,20001,21,5.97
211,22001,21,6.02
211,24001,21,5.91
211,26001,21,6.03
211,28001,21,6.08
211,30001,21,6.02
211,32001,21,6.05
211,34001,21,6.17
211,36001,21,6.21
211,38001,21,6.2
211,40001,21,6.32
211,42001,21,6.32
211,44001,21,6.29
211,46001,21,6.38
211,48001,21,6.4
211,50001,21,6.58
211,52001,21,6.56
211,54001,21,6.6
211,56001,21,6.55
211,58001,21,6.52
211,60001,21,6.54
211,62001,21,6.62
211,64001,21,6.45
211,65535,21,6.45
211,1,41,6.54
211,2001,41,6.64
211,4001,41,6.52
211,6001,41,6.37
211,8001,41,6.18
211,10001,41,6.21
211,12001,41,6.18
211,14001,41,5.96
211,16001,41,5.88
211,18001,41,5.92
211,20001,41,5.81
211,22001,41,5.79
211,24001,41,5.81
211,26001,41,5.84
211,28001,41,5.87
211,30001,41,5.88
211,32001,41,5.87
211,34001,41,5.95
211,36001,41,6.13
211,38001,41,6.28
211,40001,41,6.3
211,42001,41,6.36
211,44001,41,6.7
211,46001,41,6.59
211,48001,41,6.7
211,50001,41,6.78
211,52001,41,6.99
211,54001,41,7.01
211,56001,41,6.92
211,58001,41,6.75
211,60001,41,6.64
211,62001,41,6.53
211,64001,41,6.4
211,65535,41,6.38
211,1,61,5.96
211,2001,61,5.96
211,4001,61,6.26
211,6001,61,6.42
211,8001,61,6.38
211,10001,61,6.13
211,12001,61,5.96
211,14001,61,5.88
211,16001,61,5.85
211,18001,61,5.64
211,20001,61,5.6
211,22001,61,5.5
211,24001,61,5.58
211,26001,61,5.75
211,28001,61,5.71
211,30001,61,5.67
211,32001,61,5.86
211,34001,61,5.8
211,36001,61,6.04
211,38001,61,6.12
211,40001,61,6.35
211,42001,61,6.51
211,44001,61,6.63
211,46001,61,6.75
211,48001,61,6.87
211,50001,61,7.05
211,52001,61,7.05
211,54001,61,6.76
211,56001,61,6.48
211,58001,61,6.41
211,60001,61,6.33
211,62001,61,6.1
211,64001,61,6.02
211,65535,61,5.93
211,1,81,5.31
211,2001,81,5.61
211,4001,81,5.88
211,6001,81,6.11
211,8001,81,6.35
211,10001,81,5.97
211,12001,81,6.0
211,14001,81,5.73
211,16001,81,5.7
211,18001,81,5.58
211,20001,81,5.25
211,22001,81,5.23
211,24001,81,5.26
211,26001,81,5.23
211,28001,81,5.26
211,30001,81,5.37
211,32001,81,5.56
211,34001,81,5.66
211,36001,81,5.86
211,38001,81,6.15
211,40001,81,6.25
211,42001,81,6.67
211,44001,81,6.87
211,46001,81,7.2
211,48001,81,7.21
211,50001,81,7.35
211,52001,81,6.89
211,54001,81,6.52
211,56001,81,6.08
211,58001,81,5.91
211,60001,81,5.81
211,62001,81,5.69
211,64001,81,5.53
211,65535,81,5.56
211,1,101,4.83
211,2001,101,5.25
211,4001,101,5.42
211,6001,101,5.85
211,8001,101,6.18
211,10001,101,5.98
211,12001,101,5.77
211,14001,101,5.49
211,16001,101,5.44
211,18001,101,5.32
211,20001,101,5.11
211,22001,101,4.88
211,24001,101,4.94
211,26001,101,5.06
211,28001,101,4.92
211,30001,101,5.0
211,32001,101,5.35
211,34001,101,5.39
211,36001,101,5.71
211,38001,101,6.11
211,40001,101,6.49
211,42001,101,6.87
211,44001,101,7.08
211,46001,101,7.4
211,48001,101,7.74
211,50001,101,7.3
211,52001,101,6.77
211,54001,101,6.27
211,56001,101,5.79
211,58001,101,5.64
211,60001,101,5.37
211,62001,101,5.21
211,64001,101,5.25
211,65535,101,5.07
211,1,121,4.53
211,2001,121,4.88
211,4001,121,5.1
211,6001,121,5.54
211,8001,121,5.89
211,10001,121,6.05
211,12001,121,5.74
211,14001,121,5.63
211,16001,121,5.35
211,18001,121,5.16
211,20001,121,4.8
211,22001,121,4.68
211,24001,121,4.76
211,26001,121,4.55
211,28001,121,4.88
211,30001,121,4.94
211,32001,121,5.09
211,34001,121,5.23
211,36001,121,5.52
211,38001,121,5.9
211,40001,121,6.53
211,42001,121,7.07
211,44001,121,6.82
211,46001,121,7.36
211,48001,121,7.92
211,50001,121,7.19
211,52001,121,6.58
211,54001,121,5.83
211,56001,121,5.59
211,58001,121,5.25
211,60001,121,5.2
211,62001,121,4.99
211,64001,121,4.8
211,65535,121,4.74
211,1,141,4.38
211,2001,141,4.62
211,4001,141,4.95
211,6001,141,5.27
211,8001,141,5.66
211,10001,141,5.93
211,12001,141,5.66
211,14001,141,5.41
211,16001,141,5.2
211,18001,141,4.97
211,20001,141,4.78
211,22001,141,4.43
211,24001,141,4.37
211,26001,141,4.4
211,28001,141,4.65
211,30001,141,4.69
211,32001,141,4.88
211,34001,141,5.2
211,36001,141,5.48
211,38001,141,5.93
211,40001,141,6.5
211,42001,141,6.32
211,44001,141,5.84
211,46001,141,6.38
211,48001,141,7.21
211,50001,141,7.53
211,52001,141,6.31
211,54001,141,5.74
211,56001,141,5.29
211,58001,141,5.01
211,60001,141,5.04
211,62001,141,4.73
211,64001,141,4.42
211,65535,141,4.49
211,1,161,4.17
211,2001,161,4.44
211,4001,161,4.68
211,6001,161,5.13
211,8001,161,5.58
211,10001,161,5.91
211,12001,161,5.72
211,14001,161,5.34
211,16001,161,4.99
211,18001,161,4.84
211,20001,161,4.42
211,22001,161,4.15
211,24001,161,4.23
211,26001,161,4.34
211,28001,161,4.56
211,30001,161,4.66
211,32001,161,4.63
211,34001,161,4.97
211,36001,161,5.34
211,38001,161,5.95
211,40001,161,6.43
211,42001,161,5.58
211,44001,161,5.29
211,46001,161,5.74
211,48001,161,6.57
211,50001,161,7.3
211,52001,161,6.26
211,54001,161,5.67
211,56001,161,5.22
211,58001,161,5.0
211,60001,161,4.61
211,62001,161,4.26
211,64001,161,4.38
211,65535,161,4.33
211,1,181,3.99
211,2001,181,4.31
211,4001,181,4.53
211,6001,181,4.84
211,8001,181,5.39
211,10001,181,5.96
211,12001,181,5.61
211,14001,181,5.4
211,16001,181,4.93
211,18001,181,4.55
211,20001,181,4.27
211,22001,181,4.01
211,24001,181,4.11
211,26001,181,4.34
211,28001,181,4.25
211,30001,181,4.51
211,32001,181,4.53
211,34001,181,4.81
211,36001,181,5.4
211,38001,181,5.87
211,40001,181,5.77
211,42001,181,5.13
211,44001,181,4.83
211,46001,181,5.24
211,48001,181,5.94
211,50001,181,6.89
211,52001,181,6.22
211,54001,181,5.44
211,56001,181,5.08
211,58001,181,4.87
211,60001,181,4.56
211,62001,181,4.24
211,64001,181,4.14
211,65535,181,4.02
211,1,201,3.97
211,2001,201,4.09
211,4001,201,4.45
211,6001,201,4.75
211,8001,201,5.2
211,10001,201,5.94
211,12001,201,5.7
211,14001,201,5.3
211,16001,201,4.89
211,18001,201,4.53
211,20001,201,4.24
211,22001,201,4.01
211,24001,201,4.15
211,26001,201,4.18
211,28001,201,4.24
211,30001,201,4.35
211,32001,201,4.65
211,34001,201,5.0
211,36001,201,5.58
211,38001,201,6.15
211,40001,201,5.29
211,42001,201,4.48
211,44001,201,4.34
211,46001,201,4.81
211,48001,201,5.43
211,50001,201,6.44
211,52001,201,6.31
211,54001,201,5.45
211,56001,201,4.98
211,58001,201,4.58
211,60001,201,4.26
211,62001,201,4.09
211,64001,201,4.06
211,65535,201,3.94
211,1,221,3.88
211,2001,221,3.99
211,4001,221,4.24
211,6001,221,4.51
211,8001,221,5.22
211,10001,221,5.91
211,12001,221,5.68
211,14001,221,5.17
211,16001,221,4.6
211,18001,221,4.36
211,20001,221,4.06
211,22001,221,3.99
211,24001,221,3.89
211,26001,221,4.03
211,28001,221,4.06
211,30001,221,4.33
211,32001,221,4.7
211,34001,221,5.16
211,36001,221,5.73
211,38001,221,5.53
211,40001,221,4.73
211,42001,221,4.15
211,44001,221,4.01
211,46001,221,4.51
211,48001,221,4.96
211,50001,221,5.97
211,52001,221,6.34
211,54001,221,5.42
211,56001,221,4.95
211,58001,221,4.55
211,60001,221,4.09
211,62001,221,3.97
211,64001,221,3.96
211,65535,221,3.86
211,1,241,3.92
211,2001,241,3.9
211,4001,241,4.13
211,6001,241,4.59
211,8001,241,5.0
211,10001,241,5.84
211,12001,241,5.59
211,14001,241,5.24
211,16001,241,4.46
211,18001,241,4.12
211,20001,241,4.04
211,22001,241,3.88
211,24001,241,3.87
211,26001,241,3.92
211,28001,241,4.14
211,30001,241,4.36
211,32001,241,4.59
211,34001,241,5.38
211,36001,241,6.23
211,38001,241,5.21
211,40001,241,4.29
211,42001,241,4.01
211,44001,241,3.85
211,46001,241,4.06
211,48001,241,4.63
211,50001,241,5.65
211,52001,241,6.53
211,54001,241,5.42
211,56001,241,4.67
211,58001,241,4.41
211,60001,241,4.08
211,62001,241,4.03
211,64001,241,3.95
211,65535,241,3.9
211,1,254,3.92
211,2001,254,3.94
211,4001,254,4.08
211,6001,254,4.5
211,8001,254,5.01
211,10001,254,5.87
211,12001,254,5.54
211,14001,254,5.12
211,16001,254,4.7
211,18001,254,4.14
211,20001,254,3.98
211,22001,254,3.96
211,24001,254,3.91
211,26001,254,3.94
211,28001,254,4.09
211,30001,254,4.52
211,32001,254,4.71
211,34001,254,5.39
211,36001,254,6.32
211,38001,254,4.93
211,40001,254,4.16
211,42001,254,3.93
211,44001,254,3.86
211,46001,254,3.87
211,48001,254,4.6
211,50001,254,5.69
211,52001,254,6.51
211,54001,254,5.54
211,56001,254,4.94
211,58001,254,4.36
211,60001,254,4.11
211,62001,254,3.96
211,64001,254,4.0
211,65535,254,3.98
221,1,1,6.17
221,2001,1,6.19
221,4001,1,6.26
221,6001,1,6.19
221,8001,1,6.29
221,10001,1,6.24
221,12001,1,6.31
221,14001,1,6.16
221,16001,1,6.24
221,18001,1,6.31
221,20001,1,6.33
221,22001,1,6.24
221,24001,1,6.31
221,26001,1,6.22
221,28001,1,6.3
221,30001,1,6.13
221,32001,1,6.29
221,34001,1,6.15
221,36001,1,6.08
221,38001,1,6.37
221,40001,1,6.21
221,42001,1,6.17
221,44001,1,6.2
221,46001,1,6.42
221,48001,1,6.2
221,50001,1,6.2
221,52001,1,6.25
221,54001,1,6.28
221,56001,1,6.27
221,58001,1,6.09
221,60001,1,6.39
221,62001,1,6.09
221,64001,1,6.14
221,65535,1,6.29
221,1,21,6.35
221,2001,21,6.33
221,4001,21,6.25
221,6001,21,6.33
221,8001,21,6.28
221,10001,21,6.17
221,12001,21,6.16
221,14001,21,6.3
221,16001,21,6.12
221,18001,21,6.02
221,20001,21,5.92
221,22001,21,5.99
221,24001,21,5.98
221,26001,21,6.08
221,28001,21,6.11
221,30001,21,6.26
221,32001,21,6.07
221,34001,21,6.17
221,36001,21,6.11
221,38001,21,6.17
221,40001,21,6.15
221,42001,21,6.28
221,44001,21,6.43
221,46001,21,6.33
221,48001,21,6.37
221,50001,21,6.47
221,52001,21,6.42
221,54001,21,6.53
221,56001,21,6.43
221,58001,21,6.51
221,60001,21,6.57
221,62001,21,6.62
221,64001,21,6.57
221,65535,21,6.45
221,1,41,6.62
221,2001,41,6.71
221,4001,41,6.56
221,6001,41,6.47
221,8001,41,6.22
221,10001,41,6.26
221,12001,41,6.01
221,14001,41,5.97
221,16001,41,5.97
221,18001,41,5.8
221,20001,41,5.8
221,22001,41,5.69
221,24001,41,5.79
221,26001,41,5.91
221,28001,41,5.96
221,30001,41,5.78
221,32001,41,6.06
221,34001,41,6.04
221,36001,41,6.09
221,38001,41,6.22
221,40001,41,6.41
221,42001,41,6.36
221,44001,41,6.56
221,46001,41,6.54
221,48001,41,6.5
221,50001,41,6.66
221,52001,41,6.7
221,54001,41,6.98
221,56001,41,6.92
221,58001,41,6.77
221,60001,41,6.93
221,62001,41,6.67
221,64001,41,6.67
221,65535,41,6.68
221,1,61,6.11
221,2001,61,6.28
221,4001,61,6.45
221,6001,61,6.58
221,8001,61,6.18
221,10001,61,6.17
221,12001,61,6.02
221,14001,61,5.92
221,16001,61,5.78
221,18001,61,5.64
221,20001,61,5.5
221,22001,61,5.57
221,24001,61,5.68
221,26001,61,5.69
221,28001,61,5.68
221,30001,61,5.68
221,32001,61,5.84
221,34001,61,5.96
221,36001,61,6.02
221,38001,61,6.15
221,40001,61,6.43
221,42001,61,6.5
221,44001,61,6.6
221,46001,61,6.78
221,48001,61,6.9
221,50001,61,7.13
221,52001,61,7.01
221,54001,61,6.97
221,56001,61,6.71
221,58001,61,6.61
221,60001,61,6.36
221,62001,61,6.24
221,64001,61,6.3
221,65535,61,6.1
221,1,81,5.59
221,2001,81,5.91
221,4001,81,6.01
221,6001,81,6.19
221,8001,81,6.17
221,10001,81,6.11
221,12001,81,5.9
221,14001,81,5.95
221,16001,81,5.54
221,18001,81,5.57
221,20001,81,5.39
221,22001,81,5.32
221,24001,81,5.24
221,26001,81,5.55
221,28001,81,5.48
221,30001,81,5.54
221,32001,81,5.53
221,34001,81,5.81
221,36001,81,5.97
221,38001,81,6.23
221,40001,81,6.22
221,42001,81,6.61
221,44001,81,7.03
221,46001,81,6.92
221,48001,81,7.22
221,50001,81,7.38
221,52001,81,6.92
221,54001,81,6.7
221,56001,81,6.34
221,58001,81,6.07
221,60001,81,5.93
221,62001,81,5.8
221,64001,81,5.57
221,65535,81,5.6
221,1,101,5.27
221,2001,101,5.32
221,4001,101,5.61
221,6001,101,6.08
221,8001,101,6.3
221,10001,101,6.02
221,12001,101,5.85
221,14001,101,5.67
221,16001,101,5.49
221,18001,101,5.22
221,20001,101,5.26
221,22001,101,5.04
221,24001,101,4.89
221,26001,101,5.17
221,28001,101,5.12
221,30001,101,5.16
221,32001,101,5.53
221,34001,101,5.58
221,36001,101,5.84
221,38001,101,6.16
221,40001,101,6.41
221,42001,101,6.79
221,44001,101,7.25
221,46001,101,7.31
221,48001,101,7.64
221,50001,101,7.53
221,52001,101,6.75
221,54001,101,6.33
221,56001,101,6.01
221,58001,101,5.75
221,60001,101,5.6
221,62001,101,5.41
221,64001,101,5.32
221,65535,101,5.23
221,1,121,4.78
221,2001,121,5.04
221,4001,121,5.26
221,6001,121,5.79
221,8001,121,5.98
221,10001,121,6.11
221,12001,121,5.78
221,14001,121,5.55
221,16001,121,5.42
221,18001,121,5.32
221,20001,121,5.05
221,22001,121,4.82
221,24001,121,4.84
221,26001,121,4.88
221,28001,121,5.01
221,30001,121,5.23
221,32001,121,5.22
221,34001,121,5.33
221,36001,121,5.66
221,38001,121,6.13
221,40001,121,6.54
221,42001,121,6.89
221,44001,121,6.92
221,46001,121,7.56
221,48001,121,8.0
221,50001,121,7.53
221,52001,121,6.88
221,54001,121,6.21
221,56001,121,5.77
221,58001,121,5.54
221,60001,121,5.23
221,62001,121,5.12
221,64001,121,4.91
221,65535,121,4.91
221,1,141,4.53
221,2001,141,4.81
221,4001,141,5.14
221,6001,141,5.46
221,8001,141,5.86
221,10001,141,6.07
221,12001,141,5.81
221,14001,141,5.46
221,16001,141,5.26
221,18001,141,5.01
221,20001,141,4.73
221,22001,141,4.7
221,24001,141,4.57
221,26001,141,4.67
221,28001,141,4.76
221,30001,141,4.86
221,32001,141,5.03
221,34001,141,5.16
221,36001,141,5.63
221,38001,141,6.04
221,40001,141,6.63
221,42001,141,6.58
221,44001,141,6.25
221,46001,141,6.69
221,48001,141,7.3
221,50001,141,7.6
221,52001,141,6.7
221,54001,141,5.96
221,56001,141,5.49
221,58001,141,5.22
221,60001,141,4.93
221,62001,141,4.76
221,64001,141,4.59
221,65535,141,4.5
221,1,161,4.4
221,2001,161,4.49
221,4001,161,4.7
221,6001,161,5.24
221,8001,161,5.84
221,10001,161,5.98
221,12001,161,5.71
221,14001,161,5.31
221,16001,161,5.17
221,18001,161,4.86
221,20001,161,4.6
221,22001,161,4.34
221,24001,161,4.33
221,26001,161,4.47
221,28001,161,4.52
221,30001,161,4.7
221,32001,161,4.9
221,34001,161,5.19
221,36001,161,5.59
221,38001,161,6.02
221,40001,161,6.66
221,42001,161,5.97
221,44001,161,5.37
221,46001,161,6.06
221,48001,161,6.59
221,50001,161,7.62
221,52001,161,6.55
221,54001,161,5.99
221,56001,161,5.38
221,58001,161,5.13
221,60001,161,4.88
221,62001,161,4.61
221,64001,161,4.41
221,65535,161,4.42
221,1,181,4.21
221,2001,181,4.54
221,4001,181,4.55
221,6001,181,5.07
221,8001,181,5.4
221,10001,181,6.09
221,12001,181,5.6
221,14001,181,5.3
221,16001,181,5.05
221,18001,181,4.76
221,20001,181,4.31
221,22001,181,4.16
221,24001,181,4.21
221,26001,181,4.33
221,28001,181,4.54
221,30001,181,4.58
221,32001,181,4.7
221,34001,181,5.11
221,36001,181,5.43
221,38001,181,5.94
221,40001,181,6.1
221,42001,181,5.38
221,44001,181,4.73
221,46001,181,5.46
221,48001,181,6.16
221,50001,181,7.11
221,52001,181,6.55
221,54001,181,5.74
221,56001,181,5.26
221,58001,181,4.92
221,60001,181,4.68
221,62001,181,4.29
221,64001,181,4.25
221,65535,181,4.16
221,1,201,4.07
221,2001,201,4.22
221,4001,201,4.54
221,6001,201,4.94
221,8001,201,5.49
221,10001,201,5.99
221,12001,201,5.64
221,14001,201,5.17
221,16001,201,4.96
221,18001,201,4.57
221,20001,201,4.28
221,22001,201,4.11
221,24001,201,4.07
221,26001,201,4.17
221,28001,201,4.22
221,30001,201,4.63
221,32001,201,4.94
221,34001,201,5.32
221,36001,201,5.75
221,38001,201,6.36
221,40001,201,5.42
221,42001,201,4.78
221,44001,201,4.48
221,46001,201,4.97
221,48001,201,5.72
221,50001,201,6.62
221,52001,201,6.58
221,54001,201,5.6
221,56001,201,5.14
221,58001,201,4.82
221,60001,201,4.45
221,62001,201,4.26
221,64001,201,4.03
221,65535,201,4.03
221,1,221,4.02
221,2001,221,4.04
221,4001,221,4.42
221,6001,221,4.79
221,8001,221,5.14
221,10001,221,6.04
221,12001,221,5.56
221,14001,221,5.22
221,16001,221,4.91
221,18001,221,4.55
221,20001,221,4.23
221,22001,221,3.99
221,24001,221,4.02
221,26001,221,4.17
221,28001,221,4.25
221,30001,221,4.56
221,32001,221,4.88
221,34001,221,5.28
221,36001,221,6.11
221,38001,221,5.8
221,40001,221,5.05
221,42001,221,4.17
221,44001,221,4.17
221,46001,221,4.48
221,48001,221,5.21
221,50001,221,6.07
221,52001,221,6.6
221,54001,221,5.55
221,56001,221,5.14
221,58001,221,4.59
221,60001,221,4.4
221,62001,221,4.12
221,64001,221,4.03
221,65535,221,4.08
221,1,241,4.11
221,2001,241,4.1
221,4001,241,4.28
221,6001,241,4.72
221,8001,241,5.26
221,10001,241,6.18
221,12001,241,5.64
221,14001,241,5.32
221,16001,241,4.77
221,18001,241,4.33
221,20001,241,4.18
221,22001,241,3.92
221,24001,241,4.02
221,26001,241,4.12
221,28001,241,4.25
221,30001,241,4.4
221,32001,241,4.93
221,34001,241,5.34
221,36001,241,6.41
221,38001,241,5.26
221,40001,241,4.39
221,42001,241,4.04
221,44001,241,4.06
221,46001,241,4.25
221,48001,241,4.96
221,50001,241,5.9
221,52001,241,6.67
221,54001,241,5.58
221,56001,241,5.05
221,58001,241,4.68
221,60001,241,4.32
221,62001,241,4.16
221,64001,241,4.19
221,65535,241,4.09
221,1,254,4.09
221,2001,254,4.12
221,4001,254,4.24
221,6001,254,4.67
221,8001,254,5.21
221,10001,254,5.9
221,12001,254,5.55
221,14001,254,5.22
221,16001,254,4.71
221,18001,254,4.4
221,20001,254,4.17
221,22001,254,4.06
221,24001,254,4.08
221,26001,254,4.05
221,28001,254,4.26
221,30001,254,4.52
221,32001,254,4.82
221,34001,254,5.43
221,36001,254,6.42
221,38001,254,5.11
221,40001,254,4.3
221,42001,254,4.12
221,44001,254,3.95
221,46001,254,4.1
221,48001,254,4.81
221,50001,254,5.6
221,52001,254,6.76
221,54001,254,5.7
221,56001,254,4.87
221,58001,254,4.52
221,60001,254,4.23
221,62001,254,4.14
221,64001,254,4.01
221,65535,254,3.95
231,1,1,6.3
231,2001,1,6.57
231,4001,1,6.36
231,6001,1,6.3
231,8001,1,6.35
231,10001,1,6.32
231,12001,1,6.32
231,14001,1,6.12
231,16001,1,6.24
231,18001,1,6.17
231,20001,1,6.42
231,22001,1,6.27
231,24001,1,6.25
231,26001,1,6.35
231,28001,1,6.33
231,30001,1,6.15
231,32001,1,6.33
231,34001,1,6.23
231,36001,1,6.31
231,38001,1,6.27
231,40001,1,6.35
231,42001,1,6.25
231,44001,1,6.15
231,46001,1,6.29
231,48001,1,6.22
231,50001,1,6.3
231,52001,1,6.22
231,54001,1,6.28
231,56001,1,6.17
231,58001,1,6.15
231,60001,1,6.31
231,62001,1,6.26
231,64001,1,6.27
231,65535,1,6.37
231,1,21,6.41
231,2001,21,6.44
231,4001,21,6.39
231,6001,21,6.26
231,8001,21,6.31
231,10001,21,6.21
231,12001,21,6.09
231,14001,21,6.17
231,16001,21,6.1
231,18001,21,6.12
231,20001,21,6.01
231,22001,21,6.0
231,24001,21,6.01
231,26001,21,6.04
231,28001,21,6.0
231,30001,21,6.09
231,32001,21,6.17
231,34001,21,6.08
231,36001,21,6.26
231,38001,21,6.32
231,40001,21,6.31
231,42001,21,6.24
231,44001,21,6.36
231,46001,21,6.37
231,48001,21,6.32
231,50001,21,6.34
231,52001,21,6.42
231,54001,21,6.5
231,56001,21,6.42
231,58001,21,6.69
231,60001,21,6.58
231,62001,21,6.4
231,64001,21,6.59
231,65535,21,6.45
231,1,41,6.79
231,2001,41,6.53
231,4001,41,6.56
231,6001,41,6.41
231,8001,41,6.27
231,10001,41,6.21
231,12001,41,6.08
231,14001,41,6.01
231,16001,41,5.97
231,18001,41,5.87
231,20001,41,5.77
231,22001,41,5.83
231,24001,41,5.8
231,26001,41,5.78
231,28001,41,5.82
231,30001,41,5.88
231,32001,41,6.05
231,34001,41,6.0
231,36001,41,6.13
231,38001,41,6.17
231,40001,41,6.22
231,42001,41,6.39
231,44001,41,6.52
231,46001,41,6.62
231,48001,41,6.54
231,50001,41,6.63
231,52001,41,6.75
231,54001,41,6.88
231,56001,41,6.97
231,58001,41,6.85
231,60001,41,6.85
231,62001,41,6.8
231,64001,41,6.62
231,65535,41,6.69
231,1,61,6.33
231,2001,61,6.5
231,4001,61,6.65
231,6001,61,6.5
231,8001,61,6.15
231,10001,61,6.05
231,12001,61,6.02
231,14001,61,5.87
231,16001,61,5.78
231,18001,61,5.65
231,20001,61,5.52
231,22001,61,5.55
231,24001,61,5.62
231,26001,61,5.62
231,28001,61,5.74
231,30001,61,5.8
231,32001,61,5.88
231,34001,61,5.76
231,36001,61,6.01
231,38001,61,6.22
231,40001,61,6.26
231,42001,61,6.49
231,44001,61,6.7
231,46001,61,6.71
231,48001,61,6.87
231,50001,61,6.96
231,52001,61,7.27
231,54001,61,7.17
231,56001,61,6.99
231,58001,61,6.69
231,60001,61,6.61
231,62001,61,6.63
231,64001,61,6.4
231,65535,61,6.34
231,1,81,5.77
231,2001,81,6.05
231,4001,81,6.3
231,6001,81,6.52
231,8001,81,6.3
231,10001,81,5.98
231,12001,81,5.91
231,14001,81,5.69
231,16001,81,5.58
231,18001,81,5.57
231,20001,81,5.43
231,22001,81,5.27
231,24001,81,5.43
231,26001,81,5.43
231,28001,81,5.51
231,30001,81,5.43
231,32001,81,5.54
231,34001,81,5.71
231,36001,81,5.74
231,38001,81,6.11
231,40001,81,6.62
231,42001,81,6.6
231,44001,81,6.88
231,46001,81,7.06
231,48001,81,7.22
231,50001,81,7.43
231,52001,81,7.24
231,54001,81,6.68
231,56001,81,6.53
231,58001,81,6.19
231,60001,81,6.23
231,62001,81,5.97
231,64001,81,5.91
231,65535,81,5.68
231,1,101,5.39
231,2001,101,5.62
231,4001,101,5.85
231,6001,101,6.08
231,8001,101,6.31
231,10001,101,6.05
231,12001,101,5.81
231,14001,101,5.68
231,16001,101,5.5
231,18001,101,5.34
231,20001,101,5.24
231,22001,101,5.05
231,24001,101,5.16
231,26001,101,5.19
231,28001,101,5.45
231,30001,101,5.44
231,32001,101,5.54
231,34001,101,5.67
231,36001,101,5.99
231,38001,101,6.16
231,40001,101,6.36
231,42001,101,6.81
231,44001,101,7.16
231,46001,101,7.44
231,48001,101,7.54
231,50001,101,7.87
231,52001,101,7.01
231,54001,101,6.49
231,56001,101,6.18
231,58001,101,5.98
231,60001,101,5.86
231,62001,101,5.51
231,64001,101,5.36
231,65535,101,5.25
231,1,121,4.99
231,2001,121,5.24
231,4001,121,5.57
231,6001,121,5.87
231,8001,121,6.34
231,10001,121,5.82
231,12001,121,5.71
231,14001,121,5.55
231,16001,121,5.33
231,18001,121,5.13
231,20001,121,5.05
231,22001,121,4.88
231,24001,121,4.96
231,26001,121,4.91
231,28001,121,5.17
231,30001,121,5.15
231,32001,121,5.45
231,34001,121,5.66
231,36001,121,5.8
231,38001,121,6.14
231,40001,121,6.5
231,42001,121,6.97
231,44001,121,7.24
231,46001,121,7.82
231,48001,121,8.19
231,50001,121,7.78
231,52001,121,6.93
231,54001,121,6.35
231,56001,121,6.07
231,58001,121,5.63
231,60001,121,5.54
231,62001,121,5.2
231,64001,121,5.15
231,65535,121,5.04
231,1,141,4.74
231,2001,141,4.88
231,4001,141,5.25
231,6001,141,5.66
231,8001,141,6.0
231,10001,141,6.0
231,12001,141,5.62
231,14001,141,5.39
231,16001,141,5.18
231,18001,141,5.06
231,20001,141,4.91
231,22001,141,4.62
231,24001,141,4.63
231,26001,141,4.63
231,28001,141,4.83
231,30001,141,5.05
231,32001,141,5.18
231,34001,141,5.43
231,36001,141,5.84
231,38001,141,6.18
231,40001,141,6.79
231,42001,141,6.75
231,44001,141,6.25
231,46001,141,6.99
231,48001,141,7.5
231,50001,141,7.82
231,52001,141,6.83
231,54001,141,6.12
231,56001,141,5.74
231,58001,141,5.17
231,60001,141,5.14
231,62001,141,4.97
231,64001,141,4.8
231,65535,141,4.67
231,1,161,4.4
231,2001,161,4.58
231,4001,161,4.85
231,6001,161,5.31
231,8001,161,5.78
231,10001,161,6.16
231,12001,161,5.63
231,14001,161,5.39
231,16001,161,5.14
231,18001,161,4.95
231,20001,161,4.58
231,22001,161,4.47
231,24001,161,4.54
231,26001,161,4.49
231,28001,161,4.65
231,30001,161,4.84
231,32001,161,5.05
231,34001,161,5.31
231,36001,161,5.71
231,38001,161,6.1
231,40001,161,6.78
231,42001,161,6.02
231,44001,161,5.44
231,46001,161,6.13
231,48001,161,6.92
231,50001,161,7.89
231,52001,161,6.84
231,54001,161,5.88
231,56001,161,5.5
231,58001,161,5.15
231,60001,161,4.84
231,62001,161,4.73
231,64001,161,4.6
231,65535,161,4.56
231,1,181,4.3
231,2001,181,4.47
231,4001,181,4.89
231,6001,181,5.15
231,8001,181,5.78
231,10001,181,6.06
231,12001,181,5.71
231,14001,181,5.33
231,16001,181,5.06
231,18001,181,4.78
231,20001,181,4.49
231,22001,181,4.32
231,24001,181,4.34
231,26001,181,4.43
231,28001,181,4.5
231,30001,181,4.77
231,32001,181,5.03
231,34001,181,5.22
231,36001,181,5.74
231,38001,181,6.39
231,40001,181,6.24
231,42001,181,5.49
231,44001,181,5.2
231,46001,181,5.65
231,48001,181,6.32
231,50001,181,7.34
231,52001,181,6.79
231,54001,181,5.88
231,56001,181,5.32
231,58001,181,5.01
231,60001,181,4.84
231,62001,181,4.61
231,64001,181,4.36
231,65535,181,4.42
231,1,201,4.18
231,2001,201,4.41
231,4001,201,4.7
231,6001,201,5.0
231,8001,201,5.65
231,10001,201,6.05
231,12001,201,5.61
231,14001,201,5.22
231,16001,201,5.03
231,18001,201,4.68
231,20001,201,4.44
231,22001,201,4.2
231,24001,201,4.21
231,26001,201,4.32
231,28001,201,4.58
231,30001,201,4.62
231,32001,201,5.05
231,34001,201,5.25
231,36001,201,5.97
231,38001,201,6.57
231,40001,201,5.55
231,42001,201,4.91
231,44001,201,4.63
231,46001,201,5.04
231,48001,201,5.77
231,50001,201,6.78
231,52001,201,6.76
231,54001,201,5.82
231,56001,201,5.16
231,58001,201,4.82
231,60001,201,4.6
231,62001,201,4.36
231,64001,201,4.18
231,65535,201,4.22
231,1,221,4.14
231,2001,221,4.25
231,4001,221,4.56
231,6001,221,4.83
231,8001,221,5.47
231,10001,221,6.05
231,12001,221,5.5
231,14001,221,5.26
231,16001,221,4.85
231,18001,221,4.54
231,20001,221,4.32
231,22001,221,4.2
231,24001,221,4.18
231,26001,221,4.25
231,28001,221,4.42
231,30001,221,4.63
231,32001,221,4.95
231,34001,221,5.39
231,36001,221,6.19
231,38001,221,5.83
231,40001,221,5.06
231,42001,221,4.41
231,44001,221,4.16
231,46001,221,4.76
231,48001,221,5.3
231,50001,221,6.49
231,52001,221,6.71
231,54001,221,5.77
231,56001,221,5.15
231,58001,221,4.77
231,60001,221,4.51
231,62001,221,4.19
231,64001,221,4.18
231,65535,221,4.15
231,1,241,4.15
231,2001,241,4.19
231,4001,241,4.4
231,6001,241,4.8
231,8001,241,5.37
231,10001,241,6.07
231,12001,241,5.72
231,14001,241,5.24
231,16001,241,4.87
231,18001,241,4.49
231,20001,241,4.24
231,22001,241,4.16
231,24001,241,4.05
231,26001,241,4.17
231,28001,241,4.41
231,30001,241,4.56
231,32001,241,5.08
231,34001,241,5.54
231,36001,241,6.55
231,38001,241,5.52
231,40001,241,4.61
231,42001,241,4.13
231,44001,241,4.09
231,46001,241,4.49
231,48001,241,5.06
231,50001,241,6.16
231,52001,241,7.05
231,54001,241,5.7
231,56001,241,5.09
231,58001,241,4.73
231,60001,241,4.39
231,62001,241,4.21
231,64001,241,4.15
231,65535,241,4.24
231,1,254,4.18
231,2001,254,4.06
231,4001,254,4.39
231,6001,254,4.69
231,8001,254,5.36
231,10001,254,6.14
231,12001,254,5.59
231,14001,254,5.07
231,16001,254,4.77
231,18001,254,4.44
231,20001,254,4.21
231,22001,254,4.09
231,24001,254,4.12
231,26001,254,4.14
231,28001,254,4.33
231,30001,254,4.6
231,32001,254,5.01
231,34001,254,5.56
231,36001,254,6.6
231,38001,254,5.27
231,40001,254,4.42
231,42001,254,4.17
231,44001,254,4.22
231,46001,254,4.21
231,48001,254,4.87
231,50001,254,5.89
231,52001,254,6.98
231,54001,254,5.87
231,56001,254,5.1
231,58001,254,4.65
231,60001,254,4.31
231,62001,254,4.11
231,64001,254,4.22
231,65535,254,4.13
241,1,1,6.17
241,2001,1,6.26
241,4001,1,6.16
241,6001,1,6.2
241,8001,1,6.22
241,10001,1,6.24
241,12001,1,6.32
241,14001,1,6.3
241,16001,1,6.45
241,18001,1,6.36
241,20001,1,6.31
241,22001,1,6.2
241,24001,1,6.22
241,26001,1,6.33
241,28001,1,6.25
241,30001,1,6.29
241,32001,1,6.09
241,34001,1,6.39
241,36001,1,6.2
241,38001,1,6.24
241,40001,1,6.19
241,42001,1,6.3
241,44001,1,6.1
241,46001,1,6.22
241,48001,1,6.17
241,50001,1,6.28
241,52001,1,6.2
241,54001,1,6.25
241,56001,1,6.2
241,58001,1,6.28
241,60001,1,6.28
241,62001,1,6.22
241,64001,1,6.14
241,65535,1,6.18
241,1,21,6.45
241,2001,21,6.35
241,4001,21,6.36
241,6001,21,6.09
241,8001,21,6.13
241,10001,21,6.2
241,12001,21,6.21
241,14001,21,6.3
241,16001,21,6.05
241,18001,21,6.08
241,20001,21,6.06
241,22001,21,6.07
241,24001,21,6.07
241,26001,21,5.87
241,28001,21,6.13
241,30001,21,6.14
241,32001,21,6.21
241,34001,21,6.01
241,36001,21,6.13
241,38001,21,6.17
241,40001,21,6.33
241,42001,21,6.25
241,44001,21,6.28
241,46001,21,6.3
241,48001,21,6.42
241,50001,21,6.43
241,52001,21,6.62
241,54001,21,6.48
241,56001,21,6.51
241,58001,21,6.71
241,60001,21,6.52
241,62001,21,6.49
241,64001,21,6.51
241,65535,21,6.39
241,1,41,6.76
241,2001,41,6.7
241,4001,41,6.47
241,6001,41,6.24
241,8001,41,6.21
241,10001,41,6.06
241,12001,41,6.03
241,14001,41,6.0
241,16001,41,5.91
241,18001,41,5.97
241,20001,41,5.82
241,22001,41,5.79
241,24001,41,5.82
241,26001,41,5.86
241,28001,41,5.9
241,30001,41,5.97
241,32001,41,5.93
241,34001,41,6.1
241,36001,41,6.09
241,38001,41,6.17
241,40001,41,6.31
241,42001,41,6.29
241,44001,41,6.42
241,46001,41,6.56
241,48001,41,6.71
241,50001,41,6.58
241,52001,41,6.85
241,54001,41,6.96
241,56001,41,6.95
241,58001,41,6.97
241,60001,41,6.81
241,62001,41,6.93
241,64001,41,6.84
241,65535,41,6.76
241,1,61,6.55
241,2001,61,6.69
241,4001,61,6.65
241,6001,61,6.48
241,8001,61,6.16
241,10001,61,6.12
241,12001,61,6.06
241,14001,61,6.02
241,16001,61,5.77
241,18001,61,5.67
241,20001,61,5.61
241,22001,61,5.53
241,24001,61,5.69
241,26001,61,5.65
241,28001,61,5.64
241,30001,61,5.7
241,32001,61,5.77
241,34001,61,5.92
241,36001,61,5.98
241,38001,61,6.21
241,40001,61,6.28
241,42001,61,6.47
241,44001,61,6.67
241,46001,61,6.71
241,48001,61,6.84
241,50001,61,7.03
241,52001,61,7.22
241,54001,61,7.36
241,56001,61,7.11
241,58001,61,6.92
241,60001,61,6.76
241,62001,61,6.76
241,64001,61,6.53
241,65535,61,6.46
241,1,81,5.82
241,2001,81,6.22
241,4001,81,6.36
241,6001,81,6.63
241,8001,81,6.25
241,10001,81,5.93
241,12001,81,5.9
241,14001,81,5.8
241,16001,81,5.55
241,18001,81,5.62
241,20001,81,5.5
241,22001,81,5.27
241,24001,81,5.39
241,26001,81,5.43
241,28001,81,5.52
241,30001,81,5.67
241,32001,81,5.71
241,34001,81,5.7
241,36001,81,5.82
241,38001,81,6.2
241,40001,81,6.29
241,42001,81,6.59
241,44001,81,6.93
241,46001,81,7.07
241,48001,81,7.26
241,50001,81,7.41
241,52001,81,7.51
241,54001,81,7.03
241,56001,81,6.7
241,58001,81,6.34
241,60001,81,6.18
241,62001,81,6.26
241,64001,81,5.97
241,65535,81,6.04
241,1,101,5.52
241,2001,101,5.85
241,4001,101,5.93
241,6001,101,6.23
241,8001,101,6.33
241,10001,101,5.93
241,12001,101,5.79
241,14001,101,5.66
241,16001,101,5.47
241,18001,101,5.31
241,20001,101,5.17
241,22001,101,5.16
241,24001,101,4.99
241,26001,101,5.33
241,28001,101,5.38
241,30001,101,5.42
241,32001,101,5.49
241,34001,101,5.52
241,36001,101,5.88
241,38001,101,6.1
241,40001,101,6.44
241,42001,101,6.8
241,44001,101,7.14
241,46001,101,7.33
241,48001,101,7.58
241,50001,101,7.83
241,52001,101,7.24
241,54001,101,6.67
241,56001,101,6.44
241,58001,101,6.13
241,60001,101,5.87
241,62001,101,5.64
241,64001,101,5.63
241,65535,101,5.49
241,1,121,5.19
241,2001,121,5.44
241,4001,121,5.76
241,6001,121,6.03
241,8001,121,6.41
241,10001,121,6.04
241,12001,121,5.65
241,14001,121,5.67
241,16001,121,5.32
241,18001,121,5.26
241,20001,121,5.01
241,22001,121,5.04
241,24001,121,5.06
241,26001,121,5.07
241,28001,121,5.12
241,30001,121,5.32
241,32001,121,5.53
241,34001,121,5.42
241,36001,121,5.72
241,38001,121,6.12
241,40001,121,6.54
241,42001,121,7.02
241,44001,121,7.5
241,46001,121,7.9
241,48001,121,8.24
241,50001,121,8.01
241,52001,121,7.15
241,54001,121,6.52
241,56001,121,6.05
241,58001,121,5.78
241,60001,121,5.58
241,62001,121,5.4
241,64001,121,5.27
241,65535,121,5.07
241,1,141,4.86
241,2001,141,5.07
241,4001,141,5.32
241,6001,141,5.7
241,8001,141,6.34
241,10001,141,5.89
241,12001,141,5.66
241,14001,141,5.45
241,16001,141,5.25
241,18001,141,5.08
241,20001,141,4.93
241,22001,141,4.8
241,24001,141,4.87
241,26001,141,4.89
241,28001,141,4.94
241,30001,141,5.26
241,32001,141,5.28
241,34001,141,5.52
241,36001,141,5.83
241,38001,141,6.19
241,40001,141,6.71
241,42001,141,6.99
241,44001,141,6.44
241,46001,141,7.07
241,48001,141,7.79
241,50001,141,8.17
241,52001,141,7.03
241,54001,141,6.27
241,56001,141,5.86
241,58001,141,5.58
241,60001,141,5.37
241,62001,141,5.06
241,64001,141,5.0
241,65535,141,4.76
241,1,161,4.54
241,2001,161,4.83
241,4001,161,5.04
241,6001,161,5.64
241,8001,161,6.04
241,10001,161,6.03
241,12001,161,5.65
241,14001,161,5.36
241,16001,161,5.19
241,18001,161,4.98
241,20001,161,4.69
241,22001,161,4.47
241,24001,161,4.59
241,26001,161,4.59
241,28001,161,4.98
241,30001,161,5.02
241,32001,161,5.17
241,34001,161,5.41
241,36001,161,5.84
241,38001,161,6.1
241,40001,161,6.98
241,42001,161,6.23
241,44001,161,5.63
241,46001,161,6.27
241,48001,161,7.02
241,50001,161,8.01
241,52001,161,6.93
241,54001,161,6.12
241,56001,161,5.61
241,58001,161,5.37
241,60001,161,4.94
241,62001,161,4.84
241,64001,161,4.66
241,65535,161,4.62
241,1,181,4.47
241,2001,181,4.62
241,4001,181,5.0
241,6001,181,5.27
241,8001,181,5.92
241,10001,181,6.08
241,12001,181,5.63
241,14001,181,5.31
241,16001,181,5.12
241,18001,181,4.85
241,20001,181,4.68
241,22001,181,4.38
241,24001,181,4.52
241,26001,181,4.63
241,28001,181,4.74
241,30001,181,4.8
241,32001,181,5.02
241,34001,181,5.37
241,36001,181,5.94
241,38001,181,6.35
241,40001,181,6.47
241,42001,181,5.79
241,44001,181,5.17
241,46001,181,5.71
241,48001,181,6.39
241,50001,181,7.49
241,52001,181,6.86
241,54001,181,5.95
241,56001,181,5.58
241,58001,181,5.23
241,60001,181,4.98
241,62001,181,4.69
241,64001,181,4.63
241,65535,181,4.45
241,1,201,4.33
241,2001,201,4.37
241,4001,201,4.72
241,6001,201,5.1
241,8001,201,5.62
241,10001,201,6.08
241,12001,201,5.58
241,14001,201,5.32
241,16001,201,5.0
241,18001,201,4.92
241,20001,201,4.34
241,22001,201,4.27
241,24001,201,4.33
241,26001,201,4.36
241,28001,201,4.44
241,30001,201,4.79
241,32001,201,5.02
241,34001,201,5.49
241,36001,201,6.09
241,38001,201,6.89
241,40001,201,5.67
241,42001,201,4.83
241,44001,201,4.53
241,46001,201,5.08
241,48001,201,6.08
241,50001,201,7.03
241,52001,201,6.81
241,54001,201,6.01
241,56001,201,5.33
241,58001,201,5.04
241,60001,201,4.59
241,62001,201,4.52
241,64001,201,4.26
241,65535,201,4.33
241,1,221,4.25
241,2001,221,4.55
241,4001,221,4.52
241,6001,221,5.07
241,8001,221,5.55
241,10001,221,6.13
241,12001,221,5.56
241,14001,221,5.36
241,16001,221,4.79
241,18001,221,4.71
241,20001,221,4.21
241,22001,221,4.25
241,24001,221,4.18
241,26001,221,4.29
241,28001,221,4.45
241,30001,221,4.75
241,32001,221,5.04
241,34001,221,5.59
241,36001,221,6.49
241,38001,221,6.14
241,40001,221,5.07
241,42001,221,4.6
241,44001,221,4.53
241,46001,221,4.77
241,48001,221,5.46
241,50001,221,6.46
241,52001,221,6.95
241,54001,221,5.87
241,56001,221,5.3
241,58001,221,4.85
241,60001,221,4.54
241,62001,221,4.29
241,64001,221,4.28
241,65535,221,4.2
241,1,241,4.23
241,2001,241,4.26
241,4001,241,4.54
241,6001,241,5.0
241,8001,241,5.68
241,10001,241,6.1
241,12001,241,5.55
241,14001,241,5.18
241,16001,241,4.78
241,18001,241,4.52
241,20001,241,4.36
241,22001,241,4.29
241,24001,241,4.26
241,26001,241,4.34
241,28001,241,4.57
241,30001,241,4.77
241,32001,241,5.2
241,34001,241,5.73
241,36001,241,6.68
241,38001,241,5.63
241,40001,241,4.72
241,42001,241,4.31
241,44001,241,4.27
241,46001,241,4.59
241,48001,241,5.3
241,50001,241,6.18
241,52001,241,7.15
241,54001,241,5.88
241,56001,241,5.32
241,58001,241,4.76
241,60001,241,4.46
241,62001,241,4.25
241,64001,241,4.29
241,65535,241,4.17
241,1,254,4.24
241,2001,254,4.3
241,4001,254,4.33
241,6001,254,4.83
241,8001,254,5.51
241,10001,254,6.13
241,12001,254,5.75
241,14001,254,5.14
241,16001,254,4.98
241,18001,254,4.56
241,20001,254,4.18
241,22001,254,4.33
241,24001,254,4.16
241,26001,254,4.3
241,28001,254,4.53
241,30001,254,4.86
241,32001,254,5.15
241,34001,254,5.86
241,36001,254,6.73
241,38001,254,5.43
241,40001,254,4.55
241,42001,254,4.18
241,44001,254,4.31
241,46001,254,4.22
241,48001,254,4.91
241,50001,254,6.05
241,52001,254,7.17
241,54001,254,5.88
241,56001,254,5.16
241,58001,254,4.79
241,60001,254,4.46
241,62001,254,4.26
241,64001,254,4.24
241,65535,254,4.26
251,1,1,6.24
251,2001,1,6.26
251,4001,1,6.31
251,6001,1,6.27
251,8001,1,6.09
251,10001,1,6.22
251,12001,1,6.22
251,14001,1,6.2
251,16001,1,6.28
251,18001,1,6.24
251,20001,1,6.41
251,22001,1,6.16
251,24001,1,6.33
251,26001,1,6.13
251,28001,1,6.17
251,30001,1,6.34
251,32001,1,6.32
251,34001,1,6.19
251,36001,1,6.2
251,38001,1,6.19
251,40001,1,6.28
251,42001,1,6.2
251,44001,1,6.03
251,46001,1,6.29
251,48001,1,6.17
251,50001,1,6.28
251,52001,1,6.18
251,54001,1,6.37
251,56001,1,6.32
251,58001,1,6.25
251,60001,1,6.4
251,62001,1,6.25
251,64001,1,6.21
251,65535,1,6.31
251,1,21,6.41
251,2001,21,6.45
251,4001,21,6.46
251,6001,21,6.15
251,8001,21,6.17
251,10001,21,6.21
251,12001,21,6.15
251,14001,21,6.12
251,16001,21,6.17
251,18001,21,6.05
251,20001,21,5.95
251,22001,21,5.92
251,24001,21,5.97
251,26001,21,5.92
251,28001,21,6.13
251,30001,21,6.1
251,32001,21,6.15
251,34001,21,6.19
251,36001,21,6.11
251,38001,21,6.32
251,40001,21,6.3
251,42001,21,6.15
251,44001,21,6.34
251,46001,21,6.51
251,48001,21,6.35
251,50001,21,6.45
251,52001,21,6.38
251,54001,21,6.56
251,56001,21,6.53
251,58001,21,6.63
251,60001,21,6.53
251,62001,21,6.59
251,64001,21,6.58
251,65535,21,6.5
251,1,41,6.81
251,2001,41,6.52
251,4001,41,6.55
251,6001,41,6.33
251,8001,41,6.28
251,10001,41,6.19
251,12001,41,6.12
251,14001,41,6.0
251,16001,41,5.92
251,18001,41,6.03
251,20001,41,5.87
251,22001,41,5.84
251,24001,41,5.86
251,26001,41,5.94
251,28001,41,5.77
251,30001,41,5.98
251,32001,41,5.86
251,34001,41,6.0
251,36001,41,6.13
251,38001,41,6.2
251,40001,41,6.23
251,42001,41,6.45
251,44001,41,6.54
251,46001,41,6.48
251,48001,41,6.47
251,50001,41,6.68
251,52001,41,6.85
251,54001,41,6.9
251,56001,41,6.83
251,58001,41,6.96
251,60001,41,6.89
251,62001,41,6.76
251,64001,41,6.8
251,65535,41,6.75
251,1,61,6.67
251,2001,61,6.87
251,4001,61,6.7
251,6001,61,6.39
251,8001,61,6.15
251,10001,61,6.08
251,12001,61,6.05
251,14001,61,5.94
251,16001,61,5.8
251,18001,61,5.69
251,20001,61,5.64
251,22001,61,5.57
251,24001,61,5.66
251,26001,61,5.66
251,28001,61,5.79
251,30001,61,5.88
251,32001,61,5.86
251,34001,61,5.97
251,36001,61,6.08
251,38001,61,6.12
251,40001,61,6.29
251,42001,61,6.38
251,44001,61,6.54
251,46001,61,6.74
251,48001,61,6.72
251,50001,61,6.97
251,52001,61,7.09
251,54001,61,7.32
251,56001,61,7.34
251,58001,61,7.13
251,60001,61,7.16
251,62001,61,6.92
251,64001,61,6.8
251,65535,61,6.72
251,1,81,6.09
251,2001,81,6.5
251,4001,81,6.59
251,6001,81,6.53
251,8001,81,6.25
251,10001,81,5.99
251,12001,81,5.84
251,14001,81,5.67
251,16001,81,5.55
251,18001,81,5.47
251,20001,81,5.43
251,22001,81,5.34
251,24001,81,5.39
251,26001,81,5.53
251,28001,81,5.5
251,30001,81,5.69
251,32001,81,5.69
251,34001,81,5.78
251,36001,81,5.92
251,38001,81,6.04
251,40001,81,6.46
251,42001,81,6.71
251,44001,81,6.62
251,46001,81,6.77
251,48001,81,7.27
251,50001,81,7.46
251,52001,81,7.59
251,54001,81,7.27
251,56001,81,7.02
251,58001,81,6.62
251,60001,81,6.55
251,62001,81,6.46
251,64001,81,6.18
251,65535,81,6.23
251,1,101,5.7
251,2001,101,5.97
251,4001,101,6.3
251,6001,101,6.53
251,8001,101,6.27
251,10001,101,6.04
251,12001,101,5.8
251,14001,101,5.72
251,16001,101,5.5
251,18001,101,5.39
251,20001,101,5.18
251,22001,101,5.06
251,24001,101,5.06
251,26001,101,5.39
251,28001,101,5.21
251,30001,101,5.39
251,32001,101,5.58
251,34001,101,5.64
251,36001,101,6.04
251,38001,101,6.11
251,40001,101,6.47
251,42001,101,6.77
251,44001,101,7.14
251,46001,101,7.36
251,48001,101,7.48
251,50001,101,7.84
251,52001,101,7.48
251,54001,101,6.97
251,56001,101,6.45
251,58001,101,6.44
251,60001,101,6.21
251,62001,101,5.97
251,64001,101,5.86
251,65535,101,5.75
251,1,121,5.32
251,2001,121,5.44
251,4001,121,5.85
251,6001,121,6.19
251,8001,121,6.39
251,10001,121,6.0
251,12001,121,5.78
251,14001,121,5.51
251,16001,121,5.4
251,18001,121,5.26
251,20001,121,5.0
251,22001,121,4.99
251,24001,121,5.03
251,26001,121,5.21
251,28001,121,5.08
251,30001,121,5.27
251,32001,121,5.58
251,34001,121,5.57
251,36001,121,5.88
251,38001,121,6.1
251,40001,121,6.55
251,42001,121,6.97
251,44001,121,7.67
251,46001,121,7.9
251,48001,121,8.11
251,50001,121,8.22
251,52001,121,7.36
251,54001,121,6.66
251,56001,121,6.37
251,58001,121,5.87
251,60001,121,5.84
251,62001,121,5.5
251,64001,121,5.39
251,65535,121,5.34
251,1,141,4.95
251,2001,141,5.18
251,4001,141,5.41
251,6001,141,5.98
251,8001,141,6.53
251,10001,141,6.03
251,12001,141,5.55
251,14001,141,5.5
251,16001,141,5.27
251,18001,141,5.08
251,20001,141,4.95
251,22001,141,4.92
251,24001,141,4.88
251,26001,141,5.0
251,28001,141,5.04
251,30001,141,5.18
251,32001,141,5.42
251,34001,141,5.46
251,36001,141,5.75
251,38001,141,6.09
251,40001,141,6.72
251,42001,141,7.23
251,44001,141,6.79
251,46001,141,7.25
251,48001,141,8.02
251,50001,141,8.41
251,52001,141,7.12
251,54001,141,6.54
251,56001,141,6.17
251,58001,141,5.76
251,60001,141,5.47
251,62001,141,5.38
251,64001,141,5.08
251,65535,141,4.91
251,1,161,4.79
251,2001,161,5.0
251,4001,161,5.36
251,6001,161,5.78
251,8001,161,6.21
251,10001,161,6.01
251,12001,161,5.6
251,14001,161,5.27
251,16001,161,5.11
251,18001,161,5.09
251,20001,161,4.77
251,22001,161,4.59
251,24001,161,4.74
251,26001,161,4.83
251,28001,161,4.84
251,30001,161,5.11
251,32001,161,5.25
251,34001,161,5.51
251,36001,161,5.75
251,38001,161,6.23
251,40001,161,6.98
251,42001,161,6.47
251,44001,161,5.85
251,46001,161,6.39
251,48001,161,7.25
251,50001,161,8.34
251,52001,161,7.24
251,54001,161,6.22
251,56001,161,5.85
251,58001,161,5.46
251,60001,161,5.27
251,62001,161,5.02
251,64001,161,4.76
251,65535,161,4.75
251,1,181,4.5
251,2001,181,4.75
251,4001,181,4.99
251,6001,181,5.45
251,8001,181,6.11
251,10001,181,5.98
251,12001,181,5.62
251,14001,181,5.31
251,16001,181,5.08
251,18001,181,4.83
251,20001,181,4.61
251,22001,181,4.54
251,24001,181,4.48
251,26001,181,4.57
251,28001,181,4.85
251,30001,181,5.0
251,32001,181,5.17
251,34001,181,5.52
251,36001,181,5.89
251,38001,181,6.34
251,40001,181,6.61
251,42001,181,5.89
251,44001,181,5.38
251,46001,181,5.85
251,48001,181,6.7
251,50001,181,7.81
251,52001,181,7.04
251,54001,181,6.25
251,56001,181,5.8
251,58001,181,5.35
251,60001,181,5.03
251,62001,181,4.73
251,64001,181,4.6
251,65535,181,4.61
251,1,201,4.41
251,2001,201,4.68
251,4001,201,4.98
251,6001,201,5.36
251,8001,201,5.93
251,10001,201,6.01
251,12001,201,5.69
251,14001,201,5.23
251,16001,201,5.05
251,18001,201,4.74
251,20001,201,4.55
251,22001,201,4.48
251,24001,201,4.43
251,26001,201,4.58
251,28001,201,4.7
251,30001,201,5.05
251,32001,201,5.22
251,34001,201,5.56
251,36001,201,6.12
251,38001,201,6.89
251,40001,201,5.79
251,42001,201,5.26
251,44001,201,4.79
251,46001,201,5.42
251,48001,201,6.08
251,50001,201,7.13
251,52001,201,7.13
251,54001,201,6.22
251,56001,201,5.62
251,58001,201,5.16
251,60001,201,4.84
251,62001,201,4.58
251,64001,201,4.54
251,65535,201,4.43
251,1,221,4.36
251,2001,221,4.55
251,4001,221,4.88
251,6001,221,5.31
251,8001,221,5.84
251,10001,221,6.01
251,12001,221,5.66
251,14001,221,5.2
251,16001,221,4.86
251,18001,221,4.78
251,20001,221,4.7
251,22001,221,4.47
251,24001,221,4.28
251,26001,221,4.51
251,28001,221,4.71
251,30001,221,4.87
251,32001,221,5.12
251,34001,221,5.7
251,36001,221,6.39
251,38001,221,6.14
251,40001,221,5.21
251,42001,221,4.65
251,44001,221,4.42
251,46001,221,5.06
251,48001,221,5.59
251,50001,221,6.82
251,52001,221,7.15
251,54001,221,6.15
251,56001,221,5.48
251,58001,221,5.11
251,60001,221,4.7
251,62001,221,4.58
251,64001,221,4.37
251,65535,221,4.41
251,1,241,4.41
251,2001,241,4.51
251,4001,241,4.73
251,6001,241,5.11
251,8001,241,5.77
251,10001,241,6.1
251,12001,241,5.62
251,14001,241,5.17
251,16001,241,4.87
251,18001,241,4.69
251,20001,241,4.46
251,22001,241,4.3
251,24001,241,4.35
251,26001,241,4.45
251,28001,241,4.78
251,30001,241,4.98
251,32001,241,5.29
251,34001,241,5.85
251,36001,241,6.54
251,38001,241,5.84
251,40001,241,4.88
251,42001,241,4.54
251,44001,241,4.51
251,46001,241,4.67
251,48001,241,5.38
251,50001,241,6.43
251,52001,241,7.37
251,54001,241,6.12
251,56001,241,5.27
251,58001,241,4.96
251,60001,241,4.72
251,62001,241,4.39
251,64001,241,4.48
251,65535,241,4.39
251,1,254,4.46
251,2001,254,4.42
251,4001,254,4.71
251,6001,254,5.05
251,8001,254,5.64
251,10001,254,6.15
251,12001,254,5.67
251,14001,254,5.11
251,16001,254,4.84
251,18001,254,4.61
251,20001,254,4.39
251,22001,254,4.43
251,24001,254,4.29
251,26001,254,4.41
251,28001,254,4.62
251,30001,254,4.85
251,32001,254,5.35
251,34001,254,5.75
251,36001,254,6.83
251,38001,254,5.66
251,40001,254,4.64
251,42001,254,4.52
251,44001,254,4.46
251,46001,254,4.49
251,48001,254,5.24
251,50001,254,6.32
251,52001,254,7.42
251,54001,254,6.13
251,56001,254,5.42
251,58001,254,4.81
251,60001,254,4.72
251,62001,254,4.51
251,64001,254,4.43
251,65535,254,4.41
255,1,1,6.34
255,2001,1,6.32
255,4001,1,6.26
255,6001,1,6.42
255,8001,1,6.18
255,10001,1,6.22
255,12001,1,6.2
255,14001,1,6.17
255,16001,1,6.26
255,18001,1,6.21
255,20001,1,6.21
255,22001,1,6.34
255,24001,1,6.22
255,26001,1,6.35
255,28001,1,6.13
255,30001,1,6.18
255,32001,1,6.09
255,34001,1,6.22
255,36001,1,6.26
255,38001,1,6.33
255,40001,1,6.23
255,42001,1,6.23
255,44001,1,6.27
255,46001,1,6.28
255,48001,1,6.39
255,50001,1,6.3
255,52001,1,6.28
255,54001,1,6.19
255,56001,1,6.29
255,58001,1,6.22
255,60001,1,6.26
255,62001,1,6.25
255,64001,1,6.26
255,65535,1,6.29
255,1,21,6.47
255,2001,21,6.25
255,4001,21,6.22
255,6001,21,6.22
255,8001,21,6.17
255,10001,21,6.24
255,12001,21,6.11
255,14001,21,6.07
255,16001,21,5.9
255,18001,21,6.14
255,20001,21,5.97
255,22001,21,5.82
255,24001,21,6.06
255,26001,21,6.1
255,28001,21,5.96
255,30001,21,6.03
255,32001,21,6.01
255,34001,21,6.06
255,36001,21,6.15
255,38001,21,6.15
255,40001,21,6.35
255,42001,21,6.23
255,44001,21,6.36
255,46001,21,6.43
255,48001,21,6.5
255,50001,21,6.46
255,52001,21,6.59
255,54001,21,6.58
255,56001,21,6.47
255,58001,21,6.49
255,60001,21,6.56
255,62001,21,6.49
255,64001,21,6.48
255,65535,21,6.49
255,1,41,6.81
255,2001,41,6.48
255,4001,41,6.41
255,6001,41,6.4
255,8001,41,6.16
255,10001,41,6.18
255,12001,41,6.1
255,14001,41,6.03
255,16001,41,5.93
255,18001,41,5.82
255,20001,41,5.84
255,22001,41,5.66
255,24001,41,5.74
255,26001,41,5.78
255,28001,41,5.85
255,30001,41,5.87
255,32001,41,6.06
255,34001,41,5.97
255,36001,41,6.05
255,38001,41,6.11
255,40001,41,6.25
255,42001,41,6.41
255,44001,41,6.57
255,46001,41,6.56
255,48001,41,6.63
255,50001,41,6.55
255,52001,41,6.77
255,54001,41,6.87
255,56001,41,6.88
255,58001,41,6.76
255,60001,41,6.87
255,62001,41,6.87
255,64001,41,6.87
255,65535,41,6.67
255,1,61,6.81
255,2001,61,7.01
255,4001,61,6.69
255,6001,61,6.52
255,8001,61,6.31
255,10001,61,6.22
255,12001,61,5.95
255,14001,61,5.8
255,16001,61,5.85
255,18001,61,5.66
255,20001,61,5.63
255,22001,61,5.5
255,24001,61,5.56
255,26001,61,5.71
255,28001,61,5.87
255,30001,61,5.72
255,32001,61,5.8
255,34001,61,5.89
255,36001,61,5.95
255,38001,61,6.13
255,40001,61,6.34
255,42001,61,6.43
255,44001,61,6.56
255,46001,61,6.77
255,48001,61,6.75
255,50001,61,6.8
255,52001,61,7.07
255,54001,61,7.24
255,56001,61,7.32
255,58001,61,7.45
255,60001,61,7.18
255,62001,61,6.96
255,64001,61,6.89
255,65535,61,6.8
255,1,81,6.28
255,2001,81,6.39
255,4001,81,6.7
255,6001,81,6.62
255,8001,81,6.21
255,10001,81,6.01
255,12001,81,5.96
255,14001,81,5.71
255,16001,81,5.61
255,18001,81,5.66
255,20001,81,5.41
255,22001,81,5.39
255,24001,81,5.37
255,26001,81,5.37
255,28001,81,5.53
255,30001,81,5.58
255,32001,81,5.64
255,34001,81,5.66
255,36001,81,5.88
255,38001,81,6.13
255,40001,81,6.35
255,42001,81,6.57
255,44001,81,6.9
255,46001,81,6.96
255,48001,81,7.24
255,50001,81,7.47
255,52001,81,7.68
255,54001,81,7.38
255,56001,81,7.1
255,58001,81,6.83
255,60001,81,6.66
255,62001,81,6.43
255,64001,81,6.23
255,65535,81,6.4
255,1,101,5.76
255,2001,101,5.96
255,4001,101,6.37
255,6001,101,6.7
255,8001,101,6.22
255,10001,101,6.0
255,12001,101,5.73
255,14001,101,5.7
255,16001,101,5.36
255,18001,101,5.28
255,20001,101,5.23
255,22001,101,5.07
255,24001,101,5.24
255,26001,101,5.16
255,28001,101,5.31
255,30001,101,5.5
255,32001,101,5.57
255,34001,101,5.67
255,36001,101,5.94
255,38001,101,6.05
255,40001,101,6.45
255,42001,101,6.76
255,44001,101,7.18
255,46001,101,7.27
255,48001,101,7.58
255,50001,101,7.96
255,52001,101,7.68
255,54001,101,7.1
255,56001,101,6.76
255,58001,101,6.51
255,60001,101,6.27
255,62001,101,6.11
255,64001,101,5.99
255,65535,101,5.82
255,1,121,5.38
255,2001,121,5.7
255,4001,121,5.93
255,6001,121,6.26
255,8001,121,6.36
255,10001,121,5.92
255,12001,121,5.71
255,14001,121,5.53
255,16001,121,5.36
255,18001,121,5.18
255,20001,121,5.04
255,22001,121,4.87
255,24001,121,4.98
255,26001,121,4.99
255,28001,121,5.22
255,30001,121,5.21
255,32001,121,5.43
255,34001,121,5.64
255,36001,121,5.77
255,38001,121,6.08
255,40001,121,6.43
255,42001,121,6.99
255,44001,121,7.85
255,46001,121,8.02
255,48001,121,8.1
255,50001,121,8.36
255,52001,121,7.5
255,54001,121,6.79
255,56001,121,6.55
255,58001,121,6.12
255,60001,121,5.91
255,62001,121,5.73
255,64001,121,5.55
255,65535,121,5.34
255,1,141,4.99
255,2001,141,5.28
255,4001,141,5.65
255,6001,141,6.16
255,8001,141,6.5
255,10001,141,5.89
255,12001,141,5.59
255,14001,141,5.39
255,16001,141,5.2
255,18001,141,4.92
255,20001,141,4.93
255,22001,141,4.77
255,24001,141,4.84
255,26001,141,4.75
255,28001,141,5.07
255,30001,141,5.26
255,32001,141,5.22
255,34001,141,5.52
255,36001,141,5.74
255,38001,141,6.08
255,40001,141,6.79
255,42001,141,7.37
255,44001,141,6.86
255,46001,141,7.63
255,48001,141,8.25
255,50001,141,8.51
255,52001,141,7.4
255,54001,141,6.62
255,56001,141,6.15
255,58001,141,5.84
255,60001,141,5.51
255,62001,141,5.38
255,64001,141,5.18
255,65535,141,5.11
255,1,161,4.84
255,2001,161,5.18
255,4001,161,5.39
255,6001,161,5.85
255,8001,161,6.45
255,10001,161,6.04
255,12001,161,5.5
255,14001,161,5.35
255,16001,161,5.07
255,18001,161,4.97
255,20001,161,4.73
255,22001,161,4.66
255,24001,161,4.75
255,26001,161,4.8
255,28001,161,4.9
255,30001,161,5.07
255,32001,161,5.23
255,34001,161,5.43
255,36001,161,5.68
255,38001,161,6.11
255,40001,161,6.85
255,42001,161,6.65
255,44001,161,6.11
255,46001,161,6.69
255,48001,161,7.5
255,50001,161,8.6
255,52001,161,7.31
255,54001,161,6.58
255,56001,161,6.0
255,58001,161,5.68
255,60001,161,5.39
255,62001,161,5.18
255,64001,161,4.97
255,65535,161,4.84
255,1,181,4.62
255,2001,181,4.86
255,4001,181,5.1
255,6001,181,5.59
255,8001,181,6.14
255,10001,181,6.01
255,12001,181,5.58
255,14001,181,5.39
255,16001,181,5.02
255,18001,181,4.82
255,20001,181,4.64
255,22001,181,4.62
255,24001,181,4.69
255,26001,181,4.8
255,28001,181,4.88
255,30001,181,5.0
255,32001,181,5.08
255,34001,181,5.54
255,36001,181,5.67
255,38001,181,6.26
255,40001,181,6.81
255,42001,181,5.9
255,44001,181,5.52
255,46001,181,6.02
255,48001,181,6.68
255,50001,181,7.9
255,52001,181,7.2
255,54001,181,6.34
255,56001,181,5.76
255,58001,181,5.39
255,60001,181,5.13
255,62001,181,4.91
255,64001,181,4.75
255,65535,181,4.61
255,1,201,4.47
255,2001,201,4.68
255,4001,201,4.93
255,6001,201,5.55
255,8001,201,6.09
255,10001,201,6.05
255,12001,201,5.64
255,14001,201,5.19
255,16001,201,4.94
255,18001,201,4.81
255,20001,201,4.6
255,22001,201,4.46
255,24001,201,4.58
255,26001,201,4.61
255,28001,201,4.8
255,30001,201,4.98
255,32001,201,5.29
255,34001,201,5.62
255,36001,201,5.98
255,38001,201,7.12
255,40001,201,5.86
255,42001,201,5.24
255,44001,201,4.86
255,46001,201,5.52
255,48001,201,6.34
255,50001,201,7.36
255,52001,201,7.26
255,54001,201,6.21
255,56001,201,5.84
255,58001,201,5.22
255,60001,201,4.96
255,62001,201,4.72
255,64001,201,4.57
255,65535,201,4.51
255,1,221,4.53
255,2001,221,4.52
255,4001,221,4.91
255,6001,221,5.37
255,8001,221,5.88
255,10001,221,6.09
255,12001,221,5.6
255,14001,221,5.14
255,16001,221,4.82
255,18001,221,4.66
255,20001,221,4.62
255,22001,221,4.45
255,24001,221,4.57
255,26001,221,4.49
255,28001,221,4.77
255,30001,221,4.99
255,32001,221,5.21
255,34001,221,5.71
255,36001,221,6.38
255,38001,221,6.41
255,40001,221,5.49
255,42001,221,4.69
255,44001,221,4.5
255,46001,221,5.11
255,48001,221,5.78
255,50001,221,6.91
255,52001,221,7.31
255,54001,221,6.23
255,56001,221,5.64
255,58001,221,5.14
255,60001,221,4.83
255,62001,221,4.53
255,64001,221,4.49
255,65535,221,4.41
255,1,241,4.55
255,2001,241,4.43
255,4001,241,4.71
255,6001,241,5.07
255,8001,241,5.91
255,10001,241,6.06
255,12001,241,5.75
255,14001,241,5.23
255,16001,241,4.92
255,18001,241,4.58
255,20001,241,4.53
255,22001,241,4.54
255,24001,241,4.38
255,26001,241,4.55
255,28001,241,4.71
255,30001,241,5.08
255,32001,241,5.38
255,34001,241,5.71
255,36001,241,6.61
255,38001,241,5.9
255,40001,241,4.97
255,42001,241,4.64
255,44001,241,4.55
255,46001,241,4.74
255,48001,241,5.46
255,50001,241,6.54
255,52001,241,7.55
255,54001,241,6.25
255,56001,241,5.59
255,58001,241,5.07
255,60001,241,4.75
255,62001,241,4.66
255,64001,241,4.27
255,65535,241,4.57
255,1,254,4.55
255,2001,254,4.46
255,4001,254,4.82
255,6001,254,5.17
255,8001,254,5.77
255,10001,254,6.22
255,12001,254,5.5
255,14001,254,5.26
255,16001,254,4.84
255,18001,254,4.59
255,20001,254,4.47
255,22001,254,4.47
255,24001,254,4.41
255,26001,254,4.58
255,28001,254,4.7
255,30001,254,5.09
255,32001,254,5.36
255,34001,254,5.83
255,36001,254,6.81
255,38001,254,5.84
255,40001,254,4.84
255,42001,254,4.58
255,44001,254,4.58
255,46001,254,4.42
255,48001,254,5.3
255,50001,254,6.38
255,52001,254,7.74
255,54001,254,6.19
255,56001,254,5.56
255,58001,254,5.03
255,60001,254,4.71
255,62001,254,4.47
255,64001,254,4.49
255,65535,254,4.5
