bri,hue,sat,watt
1,1,1,0.62
1,2001,1,0.61
1,4001,1,0.59
1,6001,1,0.57
1,8001,1,0.53
1,10001,1,0.56
1,12001,1,0.6
1,14001,1,0.5
1,16001,1,0.55
1,18001,1,0.58
1,20001,1,0.56
1,22001,1,0.57
1,24001,1,0.58
1,26001,1,0.63
1,28001,1,0.69
1,30001,1,0.67
1,32001,1,0.53
1,34001,1,0.58
1,36001,1,0.58
1,38001,1,0.49
1,40001,1,0.57
1,42001,1,0.61
1,44001,1,0.48
1,46001,1,0.55
1,48001,1,0.49
1,50001,1,0.57
1,52001,1,0.57
1,54001,1,0.43
1,56001,1,0.47
1,58001,1,0.55
1,60001,1,0.57
1,62001,1,0.59
1,64001,1,0.57
1,65535,1,0.54
1,1,11,0.63
1,2001,11,0.51
1,4001,11,0.53
1,6001,11,0.63
1,8001,11,0.56
1,10001,11,0.5
1,12001,11,0.48
1,14001,11,0.75
1,16001,11,0.48
1,18001,11,0.6
1,20001,11,0.63
1,22001,11,0.65
1,24001,11,0.5
1,26001,11,0.51
1,28001,11,0.55
1,30001,11,0.54
1,32001,11,0.59
1,34001,11,0.6
1,36001,11,0.56
1,38001,11,0.62
1,40001,11,0.53
1,42001,11,0.6
1,44001,11,0.58
1,46001,11,0.62
1,48001,11,0.62
1,50001,11,0.45
1,52001,11,0.71
1,54001,11,0.61
1,56001,11,0.59
1,58001,11,0.43
1,60001,11,0.46
1,62001,11,0.6
1,64001,11,0.63
1,65535,11,0.6
1,1,21,0.53
1,2001,21,0.58
1,4001,21,0.63
1,6001,21,0.57
1,8001,21,0.55
1,10001,21,0.55
1,12001,21,0.59
1,14001,21,0.5
1,16001,21,0.6
1,18001,21,0.62
1,20001,21,0.64
1,22001,21,0.56
1,24001,21,0.41
1,26001,21,0.47
1,28001,21,0.67
1,30001,21,0.54
1,32001,21,0.64
1,34001,21,0.65
1,36001,21,0.64
1,38001,21,0.57
1,40001,21,0.73
1,42001,21,0.53
1,44001,21,0.66
1,46001,21,0.61
1,48001,21,0.6
1,50001,21,0.58
1,52001,21,0.59
1,54001,21,0.61
1,56001,21,0.63
1,58001,21,0.57
1,60001,21,0.51
1,62001,21,0.53
1,64001,21,0.64
1,65535,21,0.71
1,1,31,0.56
1,2001,31,0.67
1,4001,31,0.56
1,6001,31,0.55
1,8001,31,0.6
1,10001,31,0.61
1,12001,31,0.57
1,14001,31,0.56
1,16001,31,0.54
1,18001,31,0.45
1,20001,31,0.68
1,22001,31,0.56
1,24001,31,0.7
1,26001,31,0.66
1,28001,31,0.52
1,30001,31,0.52
1,32001,31,0.58
1,34001,31,0.47
1,36001,31,0.52
1,38001,31,0.58
1,40001,31,0.67
1,42001,31,0.7
1,44001,31,0.48
1,46001,31,0.51
1,48001,31,0.61
1,50001,31,0.69
1,52001,31,0.59
1,54001,31,0.59
1,56001,31,0.62
1,58001,31,0.67
1,60001,31,0.51
1,62001,31,0.49
1,64001,31,0.68
1,65535,31,0.61
1,1,41,0.67
1,2001,41,0.54
1,4001,41,0.59
1,6001,41,0.54
1,8001,41,0.51
1,10001,41,0.47
1,12001,41,0.56
1,14001,41,0.68
1,16001,41,0.6
1,18001,41,0.6
1,20001,41,0.55
1,22001,41,0.61
1,24001,41,0.59
1,26001,41,0.47
1,28001,41,0.47
1,30001,41,0.5
1,32001,41,0.55
1,34001,41,0.58
1,36001,41,0.62
1,38001,41,0.65
1,40001,41,0.67
1,42001,41,0.63
1,44001,41,0.53
1,46001,41,0.61
1,48001,41,0.64
1,50001,41,0.57
1,52001,41,0.55
1,54001,41,0.51
1,56001,41,0.54
1,58001,41,0.56
1,60001,41,0.65
1,62001,41,0.59
1,64001,41,0.55
1,65535,41,0.54
1,1,51,0.62
1,2001,51,0.65
1,4001,51,0.45
1,6001,51,0.45
1,8001,51,0.66
1,10001,51,0.46
1,12001,51,0.62
1,14001,51,0.7
1,16001,51,0.59
1,18001,51,0.51
1,20001,51,0.6
1,22001,51,0.55
1,24001,51,0.58
1,26001,51,0.52
1,28001,51,0.64
1,30001,51,0.64
1,32001,51,0.63
1,34001,51,0.57
1,36001,51,0.61
1,38001,51,0.52
1,40001,51,0.52
1,42001,51,0.61
1,44001,51,0.64
1,46001,51,0.61
1,48001,51,0.51
1,50001,51,0.56
1,52001,51,0.58
1,54001,51,0.52
1,56001,51,0.56
1,58001,51,0.57
1,60001,51,0.6
1,62001,51,0.64
1,64001,51,0.63
1,65535,51,0.6
1,1,61,0.64
1,2001,61,0.54
1,4001,61,0.57
1,6001,61,0.57
1,8001,61,0.58
1,10001,61,0.63
1,12001,61,0.54
1,14001,61,0.45
1,16001,61,0.45
1,18001,61,0.52
1,20001,61,0.63
1,22001,61,0.68
1,24001,61,0.59
1,26001,61,0.52
1,28001,61,0.62
1,30001,61,0.55
1,32001,61,0.56
1,34001,61,0.59
1,36001,61,0.62
1,38001,61,0.62
1,40001,61,0.54
1,42001,61,0.53
1,44001,61,0.58
1,46001,61,0.6
1,48001,61,0.57
1,50001,61,0.46
1,52001,61,0.46
1,54001,61,0.56
1,56001,61,0.49
1,58001,61,0.59
1,60001,61,0.51
1,62001,61,0.57
1,64001,61,0.52
1,65535,61,0.52
1,1,71,0.55
1,2001,71,0.65
1,4001,71,0.6
1,6001,71,0.52
1,8001,71,0.52
1,10001,71,0.59
1,12001,71,0.51
1,14001,71,0.57
1,16001,71,0.57
1,18001,71,0.5
1,20001,71,0.59
1,22001,71,0.54
1,24001,71,0.57
1,26001,71,0.69
1,28001,71,0.66
1,30001,71,0.59
1,32001,71,0.6
1,34001,71,0.61
1,36001,71,0.62
1,38001,71,0.55
1,40001,71,0.5
1,42001,71,0.53
1,44001,71,0.67
1,46001,71,0.61
1,48001,71,0.6
1,50001,71,0.64
1,52001,71,0.68
1,54001,71,0.56
1,56001,71,0.56
1,58001,71,0.62
1,60001,71,0.61
1,62001,71,0.58
1,64001,71,0.64
1,65535,71,0.47
1,1,81,0.66
1,2001,81,0.51
1,4001,81,0.62
1,6001,81,0.61
1,8001,81,0.62
1,10001,81,0.5
1,12001,81,0.7
1,14001,81,0.66
1,16001,81,0.6
1,18001,81,0.58
1,20001,81,0.69
1,22001,81,0.48
1,24001,81,0.49
1,26001,81,0.62
1,28001,81,0.63
1,30001,81,0.68
1,32001,81,0.55
1,34001,81,0.58
1,36001,81,0.67
1,38001,81,0.61
1,40001,81,0.66
1,42001,81,0.51
1,44001,81,0.44
1,46001,81,0.62
1,48001,81,0.8
1,50001,81,0.55
1,52001,81,0.55
1,54001,81,0.56
1,56001,81,0.54
1,58001,81,0.65
1,60001,81,0.64
1,62001,81,0.62
1,64001,81,0.59
1,65535,81,0.59
1,1,91,0.68
1,2001,91,0.58
1,4001,91,0.6
1,6001,91,0.62
1,8001,91,0.63
1,10001,91,0.65
1,12001,91,0.7
1,14001,91,0.62
1,16001,91,0.56
1,18001,91,0.49
1,20001,91,0.5
1,22001,91,0.6
1,24001,91,0.64
1,26001,91,0.51
1,28001,91,0.52
1,30001,91,0.54
1,32001,91,0.57
1,34001,91,0.62
1,36001,91,0.65
1,38001,91,0.59
1,40001,91,0.64
1,42001,91,0.47
1,44001,91,0.55
1,46001,91,0.56
1,48001,91,0.51
1,50001,91,0.48
1,52001,91,0.61
1,54001,91,0.55
1,56001,91,0.7
1,58001,91,0.68
1,60001,91,0.59
1,62001,91,0.52
1,64001,91,0.46
1,65535,91,0.54
1,1,101,0.5
1,2001,101,0.5
1,4001,101,0.58
1,6001,101,0.58
1,8001,101,0.64
1,10001,101,0.64
1,12001,101,0.64
1,14001,101,0.53
1,16001,101,0.6
1,18001,101,0.53
1,20001,101,0.6
1,22001,101,0.59
1,24001,101,0.57
1,26001,101,0.54
1,28001,101,0.6
1,30001,101,0.58
1,32001,101,0.67
1,34001,101,0.63
1,36001,101,0.64
1,38001,101,0.6
1,40001,101,0.6
1,42001,101,0.47
1,44001,101,0.52
1,46001,101,0.59
1,48001,101,0.76
1,50001,101,0.66
1,52001,101,0.55
1,54001,101,0.59
1,56001,101,0.51
1,58001,101,0.56
1,60001,101,0.57
1,62001,101,0.55
1,64001,101,0.63
1,65535,101,0.66
1,1,111,0.48
1,2001,111,0.57
1,4001,111,0.52
1,6001,111,0.67
1,8001,111,0.59
1,10001,111,0.56
1,12001,111,0.56
1,14001,111,0.64
1,16001,111,0.58
1,18001,111,0.61
1,20001,111,0.66
1,22001,111,0.6
1,24001,111,0.54
1,26001,111,0.54
1,28001,111,0.42
1,30001,111,0.51
1,32001,111,0.55
1,34001,111,0.53
1,36001,111,0.51
1,38001,111,0.59
1,40001,111,0.69
1,42001,111,0.74
1,44001,111,0.63
1,46001,111,0.61
1,48001,111,0.65
1,50001,111,0.59
1,52001,111,0.63
1,54001,111,0.66
1,56001,111,0.67
1,58001,111,0.65
1,60001,111,0.6
1,62001,111,0.58
1,64001,111,0.62
1,65535,111,0.63
1,1,121,0.53
1,2001,121,0.58
1,4001,121,0.5
1,6001,121,0.48
1,8001,121,0.6
1,10001,121,0.57
1,12001,121,0.6
1,14001,121,0.55
1,16001,121,0.56
1,18001,121,0.59
1,20001,121,0.6
1,22001,121,0.53
1,24001,121,0.58
1,26001,121,0.55
1,28001,121,0.5
1,30001,121,0.46
1,32001,121,0.6
1,34001,121,0.57
1,36001,121,0.61
1,38001,121,0.64
1,40001,121,0.62
1,42001,121,0.56
1,44001,121,0.55
1,46001,121,0.58
1,48001,121,0.49
1,50001,121,0.54
1,52001,121,0.61
1,54001,121,0.57
1,56001,121,0.61
1,58001,121,0.62
1,60001,121,0.5
1,62001,121,0.58
1,64001,121,0.58
1,65535,121,0.56
1,1,131,0.64
1,2001,131,0.56
1,4001,131,0.53
1,6001,131,0.45
1,8001,131,0.57
1,10001,131,0.68
1,12001,131,0.83
1,14001,131,0.68
1,16001,131,0.56
1,18001,131,0.62
1,20001,131,0.61
1,22001,131,0.61
1,24001,131,0.65
1,26001,131,0.48
1,28001,131,0.62
1,30001,131,0.55
1,32001,131,0.45
1,34001,131,0.66
1,36001,131,0.6
1,38001,131,0.54
1,40001,131,0.54
1,42001,131,0.51
1,44001,131,0.53
1,46001,131,0.59
1,48001,131,0.58
1,50001,131,0.54
1,52001,131,0.5
1,54001,131,0.53
1,56001,131,0.52
1,58001,131,0.52
1,60001,131,0.61
1,62001,131,0.5
1,64001,131,0.61
1,65535,131,0.46
1,1,141,0.56
1,2001,141,0.53
1,4001,141,0.57
1,6001,141,0.54
1,8001,141,0.63
1,10001,141,0.62
1,12001,141,0.49
1,14001,141,0.67
1,16001,141,0.67
1,18001,141,0.52
1,20001,141,0.56
1,22001,141,0.7
1,24001,141,0.67
1,26001,141,0.53
1,28001,141,0.69
1,30001,141,0.62
1,32001,141,0.62
1,34001,141,0.52
1,36001,141,0.68
1,38001,141,0.64
1,40001,141,0.63
1,42001,141,0.58
1,44001,141,0.63
1,46001,141,0.6
1,48001,141,0.59
1,50001,141,0.59
1,52001,141,0.6
1,54001,141,0.59
1,56001,141,0.63
1,58001,141,0.66
1,60001,141,0.73
1,62001,141,0.66
1,64001,141,0.58
1,65535,141,0.6
1,1,151,0.49
1,2001,151,0.48
1,4001,151,0.51
1,6001,151,0.46
1,8001,151,0.48
1,10001,151,0.7
1,12001,151,0.65
1,14001,151,0.6
1,16001,151,0.59
1,18001,151,0.59
1,20001,151,0.64
1,22001,151,0.6
1,24001,151,0.56
1,26001,151,0.54
1,28001,151,0.55
1,30001,151,0.55
1,32001,151,0.5
1,34001,151,0.52
1,36001,151,0.56
1,38001,151,0.55
1,40001,151,0.53
1,42001,151,0.82
1,44001,151,0.63
1,46001,151,0.67
1,48001,151,0.59
1,50001,151,0.58
1,52001,151,0.57
1,54001,151,0.6
1,56001,151,0.61
1,58001,151,0.68
1,60001,151,0.61
1,62001,151,0.65
1,64001,151,0.6
1,65535,151,0.61
1,1,161,0.54
1,2001,161,0.62
1,4001,161,0.65
1,6001,161,0.59
1,8001,161,0.59
1,10001,161,0.49
1,12001,161,0.62
1,14001,161,0.69
1,16001,161,0.61
1,18001,161,0.7
1,20001,161,0.61
1,22001,161,0.6
1,24001,161,0.53
1,26001,161,0.62
1,28001,161,0.58
1,30001,161,0.64
1,32001,161,0.6
1,34001,161,0.58
1,36001,161,0.57
1,38001,161,0.61
1,40001,161,0.66
1,42001,161,0.62
1,44001,161,0.58
1,46001,161,0.57
1,48001,161,0.65
1,50001,161,0.56
1,52001,161,0.62
1,54001,161,0.61
1,56001,161,0.56
1,58001,161,0.58
1,60001,161,0.62
1,62001,161,0.46
1,64001,161,0.51
1,65535,161,0.52
1,1,171,0.54
1,2001,171,0.54
1,4001,171,0.57
1,6001,171,0.6
1,8001,171,0.5
1,10001,171,0.5
1,12001,171,0.63
1,14001,171,0.59
1,16001,171,0.64
1,18001,171,0.54
1,20001,171,0.5
1,22001,171,0.5
1,24001,171,0.59
1,26001,171,0.54
1,28001,171,0.56
1,30001,171,0.63
1,32001,171,0.64
1,34001,171,0.7
1,36001,171,0.7
1,38001,171,0.7
1,40001,171,0.54
1,42001,171,0.63
1,44001,171,0.61
1,46001,171,0.54
1,48001,171,0.56
1,50001,171,0.56
1,52001,171,0.56
1,54001,171,0.48
1,56001,171,0.55
1,58001,171,0.58
1,60001,171,0.65
1,62001,171,0.53
1,64001,171,0.52
1,65535,171,0.54
1,1,181,0.61
1,2001,181,0.59
1,4001,181,0.58
1,6001,181,0.46
1,8001,181,0.54
1,10001,181,0.54
1,12001,181,0.65
1,14001,181,0.58
1,16001,181,0.57
1,18001,181,0.61
1,20001,181,0.77
1,22001,181,0.77
1,24001,181,0.45
1,26001,181,0.62
1,28001,181,0.58
1,30001,181,0.53
1,32001,181,0.68
1,34001,181,0.78
1,36001,181,0.54
1,38001,181,0.56
1,40001,181,0.61
1,42001,181,0.59
1,44001,181,0.67
1,46001,181,0.66
1,48001,181,0.65
1,50001,181,0.72
1,52001,181,0.58
1,54001,181,0.57
1,56001,181,0.53
1,58001,181,0.62
1,60001,181,0.58
1,62001,181,0.57
1,64001,181,0.62
1,65535,181,0.63
1,1,191,0.55
1,2001,191,0.55
1,4001,191,0.49
1,6001,191,0.75
1,8001,191,0.53
1,10001,191,0.55
1,12001,191,0.55
1,14001,191,0.54
1,16001,191,0.57
1,18001,191,0.59
1,20001,191,0.59
1,22001,191,0.57
1,24001,191,0.59
1,26001,191,0.56
1,28001,191,0.57
1,30001,191,0.57
1,32001,191,0.54
1,34001,191,0.67
1,36001,191,0.55
1,38001,191,0.5
1,40001,191,0.51
1,42001,191,0.53
1,44001,191,0.56
1,46001,191,0.62
1,48001,191,0.63
1,50001,191,0.61
1,52001,191,0.55
1,54001,191,0.55
1,56001,191,0.54
1,58001,191,0.54
1,60001,191,0.63
1,62001,191,0.6
1,64001,191,0.52
1,65535,191,0.5
1,1,201,0.6
1,2001,201,0.61
1,4001,201,0.67
1,6001,201,0.63
1,8001,201,0.62
1,10001,201,0.7
1,12001,201,0.7
1,14001,201,0.59
1,16001,201,0.55
1,18001,201,0.57
1,20001,201,0.54
1,22001,201,0.51
1,24001,201,0.49
1,26001,201,0.5
1,28001,201,0.56
1,30001,201,0.63
1,32001,201,0.57
1,34001,201,0.52
1,36001,201,0.55
1,38001,201,0.57
1,40001,201,0.65
1,42001,201,0.75
1,44001,201,0.58
1,46001,201,0.57
1,48001,201,0.72
1,50001,201,0.7
1,52001,201,0.55
1,54001,201,0.59
1,56001,201,0.61
1,58001,201,0.57
1,60001,201,0.51
1,62001,201,0.53
1,64001,201,0.58
1,65535,201,0.57
1,1,211,0.49
1,2001,211,0.51
1,4001,211,0.64
1,6001,211,0.7
1,8001,211,0.5
1,10001,211,0.61
1,12001,211,0.61
1,14001,211,0.68
1,16001,211,0.59
1,18001,211,0.51
1,20001,211,0.62
1,22001,211,0.59
1,24001,211,0.54
1,26001,211,0.51
1,28001,211,0.51
1,30001,211,0.52
1,32001,211,0.64
1,34001,211,0.59
1,36001,211,0.56
1,38001,211,0.53
1,40001,211,0.5
1,42001,211,0.47
1,44001,211,0.55
1,46001,211,0.56
1,48001,211,0.56
1,50001,211,0.68
1,52001,211,0.52
1,54001,211,0.54
1,56001,211,0.58
1,58001,211,0.59
1,60001,211,0.56
1,62001,211,0.51
1,64001,211,0.65
1,65535,211,0.62
1,1,221,0.51
1,2001,221,0.47
1,4001,221,0.55
1,6001,221,0.58
1,8001,221,0.58
1,10001,221,0.58
1,12001,221,0.56
1,14001,221,0.53
1,16001,221,0.65
1,18001,221,0.63
1,20001,221,0.55
1,22001,221,0.62
1,24001,221,0.66
1,26001,221,0.66
1,28001,221,0.65
1,30001,221,0.54
1,32001,221,0.53
1,34001,221,0.54
1,36001,221,0.56
1,38001,221,0.55
1,40001,221,0.6
1,42001,221,0.58
1,44001,221,0.54
1,46001,221,0.73
1,48001,221,0.73
1,50001,221,0.51
1,52001,221,0.52
1,54001,221,0.55
1,56001,221,0.67
1,58001,221,0.63
1,60001,221,0.61
1,62001,221,0.6
1,64001,221,0.6
1,65535,221,0.62
1,1,231,0.52
1,2001,231,0.52
1,4001,231,0.56
1,6001,231,0.79
1,8001,231,0.58
1,10001,231,0.65
1,12001,231,0.64
1,14001,231,0.55
1,16001,231,0.65
1,18001,231,0.62
1,20001,231,0.48
1,22001,231,0.5
1,24001,231,0.59
1,26001,231,0.62
1,28001,231,0.59
1,30001,231,0.58
1,32001,231,0.58
1,34001,231,0.58
1,36001,231,0.61
1,38001,231,0.59
1,40001,231,0.56
1,42001,231,0.54
1,44001,231,0.56
1,46001,231,0.59
1,48001,231,0.53
1,50001,231,0.54
1,52001,231,0.65
1,54001,231,0.67
1,56001,231,0.67
1,58001,231,0.57
1,60001,231,0.56
1,62001,231,0.61
1,64001,231,0.63
1,65535,231,0.51
1,1,241,0.52
1,2001,241,0.54
1,4001,241,0.54
1,6001,241,0.49
1,8001,241,0.65
1,10001,241,0.76
1,12001,241,0.6
1,14001,241,0.55
1,16001,241,0.55
1,18001,241,0.52
1,20001,241,0.58
1,22001,241,0.54
1,24001,241,0.55
1,26001,241,0.56
1,28001,241,0.57
1,30001,241,0.47
1,32001,241,0.61
1,34001,241,0.54
1,36001,241,0.56
1,38001,241,0.59
1,40001,241,0.59
1,42001,241,0.58
1,44001,241,0.62
1,46001,241,0.63
1,48001,241,0.45
1,50001,241,0.45
1,52001,241,0.54
1,54001,241,0.56
1,56001,241,0.63
1,58001,241,0.53
1,60001,241,0.59
1,62001,241,0.57
1,64001,241,0.64
1,65535,241,0.65
1,1,251,0.64
1,2001,251,0.64
1,4001,251,0.67
1,6001,251,0.67
1,8001,251,0.51
1,10001,251,0.5
1,12001,251,0.62
1,14001,251,0.67
1,16001,251,0.57
1,18001,251,0.53
1,20001,251,0.55
1,22001,251,0.56
1,24001,251,0.68
1,26001,251,0.62
1,28001,251,0.68
1,30001,251,0.69
1,32001,251,0.58
1,34001,251,0.58
1,36001,251,0.56
1,38001,251,0.61
1,40001,251,0.6
1,42001,251,0.59
1,44001,251,0.63
1,46001,251,0.69
1,48001,251,0.62
1,50001,251,0.61
1,52001,251,0.63
1,54001,251,0.58
1,56001,251,0.58
1,58001,251,0.54
1,60001,251,0.63
1,62001,251,0.56
1,64001,251,0.61
1,65535,251,0.56
1,1,254,0.71
1,2001,254,0.61
1,4001,254,0.57
1,6001,254,0.54
1,8001,254,0.53
1,10001,254,0.55
1,12001,254,0.47
1,14001,254,0.55
1,16001,254,0.56
1,18001,254,0.58
1,20001,254,0.61
1,22001,254,0.61
1,24001,254,0.6
1,26001,254,0.56
1,28001,254,0.68
1,30001,254,0.65
1,32001,254,0.61
1,34001,254,0.53
1,36001,254,0.52
1,38001,254,0.54
1,40001,254,0.61
1,42001,254,0.83
1,44001,254,0.56
1,46001,254,0.66
1,48001,254,0.54
1,50001,254,0.5
1,52001,254,0.47
1,54001,254,0.47
1,56001,254,0.54
1,58001,254,0.57
1,60001,254,0.64
1,62001,254,0.65
1,64001,254,0.67
1,65535,254,0.74
11,1,1,0.6
11,2001,1,0.55
11,4001,1,0.6
11,6001,1,0.64
11,8001,1,0.57
11,10001,1,0.54
11,12001,1,0.59
11,14001,1,0.64
11,16001,1,0.57
11,18001,1,0.62
11,20001,1,0.55
11,22001,1,0.54
11,24001,1,0.56
11,26001,1,0.68
11,28001,1,0.52
11,30001,1,0.53
11,32001,1,0.6
11,34001,1,0.55
11,36001,1,0.64
11,38001,1,0.6
11,40001,1,0.62
11,42001,1,0.66
11,44001,1,0.61
11,46001,1,0.55
11,48001,1,0.55
11,50001,1,0.67
11,52001,1,0.6
11,54001,1,0.54
11,56001,1,0.64
11,58001,1,0.61
11,60001,1,0.6
11,62001,1,0.65
11,64001,1,0.66
11,65535,1,0.56
11,1,11,0.62
11,2001,11,0.59
11,4001,11,0.55
11,6001,11,0.52
11,8001,11,0.65
11,10001,11,0.57
11,12001,11,0.57
11,14001,11,0.56
11,16001,11,0.57
11,18001,11,0.63
11,20001,11,0.57
11,22001,11,0.64
11,24001,11,0.67
11,26001,11,0.58
11,28001,11,0.66
11,30001,11,0.73
11,32001,11,0.64
11,34001,11,0.52
11,36001,11,0.45
11,38001,11,0.61
11,40001,11,0.58
11,42001,11,0.57
11,44001,11,0.62
11,46001,11,0.61
11,48001,11,0.6
11,50001,11,0.6
11,52001,11,0.55
11,54001,11,0.56
11,56001,11,0.65
11,58001,11,0.59
11,60001,11,0.74
11,62001,11,0.63
11,64001,11,0.63
11,65535,11,0.5
11,1,21,0.54
11,2001,21,0.6
11,4001,21,0.62
11,6001,21,0.62
11,8001,21,0.64
11,10001,21,0.51
11,12001,21,0.56
11,14001,21,0.53
11,16001,21,0.53
11,18001,21,0.59
11,20001,21,0.63
11,22001,21,0.6
11,24001,21,0.57
11,26001,21,0.72
11,28001,21,0.59
11,30001,21,0.56
11,32001,21,0.56
11,34001,21,0.58
11,36001,21,0.58
11,38001,21,0.54
11,40001,21,0.73
11,42001,21,0.71
11,44001,21,0.72
11,46001,21,0.5
11,48001,21,0.55
11,50001,21,0.59
11,52001,21,0.56
11,54001,21,0.57
11,56001,21,0.56
11,58001,21,0.64
11,60001,21,0.67
11,62001,21,0.63
11,64001,21,0.56
11,65535,21,0.54
11,1,31,0.56
11,2001,31,0.55
11,4001,31,0.75
11,6001,31,0.75
11,8001,31,0.54
11,10001,31,0.58
11,12001,31,0.65
11,14001,31,0.64
11,16001,31,0.7
11,18001,31,0.66
11,20001,31,0.56
11,22001,31,0.58
11,24001,31,0.59
11,26001,31,0.58
11,28001,31,0.58
11,30001,31,0.55
11,32001,31,0.5
11,34001,31,0.52
11,36001,31,0.53
11,38001,31,0.69
11,40001,31,0.51
11,42001,31,0.58
11,44001,31,0.59
11,46001,31,0.53
11,48001,31,0.69
11,50001,31,0.5
11,52001,31,0.74
11,54001,31,0.7
11,56001,31,0.59
11,58001,31,0.59
11,60001,31,0.78
11,62001,31,0.7
11,64001,31,0.62
11,65535,31,0.62
11,1,41,0.52
11,2001,41,0.64
11,4001,41,0.56
11,6001,41,0.57
11,8001,41,0.7
11,10001,41,0.55
11,12001,41,0.58
11,14001,41,0.62
11,16001,41,0.69
11,18001,41,0.57
11,20001,41,0.56
11,22001,41,0.57
11,24001,41,0.59
11,26001,41,0.72
11,28001,41,0.7
11,30001,41,0.66
11,32001,41,0.83
11,34001,41,0.58
11,36001,41,0.61
11,38001,41,0.65
11,40001,41,0.61
11,42001,41,0.77
11,44001,41,0.76
11,46001,41,0.6
11,48001,41,0.58
11,50001,41,0.6
11,52001,41,0.52
11,54001,41,0.59
11,56001,41,0.65
11,58001,41,0.59
11,60001,41,0.47
11,62001,41,0.46
11,64001,41,0.62
11,65535,41,0.63
11,1,51,0.72
11,2001,51,0.55
11,4001,51,0.63
11,6001,51,0.52
11,8001,51,0.55
11,10001,51,0.77
11,12001,51,0.76
11,14001,51,0.58
11,16001,51,0.67
11,18001,51,0.62
11,20001,51,0.62
11,22001,51,0.69
11,24001,51,0.54
11,26001,51,0.47
11,28001,51,0.45
11,30001,51,0.59
11,32001,51,0.57
11,34001,51,0.62
11,36001,51,0.61
11,38001,51,0.67
11,40001,51,0.59
11,42001,51,0.61
11,44001,51,0.65
11,46001,51,0.6
11,48001,51,0.58
11,50001,51,0.58
11,52001,51,0.61
11,54001,51,0.65
11,56001,51,0.66
11,58001,51,0.65
11,60001,51,0.54
11,62001,51,0.53
11,64001,51,0.61
11,65535,51,0.65
11,1,61,0.65
11,2001,61,0.68
11,4001,61,0.57
11,6001,61,0.64
11,8001,61,0.55
11,10001,61,0.53
11,12001,61,0.51
11,14001,61,0.5
11,16001,61,0.64
11,18001,61,0.46
11,20001,61,0.46
11,22001,61,0.41
11,24001,61,0.55
11,26001,61,0.65
11,28001,61,0.6
11,30001,61,0.59
11,32001,61,0.57
11,34001,61,0.6
11,36001,61,0.58
11,38001,61,0.58
11,40001,61,0.64
11,42001,61,0.63
11,44001,61,0.6
11,46001,61,0.67
11,48001,61,0.5
11,50001,61,0.51
11,52001,61,0.55
11,54001,61,0.6
11,56001,61,0.69
11,58001,61,0.67
11,60001,61,0.53
11,62001,61,0.61
11,64001,61,0.59
11,65535,61,0.53
11,1,71,0.6
11,2001,71,0.5
11,4001,71,0.66
11,6001,71,0.6
11,8001,71,0.6
11,10001,71,0.55
11,12001,71,0.51
11,14001,71,0.52
11,16001,71,0.58
11,18001,71,0.59
11,20001,71,0.61
11,22001,71,0.57
11,24001,71,0.66
11,26001,71,0.59
11,28001,71,0.6
11,30001,71,0.64
11,32001,71,0.66
11,34001,71,0.62
11,36001,71,0.62
11,38001,71,0.47
11,40001,71,0.6
11,42001,71,0.58
11,44001,71,0.56
11,46001,71,0.51
11,48001,71,0.73
11,50001,71,0.53
11,52001,71,0.53
11,54001,71,0.81
11,56001,71,0.73
11,58001,71,0.64
11,60001,71,0.57
11,62001,71,0.61
11,64001,71,0.62
11,65535,71,0.53
11,1,81,0.55
11,2001,81,0.58
11,4001,81,0.58
11,6001,81,0.59
11,8001,81,0.59
11,10001,81,0.61
11,12001,81,0.47
11,14001,81,0.52
11,16001,81,0.68
11,18001,81,0.67
11,20001,81,0.6
11,22001,81,0.66
11,24001,81,0.65
11,26001,81,0.58
11,28001,81,0.53
11,30001,81,0.65
11,32001,81,0.61
11,34001,81,0.53
11,36001,81,0.64
11,38001,81,0.64
11,40001,81,0.55
11,42001,81,0.52
11,44001,81,0.54
11,46001,81,0.55
11,48001,81,0.55
11,50001,81,0.5
11,52001,81,0.46
11,54001,81,0.67
11,56001,81,0.59
11,58001,81,0.53
11,60001,81,0.54
11,62001,81,0.6
11,64001,81,0.62
11,65535,81,0.51
11,1,91,0.51
11,2001,91,0.51
11,4001,91,0.6
11,6001,91,0.58
11,8001,91,0.62
11,10001,91,0.55
11,12001,91,0.62
11,14001,91,0.52
11,16001,91,0.59
11,18001,91,0.59
11,20001,91,0.64
11,22001,91,0.47
11,24001,91,0.54
11,26001,91,0.62
11,28001,91,0.62
11,30001,91,0.59
11,32001,91,0.58
11,34001,91,0.57
11,36001,91,0.57
11,38001,91,0.6
11,40001,91,0.65
11,42001,91,0.6
11,44001,91,0.72
11,46001,91,0.58
11,48001,91,0.62
11,50001,91,0.61
11,52001,91,0.58
11,54001,91,0.59
11,56001,91,0.7
11,58001,91,0.65
11,60001,91,0.6
11,62001,91,0.48
11,64001,91,0.48
11,65535,91,0.47
11,1,101,0.72
11,2001,101,0.61
11,4001,101,0.64
11,6001,101,0.64
11,8001,101,0.53
11,10001,101,0.62
11,12001,101,0.59
11,14001,101,0.57
11,16001,101,0.54
11,18001,101,0.55
11,20001,101,0.56
11,22001,101,0.47
11,24001,101,0.52
11,26001,101,0.53
11,28001,101,0.62
11,30001,101,0.57
11,32001,101,0.57
11,34001,101,0.62
11,36001,101,0.55
11,38001,101,0.48
11,40001,101,0.55
11,42001,101,0.61
11,44001,101,0.59
11,46001,101,0.53
11,48001,101,0.51
11,50001,101,0.51
11,52001,101,0.6
11,54001,101,0.53
11,56001,101,0.53
11,58001,101,0.61
11,60001,101,0.63
11,62001,101,0.57
11,64001,101,0.67
11,65535,101,0.67
11,1,111,0.51
11,2001,111,0.54
11,4001,111,0.48
11,6001,111,0.51
11,8001,111,0.54
11,10001,111,0.69
11,12001,111,0.62
11,14001,111,0.55
11,16001,111,0.54
11,18001,111,0.55
11,20001,111,0.55
11,22001,111,0.62
11,24001,111,0.62
11,26001,111,0.54
11,28001,111,0.54
11,30001,111,0.57
11,32001,111,0.55
11,34001,111,0.52
11,36001,111,0.56
11,38001,111,0.54
11,40001,111,0.73
11,42001,111,0.71
11,44001,111,0.6
11,46001,111,0.66
11,48001,111,0.64
11,50001,111,0.63
11,52001,111,0.61
11,54001,111,0.54
11,56001,111,0.65
11,58001,111,0.65
11,60001,111,0.53
11,62001,111,0.62
11,64001,111,0.59
11,65535,111,0.6
11,1,121,0.56
11,2001,121,0.55
11,4001,121,0.61
11,6001,121,0.52
11,8001,121,0.5
11,10001,121,0.53
11,12001,121,0.57
11,14001,121,0.51
11,16001,121,0.6
11,18001,121,0.69
11,20001,121,0.68
11,22001,121,0.68
11,24001,121,0.46
11,26001,121,0.55
11,28001,121,0.63
11,30001,121,0.56
11,32001,121,0.53
11,34001,121,0.57
11,36001,121,0.58
11,38001,121,0.71
11,40001,121,0.56
11,42001,121,0.55
11,44001,121,0.65
11,46001,121,0.66
11,48001,121,0.62
11,50001,121,0.66
11,52001,121,0.68
11,54001,121,0.64
11,56001,121,0.57
11,58001,121,0.61
11,60001,121,0.51
11,62001,121,0.49
11,64001,121,0.5
11,65535,121,0.53
11,1,131,0.6
11,2001,131,0.57
11,4001,131,0.59
11,6001,131,0.61
11,8001,131,0.62
11,10001,131,0.73
11,12001,131,0.68
11,14001,131,0.59
11,16001,131,0.74
11,18001,131,0.65
11,20001,131,0.58
11,22001,131,0.56
11,24001,131,0.63
11,26001,131,0.53
11,28001,131,0.66
11,30001,131,0.56
11,32001,131,0.5
11,34001,131,0.65
11,36001,131,0.59
11,38001,131,0.66
11,40001,131,0.6
11,42001,131,0.54
11,44001,131,0.71
11,46001,131,0.71
11,48001,131,0.54
11,50001,131,0.54
11,52001,131,0.56
11,54001,131,0.65
11,56001,131,0.63
11,58001,131,0.59
11,60001,131,0.54
11,62001,131,0.5
11,64001,131,0.58
11,65535,131,0.56
11,1,141,0.58
11,2001,141,0.57
11,4001,141,0.52
11,6001,141,0.58
11,8001,141,0.55
11,10001,141,0.56
11,12001,141,0.57
11,14001,141,0.56
11,16001,141,0.67
11,18001,141,0.63
11,20001,141,0.56
11,22001,141,0.58
11,24001,141,0.58
11,26001,141,0.57
11,28001,141,0.64
11,30001,141,0.52
11,32001,141,0.6
11,34001,141,0.61
11,36001,141,0.63
11,38001,141,0.48
11,40001,141,0.48
11,42001,141,0.54
11,44001,141,0.6
11,46001,141,0.63
11,48001,141,0.58
11,50001,141,0.6
11,52001,141,0.6
11,54001,141,0.56
11,56001,141,0.73
11,58001,141,0.61
11,60001,141,0.55
11,62001,141,0.54
11,64001,141,0.46
11,65535,141,0.58
11,1,151,0.46
11,2001,151,0.56
11,4001,151,0.52
11,6001,151,0.43
11,8001,151,0.72
11,10001,151,0.63
11,12001,151,0.54
11,14001,151,0.53
11,16001,151,0.56
11,18001,151,0.64
11,20001,151,0.55
11,22001,151,0.64
11,24001,151,0.54
11,26001,151,0.72
11,28001,151,0.58
11,30001,151,0.75
11,32001,151,0.6
11,34001,151,0.6
11,36001,151,0.49
11,38001,151,0.69
11,40001,151,0.59
11,42001,151,0.55
11,44001,151,0.6
11,46001,151,0.61
11,48001,151,0.56
11,50001,151,0.48
11,52001,151,0.58
11,54001,151,0.56
11,56001,151,0.51
11,58001,151,0.51
11,60001,151,0.62
11,62001,151,0.57
11,64001,151,0.59
11,65535,151,0.59
11,1,161,0.61
11,2001,161,0.5
11,4001,161,0.55
11,6001,161,0.55
11,8001,161,0.52
11,10001,161,0.57
11,12001,161,0.55
11,14001,161,0.67
11,16001,161,0.65
11,18001,161,0.64
11,20001,161,0.65
11,22001,161,0.48
11,24001,161,0.59
11,26001,161,0.54
11,28001,161,0.52
11,30001,161,0.61
11,32001,161,0.63
11,34001,161,0.6
11,36001,161,0.59
11,38001,161,0.55
11,40001,161,0.56
11,42001,161,0.6
11,44001,161,0.61
11,46001,161,0.56
11,48001,161,0.6
11,50001,161,0.49
11,52001,161,0.67
11,54001,161,0.64
11,56001,161,0.59
11,58001,161,0.56
11,60001,161,0.6
11,62001,161,0.78
11,64001,161,0.52
11,65535,161,0.57
11,1,171,0.59
11,2001,171,0.55
11,4001,171,0.61
11,6001,171,0.6
11,8001,171,0.65
11,10001,171,0.67
11,12001,171,0.59
11,14001,171,0.57
11,16001,171,0.64
11,18001,171,0.69
11,20001,171,0.63
11,22001,171,0.56
11,24001,171,0.58
11,26001,171,0.61
11,28001,171,0.61
11,30001,171,0.62
11,32001,171,0.58
11,34001,171,0.67
11,36001,171,0.72
11,38001,171,0.61
11,40001,171,0.61
11,42001,171,0.59
11,44001,171,0.66
11,46001,171,0.57
11,48001,171,0.53
11,50001,171,0.71
11,52001,171,0.51
11,54001,171,0.53
11,56001,171,0.63
11,58001,171,0.63
11,60001,171,0.6
11,62001,171,0.6
11,64001,171,0.5
11,65535,171,0.74
11,1,181,0.65
11,2001,181,0.63
11,4001,181,0.62
11,6001,181,0.61
11,8001,181,0.53
11,10001,181,0.53
11,12001,181,0.55
11,14001,181,0.68
11,16001,181,0.73
11,18001,181,0.58
11,20001,181,0.58
11,22001,181,0.7
11,24001,181,0.51
11,26001,181,0.57
11,28001,181,0.58
11,30001,181,0.51
11,32001,181,0.62
11,34001,181,0.67
11,36001,181,0.55
11,38001,181,0.68
11,40001,181,0.61
11,42001,181,0.49
11,44001,181,0.59
11,46001,181,0.63
11,48001,181,0.57
11,50001,181,0.63
11,52001,181,0.63
11,54001,181,0.57
11,56001,181,0.53
11,58001,181,0.56
11,60001,181,0.62
11,62001,181,0.63
11,64001,181,0.48
11,65535,181,0.59
11,1,191,0.53
11,2001,191,0.59
11,4001,191,0.56
11,6001,191,0.53
11,8001,191,0.46
11,10001,191,0.6
11,12001,191,0.6
11,14001,191,0.54
11,16001,191,0.52
11,18001,191,0.63
11,20001,191,0.52
11,22001,191,0.61
11,24001,191,0.51
11,26001,191,0.51
11,28001,191,0.57
11,30001,191,0.62
11,32001,191,0.58
11,34001,191,0.52
11,36001,191,0.54
11,38001,191,0.57
11,40001,191,0.63
11,42001,191,0.62
11,44001,191,0.64
11,46001,191,0.63
11,48001,191,0.63
11,50001,191,0.62
11,52001,191,0.66
11,54001,191,0.55
11,56001,191,0.59
11,58001,191,0.66
11,60001,191,0.6
11,62001,191,0.61
11,64001,191,0.63
11,65535,191,0.63
11,1,201,0.48
11,2001,201,0.57
11,4001,201,0.49
11,6001,201,0.47
11,8001,201,0.55
11,10001,201,0.61
11,12001,201,0.61
11,14001,201,0.51
11,16001,201,0.63
11,18001,201,0.57
11,20001,201,0.62
11,22001,201,0.57
11,24001,201,0.57
11,26001,201,0.53
11,28001,201,0.61
11,30001,201,0.69
11,32001,201,0.59
11,34001,201,0.64
11,36001,201,0.62
11,38001,201,0.61
11,40001,201,0.59
11,42001,201,0.57
11,44001,201,0.58
11,46001,201,0.57
11,48001,201,0.5
11,50001,201,0.63
11,52001,201,0.66
11,54001,201,0.52
11,56001,201,0.5
11,58001,201,0.52
11,60001,201,0.46
11,62001,201,0.48
11,64001,201,0.63
11,65535,201,0.6
11,1,211,0.54
11,2001,211,0.51
11,4001,211,0.69
11,6001,211,0.69
11,8001,211,0.55
11,10001,211,0.61
11,12001,211,0.56
11,14001,211,0.52
11,16001,211,0.58
11,18001,211,0.52
11,20001,211,0.57
11,22001,211,0.49
11,24001,211,0.62
11,26001,211,0.55
11,28001,211,0.54
11,30001,211,0.54
11,32001,211,0.67
11,34001,211,0.61
11,36001,211,0.57
11,38001,211,0.49
11,40001,211,0.49
11,42001,211,0.53
11,44001,211,0.61
11,46001,211,0.63
11,48001,211,0.49
11,50001,211,0.54
11,52001,211,0.76
11,54001,211,0.72
11,56001,211,0.64
11,58001,211,0.7
11,60001,211,0.68
11,62001,211,0.55
11,64001,211,0.72
11,65535,211,0.51
11,1,221,0.51
11,2001,221,0.48
11,4001,221,0.59
11,6001,221,0.63
11,8001,221,0.55
11,10001,221,0.48
11,12001,221,0.53
11,14001,221,0.61
11,16001,221,0.54
11,18001,221,0.49
11,20001,221,0.55
11,22001,221,0.65
11,24001,221,0.58
11,26001,221,0.56
11,28001,221,0.58
11,30001,221,0.67
11,32001,221,0.56
11,34001,221,0.64
11,36001,221,0.72
11,38001,221,0.59
11,40001,221,0.7
11,42001,221,0.62
11,44001,221,0.67
11,46001,221,0.69
11,48001,221,0.5
11,50001,221,0.63
11,52001,221,0.61
11,54001,221,0.62
11,56001,221,0.59
11,58001,221,0.57
11,60001,221,0.56
11,62001,221,0.59
11,64001,221,0.46
11,65535,221,0.61
11,1,231,0.59
11,2001,231,0.57
11,4001,231,0.66
11,6001,231,0.54
11,8001,231,0.57
11,10001,231,0.66
11,12001,231,0.67
11,14001,231,0.65
11,16001,231,0.63
11,18001,231,0.45
11,20001,231,0.47
11,22001,231,0.6
11,24001,231,0.72
11,26001,231,0.61
11,28001,231,0.61
11,30001,231,0.56
11,32001,231,0.51
11,34001,231,0.46
11,36001,231,0.47
11,38001,231,0.52
11,40001,231,0.65
11,42001,231,0.58
11,44001,231,0.64
11,46001,231,0.56
11,48001,231,0.66
11,50001,231,0.66
11,52001,231,0.64
11,54001,231,0.71
11,56001,231,0.64
11,58001,231,0.57
11,60001,231,0.55
11,62001,231,0.55
11,64001,231,0.69
11,65535,231,0.57
11,1,241,0.6
11,2001,241,0.57
11,4001,241,0.58
11,6001,241,0.57
11,8001,241,0.62
11,10001,241,0.68
11,12001,241,0.58
11,14001,241,0.68
11,16001,241,0.55
11,18001,241,0.53
11,20001,241,0.51
11,22001,241,0.5
11,24001,241,0.57
11,26001,241,0.53
11,28001,241,0.52
11,30001,241,0.48
11,32001,241,0.63
11,34001,241,0.53
11,36001,241,0.73
11,38001,241,0.46
11,40001,241,0.55
11,42001,241,0.55
11,44001,241,0.51
11,46001,241,0.54
11,48001,241,0.55
11,50001,241,0.57
11,52001,241,0.6
11,54001,241,0.59
11,56001,241,0.6
11,58001,241,0.62
11,60001,241,0.62
11,62001,241,0.62
11,64001,241,0.48
11,65535,241,0.65
11,1,251,0.49
11,2001,251,0.55
11,4001,251,0.62
11,6001,251,0.7
11,8001,251,0.61
11,10001,251,0.54
11,12001,251,0.56
11,14001,251,0.5
11,16001,251,0.46
11,18001,251,0.44
11,20001,251,0.47
11,22001,251,0.49
11,24001,251,0.65
11,26001,251,0.66
11,28001,251,0.51
11,30001,251,0.53
11,32001,251,0.54
11,34001,251,0.58
11,36001,251,0.6
11,38001,251,0.48
11,40001,251,0.53
11,42001,251,0.61
11,44001,251,0.56
11,46001,251,0.72
11,48001,251,0.67
11,50001,251,0.62
11,52001,251,0.69
11,54001,251,0.71
11,56001,251,0.44
11,58001,251,0.53
11,60001,251,0.64
11,62001,251,0.56
11,64001,251,0.56
11,65535,251,0.57
11,1,254,0.62
11,2001,254,0.57
11,4001,254,0.62
11,6001,254,0.83
11,8001,254,0.64
11,10001,254,0.65
11,12001,254,0.63
11,14001,254,0.58
11,16001,254,0.48
11,18001,254,0.63
11,20001,254,0.47
11,22001,254,0.52
11,24001,254,0.56
11,26001,254,0.52
11,28001,254,0.49
11,30001,254,0.52
11,32001,254,0.56
11,34001,254,0.58
11,36001,254,0.57
11,38001,254,0.55
11,40001,254,0.56
11,42001,254,0.67
11,44001,254,0.61
11,46001,254,0.6
11,48001,254,0.6
11,50001,254,0.58
11,52001,254,0.59
11,54001,254,0.59
11,56001,254,0.57
11,58001,254,0.66
11,60001,254,0.62
11,62001,254,0.58
11,64001,254,0.47
11,65535,254,0.64
21,1,1,0.65
21,2001,1,0.7
21,4001,1,0.69
21,6001,1,0.66
21,8001,1,0.68
21,10001,1,0.6
21,12001,1,0.63
21,14001,1,0.68
21,16001,1,0.54
21,18001,1,0.58
21,20001,1,0.62
21,22001,1,0.7
21,24001,1,0.57
21,26001,1,0.81
21,28001,1,0.92
21,30001,1,0.57
21,32001,1,0.62
21,34001,1,0.67
21,36001,1,0.7
21,38001,1,0.76
21,40001,1,0.78
21,42001,1,0.65
21,44001,1,0.68
21,46001,1,0.65
21,48001,1,0.62
21,50001,1,0.7
21,52001,1,0.76
21,54001,1,0.79
21,56001,1,0.87
21,58001,1,0.74
21,60001,1,0.67
21,62001,1,0.64
21,64001,1,0.66
21,65535,1,0.67
21,1,11,0.66
21,2001,11,0.69
21,4001,11,0.66
21,6001,11,0.7
21,8001,11,0.67
21,10001,11,0.67
21,12001,11,0.71
21,14001,11,0.65
21,16001,11,0.65
21,18001,11,0.62
21,20001,11,0.6
21,22001,11,0.78
21,24001,11,0.6
21,26001,11,0.6
21,28001,11,0.57
21,30001,11,0.63
21,32001,11,0.63
21,34001,11,0.55
21,36001,11,0.61
21,38001,11,0.65
21,40001,11,0.66
21,42001,11,0.73
21,44001,11,0.64
21,46001,11,0.63
21,48001,11,0.61
21,50001,11,0.73
21,52001,11,0.63
21,54001,11,0.67
21,56001,11,0.63
21,58001,11,0.64
21,60001,11,0.58
21,62001,11,0.62
21,64001,11,0.69
21,65535,11,0.64
21,1,21,0.65
21,2001,21,0.67
21,4001,21,0.6
21,6001,21,0.66
21,8001,21,0.79
21,10001,21,0.73
21,12001,21,0.66
21,14001,21,0.71
21,16001,21,0.52
21,18001,21,0.54
21,20001,21,0.63
21,22001,21,0.74
21,24001,21,0.63
21,26001,21,0.54
21,28001,21,0.51
21,30001,21,0.58
21,32001,21,0.55
21,34001,21,0.5
21,36001,21,0.76
21,38001,21,0.71
21,40001,21,0.58
21,42001,21,0.64
21,44001,21,0.62
21,46001,21,0.61
21,48001,21,0.6
21,50001,21,0.71
21,52001,21,0.65
21,54001,21,0.61
21,56001,21,0.72
21,58001,21,0.62
21,60001,21,0.64
21,62001,21,0.67
21,64001,21,0.59
21,65535,21,0.57
21,1,31,0.8
21,2001,31,0.61
21,4001,31,0.62
21,6001,31,0.64
21,8001,31,0.59
21,10001,31,0.61
21,12001,31,0.66
21,14001,31,0.58
21,16001,31,0.66
21,18001,31,0.62
21,20001,31,0.67
21,22001,31,0.61
21,24001,31,0.61
21,26001,31,0.7
21,28001,31,0.65
21,30001,31,0.54
21,32001,31,0.54
21,34001,31,0.65
21,36001,31,0.57
21,38001,31,0.59
21,40001,31,0.62
21,42001,31,0.63
21,44001,31,0.72
21,46001,31,0.65
21,48001,31,0.65
21,50001,31,0.64
21,52001,31,0.72
21,54001,31,0.74
21,56001,31,0.69
21,58001,31,0.67
21,60001,31,0.59
21,62001,31,0.59
21,64001,31,0.67
21,65535,31,0.67
21,1,41,0.84
21,2001,41,0.69
21,4001,41,0.65
21,6001,41,0.66
21,8001,41,0.64
21,10001,41,0.74
21,12001,41,0.61
21,14001,41,0.56
21,16001,41,0.64
21,18001,41,0.61
21,20001,41,0.64
21,22001,41,0.68
21,24001,41,0.59
21,26001,41,0.52
21,28001,41,0.51
21,30001,41,0.58
21,32001,41,0.59
21,34001,41,0.59
21,36001,41,0.62
21,38001,41,0.78
21,40001,41,0.54
21,42001,41,0.69
21,44001,41,0.6
21,46001,41,0.71
21,48001,41,0.68
21,50001,41,0.68
21,52001,41,0.74
21,54001,41,0.73
21,56001,41,0.6
21,58001,41,0.63
21,60001,41,0.65
21,62001,41,0.67
21,64001,41,0.65
21,65535,41,0.74
21,1,51,0.64
21,2001,51,0.61
21,4001,51,0.73
21,6001,51,0.76
21,8001,51,0.63
21,10001,51,0.71
21,12001,51,0.7
21,14001,51,0.65
21,16001,51,0.66
21,18001,51,0.71
21,20001,51,0.6
21,22001,51,0.58
21,24001,51,0.63
21,26001,51,0.59
21,28001,51,0.6
21,30001,51,0.58
21,32001,51,0.71
21,34001,51,0.57
21,36001,51,0.61
21,38001,51,0.69
21,40001,51,0.57
21,42001,51,0.63
21,44001,51,0.63
21,46001,51,0.63
21,48001,51,0.7
21,50001,51,0.59
21,52001,51,0.62
21,54001,51,0.65
21,56001,51,0.64
21,58001,51,0.55
21,60001,51,0.57
21,62001,51,0.57
21,64001,51,0.56
21,65535,51,0.63
21,1,61,0.56
21,2001,61,0.53
21,4001,61,0.48
21,6001,61,0.57
21,8001,61,0.57
21,10001,61,0.66
21,12001,61,0.68
21,14001,61,0.56
21,16001,61,0.64
21,18001,61,0.81
21,20001,61,0.62
21,22001,61,0.51
21,24001,61,0.5
21,26001,61,0.5
21,28001,61,0.55
21,30001,61,0.62
21,32001,61,0.61
21,34001,61,0.48
21,36001,61,0.79
21,38001,61,0.75
21,40001,61,0.65
21,42001,61,0.63
21,44001,61,0.67
21,46001,61,0.63
21,48001,61,0.6
21,50001,61,0.63
21,52001,61,0.59
21,54001,61,0.56
21,56001,61,0.57
21,58001,61,0.56
21,60001,61,0.54
21,62001,61,0.64
21,64001,61,0.68
21,65535,61,0.61
21,1,71,0.62
21,2001,71,0.6
21,4001,71,0.55
21,6001,71,0.6
21,8001,71,0.6
21,10001,71,0.68
21,12001,71,0.75
21,14001,71,0.68
21,16001,71,0.67
21,18001,71,0.55
21,20001,71,0.62
21,22001,71,0.55
21,24001,71,0.6
21,26001,71,0.71
21,28001,71,0.66
21,30001,71,0.7
21,32001,71,0.61
21,34001,71,0.58
21,36001,71,0.58
21,38001,71,0.63
21,40001,71,0.61
21,42001,71,0.66
21,44001,71,0.63
21,46001,71,0.62
21,48001,71,0.64
21,50001,71,0.74
21,52001,71,0.69
21,54001,71,0.63
21,56001,71,0.75
21,58001,71,0.65
21,60001,71,0.6
21,62001,71,0.64
21,64001,71,0.82
21,65535,71,0.6
21,1,81,0.61
21,2001,81,0.66
21,4001,81,0.6
21,6001,81,0.6
21,8001,81,0.78
21,10001,81,0.73
21,12001,81,0.5
21,14001,81,0.65
21,16001,81,0.64
21,18001,81,0.63
21,20001,81,0.48
21,22001,81,0.58
21,24001,81,0.57
21,26001,81,0.61
21,28001,81,0.68
21,30001,81,0.6
21,32001,81,0.59
21,34001,81,0.55
21,36001,81,0.58
21,38001,81,0.68
21,40001,81,0.71
21,42001,81,0.52
21,44001,81,0.69
21,46001,81,0.67
21,48001,81,0.66
21,50001,81,0.6
21,52001,81,0.61
21,54001,81,0.62
21,56001,81,0.64
21,58001,81,0.69
21,60001,81,0.73
21,62001,81,0.71
21,64001,81,0.63
21,65535,81,0.58
21,1,91,0.49
21,2001,91,0.61
21,4001,91,0.62
21,6001,91,0.56
21,8001,91,0.59
21,10001,91,0.66
21,12001,91,0.66
21,14001,91,0.6
21,16001,91,0.65
21,18001,91,0.67
21,20001,91,0.52
21,22001,91,0.58
21,24001,91,0.58
21,26001,91,0.56
21,28001,91,0.68
21,30001,91,0.63
21,32001,91,0.62
21,34001,91,0.5
21,36001,91,0.5
21,38001,91,0.5
21,40001,91,0.6
21,42001,91,0.63
21,44001,91,0.64
21,46001,91,0.54
21,48001,91,0.63
21,50001,91,0.57
21,52001,91,0.57
21,54001,91,0.65
21,56001,91,0.72
21,58001,91,0.77
21,60001,91,0.51
21,62001,91,0.72
21,64001,91,0.71
21,65535,91,0.65
21,1,101,0.59
21,2001,101,0.58
21,4001,101,0.56
21,6001,101,0.64
21,8001,101,0.7
21,10001,101,0.7
21,12001,101,0.54
21,14001,101,0.68
21,16001,101,0.61
21,18001,101,0.51
21,20001,101,0.79
21,22001,101,0.66
21,24001,101,0.63
21,26001,101,0.59
21,28001,101,0.65
21,30001,101,0.76
21,32001,101,0.64
21,34001,101,0.64
21,36001,101,0.6
21,38001,101,0.68
21,40001,101,0.58
21,42001,101,0.57
21,44001,101,0.53
21,46001,101,0.56
21,48001,101,0.68
21,50001,101,0.67
21,52001,101,0.61
21,54001,101,0.65
21,56001,101,0.67
21,58001,101,0.56
21,60001,101,0.6
21,62001,101,0.65
21,64001,101,0.72
21,65535,101,0.68
21,1,111,0.52
21,2001,111,0.54
21,4001,111,0.55
21,6001,111,0.78
21,8001,111,0.57
21,10001,111,0.71
21,12001,111,0.67
21,14001,111,0.57
21,16001,111,0.54
21,18001,111,0.55
21,20001,111,0.56
21,22001,111,0.6
21,24001,111,0.55
21,26001,111,0.61
21,28001,111,0.65
21,30001,111,0.56
21,32001,111,0.59
21,34001,111,0.59
21,36001,111,0.58
21,38001,111,0.57
21,40001,111,0.59
21,42001,111,0.57
21,44001,111,0.63
21,46001,111,0.59
21,48001,111,0.6
21,50001,111,0.68
21,52001,111,0.51
21,54001,111,0.5
21,56001,111,0.65
21,58001,111,0.73
21,60001,111,0.72
21,62001,111,0.68
21,64001,111,0.53
21,65535,111,0.52
21,1,121,0.56
21,2001,121,0.59
21,4001,121,0.51
21,6001,121,0.55
21,8001,121,0.66
21,10001,121,0.77
21,12001,121,0.77
21,14001,121,0.47
21,16001,121,0.76
21,18001,121,0.54
21,20001,121,0.58
21,22001,121,0.57
21,24001,121,0.55
21,26001,121,0.55
21,28001,121,0.57
21,30001,121,0.59
21,32001,121,0.63
21,34001,121,0.62
21,36001,121,0.58
21,38001,121,0.58
21,40001,121,0.56
21,42001,121,0.51
21,44001,121,0.72
21,46001,121,0.68
21,48001,121,0.7
21,50001,121,0.58
21,52001,121,0.58
21,54001,121,0.61
21,56001,121,0.6
21,58001,121,0.6
21,60001,121,0.62
21,62001,121,0.59
21,64001,121,0.51
21,65535,121,0.5
21,1,131,0.57
21,2001,131,0.46
21,4001,131,0.61
21,6001,131,0.65
21,8001,131,0.73
21,10001,131,0.59
21,12001,131,0.57
21,14001,131,0.68
21,16001,131,0.74
21,18001,131,0.59
21,20001,131,0.59
21,22001,131,0.57
21,24001,131,0.54
21,26001,131,0.54
21,28001,131,0.54
21,30001,131,0.6
21,32001,131,0.64
21,34001,131,0.53
21,36001,131,0.68
21,38001,131,0.58
21,40001,131,0.6
21,42001,131,0.61
21,44001,131,0.58
21,46001,131,0.62
21,48001,131,0.61
21,50001,131,0.55
21,52001,131,0.68
21,54001,131,0.56
21,56001,131,0.6
21,58001,131,0.53
21,60001,131,0.6
21,62001,131,0.64
21,64001,131,0.65
21,65535,131,0.63
21,1,141,0.55
21,2001,141,0.57
21,4001,141,0.59
21,6001,141,0.6
21,8001,141,0.65
21,10001,141,0.68
21,12001,141,0.58
21,14001,141,0.59
21,16001,141,0.5
21,18001,141,0.59
21,20001,141,0.53
21,22001,141,0.81
21,24001,141,0.76
21,26001,141,0.59
21,28001,141,0.49
21,30001,141,0.58
21,32001,141,0.68
21,34001,141,0.55
21,36001,141,0.54
21,38001,141,0.58
21,40001,141,0.53
21,42001,141,0.67
21,44001,141,0.73
21,46001,141,0.68
21,48001,141,0.6
21,50001,141,0.57
21,52001,141,0.52
21,54001,141,0.52
21,56001,141,0.59
21,58001,141,0.64
21,60001,141,0.56
21,62001,141,0.61
21,64001,141,0.53
21,65535,141,0.66
21,1,151,0.49
21,2001,151,0.61
21,4001,151,0.61
21,6001,151,0.72
21,8001,151,0.56
21,10001,151,0.77
21,12001,151,0.65
21,14001,151,0.58
21,16001,151,0.76
21,18001,151,0.72
21,20001,151,0.65
21,22001,151,0.48
21,24001,151,0.6
21,26001,151,0.55
21,28001,151,0.58
21,30001,151,0.56
21,32001,151,0.59
21,34001,151,0.65
21,36001,151,0.55
21,38001,151,0.65
21,40001,151,0.62
21,42001,151,0.6
21,44001,151,0.6
21,46001,151,0.57
21,48001,151,0.58
21,50001,151,0.69
21,52001,151,0.58
21,54001,151,0.57
21,56001,151,0.61
21,58001,151,0.6
21,60001,151,0.6
21,62001,151,0.61
21,64001,151,0.59
21,65535,151,0.6
21,1,161,0.58
21,2001,161,0.57
21,4001,161,0.56
21,6001,161,0.63
21,8001,161,0.52
21,10001,161,0.69
21,12001,161,0.61
21,14001,161,0.74
21,16001,161,0.65
21,18001,161,0.73
21,20001,161,0.78
21,22001,161,0.48
21,24001,161,0.62
21,26001,161,0.47
21,28001,161,0.53
21,30001,161,0.67
21,32001,161,0.67
21,34001,161,0.66
21,36001,161,0.61
21,38001,161,0.62
21,40001,161,0.62
21,42001,161,0.61
21,44001,161,0.53
21,46001,161,0.54
21,48001,161,0.61
21,50001,161,0.67
21,52001,161,0.68
21,54001,161,0.68
21,56001,161,0.54
21,58001,161,0.64
21,60001,161,0.65
21,62001,161,0.59
21,64001,161,0.49
21,65535,161,0.49
21,1,171,0.54
21,2001,171,0.59
21,4001,171,0.63
21,6001,171,0.57
21,8001,171,0.55
21,10001,171,0.67
21,12001,171,0.55
21,14001,171,0.81
21,16001,171,0.63
21,18001,171,0.71
21,20001,171,0.61
21,22001,171,0.69
21,24001,171,0.55
21,26001,171,0.52
21,28001,171,0.57
21,30001,171,0.67
21,32001,171,0.5
21,34001,171,0.61
21,36001,171,0.56
21,38001,171,0.57
21,40001,171,0.58
21,42001,171,0.57
21,44001,171,0.6
21,46001,171,0.57
21,48001,171,0.65
21,50001,171,0.58
21,52001,171,0.69
21,54001,171,0.68
21,56001,171,0.67
21,58001,171,0.67
21,60001,171,0.64
21,62001,171,0.57
21,64001,171,0.63
21,65535,171,0.63
21,1,181,0.62
21,2001,181,0.6
21,4001,181,0.54
21,6001,181,0.6
21,8001,181,0.57
21,10001,181,0.53
21,12001,181,0.6
21,14001,181,0.73
21,16001,181,0.59
21,18001,181,0.57
21,20001,181,0.69
21,22001,181,0.53
21,24001,181,0.48
21,26001,181,0.59
21,28001,181,0.52
21,30001,181,0.66
21,32001,181,0.67
21,34001,181,0.57
21,36001,181,0.59
21,38001,181,0.59
21,40001,181,0.57
21,42001,181,0.7
21,44001,181,0.67
21,46001,181,0.56
21,48001,181,0.62
21,50001,181,0.64
21,52001,181,0.56
21,54001,181,0.58
21,56001,181,0.68
21,58001,181,0.63
21,60001,181,0.61
21,62001,181,0.56
21,64001,181,0.68
21,65535,181,0.67
21,1,191,0.65
21,2001,191,0.68
21,4001,191,0.55
21,6001,191,0.57
21,8001,191,0.63
21,10001,191,0.56
21,12001,191,0.54
21,14001,191,0.58
21,16001,191,0.61
21,18001,191,0.58
21,20001,191,0.61
21,22001,191,0.61
21,24001,191,0.54
21,26001,191,0.52
21,28001,191,0.61
21,30001,191,0.51
21,32001,191,0.63
21,34001,191,0.56
21,36001,191,0.64
21,38001,191,0.62
21,40001,191,0.55
21,42001,191,0.56
21,44001,191,0.64
21,46001,191,0.54
21,48001,191,0.51
21,50001,191,0.51
21,52001,191,0.55
21,54001,191,0.51
21,56001,191,0.68
21,58001,191,0.7
21,60001,191,0.79
21,62001,191,0.71
21,64001,191,0.59
21,65535,191,0.72
21,1,201,0.59
21,2001,201,0.56
21,4001,201,0.65
21,6001,201,0.63
21,8001,201,0.61
21,10001,201,0.63
21,12001,201,0.57
21,14001,201,0.62
21,16001,201,0.62
21,18001,201,0.62
21,20001,201,0.63
21,22001,201,0.62
21,24001,201,0.59
21,26001,201,0.56
21,28001,201,0.57
21,30001,201,0.6
21,32001,201,0.57
21,34001,201,0.53
21,36001,201,0.53
21,38001,201,0.59
21,40001,201,0.68
21,42001,201,0.62
21,44001,201,0.61
21,46001,201,0.63
21,48001,201,0.6
21,50001,201,0.67
21,52001,201,0.73
21,54001,201,0.72
21,56001,201,0.56
21,58001,201,0.55
21,60001,201,0.74
21,62001,201,0.52
21,64001,201,0.59
21,65535,201,0.67
21,1,211,0.65
21,2001,211,0.51
21,4001,211,0.68
21,6001,211,0.72
21,8001,211,0.66
21,10001,211,0.62
21,12001,211,0.66
21,14001,211,0.63
21,16001,211,0.64
21,18001,211,0.57
21,20001,211,0.58
21,22001,211,0.59
21,24001,211,0.57
21,26001,211,0.62
21,28001,211,0.64
21,30001,211,0.59
21,32001,211,0.71
21,34001,211,0.58
21,36001,211,0.68
21,38001,211,0.68
21,40001,211,0.52
21,42001,211,0.61
21,44001,211,0.62
21,46001,211,0.52
21,48001,211,0.61
21,50001,211,0.59
21,52001,211,0.58
21,54001,211,0.67
21,56001,211,0.68
21,58001,211,0.65
21,60001,211,0.53
21,62001,211,0.65
21,64001,211,0.61
21,65535,211,0.67
21,1,221,0.64
21,2001,221,0.56
21,4001,221,0.65
21,6001,221,0.55
21,8001,221,0.64
21,10001,221,0.64
21,12001,221,0.69
21,14001,221,0.56
21,16001,221,0.64
21,18001,221,0.78
21,20001,221,0.67
21,22001,221,0.63
21,24001,221,0.66
21,26001,221,0.6
21,28001,221,0.56
21,30001,221,0.45
21,32001,221,0.49
21,34001,221,0.68
21,36001,221,0.55
21,38001,221,0.51
21,40001,221,0.45
21,42001,221,0.59
21,44001,221,0.7
21,46001,221,0.66
21,48001,221,0.58
21,50001,221,0.62
21,52001,221,0.61
21,54001,221,0.6
21,56001,221,0.55
21,58001,221,0.61
21,60001,221,0.59
21,62001,221,0.48
21,64001,221,0.6
21,65535,221,0.5
21,1,231,0.6
21,2001,231,0.62
21,4001,231,0.52
21,6001,231,0.47
21,8001,231,0.63
21,10001,231,0.63
21,12001,231,0.48
21,14001,231,0.57
21,16001,231,0.62
21,18001,231,0.58
21,20001,231,0.53
21,22001,231,0.51
21,24001,231,0.58
21,26001,231,0.6
21,28001,231,0.55
21,30001,231,0.57
21,32001,231,0.66
21,34001,231,0.62
21,36001,231,0.64
21,38001,231,0.62
21,40001,231,0.65
21,42001,231,0.63
21,44001,231,0.6
21,46001,231,0.53
21,48001,231,0.66
21,50001,231,0.62
21,52001,231,0.66
21,54001,231,0.61
21,56001,231,0.72
21,58001,231,0.53
21,60001,231,0.57
21,62001,231,0.77
21,64001,231,0.78
21,65535,231,0.68
21,1,241,0.64
21,2001,241,0.63
21,4001,241,0.51
21,6001,241,0.51
21,8001,241,0.52
21,10001,241,0.45
21,12001,241,0.71
21,14001,241,0.45
21,16001,241,0.45
21,18001,241,0.51
21,20001,241,0.49
21,22001,241,0.49
21,24001,241,0.5
21,26001,241,0.62
21,28001,241,0.7
21,30001,241,0.71
21,32001,241,0.69
21,34001,241,0.54
21,36001,241,0.54
21,38001,241,0.58
21,40001,241,0.6
21,42001,241,0.63
21,44001,241,0.64
21,46001,241,0.63
21,48001,241,0.55
21,50001,241,0.68
21,52001,241,0.61
21,54001,241,0.64
21,56001,241,0.68
21,58001,241,0.62
21,60001,241,0.5
21,62001,241,0.7
21,64001,241,0.58
21,65535,241,0.66
21,1,251,0.52
21,2001,251,0.53
21,4001,251,0.62
21,6001,251,0.59
21,8001,251,0.52
21,10001,251,0.53
21,12001,251,0.53
21,14001,251,0.57
21,16001,251,0.67
21,18001,251,0.66
21,20001,251,0.62
21,22001,251,0.63
21,24001,251,0.58
21,26001,251,0.65
21,28001,251,0.62
21,30001,251,0.56
21,32001,251,0.6
21,34001,251,0.62
21,36001,251,0.6
21,38001,251,0.55
21,40001,251,0.64
21,42001,251,0.64
21,44001,251,0.54
21,46001,251,0.63
21,48001,251,0.67
21,50001,251,0.68
21,52001,251,0.56
21,54001,251,0.58
21,56001,251,0.65
21,58001,251,0.62
21,60001,251,0.72
21,62001,251,0.65
21,64001,251,0.65
21,65535,251,0.5
21,1,254,0.52
21,2001,254,0.71
21,4001,254,0.62
21,6001,254,0.6
21,8001,254,0.57
21,10001,254,0.6
21,12001,254,0.66
21,14001,254,0.6
21,16001,254,0.53
21,18001,254,0.75
21,20001,254,0.73
21,22001,254,0.62
21,24001,254,0.65
21,26001,254,0.64
21,28001,254,0.61
21,30001,254,0.68
21,32001,254,0.61
21,34001,254,0.52
21,36001,254,0.55
21,38001,254,0.6
21,40001,254,0.6
21,42001,254,0.7
21,44001,254,0.6
21,46001,254,0.63
21,48001,254,0.61
21,50001,254,0.58
21,52001,254,0.59
21,54001,254,0.66
21,56001,254,0.65
21,58001,254,0.71
21,60001,254,0.66
21,62001,254,0.56
21,64001,254,0.61
21,65535,254,0.62
31,1,1,0.72
31,2001,1,0.7
31,4001,1,0.8
31,6001,1,0.78
31,8001,1,0.7
31,10001,1,0.72
31,12001,1,0.69
31,14001,1,0.69
31,16001,1,0.77
31,18001,1,0.77
31,20001,1,0.76
31,22001,1,0.74
31,24001,1,0.63
31,26001,1,0.77
31,28001,1,0.69
31,30001,1,0.81
31,32001,1,0.69
31,34001,1,0.66
31,36001,1,0.64
31,38001,1,0.91
31,40001,1,0.58
31,42001,1,0.58
31,44001,1,0.66
31,46001,1,0.73
31,48001,1,0.81
31,50001,1,0.82
31,52001,1,0.82
31,54001,1,0.73
31,56001,1,0.78
31,58001,1,0.71
31,60001,1,0.73
31,62001,1,0.64
31,64001,1,0.77
31,65535,1,0.73
31,1,11,0.82
31,2001,11,0.81
31,4001,11,0.77
31,6001,11,0.67
31,8001,11,0.68
31,10001,11,0.69
31,12001,11,0.74
31,14001,11,0.65
31,16001,11,0.87
31,18001,11,0.67
31,20001,11,0.73
31,22001,11,0.77
31,24001,11,0.82
31,26001,11,0.81
31,28001,11,0.62
31,30001,11,0.66
31,32001,11,0.58
31,34001,11,0.65
31,36001,11,0.72
31,38001,11,0.77
31,40001,11,0.73
31,42001,11,0.75
31,44001,11,0.73
31,46001,11,0.7
31,48001,11,0.79
31,50001,11,0.79
31,52001,11,0.78
31,54001,11,0.67
31,56001,11,0.71
31,58001,11,0.64
31,60001,11,0.73
31,62001,11,0.84
31,64001,11,0.8
31,65535,11,0.76
31,1,21,0.66
31,2001,21,0.64
31,4001,21,0.77
31,6001,21,0.77
31,8001,21,0.7
31,10001,21,0.67
31,12001,21,0.7
31,14001,21,0.68
31,16001,21,0.67
31,18001,21,0.74
31,20001,21,0.73
31,22001,21,0.66
31,24001,21,0.54
31,26001,21,0.59
31,28001,21,0.66
31,30001,21,0.56
31,32001,21,0.58
31,34001,21,0.61
31,36001,21,0.66
31,38001,21,0.69
31,40001,21,0.72
31,42001,21,0.68
31,44001,21,0.64
31,46001,21,0.73
31,48001,21,0.79
31,50001,21,0.75
31,52001,21,0.67
31,54001,21,0.66
31,56001,21,0.69
31,58001,21,0.68
31,60001,21,0.81
31,62001,21,0.78
31,64001,21,0.81
31,65535,21,0.71
31,1,31,0.79
31,2001,31,0.71
31,4001,31,0.61
31,6001,31,0.75
31,8001,31,0.64
31,10001,31,0.61
31,12001,31,0.61
31,14001,31,0.76
31,16001,31,0.74
31,18001,31,0.63
31,20001,31,0.63
31,22001,31,0.58
31,24001,31,0.71
31,26001,31,0.58
31,28001,31,0.73
31,30001,31,0.73
31,32001,31,0.63
31,34001,31,0.6
31,36001,31,0.71
31,38001,31,0.67
31,40001,31,0.75
31,42001,31,0.73
31,44001,31,0.73
31,46001,31,0.78
31,48001,31,0.73
31,50001,31,0.71
31,52001,31,0.65
31,54001,31,0.67
31,56001,31,0.69
31,58001,31,0.71
31,60001,31,0.74
31,62001,31,0.78
31,64001,31,0.76
31,65535,31,0.81
31,1,41,0.74
31,2001,41,0.73
31,4001,41,0.61
31,6001,41,0.64
31,8001,41,0.62
31,10001,41,0.75
31,12001,41,0.66
31,14001,41,0.69
31,16001,41,0.63
31,18001,41,0.66
31,20001,41,0.67
31,22001,41,0.65
31,24001,41,0.7
31,26001,41,0.64
31,28001,41,0.59
31,30001,41,0.58
31,32001,41,0.61
31,34001,41,0.71
31,36001,41,0.67
31,38001,41,0.69
31,40001,41,0.76
31,42001,41,0.79
31,44001,41,0.71
31,46001,41,0.69
31,48001,41,0.7
31,50001,41,0.71
31,52001,41,0.58
31,54001,41,0.66
31,56001,41,0.69
31,58001,41,0.7
31,60001,41,0.74
31,62001,41,0.74
31,64001,41,0.73
31,65535,41,0.7
31,1,51,0.72
31,2001,51,0.7
31,4001,51,0.69
31,6001,51,0.76
31,8001,51,0.71
31,10001,51,0.69
31,12001,51,0.62
31,14001,51,0.75
31,16001,51,0.79
31,18001,51,0.77
31,20001,51,0.69
31,22001,51,0.7
31,24001,51,0.82
31,26001,51,0.65
31,28001,51,0.68
31,30001,51,0.64
31,32001,51,0.61
31,34001,51,0.6
31,36001,51,0.69
31,38001,51,0.63
31,40001,51,0.71
31,42001,51,0.68
31,44001,51,0.66
31,46001,51,0.66
31,48001,51,0.57
31,50001,51,0.67
31,52001,51,0.73
31,54001,51,0.68
31,56001,51,0.76
31,58001,51,0.61
31,60001,51,0.78
31,62001,51,0.75
31,64001,51,0.73
31,65535,51,0.68
31,1,61,0.61
31,2001,61,0.7
31,4001,61,0.68
31,6001,61,0.73
31,8001,61,0.82
31,10001,61,0.69
31,12001,61,0.67
31,14001,61,0.75
31,16001,61,0.65
31,18001,61,0.74
31,20001,61,0.69
31,22001,61,0.63
31,24001,61,0.63
31,26001,61,0.53
31,28001,61,0.6
31,30001,61,0.61
31,32001,61,0.51
31,34001,61,0.82
31,36001,61,0.6
31,38001,61,0.61
31,40001,61,0.7
31,42001,61,0.64
31,44001,61,0.62
31,46001,61,0.69
31,48001,61,0.62
31,50001,61,0.76
31,52001,61,0.58
31,54001,61,0.66
31,56001,61,0.68
31,58001,61,0.7
31,60001,61,0.6
31,62001,61,0.63
31,64001,61,0.68
31,65535,61,0.63
31,1,71,0.64
31,2001,71,0.65
31,4001,71,0.62
31,6001,71,0.74
31,8001,71,0.73
31,10001,71,0.72
31,12001,71,0.78
31,14001,71,0.7
31,16001,71,0.73
31,18001,71,0.58
31,20001,71,0.67
31,22001,71,0.69
31,24001,71,0.57
31,26001,71,0.62
31,28001,71,0.68
31,30001,71,0.65
31,32001,71,0.61
31,34001,71,0.61
31,36001,71,0.61
31,38001,71,0.71
31,40001,71,0.71
31,42001,71,0.71
31,44001,71,0.64
31,46001,71,0.58
31,48001,71,0.72
31,50001,71,0.67
31,52001,71,0.64
31,54001,71,0.58
31,56001,71,0.58
31,58001,71,0.68
31,60001,71,0.63
31,62001,71,0.61
31,64001,71,0.69
31,65535,71,0.55
31,1,81,0.55
31,2001,81,0.58
31,4001,81,0.59
31,6001,81,0.61
31,8001,81,0.72
31,10001,81,0.7
31,12001,81,0.74
31,14001,81,0.6
31,16001,81,0.57
31,18001,81,0.64
31,20001,81,0.56
31,22001,81,0.69
31,24001,81,0.62
31,26001,81,0.64
31,28001,81,0.66
31,30001,81,0.7
31,32001,81,0.58
31,34001,81,0.78
31,36001,81,0.56
31,38001,81,0.64
31,40001,81,0.54
31,42001,81,0.69
31,44001,81,0.88
31,46001,81,0.72
31,48001,81,0.67
31,50001,81,0.66
31,52001,81,0.71
31,54001,81,0.69
31,56001,81,0.62
31,58001,81,0.67
31,60001,81,0.51
31,62001,81,0.58
31,64001,81,0.62
31,65535,81,0.68
31,1,91,0.69
31,2001,91,0.61
31,4001,91,0.63
31,6001,91,0.68
31,8001,91,0.85
31,10001,91,0.69
31,12001,91,0.67
31,14001,91,0.62
31,16001,91,0.63
31,18001,91,0.67
31,20001,91,0.69
31,22001,91,0.73
31,24001,91,0.64
31,26001,91,0.67
31,28001,91,0.62
31,30001,91,0.63
31,32001,91,0.68
31,34001,91,0.7
31,36001,91,0.63
31,38001,91,0.57
31,40001,91,0.5
31,42001,91,0.7
31,44001,91,0.69
31,46001,91,0.69
31,48001,91,0.71
31,50001,91,0.71
31,52001,91,0.7
31,54001,91,0.65
31,56001,91,0.62
31,58001,91,0.59
31,60001,91,0.58
31,62001,91,0.65
31,64001,91,0.58
31,65535,91,0.61
31,1,101,0.54
31,2001,101,0.51
31,4001,101,0.58
31,6001,101,0.67
31,8001,101,0.68
31,10001,101,0.84
31,12001,101,0.67
31,14001,101,0.75
31,16001,101,0.59
31,18001,101,0.75
31,20001,101,0.59
31,22001,101,0.58
31,24001,101,0.58
31,26001,101,0.59
31,28001,101,0.65
31,30001,101,0.46
31,32001,101,0.57
31,34001,101,0.56
31,36001,101,0.58
31,38001,101,0.6
31,40001,101,0.58
31,42001,101,0.73
31,44001,101,0.64
31,46001,101,0.62
31,48001,101,0.68
31,50001,101,0.57
31,52001,101,0.56
31,54001,101,0.56
31,56001,101,0.57
31,58001,101,0.61
31,60001,101,0.5
31,62001,101,0.68
31,64001,101,0.55
31,65535,101,0.58
31,1,111,0.52
31,2001,111,0.64
31,4001,111,0.71
31,6001,111,0.72
31,8001,111,0.72
31,10001,111,0.53
31,12001,111,0.68
31,14001,111,0.7
31,16001,111,0.66
31,18001,111,0.68
31,20001,111,0.67
31,22001,111,0.67
31,24001,111,0.7
31,26001,111,0.57
31,28001,111,0.62
31,30001,111,0.58
31,32001,111,0.55
31,34001,111,0.62
31,36001,111,0.64
31,38001,111,0.64
31,40001,111,0.66
31,42001,111,0.63
31,44001,111,0.66
31,46001,111,0.64
31,48001,111,0.62
31,50001,111,0.64
31,52001,111,0.63
31,54001,111,0.56
31,56001,111,0.71
31,58001,111,0.76
31,60001,111,0.68
31,62001,111,0.58
31,64001,111,0.66
31,65535,111,0.64
31,1,121,0.63
31,2001,121,0.59
31,4001,121,0.72
31,6001,121,0.71
31,8001,121,0.65
31,10001,121,0.75
31,12001,121,0.63
31,14001,121,0.65
31,16001,121,0.53
31,18001,121,0.58
31,20001,121,0.58
31,22001,121,0.56
31,24001,121,0.63
31,26001,121,0.68
31,28001,121,0.78
31,30001,121,0.73
31,32001,121,0.61
31,34001,121,0.73
31,36001,121,0.73
31,38001,121,0.74
31,40001,121,0.67
31,42001,121,0.59
31,44001,121,0.62
31,46001,121,0.53
31,48001,121,0.61
31,50001,121,0.63
31,52001,121,0.73
31,54001,121,0.71
31,56001,121,0.63
31,58001,121,0.62
31,60001,121,0.59
31,62001,121,0.49
31,64001,121,0.54
31,65535,121,0.59
31,1,131,0.59
31,2001,131,0.66
31,4001,131,0.65
31,6001,131,0.52
31,8001,131,0.46
31,10001,131,0.49
31,12001,131,0.6
31,14001,131,0.6
31,16001,131,0.65
31,18001,131,0.73
31,20001,131,0.6
31,22001,131,0.78
31,24001,131,0.75
31,26001,131,0.62
31,28001,131,0.56
31,30001,131,0.56
31,32001,131,0.52
31,34001,131,0.61
31,36001,131,0.62
31,38001,131,0.53
31,40001,131,0.56
31,42001,131,0.71
31,44001,131,0.7
31,46001,131,0.81
31,48001,131,0.69
31,50001,131,0.69
31,52001,131,0.69
31,54001,131,0.62
31,56001,131,0.69
31,58001,131,0.57
31,60001,131,0.59
31,62001,131,0.71
31,64001,131,0.58
31,65535,131,0.63
31,1,141,0.59
31,2001,141,0.74
31,4001,141,0.67
31,6001,141,0.67
31,8001,141,0.81
31,10001,141,0.8
31,12001,141,0.78
31,14001,141,0.72
31,16001,141,0.65
31,18001,141,0.66
31,20001,141,0.66
31,22001,141,0.56
31,24001,141,0.62
31,26001,141,0.69
31,28001,141,0.61
31,30001,141,0.56
31,32001,141,0.55
31,34001,141,0.58
31,36001,141,0.56
31,38001,141,0.68
31,40001,141,0.65
31,42001,141,0.6
31,44001,141,0.54
31,46001,141,0.68
31,48001,141,0.68
31,50001,141,0.7
31,52001,141,0.6
31,54001,141,0.71
31,56001,141,0.64
31,58001,141,0.61
31,60001,141,0.57
31,62001,141,0.63
31,64001,141,0.72
31,65535,141,0.66
31,1,151,0.77
31,2001,151,0.61
31,4001,151,0.69
31,6001,151,0.59
31,8001,151,0.58
31,10001,151,0.69
31,12001,151,0.71
31,14001,151,0.71
31,16001,151,0.48
31,18001,151,0.52
31,20001,151,0.53
31,22001,151,0.62
31,24001,151,0.53
31,26001,151,0.63
31,28001,151,0.56
31,30001,151,0.53
31,32001,151,0.83
31,34001,151,0.78
31,36001,151,0.64
31,38001,151,0.58
31,40001,151,0.62
31,42001,151,0.6
31,44001,151,0.72
31,46001,151,0.67
31,48001,151,0.54
31,50001,151,0.6
31,52001,151,0.66
31,54001,151,0.66
31,56001,151,0.59
31,58001,151,0.63
31,60001,151,0.68
31,62001,151,0.63
31,64001,151,0.59
31,65535,151,0.6
31,1,161,0.6
31,2001,161,0.58
31,4001,161,0.55
31,6001,161,0.6
31,8001,161,0.7
31,10001,161,0.57
31,12001,161,0.63
31,14001,161,0.65
31,16001,161,0.63
31,18001,161,0.69
31,20001,161,0.63
31,22001,161,0.67
31,24001,161,0.67
31,26001,161,0.7
31,28001,161,0.6
31,30001,161,0.61
31,32001,161,0.69
31,34001,161,0.68
31,36001,161,0.68
31,38001,161,0.64
31,40001,161,0.67
31,42001,161,0.61
31,44001,161,0.71
31,46001,161,0.61
31,48001,161,0.56
31,50001,161,0.76
31,52001,161,0.58
31,54001,161,0.66
31,56001,161,0.79
31,58001,161,0.74
31,60001,161,0.63
31,62001,161,0.54
31,64001,161,0.59
31,65535,161,0.55
31,1,171,0.68
31,2001,171,0.53
31,4001,171,0.52
31,6001,171,0.52
31,8001,171,0.66
31,10001,171,0.71
31,12001,171,0.64
31,14001,171,0.68
31,16001,171,0.59
31,18001,171,0.66
31,20001,171,0.66
31,22001,171,0.63
31,24001,171,0.56
31,26001,171,0.62
31,28001,171,0.6
31,30001,171,0.63
31,32001,171,0.59
31,34001,171,0.62
31,36001,171,0.75
31,38001,171,0.68
31,40001,171,0.66
31,42001,171,0.75
31,44001,171,0.63
31,46001,171,0.56
31,48001,171,0.66
31,50001,171,0.67
31,52001,171,0.61
31,54001,171,0.68
31,56001,171,0.61
31,58001,171,0.66
31,60001,171,0.73
31,62001,171,0.61
31,64001,171,0.57
31,65535,171,0.55
31,1,181,0.63
31,2001,181,0.73
31,4001,181,0.78
31,6001,181,0.55
31,8001,181,0.68
31,10001,181,0.73
31,12001,181,0.63
31,14001,181,0.61
31,16001,181,0.69
31,18001,181,0.64
31,20001,181,0.62
31,22001,181,0.61
31,24001,181,0.62
31,26001,181,0.7
31,28001,181,0.71
31,30001,181,0.49
31,32001,181,0.52
31,34001,181,0.58
31,36001,181,0.6
31,38001,181,0.6
31,40001,181,0.68
31,42001,181,0.61
31,44001,181,0.58
31,46001,181,0.64
31,48001,181,0.67
31,50001,181,0.7
31,52001,181,0.63
31,54001,181,0.67
31,56001,181,0.58
31,58001,181,0.58
31,60001,181,0.53
31,62001,181,0.7
31,64001,181,0.64
31,65535,181,0.74
31,1,191,0.56
31,2001,191,0.51
31,4001,191,0.7
31,6001,191,0.76
31,8001,191,0.71
31,10001,191,0.77
31,12001,191,0.6
31,14001,191,0.71
31,16001,191,0.59
31,18001,191,0.75
31,20001,191,0.63
31,22001,191,0.56
31,24001,191,0.64
31,26001,191,0.66
31,28001,191,0.6
31,30001,191,0.61
31,32001,191,0.69
31,34001,191,0.68
31,36001,191,0.62
31,38001,191,0.53
31,40001,191,0.54
31,42001,191,0.64
31,44001,191,0.57
31,46001,191,0.57
31,48001,191,0.53
31,50001,191,0.61
31,52001,191,0.63
31,54001,191,0.65
31,56001,191,0.79
31,58001,191,0.54
31,60001,191,0.66
31,62001,191,0.62
31,64001,191,0.72
31,65535,191,0.49
31,1,201,0.64
31,2001,201,0.64
31,4001,201,0.58
31,6001,201,0.53
31,8001,201,0.6
31,10001,201,0.6
31,12001,201,0.65
31,14001,201,0.67
31,16001,201,0.66
31,18001,201,0.59
31,20001,201,0.58
31,22001,201,0.66
31,24001,201,0.63
31,26001,201,0.59
31,28001,201,0.66
31,30001,201,0.66
31,32001,201,0.49
31,34001,201,0.55
31,36001,201,0.58
31,38001,201,0.71
31,40001,201,0.68
31,42001,201,0.74
31,44001,201,0.59
31,46001,201,0.68
31,48001,201,0.57
31,50001,201,0.65
31,52001,201,0.67
31,54001,201,0.65
31,56001,201,0.67
31,58001,201,0.6
31,60001,201,0.57
31,62001,201,0.59
31,64001,201,0.57
31,65535,201,0.62
31,1,211,0.47
31,2001,211,0.59
31,4001,211,0.6
31,6001,211,0.61
31,8001,211,0.63
31,10001,211,0.68
31,12001,211,0.7
31,14001,211,0.49
31,16001,211,0.63
31,18001,211,0.6
31,20001,211,0.63
31,22001,211,0.64
31,24001,211,0.63
31,26001,211,0.68
31,28001,211,0.48
31,30001,211,0.57
31,32001,211,0.56
31,34001,211,0.64
31,36001,211,0.67
31,38001,211,0.61
31,40001,211,0.66
31,42001,211,0.6
31,44001,211,0.61
31,46001,211,0.59
31,48001,211,0.69
31,50001,211,0.6
31,52001,211,0.73
31,54001,211,0.6
31,56001,211,0.56
31,58001,211,0.6
31,60001,211,0.6
31,62001,211,0.64
31,64001,211,0.55
31,65535,211,0.73
31,1,221,0.5
31,2001,221,0.58
31,4001,221,0.61
31,6001,221,0.67
31,8001,221,0.64
31,10001,221,0.82
31,12001,221,0.69
31,14001,221,0.67
31,16001,221,0.72
31,18001,221,0.74
31,20001,221,0.62
31,22001,221,0.76
31,24001,221,0.84
31,26001,221,0.73
31,28001,221,0.86
31,30001,221,0.67
31,32001,221,0.65
31,34001,221,0.61
31,36001,221,0.61
31,38001,221,0.53
31,40001,221,0.61
31,42001,221,0.65
31,44001,221,0.57
31,46001,221,0.58
31,48001,221,0.67
31,50001,221,0.61
31,52001,221,0.55
31,54001,221,0.63
31,56001,221,0.63
31,58001,221,0.61
31,60001,221,0.67
31,62001,221,0.68
31,64001,221,0.53
31,65535,221,0.53
31,1,231,0.64
31,2001,231,0.51
31,4001,231,0.5
31,6001,231,0.57
31,8001,231,0.6
31,10001,231,0.67
31,12001,231,0.61
31,14001,231,0.59
31,16001,231,0.66
31,18001,231,0.66
31,20001,231,0.62
31,22001,231,0.61
31,24001,231,0.6
31,26001,231,0.59
31,28001,231,0.55
31,30001,231,0.58
31,32001,231,0.61
31,34001,231,0.59
31,36001,231,0.59
31,38001,231,0.69
31,40001,231,0.76
31,42001,231,0.71
31,44001,231,0.67
31,46001,231,0.63
31,48001,231,0.69
31,50001,231,0.65
31,52001,231,0.65
31,54001,231,0.71
31,56001,231,0.59
31,58001,231,0.68
31,60001,231,0.63
31,62001,231,0.62
31,64001,231,0.66
31,65535,231,0.66
31,1,241,0.47
31,2001,241,0.59
31,4001,241,0.6
31,6001,241,0.61
31,8001,241,0.7
31,10001,241,0.66
31,12001,241,0.64
31,14001,241,0.64
31,16001,241,0.57
31,18001,241,0.73
31,20001,241,0.68
31,22001,241,0.65
31,24001,241,0.6
31,26001,241,0.55
31,28001,241,0.49
31,30001,241,0.49
31,32001,241,0.51
31,34001,241,0.55
31,36001,241,0.58
31,38001,241,0.52
31,40001,241,0.56
31,42001,241,0.62
31,44001,241,0.62
31,46001,241,0.67
31,48001,241,0.52
31,50001,241,0.68
31,52001,241,0.61
31,54001,241,0.59
31,56001,241,0.6
31,58001,241,0.62
31,60001,241,0.62
31,62001,241,0.63
31,64001,241,0.72
31,65535,241,0.67
31,1,251,0.61
31,2001,251,0.65
31,4001,251,0.6
31,6001,251,0.6
31,8001,251,0.6
31,10001,251,0.48
31,12001,251,0.62
31,14001,251,0.66
31,16001,251,0.76
31,18001,251,0.65
31,20001,251,0.65
31,22001,251,0.54
31,24001,251,0.61
31,26001,251,0.66
31,28001,251,0.54
31,30001,251,0.71
31,32001,251,0.61
31,34001,251,0.63
31,36001,251,0.59
31,38001,251,0.54
31,40001,251,0.49
31,42001,251,0.63
31,44001,251,0.57
31,46001,251,0.7
31,48001,251,0.66
31,50001,251,0.62
31,52001,251,0.62
31,54001,251,0.63
31,56001,251,0.62
31,58001,251,0.53
31,60001,251,0.56
31,62001,251,0.79
31,64001,251,0.67
31,65535,251,0.58
31,1,254,0.59
31,2001,254,0.55
31,4001,254,0.51
31,6001,254,0.65
31,8001,254,0.68
31,10001,254,0.65
31,12001,254,0.63
31,14001,254,0.69
31,16001,254,0.57
31,18001,254,0.52
31,20001,254,0.56
31,22001,254,0.62
31,24001,254,0.51
31,26001,254,0.51
31,28001,254,0.55
31,30001,254,0.61
31,32001,254,0.6
31,34001,254,0.63
31,36001,254,0.6
31,38001,254,0.69
31,40001,254,0.63
31,42001,254,0.61
31,44001,254,0.76
31,46001,254,0.58
31,48001,254,0.67
31,50001,254,0.65
31,52001,254,0.6
31,54001,254,0.57
31,56001,254,0.53
31,58001,254,0.67
31,60001,254,0.6
31,62001,254,0.59
31,64001,254,0.6
31,65535,254,0.65
41,1,1,0.55
41,2001,1,0.59
41,4001,1,0.85
41,6001,1,0.87
41,8001,1,0.89
41,10001,1,0.88
41,12001,1,0.83
41,14001,1,0.89
41,16001,1,0.78
41,18001,1,0.78
41,20001,1,0.86
41,22001,1,0.96
41,24001,1,0.77
41,26001,1,0.82
41,28001,1,0.87
41,30001,1,0.82
41,32001,1,0.87
41,34001,1,0.75
41,36001,1,0.88
41,38001,1,0.84
41,40001,1,0.88
41,42001,1,0.79
41,44001,1,0.87
41,46001,1,0.86
41,48001,1,0.88
41,50001,1,0.93
41,52001,1,0.76
41,54001,1,0.84
41,56001,1,0.82
41,58001,1,0.87
41,60001,1,0.89
41,62001,1,0.92
41,64001,1,0.91
41,65535,1,0.77
41,1,11,0.73
41,2001,11,0.8
41,4001,11,0.78
41,6001,11,0.81
41,8001,11,0.84
41,10001,11,0.85
41,12001,11,0.95
41,14001,11,0.74
41,16001,11,0.69
41,18001,11,0.96
41,20001,11,0.83
41,22001,11,0.78
41,24001,11,0.77
41,26001,11,0.76
41,28001,11,0.66
41,30001,11,0.93
41,32001,11,0.87
41,34001,11,0.85
41,36001,11,0.84
41,38001,11,0.8
41,40001,11,0.77
41,42001,11,0.8
41,44001,11,0.75
41,46001,11,0.89
41,48001,11,0.86
41,50001,11,0.91
41,52001,11,0.92
41,54001,11,0.85
41,56001,11,0.88
41,58001,11,0.98
41,60001,11,0.84
41,62001,11,0.76
41,64001,11,0.86
41,65535,11,0.92
41,1,21,0.67
41,2001,21,0.72
41,4001,21,0.95
41,6001,21,0.83
41,8001,21,0.75
41,10001,21,0.88
41,12001,21,0.91
41,14001,21,0.88
41,16001,21,0.93
41,18001,21,0.82
41,20001,21,0.69
41,22001,21,0.79
41,24001,21,0.72
41,26001,21,0.83
41,28001,21,0.79
41,30001,21,0.72
41,32001,21,0.78
41,34001,21,0.75
41,36001,21,0.72
41,38001,21,0.78
41,40001,21,0.92
41,42001,21,0.84
41,44001,21,0.82
41,46001,21,0.75
41,48001,21,0.78
41,50001,21,0.85
41,52001,21,0.89
41,54001,21,0.85
41,56001,21,0.87
41,58001,21,0.79
41,60001,21,0.86
41,62001,21,0.9
41,64001,21,0.86
41,65535,21,0.78
41,1,31,0.75
41,2001,31,0.76
41,4001,31,0.83
41,6001,31,0.85
41,8001,31,0.7
41,10001,31,0.82
41,12001,31,0.84
41,14001,31,0.8
41,16001,31,0.76
41,18001,31,0.78
41,20001,31,0.64
41,22001,31,0.62
41,24001,31,0.7
41,26001,31,0.67
41,28001,31,0.66
41,30001,31,0.65
41,32001,31,0.65
41,34001,31,0.9
41,36001,31,0.69
41,38001,31,0.75
41,40001,31,0.86
41,42001,31,0.79
41,44001,31,1.03
41,46001,31,0.81
41,48001,31,0.82
41,50001,31,0.84
41,52001,31,0.85
41,54001,31,0.91
41,56001,31,0.84
41,58001,31,0.83
41,60001,31,0.92
41,62001,31,0.85
41,64001,31,0.93
41,65535,31,0.89
41,1,41,0.94
41,2001,41,0.74
41,4001,41,0.78
41,6001,41,0.79
41,8001,41,0.88
41,10001,41,0.89
41,12001,41,0.81
41,14001,41,0.79
41,16001,41,0.77
41,18001,41,0.72
41,20001,41,0.75
41,22001,41,0.68
41,24001,41,0.71
41,26001,41,0.67
41,28001,41,0.72
41,30001,41,0.75
41,32001,41,0.68
41,34001,41,0.83
41,36001,41,0.7
41,38001,41,0.73
41,40001,41,0.76
41,42001,41,0.91
41,44001,41,0.77
41,46001,41,0.77
41,48001,41,0.92
41,50001,41,0.88
41,52001,41,0.78
41,54001,41,0.8
41,56001,41,0.84
41,58001,41,0.81
41,60001,41,0.83
41,62001,41,0.79
41,64001,41,0.76
41,65535,41,0.76
41,1,51,0.8
41,2001,51,0.73
41,4001,51,0.88
41,6001,51,0.88
41,8001,51,0.89
41,10001,51,0.88
41,12001,51,0.84
41,14001,51,0.75
41,16001,51,0.79
41,18001,51,0.86
41,20001,51,0.71
41,22001,51,0.65
41,24001,51,0.65
41,26001,51,0.73
41,28001,51,0.59
41,30001,51,0.68
41,32001,51,0.75
41,34001,51,0.75
41,36001,51,0.65
41,38001,51,0.7
41,40001,51,0.78
41,42001,51,0.75
41,44001,51,0.83
41,46001,51,0.82
41,48001,51,0.81
41,50001,51,0.82
41,52001,51,0.75
41,54001,51,0.72
41,56001,51,0.85
41,58001,51,0.69
41,60001,51,0.68
41,62001,51,0.76
41,64001,51,0.67
41,65535,51,0.68
41,1,61,0.78
41,2001,61,0.79
41,4001,61,0.71
41,6001,61,0.91
41,8001,61,0.89
41,10001,61,0.86
41,12001,61,0.81
41,14001,61,0.83
41,16001,61,0.84
41,18001,61,0.73
41,20001,61,0.74
41,22001,61,0.61
41,24001,61,0.61
41,26001,61,0.68
41,28001,61,0.66
41,30001,61,0.62
41,32001,61,0.64
41,34001,61,0.66
41,36001,61,0.79
41,38001,61,0.67
41,40001,61,0.82
41,42001,61,0.83
41,44001,61,0.98
41,46001,61,0.75
41,48001,61,0.72
41,50001,61,0.75
41,52001,61,0.67
41,54001,61,0.68
41,56001,61,0.7
41,58001,61,0.69
41,60001,61,0.67
41,62001,61,0.63
41,64001,61,0.63
41,65535,61,0.82
41,1,71,0.67
41,2001,71,0.74
41,4001,71,0.83
41,6001,71,0.77
41,8001,71,0.74
41,10001,71,0.73
41,12001,71,0.91
41,14001,71,0.73
41,16001,71,0.72
41,18001,71,0.62
41,20001,71,0.7
41,22001,71,0.66
41,24001,71,0.61
41,26001,71,0.82
41,28001,71,0.75
41,30001,71,0.72
41,32001,71,0.62
41,34001,71,0.63
41,36001,71,0.66
41,38001,71,0.62
41,40001,71,0.73
41,42001,71,0.77
41,44001,71,0.87
41,46001,71,0.84
41,48001,71,0.79
41,50001,71,0.75
41,52001,71,0.83
41,54001,71,0.7
41,56001,71,0.69
41,58001,71,0.61
41,60001,71,0.64
41,62001,71,0.65
41,64001,71,0.62
41,65535,71,0.64
41,1,81,0.66
41,2001,81,0.78
41,4001,81,0.61
41,6001,81,0.75
41,8001,81,0.84
41,10001,81,0.78
41,12001,81,0.72
41,14001,81,0.66
41,16001,81,0.85
41,18001,81,0.65
41,20001,81,0.75
41,22001,81,0.65
41,24001,81,0.7
41,26001,81,0.73
41,28001,81,0.67
41,30001,81,0.65
41,32001,81,0.74
41,34001,81,0.62
41,36001,81,0.65
41,38001,81,0.73
41,40001,81,0.7
41,42001,81,0.87
41,44001,81,0.67
41,46001,81,0.76
41,48001,81,0.75
41,50001,81,0.86
41,52001,81,0.82
41,54001,81,0.65
41,56001,81,0.78
41,58001,81,0.71
41,60001,81,0.69
41,62001,81,0.63
41,64001,81,0.68
41,65535,81,0.65
41,1,91,0.7
41,2001,91,0.75
41,4001,91,0.66
41,6001,91,0.62
41,8001,91,0.78
41,10001,91,0.7
41,12001,91,0.86
41,14001,91,0.74
41,16001,91,0.67
41,18001,91,0.68
41,20001,91,0.71
41,22001,91,0.7
41,24001,91,0.68
41,26001,91,0.69
41,28001,91,0.64
41,30001,91,0.63
41,32001,91,0.63
41,34001,91,0.59
41,36001,91,0.63
41,38001,91,0.68
41,40001,91,0.67
41,42001,91,0.67
41,44001,91,0.77
41,46001,91,0.75
41,48001,91,0.89
41,50001,91,0.8
41,52001,91,0.72
41,54001,91,0.72
41,56001,91,0.66
41,58001,91,0.59
41,60001,91,0.67
41,62001,91,0.71
41,64001,91,0.69
41,65535,91,0.63
41,1,101,0.73
41,2001,101,0.7
41,4001,101,0.66
41,6001,101,0.7
41,8001,101,0.69
41,10001,101,0.83
41,12001,101,0.76
41,14001,101,0.69
41,16001,101,0.79
41,18001,101,0.72
41,20001,101,0.62
41,22001,101,0.63
41,24001,101,0.58
41,26001,101,0.56
41,28001,101,0.6
41,30001,101,0.66
41,32001,101,0.65
41,34001,101,0.58
41,36001,101,0.61
41,38001,101,0.75
41,40001,101,0.67
41,42001,101,0.69
41,44001,101,0.7
41,46001,101,0.83
41,48001,101,0.78
41,50001,101,0.72
41,52001,101,0.74
41,54001,101,0.77
41,56001,101,0.75
41,58001,101,0.75
41,60001,101,0.81
41,62001,101,0.55
41,64001,101,0.52
41,65535,101,0.7
41,1,111,0.59
41,2001,111,0.6
41,4001,111,0.75
41,6001,111,0.77
41,8001,111,0.76
41,10001,111,0.76
41,12001,111,0.73
41,14001,111,0.77
41,16001,111,0.79
41,18001,111,0.83
41,20001,111,0.6
41,22001,111,0.57
41,24001,111,0.65
41,26001,111,0.67
41,28001,111,0.66
41,30001,111,0.65
41,32001,111,0.58
41,34001,111,0.64
41,36001,111,0.68
41,38001,111,0.64
41,40001,111,0.64
41,42001,111,0.72
41,44001,111,0.75
41,46001,111,0.84
41,48001,111,0.85
41,50001,111,0.72
41,52001,111,0.78
41,54001,111,0.67
41,56001,111,0.64
41,58001,111,0.74
41,60001,111,0.62
41,62001,111,0.73
41,64001,111,0.73
41,65535,111,0.63
41,1,121,0.67
41,2001,121,0.7
41,4001,121,0.68
41,6001,121,0.66
41,8001,121,0.76
41,10001,121,0.74
41,12001,121,0.75
41,14001,121,0.74
41,16001,121,0.72
41,18001,121,0.7
41,20001,121,0.66
41,22001,121,0.67
41,24001,121,0.7
41,26001,121,0.58
41,28001,121,0.54
41,30001,121,0.69
41,32001,121,0.68
41,34001,121,0.63
41,36001,121,0.63
41,38001,121,0.64
41,40001,121,0.75
41,42001,121,0.74
41,44001,121,0.81
41,46001,121,0.71
41,48001,121,0.69
41,50001,121,0.71
41,52001,121,0.77
41,54001,121,0.67
41,56001,121,0.67
41,58001,121,0.72
41,60001,121,0.54
41,62001,121,0.57
41,64001,121,0.57
41,65535,121,0.6
41,1,131,0.54
41,2001,131,0.73
41,4001,131,0.62
41,6001,131,0.66
41,8001,131,0.75
41,10001,131,0.83
41,12001,131,0.76
41,14001,131,0.67
41,16001,131,0.68
41,18001,131,0.69
41,20001,131,0.76
41,22001,131,0.76
41,24001,131,0.59
41,26001,131,0.65
41,28001,131,0.55
41,30001,131,0.64
41,32001,131,0.63
41,34001,131,0.78
41,36001,131,0.6
41,38001,131,0.66
41,40001,131,0.63
41,42001,131,0.85
41,44001,131,0.76
41,46001,131,0.73
41,48001,131,0.72
41,50001,131,0.62
41,52001,131,0.65
41,54001,131,0.8
41,56001,131,0.7
41,58001,131,0.67
41,60001,131,0.67
41,62001,131,0.69
41,64001,131,0.71
41,65535,131,0.62
41,1,141,0.71
41,2001,141,0.71
41,4001,141,0.67
41,6001,141,0.67
41,8001,141,0.63
41,10001,141,0.69
41,12001,141,0.69
41,14001,141,0.65
41,16001,141,0.69
41,18001,141,0.68
41,20001,141,0.65
41,22001,141,0.64
41,24001,141,0.61
41,26001,141,0.62
41,28001,141,0.63
41,30001,141,0.63
41,32001,141,0.69
41,34001,141,0.61
41,36001,141,0.64
41,38001,141,0.62
41,40001,141,0.67
41,42001,141,0.58
41,44001,141,0.73
41,46001,141,0.74
41,48001,141,0.76
41,50001,141,0.73
41,52001,141,0.82
41,54001,141,0.67
41,56001,141,0.61
41,58001,141,0.61
41,60001,141,0.53
41,62001,141,0.54
41,64001,141,0.55
41,65535,141,0.56
41,1,151,0.67
41,2001,151,0.63
41,4001,151,0.65
41,6001,151,0.69
41,8001,151,0.78
41,10001,151,0.72
41,12001,151,0.71
41,14001,151,0.72
41,16001,151,0.63
41,18001,151,0.63
41,20001,151,0.65
41,22001,151,0.66
41,24001,151,0.62
41,26001,151,0.66
41,28001,151,0.55
41,30001,151,0.66
41,32001,151,0.61
41,34001,151,0.64
41,36001,151,0.65
41,38001,151,0.66
41,40001,151,0.64
41,42001,151,0.67
41,44001,151,0.76
41,46001,151,0.7
41,48001,151,0.56
41,50001,151,0.73
41,52001,151,0.73
41,54001,151,0.64
41,56001,151,0.73
41,58001,151,0.74
41,60001,151,0.57
41,62001,151,0.56
41,64001,151,0.6
41,65535,151,0.55
41,1,161,0.72
41,2001,161,0.63
41,4001,161,0.62
41,6001,161,0.64
41,8001,161,0.71
41,10001,161,0.71
41,12001,161,0.7
41,14001,161,0.83
41,16001,161,0.7
41,18001,161,0.74
41,20001,161,0.66
41,22001,161,0.61
41,24001,161,0.61
41,26001,161,0.61
41,28001,161,0.6
41,30001,161,0.55
41,32001,161,0.66
41,34001,161,0.7
41,36001,161,0.67
41,38001,161,0.6
41,40001,161,0.74
41,42001,161,0.71
41,44001,161,0.8
41,46001,161,0.72
41,48001,161,0.64
41,50001,161,0.63
41,52001,161,0.6
41,54001,161,0.63
41,56001,161,0.78
41,58001,161,0.55
41,60001,161,0.53
41,62001,161,0.62
41,64001,161,0.66
41,65535,161,0.69
41,1,171,0.66
41,2001,171,0.63
41,4001,171,0.66
41,6001,171,0.64
41,8001,171,0.6
41,10001,171,0.63
41,12001,171,0.71
41,14001,171,0.77
41,16001,171,0.67
41,18001,171,0.64
41,20001,171,0.62
41,22001,171,0.61
41,24001,171,0.7
41,26001,171,0.61
41,28001,171,0.65
41,30001,171,0.65
41,32001,171,0.66
41,34001,171,0.64
41,36001,171,0.66
41,38001,171,0.6
41,40001,171,0.63
41,42001,171,0.63
41,44001,171,0.57
41,46001,171,0.75
41,48001,171,0.76
41,50001,171,0.78
41,52001,171,0.66
41,54001,171,0.65
41,56001,171,0.6
41,58001,171,0.64
41,60001,171,0.61
41,62001,171,0.57
41,64001,171,0.53
41,65535,171,0.55
41,1,181,0.61
41,2001,181,0.59
41,4001,181,0.6
41,6001,181,0.64
41,8001,181,0.67
41,10001,181,0.81
41,12001,181,0.77
41,14001,181,0.68
41,16001,181,0.63
41,18001,181,0.65
41,20001,181,0.6
41,22001,181,0.69
41,24001,181,0.66
41,26001,181,0.61
41,28001,181,0.54
41,30001,181,0.62
41,32001,181,0.58
41,34001,181,0.58
41,36001,181,0.61
41,38001,181,0.64
41,40001,181,0.64
41,42001,181,0.64
41,44001,181,0.7
41,46001,181,0.74
41,48001,181,0.69
41,50001,181,0.6
41,52001,181,0.69
41,54001,181,0.61
41,56001,181,0.53
41,58001,181,0.61
41,60001,181,0.58
41,62001,181,0.55
41,64001,181,0.53
41,65535,181,0.58
41,1,191,0.57
41,2001,191,0.65
41,4001,191,0.69
41,6001,191,0.58
41,8001,191,0.69
41,10001,191,0.69
41,12001,191,0.69
41,14001,191,0.68
41,16001,191,0.73
41,18001,191,0.7
41,20001,191,0.65
41,22001,191,0.66
41,24001,191,0.7
41,26001,191,0.67
41,28001,191,0.74
41,30001,191,0.59
41,32001,191,0.55
41,34001,191,0.54
41,36001,191,0.58
41,38001,191,0.61
41,40001,191,0.58
41,42001,191,0.71
41,44001,191,0.72
41,46001,191,0.65
41,48001,191,0.62
41,50001,191,0.56
41,52001,191,0.53
41,54001,191,0.74
41,56001,191,0.71
41,58001,191,0.6
41,60001,191,0.63
41,62001,191,0.62
41,64001,191,0.65
41,65535,191,0.72
41,1,201,0.64
41,2001,201,0.67
41,4001,201,0.66
41,6001,201,0.64
41,8001,201,0.66
41,10001,201,0.8
41,12001,201,0.78
41,14001,201,0.74
41,16001,201,0.79
41,18001,201,0.57
41,20001,201,0.7
41,22001,201,0.65
41,24001,201,0.59
41,26001,201,0.57
41,28001,201,0.58
41,30001,201,0.69
41,32001,201,0.59
41,34001,201,0.57
41,36001,201,0.55
41,38001,201,0.57
41,40001,201,0.64
41,42001,201,0.63
41,44001,201,0.52
41,46001,201,0.59
41,48001,201,0.61
41,50001,201,0.62
41,52001,201,0.61
41,54001,201,0.61
41,56001,201,0.6
41,58001,201,0.65
41,60001,201,0.68
41,62001,201,0.62
41,64001,201,0.62
41,65535,201,0.56
41,1,211,0.62
41,2001,211,0.63
41,4001,211,0.52
41,6001,211,0.68
41,8001,211,0.74
41,10001,211,0.6
41,12001,211,0.7
41,14001,211,0.7
41,16001,211,0.71
41,18001,211,0.69
41,20001,211,0.63
41,22001,211,0.66
41,24001,211,0.64
41,26001,211,0.57
41,28001,211,0.55
41,30001,211,0.67
41,32001,211,0.63
41,34001,211,0.68
41,36001,211,0.62
41,38001,211,0.69
41,40001,211,0.71
41,42001,211,0.68
41,44001,211,0.74
41,46001,211,0.73
41,48001,211,0.69
41,50001,211,0.62
41,52001,211,0.74
41,54001,211,0.77
41,56001,211,0.57
41,58001,211,0.64
41,60001,211,0.64
41,62001,211,0.56
41,64001,211,0.54
41,65535,211,0.69
41,1,221,0.66
41,2001,221,0.77
41,4001,221,0.57
41,6001,221,0.61
41,8001,221,0.74
41,10001,221,0.55
41,12001,221,0.65
41,14001,221,0.74
41,16001,221,0.62
41,18001,221,0.57
41,20001,221,0.55
41,22001,221,0.6
41,24001,221,0.6
41,26001,221,0.57
41,28001,221,0.64
41,30001,221,0.57
41,32001,221,0.63
41,34001,221,0.58
41,36001,221,0.72
41,38001,221,0.66
41,40001,221,0.69
41,42001,221,0.77
41,44001,221,0.72
41,46001,221,0.62
41,48001,221,0.6
41,50001,221,0.6
41,52001,221,0.61
41,54001,221,0.64
41,56001,221,0.68
41,58001,221,0.61
41,60001,221,0.66
41,62001,221,0.65
41,64001,221,0.65
41,65535,221,0.68
41,1,231,0.58
41,2001,231,0.53
41,4001,231,0.63
41,6001,231,0.65
41,8001,231,0.58
41,10001,231,0.61
41,12001,231,0.58
41,14001,231,0.66
41,16001,231,0.73
41,18001,231,0.68
41,20001,231,0.72
41,22001,231,0.61
41,24001,231,0.69
41,26001,231,0.66
41,28001,231,0.6
41,30001,231,0.69
41,32001,231,0.73
41,34001,231,0.69
41,36001,231,0.64
41,38001,231,0.54
41,40001,231,0.55
41,42001,231,0.66
41,44001,231,0.65
41,46001,231,0.68
41,48001,231,0.76
41,50001,231,0.71
41,52001,231,0.61
41,54001,231,0.68
41,56001,231,0.73
41,58001,231,0.67
41,60001,231,0.6
41,62001,231,0.59
41,64001,231,0.68
41,65535,231,0.68
41,1,241,0.6
41,2001,241,0.7
41,4001,241,0.64
41,6001,241,0.71
41,8001,241,0.63
41,10001,241,0.64
41,12001,241,0.73
41,14001,241,0.77
41,16001,241,0.6
41,18001,241,0.61
41,20001,241,0.66
41,22001,241,0.62
41,24001,241,0.7
41,26001,241,0.61
41,28001,241,0.59
41,30001,241,0.5
41,32001,241,0.51
41,34001,241,0.55
41,36001,241,0.59
41,38001,241,0.59
41,40001,241,0.67
41,42001,241,0.56
41,44001,241,0.58
41,46001,241,0.7
41,48001,241,0.67
41,50001,241,0.64
41,52001,241,0.61
41,54001,241,0.61
41,56001,241,0.58
41,58001,241,0.55
41,60001,241,0.66
41,62001,241,0.74
41,64001,241,0.65
41,65535,241,0.59
41,1,251,0.64
41,2001,251,0.75
41,4001,251,0.58
41,6001,251,0.62
41,8001,251,0.62
41,10001,251,0.61
41,12001,251,0.55
41,14001,251,0.58
41,16001,251,0.53
41,18001,251,0.52
41,20001,251,0.56
41,22001,251,0.62
41,24001,251,0.71
41,26001,251,0.66
41,28001,251,0.62
41,30001,251,0.61
41,32001,251,0.64
41,34001,251,0.67
41,36001,251,0.66
41,38001,251,0.6
41,40001,251,0.58
41,42001,251,0.69
41,44001,251,0.69
41,46001,251,0.65
41,48001,251,0.63
41,50001,251,0.67
41,52001,251,0.68
41,54001,251,0.59
41,56001,251,0.66
41,58001,251,0.65
41,60001,251,0.61
41,62001,251,0.69
41,64001,251,0.71
41,65535,251,0.57
41,1,254,0.63
41,2001,254,0.63
41,4001,254,0.55
41,6001,254,0.54
41,8001,254,0.54
41,10001,254,0.61
41,12001,254,0.63
41,14001,254,0.64
41,16001,254,0.64
41,18001,254,0.68
41,20001,254,0.69
41,22001,254,0.59
41,24001,254,0.65
41,26001,254,0.67
41,28001,254,0.66
41,30001,254,0.58
41,32001,254,0.78
41,34001,254,0.56
41,36001,254,0.62
41,38001,254,0.68
41,40001,254,0.64
41,42001,254,0.71
41,44001,254,0.67
41,46001,254,0.62
41,48001,254,0.56
41,50001,254,0.57
41,52001,254,0.62
41,54001,254,0.61
41,56001,254,0.61
41,58001,254,0.69
41,60001,254,0.62
41,62001,254,0.64
41,64001,254,0.64
41,65535,254,0.64
51,1,1,0.97
51,2001,1,1.08
51,4001,1,0.94
51,6001,1,1.02
51,8001,1,0.71
51,10001,1,1.0
51,12001,1,0.97
51,14001,1,0.99
51,16001,1,1.13
51,18001,1,0.99
51,20001,1,1.0
51,22001,1,0.95
51,24001,1,1.13
51,26001,1,0.99
51,28001,1,0.99
51,30001,1,1.05
51,32001,1,0.94
51,34001,1,1.02
51,36001,1,0.96
51,38001,1,0.93
51,40001,1,1.14
51,42001,1,1.02
51,44001,1,0.93
51,46001,1,1.0
51,48001,1,1.1
51,50001,1,0.98
51,52001,1,1.01
51,54001,1,0.89
51,56001,1,1.14
51,58001,1,1.09
51,60001,1,1.03
51,62001,1,1.05
51,64001,1,1.04
51,65535,1,0.93
51,1,11,1.08
51,2001,11,0.92
51,4001,11,1.01
51,6001,11,0.95
51,8001,11,0.92
51,10001,11,0.95
51,12001,11,0.94
51,14001,11,0.94
51,16001,11,0.98
51,18001,11,0.96
51,20001,11,1.03
51,22001,11,0.94
51,24001,11,0.95
51,26001,11,0.89
51,28001,11,0.96
51,30001,11,0.84
51,32001,11,0.85
51,34001,11,0.96
51,36001,11,0.93
51,38001,11,0.93
51,40001,11,1.0
51,42001,11,1.04
51,44001,11,1.0
51,46001,11,0.94
51,48001,11,1.01
51,50001,11,0.93
51,52001,11,0.96
51,54001,11,0.96
51,56001,11,1.07
51,58001,11,0.9
51,60001,11,0.93
51,62001,11,1.1
51,64001,11,0.93
51,65535,11,0.95
51,1,21,0.96
51,2001,21,0.79
51,4001,21,0.88
51,6001,21,0.9
51,8001,21,0.91
51,10001,21,0.93
51,12001,21,0.92
51,14001,21,0.84
51,16001,21,0.9
51,18001,21,0.91
51,20001,21,0.9
51,22001,21,1.05
51,24001,21,0.75
51,26001,21,0.94
51,28001,21,0.92
51,30001,21,0.81
51,32001,21,0.75
51,34001,21,0.87
51,36001,21,0.85
51,38001,21,0.95
51,40001,21,0.82
51,42001,21,0.89
51,44001,21,0.95
51,46001,21,0.98
51,48001,21,1.0
51,50001,21,1.03
51,52001,21,0.99
51,54001,21,1.16
51,56001,21,0.93
51,58001,21,1.01
51,60001,21,1.07
51,62001,21,0.92
51,64001,21,0.88
51,65535,21,0.85
51,1,31,0.86
51,2001,31,0.9
51,4001,31,0.94
51,6001,31,0.9
51,8001,31,1.05
51,10001,31,0.98
51,12001,31,0.96
51,14001,31,0.91
51,16001,31,0.98
51,18001,31,0.96
51,20001,31,0.79
51,22001,31,0.82
51,24001,31,0.93
51,26001,31,0.91
51,28001,31,0.68
51,30001,31,0.77
51,32001,31,0.93
51,34001,31,0.88
51,36001,31,0.86
51,38001,31,0.89
51,40001,31,0.95
51,42001,31,1.06
51,44001,31,0.98
51,46001,31,1.01
51,48001,31,0.92
51,50001,31,0.99
51,52001,31,0.92
51,54001,31,1.02
51,56001,31,0.96
51,58001,31,0.95
51,60001,31,0.91
51,62001,31,0.97
51,64001,31,1.04
51,65535,31,0.97
51,1,41,1.0
51,2001,41,1.04
51,4001,41,1.04
51,6001,41,0.86
51,8001,41,0.96
51,10001,41,1.02
51,12001,41,1.01
51,14001,41,1.0
51,16001,41,0.98
51,18001,41,0.79
51,20001,41,0.77
51,22001,41,0.87
51,24001,41,0.86
51,26001,41,0.88
51,28001,41,0.61
51,30001,41,0.77
51,32001,41,0.78
51,34001,41,0.79
51,36001,41,0.8
51,38001,41,0.77
51,40001,41,0.97
51,42001,41,0.94
51,44001,41,0.98
51,46001,41,0.91
51,48001,41,0.94
51,50001,41,0.84
51,52001,41,0.83
51,54001,41,1.04
51,56001,41,0.88
51,58001,41,0.96
51,60001,41,0.89
51,62001,41,0.97
51,64001,41,0.94
51,65535,41,0.98
51,1,51,0.78
51,2001,51,0.93
51,4001,51,0.86
51,6001,51,1.02
51,8001,51,0.93
51,10001,51,0.88
51,12001,51,1.03
51,14001,51,1.06
51,16001,51,0.94
51,18001,51,0.92
51,20001,51,0.93
51,22001,51,0.79
51,24001,51,0.8
51,26001,51,0.66
51,28001,51,0.74
51,30001,51,0.63
51,32001,51,0.72
51,34001,51,0.71
51,36001,51,0.76
51,38001,51,0.76
51,40001,51,0.94
51,42001,51,0.83
51,44001,51,0.85
51,46001,51,0.92
51,48001,51,0.91
51,50001,51,0.96
51,52001,51,0.76
51,54001,51,0.92
51,56001,51,0.77
51,58001,51,0.77
51,60001,51,0.79
51,62001,51,0.86
51,64001,51,0.89
51,65535,51,0.85
51,1,61,1.02
51,2001,61,0.82
51,4001,61,0.86
51,6001,61,0.92
51,8001,61,0.89
51,10001,61,0.84
51,12001,61,0.91
51,14001,61,0.92
51,16001,61,0.86
51,18001,61,0.77
51,20001,61,0.83
51,22001,61,0.87
51,24001,61,0.77
51,26001,61,0.67
51,28001,61,0.69
51,30001,61,0.8
51,32001,61,0.65
51,34001,61,0.77
51,36001,61,0.75
51,38001,61,0.83
51,40001,61,0.78
51,42001,61,0.86
51,44001,61,0.87
51,46001,61,0.79
51,48001,61,0.87
51,50001,61,0.85
51,52001,61,0.77
51,54001,61,0.79
51,56001,61,0.8
51,58001,61,0.83
51,60001,61,0.84
51,62001,61,0.79
51,64001,61,0.74
51,65535,61,0.79
51,1,71,0.77
51,2001,71,0.67
51,4001,71,0.78
51,6001,71,0.82
51,8001,71,0.87
51,10001,71,0.85
51,12001,71,0.89
51,14001,71,1.05
51,16001,71,0.84
51,18001,71,0.73
51,20001,71,0.73
51,22001,71,0.65
51,24001,71,0.73
51,26001,71,0.7
51,28001,71,0.74
51,30001,71,0.73
51,32001,71,0.81
51,34001,71,0.78
51,36001,71,0.73
51,38001,71,0.86
51,40001,71,0.93
51,42001,71,0.86
51,44001,71,0.96
51,46001,71,0.79
51,48001,71,0.8
51,50001,71,0.97
51,52001,71,0.97
51,54001,71,0.8
51,56001,71,0.72
51,58001,71,0.57
51,60001,71,0.57
51,62001,71,0.66
51,64001,71,0.74
51,65535,71,0.7
51,1,81,0.86
51,2001,81,0.61
51,4001,81,0.75
51,6001,81,0.71
51,8001,81,0.92
51,10001,81,0.96
51,12001,81,0.92
51,14001,81,0.92
51,16001,81,0.81
51,18001,81,0.87
51,20001,81,0.69
51,22001,81,0.71
51,24001,81,0.74
51,26001,81,0.74
51,28001,81,0.74
51,30001,81,0.74
51,32001,81,0.71
51,34001,81,0.67
51,36001,81,0.7
51,38001,81,0.86
51,40001,81,0.84
51,42001,81,1.02
51,44001,81,0.76
51,46001,81,0.74
51,48001,81,0.94
51,50001,81,0.98
51,52001,81,0.81
51,54001,81,0.7
51,56001,81,0.86
51,58001,81,0.82
51,60001,81,0.83
51,62001,81,0.65
51,64001,81,0.69
51,65535,81,0.62
51,1,91,0.74
51,2001,91,0.69
51,4001,91,0.78
51,6001,91,0.81
51,8001,91,0.9
51,10001,91,0.85
51,12001,91,0.83
51,14001,91,0.84
51,16001,91,0.81
51,18001,91,0.8
51,20001,91,0.87
51,22001,91,0.87
51,24001,91,0.71
51,26001,91,0.78
51,28001,91,0.67
51,30001,91,0.76
51,32001,91,0.74
51,34001,91,0.68
51,36001,91,0.67
51,38001,91,0.64
51,40001,91,0.79
51,42001,91,0.94
51,44001,91,0.98
51,46001,91,0.88
51,48001,91,0.92
51,50001,91,0.88
51,52001,91,0.83
51,54001,91,0.73
51,56001,91,0.73
51,58001,91,0.74
51,60001,91,0.8
51,62001,91,0.7
51,64001,91,0.78
51,65535,91,0.7
51,1,101,0.72
51,2001,101,0.7
51,4001,101,0.72
51,6001,101,0.77
51,8001,101,0.76
51,10001,101,0.86
51,12001,101,0.93
51,14001,101,0.86
51,16001,101,0.8
51,18001,101,0.67
51,20001,101,0.81
51,22001,101,0.89
51,24001,101,0.64
51,26001,101,0.71
51,28001,101,0.61
51,30001,101,0.65
51,32001,101,0.57
51,34001,101,0.7
51,36001,101,0.69
51,38001,101,0.73
51,40001,101,0.78
51,42001,101,0.73
51,44001,101,0.9
51,46001,101,0.79
51,48001,101,0.89
51,50001,101,0.82
51,52001,101,0.82
51,54001,101,0.72
51,56001,101,0.7
51,58001,101,0.7
51,60001,101,0.79
51,62001,101,0.66
51,64001,101,0.73
51,65535,101,0.7
51,1,111,0.7
51,2001,111,0.7
51,4001,111,0.78
51,6001,111,0.81
51,8001,111,0.77
51,10001,111,0.9
51,12001,111,1.01
51,14001,111,0.79
51,16001,111,0.73
51,18001,111,0.8
51,20001,111,0.71
51,22001,111,0.78
51,24001,111,0.63
51,26001,111,0.55
51,28001,111,0.78
51,30001,111,0.72
51,32001,111,0.84
51,34001,111,0.77
51,36001,111,0.76
51,38001,111,0.72
51,40001,111,0.76
51,42001,111,0.8
51,44001,111,0.87
51,46001,111,0.93
51,48001,111,0.81
51,50001,111,0.66
51,52001,111,0.71
51,54001,111,0.83
51,56001,111,0.73
51,58001,111,0.67
51,60001,111,0.79
51,62001,111,0.6
51,64001,111,0.69
51,65535,111,0.68
51,1,121,0.7
51,2001,121,0.72
51,4001,121,0.63
51,6001,121,0.69
51,8001,121,0.77
51,10001,121,0.95
51,12001,121,0.9
51,14001,121,0.97
51,16001,121,0.86
51,18001,121,0.83
51,20001,121,0.62
51,22001,121,0.58
51,24001,121,0.71
51,26001,121,0.7
51,28001,121,0.64
51,30001,121,0.7
51,32001,121,0.76
51,34001,121,0.74
51,36001,121,0.71
51,38001,121,0.73
51,40001,121,0.84
51,42001,121,0.75
51,44001,121,1.01
51,46001,121,0.8
51,48001,121,0.71
51,50001,121,0.74
51,52001,121,0.82
51,54001,121,0.82
51,56001,121,0.79
51,58001,121,0.76
51,60001,121,0.67
51,62001,121,0.67
51,64001,121,0.6
51,65535,121,0.67
51,1,131,0.84
51,2001,131,0.71
51,4001,131,0.66
51,6001,131,0.77
51,8001,131,0.77
51,10001,131,0.83
51,12001,131,0.94
51,14001,131,0.8
51,16001,131,0.75
51,18001,131,0.69
51,20001,131,0.8
51,22001,131,0.82
51,24001,131,0.76
51,26001,131,0.64
51,28001,131,0.63
51,30001,131,0.75
51,32001,131,0.57
51,34001,131,0.61
51,36001,131,0.65
51,38001,131,0.64
51,40001,131,0.82
51,42001,131,0.84
51,44001,131,0.85
51,46001,131,0.94
51,48001,131,0.88
51,50001,131,0.67
51,52001,131,0.79
51,54001,131,0.66
51,56001,131,0.72
51,58001,131,0.73
51,60001,131,0.78
51,62001,131,0.78
51,64001,131,0.64
51,65535,131,0.72
51,1,141,0.52
51,2001,141,0.69
51,4001,141,0.54
51,6001,141,0.57
51,8001,141,0.76
51,10001,141,0.77
51,12001,141,0.83
51,14001,141,0.87
51,16001,141,0.76
51,18001,141,0.71
51,20001,141,0.69
51,22001,141,0.79
51,24001,141,0.68
51,26001,141,0.63
51,28001,141,0.63
51,30001,141,0.71
51,32001,141,0.75
51,34001,141,0.61
51,36001,141,0.68
51,38001,141,0.82
51,40001,141,0.73
51,42001,141,0.9
51,44001,141,0.82
51,46001,141,0.89
51,48001,141,0.72
51,50001,141,0.69
51,52001,141,0.7
51,54001,141,0.68
51,56001,141,0.72
51,58001,141,0.72
51,60001,141,0.71
51,62001,141,0.75
51,64001,141,0.82
51,65535,141,0.68
51,1,151,0.63
51,2001,151,0.71
51,4001,151,0.71
51,6001,151,0.77
51,8001,151,0.66
51,10001,151,0.75
51,12001,151,0.84
51,14001,151,0.9
51,16001,151,0.8
51,18001,151,0.79
51,20001,151,0.63
51,22001,151,0.66
51,24001,151,0.74
51,26001,151,0.62
51,28001,151,0.67
51,30001,151,0.64
51,32001,151,0.64
51,34001,151,0.61
51,36001,151,0.65
51,38001,151,0.64
51,40001,151,0.64
51,42001,151,0.61
51,44001,151,0.75
51,46001,151,0.79
51,48001,151,0.67
51,50001,151,0.73
51,52001,151,0.71
51,54001,151,0.73
51,56001,151,0.78
51,58001,151,0.77
51,60001,151,0.76
51,62001,151,0.54
51,64001,151,0.64
51,65535,151,0.68
51,1,161,0.65
51,2001,161,0.62
51,4001,161,0.78
51,6001,161,0.78
51,8001,161,0.91
51,10001,161,0.85
51,12001,161,0.87
51,14001,161,0.9
51,16001,161,0.73
51,18001,161,0.75
51,20001,161,0.75
51,22001,161,0.63
51,24001,161,0.63
51,26001,161,0.71
51,28001,161,0.68
51,30001,161,0.62
51,32001,161,0.64
51,34001,161,0.65
51,36001,161,0.6
51,38001,161,0.78
51,40001,161,0.71
51,42001,161,0.75
51,44001,161,0.83
51,46001,161,0.74
51,48001,161,0.69
51,50001,161,0.65
51,52001,161,0.76
51,54001,161,0.67
51,56001,161,0.76
51,58001,161,0.7
51,60001,161,0.7
51,62001,161,0.65
51,64001,161,0.63
51,65535,161,0.77
51,1,171,0.63
51,2001,171,0.67
51,4001,171,0.79
51,6001,171,0.63
51,8001,171,0.76
51,10001,171,0.88
51,12001,171,0.84
51,14001,171,0.92
51,16001,171,0.64
51,18001,171,0.61
51,20001,171,0.79
51,22001,171,0.75
51,24001,171,0.63
51,26001,171,0.71
51,28001,171,0.49
51,30001,171,0.66
51,32001,171,0.77
51,34001,171,0.69
51,36001,171,0.64
51,38001,171,0.64
51,40001,171,0.77
51,42001,171,0.75
51,44001,171,0.74
51,46001,171,0.68
51,48001,171,0.58
51,50001,171,0.62
51,52001,171,0.69
51,54001,171,0.75
51,56001,171,0.69
51,58001,171,0.67
51,60001,171,0.79
51,62001,171,0.6
51,64001,171,0.59
51,65535,171,0.69
51,1,181,0.66
51,2001,181,0.62
51,4001,181,0.65
51,6001,181,0.67
51,8001,181,0.75
51,10001,181,0.88
51,12001,181,0.86
51,14001,181,0.87
51,16001,181,0.73
51,18001,181,0.7
51,20001,181,0.69
51,22001,181,0.7
51,24001,181,0.64
51,26001,181,0.68
51,28001,181,0.66
51,30001,181,0.58
51,32001,181,0.62
51,34001,181,0.61
51,36001,181,0.78
51,38001,181,0.71
51,40001,181,0.66
51,42001,181,0.77
51,44001,181,0.72
51,46001,181,0.66
51,48001,181,0.71
51,50001,181,0.67
51,52001,181,0.6
51,54001,181,0.71
51,56001,181,0.78
51,58001,181,0.79
51,60001,181,0.69
51,62001,181,0.69
51,64001,181,0.76
51,65535,181,0.66
51,1,191,0.72
51,2001,191,0.68
51,4001,191,0.67
51,6001,191,0.73
51,8001,191,0.76
51,10001,191,0.74
51,12001,191,0.87
51,14001,191,0.79
51,16001,191,0.68
51,18001,191,0.69
51,20001,191,0.69
51,22001,191,0.79
51,24001,191,0.57
51,26001,191,0.63
51,28001,191,0.63
51,30001,191,0.66
51,32001,191,0.63
51,34001,191,0.67
51,36001,191,0.65
51,38001,191,0.7
51,40001,191,0.68
51,42001,191,0.82
51,44001,191,0.73
51,46001,191,0.78
51,48001,191,0.63
51,50001,191,0.77
51,52001,191,0.61
51,54001,191,0.73
51,56001,191,0.66
51,58001,191,0.67
51,60001,191,0.74
51,62001,191,0.73
51,64001,191,0.76
51,65535,191,0.66
51,1,201,0.69
51,2001,201,0.57
51,4001,201,0.64
51,6001,201,0.75
51,8001,201,0.77
51,10001,201,0.82
51,12001,201,0.79
51,14001,201,0.79
51,16001,201,0.74
51,18001,201,0.64
51,20001,201,0.68
51,22001,201,0.76
51,24001,201,0.79
51,26001,201,0.69
51,28001,201,0.63
51,30001,201,0.76
51,32001,201,0.66
51,34001,201,0.68
51,36001,201,0.73
51,38001,201,0.72
51,40001,201,0.66
51,42001,201,0.73
51,44001,201,0.75
51,46001,201,0.73
51,48001,201,0.65
51,50001,201,0.69
51,52001,201,0.78
51,54001,201,0.71
51,56001,201,0.7
51,58001,201,0.71
51,60001,201,0.73
51,62001,201,0.62
51,64001,201,0.6
51,65535,201,0.58
51,1,211,0.66
51,2001,211,0.64
51,4001,211,0.66
51,6001,211,0.73
51,8001,211,0.74
51,10001,211,0.78
51,12001,211,0.81
51,14001,211,0.75
51,16001,211,0.74
51,18001,211,0.7
51,20001,211,0.71
51,22001,211,0.64
51,24001,211,0.65
51,26001,211,0.72
51,28001,211,0.66
51,30001,211,0.56
51,32001,211,0.57
51,34001,211,0.69
51,36001,211,0.61
51,38001,211,0.65
51,40001,211,0.76
51,42001,211,0.71
51,44001,211,0.74
51,46001,211,0.57
51,48001,211,0.66
51,50001,211,0.58
51,52001,211,0.63
51,54001,211,0.67
51,56001,211,0.77
51,58001,211,0.58
51,60001,211,0.59
51,62001,211,0.64
51,64001,211,0.66
51,65535,211,0.62
51,1,221,0.64
51,2001,221,0.52
51,4001,221,0.68
51,6001,221,0.72
51,8001,221,0.8
51,10001,221,0.65
51,12001,221,0.64
51,14001,221,0.77
51,16001,221,0.71
51,18001,221,0.64
51,20001,221,0.62
51,22001,221,0.73
51,24001,221,0.67
51,26001,221,0.61
51,28001,221,0.68
51,30001,221,0.67
51,32001,221,0.63
51,34001,221,0.62
51,36001,221,0.82
51,38001,221,0.6
51,40001,221,0.84
51,42001,221,0.67
51,44001,221,0.73
51,46001,221,0.74
51,48001,221,0.58
51,50001,221,0.6
51,52001,221,0.65
51,54001,221,0.76
51,56001,221,0.71
51,58001,221,0.8
51,60001,221,0.63
51,62001,221,0.64
51,64001,221,0.66
51,65535,221,0.67
51,1,231,0.56
51,2001,231,0.65
51,4001,231,0.68
51,6001,231,0.66
51,8001,231,0.69
51,10001,231,0.68
51,12001,231,0.7
51,14001,231,0.66
51,16001,231,0.77
51,18001,231,0.75
51,20001,231,0.67
51,22001,231,0.73
51,24001,231,0.66
51,26001,231,0.64
51,28001,231,0.67
51,30001,231,0.66
51,32001,231,0.68
51,34001,231,0.7
51,36001,231,0.82
51,38001,231,0.57
51,40001,231,0.62
51,42001,231,0.65
51,44001,231,0.62
51,46001,231,0.67
51,48001,231,0.68
51,50001,231,0.68
51,52001,231,0.7
51,54001,231,0.69
51,56001,231,0.73
51,58001,231,0.62
51,60001,231,0.56
51,62001,231,0.79
51,64001,231,0.7
51,65535,231,0.6
51,1,241,0.59
51,2001,241,0.66
51,4001,241,0.61
51,6001,241,0.57
51,8001,241,0.68
51,10001,241,0.65
51,12001,241,0.61
51,14001,241,0.63
51,16001,241,0.63
51,18001,241,0.69
51,20001,241,0.72
51,22001,241,0.67
51,24001,241,0.53
51,26001,241,0.77
51,28001,241,0.62
51,30001,241,0.65
51,32001,241,0.7
51,34001,241,0.7
51,36001,241,0.69
51,38001,241,0.64
51,40001,241,0.69
51,42001,241,0.58
51,44001,241,0.57
51,46001,241,0.57
51,48001,241,0.59
51,50001,241,0.7
51,52001,241,0.74
51,54001,241,0.73
51,56001,241,0.66
51,58001,241,0.66
51,60001,241,0.56
51,62001,241,0.65
51,64001,241,0.76
51,65535,241,0.72
51,1,251,0.69
51,2001,251,0.65
51,4001,251,0.6
51,6001,251,0.59
51,8001,251,0.61
51,10001,251,0.65
51,12001,251,0.66
51,14001,251,0.69
51,16001,251,0.68
51,18001,251,0.68
51,20001,251,0.67
51,22001,251,0.69
51,24001,251,0.67
51,26001,251,0.74
51,28001,251,0.72
51,30001,251,0.67
51,32001,251,0.74
51,34001,251,0.69
51,36001,251,0.67
51,38001,251,0.61
51,40001,251,0.72
51,42001,251,0.75
51,44001,251,0.63
51,46001,251,0.7
51,48001,251,0.68
51,50001,251,0.53
51,52001,251,0.61
51,54001,251,0.66
51,56001,251,0.68
51,58001,251,0.67
51,60001,251,0.64
51,62001,251,0.63
51,64001,251,0.65
51,65535,251,0.62
51,1,254,0.65
51,2001,254,0.52
51,4001,254,0.49
51,6001,254,0.6
51,8001,254,0.67
51,10001,254,0.67
51,12001,254,0.71
51,14001,254,0.63
51,16001,254,0.64
51,18001,254,0.68
51,20001,254,0.7
51,22001,254,0.69
51,24001,254,0.75
51,26001,254,0.71
51,28001,254,0.72
51,30001,254,0.62
51,32001,254,0.59
51,34001,254,0.59
51,36001,254,0.59
51,38001,254,0.55
51,40001,254,0.66
51,42001,254,0.67
51,44001,254,0.59
51,46001,254,0.82
51,48001,254,0.67
51,50001,254,0.57
51,52001,254,0.61
51,54001,254,0.75
51,56001,254,0.67
51,58001,254,0.62
51,60001,254,0.67
51,62001,254,0.84
51,64001,254,0.7
51,65535,254,0.69
61,1,1,0.98
61,2001,1,1.22
61,4001,1,1.13
61,6001,1,1.1
61,8001,1,1.18
61,10001,1,1.17
61,12001,1,1.15
61,14001,1,1.12
61,16001,1,1.16
61,18001,1,1.19
61,20001,1,1.17
61,22001,1,1.13
61,24001,1,1.14
61,26001,1,1.19
61,28001,1,1.27
61,30001,1,1.16
61,32001,1,1.22
61,34001,1,1.16
61,36001,1,1.14
61,38001,1,1.03
61,40001,1,1.13
61,42001,1,1.33
61,44001,1,1.11
61,46001,1,1.24
61,48001,1,0.99
61,50001,1,1.29
61,52001,1,1.17
61,54001,1,1.31
61,56001,1,1.13
61,58001,1,1.22
61,60001,1,1.11
61,62001,1,1.07
61,64001,1,1.09
61,65535,1,1.11
61,1,11,1.08
61,2001,11,1.11
61,4001,11,1.14
61,6001,11,1.08
61,8001,11,1.05
61,10001,11,1.04
61,12001,11,1.06
61,14001,11,1.09
61,16001,11,1.17
61,18001,11,1.2
61,20001,11,1.07
61,22001,11,1.07
61,24001,11,1.0
61,26001,11,1.01
61,28001,11,0.97
61,30001,11,0.93
61,32001,11,1.2
61,34001,11,0.97
61,36001,11,1.08
61,38001,11,1.08
61,40001,11,1.15
61,42001,11,1.15
61,44001,11,1.12
61,46001,11,1.2
61,48001,11,1.09
61,50001,11,1.18
61,52001,11,1.16
61,54001,11,1.06
61,56001,11,1.09
61,58001,11,1.2
61,60001,11,1.2
61,62001,11,1.11
61,64001,11,1.14
61,65535,11,1.01
61,1,21,1.04
61,2001,21,1.11
61,4001,21,1.1
61,6001,21,1.08
61,8001,21,1.02
61,10001,21,1.11
61,12001,21,1.11
61,14001,21,1.06
61,16001,21,1.06
61,18001,21,0.98
61,20001,21,0.98
61,22001,21,0.92
61,24001,21,1.01
61,26001,21,0.89
61,28001,21,0.85
61,30001,21,0.85
61,32001,21,0.94
61,34001,21,0.96
61,36001,21,1.11
61,38001,21,1.02
61,40001,21,1.02
61,42001,21,1.15
61,44001,21,1.14
61,46001,21,1.13
61,48001,21,1.15
61,50001,21,1.15
61,52001,21,0.96
61,54001,21,1.2
61,56001,21,1.02
61,58001,21,1.13
61,60001,21,1.17
61,62001,21,1.17
61,64001,21,1.09
61,65535,21,1.1
61,1,31,1.14
61,2001,31,1.09
61,4001,31,1.02
61,6001,31,1.05
61,8001,31,1.01
61,10001,31,1.09
61,12001,31,1.13
61,14001,31,1.03
61,16001,31,0.9
61,18001,31,1.02
61,20001,31,0.92
61,22001,31,0.86
61,24001,31,0.87
61,26001,31,0.77
61,28001,31,0.76
61,30001,31,0.82
61,32001,31,0.79
61,34001,31,0.82
61,36001,31,0.93
61,38001,31,0.96
61,40001,31,1.03
61,42001,31,1.19
61,44001,31,1.08
61,46001,31,1.1
61,48001,31,1.09
61,50001,31,0.82
61,52001,31,1.07
61,54001,31,1.06
61,56001,31,1.09
61,58001,31,1.1
61,60001,31,1.27
61,62001,31,1.13
61,64001,31,1.1
61,65535,31,1.14
61,1,41,1.21
61,2001,41,1.06
61,4001,41,1.0
61,6001,41,0.92
61,8001,41,0.99
61,10001,41,1.12
61,12001,41,0.98
61,14001,41,1.05
61,16001,41,0.93
61,18001,41,0.91
61,20001,41,0.86
61,22001,41,0.86
61,24001,41,0.71
61,26001,41,0.75
61,28001,41,0.8
61,30001,41,0.76
61,32001,41,0.79
61,34001,41,0.88
61,36001,41,0.94
61,38001,41,0.84
61,40001,41,1.03
61,42001,41,1.06
61,44001,41,1.04
61,46001,41,1.01
61,48001,41,0.98
61,50001,41,0.93
61,52001,41,1.14
61,54001,41,1.07
61,56001,41,1.17
61,58001,41,1.07
61,60001,41,1.06
61,62001,41,1.23
61,64001,41,1.23
61,65535,41,1.1
61,1,51,0.94
61,2001,51,0.93
61,4001,51,1.04
61,6001,51,1.11
61,8001,51,0.9
61,10001,51,0.93
61,12001,51,1.1
61,14001,51,0.88
61,16001,51,0.95
61,18001,51,0.92
61,20001,51,0.96
61,22001,51,0.88
61,24001,51,0.72
61,26001,51,0.81
61,28001,51,0.77
61,30001,51,0.84
61,32001,51,0.78
61,34001,51,0.78
61,36001,51,0.8
61,38001,51,0.98
61,40001,51,1.06
61,42001,51,1.11
61,44001,51,1.07
61,46001,51,1.08
61,48001,51,0.97
61,50001,51,0.94
61,52001,51,0.96
61,54001,51,0.87
61,56001,51,0.99
61,58001,51,1.01
61,60001,51,0.91
61,62001,51,1.0
61,64001,51,0.91
61,65535,51,0.95
61,1,61,0.85
61,2001,61,0.92
61,4001,61,1.03
61,6001,61,1.03
61,8001,61,1.04
61,10001,61,1.01
61,12001,61,1.12
61,14001,61,0.97
61,16001,61,0.97
61,18001,61,0.87
61,20001,61,0.85
61,22001,61,0.7
61,24001,61,0.82
61,26001,61,0.77
61,28001,61,0.77
61,30001,61,0.74
61,32001,61,0.81
61,34001,61,0.82
61,36001,61,0.78
61,38001,61,0.89
61,40001,61,0.87
61,42001,61,1.07
61,44001,61,0.96
61,46001,61,0.96
61,48001,61,0.83
61,50001,61,0.89
61,52001,61,0.91
61,54001,61,0.85
61,56001,61,0.82
61,58001,61,0.81
61,60001,61,0.81
61,62001,61,0.77
61,64001,61,0.81
61,65535,61,0.87
61,1,71,0.72
61,2001,71,0.79
61,4001,71,0.86
61,6001,71,0.94
61,8001,71,0.92
61,10001,71,1.03
61,12001,71,1.12
61,14001,71,0.92
61,16001,71,0.86
61,18001,71,0.9
61,20001,71,0.91
61,22001,71,0.89
61,24001,71,0.71
61,26001,71,0.75
61,28001,71,0.67
61,30001,71,0.64
61,32001,71,0.73
61,34001,71,0.8
61,36001,71,0.75
61,38001,71,0.91
61,40001,71,1.09
61,42001,71,1.18
61,44001,71,1.01
61,46001,71,0.97
61,48001,71,1.03
61,50001,71,0.84
61,52001,71,0.95
61,54001,71,0.75
61,56001,71,0.83
61,58001,71,0.77
61,60001,71,0.78
61,62001,71,0.89
61,64001,71,0.83
61,65535,71,0.74
61,1,81,0.83
61,2001,81,0.75
61,4001,81,0.8
61,6001,81,0.87
61,8001,81,0.94
61,10001,81,1.01
61,12001,81,1.03
61,14001,81,1.08
61,16001,81,0.86
61,18001,81,0.82
61,20001,81,0.73
61,22001,81,0.77
61,24001,81,0.84
61,26001,81,0.83
61,28001,81,0.8
61,30001,81,0.76
61,32001,81,0.66
61,34001,81,0.85
61,36001,81,0.85
61,38001,81,0.85
61,40001,81,0.75
61,42001,81,0.82
61,44001,81,0.98
61,46001,81,1.08
61,48001,81,1.04
61,50001,81,0.97
61,52001,81,0.9
61,54001,81,0.8
61,56001,81,0.73
61,58001,81,0.71
61,60001,81,0.73
61,62001,81,0.79
61,64001,81,0.84
61,65535,81,0.8
61,1,91,0.67
61,2001,91,0.84
61,4001,91,0.84
61,6001,91,0.93
61,8001,91,1.06
61,10001,91,1.14
61,12001,91,0.98
61,14001,91,0.97
61,16001,91,1.04
61,18001,91,0.84
61,20001,91,0.79
61,22001,91,0.77
61,24001,91,0.71
61,26001,91,0.66
61,28001,91,0.76
61,30001,91,0.73
61,32001,91,0.84
61,34001,91,0.7
61,36001,91,0.69
61,38001,91,0.76
61,40001,91,0.98
61,42001,91,1.05
61,44001,91,0.94
61,46001,91,0.99
61,48001,91,1.08
61,50001,91,0.84
61,52001,91,0.82
61,54001,91,0.82
61,56001,91,0.69
61,58001,91,0.75
61,60001,91,0.72
61,62001,91,0.79
61,64001,91,0.76
61,65535,91,0.78
61,1,101,0.69
61,2001,101,0.68
61,4001,101,0.75
61,6001,101,0.85
61,8001,101,0.95
61,10001,101,0.98
61,12001,101,0.91
61,14001,101,0.8
61,16001,101,0.99
61,18001,101,0.78
61,20001,101,0.7
61,22001,101,0.74
61,24001,101,0.74
61,26001,101,0.73
61,28001,101,0.7
61,30001,101,0.79
61,32001,101,0.72
61,34001,101,0.7
61,36001,101,0.77
61,38001,101,0.93
61,40001,101,0.91
61,42001,101,0.91
61,44001,101,0.92
61,46001,101,0.82
61,48001,101,0.89
61,50001,101,0.99
61,52001,101,0.99
61,54001,101,0.74
61,56001,101,0.89
61,58001,101,0.89
61,60001,101,0.65
61,62001,101,0.64
61,64001,101,0.68
61,65535,101,0.8
61,1,111,0.71
61,2001,111,0.74
61,4001,111,0.78
61,6001,111,0.78
61,8001,111,1.04
61,10001,111,1.07
61,12001,111,1.04
61,14001,111,0.98
61,16001,111,0.81
61,18001,111,0.76
61,20001,111,0.83
61,22001,111,0.88
61,24001,111,0.63
61,26001,111,0.68
61,28001,111,0.65
61,30001,111,0.76
61,32001,111,0.79
61,34001,111,0.72
61,36001,111,0.92
61,38001,111,0.85
61,40001,111,0.76
61,42001,111,0.8
61,44001,111,1.08
61,46001,111,0.9
61,48001,111,0.93
61,50001,111,0.87
61,52001,111,0.89
61,54001,111,0.74
61,56001,111,0.78
61,58001,111,0.83
61,60001,111,0.75
61,62001,111,0.72
61,64001,111,0.83
61,65535,111,0.6
61,1,121,0.81
61,2001,121,0.72
61,4001,121,0.74
61,6001,121,0.86
61,8001,121,0.88
61,10001,121,0.95
61,12001,121,0.95
61,14001,121,0.9
61,16001,121,0.9
61,18001,121,0.82
61,20001,121,0.76
61,22001,121,0.85
61,24001,121,0.77
61,26001,121,0.74
61,28001,121,0.77
61,30001,121,0.78
61,32001,121,0.69
61,34001,121,0.65
61,36001,121,0.72
61,38001,121,0.82
61,40001,121,0.74
61,42001,121,0.94
61,44001,121,0.95
61,46001,121,0.93
61,48001,121,0.87
61,50001,121,0.8
61,52001,121,0.85
61,54001,121,0.84
61,56001,121,0.82
61,58001,121,0.78
61,60001,121,0.76
61,62001,121,0.71
61,64001,121,0.67
61,65535,121,0.65
61,1,131,0.69
61,2001,131,0.69
61,4001,131,0.8
61,6001,131,0.86
61,8001,131,0.86
61,10001,131,0.99
61,12001,131,1.06
61,14001,131,0.85
61,16001,131,0.71
61,18001,131,0.75
61,20001,131,0.79
61,22001,131,0.78
61,24001,131,0.74
61,26001,131,0.73
61,28001,131,0.71
61,30001,131,0.7
61,32001,131,0.79
61,34001,131,0.74
61,36001,131,0.7
61,38001,131,0.77
61,40001,131,0.79
61,42001,131,0.8
61,44001,131,0.97
61,46001,131,0.94
61,48001,131,0.75
61,50001,131,0.87
61,52001,131,0.73
61,54001,131,0.78
61,56001,131,0.79
61,58001,131,0.79
61,60001,131,0.81
61,62001,131,0.74
61,64001,131,0.66
61,65535,131,0.62
61,1,141,0.78
61,2001,141,0.76
61,4001,141,0.84
61,6001,141,0.81
61,8001,141,0.96
61,10001,141,0.89
61,12001,141,0.86
61,14001,141,0.89
61,16001,141,0.84
61,18001,141,0.76
61,20001,141,0.78
61,22001,141,0.76
61,24001,141,0.73
61,26001,141,0.73
61,28001,141,0.78
61,30001,141,0.71
61,32001,141,0.76
61,34001,141,0.75
61,36001,141,0.74
61,38001,141,0.7
61,40001,141,0.76
61,42001,141,0.86
61,44001,141,0.94
61,46001,141,0.85
61,48001,141,0.8
61,50001,141,0.86
61,52001,141,0.8
61,54001,141,0.82
61,56001,141,0.83
61,58001,141,0.76
61,60001,141,0.66
61,62001,141,0.68
61,64001,141,0.7
61,65535,141,0.7
61,1,151,0.71
61,2001,151,0.71
61,4001,151,0.68
61,6001,151,0.77
61,8001,151,1.1
61,10001,151,0.94
61,12001,151,1.05
61,14001,151,0.86
61,16001,151,0.84
61,18001,151,0.77
61,20001,151,0.76
61,22001,151,0.7
61,24001,151,0.62
61,26001,151,0.84
61,28001,151,0.71
61,30001,151,0.66
61,32001,151,0.63
61,34001,151,0.69
61,36001,151,0.78
61,38001,151,0.75
61,40001,151,0.77
61,42001,151,0.81
61,44001,151,0.95
61,46001,151,0.84
61,48001,151,0.76
61,50001,151,0.79
61,52001,151,0.78
61,54001,151,0.85
61,56001,151,0.87
61,58001,151,0.83
61,60001,151,0.72
61,62001,151,0.63
61,64001,151,0.69
61,65535,151,0.69
61,1,161,0.65
61,2001,161,0.73
61,4001,161,0.84
61,6001,161,0.68
61,8001,161,0.86
61,10001,161,0.93
61,12001,161,1.1
61,14001,161,0.87
61,16001,161,0.8
61,18001,161,0.74
61,20001,161,0.73
61,22001,161,0.78
61,24001,161,0.74
61,26001,161,0.74
61,28001,161,0.62
61,30001,161,0.66
61,32001,161,0.72
61,34001,161,0.69
61,36001,161,0.62
61,38001,161,0.88
61,40001,161,0.82
61,42001,161,0.9
61,44001,161,0.86
61,46001,161,0.83
61,48001,161,0.75
61,50001,161,0.78
61,52001,161,0.84
61,54001,161,0.8
61,56001,161,0.91
61,58001,161,0.74
61,60001,161,0.71
61,62001,161,0.68
61,64001,161,0.6
61,65535,161,0.62
61,1,171,0.69
61,2001,171,0.71
61,4001,171,0.75
61,6001,171,0.73
61,8001,171,0.9
61,10001,171,1.02
61,12001,171,0.97
61,14001,171,0.79
61,16001,171,0.8
61,18001,171,0.87
61,20001,171,0.66
61,22001,171,0.72
61,24001,171,0.73
61,26001,171,0.75
61,28001,171,0.66
61,30001,171,0.72
61,32001,171,0.68
61,34001,171,0.68
61,36001,171,0.75
61,38001,171,0.71
61,40001,171,0.75
61,42001,171,0.79
61,44001,171,0.88
61,46001,171,0.78
61,48001,171,0.75
61,50001,171,0.66
61,52001,171,0.76
61,54001,171,0.77
61,56001,171,0.79
61,58001,171,0.79
61,60001,171,0.75
61,62001,171,0.75
61,64001,171,0.75
61,65535,171,0.76
61,1,181,0.64
61,2001,181,0.72
61,4001,181,0.62
61,6001,181,0.88
61,8001,181,0.85
61,10001,181,0.97
61,12001,181,0.85
61,14001,181,0.82
61,16001,181,0.76
61,18001,181,0.75
61,20001,181,0.72
61,22001,181,0.67
61,24001,181,0.71
61,26001,181,0.6
61,28001,181,0.6
61,30001,181,0.72
61,32001,181,0.84
61,34001,181,0.78
61,36001,181,0.66
61,38001,181,0.67
61,40001,181,0.76
61,42001,181,0.79
61,44001,181,0.69
61,46001,181,0.71
61,48001,181,0.76
61,50001,181,0.66
61,52001,181,0.68
61,54001,181,0.67
61,56001,181,0.77
61,58001,181,0.67
61,60001,181,0.6
61,62001,181,0.75
61,64001,181,0.6
61,65535,181,0.83
61,1,191,0.67
61,2001,191,0.64
61,4001,191,0.75
61,6001,191,0.72
61,8001,191,0.84
61,10001,191,0.9
61,12001,191,0.98
61,14001,191,0.88
61,16001,191,0.75
61,18001,191,0.95
61,20001,191,0.78
61,22001,191,0.76
61,24001,191,0.69
61,26001,191,0.6
61,28001,191,0.62
61,30001,191,0.73
61,32001,191,0.73
61,34001,191,0.73
61,36001,191,0.62
61,38001,191,0.54
61,40001,191,0.77
61,42001,191,0.81
61,44001,191,0.81
61,46001,191,0.72
61,48001,191,0.66
61,50001,191,0.65
61,52001,191,0.67
61,54001,191,0.8
61,56001,191,0.7
61,58001,191,0.63
61,60001,191,0.64
61,62001,191,0.67
61,64001,191,0.62
61,65535,191,0.72
61,1,201,0.64
61,2001,201,0.64
61,4001,201,0.67
61,6001,201,0.88
61,8001,201,0.76
61,10001,201,0.9
61,12001,201,1.06
61,14001,201,0.89
61,16001,201,0.78
61,18001,201,0.76
61,20001,201,0.78
61,22001,201,0.64
61,24001,201,0.65
61,26001,201,0.59
61,28001,201,0.66
61,30001,201,0.69
61,32001,201,0.77
61,34001,201,0.8
61,36001,201,0.67
61,38001,201,0.7
61,40001,201,0.78
61,42001,201,0.85
61,44001,201,0.75
61,46001,201,0.78
61,48001,201,0.76
61,50001,201,0.74
61,52001,201,0.73
61,54001,201,0.67
61,56001,201,0.68
61,58001,201,0.83
61,60001,201,0.72
61,62001,201,0.71
61,64001,201,0.72
61,65535,201,0.71
61,1,211,0.66
61,2001,211,0.59
61,4001,211,0.67
61,6001,211,0.74
61,8001,211,0.84
61,10001,211,0.89
61,12001,211,0.94
61,14001,211,0.95
61,16001,211,0.7
61,18001,211,0.8
61,20001,211,0.72
61,22001,211,0.8
61,24001,211,0.72
61,26001,211,0.62
61,28001,211,0.74
61,30001,211,0.69
61,32001,211,0.66
61,34001,211,0.67
61,36001,211,0.71
61,38001,211,0.72
61,40001,211,0.69
61,42001,211,0.75
61,44001,211,0.78
61,46001,211,0.7
61,48001,211,0.68
61,50001,211,0.66
61,52001,211,0.68
61,54001,211,0.71
61,56001,211,0.73
61,58001,211,0.73
61,60001,211,0.68
61,62001,211,0.8
61,64001,211,0.67
61,65535,211,0.63
61,1,221,0.64
61,2001,221,0.78
61,4001,221,0.75
61,6001,221,0.66
61,8001,221,0.68
61,10001,221,0.82
61,12001,221,0.75
61,14001,221,0.75
61,16001,221,0.93
61,18001,221,0.72
61,20001,221,0.76
61,22001,221,0.63
61,24001,221,0.71
61,26001,221,0.67
61,28001,221,0.59
61,30001,221,0.67
61,32001,221,0.77
61,34001,221,0.71
61,36001,221,0.75
61,38001,221,0.69
61,40001,221,0.77
61,42001,221,0.8
61,44001,221,0.65
61,46001,221,0.73
61,48001,221,0.75
61,50001,221,0.77
61,52001,221,0.68
61,54001,221,0.6
61,56001,221,0.85
61,58001,221,0.62
61,60001,221,0.74
61,62001,221,0.75
61,64001,221,0.62
61,65535,221,0.65
61,1,231,0.66
61,2001,231,0.79
61,4001,231,0.73
61,6001,231,0.73
61,8001,231,0.77
61,10001,231,0.77
61,12001,231,0.76
61,14001,231,0.77
61,16001,231,0.75
61,18001,231,0.87
61,20001,231,0.6
61,22001,231,0.65
61,24001,231,0.66
61,26001,231,0.71
61,28001,231,0.68
61,30001,231,0.69
61,32001,231,0.67
61,34001,231,0.71
61,36001,231,0.65
61,38001,231,0.79
61,40001,231,0.66
61,42001,231,0.72
61,44001,231,0.69
61,46001,231,0.78
61,48001,231,0.62
61,50001,231,0.74
61,52001,231,0.72
61,54001,231,0.6
61,56001,231,0.76
61,58001,231,0.74
61,60001,231,0.7
61,62001,231,0.65
61,64001,231,0.64
61,65535,231,0.59
61,1,241,0.64
61,2001,241,0.66
61,4001,241,0.65
61,6001,241,0.62
61,8001,241,0.66
61,10001,241,0.83
61,12001,241,0.67
61,14001,241,0.69
61,16001,241,0.76
61,18001,241,0.68
61,20001,241,0.67
61,22001,241,0.67
61,24001,241,0.64
61,26001,241,0.64
61,28001,241,0.58
61,30001,241,0.62
61,32001,241,0.8
61,34001,241,0.73
61,36001,241,0.65
61,38001,241,0.66
61,40001,241,0.65
61,42001,241,0.75
61,44001,241,0.8
61,46001,241,0.82
61,48001,241,0.63
61,50001,241,0.66
61,52001,241,0.61
61,54001,241,0.61
61,56001,241,0.76
61,58001,241,0.77
61,60001,241,0.67
61,62001,241,0.6
61,64001,241,0.7
61,65535,241,0.67
61,1,251,0.67
61,2001,251,0.61
61,4001,251,0.62
61,6001,251,0.65
61,8001,251,0.69
61,10001,251,0.77
61,12001,251,0.76
61,14001,251,0.81
61,16001,251,0.69
61,18001,251,0.73
61,20001,251,0.7
61,22001,251,0.65
61,24001,251,0.62
61,26001,251,0.77
61,28001,251,0.63
61,30001,251,0.65
61,32001,251,0.62
61,34001,251,0.69
61,36001,251,0.7
61,38001,251,0.69
61,40001,251,0.7
61,42001,251,0.83
61,44001,251,0.69
61,46001,251,0.7
61,48001,251,0.7
61,50001,251,0.64
61,52001,251,0.71
61,54001,251,0.63
61,56001,251,0.86
61,58001,251,0.75
61,60001,251,0.74
61,62001,251,0.7
61,64001,251,0.7
61,65535,251,0.73
61,1,254,0.72
61,2001,254,0.63
61,4001,254,0.64
61,6001,254,0.6
61,8001,254,0.75
61,10001,254,0.68
61,12001,254,0.68
61,14001,254,0.74
61,16001,254,0.8
61,18001,254,0.67
61,20001,254,0.59
61,22001,254,0.77
61,24001,254,0.65
61,26001,254,0.62
61,28001,254,0.52
61,30001,254,0.53
61,32001,254,0.65
61,34001,254,0.72
61,36001,254,0.75
61,38001,254,0.68
61,40001,254,0.78
61,42001,254,0.66
61,44001,254,0.66
61,46001,254,0.65
61,48001,254,0.66
61,50001,254,0.8
61,52001,254,0.67
61,54001,254,0.79
61,56001,254,0.68
61,58001,254,0.63
61,60001,254,0.65
61,62001,254,0.69
61,64001,254,0.75
61,65535,254,0.74
71,1,1,1.43
71,2001,1,1.41
71,4001,1,1.38
71,6001,1,1.35
71,8001,1,1.36
71,10001,1,1.29
71,12001,1,1.27
71,14001,1,1.29
71,16001,1,1.24
71,18001,1,1.3
71,20001,1,1.28
71,22001,1,1.36
71,24001,1,1.18
71,26001,1,1.3
71,28001,1,1.42
71,30001,1,1.29
71,32001,1,1.3
71,34001,1,1.27
71,36001,1,1.38
71,38001,1,1.22
71,40001,1,1.32
71,42001,1,1.28
71,44001,1,1.39
71,46001,1,1.3
71,48001,1,1.31
71,50001,1,1.26
71,52001,1,1.3
71,54001,1,1.31
71,56001,1,1.3
71,58001,1,1.36
71,60001,1,1.25
71,62001,1,1.29
71,64001,1,1.21
71,65535,1,1.26
71,1,11,1.13
71,2001,11,1.13
71,4001,11,1.12
71,6001,11,1.33
71,8001,11,1.28
71,10001,11,1.25
71,12001,11,1.15
71,14001,11,1.24
71,16001,11,1.24
71,18001,11,1.23
71,20001,11,1.32
71,22001,11,1.22
71,24001,11,1.13
71,26001,11,1.13
71,28001,11,1.1
71,30001,11,1.12
71,32001,11,1.24
71,34001,11,1.28
71,36001,11,1.29
71,38001,11,1.28
71,40001,11,1.34
71,42001,11,1.34
71,44001,11,1.23
71,46001,11,1.31
71,48001,11,1.26
71,50001,11,1.2
71,52001,11,1.37
71,54001,11,1.33
71,56001,11,1.44
71,58001,11,1.3
71,60001,11,1.24
71,62001,11,1.26
71,64001,11,1.24
71,65535,11,1.22
71,1,21,1.18
71,2001,21,1.15
71,4001,21,1.18
71,6001,21,1.21
71,8001,21,1.37
71,10001,21,1.17
71,12001,21,1.2
71,14001,21,1.26
71,16001,21,1.17
71,18001,21,1.07
71,20001,21,1.04
71,22001,21,1.16
71,24001,21,1.07
71,26001,21,1.05
71,28001,21,1.1
71,30001,21,1.03
71,32001,21,1.03
71,34001,21,1.07
71,36001,21,1.14
71,38001,21,1.21
71,40001,21,1.38
71,42001,21,1.37
71,44001,21,1.36
71,46001,21,1.29
71,48001,21,1.29
71,50001,21,1.22
71,52001,21,1.29
71,54001,21,1.37
71,56001,21,1.33
71,58001,21,1.33
71,60001,21,1.26
71,62001,21,1.22
71,64001,21,1.17
71,65535,21,1.22
71,1,31,1.09
71,2001,31,1.12
71,4001,31,1.19
71,6001,31,1.13
71,8001,31,1.14
71,10001,31,1.19
71,12001,31,1.25
71,14001,31,1.25
71,16001,31,1.14
71,18001,31,1.05
71,20001,31,1.09
71,22001,31,0.99
71,24001,31,0.92
71,26001,31,0.93
71,28001,31,0.87
71,30001,31,1.01
71,32001,31,0.95
71,34001,31,1.07
71,36001,31,1.04
71,38001,31,1.07
71,40001,31,1.27
71,42001,31,1.3
71,44001,31,1.39
71,46001,31,1.18
71,48001,31,1.16
71,50001,31,1.23
71,52001,31,1.35
71,54001,31,1.2
71,56001,31,1.38
71,58001,31,1.28
71,60001,31,1.31
71,62001,31,1.31
71,64001,31,1.33
71,65535,31,1.23
71,1,41,1.32
71,2001,41,1.22
71,4001,41,1.26
71,6001,41,1.17
71,8001,41,1.11
71,10001,41,1.26
71,12001,41,1.24
71,14001,41,1.22
71,16001,41,1.17
71,18001,41,0.85
71,20001,41,0.96
71,22001,41,0.92
71,24001,41,1.07
71,26001,41,0.89
71,28001,41,0.88
71,30001,41,0.9
71,32001,41,1.02
71,34001,41,0.98
71,36001,41,0.94
71,38001,41,1.08
71,40001,41,1.21
71,42001,41,1.21
71,44001,41,1.21
71,46001,41,1.08
71,48001,41,1.17
71,50001,41,1.13
71,52001,41,1.23
71,54001,41,1.27
71,56001,41,1.25
71,58001,41,1.27
71,60001,41,1.26
71,62001,41,1.31
71,64001,41,1.27
71,65535,41,1.21
71,1,51,0.97
71,2001,51,1.16
71,4001,51,1.09
71,6001,51,1.12
71,8001,51,1.05
71,10001,51,1.17
71,12001,51,1.19
71,14001,51,1.19
71,16001,51,1.08
71,18001,51,0.92
71,20001,51,0.93
71,22001,51,0.93
71,24001,51,0.83
71,26001,51,0.83
71,28001,51,0.74
71,30001,51,0.8
71,32001,51,0.87
71,34001,51,0.91
71,36001,51,0.92
71,38001,51,0.9
71,40001,51,1.18
71,42001,51,1.34
71,44001,51,1.21
71,46001,51,1.14
71,48001,51,1.1
71,50001,51,1.03
71,52001,51,1.04
71,54001,51,0.96
71,56001,51,1.08
71,58001,51,0.96
71,60001,51,0.96
71,62001,51,0.91
71,64001,51,1.01
71,65535,51,1.07
71,1,61,0.93
71,2001,61,0.49
71,4001,61,0.85
71,6001,61,1.21
71,8001,61,1.0
71,10001,61,1.09
71,12001,61,1.21
71,14001,61,1.19
71,16001,61,1.05
71,18001,61,0.89
71,20001,61,0.86
71,22001,61,0.82
71,24001,61,0.81
71,26001,61,0.84
71,28001,61,0.87
71,30001,61,0.9
71,32001,61,0.84
71,34001,61,0.79
71,36001,61,0.92
71,38001,61,0.97
71,40001,61,1.2
71,42001,61,1.13
71,44001,61,1.19
71,46001,61,1.09
71,48001,61,1.24
71,50001,61,1.11
71,52001,61,0.99
71,54001,61,0.82
71,56001,61,0.91
71,58001,61,0.93
71,60001,61,0.86
71,62001,61,0.86
71,64001,61,0.91
71,65535,61,0.99
71,1,71,0.9
71,2001,71,0.92
71,4001,71,1.04
71,6001,71,1.1
71,8001,71,1.05
71,10001,71,1.15
71,12001,71,1.06
71,14001,71,1.1
71,16001,71,1.08
71,18001,71,0.93
71,20001,71,0.98
71,22001,71,0.76
71,24001,71,0.64
71,26001,71,0.88
71,28001,71,0.89
71,30001,71,0.87
71,32001,71,0.75
71,34001,71,0.84
71,36001,71,0.86
71,38001,71,0.97
71,40001,71,1.02
71,42001,71,1.25
71,44001,71,1.16
71,46001,71,1.05
71,48001,71,1.06
71,50001,71,1.02
71,52001,71,1.07
71,54001,71,1.01
71,56001,71,0.77
71,58001,71,0.76
71,60001,71,0.8
71,62001,71,0.99
71,64001,71,0.84
71,65535,71,0.85
71,1,81,0.77
71,2001,81,0.88
71,4001,81,0.91
71,6001,81,1.12
71,8001,81,1.11
71,10001,81,1.19
71,12001,81,1.07
71,14001,81,1.18
71,16001,81,1.08
71,18001,81,0.91
71,20001,81,0.85
71,22001,81,0.96
71,24001,81,0.78
71,26001,81,0.79
71,28001,81,0.68
71,30001,81,0.82
71,32001,81,0.75
71,34001,81,0.9
71,36001,81,1.0
71,38001,81,0.94
71,40001,81,1.05
71,42001,81,1.05
71,44001,81,1.03
71,46001,81,0.99
71,48001,81,1.16
71,50001,81,1.04
71,52001,81,0.94
71,54001,81,0.83
71,56001,81,0.85
71,58001,81,0.87
71,60001,81,0.86
71,62001,81,0.84
71,64001,81,0.82
71,65535,81,0.83
71,1,91,0.8
71,2001,91,1.03
71,4001,91,0.86
71,6001,91,1.03
71,8001,91,1.14
71,10001,91,1.08
71,12001,91,1.15
71,14001,91,1.06
71,16001,91,0.94
71,18001,91,0.9
71,20001,91,0.83
71,22001,91,0.89
71,24001,91,0.8
71,26001,91,0.68
71,28001,91,0.86
71,30001,91,0.79
71,32001,91,0.85
71,34001,91,0.8
71,36001,91,0.71
71,38001,91,0.77
71,40001,91,0.86
71,42001,91,1.01
71,44001,91,1.05
71,46001,91,1.15
71,48001,91,1.14
71,50001,91,1.04
71,52001,91,1.0
71,54001,91,0.96
71,56001,91,0.9
71,58001,91,0.78
71,60001,91,0.77
71,62001,91,0.86
71,64001,91,0.71
71,65535,91,0.81
71,1,101,0.85
71,2001,101,0.86
71,4001,101,0.82
71,6001,101,1.1
71,8001,101,1.09
71,10001,101,0.96
71,12001,101,1.18
71,14001,101,1.03
71,16001,101,1.03
71,18001,101,0.95
71,20001,101,0.81
71,22001,101,0.83
71,24001,101,0.87
71,26001,101,0.68
71,28001,101,0.86
71,30001,101,0.77
71,32001,101,0.82
71,34001,101,0.8
71,36001,101,0.75
71,38001,101,0.8
71,40001,101,0.98
71,42001,101,1.0
71,44001,101,0.97
71,46001,101,1.07
71,48001,101,1.03
71,50001,101,1.03
71,52001,101,0.92
71,54001,101,0.89
71,56001,101,0.87
71,58001,101,0.84
71,60001,101,0.83
71,62001,101,0.76
71,64001,101,0.73
71,65535,101,0.79
71,1,111,0.91
71,2001,111,0.81
71,4001,111,0.94
71,6001,111,0.96
71,8001,111,1.09
71,10001,111,1.06
71,12001,111,1.14
71,14001,111,1.0
71,16001,111,0.97
71,18001,111,0.88
71,20001,111,0.75
71,22001,111,0.82
71,24001,111,0.88
71,26001,111,0.73
71,28001,111,0.62
71,30001,111,0.75
71,32001,111,0.76
71,34001,111,0.92
71,36001,111,0.89
71,38001,111,0.91
71,40001,111,0.81
71,42001,111,0.98
71,44001,111,1.02
71,46001,111,1.15
71,48001,111,1.04
71,50001,111,0.95
71,52001,111,0.9
71,54001,111,0.92
71,56001,111,0.89
71,58001,111,0.89
71,60001,111,0.8
71,62001,111,0.8
71,64001,111,0.73
71,65535,111,0.78
71,1,121,0.7
71,2001,121,0.65
71,4001,121,0.88
71,6001,121,0.88
71,8001,121,0.94
71,10001,121,1.05
71,12001,121,0.97
71,14001,121,0.92
71,16001,121,0.92
71,18001,121,0.89
71,20001,121,0.84
71,22001,121,0.84
71,24001,121,0.8
71,26001,121,0.89
71,28001,121,0.83
71,30001,121,0.81
71,32001,121,0.77
71,34001,121,0.66
71,36001,121,0.81
71,38001,121,0.76
71,40001,121,0.88
71,42001,121,1.04
71,44001,121,1.16
71,46001,121,1.1
71,48001,121,1.0
71,50001,121,0.92
71,52001,121,0.91
71,54001,121,0.97
71,56001,121,0.84
71,58001,121,0.82
71,60001,121,0.8
71,62001,121,0.8
71,64001,121,0.76
71,65535,121,0.88
71,1,131,0.82
71,2001,131,0.76
71,4001,131,0.67
71,6001,131,0.79
71,8001,131,1.03
71,10001,131,1.02
71,12001,131,1.13
71,14001,131,1.09
71,16001,131,1.13
71,18001,131,0.88
71,20001,131,0.81
71,22001,131,0.83
71,24001,131,0.74
71,26001,131,0.68
71,28001,131,0.73
71,30001,131,0.7
71,32001,131,0.6
71,34001,131,0.62
71,36001,131,0.59
71,38001,131,0.75
71,40001,131,0.77
71,42001,131,1.03
71,44001,131,1.18
71,46001,131,0.99
71,48001,131,0.85
71,50001,131,0.94
71,52001,131,0.94
71,54001,131,1.02
71,56001,131,0.79
71,58001,131,0.76
71,60001,131,0.75
71,62001,131,0.81
71,64001,131,0.83
71,65535,131,0.75
71,1,141,0.77
71,2001,141,0.79
71,4001,141,0.7
71,6001,141,0.7
71,8001,141,1.11
71,10001,141,1.18
71,12001,141,1.04
71,14001,141,1.05
71,16001,141,0.92
71,18001,141,0.85
71,20001,141,0.85
71,22001,141,0.75
71,24001,141,0.72
71,26001,141,0.78
71,28001,141,0.79
71,30001,141,0.74
71,32001,141,0.78
71,34001,141,0.75
71,36001,141,0.88
71,38001,141,0.84
71,40001,141,0.87
71,42001,141,1.0
71,44001,141,0.97
71,46001,141,1.03
71,48001,141,1.0
71,50001,141,0.81
71,52001,141,0.94
71,54001,141,0.82
71,56001,141,0.87
71,58001,141,0.86
71,60001,141,0.72
71,62001,141,0.7
71,64001,141,0.74
71,65535,141,0.69
71,1,151,0.68
71,2001,151,0.66
71,4001,151,0.71
71,6001,151,0.76
71,8001,151,0.95
71,10001,151,1.1
71,12001,151,0.96
71,14001,151,1.0
71,16001,151,0.94
71,18001,151,0.78
71,20001,151,0.8
71,22001,151,0.8
71,24001,151,0.77
71,26001,151,0.73
71,28001,151,0.74
71,30001,151,0.72
71,32001,151,0.62
71,34001,151,0.86
71,36001,151,0.8
71,38001,151,0.86
71,40001,151,0.91
71,42001,151,0.89
71,44001,151,0.92
71,46001,151,0.9
71,48001,151,0.86
71,50001,151,0.76
71,52001,151,0.82
71,54001,151,0.84
71,56001,151,0.8
71,58001,151,0.69
71,60001,151,0.66
71,62001,151,0.64
71,64001,151,0.7
71,65535,151,0.75
71,1,161,0.75
71,2001,161,0.8
71,4001,161,0.77
71,6001,161,0.92
71,8001,161,0.99
71,10001,161,1.1
71,12001,161,1.07
71,14001,161,1.03
71,16001,161,0.83
71,18001,161,0.88
71,20001,161,0.86
71,22001,161,0.85
71,24001,161,0.69
71,26001,161,0.78
71,28001,161,0.63
71,30001,161,0.66
71,32001,161,0.64
71,34001,161,0.8
71,36001,161,0.82
71,38001,161,0.73
71,40001,161,0.79
71,42001,161,0.8
71,44001,161,0.92
71,46001,161,0.92
71,48001,161,0.89
71,50001,161,0.83
71,52001,161,0.9
71,54001,161,0.86
71,56001,161,0.72
71,58001,161,0.77
71,60001,161,0.86
71,62001,161,0.66
71,64001,161,0.8
71,65535,161,0.77
71,1,171,0.78
71,2001,171,0.8
71,4001,171,0.75
71,6001,171,0.91
71,8001,171,0.89
71,10001,171,1.03
71,12001,171,1.02
71,14001,171,0.88
71,16001,171,0.76
71,18001,171,0.74
71,20001,171,0.91
71,22001,171,0.78
71,24001,171,0.72
71,26001,171,0.6
71,28001,171,0.67
71,30001,171,0.71
71,32001,171,0.8
71,34001,171,0.79
71,36001,171,0.72
71,38001,171,0.71
71,40001,171,0.75
71,42001,171,0.86
71,44001,171,0.91
71,46001,171,0.83
71,48001,171,0.86
71,50001,171,0.8
71,52001,171,0.88
71,54001,171,0.83
71,56001,171,0.84
71,58001,171,0.76
71,60001,171,0.75
71,62001,171,0.8
71,64001,171,0.65
71,65535,171,0.72
71,1,181,0.6
71,2001,181,0.56
71,4001,181,0.67
71,6001,181,0.93
71,8001,181,0.99
71,10001,181,0.91
71,12001,181,0.99
71,14001,181,1.0
71,16001,181,0.8
71,18001,181,0.79
71,20001,181,0.82
71,22001,181,0.69
71,24001,181,0.71
71,26001,181,0.81
71,28001,181,0.74
71,30001,181,0.73
71,32001,181,0.72
71,34001,181,0.77
71,36001,181,0.74
71,38001,181,0.7
71,40001,181,0.77
71,42001,181,0.77
71,44001,181,0.78
71,46001,181,0.83
71,48001,181,0.64
71,50001,181,0.85
71,52001,181,0.77
71,54001,181,0.77
71,56001,181,0.74
71,58001,181,0.8
71,60001,181,0.82
71,62001,181,0.75
71,64001,181,0.63
71,65535,181,0.62
71,1,191,0.69
71,2001,191,0.64
71,4001,191,0.77
71,6001,191,0.77
71,8001,191,0.85
71,10001,191,0.93
71,12001,191,1.05
71,14001,191,0.97
71,16001,191,0.81
71,18001,191,0.78
71,20001,191,0.74
71,22001,191,0.9
71,24001,191,0.67
71,26001,191,0.64
71,28001,191,0.78
71,30001,191,0.78
71,32001,191,0.69
71,34001,191,0.76
71,36001,191,0.72
71,38001,191,0.67
71,40001,191,0.77
71,42001,191,0.81
71,44001,191,0.94
71,46001,191,0.74
71,48001,191,0.74
71,50001,191,0.74
71,52001,191,0.79
71,54001,191,0.92
71,56001,191,0.78
71,58001,191,0.9
71,60001,191,0.72
71,62001,191,0.75
71,64001,191,0.67
71,65535,191,0.67
71,1,201,0.63
71,2001,201,0.8
71,4001,201,0.72
71,6001,201,0.73
71,8001,201,1.02
71,10001,201,0.99
71,12001,201,0.81
71,14001,201,1.01
71,16001,201,0.75
71,18001,201,0.82
71,20001,201,0.74
71,22001,201,0.79
71,24001,201,0.62
71,26001,201,0.73
71,28001,201,0.62
71,30001,201,0.68
71,32001,201,0.82
71,34001,201,0.81
71,36001,201,0.66
71,38001,201,0.74
71,40001,201,0.65
71,42001,201,0.74
71,44001,201,0.85
71,46001,201,0.77
71,48001,201,0.73
71,50001,201,0.75
71,52001,201,0.67
71,54001,201,0.87
71,56001,201,0.7
71,58001,201,0.84
71,60001,201,0.71
71,62001,201,0.73
71,64001,201,0.71
71,65535,201,0.72
71,1,211,0.65
71,2001,211,0.71
71,4001,211,0.76
71,6001,211,0.77
71,8001,211,0.8
71,10001,211,0.94
71,12001,211,0.94
71,14001,211,0.91
71,16001,211,0.78
71,18001,211,0.81
71,20001,211,0.71
71,22001,211,0.69
71,24001,211,0.72
71,26001,211,0.72
71,28001,211,0.61
71,30001,211,0.68
71,32001,211,0.67
71,34001,211,0.7
71,36001,211,0.85
71,38001,211,0.72
71,40001,211,0.75
71,42001,211,0.79
71,44001,211,0.82
71,46001,211,0.73
71,48001,211,0.7
71,50001,211,0.71
71,52001,211,0.78
71,54001,211,0.81
71,56001,211,0.66
71,58001,211,0.67
71,60001,211,0.61
71,62001,211,0.67
71,64001,211,0.74
71,65535,211,0.68
71,1,221,0.64
71,2001,221,0.76
71,4001,221,0.73
71,6001,221,0.77
71,8001,221,0.85
71,10001,221,0.85
71,12001,221,0.93
71,14001,221,0.9
71,16001,221,0.7
71,18001,221,0.81
71,20001,221,0.74
71,22001,221,0.69
71,24001,221,0.65
71,26001,221,0.61
71,28001,221,0.61
71,30001,221,0.69
71,32001,221,0.66
71,34001,221,0.7
71,36001,221,0.75
71,38001,221,0.74
71,40001,221,0.71
71,42001,221,0.74
71,44001,221,0.77
71,46001,221,0.73
71,48001,221,0.71
71,50001,221,0.76
71,52001,221,0.77
71,54001,221,0.85
71,56001,221,0.71
71,58001,221,0.7
71,60001,221,0.71
71,62001,221,0.54
71,64001,221,0.58
71,65535,221,0.72
71,1,231,0.65
71,2001,231,0.74
71,4001,231,0.81
71,6001,231,0.88
71,8001,231,0.76
71,10001,231,0.76
71,12001,231,0.84
71,14001,231,0.73
71,16001,231,0.81
71,18001,231,0.67
71,20001,231,0.67
71,22001,231,0.7
71,24001,231,0.7
71,26001,231,0.7
71,28001,231,0.73
71,30001,231,0.66
71,32001,231,0.77
71,34001,231,0.63
71,36001,231,0.72
71,38001,231,0.62
71,40001,231,0.73
71,42001,231,0.75
71,44001,231,0.77
71,46001,231,0.8
71,48001,231,0.66
71,50001,231,0.65
71,52001,231,0.77
71,54001,231,0.71
71,56001,231,0.78
71,58001,231,0.72
71,60001,231,0.81
71,62001,231,0.72
71,64001,231,0.71
71,65535,231,0.72
71,1,241,0.75
71,2001,241,0.95
71,4001,241,0.64
71,6001,241,0.71
71,8001,241,0.75
71,10001,241,0.75
71,12001,241,0.85
71,14001,241,0.89
71,16001,241,0.81
71,18001,241,0.76
71,20001,241,0.68
71,22001,241,0.74
71,24001,241,0.61
71,26001,241,0.78
71,28001,241,0.79
71,30001,241,0.72
71,32001,241,0.71
71,34001,241,0.78
71,36001,241,0.68
71,38001,241,0.71
71,40001,241,0.78
71,42001,241,0.76
71,44001,241,0.76
71,46001,241,0.75
71,48001,241,0.77
71,50001,241,0.83
71,52001,241,0.75
71,54001,241,0.68
71,56001,241,0.75
71,58001,241,0.73
71,60001,241,0.71
71,62001,241,0.7
71,64001,241,0.7
71,65535,241,0.64
71,1,251,0.71
71,2001,251,0.64
71,4001,251,0.74
71,6001,251,0.72
71,8001,251,0.67
71,10001,251,0.82
71,12001,251,0.86
71,14001,251,0.85
71,16001,251,0.82
71,18001,251,0.82
71,20001,251,0.76
71,22001,251,0.68
71,24001,251,0.71
71,26001,251,0.71
71,28001,251,0.54
71,30001,251,0.64
71,32001,251,0.63
71,34001,251,0.67
71,36001,251,0.67
71,38001,251,0.76
71,40001,251,0.7
71,42001,251,0.68
71,44001,251,0.71
71,46001,251,0.8
71,48001,251,0.8
71,50001,251,0.63
71,52001,251,0.72
71,54001,251,0.78
71,56001,251,0.73
71,58001,251,0.75
71,60001,251,0.67
71,62001,251,0.67
71,64001,251,0.72
71,65535,251,0.61
71,1,254,1.15
71,2001,254,0.66
71,4001,254,0.72
71,6001,254,0.7
71,8001,254,0.76
71,10001,254,0.78
71,12001,254,0.65
71,14001,254,0.88
71,16001,254,0.74
71,18001,254,0.75
71,20001,254,0.81
71,22001,254,0.67
71,24001,254,0.76
71,26001,254,0.81
71,28001,254,0.67
71,30001,254,0.68
71,32001,254,0.68
71,34001,254,0.58
71,36001,254,0.71
71,38001,254,0.67
71,40001,254,0.68
71,42001,254,0.63
71,44001,254,0.72
71,46001,254,0.74
71,48001,254,0.66
71,50001,254,0.75
71,52001,254,0.78
71,54001,254,0.88
71,56001,254,0.8
71,58001,254,0.83
71,60001,254,0.78
71,62001,254,0.66
71,64001,254,0.65
71,65535,254,0.73
81,1,1,1.53
81,2001,1,1.55
81,4001,1,1.46
81,6001,1,1.5
81,8001,1,1.48
81,10001,1,1.56
81,12001,1,1.56
81,14001,1,1.63
81,16001,1,1.53
81,18001,1,1.44
81,20001,1,1.45
81,22001,1,1.49
81,24001,1,1.55
81,26001,1,1.47
81,28001,1,1.51
81,30001,1,1.64
81,32001,1,1.53
81,34001,1,1.61
81,36001,1,1.58
81,38001,1,1.6
81,40001,1,1.52
81,42001,1,1.49
81,44001,1,1.3
81,46001,1,1.42
81,48001,1,1.52
81,50001,1,1.58
81,52001,1,1.41
81,54001,1,1.54
81,56001,1,1.53
81,58001,1,1.54
81,60001,1,1.5
81,62001,1,1.43
81,64001,1,1.6
81,65535,1,1.64
81,1,11,1.53
81,2001,11,1.47
81,4001,11,1.4
81,6001,11,1.38
81,8001,11,1.5
81,10001,11,1.55
81,12001,11,1.43
81,14001,11,1.45
81,16001,11,1.47
81,18001,11,1.37
81,20001,11,1.31
81,22001,11,1.47
81,24001,11,1.39
81,26001,11,1.43
81,28001,11,1.44
81,30001,11,1.31
81,32001,11,1.36
81,34001,11,1.34
81,36001,11,1.49
81,38001,11,1.52
81,40001,11,1.5
81,42001,11,1.44
81,44001,11,1.5
81,46001,11,1.53
81,48001,11,1.53
81,50001,11,1.5
81,52001,11,1.57
81,54001,11,1.65
81,56001,11,1.65
81,58001,11,1.56
81,60001,11,1.51
81,62001,11,1.56
81,64001,11,1.49
81,65535,11,1.49
81,1,21,1.37
81,2001,21,1.35
81,4001,21,1.47
81,6001,21,1.26
81,8001,21,1.37
81,10001,21,1.28
81,12001,21,1.55
81,14001,21,1.47
81,16001,21,1.45
81,18001,21,1.35
81,20001,21,1.23
81,22001,21,1.23
81,24001,21,1.07
81,26001,21,1.15
81,28001,21,1.17
81,30001,21,1.05
81,32001,21,1.13
81,34001,21,1.28
81,36001,21,1.15
81,38001,21,1.39
81,40001,21,1.5
81,42001,21,1.55
81,44001,21,1.66
81,46001,21,1.56
81,48001,21,1.55
81,50001,21,1.46
81,52001,21,1.54
81,54001,21,1.59
81,56001,21,1.48
81,58001,21,1.41
81,60001,21,1.47
81,62001,21,1.46
81,64001,21,1.48
81,65535,21,1.49
81,1,31,1.39
81,2001,31,1.64
81,4001,31,1.3
81,6001,31,1.34
81,8001,31,1.37
81,10001,31,1.4
81,12001,31,1.48
81,14001,31,1.38
81,16001,31,1.25
81,18001,31,1.17
81,20001,31,1.24
81,22001,31,1.06
81,24001,31,1.03
81,26001,31,1.04
81,28001,31,1.12
81,30001,31,0.93
81,32001,31,1.08
81,34001,31,1.14
81,36001,31,1.16
81,38001,31,1.33
81,40001,31,1.43
81,42001,31,1.39
81,44001,31,1.43
81,46001,31,1.43
81,48001,31,1.47
81,50001,31,1.42
81,52001,31,1.33
81,54001,31,1.54
81,56001,31,1.57
81,58001,31,1.57
81,60001,31,1.49
81,62001,31,1.6
81,64001,31,1.54
81,65535,31,1.32
81,1,41,1.46
81,2001,41,1.4
81,4001,41,1.36
81,6001,41,1.28
81,8001,41,1.31
81,10001,41,1.38
81,12001,41,1.39
81,14001,41,1.37
81,16001,41,1.22
81,18001,41,1.24
81,20001,41,1.24
81,22001,41,1.0
81,24001,41,0.97
81,26001,41,1.0
81,28001,41,0.93
81,30001,41,0.9
81,32001,41,1.04
81,34001,41,0.93
81,36001,41,1.09
81,38001,41,1.22
81,40001,41,1.38
81,42001,41,1.47
81,44001,41,1.39
81,46001,41,1.24
81,48001,41,1.35
81,50001,41,1.27
81,52001,41,1.28
81,54001,41,1.36
81,56001,41,1.43
81,58001,41,1.33
81,60001,41,1.36
81,62001,41,1.47
81,64001,41,1.49
81,65535,41,1.38
81,1,51,1.22
81,2001,51,1.26
81,4001,51,1.43
81,6001,51,1.41
81,8001,51,1.3
81,10001,51,1.35
81,12001,51,1.52
81,14001,51,1.45
81,16001,51,1.17
81,18001,51,1.08
81,20001,51,0.97
81,22001,51,1.03
81,24001,51,0.93
81,26001,51,0.78
81,28001,51,0.75
81,30001,51,0.86
81,32001,51,1.01
81,34001,51,1.01
81,36001,51,1.07
81,38001,51,1.21
81,40001,51,1.34
81,42001,51,1.42
81,44001,51,1.46
81,46001,51,1.26
81,48001,51,1.29
81,50001,51,1.22
81,52001,51,1.12
81,54001,51,1.16
81,56001,51,1.14
81,58001,51,1.18
81,60001,51,1.13
81,62001,51,1.08
81,64001,51,1.24
81,65535,51,1.12
81,1,61,0.97
81,2001,61,1.13
81,4001,61,1.3
81,6001,61,1.32
81,8001,61,1.28
81,10001,61,1.12
81,12001,61,1.38
81,14001,61,1.33
81,16001,61,1.25
81,18001,61,1.15
81,20001,61,0.96
81,22001,61,0.96
81,24001,61,0.91
81,26001,61,0.84
81,28001,61,0.82
81,30001,61,0.8
81,32001,61,0.83
81,34001,61,0.94
81,36001,61,0.99
81,38001,61,1.08
81,40001,61,1.11
81,42001,61,1.4
81,44001,61,1.31
81,46001,61,1.12
81,48001,61,1.18
81,50001,61,1.18
81,52001,61,1.14
81,54001,61,1.04
81,56001,61,0.95
81,58001,61,0.99
81,60001,61,0.97
81,62001,61,0.97
81,64001,61,0.86
81,65535,61,0.98
81,1,71,1.03
81,2001,71,0.95
81,4001,71,1.16
81,6001,71,1.33
81,8001,71,1.22
81,10001,71,1.3
81,12001,71,1.38
81,14001,71,1.27
81,16001,71,1.14
81,18001,71,1.03
81,20001,71,0.93
81,22001,71,0.89
81,24001,71,0.97
81,26001,71,0.91
81,28001,71,0.93
81,30001,71,0.8
81,32001,71,0.83
81,34001,71,1.0
81,36001,71,0.99
81,38001,71,1.01
81,40001,71,1.11
81,42001,71,1.28
81,44001,71,1.27
81,46001,71,1.16
81,48001,71,1.26
81,50001,71,1.19
81,52001,71,1.19
81,54001,71,1.12
81,56001,71,1.01
81,58001,71,0.94
81,60001,71,0.83
81,62001,71,0.8
81,64001,71,0.94
81,65535,71,1.03
81,1,81,0.96
81,2001,81,1.0
81,4001,81,1.03
81,6001,81,1.37
81,8001,81,1.4
81,10001,81,1.39
81,12001,81,1.33
81,14001,81,1.19
81,16001,81,1.14
81,18001,81,0.99
81,20001,81,1.02
81,22001,81,0.86
81,24001,81,0.82
81,26001,81,0.83
81,28001,81,0.82
81,30001,81,0.93
81,32001,81,0.9
81,34001,81,0.81
81,36001,81,0.91
81,38001,81,1.11
81,40001,81,1.18
81,42001,81,1.22
81,44001,81,1.14
81,46001,81,1.18
81,48001,81,1.27
81,50001,81,1.24
81,52001,81,1.07
81,54001,81,1.02
81,56001,81,1.01
81,58001,81,0.94
81,60001,81,0.96
81,62001,81,0.81
81,64001,81,0.95
81,65535,81,0.98
81,1,91,0.96
81,2001,91,0.8
81,4001,91,0.98
81,6001,91,1.24
81,8001,91,1.23
81,10001,91,1.21
81,12001,91,1.27
81,14001,91,1.23
81,16001,91,1.02
81,18001,91,0.98
81,20001,91,1.01
81,22001,91,0.79
81,24001,91,0.84
81,26001,91,0.8
81,28001,91,0.86
81,30001,91,0.8
81,32001,91,0.81
81,34001,91,0.81
81,36001,91,0.9
81,38001,91,0.92
81,40001,91,1.12
81,42001,91,1.15
81,44001,91,1.21
81,46001,91,1.21
81,48001,91,1.31
81,50001,91,1.26
81,52001,91,1.15
81,54001,91,0.95
81,56001,91,0.9
81,58001,91,0.92
81,60001,91,0.77
81,62001,91,0.83
81,64001,91,1.01
81,65535,91,0.81
81,1,101,0.83
81,2001,101,0.93
81,4001,101,1.06
81,6001,101,1.14
81,8001,101,1.19
81,10001,101,1.16
81,12001,101,1.36
81,14001,101,1.09
81,16001,101,1.08
81,18001,101,1.09
81,20001,101,0.87
81,22001,101,0.9
81,24001,101,0.8
81,26001,101,0.86
81,28001,101,0.75
81,30001,101,0.87
81,32001,101,0.79
81,34001,101,0.9
81,36001,101,0.83
81,38001,101,0.96
81,40001,101,0.96
81,42001,101,1.24
81,44001,101,1.18
81,46001,101,1.27
81,48001,101,1.22
81,50001,101,1.06
81,52001,101,1.09
81,54001,101,0.97
81,56001,101,0.93
81,58001,101,0.9
81,60001,101,0.92
81,62001,101,0.8
81,64001,101,0.89
81,65535,101,0.97
81,1,111,0.74
81,2001,111,0.9
81,4001,111,1.0
81,6001,111,1.07
81,8001,111,1.31
81,10001,111,1.33
81,12001,111,1.22
81,14001,111,1.14
81,16001,111,1.12
81,18001,111,0.91
81,20001,111,0.85
81,22001,111,0.92
81,24001,111,0.83
81,26001,111,0.86
81,28001,111,0.85
81,30001,111,0.78
81,32001,111,0.75
81,34001,111,0.79
81,36001,111,0.88
81,38001,111,0.91
81,40001,111,1.03
81,42001,111,1.06
81,44001,111,1.16
81,46001,111,1.27
81,48001,111,1.13
81,50001,111,1.13
81,52001,111,1.13
81,54001,111,1.07
81,56001,111,0.94
81,58001,111,0.87
81,60001,111,0.88
81,62001,111,0.8
81,64001,111,0.85
81,65535,111,0.82
81,1,121,0.66
81,2001,121,0.85
81,4001,121,0.85
81,6001,121,0.98
81,8001,121,1.13
81,10001,121,1.23
81,12001,121,1.24
81,14001,121,1.13
81,16001,121,1.02
81,18001,121,1.02
81,20001,121,0.92
81,22001,121,0.84
81,24001,121,0.74
81,26001,121,0.79
81,28001,121,0.79
81,30001,121,0.78
81,32001,121,0.82
81,34001,121,0.9
81,36001,121,0.92
81,38001,121,0.94
81,40001,121,1.05
81,42001,121,0.98
81,44001,121,1.14
81,46001,121,1.22
81,48001,121,1.09
81,50001,121,0.97
81,52001,121,0.97
81,54001,121,0.93
81,56001,121,0.9
81,58001,121,0.82
81,60001,121,0.75
81,62001,121,0.75
81,64001,121,0.95
81,65535,121,0.76
81,1,131,0.87
81,2001,131,0.79
81,4001,131,0.85
81,6001,131,0.95
81,8001,131,1.08
81,10001,131,1.13
81,12001,131,1.21
81,14001,131,1.07
81,16001,131,1.04
81,18001,131,1.03
81,20001,131,1.03
81,22001,131,0.81
81,24001,131,0.8
81,26001,131,0.72
81,28001,131,0.78
81,30001,131,0.86
81,32001,131,0.77
81,34001,131,0.8
81,36001,131,0.82
81,38001,131,0.83
81,40001,131,0.82
81,42001,131,1.0
81,44001,131,1.2
81,46001,131,1.14
81,48001,131,0.97
81,50001,131,0.96
81,52001,131,1.01
81,54001,131,0.93
81,56001,131,0.91
81,58001,131,0.87
81,60001,131,0.83
81,62001,131,0.86
81,64001,131,0.8
81,65535,131,0.84
81,1,141,0.94
81,2001,141,0.85
81,4001,141,0.79
81,6001,141,0.97
81,8001,141,1.23
81,10001,141,1.15
81,12001,141,1.27
81,14001,141,1.22
81,16001,141,1.06
81,18001,141,0.91
81,20001,141,0.95
81,22001,141,0.83
81,24001,141,0.7
81,26001,141,0.78
81,28001,141,0.71
81,30001,141,0.79
81,32001,141,0.8
81,34001,141,0.87
81,36001,141,0.84
81,38001,141,0.86
81,40001,141,0.87
81,42001,141,0.96
81,44001,141,1.04
81,46001,141,1.0
81,48001,141,1.11
81,50001,141,1.11
81,52001,141,0.91
81,54001,141,0.77
81,56001,141,0.9
81,58001,141,0.91
81,60001,141,0.9
81,62001,141,0.83
81,64001,141,0.86
81,65535,141,0.88
81,1,151,0.86
81,2001,151,0.86
81,4001,151,0.83
81,6001,151,0.93
81,8001,151,1.25
81,10001,151,1.08
81,12001,151,1.16
81,14001,151,1.1
81,16001,151,0.91
81,18001,151,0.98
81,20001,151,0.92
81,22001,151,0.81
81,24001,151,0.88
81,26001,151,0.75
81,28001,151,0.77
81,30001,151,0.77
81,32001,151,0.69
81,34001,151,0.69
81,36001,151,0.79
81,38001,151,0.76
81,40001,151,0.8
81,42001,151,1.03
81,44001,151,1.08
81,46001,151,1.04
81,48001,151,0.98
81,50001,151,0.87
81,52001,151,0.96
81,54001,151,0.82
81,56001,151,0.84
81,58001,151,0.83
81,60001,151,0.84
81,62001,151,0.81
81,64001,151,0.87
81,65535,151,0.79
81,1,161,0.66
81,2001,161,0.93
81,4001,161,0.82
81,6001,161,0.85
81,8001,161,1.09
81,10001,161,1.12
81,12001,161,1.2
81,14001,161,1.06
81,16001,161,1.01
81,18001,161,0.94
81,20001,161,0.81
81,22001,161,0.84
81,24001,161,0.84
81,26001,161,0.85
81,28001,161,0.79
81,30001,161,0.73
81,32001,161,0.8
81,34001,161,0.85
81,36001,161,0.68
81,38001,161,0.95
81,40001,161,0.9
81,42001,161,0.98
81,44001,161,0.98
81,46001,161,0.93
81,48001,161,0.87
81,50001,161,0.9
81,52001,161,0.88
81,54001,161,0.95
81,56001,161,0.94
81,58001,161,0.8
81,60001,161,0.74
81,62001,161,0.74
81,64001,161,0.74
81,65535,161,0.71
81,1,171,0.71
81,2001,171,0.74
81,4001,171,0.8
81,6001,171,0.78
81,8001,171,1.31
81,10001,171,1.17
81,12001,171,1.1
81,14001,171,1.01
81,16001,171,0.99
81,18001,171,0.87
81,20001,171,0.88
81,22001,171,0.87
81,24001,171,0.89
81,26001,171,0.7
81,28001,171,0.71
81,30001,171,0.71
81,32001,171,0.72
81,34001,171,0.81
81,36001,171,0.87
81,38001,171,0.89
81,40001,171,0.89
81,42001,171,0.9
81,44001,171,0.9
81,46001,171,0.96
81,48001,171,0.85
81,50001,171,0.92
81,52001,171,0.9
81,54001,171,0.8
81,56001,171,0.78
81,58001,171,0.75
81,60001,171,0.84
81,62001,171,0.82
81,64001,171,0.8
81,65535,171,0.81
81,1,181,0.84
81,2001,181,0.65
81,4001,181,0.78
81,6001,181,0.8
81,8001,181,1.09
81,10001,181,1.26
81,12001,181,1.25
81,14001,181,0.95
81,16001,181,0.88
81,18001,181,0.95
81,20001,181,0.77
81,22001,181,0.83
81,24001,181,0.75
81,26001,181,0.82
81,28001,181,0.69
81,30001,181,0.78
81,32001,181,0.73
81,34001,181,0.79
81,36001,181,0.8
81,38001,181,0.93
81,40001,181,0.92
81,42001,181,0.88
81,44001,181,0.85
81,46001,181,0.95
81,48001,181,0.71
81,50001,181,0.83
81,52001,181,0.94
81,54001,181,0.88
81,56001,181,0.92
81,58001,181,0.77
81,60001,181,0.79
81,62001,181,0.86
81,64001,181,0.73
81,65535,181,0.79
81,1,191,0.84
81,2001,191,0.82
81,4001,191,0.79
81,6001,191,0.77
81,8001,191,1.11
81,10001,191,1.02
81,12001,191,1.24
81,14001,191,1.11
81,16001,191,0.94
81,18001,191,0.79
81,20001,191,0.79
81,22001,191,0.76
81,24001,191,0.82
81,26001,191,0.65
81,28001,191,0.7
81,30001,191,0.77
81,32001,191,0.76
81,34001,191,0.82
81,36001,191,0.84
81,38001,191,0.78
81,40001,191,0.82
81,42001,191,0.93
81,44001,191,0.98
81,46001,191,0.96
81,48001,191,0.86
81,50001,191,0.78
81,52001,191,0.88
81,54001,191,0.87
81,56001,191,0.76
81,58001,191,0.87
81,60001,191,0.87
81,62001,191,0.94
81,64001,191,0.75
81,65535,191,0.68
81,1,201,0.82
81,2001,201,0.84
81,4001,201,0.78
81,6001,201,0.82
81,8001,201,1.11
81,10001,201,1.09
81,12001,201,1.05
81,14001,201,1.17
81,16001,201,1.09
81,18001,201,0.86
81,20001,201,0.72
81,22001,201,0.84
81,24001,201,0.85
81,26001,201,0.82
81,28001,201,0.69
81,30001,201,0.73
81,32001,201,0.75
81,34001,201,0.91
81,36001,201,0.7
81,38001,201,0.72
81,40001,201,0.89
81,42001,201,0.99
81,44001,201,0.88
81,46001,201,0.9
81,48001,201,0.85
81,50001,201,0.73
81,52001,201,0.79
81,54001,201,0.87
81,56001,201,0.86
81,58001,201,0.85
81,60001,201,0.72
81,62001,201,0.69
81,64001,201,0.71
81,65535,201,0.76
81,1,211,0.71
81,2001,211,0.74
81,4001,211,0.73
81,6001,211,0.84
81,8001,211,0.82
81,10001,211,1.04
81,12001,211,1.08
81,14001,211,0.94
81,16001,211,0.99
81,18001,211,0.95
81,20001,211,0.98
81,22001,211,0.81
81,24001,211,0.94
81,26001,211,0.79
81,28001,211,0.69
81,30001,211,0.69
81,32001,211,0.77
81,34001,211,0.83
81,36001,211,0.81
81,38001,211,0.75
81,40001,211,0.74
81,42001,211,0.79
81,44001,211,0.82
81,46001,211,0.89
81,48001,211,0.75
81,50001,211,0.75
81,52001,211,0.72
81,54001,211,0.92
81,56001,211,0.8
81,58001,211,0.89
81,60001,211,0.72
81,62001,211,0.74
81,64001,211,0.71
81,65535,211,0.73
81,1,221,0.72
81,2001,221,0.67
81,4001,221,0.77
81,6001,221,0.86
81,8001,221,1.0
81,10001,221,0.91
81,12001,221,0.98
81,14001,221,0.9
81,16001,221,0.88
81,18001,221,0.82
81,20001,221,0.77
81,22001,221,0.82
81,24001,221,0.81
81,26001,221,0.77
81,28001,221,0.84
81,30001,221,0.61
81,32001,221,0.71
81,34001,221,0.73
81,36001,221,0.69
81,38001,221,0.74
81,40001,221,0.77
81,42001,221,0.99
81,44001,221,0.8
81,46001,221,0.76
81,48001,221,0.72
81,50001,221,0.62
81,52001,221,0.78
81,54001,221,0.82
81,56001,221,0.84
81,58001,221,0.84
81,60001,221,0.81
81,62001,221,0.88
81,64001,221,0.79
81,65535,221,0.68
81,1,231,0.7
81,2001,231,0.67
81,4001,231,0.78
81,6001,231,0.79
81,8001,231,0.78
81,10001,231,0.81
81,12001,231,0.82
81,14001,231,0.91
81,16001,231,0.93
81,18001,231,0.8
81,20001,231,0.69
81,22001,231,0.89
81,24001,231,0.76
81,26001,231,0.86
81,28001,231,0.82
81,30001,231,0.72
81,32001,231,0.73
81,34001,231,0.71
81,36001,231,0.83
81,38001,231,0.73
81,40001,231,0.73
81,42001,231,0.86
81,44001,231,0.94
81,46001,231,0.78
81,48001,231,0.75
81,50001,231,0.74
81,52001,231,0.8
81,54001,231,0.87
81,56001,231,0.8
81,58001,231,0.75
81,60001,231,0.69
81,62001,231,0.77
81,64001,231,0.69
81,65535,231,0.81
81,1,241,0.85
81,2001,241,0.76
81,4001,241,0.74
81,6001,241,0.81
81,8001,241,0.94
81,10001,241,0.84
81,12001,241,0.8
81,14001,241,0.89
81,16001,241,0.91
81,18001,241,0.68
81,20001,241,0.82
81,22001,241,0.85
81,24001,241,0.82
81,26001,241,0.76
81,28001,241,0.74
81,30001,241,0.66
81,32001,241,0.72
81,34001,241,0.76
81,36001,241,0.74
81,38001,241,0.79
81,40001,241,0.73
81,42001,241,0.81
81,44001,241,0.8
81,46001,241,0.87
81,48001,241,0.86
81,50001,241,0.77
81,52001,241,0.8
81,54001,241,0.86
81,56001,241,0.9
81,58001,241,0.77
81,60001,241,0.64
81,62001,241,0.74
81,64001,241,0.76
81,65535,241,0.7
81,1,251,0.71
81,2001,251,0.67
81,4001,251,0.81
81,6001,251,0.83
81,8001,251,0.73
81,10001,251,0.83
81,12001,251,0.87
81,14001,251,0.87
81,16001,251,0.92
81,18001,251,0.75
81,20001,251,0.73
81,22001,251,0.66
81,24001,251,0.79
81,26001,251,0.85
81,28001,251,0.67
81,30001,251,0.73
81,32001,251,0.75
81,34001,251,0.79
81,36001,251,0.78
81,38001,251,0.77
81,40001,251,0.77
81,42001,251,0.79
81,44001,251,0.87
81,46001,251,0.77
81,48001,251,0.74
81,50001,251,0.74
81,52001,251,0.69
81,54001,251,0.71
81,56001,251,0.78
81,58001,251,0.82
81,60001,251,0.89
81,62001,251,0.71
81,64001,251,0.72
81,65535,251,0.68
81,1,254,0.85
81,2001,254,0.78
81,4001,254,0.76
81,6001,254,0.68
81,8001,254,0.67
81,10001,254,0.77
81,12001,254,0.84
81,14001,254,0.74
81,16001,254,0.75
81,18001,254,0.82
81,20001,254,0.83
81,22001,254,0.78
81,24001,254,0.76
81,26001,254,0.76
81,28001,254,0.72
81,30001,254,0.72
81,32001,254,0.77
81,34001,254,0.85
81,36001,254,0.76
81,38001,254,0.7
81,40001,254,0.77
81,42001,254,0.76
81,44001,254,0.73
81,46001,254,0.73
81,48001,254,0.75
81,50001,254,0.79
81,52001,254,0.71
81,54001,254,0.84
81,56001,254,0.81
81,58001,254,0.86
81,60001,254,0.74
81,62001,254,0.63
81,64001,254,0.81
81,65535,254,0.63
91,1,1,1.81
91,2001,1,1.74
91,4001,1,1.77
91,6001,1,1.68
91,8001,1,1.83
91,10001,1,1.75
91,12001,1,1.75
91,14001,1,1.62
91,16001,1,1.72
91,18001,1,1.77
91,20001,1,1.72
91,22001,1,1.63
91,24001,1,1.76
91,26001,1,1.77
91,28001,1,1.61
91,30001,1,1.69
91,32001,1,1.83
91,34001,1,1.74
91,36001,1,1.82
91,38001,1,1.69
91,40001,1,1.73
91,42001,1,1.69
91,44001,1,1.68
91,46001,1,1.85
91,48001,1,1.76
91,50001,1,1.7
91,52001,1,1.69
91,54001,1,1.86
91,56001,1,1.66
91,58001,1,1.72
91,60001,1,1.65
91,62001,1,1.72
91,64001,1,1.78
91,65535,1,1.7
91,1,11,1.72
91,2001,11,1.64
91,4001,11,1.68
91,6001,11,1.6
91,8001,11,1.74
91,10001,11,1.6
91,12001,11,1.66
91,14001,11,1.88
91,16001,11,1.76
91,18001,11,1.55
91,20001,11,1.51
91,22001,11,1.62
91,24001,11,1.46
91,26001,11,1.48
91,28001,11,1.38
91,30001,11,1.57
91,32001,11,1.43
91,34001,11,1.52
91,36001,11,1.66
91,38001,11,1.66
91,40001,11,1.7
91,42001,11,1.71
91,44001,11,1.7
91,46001,11,1.72
91,48001,11,1.73
91,50001,11,1.64
91,52001,11,1.74
91,54001,11,1.76
91,56001,11,1.6
91,58001,11,1.87
91,60001,11,1.71
91,62001,11,1.78
91,64001,11,1.68
91,65535,11,1.62
91,1,21,1.52
91,2001,21,1.42
91,4001,21,1.56
91,6001,21,1.44
91,8001,21,1.74
91,10001,21,1.57
91,12001,21,1.55
91,14001,21,1.6
91,16001,21,1.66
91,18001,21,1.6
91,20001,21,1.51
91,22001,21,1.39
91,24001,21,1.28
91,26001,21,1.28
91,28001,21,1.2
91,30001,21,1.24
91,32001,21,1.22
91,34001,21,1.32
91,36001,21,1.38
91,38001,21,1.51
91,40001,21,1.66
91,42001,21,1.72
91,44001,21,1.76
91,46001,21,1.68
91,48001,21,1.73
91,50001,21,1.76
91,52001,21,1.71
91,54001,21,1.65
91,56001,21,1.72
91,58001,21,1.78
91,60001,21,1.6
91,62001,21,1.62
91,64001,21,1.64
91,65535,21,1.58
91,1,31,1.58
91,2001,31,1.57
91,4001,31,1.5
91,6001,31,1.46
91,8001,31,1.4
91,10001,31,1.56
91,12001,31,1.63
91,14001,31,1.56
91,16001,31,1.59
91,18001,31,1.31
91,20001,31,1.29
91,22001,31,1.18
91,24001,31,1.23
91,26001,31,1.22
91,28001,31,1.08
91,30001,31,1.02
91,32001,31,1.18
91,34001,31,1.31
91,36001,31,1.25
91,38001,31,1.32
91,40001,31,1.73
91,42001,31,1.68
91,44001,31,1.69
91,46001,31,1.6
91,48001,31,1.56
91,50001,31,1.66
91,52001,31,1.54
91,54001,31,1.53
91,56001,31,1.78
91,58001,31,1.84
91,60001,31,1.75
91,62001,31,1.62
91,64001,31,1.69
91,65535,31,1.63
91,1,41,1.64
91,2001,41,1.6
91,4001,41,1.48
91,6001,41,1.46
91,8001,41,1.49
91,10001,41,1.59
91,12001,41,1.57
91,14001,41,1.55
91,16001,41,1.49
91,18001,41,1.26
91,20001,41,1.28
91,22001,41,1.1
91,24001,41,1.07
91,26001,41,1.08
91,28001,41,1.03
91,30001,41,1.05
91,32001,41,1.12
91,34001,41,1.19
91,36001,41,1.32
91,38001,41,1.32
91,40001,41,1.54
91,42001,41,1.7
91,44001,41,1.59
91,46001,41,1.42
91,48001,41,1.64
91,50001,41,1.54
91,52001,41,1.58
91,54001,41,1.68
91,56001,41,1.52
91,58001,41,1.61
91,60001,41,1.5
91,62001,41,1.73
91,64001,41,1.73
91,65535,41,1.69
91,1,51,1.44
91,2001,51,1.44
91,4001,51,1.54
91,6001,51,1.36
91,8001,51,1.52
91,10001,51,1.41
91,12001,51,1.62
91,14001,51,1.47
91,16001,51,1.34
91,18001,51,1.14
91,20001,51,1.1
91,22001,51,1.11
91,24001,51,1.04
91,26001,51,0.96
91,28001,51,1.0
91,30001,51,0.99
91,32001,51,1.0
91,34001,51,1.11
91,36001,51,1.15
91,38001,51,1.22
91,40001,51,1.51
91,42001,51,1.55
91,44001,51,1.43
91,46001,51,1.4
91,48001,51,1.37
91,50001,51,1.35
91,52001,51,1.25
91,54001,51,1.24
91,56001,51,1.18
91,58001,51,1.4
91,60001,51,1.29
91,62001,51,1.35
91,64001,51,1.3
91,65535,51,1.32
91,1,61,1.13
91,2001,61,1.2
91,4001,61,1.33
91,6001,61,1.48
91,8001,61,1.39
91,10001,61,1.39
91,12001,61,1.57
91,14001,61,1.52
91,16001,61,1.4
91,18001,61,1.12
91,20001,61,1.18
91,22001,61,1.02
91,24001,61,1.01
91,26001,61,1.15
91,28001,61,1.02
91,30001,61,0.94
91,32001,61,0.94
91,34001,61,1.01
91,36001,61,1.01
91,38001,61,1.2
91,40001,61,1.37
91,42001,61,1.53
91,44001,61,1.34
91,46001,61,1.43
91,48001,61,1.46
91,50001,61,1.35
91,52001,61,1.22
91,54001,61,1.25
91,56001,61,1.05
91,58001,61,1.05
91,60001,61,1.16
91,62001,61,1.15
91,64001,61,1.16
91,65535,61,1.16
91,1,71,1.05
91,2001,71,1.05
91,4001,71,1.2
91,6001,71,1.34
91,8001,71,1.51
91,10001,71,1.49
91,12001,71,1.49
91,14001,71,1.48
91,16001,71,1.23
91,18001,71,1.05
91,20001,71,0.96
91,22001,71,0.91
91,24001,71,0.96
91,26001,71,1.01
91,28001,71,0.96
91,30001,71,0.95
91,32001,71,0.92
91,34001,71,0.94
91,36001,71,1.03
91,38001,71,1.16
91,40001,71,1.34
91,42001,71,1.48
91,44001,71,1.34
91,46001,71,1.32
91,48001,71,1.44
91,50001,71,1.35
91,52001,71,1.26
91,54001,71,1.18
91,56001,71,1.09
91,58001,71,1.05
91,60001,71,0.94
91,62001,71,0.96
91,64001,71,0.98
91,65535,71,1.04
91,1,81,1.07
91,2001,81,1.05
91,4001,81,1.17
91,6001,81,1.41
91,8001,81,1.29
91,10001,81,1.28
91,12001,81,1.38
91,14001,81,1.46
91,16001,81,1.18
91,18001,81,1.06
91,20001,81,0.99
91,22001,81,1.05
91,24001,81,1.07
91,26001,81,1.05
91,28001,81,0.89
91,30001,81,0.95
91,32001,81,0.9
91,34001,81,0.85
91,36001,81,0.89
91,38001,81,1.08
91,40001,81,1.22
91,42001,81,1.4
91,44001,81,1.39
91,46001,81,1.45
91,48001,81,1.42
91,50001,81,1.36
91,52001,81,1.14
91,54001,81,1.11
91,56001,81,1.14
91,58001,81,0.95
91,60001,81,0.98
91,62001,81,0.95
91,64001,81,1.04
91,65535,81,0.98
91,1,91,0.97
91,2001,91,0.95
91,4001,91,1.17
91,6001,91,1.4
91,8001,91,1.37
91,10001,91,1.38
91,12001,91,1.41
91,14001,91,1.3
91,16001,91,1.3
91,18001,91,1.15
91,20001,91,0.84
91,22001,91,0.93
91,24001,91,0.99
91,26001,91,0.94
91,28001,91,0.96
91,30001,91,1.0
91,32001,91,0.93
91,34001,91,0.96
91,36001,91,1.14
91,38001,91,1.11
91,40001,91,1.28
91,42001,91,1.33
91,44001,91,1.25
91,46001,91,1.39
91,48001,91,1.47
91,50001,91,1.32
91,52001,91,1.24
91,54001,91,1.12
91,56001,91,0.94
91,58001,91,0.95
91,60001,91,0.91
91,62001,91,0.99
91,64001,91,0.92
91,65535,91,0.93
91,1,101,0.97
91,2001,101,0.96
91,4001,101,1.41
91,6001,101,1.29
91,8001,101,1.34
91,10001,101,1.3
91,12001,101,1.46
91,14001,101,1.41
91,16001,101,1.19
91,18001,101,0.98
91,20001,101,0.95
91,22001,101,0.87
91,24001,101,0.89
91,26001,101,0.88
91,28001,101,1.03
91,30001,101,0.85
91,32001,101,0.87
91,34001,101,1.01
91,36001,101,0.82
91,38001,101,0.99
91,40001,101,1.13
91,42001,101,1.35
91,44001,101,1.29
91,46001,101,1.44
91,48001,101,1.51
91,50001,101,1.32
91,52001,101,1.19
91,54001,101,1.09
91,56001,101,0.95
91,58001,101,0.98
91,60001,101,0.86
91,62001,101,0.91
91,64001,101,0.94
91,65535,101,0.98
91,1,111,0.97
91,2001,111,0.93
91,4001,111,0.86
91,6001,111,1.11
91,8001,111,1.28
91,10001,111,1.25
91,12001,111,1.37
91,14001,111,1.29
91,16001,111,1.02
91,18001,111,1.07
91,20001,111,1.0
91,22001,111,0.95
91,24001,111,0.91
91,26001,111,0.82
91,28001,111,0.88
91,30001,111,0.84
91,32001,111,0.91
91,34001,111,0.83
91,36001,111,0.99
91,38001,111,0.98
91,40001,111,1.04
91,42001,111,1.23
91,44001,111,1.39
91,46001,111,1.44
91,48001,111,1.16
91,50001,111,1.26
91,52001,111,1.23
91,54001,111,1.17
91,56001,111,1.02
91,58001,111,1.02
91,60001,111,0.9
91,62001,111,0.92
91,64001,111,0.87
91,65535,111,0.83
91,1,121,0.82
91,2001,121,0.85
91,4001,121,0.84
91,6001,121,1.19
91,8001,121,1.43
91,10001,121,1.31
91,12001,121,1.44
91,14001,121,1.39
91,16001,121,1.19
91,18001,121,1.09
91,20001,121,0.89
91,22001,121,1.09
91,24001,121,0.95
91,26001,121,0.9
91,28001,121,0.81
91,30001,121,0.9
91,32001,121,0.84
91,34001,121,0.92
91,36001,121,0.96
91,38001,121,1.02
91,40001,121,1.01
91,42001,121,1.2
91,44001,121,1.62
91,46001,121,1.44
91,48001,121,1.25
91,50001,121,1.15
91,52001,121,1.14
91,54001,121,1.02
91,56001,121,1.03
91,58001,121,1.02
91,60001,121,0.83
91,62001,121,0.83
91,64001,121,0.86
91,65535,121,0.79
91,1,131,0.94
91,2001,131,0.87
91,4001,131,0.89
91,6001,131,1.15
91,8001,131,1.45
91,10001,131,1.37
91,12001,131,1.39
91,14001,131,1.24
91,16001,131,1.04
91,18001,131,1.08
91,20001,131,1.03
91,22001,131,0.84
91,24001,131,0.81
91,26001,131,0.83
91,28001,131,0.74
91,30001,131,0.81
91,32001,131,0.88
91,34001,131,0.8
91,36001,131,0.8
91,38001,131,0.96
91,40001,131,1.0
91,42001,131,1.02
91,44001,131,1.24
91,46001,131,1.12
91,48001,131,0.98
91,50001,131,0.94
91,52001,131,1.01
91,54001,131,1.03
91,56001,131,0.96
91,58001,131,0.86
91,60001,131,0.89
91,62001,131,0.96
91,64001,131,0.82
91,65535,131,0.82
91,1,141,0.76
91,2001,141,0.85
91,4001,141,0.96
91,6001,141,1.14
91,8001,141,1.25
91,10001,141,1.39
91,12001,141,1.38
91,14001,141,1.35
91,16001,141,1.15
91,18001,141,0.96
91,20001,141,0.94
91,22001,141,0.92
91,24001,141,0.85
91,26001,141,0.8
91,28001,141,0.71
91,30001,141,0.73
91,32001,141,0.87
91,34001,141,0.86
91,36001,141,0.87
91,38001,141,0.85
91,40001,141,1.1
91,42001,141,1.13
91,44001,141,1.12
91,46001,141,1.12
91,48001,141,1.07
91,50001,141,0.99
91,52001,141,1.05
91,54001,141,1.08
91,56001,141,0.92
91,58001,141,0.91
91,60001,141,0.94
91,62001,141,0.76
91,64001,141,0.9
91,65535,141,0.76
91,1,151,0.94
91,2001,151,0.96
91,4001,151,0.9
91,6001,151,1.03
91,8001,151,1.19
91,10001,151,1.34
91,12001,151,1.39
91,14001,151,1.07
91,16001,151,1.02
91,18001,151,1.01
91,20001,151,0.96
91,22001,151,0.84
91,24001,151,0.86
91,26001,151,0.83
91,28001,151,0.83
91,30001,151,0.83
91,32001,151,0.9
91,34001,151,0.84
91,36001,151,0.91
91,38001,151,0.91
91,40001,151,1.01
91,42001,151,1.01
91,44001,151,1.12
91,46001,151,1.08
91,48001,151,1.07
91,50001,151,1.01
91,52001,151,0.84
91,54001,151,1.11
91,56001,151,0.97
91,58001,151,0.9
91,60001,151,0.85
91,62001,151,0.94
91,64001,151,0.79
91,65535,151,0.84
91,1,161,0.78
91,2001,161,0.86
91,4001,161,0.9
91,6001,161,1.05
91,8001,161,1.16
91,10001,161,1.46
91,12001,161,1.48
91,14001,161,1.14
91,16001,161,1.08
91,18001,161,0.99
91,20001,161,0.85
91,22001,161,0.89
91,24001,161,0.85
91,26001,161,0.73
91,28001,161,0.75
91,30001,161,0.88
91,32001,161,0.85
91,34001,161,0.8
91,36001,161,0.9
91,38001,161,0.93
91,40001,161,0.88
91,42001,161,1.05
91,44001,161,1.03
91,46001,161,1.03
91,48001,161,0.92
91,50001,161,0.87
91,52001,161,0.89
91,54001,161,1.03
91,56001,161,0.89
91,58001,161,0.89
91,60001,161,0.92
91,62001,161,0.9
91,64001,161,0.83
91,65535,161,0.91
91,1,171,0.84
91,2001,171,0.76
91,4001,171,0.82
91,6001,171,0.98
91,8001,171,1.3
91,10001,171,1.2
91,12001,171,1.36
91,14001,171,1.0
91,16001,171,1.11
91,18001,171,1.04
91,20001,171,0.74
91,22001,171,0.83
91,24001,171,0.85
91,26001,171,0.95
91,28001,171,0.78
91,30001,171,0.73
91,32001,171,0.77
91,34001,171,0.88
91,36001,171,0.92
91,38001,171,0.93
91,40001,171,0.92
91,42001,171,0.97
91,44001,171,1.06
91,46001,171,1.07
91,48001,171,0.99
91,50001,171,0.87
91,52001,171,0.96
91,54001,171,1.01
91,56001,171,0.86
91,58001,171,0.94
91,60001,171,0.84
91,62001,171,0.87
91,64001,171,0.73
91,65535,171,0.76
91,1,181,0.78
91,2001,181,0.84
91,4001,181,0.84
91,6001,181,0.96
91,8001,181,1.17
91,10001,181,1.37
91,12001,181,1.25
91,14001,181,1.07
91,16001,181,1.0
91,18001,181,0.86
91,20001,181,0.86
91,22001,181,0.86
91,24001,181,0.86
91,26001,181,0.87
91,28001,181,0.86
91,30001,181,0.84
91,32001,181,0.81
91,34001,181,0.94
91,36001,181,0.95
91,38001,181,0.83
91,40001,181,1.02
91,42001,181,0.97
91,44001,181,1.04
91,46001,181,0.94
91,48001,181,0.81
91,50001,181,0.93
91,52001,181,0.9
91,54001,181,1.03
91,56001,181,1.0
91,58001,181,0.86
91,60001,181,0.89
91,62001,181,0.76
91,64001,181,0.89
91,65535,181,0.86
91,1,191,0.79
91,2001,191,0.79
91,4001,191,0.87
91,6001,191,0.93
91,8001,191,1.12
91,10001,191,1.35
91,12001,191,1.2
91,14001,191,1.18
91,16001,191,1.01
91,18001,191,0.89
91,20001,191,0.9
91,22001,191,0.86
91,24001,191,0.88
91,26001,191,0.87
91,28001,191,0.74
91,30001,191,0.78
91,32001,191,0.77
91,34001,191,0.78
91,36001,191,0.81
91,38001,191,0.87
91,40001,191,0.93
91,42001,191,0.95
91,44001,191,0.96
91,46001,191,0.96
91,48001,191,0.9
91,50001,191,0.86
91,52001,191,0.89
91,54001,191,1.05
91,56001,191,1.0
91,58001,191,0.9
91,60001,191,0.79
91,62001,191,0.78
91,64001,191,0.89
91,65535,191,0.89
91,1,201,0.72
91,2001,201,0.76
91,4001,201,0.78
91,6001,201,0.9
91,8001,201,1.09
91,10001,201,1.43
91,12001,201,1.32
91,14001,201,1.13
91,16001,201,0.95
91,18001,201,0.9
91,20001,201,0.96
91,22001,201,0.85
91,24001,201,0.82
91,26001,201,0.79
91,28001,201,0.82
91,30001,201,0.72
91,32001,201,0.83
91,34001,201,0.88
91,36001,201,0.8
91,38001,201,0.81
91,40001,201,0.93
91,42001,201,1.04
91,44001,201,0.98
91,46001,201,1.01
91,48001,201,0.86
91,50001,201,0.9
91,52001,201,0.88
91,54001,201,0.99
91,56001,201,0.96
91,58001,201,0.88
91,60001,201,0.78
91,62001,201,0.81
91,64001,201,0.85
91,65535,201,0.78
91,1,211,0.78
91,2001,211,0.89
91,4001,211,0.91
91,6001,211,0.9
91,8001,211,1.05
91,10001,211,1.15
91,12001,211,1.23
91,14001,211,1.2
91,16001,211,0.93
91,18001,211,0.9
91,20001,211,0.98
91,22001,211,0.9
91,24001,211,0.82
91,26001,211,0.74
91,28001,211,0.76
91,30001,211,0.81
91,32001,211,0.79
91,34001,211,0.75
91,36001,211,0.7
91,38001,211,0.8
91,40001,211,0.84
91,42001,211,0.92
91,44001,211,0.96
91,46001,211,1.01
91,48001,211,0.85
91,50001,211,0.79
91,52001,211,0.79
91,54001,211,0.88
91,56001,211,0.89
91,58001,211,0.86
91,60001,211,0.79
91,62001,211,0.77
91,64001,211,0.76
91,65535,211,0.74
91,1,221,0.85
91,2001,221,0.83
91,4001,221,0.9
91,6001,221,0.84
91,8001,221,0.72
91,10001,221,1.04
91,12001,221,1.12
91,14001,221,0.96
91,16001,221,1.04
91,18001,221,0.91
91,20001,221,0.85
91,22001,221,0.78
91,24001,221,0.8
91,26001,221,0.83
91,28001,221,0.88
91,30001,221,0.82
91,32001,221,0.82
91,34001,221,0.88
91,36001,221,0.7
91,38001,221,0.88
91,40001,221,0.83
91,42001,221,0.77
91,44001,221,0.82
91,46001,221,0.77
91,48001,221,0.84
91,50001,221,0.79
91,52001,221,0.82
91,54001,221,0.92
91,56001,221,1.01
91,58001,221,0.9
91,60001,221,0.9
91,62001,221,0.85
91,64001,221,0.8
91,65535,221,0.78
91,1,231,0.74
91,2001,231,0.74
91,4001,231,0.76
91,6001,231,0.76
91,8001,231,0.81
91,10001,231,0.81
91,12001,231,0.95
91,14001,231,0.94
91,16001,231,0.95
91,18001,231,0.89
91,20001,231,0.85
91,22001,231,0.87
91,24001,231,0.76
91,26001,231,0.73
91,28001,231,0.8
91,30001,231,0.85
91,32001,231,0.89
91,34001,231,0.8
91,36001,231,0.9
91,38001,231,0.75
91,40001,231,0.82
91,42001,231,0.97
91,44001,231,1.0
91,46001,231,0.83
91,48001,231,0.8
91,50001,231,0.83
91,52001,231,0.8
91,54001,231,0.97
91,56001,231,0.94
91,58001,231,0.91
91,60001,231,0.86
91,62001,231,0.77
91,64001,231,0.77
91,65535,231,0.84
91,1,241,0.79
91,2001,241,0.74
91,4001,241,0.74
91,6001,241,0.73
91,8001,241,0.79
91,10001,241,0.86
91,12001,241,0.87
91,14001,241,0.88
91,16001,241,1.02
91,18001,241,0.84
91,20001,241,0.81
91,22001,241,0.8
91,24001,241,0.88
91,26001,241,0.85
91,28001,241,0.72
91,30001,241,0.77
91,32001,241,0.77
91,34001,241,0.78
91,36001,241,0.76
91,38001,241,0.79
91,40001,241,0.76
91,42001,241,0.94
91,44001,241,0.82
91,46001,241,0.84
91,48001,241,0.79
91,50001,241,0.77
91,52001,241,0.66
91,54001,241,0.9
91,56001,241,0.85
91,58001,241,0.81
91,60001,241,0.81
91,62001,241,0.86
91,64001,241,0.91
91,65535,241,0.75
91,1,251,0.74
91,2001,251,0.82
91,4001,251,0.69
91,6001,251,0.78
91,8001,251,0.84
91,10001,251,0.88
91,12001,251,0.76
91,14001,251,0.84
91,16001,251,0.81
91,18001,251,0.8
91,20001,251,0.83
91,22001,251,0.83
91,24001,251,0.73
91,26001,251,0.81
91,28001,251,0.73
91,30001,251,0.84
91,32001,251,0.83
91,34001,251,0.79
91,36001,251,0.81
91,38001,251,0.8
91,40001,251,0.81
91,42001,251,0.83
91,44001,251,0.79
91,46001,251,0.85
91,48001,251,0.83
91,50001,251,0.85
91,52001,251,0.89
91,54001,251,0.85
91,56001,251,0.94
91,58001,251,0.87
91,60001,251,0.79
91,62001,251,0.9
91,64001,251,0.85
91,65535,251,0.77
91,1,254,0.69
91,2001,254,0.75
91,4001,254,0.74
91,6001,254,0.8
91,8001,254,0.71
91,10001,254,0.87
91,12001,254,0.87
91,14001,254,0.88
91,16001,254,0.96
91,18001,254,0.89
91,20001,254,0.8
91,22001,254,0.84
91,24001,254,0.8
91,26001,254,0.82
91,28001,254,0.78
91,30001,254,0.83
91,32001,254,0.71
91,34001,254,0.85
91,36001,254,0.83
91,38001,254,0.76
91,40001,254,0.93
91,42001,254,0.95
91,44001,254,1.03
91,46001,254,0.91
91,48001,254,0.8
91,50001,254,0.75
91,52001,254,0.8
91,54001,254,0.89
91,56001,254,0.84
91,58001,254,0.8
91,60001,254,0.91
91,62001,254,0.97
91,64001,254,0.77
91,65535,254,0.66
101,1,1,1.98
101,2001,1,2.04
101,4001,1,1.96
101,6001,1,1.87
101,8001,1,1.99
101,10001,1,1.99
101,12001,1,1.94
101,14001,1,2.02
101,16001,1,1.93
101,18001,1,1.95
101,20001,1,1.92
101,22001,1,1.95
101,24001,1,1.87
101,26001,1,1.98
101,28001,1,1.98
101,30001,1,2.0
101,32001,1,1.98
101,34001,1,2.03
101,36001,1,1.9
101,38001,1,1.9
101,40001,1,1.99
101,42001,1,1.95
101,44001,1,1.99
101,46001,1,2.12
101,48001,1,1.87
101,50001,1,2.0
101,52001,1,2.03
101,54001,1,2.16
101,56001,1,2.01
101,58001,1,2.08
101,60001,1,1.83
101,62001,1,2.01
101,64001,1,2.01
101,65535,1,2.01
101,1,11,1.73
101,2001,11,1.95
101,4001,11,1.87
101,6001,11,1.93
101,8001,11,1.87
101,10001,11,2.0
101,12001,11,2.09
101,14001,11,2.04
101,16001,11,1.96
101,18001,11,1.87
101,20001,11,1.87
101,22001,11,1.65
101,24001,11,1.63
101,26001,11,1.59
101,28001,11,1.57
101,30001,11,1.66
101,32001,11,1.69
101,34001,11,1.83
101,36001,11,1.86
101,38001,11,1.97
101,40001,11,1.88
101,42001,11,2.13
101,44001,11,1.98
101,46001,11,1.95
101,48001,11,1.96
101,50001,11,2.06
101,52001,11,2.09
101,54001,11,2.06
101,56001,11,1.99
101,58001,11,1.99
101,60001,11,1.97
101,62001,11,1.9
101,64001,11,1.96
101,65535,11,1.8
101,1,21,1.71
101,2001,21,1.71
101,4001,21,1.68
101,6001,21,1.76
101,8001,21,1.75
101,10001,21,1.92
101,12001,21,1.9
101,14001,21,1.92
101,16001,21,1.75
101,18001,21,1.66
101,20001,21,1.55
101,22001,21,1.53
101,24001,21,1.37
101,26001,21,1.4
101,28001,21,1.33
101,30001,21,1.45
101,32001,21,1.51
101,34001,21,1.44
101,36001,21,1.57
101,38001,21,1.68
101,40001,21,1.95
101,42001,21,1.95
101,44001,21,2.04
101,46001,21,1.96
101,48001,21,1.83
101,50001,21,1.97
101,52001,21,2.01
101,54001,21,1.91
101,56001,21,1.93
101,58001,21,1.94
101,60001,21,1.96
101,62001,21,1.77
101,64001,21,1.86
101,65535,21,1.72
101,1,31,1.8
101,2001,31,1.86
101,4001,31,1.65
101,6001,31,1.78
101,8001,31,1.81
101,10001,31,1.71
101,12001,31,1.85
101,14001,31,1.79
101,16001,31,1.58
101,18001,31,1.64
101,20001,31,1.51
101,22001,31,1.32
101,24001,31,1.4
101,26001,31,1.25
101,28001,31,1.19
101,30001,31,1.31
101,32001,31,1.31
101,34001,31,1.29
101,36001,31,1.48
101,38001,31,1.47
101,40001,31,1.81
101,42001,31,1.92
101,44001,31,1.81
101,46001,31,1.76
101,48001,31,1.73
101,50001,31,1.85
101,52001,31,1.97
101,54001,31,1.94
101,56001,31,2.01
101,58001,31,1.97
101,60001,31,1.97
101,62001,31,1.86
101,64001,31,1.94
101,65535,31,1.87
101,1,41,1.98
101,2001,41,1.88
101,4001,41,1.72
101,6001,41,1.69
101,8001,41,1.68
101,10001,41,1.63
101,12001,41,1.79
101,14001,41,1.73
101,16001,41,1.65
101,18001,41,1.44
101,20001,41,1.41
101,22001,41,1.3
101,24001,41,1.22
101,26001,41,1.17
101,28001,41,1.1
101,30001,41,1.15
101,32001,41,1.21
101,34001,41,1.19
101,36001,41,1.4
101,38001,41,1.51
101,40001,41,1.63
101,42001,41,1.85
101,44001,41,1.95
101,46001,41,1.73
101,48001,41,1.58
101,50001,41,1.73
101,52001,41,1.72
101,54001,41,1.73
101,56001,41,1.78
101,58001,41,1.83
101,60001,41,1.77
101,62001,41,2.0
101,64001,41,2.04
101,65535,41,1.93
101,1,51,1.56
101,2001,51,1.51
101,4001,51,1.69
101,6001,51,1.66
101,8001,51,1.66
101,10001,51,1.67
101,12001,51,1.78
101,14001,51,1.56
101,16001,51,1.49
101,18001,51,1.41
101,20001,51,1.33
101,22001,51,1.24
101,24001,51,1.1
101,26001,51,1.13
101,28001,51,0.98
101,30001,51,1.1
101,32001,51,1.18
101,34001,51,1.13
101,36001,51,1.37
101,38001,51,1.47
101,40001,51,1.56
101,42001,51,1.77
101,44001,51,1.81
101,46001,51,1.67
101,48001,51,1.69
101,50001,51,1.53
101,52001,51,1.35
101,54001,51,1.34
101,56001,51,1.35
101,58001,51,1.32
101,60001,51,1.49
101,62001,51,1.45
101,64001,51,1.63
101,65535,51,1.44
101,1,61,1.29
101,2001,61,1.28
101,4001,61,1.62
101,6001,61,1.65
101,8001,61,1.57
101,10001,61,1.79
101,12001,61,1.93
101,14001,61,1.71
101,16001,61,1.49
101,18001,61,1.31
101,20001,61,1.25
101,22001,61,1.23
101,24001,61,0.97
101,26001,61,1.05
101,28001,61,1.03
101,30001,61,0.91
101,32001,61,1.03
101,34001,61,1.09
101,36001,61,1.19
101,38001,61,1.37
101,40001,61,1.51
101,42001,61,1.69
101,44001,61,1.49
101,46001,61,1.56
101,48001,61,1.61
101,50001,61,1.43
101,52001,61,1.37
101,54001,61,1.22
101,56001,61,1.32
101,58001,61,1.13
101,60001,61,1.33
101,62001,61,1.4
101,64001,61,1.13
101,65535,61,1.22
101,1,71,1.2
101,2001,71,1.24
101,4001,71,1.3
101,6001,71,1.54
101,8001,71,1.62
101,10001,71,1.58
101,12001,71,1.8
101,14001,71,1.62
101,16001,71,1.5
101,18001,71,1.3
101,20001,71,1.3
101,22001,71,1.15
101,24001,71,1.03
101,26001,71,0.99
101,28001,71,0.94
101,30001,71,0.98
101,32001,71,1.13
101,34001,71,1.22
101,36001,71,1.14
101,38001,71,1.12
101,40001,71,1.46
101,42001,71,1.59
101,44001,71,1.65
101,46001,71,1.47
101,48001,71,1.74
101,50001,71,1.48
101,52001,71,1.28
101,54001,71,1.19
101,56001,71,1.13
101,58001,71,1.11
101,60001,71,1.08
101,62001,71,1.21
101,64001,71,1.16
101,65535,71,1.22
101,1,81,1.11
101,2001,81,1.08
101,4001,81,1.29
101,6001,81,1.82
101,8001,81,1.49
101,10001,81,1.58
101,12001,81,1.72
101,14001,81,1.55
101,16001,81,1.29
101,18001,81,1.25
101,20001,81,1.2
101,22001,81,1.05
101,24001,81,1.01
101,26001,81,0.99
101,28001,81,0.89
101,30001,81,0.98
101,32001,81,0.99
101,34001,81,1.01
101,36001,81,1.17
101,38001,81,1.3
101,40001,81,1.44
101,42001,81,1.56
101,44001,81,1.55
101,46001,81,1.64
101,48001,81,1.66
101,50001,81,1.53
101,52001,81,1.19
101,54001,81,1.14
101,56001,81,1.16
101,58001,81,1.15
101,60001,81,1.04
101,62001,81,1.04
101,64001,81,1.07
101,65535,81,1.06
101,1,91,1.0
101,2001,91,0.97
101,4001,91,1.16
101,6001,91,1.49
101,8001,91,1.47
101,10001,91,1.55
101,12001,91,1.8
101,14001,91,1.41
101,16001,91,1.47
101,18001,91,1.16
101,20001,91,1.06
101,22001,91,1.08
101,24001,91,0.93
101,26001,91,0.99
101,28001,91,0.95
101,30001,91,0.88
101,32001,91,1.02
101,34001,91,1.0
101,36001,91,1.14
101,38001,91,1.3
101,40001,91,1.33
101,42001,91,1.46
101,44001,91,1.52
101,46001,91,1.58
101,48001,91,1.72
101,50001,91,1.53
101,52001,91,1.35
101,54001,91,1.19
101,56001,91,1.21
101,58001,91,1.12
101,60001,91,1.1
101,62001,91,1.01
101,64001,91,1.02
101,65535,91,0.99
101,1,101,0.87
101,2001,101,0.98
101,4001,101,1.03
101,6001,101,1.44
101,8001,101,1.54
101,10001,101,1.61
101,12001,101,1.7
101,14001,101,1.37
101,16001,101,1.29
101,18001,101,1.11
101,20001,101,1.1
101,22001,101,1.05
101,24001,101,1.04
101,26001,101,0.89
101,28001,101,0.91
101,30001,101,0.94
101,32001,101,0.97
101,34001,101,0.97
101,36001,101,1.07
101,38001,101,1.07
101,40001,101,1.34
101,42001,101,1.6
101,44001,101,1.47
101,46001,101,1.57
101,48001,101,1.55
101,50001,101,1.55
101,52001,101,1.25
101,54001,101,1.11
101,56001,101,1.17
101,58001,101,1.02
101,60001,101,0.96
101,62001,101,0.97
101,64001,101,1.02
101,65535,101,0.99
101,1,111,0.95
101,2001,111,0.98
101,4001,111,0.98
101,6001,111,1.24
101,8001,111,1.57
101,10001,111,1.53
101,12001,111,1.61
101,14001,111,1.34
101,16001,111,1.33
101,18001,111,1.25
101,20001,111,1.05
101,22001,111,0.97
101,24001,111,1.03
101,26001,111,1.02
101,28001,111,0.91
101,30001,111,0.86
101,32001,111,0.94
101,34001,111,1.07
101,36001,111,0.98
101,38001,111,1.19
101,40001,111,1.1
101,42001,111,1.42
101,44001,111,1.68
101,46001,111,1.51
101,48001,111,1.38
101,50001,111,1.36
101,52001,111,1.37
101,54001,111,1.25
101,56001,111,1.09
101,58001,111,0.98
101,60001,111,0.86
101,62001,111,0.98
101,64001,111,0.9
101,65535,111,0.99
101,1,121,0.91
101,2001,121,0.92
101,4001,121,1.11
101,6001,121,1.29
101,8001,121,1.54
101,10001,121,1.63
101,12001,121,1.55
101,14001,121,1.34
101,16001,121,1.18
101,18001,121,1.12
101,20001,121,0.9
101,22001,121,0.94
101,24001,121,0.9
101,26001,121,0.98
101,28001,121,0.88
101,30001,121,0.85
101,32001,121,0.83
101,34001,121,0.88
101,36001,121,0.96
101,38001,121,0.99
101,40001,121,1.13
101,42001,121,1.25
101,44001,121,1.71
101,46001,121,1.49
101,48001,121,1.23
101,50001,121,1.17
101,52001,121,1.21
101,54001,121,1.08
101,56001,121,0.98
101,58001,121,0.96
101,60001,121,0.95
101,62001,121,0.95
101,64001,121,0.97
101,65535,121,0.94
101,1,131,0.9
101,2001,131,0.95
101,4001,131,0.98
101,6001,131,1.2
101,8001,131,1.53
101,10001,131,1.46
101,12001,131,1.64
101,14001,131,1.48
101,16001,131,1.29
101,18001,131,1.2
101,20001,131,0.99
101,22001,131,0.92
101,24001,131,0.88
101,26001,131,0.86
101,28001,131,0.9
101,30001,131,0.88
101,32001,131,0.84
101,34001,131,0.91
101,36001,131,0.98
101,38001,131,1.08
101,40001,131,1.09
101,42001,131,1.2
101,44001,131,1.55
101,46001,131,1.5
101,48001,131,1.24
101,50001,131,1.19
101,52001,131,1.1
101,54001,131,1.17
101,56001,131,1.04
101,58001,131,0.93
101,60001,131,0.99
101,62001,131,0.84
101,64001,131,0.89
101,65535,131,0.87
101,1,141,0.87
101,2001,141,0.88
101,4001,141,1.0
101,6001,141,1.07
101,8001,141,1.37
101,10001,141,1.55
101,12001,141,1.69
101,14001,141,1.37
101,16001,141,1.26
101,18001,141,1.1
101,20001,141,0.98
101,22001,141,1.0
101,24001,141,0.91
101,26001,141,0.86
101,28001,141,0.81
101,30001,141,0.85
101,32001,141,0.86
101,34001,141,0.87
101,36001,141,0.9
101,38001,141,0.96
101,40001,141,1.02
101,42001,141,1.25
101,44001,141,1.5
101,46001,141,1.4
101,48001,141,1.11
101,50001,141,1.07
101,52001,141,1.28
101,54001,141,1.19
101,56001,141,1.19
101,58001,141,1.11
101,60001,141,0.97
101,62001,141,0.76
101,64001,141,0.89
101,65535,141,0.79
101,1,151,0.91
101,2001,151,0.94
101,4001,151,0.85
101,6001,151,1.15
101,8001,151,1.42
101,10001,151,1.44
101,12001,151,1.62
101,14001,151,1.3
101,16001,151,1.18
101,18001,151,1.15
101,20001,151,0.9
101,22001,151,0.91
101,24001,151,1.09
101,26001,151,0.88
101,28001,151,0.86
101,30001,151,0.77
101,32001,151,0.86
101,34001,151,0.95
101,36001,151,0.94
101,38001,151,0.96
101,40001,151,1.05
101,42001,151,1.15
101,44001,151,1.31
101,46001,151,1.23
101,48001,151,1.28
101,50001,151,0.99
101,52001,151,1.15
101,54001,151,1.19
101,56001,151,1.0
101,58001,151,0.96
101,60001,151,0.95
101,62001,151,0.91
101,64001,151,0.89
101,65535,151,0.96
101,1,161,0.84
101,2001,161,1.0
101,4001,161,0.85
101,6001,161,1.02
101,8001,161,1.37
101,10001,161,1.46
101,12001,161,1.5
101,14001,161,1.37
101,16001,161,1.13
101,18001,161,0.99
101,20001,161,1.01
101,22001,161,0.94
101,24001,161,0.94
101,26001,161,0.91
101,28001,161,0.75
101,30001,161,0.82
101,32001,161,0.91
101,34001,161,0.9
101,36001,161,1.02
101,38001,161,0.95
101,40001,161,1.07
101,42001,161,1.1
101,44001,161,1.23
101,46001,161,1.19
101,48001,161,1.0
101,50001,161,1.04
101,52001,161,0.99
101,54001,161,1.04
101,56001,161,0.89
101,58001,161,0.95
101,60001,161,0.97
101,62001,161,0.8
101,64001,161,0.88
101,65535,161,0.88
101,1,171,0.89
101,2001,171,0.85
101,4001,171,0.8
101,6001,171,1.17
101,8001,171,1.55
101,10001,171,1.47
101,12001,171,1.39
101,14001,171,1.4
101,16001,171,1.21
101,18001,171,1.06
101,20001,171,0.99
101,22001,171,0.88
101,24001,171,0.88
101,26001,171,0.77
101,28001,171,0.91
101,30001,171,0.83
101,32001,171,0.8
101,34001,171,0.91
101,36001,171,0.92
101,38001,171,1.12
101,40001,171,1.06
101,42001,171,1.08
101,44001,171,1.11
101,46001,171,1.08
101,48001,171,1.05
101,50001,171,0.92
101,52001,171,1.0
101,54001,171,1.15
101,56001,171,1.13
101,58001,171,0.93
101,60001,171,0.95
101,62001,171,1.03
101,64001,171,0.95
101,65535,171,0.95
101,1,181,0.85
101,2001,181,0.87
101,4001,181,0.91
101,6001,181,1.09
101,8001,181,1.31
101,10001,181,1.39
101,12001,181,1.52
101,14001,181,1.29
101,16001,181,1.04
101,18001,181,1.0
101,20001,181,1.01
101,22001,181,0.86
101,24001,181,0.97
101,26001,181,0.87
101,28001,181,0.84
101,30001,181,0.85
101,32001,181,0.94
101,34001,181,0.88
101,36001,181,0.88
101,38001,181,0.83
101,40001,181,0.92
101,42001,181,1.08
101,44001,181,1.09
101,46001,181,1.06
101,48001,181,1.09
101,50001,181,1.0
101,52001,181,0.99
101,54001,181,0.97
101,56001,181,0.91
101,58001,181,1.07
101,60001,181,0.97
101,62001,181,0.81
101,64001,181,0.88
101,65535,181,0.84
101,1,191,0.95
101,2001,191,0.79
101,4001,191,0.84
101,6001,191,0.99
101,8001,191,1.4
101,10001,191,1.41
101,12001,191,1.47
101,14001,191,1.3
101,16001,191,1.01
101,18001,191,0.97
101,20001,191,0.97
101,22001,191,0.85
101,24001,191,0.86
101,26001,191,0.94
101,28001,191,0.8
101,30001,191,0.89
101,32001,191,0.89
101,34001,191,0.79
101,36001,191,0.92
101,38001,191,0.96
101,40001,191,0.97
101,42001,191,1.06
101,44001,191,1.13
101,46001,191,0.99
101,48001,191,1.04
101,50001,191,0.91
101,52001,191,0.97
101,54001,191,1.04
101,56001,191,0.99
101,58001,191,0.97
101,60001,191,0.9
101,62001,191,0.85
101,64001,191,0.92
101,65535,191,0.9
101,1,201,0.84
101,2001,201,0.94
101,4001,201,0.86
101,6001,201,0.91
101,8001,201,1.48
101,10001,201,1.56
101,12001,201,1.6
101,14001,201,1.24
101,16001,201,1.06
101,18001,201,1.08
101,20001,201,0.97
101,22001,201,1.0
101,24001,201,0.9
101,26001,201,0.89
101,28001,201,0.86
101,30001,201,0.76
101,32001,201,0.84
101,34001,201,0.86
101,36001,201,1.04
101,38001,201,0.85
101,40001,201,1.0
101,42001,201,1.04
101,44001,201,1.04
101,46001,201,0.9
101,48001,201,0.87
101,50001,201,0.83
101,52001,201,0.96
101,54001,201,0.98
101,56001,201,0.87
101,58001,201,0.85
101,60001,201,0.81
101,62001,201,0.84
101,64001,201,0.79
101,65535,201,0.86
101,1,211,0.79
101,2001,211,0.81
101,4001,211,0.74
101,6001,211,0.87
101,8001,211,1.15
101,10001,211,1.36
101,12001,211,1.37
101,14001,211,1.09
101,16001,211,1.12
101,18001,211,0.91
101,20001,211,0.94
101,22001,211,0.87
101,24001,211,0.86
101,26001,211,0.89
101,28001,211,0.95
101,30001,211,0.76
101,32001,211,0.84
101,34001,211,0.84
101,36001,211,0.86
101,38001,211,1.0
101,40001,211,0.96
101,42001,211,1.02
101,44001,211,0.96
101,46001,211,1.02
101,48001,211,0.9
101,50001,211,0.88
101,52001,211,0.87
101,54001,211,0.9
101,56001,211,0.95
101,58001,211,0.89
101,60001,211,0.89
101,62001,211,0.94
101,64001,211,0.83
101,65535,211,0.8
101,1,221,0.87
101,2001,221,0.86
101,4001,221,0.81
101,6001,221,0.89
101,8001,221,1.05
101,10001,221,1.1
101,12001,221,1.14
101,14001,221,1.1
101,16001,221,0.91
101,18001,221,0.89
101,20001,221,0.77
101,22001,221,0.97
101,24001,221,0.81
101,26001,221,0.89
101,28001,221,0.73
101,30001,221,0.81
101,32001,221,0.95
101,34001,221,0.92
101,36001,221,0.87
101,38001,221,0.9
101,40001,221,0.9
101,42001,221,0.92
101,44001,221,1.1
101,46001,221,0.8
101,48001,221,0.84
101,50001,221,0.88
101,52001,221,1.03
101,54001,221,1.05
101,56001,221,0.93
101,58001,221,0.94
101,60001,221,0.91
101,62001,221,0.81
101,64001,221,0.82
101,65535,221,0.75
101,1,231,0.73
101,2001,231,0.84
101,4001,231,0.89
101,6001,231,0.93
101,8001,231,0.96
101,10001,231,1.03
101,12001,231,1.0
101,14001,231,1.01
101,16001,231,0.94
101,18001,231,0.9
101,20001,231,0.96
101,22001,231,0.9
101,24001,231,1.0
101,26001,231,0.74
101,28001,231,0.93
101,30001,231,0.87
101,32001,231,0.8
101,34001,231,0.8
101,36001,231,0.95
101,38001,231,0.88
101,40001,231,1.03
101,42001,231,1.04
101,44001,231,0.99
101,46001,231,0.96
101,48001,231,0.88
101,50001,231,0.78
101,52001,231,1.0
101,54001,231,1.02
101,56001,231,0.93
101,58001,231,0.82
101,60001,231,0.78
101,62001,231,0.88
101,64001,231,0.95
101,65535,231,0.77
101,1,241,0.79
101,2001,241,0.78
101,4001,241,0.79
101,6001,241,0.8
101,8001,241,0.89
101,10001,241,0.85
101,12001,241,0.95
101,14001,241,0.93
101,16001,241,0.96
101,18001,241,0.87
101,20001,241,0.88
101,22001,241,0.92
101,24001,241,0.83
101,26001,241,0.91
101,28001,241,0.72
101,30001,241,0.81
101,32001,241,0.76
101,34001,241,0.75
101,36001,241,0.87
101,38001,241,0.86
101,40001,241,0.81
101,42001,241,0.98
101,44001,241,0.97
101,46001,241,0.82
101,48001,241,0.83
101,50001,241,0.76
101,52001,241,0.86
101,54001,241,0.9
101,56001,241,0.89
101,58001,241,0.91
101,60001,241,0.93
101,62001,241,0.86
101,64001,241,0.88
101,65535,241,0.89
101,1,251,0.71
101,2001,251,0.95
101,4001,251,0.85
101,6001,251,0.79
101,8001,251,0.81
101,10001,251,0.96
101,12001,251,0.96
101,14001,251,0.97
101,16001,251,0.92
101,18001,251,0.97
101,20001,251,0.92
101,22001,251,0.9
101,24001,251,0.86
101,26001,251,0.91
101,28001,251,0.82
101,30001,251,0.85
101,32001,251,0.85
101,34001,251,0.78
101,36001,251,0.94
101,38001,251,0.86
101,40001,251,0.87
101,42001,251,1.03
101,44001,251,0.93
101,46001,251,0.92
101,48001,251,0.86
101,50001,251,0.8
101,52001,251,0.89
101,54001,251,0.94
101,56001,251,0.8
101,58001,251,0.95
101,60001,251,0.82
101,62001,251,0.94
101,64001,251,0.8
101,65535,251,0.87
101,1,254,0.83
101,2001,254,0.83
101,4001,254,0.53
101,6001,254,0.92
101,8001,254,0.85
101,10001,254,0.89
101,12001,254,0.88
101,14001,254,1.16
101,16001,254,0.84
101,18001,254,0.95
101,20001,254,0.96
101,22001,254,0.89
101,24001,254,0.76
101,26001,254,0.8
101,28001,254,0.72
101,30001,254,0.72
101,32001,254,0.73
101,34001,254,0.83
101,36001,254,0.93
101,38001,254,0.93
101,40001,254,0.93
101,42001,254,1.01
101,44001,254,1.08
101,46001,254,0.95
101,48001,254,0.76
101,50001,254,0.8
101,52001,254,0.79
101,54001,254,0.89
101,56001,254,0.96
101,58001,254,0.91
101,60001,254,0.88
101,62001,254,0.86
101,64001,254,0.85
101,65535,254,0.81
111,1,1,2.27
111,2001,1,2.28
111,4001,1,2.22
111,6001,1,2.25
111,8001,1,2.3
111,10001,1,2.25
111,12001,1,2.32
111,14001,1,2.29
111,16001,1,2.24
111,18001,1,2.19
111,20001,1,2.23
111,22001,1,2.19
111,24001,1,2.19
111,26001,1,2.25
111,28001,1,2.24
111,30001,1,2.26
111,32001,1,2.29
111,34001,1,2.28
111,36001,1,2.19
111,38001,1,2.2
111,40001,1,2.13
111,42001,1,2.37
111,44001,1,2.26
111,46001,1,2.16
111,48001,1,2.38
111,50001,1,2.24
111,52001,1,2.25
111,54001,1,2.17
111,56001,1,2.3
111,58001,1,2.28
111,60001,1,2.26
111,62001,1,2.32
111,64001,1,2.33
111,65535,1,2.24
111,1,11,2.08
111,2001,11,2.18
111,4001,11,2.05
111,6001,11,2.13
111,8001,11,2.03
111,10001,11,2.21
111,12001,11,2.11
111,14001,11,2.21
111,16001,11,2.16
111,18001,11,2.05
111,20001,11,2.01
111,22001,11,1.91
111,24001,11,1.86
111,26001,11,1.8
111,28001,11,1.78
111,30001,11,1.77
111,32001,11,1.94
111,34001,11,1.98
111,36001,11,2.06
111,38001,11,2.31
111,40001,11,2.27
111,42001,11,2.32
111,44001,11,2.3
111,46001,11,2.24
111,48001,11,2.32
111,50001,11,2.29
111,52001,11,2.35
111,54001,11,2.37
111,56001,11,2.27
111,58001,11,2.22
111,60001,11,2.23
111,62001,11,2.24
111,64001,11,2.21
111,65535,11,2.02
111,1,21,1.85
111,2001,21,2.15
111,4001,21,1.95
111,6001,21,1.96
111,8001,21,2.19
111,10001,21,2.15
111,12001,21,2.22
111,14001,21,2.19
111,16001,21,2.0
111,18001,21,1.81
111,20001,21,1.73
111,22001,21,1.71
111,24001,21,1.68
111,26001,21,1.6
111,28001,21,1.6
111,30001,21,1.49
111,32001,21,1.76
111,34001,21,1.82
111,36001,21,1.85
111,38001,21,1.91
111,40001,21,2.12
111,42001,21,2.17
111,44001,21,2.27
111,46001,21,2.27
111,48001,21,2.11
111,50001,21,2.27
111,52001,21,2.22
111,54001,21,2.23
111,56001,21,2.16
111,58001,21,2.23
111,60001,21,2.25
111,62001,21,2.15
111,64001,21,2.01
111,65535,21,1.9
111,1,31,1.79
111,2001,31,1.84
111,4001,31,1.94
111,6001,31,1.83
111,8001,31,1.95
111,10001,31,2.07
111,12001,31,2.11
111,14001,31,1.88
111,16001,31,1.77
111,18001,31,1.59
111,20001,31,1.51
111,22001,31,1.54
111,24001,31,1.55
111,26001,31,1.5
111,28001,31,1.39
111,30001,31,1.23
111,32001,31,1.41
111,34001,31,1.55
111,36001,31,1.6
111,38001,31,1.75
111,40001,31,2.14
111,42001,31,2.29
111,44001,31,2.18
111,46001,31,1.99
111,48001,31,1.87
111,50001,31,1.79
111,52001,31,2.17
111,54001,31,2.23
111,56001,31,2.28
111,58001,31,2.28
111,60001,31,2.17
111,62001,31,2.29
111,64001,31,2.24
111,65535,31,2.08
111,1,41,2.06
111,2001,41,2.22
111,4001,41,1.97
111,6001,41,1.96
111,8001,41,1.83
111,10001,41,1.89
111,12001,41,2.09
111,14001,41,1.91
111,16001,41,1.79
111,18001,41,1.6
111,20001,41,1.33
111,22001,41,1.46
111,24001,41,1.22
111,26001,41,1.25
111,28001,41,1.21
111,30001,41,1.27
111,32001,41,1.26
111,34001,41,1.26
111,36001,41,1.54
111,38001,41,1.61
111,40001,41,1.99
111,42001,41,2.04
111,44001,41,1.99
111,46001,41,2.0
111,48001,41,1.9
111,50001,41,1.9
111,52001,41,1.91
111,54001,41,1.96
111,56001,41,2.01
111,58001,41,2.05
111,60001,41,2.14
111,62001,41,1.98
111,64001,41,2.2
111,65535,41,2.17
111,1,51,1.67
111,2001,51,1.74
111,4001,51,1.91
111,6001,51,1.87
111,8001,51,1.67
111,10001,51,1.99
111,12001,51,2.04
111,14001,51,1.97
111,16001,51,1.73
111,18001,51,1.42
111,20001,51,1.43
111,22001,51,1.37
111,24001,51,1.26
111,26001,51,1.07
111,28001,51,1.07
111,30001,51,1.17
111,32001,51,1.29
111,34001,51,1.31
111,36001,51,1.55
111,38001,51,1.53
111,40001,51,1.76
111,42001,51,2.05
111,44001,51,2.01
111,46001,51,1.75
111,48001,51,1.65
111,50001,51,1.45
111,52001,51,1.51
111,54001,51,1.53
111,56001,51,1.57
111,58001,51,1.49
111,60001,51,1.84
111,62001,51,1.55
111,64001,51,1.6
111,65535,51,1.72
111,1,61,1.39
111,2001,61,1.41
111,4001,61,1.91
111,6001,61,1.87
111,8001,61,1.81
111,10001,61,1.74
111,12001,61,1.96
111,14001,61,1.82
111,16001,61,1.53
111,18001,61,1.47
111,20001,61,1.29
111,22001,61,1.29
111,24001,61,1.11
111,26001,61,1.13
111,28001,61,1.14
111,30001,61,1.27
111,32001,61,1.27
111,34001,61,1.28
111,36001,61,1.41
111,38001,61,1.44
111,40001,61,1.96
111,42001,61,1.92
111,44001,61,1.82
111,46001,61,1.75
111,48001,61,1.81
111,50001,61,1.69
111,52001,61,1.46
111,54001,61,1.34
111,56001,61,1.29
111,58001,61,1.33
111,60001,61,1.45
111,62001,61,1.43
111,64001,61,1.36
111,65535,61,1.48
111,1,71,1.33
111,2001,71,1.31
111,4001,71,1.51
111,6001,71,1.8
111,8001,71,1.76
111,10001,71,1.87
111,12001,71,1.99
111,14001,71,1.73
111,16001,71,1.46
111,18001,71,1.17
111,20001,71,1.2
111,22001,71,1.12
111,24001,71,1.08
111,26001,71,1.03
111,28001,71,1.0
111,30001,71,1.0
111,32001,71,1.02
111,34001,71,1.16
111,36001,71,1.32
111,38001,71,1.45
111,40001,71,1.78
111,42001,71,1.79
111,44001,71,1.8
111,46001,71,1.59
111,48001,71,1.93
111,50001,71,1.51
111,52001,71,1.54
111,54001,71,1.27
111,56001,71,1.1
111,58001,71,1.22
111,60001,71,1.28
111,62001,71,1.21
111,64001,71,1.17
111,65535,71,1.32
111,1,81,1.25
111,2001,81,1.29
111,4001,81,1.46
111,6001,81,1.98
111,8001,81,1.71
111,10001,81,1.7
111,12001,81,1.9
111,14001,81,1.68
111,16001,81,1.43
111,18001,81,1.42
111,20001,81,1.24
111,22001,81,1.19
111,24001,81,1.16
111,26001,81,1.08
111,28001,81,1.1
111,30001,81,1.03
111,32001,81,1.11
111,34001,81,1.16
111,36001,81,1.19
111,38001,81,1.43
111,40001,81,1.62
111,42001,81,1.76
111,44001,81,1.56
111,46001,81,1.67
111,48001,81,1.93
111,50001,81,1.68
111,52001,81,1.24
111,54001,81,1.31
111,56001,81,1.1
111,58001,81,1.09
111,60001,81,1.08
111,62001,81,1.16
111,64001,81,1.15
111,65535,81,1.14
111,1,91,1.13
111,2001,91,1.21
111,4001,91,1.48
111,6001,91,1.87
111,8001,91,1.69
111,10001,91,1.69
111,12001,91,1.8
111,14001,91,1.62
111,16001,91,1.47
111,18001,91,1.25
111,20001,91,1.26
111,22001,91,1.21
111,24001,91,1.08
111,26001,91,1.02
111,28001,91,1.05
111,30001,91,1.02
111,32001,91,1.06
111,34001,91,1.13
111,36001,91,1.24
111,38001,91,1.42
111,40001,91,1.54
111,42001,91,1.71
111,44001,91,1.6
111,46001,91,1.63
111,48001,91,1.83
111,50001,91,1.56
111,52001,91,1.39
111,54001,91,1.31
111,56001,91,1.2
111,58001,91,1.16
111,60001,91,1.1
111,62001,91,1.04
111,64001,91,1.13
111,65535,91,1.05
111,1,101,1.12
111,2001,101,1.11
111,4001,101,1.24
111,6001,101,1.45
111,8001,101,1.75
111,10001,101,1.9
111,12001,101,1.85
111,14001,101,1.47
111,16001,101,1.26
111,18001,101,1.23
111,20001,101,1.16
111,22001,101,1.17
111,24001,101,1.02
111,26001,101,1.04
111,28001,101,1.01
111,30001,101,0.95
111,32001,101,1.06
111,34001,101,1.18
111,36001,101,1.21
111,38001,101,1.19
111,40001,101,1.76
111,42001,101,1.74
111,44001,101,1.78
111,46001,101,1.82
111,48001,101,1.6
111,50001,101,1.63
111,52001,101,1.37
111,54001,101,1.25
111,56001,101,1.18
111,58001,101,1.09
111,60001,101,1.04
111,62001,101,1.03
111,64001,101,1.05
111,65535,101,1.12
111,1,111,1.07
111,2001,111,1.12
111,4001,111,1.31
111,6001,111,1.4
111,8001,111,1.74
111,10001,111,1.7
111,12001,111,1.79
111,14001,111,1.54
111,16001,111,1.33
111,18001,111,1.28
111,20001,111,1.23
111,22001,111,1.15
111,24001,111,1.05
111,26001,111,1.04
111,28001,111,0.97
111,30001,111,1.01
111,32001,111,0.92
111,34001,111,1.05
111,36001,111,1.22
111,38001,111,1.2
111,40001,111,1.4
111,42001,111,1.76
111,44001,111,1.71
111,46001,111,1.79
111,48001,111,1.42
111,50001,111,1.58
111,52001,111,1.34
111,54001,111,1.24
111,56001,111,1.14
111,58001,111,1.02
111,60001,111,0.98
111,62001,111,0.91
111,64001,111,0.95
111,65535,111,1.0
111,1,121,0.99
111,2001,121,1.0
111,4001,121,1.09
111,6001,121,1.42
111,8001,121,1.8
111,10001,121,1.59
111,12001,121,1.84
111,14001,121,1.66
111,16001,121,1.28
111,18001,121,1.15
111,20001,121,1.06
111,22001,121,1.04
111,24001,121,1.09
111,26001,121,0.97
111,28001,121,1.0
111,30001,121,0.98
111,32001,121,1.1
111,34001,121,1.14
111,36001,121,1.04
111,38001,121,1.24
111,40001,121,1.38
111,42001,121,1.58
111,44001,121,1.79
111,46001,121,1.7
111,48001,121,1.28
111,50001,121,1.27
111,52001,121,1.33
111,54001,121,1.24
111,56001,121,1.11
111,58001,121,1.03
111,60001,121,1.06
111,62001,121,0.99
111,64001,121,0.96
111,65535,121,1.04
111,1,131,0.97
111,2001,131,0.98
111,4001,131,1.12
111,6001,131,1.33
111,8001,131,1.73
111,10001,131,1.73
111,12001,131,1.62
111,14001,131,1.36
111,16001,131,1.21
111,18001,131,1.18
111,20001,131,1.06
111,22001,131,0.95
111,24001,131,0.96
111,26001,131,0.89
111,28001,131,0.79
111,30001,131,0.92
111,32001,131,0.99
111,34001,131,1.09
111,36001,131,1.03
111,38001,131,1.13
111,40001,131,1.43
111,42001,131,1.56
111,44001,131,1.73
111,46001,131,1.58
111,48001,131,1.2
111,50001,131,1.21
111,52001,131,1.17
111,54001,131,1.16
111,56001,131,1.07
111,58001,131,1.04
111,60001,131,1.05
111,62001,131,1.07
111,64001,131,1.02
111,65535,131,0.95
111,1,141,0.99
111,2001,141,1.0
111,4001,141,1.16
111,6001,141,1.24
111,8001,141,1.74
111,10001,141,1.51
111,12001,141,1.76
111,14001,141,1.45
111,16001,141,1.33
111,18001,141,1.16
111,20001,141,1.22
111,22001,141,1.0
111,24001,141,0.88
111,26001,141,1.06
111,28001,141,0.92
111,30001,141,0.94
111,32001,141,0.93
111,34001,141,1.06
111,36001,141,1.1
111,38001,141,1.0
111,40001,141,1.09
111,42001,141,1.33
111,44001,141,1.53
111,46001,141,1.38
111,48001,141,1.25
111,50001,141,1.15
111,52001,141,1.2
111,54001,141,1.14
111,56001,141,1.09
111,58001,141,1.07
111,60001,141,0.98
111,62001,141,0.89
111,64001,141,0.77
111,65535,141,0.93
111,1,151,1.08
111,2001,151,0.96
111,4001,151,1.15
111,6001,151,1.39
111,8001,151,1.76
111,10001,151,1.54
111,12001,151,1.64
111,14001,151,1.59
111,16001,151,1.19
111,18001,151,1.07
111,20001,151,0.99
111,22001,151,0.92
111,24001,151,0.9
111,26001,151,0.92
111,28001,151,0.99
111,30001,151,0.9
111,32001,151,1.01
111,34001,151,0.96
111,36001,151,0.95
111,38001,151,1.11
111,40001,151,1.23
111,42001,151,1.35
111,44001,151,1.5
111,46001,151,1.24
111,48001,151,1.1
111,50001,151,1.15
111,52001,151,1.13
111,54001,151,1.14
111,56001,151,1.07
111,58001,151,0.98
111,60001,151,0.94
111,62001,151,0.95
111,64001,151,0.96
111,65535,151,0.93
111,1,161,0.97
111,2001,161,0.96
111,4001,161,0.99
111,6001,161,1.08
111,8001,161,1.81
111,10001,161,1.62
111,12001,161,1.76
111,14001,161,1.32
111,16001,161,1.3
111,18001,161,1.03
111,20001,161,1.04
111,22001,161,1.0
111,24001,161,0.84
111,26001,161,0.96
111,28001,161,0.86
111,30001,161,0.97
111,32001,161,0.95
111,34001,161,0.97
111,36001,161,1.08
111,38001,161,1.05
111,40001,161,1.16
111,42001,161,1.28
111,44001,161,1.24
111,46001,161,1.39
111,48001,161,1.09
111,50001,161,1.17
111,52001,161,1.22
111,54001,161,1.17
111,56001,161,1.05
111,58001,161,1.04
111,60001,161,1.11
111,62001,161,1.02
111,64001,161,0.91
111,65535,161,0.86
111,1,171,0.93
111,2001,171,0.87
111,4001,171,0.95
111,6001,171,0.99
111,8001,171,1.68
111,10001,171,1.5
111,12001,171,1.71
111,14001,171,1.32
111,16001,171,1.12
111,18001,171,1.15
111,20001,171,1.0
111,22001,171,0.97
111,24001,171,0.85
111,26001,171,0.88
111,28001,171,0.91
111,30001,171,0.94
111,32001,171,0.92
111,34001,171,0.95
111,36001,171,1.02
111,38001,171,1.02
111,40001,171,1.11
111,42001,171,1.22
111,44001,171,1.39
111,46001,171,1.14
111,48001,171,1.11
111,50001,171,0.99
111,52001,171,1.16
111,54001,171,1.08
111,56001,171,1.15
111,58001,171,0.92
111,60001,171,0.97
111,62001,171,0.91
111,64001,171,0.92
111,65535,171,0.9
111,1,181,0.87
111,2001,181,0.91
111,4001,181,0.95
111,6001,181,1.2
111,8001,181,1.69
111,10001,181,1.49
111,12001,181,1.73
111,14001,181,1.32
111,16001,181,1.11
111,18001,181,1.09
111,20001,181,1.05
111,22001,181,0.97
111,24001,181,0.95
111,26001,181,0.96
111,28001,181,0.93
111,30001,181,0.89
111,32001,181,0.89
111,34001,181,0.83
111,36001,181,0.95
111,38001,181,0.92
111,40001,181,1.05
111,42001,181,1.14
111,44001,181,1.15
111,46001,181,1.15
111,48001,181,0.92
111,50001,181,0.99
111,52001,181,1.09
111,54001,181,1.2
111,56001,181,1.11
111,58001,181,1.05
111,60001,181,0.92
111,62001,181,0.92
111,64001,181,0.82
111,65535,181,0.96
111,1,191,0.95
111,2001,191,0.93
111,4001,191,1.04
111,6001,191,1.09
111,8001,191,1.55
111,10001,191,1.51
111,12001,191,1.61
111,14001,191,1.26
111,16001,191,1.21
111,18001,191,1.12
111,20001,191,1.04
111,22001,191,0.99
111,24001,191,0.95
111,26001,191,0.93
111,28001,191,0.82
111,30001,191,0.97
111,32001,191,0.82
111,34001,191,0.98
111,36001,191,1.05
111,38001,191,0.98
111,40001,191,1.1
111,42001,191,1.18
111,44001,191,1.21
111,46001,191,1.11
111,48001,191,1.05
111,50001,191,0.91
111,52001,191,1.09
111,54001,191,1.2
111,56001,191,1.18
111,58001,191,0.96
111,60001,191,0.88
111,62001,191,0.96
111,64001,191,0.94
111,65535,191,0.83
111,1,201,1.02
111,2001,201,0.9
111,4001,201,0.91
111,6001,201,1.21
111,8001,201,1.45
111,10001,201,1.51
111,12001,201,1.62
111,14001,201,1.36
111,16001,201,1.17
111,18001,201,1.06
111,20001,201,0.94
111,22001,201,0.97
111,24001,201,0.85
111,26001,201,0.88
111,28001,201,0.78
111,30001,201,0.89
111,32001,201,0.89
111,34001,201,0.96
111,36001,201,1.0
111,38001,201,1.14
111,40001,201,1.08
111,42001,201,1.13
111,44001,201,1.17
111,46001,201,1.08
111,48001,201,1.01
111,50001,201,0.95
111,52001,201,1.02
111,54001,201,1.15
111,56001,201,0.93
111,58001,201,1.02
111,60001,201,0.9
111,62001,201,0.82
111,64001,201,0.85
111,65535,201,0.97
111,1,211,0.91
111,2001,211,0.83
111,4001,211,1.04
111,6001,211,1.14
111,8001,211,1.38
111,10001,211,1.48
111,12001,211,1.49
111,14001,211,1.27
111,16001,211,1.14
111,18001,211,0.97
111,20001,211,0.97
111,22001,211,1.01
111,24001,211,0.83
111,26001,211,0.81
111,28001,211,0.82
111,30001,211,0.76
111,32001,211,0.82
111,34001,211,0.85
111,36001,211,0.85
111,38001,211,1.05
111,40001,211,1.01
111,42001,211,1.07
111,44001,211,1.18
111,46001,211,1.04
111,48001,211,0.84
111,50001,211,0.92
111,52001,211,1.12
111,54001,211,1.09
111,56001,211,0.99
111,58001,211,0.94
111,60001,211,1.0
111,62001,211,0.95
111,64001,211,0.86
111,65535,211,0.9
111,1,221,0.88
111,2001,221,0.85
111,4001,221,0.85
111,6001,221,0.97
111,8001,221,1.08
111,10001,221,1.31
111,12001,221,1.26
111,14001,221,1.16
111,16001,221,1.12
111,18001,221,1.04
111,20001,221,1.11
111,22001,221,0.86
111,24001,221,0.96
111,26001,221,0.87
111,28001,221,0.84
111,30001,221,0.9
111,32001,221,0.95
111,34001,221,1.05
111,36001,221,0.94
111,38001,221,0.96
111,40001,221,1.05
111,42001,221,1.0
111,44001,221,1.06
111,46001,221,1.0
111,48001,221,0.96
111,50001,221,0.83
111,52001,221,0.92
111,54001,221,1.0
111,56001,221,1.05
111,58001,221,0.92
111,60001,221,0.9
111,62001,221,0.76
111,64001,221,0.8
111,65535,221,0.94
111,1,231,0.88
111,2001,231,0.95
111,4001,231,0.76
111,6001,231,0.98
111,8001,231,0.87
111,10001,231,1.05
111,12001,231,1.14
111,14001,231,1.12
111,16001,231,1.09
111,18001,231,0.97
111,20001,231,1.02
111,22001,231,0.85
111,24001,231,1.01
111,26001,231,0.82
111,28001,231,0.83
111,30001,231,0.81
111,32001,231,0.98
111,34001,231,0.82
111,36001,231,0.9
111,38001,231,0.79
111,40001,231,0.93
111,42001,231,1.04
111,44001,231,1.08
111,46001,231,0.86
111,48001,231,0.85
111,50001,231,0.9
111,52001,231,0.96
111,54001,231,1.13
111,56001,231,0.99
111,58001,231,1.05
111,60001,231,0.95
111,62001,231,0.98
111,64001,231,0.95
111,65535,231,0.88
111,1,241,0.86
111,2001,241,0.81
111,4001,241,0.94
111,6001,241,0.85
111,8001,241,0.99
111,10001,241,0.96
111,12001,241,1.15
111,14001,241,0.95
111,16001,241,1.07
111,18001,241,1.04
111,20001,241,0.94
111,22001,241,0.93
111,24001,241,0.9
111,26001,241,0.86
111,28001,241,0.91
111,30001,241,0.91
111,32001,241,0.83
111,34001,241,0.89
111,36001,241,0.89
111,38001,241,0.98
111,40001,241,0.99
111,42001,241,1.02
111,44001,241,1.12
111,46001,241,0.87
111,48001,241,0.85
111,50001,241,0.88
111,52001,241,0.85
111,54001,241,1.11
111,56001,241,1.1
111,58001,241,1.04
111,60001,241,0.9
111,62001,241,0.77
111,64001,241,0.87
111,65535,241,0.97
111,1,251,0.83
111,2001,251,0.87
111,4001,251,0.81
111,6001,251,0.81
111,8001,251,0.87
111,10001,251,0.96
111,12001,251,0.9
111,14001,251,1.03
111,16001,251,1.02
111,18001,251,0.98
111,20001,251,0.99
111,22001,251,1.02
111,24001,251,0.9
111,26001,251,0.88
111,28001,251,0.95
111,30001,251,0.86
111,32001,251,0.81
111,34001,251,0.87
111,36001,251,0.99
111,38001,251,0.93
111,40001,251,0.99
111,42001,251,1.0
111,44001,251,1.05
111,46001,251,1.01
111,48001,251,0.93
111,50001,251,0.94
111,52001,251,0.86
111,54001,251,1.11
111,56001,251,0.92
111,58001,251,0.85
111,60001,251,0.83
111,62001,251,0.9
111,64001,251,0.87
111,65535,251,0.91
111,1,254,0.81
111,2001,254,0.75
111,4001,254,0.88
111,6001,254,0.92
111,8001,254,1.0
111,10001,254,1.0
111,12001,254,1.09
111,14001,254,1.1
111,16001,254,1.01
111,18001,254,0.97
111,20001,254,0.98
111,22001,254,1.0
111,24001,254,0.71
111,26001,254,0.88
111,28001,254,0.83
111,30001,254,0.78
111,32001,254,0.79
111,34001,254,0.89
111,36001,254,0.93
111,38001,254,1.0
111,40001,254,0.99
111,42001,254,1.04
111,44001,254,0.97
111,46001,254,0.95
111,48001,254,0.79
111,50001,254,0.99
111,52001,254,1.02
111,54001,254,1.02
111,56001,254,1.07
111,58001,254,0.97
111,60001,254,0.87
111,62001,254,0.85
111,64001,254,0.9
111,65535,254,0.85
121,1,1,2.61
121,2001,1,2.5
121,4001,1,2.54
121,6001,1,2.56
121,8001,1,2.59
121,10001,1,2.54
121,12001,1,2.58
121,14001,1,2.57
121,16001,1,2.62
121,18001,1,2.51
121,20001,1,2.57
121,22001,1,2.55
121,24001,1,2.68
121,26001,1,2.57
121,28001,1,2.65
121,30001,1,2.53
121,32001,1,2.49
121,34001,1,2.58
121,36001,1,2.72
121,38001,1,2.63
121,40001,1,2.61
121,42001,1,2.63
121,44001,1,2.49
121,46001,1,2.48
121,48001,1,2.6
121,50001,1,2.63
121,52001,1,2.5
121,54001,1,2.51
121,56001,1,2.58
121,58001,1,2.64
121,60001,1,2.38
121,62001,1,2.54
121,64001,1,2.55
121,65535,1,2.54
121,1,11,2.33
121,2001,11,2.3
121,4001,11,2.43
121,6001,11,2.31
121,8001,11,2.6
121,10001,11,2.45
121,12001,11,2.47
121,14001,11,2.56
121,16001,11,2.56
121,18001,11,2.42
121,20001,11,2.29
121,22001,11,2.06
121,24001,11,1.97
121,26001,11,1.99
121,28001,11,2.0
121,30001,11,2.11
121,32001,11,2.05
121,34001,11,2.27
121,36001,11,2.47
121,38001,11,2.55
121,40001,11,2.55
121,42001,11,2.66
121,44001,11,2.64
121,46001,11,2.69
121,48001,11,2.71
121,50001,11,2.62
121,52001,11,2.55
121,54001,11,2.76
121,56001,11,2.72
121,58001,11,2.55
121,60001,11,2.46
121,62001,11,2.57
121,64001,11,2.3
121,65535,11,2.34
121,1,21,2.22
121,2001,21,2.23
121,4001,21,2.21
121,6001,21,2.25
121,8001,21,2.4
121,10001,21,2.46
121,12001,21,2.48
121,14001,21,2.5
121,16001,21,2.19
121,18001,21,2.13
121,20001,21,1.84
121,22001,21,1.87
121,24001,21,1.58
121,26001,21,1.61
121,28001,21,1.71
121,30001,21,1.72
121,32001,21,1.85
121,34001,21,1.84
121,36001,21,2.06
121,38001,21,2.21
121,40001,21,2.56
121,42001,21,2.65
121,44001,21,2.64
121,46001,21,2.51
121,48001,21,2.36
121,50001,21,2.52
121,52001,21,2.74
121,54001,21,2.54
121,56001,21,2.54
121,58001,21,2.44
121,60001,21,2.5
121,62001,21,2.42
121,64001,21,2.17
121,65535,21,2.31
121,1,31,2.35
121,2001,31,2.17
121,4001,31,2.03
121,6001,31,2.27
121,8001,31,2.18
121,10001,31,2.31
121,12001,31,2.33
121,14001,31,2.28
121,16001,31,2.03
121,18001,31,1.86
121,20001,31,1.85
121,22001,31,1.6
121,24001,31,1.51
121,26001,31,1.58
121,28001,31,1.42
121,30001,31,1.57
121,32001,31,1.51
121,34001,31,1.89
121,36001,31,2.14
121,38001,31,2.04
121,40001,31,2.45
121,42001,31,2.61
121,44001,31,2.53
121,46001,31,2.31
121,48001,31,2.24
121,50001,31,2.35
121,52001,31,2.31
121,54001,31,2.44
121,56001,31,2.6
121,58001,31,2.58
121,60001,31,2.62
121,62001,31,2.5
121,64001,31,2.4
121,65535,31,2.24
121,1,41,2.39
121,2001,41,2.42
121,4001,41,2.16
121,6001,41,2.01
121,8001,41,2.24
121,10001,41,2.18
121,12001,41,2.3
121,14001,41,2.21
121,16001,41,1.91
121,18001,41,1.58
121,20001,41,1.67
121,22001,41,1.52
121,24001,41,1.53
121,26001,41,1.19
121,28001,41,1.5
121,30001,41,1.42
121,32001,41,1.45
121,34001,41,1.44
121,36001,41,1.75
121,38001,41,1.84
121,40001,41,2.21
121,42001,41,2.43
121,44001,41,2.3
121,46001,41,2.17
121,48001,41,1.84
121,50001,41,2.29
121,52001,41,2.18
121,54001,41,2.18
121,56001,41,2.3
121,58001,41,2.2
121,60001,41,2.36
121,62001,41,2.48
121,64001,41,2.55
121,65535,41,2.48
121,1,51,1.82
121,2001,51,2.11
121,4001,51,2.17
121,6001,51,1.96
121,8001,51,1.98
121,10001,51,2.15
121,12001,51,2.28
121,14001,51,2.06
121,16001,51,1.73
121,18001,51,1.56
121,20001,51,1.5
121,22001,51,1.48
121,24001,51,1.49
121,26001,51,1.29
121,28001,51,1.18
121,30001,51,1.4
121,32001,51,1.35
121,34001,51,1.44
121,36001,51,1.65
121,38001,51,1.87
121,40001,51,2.03
121,42001,51,2.36
121,44001,51,2.27
121,46001,51,2.06
121,48001,51,1.98
121,50001,51,1.83
121,52001,51,1.67
121,54001,51,1.68
121,56001,51,1.68
121,58001,51,1.75
121,60001,51,1.76
121,62001,51,1.9
121,64001,51,1.89
121,65535,51,1.7
121,1,61,1.53
121,2001,61,1.57
121,4001,61,2.11
121,6001,61,2.16
121,8001,61,1.97
121,10001,61,2.13
121,12001,61,2.25
121,14001,61,2.06
121,16001,61,1.82
121,18001,61,1.45
121,20001,61,1.5
121,22001,61,1.41
121,24001,61,1.18
121,26001,61,1.15
121,28001,61,1.22
121,30001,61,1.21
121,32001,61,1.18
121,34001,61,1.34
121,36001,61,1.61
121,38001,61,1.77
121,40001,61,2.02
121,42001,61,2.12
121,44001,61,1.9
121,46001,61,1.89
121,48001,61,1.93
121,50001,61,1.83
121,52001,61,1.63
121,54001,61,1.44
121,56001,61,1.43
121,58001,61,1.61
121,60001,61,1.48
121,62001,61,1.44
121,64001,61,1.56
121,65535,61,1.55
121,1,71,1.41
121,2001,71,1.4
121,4001,71,1.71
121,6001,71,2.15
121,8001,71,1.94
121,10001,71,2.14
121,12001,71,2.21
121,14001,71,1.9
121,16001,71,1.59
121,18001,71,1.52
121,20001,71,1.46
121,22001,71,1.29
121,24001,71,1.18
121,26001,71,1.07
121,28001,71,1.09
121,30001,71,1.0
121,32001,71,1.34
121,34001,71,1.23
121,36001,71,1.32
121,38001,71,1.59
121,40001,71,1.85
121,42001,71,2.01
121,44001,71,1.79
121,46001,71,1.95
121,48001,71,1.87
121,50001,71,1.87
121,52001,71,1.65
121,54001,71,1.48
121,56001,71,1.39
121,58001,71,1.35
121,60001,71,1.45
121,62001,71,1.38
121,64001,71,1.45
121,65535,71,1.45
121,1,81,1.31
121,2001,81,1.36
121,4001,81,1.83
121,6001,81,2.21
121,8001,81,1.83
121,10001,81,1.95
121,12001,81,2.06
121,14001,81,1.86
121,16001,81,1.64
121,18001,81,1.5
121,20001,81,1.33
121,22001,81,1.31
121,24001,81,1.22
121,26001,81,1.32
121,28001,81,1.04
121,30001,81,1.19
121,32001,81,1.25
121,34001,81,1.23
121,36001,81,1.34
121,38001,81,1.59
121,40001,81,1.98
121,42001,81,1.99
121,44001,81,1.86
121,46001,81,1.94
121,48001,81,2.09
121,50001,81,1.99
121,52001,81,1.62
121,54001,81,1.38
121,56001,81,1.38
121,58001,81,1.25
121,60001,81,1.25
121,62001,81,1.3
121,64001,81,1.36
121,65535,81,1.34
121,1,91,1.26
121,2001,91,1.31
121,4001,91,1.42
121,6001,91,2.01
121,8001,91,1.93
121,10001,91,2.01
121,12001,91,1.89
121,14001,91,1.81
121,16001,91,1.59
121,18001,91,1.44
121,20001,91,1.3
121,22001,91,1.27
121,24001,91,1.09
121,26001,91,1.08
121,28001,91,1.16
121,30001,91,1.11
121,32001,91,1.1
121,34001,91,1.24
121,36001,91,1.21
121,38001,91,1.47
121,40001,91,1.74
121,42001,91,1.83
121,44001,91,1.79
121,46001,91,2.01
121,48001,91,1.97
121,50001,91,1.88
121,52001,91,1.48
121,54001,91,1.48
121,56001,91,1.37
121,58001,91,1.23
121,60001,91,1.06
121,62001,91,1.17
121,64001,91,1.09
121,65535,91,1.21
121,1,101,1.11
121,2001,101,1.16
121,4001,101,1.44
121,6001,101,1.88
121,8001,101,1.91
121,10001,101,1.95
121,12001,101,2.14
121,14001,101,1.57
121,16001,101,1.49
121,18001,101,1.31
121,20001,101,1.17
121,22001,101,1.17
121,24001,101,1.08
121,26001,101,1.25
121,28001,101,0.92
121,30001,101,0.97
121,32001,101,1.12
121,34001,101,1.27
121,36001,101,1.36
121,38001,101,1.34
121,40001,101,1.72
121,42001,101,1.95
121,44001,101,1.77
121,46001,101,1.97
121,48001,101,1.91
121,50001,101,1.62
121,52001,101,1.48
121,54001,101,1.23
121,56001,101,1.12
121,58001,101,1.09
121,60001,101,1.16
121,62001,101,1.16
121,64001,101,1.11
121,65535,101,1.23
121,1,111,1.25
121,2001,111,1.08
121,4001,111,1.24
121,6001,111,1.66
121,8001,111,2.0
121,10001,111,1.89
121,12001,111,1.99
121,14001,111,1.71
121,16001,111,1.44
121,18001,111,1.29
121,20001,111,1.34
121,22001,111,1.22
121,24001,111,1.1
121,26001,111,0.93
121,28001,111,1.08
121,30001,111,1.04
121,32001,111,1.03
121,34001,111,1.04
121,36001,111,1.23
121,38001,111,1.24
121,40001,111,1.59
121,42001,111,2.07
121,44001,111,1.87
121,46001,111,2.03
121,48001,111,1.49
121,50001,111,1.57
121,52001,111,1.58
121,54001,111,1.36
121,56001,111,1.21
121,58001,111,1.16
121,60001,111,1.01
121,62001,111,1.13
121,64001,111,1.07
121,65535,111,1.2
121,1,121,1.12
121,2001,121,1.13
121,4001,121,1.28
121,6001,121,1.52
121,8001,121,1.93
121,10001,121,1.94
121,12001,121,1.89
121,14001,121,1.56
121,16001,121,1.48
121,18001,121,1.24
121,20001,121,1.26
121,22001,121,1.09
121,24001,121,0.99
121,26001,121,1.0
121,28001,121,1.02
121,30001,121,0.98
121,32001,121,0.94
121,34001,121,1.16
121,36001,121,1.24
121,38001,121,1.29
121,40001,121,1.28
121,42001,121,1.76
121,44001,121,2.08
121,46001,121,1.77
121,48001,121,1.51
121,50001,121,1.47
121,52001,121,1.4
121,54001,121,1.39
121,56001,121,1.07
121,58001,121,1.07
121,60001,121,1.19
121,62001,121,0.98
121,64001,121,1.0
121,65535,121,1.04
121,1,131,1.06
121,2001,131,1.12
121,4001,131,1.16
121,6001,131,1.44
121,8001,131,1.87
121,10001,131,1.82
121,12001,131,1.88
121,14001,131,1.57
121,16001,131,1.42
121,18001,131,1.26
121,20001,131,1.1
121,22001,131,1.1
121,24001,131,1.02
121,26001,131,1.0
121,28001,131,1.01
121,30001,131,1.07
121,32001,131,1.0
121,34001,131,1.09
121,36001,131,1.11
121,38001,131,1.26
121,40001,131,1.3
121,42001,131,1.62
121,44001,131,1.96
121,46001,131,1.57
121,48001,131,1.32
121,50001,131,1.33
121,52001,131,1.42
121,54001,131,1.31
121,56001,131,1.29
121,58001,131,1.02
121,60001,131,1.05
121,62001,131,1.07
121,64001,131,1.03
121,65535,131,1.02
121,1,141,1.01
121,2001,141,1.04
121,4001,141,1.08
121,6001,141,1.5
121,8001,141,1.93
121,10001,141,1.77
121,12001,141,2.04
121,14001,141,1.6
121,16001,141,1.39
121,18001,141,1.11
121,20001,141,1.07
121,22001,141,1.08
121,24001,141,1.04
121,26001,141,1.02
121,28001,141,0.95
121,30001,141,1.07
121,32001,141,1.13
121,34001,141,1.02
121,36001,141,1.14
121,38001,141,1.12
121,40001,141,1.29
121,42001,141,1.74
121,44001,141,1.77
121,46001,141,1.37
121,48001,141,1.33
121,50001,141,1.26
121,52001,141,1.29
121,54001,141,1.39
121,56001,141,1.05
121,58001,141,0.94
121,60001,141,1.13
121,62001,141,1.11
121,64001,141,1.1
121,65535,141,0.97
121,1,151,1.07
121,2001,151,1.02
121,4001,151,1.23
121,6001,151,1.31
121,8001,151,1.76
121,10001,151,1.66
121,12001,151,1.91
121,14001,151,1.45
121,16001,151,1.36
121,18001,151,1.13
121,20001,151,1.1
121,22001,151,1.09
121,24001,151,1.14
121,26001,151,0.9
121,28001,151,0.9
121,30001,151,1.0
121,32001,151,1.07
121,34001,151,1.1
121,36001,151,1.07
121,38001,151,1.18
121,40001,151,1.17
121,42001,151,1.46
121,44001,151,1.46
121,46001,151,1.28
121,48001,151,1.1
121,50001,151,1.1
121,52001,151,1.32
121,54001,151,1.37
121,56001,151,1.15
121,58001,151,1.11
121,60001,151,1.07
121,62001,151,0.86
121,64001,151,0.96
121,65535,151,1.04
121,1,161,0.99
121,2001,161,0.99
121,4001,161,1.06
121,6001,161,1.37
121,8001,161,1.86
121,10001,161,1.69
121,12001,161,1.87
121,14001,161,1.41
121,16001,161,1.36
121,18001,161,1.16
121,20001,161,1.08
121,22001,161,1.11
121,24001,161,0.98
121,26001,161,1.04
121,28001,161,0.96
121,30001,161,0.86
121,32001,161,0.95
121,34001,161,1.07
121,36001,161,1.13
121,38001,161,1.11
121,40001,161,1.17
121,42001,161,1.46
121,44001,161,1.46
121,46001,161,1.34
121,48001,161,1.19
121,50001,161,1.22
121,52001,161,1.28
121,54001,161,1.1
121,56001,161,1.13
121,58001,161,1.06
121,60001,161,1.03
121,62001,161,0.99
121,64001,161,1.16
121,65535,161,1.01
121,1,171,0.95
121,2001,171,1.04
121,4001,171,1.13
121,6001,171,1.36
121,8001,171,2.02
121,10001,171,1.72
121,12001,171,1.76
121,14001,171,1.58
121,16001,171,1.32
121,18001,171,1.19
121,20001,171,1.04
121,22001,171,1.02
121,24001,171,0.9
121,26001,171,0.94
121,28001,171,1.05
121,30001,171,0.91
121,32001,171,0.92
121,34001,171,1.02
121,36001,171,1.23
121,38001,171,1.18
121,40001,171,1.2
121,42001,171,1.4
121,44001,171,1.49
121,46001,171,1.26
121,48001,171,1.21
121,50001,171,1.11
121,52001,171,1.17
121,54001,171,1.26
121,56001,171,1.15
121,58001,171,1.06
121,60001,171,0.98
121,62001,171,1.02
121,64001,171,0.94
121,65535,171,1.12
121,1,181,0.93
121,2001,181,0.93
121,4001,181,1.0
121,6001,181,1.22
121,8001,181,1.79
121,10001,181,1.81
121,12001,181,1.91
121,14001,181,1.47
121,16001,181,1.19
121,18001,181,1.13
121,20001,181,1.19
121,22001,181,1.04
121,24001,181,0.98
121,26001,181,1.03
121,28001,181,0.96
121,30001,181,0.97
121,32001,181,0.87
121,34001,181,1.05
121,36001,181,1.09
121,38001,181,0.99
121,40001,181,0.95
121,42001,181,1.32
121,44001,181,1.56
121,46001,181,1.13
121,48001,181,1.04
121,50001,181,1.09
121,52001,181,1.17
121,54001,181,1.18
121,56001,181,1.16
121,58001,181,1.05
121,60001,181,1.17
121,62001,181,1.03
121,64001,181,1.0
121,65535,181,1.0
121,1,191,0.92
121,2001,191,1.04
121,4001,191,1.02
121,6001,191,1.32
121,8001,191,1.59
121,10001,191,1.65
121,12001,191,1.89
121,14001,191,1.57
121,16001,191,1.27
121,18001,191,1.17
121,20001,191,1.07
121,22001,191,0.98
121,24001,191,1.01
121,26001,191,0.98
121,28001,191,0.97
121,30001,191,1.05
121,32001,191,1.0
121,34001,191,0.88
121,36001,191,1.14
121,38001,191,1.06
121,40001,191,1.18
121,42001,191,1.25
121,44001,191,1.36
121,46001,191,1.13
121,48001,191,1.05
121,50001,191,1.1
121,52001,191,1.27
121,54001,191,1.19
121,56001,191,1.03
121,58001,191,1.08
121,60001,191,0.94
121,62001,191,0.93
121,64001,191,0.89
121,65535,191,0.92
121,1,201,0.91
121,2001,201,0.94
121,4001,201,0.92
121,6001,201,1.18
121,8001,201,1.71
121,10001,201,1.81
121,12001,201,1.89
121,14001,201,1.43
121,16001,201,1.31
121,18001,201,1.07
121,20001,201,1.12
121,22001,201,1.09
121,24001,201,1.0
121,26001,201,0.97
121,28001,201,1.01
121,30001,201,0.99
121,32001,201,0.97
121,34001,201,0.95
121,36001,201,0.96
121,38001,201,1.1
121,40001,201,1.13
121,42001,201,1.17
121,44001,201,1.3
121,46001,201,1.04
121,48001,201,1.05
121,50001,201,1.06
121,52001,201,1.06
121,54001,201,1.04
121,56001,201,1.19
121,58001,201,1.03
121,60001,201,0.99
121,62001,201,1.05
121,64001,201,0.9
121,65535,201,0.95
121,1,211,0.86
121,2001,211,0.84
121,4001,211,1.03
121,6001,211,1.19
121,8001,211,1.42
121,10001,211,1.91
121,12001,211,1.65
121,14001,211,1.46
121,16001,211,1.25
121,18001,211,1.07
121,20001,211,1.04
121,22001,211,1.05
121,24001,211,0.98
121,26001,211,0.85
121,28001,211,0.84
121,30001,211,1.07
121,32001,211,0.97
121,34001,211,0.87
121,36001,211,1.11
121,38001,211,0.98
121,40001,211,1.05
121,42001,211,1.33
121,44001,211,1.21
121,46001,211,1.11
121,48001,211,0.93
121,50001,211,0.94
121,52001,211,1.1
121,54001,211,1.24
121,56001,211,1.05
121,58001,211,1.01
121,60001,211,0.92
121,62001,211,0.96
121,64001,211,0.96
121,65535,211,0.91
121,1,221,0.88
121,2001,221,0.88
121,4001,221,1.05
121,6001,221,1.03
121,8001,221,1.19
121,10001,221,1.24
121,12001,221,1.4
121,14001,221,1.29
121,16001,221,1.19
121,18001,221,1.05
121,20001,221,1.09
121,22001,221,1.08
121,24001,221,0.97
121,26001,221,1.04
121,28001,221,0.87
121,30001,221,0.83
121,32001,221,0.92
121,34001,221,1.01
121,36001,221,0.93
121,38001,221,1.02
121,40001,221,1.02
121,42001,221,0.98
121,44001,221,1.28
121,46001,221,1.13
121,48001,221,0.94
121,50001,221,0.97
121,52001,221,1.19
121,54001,221,1.25
121,56001,221,1.1
121,58001,221,1.05
121,60001,221,0.98
121,62001,221,0.96
121,64001,221,1.15
121,65535,221,0.94
121,1,231,0.84
121,2001,231,0.82
121,4001,231,0.96
121,6001,231,1.01
121,8001,231,1.17
121,10001,231,1.15
121,12001,231,1.12
121,14001,231,1.13
121,16001,231,1.19
121,18001,231,1.1
121,20001,231,0.99
121,22001,231,1.03
121,24001,231,0.97
121,26001,231,0.89
121,28001,231,0.91
121,30001,231,0.94
121,32001,231,0.91
121,34001,231,0.88
121,36001,231,0.92
121,38001,231,1.08
121,40001,231,1.04
121,42001,231,1.1
121,44001,231,1.1
121,46001,231,1.0
121,48001,231,1.02
121,50001,231,0.92
121,52001,231,1.01
121,54001,231,1.08
121,56001,231,1.03
121,58001,231,1.07
121,60001,231,1.09
121,62001,231,0.89
121,64001,231,0.93
121,65535,231,0.89
121,1,241,0.93
121,2001,241,0.74
121,4001,241,0.84
121,6001,241,0.92
121,8001,241,1.03
121,10001,241,1.03
121,12001,241,1.26
121,14001,241,1.31
121,16001,241,1.06
121,18001,241,1.06
121,20001,241,1.09
121,22001,241,0.94
121,24001,241,0.93
121,26001,241,0.94
121,28001,241,0.89
121,30001,241,1.01
121,32001,241,0.93
121,34001,241,0.96
121,36001,241,0.91
121,38001,241,1.0
121,40001,241,1.05
121,42001,241,1.16
121,44001,241,1.13
121,46001,241,1.16
121,48001,241,0.83
121,50001,241,1.06
121,52001,241,1.03
121,54001,241,1.05
121,56001,241,1.2
121,58001,241,0.99
121,60001,241,0.94
121,62001,241,0.86
121,64001,241,0.91
121,65535,241,0.95
121,1,251,0.83
121,2001,251,0.83
121,4001,251,0.88
121,6001,251,1.08
121,8001,251,0.99
121,10001,251,1.08
121,12001,251,1.11
121,14001,251,1.12
121,16001,251,1.06
121,18001,251,1.0
121,20001,251,1.01
121,22001,251,1.01
121,24001,251,0.99
121,26001,251,0.95
121,28001,251,0.91
121,30001,251,0.81
121,32001,251,0.86
121,34001,251,1.04
121,36001,251,0.94
121,38001,251,1.05
121,40001,251,0.99
121,42001,251,0.97
121,44001,251,1.11
121,46001,251,1.02
121,48001,251,0.83
121,50001,251,1.03
121,52001,251,1.02
121,54001,251,1.11
121,56001,251,1.04
121,58001,251,1.02
121,60001,251,0.89
121,62001,251,0.99
121,64001,251,0.88
121,65535,251,0.93
121,1,254,1.01
121,2001,254,1.05
121,4001,254,0.95
121,6001,254,0.92
121,8001,254,0.93
121,10001,254,0.99
121,12001,254,1.28
121,14001,254,1.06
121,16001,254,1.04
121,18001,254,0.98
121,20001,254,0.96
121,22001,254,1.11
121,24001,254,1.06
121,26001,254,0.93
121,28001,254,0.94
121,30001,254,0.97
121,32001,254,0.97
121,34001,254,0.86
121,36001,254,0.94
121,38001,254,0.96
121,40001,254,0.99
121,42001,254,1.26
121,44001,254,1.2
121,46001,254,1.01
121,48001,254,0.86
121,50001,254,0.93
121,52001,254,0.95
121,54001,254,1.11
121,56001,254,1.08
121,58001,254,0.91
121,60001,254,0.98
121,62001,254,0.97
121,64001,254,0.92
121,65535,254,0.93
131,1,1,2.95
131,2001,1,2.9
131,4001,1,2.91
131,6001,1,2.95
131,8001,1,2.86
131,10001,1,2.92
131,12001,1,3.03
131,14001,1,2.91
131,16001,1,3.07
131,18001,1,2.86
131,20001,1,2.82
131,22001,1,2.85
131,24001,1,2.9
131,26001,1,2.92
131,28001,1,2.89
131,30001,1,2.96
131,32001,1,2.88
131,34001,1,3.01
131,36001,1,2.8
131,38001,1,2.84
131,40001,1,2.94
131,42001,1,2.78
131,44001,1,2.84
131,46001,1,2.86
131,48001,1,2.87
131,50001,1,2.94
131,52001,1,2.86
131,54001,1,2.73
131,56001,1,2.82
131,58001,1,2.69
131,60001,1,2.89
131,62001,1,2.8
131,64001,1,2.91
131,65535,1,2.91
131,1,11,2.73
131,2001,11,2.68
131,4001,11,2.65
131,6001,11,2.76
131,8001,11,2.76
131,10001,11,2.84
131,12001,11,2.79
131,14001,11,2.88
131,16001,11,2.83
131,18001,11,2.58
131,20001,11,2.49
131,22001,11,2.44
131,24001,11,2.36
131,26001,11,2.29
131,28001,11,2.2
131,30001,11,2.16
131,32001,11,2.34
131,34001,11,2.53
131,36001,11,2.58
131,38001,11,2.93
131,40001,11,2.86
131,42001,11,2.94
131,44001,11,2.79
131,46001,11,2.87
131,48001,11,2.79
131,50001,11,2.91
131,52001,11,2.78
131,54001,11,2.78
131,56001,11,2.82
131,58001,11,2.84
131,60001,11,2.84
131,62001,11,2.71
131,64001,11,2.59
131,65535,11,2.79
131,1,21,2.51
131,2001,21,2.46
131,4001,21,2.45
131,6001,21,2.56
131,8001,21,2.61
131,10001,21,2.64
131,12001,21,2.76
131,14001,21,2.71
131,16001,21,2.47
131,18001,21,2.38
131,20001,21,2.08
131,22001,21,1.94
131,24001,21,1.9
131,26001,21,1.86
131,28001,21,1.97
131,30001,21,1.97
131,32001,21,2.04
131,34001,21,2.2
131,36001,21,2.3
131,38001,21,2.56
131,40001,21,2.76
131,42001,21,2.79
131,44001,21,2.77
131,46001,21,2.75
131,48001,21,2.85
131,50001,21,2.67
131,52001,21,2.87
131,54001,21,2.98
131,56001,21,2.98
131,58001,21,2.91
131,60001,21,2.78
131,62001,21,2.65
131,64001,21,2.53
131,65535,21,2.5
131,1,31,2.5
131,2001,31,2.45
131,4001,31,2.32
131,6001,31,2.51
131,8001,31,2.51
131,10001,31,2.56
131,12001,31,2.57
131,14001,31,2.55
131,16001,31,2.35
131,18001,31,2.11
131,20001,31,1.87
131,22001,31,1.84
131,24001,31,1.69
131,26001,31,1.56
131,28001,31,1.8
131,30001,31,1.69
131,32001,31,1.72
131,34001,31,2.0
131,36001,31,2.22
131,38001,31,2.43
131,40001,31,2.72
131,42001,31,2.93
131,44001,31,2.77
131,46001,31,2.53
131,48001,31,2.42
131,50001,31,2.68
131,52001,31,2.74
131,54001,31,2.79
131,56001,31,3.0
131,58001,31,2.91
131,60001,31,2.95
131,62001,31,2.88
131,64001,31,2.76
131,65535,31,2.48
131,1,41,2.69
131,2001,41,2.62
131,4001,41,2.43
131,6001,41,2.35
131,8001,41,2.44
131,10001,41,2.56
131,12001,41,2.65
131,14001,41,2.49
131,16001,41,2.23
131,18001,41,2.01
131,20001,41,1.86
131,22001,41,1.72
131,24001,41,1.67
131,26001,41,1.44
131,28001,41,1.54
131,30001,41,1.45
131,32001,41,1.59
131,34001,41,1.74
131,36001,41,1.9
131,38001,41,2.06
131,40001,41,2.55
131,42001,41,2.78
131,44001,41,2.49
131,46001,41,2.3
131,48001,41,2.39
131,50001,41,2.37
131,52001,41,2.41
131,54001,41,2.5
131,56001,41,2.56
131,58001,41,2.65
131,60001,41,2.7
131,62001,41,2.66
131,64001,41,2.76
131,65535,41,2.63
131,1,51,2.14
131,2001,51,1.94
131,4001,51,2.44
131,6001,51,2.24
131,8001,51,2.43
131,10001,51,2.49
131,12001,51,2.45
131,14001,51,2.15
131,16001,51,2.09
131,18001,51,1.72
131,20001,51,1.69
131,22001,51,1.7
131,24001,51,1.44
131,26001,51,1.35
131,28001,51,1.4
131,30001,51,1.45
131,32001,51,1.4
131,34001,51,1.6
131,36001,51,1.78
131,38001,51,2.02
131,40001,51,2.27
131,42001,51,2.42
131,44001,51,2.37
131,46001,51,2.25
131,48001,51,2.2
131,50001,51,2.08
131,52001,51,1.97
131,54001,51,1.85
131,56001,51,2.0
131,58001,51,2.03
131,60001,51,2.03
131,62001,51,2.03
131,64001,51,2.11
131,65535,51,2.07
131,1,61,1.73
131,2001,61,1.82
131,4001,61,2.2
131,6001,61,2.43
131,8001,61,2.2
131,10001,61,2.38
131,12001,61,2.45
131,14001,61,2.25
131,16001,61,1.87
131,18001,61,1.71
131,20001,61,1.62
131,22001,61,1.42
131,24001,61,1.35
131,26001,61,1.38
131,28001,61,1.24
131,30001,61,1.23
131,32001,61,1.44
131,34001,61,1.54
131,36001,61,1.63
131,38001,61,1.88
131,40001,61,2.2
131,42001,61,2.48
131,44001,61,2.32
131,46001,61,2.2
131,48001,61,2.17
131,50001,61,2.01
131,52001,61,1.71
131,54001,61,1.66
131,56001,61,1.53
131,58001,61,1.52
131,60001,61,1.61
131,62001,61,1.78
131,64001,61,1.59
131,65535,61,1.65
131,1,71,1.61
131,2001,71,1.41
131,4001,71,2.0
131,6001,71,2.39
131,8001,71,2.2
131,10001,71,2.37
131,12001,71,2.42
131,14001,71,2.12
131,16001,71,1.79
131,18001,71,1.7
131,20001,71,1.6
131,22001,71,1.41
131,24001,71,1.37
131,26001,71,1.26
131,28001,71,1.26
131,30001,71,1.32
131,32001,71,1.32
131,34001,71,1.42
131,36001,71,1.65
131,38001,71,1.83
131,40001,71,2.11
131,42001,71,2.33
131,44001,71,2.14
131,46001,71,2.22
131,48001,71,2.29
131,50001,71,2.0
131,52001,71,1.81
131,54001,71,1.58
131,56001,71,1.49
131,58001,71,1.44
131,60001,71,1.42
131,62001,71,1.59
131,64001,71,1.48
131,65535,71,1.58
131,1,81,1.45
131,2001,81,1.44
131,4001,81,1.99
131,6001,81,2.51
131,8001,81,2.18
131,10001,81,2.29
131,12001,81,2.51
131,14001,81,1.79
131,16001,81,1.86
131,18001,81,1.56
131,20001,81,1.42
131,22001,81,1.34
131,24001,81,1.3
131,26001,81,1.41
131,28001,81,1.28
131,30001,81,1.21
131,32001,81,1.29
131,34001,81,1.35
131,36001,81,1.46
131,38001,81,1.66
131,40001,81,2.03
131,42001,81,2.26
131,44001,81,1.94
131,46001,81,2.27
131,48001,81,2.32
131,50001,81,2.13
131,52001,81,1.77
131,54001,81,1.58
131,56001,81,1.58
131,58001,81,1.31
131,60001,81,1.27
131,62001,81,1.55
131,64001,81,1.27
131,65535,81,1.52
131,1,91,1.41
131,2001,91,1.48
131,4001,91,1.71
131,6001,91,2.13
131,8001,91,2.25
131,10001,91,2.14
131,12001,91,2.34
131,14001,91,1.99
131,16001,91,1.66
131,18001,91,1.39
131,20001,91,1.39
131,22001,91,1.32
131,24001,91,1.22
131,26001,91,1.24
131,28001,91,1.12
131,30001,91,1.3
131,32001,91,1.29
131,34001,91,1.27
131,36001,91,1.51
131,38001,91,1.5
131,40001,91,1.91
131,42001,91,2.04
131,44001,91,2.05
131,46001,91,2.26
131,48001,91,2.26
131,50001,91,1.9
131,52001,91,1.76
131,54001,91,1.62
131,56001,91,1.48
131,58001,91,1.28
131,60001,91,1.31
131,62001,91,1.17
131,64001,91,1.26
131,65535,91,1.32
131,1,101,1.27
131,2001,101,1.4
131,4001,101,1.53
131,6001,101,1.88
131,8001,101,2.21
131,10001,101,2.2
131,12001,101,2.28
131,14001,101,1.94
131,16001,101,1.59
131,18001,101,1.44
131,20001,101,1.24
131,22001,101,1.24
131,24001,101,1.15
131,26001,101,1.16
131,28001,101,1.13
131,30001,101,1.24
131,32001,101,1.21
131,34001,101,1.26
131,36001,101,1.33
131,38001,101,1.61
131,40001,101,1.63
131,42001,101,2.2
131,44001,101,2.17
131,46001,101,2.15
131,48001,101,2.11
131,50001,101,1.77
131,52001,101,1.75
131,54001,101,1.58
131,56001,101,1.56
131,58001,101,1.29
131,60001,101,1.25
131,62001,101,1.22
131,64001,101,1.27
131,65535,101,1.25
131,1,111,1.22
131,2001,111,1.27
131,4001,111,1.51
131,6001,111,1.96
131,8001,111,2.13
131,10001,111,2.14
131,12001,111,2.27
131,14001,111,1.95
131,16001,111,1.79
131,18001,111,1.45
131,20001,111,1.27
131,22001,111,1.24
131,24001,111,1.18
131,26001,111,1.24
131,28001,111,1.21
131,30001,111,1.26
131,32001,111,1.15
131,34001,111,1.22
131,36001,111,1.21
131,38001,111,1.55
131,40001,111,1.81
131,42001,111,2.11
131,44001,111,2.34
131,46001,111,2.28
131,48001,111,1.76
131,50001,111,1.74
131,52001,111,1.79
131,54001,111,1.4
131,56001,111,1.37
131,58001,111,1.28
131,60001,111,1.21
131,62001,111,1.14
131,64001,111,1.35
131,65535,111,1.17
131,1,121,1.19
131,2001,121,1.18
131,4001,121,1.38
131,6001,121,1.73
131,8001,121,2.11
131,10001,121,2.02
131,12001,121,2.17
131,14001,121,1.94
131,16001,121,1.53
131,18001,121,1.41
131,20001,121,1.23
131,22001,121,1.35
131,24001,121,1.11
131,26001,121,1.17
131,28001,121,1.07
131,30001,121,1.2
131,32001,121,1.09
131,34001,121,1.23
131,36001,121,1.22
131,38001,121,1.27
131,40001,121,1.57
131,42001,121,1.9
131,44001,121,2.34
131,46001,121,1.98
131,48001,121,1.5
131,50001,121,1.64
131,52001,121,1.58
131,54001,121,1.41
131,56001,121,1.24
131,58001,121,1.3
131,60001,121,1.34
131,62001,121,1.02
131,64001,121,1.09
131,65535,121,1.23
131,1,131,1.19
131,2001,131,1.1
131,4001,131,1.36
131,6001,131,1.78
131,8001,131,2.27
131,10001,131,2.03
131,12001,131,2.24
131,14001,131,1.76
131,16001,131,1.52
131,18001,131,1.41
131,20001,131,1.39
131,22001,131,1.17
131,24001,131,1.19
131,26001,131,1.13
131,28001,131,1.15
131,30001,131,1.13
131,32001,131,1.11
131,34001,131,1.1
131,36001,131,1.34
131,38001,131,1.41
131,40001,131,1.42
131,42001,131,1.76
131,44001,131,2.14
131,46001,131,1.79
131,48001,131,1.49
131,50001,131,1.43
131,52001,131,1.55
131,54001,131,1.53
131,56001,131,1.37
131,58001,131,1.14
131,60001,131,1.18
131,62001,131,1.16
131,64001,131,0.99
131,65535,131,1.23
131,1,141,1.24
131,2001,141,1.38
131,4001,141,1.33
131,6001,141,1.61
131,8001,141,2.24
131,10001,141,2.02
131,12001,141,2.16
131,14001,141,1.76
131,16001,141,1.63
131,18001,141,1.38
131,20001,141,1.28
131,22001,141,1.15
131,24001,141,1.1
131,26001,141,1.11
131,28001,141,1.14
131,30001,141,1.01
131,32001,141,1.12
131,34001,141,1.13
131,36001,141,1.32
131,38001,141,1.4
131,40001,141,1.5
131,42001,141,1.6
131,44001,141,1.77
131,46001,141,1.45
131,48001,141,1.37
131,50001,141,1.31
131,52001,141,1.67
131,54001,141,1.44
131,56001,141,1.42
131,58001,141,1.27
131,60001,141,1.1
131,62001,141,1.21
131,64001,141,1.06
131,65535,141,1.04
131,1,151,1.13
131,2001,151,1.05
131,4001,151,1.2
131,6001,151,1.52
131,8001,151,2.28
131,10001,151,1.95
131,12001,151,2.01
131,14001,151,1.86
131,16001,151,1.55
131,18001,151,1.34
131,20001,151,1.15
131,22001,151,1.2
131,24001,151,1.19
131,26001,151,1.04
131,28001,151,0.92
131,30001,151,1.03
131,32001,151,1.24
131,34001,151,1.24
131,36001,151,1.25
131,38001,151,1.26
131,40001,151,1.32
131,42001,151,1.44
131,44001,151,1.7
131,46001,151,1.51
131,48001,151,1.27
131,50001,151,1.29
131,52001,151,1.5
131,54001,151,1.36
131,56001,151,1.21
131,58001,151,1.2
131,60001,151,1.08
131,62001,151,1.06
131,64001,151,1.09
131,65535,151,0.99
131,1,161,1.07
131,2001,161,1.08
131,4001,161,1.15
131,6001,161,1.31
131,8001,161,2.18
131,10001,161,1.85
131,12001,161,2.21
131,14001,161,1.8
131,16001,161,1.47
131,18001,161,1.38
131,20001,161,1.23
131,22001,161,1.18
131,24001,161,1.0
131,26001,161,1.03
131,28001,161,1.05
131,30001,161,1.05
131,32001,161,1.15
131,34001,161,1.0
131,36001,161,1.11
131,38001,161,1.13
131,40001,161,1.4
131,42001,161,1.51
131,44001,161,1.68
131,46001,161,1.42
131,48001,161,1.3
131,50001,161,1.25
131,52001,161,1.25
131,54001,161,1.41
131,56001,161,1.27
131,58001,161,1.17
131,60001,161,1.18
131,62001,161,1.1
131,64001,161,0.97
131,65535,161,1.04
131,1,171,1.03
131,2001,171,1.1
131,4001,171,1.47
131,6001,171,1.42
131,8001,171,2.21
131,10001,171,2.02
131,12001,171,2.06
131,14001,171,1.5
131,16001,171,1.4
131,18001,171,1.31
131,20001,171,1.27
131,22001,171,1.06
131,24001,171,1.02
131,26001,171,1.12
131,28001,171,1.11
131,30001,171,1.07
131,32001,171,1.11
131,34001,171,1.12
131,36001,171,1.18
131,38001,171,1.26
131,40001,171,1.22
131,42001,171,1.32
131,44001,171,1.46
131,46001,171,1.34
131,48001,171,1.17
131,50001,171,1.27
131,52001,171,1.36
131,54001,171,1.23
131,56001,171,1.27
131,58001,171,1.03
131,60001,171,1.03
131,62001,171,1.08
131,64001,171,1.07
131,65535,171,1.05
131,1,181,1.05
131,2001,181,1.02
131,4001,181,1.09
131,6001,181,1.37
131,8001,181,2.1
131,10001,181,1.94
131,12001,181,2.2
131,14001,181,1.63
131,16001,181,1.51
131,18001,181,1.33
131,20001,181,1.25
131,22001,181,1.06
131,24001,181,1.15
131,26001,181,1.06
131,28001,181,1.01
131,30001,181,0.94
131,32001,181,0.98
131,34001,181,1.1
131,36001,181,1.07
131,38001,181,1.2
131,40001,181,1.12
131,42001,181,1.41
131,44001,181,1.53
131,46001,181,1.28
131,48001,181,1.07
131,50001,181,1.12
131,52001,181,1.36
131,54001,181,1.37
131,56001,181,1.24
131,58001,181,1.09
131,60001,181,1.24
131,62001,181,1.06
131,64001,181,1.03
131,65535,181,0.98
131,1,191,1.02
131,2001,191,0.89
131,4001,191,1.05
131,6001,191,1.45
131,8001,191,1.84
131,10001,191,1.9
131,12001,191,1.87
131,14001,191,1.65
131,16001,191,1.29
131,18001,191,1.31
131,20001,191,1.27
131,22001,191,1.26
131,24001,191,1.15
131,26001,191,1.08
131,28001,191,0.95
131,30001,191,0.95
131,32001,191,0.94
131,34001,191,0.94
131,36001,191,1.07
131,38001,191,1.16
131,40001,191,1.24
131,42001,191,1.35
131,44001,191,1.45
131,46001,191,1.29
131,48001,191,1.23
131,50001,191,1.09
131,52001,191,1.31
131,54001,191,1.38
131,56001,191,1.07
131,58001,191,1.06
131,60001,191,1.12
131,62001,191,1.08
131,64001,191,1.02
131,65535,191,1.01
131,1,201,1.02
131,2001,201,1.04
131,4001,201,1.05
131,6001,201,1.24
131,8001,201,1.93
131,10001,201,1.94
131,12001,201,1.91
131,14001,201,1.65
131,16001,201,1.3
131,18001,201,1.26
131,20001,201,1.09
131,22001,201,1.1
131,24001,201,0.88
131,26001,201,0.95
131,28001,201,1.0
131,30001,201,1.01
131,32001,201,1.02
131,34001,201,1.0
131,36001,201,1.1
131,38001,201,1.06
131,40001,201,1.17
131,42001,201,1.21
131,44001,201,1.39
131,46001,201,1.4
131,48001,201,1.21
131,50001,201,1.14
131,52001,201,1.15
131,54001,201,1.22
131,56001,201,1.03
131,58001,201,1.16
131,60001,201,1.12
131,62001,201,1.1
131,64001,201,0.98
131,65535,201,1.06
131,1,211,0.97
131,2001,211,1.03
131,4001,211,1.08
131,6001,211,1.25
131,8001,211,1.66
131,10001,211,1.88
131,12001,211,1.53
131,14001,211,1.48
131,16001,211,1.32
131,18001,211,1.27
131,20001,211,1.21
131,22001,211,1.14
131,24001,211,1.11
131,26001,211,0.94
131,28001,211,0.93
131,30001,211,0.96
131,32001,211,0.98
131,34001,211,1.15
131,36001,211,1.24
131,38001,211,1.04
131,40001,211,1.19
131,42001,211,1.27
131,44001,211,1.26
131,46001,211,1.27
131,48001,211,1.12
131,50001,211,1.05
131,52001,211,1.12
131,54001,211,1.14
131,56001,211,1.14
131,58001,211,1.04
131,60001,211,1.06
131,62001,211,1.04
131,64001,211,0.92
131,65535,211,0.96
131,1,221,0.97
131,2001,221,1.01
131,4001,221,1.03
131,6001,221,1.13
131,8001,221,1.3
131,10001,221,1.41
131,12001,221,1.56
131,14001,221,1.48
131,16001,221,1.38
131,18001,221,1.26
131,20001,221,1.27
131,22001,221,1.16
131,24001,221,0.95
131,26001,221,1.03
131,28001,221,0.96
131,30001,221,1.04
131,32001,221,1.08
131,34001,221,1.15
131,36001,221,1.09
131,38001,221,1.02
131,40001,221,1.11
131,42001,221,1.29
131,44001,221,1.28
131,46001,221,1.16
131,48001,221,1.05
131,50001,221,1.07
131,52001,221,1.13
131,54001,221,1.21
131,56001,221,1.21
131,58001,221,1.1
131,60001,221,1.07
131,62001,221,0.99
131,64001,221,1.04
131,65535,221,1.0
131,1,231,0.97
131,2001,231,0.99
131,4001,231,0.98
131,6001,231,1.1
131,8001,231,1.14
131,10001,231,1.22
131,12001,231,1.39
131,14001,231,1.29
131,16001,231,1.32
131,18001,231,1.16
131,20001,231,0.94
131,22001,231,1.03
131,24001,231,1.06
131,26001,231,1.03
131,28001,231,1.0
131,30001,231,0.89
131,32001,231,0.96
131,34001,231,1.1
131,36001,231,1.1
131,38001,231,1.09
131,40001,231,1.22
131,42001,231,1.39
131,44001,231,1.21
131,46001,231,1.15
131,48001,231,1.04
131,50001,231,1.05
131,52001,231,1.03
131,54001,231,1.25
131,56001,231,1.13
131,58001,231,1.06
131,60001,231,1.05
131,62001,231,1.03
131,64001,231,0.91
131,65535,231,0.97
131,1,241,1.01
131,2001,241,0.92
131,4001,241,0.97
131,6001,241,1.01
131,8001,241,1.18
131,10001,241,1.07
131,12001,241,1.2
131,14001,241,1.23
131,16001,241,1.23
131,18001,241,1.12
131,20001,241,1.03
131,22001,241,1.02
131,24001,241,0.97
131,26001,241,0.87
131,28001,241,0.95
131,30001,241,0.99
131,32001,241,1.0
131,34001,241,1.11
131,36001,241,0.99
131,38001,241,1.01
131,40001,241,1.09
131,42001,241,1.15
131,44001,241,1.21
131,46001,241,1.15
131,48001,241,0.9
131,50001,241,0.97
131,52001,241,1.09
131,54001,241,1.08
131,56001,241,1.09
131,58001,241,1.04
131,60001,241,1.21
131,62001,241,0.92
131,64001,241,0.84
131,65535,241,0.91
131,1,251,1.08
131,2001,251,1.07
131,4001,251,1.0
131,6001,251,1.12
131,8001,251,0.98
131,10001,251,1.15
131,12001,251,1.17
131,14001,251,1.37
131,16001,251,1.17
131,18001,251,1.22
131,20001,251,1.02
131,22001,251,1.0
131,24001,251,0.88
131,26001,251,1.01
131,28001,251,0.99
131,30001,251,0.88
131,32001,251,0.88
131,34001,251,1.06
131,36001,251,0.98
131,38001,251,1.12
131,40001,251,1.15
131,42001,251,1.11
131,44001,251,1.26
131,46001,251,1.16
131,48001,251,0.92
131,50001,251,0.96
131,52001,251,1.01
131,54001,251,1.22
131,56001,251,1.16
131,58001,251,1.13
131,60001,251,1.05
131,62001,251,1.06
131,64001,251,0.94
131,65535,251,0.88
131,1,254,0.99
131,2001,254,0.95
131,4001,254,1.04
131,6001,254,0.93
131,8001,254,1.05
131,10001,254,0.98
131,12001,254,1.28
131,14001,254,1.21
131,16001,254,1.22
131,18001,254,1.04
131,20001,254,1.01
131,22001,254,1.0
131,24001,254,1.1
131,26001,254,1.03
131,28001,254,0.89
131,30001,254,0.91
131,32001,254,0.86
131,34001,254,0.93
131,36001,254,1.07
131,38001,254,0.97
131,40001,254,1.06
131,42001,254,1.17
131,44001,254,1.34
131,46001,254,1.05
131,48001,254,0.91
131,50001,254,1.04
131,52001,254,1.02
131,54001,254,1.15
131,56001,254,1.03
131,58001,254,0.97
131,60001,254,1.0
131,62001,254,1.06
131,64001,254,1.1
131,65535,254,0.95
141,1,1,3.23
141,2001,1,3.22
141,4001,1,3.19
141,6001,1,3.25
141,8001,1,3.28
141,10001,1,3.38
141,12001,1,3.21
141,14001,1,3.28
141,16001,1,3.43
141,18001,1,3.29
141,20001,1,3.27
141,22001,1,3.27
141,24001,1,3.28
141,26001,1,3.19
141,28001,1,3.25
141,30001,1,3.36
141,32001,1,3.25
141,34001,1,3.23
141,36001,1,3.17
141,38001,1,3.25
141,40001,1,3.1
141,42001,1,3.26
141,44001,1,3.13
141,46001,1,3.28
141,48001,1,3.2
141,50001,1,3.27
141,52001,1,3.33
141,54001,1,3.29
141,56001,1,3.21
141,58001,1,3.31
141,60001,1,3.25
141,62001,1,3.14
141,64001,1,3.2
141,65535,1,3.23
141,1,11,2.91
141,2001,11,3.06
141,4001,11,3.04
141,6001,11,3.02
141,8001,11,3.13
141,10001,11,3.15
141,12001,11,3.14
141,14001,11,3.29
141,16001,11,3.11
141,18001,11,2.92
141,20001,11,2.86
141,22001,11,2.75
141,24001,11,2.49
141,26001,11,2.56
141,28001,11,2.45
141,30001,11,2.39
141,32001,11,2.65
141,34001,11,2.92
141,36001,11,2.9
141,38001,11,3.2
141,40001,11,3.38
141,42001,11,3.21
141,44001,11,3.28
141,46001,11,3.33
141,48001,11,3.21
141,50001,11,3.26
141,52001,11,3.35
141,54001,11,3.29
141,56001,11,3.28
141,58001,11,3.18
141,60001,11,3.06
141,62001,11,3.03
141,64001,11,3.0
141,65535,11,3.01
141,1,21,2.68
141,2001,21,2.68
141,4001,21,2.82
141,6001,21,2.93
141,8001,21,2.95
141,10001,21,3.1
141,12001,21,3.13
141,14001,21,3.05
141,16001,21,2.87
141,18001,21,2.57
141,20001,21,2.37
141,22001,21,2.23
141,24001,21,2.26
141,26001,21,2.07
141,28001,21,2.06
141,30001,21,2.08
141,32001,21,2.12
141,34001,21,2.48
141,36001,21,2.66
141,38001,21,2.9
141,40001,21,3.26
141,42001,21,3.22
141,44001,21,3.27
141,46001,21,3.28
141,48001,21,3.12
141,50001,21,3.03
141,52001,21,3.22
141,54001,21,3.32
141,56001,21,3.33
141,58001,21,3.17
141,60001,21,3.03
141,62001,21,3.13
141,64001,21,2.86
141,65535,21,2.79
141,1,31,2.79
141,2001,31,2.7
141,4001,31,2.73
141,6001,31,2.71
141,8001,31,2.99
141,10001,31,2.92
141,12001,31,2.95
141,14001,31,2.89
141,16001,31,2.58
141,18001,31,2.44
141,20001,31,2.2
141,22001,31,2.02
141,24001,31,1.86
141,26001,31,1.82
141,28001,31,1.78
141,30001,31,1.93
141,32001,31,1.95
141,34001,31,2.16
141,36001,31,2.29
141,38001,31,2.67
141,40001,31,3.07
141,42001,31,3.15
141,44001,31,3.04
141,46001,31,2.84
141,48001,31,2.88
141,50001,31,2.78
141,52001,31,3.02
141,54001,31,3.11
141,56001,31,3.36
141,58001,31,3.18
141,60001,31,3.4
141,62001,31,3.22
141,64001,31,3.02
141,65535,31,2.83
141,1,41,2.87
141,2001,41,3.02
141,4001,41,2.79
141,6001,41,2.57
141,8001,41,2.58
141,10001,41,2.84
141,12001,41,2.9
141,14001,41,2.75
141,16001,41,2.35
141,18001,41,2.19
141,20001,41,1.93
141,22001,41,1.79
141,24001,41,1.67
141,26001,41,1.56
141,28001,41,1.71
141,30001,41,1.65
141,32001,41,1.69
141,34001,41,1.93
141,36001,41,2.2
141,38001,41,2.61
141,40001,41,2.75
141,42001,41,3.15
141,44001,41,2.78
141,46001,41,2.67
141,48001,41,2.55
141,50001,41,2.7
141,52001,41,2.83
141,54001,41,2.87
141,56001,41,2.8
141,58001,41,2.92
141,60001,41,2.88
141,62001,41,3.2
141,64001,41,3.35
141,65535,41,3.2
141,1,51,2.3
141,2001,51,2.28
141,4001,51,2.92
141,6001,51,2.54
141,8001,51,2.68
141,10001,51,2.75
141,12001,51,2.82
141,14001,51,2.61
141,16001,51,2.1
141,18001,51,1.96
141,20001,51,1.76
141,22001,51,1.68
141,24001,51,1.57
141,26001,51,1.5
141,28001,51,1.38
141,30001,51,1.48
141,32001,51,1.62
141,34001,51,1.76
141,36001,51,1.85
141,38001,51,2.13
141,40001,51,2.65
141,42001,51,2.7
141,44001,51,2.56
141,46001,51,2.45
141,48001,51,2.44
141,50001,51,2.29
141,52001,51,2.09
141,54001,51,2.17
141,56001,51,2.23
141,58001,51,2.23
141,60001,51,2.16
141,62001,51,2.3
141,64001,51,2.29
141,65535,51,2.34
141,1,61,1.83
141,2001,61,2.02
141,4001,61,2.59
141,6001,61,2.77
141,8001,61,2.42
141,10001,61,2.75
141,12001,61,2.86
141,14001,61,2.47
141,16001,61,2.01
141,18001,61,1.81
141,20001,61,1.84
141,22001,61,1.64
141,24001,61,1.57
141,26001,61,1.43
141,28001,61,1.32
141,30001,61,1.42
141,32001,61,1.5
141,34001,61,1.54
141,36001,61,1.83
141,38001,61,2.12
141,40001,61,2.53
141,42001,61,2.68
141,44001,61,2.6
141,46001,61,2.38
141,48001,61,2.43
141,50001,61,2.2
141,52001,61,2.05
141,54001,61,1.74
141,56001,61,1.73
141,58001,61,1.8
141,60001,61,1.82
141,62001,61,1.86
141,64001,61,1.91
141,65535,61,1.89
141,1,71,1.67
141,2001,71,1.8
141,4001,71,2.07
141,6001,71,2.59
141,8001,71,2.42
141,10001,71,2.5
141,12001,71,2.77
141,14001,71,0.51
141,16001,71,1.62
141,18001,71,1.66
141,20001,71,1.63
141,22001,71,1.53
141,24001,71,1.58
141,26001,71,1.32
141,28001,71,1.3
141,30001,71,1.33
141,32001,71,1.51
141,34001,71,0.52
141,36001,71,1.7
141,38001,71,1.91
141,40001,71,2.5
141,42001,71,2.59
141,44001,71,2.37
141,46001,71,2.33
141,48001,71,2.53
141,50001,71,2.38
141,52001,71,2.08
141,54001,71,1.76
141,56001,71,1.68
141,58001,71,1.51
141,60001,71,1.46
141,62001,71,1.57
141,64001,71,1.61
141,65535,71,1.67
141,1,81,1.55
141,2001,81,1.54
141,4001,81,1.75
141,6001,81,2.38
141,8001,81,2.43
141,10001,81,2.61
141,12001,81,2.42
141,14001,81,2.29
141,16001,81,1.85
141,18001,81,1.78
141,20001,81,1.58
141,22001,81,1.41
141,24001,81,1.37
141,26001,81,1.26
141,28001,81,1.22
141,30001,81,1.44
141,32001,81,1.44
141,34001,81,1.36
141,36001,81,1.73
141,38001,81,1.97
141,40001,81,2.32
141,42001,81,2.49
141,44001,81,2.06
141,46001,81,2.34
141,48001,81,2.23
141,50001,81,2.29
141,52001,81,1.86
141,54001,81,1.75
141,56001,81,1.51
141,58001,81,1.38
141,60001,81,1.48
141,62001,81,1.48
141,64001,81,1.49
141,65535,81,1.52
141,1,91,1.42
141,2001,91,1.38
141,4001,91,1.85
141,6001,91,2.51
141,8001,91,2.4
141,10001,91,2.47
141,12001,91,2.37
141,14001,91,2.11
141,16001,91,1.84
141,18001,91,1.85
141,20001,91,1.48
141,22001,91,1.36
141,24001,91,1.3
141,26001,91,1.25
141,28001,91,1.45
141,30001,91,1.27
141,32001,91,1.34
141,34001,91,1.46
141,36001,91,1.52
141,38001,91,1.76
141,40001,91,2.28
141,42001,91,2.41
141,44001,91,2.12
141,46001,91,2.36
141,48001,91,2.65
141,50001,91,2.13
141,52001,91,1.81
141,54001,91,1.69
141,56001,91,1.59
141,58001,91,1.44
141,60001,91,1.34
141,62001,91,1.4
141,64001,91,1.39
141,65535,91,1.47
141,1,101,1.41
141,2001,101,1.29
141,4001,101,1.68
141,6001,101,2.32
141,8001,101,2.4
141,10001,101,2.46
141,12001,101,2.58
141,14001,101,2.11
141,16001,101,1.79
141,18001,101,1.57
141,20001,101,1.42
141,22001,101,1.34
141,24001,101,1.25
141,26001,101,1.29
141,28001,101,1.18
141,30001,101,1.29
141,32001,101,1.31
141,34001,101,1.39
141,36001,101,1.52
141,38001,101,1.64
141,40001,101,2.26
141,42001,101,2.45
141,44001,101,2.28
141,46001,101,2.44
141,48001,101,2.17
141,50001,101,2.03
141,52001,101,1.82
141,54001,101,1.51
141,56001,101,1.42
141,58001,101,1.44
141,60001,101,1.52
141,62001,101,1.4
141,64001,101,1.39
141,65535,101,1.38
141,1,111,1.36
141,2001,111,1.3
141,4001,111,1.54
141,6001,111,2.04
141,8001,111,2.35
141,10001,111,2.33
141,12001,111,2.49
141,14001,111,1.8
141,16001,111,1.75
141,18001,111,1.66
141,20001,111,1.47
141,22001,111,1.26
141,24001,111,1.29
141,26001,111,1.24
141,28001,111,1.3
141,30001,111,1.33
141,32001,111,1.28
141,34001,111,1.48
141,36001,111,1.51
141,38001,111,1.56
141,40001,111,1.75
141,42001,111,2.36
141,44001,111,2.54
141,46001,111,2.49
141,48001,111,1.88
141,50001,111,1.84
141,52001,111,1.91
141,54001,111,1.45
141,56001,111,1.4
141,58001,111,1.3
141,60001,111,1.43
141,62001,111,1.3
141,64001,111,1.42
141,65535,111,1.2
141,1,121,1.33
141,2001,121,1.31
141,4001,121,1.39
141,6001,121,1.83
141,8001,121,2.33
141,10001,121,2.37
141,12001,121,2.33
141,14001,121,2.12
141,16001,121,1.67
141,18001,121,1.41
141,20001,121,1.46
141,22001,121,1.18
141,24001,121,1.33
141,26001,121,1.18
141,28001,121,1.19
141,30001,121,1.36
141,32001,121,1.16
141,34001,121,1.32
141,36001,121,1.38
141,38001,121,1.55
141,40001,121,1.8
141,42001,121,2.21
141,44001,121,2.63
141,46001,121,2.22
141,48001,121,1.85
141,50001,121,1.97
141,52001,121,1.98
141,54001,121,1.57
141,56001,121,1.52
141,58001,121,1.26
141,60001,121,1.3
141,62001,121,1.26
141,64001,121,1.31
141,65535,121,1.33
141,1,131,1.26
141,2001,131,1.28
141,4001,131,1.44
141,6001,131,1.89
141,8001,131,2.43
141,10001,131,2.18
141,12001,131,2.55
141,14001,131,1.9
141,16001,131,1.76
141,18001,131,1.42
141,20001,131,1.36
141,22001,131,1.35
141,24001,131,1.22
141,26001,131,1.24
141,28001,131,1.07
141,30001,131,1.2
141,32001,131,1.27
141,34001,131,1.25
141,36001,131,1.37
141,38001,131,1.36
141,40001,131,1.71
141,42001,131,2.08
141,44001,131,2.54
141,46001,131,1.87
141,48001,131,1.71
141,50001,131,1.63
141,52001,131,1.97
141,54001,131,1.59
141,56001,131,1.54
141,58001,131,1.32
141,60001,131,1.31
141,62001,131,1.25
141,64001,131,1.18
141,65535,131,1.22
141,1,141,1.24
141,2001,141,1.21
141,4001,141,1.24
141,6001,141,1.59
141,8001,141,2.37
141,10001,141,2.18
141,12001,141,2.24
141,14001,141,2.03
141,16001,141,1.63
141,18001,141,1.44
141,20001,141,1.39
141,22001,141,1.24
141,24001,141,1.23
141,26001,141,1.25
141,28001,141,1.22
141,30001,141,1.18
141,32001,141,1.13
141,34001,141,1.07
141,36001,141,1.2
141,38001,141,1.35
141,40001,141,1.62
141,42001,141,1.97
141,44001,141,2.14
141,46001,141,1.73
141,48001,141,1.59
141,50001,141,1.51
141,52001,141,1.77
141,54001,141,1.71
141,56001,141,1.29
141,58001,141,1.26
141,60001,141,1.26
141,62001,141,1.24
141,64001,141,1.18
141,65535,141,1.04
141,1,151,1.13
141,2001,151,1.23
141,4001,151,1.4
141,6001,151,1.6
141,8001,151,2.36
141,10001,151,2.3
141,12001,151,2.36
141,14001,151,1.67
141,16001,151,1.41
141,18001,151,1.49
141,20001,151,1.22
141,22001,151,1.24
141,24001,151,1.15
141,26001,151,1.12
141,28001,151,1.22
141,30001,151,1.23
141,32001,151,1.08
141,34001,151,1.09
141,36001,151,1.29
141,38001,151,1.34
141,40001,151,1.51
141,42001,151,1.75
141,44001,151,2.01
141,46001,151,1.79
141,48001,151,1.56
141,50001,151,1.43
141,52001,151,1.64
141,54001,151,1.47
141,56001,151,1.35
141,58001,151,1.19
141,60001,151,1.17
141,62001,151,1.22
141,64001,151,1.15
141,65535,151,1.1
141,1,161,1.07
141,2001,161,1.15
141,4001,161,1.25
141,6001,161,1.46
141,8001,161,2.28
141,10001,161,2.21
141,12001,161,2.34
141,14001,161,1.8
141,16001,161,1.48
141,18001,161,1.48
141,20001,161,1.2
141,22001,161,1.2
141,24001,161,1.14
141,26001,161,1.07
141,28001,161,1.12
141,30001,161,1.1
141,32001,161,1.14
141,34001,161,1.27
141,36001,161,1.32
141,38001,161,1.4
141,40001,161,1.47
141,42001,161,1.62
141,44001,161,1.79
141,46001,161,1.52
141,48001,161,1.29
141,50001,161,1.33
141,52001,161,1.5
141,54001,161,1.52
141,56001,161,1.42
141,58001,161,1.22
141,60001,161,1.24
141,62001,161,1.16
141,64001,161,1.12
141,65535,161,1.08
141,1,171,1.11
141,2001,171,1.15
141,4001,171,1.27
141,6001,171,1.65
141,8001,171,2.12
141,10001,171,2.14
141,12001,171,2.17
141,14001,171,1.9
141,16001,171,1.45
141,18001,171,1.43
141,20001,171,1.26
141,22001,171,1.26
141,24001,171,1.12
141,26001,171,1.15
141,28001,171,1.02
141,30001,171,1.08
141,32001,171,1.15
141,34001,171,1.15
141,36001,171,1.27
141,38001,171,1.31
141,40001,171,1.31
141,42001,171,1.68
141,44001,171,1.77
141,46001,171,1.47
141,48001,171,1.39
141,50001,171,1.2
141,52001,171,1.53
141,54001,171,1.52
141,56001,171,1.37
141,58001,171,1.29
141,60001,171,1.12
141,62001,171,1.07
141,64001,171,1.1
141,65535,171,1.17
141,1,181,1.09
141,2001,181,1.06
141,4001,181,1.23
141,6001,181,1.49
141,8001,181,2.29
141,10001,181,2.13
141,12001,181,2.46
141,14001,181,1.8
141,16001,181,1.67
141,18001,181,1.33
141,20001,181,1.16
141,22001,181,1.19
141,24001,181,1.15
141,26001,181,1.02
141,28001,181,1.0
141,30001,181,1.1
141,32001,181,1.15
141,34001,181,1.23
141,36001,181,1.11
141,38001,181,1.24
141,40001,181,1.34
141,42001,181,1.51
141,44001,181,1.62
141,46001,181,1.36
141,48001,181,1.39
141,50001,181,1.23
141,52001,181,1.31
141,54001,181,1.33
141,56001,181,1.29
141,58001,181,1.16
141,60001,181,1.08
141,62001,181,1.26
141,64001,181,1.12
141,65535,181,1.14
141,1,191,1.05
141,2001,191,1.04
141,4001,191,1.02
141,6001,191,1.46
141,8001,191,2.13
141,10001,191,2.07
141,12001,191,2.14
141,14001,191,1.77
141,16001,191,1.47
141,18001,191,1.26
141,20001,191,1.2
141,22001,191,1.06
141,24001,191,1.18
141,26001,191,1.13
141,28001,191,1.06
141,30001,191,1.1
141,32001,191,1.18
141,34001,191,1.42
141,36001,191,1.13
141,38001,191,1.07
141,40001,191,1.31
141,42001,191,1.47
141,44001,191,1.54
141,46001,191,1.21
141,48001,191,1.28
141,50001,191,1.18
141,52001,191,1.33
141,54001,191,1.25
141,56001,191,1.26
141,58001,191,1.31
141,60001,191,1.23
141,62001,191,1.11
141,64001,191,1.04
141,65535,191,1.1
141,1,201,1.21
141,2001,201,1.01
141,4001,201,1.02
141,6001,201,1.53
141,8001,201,2.19
141,10001,201,2.1
141,12001,201,2.17
141,14001,201,1.76
141,16001,201,1.5
141,18001,201,1.46
141,20001,201,1.15
141,22001,201,1.24
141,24001,201,1.21
141,26001,201,1.12
141,28001,201,0.95
141,30001,201,1.08
141,32001,201,1.03
141,34001,201,1.15
141,36001,201,1.13
141,38001,201,1.27
141,40001,201,1.32
141,42001,201,1.42
141,44001,201,1.59
141,46001,201,1.33
141,48001,201,1.06
141,50001,201,1.15
141,52001,201,1.31
141,54001,201,1.41
141,56001,201,1.3
141,58001,201,1.21
141,60001,201,1.1
141,62001,201,1.17
141,64001,201,0.95
141,65535,201,0.95
141,1,211,1.14
141,2001,211,1.01
141,4001,211,1.17
141,6001,211,1.3
141,8001,211,1.94
141,10001,211,2.17
141,12001,211,2.04
141,14001,211,1.43
141,16001,211,1.49
141,18001,211,1.4
141,20001,211,1.33
141,22001,211,1.28
141,24001,211,1.09
141,26001,211,1.07
141,28001,211,1.03
141,30001,211,1.06
141,32001,211,1.13
141,34001,211,1.08
141,36001,211,1.16
141,38001,211,1.15
141,40001,211,1.38
141,42001,211,1.48
141,44001,211,1.35
141,46001,211,1.14
141,48001,211,1.06
141,50001,211,1.22
141,52001,211,1.26
141,54001,211,1.35
141,56001,211,1.24
141,58001,211,1.14
141,60001,211,1.03
141,62001,211,1.1
141,64001,211,1.13
141,65535,211,1.2
141,1,221,0.94
141,2001,221,0.99
141,4001,221,1.14
141,6001,221,1.27
141,8001,221,1.28
141,10001,221,1.53
141,12001,221,1.79
141,14001,221,1.58
141,16001,221,1.37
141,18001,221,1.23
141,20001,221,1.23
141,22001,221,1.22
141,24001,221,1.11
141,26001,221,1.1
141,28001,221,1.21
141,30001,221,1.09
141,32001,221,1.17
141,34001,221,1.11
141,36001,221,1.14
141,38001,221,1.07
141,40001,221,1.3
141,42001,221,1.24
141,44001,221,1.38
141,46001,221,1.25
141,48001,221,1.16
141,50001,221,1.14
141,52001,221,1.17
141,54001,221,1.33
141,56001,221,1.13
141,58001,221,1.16
141,60001,221,1.05
141,62001,221,1.05
141,64001,221,1.02
141,65535,221,1.08
141,1,231,1.01
141,2001,231,1.08
141,4001,231,1.15
141,6001,231,1.15
141,8001,231,1.27
141,10001,231,1.35
141,12001,231,1.46
141,14001,231,1.45
141,16001,231,1.2
141,18001,231,1.19
141,20001,231,1.1
141,22001,231,1.14
141,24001,231,1.1
141,26001,231,1.03
141,28001,231,1.0
141,30001,231,0.94
141,32001,231,0.98
141,34001,231,1.1
141,36001,231,1.02
141,38001,231,1.15
141,40001,231,1.3
141,42001,231,1.25
141,44001,231,1.36
141,46001,231,1.24
141,48001,231,1.07
141,50001,231,1.05
141,52001,231,1.25
141,54001,231,1.37
141,56001,231,1.21
141,58001,231,1.15
141,60001,231,1.13
141,62001,231,1.14
141,64001,231,1.06
141,65535,231,0.89
141,1,241,0.97
141,2001,241,1.0
141,4001,241,1.17
141,6001,241,1.14
141,8001,241,1.2
141,10001,241,1.24
141,12001,241,1.4
141,14001,241,1.33
141,16001,241,1.27
141,18001,241,1.4
141,20001,241,1.07
141,22001,241,1.19
141,24001,241,1.08
141,26001,241,1.04
141,28001,241,1.1
141,30001,241,1.12
141,32001,241,1.06
141,34001,241,1.17
141,36001,241,1.11
141,38001,241,1.27
141,40001,241,1.17
141,42001,241,1.28
141,44001,241,1.42
141,46001,241,1.33
141,48001,241,1.08
141,50001,241,1.18
141,52001,241,1.17
141,54001,241,1.31
141,56001,241,1.2
141,58001,241,1.21
141,60001,241,1.01
141,62001,241,1.15
141,64001,241,1.0
141,65535,241,1.03
141,1,251,1.03
141,2001,251,1.0
141,4001,251,0.99
141,6001,251,0.9
141,8001,251,1.07
141,10001,251,1.25
141,12001,251,1.35
141,14001,251,1.27
141,16001,251,1.15
141,18001,251,1.33
141,20001,251,1.19
141,22001,251,1.1
141,24001,251,1.17
141,26001,251,0.97
141,28001,251,0.97
141,30001,251,1.09
141,32001,251,1.05
141,34001,251,1.04
141,36001,251,1.06
141,38001,251,1.13
141,40001,251,1.25
141,42001,251,1.31
141,44001,251,1.31
141,46001,251,1.08
141,48001,251,1.09
141,50001,251,0.93
141,52001,251,1.13
141,54001,251,1.41
141,56001,251,1.27
141,58001,251,1.13
141,60001,251,1.17
141,62001,251,1.06
141,64001,251,1.2
141,65535,251,0.98
141,1,254,1.02
141,2001,254,1.01
141,4001,254,0.92
141,6001,254,1.02
141,8001,254,1.06
141,10001,254,1.2
141,12001,254,1.34
141,14001,254,1.42
141,16001,254,1.28
141,18001,254,1.21
141,20001,254,1.15
141,22001,254,1.1
141,24001,254,1.13
141,26001,254,1.15
141,28001,254,0.98
141,30001,254,1.03
141,32001,254,0.96
141,34001,254,1.08
141,36001,254,1.13
141,38001,254,1.1
141,40001,254,1.25
141,42001,254,1.23
141,44001,254,1.41
141,46001,254,1.11
141,48001,254,0.99
141,50001,254,0.98
141,52001,254,0.99
141,54001,254,1.21
141,56001,254,1.3
141,58001,254,1.06
141,60001,254,1.02
141,62001,254,0.98
141,64001,254,1.08
141,65535,254,1.11
151,1,1,3.84
151,2001,1,3.71
151,4001,1,3.68
151,6001,1,3.92
151,8001,1,3.83
151,10001,1,3.75
151,12001,1,3.91
151,14001,1,3.5
151,16001,1,3.66
151,18001,1,3.68
151,20001,1,3.77
151,22001,1,3.84
151,24001,1,3.71
151,26001,1,3.68
151,28001,1,3.66
151,30001,1,3.67
151,32001,1,3.74
151,34001,1,3.77
151,36001,1,3.54
151,38001,1,3.76
151,40001,1,3.71
151,42001,1,3.73
151,44001,1,3.79
151,46001,1,3.56
151,48001,1,3.78
151,50001,1,3.66
151,52001,1,3.9
151,54001,1,3.8
151,56001,1,3.66
151,58001,1,3.79
151,60001,1,3.91
151,62001,1,3.83
151,64001,1,3.8
151,65535,1,3.71
151,1,11,3.28
151,2001,11,3.39
151,4001,11,3.44
151,6001,11,3.31
151,8001,11,3.47
151,10001,11,3.61
151,12001,11,3.65
151,14001,11,3.62
151,16001,11,3.57
151,18001,11,3.51
151,20001,11,3.15
151,22001,11,3.07
151,24001,11,2.88
151,26001,11,2.82
151,28001,11,2.61
151,30001,11,2.82
151,32001,11,3.03
151,34001,11,3.4
151,36001,11,3.41
151,38001,11,3.73
151,40001,11,3.69
151,42001,11,3.82
151,44001,11,3.76
151,46001,11,3.62
151,48001,11,3.8
151,50001,11,3.8
151,52001,11,3.82
151,54001,11,3.76
151,56001,11,3.73
151,58001,11,3.62
151,60001,11,3.66
151,62001,11,3.48
151,64001,11,3.46
151,65535,11,3.38
151,1,21,3.03
151,2001,21,3.06
151,4001,21,3.26
151,6001,21,3.23
151,8001,21,3.18
151,10001,21,3.28
151,12001,21,3.38
151,14001,21,3.52
151,16001,21,3.07
151,18001,21,3.0
151,20001,21,2.6
151,22001,21,2.63
151,24001,21,2.39
151,26001,21,2.3
151,28001,21,2.08
151,30001,21,2.35
151,32001,21,2.5
151,34001,21,2.76
151,36001,21,2.97
151,38001,21,3.3
151,40001,21,3.69
151,42001,21,3.83
151,44001,21,3.74
151,46001,21,3.67
151,48001,21,3.58
151,50001,21,3.51
151,52001,21,3.73
151,54001,21,3.73
151,56001,21,3.81
151,58001,21,3.72
151,60001,21,3.44
151,62001,21,3.25
151,64001,21,3.22
151,65535,21,3.11
151,1,31,3.1
151,2001,31,3.11
151,4001,31,2.88
151,6001,31,3.09
151,8001,31,2.97
151,10001,31,3.17
151,12001,31,3.15
151,14001,31,3.07
151,16001,31,2.85
151,18001,31,2.68
151,20001,31,2.23
151,22001,31,2.35
151,24001,31,2.14
151,26001,31,1.99
151,28001,31,1.95
151,30001,31,1.88
151,32001,31,2.25
151,34001,31,2.34
151,36001,31,2.42
151,38001,31,2.74
151,40001,31,3.32
151,42001,31,3.44
151,44001,31,3.41
151,46001,31,3.33
151,48001,31,3.05
151,50001,31,2.98
151,52001,31,3.17
151,54001,31,3.49
151,56001,31,3.8
151,58001,31,3.86
151,60001,31,3.49
151,62001,31,3.6
151,64001,31,3.2
151,65535,31,3.18
151,1,41,3.3
151,2001,41,3.12
151,4001,41,2.96
151,6001,41,2.92
151,8001,41,2.94
151,10001,41,3.07
151,12001,41,3.21
151,14001,41,3.03
151,16001,41,2.52
151,18001,41,2.45
151,20001,41,2.16
151,22001,41,2.02
151,24001,41,1.89
151,26001,41,1.82
151,28001,41,1.71
151,30001,41,1.76
151,32001,41,2.0
151,34001,41,2.19
151,36001,41,2.37
151,38001,41,2.76
151,40001,41,3.2
151,42001,41,3.47
151,44001,41,3.13
151,46001,41,2.75
151,48001,41,2.93
151,50001,41,3.15
151,52001,41,2.99
151,54001,41,3.36
151,56001,41,3.33
151,58001,41,3.35
151,60001,41,3.37
151,62001,41,3.46
151,64001,41,3.41
151,65535,41,3.43
151,1,51,2.66
151,2001,51,2.72
151,4001,51,3.19
151,6001,51,2.95
151,8001,51,2.9
151,10001,51,3.03
151,12001,51,3.09
151,14001,51,2.96
151,16001,51,2.45
151,18001,51,2.14
151,20001,51,2.04
151,22001,51,1.76
151,24001,51,1.8
151,26001,51,1.56
151,28001,51,1.61
151,30001,51,1.55
151,32001,51,1.65
151,34001,51,1.94
151,36001,51,2.1
151,38001,51,2.65
151,40001,51,2.95
151,42001,51,3.2
151,44001,51,2.89
151,46001,51,2.84
151,48001,51,2.8
151,50001,51,2.54
151,52001,51,2.24
151,54001,51,2.32
151,56001,51,2.36
151,58001,51,2.45
151,60001,51,2.5
151,62001,51,2.45
151,64001,51,2.45
151,65535,51,2.68
151,1,61,1.91
151,2001,61,2.23
151,4001,61,2.91
151,6001,61,2.9
151,8001,61,2.79
151,10001,61,2.96
151,12001,61,3.06
151,14001,61,2.8
151,16001,61,2.27
151,18001,61,2.09
151,20001,61,1.94
151,22001,61,1.85
151,24001,61,1.57
151,26001,61,1.46
151,28001,61,1.46
151,30001,61,1.53
151,32001,61,1.66
151,34001,61,1.75
151,36001,61,1.97
151,38001,61,2.18
151,40001,61,2.82
151,42001,61,2.94
151,44001,61,2.68
151,46001,61,2.71
151,48001,61,2.95
151,50001,61,2.64
151,52001,61,2.19
151,54001,61,1.93
151,56001,61,1.95
151,58001,61,1.86
151,60001,61,1.98
151,62001,61,2.05
151,64001,61,2.12
151,65535,61,2.01
151,1,71,1.76
151,2001,71,1.91
151,4001,71,2.53
151,6001,71,2.87
151,8001,71,2.74
151,10001,71,2.86
151,12001,71,3.05
151,14001,71,2.62
151,16001,71,2.19
151,18001,71,1.98
151,20001,71,1.88
151,22001,71,1.54
151,24001,71,1.58
151,26001,71,1.64
151,28001,71,1.46
151,30001,71,1.58
151,32001,71,1.64
151,34001,71,1.72
151,36001,71,1.92
151,38001,71,2.42
151,40001,71,2.76
151,42001,71,2.97
151,44001,71,2.41
151,46001,71,2.65
151,48001,71,2.73
151,50001,71,2.39
151,52001,71,2.12
151,54001,71,1.84
151,56001,71,1.83
151,58001,71,1.71
151,60001,71,1.86
151,62001,71,1.9
151,64001,71,1.83
151,65535,71,1.92
151,1,81,1.79
151,2001,81,1.69
151,4001,81,2.31
151,6001,81,2.85
151,8001,81,2.62
151,10001,81,2.87
151,12001,81,3.06
151,14001,81,2.53
151,16001,81,2.19
151,18001,81,1.86
151,20001,81,1.62
151,22001,81,1.66
151,24001,81,1.52
151,26001,81,1.47
151,28001,81,1.36
151,30001,81,1.46
151,32001,81,1.46
151,34001,81,1.59
151,36001,81,1.76
151,38001,81,2.1
151,40001,81,2.6
151,42001,81,2.79
151,44001,81,2.38
151,46001,81,2.59
151,48001,81,2.92
151,50001,81,2.45
151,52001,81,2.07
151,54001,81,1.82
151,56001,81,1.69
151,58001,81,1.51
151,60001,81,1.51
151,62001,81,1.54
151,64001,81,1.63
151,65535,81,1.63
151,1,91,1.62
151,2001,91,1.56
151,4001,91,2.0
151,6001,91,2.74
151,8001,91,2.65
151,10001,91,2.88
151,12001,91,3.0
151,14001,91,2.44
151,16001,91,2.1
151,18001,91,1.69
151,20001,91,1.55
151,22001,91,1.51
151,24001,91,1.4
151,26001,91,1.44
151,28001,91,1.23
151,30001,91,1.22
151,32001,91,1.44
151,34001,91,1.59
151,36001,91,1.68
151,38001,91,1.87
151,40001,91,2.38
151,42001,91,2.58
151,44001,91,2.31
151,46001,91,2.57
151,48001,91,2.72
151,50001,91,2.38
151,52001,91,1.99
151,54001,91,1.88
151,56001,91,1.66
151,58001,91,1.57
151,60001,91,1.46
151,62001,91,1.44
151,64001,91,1.5
151,65535,91,1.44
151,1,101,1.44
151,2001,101,1.52
151,4001,101,1.98
151,6001,101,2.62
151,8001,101,2.82
151,10001,101,2.69
151,12001,101,2.88
151,14001,101,2.33
151,16001,101,2.0
151,18001,101,1.72
151,20001,101,1.61
151,22001,101,1.46
151,24001,101,1.46
151,26001,101,1.32
151,28001,101,1.32
151,30001,101,1.4
151,32001,101,1.37
151,34001,101,1.55
151,36001,101,1.65
151,38001,101,1.83
151,40001,101,2.28
151,42001,101,2.65
151,44001,101,2.61
151,46001,101,2.75
151,48001,101,2.52
151,50001,101,2.2
151,52001,101,1.98
151,54001,101,1.84
151,56001,101,1.56
151,58001,101,1.58
151,60001,101,1.44
151,62001,101,1.34
151,64001,101,1.56
151,65535,101,1.55
151,1,111,1.49
151,2001,111,1.49
151,4001,111,1.65
151,6001,111,2.4
151,8001,111,2.68
151,10001,111,2.54
151,12001,111,2.7
151,14001,111,2.31
151,16001,111,1.76
151,18001,111,1.68
151,20001,111,1.59
151,22001,111,1.41
151,24001,111,1.31
151,26001,111,1.28
151,28001,111,1.15
151,30001,111,1.45
151,32001,111,1.38
151,34001,111,1.51
151,36001,111,1.56
151,38001,111,1.78
151,40001,111,2.13
151,42001,111,2.74
151,44001,111,2.7
151,46001,111,2.76
151,48001,111,2.11
151,50001,111,2.19
151,52001,111,1.98
151,54001,111,1.71
151,56001,111,1.58
151,58001,111,1.4
151,60001,111,1.38
151,62001,111,1.34
151,64001,111,1.33
151,65535,111,1.54
151,1,121,1.36
151,2001,121,1.28
151,4001,121,1.52
151,6001,121,1.99
151,8001,121,2.43
151,10001,121,2.63
151,12001,121,2.72
151,14001,121,2.06
151,16001,121,2.01
151,18001,121,1.76
151,20001,121,1.7
151,22001,121,1.6
151,24001,121,1.34
151,26001,121,1.26
151,28001,121,1.28
151,30001,121,1.27
151,32001,121,1.42
151,34001,121,1.44
151,36001,121,1.39
151,38001,121,1.64
151,40001,121,1.96
151,42001,121,2.29
151,44001,121,2.86
151,46001,121,2.43
151,48001,121,1.94
151,50001,121,2.02
151,52001,121,1.94
151,54001,121,1.81
151,56001,121,1.63
151,58001,121,1.45
151,60001,121,1.41
151,62001,121,1.32
151,64001,121,1.38
151,65535,121,1.37
151,1,131,1.27
151,2001,131,1.35
151,4001,131,1.46
151,6001,131,2.06
151,8001,131,2.64
151,10001,131,2.45
151,12001,131,2.75
151,14001,131,2.2
151,16001,131,1.85
151,18001,131,1.75
151,20001,131,1.5
151,22001,131,1.38
151,24001,131,1.31
151,26001,131,1.24
151,28001,131,1.28
151,30001,131,1.19
151,32001,131,1.25
151,34001,131,1.33
151,36001,131,1.46
151,38001,131,1.53
151,40001,131,2.13
151,42001,131,2.21
151,44001,131,2.78
151,46001,131,2.2
151,48001,131,1.88
151,50001,131,1.8
151,52001,131,1.87
151,54001,131,1.67
151,56001,131,1.53
151,58001,131,1.42
151,60001,131,1.25
151,62001,131,1.4
151,64001,131,1.28
151,65535,131,1.41
151,1,141,1.23
151,2001,141,1.31
151,4001,141,1.34
151,6001,141,1.82
151,8001,141,2.51
151,10001,141,2.46
151,12001,141,2.68
151,14001,141,2.13
151,16001,141,1.69
151,18001,141,1.56
151,20001,141,1.45
151,22001,141,1.41
151,24001,141,1.4
151,26001,141,1.17
151,28001,141,1.15
151,30001,141,1.26
151,32001,141,1.26
151,34001,141,1.29
151,36001,141,1.44
151,38001,141,1.53
151,40001,141,1.75
151,42001,141,2.2
151,44001,141,2.62
151,46001,141,1.93
151,48001,141,1.67
151,50001,141,1.58
151,52001,141,1.83
151,54001,141,1.68
151,56001,141,1.51
151,58001,141,1.37
151,60001,141,1.26
151,62001,141,1.28
151,64001,141,1.24
151,65535,141,1.3
151,1,151,1.3
151,2001,151,1.25
151,4001,151,1.63
151,6001,151,1.73
151,8001,151,2.76
151,10001,151,2.53
151,12001,151,2.63
151,14001,151,2.09
151,16001,151,1.71
151,18001,151,1.47
151,20001,151,1.54
151,22001,151,1.2
151,24001,151,1.26
151,26001,151,1.29
151,28001,151,1.26
151,30001,151,1.26
151,32001,151,1.27
151,34001,151,1.23
151,36001,151,1.35
151,38001,151,1.41
151,40001,151,1.67
151,42001,151,1.85
151,44001,151,2.19
151,46001,151,1.75
151,48001,151,1.48
151,50001,151,1.64
151,52001,151,1.69
151,54001,151,1.51
151,56001,151,1.39
151,58001,151,1.3
151,60001,151,1.22
151,62001,151,1.23
151,64001,151,1.27
151,65535,151,1.24
151,1,161,1.29
151,2001,161,1.2
151,4001,161,1.25
151,6001,161,1.69
151,8001,161,2.57
151,10001,161,2.34
151,12001,161,2.47
151,14001,161,2.05
151,16001,161,1.65
151,18001,161,1.58
151,20001,161,1.38
151,22001,161,1.32
151,24001,161,1.22
151,26001,161,1.23
151,28001,161,1.23
151,30001,161,1.13
151,32001,161,1.19
151,34001,161,1.22
151,36001,161,1.32
151,38001,161,1.37
151,40001,161,1.63
151,42001,161,1.85
151,44001,161,2.0
151,46001,161,1.64
151,48001,161,1.53
151,50001,161,1.37
151,52001,161,1.56
151,54001,161,1.57
151,56001,161,1.55
151,58001,161,1.27
151,60001,161,1.27
151,62001,161,1.22
151,64001,161,1.11
151,65535,161,1.34
151,1,171,1.24
151,2001,171,1.15
151,4001,171,1.61
151,6001,171,1.68
151,8001,171,2.76
151,10001,171,2.34
151,12001,171,2.52
151,14001,171,2.04
151,16001,171,1.63
151,18001,171,1.44
151,20001,171,1.32
151,22001,171,1.24
151,24001,171,1.19
151,26001,171,1.23
151,28001,171,1.16
151,30001,171,1.28
151,32001,171,1.16
151,34001,171,1.39
151,36001,171,1.29
151,38001,171,1.4
151,40001,171,1.61
151,42001,171,1.73
151,44001,171,1.87
151,46001,171,1.64
151,48001,171,1.38
151,50001,171,1.4
151,52001,171,1.58
151,54001,171,1.5
151,56001,171,1.52
151,58001,171,1.36
151,60001,171,1.14
151,62001,171,1.31
151,64001,171,1.18
151,65535,171,1.22
151,1,181,1.07
151,2001,181,1.09
151,4001,181,1.4
151,6001,181,1.63
151,8001,181,2.52
151,10001,181,2.28
151,12001,181,2.65
151,14001,181,2.09
151,16001,181,1.63
151,18001,181,1.43
151,20001,181,1.39
151,22001,181,1.39
151,24001,181,1.29
151,26001,181,1.21
151,28001,181,1.26
151,30001,181,1.1
151,32001,181,1.3
151,34001,181,1.26
151,36001,181,1.31
151,38001,181,1.34
151,40001,181,1.49
151,42001,181,1.59
151,44001,181,1.78
151,46001,181,1.53
151,48001,181,1.28
151,50001,181,1.34
151,52001,181,1.41
151,54001,181,1.46
151,56001,181,1.55
151,58001,181,1.44
151,60001,181,1.25
151,62001,181,1.24
151,64001,181,1.26
151,65535,181,1.18
151,1,191,1.11
151,2001,191,1.19
151,4001,191,1.33
151,6001,191,1.54
151,8001,191,2.34
151,10001,191,2.29
151,12001,191,2.37
151,14001,191,1.75
151,16001,191,1.62
151,18001,191,1.54
151,20001,191,1.34
151,22001,191,1.22
151,24001,191,1.23
151,26001,191,1.3
151,28001,191,1.08
151,30001,191,1.18
151,32001,191,1.22
151,34001,191,1.19
151,36001,191,1.37
151,38001,191,1.23
151,40001,191,1.35
151,42001,191,1.61
151,44001,191,1.82
151,46001,191,1.51
151,48001,191,1.21
151,50001,191,1.35
151,52001,191,1.39
151,54001,191,1.38
151,56001,191,1.4
151,58001,191,1.23
151,60001,191,1.2
151,62001,191,1.17
151,64001,191,1.12
151,65535,191,1.18
151,1,201,1.02
151,2001,201,1.13
151,4001,201,1.21
151,6001,201,1.3
151,8001,201,2.32
151,10001,201,2.38
151,12001,201,2.55
151,14001,201,1.74
151,16001,201,1.54
151,18001,201,1.42
151,20001,201,1.33
151,22001,201,1.32
151,24001,201,1.12
151,26001,201,1.05
151,28001,201,1.21
151,30001,201,1.07
151,32001,201,1.14
151,34001,201,1.22
151,36001,201,1.19
151,38001,201,1.17
151,40001,201,1.34
151,42001,201,1.59
151,44001,201,1.57
151,46001,201,1.33
151,48001,201,1.21
151,50001,201,1.26
151,52001,201,1.39
151,54001,201,1.41
151,56001,201,1.34
151,58001,201,1.25
151,60001,201,1.24
151,62001,201,1.31
151,64001,201,1.03
151,65535,201,1.06
151,1,211,1.13
151,2001,211,1.05
151,4001,211,1.21
151,6001,211,1.58
151,8001,211,1.81
151,10001,211,2.14
151,12001,211,2.11
151,14001,211,1.9
151,16001,211,1.61
151,18001,211,1.42
151,20001,211,1.42
151,22001,211,1.2
151,24001,211,1.36
151,26001,211,1.16
151,28001,211,1.11
151,30001,211,1.16
151,32001,211,1.13
151,34001,211,1.29
151,36001,211,1.36
151,38001,211,1.32
151,40001,211,1.41
151,42001,211,1.51
151,44001,211,1.6
151,46001,211,1.43
151,48001,211,1.25
151,50001,211,1.2
151,52001,211,1.38
151,54001,211,1.41
151,56001,211,1.27
151,58001,211,1.26
151,60001,211,1.21
151,62001,211,1.22
151,64001,211,1.2
151,65535,211,1.12
151,1,221,1.1
151,2001,221,1.09
151,4001,221,1.28
151,6001,221,1.44
151,8001,221,1.45
151,10001,221,1.5
151,12001,221,2.01
151,14001,221,1.58
151,16001,221,1.5
151,18001,221,1.53
151,20001,221,1.3
151,22001,221,1.08
151,24001,221,1.12
151,26001,221,1.1
151,28001,221,1.05
151,30001,221,1.12
151,32001,221,1.05
151,34001,221,1.12
151,36001,221,1.24
151,38001,221,1.3
151,40001,221,1.31
151,42001,221,1.53
151,44001,221,1.49
151,46001,221,1.29
151,48001,221,1.08
151,50001,221,1.13
151,52001,221,1.38
151,54001,221,1.35
151,56001,221,1.37
151,58001,221,1.26
151,60001,221,1.32
151,62001,221,1.22
151,64001,221,1.08
151,65535,221,1.11
151,1,231,1.16
151,2001,231,1.2
151,4001,231,1.15
151,6001,231,1.24
151,8001,231,1.24
151,10001,231,1.51
151,12001,231,1.61
151,14001,231,1.49
151,16001,231,1.54
151,18001,231,1.37
151,20001,231,1.28
151,22001,231,1.27
151,24001,231,1.15
151,26001,231,1.17
151,28001,231,1.12
151,30001,231,1.17
151,32001,231,1.05
151,34001,231,1.11
151,36001,231,1.19
151,38001,231,1.25
151,40001,231,1.23
151,42001,231,1.42
151,44001,231,1.51
151,46001,231,1.42
151,48001,231,1.09
151,50001,231,1.15
151,52001,231,1.21
151,54001,231,1.36
151,56001,231,1.26
151,58001,231,1.25
151,60001,231,1.33
151,62001,231,1.16
151,64001,231,1.1
151,65535,231,1.17
151,1,241,1.11
151,2001,241,1.08
151,4001,241,1.0
151,6001,241,1.11
151,8001,241,1.33
151,10001,241,1.35
151,12001,241,1.55
151,14001,241,1.6
151,16001,241,1.42
151,18001,241,1.29
151,20001,241,1.23
151,22001,241,1.29
151,24001,241,1.15
151,26001,241,1.08
151,28001,241,1.05
151,30001,241,1.12
151,32001,241,1.23
151,34001,241,1.16
151,36001,241,1.17
151,38001,241,1.18
151,40001,241,1.29
151,42001,241,1.4
151,44001,241,1.55
151,46001,241,1.2
151,48001,241,0.93
151,50001,241,1.0
151,52001,241,1.22
151,54001,241,1.45
151,56001,241,1.37
151,58001,241,1.26
151,60001,241,1.16
151,62001,241,1.09
151,64001,241,1.06
151,65535,241,1.08
151,1,251,1.11
151,2001,251,1.12
151,4001,251,0.97
151,6001,251,1.09
151,8001,251,1.32
151,10001,251,1.47
151,12001,251,1.36
151,14001,251,1.55
151,16001,251,1.48
151,18001,251,1.23
151,20001,251,1.19
151,22001,251,1.23
151,24001,251,1.02
151,26001,251,1.06
151,28001,251,1.17
151,30001,251,1.05
151,32001,251,1.07
151,34001,251,1.22
151,36001,251,1.2
151,38001,251,1.29
151,40001,251,1.17
151,42001,251,1.37
151,44001,251,1.5
151,46001,251,1.24
151,48001,251,1.06
151,50001,251,1.16
151,52001,251,1.27
151,54001,251,1.48
151,56001,251,1.25
151,58001,251,1.18
151,60001,251,1.01
151,62001,251,1.08
151,64001,251,1.33
151,65535,251,1.01
151,1,254,1.02
151,2001,254,1.11
151,4001,254,1.13
151,6001,254,1.28
151,8001,254,1.3
151,10001,254,1.45
151,12001,254,1.41
151,14001,254,1.49
151,16001,254,1.44
151,18001,254,1.28
151,20001,254,1.27
151,22001,254,1.33
151,24001,254,1.1
151,26001,254,1.22
151,28001,254,1.02
151,30001,254,1.06
151,32001,254,1.09
151,34001,254,1.16
151,36001,254,1.16
151,38001,254,1.26
151,40001,254,1.17
151,42001,254,1.36
151,44001,254,1.33
151,46001,254,1.24
151,48001,254,1.08
151,50001,254,0.96
151,52001,254,1.15
151,54001,254,1.33
151,56001,254,1.37
151,58001,254,1.23
151,60001,254,1.2
151,62001,254,1.12
151,64001,254,1.17
151,65535,254,0.96
161,1,1,4.16
161,2001,1,4.33
161,4001,1,4.2
161,6001,1,4.18
161,8001,1,4.2
161,10001,1,4.14
161,12001,1,4.06
161,14001,1,4.21
161,16001,1,4.12
161,18001,1,4.19
161,20001,1,4.4
161,22001,1,4.18
161,24001,1,4.24
161,26001,1,4.05
161,28001,1,4.24
161,30001,1,4.16
161,32001,1,4.14
161,34001,1,4.21
161,36001,1,4.24
161,38001,1,4.09
161,40001,1,4.21
161,42001,1,4.25
161,44001,1,4.07
161,46001,1,4.17
161,48001,1,4.09
161,50001,1,4.32
161,52001,1,4.1
161,54001,1,4.14
161,56001,1,4.28
161,58001,1,4.17
161,60001,1,4.13
161,62001,1,4.2
161,64001,1,4.24
161,65535,1,4.25
161,1,11,3.63
161,2001,11,3.7
161,4001,11,3.9
161,6001,11,3.79
161,8001,11,4.01
161,10001,11,4.0
161,12001,11,4.23
161,14001,11,4.13
161,16001,11,4.01
161,18001,11,3.76
161,20001,11,3.57
161,22001,11,3.39
161,24001,11,3.15
161,26001,11,3.0
161,28001,11,3.15
161,30001,11,3.08
161,32001,11,3.4
161,34001,11,3.47
161,36001,11,3.82
161,38001,11,4.12
161,40001,11,4.23
161,42001,11,4.28
161,44001,11,4.33
161,46001,11,4.34
161,48001,11,4.28
161,50001,11,4.16
161,52001,11,4.19
161,54001,11,4.22
161,56001,11,4.24
161,58001,11,3.99
161,60001,11,4.03
161,62001,11,4.07
161,64001,11,3.85
161,65535,11,3.75
161,1,21,3.43
161,2001,21,3.5
161,4001,21,3.52
161,6001,21,3.63
161,8001,21,3.62
161,10001,21,3.82
161,12001,21,3.9
161,14001,21,3.62
161,16001,21,3.59
161,18001,21,3.19
161,20001,21,2.84
161,22001,21,2.7
161,24001,21,2.4
161,26001,21,2.58
161,28001,21,2.54
161,30001,21,2.48
161,32001,21,2.94
161,34001,21,3.02
161,36001,21,3.06
161,38001,21,3.66
161,40001,21,4.22
161,42001,21,4.32
161,44001,21,4.36
161,46001,21,4.25
161,48001,21,3.93
161,50001,21,3.98
161,52001,21,4.17
161,54001,21,4.21
161,56001,21,4.25
161,58001,21,3.96
161,60001,21,3.92
161,62001,21,3.73
161,64001,21,3.49
161,65535,21,3.39
161,1,31,3.42
161,2001,31,3.37
161,4001,31,3.22
161,6001,31,3.44
161,8001,31,3.66
161,10001,31,3.47
161,12001,31,3.79
161,14001,31,3.57
161,16001,31,3.1
161,18001,31,2.8
161,20001,31,2.61
161,22001,31,2.35
161,24001,31,2.23
161,26001,31,2.03
161,28001,31,2.08
161,30001,31,2.2
161,32001,31,2.54
161,34001,31,2.51
161,36001,31,2.79
161,38001,31,3.22
161,40001,31,3.91
161,42001,31,3.87
161,44001,31,3.92
161,46001,31,3.55
161,48001,31,3.39
161,50001,31,3.51
161,52001,31,3.69
161,54001,31,4.12
161,56001,31,4.07
161,58001,31,4.2
161,60001,31,4.3
161,62001,31,4.04
161,64001,31,3.64
161,65535,31,3.47
161,1,41,3.6
161,2001,41,3.73
161,4001,41,3.33
161,6001,41,3.08
161,8001,41,3.22
161,10001,41,3.51
161,12001,41,3.53
161,14001,41,3.4
161,16001,41,2.96
161,18001,41,2.39
161,20001,41,2.31
161,22001,41,2.16
161,24001,41,2.15
161,26001,41,2.0
161,28001,41,1.93
161,30001,41,2.04
161,32001,41,2.35
161,34001,41,2.35
161,36001,41,2.42
161,38001,41,2.81
161,40001,41,3.5
161,42001,41,3.74
161,44001,41,3.46
161,46001,41,3.35
161,48001,41,3.25
161,50001,41,3.23
161,52001,41,3.31
161,54001,41,3.53
161,56001,41,3.76
161,58001,41,4.07
161,60001,41,3.97
161,62001,41,4.0
161,64001,41,3.89
161,65535,41,3.72
161,1,51,2.96
161,2001,51,3.19
161,4001,51,3.56
161,6001,51,3.08
161,8001,51,3.26
161,10001,51,3.45
161,12001,51,3.5
161,14001,51,3.14
161,16001,51,2.59
161,18001,51,2.39
161,20001,51,2.21
161,22001,51,2.16
161,24001,51,2.05
161,26001,51,1.79
161,28001,51,1.77
161,30001,51,1.84
161,32001,51,2.0
161,34001,51,2.04
161,36001,51,2.37
161,38001,51,2.7
161,40001,51,3.29
161,42001,51,3.25
161,44001,51,3.35
161,46001,51,3.04
161,48001,51,2.9
161,50001,51,2.74
161,52001,51,2.51
161,54001,51,2.61
161,56001,51,2.62
161,58001,51,2.62
161,60001,51,2.59
161,62001,51,2.73
161,64001,51,2.75
161,65535,51,2.76
161,1,61,2.35
161,2001,61,2.43
161,4001,61,3.21
161,6001,61,3.2
161,8001,61,3.01
161,10001,61,3.21
161,12001,61,3.55
161,14001,61,2.83
161,16001,61,2.48
161,18001,61,2.27
161,20001,61,2.03
161,22001,61,1.83
161,24001,61,1.84
161,26001,61,1.71
161,28001,61,1.71
161,30001,61,1.73
161,32001,61,1.76
161,34001,61,1.92
161,36001,61,2.37
161,38001,61,2.66
161,40001,61,3.16
161,42001,61,3.27
161,44001,61,2.93
161,46001,61,2.94
161,48001,61,3.06
161,50001,61,2.54
161,52001,61,2.54
161,54001,61,2.13
161,56001,61,2.08
161,58001,61,2.08
161,60001,61,2.02
161,62001,61,2.18
161,64001,61,2.15
161,65535,61,2.24
161,1,71,2.04
161,2001,71,2.06
161,4001,71,2.5
161,6001,71,3.25
161,8001,71,2.89
161,10001,71,3.25
161,12001,71,3.31
161,14001,71,3.04
161,16001,71,2.47
161,18001,71,2.08
161,20001,71,1.89
161,22001,71,1.72
161,24001,71,1.65
161,26001,71,1.52
161,28001,71,1.39
161,30001,71,1.7
161,32001,71,1.83
161,34001,71,1.93
161,36001,71,1.85
161,38001,71,2.31
161,40001,71,2.76
161,42001,71,3.16
161,44001,71,2.75
161,46001,71,2.79
161,48001,71,2.97
161,50001,71,2.74
161,52001,71,2.43
161,54001,71,2.04
161,56001,71,1.86
161,58001,71,1.84
161,60001,71,1.98
161,62001,71,1.9
161,64001,71,1.86
161,65535,71,1.98
161,1,81,1.72
161,2001,81,1.84
161,4001,81,2.51
161,6001,81,3.4
161,8001,81,2.84
161,10001,81,3.12
161,12001,81,3.39
161,14001,81,2.84
161,16001,81,2.12
161,18001,81,2.06
161,20001,81,1.84
161,22001,81,1.71
161,24001,81,1.63
161,26001,81,1.5
161,28001,81,1.45
161,30001,81,1.43
161,32001,81,1.64
161,34001,81,1.68
161,36001,81,1.86
161,38001,81,2.16
161,40001,81,2.66
161,42001,81,3.0
161,44001,81,2.55
161,46001,81,2.96
161,48001,81,3.18
161,50001,81,2.48
161,52001,81,2.23
161,54001,81,2.15
161,56001,81,1.9
161,58001,81,1.75
161,60001,81,1.73
161,62001,81,1.7
161,64001,81,1.78
161,65535,81,1.96
161,1,91,1.68
161,2001,91,1.78
161,4001,91,2.01
161,6001,91,3.23
161,8001,91,2.98
161,10001,91,2.9
161,12001,91,3.2
161,14001,91,2.66
161,16001,91,2.17
161,18001,91,1.9
161,20001,91,1.8
161,22001,91,1.56
161,24001,91,1.59
161,26001,91,1.59
161,28001,91,1.31
161,30001,91,1.49
161,32001,91,1.63
161,34001,91,1.64
161,36001,91,1.8
161,38001,91,2.37
161,40001,91,2.51
161,42001,91,2.84
161,44001,91,2.86
161,46001,91,3.04
161,48001,91,3.19
161,50001,91,2.72
161,52001,91,2.22
161,54001,91,2.02
161,56001,91,1.86
161,58001,91,1.57
161,60001,91,1.63
161,62001,91,1.53
161,64001,91,1.71
161,65535,91,1.66
161,1,101,1.67
161,2001,101,1.53
161,4001,101,1.99
161,6001,101,2.83
161,8001,101,2.95
161,10001,101,3.03
161,12001,101,3.21
161,14001,101,2.45
161,16001,101,2.02
161,18001,101,1.79
161,20001,101,1.6
161,22001,101,1.47
161,24001,101,1.42
161,26001,101,1.44
161,28001,101,1.55
161,30001,101,1.53
161,32001,101,1.46
161,34001,101,1.59
161,36001,101,1.74
161,38001,101,2.08
161,40001,101,2.59
161,42001,101,2.89
161,44001,101,2.85
161,46001,101,3.03
161,48001,101,2.66
161,50001,101,2.54
161,52001,101,2.24
161,54001,101,1.94
161,56001,101,1.92
161,58001,101,1.77
161,60001,101,1.51
161,62001,101,1.6
161,64001,101,1.56
161,65535,101,1.59
161,1,111,1.64
161,2001,111,1.57
161,4001,111,1.91
161,6001,111,2.38
161,8001,111,2.86
161,10001,111,2.88
161,12001,111,3.2
161,14001,111,2.53
161,16001,111,2.19
161,18001,111,1.91
161,20001,111,1.72
161,22001,111,1.6
161,24001,111,1.47
161,26001,111,1.42
161,28001,111,1.39
161,30001,111,1.33
161,32001,111,1.52
161,34001,111,1.61
161,36001,111,1.56
161,38001,111,2.03
161,40001,111,2.53
161,42001,111,2.98
161,44001,111,3.05
161,46001,111,3.03
161,48001,111,2.34
161,50001,111,2.2
161,52001,111,1.99
161,54001,111,1.96
161,56001,111,1.82
161,58001,111,1.65
161,60001,111,1.43
161,62001,111,1.3
161,64001,111,1.42
161,65535,111,1.43
161,1,121,1.29
161,2001,121,1.48
161,4001,121,1.63
161,6001,121,2.35
161,8001,121,2.77
161,10001,121,2.91
161,12001,121,3.09
161,14001,121,2.33
161,16001,121,2.06
161,18001,121,1.84
161,20001,121,1.5
161,22001,121,1.47
161,24001,121,1.47
161,26001,121,1.53
161,28001,121,1.28
161,30001,121,1.44
161,32001,121,1.45
161,34001,121,1.53
161,36001,121,1.6
161,38001,121,1.86
161,40001,121,1.87
161,42001,121,2.6
161,44001,121,3.2
161,46001,121,2.71
161,48001,121,1.98
161,50001,121,1.85
161,52001,121,2.27
161,54001,121,1.92
161,56001,121,1.61
161,58001,121,1.44
161,60001,121,1.68
161,62001,121,1.39
161,64001,121,1.42
161,65535,121,1.43
161,1,131,1.35
161,2001,131,1.3
161,4001,131,1.68
161,6001,131,2.21
161,8001,131,3.01
161,10001,131,2.83
161,12001,131,3.23
161,14001,131,2.35
161,16001,131,2.01
161,18001,131,1.79
161,20001,131,1.49
161,22001,131,1.47
161,24001,131,1.35
161,26001,131,1.46
161,28001,131,1.35
161,30001,131,1.46
161,32001,131,1.38
161,34001,131,1.43
161,36001,131,1.59
161,38001,131,1.63
161,40001,131,1.96
161,42001,131,2.43
161,44001,131,2.88
161,46001,131,2.15
161,48001,131,1.9
161,50001,131,1.84
161,52001,131,1.98
161,54001,131,1.77
161,56001,131,1.69
161,58001,131,1.68
161,60001,131,1.34
161,62001,131,1.32
161,64001,131,1.31
161,65535,131,1.32
161,1,141,1.33
161,2001,141,1.51
161,4001,141,1.66
161,6001,141,1.92
161,8001,141,2.83
161,10001,141,2.72
161,12001,141,2.87
161,14001,141,2.17
161,16001,141,1.92
161,18001,141,1.74
161,20001,141,1.54
161,22001,141,1.54
161,24001,141,1.47
161,26001,141,1.33
161,28001,141,1.21
161,30001,141,1.36
161,32001,141,1.26
161,34001,141,1.48
161,36001,141,1.62
161,38001,141,1.65
161,40001,141,1.86
161,42001,141,2.13
161,44001,141,2.6
161,46001,141,2.11
161,48001,141,1.7
161,50001,141,1.75
161,52001,141,1.9
161,54001,141,1.77
161,56001,141,1.55
161,58001,141,1.5
161,60001,141,1.4
161,62001,141,1.29
161,64001,141,1.35
161,65535,141,1.36
161,1,151,1.25
161,2001,151,1.33
161,4001,151,1.33
161,6001,151,1.73
161,8001,151,2.58
161,10001,151,2.56
161,12001,151,2.87
161,14001,151,2.33
161,16001,151,1.93
161,18001,151,1.65
161,20001,151,1.62
161,22001,151,1.49
161,24001,151,1.34
161,26001,151,1.31
161,28001,151,1.36
161,30001,151,1.31
161,32001,151,1.38
161,34001,151,1.37
161,36001,151,1.57
161,38001,151,1.62
161,40001,151,1.84
161,42001,151,2.11
161,44001,151,2.51
161,46001,151,1.97
161,48001,151,1.58
161,50001,151,1.65
161,52001,151,1.78
161,54001,151,1.86
161,56001,151,1.64
161,58001,151,1.54
161,60001,151,1.35
161,62001,151,1.37
161,64001,151,1.28
161,65535,151,1.36
161,1,161,1.32
161,2001,161,1.32
161,4001,161,1.49
161,6001,161,2.02
161,8001,161,2.87
161,10001,161,2.71
161,12001,161,2.82
161,14001,161,2.38
161,16001,161,2.02
161,18001,161,1.69
161,20001,161,1.56
161,22001,161,1.58
161,24001,161,1.33
161,26001,161,1.25
161,28001,161,1.34
161,30001,161,1.28
161,32001,161,1.21
161,34001,161,1.46
161,36001,161,1.42
161,38001,161,1.59
161,40001,161,1.77
161,42001,161,2.07
161,44001,161,2.32
161,46001,161,1.92
161,48001,161,1.61
161,50001,161,1.61
161,52001,161,1.85
161,54001,161,1.7
161,56001,161,1.58
161,58001,161,1.61
161,60001,161,1.39
161,62001,161,1.42
161,64001,161,1.21
161,65535,161,1.21
161,1,171,1.39
161,2001,171,1.28
161,4001,171,1.24
161,6001,171,1.62
161,8001,171,3.09
161,10001,171,2.55
161,12001,171,2.6
161,14001,171,2.23
161,16001,171,1.9
161,18001,171,1.76
161,20001,171,1.63
161,22001,171,1.41
161,24001,171,1.26
161,26001,171,1.32
161,28001,171,1.43
161,30001,171,1.15
161,32001,171,1.32
161,34001,171,1.19
161,36001,171,1.49
161,38001,171,1.53
161,40001,171,1.44
161,42001,171,1.83
161,44001,171,1.81
161,46001,171,1.6
161,48001,171,1.37
161,50001,171,1.45
161,52001,171,1.71
161,54001,171,1.6
161,56001,171,1.47
161,58001,171,1.47
161,60001,171,1.36
161,62001,171,1.29
161,64001,171,1.21
161,65535,171,1.32
161,1,181,1.19
161,2001,181,1.34
161,4001,181,1.33
161,6001,181,1.75
161,8001,181,2.67
161,10001,181,2.63
161,12001,181,2.85
161,14001,181,2.07
161,16001,181,1.87
161,18001,181,1.64
161,20001,181,1.46
161,22001,181,1.42
161,24001,181,1.26
161,26001,181,1.2
161,28001,181,1.18
161,30001,181,1.3
161,32001,181,1.28
161,34001,181,1.33
161,36001,181,1.38
161,38001,181,1.53
161,40001,181,1.56
161,42001,181,1.88
161,44001,181,1.96
161,46001,181,1.58
161,48001,181,1.36
161,50001,181,1.47
161,52001,181,1.78
161,54001,181,1.66
161,56001,181,1.38
161,58001,181,1.45
161,60001,181,1.32
161,62001,181,1.34
161,64001,181,1.13
161,65535,181,1.19
161,1,191,1.28
161,2001,191,1.17
161,4001,191,1.29
161,6001,191,1.85
161,8001,191,2.54
161,10001,191,2.56
161,12001,191,2.17
161,14001,191,2.1
161,16001,191,1.83
161,18001,191,1.53
161,20001,191,1.53
161,22001,191,1.37
161,24001,191,1.33
161,26001,191,1.21
161,28001,191,1.29
161,30001,191,1.19
161,32001,191,1.24
161,34001,191,1.38
161,36001,191,1.33
161,38001,191,1.42
161,40001,191,1.44
161,42001,191,1.72
161,44001,191,1.95
161,46001,191,1.68
161,48001,191,1.35
161,50001,191,1.45
161,52001,191,1.51
161,54001,191,1.7
161,56001,191,1.42
161,58001,191,1.37
161,60001,191,1.27
161,62001,191,1.31
161,64001,191,1.18
161,65535,191,1.2
161,1,201,1.27
161,2001,201,1.28
161,4001,201,1.27
161,6001,201,1.61
161,8001,201,2.6
161,10001,201,2.6
161,12001,201,2.8
161,14001,201,2.11
161,16001,201,1.84
161,18001,201,1.6
161,20001,201,1.5
161,22001,201,1.25
161,24001,201,1.12
161,26001,201,1.2
161,28001,201,1.14
161,30001,201,1.17
161,32001,201,1.17
161,34001,201,1.25
161,36001,201,1.4
161,38001,201,1.38
161,40001,201,1.48
161,42001,201,1.54
161,44001,201,1.87
161,46001,201,1.48
161,48001,201,1.26
161,50001,201,1.39
161,52001,201,1.49
161,54001,201,1.64
161,56001,201,1.44
161,58001,201,1.48
161,60001,201,1.32
161,62001,201,1.19
161,64001,201,1.26
161,65535,201,1.18
161,1,211,1.12
161,2001,211,1.16
161,4001,211,1.32
161,6001,211,1.51
161,8001,211,2.1
161,10001,211,2.43
161,12001,211,2.41
161,14001,211,1.95
161,16001,211,1.59
161,18001,211,1.54
161,20001,211,1.38
161,22001,211,1.3
161,24001,211,1.26
161,26001,211,1.29
161,28001,211,1.09
161,30001,211,1.1
161,32001,211,1.18
161,34001,211,1.24
161,36001,211,1.37
161,38001,211,1.44
161,40001,211,1.41
161,42001,211,1.6
161,44001,211,1.92
161,46001,211,1.49
161,48001,211,1.44
161,50001,211,1.25
161,52001,211,1.64
161,54001,211,1.53
161,56001,211,1.43
161,58001,211,1.36
161,60001,211,1.27
161,62001,211,1.14
161,64001,211,1.22
161,65535,211,1.14
161,1,221,1.07
161,2001,221,1.06
161,4001,221,1.13
161,6001,221,1.34
161,8001,221,1.52
161,10001,221,1.88
161,12001,221,2.18
161,14001,221,1.7
161,16001,221,1.53
161,18001,221,1.56
161,20001,221,1.43
161,22001,221,1.24
161,24001,221,1.21
161,26001,221,1.22
161,28001,221,1.13
161,30001,221,1.24
161,32001,221,1.2
161,34001,221,1.17
161,36001,221,1.33
161,38001,221,1.34
161,40001,221,1.51
161,42001,221,1.54
161,44001,221,1.55
161,46001,221,1.27
161,48001,221,1.21
161,50001,221,1.24
161,52001,221,1.35
161,54001,221,1.52
161,56001,221,1.4
161,58001,221,1.37
161,60001,221,1.4
161,62001,221,1.26
161,64001,221,1.08
161,65535,221,1.14
161,1,231,1.22
161,2001,231,1.12
161,4001,231,1.16
161,6001,231,1.34
161,8001,231,1.52
161,10001,231,1.54
161,12001,231,1.74
161,14001,231,1.66
161,16001,231,1.57
161,18001,231,1.45
161,20001,231,1.35
161,22001,231,1.28
161,24001,231,1.23
161,26001,231,1.01
161,28001,231,1.15
161,30001,231,1.2
161,32001,231,1.28
161,34001,231,1.24
161,36001,231,1.28
161,38001,231,1.27
161,40001,231,1.35
161,42001,231,1.48
161,44001,231,1.59
161,46001,231,1.39
161,48001,231,1.06
161,50001,231,1.08
161,52001,231,1.24
161,54001,231,1.51
161,56001,231,1.41
161,58001,231,1.34
161,60001,231,1.29
161,62001,231,1.24
161,64001,231,1.22
161,65535,231,1.14
161,1,241,1.13
161,2001,241,0.93
161,4001,241,1.22
161,6001,241,1.09
161,8001,241,1.39
161,10001,241,1.46
161,12001,241,1.61
161,14001,241,1.55
161,16001,241,1.49
161,18001,241,1.37
161,20001,241,1.49
161,22001,241,1.38
161,24001,241,1.24
161,26001,241,1.18
161,28001,241,1.19
161,30001,241,1.16
161,32001,241,1.23
161,34001,241,1.22
161,36001,241,1.44
161,38001,241,1.31
161,40001,241,1.46
161,42001,241,1.55
161,44001,241,1.59
161,46001,241,1.46
161,48001,241,1.18
161,50001,241,1.16
161,52001,241,1.4
161,54001,241,1.54
161,56001,241,1.33
161,58001,241,1.41
161,60001,241,1.31
161,62001,241,1.21
161,64001,241,1.21
161,65535,241,1.09
161,1,251,1.12
161,2001,251,1.16
161,4001,251,1.31
161,6001,251,1.34
161,8001,251,1.33
161,10001,251,1.46
161,12001,251,1.65
161,14001,251,1.52
161,16001,251,1.58
161,18001,251,1.38
161,20001,251,1.36
161,22001,251,1.34
161,24001,251,1.32
161,26001,251,1.25
161,28001,251,1.14
161,30001,251,1.09
161,32001,251,1.13
161,34001,251,1.29
161,36001,251,1.23
161,38001,251,1.4
161,40001,251,1.45
161,42001,251,1.56
161,44001,251,1.45
161,46001,251,1.16
161,48001,251,1.22
161,50001,251,1.26
161,52001,251,1.37
161,54001,251,1.53
161,56001,251,1.42
161,58001,251,1.25
161,60001,251,1.22
161,62001,251,1.28
161,64001,251,1.16
161,65535,251,1.23
161,1,254,1.28
161,2001,254,1.09
161,4001,254,1.18
161,6001,254,1.24
161,8001,254,1.3
161,10001,254,1.3
161,12001,254,1.47
161,14001,254,1.51
161,16001,254,1.47
161,18001,254,1.48
161,20001,254,1.36
161,22001,254,1.26
161,24001,254,1.18
161,26001,254,1.26
161,28001,254,1.14
161,30001,254,1.14
161,32001,254,1.11
161,34001,254,1.24
161,36001,254,1.28
161,38001,254,1.25
161,40001,254,1.45
161,42001,254,1.5
161,44001,254,1.52
161,46001,254,1.19
161,48001,254,1.19
161,50001,254,1.2
161,52001,254,1.12
161,54001,254,1.55
161,56001,254,1.34
161,58001,254,1.24
161,60001,254,1.16
161,62001,254,1.16
161,64001,254,1.19
161,65535,254,1.28
171,1,1,4.83
171,2001,1,4.85
171,4001,1,4.86
171,6001,1,4.91
171,8001,1,4.84
171,10001,1,4.89
171,12001,1,4.77
171,14001,1,4.8
171,16001,1,4.86
171,18001,1,4.87
171,20001,1,4.88
171,22001,1,4.7
171,24001,1,4.99
171,26001,1,4.8
171,28001,1,4.82
171,30001,1,4.97
171,32001,1,4.81
171,34001,1,4.79
171,36001,1,4.85
171,38001,1,4.86
171,40001,1,4.86
171,42001,1,4.85
171,44001,1,4.9
171,46001,1,4.82
171,48001,1,4.98
171,50001,1,4.85
171,52001,1,5.02
171,54001,1,5.02
171,56001,1,4.94
171,58001,1,4.88
171,60001,1,4.89
171,62001,1,4.83
171,64001,1,4.82
171,65535,1,4.86
171,1,11,4.15
171,2001,11,4.26
171,4001,11,4.2
171,6001,11,4.3
171,8001,11,4.43
171,10001,11,4.3
171,12001,11,4.52
171,14001,11,4.76
171,16001,11,4.42
171,18001,11,4.1
171,20001,11,3.89
171,22001,11,3.77
171,24001,11,3.55
171,26001,11,3.35
171,28001,11,3.29
171,30001,11,3.55
171,32001,11,3.95
171,34001,11,4.16
171,36001,11,4.16
171,38001,11,4.7
171,40001,11,4.8
171,42001,11,4.92
171,44001,11,5.01
171,46001,11,4.94
171,48001,11,4.88
171,50001,11,4.83
171,52001,11,4.82
171,54001,11,4.73
171,56001,11,4.79
171,58001,11,4.79
171,60001,11,4.48
171,62001,11,4.36
171,64001,11,4.34
171,65535,11,4.08
171,1,21,3.59
171,2001,21,3.79
171,4001,21,3.86
171,6001,21,4.11
171,8001,21,4.01
171,10001,21,4.24
171,12001,21,4.35
171,14001,21,4.06
171,16001,21,3.65
171,18001,21,3.52
171,20001,21,3.09
171,22001,21,2.95
171,24001,21,2.95
171,26001,21,2.71
171,28001,21,2.72
171,30001,21,2.91
171,32001,21,2.92
171,34001,21,3.2
171,36001,21,3.8
171,38001,21,3.89
171,40001,21,4.6
171,42001,21,4.74
171,44001,21,4.75
171,46001,21,4.31
171,48001,21,4.46
171,50001,21,4.51
171,52001,21,4.65
171,54001,21,4.84
171,56001,21,4.67
171,58001,21,4.29
171,60001,21,4.22
171,62001,21,4.22
171,64001,21,3.99
171,65535,21,3.64
171,1,31,3.88
171,2001,31,3.68
171,4001,31,3.54
171,6001,31,3.66
171,8001,31,3.82
171,10001,31,4.02
171,12001,31,4.24
171,14001,31,3.86
171,16001,31,3.36
171,18001,31,3.05
171,20001,31,2.79
171,22001,31,2.51
171,24001,31,2.49
171,26001,31,2.29
171,28001,31,2.29
171,30001,31,2.52
171,32001,31,2.41
171,34001,31,2.86
171,36001,31,3.2
171,38001,31,4.01
171,40001,31,4.23
171,42001,31,4.62
171,44001,31,4.62
171,46001,31,4.03
171,48001,31,3.66
171,50001,31,3.75
171,52001,31,4.42
171,54001,31,4.31
171,56001,31,4.69
171,58001,31,4.78
171,60001,31,4.8
171,62001,31,4.58
171,64001,31,3.99
171,65535,31,3.87
171,1,41,4.09
171,2001,41,4.09
171,4001,41,3.57
171,6001,41,3.54
171,8001,41,3.77
171,10001,41,3.9
171,12001,41,3.95
171,14001,41,3.84
171,16001,41,3.13
171,18001,41,2.76
171,20001,41,2.71
171,22001,41,2.44
171,24001,41,2.22
171,26001,41,2.22
171,28001,41,1.96
171,30001,41,2.18
171,32001,41,2.24
171,34001,41,2.49
171,36001,41,2.8
171,38001,41,3.26
171,40001,41,3.81
171,42001,41,4.42
171,44001,41,3.87
171,46001,41,3.69
171,48001,41,3.57
171,50001,41,3.79
171,52001,41,3.66
171,54001,41,3.95
171,56001,41,4.13
171,58001,41,4.14
171,60001,41,4.29
171,62001,41,4.46
171,64001,41,4.22
171,65535,41,4.09
171,1,51,3.24
171,2001,51,3.37
171,4001,51,3.87
171,6001,51,3.38
171,8001,51,3.54
171,10001,51,3.76
171,12001,51,3.83
171,14001,51,3.46
171,16001,51,2.91
171,18001,51,2.63
171,20001,51,2.48
171,22001,51,2.15
171,24001,51,2.12
171,26001,51,1.99
171,28001,51,1.99
171,30001,51,2.02
171,32001,51,2.09
171,34001,51,2.27
171,36001,51,2.5
171,38001,51,3.06
171,40001,51,3.83
171,42001,51,3.91
171,44001,51,3.57
171,46001,51,3.49
171,48001,51,3.43
171,50001,51,2.93
171,52001,51,2.66
171,54001,51,2.74
171,56001,51,2.74
171,58001,51,2.77
171,60001,51,2.78
171,62001,51,2.96
171,64001,51,3.01
171,65535,51,3.22
171,1,61,2.68
171,2001,61,2.66
171,4001,61,3.43
171,6001,61,3.64
171,8001,61,3.28
171,10001,61,3.69
171,12001,61,3.53
171,14001,61,3.37
171,16001,61,2.8
171,18001,61,2.41
171,20001,61,2.34
171,22001,61,2.08
171,24001,61,2.0
171,26001,61,1.89
171,28001,61,1.68
171,30001,61,1.79
171,32001,61,1.96
171,34001,61,2.12
171,36001,61,2.39
171,38001,61,2.65
171,40001,61,3.32
171,42001,61,3.76
171,44001,61,3.25
171,46001,61,3.18
171,48001,61,3.23
171,50001,61,2.94
171,52001,61,2.69
171,54001,61,2.65
171,56001,61,2.31
171,58001,61,2.33
171,60001,61,2.41
171,62001,61,2.32
171,64001,61,2.53
171,65535,61,2.46
171,1,71,2.17
171,2001,71,2.27
171,4001,71,2.91
171,6001,71,3.63
171,8001,71,3.26
171,10001,71,3.47
171,12001,71,3.51
171,14001,71,3.21
171,16001,71,2.71
171,18001,71,2.32
171,20001,71,2.14
171,22001,71,2.05
171,24001,71,1.75
171,26001,71,1.78
171,28001,71,1.66
171,30001,71,1.79
171,32001,71,1.86
171,34001,71,1.95
171,36001,71,2.05
171,38001,71,2.46
171,40001,71,3.26
171,42001,71,3.33
171,44001,71,3.21
171,46001,71,3.08
171,48001,71,3.45
171,50001,71,3.05
171,52001,71,2.57
171,54001,71,2.34
171,56001,71,2.09
171,58001,71,2.01
171,60001,71,2.1
171,62001,71,2.02
171,64001,71,2.08
171,65535,71,2.19
171,1,81,2.07
171,2001,81,2.07
171,4001,81,2.82
171,6001,81,3.4
171,8001,81,3.33
171,10001,81,3.31
171,12001,81,3.74
171,14001,81,2.99
171,16001,81,2.47
171,18001,81,2.15
171,20001,81,2.0
171,22001,81,2.05
171,24001,81,1.63
171,26001,81,1.67
171,28001,81,1.67
171,30001,81,1.73
171,32001,81,1.81
171,34001,81,1.94
171,36001,81,2.17
171,38001,81,2.32
171,40001,81,3.16
171,42001,81,3.3
171,44001,81,2.97
171,46001,81,3.29
171,48001,81,3.38
171,50001,81,3.04
171,52001,81,2.52
171,54001,81,2.04
171,56001,81,1.86
171,58001,81,1.95
171,60001,81,1.82
171,62001,81,1.98
171,64001,81,1.99
171,65535,81,1.99
171,1,91,1.75
171,2001,91,1.93
171,4001,91,2.4
171,6001,91,3.53
171,8001,91,3.24
171,10001,91,3.25
171,12001,91,3.12
171,14001,91,2.98
171,16001,91,2.39
171,18001,91,2.08
171,20001,91,1.99
171,22001,91,1.84
171,24001,91,1.73
171,26001,91,1.62
171,28001,91,1.54
171,30001,91,1.69
171,32001,91,1.89
171,34001,91,1.87
171,36001,91,1.98
171,38001,91,2.34
171,40001,91,3.03
171,42001,91,3.11
171,44001,91,3.03
171,46001,91,3.41
171,48001,91,3.63
171,50001,91,3.0
171,52001,91,2.48
171,54001,91,2.09
171,56001,91,1.77
171,58001,91,1.76
171,60001,91,1.67
171,62001,91,1.7
171,64001,91,1.73
171,65535,91,1.83
171,1,101,1.65
171,2001,101,1.7
171,4001,101,2.22
171,6001,101,2.93
171,8001,101,3.12
171,10001,101,3.07
171,12001,101,3.45
171,14001,101,2.55
171,16001,101,2.34
171,18001,101,1.98
171,20001,101,1.86
171,22001,101,1.79
171,24001,101,1.62
171,26001,101,1.63
171,28001,101,1.58
171,30001,101,1.6
171,32001,101,1.66
171,34001,101,1.61
171,36001,101,1.8
171,38001,101,2.17
171,40001,101,2.78
171,42001,101,3.21
171,44001,101,3.03
171,46001,101,3.2
171,48001,101,2.88
171,50001,101,2.74
171,52001,101,2.43
171,54001,101,2.08
171,56001,101,1.99
171,58001,101,1.82
171,60001,101,1.79
171,62001,101,1.79
171,64001,101,1.77
171,65535,101,1.64
171,1,111,1.76
171,2001,111,1.62
171,4001,111,2.15
171,6001,111,2.85
171,8001,111,2.95
171,10001,111,3.1
171,12001,111,3.52
171,14001,111,2.83
171,16001,111,2.39
171,18001,111,1.95
171,20001,111,1.7
171,22001,111,1.64
171,24001,111,1.54
171,26001,111,1.49
171,28001,111,1.41
171,30001,111,1.54
171,32001,111,1.43
171,34001,111,1.66
171,36001,111,1.83
171,38001,111,2.01
171,40001,111,2.66
171,42001,111,3.32
171,44001,111,3.36
171,46001,111,3.23
171,48001,111,2.5
171,50001,111,2.41
171,52001,111,2.3
171,54001,111,1.97
171,56001,111,1.78
171,58001,111,1.63
171,60001,111,1.55
171,62001,111,1.53
171,64001,111,1.69
171,65535,111,1.6
171,1,121,1.68
171,2001,121,1.67
171,4001,121,1.76
171,6001,121,2.59
171,8001,121,3.11
171,10001,121,3.2
171,12001,121,3.44
171,14001,121,2.67
171,16001,121,2.18
171,18001,121,1.99
171,20001,121,1.93
171,22001,121,1.75
171,24001,121,1.5
171,26001,121,1.46
171,28001,121,1.51
171,30001,121,1.41
171,32001,121,1.47
171,34001,121,1.62
171,36001,121,1.69
171,38001,121,1.91
171,40001,121,2.42
171,42001,121,2.85
171,44001,121,3.31
171,46001,121,2.91
171,48001,121,2.15
171,50001,121,2.41
171,52001,121,2.35
171,54001,121,2.05
171,56001,121,1.87
171,58001,121,1.65
171,60001,121,1.57
171,62001,121,1.62
171,64001,121,1.57
171,65535,121,1.57
171,1,131,1.5
171,2001,131,1.49
171,4001,131,1.92
171,6001,131,2.28
171,8001,131,3.24
171,10001,131,3.05
171,12001,131,3.16
171,14001,131,2.35
171,16001,131,1.94
171,18001,131,1.87
171,20001,131,1.67
171,22001,131,1.67
171,24001,131,1.5
171,26001,131,1.44
171,28001,131,1.46
171,30001,131,1.51
171,32001,131,1.55
171,34001,131,1.53
171,36001,131,1.71
171,38001,131,1.75
171,40001,131,2.08
171,42001,131,2.69
171,44001,131,3.28
171,46001,131,2.47
171,48001,131,2.08
171,50001,131,2.01
171,52001,131,2.27
171,54001,131,2.14
171,56001,131,1.68
171,58001,131,1.64
171,60001,131,1.57
171,62001,131,1.41
171,64001,131,1.59
171,65535,131,1.49
171,1,141,1.49
171,2001,141,1.49
171,4001,141,1.83
171,6001,141,2.61
171,8001,141,3.25
171,10001,141,3.0
171,12001,141,3.3
171,14001,141,2.58
171,16001,141,2.31
171,18001,141,1.94
171,20001,141,1.63
171,22001,141,1.53
171,24001,141,1.47
171,26001,141,1.48
171,28001,141,1.3
171,30001,141,1.34
171,32001,141,1.53
171,34001,141,1.62
171,36001,141,1.6
171,38001,141,1.77
171,40001,141,2.03
171,42001,141,2.31
171,44001,141,2.89
171,46001,141,2.35
171,48001,141,1.97
171,50001,141,1.96
171,52001,141,2.35
171,54001,141,1.8
171,56001,141,1.89
171,58001,141,1.67
171,60001,141,1.54
171,62001,141,1.38
171,64001,141,1.35
171,65535,141,1.41
171,1,151,1.49
171,2001,151,1.52
171,4001,151,1.63
171,6001,151,2.19
171,8001,151,3.06
171,10001,151,3.08
171,12001,151,3.26
171,14001,151,2.36
171,16001,151,2.18
171,18001,151,1.77
171,20001,151,1.67
171,22001,151,1.58
171,24001,151,1.52
171,26001,151,1.42
171,28001,151,1.23
171,30001,151,1.33
171,32001,151,1.35
171,34001,151,1.58
171,36001,151,1.53
171,38001,151,1.77
171,40001,151,1.85
171,42001,151,2.35
171,44001,151,2.64
171,46001,151,2.04
171,48001,151,1.79
171,50001,151,1.78
171,52001,151,2.12
171,54001,151,1.94
171,56001,151,1.67
171,58001,151,1.59
171,60001,151,1.51
171,62001,151,1.53
171,64001,151,1.35
171,65535,151,1.41
171,1,161,1.48
171,2001,161,1.39
171,4001,161,1.71
171,6001,161,2.76
171,8001,161,3.18
171,10001,161,3.03
171,12001,161,3.08
171,14001,161,2.39
171,16001,161,2.04
171,18001,161,1.83
171,20001,161,1.55
171,22001,161,1.45
171,24001,161,1.43
171,26001,161,1.37
171,28001,161,1.47
171,30001,161,1.5
171,32001,161,1.47
171,34001,161,1.4
171,36001,161,1.63
171,38001,161,1.86
171,40001,161,1.87
171,42001,161,2.2
171,44001,161,2.45
171,46001,161,1.86
171,48001,161,1.85
171,50001,161,1.62
171,52001,161,2.12
171,54001,161,1.86
171,56001,161,1.79
171,58001,161,1.53
171,60001,161,1.46
171,62001,161,1.45
171,64001,161,1.45
171,65535,161,1.36
171,1,171,1.39
171,2001,171,1.46
171,4001,171,1.42
171,6001,171,1.76
171,8001,171,3.2
171,10001,171,2.92
171,12001,171,2.83
171,14001,171,2.54
171,16001,171,1.9
171,18001,171,1.78
171,20001,171,1.67
171,22001,171,1.56
171,24001,171,1.47
171,26001,171,1.23
171,28001,171,1.36
171,30001,171,1.44
171,32001,171,1.45
171,34001,171,1.54
171,36001,171,1.5
171,38001,171,1.76
171,40001,171,1.78
171,42001,171,1.85
171,44001,171,1.94
171,46001,171,1.76
171,48001,171,1.58
171,50001,171,1.73
171,52001,171,1.77
171,54001,171,1.81
171,56001,171,1.71
171,58001,171,1.64
171,60001,171,1.46
171,62001,171,1.42
171,64001,171,1.29
171,65535,171,1.3
171,1,181,1.29
171,2001,181,1.33
171,4001,181,1.23
171,6001,181,1.95
171,8001,181,3.19
171,10001,181,2.84
171,12001,181,3.06
171,14001,181,2.35
171,16001,181,2.06
171,18001,181,1.82
171,20001,181,1.64
171,22001,181,1.45
171,24001,181,1.44
171,26001,181,1.48
171,28001,181,1.17
171,30001,181,1.24
171,32001,181,1.34
171,34001,181,1.25
171,36001,181,1.55
171,38001,181,1.56
171,40001,181,1.76
171,42001,181,1.81
171,44001,181,2.15
171,46001,181,1.77
171,48001,181,1.59
171,50001,181,1.53
171,52001,181,1.84
171,54001,181,1.75
171,56001,181,1.65
171,58001,181,1.53
171,60001,181,1.55
171,62001,181,1.3
171,64001,181,1.37
171,65535,181,1.38
171,1,191,1.27
171,2001,191,1.37
171,4001,191,1.46
171,6001,191,1.62
171,8001,191,2.93
171,10001,191,2.88
171,12001,191,3.0
171,14001,191,2.3
171,16001,191,1.74
171,18001,191,1.65
171,20001,191,1.58
171,22001,191,1.65
171,24001,191,1.35
171,26001,191,1.35
171,28001,191,1.26
171,30001,191,1.21
171,32001,191,1.27
171,34001,191,1.5
171,36001,191,1.54
171,38001,191,1.46
171,40001,191,1.69
171,42001,191,1.86
171,44001,191,1.99
171,46001,191,1.71
171,48001,191,1.5
171,50001,191,1.6
171,52001,191,1.74
171,54001,191,1.8
171,56001,191,1.64
171,58001,191,1.62
171,60001,191,1.49
171,62001,191,1.4
171,64001,191,1.32
171,65535,191,1.43
171,1,201,1.2
171,2001,201,1.28
171,4001,201,1.4
171,6001,201,1.75
171,8001,201,2.84
171,10001,201,2.9
171,12001,201,2.71
171,14001,201,2.41
171,16001,201,1.86
171,18001,201,1.66
171,20001,201,1.57
171,22001,201,1.45
171,24001,201,1.44
171,26001,201,1.3
171,28001,201,1.28
171,30001,201,1.29
171,32001,201,1.24
171,34001,201,1.46
171,36001,201,1.39
171,38001,201,1.45
171,40001,201,1.55
171,42001,201,1.91
171,44001,201,1.84
171,46001,201,1.6
171,48001,201,1.41
171,50001,201,1.36
171,52001,201,1.56
171,54001,201,1.92
171,56001,201,1.46
171,58001,201,1.55
171,60001,201,1.3
171,62001,201,1.36
171,64001,201,1.2
171,65535,201,1.47
171,1,211,1.23
171,2001,211,1.24
171,4001,211,1.43
171,6001,211,1.89
171,8001,211,2.18
171,10001,211,2.6
171,12001,211,2.7
171,14001,211,2.12
171,16001,211,1.94
171,18001,211,1.67
171,20001,211,1.45
171,22001,211,1.4
171,24001,211,1.43
171,26001,211,1.33
171,28001,211,1.19
171,30001,211,1.36
171,32001,211,1.3
171,34001,211,1.38
171,36001,211,1.4
171,38001,211,1.62
171,40001,211,1.74
171,42001,211,1.97
171,44001,211,1.94
171,46001,211,1.59
171,48001,211,1.34
171,50001,211,1.39
171,52001,211,1.56
171,54001,211,1.66
171,56001,211,1.62
171,58001,211,1.45
171,60001,211,1.48
171,62001,211,1.35
171,64001,211,1.36
171,65535,211,1.17
171,1,221,1.17
171,2001,221,1.18
171,4001,221,1.39
171,6001,221,1.65
171,8001,221,1.76
171,10001,221,1.92
171,12001,221,2.3
171,14001,221,1.93
171,16001,221,1.84
171,18001,221,1.66
171,20001,221,1.39
171,22001,221,1.41
171,24001,221,1.27
171,26001,221,1.33
171,28001,221,1.34
171,30001,221,1.43
171,32001,221,1.3
171,34001,221,1.41
171,36001,221,1.37
171,38001,221,1.54
171,40001,221,1.67
171,42001,221,1.79
171,44001,221,1.68
171,46001,221,1.45
171,48001,221,1.43
171,50001,221,1.35
171,52001,221,1.46
171,54001,221,1.66
171,56001,221,1.66
171,58001,221,1.45
171,60001,221,1.42
171,62001,221,1.32
171,64001,221,1.37
171,65535,221,1.19
171,1,231,1.27
171,2001,231,1.23
171,4001,231,1.41
171,6001,231,1.41
171,8001,231,1.58
171,10001,231,1.71
171,12001,231,1.9
171,14001,231,1.94
171,16001,231,1.71
171,18001,231,1.58
171,20001,231,1.38
171,22001,231,1.34
171,24001,231,1.33
171,26001,231,1.37
171,28001,231,1.26
171,30001,231,1.31
171,32001,231,1.28
171,34001,231,1.19
171,36001,231,1.37
171,38001,231,1.41
171,40001,231,1.59
171,42001,231,1.79
171,44001,231,1.54
171,46001,231,1.45
171,48001,231,1.25
171,50001,231,1.39
171,52001,231,1.31
171,54001,231,1.67
171,56001,231,1.47
171,58001,231,1.52
171,60001,231,1.33
171,62001,231,1.28
171,64001,231,1.23
171,65535,231,1.23
171,1,241,1.23
171,2001,241,1.26
171,4001,241,1.33
171,6001,241,1.41
171,8001,241,1.31
171,10001,241,1.44
171,12001,241,1.71
171,14001,241,1.71
171,16001,241,1.62
171,18001,241,1.52
171,20001,241,1.34
171,22001,241,1.33
171,24001,241,1.19
171,26001,241,1.16
171,28001,241,1.26
171,30001,241,1.14
171,32001,241,1.28
171,34001,241,1.24
171,36001,241,1.47
171,38001,241,1.33
171,40001,241,1.38
171,42001,241,1.67
171,44001,241,1.77
171,46001,241,1.4
171,48001,241,1.38
171,50001,241,1.27
171,52001,241,1.33
171,54001,241,1.71
171,56001,241,1.5
171,58001,241,1.49
171,60001,241,1.3
171,62001,241,1.22
171,64001,241,1.22
171,65535,241,1.3
171,1,251,1.28
171,2001,251,1.32
171,4001,251,1.35
171,6001,251,1.41
171,8001,251,1.35
171,10001,251,1.47
171,12001,251,1.56
171,14001,251,1.61
171,16001,251,1.59
171,18001,251,1.53
171,20001,251,1.31
171,22001,251,1.3
171,24001,251,1.29
171,26001,251,1.3
171,28001,251,1.18
171,30001,251,1.27
171,32001,251,1.33
171,34001,251,1.45
171,36001,251,1.4
171,38001,251,1.36
171,40001,251,1.58
171,42001,251,1.72
171,44001,251,1.68
171,46001,251,1.4
171,48001,251,1.22
171,50001,251,1.18
171,52001,251,1.42
171,54001,251,1.68
171,56001,251,1.49
171,58001,251,1.37
171,60001,251,1.25
171,62001,251,1.33
171,64001,251,1.25
171,65535,251,1.27
171,1,254,1.1
171,2001,254,1.19
171,4001,254,1.21
171,6001,254,1.31
171,8001,254,1.42
171,10001,254,1.46
171,12001,254,1.67
171,14001,254,1.59
171,16001,254,1.47
171,18001,254,1.39
171,20001,254,1.41
171,22001,254,1.39
171,24001,254,1.26
171,26001,254,1.23
171,28001,254,1.2
171,30001,254,1.28
171,32001,254,1.33
171,34001,254,1.3
171,36001,254,1.42
171,38001,254,1.39
171,40001,254,1.62
171,42001,254,1.49
171,44001,254,1.8
171,46001,254,1.34
171,48001,254,1.22
171,50001,254,1.17
171,52001,254,1.51
171,54001,254,1.64
171,56001,254,1.67
171,58001,254,1.44
171,60001,254,1.34
171,62001,254,1.38
171,64001,254,1.14
171,65535,254,1.15
181,1,1,5.54
181,2001,1,5.46
181,4001,1,5.49
181,6001,1,5.42
181,8001,1,5.46
181,10001,1,5.42
181,12001,1,5.26
181,14001,1,5.53
181,16001,1,5.37
181,18001,1,5.45
181,20001,1,5.35
181,22001,1,5.43
181,24001,1,5.39
181,26001,1,5.52
181,28001,1,5.43
181,30001,1,5.58
181,32001,1,5.41
181,34001,1,5.46
181,36001,1,5.48
181,38001,1,5.49
181,40001,1,5.36
181,42001,1,5.37
181,44001,1,5.25
181,46001,1,5.47
181,48001,1,5.45
181,50001,1,5.52
181,52001,1,5.25
181,54001,1,5.44
181,56001,1,5.29
181,58001,1,5.56
181,60001,1,5.37
181,62001,1,5.4
181,64001,1,5.61
181,65535,1,5.43
181,1,11,4.58
181,2001,11,4.77
181,4001,11,4.76
181,6001,11,4.78
181,8001,11,5.07
181,10001,11,5.02
181,12001,11,5.24
181,14001,11,5.28
181,16001,11,4.89
181,18001,11,4.52
181,20001,11,4.36
181,22001,11,4.13
181,24001,11,3.97
181,26001,11,3.8
181,28001,11,3.68
181,30001,11,3.86
181,32001,11,4.31
181,34001,11,4.36
181,36001,11,4.86
181,38001,11,5.43
181,40001,11,5.48
181,42001,11,5.39
181,44001,11,5.52
181,46001,11,5.52
181,48001,11,5.49
181,50001,11,5.25
181,52001,11,5.47
181,54001,11,5.37
181,56001,11,5.41
181,58001,11,5.27
181,60001,11,5.23
181,62001,11,4.81
181,64001,11,4.85
181,65535,11,4.79
181,1,21,4.16
181,2001,21,4.12
181,4001,21,4.33
181,6001,21,4.49
181,8001,21,4.41
181,10001,21,4.75
181,12001,21,4.84
181,14001,21,4.77
181,16001,21,4.35
181,18001,21,3.78
181,20001,21,3.59
181,22001,21,3.2
181,24001,21,3.1
181,26001,21,3.01
181,28001,21,2.87
181,30001,21,3.0
181,32001,21,3.45
181,34001,21,3.58
181,36001,21,4.09
181,38001,21,4.76
181,40001,21,5.31
181,42001,21,5.34
181,44001,21,5.45
181,46001,21,5.14
181,48001,21,4.76
181,50001,21,4.82
181,52001,21,4.99
181,54001,21,5.15
181,56001,21,5.19
181,58001,21,5.07
181,60001,21,4.68
181,62001,21,4.37
181,64001,21,4.44
181,65535,21,4.05
181,1,31,4.27
181,2001,31,4.1
181,4001,31,3.93
181,6001,31,4.05
181,8001,31,4.52
181,10001,31,4.6
181,12001,31,4.88
181,14001,31,4.55
181,16001,31,3.73
181,18001,31,3.12
181,20001,31,3.11
181,22001,31,2.86
181,24001,31,2.69
181,26001,31,2.57
181,28001,31,2.49
181,30001,31,2.64
181,32001,31,2.66
181,34001,31,3.03
181,36001,31,3.59
181,38001,31,4.43
181,40001,31,4.77
181,42001,31,5.19
181,44001,31,4.94
181,46001,31,4.25
181,48001,31,4.12
181,50001,31,4.22
181,52001,31,4.98
181,54001,31,4.96
181,56001,31,5.3
181,58001,31,5.34
181,60001,31,5.15
181,62001,31,4.92
181,64001,31,4.7
181,65535,31,4.32
181,1,41,4.5
181,2001,41,4.37
181,4001,41,4.04
181,6001,41,3.95
181,8001,41,4.02
181,10001,41,4.43
181,12001,41,4.37
181,14001,41,4.09
181,16001,41,3.36
181,18001,41,3.08
181,20001,41,2.72
181,22001,41,2.65
181,24001,41,2.57
181,26001,41,2.22
181,28001,41,2.29
181,30001,41,2.41
181,32001,41,2.61
181,34001,41,2.54
181,36001,41,3.12
181,38001,41,3.81
181,40001,41,4.23
181,42001,41,4.94
181,44001,41,4.36
181,46001,41,4.0
181,48001,41,3.72
181,50001,41,3.91
181,52001,41,4.22
181,54001,41,4.69
181,56001,41,4.79
181,58001,41,4.83
181,60001,41,5.02
181,62001,41,5.12
181,64001,41,5.1
181,65535,41,4.73
181,1,51,3.46
181,2001,51,3.37
181,4001,51,4.35
181,6001,51,3.77
181,8001,51,3.86
181,10001,51,4.07
181,12001,51,4.28
181,14001,51,3.81
181,16001,51,3.14
181,18001,51,2.84
181,20001,51,2.63
181,22001,51,2.39
181,24001,51,2.05
181,26001,51,2.18
181,28001,51,2.04
181,30001,51,2.21
181,32001,51,2.28
181,34001,51,2.52
181,36001,51,2.8
181,38001,51,3.14
181,40001,51,4.18
181,42001,51,4.14
181,44001,51,4.0
181,46001,51,3.71
181,48001,51,3.76
181,50001,51,3.36
181,52001,51,2.96
181,54001,51,3.03
181,56001,51,3.0
181,58001,51,3.14
181,60001,51,3.08
181,62001,51,3.43
181,64001,51,3.23
181,65535,51,3.29
181,1,61,2.83
181,2001,61,3.14
181,4001,61,3.97
181,6001,61,3.93
181,8001,61,3.65
181,10001,61,3.95
181,12001,61,4.26
181,14001,61,3.43
181,16001,61,2.85
181,18001,61,2.5
181,20001,61,2.53
181,22001,61,2.12
181,24001,61,2.21
181,26001,61,1.99
181,28001,61,1.98
181,30001,61,1.97
181,32001,61,2.11
181,34001,61,2.35
181,36001,61,2.51
181,38001,61,3.1
181,40001,61,3.59
181,42001,61,4.21
181,44001,61,3.43
181,46001,61,3.53
181,48001,61,3.74
181,50001,61,3.34
181,52001,61,2.88
181,54001,61,2.37
181,56001,61,2.37
181,58001,61,2.51
181,60001,61,2.57
181,62001,61,2.63
181,64001,61,2.68
181,65535,61,2.78
181,1,71,2.34
181,2001,71,2.41
181,4001,71,3.32
181,6001,71,3.79
181,8001,71,3.72
181,10001,71,4.01
181,12001,71,4.13
181,14001,71,3.3
181,16001,71,2.87
181,18001,71,2.51
181,20001,71,2.35
181,22001,71,2.27
181,24001,71,1.95
181,26001,71,1.9
181,28001,71,1.93
181,30001,71,1.9
181,32001,71,2.09
181,34001,71,2.2
181,36001,71,2.39
181,38001,71,3.2
181,40001,71,3.56
181,42001,71,3.76
181,44001,71,3.43
181,46001,71,3.46
181,48001,71,3.83
181,50001,71,3.32
181,52001,71,2.84
181,54001,71,2.28
181,56001,71,2.19
181,58001,71,2.22
181,60001,71,2.04
181,62001,71,2.3
181,64001,71,2.45
181,65535,71,2.46
181,1,81,2.06
181,2001,81,2.25
181,4001,81,2.8
181,6001,81,4.01
181,8001,81,3.58
181,10001,81,3.6
181,12001,81,3.94
181,14001,81,3.33
181,16001,81,2.71
181,18001,81,2.36
181,20001,81,2.07
181,22001,81,2.07
181,24001,81,1.95
181,26001,81,1.89
181,28001,81,1.76
181,30001,81,1.78
181,32001,81,1.99
181,34001,81,2.0
181,36001,81,2.28
181,38001,81,2.75
181,40001,81,3.42
181,42001,81,3.56
181,44001,81,3.06
181,46001,81,3.6
181,48001,81,3.71
181,50001,81,3.0
181,52001,81,2.68
181,54001,81,2.37
181,56001,81,2.18
181,58001,81,2.04
181,60001,81,2.02
181,62001,81,1.95
181,64001,81,2.04
181,65535,81,2.25
181,1,91,2.04
181,2001,91,1.87
181,4001,91,2.29
181,6001,91,3.54
181,8001,91,3.47
181,10001,91,3.81
181,12001,91,3.93
181,14001,91,3.21
181,16001,91,2.64
181,18001,91,2.28
181,20001,91,2.06
181,22001,91,1.85
181,24001,91,1.77
181,26001,91,1.91
181,28001,91,1.87
181,30001,91,1.73
181,32001,91,1.84
181,34001,91,2.0
181,36001,91,2.26
181,38001,91,2.53
181,40001,91,3.3
181,42001,91,3.48
181,44001,91,3.15
181,46001,91,3.47
181,48001,91,3.53
181,50001,91,2.97
181,52001,91,2.71
181,54001,91,2.23
181,56001,91,2.08
181,58001,91,2.05
181,60001,91,1.97
181,62001,91,1.79
181,64001,91,1.82
181,65535,91,1.95
181,1,101,1.85
181,2001,101,1.87
181,4001,101,2.29
181,6001,101,3.49
181,8001,101,3.52
181,10001,101,3.73
181,12001,101,3.96
181,14001,101,3.08
181,16001,101,2.46
181,18001,101,2.16
181,20001,101,2.13
181,22001,101,1.87
181,24001,101,1.54
181,26001,101,1.68
181,28001,101,1.65
181,30001,101,1.75
181,32001,101,1.66
181,34001,101,1.83
181,36001,101,2.08
181,38001,101,2.52
181,40001,101,3.14
181,42001,101,3.76
181,44001,101,3.49
181,46001,101,3.64
181,48001,101,3.22
181,50001,101,3.03
181,52001,101,2.45
181,54001,101,2.1
181,56001,101,2.15
181,58001,101,1.91
181,60001,101,1.78
181,62001,101,1.77
181,64001,101,1.87
181,65535,101,1.8
181,1,111,1.77
181,2001,111,1.76
181,4001,111,2.06
181,6001,111,3.05
181,8001,111,3.53
181,10001,111,3.75
181,12001,111,3.87
181,14001,111,2.8
181,16001,111,2.36
181,18001,111,2.2
181,20001,111,1.97
181,22001,111,1.84
181,24001,111,1.7
181,26001,111,1.74
181,28001,111,1.45
181,30001,111,1.66
181,32001,111,1.73
181,34001,111,1.83
181,36001,111,2.0
181,38001,111,2.38
181,40001,111,2.59
181,42001,111,3.66
181,44001,111,3.68
181,46001,111,3.67
181,48001,111,2.81
181,50001,111,2.72
181,52001,111,2.57
181,54001,111,2.1
181,56001,111,1.96
181,58001,111,2.19
181,60001,111,1.94
181,62001,111,1.88
181,64001,111,1.57
181,65535,111,1.71
181,1,121,1.7
181,2001,121,1.7
181,4001,121,2.06
181,6001,121,2.82
181,8001,121,3.54
181,10001,121,3.5
181,12001,121,3.74
181,14001,121,2.89
181,16001,121,2.51
181,18001,121,2.16
181,20001,121,1.92
181,22001,121,1.68
181,24001,121,1.78
181,26001,121,1.71
181,28001,121,1.64
181,30001,121,1.51
181,32001,121,1.44
181,34001,121,1.92
181,36001,121,1.83
181,38001,121,2.3
181,40001,121,2.91
181,42001,121,4.04
181,44001,121,3.57
181,46001,121,3.31
181,48001,121,2.46
181,50001,121,2.53
181,52001,121,2.35
181,54001,121,2.12
181,56001,121,1.93
181,58001,121,1.79
181,60001,121,1.55
181,62001,121,1.6
181,64001,121,1.56
181,65535,121,1.76
181,1,131,1.73
181,2001,131,1.65
181,4001,131,2.48
181,6001,131,2.61
181,8001,131,3.41
181,10001,131,3.32
181,12001,131,3.71
181,14001,131,2.8
181,16001,131,2.42
181,18001,131,1.82
181,20001,131,2.0
181,22001,131,1.83
181,24001,131,1.59
181,26001,131,1.61
181,28001,131,1.45
181,30001,131,1.56
181,32001,131,1.72
181,34001,131,1.8
181,36001,131,1.78
181,38001,131,1.97
181,40001,131,2.12
181,42001,131,2.89
181,44001,131,3.57
181,46001,131,2.83
181,48001,131,2.21
181,50001,131,2.17
181,52001,131,2.49
181,54001,131,2.06
181,56001,131,1.87
181,58001,131,1.74
181,60001,131,1.64
181,62001,131,1.44
181,64001,131,1.56
181,65535,131,1.61
181,1,141,1.69
181,2001,141,1.66
181,4001,141,1.85
181,6001,141,2.94
181,8001,141,3.56
181,10001,141,3.23
181,12001,141,3.58
181,14001,141,2.82
181,16001,141,2.22
181,18001,141,2.03
181,20001,141,1.77
181,22001,141,1.68
181,24001,141,1.52
181,26001,141,1.54
181,28001,141,1.48
181,30001,141,1.58
181,32001,141,1.56
181,34001,141,1.7
181,36001,141,1.71
181,38001,141,1.94
181,40001,141,2.35
181,42001,141,2.65
181,44001,141,3.09
181,46001,141,2.46
181,48001,141,1.99
181,50001,141,2.06
181,52001,141,2.3
181,54001,141,2.07
181,56001,141,1.84
181,58001,141,1.77
181,60001,141,1.68
181,62001,141,1.49
181,64001,141,1.56
181,65535,141,1.53
181,1,151,1.54
181,2001,151,1.6
181,4001,151,1.69
181,6001,151,2.37
181,8001,151,3.54
181,10001,151,3.29
181,12001,151,3.53
181,14001,151,2.73
181,16001,151,2.2
181,18001,151,1.94
181,20001,151,1.79
181,22001,151,1.65
181,24001,151,1.61
181,26001,151,1.52
181,28001,151,1.52
181,30001,151,1.47
181,32001,151,1.51
181,34001,151,1.62
181,36001,151,1.79
181,38001,151,1.71
181,40001,151,2.23
181,42001,151,2.56
181,44001,151,2.75
181,46001,151,2.27
181,48001,151,1.95
181,50001,151,2.1
181,52001,151,2.33
181,54001,151,2.08
181,56001,151,1.7
181,58001,151,1.65
181,60001,151,1.67
181,62001,151,1.53
181,64001,151,1.48
181,65535,151,1.63
181,1,161,1.47
181,2001,161,1.49
181,4001,161,1.76
181,6001,161,2.34
181,8001,161,3.34
181,10001,161,3.09
181,12001,161,3.35
181,14001,161,2.82
181,16001,161,2.3
181,18001,161,1.94
181,20001,161,1.84
181,22001,161,1.67
181,24001,161,1.59
181,26001,161,1.5
181,28001,161,1.43
181,30001,161,1.46
181,32001,161,1.43
181,34001,161,1.55
181,36001,161,1.69
181,38001,161,1.71
181,40001,161,2.03
181,42001,161,2.36
181,44001,161,2.57
181,46001,161,2.11
181,48001,161,1.75
181,50001,161,1.82
181,52001,161,2.27
181,54001,161,2.0
181,56001,161,1.8
181,58001,161,1.72
181,60001,161,1.54
181,62001,161,1.55
181,64001,161,1.34
181,65535,161,1.59
181,1,171,1.45
181,2001,171,1.4
181,4001,171,1.8
181,6001,171,1.98
181,8001,171,3.59
181,10001,171,3.15
181,12001,171,3.49
181,14001,171,2.63
181,16001,171,2.03
181,18001,171,1.84
181,20001,171,1.64
181,22001,171,1.62
181,24001,171,1.53
181,26001,171,1.43
181,28001,171,1.43
181,30001,171,1.45
181,32001,171,1.52
181,34001,171,1.5
181,36001,171,1.56
181,38001,171,1.77
181,40001,171,1.97
181,42001,171,2.25
181,44001,171,2.47
181,46001,171,1.93
181,48001,171,1.79
181,50001,171,1.57
181,52001,171,2.06
181,54001,171,1.97
181,56001,171,1.71
181,58001,171,1.48
181,60001,171,1.49
181,62001,171,1.37
181,64001,171,1.25
181,65535,171,1.47
181,1,181,1.25
181,2001,181,1.45
181,4001,181,1.54
181,6001,181,1.95
181,8001,181,2.92
181,10001,181,3.02
181,12001,181,3.31
181,14001,181,2.37
181,16001,181,2.15
181,18001,181,1.73
181,20001,181,1.73
181,22001,181,1.51
181,24001,181,1.59
181,26001,181,1.34
181,28001,181,1.48
181,30001,181,1.51
181,32001,181,1.42
181,34001,181,1.44
181,36001,181,1.61
181,38001,181,1.75
181,40001,181,1.89
181,42001,181,2.25
181,44001,181,2.24
181,46001,181,1.86
181,48001,181,1.6
181,50001,181,1.62
181,52001,181,1.99
181,54001,181,1.9
181,56001,181,1.76
181,58001,181,1.57
181,60001,181,1.54
181,62001,181,1.43
181,64001,181,1.34
181,65535,181,1.4
181,1,191,1.46
181,2001,191,1.47
181,4001,191,1.64
181,6001,191,2.04
181,8001,191,3.17
181,10001,191,3.0
181,12001,191,3.24
181,14001,191,2.49
181,16001,191,2.05
181,18001,191,1.73
181,20001,191,1.65
181,22001,191,1.63
181,24001,191,1.42
181,26001,191,1.49
181,28001,191,1.43
181,30001,191,1.42
181,32001,191,1.46
181,34001,191,1.5
181,36001,191,1.43
181,38001,191,1.69
181,40001,191,1.82
181,42001,191,2.11
181,44001,191,2.11
181,46001,191,1.71
181,48001,191,1.5
181,50001,191,1.59
181,52001,191,1.8
181,54001,191,1.92
181,56001,191,1.61
181,58001,191,1.68
181,60001,191,1.55
181,62001,191,1.56
181,64001,191,1.53
181,65535,191,1.3
181,1,201,1.46
181,2001,201,1.41
181,4001,201,1.41
181,6001,201,1.87
181,8001,201,3.06
181,10001,201,3.25
181,12001,201,3.0
181,14001,201,2.55
181,16001,201,2.02
181,18001,201,1.83
181,20001,201,1.69
181,22001,201,1.66
181,24001,201,1.4
181,26001,201,1.28
181,28001,201,1.3
181,30001,201,1.57
181,32001,201,1.42
181,34001,201,1.55
181,36001,201,1.51
181,38001,201,1.59
181,40001,201,1.81
181,42001,201,2.12
181,44001,201,2.17
181,46001,201,1.74
181,48001,201,1.6
181,50001,201,1.58
181,52001,201,1.63
181,54001,201,1.75
181,56001,201,1.47
181,58001,201,1.61
181,60001,201,1.45
181,62001,201,1.53
181,64001,201,1.44
181,65535,201,1.34
181,1,211,1.37
181,2001,211,1.53
181,4001,211,1.32
181,6001,211,1.86
181,8001,211,2.41
181,10001,211,2.91
181,12001,211,2.85
181,14001,211,2.22
181,16001,211,1.88
181,18001,211,1.73
181,20001,211,1.75
181,22001,211,1.6
181,24001,211,1.56
181,26001,211,1.34
181,28001,211,1.43
181,30001,211,1.35
181,32001,211,1.36
181,34001,211,1.41
181,36001,211,1.41
181,38001,211,1.54
181,40001,211,1.67
181,42001,211,1.88
181,44001,211,1.81
181,46001,211,1.73
181,48001,211,1.42
181,50001,211,1.52
181,52001,211,1.77
181,54001,211,1.85
181,56001,211,1.75
181,58001,211,1.56
181,60001,211,1.45
181,62001,211,1.51
181,64001,211,1.42
181,65535,211,1.28
181,1,221,1.41
181,2001,221,1.39
181,4001,221,1.47
181,6001,221,1.74
181,8001,221,1.99
181,10001,221,2.14
181,12001,221,2.43
181,14001,221,2.13
181,16001,221,1.79
181,18001,221,1.67
181,20001,221,1.52
181,22001,221,1.32
181,24001,221,1.37
181,26001,221,1.47
181,28001,221,1.35
181,30001,221,1.34
181,32001,221,1.43
181,34001,221,1.49
181,36001,221,1.41
181,38001,221,1.56
181,40001,221,1.76
181,42001,221,1.9
181,44001,221,1.96
181,46001,221,1.58
181,48001,221,1.32
181,50001,221,1.41
181,52001,221,1.71
181,54001,221,1.77
181,56001,221,1.6
181,58001,221,1.41
181,60001,221,1.43
181,62001,221,1.36
181,64001,221,1.49
181,65535,221,1.38
181,1,231,1.31
181,2001,231,1.16
181,4001,231,1.52
181,6001,231,1.7
181,8001,231,1.77
181,10001,231,1.75
181,12001,231,2.25
181,14001,231,1.95
181,16001,231,1.71
181,18001,231,1.49
181,20001,231,1.48
181,22001,231,1.44
181,24001,231,1.42
181,26001,231,1.33
181,28001,231,1.3
181,30001,231,1.39
181,32001,231,1.38
181,34001,231,1.41
181,36001,231,1.57
181,38001,231,1.56
181,40001,231,1.91
181,42001,231,1.92
181,44001,231,1.8
181,46001,231,1.54
181,48001,231,1.29
181,50001,231,1.43
181,52001,231,1.69
181,54001,231,1.91
181,56001,231,1.64
181,58001,231,1.48
181,60001,231,1.4
181,62001,231,1.34
181,64001,231,1.38
181,65535,231,1.23
181,1,241,1.47
181,2001,241,1.31
181,4001,241,1.55
181,6001,241,1.48
181,8001,241,1.56
181,10001,241,1.73
181,12001,241,1.87
181,14001,241,1.91
181,16001,241,1.77
181,18001,241,1.67
181,20001,241,1.57
181,22001,241,1.51
181,24001,241,1.39
181,26001,241,1.37
181,28001,241,1.44
181,30001,241,1.57
181,32001,241,1.37
181,34001,241,1.36
181,36001,241,1.34
181,38001,241,1.47
181,40001,241,1.61
181,42001,241,1.82
181,44001,241,1.86
181,46001,241,1.73
181,48001,241,1.32
181,50001,241,1.51
181,52001,241,1.52
181,54001,241,1.87
181,56001,241,1.6
181,58001,241,1.44
181,60001,241,1.43
181,62001,241,1.42
181,64001,241,1.25
181,65535,241,1.35
181,1,251,1.3
181,2001,251,1.28
181,4001,251,1.38
181,6001,251,1.58
181,8001,251,1.58
181,10001,251,1.56
181,12001,251,1.77
181,14001,251,1.84
181,16001,251,1.69
181,18001,251,1.67
181,20001,251,1.48
181,22001,251,1.56
181,24001,251,1.37
181,26001,251,1.3
181,28001,251,1.43
181,30001,251,1.36
181,32001,251,1.34
181,34001,251,1.46
181,36001,251,1.45
181,38001,251,1.52
181,40001,251,1.66
181,42001,251,1.71
181,44001,251,1.78
181,46001,251,1.56
181,48001,251,1.51
181,50001,251,1.26
181,52001,251,1.57
181,54001,251,1.83
181,56001,251,1.64
181,58001,251,1.57
181,60001,251,1.4
181,62001,251,1.23
181,64001,251,1.32
181,65535,251,1.28
181,1,254,1.33
181,2001,254,1.28
181,4001,254,1.39
181,6001,254,1.38
181,8001,254,1.42
181,10001,254,1.58
181,12001,254,1.76
181,14001,254,1.83
181,16001,254,1.58
181,18001,254,1.46
181,20001,254,1.55
181,22001,254,1.43
181,24001,254,1.45
181,26001,254,1.34
181,28001,254,1.41
181,30001,254,1.27
181,32001,254,1.29
181,34001,254,1.37
181,36001,254,1.37
181,38001,254,1.47
181,40001,254,1.47
181,42001,254,1.76
181,44001,254,1.75
181,46001,254,1.49
181,48001,254,1.36
181,50001,254,1.23
181,52001,254,1.68
181,54001,254,1.92
181,56001,254,1.56
181,58001,254,1.5
181,60001,254,1.33
181,62001,254,1.31
181,64001,254,1.29
181,65535,254,1.31
191,1,1,5.91
191,2001,1,5.95
191,4001,1,5.86
191,6001,1,5.86
191,8001,1,5.77
191,10001,1,5.89
191,12001,1,5.9
191,14001,1,5.74
191,16001,1,5.99
191,18001,1,5.88
191,20001,1,5.92
191,22001,1,5.96
191,24001,1,5.78
191,26001,1,5.87
191,28001,1,5.95
191,30001,1,5.91
191,32001,1,5.84
191,34001,1,5.89
191,36001,1,5.86
191,38001,1,5.98
191,40001,1,5.9
191,42001,1,5.92
191,44001,1,5.75
191,46001,1,5.94
191,48001,1,5.94
191,50001,1,5.88
191,52001,1,5.9
191,54001,1,5.81
191,56001,1,5.97
191,58001,1,5.83
191,60001,1,5.76
191,62001,1,5.88
191,64001,1,5.86
191,65535,1,5.83
191,1,11,5.21
191,2001,11,5.25
191,4001,11,5.16
191,6001,11,5.52
191,8001,11,5.63
191,10001,11,5.69
191,12001,11,5.64
191,14001,11,5.9
191,16001,11,5.32
191,18001,11,5.16
191,20001,11,4.72
191,22001,11,4.67
191,24001,11,4.35
191,26001,11,4.25
191,28001,11,4.14
191,30001,11,4.25
191,32001,11,4.51
191,34001,11,4.99
191,36001,11,5.63
191,38001,11,5.87
191,40001,11,5.73
191,42001,11,5.78
191,44001,11,5.74
191,46001,11,5.79
191,48001,11,5.89
191,50001,11,6.03
191,52001,11,5.96
191,54001,11,5.85
191,56001,11,5.86
191,58001,11,5.71
191,60001,11,5.87
191,62001,11,5.36
191,64001,11,5.17
191,65535,11,5.24
191,1,21,4.37
191,2001,21,4.63
191,4001,21,4.59
191,6001,21,5.11
191,8001,21,5.09
191,10001,21,5.32
191,12001,21,5.53
191,14001,21,5.5
191,16001,21,4.63
191,18001,21,4.13
191,20001,21,3.66
191,22001,21,3.64
191,24001,21,3.38
191,26001,21,3.25
191,28001,21,3.06
191,30001,21,3.29
191,32001,21,3.71
191,34001,21,4.13
191,36001,21,4.39
191,38001,21,5.35
191,40001,21,5.84
191,42001,21,5.85
191,44001,21,5.68
191,46001,21,5.7
191,48001,21,5.43
191,50001,21,5.43
191,52001,21,5.63
191,54001,21,5.68
191,56001,21,5.88
191,58001,21,5.68
191,60001,21,5.21
191,62001,21,4.8
191,64001,21,4.95
191,65535,21,4.6
191,1,31,4.59
191,2001,31,4.43
191,4001,31,4.45
191,6001,31,4.44
191,8001,31,4.84
191,10001,31,5.03
191,12001,31,5.07
191,14001,31,4.73
191,16001,31,4.04
191,18001,31,3.72
191,20001,31,3.09
191,22001,31,3.14
191,24001,31,2.84
191,26001,31,2.85
191,28001,31,2.64
191,30001,31,2.81
191,32001,31,3.22
191,34001,31,3.56
191,36001,31,3.72
191,38001,31,4.31
191,40001,31,5.44
191,42001,31,5.96
191,44001,31,5.56
191,46001,31,4.98
191,48001,31,4.8
191,50001,31,5.29
191,52001,31,5.17
191,54001,31,5.6
191,56001,31,5.9
191,58001,31,5.91
191,60001,31,5.8
191,62001,31,5.34
191,64001,31,4.83
191,65535,31,4.85
191,1,41,5.19
191,2001,41,4.41
191,4001,41,4.46
191,6001,41,4.16
191,8001,41,4.65
191,10001,41,4.95
191,12001,41,4.72
191,14001,41,4.56
191,16001,41,3.74
191,18001,41,3.5
191,20001,41,3.05
191,22001,41,2.84
191,24001,41,2.71
191,26001,41,2.46
191,28001,41,2.56
191,30001,41,2.38
191,32001,41,2.61
191,34001,41,2.88
191,36001,41,3.31
191,38001,41,4.2
191,40001,41,5.02
191,42001,41,4.93
191,44001,41,4.55
191,46001,41,4.29
191,48001,41,4.29
191,50001,41,4.44
191,52001,41,4.77
191,54001,41,5.15
191,56001,41,5.24
191,58001,41,5.22
191,60001,41,5.56
191,62001,41,5.65
191,64001,41,5.8
191,65535,41,5.38
191,1,51,3.91
191,2001,51,4.07
191,4001,51,4.73
191,6001,51,4.14
191,8001,51,4.27
191,10001,51,4.73
191,12001,51,4.16
191,14001,51,4.14
191,16001,51,3.46
191,18001,51,3.07
191,20001,51,2.77
191,22001,51,2.6
191,24001,51,2.32
191,26001,51,2.27
191,28001,51,2.38
191,30001,51,2.39
191,32001,51,2.39
191,34001,51,2.58
191,36001,51,2.99
191,38001,51,3.5
191,40001,51,4.63
191,42001,51,4.56
191,44001,51,4.47
191,46001,51,3.96
191,48001,51,4.05
191,50001,51,3.71
191,52001,51,3.33
191,54001,51,3.5
191,56001,51,3.44
191,58001,51,3.45
191,60001,51,3.54
191,62001,51,3.51
191,64001,51,3.66
191,65535,51,3.7
191,1,61,3.0
191,2001,61,3.03
191,4001,61,4.34
191,6001,61,4.21
191,8001,61,3.88
191,10001,61,4.31
191,12001,61,4.37
191,14001,61,3.5
191,16001,61,3.23
191,18001,61,2.8
191,20001,61,2.73
191,22001,61,2.27
191,24001,61,2.24
191,26001,61,2.24
191,28001,61,2.2
191,30001,61,2.23
191,32001,61,2.35
191,34001,61,2.47
191,36001,61,2.89
191,38001,61,3.21
191,40001,61,4.05
191,42001,61,4.44
191,44001,61,3.97
191,46001,61,3.88
191,48001,61,3.71
191,50001,61,3.4
191,52001,61,3.11
191,54001,61,2.79
191,56001,61,2.77
191,58001,61,2.68
191,60001,61,2.78
191,62001,61,2.83
191,64001,61,2.9
191,65535,61,2.8
191,1,71,2.62
191,2001,71,2.63
191,4001,71,3.75
191,6001,71,3.9
191,8001,71,4.0
191,10001,71,4.29
191,12001,71,4.54
191,14001,71,3.89
191,16001,71,3.1
191,18001,71,2.8
191,20001,71,2.45
191,22001,71,2.29
191,24001,71,2.12
191,26001,71,2.14
191,28001,71,1.89
191,30001,71,2.11
191,32001,71,2.22
191,34001,71,2.38
191,36001,71,2.7
191,38001,71,3.27
191,40001,71,4.06
191,42001,71,4.07
191,44001,71,3.57
191,46001,71,4.11
191,48001,71,4.18
191,50001,71,3.6
191,52001,71,3.16
191,54001,71,2.64
191,56001,71,2.34
191,58001,71,2.3
191,60001,71,2.46
191,62001,71,2.43
191,64001,71,2.56
191,65535,71,2.65
191,1,81,2.4
191,2001,81,2.29
191,4001,81,3.2
191,6001,81,4.21
191,8001,81,4.04
191,10001,81,4.12
191,12001,81,4.21
191,14001,81,3.61
191,16001,81,3.01
191,18001,81,2.67
191,20001,81,2.34
191,22001,81,2.07
191,24001,81,1.95
191,26001,81,2.01
191,28001,81,1.89
191,30001,81,2.08
191,32001,81,1.95
191,34001,81,2.24
191,36001,81,2.38
191,38001,81,2.88
191,40001,81,3.8
191,42001,81,3.67
191,44001,81,3.57
191,46001,81,4.06
191,48001,81,4.32
191,50001,81,3.66
191,52001,81,2.96
191,54001,81,2.58
191,56001,81,2.4
191,58001,81,2.23
191,60001,81,2.29
191,62001,81,2.25
191,64001,81,2.4
191,65535,81,2.22
191,1,91,1.99
191,2001,91,2.18
191,4001,91,3.02
191,6001,91,4.11
191,8001,91,3.9
191,10001,91,3.98
191,12001,91,4.16
191,14001,91,3.33
191,16001,91,2.92
191,18001,91,2.48
191,20001,91,2.38
191,22001,91,2.24
191,24001,91,2.07
191,26001,91,2.0
191,28001,91,1.88
191,30001,91,1.94
191,32001,91,2.05
191,34001,91,2.2
191,36001,91,2.27
191,38001,91,2.69
191,40001,91,3.73
191,42001,91,3.67
191,44001,91,3.94
191,46001,91,3.94
191,48001,91,4.02
191,50001,91,3.51
191,52001,91,2.61
191,54001,91,2.45
191,56001,91,2.31
191,58001,91,2.08
191,60001,91,1.9
191,62001,91,1.93
191,64001,91,2.07
191,65535,91,2.07
191,1,101,1.99
191,2001,101,1.96
191,4001,101,2.95
191,6001,101,3.54
191,8001,101,3.95
191,10001,101,3.75
191,12001,101,4.22
191,14001,101,3.29
191,16001,101,2.7
191,18001,101,2.34
191,20001,101,2.27
191,22001,101,2.15
191,24001,101,1.94
191,26001,101,1.92
191,28001,101,1.77
191,30001,101,1.81
191,32001,101,1.89
191,34001,101,2.3
191,36001,101,2.24
191,38001,101,2.7
191,40001,101,3.16
191,42001,101,4.14
191,44001,101,3.84
191,46001,101,3.95
191,48001,101,3.34
191,50001,101,3.12
191,52001,101,2.94
191,54001,101,2.43
191,56001,101,2.42
191,58001,101,2.16
191,60001,101,1.91
191,62001,101,1.9
191,64001,101,1.99
191,65535,101,1.91
191,1,111,1.97
191,2001,111,1.95
191,4001,111,2.4
191,6001,111,3.47
191,8001,111,3.73
191,10001,111,3.82
191,12001,111,4.21
191,14001,111,3.37
191,16001,111,2.64
191,18001,111,2.33
191,20001,111,2.0
191,22001,111,1.98
191,24001,111,1.63
191,26001,111,1.73
191,28001,111,1.67
191,30001,111,1.76
191,32001,111,1.8
191,34001,111,1.81
191,36001,111,2.07
191,38001,111,2.45
191,40001,111,3.33
191,42001,111,4.02
191,44001,111,3.93
191,46001,111,3.76
191,48001,111,2.99
191,50001,111,2.94
191,52001,111,2.8
191,54001,111,2.27
191,56001,111,2.09
191,58001,111,1.99
191,60001,111,1.87
191,62001,111,1.81
191,64001,111,1.86
191,65535,111,1.88
191,1,121,1.89
191,2001,121,2.2
191,4001,121,2.38
191,6001,121,2.89
191,8001,121,3.77
191,10001,121,3.71
191,12001,121,4.15
191,14001,121,3.24
191,16001,121,2.48
191,18001,121,2.21
191,20001,121,2.12
191,22001,121,1.93
191,24001,121,1.71
191,26001,121,1.7
191,28001,121,1.61
191,30001,121,1.78
191,32001,121,1.83
191,34001,121,1.92
191,36001,121,2.05
191,38001,121,2.14
191,40001,121,2.59
191,42001,121,3.43
191,44001,121,4.11
191,46001,121,3.37
191,48001,121,2.58
191,50001,121,2.48
191,52001,121,2.69
191,54001,121,2.33
191,56001,121,2.05
191,58001,121,2.07
191,60001,121,1.83
191,62001,121,1.7
191,64001,121,1.8
191,65535,121,1.79
191,1,131,1.7
191,2001,131,1.89
191,4001,131,2.22
191,6001,131,2.84
191,8001,131,3.89
191,10001,131,3.75
191,12001,131,4.07
191,14001,131,2.97
191,16001,131,2.47
191,18001,131,2.11
191,20001,131,1.95
191,22001,131,1.9
191,24001,131,1.89
191,26001,131,1.64
191,28001,131,1.61
191,30001,131,1.6
191,32001,131,1.78
191,34001,131,1.75
191,36001,131,2.02
191,38001,131,2.12
191,40001,131,2.61
191,42001,131,3.03
191,44001,131,3.81
191,46001,131,3.09
191,48001,131,2.5
191,50001,131,2.47
191,52001,131,2.68
191,54001,131,2.21
191,56001,131,2.05
191,58001,131,1.95
191,60001,131,1.72
191,62001,131,1.67
191,64001,131,1.77
191,65535,131,1.75
191,1,141,1.66
191,2001,141,1.73
191,4001,141,1.96
191,6001,141,3.19
191,8001,141,3.81
191,10001,141,3.7
191,12001,141,3.81
191,14001,141,3.03
191,16001,141,2.61
191,18001,141,2.07
191,20001,141,2.06
191,22001,141,1.88
191,24001,141,1.79
191,26001,141,1.72
191,28001,141,1.64
191,30001,141,1.71
191,32001,141,1.66
191,34001,141,1.8
191,36001,141,2.03
191,38001,141,2.16
191,40001,141,2.3
191,42001,141,2.86
191,44001,141,3.39
191,46001,141,2.69
191,48001,141,2.24
191,50001,141,2.42
191,52001,141,2.63
191,54001,141,2.17
191,56001,141,2.05
191,58001,141,1.9
191,60001,141,1.83
191,62001,141,1.69
191,64001,141,1.71
191,65535,141,1.51
191,1,151,1.74
191,2001,151,1.71
191,4001,151,1.86
191,6001,151,2.84
191,8001,151,3.79
191,10001,151,3.46
191,12001,151,3.97
191,14001,151,2.91
191,16001,151,2.33
191,18001,151,2.09
191,20001,151,1.82
191,22001,151,1.73
191,24001,151,1.73
191,26001,151,1.47
191,28001,151,1.53
191,30001,151,1.55
191,32001,151,1.59
191,34001,151,1.76
191,36001,151,2.03
191,38001,151,2.17
191,40001,151,2.23
191,42001,151,2.54
191,44001,151,3.24
191,46001,151,2.55
191,48001,151,2.07
191,50001,151,2.32
191,52001,151,2.43
191,54001,151,2.12
191,56001,151,1.96
191,58001,151,1.8
191,60001,151,1.7
191,62001,151,1.65
191,64001,151,1.53
191,65535,151,1.69
191,1,161,1.55
191,2001,161,1.64
191,4001,161,1.83
191,6001,161,2.83
191,8001,161,3.7
191,10001,161,3.49
191,12001,161,3.76
191,14001,161,2.94
191,16001,161,2.37
191,18001,161,1.91
191,20001,161,1.86
191,22001,161,1.75
191,24001,161,1.56
191,26001,161,1.52
191,28001,161,1.38
191,30001,161,1.61
191,32001,161,1.55
191,34001,161,1.73
191,36001,161,1.82
191,38001,161,1.86
191,40001,161,2.09
191,42001,161,2.48
191,44001,161,2.92
191,46001,161,2.18
191,48001,161,2.14
191,50001,161,1.99
191,52001,161,2.27
191,54001,161,2.19
191,56001,161,2.03
191,58001,161,1.81
191,60001,161,1.63
191,62001,161,1.42
191,64001,161,1.57
191,65535,161,1.5
191,1,171,1.57
191,2001,171,1.54
191,4001,171,1.82
191,6001,171,2.21
191,8001,171,3.92
191,10001,171,3.41
191,12001,171,3.5
191,14001,171,2.45
191,16001,171,2.4
191,18001,171,1.95
191,20001,171,1.89
191,22001,171,1.76
191,24001,171,1.64
191,26001,171,1.54
191,28001,171,1.47
191,30001,171,1.54
191,32001,171,1.6
191,34001,171,1.56
191,36001,171,1.66
191,38001,171,1.83
191,40001,171,2.04
191,42001,171,2.47
191,44001,171,2.47
191,46001,171,2.05
191,48001,171,1.88
191,50001,171,1.95
191,52001,171,2.07
191,54001,171,2.12
191,56001,171,1.89
191,58001,171,1.64
191,60001,171,1.6
191,62001,171,1.55
191,64001,171,1.59
191,65535,171,1.52
191,1,181,1.6
191,2001,181,1.66
191,4001,181,2.05
191,6001,181,2.32
191,8001,181,3.57
191,10001,181,3.21
191,12001,181,3.69
191,14001,181,2.68
191,16001,181,2.22
191,18001,181,1.89
191,20001,181,1.92
191,22001,181,1.65
191,24001,181,1.67
191,26001,181,1.56
191,28001,181,1.56
191,30001,181,1.51
191,32001,181,1.42
191,34001,181,1.4
191,36001,181,1.76
191,38001,181,1.63
191,40001,181,1.74
191,42001,181,2.35
191,44001,181,2.41
191,46001,181,1.97
191,48001,181,1.78
191,50001,181,1.89
191,52001,181,2.16
191,54001,181,2.24
191,56001,181,1.81
191,58001,181,1.72
191,60001,181,1.67
191,62001,181,1.63
191,64001,181,1.6
191,65535,181,1.45
191,1,191,1.58
191,2001,191,1.57
191,4001,191,1.7
191,6001,191,1.94
191,8001,191,3.38
191,10001,191,3.26
191,12001,191,3.28
191,14001,191,2.45
191,16001,191,2.17
191,18001,191,1.88
191,20001,191,1.82
191,22001,191,1.6
191,24001,191,1.48
191,26001,191,1.43
191,28001,191,1.38
191,30001,191,1.42
191,32001,191,1.52
191,34001,191,1.54
191,36001,191,1.71
191,38001,191,1.85
191,40001,191,1.87
191,42001,191,2.12
191,44001,191,2.28
191,46001,191,1.94
191,48001,191,1.66
191,50001,191,1.71
191,52001,191,1.91
191,54001,191,2.09
191,56001,191,1.81
191,58001,191,1.71
191,60001,191,1.57
191,62001,191,1.51
191,64001,191,1.38
191,65535,191,1.41
191,1,201,1.46
191,2001,201,1.44
191,4001,201,1.82
191,6001,201,2.15
191,8001,201,3.4
191,10001,201,3.64
191,12001,201,3.54
191,14001,201,2.56
191,16001,201,2.05
191,18001,201,1.94
191,20001,201,1.76
191,22001,201,1.55
191,24001,201,1.51
191,26001,201,1.46
191,28001,201,1.39
191,30001,201,1.5
191,32001,201,1.4
191,34001,201,1.6
191,36001,201,1.7
191,38001,201,1.62
191,40001,201,1.95
191,42001,201,2.28
191,44001,201,2.29
191,46001,201,1.83
191,48001,201,1.55
191,50001,201,1.68
191,52001,201,1.86
191,54001,201,2.12
191,56001,201,1.82
191,58001,201,1.7
191,60001,201,1.78
191,62001,201,1.4
191,64001,201,1.48
191,65535,201,1.24
191,1,211,1.5
191,2001,211,1.52
191,4001,211,1.7
191,6001,211,2.03
191,8001,211,2.57
191,10001,211,3.15
191,12001,211,2.99
191,14001,211,2.22
191,16001,211,2.13
191,18001,211,2.05
191,20001,211,1.73
191,22001,211,1.56
191,24001,211,1.52
191,26001,211,1.47
191,28001,211,1.38
191,30001,211,1.4
191,32001,211,1.4
191,34001,211,1.55
191,36001,211,1.63
191,38001,211,1.87
191,40001,211,1.92
191,42001,211,2.18
191,44001,211,2.18
191,46001,211,1.82
191,48001,211,1.56
191,50001,211,1.5
191,52001,211,1.83
191,54001,211,1.96
191,56001,211,1.66
191,58001,211,1.67
191,60001,211,1.58
191,62001,211,1.38
191,64001,211,1.51
191,65535,211,1.5
191,1,221,1.34
191,2001,221,1.48
191,4001,221,1.65
191,6001,221,1.83
191,8001,221,1.96
191,10001,221,2.41
191,12001,221,2.7
191,14001,221,2.31
191,16001,221,1.93
191,18001,221,1.73
191,20001,221,1.64
191,22001,221,1.56
191,24001,221,1.62
191,26001,221,1.38
191,28001,221,1.43
191,30001,221,1.42
191,32001,221,1.56
191,34001,221,1.43
191,36001,221,1.44
191,38001,221,1.67
191,40001,221,1.91
191,42001,221,2.0
191,44001,221,2.11
191,46001,221,1.79
191,48001,221,1.65
191,50001,221,1.61
191,52001,221,1.78
191,54001,221,1.96
191,56001,221,1.83
191,58001,221,1.56
191,60001,221,1.6
191,62001,221,1.54
191,64001,221,1.44
191,65535,221,1.39
191,1,231,1.29
191,2001,231,1.37
191,4001,231,1.59
191,6001,231,1.64
191,8001,231,1.69
191,10001,231,1.97
191,12001,231,2.35
191,14001,231,2.02
191,16001,231,1.87
191,18001,231,1.84
191,20001,231,1.63
191,22001,231,1.51
191,24001,231,1.45
191,26001,231,1.35
191,28001,231,1.42
191,30001,231,1.4
191,32001,231,1.49
191,34001,231,1.47
191,36001,231,1.66
191,38001,231,1.6
191,40001,231,1.62
191,42001,231,2.02
191,44001,231,1.82
191,46001,231,1.72
191,48001,231,1.45
191,50001,231,1.63
191,52001,231,1.63
191,54001,231,1.98
191,56001,231,1.68
191,58001,231,1.73
191,60001,231,1.55
191,62001,231,1.42
191,64001,231,1.44
191,65535,231,1.44
191,1,241,1.32
191,2001,241,1.52
191,4001,241,1.51
191,6001,241,1.56
191,8001,241,1.6
191,10001,241,1.7
191,12001,241,1.97
191,14001,241,1.9
191,16001,241,1.7
191,18001,241,1.87
191,20001,241,1.71
191,22001,241,1.47
191,24001,241,1.5
191,26001,241,1.52
191,28001,241,1.38
191,30001,241,1.4
191,32001,241,1.49
191,34001,241,1.48
191,36001,241,1.68
191,38001,241,1.67
191,40001,241,1.74
191,42001,241,1.94
191,44001,241,1.91
191,46001,241,1.81
191,48001,241,1.34
191,50001,241,1.44
191,52001,241,1.44
191,54001,241,1.81
191,56001,241,1.61
191,58001,241,1.64
191,60001,241,1.55
191,62001,241,1.55
191,64001,241,1.41
191,65535,241,1.41
191,1,251,1.48
191,2001,251,1.43
191,4001,251,1.37
191,6001,251,1.56
191,8001,251,1.58
191,10001,251,1.62
191,12001,251,1.97
191,14001,251,1.97
191,16001,251,1.84
191,18001,251,1.6
191,20001,251,1.65
191,22001,251,1.66
191,24001,251,1.47
191,26001,251,1.46
191,28001,251,1.26
191,30001,251,1.45
191,32001,251,1.43
191,34001,251,1.45
191,36001,251,1.61
191,38001,251,1.61
191,40001,251,1.6
191,42001,251,1.77
191,44001,251,1.79
191,46001,251,1.6
191,48001,251,1.47
191,50001,251,1.36
191,52001,251,1.66
191,54001,251,1.9
191,56001,251,1.6
191,58001,251,1.65
191,60001,251,1.57
191,62001,251,1.5
191,64001,251,1.39
191,65535,251,0.66
191,1,254,1.41
191,2001,254,1.34
191,4001,254,1.59
191,6001,254,1.39
191,8001,254,1.82
191,10001,254,1.78
191,12001,254,1.8
191,14001,254,2.09
191,16001,254,1.76
191,18001,254,1.68
191,20001,254,1.6
191,22001,254,1.48
191,24001,254,1.62
191,26001,254,1.36
191,28001,254,1.31
191,30001,254,1.43
191,32001,254,1.47
191,34001,254,1.47
191,36001,254,1.58
191,38001,254,1.59
191,40001,254,1.85
191,42001,254,1.92
191,44001,254,1.99
191,46001,254,1.59
191,48001,254,1.48
191,50001,254,1.37
191,52001,254,1.6
191,54001,254,1.77
191,56001,254,1.83
191,58001,254,1.65
191,60001,254,1.6
191,62001,254,1.54
191,64001,254,1.39
191,65535,254,1.31
201,1,1,6.39
201,2001,1,6.42
201,4001,1,6.48
201,6001,1,6.41
201,8001,1,6.38
201,10001,1,6.49
201,12001,1,6.4
201,14001,1,6.6
201,16001,1,6.47
201,18001,1,6.41
201,20001,1,6.41
201,22001,1,6.55
201,24001,1,6.58
201,26001,1,6.53
201,28001,1,6.39
201,30001,1,6.62
201,32001,1,6.44
201,34001,1,6.42
201,36001,1,6.52
201,38001,1,6.45
201,40001,1,6.47
201,42001,1,6.44
201,44001,1,6.56
201,46001,1,6.49
201,48001,1,6.49
201,50001,1,6.44
201,52001,1,6.53
201,54001,1,6.39
201,56001,1,6.73
201,58001,1,6.46
201,60001,1,6.58
201,62001,1,6.56
201,64001,1,6.45
201,65535,1,6.39
201,1,11,5.69
201,2001,11,5.82
201,4001,11,5.93
201,6001,11,5.99
201,8001,11,6.09
201,10001,11,6.14
201,12001,11,6.32
201,14001,11,6.39
201,16001,11,6.0
201,18001,11,5.62
201,20001,11,5.55
201,22001,11,4.97
201,24001,11,4.54
201,26001,11,4.64
201,28001,11,4.57
201,30001,11,4.87
201,32001,11,5.37
201,34001,11,5.55
201,36001,11,5.98
201,38001,11,6.38
201,40001,11,6.39
201,42001,11,6.56
201,44001,11,6.52
201,46001,11,6.44
201,48001,11,6.54
201,50001,11,6.72
201,52001,11,6.42
201,54001,11,6.57
201,56001,11,6.6
201,58001,11,6.58
201,60001,11,6.26
201,62001,11,6.01
201,64001,11,5.78
201,65535,11,5.69
201,1,21,4.97
201,2001,21,5.2
201,4001,21,5.39
201,6001,21,5.57
201,8001,21,5.55
201,10001,21,5.98
201,12001,21,6.22
201,14001,21,6.03
201,16001,21,5.19
201,18001,21,4.4
201,20001,21,4.02
201,22001,21,3.61
201,24001,21,3.49
201,26001,21,3.5
201,28001,21,3.38
201,30001,21,3.7
201,32001,21,3.95
201,34001,21,4.25
201,36001,21,5.0
201,38001,21,5.75
201,40001,21,6.53
201,42001,21,6.48
201,44001,21,6.56
201,46001,21,6.21
201,48001,21,5.96
201,50001,21,6.02
201,52001,21,6.14
201,54001,21,6.3
201,56001,21,6.38
201,58001,21,5.88
201,60001,21,5.6
201,62001,21,5.57
201,64001,21,5.29
201,65535,21,4.99
201,1,31,5.22
201,2001,31,4.58
201,4001,31,4.71
201,6001,31,5.18
201,8001,31,5.16
201,10001,31,5.47
201,12001,31,5.72
201,14001,31,5.02
201,16001,31,4.29
201,18001,31,4.14
201,20001,31,3.6
201,22001,31,3.19
201,24001,31,3.11
201,26001,31,2.99
201,28001,31,2.83
201,30001,31,2.95
201,32001,31,3.57
201,34001,31,4.1
201,36001,31,4.53
201,38001,31,5.86
201,40001,31,5.92
201,42001,31,6.37
201,44001,31,6.25
201,46001,31,5.34
201,48001,31,5.32
201,50001,31,5.52
201,52001,31,5.96
201,54001,31,6.23
201,56001,31,6.44
201,58001,31,6.34
201,60001,31,6.52
201,62001,31,6.34
201,64001,31,5.82
201,65535,31,5.23
201,1,41,5.51
201,2001,41,5.64
201,4001,41,5.05
201,6001,41,4.69
201,8001,41,5.28
201,10001,41,5.53
201,12001,41,5.48
201,14001,41,4.82
201,16001,41,3.83
201,18001,41,3.61
201,20001,41,3.27
201,22001,41,3.11
201,24001,41,2.84
201,26001,41,2.68
201,28001,41,2.47
201,30001,41,2.81
201,32001,41,3.03
201,34001,41,3.64
201,36001,41,3.58
201,38001,41,4.49
201,40001,41,5.88
201,42001,41,5.45
201,44001,41,5.04
201,46001,41,4.9
201,48001,41,4.72
201,50001,41,4.71
201,52001,41,5.35
201,54001,41,5.44
201,56001,41,5.67
201,58001,41,6.16
201,60001,41,6.07
201,62001,41,6.4
201,64001,41,6.2
201,65535,41,5.98
201,1,51,3.91
201,2001,51,4.75
201,4001,51,4.82
201,6001,51,4.65
201,8001,51,4.74
201,10001,51,5.09
201,12001,51,5.3
201,14001,51,4.63
201,16001,51,3.82
201,18001,51,3.25
201,20001,51,2.86
201,22001,51,2.83
201,24001,51,2.66
201,26001,51,2.39
201,28001,51,2.37
201,30001,51,2.43
201,32001,51,2.69
201,34001,51,3.01
201,36001,51,3.2
201,38001,51,4.03
201,40001,51,5.38
201,42001,51,5.37
201,44001,51,4.37
201,46001,51,4.27
201,48001,51,4.21
201,50001,51,3.79
201,52001,51,3.49
201,54001,51,3.59
201,56001,51,3.75
201,58001,51,3.58
201,60001,51,4.05
201,62001,51,3.97
201,64001,51,3.88
201,65535,51,4.24
201,1,61,3.26
201,2001,61,3.36
201,4001,61,4.77
201,6001,61,4.54
201,8001,61,4.74
201,10001,61,4.83
201,12001,61,4.85
201,14001,61,4.47
201,16001,61,3.53
201,18001,61,3.13
201,20001,61,2.76
201,22001,61,2.58
201,24001,61,2.34
201,26001,61,2.23
201,28001,61,2.2
201,30001,61,2.25
201,32001,61,2.5
201,34001,61,2.68
201,36001,61,2.82
201,38001,61,3.39
201,40001,61,4.63
201,42001,61,4.54
201,44001,61,4.41
201,46001,61,4.3
201,48001,61,4.2
201,50001,61,3.83
201,52001,61,3.33
201,54001,61,3.18
201,56001,61,2.86
201,58001,61,2.99
201,60001,61,3.03
201,62001,61,3.06
201,64001,61,3.06
201,65535,61,3.1
201,1,71,2.9
201,2001,71,3.11
201,4001,71,4.46
201,6001,71,4.66
201,8001,71,4.44
201,10001,71,4.79
201,12001,71,4.97
201,14001,71,4.14
201,16001,71,3.26
201,18001,71,2.72
201,20001,71,2.52
201,22001,71,2.59
201,24001,71,2.42
201,26001,71,2.23
201,28001,71,2.06
201,30001,71,2.11
201,32001,71,2.24
201,34001,71,2.71
201,36001,71,2.72
201,38001,71,3.37
201,40001,71,4.14
201,42001,71,4.64
201,44001,71,4.08
201,46001,71,4.16
201,48001,71,4.15
201,50001,71,3.96
201,52001,71,3.26
201,54001,71,2.79
201,56001,71,2.73
201,58001,71,2.6
201,60001,71,2.62
201,62001,71,2.71
201,64001,71,2.84
201,65535,71,2.7
201,1,81,2.54
201,2001,81,2.54
201,4001,81,3.73
201,6001,81,4.33
201,8001,81,4.29
201,10001,81,4.63
201,12001,81,4.38
201,14001,81,3.91
201,16001,81,3.24
201,18001,81,2.63
201,20001,81,2.53
201,22001,81,2.14
201,24001,81,2.21
201,26001,81,2.11
201,28001,81,1.96
201,30001,81,2.02
201,32001,81,2.28
201,34001,81,2.52
201,36001,81,2.87
201,38001,81,3.75
201,40001,81,4.08
201,42001,81,3.92
201,44001,81,3.78
201,46001,81,4.7
201,48001,81,4.84
201,50001,81,3.68
201,52001,81,2.93
201,54001,81,2.79
201,56001,81,2.48
201,58001,81,2.34
201,60001,81,2.48
201,62001,81,2.46
201,64001,81,2.54
201,65535,81,2.37
201,1,91,2.21
201,2001,91,2.63
201,4001,91,4.07
201,6001,91,4.44
201,8001,91,4.17
201,10001,91,4.2
201,12001,91,4.94
201,14001,91,3.71
201,16001,91,3.02
201,18001,91,2.54
201,20001,91,2.48
201,22001,91,2.2
201,24001,91,2.11
201,26001,91,1.89
201,28001,91,1.87
201,30001,91,2.11
201,32001,91,2.17
201,34001,91,2.19
201,36001,91,2.64
201,38001,91,3.18
201,40001,91,3.76
201,42001,91,4.06
201,44001,91,3.95
201,46001,91,4.52
201,48001,91,4.03
201,50001,91,3.8
201,52001,91,3.15
201,54001,91,2.7
201,56001,91,2.44
201,58001,91,2.27
201,60001,91,2.07
201,62001,91,2.26
201,64001,91,2.23
201,65535,91,2.16
201,1,101,2.28
201,2001,101,2.26
201,4001,101,3.34
201,6001,101,4.27
201,8001,101,4.04
201,10001,101,4.27
201,12001,101,4.14
201,14001,101,3.66
201,16001,101,2.91
201,18001,101,2.56
201,20001,101,2.18
201,22001,101,2.28
201,24001,101,1.96
201,26001,101,2.03
201,28001,101,1.82
201,30001,101,1.93
201,32001,101,2.15
201,34001,101,2.33
201,36001,101,2.39
201,38001,101,2.91
201,40001,101,3.57
201,42001,101,4.29
201,44001,101,4.34
201,46001,101,3.86
201,48001,101,3.63
201,50001,101,3.63
201,52001,101,3.08
201,54001,101,2.64
201,56001,101,2.3
201,58001,101,2.15
201,60001,101,2.01
201,62001,101,2.02
201,64001,101,2.08
201,65535,101,2.2
201,1,111,1.98
201,2001,111,1.99
201,4001,111,2.59
201,6001,111,3.51
201,8001,111,4.05
201,10001,111,4.48
201,12001,111,4.56
201,14001,111,3.39
201,16001,111,2.75
201,18001,111,2.49
201,20001,111,2.28
201,22001,111,2.03
201,24001,111,1.94
201,26001,111,2.04
201,28001,111,1.82
201,30001,111,1.88
201,32001,111,1.97
201,34001,111,2.21
201,36001,111,2.46
201,38001,111,2.82
201,40001,111,3.98
201,42001,111,4.39
201,44001,111,4.55
201,46001,111,4.44
201,48001,111,3.31
201,50001,111,3.16
201,52001,111,2.9
201,54001,111,2.36
201,56001,111,2.34
201,58001,111,2.28
201,60001,111,2.06
201,62001,111,1.9
201,64001,111,1.94
201,65535,111,2.05
201,1,121,1.86
201,2001,121,2.01
201,4001,121,2.21
201,6001,121,3.29
201,8001,121,4.21
201,10001,121,4.31
201,12001,121,3.66
201,14001,121,3.53
201,16001,121,2.79
201,18001,121,2.61
201,20001,121,2.26
201,22001,121,2.1
201,24001,121,2.04
201,26001,121,1.95
201,28001,121,1.77
201,30001,121,1.84
201,32001,121,2.01
201,34001,121,2.02
201,36001,121,2.39
201,38001,121,2.69
201,40001,121,2.96
201,42001,121,3.15
201,44001,121,4.69
201,46001,121,3.49
201,48001,121,2.93
201,50001,121,2.7
201,52001,121,2.74
201,54001,121,2.38
201,56001,121,2.3
201,58001,121,2.03
201,60001,121,1.91
201,62001,121,1.88
201,64001,121,1.95
201,65535,121,1.95
201,1,131,1.82
201,2001,131,1.9
201,4001,131,2.5
201,6001,131,2.99
201,8001,131,4.22
201,10001,131,4.08
201,12001,131,3.8
201,14001,131,3.39
201,16001,131,2.56
201,18001,131,2.23
201,20001,131,2.11
201,22001,131,1.8
201,24001,131,1.93
201,26001,131,1.73
201,28001,131,1.7
201,30001,131,1.85
201,32001,131,1.92
201,34001,131,1.97
201,36001,131,2.18
201,38001,131,2.36
201,40001,131,2.93
201,42001,131,3.98
201,44001,131,4.16
201,46001,131,3.41
201,48001,131,2.61
201,50001,131,2.53
201,52001,131,3.03
201,54001,131,2.38
201,56001,131,2.08
201,58001,131,1.86
201,60001,131,1.79
201,62001,131,1.82
201,64001,131,1.72
201,65535,131,1.72
201,1,141,1.89
201,2001,141,1.87
201,4001,141,2.22
201,6001,141,2.68
201,8001,141,4.08
201,10001,141,4.01
201,12001,141,4.34
201,14001,141,3.28
201,16001,141,2.64
201,18001,141,2.26
201,20001,141,2.08
201,22001,141,1.96
201,24001,141,1.83
201,26001,141,1.67
201,28001,141,1.75
201,30001,141,1.73
201,32001,141,1.94
201,34001,141,1.9
201,36001,141,2.25
201,38001,141,2.18
201,40001,141,2.87
201,42001,141,3.28
201,44001,141,3.51
201,46001,141,3.04
201,48001,141,2.43
201,50001,141,2.39
201,52001,141,2.76
201,54001,141,2.4
201,56001,141,2.19
201,58001,141,1.95
201,60001,141,1.76
201,62001,141,1.69
201,64001,141,1.75
201,65535,141,1.72
201,1,151,1.9
201,2001,151,1.84
201,4001,151,2.17
201,6001,151,3.08
201,8001,151,4.23
201,10001,151,3.62
201,12001,151,4.23
201,14001,151,3.07
201,16001,151,2.21
201,18001,151,2.22
201,20001,151,1.85
201,22001,151,1.89
201,24001,151,1.79
201,26001,151,1.88
201,28001,151,1.64
201,30001,151,1.82
201,32001,151,1.92
201,34001,151,1.69
201,36001,151,1.91
201,38001,151,2.14
201,40001,151,2.36
201,42001,151,3.01
201,44001,151,3.16
201,46001,151,2.73
201,48001,151,2.27
201,50001,151,2.31
201,52001,151,2.54
201,54001,151,2.18
201,56001,151,2.09
201,58001,151,1.95
201,60001,151,1.83
201,62001,151,1.74
201,64001,151,1.65
201,65535,151,1.53
201,1,161,1.79
201,2001,161,1.72
201,4001,161,2.05
201,6001,161,2.75
201,8001,161,4.0
201,10001,161,4.06
201,12001,161,4.18
201,14001,161,3.03
201,16001,161,2.48
201,18001,161,2.22
201,20001,161,1.96
201,22001,161,1.74
201,24001,161,1.78
201,26001,161,1.74
201,28001,161,1.65
201,30001,161,1.65
201,32001,161,1.61
201,34001,161,1.74
201,36001,161,1.99
201,38001,161,2.11
201,40001,161,2.49
201,42001,161,2.71
201,44001,161,3.02
201,46001,161,2.38
201,48001,161,2.03
201,50001,161,1.99
201,52001,161,2.31
201,54001,161,2.35
201,56001,161,1.98
201,58001,161,1.79
201,60001,161,1.8
201,62001,161,1.74
201,64001,161,1.7
201,65535,161,1.64
201,1,171,1.58
201,2001,171,1.8
201,4001,171,1.91
201,6001,171,2.95
201,8001,171,4.18
201,10001,171,3.61
201,12001,171,3.98
201,14001,171,2.86
201,16001,171,2.26
201,18001,171,2.16
201,20001,171,1.89
201,22001,171,1.87
201,24001,171,1.72
201,26001,171,1.76
201,28001,171,1.7
201,30001,171,1.82
201,32001,171,1.79
201,34001,171,1.85
201,36001,171,1.82
201,38001,171,1.97
201,40001,171,2.28
201,42001,171,2.6
201,44001,171,2.57
201,46001,171,2.18
201,48001,171,2.0
201,50001,171,2.07
201,52001,171,2.36
201,54001,171,2.29
201,56001,171,2.11
201,58001,171,1.76
201,60001,171,1.66
201,62001,171,1.67
201,64001,171,1.67
201,65535,171,1.65
201,1,181,1.59
201,2001,181,1.68
201,4001,181,1.89
201,6001,181,2.42
201,8001,181,4.01
201,10001,181,3.93
201,12001,181,3.22
201,14001,181,3.02
201,16001,181,2.2
201,18001,181,2.11
201,20001,181,1.83
201,22001,181,1.78
201,24001,181,1.63
201,26001,181,1.64
201,28001,181,1.61
201,30001,181,1.69
201,32001,181,1.7
201,34001,181,1.71
201,36001,181,1.82
201,38001,181,2.13
201,40001,181,2.1
201,42001,181,2.51
201,44001,181,2.7
201,46001,181,2.14
201,48001,181,1.91
201,50001,181,2.08
201,52001,181,2.19
201,54001,181,2.04
201,56001,181,2.01
201,58001,181,1.83
201,60001,181,1.69
201,62001,181,1.5
201,64001,181,1.6
201,65535,181,1.53
201,1,191,1.64
201,2001,191,1.51
201,4001,191,1.69
201,6001,191,2.31
201,8001,191,3.69
201,10001,191,3.71
201,12001,191,3.14
201,14001,191,2.51
201,16001,191,2.24
201,18001,191,2.05
201,20001,191,1.87
201,22001,191,1.7
201,24001,191,1.69
201,26001,191,1.56
201,28001,191,1.66
201,30001,191,1.6
201,32001,191,1.65
201,34001,191,1.81
201,36001,191,1.76
201,38001,191,1.79
201,40001,191,1.93
201,42001,191,2.38
201,44001,191,2.52
201,46001,191,2.04
201,48001,191,1.69
201,50001,191,1.72
201,52001,191,2.15
201,54001,191,2.22
201,56001,191,2.02
201,58001,191,1.9
201,60001,191,1.59
201,62001,191,1.81
201,64001,191,1.65
201,65535,191,1.64
201,1,201,1.49
201,2001,201,1.79
201,4001,201,1.99
201,6001,201,3.03
201,8001,201,3.7
201,10001,201,3.8
201,12001,201,4.07
201,14001,201,2.77
201,16001,201,2.29
201,18001,201,1.95
201,20001,201,1.89
201,22001,201,1.73
201,24001,201,1.7
201,26001,201,1.56
201,28001,201,1.58
201,30001,201,1.56
201,32001,201,1.59
201,34001,201,1.58
201,36001,201,1.76
201,38001,201,1.74
201,40001,201,1.98
201,42001,201,2.35
201,44001,201,2.25
201,46001,201,1.93
201,48001,201,1.57
201,50001,201,1.8
201,52001,201,1.98
201,54001,201,2.29
201,56001,201,1.84
201,58001,201,1.75
201,60001,201,1.79
201,62001,201,1.62
201,64001,201,1.56
201,65535,201,1.62
201,1,211,1.52
201,2001,211,1.61
201,4001,211,1.8
201,6001,211,2.09
201,8001,211,2.66
201,10001,211,3.53
201,12001,211,3.13
201,14001,211,2.54
201,16001,211,2.26
201,18001,211,2.07
201,20001,211,1.76
201,22001,211,1.72
201,24001,211,1.66
201,26001,211,1.53
201,28001,211,1.54
201,30001,211,1.61
201,32001,211,1.52
201,34001,211,1.58
201,36001,211,1.69
201,38001,211,1.8
201,40001,211,1.96
201,42001,211,2.29
201,44001,211,2.28
201,46001,211,1.89
201,48001,211,1.55
201,50001,211,1.73
201,52001,211,2.02
201,54001,211,2.13
201,56001,211,1.92
201,58001,211,1.69
201,60001,211,1.68
201,62001,211,1.6
201,64001,211,1.54
201,65535,211,1.52
201,1,221,1.51
201,2001,221,1.6
201,4001,221,1.68
201,6001,221,2.0
201,8001,221,2.29
201,10001,221,2.55
201,12001,221,2.44
201,14001,221,2.29
201,16001,221,2.21
201,18001,221,2.01
201,20001,221,1.74
201,22001,221,1.65
201,24001,221,1.53
201,26001,221,1.57
201,28001,221,1.41
201,30001,221,1.61
201,32001,221,1.61
201,34001,221,1.59
201,36001,221,1.69
201,38001,221,1.84
201,40001,221,1.95
201,42001,221,2.23
201,44001,221,2.16
201,46001,221,1.71
201,48001,221,1.57
201,50001,221,1.77
201,52001,221,1.96
201,54001,221,1.98
201,56001,221,1.94
201,58001,221,1.83
201,60001,221,1.79
201,62001,221,1.46
201,64001,221,1.65
201,65535,221,1.51
201,1,231,1.38
201,2001,231,1.56
201,4001,231,1.69
201,6001,231,1.76
201,8001,231,1.97
201,10001,231,2.16
201,12001,231,2.13
201,14001,231,2.2
201,16001,231,2.1
201,18001,231,1.94
201,20001,231,1.83
201,22001,231,1.54
201,24001,231,1.58
201,26001,231,1.57
201,28001,231,1.41
201,30001,231,1.58
201,32001,231,1.52
201,34001,231,1.69
201,36001,231,1.71
201,38001,231,1.66
201,40001,231,1.79
201,42001,231,2.26
201,44001,231,2.06
201,46001,231,1.82
201,48001,231,1.43
201,50001,231,1.68
201,52001,231,1.79
201,54001,231,2.02
201,56001,231,1.78
201,58001,231,1.78
201,60001,231,1.76
201,62001,231,1.49
201,64001,231,1.46
201,65535,231,1.46
201,1,241,1.33
201,2001,241,1.38
201,4001,241,1.48
201,6001,241,1.77
201,8001,241,1.88
201,10001,241,2.11
201,12001,241,2.18
201,14001,241,2.43
201,16001,241,2.0
201,18001,241,1.87
201,20001,241,1.88
201,22001,241,1.69
201,24001,241,1.6
201,26001,241,1.45
201,28001,241,1.41
201,30001,241,1.56
201,32001,241,1.59
201,34001,241,1.53
201,36001,241,1.64
201,38001,241,1.65
201,40001,241,1.82
201,42001,241,2.12
201,44001,241,2.12
201,46001,241,1.76
201,48001,241,1.35
201,50001,241,1.36
201,52001,241,1.73
201,54001,241,2.0
201,56001,241,2.02
201,58001,241,1.65
201,60001,241,1.67
201,62001,241,1.54
201,64001,241,1.61
201,65535,241,1.45
201,1,251,1.49
201,2001,251,1.53
201,4001,251,1.47
201,6001,251,1.52
201,8001,251,1.71
201,10001,251,1.96
201,12001,251,2.09
201,14001,251,2.1
201,16001,251,2.08
201,18001,251,1.93
201,20001,251,1.69
201,22001,251,1.81
201,24001,251,1.53
201,26001,251,1.31
201,28001,251,1.47
201,30001,251,1.53
201,32001,251,1.58
201,34001,251,1.57
201,36001,251,1.58
201,38001,251,1.68
201,40001,251,1.8
201,42001,251,2.02
201,44001,251,2.08
201,46001,251,1.75
201,48001,251,1.38
201,50001,251,1.58
201,52001,251,1.79
201,54001,251,1.9
201,56001,251,1.89
201,58001,251,1.68
201,60001,251,1.44
201,62001,251,1.56
201,64001,251,1.56
201,65535,251,1.44
201,1,254,1.4
201,2001,254,1.48
201,4001,254,1.48
201,6001,254,1.59
201,8001,254,1.76
201,10001,254,2.05
201,12001,254,2.08
201,14001,254,2.18
201,16001,254,2.05
201,18001,254,1.71
201,20001,254,1.68
201,22001,254,1.67
201,24001,254,1.5
201,26001,254,1.56
201,28001,254,1.42
201,30001,254,1.71
201,32001,254,1.42
201,34001,254,1.57
201,36001,254,1.53
201,38001,254,1.63
201,40001,254,1.81
201,42001,254,2.02
201,44001,254,1.73
201,46001,254,1.64
201,48001,254,1.38
201,50001,254,1.55
201,52001,254,1.92
201,54001,254,1.92
201,56001,254,1.81
201,58001,254,1.61
201,60001,254,1.55
201,62001,254,1.49
201,64001,254,1.44
201,65535,254,1.36
211,1,1,7.03
211,2001,1,7.05
211,4001,1,7.11
211,6001,1,7.11
211,8001,1,7.13
211,10001,1,7.09
211,12001,1,7.14
211,14001,1,7.1
211,16001,1,7.1
211,18001,1,7.25
211,20001,1,7.28
211,22001,1,7.31
211,24001,1,7.33
211,26001,1,7.04
211,28001,1,7.15
211,30001,1,7.19
211,32001,1,7.04
211,34001,1,7.05
211,36001,1,7.09
211,38001,1,7.11
211,40001,1,7.18
211,42001,1,7.12
211,44001,1,7.27
211,46001,1,7.18
211,48001,1,7.26
211,50001,1,7.07
211,52001,1,7.05
211,54001,1,7.11
211,56001,1,7.04
211,58001,1,7.12
211,60001,1,7.15
211,62001,1,7.15
211,64001,1,7.23
211,65535,1,7.14
211,1,11,6.23
211,2001,11,6.39
211,4001,11,6.56
211,6001,11,6.68
211,8001,11,6.68
211,10001,11,6.68
211,12001,11,7.13
211,14001,11,6.84
211,16001,11,6.79
211,18001,11,6.45
211,20001,11,5.77
211,22001,11,5.45
211,24001,11,5.4
211,26001,11,5.05
211,28001,11,5.07
211,30001,11,5.21
211,32001,11,5.78
211,34001,11,6.07
211,36001,11,6.88
211,38001,11,7.0
211,40001,11,7.27
211,42001,11,7.26
211,44001,11,7.22
211,46001,11,7.34
211,48001,11,7.42
211,50001,11,7.25
211,52001,11,7.32
211,54001,11,7.16
211,56001,11,7.16
211,58001,11,6.87
211,60001,11,6.72
211,62001,11,6.67
211,64001,11,6.69
211,65535,11,6.43
211,1,21,5.56
211,2001,21,5.67
211,4001,21,5.87
211,6001,21,5.96
211,8001,21,6.1
211,10001,21,6.74
211,12001,21,6.71
211,14001,21,6.73
211,16001,21,5.64
211,18001,21,4.95
211,20001,21,4.72
211,22001,21,4.22
211,24001,21,3.95
211,26001,21,3.69
211,28001,21,3.79
211,30001,21,4.02
211,32001,21,4.68
211,34001,21,5.14
211,36001,21,5.37
211,38001,21,6.39
211,40001,21,6.97
211,42001,21,7.23
211,44001,21,7.33
211,46001,21,7.08
211,48001,21,6.53
211,50001,21,6.71
211,52001,21,7.1
211,54001,21,7.06
211,56001,21,6.96
211,58001,21,6.68
211,60001,21,6.39
211,62001,21,5.96
211,64001,21,5.65
211,65535,21,5.44
211,1,31,5.63
211,2001,31,5.61
211,4001,31,5.26
211,6001,31,5.67
211,8001,31,6.0
211,10001,31,6.24
211,12001,31,6.25
211,14001,31,5.62
211,16001,31,5.12
211,18001,31,4.52
211,20001,31,4.03
211,22001,31,3.48
211,24001,31,3.25
211,26001,31,3.19
211,28001,31,3.29
211,30001,31,3.45
211,32001,31,3.67
211,34001,31,3.93
211,36001,31,4.41
211,38001,31,5.58
211,40001,31,6.72
211,42001,31,6.78
211,44001,31,6.69
211,46001,31,5.73
211,48001,31,5.67
211,50001,31,5.72
211,52001,31,6.19
211,54001,31,6.91
211,56001,31,7.03
211,58001,31,7.12
211,60001,31,7.07
211,62001,31,6.61
211,64001,31,5.99
211,65535,31,5.98
211,1,41,6.24
211,2001,41,5.97
211,4001,41,4.97
211,6001,41,5.06
211,8001,41,5.47
211,10001,41,5.72
211,12001,41,5.66
211,14001,41,4.64
211,16001,41,4.48
211,18001,41,4.12
211,20001,41,3.52
211,22001,41,3.3
211,24001,41,3.0
211,26001,41,2.67
211,28001,41,2.77
211,30001,41,3.12
211,32001,41,3.29
211,34001,41,3.66
211,36001,41,3.87
211,38001,41,4.59
211,40001,41,6.07
211,42001,41,6.54
211,44001,41,5.36
211,46001,41,5.22
211,48001,41,5.07
211,50001,41,5.2
211,52001,41,5.49
211,54001,41,6.09
211,56001,41,6.35
211,58001,41,6.65
211,60001,41,6.75
211,62001,41,6.7
211,64001,41,6.77
211,65535,41,6.38
211,1,51,4.49
211,2001,51,5.57
211,4001,51,5.5
211,6001,51,5.07
211,8001,51,5.05
211,10001,51,5.53
211,12001,51,5.6
211,14001,51,4.19
211,16001,51,3.96
211,18001,51,3.24
211,20001,51,3.0
211,22001,51,2.87
211,24001,51,2.6
211,26001,51,2.64
211,28001,51,2.5
211,30001,51,2.61
211,32001,51,3.07
211,34001,51,3.19
211,36001,51,3.64
211,38001,51,4.28
211,40001,51,5.56
211,42001,51,5.23
211,44001,51,5.15
211,46001,51,4.74
211,48001,51,4.52
211,50001,51,4.4
211,52001,51,3.79
211,54001,51,4.0
211,56001,51,3.94
211,58001,51,4.27
211,60001,51,4.24
211,62001,51,4.37
211,64001,51,4.36
211,65535,51,4.43
211,1,61,3.49
211,2001,61,3.69
211,4001,61,5.16
211,6001,61,4.73
211,8001,61,4.99
211,10001,61,5.41
211,12001,61,5.64
211,14001,61,4.72
211,16001,61,3.86
211,18001,61,3.36
211,20001,61,2.72
211,22001,61,2.83
211,24001,61,2.71
211,26001,61,2.55
211,28001,61,2.44
211,30001,61,2.89
211,32001,61,2.83
211,34001,61,2.96
211,36001,61,3.53
211,38001,61,3.92
211,40001,61,4.99
211,42001,61,5.38
211,44001,61,4.7
211,46001,61,4.68
211,48001,61,4.53
211,50001,61,3.9
211,52001,61,3.62
211,54001,61,3.34
211,56001,61,3.08
211,58001,61,3.2
211,60001,61,3.32
211,62001,61,3.3
211,64001,61,3.36
211,65535,61,3.57
211,1,71,3.01
211,2001,71,3.04
211,4001,71,4.45
211,6001,71,4.8
211,8001,71,4.87
211,10001,71,5.02
211,12001,71,5.06
211,14001,71,4.36
211,16001,71,3.64
211,18001,71,3.11
211,20001,71,2.81
211,22001,71,2.47
211,24001,71,2.46
211,26001,71,2.26
211,28001,71,2.15
211,30001,71,2.26
211,32001,71,2.48
211,34001,71,2.67
211,36001,71,3.19
211,38001,71,4.31
211,40001,71,4.99
211,42001,71,4.69
211,44001,71,4.57
211,46001,71,4.56
211,48001,71,4.58
211,50001,71,4.3
211,52001,71,3.41
211,54001,71,3.12
211,56001,71,2.69
211,58001,71,2.76
211,60001,71,2.74
211,62001,71,2.81
211,64001,71,2.92
211,65535,71,2.9
211,1,81,2.69
211,2001,81,3.31
211,4001,81,3.53
211,6001,81,4.95
211,8001,81,4.39
211,10001,81,4.88
211,12001,81,5.25
211,14001,81,4.18
211,16001,81,3.51
211,18001,81,2.88
211,20001,81,2.53
211,22001,81,2.61
211,24001,81,2.26
211,26001,81,2.24
211,28001,81,2.06
211,30001,81,2.31
211,32001,81,2.36
211,34001,81,2.76
211,36001,81,3.13
211,38001,81,3.8
211,40001,81,4.68
211,42001,81,4.61
211,44001,81,4.32
211,46001,81,4.68
211,48001,81,5.12
211,50001,81,4.06
211,52001,81,3.25
211,54001,81,2.78
211,56001,81,2.78
211,58001,81,2.41
211,60001,81,2.55
211,62001,81,2.5
211,64001,81,2.55
211,65535,81,2.66
211,1,91,2.43
211,2001,91,2.34
211,4001,91,3.12
211,6001,91,4.77
211,8001,91,4.56
211,10001,91,5.03
211,12001,91,5.07
211,14001,91,4.12
211,16001,91,3.28
211,18001,91,2.91
211,20001,91,2.35
211,22001,91,2.39
211,24001,91,2.18
211,26001,91,2.25
211,28001,91,2.12
211,30001,91,2.16
211,32001,91,2.38
211,34001,91,2.49
211,36001,91,2.69
211,38001,91,3.16
211,40001,91,4.34
211,42001,91,4.28
211,44001,91,4.56
211,46001,91,4.7
211,48001,91,4.78
211,50001,91,4.28
211,52001,91,3.37
211,54001,91,2.82
211,56001,91,2.55
211,58001,91,2.32
211,60001,91,2.21
211,62001,91,2.43
211,64001,91,2.31
211,65535,91,2.35
211,1,101,2.19
211,2001,101,2.27
211,4001,101,3.33
211,6001,101,4.16
211,8001,101,4.46
211,10001,101,4.61
211,12001,101,4.61
211,14001,101,3.39
211,16001,101,3.24
211,18001,101,2.53
211,20001,101,2.6
211,22001,101,2.36
211,24001,101,2.21
211,26001,101,1.99
211,28001,101,1.89
211,30001,101,2.19
211,32001,101,2.23
211,34001,101,2.57
211,36001,101,2.53
211,38001,101,3.3
211,40001,101,3.84
211,42001,101,4.56
211,44001,101,4.52
211,46001,101,4.41
211,48001,101,3.88
211,50001,101,3.8
211,52001,101,3.22
211,54001,101,2.92
211,56001,101,2.44
211,58001,101,2.42
211,60001,101,2.15
211,62001,101,2.17
211,64001,101,2.24
211,65535,101,2.24
211,1,111,2.07
211,2001,111,2.3
211,4001,111,2.91
211,6001,111,4.34
211,8001,111,4.62
211,10001,111,4.54
211,12001,111,4.35
211,14001,111,3.87
211,16001,111,3.21
211,18001,111,2.65
211,20001,111,2.34
211,22001,111,2.21
211,24001,111,1.99
211,26001,111,2.06
211,28001,111,1.88
211,30001,111,2.03
211,32001,111,1.98
211,34001,111,2.41
211,36001,111,2.51
211,38001,111,2.87
211,40001,111,3.86
211,42001,111,4.64
211,44001,111,4.68
211,46001,111,4.53
211,48001,111,3.51
211,50001,111,3.48
211,52001,111,3.36
211,54001,111,2.71
211,56001,111,2.36
211,58001,111,2.02
211,60001,111,2.09
211,62001,111,1.93
211,64001,111,2.04
211,65535,111,2.02
211,1,121,2.07
211,2001,121,2.13
211,4001,121,2.71
211,6001,121,3.95
211,8001,121,4.49
211,10001,121,4.51
211,12001,121,4.49
211,14001,121,3.34
211,16001,121,2.8
211,18001,121,2.46
211,20001,121,2.28
211,22001,121,2.23
211,24001,121,1.86
211,26001,121,1.89
211,28001,121,1.82
211,30001,121,1.84
211,32001,121,2.1
211,34001,121,2.2
211,36001,121,2.38
211,38001,121,2.69
211,40001,121,3.55
211,42001,121,4.9
211,44001,121,5.01
211,46001,121,3.82
211,48001,121,3.14
211,50001,121,3.03
211,52001,121,2.67
211,54001,121,2.73
211,56001,121,2.38
211,58001,121,2.16
211,60001,121,2.16
211,62001,121,2.0
211,64001,121,1.83
211,65535,121,2.08
211,1,131,2.01
211,2001,131,2.17
211,4001,131,2.76
211,6001,131,3.34
211,8001,131,4.54
211,10001,131,4.49
211,12001,131,4.89
211,14001,131,3.57
211,16001,131,2.81
211,18001,131,2.4
211,20001,131,2.26
211,22001,131,2.23
211,24001,131,1.93
211,26001,131,1.84
211,28001,131,1.94
211,30001,131,1.92
211,32001,131,1.91
211,34001,131,2.06
211,36001,131,2.23
211,38001,131,2.56
211,40001,131,3.01
211,42001,131,4.13
211,44001,131,3.82
211,46001,131,3.57
211,48001,131,2.95
211,50001,131,2.77
211,52001,131,3.19
211,54001,131,2.67
211,56001,131,2.44
211,58001,131,2.24
211,60001,131,2.02
211,62001,131,2.02
211,64001,131,1.84
211,65535,131,1.93
211,1,141,1.83
211,2001,141,2.07
211,4001,141,2.2
211,6001,141,3.33
211,8001,141,4.62
211,10001,141,4.12
211,12001,141,4.63
211,14001,141,3.41
211,16001,141,2.73
211,18001,141,2.29
211,20001,141,2.27
211,22001,141,2.07
211,24001,141,1.95
211,26001,141,1.81
211,28001,141,1.75
211,30001,141,1.84
211,32001,141,1.96
211,34001,141,2.16
211,36001,141,2.19
211,38001,141,2.44
211,40001,141,2.71
211,42001,141,3.41
211,44001,141,3.8
211,46001,141,2.92
211,48001,141,2.68
211,50001,141,2.57
211,52001,141,2.91
211,54001,141,2.59
211,56001,141,2.37
211,58001,141,2.11
211,60001,141,1.98
211,62001,141,1.94
211,64001,141,1.69
211,65535,141,1.8
211,1,151,1.93
211,2001,151,1.94
211,4001,151,2.4
211,6001,151,2.83
211,8001,151,4.49
211,10001,151,4.31
211,12001,151,4.59
211,14001,151,3.5
211,16001,151,2.62
211,18001,151,2.21
211,20001,151,2.1
211,22001,151,1.97
211,24001,151,1.96
211,26001,151,1.86
211,28001,151,1.8
211,30001,151,1.75
211,32001,151,1.93
211,34001,151,2.06
211,36001,151,2.15
211,38001,151,2.36
211,40001,151,2.8
211,42001,151,3.07
211,44001,151,3.71
211,46001,151,2.28
211,48001,151,2.42
211,50001,151,2.46
211,52001,151,2.8
211,54001,151,2.51
211,56001,151,2.15
211,58001,151,2.13
211,60001,151,1.88
211,62001,151,1.75
211,64001,151,1.79
211,65535,151,1.85
211,1,161,1.81
211,2001,161,1.77
211,4001,161,2.28
211,6001,161,3.39
211,8001,161,4.12
211,10001,161,4.03
211,12001,161,4.29
211,14001,161,3.44
211,16001,161,2.77
211,18001,161,2.31
211,20001,161,2.14
211,22001,161,1.83
211,24001,161,1.77
211,26001,161,1.72
211,28001,161,1.31
211,30001,161,1.82
211,32001,161,1.92
211,34001,161,1.97
211,36001,161,2.09
211,38001,161,2.41
211,40001,161,2.49
211,42001,161,3.11
211,44001,161,3.3
211,46001,161,2.65
211,48001,161,2.2
211,50001,161,2.41
211,52001,161,2.56
211,54001,161,2.36
211,56001,161,2.09
211,58001,161,2.1
211,60001,161,1.91
211,62001,161,1.92
211,64001,161,1.74
211,65535,161,1.68
211,1,171,1.61
211,2001,171,1.8
211,4001,171,2.05
211,6001,171,3.17
211,8001,171,4.59
211,10001,171,3.91
211,12001,171,4.24
211,14001,171,3.1
211,16001,171,2.55
211,18001,171,2.14
211,20001,171,2.07
211,22001,171,1.85
211,24001,171,1.92
211,26001,171,1.82
211,28001,171,1.76
211,30001,171,1.81
211,32001,171,1.72
211,34001,171,1.89
211,36001,171,2.12
211,38001,171,2.22
211,40001,171,2.57
211,42001,171,2.94
211,44001,171,3.11
211,46001,171,2.42
211,48001,171,2.07
211,50001,171,2.24
211,52001,171,2.42
211,54001,171,2.08
211,56001,171,2.15
211,58001,171,2.0
211,60001,171,1.94
211,62001,171,1.74
211,64001,171,1.73
211,65535,171,1.69
211,1,181,1.71
211,2001,181,1.8
211,4001,181,1.87
211,6001,181,2.47
211,8001,181,4.27
211,10001,181,4.14
211,12001,181,4.29
211,14001,181,3.01
211,16001,181,2.53
211,18001,181,2.26
211,20001,181,1.99
211,22001,181,1.8
211,24001,181,1.91
211,26001,181,1.82
211,28001,181,1.71
211,30001,181,1.52
211,32001,181,1.78
211,34001,181,1.84
211,36001,181,2.11
211,38001,181,2.21
211,40001,181,2.25
211,42001,181,2.69
211,44001,181,2.96
211,46001,181,2.24
211,48001,181,2.04
211,50001,181,1.98
211,52001,181,2.43
211,54001,181,2.41
211,56001,181,2.12
211,58001,181,1.98
211,60001,181,1.94
211,62001,181,1.76
211,64001,181,1.67
211,65535,181,1.71
211,1,191,1.59
211,2001,191,1.61
211,4001,191,1.84
211,6001,191,2.67
211,8001,191,3.98
211,10001,191,3.81
211,12001,191,4.36
211,14001,191,3.08
211,16001,191,2.51
211,18001,191,2.2
211,20001,191,2.06
211,22001,191,1.89
211,24001,191,1.77
211,26001,191,1.73
211,28001,191,1.69
211,30001,191,1.71
211,32001,191,1.69
211,34001,191,1.9
211,36001,191,1.9
211,38001,191,2.0
211,40001,191,2.23
211,42001,191,2.58
211,44001,191,2.58
211,46001,191,2.04
211,48001,191,1.82
211,50001,191,2.03
211,52001,191,2.34
211,54001,191,2.23
211,56001,191,1.87
211,58001,191,2.01
211,60001,191,1.82
211,62001,191,1.78
211,64001,191,1.79
211,65535,191,1.68
211,1,201,1.67
211,2001,201,1.67
211,4001,201,1.89
211,6001,201,3.24
211,8001,201,3.94
211,10001,201,4.34
211,12001,201,3.92
211,14001,201,3.2
211,16001,201,2.29
211,18001,201,2.19
211,20001,201,2.05
211,22001,201,1.73
211,24001,201,1.69
211,26001,201,1.71
211,28001,201,1.69
211,30001,201,1.63
211,32001,201,1.75
211,34001,201,1.73
211,36001,201,1.87
211,38001,201,1.88
211,40001,201,2.17
211,42001,201,2.47
211,44001,201,2.63
211,46001,201,2.05
211,48001,201,1.84
211,50001,201,2.01
211,52001,201,2.15
211,54001,201,2.29
211,56001,201,2.08
211,58001,201,1.88
211,60001,201,1.84
211,62001,201,1.76
211,64001,201,1.65
211,65535,201,1.52
211,1,211,1.69
211,2001,211,1.75
211,4001,211,1.86
211,6001,211,2.38
211,8001,211,3.3
211,10001,211,3.64
211,12001,211,3.59
211,14001,211,2.77
211,16001,211,2.58
211,18001,211,2.24
211,20001,211,2.05
211,22001,211,1.89
211,24001,211,1.69
211,26001,211,1.56
211,28001,211,1.7
211,30001,211,1.61
211,32001,211,1.69
211,34001,211,1.71
211,36001,211,1.91
211,38001,211,1.99
211,40001,211,2.36
211,42001,211,2.38
211,44001,211,2.39
211,46001,211,2.12
211,48001,211,1.7
211,50001,211,2.16
211,52001,211,2.05
211,54001,211,2.19
211,56001,211,1.99
211,58001,211,1.83
211,60001,211,1.8
211,62001,211,1.57
211,64001,211,1.57
211,65535,211,1.56
211,1,221,1.61
211,2001,221,1.62
211,4001,221,1.7
211,6001,221,1.9
211,8001,221,2.43
211,10001,221,2.83
211,12001,221,3.14
211,14001,221,2.53
211,16001,221,2.46
211,18001,221,2.13
211,20001,221,1.81
211,22001,221,1.72
211,24001,221,1.78
211,26001,221,1.52
211,28001,221,1.6
211,30001,221,1.49
211,32001,221,1.64
211,34001,221,1.79
211,36001,221,1.73
211,38001,221,1.85
211,40001,221,2.1
211,42001,221,2.34
211,44001,221,2.26
211,46001,221,1.98
211,48001,221,1.62
211,50001,221,1.74
211,52001,221,2.04
211,54001,221,2.16
211,56001,221,1.96
211,58001,221,1.71
211,60001,221,1.69
211,62001,221,1.77
211,64001,221,1.71
211,65535,221,1.53
211,1,231,1.68
211,2001,231,1.57
211,4001,231,1.76
211,6001,231,1.8
211,8001,231,2.05
211,10001,231,2.32
211,12001,231,2.64
211,14001,231,2.33
211,16001,231,2.1
211,18001,231,2.1
211,20001,231,1.96
211,22001,231,1.7
211,24001,231,1.68
211,26001,231,1.56
211,28001,231,1.47
211,30001,231,1.66
211,32001,231,1.77
211,34001,231,1.74
211,36001,231,1.75
211,38001,231,1.93
211,40001,231,2.01
211,42001,231,2.37
211,44001,231,2.31
211,46001,231,1.84
211,48001,231,1.66
211,50001,231,1.48
211,52001,231,1.99
211,54001,231,2.13
211,56001,231,1.93
211,58001,231,1.73
211,60001,231,1.64
211,62001,231,1.8
211,64001,231,1.49
211,65535,231,1.54
211,1,241,1.62
211,2001,241,1.66
211,4001,241,1.78
211,6001,241,1.8
211,8001,241,2.05
211,10001,241,2.28
211,12001,241,2.26
211,14001,241,2.33
211,16001,241,2.12
211,18001,241,1.98
211,20001,241,1.85
211,22001,241,1.85
211,24001,241,1.73
211,26001,241,1.67
211,28001,241,1.61
211,30001,241,1.68
211,32001,241,1.6
211,34001,241,1.74
211,36001,241,1.7
211,38001,241,1.8
211,40001,241,1.89
211,42001,241,2.14
211,44001,241,2.3
211,46001,241,1.84
211,48001,241,1.53
211,50001,241,1.55
211,52001,241,1.91
211,54001,241,2.24
211,56001,241,1.92
211,58001,241,1.64
211,60001,241,1.79
211,62001,241,1.63
211,64001,241,1.64
211,65535,241,1.64
211,1,251,1.48
211,2001,251,1.4
211,4001,251,1.68
211,6001,251,1.72
211,8001,251,1.67
211,10001,251,2.05
211,12001,251,2.1
211,14001,251,2.26
211,16001,251,2.15
211,18001,251,2.18
211,20001,251,1.79
211,22001,251,1.62
211,24001,251,1.53
211,26001,251,1.7
211,28001,251,1.7
211,30001,251,1.57
211,32001,251,1.74
211,34001,251,1.73
211,36001,251,1.87
211,38001,251,1.75
211,40001,251,1.96
211,42001,251,2.11
211,44001,251,2.12
211,46001,251,1.67
211,48001,251,1.45
211,50001,251,1.54
211,52001,251,1.86
211,54001,251,2.25
211,56001,251,1.92
211,58001,251,1.66
211,60001,251,1.56
211,62001,251,1.61
211,64001,251,1.67
211,65535,251,1.48
211,1,254,1.46
211,2001,254,1.33
211,4001,254,1.51
211,6001,254,1.71
211,8001,254,1.83
211,10001,254,1.92
211,12001,254,2.32
211,14001,254,2.13
211,16001,254,2.13
211,18001,254,1.97
211,20001,254,1.91
211,22001,254,1.73
211,24001,254,1.63
211,26001,254,1.58
211,28001,254,1.6
211,30001,254,1.7
211,32001,254,1.61
211,34001,254,1.65
211,36001,254,1.86
211,38001,254,1.91
211,40001,254,2.19
211,42001,254,2.09
211,44001,254,2.13
211,46001,254,1.82
211,48001,254,1.62
211,50001,254,1.52
211,52001,254,1.75
211,54001,254,2.09
211,56001,254,1.96
211,58001,254,1.85
211,60001,254,1.72
211,62001,254,1.65
211,64001,254,1.6
211,65535,254,1.62
221,1,1,7.67
221,2001,1,7.67
221,4001,1,7.71
221,6001,1,7.68
221,8001,1,7.81
221,10001,1,7.71
221,12001,1,7.65
221,14001,1,7.73
221,16001,1,7.72
221,18001,1,7.7
221,20001,1,7.7
221,22001,1,7.84
221,24001,1,7.78
221,26001,1,7.77
221,28001,1,7.79
221,30001,1,7.88
221,32001,1,7.8
221,34001,1,7.85
221,36001,1,7.94
221,38001,1,7.97
221,40001,1,7.68
221,42001,1,7.85
221,44001,1,7.77
221,46001,1,7.91
221,48001,1,7.71
221,50001,1,7.81
221,52001,1,7.76
221,54001,1,7.72
221,56001,1,7.67
221,58001,1,7.61
221,60001,1,7.71
221,62001,1,7.66
221,64001,1,7.75
221,65535,1,7.82
221,1,11,7.04
221,2001,11,7.01
221,4001,11,7.0
221,6001,11,7.16
221,8001,11,7.28
221,10001,11,7.38
221,12001,11,7.46
221,14001,11,7.49
221,16001,11,7.39
221,18001,11,6.83
221,20001,11,6.23
221,22001,11,5.9
221,24001,11,5.71
221,26001,11,5.39
221,28001,11,5.37
221,30001,11,5.9
221,32001,11,6.23
221,34001,11,6.42
221,36001,11,6.95
221,38001,11,7.58
221,40001,11,7.87
221,42001,11,7.98
221,44001,11,7.95
221,46001,11,8.18
221,48001,11,8.02
221,50001,11,8.05
221,52001,11,7.99
221,54001,11,7.96
221,56001,11,7.73
221,58001,11,7.56
221,60001,11,7.39
221,62001,11,7.38
221,64001,11,7.12
221,65535,11,7.09
221,1,21,6.02
221,2001,21,6.11
221,4001,21,6.26
221,6001,21,6.56
221,8001,21,6.83
221,10001,21,6.97
221,12001,21,7.2
221,14001,21,6.81
221,16001,21,5.91
221,18001,21,5.24
221,20001,21,4.75
221,22001,21,4.28
221,24001,21,4.4
221,26001,21,4.05
221,28001,21,4.24
221,30001,21,4.34
221,32001,21,4.88
221,34001,21,5.2
221,36001,21,6.1
221,38001,21,7.34
221,40001,21,7.59
221,42001,21,7.77
221,44001,21,7.87
221,46001,21,7.7
221,48001,21,7.23
221,50001,21,7.26
221,52001,21,7.64
221,54001,21,7.82
221,56001,21,7.53
221,58001,21,7.09
221,60001,21,6.99
221,62001,21,6.71
221,64001,21,6.26
221,65535,21,6.06
221,1,31,6.13
221,2001,31,5.84
221,4001,31,5.88
221,6001,31,6.06
221,8001,31,6.48
221,10001,31,6.65
221,12001,31,6.99
221,14001,31,6.31
221,16001,31,5.14
221,18001,31,4.53
221,20001,31,4.33
221,22001,31,3.78
221,24001,31,3.51
221,26001,31,3.52
221,28001,31,3.66
221,30001,31,3.37
221,32001,31,4.06
221,34001,31,4.73
221,36001,31,4.74
221,38001,31,5.89
221,40001,31,7.09
221,42001,31,7.53
221,44001,31,6.82
221,46001,31,6.6
221,48001,31,6.3
221,50001,31,6.28
221,52001,31,6.78
221,54001,31,7.38
221,56001,31,7.71
221,58001,31,7.88
221,60001,31,7.78
221,62001,31,7.29
221,64001,31,6.62
221,65535,31,6.52
221,1,41,6.68
221,2001,41,6.69
221,4001,41,5.58
221,6001,41,5.84
221,8001,41,5.83
221,10001,41,6.31
221,12001,41,6.39
221,14001,41,5.27
221,16001,41,4.52
221,18001,41,4.28
221,20001,41,3.74
221,22001,41,3.56
221,24001,41,3.18
221,26001,41,3.23
221,28001,41,3.02
221,30001,41,3.41
221,32001,41,3.72
221,34001,41,4.13
221,36001,41,4.94
221,38001,41,4.99
221,40001,41,6.78
221,42001,41,7.2
221,44001,41,6.52
221,46001,41,5.7
221,48001,41,5.45
221,50001,41,5.94
221,52001,41,6.11
221,54001,41,6.8
221,56001,41,7.02
221,58001,41,7.03
221,60001,41,7.2
221,62001,41,7.17
221,64001,41,7.35
221,65535,41,6.75
221,1,51,4.95
221,2001,51,5.24
221,4001,51,5.87
221,6001,51,5.47
221,8001,51,5.95
221,10001,51,6.02
221,12001,51,6.12
221,14001,51,4.97
221,16001,51,4.49
221,18001,51,3.85
221,20001,51,3.54
221,22001,51,3.17
221,24001,51,2.96
221,26001,51,2.76
221,28001,51,2.75
221,30001,51,3.05
221,32001,51,3.11
221,34001,51,3.8
221,36001,51,3.83
221,38001,51,4.52
221,40001,51,5.95
221,42001,51,6.03
221,44001,51,5.28
221,46001,51,5.08
221,48001,51,5.02
221,50001,51,4.28
221,52001,51,4.19
221,54001,51,4.21
221,56001,51,4.34
221,58001,51,4.6
221,60001,51,4.73
221,62001,51,4.56
221,64001,51,4.85
221,65535,51,4.96
221,1,61,3.89
221,2001,61,4.68
221,4001,61,5.57
221,6001,61,5.57
221,8001,61,5.32
221,10001,61,5.8
221,12001,61,5.96
221,14001,61,4.78
221,16001,61,3.82
221,18001,61,3.29
221,20001,61,3.29
221,22001,61,3.02
221,24001,61,2.81
221,26001,61,2.59
221,28001,61,2.68
221,30001,61,2.72
221,32001,61,3.05
221,34001,61,3.28
221,36001,61,3.45
221,38001,61,4.4
221,40001,61,5.09
221,42001,61,5.89
221,44001,61,4.96
221,46001,61,5.01
221,48001,61,4.9
221,50001,61,4.47
221,52001,61,3.9
221,54001,61,3.35
221,56001,61,3.3
221,58001,61,3.49
221,60001,61,3.55
221,62001,61,3.5
221,64001,61,3.58
221,65535,61,3.89
221,1,71,3.09
221,2001,71,3.83
221,4001,71,4.77
221,6001,71,5.25
221,8001,71,5.04
221,10001,71,5.35
221,12001,71,5.55
221,14001,71,4.46
221,16001,71,3.57
221,18001,71,3.41
221,20001,71,3.06
221,22001,71,2.88
221,24001,71,2.75
221,26001,71,2.73
221,28001,71,2.31
221,30001,71,2.59
221,32001,71,2.67
221,34001,71,2.92
221,36001,71,3.51
221,38001,71,3.8
221,40001,71,5.01
221,42001,71,4.78
221,44001,71,4.84
221,46001,71,5.11
221,48001,71,5.4
221,50001,71,4.6
221,52001,71,3.65
221,54001,71,3.34
221,56001,71,3.04
221,58001,71,2.98
221,60001,71,2.87
221,62001,71,3.14
221,64001,71,3.26
221,65535,71,3.33
221,1,81,2.92
221,2001,81,2.81
221,4001,81,3.81
221,6001,81,5.51
221,8001,81,5.21
221,10001,81,5.71
221,12001,81,5.66
221,14001,81,4.52
221,16001,81,3.19
221,18001,81,3.14
221,20001,81,2.79
221,22001,81,2.59
221,24001,81,2.47
221,26001,81,2.49
221,28001,81,2.42
221,30001,81,2.43
221,32001,81,2.61
221,34001,81,2.81
221,36001,81,3.27
221,38001,81,3.43
221,40001,81,4.68
221,42001,81,5.02
221,44001,81,4.69
221,46001,81,5.42
221,48001,81,5.5
221,50001,81,4.34
221,52001,81,3.8
221,54001,81,3.26
221,56001,81,2.73
221,58001,81,2.53
221,60001,81,2.77
221,62001,81,2.61
221,64001,81,2.76
221,65535,81,2.9
221,1,91,2.53
221,2001,91,2.92
221,4001,91,3.4
221,6001,91,5.11
221,8001,91,4.93
221,10001,91,5.0
221,12001,91,5.48
221,14001,91,4.35
221,16001,91,3.36
221,18001,91,2.87
221,20001,91,2.76
221,22001,91,2.57
221,24001,91,2.3
221,26001,91,2.36
221,28001,91,2.24
221,30001,91,2.48
221,32001,91,2.45
221,34001,91,2.94
221,36001,91,3.03
221,38001,91,3.7
221,40001,91,4.57
221,42001,91,4.94
221,44001,91,4.59
221,46001,91,5.39
221,48001,91,4.57
221,50001,91,3.67
221,52001,91,3.6
221,54001,91,3.16
221,56001,91,2.9
221,58001,91,2.46
221,60001,91,2.39
221,62001,91,2.42
221,64001,91,2.63
221,65535,91,2.69
221,1,101,2.51
221,2001,101,2.59
221,4001,101,4.18
221,6001,101,4.6
221,8001,101,4.81
221,10001,101,4.94
221,12001,101,5.34
221,14001,101,4.28
221,16001,101,3.28
221,18001,101,2.92
221,20001,101,2.78
221,22001,101,2.26
221,24001,101,2.26
221,26001,101,2.15
221,28001,101,2.11
221,30001,101,2.14
221,32001,101,2.31
221,34001,101,2.57
221,36001,101,2.81
221,38001,101,3.58
221,40001,101,4.12
221,42001,101,5.17
221,44001,101,4.77
221,46001,101,4.78
221,48001,101,4.38
221,50001,101,4.1
221,52001,101,3.43
221,54001,101,2.82
221,56001,101,2.65
221,58001,101,2.55
221,60001,101,2.21
221,62001,101,2.36
221,64001,101,2.33
221,65535,101,2.51
221,1,111,2.26
221,2001,111,2.43
221,4001,111,3.55
221,6001,111,4.04
221,8001,111,4.73
221,10001,111,4.8
221,12001,111,5.46
221,14001,111,4.16
221,16001,111,3.29
221,18001,111,2.82
221,20001,111,2.37
221,22001,111,2.39
221,24001,111,2.12
221,26001,111,2.21
221,28001,111,2.18
221,30001,111,2.11
221,32001,111,2.34
221,34001,111,2.36
221,36001,111,2.83
221,38001,111,3.09
221,40001,111,4.04
221,42001,111,5.25
221,44001,111,5.14
221,46001,111,5.1
221,48001,111,3.61
221,50001,111,3.69
221,52001,111,3.33
221,54001,111,2.89
221,56001,111,2.62
221,58001,111,2.52
221,60001,111,2.46
221,62001,111,2.22
221,64001,111,2.29
221,65535,111,2.21
221,1,121,2.15
221,2001,121,2.22
221,4001,121,2.77
221,6001,121,4.22
221,8001,121,4.84
221,10001,121,4.77
221,12001,121,5.22
221,14001,121,3.74
221,16001,121,3.26
221,18001,121,2.84
221,20001,121,2.55
221,22001,121,2.29
221,24001,121,2.11
221,26001,121,2.08
221,28001,121,2.06
221,30001,121,2.23
221,32001,121,2.25
221,34001,121,2.44
221,36001,121,2.68
221,38001,121,2.86
221,40001,121,3.63
221,42001,121,5.12
221,44001,121,4.82
221,46001,121,4.4
221,48001,121,3.42
221,50001,121,3.33
221,52001,121,3.6
221,54001,121,2.55
221,56001,121,2.58
221,58001,121,2.44
221,60001,121,2.19
221,62001,121,2.04
221,64001,121,2.06
221,65535,121,2.2
221,1,131,2.1
221,2001,131,2.27
221,4001,131,2.59
221,6001,131,3.95
221,8001,131,4.9
221,10001,131,4.73
221,12001,131,4.12
221,14001,131,3.93
221,16001,131,3.22
221,18001,131,2.69
221,20001,131,2.51
221,22001,131,2.2
221,24001,131,2.12
221,26001,131,1.95
221,28001,131,2.01
221,30001,131,1.93
221,32001,131,2.23
221,34001,131,2.18
221,36001,131,2.63
221,38001,131,2.82
221,40001,131,3.06
221,42001,131,3.78
221,44001,131,4.82
221,46001,131,3.54
221,48001,131,3.0
221,50001,131,3.02
221,52001,131,3.45
221,54001,131,2.81
221,56001,131,2.59
221,58001,131,2.42
221,60001,131,2.12
221,62001,131,1.98
221,64001,131,1.97
221,65535,131,2.06
221,1,141,1.93
221,2001,141,2.17
221,4001,141,2.78
221,6001,141,4.6
221,8001,141,4.82
221,10001,141,4.59
221,12001,141,5.18
221,14001,141,3.78
221,16001,141,3.0
221,18001,141,2.56
221,20001,141,2.26
221,22001,141,2.26
221,24001,141,1.99
221,26001,141,1.95
221,28001,141,1.99
221,30001,141,1.85
221,32001,141,2.03
221,34001,141,2.24
221,36001,141,2.47
221,38001,141,2.68
221,40001,141,3.0
221,42001,141,3.87
221,44001,141,4.5
221,46001,141,3.42
221,48001,141,2.7
221,50001,141,3.07
221,52001,141,2.99
221,54001,141,2.82
221,56001,141,2.54
221,58001,141,2.35
221,60001,141,2.13
221,62001,141,2.08
221,64001,141,1.97
221,65535,141,2.04
221,1,151,2.13
221,2001,151,1.95
221,4001,151,2.31
221,6001,151,3.21
221,8001,151,4.63
221,10001,151,4.71
221,12001,151,4.08
221,14001,151,3.65
221,16001,151,2.91
221,18001,151,2.57
221,20001,151,2.41
221,22001,151,2.26
221,24001,151,1.97
221,26001,151,1.76
221,28001,151,1.88
221,30001,151,1.81
221,32001,151,2.09
221,34001,151,2.17
221,36001,151,2.16
221,38001,151,2.54
221,40001,151,2.97
221,42001,151,3.86
221,44001,151,3.32
221,46001,151,3.1
221,48001,151,2.57
221,50001,151,2.56
221,52001,151,3.11
221,54001,151,2.7
221,56001,151,2.31
221,58001,151,2.18
221,60001,151,2.09
221,62001,151,2.01
221,64001,151,1.88
221,65535,151,1.96
221,1,161,1.77
221,2001,161,1.97
221,4001,161,2.34
221,6001,161,3.95
221,8001,161,4.86
221,10001,161,4.61
221,12001,161,4.93
221,14001,161,3.66
221,16001,161,2.79
221,18001,161,2.49
221,20001,161,2.37
221,22001,161,2.15
221,24001,161,1.89
221,26001,161,1.97
221,28001,161,1.96
221,30001,161,1.85
221,32001,161,1.87
221,34001,161,2.04
221,36001,161,2.26
221,38001,161,2.49
221,40001,161,2.69
221,42001,161,3.05
221,44001,161,3.5
221,46001,161,2.88
221,48001,161,2.38
221,50001,161,2.5
221,52001,161,2.87
221,54001,161,2.73
221,56001,161,2.47
221,58001,161,2.3
221,60001,161,1.93
221,62001,161,2.02
221,64001,161,1.78
221,65535,161,1.91
221,1,171,1.89
221,2001,171,1.86
221,4001,171,2.1
221,6001,171,3.3
221,8001,171,4.47
221,10001,171,4.25
221,12001,171,4.63
221,14001,171,3.6
221,16001,171,2.81
221,18001,171,2.52
221,20001,171,2.28
221,22001,171,2.08
221,24001,171,2.09
221,26001,171,1.89
221,28001,171,1.97
221,30001,171,1.96
221,32001,171,1.84
221,34001,171,1.97
221,36001,171,2.16
221,38001,171,2.3
221,40001,171,2.86
221,42001,171,3.01
221,44001,171,3.21
221,46001,171,2.48
221,48001,171,2.23
221,50001,171,2.26
221,52001,171,2.87
221,54001,171,2.55
221,56001,171,2.16
221,58001,171,2.13
221,60001,171,1.95
221,62001,171,1.96
221,64001,171,1.94
221,65535,171,1.85
221,1,181,1.79
221,2001,181,1.88
221,4001,181,2.02
221,6001,181,2.93
221,8001,181,4.42
221,10001,181,4.21
221,12001,181,4.78
221,14001,181,3.55
221,16001,181,2.67
221,18001,181,2.25
221,20001,181,2.11
221,22001,181,2.0
221,24001,181,1.92
221,26001,181,1.87
221,28001,181,1.77
221,30001,181,1.81
221,32001,181,1.96
221,34001,181,1.93
221,36001,181,2.11
221,38001,181,2.31
221,40001,181,2.38
221,42001,181,2.82
221,44001,181,3.02
221,46001,181,2.42
221,48001,181,2.11
221,50001,181,2.26
221,52001,181,2.47
221,54001,181,2.44
221,56001,181,2.28
221,58001,181,1.98
221,60001,181,1.88
221,62001,181,1.88
221,64001,181,1.79
221,65535,181,1.78
221,1,191,1.81
221,2001,191,1.77
221,4001,191,2.08
221,6001,191,2.8
221,8001,191,4.15
221,10001,191,4.53
221,12001,191,4.59
221,14001,191,3.41
221,16001,191,2.72
221,18001,191,2.37
221,20001,191,2.1
221,22001,191,2.06
221,24001,191,1.87
221,26001,191,1.9
221,28001,191,1.64
221,30001,191,1.73
221,32001,191,1.91
221,34001,191,1.83
221,36001,191,1.99
221,38001,191,2.13
221,40001,191,2.69
221,42001,191,2.65
221,44001,191,2.86
221,46001,191,2.08
221,48001,191,1.9
221,50001,191,2.03
221,52001,191,2.53
221,54001,191,2.6
221,56001,191,2.22
221,58001,191,2.07
221,60001,191,1.94
221,62001,191,1.81
221,64001,191,1.74
221,65535,191,1.69
221,1,201,1.72
221,2001,201,1.74
221,4001,201,2.08
221,6001,201,3.15
221,8001,201,4.59
221,10001,201,4.67
221,12001,201,4.27
221,14001,201,3.29
221,16001,201,2.66
221,18001,201,2.34
221,20001,201,2.19
221,22001,201,1.98
221,24001,201,1.84
221,26001,201,1.91
221,28001,201,1.74
221,30001,201,1.8
221,32001,201,1.8
221,34001,201,1.88
221,36001,201,2.07
221,38001,201,2.19
221,40001,201,2.38
221,42001,201,2.8
221,44001,201,2.59
221,46001,201,2.32
221,48001,201,1.92
221,50001,201,2.06
221,52001,201,2.23
221,54001,201,2.45
221,56001,201,2.21
221,58001,201,2.08
221,60001,201,1.81
221,62001,201,1.91
221,64001,201,1.74
221,65535,201,1.84
221,1,211,1.77
221,2001,211,1.76
221,4001,211,2.01
221,6001,211,2.67
221,8001,211,3.17
221,10001,211,3.99
221,12001,211,3.89
221,14001,211,3.06
221,16001,211,2.53
221,18001,211,2.29
221,20001,211,2.17
221,22001,211,1.89
221,24001,211,1.73
221,26001,211,1.84
221,28001,211,1.57
221,30001,211,1.77
221,32001,211,1.93
221,34001,211,1.86
221,36001,211,1.85
221,38001,211,2.03
221,40001,211,2.2
221,42001,211,2.44
221,44001,211,2.6
221,46001,211,1.91
221,48001,211,1.87
221,50001,211,1.89
221,52001,211,2.21
221,54001,211,2.44
221,56001,211,2.17
221,58001,211,2.06
221,60001,211,1.98
221,62001,211,1.79
221,64001,211,1.67
221,65535,211,1.64
221,1,221,1.81
221,2001,221,1.66
221,4001,221,1.95
221,6001,221,2.46
221,8001,221,2.38
221,10001,221,2.99
221,12001,221,3.19
221,14001,221,2.67
221,16001,221,2.28
221,18001,221,2.3
221,20001,221,2.24
221,22001,221,1.96
221,24001,221,1.81
221,26001,221,1.71
221,28001,221,1.67
221,30001,221,1.73
221,32001,221,1.74
221,34001,221,1.74
221,36001,221,1.94
221,38001,221,2.04
221,40001,221,2.33
221,42001,221,2.43
221,44001,221,2.52
221,46001,221,1.96
221,48001,221,1.76
221,50001,221,1.87
221,52001,221,2.25
221,54001,221,2.47
221,56001,221,2.14
221,58001,221,1.99
221,60001,221,1.83
221,62001,221,1.71
221,64001,221,1.58
221,65535,221,1.7
221,1,231,1.69
221,2001,231,1.84
221,4001,231,1.85
221,6001,231,1.96
221,8001,231,2.26
221,10001,231,2.59
221,12001,231,2.84
221,14001,231,2.66
221,16001,231,2.53
221,18001,231,2.14
221,20001,231,1.9
221,22001,231,1.97
221,24001,231,1.74
221,26001,231,1.72
221,28001,231,1.69
221,30001,231,1.69
221,32001,231,1.73
221,34001,231,1.8
221,36001,231,1.87
221,38001,231,2.07
221,40001,231,2.06
221,42001,231,2.41
221,44001,231,2.37
221,46001,231,2.07
221,48001,231,1.66
221,50001,231,1.78
221,52001,231,2.19
221,54001,231,2.46
221,56001,231,1.99
221,58001,231,1.94
221,60001,231,1.87
221,62001,231,1.65
221,64001,231,1.78
221,65535,231,1.59
221,1,241,1.61
221,2001,241,1.55
221,4001,241,1.66
221,6001,241,1.95
221,8001,241,1.95
221,10001,241,2.13
221,12001,241,2.37
221,14001,241,2.63
221,16001,241,2.22
221,18001,241,1.98
221,20001,241,1.9
221,22001,241,1.89
221,24001,241,1.76
221,26001,241,1.76
221,28001,241,1.62
221,30001,241,1.72
221,32001,241,1.78
221,34001,241,1.69
221,36001,241,1.83
221,38001,241,1.95
221,40001,241,2.32
221,42001,241,2.35
221,44001,241,2.48
221,46001,241,1.85
221,48001,241,1.73
221,50001,241,1.72
221,52001,241,1.91
221,54001,241,2.39
221,56001,241,2.09
221,58001,241,1.99
221,60001,241,1.7
221,62001,241,1.65
221,64001,241,1.59
221,65535,241,1.69
221,1,251,1.48
221,2001,251,1.56
221,4001,251,1.71
221,6001,251,1.88
221,8001,251,1.98
221,10001,251,2.09
221,12001,251,2.4
221,14001,251,2.54
221,16001,251,2.36
221,18001,251,2.15
221,20001,251,1.85
221,22001,251,2.0
221,24001,251,1.65
221,26001,251,1.76
221,28001,251,1.8
221,30001,251,1.65
221,32001,251,1.81
221,34001,251,1.65
221,36001,251,1.79
221,38001,251,1.88
221,40001,251,2.21
221,42001,251,2.42
221,44001,251,2.11
221,46001,251,1.8
221,48001,251,1.63
221,50001,251,1.53
221,52001,251,1.82
221,54001,251,2.34
221,56001,251,2.1
221,58001,251,1.97
221,60001,251,1.72
221,62001,251,1.77
221,64001,251,1.72
221,65535,251,1.68
221,1,254,1.5
221,2001,254,1.69
221,4001,254,1.81
221,6001,254,1.77
221,8001,254,1.99
221,10001,254,2.12
221,12001,254,2.43
221,14001,254,2.43
221,16001,254,2.29
221,18001,254,2.01
221,20001,254,1.99
221,22001,254,1.9
221,24001,254,1.72
221,26001,254,1.66
221,28001,254,1.76
221,30001,254,1.73
221,32001,254,1.83
221,34001,254,1.86
221,36001,254,1.8
221,38001,254,1.87
221,40001,254,2.0
221,42001,254,2.33
221,44001,254,2.19
221,46001,254,1.91
221,48001,254,1.58
221,50001,254,1.7
221,52001,254,1.98
221,54001,254,2.49
221,56001,254,2.05
221,58001,254,1.8
221,60001,254,1.91
221,62001,254,1.66
221,64001,254,1.75
221,65535,254,1.58
231,1,1,0.61
231,2001,1,1.47
231,4001,1,8.36
231,6001,1,8.25
231,8001,1,8.21
231,10001,1,8.36
231,12001,1,8.24
231,14001,1,8.42
231,16001,1,8.27
231,18001,1,8.23
231,20001,1,8.44
231,22001,1,8.37
231,24001,1,8.57
231,26001,1,8.46
231,28001,1,8.54
231,30001,1,8.41
231,32001,1,8.54
231,34001,1,8.58
231,36001,1,8.52
231,38001,1,8.44
231,40001,1,8.44
231,42001,1,8.55
231,44001,1,8.42
231,46001,1,8.45
231,48001,1,8.46
231,50001,1,8.52
231,52001,1,8.51
231,54001,1,8.46
231,56001,1,8.42
231,58001,1,8.37
231,60001,1,8.44
231,62001,1,8.24
231,64001,1,8.3
231,65535,1,8.34
231,1,11,7.46
231,2001,11,7.51
231,4001,11,7.65
231,6001,11,7.56
231,8001,11,7.86
231,10001,11,7.8
231,12001,11,8.01
231,14001,11,8.04
231,16001,11,7.88
231,18001,11,7.22
231,20001,11,7.14
231,22001,11,6.63
231,24001,11,6.21
231,26001,11,6.01
231,28001,11,6.01
231,30001,11,6.4
231,32001,11,6.48
231,34001,11,6.95
231,36001,11,7.65
231,38001,11,8.01
231,40001,11,8.7
231,42001,11,8.78
231,44001,11,8.75
231,46001,11,8.61
231,48001,11,8.93
231,50001,11,8.73
231,52001,11,8.87
231,54001,11,8.62
231,56001,11,8.31
231,58001,11,8.05
231,60001,11,8.17
231,62001,11,7.84
231,64001,11,7.53
231,65535,11,7.34
231,1,21,6.44
231,2001,21,6.4
231,4001,21,6.82
231,6001,21,7.28
231,8001,21,7.48
231,10001,21,7.43
231,12001,21,7.86
231,14001,21,7.6
231,16001,21,6.56
231,18001,21,6.23
231,20001,21,5.71
231,22001,21,5.02
231,24001,21,4.86
231,26001,21,4.51
231,28001,21,4.6
231,30001,21,4.86
231,32001,21,5.55
231,34001,21,5.74
231,36001,21,6.52
231,38001,21,7.61
231,40001,21,7.94
231,42001,21,8.37
231,44001,21,8.68
231,46001,21,8.04
231,48001,21,7.8
231,50001,21,7.84
231,52001,21,8.14
231,54001,21,8.45
231,56001,21,8.37
231,58001,21,7.74
231,60001,21,7.22
231,62001,21,7.07
231,64001,21,6.79
231,65535,21,6.64
231,1,31,6.68
231,2001,31,6.25
231,4001,31,6.47
231,6001,31,6.63
231,8001,31,7.0
231,10001,31,7.14
231,12001,31,7.44
231,14001,31,6.88
231,16001,31,5.64
231,18001,31,4.72
231,20001,31,4.9
231,22001,31,4.21
231,24001,31,3.86
231,26001,31,3.63
231,28001,31,3.65
231,30001,31,4.07
231,32001,31,4.67
231,34001,31,5.14
231,36001,31,5.45
231,38001,31,6.76
231,40001,31,7.41
231,42001,31,8.48
231,44001,31,7.79
231,46001,31,6.73
231,48001,31,6.92
231,50001,31,7.21
231,52001,31,7.6
231,54001,31,7.95
231,56001,31,8.46
231,58001,31,8.57
231,60001,31,8.74
231,62001,31,7.92
231,64001,31,7.34
231,65535,31,6.89
231,1,41,7.44
231,2001,41,7.48
231,4001,41,5.74
231,6001,41,6.09
231,8001,41,6.39
231,10001,41,6.98
231,12001,41,7.15
231,14001,41,5.99
231,16001,41,4.64
231,18001,41,4.47
231,20001,41,3.98
231,22001,41,3.75
231,24001,41,3.53
231,26001,41,3.22
231,28001,41,3.17
231,30001,41,3.41
231,32001,41,3.58
231,34001,41,4.24
231,36001,41,5.13
231,38001,41,6.58
231,40001,41,7.05
231,42001,41,7.61
231,44001,41,7.07
231,46001,41,6.25
231,48001,41,6.04
231,50001,41,6.12
231,52001,41,7.24
231,54001,41,7.35
231,56001,41,7.52
231,58001,41,7.68
231,60001,41,7.85
231,62001,41,8.0
231,64001,41,8.08
231,65535,41,7.67
231,1,51,5.31
231,2001,51,5.57
231,4001,51,6.26
231,6001,51,5.85
231,8001,51,6.07
231,10001,51,6.69
231,12001,51,6.43
231,14001,51,5.09
231,16001,51,5.07
231,18001,51,3.88
231,20001,51,3.77
231,22001,51,3.41
231,24001,51,3.25
231,26001,51,2.99
231,28001,51,3.09
231,30001,51,3.2
231,32001,51,3.23
231,34001,51,3.64
231,36001,51,4.04
231,38001,51,5.06
231,40001,51,6.4
231,42001,51,6.45
231,44001,51,5.64
231,46001,51,5.53
231,48001,51,5.36
231,50001,51,4.78
231,52001,51,4.42
231,54001,51,4.73
231,56001,51,4.72
231,58001,51,5.1
231,60001,51,5.15
231,62001,51,5.18
231,64001,51,5.54
231,65535,51,5.27
231,1,61,4.06
231,2001,61,4.58
231,4001,61,6.16
231,6001,61,5.56
231,8001,61,5.87
231,10001,61,6.33
231,12001,61,6.21
231,14001,61,5.71
231,16001,61,4.57
231,18001,61,3.86
231,20001,61,3.4
231,22001,61,2.97
231,24001,61,3.32
231,26001,61,2.69
231,28001,61,2.65
231,30001,61,2.78
231,32001,61,3.21
231,34001,61,3.55
231,36001,61,4.09
231,38001,61,5.51
231,40001,61,5.83
231,42001,61,6.04
231,44001,61,5.54
231,46001,61,5.3
231,48001,61,5.53
231,50001,61,4.65
231,52001,61,3.88
231,54001,61,3.75
231,56001,61,3.61
231,58001,61,3.67
231,60001,61,3.86
231,62001,61,3.87
231,64001,61,3.96
231,65535,61,4.14
231,1,71,3.49
231,2001,71,4.17
231,4001,71,4.74
231,6001,71,6.02
231,8001,71,5.65
231,10001,71,6.16
231,12001,71,5.43
231,14001,71,5.29
231,16001,71,4.35
231,18001,71,3.77
231,20001,71,3.44
231,22001,71,2.97
231,24001,71,2.93
231,26001,71,2.53
231,28001,71,2.76
231,30001,71,2.72
231,32001,71,2.93
231,34001,71,3.14
231,36001,71,3.5
231,38001,71,4.33
231,40001,71,5.7
231,42001,71,5.49
231,44001,71,5.2
231,46001,71,5.56
231,48001,71,5.35
231,50001,71,4.83
231,52001,71,3.94
231,54001,71,3.57
231,56001,71,3.22
231,58001,71,3.12
231,60001,71,3.23
231,62001,71,3.33
231,64001,71,3.55
231,65535,71,3.35
231,1,81,3.15
231,2001,81,3.63
231,4001,81,4.13
231,6001,81,5.43
231,8001,81,5.3
231,10001,81,5.71
231,12001,81,5.95
231,14001,81,4.93
231,16001,81,3.94
231,18001,81,3.28
231,20001,81,3.11
231,22001,81,2.85
231,24001,81,2.64
231,26001,81,2.51
231,28001,81,2.49
231,30001,81,2.69
231,32001,81,2.69
231,34001,81,3.22
231,36001,81,3.48
231,38001,81,4.2
231,40001,81,5.07
231,42001,81,5.62
231,44001,81,4.86
231,46001,81,5.67
231,48001,81,5.25
231,50001,81,4.83
231,52001,81,3.85
231,54001,81,3.21
231,56001,81,3.0
231,58001,81,2.74
231,60001,81,2.89
231,62001,81,2.99
231,64001,81,2.96
231,65535,81,3.21
231,1,91,2.89
231,2001,91,2.95
231,4001,91,4.84
231,6001,91,5.8
231,8001,91,5.25
231,10001,91,5.63
231,12001,91,6.02
231,14001,91,4.91
231,16001,91,3.78
231,18001,91,3.19
231,20001,91,2.85
231,22001,91,2.61
231,24001,91,2.59
231,26001,91,2.42
231,28001,91,2.37
231,30001,91,2.41
231,32001,91,2.6
231,34001,91,2.8
231,36001,91,3.2
231,38001,91,4.11
231,40001,91,5.28
231,42001,91,5.26
231,44001,91,5.11
231,46001,91,5.81
231,48001,91,5.66
231,50001,91,4.47
231,52001,91,3.95
231,54001,91,3.34
231,56001,91,2.92
231,58001,91,2.74
231,60001,91,2.65
231,62001,91,2.6
231,64001,91,2.76
231,65535,91,2.86
231,1,101,2.63
231,2001,101,3.08
231,4001,101,3.4
231,6001,101,5.13
231,8001,101,5.29
231,10001,101,5.38
231,12001,101,6.04
231,14001,101,4.68
231,16001,101,3.7
231,18001,101,3.0
231,20001,101,2.77
231,22001,101,2.65
231,24001,101,2.44
231,26001,101,2.52
231,28001,101,2.06
231,30001,101,2.25
231,32001,101,2.48
231,34001,101,2.83
231,36001,101,3.46
231,38001,101,3.54
231,40001,101,4.97
231,42001,101,5.41
231,44001,101,5.25
231,46001,101,5.33
231,48001,101,4.8
231,50001,101,4.18
231,52001,101,3.8
231,54001,101,3.29
231,56001,101,2.81
231,58001,101,2.61
231,60001,101,2.51
231,62001,101,2.59
231,64001,101,2.62
231,65535,101,2.55
231,1,111,2.51
231,2001,111,2.59
231,4001,111,3.32
231,6001,111,4.75
231,8001,111,5.43
231,10001,111,5.32
231,12001,111,5.67
231,14001,111,4.24
231,16001,111,3.56
231,18001,111,3.09
231,20001,111,2.78
231,22001,111,2.4
231,24001,111,2.26
231,26001,111,2.37
231,28001,111,2.17
231,30001,111,2.25
231,32001,111,2.38
231,34001,111,2.73
231,36001,111,2.95
231,38001,111,3.78
231,40001,111,3.99
231,42001,111,5.63
231,44001,111,5.7
231,46001,111,5.56
231,48001,111,4.06
231,50001,111,4.06
231,52001,111,3.47
231,54001,111,3.04
231,56001,111,2.81
231,58001,111,2.36
231,60001,111,2.29
231,62001,111,2.13
231,64001,111,2.38
231,65535,111,2.55
231,1,121,2.33
231,2001,121,2.45
231,4001,121,3.56
231,6001,121,4.37
231,8001,121,5.42
231,10001,121,5.11
231,12001,121,5.45
231,14001,121,4.2
231,16001,121,3.25
231,18001,121,2.77
231,20001,121,2.61
231,22001,121,2.34
231,24001,121,2.24
231,26001,121,2.13
231,28001,121,2.13
231,30001,121,2.29
231,32001,121,2.3
231,34001,121,2.65
231,36001,121,2.72
231,38001,121,3.52
231,40001,121,3.84
231,42001,121,5.24
231,44001,121,6.1
231,46001,121,4.91
231,48001,121,3.56
231,50001,121,3.69
231,52001,121,3.39
231,54001,121,3.08
231,56001,121,2.68
231,58001,121,2.53
231,60001,121,2.42
231,62001,121,2.12
231,64001,121,2.36
231,65535,121,2.42
231,1,131,2.18
231,2001,131,2.11
231,4001,131,2.57
231,6001,131,4.33
231,8001,131,4.98
231,10001,131,5.51
231,12001,131,5.54
231,14001,131,3.99
231,16001,131,3.41
231,18001,131,2.82
231,20001,131,2.61
231,22001,131,2.48
231,24001,131,2.05
231,26001,131,2.09
231,28001,131,2.05
231,30001,131,2.17
231,32001,131,2.5
231,34001,131,2.44
231,36001,131,2.59
231,38001,131,2.9
231,40001,131,3.41
231,42001,131,4.31
231,44001,131,5.5
231,46001,131,3.96
231,48001,131,3.34
231,50001,131,3.02
231,52001,131,3.44
231,54001,131,2.93
231,56001,131,2.72
231,58001,131,2.36
231,60001,131,2.36
231,62001,131,2.19
231,64001,131,2.23
231,65535,131,2.3
231,1,141,2.16
231,2001,141,2.26
231,4001,141,3.28
231,6001,141,4.3
231,8001,141,5.37
231,10001,141,4.97
231,12001,141,5.0
231,14001,141,3.72
231,16001,141,2.98
231,18001,141,2.7
231,20001,141,2.51
231,22001,141,2.35
231,24001,141,2.26
231,26001,141,2.01
231,28001,141,2.15
231,30001,141,2.01
231,32001,141,2.07
231,34001,141,2.3
231,36001,141,2.52
231,38001,141,2.72
231,40001,141,3.14
231,42001,141,4.21
231,44001,141,4.18
231,46001,141,2.97
231,48001,141,2.94
231,50001,141,3.21
231,52001,141,3.43
231,54001,141,2.71
231,56001,141,2.65
231,58001,141,2.37
231,60001,141,2.27
231,62001,141,2.16
231,64001,141,2.11
231,65535,141,2.06
231,1,151,2.13
231,2001,151,2.0
231,4001,151,2.28
231,6001,151,3.35
231,8001,151,5.23
231,10001,151,5.08
231,12001,151,4.45
231,14001,151,3.99
231,16001,151,3.18
231,18001,151,2.65
231,20001,151,2.5
231,22001,151,2.32
231,24001,151,2.11
231,26001,151,1.98
231,28001,151,1.86
231,30001,151,2.04
231,32001,151,2.14
231,34001,151,2.31
231,36001,151,2.41
231,38001,151,2.5
231,40001,151,2.9
231,42001,151,3.89
231,44001,151,3.87
231,46001,151,2.96
231,48001,151,2.8
231,50001,151,2.83
231,52001,151,2.98
231,54001,151,2.98
231,56001,151,2.49
231,58001,151,2.3
231,60001,151,2.1
231,62001,151,2.16
231,64001,151,1.84
231,65535,151,2.08
231,1,161,2.02
231,2001,161,2.18
231,4001,161,2.65
231,6001,161,3.24
231,8001,161,4.98
231,10001,161,4.83
231,12001,161,5.4
231,14001,161,3.99
231,16001,161,2.99
231,18001,161,2.62
231,20001,161,2.51
231,22001,161,2.24
231,24001,161,2.05
231,26001,161,2.01
231,28001,161,1.87
231,30001,161,2.02
231,32001,161,2.07
231,34001,161,2.16
231,36001,161,2.35
231,38001,161,2.82
231,40001,161,2.99
231,42001,161,3.5
231,44001,161,3.8
231,46001,161,3.0
231,48001,161,2.58
231,50001,161,2.63
231,52001,161,2.95
231,54001,161,2.91
231,56001,161,2.51
231,58001,161,2.29
231,60001,161,2.11
231,62001,161,2.09
231,64001,161,2.09
231,65535,161,1.92
231,1,171,2.0
231,2001,171,1.96
231,4001,171,2.57
231,6001,171,4.55
231,8001,171,5.25
231,10001,171,4.68
231,12001,171,5.16
231,14001,171,3.96
231,16001,171,3.0
231,18001,171,2.66
231,20001,171,2.31
231,22001,171,2.25
231,24001,171,2.0
231,26001,171,1.93
231,28001,171,1.9
231,30001,171,1.89
231,32001,171,2.08
231,34001,171,2.16
231,36001,171,2.21
231,38001,171,2.49
231,40001,171,2.89
231,42001,171,3.34
231,44001,171,2.99
231,46001,171,2.81
231,48001,171,2.21
231,50001,171,2.43
231,52001,171,2.88
231,54001,171,2.66
231,56001,171,2.65
231,58001,171,2.18
231,60001,171,2.18
231,62001,171,1.97
231,64001,171,2.0
231,65535,171,1.84
231,1,181,1.99
231,2001,181,2.0
231,4001,181,2.19
231,6001,181,3.03
231,8001,181,4.9
231,10001,181,4.93
231,12001,181,4.2
231,14001,181,3.81
231,16001,181,2.89
231,18001,181,2.52
231,20001,181,2.29
231,22001,181,2.07
231,24001,181,2.04
231,26001,181,1.98
231,28001,181,2.1
231,30001,181,1.9
231,32001,181,2.14
231,34001,181,2.25
231,36001,181,2.17
231,38001,181,2.38
231,40001,181,2.62
231,42001,181,3.05
231,44001,181,3.1
231,46001,181,2.4
231,48001,181,2.24
231,50001,181,2.25
231,52001,181,2.79
231,54001,181,2.73
231,56001,181,2.19
231,58001,181,2.31
231,60001,181,2.22
231,62001,181,1.92
231,64001,181,2.03
231,65535,181,1.93
231,1,191,1.85
231,2001,191,1.91
231,4001,191,2.29
231,6001,191,2.7
231,8001,191,4.72
231,10001,191,4.52
231,12001,191,4.41
231,14001,191,3.02
231,16001,191,2.96
231,18001,191,2.46
231,20001,191,2.3
231,22001,191,2.09
231,24001,191,1.98
231,26001,191,1.95
231,28001,191,1.95
231,30001,191,1.97
231,32001,191,2.02
231,34001,191,2.01
231,36001,191,2.18
231,38001,191,2.3
231,40001,191,2.64
231,42001,191,3.04
231,44001,191,3.11
231,46001,191,2.16
231,48001,191,2.1
231,50001,191,2.28
231,52001,191,2.82
231,54001,191,2.78
231,56001,191,2.26
231,58001,191,2.19
231,60001,191,2.04
231,62001,191,1.96
231,64001,191,1.93
231,65535,191,1.83
231,1,201,1.69
231,2001,201,1.87
231,4001,201,2.32
231,6001,201,2.56
231,8001,201,4.61
231,10001,201,5.09
231,12001,201,5.14
231,14001,201,3.66
231,16001,201,2.76
231,18001,201,2.6
231,20001,201,2.16
231,22001,201,2.2
231,24001,201,1.95
231,26001,201,1.9
231,28001,201,1.79
231,30001,201,1.95
231,32001,201,1.85
231,34001,201,1.95
231,36001,201,2.18
231,38001,201,2.32
231,40001,201,2.77
231,42001,201,3.04
231,44001,201,2.92
231,46001,201,2.5
231,48001,201,1.83
231,50001,201,2.05
231,52001,201,2.53
231,54001,201,2.45
231,56001,201,2.29
231,58001,201,2.19
231,60001,201,2.07
231,62001,201,1.92
231,64001,201,1.72
231,65535,201,1.71
231,1,211,1.72
231,2001,211,1.92
231,4001,211,2.05
231,6001,211,2.82
231,8001,211,3.48
231,10001,211,4.14
231,12001,211,4.1
231,14001,211,3.21
231,16001,211,2.61
231,18001,211,2.49
231,20001,211,2.29
231,22001,211,2.08
231,24001,211,2.08
231,26001,211,1.95
231,28001,211,1.74
231,30001,211,1.76
231,32001,211,2.03
231,34001,211,2.0
231,36001,211,2.18
231,38001,211,2.55
231,40001,211,2.5
231,42001,211,2.68
231,44001,211,2.97
231,46001,211,2.16
231,48001,211,1.97
231,50001,211,1.97
231,52001,211,2.48
231,54001,211,2.59
231,56001,211,2.41
231,58001,211,2.07
231,60001,211,1.88
231,62001,211,1.93
231,64001,211,1.88
231,65535,211,1.79
231,1,221,1.83
231,2001,221,1.85
231,4001,221,2.03
231,6001,221,2.36
231,8001,221,2.61
231,10001,221,3.0
231,12001,221,3.65
231,14001,221,2.8
231,16001,221,2.49
231,18001,221,2.39
231,20001,221,2.33
231,22001,221,1.97
231,24001,221,1.91
231,26001,221,1.85
231,28001,221,1.89
231,30001,221,1.81
231,32001,221,1.99
231,34001,221,1.9
231,36001,221,2.14
231,38001,221,2.27
231,40001,221,2.43
231,42001,221,2.85
231,44001,221,2.62
231,46001,221,2.19
231,48001,221,1.75
231,50001,221,2.01
231,52001,221,2.46
231,54001,221,2.6
231,56001,221,2.23
231,58001,221,2.14
231,60001,221,1.94
231,62001,221,1.78
231,64001,221,1.67
231,65535,221,1.82
231,1,231,1.87
231,2001,231,1.74
231,4001,231,2.0
231,6001,231,2.11
231,8001,231,2.34
231,10001,231,2.71
231,12001,231,2.9
231,14001,231,2.83
231,16001,231,2.56
231,18001,231,2.21
231,20001,231,2.1
231,22001,231,1.98
231,24001,231,1.92
231,26001,231,1.66
231,28001,231,1.85
231,30001,231,1.81
231,32001,231,1.75
231,34001,231,1.92
231,36001,231,2.04
231,38001,231,2.22
231,40001,231,2.29
231,42001,231,2.42
231,44001,231,2.58
231,46001,231,1.89
231,48001,231,1.82
231,50001,231,1.88
231,52001,231,2.34
231,54001,231,2.47
231,56001,231,2.25
231,58001,231,2.03
231,60001,231,2.02
231,62001,231,1.9
231,64001,231,1.81
231,65535,231,1.7
231,1,241,1.75
231,2001,241,1.63
231,4001,241,1.77
231,6001,241,2.0
231,8001,241,2.25
231,10001,241,2.42
231,12001,241,2.65
231,14001,241,2.82
231,16001,241,2.36
231,18001,241,2.14
231,20001,241,2.07
231,22001,241,1.9
231,24001,241,1.86
231,26001,241,1.86
231,28001,241,1.86
231,30001,241,1.81
231,32001,241,1.79
231,34001,241,1.88
231,36001,241,1.89
231,38001,241,2.15
231,40001,241,2.22
231,42001,241,2.5
231,44001,241,2.6
231,46001,241,2.02
231,48001,241,1.8
231,50001,241,1.83
231,52001,241,2.32
231,54001,241,2.4
231,56001,241,2.15
231,58001,241,1.92
231,60001,241,2.03
231,62001,241,1.8
231,64001,241,1.76
231,65535,241,1.67
231,1,251,1.69
231,2001,251,1.72
231,4001,251,1.84
231,6001,251,2.01
231,8001,251,2.04
231,10001,251,2.46
231,12001,251,2.39
231,14001,251,2.58
231,16001,251,2.36
231,18001,251,2.38
231,20001,251,2.16
231,22001,251,1.99
231,24001,251,1.8
231,26001,251,1.73
231,28001,251,1.75
231,30001,251,1.87
231,32001,251,1.76
231,34001,251,2.13
231,36001,251,1.88
231,38001,251,2.27
231,40001,251,2.35
231,42001,251,2.58
231,44001,251,2.33
231,46001,251,2.1
231,48001,251,1.54
231,50001,251,1.79
231,52001,251,2.23
231,54001,251,2.37
231,56001,251,2.32
231,58001,251,2.03
231,60001,251,1.85
231,62001,251,1.88
231,64001,251,1.84
231,65535,251,1.66
231,1,254,1.75
231,2001,254,1.76
231,4001,254,1.8
231,6001,254,1.89
231,8001,254,1.95
231,10001,254,2.41
231,12001,254,2.45
231,14001,254,2.67
231,16001,254,2.45
231,18001,254,2.24
231,20001,254,2.01
231,22001,254,2.02
231,24001,254,1.73
231,26001,254,1.79
231,28001,254,1.76
231,30001,254,1.82
231,32001,254,1.81
231,34001,254,1.84
231,36001,254,2.01
231,38001,254,1.99
231,40001,254,2.38
231,42001,254,2.59
231,44001,254,2.58
231,46001,254,2.02
231,48001,254,1.6
231,50001,254,1.74
231,52001,254,2.09
231,54001,254,2.35
231,56001,254,2.07
231,58001,254,2.1
231,60001,254,1.81
231,62001,254,1.66
231,64001,254,1.77
231,65535,254,1.61
241,1,1,9.1
241,2001,1,9.03
241,4001,1,8.97
241,6001,1,8.96
241,8001,1,9.01
241,10001,1,8.92
241,12001,1,9.0
241,14001,1,9.1
241,16001,1,9.13
241,18001,1,8.93
241,20001,1,9.06
241,22001,1,9.12
241,24001,1,9.0
241,26001,1,9.33
241,28001,1,9.14
241,30001,1,9.16
241,32001,1,9.19
241,34001,1,9.1
241,36001,1,9.07
241,38001,1,9.05
241,40001,1,9.18
241,42001,1,9.06
241,44001,1,9.29
241,46001,1,9.19
241,48001,1,9.19
241,50001,1,9.27
241,52001,1,9.18
241,54001,1,9.08
241,56001,1,8.94
241,58001,1,9.11
241,60001,1,9.05
241,62001,1,9.14
241,64001,1,9.0
241,65535,1,8.93
241,1,11,7.93
241,2001,11,7.99
241,4001,11,8.35
241,6001,11,8.24
241,8001,11,8.4
241,10001,11,8.57
241,12001,11,8.53
241,14001,11,8.65
241,16001,11,8.3
241,18001,11,8.21
241,20001,11,7.57
241,22001,11,7.13
241,24001,11,6.83
241,26001,11,6.49
241,28001,11,6.48
241,30001,11,6.84
241,32001,11,7.33
241,34001,11,7.67
241,36001,11,8.13
241,38001,11,9.14
241,40001,11,9.42
241,42001,11,9.4
241,44001,11,9.55
241,46001,11,9.51
241,48001,11,9.6
241,50001,11,9.45
241,52001,11,9.47
241,54001,11,9.42
241,56001,11,8.98
241,58001,11,8.82
241,60001,11,8.63
241,62001,11,8.41
241,64001,11,8.23
241,65535,11,7.99
241,1,21,7.05
241,2001,21,7.07
241,4001,21,7.32
241,6001,21,7.76
241,8001,21,8.11
241,10001,21,8.16
241,12001,21,8.33
241,14001,21,7.79
241,16001,21,7.44
241,18001,21,6.88
241,20001,21,6.0
241,22001,21,5.32
241,24001,21,4.85
241,26001,21,4.83
241,28001,21,5.05
241,30001,21,5.1
241,32001,21,5.59
241,34001,21,6.34
241,36001,21,7.21
241,38001,21,8.49
241,40001,21,8.78
241,42001,21,9.35
241,44001,21,9.39
241,46001,21,9.16
241,48001,21,8.44
241,50001,21,8.4
241,52001,21,9.01
241,54001,21,9.1
241,56001,21,8.63
241,58001,21,8.17
241,60001,21,8.18
241,62001,21,7.8
241,64001,21,7.52
241,65535,21,7.03
241,1,31,7.23
241,2001,31,7.15
241,4001,31,6.84
241,6001,31,7.14
241,8001,31,7.6
241,10001,31,7.72
241,12001,31,8.06
241,14001,31,7.16
241,16001,31,6.72
241,18001,31,5.57
241,20001,31,4.98
241,22001,31,4.44
241,24001,31,4.05
241,26001,31,4.0
241,28001,31,4.02
241,30001,31,4.22
241,32001,31,4.68
241,34001,31,5.24
241,36001,31,5.78
241,38001,31,6.71
241,40001,31,8.34
241,42001,31,8.95
241,44001,31,7.94
241,46001,31,7.56
241,48001,31,7.45
241,50001,31,7.37
241,52001,31,8.03
241,54001,31,8.61
241,56001,31,9.29
241,58001,31,9.28
241,60001,31,9.05
241,62001,31,8.3
241,64001,31,8.15
241,65535,31,7.34
241,1,41,7.93
241,2001,41,7.81
241,4001,41,6.54
241,6001,41,6.4
241,8001,41,6.97
241,10001,41,7.61
241,12001,41,7.67
241,14001,41,6.22
241,16001,41,5.9
241,18001,41,4.91
241,20001,41,4.13
241,22001,41,4.13
241,24001,41,3.76
241,26001,41,3.62
241,28001,41,3.37
241,30001,41,3.76
241,32001,41,4.14
241,34001,41,4.98
241,36001,41,5.16
241,38001,41,6.28
241,40001,41,7.96
241,42001,41,8.61
241,44001,41,7.41
241,46001,41,6.64
241,48001,41,6.43
241,50001,41,6.7
241,52001,41,7.68
241,54001,41,8.16
241,56001,41,8.41
241,58001,41,8.38
241,60001,41,8.75
241,62001,41,8.73
241,64001,41,8.69
241,65535,41,8.09
241,1,51,5.85
241,2001,51,6.67
241,4001,51,7.31
241,6001,51,6.31
241,8001,51,6.91
241,10001,51,7.24
241,12001,51,6.84
241,14001,51,6.6
241,16001,51,4.49
241,18001,51,4.42
241,20001,51,4.05
241,22001,51,3.74
241,24001,51,3.44
241,26001,51,3.08
241,28001,51,3.18
241,30001,51,3.19
241,32001,51,3.65
241,34001,51,4.0
241,36001,51,4.51
241,38001,51,6.56
241,40001,51,6.86
241,42001,51,7.76
241,44001,51,6.57
241,46001,51,6.06
241,48001,51,5.69
241,50001,51,5.56
241,52001,51,4.76
241,54001,51,5.01
241,56001,51,4.96
241,58001,51,5.21
241,60001,51,5.5
241,62001,51,5.87
241,64001,51,5.58
241,65535,51,5.78
241,1,61,4.45
241,2001,61,4.8
241,4001,61,6.73
241,6001,61,5.96
241,8001,61,6.32
241,10001,61,7.09
241,12001,61,7.24
241,14001,61,6.14
241,16001,61,4.55
241,18001,61,4.15
241,20001,61,3.55
241,22001,61,3.63
241,24001,61,3.03
241,26001,61,3.16
241,28001,61,2.99
241,30001,61,3.12
241,32001,61,3.27
241,34001,61,3.54
241,36001,61,4.15
241,38001,61,5.62
241,40001,61,7.06
241,42001,61,6.92
241,44001,61,5.88
241,46001,61,5.8
241,48001,61,6.17
241,50001,61,5.34
241,52001,61,4.36
241,54001,61,3.73
241,56001,61,3.95
241,58001,61,4.05
241,60001,61,4.21
241,62001,61,4.33
241,64001,61,4.29
241,65535,61,4.32
241,1,71,3.81
241,2001,71,3.94
241,4001,71,5.17
241,6001,71,6.61
241,8001,71,5.9
241,10001,71,6.67
241,12001,71,6.04
241,14001,71,5.75
241,16001,71,4.35
241,18001,71,3.89
241,20001,71,3.5
241,22001,71,3.15
241,24001,71,3.04
241,26001,71,2.93
241,28001,71,2.79
241,30001,71,2.85
241,32001,71,3.08
241,34001,71,3.37
241,36001,71,3.82
241,38001,71,4.53
241,40001,71,6.12
241,42001,71,5.84
241,44001,71,5.49
241,46001,71,5.87
241,48001,71,6.4
241,50001,71,5.43
241,52001,71,4.49
241,54001,71,3.77
241,56001,71,3.49
241,58001,71,3.44
241,60001,71,3.48
241,62001,71,3.51
241,64001,71,3.6
241,65535,71,3.69
241,1,81,3.36
241,2001,81,3.34
241,4001,81,4.99
241,6001,81,6.2
241,8001,81,5.73
241,10001,81,6.15
241,12001,81,6.16
241,14001,81,4.87
241,16001,81,3.88
241,18001,81,3.88
241,20001,81,3.24
241,22001,81,3.08
241,24001,81,2.92
241,26001,81,2.62
241,28001,81,2.66
241,30001,81,2.84
241,32001,81,2.82
241,34001,81,3.22
241,36001,81,3.44
241,38001,81,4.1
241,40001,81,5.51
241,42001,81,5.64
241,44001,81,5.43
241,46001,81,5.79
241,48001,81,6.26
241,50001,81,4.98
241,52001,81,3.99
241,54001,81,3.86
241,56001,81,3.4
241,58001,81,2.96
241,60001,81,3.2
241,62001,81,3.26
241,64001,81,3.06
241,65535,81,3.27
241,1,91,3.07
241,2001,91,3.57
241,4001,91,3.97
241,6001,91,6.23
241,8001,91,5.72
241,10001,91,5.93
241,12001,91,6.41
241,14001,91,4.87
241,16001,91,4.04
241,18001,91,3.44
241,20001,91,3.11
241,22001,91,2.91
241,24001,91,2.72
241,26001,91,2.69
241,28001,91,2.57
241,30001,91,2.66
241,32001,91,2.8
241,34001,91,3.25
241,36001,91,3.4
241,38001,91,4.32
241,40001,91,5.0
241,42001,91,5.76
241,44001,91,5.37
241,46001,91,6.13
241,48001,91,5.65
241,50001,91,4.3
241,52001,91,3.81
241,54001,91,3.57
241,56001,91,3.11
241,58001,91,2.94
241,60001,91,2.71
241,62001,91,2.93
241,64001,91,2.98
241,65535,91,2.92
241,1,101,2.91
241,2001,101,2.76
241,4001,101,3.82
241,6001,101,5.71
241,8001,101,5.55
241,10001,101,5.94
241,12001,101,6.43
241,14001,101,5.03
241,16001,101,4.01
241,18001,101,3.36
241,20001,101,3.09
241,22001,101,2.74
241,24001,101,2.68
241,26001,101,2.45
241,28001,101,2.37
241,30001,101,2.62
241,32001,101,2.66
241,34001,101,2.86
241,36001,101,3.46
241,38001,101,3.65
241,40001,101,5.03
241,42001,101,5.75
241,44001,101,5.52
241,46001,101,5.92
241,48001,101,5.15
241,50001,101,4.42
241,52001,101,4.08
241,54001,101,3.52
241,56001,101,3.07
241,58001,101,2.67
241,60001,101,2.73
241,62001,101,2.65
241,64001,101,2.71
241,65535,101,2.69
241,1,111,2.72
241,2001,111,2.78
241,4001,111,3.73
241,6001,111,4.76
241,8001,111,5.59
241,10001,111,5.83
241,12001,111,5.56
241,14001,111,4.19
241,16001,111,3.74
241,18001,111,3.23
241,20001,111,2.82
241,22001,111,2.87
241,24001,111,2.5
241,26001,111,2.39
241,28001,111,2.39
241,30001,111,2.48
241,32001,111,2.6
241,34001,111,2.64
241,36001,111,2.93
241,38001,111,3.74
241,40001,111,4.94
241,42001,111,6.01
241,44001,111,6.07
241,46001,111,5.73
241,48001,111,4.36
241,50001,111,4.4
241,52001,111,4.09
241,54001,111,3.34
241,56001,111,3.02
241,58001,111,2.7
241,60001,111,2.58
241,62001,111,2.54
241,64001,111,2.52
241,65535,111,2.53
241,1,121,2.47
241,2001,121,2.51
241,4001,121,3.23
241,6001,121,4.21
241,8001,121,5.86
241,10001,121,5.52
241,12001,121,5.49
241,14001,121,4.17
241,16001,121,3.71
241,18001,121,3.31
241,20001,121,2.98
241,22001,121,2.67
241,24001,121,2.41
241,26001,121,2.32
241,28001,121,2.32
241,30001,121,2.44
241,32001,121,2.54
241,34001,121,2.56
241,36001,121,2.92
241,38001,121,3.43
241,40001,121,4.06
241,42001,121,5.8
241,44001,121,5.5
241,46001,121,4.75
241,48001,121,3.81
241,50001,121,3.85
241,52001,121,3.79
241,54001,121,3.06
241,56001,121,3.05
241,58001,121,2.74
241,60001,121,2.52
241,62001,121,2.53
241,64001,121,2.38
241,65535,121,2.49
241,1,131,2.27
241,2001,131,2.56
241,4001,131,3.32
241,6001,131,3.85
241,8001,131,5.7
241,10001,131,5.8
241,12001,131,5.94
241,14001,131,4.59
241,16001,131,3.52
241,18001,131,2.96
241,20001,131,2.89
241,22001,131,2.57
241,24001,131,2.4
241,26001,131,2.35
241,28001,131,2.27
241,30001,131,2.38
241,32001,131,2.59
241,34001,131,2.85
241,36001,131,2.83
241,38001,131,3.1
241,40001,131,4.13
241,42001,131,4.53
241,44001,131,5.94
241,46001,131,4.39
241,48001,131,3.38
241,50001,131,3.83
241,52001,131,3.87
241,54001,131,3.16
241,56001,131,2.8
241,58001,131,2.68
241,60001,131,2.51
241,62001,131,2.27
241,64001,131,2.36
241,65535,131,2.38
241,1,141,2.27
241,2001,141,2.27
241,4001,141,2.89
241,6001,141,4.85
241,8001,141,5.48
241,10001,141,5.74
241,12001,141,6.01
241,14001,141,4.28
241,16001,141,3.43
241,18001,141,2.99
241,20001,141,2.68
241,22001,141,2.43
241,24001,141,2.36
241,26001,141,2.09
241,28001,141,2.17
241,30001,141,2.24
241,32001,141,2.35
241,34001,141,2.43
241,36001,141,2.48
241,38001,141,3.02
241,40001,141,3.55
241,42001,141,4.91
241,44001,141,5.2
241,46001,141,3.82
241,48001,141,3.25
241,50001,141,3.16
241,52001,141,3.72
241,54001,141,3.06
241,56001,141,2.63
241,58001,141,2.56
241,60001,141,2.35
241,62001,141,2.12
241,64001,141,2.09
241,65535,141,2.13
241,1,151,2.26
241,2001,151,2.32
241,4001,151,2.97
241,6001,151,3.47
241,8001,151,5.67
241,10001,151,5.43
241,12001,151,4.91
241,14001,151,4.31
241,16001,151,3.36
241,18001,151,2.82
241,20001,151,2.55
241,22001,151,2.4
241,24001,151,2.27
241,26001,151,2.19
241,28001,151,2.13
241,30001,151,2.3
241,32001,151,2.45
241,34001,151,2.49
241,36001,151,2.57
241,38001,151,2.77
241,40001,151,3.29
241,42001,151,4.38
241,44001,151,4.78
241,46001,151,3.43
241,48001,151,2.84
241,50001,151,3.14
241,52001,151,3.44
241,54001,151,2.95
241,56001,151,2.64
241,58001,151,2.62
241,60001,151,2.37
241,62001,151,2.26
241,64001,151,2.11
241,65535,151,2.05
241,1,161,2.18
241,2001,161,2.28
241,4001,161,2.69
241,6001,161,4.91
241,8001,161,5.76
241,10001,161,5.28
241,12001,161,5.86
241,14001,161,4.29
241,16001,161,3.34
241,18001,161,2.83
241,20001,161,2.49
241,22001,161,2.48
241,24001,161,2.26
241,26001,161,2.22
241,28001,161,1.94
241,30001,161,2.1
241,32001,161,2.26
241,34001,161,2.43
241,36001,161,2.66
241,38001,161,2.72
241,40001,161,3.26
241,42001,161,3.64
241,44001,161,4.06
241,46001,161,3.08
241,48001,161,2.55
241,50001,161,3.04
241,52001,161,3.26
241,54001,161,3.19
241,56001,161,2.71
241,58001,161,2.57
241,60001,161,2.18
241,62001,161,2.31
241,64001,161,2.04
241,65535,161,2.1
241,1,171,2.06
241,2001,171,2.15
241,4001,171,2.58
241,6001,171,4.62
241,8001,171,5.62
241,10001,171,5.08
241,12001,171,5.72
241,14001,171,4.04
241,16001,171,3.25
241,18001,171,2.62
241,20001,171,2.49
241,22001,171,2.33
241,24001,171,2.29
241,26001,171,2.1
241,28001,171,1.99
241,30001,171,2.13
241,32001,171,2.18
241,34001,171,2.31
241,36001,171,2.43
241,38001,171,2.56
241,40001,171,2.95
241,42001,171,3.64
241,44001,171,3.88
241,46001,171,3.04
241,48001,171,2.59
241,50001,171,2.73
241,52001,171,3.1
241,54001,171,3.04
241,56001,171,2.58
241,58001,171,2.54
241,60001,171,2.27
241,62001,171,2.13
241,64001,171,1.99
241,65535,171,2.13
241,1,181,2.1
241,2001,181,2.05
241,4001,181,2.43
241,6001,181,3.85
241,8001,181,4.92
241,10001,181,4.9
241,12001,181,5.21
241,14001,181,3.25
241,16001,181,3.26
241,18001,181,2.7
241,20001,181,2.47
241,22001,181,2.38
241,24001,181,2.1
241,26001,181,2.07
241,28001,181,1.97
241,30001,181,1.97
241,32001,181,2.14
241,34001,181,2.25
241,36001,181,2.28
241,38001,181,2.58
241,40001,181,2.92
241,42001,181,3.4
241,44001,181,3.66
241,46001,181,2.61
241,48001,181,2.44
241,50001,181,2.25
241,52001,181,3.03
241,54001,181,2.88
241,56001,181,2.51
241,58001,181,2.27
241,60001,181,2.16
241,62001,181,2.09
241,64001,181,1.91
241,65535,181,1.99
241,1,191,1.91
241,2001,191,1.91
241,4001,191,2.2
241,6001,191,3.13
241,8001,191,5.0
241,10001,191,5.32
241,12001,191,5.52
241,14001,191,3.69
241,16001,191,3.16
241,18001,191,2.87
241,20001,191,2.46
241,22001,191,2.31
241,24001,191,2.12
241,26001,191,1.99
241,28001,191,2.03
241,30001,191,2.14
241,32001,191,2.06
241,34001,191,2.15
241,36001,191,2.26
241,38001,191,2.51
241,40001,191,2.79
241,42001,191,3.42
241,44001,191,3.44
241,46001,191,2.74
241,48001,191,2.38
241,50001,191,2.33
241,52001,191,2.94
241,54001,191,2.78
241,56001,191,2.54
241,58001,191,2.29
241,60001,191,2.2
241,62001,191,2.03
241,64001,191,2.0
241,65535,191,1.95
241,1,201,1.99
241,2001,201,2.05
241,4001,201,2.34
241,6001,201,2.72
241,8001,201,5.0
241,10001,201,5.44
241,12001,201,4.94
241,14001,201,3.4
241,16001,201,3.21
241,18001,201,2.61
241,20001,201,2.47
241,22001,201,2.18
241,24001,201,2.03
241,26001,201,2.02
241,28001,201,1.99
241,30001,201,1.97
241,32001,201,2.03
241,34001,201,2.24
241,36001,201,2.23
241,38001,201,2.36
241,40001,201,2.7
241,42001,201,3.08
241,44001,201,2.72
241,46001,201,2.52
241,48001,201,2.17
241,50001,201,2.4
241,52001,201,2.82
241,54001,201,2.74
241,56001,201,2.43
241,58001,201,2.33
241,60001,201,2.14
241,62001,201,2.08
241,64001,201,2.04
241,65535,201,1.78
241,1,211,1.89
241,2001,211,1.97
241,4001,211,2.31
241,6001,211,2.83
241,8001,211,3.86
241,10001,211,4.69
241,12001,211,3.92
241,14001,211,3.61
241,16001,211,2.96
241,18001,211,2.65
241,20001,211,2.38
241,22001,211,2.11
241,24001,211,2.12
241,26001,211,2.02
241,28001,211,1.95
241,30001,211,2.06
241,32001,211,2.13
241,34001,211,2.1
241,36001,211,2.41
241,38001,211,2.49
241,40001,211,2.59
241,42001,211,3.08
241,44001,211,2.93
241,46001,211,2.32
241,48001,211,2.06
241,50001,211,2.2
241,52001,211,2.7
241,54001,211,2.87
241,56001,211,2.51
241,58001,211,2.18
241,60001,211,2.14
241,62001,211,1.86
241,64001,211,1.95
241,65535,211,1.97
241,1,221,2.05
241,2001,221,1.79
241,4001,221,2.12
241,6001,221,2.56
241,8001,221,3.0
241,10001,221,3.74
241,12001,221,3.96
241,14001,221,3.19
241,16001,221,2.86
241,18001,221,2.58
241,20001,221,2.31
241,22001,221,2.03
241,24001,221,1.99
241,26001,221,2.01
241,28001,221,1.98
241,30001,221,1.93
241,32001,221,1.99
241,34001,221,2.08
241,36001,221,2.12
241,38001,221,2.38
241,40001,221,2.62
241,42001,221,2.84
241,44001,221,2.84
241,46001,221,2.29
241,48001,221,1.97
241,50001,221,2.08
241,52001,221,2.39
241,54001,221,2.65
241,56001,221,2.43
241,58001,221,2.15
241,60001,221,2.03
241,62001,221,1.97
241,64001,221,1.93
241,65535,221,1.82
241,1,231,1.81
241,2001,231,1.93
241,4001,231,2.22
241,6001,231,2.21
241,8001,231,2.46
241,10001,231,2.96
241,12001,231,3.31
241,14001,231,2.95
241,16001,231,2.79
241,18001,231,2.5
241,20001,231,2.34
241,22001,231,2.21
241,24001,231,2.05
241,26001,231,1.83
241,28001,231,1.94
241,30001,231,2.02
241,32001,231,1.99
241,34001,231,2.2
241,36001,231,2.12
241,38001,231,2.3
241,40001,231,2.42
241,42001,231,2.68
241,44001,231,2.72
241,46001,231,2.1
241,48001,231,1.82
241,50001,231,1.96
241,52001,231,2.64
241,54001,231,2.7
241,56001,231,2.4
241,58001,231,2.09
241,60001,231,2.02
241,62001,231,1.92
241,64001,231,1.84
241,65535,231,1.93
241,1,241,1.76
241,2001,241,1.75
241,4001,241,1.89
241,6001,241,2.2
241,8001,241,2.18
241,10001,241,2.49
241,12001,241,2.84
241,14001,241,2.81
241,16001,241,2.59
241,18001,241,2.25
241,20001,241,2.16
241,22001,241,2.28
241,24001,241,2.0
241,26001,241,1.98
241,28001,241,1.88
241,30001,241,1.83
241,32001,241,1.98
241,34001,241,1.95
241,36001,241,2.09
241,38001,241,2.23
241,40001,241,2.46
241,42001,241,2.6
241,44001,241,2.66
241,46001,241,2.16
241,48001,241,1.75
241,50001,241,1.85
241,52001,241,2.29
241,54001,241,2.58
241,56001,241,2.27
241,58001,241,2.2
241,60001,241,2.07
241,62001,241,1.94
241,64001,241,1.83
241,65535,241,1.86
241,1,251,1.89
241,2001,251,1.76
241,4001,251,1.84
241,6001,251,2.2
241,8001,251,2.18
241,10001,251,2.53
241,12001,251,2.79
241,14001,251,3.01
241,16001,251,2.56
241,18001,251,2.43
241,20001,251,2.2
241,22001,251,2.0
241,24001,251,1.92
241,26001,251,1.95
241,28001,251,1.83
241,30001,251,1.86
241,32001,251,2.0
241,34001,251,1.83
241,36001,251,2.13
241,38001,251,2.29
241,40001,251,2.4
241,42001,251,2.67
241,44001,251,2.72
241,46001,251,2.11
241,48001,251,1.77
241,50001,251,1.88
241,52001,251,2.33
241,54001,251,2.7
241,56001,251,2.46
241,58001,251,2.2
241,60001,251,1.99
241,62001,251,1.91
241,64001,251,1.89
241,65535,251,1.72
241,1,254,1.9
241,2001,254,1.75
241,4001,254,1.9
241,6001,254,1.93
241,8001,254,2.33
241,10001,254,2.39
241,12001,254,2.68
241,14001,254,2.9
241,16001,254,2.5
241,18001,254,2.16
241,20001,254,2.19
241,22001,254,2.02
241,24001,254,1.99
241,26001,254,1.93
241,28001,254,1.9
241,30001,254,1.9
241,32001,254,1.88
241,34001,254,2.05
241,36001,254,2.02
241,38001,254,2.28
241,40001,254,2.32
241,42001,254,2.69
241,44001,254,2.56
241,46001,254,2.14
241,48001,254,1.82
241,50001,254,1.84
241,52001,254,2.24
241,54001,254,2.46
241,56001,254,2.3
241,58001,254,2.18
241,60001,254,2.05
241,62001,254,1.99
241,64001,254,1.86
241,65535,254,1.67
251,1,1,9.68
251,2001,1,9.72
251,4001,1,9.68
251,6001,1,9.59
251,8001,1,9.79
251,10001,1,9.92
251,12001,1,9.78
251,14001,1,9.8
251,16001,1,9.65
251,18001,1,9.81
251,20001,1,9.87
251,22001,1,9.84
251,24001,1,9.73
251,26001,1,9.95
251,28001,1,1.71
251,30001,1,9.78
251,32001,1,9.92
251,34001,1,9.98
251,36001,1,9.76
251,38001,1,9.87
251,40001,1,9.81
251,42001,1,9.87
251,44001,1,9.95
251,46001,1,9.79
251,48001,1,9.82
251,50001,1,9.92
251,52001,1,9.79
251,54001,1,9.95
251,56001,1,9.83
251,58001,1,9.87
251,60001,1,9.74
251,62001,1,9.7
251,64001,1,9.83
251,65535,1,9.7
251,1,11,8.55
251,2001,11,8.55
251,4001,11,8.7
251,6001,11,9.06
251,8001,11,9.18
251,10001,11,9.15
251,12001,11,9.38
251,14001,11,9.38
251,16001,11,8.8
251,18001,11,8.59
251,20001,11,8.21
251,22001,11,7.51
251,24001,11,7.37
251,26001,11,7.08
251,28001,11,7.12
251,30001,11,7.55
251,32001,11,8.12
251,34001,11,8.17
251,36001,11,8.88
251,38001,11,9.29
251,40001,11,10.35
251,42001,11,10.32
251,44001,11,10.3
251,46001,11,10.24
251,48001,11,10.27
251,50001,11,10.31
251,52001,11,10.25
251,54001,11,10.1
251,56001,11,9.83
251,58001,11,9.54
251,60001,11,9.16
251,62001,11,9.07
251,64001,11,8.85
251,65535,11,8.62
251,1,21,7.49
251,2001,21,7.73
251,4001,21,8.14
251,6001,21,8.24
251,8001,21,8.48
251,10001,21,8.75
251,12001,21,9.11
251,14001,21,8.84
251,16001,21,7.72
251,18001,21,6.95
251,20001,21,6.63
251,22001,21,6.13
251,24001,21,5.26
251,26001,21,5.27
251,28001,21,5.14
251,30001,21,5.73
251,32001,21,6.01
251,34001,21,6.53
251,36001,21,7.67
251,38001,21,8.97
251,40001,21,9.95
251,42001,21,10.07
251,44001,21,9.92
251,46001,21,9.89
251,48001,21,9.0
251,50001,21,9.13
251,52001,21,9.75
251,54001,21,9.6
251,56001,21,9.25
251,58001,21,8.96
251,60001,21,8.68
251,62001,21,8.29
251,64001,21,7.93
251,65535,21,7.6
251,1,31,7.7
251,2001,31,7.75
251,4001,31,7.25
251,6001,31,7.69
251,8001,31,8.27
251,10001,31,8.51
251,12001,31,8.57
251,14001,31,8.11
251,16001,31,6.77
251,18001,31,6.27
251,20001,31,5.48
251,22001,31,4.86
251,24001,31,4.38
251,26001,31,4.22
251,28001,31,4.21
251,30001,31,4.8
251,32001,31,4.92
251,34001,31,6.18
251,36001,31,6.31
251,38001,31,7.44
251,40001,31,8.86
251,42001,31,9.69
251,44001,31,8.68
251,46001,31,8.32
251,48001,31,7.97
251,50001,31,8.25
251,52001,31,8.61
251,54001,31,9.18
251,56001,31,9.92
251,58001,31,9.99
251,60001,31,9.2
251,62001,31,9.09
251,64001,31,8.44
251,65535,31,8.01
251,1,41,8.45
251,2001,41,7.6
251,4001,41,7.28
251,6001,41,7.39
251,8001,41,7.72
251,10001,41,8.13
251,12001,41,8.17
251,14001,41,7.16
251,16001,41,5.78
251,18001,41,5.47
251,20001,41,4.65
251,22001,41,4.3
251,24001,41,4.08
251,26001,41,3.79
251,28001,41,3.75
251,30001,41,4.11
251,32001,41,4.68
251,34001,41,4.86
251,36001,41,5.8
251,38001,41,6.29
251,40001,41,7.99
251,42001,41,8.4
251,44001,41,7.32
251,46001,41,7.19
251,48001,41,6.96
251,50001,41,7.84
251,52001,41,8.23
251,54001,41,8.51
251,56001,41,8.79
251,58001,41,9.06
251,60001,41,9.34
251,62001,41,9.47
251,64001,41,9.27
251,65535,41,8.64
251,1,51,6.36
251,2001,51,6.27
251,4001,51,7.74
251,6001,51,6.96
251,8001,51,7.63
251,10001,51,7.64
251,12001,51,7.49
251,14001,51,6.03
251,16001,51,5.67
251,18001,51,4.76
251,20001,51,4.45
251,22001,51,3.94
251,24001,51,3.72
251,26001,51,3.47
251,28001,51,3.4
251,30001,51,3.8
251,32001,51,3.91
251,34001,51,4.16
251,36001,51,4.78
251,38001,51,5.79
251,40001,51,7.26
251,42001,51,8.02
251,44001,51,6.55
251,46001,51,6.45
251,48001,51,6.34
251,50001,51,5.58
251,52001,51,5.1
251,54001,51,5.33
251,56001,51,5.43
251,58001,51,5.95
251,60001,51,6.09
251,62001,51,6.11
251,64001,51,6.18
251,65535,51,6.25
251,1,61,4.75
251,2001,61,6.64
251,4001,61,7.29
251,6001,61,6.73
251,8001,61,7.24
251,10001,61,7.23
251,12001,61,7.71
251,14001,61,6.43
251,16001,61,4.99
251,18001,61,4.31
251,20001,61,3.99
251,22001,61,3.75
251,24001,61,3.48
251,26001,61,3.32
251,28001,61,3.23
251,30001,61,3.36
251,32001,61,3.9
251,34001,61,4.13
251,36001,61,4.25
251,38001,61,5.27
251,40001,61,7.15
251,42001,61,6.6
251,44001,61,6.55
251,46001,61,6.7
251,48001,61,6.02
251,50001,61,5.64
251,52001,61,4.27
251,54001,61,4.37
251,56001,61,4.12
251,58001,61,4.21
251,60001,61,4.36
251,62001,61,4.55
251,64001,61,4.7
251,65535,61,4.8
251,1,71,4.0
251,2001,71,4.01
251,4001,71,5.91
251,6001,71,6.82
251,8001,71,6.81
251,10001,71,7.56
251,12001,71,7.33
251,14001,71,5.84
251,16001,71,4.69
251,18001,71,4.35
251,20001,71,3.51
251,22001,71,3.48
251,24001,71,3.15
251,26001,71,3.06
251,28001,71,2.9
251,30001,71,3.14
251,32001,71,3.35
251,34001,71,3.48
251,36001,71,4.07
251,38001,71,5.27
251,40001,71,6.91
251,42001,71,6.93
251,44001,71,5.87
251,46001,71,5.98
251,48001,71,6.91
251,50001,71,5.8
251,52001,71,4.58
251,54001,71,3.96
251,56001,71,3.68
251,58001,71,3.56
251,60001,71,3.58
251,62001,71,3.68
251,64001,71,3.85
251,65535,71,3.99
251,1,81,3.54
251,2001,81,4.14
251,4001,81,4.71
251,6001,81,6.93
251,8001,81,6.44
251,10001,81,6.63
251,12001,81,7.18
251,14001,81,5.52
251,16001,81,4.46
251,18001,81,3.79
251,20001,81,3.59
251,22001,81,3.3
251,24001,81,2.98
251,26001,81,2.88
251,28001,81,2.74
251,30001,81,2.89
251,32001,81,3.2
251,34001,81,3.45
251,36001,81,3.98
251,38001,81,4.96
251,40001,81,5.92
251,42001,81,6.41
251,44001,81,5.71
251,46001,81,6.51
251,48001,81,5.99
251,50001,81,5.55
251,52001,81,4.49
251,54001,81,4.07
251,56001,81,3.46
251,58001,81,3.48
251,60001,81,3.34
251,62001,81,3.32
251,64001,81,3.36
251,65535,81,3.4
251,1,91,3.17
251,2001,91,3.55
251,4001,91,5.24
251,6001,91,6.51
251,8001,91,6.06
251,10001,91,6.94
251,12001,91,7.03
251,14001,91,5.42
251,16001,91,4.31
251,18001,91,3.94
251,20001,91,3.46
251,22001,91,3.25
251,24001,91,2.86
251,26001,91,2.79
251,28001,91,2.63
251,30001,91,2.87
251,32001,91,2.84
251,34001,91,3.28
251,36001,91,3.53
251,38001,91,4.69
251,40001,91,6.18
251,42001,91,5.73
251,44001,91,5.73
251,46001,91,6.54
251,48001,91,6.85
251,50001,91,5.7
251,52001,91,4.42
251,54001,91,3.84
251,56001,91,3.3
251,58001,91,3.2
251,60001,91,3.01
251,62001,91,2.97
251,64001,91,3.09
251,65535,91,3.2
251,1,101,3.15
251,2001,101,3.12
251,4001,101,5.29
251,6001,101,5.94
251,8001,101,6.06
251,10001,101,6.26
251,12001,101,6.82
251,14001,101,5.18
251,16001,101,4.22
251,18001,101,3.37
251,20001,101,3.51
251,22001,101,2.96
251,24001,101,2.87
251,26001,101,2.71
251,28001,101,2.71
251,30001,101,2.86
251,32001,101,3.05
251,34001,101,3.2
251,36001,101,3.5
251,38001,101,4.55
251,40001,101,5.29
251,42001,101,6.09
251,44001,101,5.9
251,46001,101,6.32
251,48001,101,5.42
251,50001,101,4.92
251,52001,101,4.04
251,54001,101,3.34
251,56001,101,3.2
251,58001,101,3.04
251,60001,101,2.85
251,62001,101,2.7
251,64001,101,2.81
251,65535,101,2.84
251,1,111,2.71
251,2001,111,3.04
251,4001,111,3.48
251,6001,111,5.01
251,8001,111,5.98
251,10001,111,6.4
251,12001,111,5.72
251,14001,111,5.27
251,16001,111,4.01
251,18001,111,3.48
251,20001,111,3.35
251,22001,111,2.97
251,24001,111,2.57
251,26001,111,2.56
251,28001,111,2.52
251,30001,111,2.48
251,32001,111,2.77
251,34001,111,2.86
251,36001,111,3.15
251,38001,111,3.94
251,40001,111,5.39
251,42001,111,6.41
251,44001,111,6.48
251,46001,111,6.49
251,48001,111,4.58
251,50001,111,4.65
251,52001,111,4.57
251,54001,111,3.57
251,56001,111,3.24
251,58001,111,2.92
251,60001,111,2.67
251,62001,111,2.49
251,64001,111,2.81
251,65535,111,2.72
251,1,121,2.62
251,2001,121,2.8
251,4001,121,3.84
251,6001,121,4.56
251,8001,121,6.04
251,10001,121,6.29
251,12001,121,6.65
251,14001,121,4.98
251,16001,121,3.86
251,18001,121,3.46
251,20001,121,3.03
251,22001,121,2.8
251,24001,121,2.55
251,26001,121,2.4
251,28001,121,2.37
251,30001,121,2.59
251,32001,121,2.68
251,34001,121,2.69
251,36001,121,3.2
251,38001,121,3.78
251,40001,121,5.09
251,42001,121,5.81
251,44001,121,6.56
251,46001,121,5.7
251,48001,121,4.17
251,50001,121,4.19
251,52001,121,4.0
251,54001,121,3.31
251,56001,121,3.24
251,58001,121,2.8
251,60001,121,2.73
251,62001,121,2.51
251,64001,121,2.44
251,65535,121,2.73
251,1,131,2.68
251,2001,131,2.85
251,4001,131,3.03
251,6001,131,4.23
251,8001,131,6.1
251,10001,131,6.14
251,12001,131,5.4
251,14001,131,4.12
251,16001,131,3.91
251,18001,131,3.27
251,20001,131,2.94
251,22001,131,2.71
251,24001,131,2.4
251,26001,131,2.5
251,28001,131,0.62
251,30001,131,2.31
251,32001,131,2.69
251,34001,131,2.9
251,36001,131,3.16
251,38001,131,3.16
251,40001,131,3.99
251,42001,131,5.75
251,44001,131,6.66
251,46001,131,4.78
251,48001,131,3.7
251,50001,131,3.97
251,52001,131,3.69
251,54001,131,3.54
251,56001,131,3.02
251,58001,131,2.89
251,60001,131,2.67
251,62001,131,2.46
251,64001,131,2.46
251,65535,131,2.45
251,1,141,2.56
251,2001,141,2.34
251,4001,141,2.88
251,6001,141,4.5
251,8001,141,5.62
251,10001,141,5.61
251,12001,141,6.15
251,14001,141,4.39
251,16001,141,3.72
251,18001,141,3.3
251,20001,141,2.82
251,22001,141,2.65
251,24001,141,2.45
251,26001,141,2.45
251,28001,141,2.19
251,30001,141,2.28
251,32001,141,2.49
251,34001,141,2.69
251,36001,141,2.8
251,38001,141,3.12
251,40001,141,3.66
251,42001,141,5.0
251,44001,141,4.63
251,46001,141,4.34
251,48001,141,3.44
251,50001,141,3.68
251,52001,141,3.86
251,54001,141,3.24
251,56001,141,3.01
251,58001,141,2.72
251,60001,141,2.37
251,62001,141,2.46
251,64001,141,2.23
251,65535,141,2.44
251,1,151,2.34
251,2001,151,2.35
251,4001,151,3.03
251,6001,151,5.07
251,8001,151,6.22
251,10001,151,5.73
251,12001,151,5.44
251,14001,151,3.93
251,16001,151,3.51
251,18001,151,3.13
251,20001,151,2.71
251,22001,151,2.5
251,24001,151,2.43
251,26001,151,2.37
251,28001,151,2.28
251,30001,151,2.39
251,32001,151,2.48
251,34001,151,2.56
251,36001,151,2.94
251,38001,151,3.09
251,40001,151,3.96
251,42001,151,4.37
251,44001,151,4.99
251,46001,151,3.77
251,48001,151,3.17
251,50001,151,3.25
251,52001,151,3.37
251,54001,151,3.24
251,56001,151,2.94
251,58001,151,2.48
251,60001,151,2.46
251,62001,151,2.36
251,64001,151,2.33
251,65535,151,2.36
251,1,161,2.4
251,2001,161,2.4
251,4001,161,2.68
251,6001,161,3.87
251,8001,161,5.71
251,10001,161,6.03
251,12001,161,5.99
251,14001,161,4.31
251,16001,161,3.61
251,18001,161,2.84
251,20001,161,2.78
251,22001,161,2.43
251,24001,161,2.39
251,26001,161,2.12
251,28001,161,2.37
251,30001,161,2.13
251,32001,161,2.35
251,34001,161,2.53
251,36001,161,2.59
251,38001,161,2.65
251,40001,161,3.23
251,42001,161,4.08
251,44001,161,3.88
251,46001,161,3.06
251,48001,161,2.85
251,50001,161,2.93
251,52001,161,3.61
251,54001,161,3.31
251,56001,161,2.89
251,58001,161,2.56
251,60001,161,2.35
251,62001,161,2.33
251,64001,161,2.22
251,65535,161,2.21
251,1,171,2.31
251,2001,171,2.49
251,4001,171,2.65
251,6001,171,4.1
251,8001,171,6.22
251,10001,171,5.28
251,12001,171,5.79
251,14001,171,3.96
251,16001,171,3.29
251,18001,171,3.1
251,20001,171,2.65
251,22001,171,2.45
251,24001,171,2.22
251,26001,171,2.1
251,28001,171,2.28
251,30001,171,2.35
251,32001,171,2.34
251,34001,171,2.38
251,36001,171,2.56
251,38001,171,2.75
251,40001,171,3.17
251,42001,171,3.84
251,44001,171,3.74
251,46001,171,3.0
251,48001,171,2.79
251,50001,171,2.88
251,52001,171,3.19
251,54001,171,3.19
251,56001,171,2.83
251,58001,171,2.53
251,60001,171,2.43
251,62001,171,2.33
251,64001,171,2.18
251,65535,171,2.19
251,1,181,2.07
251,2001,181,2.29
251,4001,181,2.63
251,6001,181,3.8
251,8001,181,6.01
251,10001,181,5.27
251,12001,181,4.41
251,14001,181,4.31
251,16001,181,2.99
251,18001,181,2.64
251,20001,181,2.69
251,22001,181,2.51
251,24001,181,2.22
251,26001,181,2.07
251,28001,181,2.07
251,30001,181,2.22
251,32001,181,2.41
251,34001,181,2.46
251,36001,181,2.36
251,38001,181,2.87
251,40001,181,3.29
251,42001,181,3.65
251,44001,181,3.96
251,46001,181,3.03
251,48001,181,2.37
251,50001,181,2.66
251,52001,181,3.23
251,54001,181,3.06
251,56001,181,2.53
251,58001,181,2.41
251,60001,181,2.31
251,62001,181,2.21
251,64001,181,2.03
251,65535,181,2.02
251,1,191,1.99
251,2001,191,2.15
251,4001,191,2.39
251,6001,191,3.51
251,8001,191,5.31
251,10001,191,5.82
251,12001,191,5.92
251,14001,191,4.32
251,16001,191,3.23
251,18001,191,3.01
251,20001,191,2.63
251,22001,191,2.39
251,24001,191,2.28
251,26001,191,2.18
251,28001,191,2.18
251,30001,191,2.23
251,32001,191,2.28
251,34001,191,2.34
251,36001,191,2.43
251,38001,191,2.69
251,40001,191,3.1
251,42001,191,3.63
251,44001,191,3.57
251,46001,191,2.86
251,48001,191,2.4
251,50001,191,2.56
251,52001,191,3.11
251,54001,191,2.96
251,56001,191,2.7
251,58001,191,2.53
251,60001,191,2.35
251,62001,191,2.16
251,64001,191,2.1
251,65535,191,2.01
251,1,201,2.02
251,2001,201,2.02
251,4001,201,2.46
251,6001,201,4.03
251,8001,201,5.26
251,10001,201,5.86
251,12001,201,5.04
251,14001,201,4.29
251,16001,201,3.29
251,18001,201,2.54
251,20001,201,2.52
251,22001,201,2.35
251,24001,201,2.16
251,26001,201,2.11
251,28001,201,1.95
251,30001,201,2.12
251,32001,201,2.2
251,34001,201,2.24
251,36001,201,2.37
251,38001,201,2.57
251,40001,201,2.79
251,42001,201,3.43
251,44001,201,3.39
251,46001,201,2.85
251,48001,201,2.36
251,50001,201,2.2
251,52001,201,2.83
251,54001,201,3.07
251,56001,201,2.6
251,58001,201,2.35
251,60001,201,2.22
251,62001,201,1.91
251,64001,201,1.99
251,65535,201,2.06
251,1,211,2.06
251,2001,211,2.06
251,4001,211,2.42
251,6001,211,3.43
251,8001,211,3.87
251,10001,211,4.88
251,12001,211,4.35
251,14001,211,3.65
251,16001,211,3.28
251,18001,211,2.83
251,20001,211,2.56
251,22001,211,2.4
251,24001,211,2.15
251,26001,211,2.06
251,28001,211,2.16
251,30001,211,1.99
251,32001,211,2.3
251,34001,211,2.43
251,36001,211,2.46
251,38001,211,2.58
251,40001,211,2.63
251,42001,211,3.22
251,44001,211,3.01
251,46001,211,2.55
251,48001,211,2.09
251,50001,211,2.29
251,52001,211,2.87
251,54001,211,3.05
251,56001,211,2.59
251,58001,211,2.34
251,60001,211,2.26
251,62001,211,2.0
251,64001,211,1.98
251,65535,211,2.11
251,1,221,2.09
251,2001,221,2.05
251,4001,221,2.27
251,6001,221,2.85
251,8001,221,3.12
251,10001,221,3.99
251,12001,221,3.8
251,14001,221,3.47
251,16001,221,2.95
251,18001,221,2.58
251,20001,221,2.55
251,22001,221,2.28
251,24001,221,2.21
251,26001,221,2.05
251,28001,221,1.99
251,30001,221,2.17
251,32001,221,2.12
251,34001,221,2.16
251,36001,221,2.43
251,38001,221,2.45
251,40001,221,2.89
251,42001,221,2.98
251,44001,221,3.17
251,46001,221,2.63
251,48001,221,2.04
251,50001,221,2.13
251,52001,221,2.71
251,54001,221,2.85
251,56001,221,2.62
251,58001,221,2.32
251,60001,221,2.15
251,62001,221,2.06
251,64001,221,2.03
251,65535,221,1.97
251,1,231,1.98
251,2001,231,1.98
251,4001,231,2.24
251,6001,231,2.39
251,8001,231,2.67
251,10001,231,3.11
251,12001,231,3.5
251,14001,231,3.17
251,16001,231,2.89
251,18001,231,2.52
251,20001,231,2.44
251,22001,231,2.42
251,24001,231,2.29
251,26001,231,2.01
251,28001,231,1.9
251,30001,231,2.17
251,32001,231,2.02
251,34001,231,2.11
251,36001,231,2.18
251,38001,231,2.44
251,40001,231,2.59
251,42001,231,2.99
251,44001,231,2.69
251,46001,231,2.47
251,48001,231,2.05
251,50001,231,2.17
251,52001,231,2.77
251,54001,231,2.92
251,56001,231,2.42
251,58001,231,2.38
251,60001,231,2.31
251,62001,231,1.97
251,64001,231,1.99
251,65535,231,1.93
251,1,241,1.86
251,2001,241,2.04
251,4001,241,2.03
251,6001,241,2.36
251,8001,241,2.38
251,10001,241,2.73
251,12001,241,3.17
251,14001,241,3.23
251,16001,241,2.84
251,18001,241,2.52
251,20001,241,2.52
251,22001,241,2.18
251,24001,241,2.15
251,26001,241,2.1
251,28001,241,1.89
251,30001,241,2.12
251,32001,241,2.25
251,34001,241,2.15
251,36001,241,2.18
251,38001,241,2.31
251,40001,241,2.74
251,42001,241,2.97
251,44001,241,3.05
251,46001,241,2.35
251,48001,241,1.85
251,50001,241,2.08
251,52001,241,2.56
251,54001,241,2.92
251,56001,241,2.43
251,58001,241,2.25
251,60001,241,2.12
251,62001,241,2.09
251,64001,241,2.01
251,65535,241,2.02
251,1,251,1.85
251,2001,251,1.83
251,4001,251,2.14
251,6001,251,2.15
251,8001,251,2.32
251,10001,251,2.65
251,12001,251,3.01
251,14001,251,3.19
251,16001,251,2.89
251,18001,251,2.59
251,20001,251,2.4
251,22001,251,2.22
251,24001,251,2.1
251,26001,251,2.09
251,28001,251,2.16
251,30001,251,1.88
251,32001,251,2.13
251,34001,251,2.16
251,36001,251,2.23
251,38001,251,2.37
251,40001,251,2.66
251,42001,251,2.93
251,44001,251,2.79
251,46001,251,2.22
251,48001,251,1.81
251,50001,251,1.98
251,52001,251,2.57
251,54001,251,2.99
251,56001,251,2.5
251,58001,251,2.2
251,60001,251,2.09
251,62001,251,2.06
251,64001,251,1.86
251,65535,251,1.98
251,1,254,2.05
251,2001,254,1.91
251,4001,254,2.19
251,6001,254,2.12
251,8001,254,2.47
251,10001,254,2.58
251,12001,254,2.78
251,14001,254,3.1
251,16001,254,2.68
251,18001,254,2.52
251,20001,254,2.31
251,22001,254,2.3
251,24001,254,2.16
251,26001,254,2.02
251,28001,254,1.82
251,30001,254,2.16
251,32001,254,2.01
251,34001,254,2.04
251,36001,254,2.22
251,38001,254,2.48
251,40001,254,2.53
251,42001,254,2.85
251,44001,254,2.82
251,46001,254,2.11
251,48001,254,1.89
251,50001,254,1.87
251,52001,254,2.27
251,54001,254,2.85
251,56001,254,2.52
251,58001,254,2.27
251,60001,254,2.06
251,62001,254,1.99
251,64001,254,1.92
251,65535,254,2.04
255,1,1,10.13
255,2001,1,9.9
255,4001,1,9.9
255,6001,1,9.96
255,8001,1,10.06
255,10001,1,9.97
255,12001,1,10.0
255,14001,1,10.23
255,16001,1,10.01
255,18001,1,10.09
255,20001,1,9.97
255,22001,1,10.15
255,24001,1,10.11
255,26001,1,10.19
255,28001,1,10.29
255,30001,1,10.25
255,32001,1,10.17
255,34001,1,10.14
255,36001,1,10.13
255,38001,1,10.2
255,40001,1,10.24
255,42001,1,10.07
255,44001,1,10.21
255,46001,1,10.08
255,48001,1,10.23
255,50001,1,10.14
255,52001,1,10.07
255,54001,1,10.01
255,56001,1,10.1
255,58001,1,10.2
255,60001,1,10.06
255,62001,1,10.14
255,64001,1,9.94
255,65535,1,9.94
255,1,11,8.83
255,2001,11,8.6
255,4001,11,8.98
255,6001,11,9.16
255,8001,11,9.31
255,10001,11,9.46
255,12001,11,9.78
255,14001,11,9.71
255,16001,11,9.44
255,18001,11,9.04
255,20001,11,8.24
255,22001,11,7.91
255,24001,11,7.33
255,26001,11,7.33
255,28001,11,7.18
255,30001,11,7.4
255,32001,11,7.7
255,34001,11,8.25
255,36001,11,9.13
255,38001,11,10.19
255,40001,11,10.53
255,42001,11,10.57
255,44001,11,10.6
255,46001,11,10.53
255,48001,11,10.59
255,50001,11,10.61
255,52001,11,10.44
255,54001,11,10.36
255,56001,11,9.99
255,58001,11,9.8
255,60001,11,9.64
255,62001,11,9.47
255,64001,11,9.12
255,65535,11,8.91
255,1,21,7.75
255,2001,21,7.68
255,4001,21,7.82
255,6001,21,8.3
255,8001,21,8.7
255,10001,21,9.02
255,12001,21,9.29
255,14001,21,9.23
255,16001,21,8.08
255,18001,21,7.56
255,20001,21,7.07
255,22001,21,6.27
255,24001,21,5.76
255,26001,21,5.31
255,28001,21,5.12
255,30001,21,5.6
255,32001,21,6.41
255,34001,21,6.82
255,36001,21,7.37
255,38001,21,8.68
255,40001,21,9.66
255,42001,21,10.37
255,44001,21,10.4
255,46001,21,9.75
255,48001,21,9.11
255,50001,21,9.62
255,52001,21,9.48
255,54001,21,9.81
255,56001,21,9.23
255,58001,21,9.3
255,60001,21,8.78
255,62001,21,8.5
255,64001,21,8.11
255,65535,21,7.86
255,1,31,7.96
255,2001,31,7.57
255,4001,31,7.7
255,6001,31,7.62
255,8001,31,8.38
255,10001,31,8.62
255,12001,31,8.99
255,14001,31,8.52
255,16001,31,7.04
255,18001,31,6.07
255,20001,31,5.31
255,22001,31,5.2
255,24001,31,4.8
255,26001,31,4.23
255,28001,31,4.28
255,30001,31,4.75
255,32001,31,5.25
255,34001,31,6.01
255,36001,31,6.45
255,38001,31,7.67
255,40001,31,9.22
255,42001,31,10.36
255,44001,31,9.61
255,46001,31,8.34
255,48001,31,8.23
255,50001,31,8.54
255,52001,31,8.82
255,54001,31,9.6
255,56001,31,10.11
255,58001,31,10.15
255,60001,31,9.93
255,62001,31,9.2
255,64001,31,8.58
255,65535,31,8.1
255,1,41,8.57
255,2001,41,8.62
255,4001,41,7.54
255,6001,41,7.34
255,8001,41,7.99
255,10001,41,8.6
255,12001,41,8.62
255,14001,41,7.5
255,16001,41,6.63
255,18001,41,5.69
255,20001,41,4.97
255,22001,41,4.35
255,24001,41,4.1
255,26001,41,3.86
255,28001,41,3.81
255,30001,41,4.03
255,32001,41,4.36
255,34001,41,4.88
255,36001,41,5.77
255,38001,41,7.01
255,40001,41,9.05
255,42001,41,9.49
255,44001,41,8.18
255,46001,41,7.61
255,48001,41,7.31
255,50001,41,7.25
255,52001,41,8.33
255,54001,41,8.96
255,56001,41,9.3
255,58001,41,9.32
255,60001,41,9.53
255,62001,41,9.57
255,64001,41,9.56
255,65535,41,8.8
255,1,51,6.47
255,2001,51,7.27
255,4001,51,7.15
255,6001,51,7.13
255,8001,51,7.47
255,10001,51,7.92
255,12001,51,8.3
255,14001,51,7.09
255,16001,51,5.61
255,18001,51,4.81
255,20001,51,4.47
255,22001,51,4.2
255,24001,51,3.73
255,26001,51,3.59
255,28001,51,3.33
255,30001,51,3.7
255,32001,51,3.95
255,34001,51,5.0
255,36001,51,5.62
255,38001,51,5.87
255,40001,51,7.66
255,42001,51,8.22
255,44001,51,7.65
255,46001,51,6.84
255,48001,51,6.38
255,50001,51,5.7
255,52001,51,5.52
255,54001,51,5.49
255,56001,51,5.79
255,58001,51,5.62
255,60001,51,5.98
255,62001,51,6.28
255,64001,51,6.34
255,65535,51,6.42
255,1,61,4.82
255,2001,61,5.03
255,4001,61,7.43
255,6001,61,6.92
255,8001,61,6.84
255,10001,61,7.56
255,12001,61,6.91
255,14001,61,6.73
255,16001,61,5.57
255,18001,61,4.51
255,20001,61,4.01
255,22001,61,3.55
255,24001,61,3.55
255,26001,61,3.31
255,28001,61,3.25
255,30001,61,3.46
255,32001,61,3.56
255,34001,61,4.0
255,36001,61,5.04
255,38001,61,5.28
255,40001,61,7.19
255,42001,61,7.97
255,44001,61,6.85
255,46001,61,6.45
255,48001,61,6.54
255,50001,61,5.45
255,52001,61,5.02
255,54001,61,4.32
255,56001,61,4.33
255,58001,61,4.41
255,60001,61,4.51
255,62001,61,4.59
255,64001,61,4.92
255,65535,61,4.9
255,1,71,4.1
255,2001,71,4.16
255,4001,71,6.76
255,6001,71,7.51
255,8001,71,6.7
255,10001,71,7.35
255,12001,71,6.92
255,14001,71,5.44
255,16001,71,5.13
255,18001,71,4.16
255,20001,71,3.93
255,22001,71,3.6
255,24001,71,3.29
255,26001,71,3.12
255,28001,71,3.11
255,30001,71,3.17
255,32001,71,3.45
255,34001,71,3.68
255,36001,71,4.1
255,38001,71,5.0
255,40001,71,6.43
255,42001,71,6.89
255,44001,71,6.33
255,46001,71,6.15
255,48001,71,6.77
255,50001,71,5.85
255,52001,71,4.76
255,54001,71,4.23
255,56001,71,3.81
255,58001,71,3.88
255,60001,71,3.82
255,62001,71,3.72
255,64001,71,3.94
255,65535,71,3.89
255,1,81,3.82
255,2001,81,3.72
255,4001,81,5.56
255,6001,81,6.99
255,8001,81,6.1
255,10001,81,6.96
255,12001,81,7.17
255,14001,81,5.59
255,16001,81,4.3
255,18001,81,4.18
255,20001,81,3.5
255,22001,81,3.5
255,24001,81,3.29
255,26001,81,2.94
255,28001,81,2.99
255,30001,81,3.2
255,32001,81,3.19
255,34001,81,3.49
255,36001,81,4.08
255,38001,81,4.61
255,40001,81,6.15
255,42001,81,6.55
255,44001,81,6.1
255,46001,81,6.23
255,48001,81,7.21
255,50001,81,5.32
255,52001,81,4.66
255,54001,81,3.97
255,56001,81,3.67
255,58001,81,3.28
255,60001,81,3.25
255,62001,81,3.34
255,64001,81,3.35
255,65535,81,3.52
255,1,91,3.37
255,2001,91,3.36
255,4001,91,4.11
255,6001,91,7.07
255,8001,91,6.56
255,10001,91,7.49
255,12001,91,6.36
255,14001,91,5.7
255,16001,91,4.58
255,18001,91,3.81
255,20001,91,3.47
255,22001,91,3.4
255,24001,91,3.05
255,26001,91,2.82
255,28001,91,2.9
255,30001,91,3.02
255,32001,91,3.26
255,34001,91,3.46
255,36001,91,3.7
255,38001,91,4.72
255,40001,91,5.67
255,42001,91,6.34
255,44001,91,5.87
255,46001,91,7.01
255,48001,91,7.34
255,50001,91,5.79
255,52001,91,4.42
255,54001,91,3.84
255,56001,91,3.63
255,58001,91,3.19
255,60001,91,3.05
255,62001,91,3.15
255,64001,91,3.07
255,65535,91,3.29
255,1,101,3.05
255,2001,101,3.13
255,4001,101,4.6
255,6001,101,6.16
255,8001,101,6.48
255,10001,101,7.2
255,12001,101,7.16
255,14001,101,5.74
255,16001,101,3.73
255,18001,101,3.74
255,20001,101,3.52
255,22001,101,3.12
255,24001,101,2.95
255,26001,101,2.61
255,28001,101,2.7
255,30001,101,2.75
255,32001,101,2.91
255,34001,101,3.1
255,36001,101,3.59
255,38001,101,4.31
255,40001,101,6.38
255,42001,101,6.65
255,44001,101,6.11
255,46001,101,6.5
255,48001,101,5.88
255,50001,101,5.32
255,52001,101,4.3
255,54001,101,3.52
255,56001,101,3.43
255,58001,101,3.06
255,60001,101,2.88
255,62001,101,2.74
255,64001,101,2.95
255,65535,101,2.91
255,1,111,3.0
255,2001,111,2.73
255,4001,111,3.59
255,6001,111,5.46
255,8001,111,6.12
255,10001,111,6.57
255,12001,111,7.03
255,14001,111,5.27
255,16001,111,4.28
255,18001,111,3.71
255,20001,111,3.27
255,22001,111,3.0
255,24001,111,2.59
255,26001,111,2.59
255,28001,111,2.45
255,30001,111,2.63
255,32001,111,2.79
255,34001,111,3.14
255,36001,111,3.36
255,38001,111,4.19
255,40001,111,6.0
255,42001,111,6.72
255,44001,111,6.66
255,46001,111,6.63
255,48001,111,4.85
255,50001,111,4.68
255,52001,111,4.22
255,54001,111,3.3
255,56001,111,3.31
255,58001,111,2.91
255,60001,111,2.75
255,62001,111,2.6
255,64001,111,2.64
255,65535,111,2.72
255,1,121,2.64
255,2001,121,2.97
255,4001,121,3.4
255,6001,121,4.95
255,8001,121,6.23
255,10001,121,6.12
255,12001,121,6.75
255,14001,121,5.03
255,16001,121,3.85
255,18001,121,3.3
255,20001,121,3.21
255,22001,121,2.82
255,24001,121,2.8
255,26001,121,2.53
255,28001,121,2.42
255,30001,121,2.64
255,32001,121,2.82
255,34001,121,2.86
255,36001,121,3.13
255,38001,121,3.82
255,40001,121,4.21
255,42001,121,5.94
255,44001,121,6.68
255,46001,121,5.17
255,48001,121,4.24
255,50001,121,4.12
255,52001,121,4.37
255,54001,121,3.56
255,56001,121,3.27
255,58001,121,2.93
255,60001,121,2.61
255,62001,121,2.52
255,64001,121,2.51
255,65535,121,2.62
255,1,131,2.69
255,2001,131,2.76
255,4001,131,3.77
255,6001,131,4.48
255,8001,131,5.98
255,10001,131,5.84
255,12001,131,6.73
255,14001,131,5.16
255,16001,131,3.93
255,18001,131,3.33
255,20001,131,2.9
255,22001,131,2.72
255,24001,131,2.67
255,26001,131,2.5
255,28001,131,2.54
255,30001,131,2.46
255,32001,131,2.55
255,34001,131,2.64
255,36001,131,3.08
255,38001,131,3.5
255,40001,131,4.13
255,42001,131,6.08
255,44001,131,6.72
255,46001,131,4.96
255,48001,131,3.92
255,50001,131,3.72
255,52001,131,4.17
255,54001,131,3.63
255,56001,131,3.11
255,58001,131,2.9
255,60001,131,2.82
255,62001,131,2.64
255,64001,131,2.58
255,65535,131,2.38
255,1,141,2.59
255,2001,141,2.56
255,4001,141,3.36
255,6001,141,5.79
255,8001,141,6.3
255,10001,141,6.01
255,12001,141,6.61
255,14001,141,4.88
255,16001,141,3.85
255,18001,141,3.6
255,20001,141,2.84
255,22001,141,2.71
255,24001,141,2.59
255,26001,141,2.41
255,28001,141,2.23
255,30001,141,2.44
255,32001,141,2.58
255,34001,141,2.82
255,36001,141,3.07
255,38001,141,3.37
255,40001,141,4.53
255,42001,141,4.73
255,44001,141,5.74
255,46001,141,3.39
255,48001,141,3.46
255,50001,141,3.35
255,52001,141,4.1
255,54001,141,3.37
255,56001,141,2.84
255,58001,141,2.74
255,60001,141,2.55
255,62001,141,2.52
255,64001,141,2.22
255,65535,141,2.49
255,1,151,2.29
255,2001,151,2.49
255,4001,151,3.44
255,6001,151,4.38
255,8001,151,5.93
255,10001,151,5.58
255,12001,151,6.31
255,14001,151,3.76
255,16001,151,3.79
255,18001,151,3.24
255,20001,151,2.93
255,22001,151,2.62
255,24001,151,2.45
255,26001,151,2.49
255,28001,151,2.28
255,30001,151,2.33
255,32001,151,2.54
255,34001,151,2.64
255,36001,151,2.84
255,38001,151,3.13
255,40001,151,4.17
255,42001,151,4.22
255,44001,151,5.13
255,46001,151,3.83
255,48001,151,3.15
255,50001,151,3.66
255,52001,151,3.87
255,54001,151,3.4
255,56001,151,3.14
255,58001,151,2.71
255,60001,151,2.65
255,62001,151,2.51
255,64001,151,2.39
255,65535,151,2.33
255,1,161,2.28
255,2001,161,2.31
255,4001,161,2.71
255,6001,161,3.65
255,8001,161,6.08
255,10001,161,5.92
255,12001,161,5.04
255,14001,161,4.65
255,16001,161,3.57
255,18001,161,3.16
255,20001,161,2.85
255,22001,161,2.51
255,24001,161,2.59
255,26001,161,2.24
255,28001,161,2.28
255,30001,161,2.39
255,32001,161,2.4
255,34001,161,2.52
255,36001,161,2.7
255,38001,161,3.11
255,40001,161,3.19
255,42001,161,4.0
255,44001,161,4.4
255,46001,161,3.68
255,48001,161,2.95
255,50001,161,2.97
255,52001,161,3.51
255,54001,161,3.25
255,56001,161,2.91
255,58001,161,2.64
255,60001,161,2.47
255,62001,161,2.47
255,64001,161,2.32
255,65535,161,2.4
255,1,171,2.2
255,2001,171,2.09
255,4001,171,2.66
255,6001,171,3.38
255,8001,171,6.24
255,10001,171,5.31
255,12001,171,5.87
255,14001,171,4.33
255,16001,171,3.19
255,18001,171,3.07
255,20001,171,2.87
255,22001,171,2.65
255,24001,171,2.38
255,26001,171,2.26
255,28001,171,2.25
255,30001,171,2.33
255,32001,171,2.3
255,34001,171,2.36
255,36001,171,2.76
255,38001,171,2.73
255,40001,171,3.21
255,42001,171,3.93
255,44001,171,3.86
255,46001,171,3.22
255,48001,171,2.74
255,50001,171,2.82
255,52001,171,3.32
255,54001,171,3.31
255,56001,171,2.85
255,58001,171,2.62
255,60001,171,2.26
255,62001,171,2.35
255,64001,171,2.47
255,65535,171,2.09
255,1,181,2.14
255,2001,181,2.24
255,4001,181,2.96
255,6001,181,3.31
255,8001,181,5.94
255,10001,181,5.26
255,12001,181,6.23
255,14001,181,4.3
255,16001,181,3.35
255,18001,181,2.92
255,20001,181,2.71
255,22001,181,2.61
255,24001,181,2.49
255,26001,181,2.26
255,28001,181,2.22
255,30001,181,2.16
255,32001,181,2.3
255,34001,181,2.38
255,36001,181,2.54
255,38001,181,2.81
255,40001,181,3.2
255,42001,181,3.81
255,44001,181,3.85
255,46001,181,3.19
255,48001,181,2.57
255,50001,181,2.57
255,52001,181,3.07
255,54001,181,3.15
255,56001,181,2.62
255,58001,181,2.52
255,60001,181,2.21
255,62001,181,2.17
255,64001,181,2.21
255,65535,181,2.23
255,1,191,2.21
255,2001,191,1.95
255,4001,191,2.51
255,6001,191,3.2
255,8001,191,5.71
255,10001,191,5.25
255,12001,191,5.73
255,14001,191,4.09
255,16001,191,3.15
255,18001,191,2.92
255,20001,191,2.72
255,22001,191,2.48
255,24001,191,2.46
255,26001,191,2.24
255,28001,191,2.17
255,30001,191,2.39
255,32001,191,2.29
255,34001,191,2.57
255,36001,191,2.51
255,38001,191,2.71
255,40001,191,2.96
255,42001,191,3.37
255,44001,191,3.5
255,46001,191,2.64
255,48001,191,2.33
255,50001,191,2.54
255,52001,191,2.98
255,54001,191,3.15
255,56001,191,2.73
255,58001,191,2.44
255,60001,191,2.42
255,62001,191,2.19
255,64001,191,2.09
255,65535,191,2.18
255,1,201,2.0
255,2001,201,2.09
255,4001,201,2.49
255,6001,201,3.96
255,8001,201,5.9
255,10001,201,6.09
255,12001,201,4.83
255,14001,201,4.45
255,16001,201,3.31
255,18001,201,2.92
255,20001,201,2.63
255,22001,201,2.48
255,24001,201,2.18
255,26001,201,2.27
255,28001,201,2.13
255,30001,201,2.21
255,32001,201,2.24
255,34001,201,2.39
255,36001,201,2.49
255,38001,201,2.62
255,40001,201,2.72
255,42001,201,3.33
255,44001,201,3.56
255,46001,201,2.69
255,48001,201,2.46
255,50001,201,2.37
255,52001,201,2.84
255,54001,201,3.19
255,56001,201,2.57
255,58001,201,2.42
255,60001,201,2.32
255,62001,201,2.21
255,64001,201,2.14
255,65535,201,1.98
255,1,211,2.14
255,2001,211,2.05
255,4001,211,2.44
255,6001,211,3.13
255,8001,211,4.08
255,10001,211,5.01
255,12001,211,4.88
255,14001,211,4.02
255,16001,211,3.2
255,18001,211,2.93
255,20001,211,2.55
255,22001,211,2.37
255,24001,211,2.32
255,26001,211,2.19
255,28001,211,2.13
255,30001,211,2.23
255,32001,211,2.28
255,34001,211,2.2
255,36001,211,2.4
255,38001,211,2.66
255,40001,211,3.01
255,42001,211,3.24
255,44001,211,3.29
255,46001,211,2.6
255,48001,211,2.13
255,50001,211,2.5
255,52001,211,2.78
255,54001,211,2.91
255,56001,211,2.7
255,58001,211,2.41
255,60001,211,2.27
255,62001,211,2.22
255,64001,211,2.02
255,65535,211,2.0
255,1,221,2.09
255,2001,221,1.98
255,4001,221,2.17
255,6001,221,2.85
255,8001,221,3.32
255,10001,221,4.18
255,12001,221,4.24
255,14001,221,3.4
255,16001,221,3.08
255,18001,221,2.95
255,20001,221,2.63
255,22001,221,2.34
255,24001,221,2.21
255,26001,221,2.32
255,28001,221,2.08
255,30001,221,2.12
255,32001,221,2.13
255,34001,221,2.27
255,36001,221,2.46
255,38001,221,2.65
255,40001,221,2.87
255,42001,221,3.13
255,44001,221,3.11
255,46001,221,2.5
255,48001,221,2.13
255,50001,221,2.1
255,52001,221,2.71
255,54001,221,2.78
255,56001,221,2.58
255,58001,221,2.37
255,60001,221,2.34
255,62001,221,2.05
255,64001,221,2.01
255,65535,221,1.94
255,1,231,1.93
255,2001,231,1.93
255,4001,231,2.31
255,6001,231,2.49
255,8001,231,2.58
255,10001,231,3.18
255,12001,231,3.57
255,14001,231,3.28
255,16001,231,2.88
255,18001,231,2.64
255,20001,231,2.54
255,22001,231,2.36
255,24001,231,2.0
255,26001,231,2.18
255,28001,231,2.09
255,30001,231,2.12
255,32001,231,2.24
255,34001,231,2.24
255,36001,231,2.32
255,38001,231,2.58
255,40001,231,2.68
255,42001,231,3.16
255,44001,231,2.95
255,46001,231,2.65
255,48001,231,2.03
255,50001,231,2.17
255,52001,231,2.7
255,54001,231,2.76
255,56001,231,2.56
255,58001,231,2.38
255,60001,231,2.26
255,62001,231,2.18
255,64001,231,2.05
255,65535,231,1.97
255,1,241,1.94
255,2001,241,1.96
255,4001,241,2.07
255,6001,241,2.29
255,8001,241,2.64
255,10001,241,2.73
255,12001,241,3.14
255,14001,241,3.22
255,16001,241,3.01
255,18001,241,2.56
255,20001,241,2.45
255,22001,241,2.32
255,24001,241,2.13
255,26001,241,2.25
255,28001,241,2.13
255,30001,241,2.1
255,32001,241,2.08
255,34001,241,2.24
255,36001,241,2.17
255,38001,241,2.4
255,40001,241,2.79
255,42001,241,3.0
255,44001,241,2.94
255,46001,241,2.38
255,48001,241,1.91
255,50001,241,1.99
255,52001,241,2.51
255,54001,241,2.97
255,56001,241,2.43
255,58001,241,2.3
255,60001,241,2.12
255,62001,241,2.14
255,64001,241,2.18
255,65535,241,1.86
255,1,251,1.93
255,2001,251,1.86
255,4001,251,2.03
255,6001,251,2.22
255,8001,251,2.49
255,10001,251,2.59
255,12001,251,2.88
255,14001,251,3.14
255,16001,251,2.91
255,18001,251,2.64
255,20001,251,2.39
255,22001,251,2.29
255,24001,251,2.14
255,26001,251,2.08
255,28001,251,2.07
255,30001,251,2.08
255,32001,251,2.19
255,34001,251,2.16
255,36001,251,2.28
255,38001,251,2.44
255,40001,251,2.51
255,42001,251,2.88
255,44001,251,2.93
255,46001,251,2.34
255,48001,251,1.85
255,50001,251,1.88
255,52001,251,2.37
255,54001,251,2.78
255,56001,251,2.51
255,58001,251,2.33
255,60001,251,2.09
255,62001,251,2.1
255,64001,251,2.09
255,65535,251,1.86
255,1,254,1.83
255,2001,254,1.82
255,4001,254,2.17
255,6001,254,2.19
255,8001,254,2.37
255,10001,254,2.78
255,12001,254,3.04
255,14001,254,3.21
255,16001,254,2.81
255,18001,254,2.57
255,20001,254,2.47
255,22001,254,2.3
255,24001,254,2.08
255,26001,254,2.01
255,28001,254,1.95
255,30001,254,2.14
255,32001,254,2.14
255,34001,254,2.24
255,36001,254,2.33
255,38001,254,2.51
255,40001,254,2.82
255,42001,254,2.89
255,44001,254,2.81
255,46001,254,1.93
255,48001,254,1.97
255,50001,254,2.0
255,52001,254,2.29
255,54001,254,2.91
255,56001,254,2.48
255,58001,254,2.25
255,60001,254,2.12
255,62001,254,2.16
255,64001,254,1.97
255,65535,254,1.81
