bri,hue,sat,watt
1,1,1,0.22
1,1367,1,0.23
1,2733,1,0.22
1,4099,1,0.23
1,5465,1,0.23
1,6831,1,0.22
1,8197,1,0.23
1,9563,1,0.23
1,10929,1,0.22
1,12295,1,0.23
1,13661,1,0.23
1,15027,1,0.23
1,16393,1,0.23
1,17759,1,0.23
1,19125,1,0.23
1,20491,1,0.23
1,21857,1,0.22
1,23223,1,0.22
1,24589,1,0.22
1,25955,1,0.23
1,27321,1,0.23
1,28687,1,0.22
1,30053,1,0.22
1,31419,1,0.22
1,32785,1,0.23
1,34151,1,0.23
1,35517,1,0.22
1,36883,1,0.22
1,38249,1,0.22
1,39615,1,0.22
1,40981,1,0.23
1,42347,1,0.23
1,43713,1,0.23
1,45079,1,0.23
1,46445,1,0.22
1,47811,1,0.22
1,49177,1,0.23
1,50543,1,0.23
1,51909,1,0.23
1,53275,1,0.22
1,54641,1,0.23
1,56007,1,0.23
1,57373,1,0.23
1,58739,1,0.23
1,60105,1,0.23
1,61471,1,0.22
1,62837,1,0.23
1,64203,1,0.22
1,65535,1,0.22
1,1,17,0.23
1,1367,17,0.23
1,2733,17,0.22
1,4099,17,0.22
1,5465,17,0.22
1,6831,17,0.22
1,8197,17,0.22
1,9563,17,0.22
1,10929,17,0.22
1,12295,17,0.22
1,13661,17,0.22
1,15027,17,0.22
1,16393,17,0.22
1,17759,17,0.22
1,19125,17,0.22
1,20491,17,0.22
1,21857,17,0.22
1,23223,17,0.23
1,24589,17,0.22
1,25955,17,0.22
1,27321,17,0.22
1,28687,17,0.22
1,30053,17,0.22
1,31419,17,0.22
1,32785,17,0.22
1,34151,17,0.22
1,35517,17,0.22
1,36883,17,0.22
1,38249,17,0.22
1,39615,17,0.22
1,40981,17,0.22
1,42347,17,0.23
1,43713,17,0.22
1,45079,17,0.22
1,46445,17,0.23
1,47811,17,0.23
1,49177,17,0.23
1,50543,17,0.23
1,51909,17,0.23
1,53275,17,0.22
1,54641,17,0.22
1,56007,17,0.22
1,57373,17,0.22
1,58739,17,0.22
1,60105,17,0.22
1,61471,17,0.22
1,62837,17,0.22
1,64203,17,0.23
1,65535,17,0.23
1,1,33,0.22
1,1367,33,0.22
1,2733,33,0.22
1,4099,33,0.22
1,5465,33,0.22
1,6831,33,0.22
1,8197,33,0.22
1,9563,33,0.22
1,10929,33,0.22
1,12295,33,0.22
1,13661,33,0.22
1,15027,33,0.22
1,16393,33,0.22
1,17759,33,0.22
1,19125,33,0.22
1,20491,33,0.22
1,21857,33,0.22
1,23223,33,0.23
1,24589,33,0.22
1,25955,33,0.22
1,27321,33,0.22
1,28687,33,0.22
1,30053,33,0.22
1,31419,33,0.22
1,32785,33,0.22
1,34151,33,0.22
1,35517,33,0.22
1,36883,33,0.22
1,38249,33,0.22
1,39615,33,0.22
1,40981,33,0.22
1,42347,33,0.22
1,43713,33,0.22
1,45079,33,0.22
1,46445,33,0.22
1,47811,33,0.22
1,49177,33,0.22
1,50543,33,0.22
1,51909,33,0.22
1,53275,33,0.22
1,54641,33,0.22
1,56007,33,0.22
1,57373,33,0.22
1,58739,33,0.22
1,60105,33,0.22
1,61471,33,0.22
1,62837,33,0.22
1,64203,33,0.22
1,65535,33,0.22
1,1,49,0.22
1,1367,49,0.22
1,2733,49,0.22
1,4099,49,0.22
1,5465,49,0.23
1,6831,49,0.23
1,8197,49,0.22
1,9563,49,0.22
1,10929,49,0.22
1,12295,49,0.22
1,13661,49,0.23
1,15027,49,0.22
1,16393,49,0.22
1,17759,49,0.22
1,19125,49,0.23
1,20491,49,0.22
1,21857,49,0.22
1,23223,49,0.22
1,24589,49,0.22
1,25955,49,0.22
1,27321,49,0.22
1,28687,49,0.23
1,30053,49,0.22
1,31419,49,0.22
1,32785,49,0.22
1,34151,49,0.22
1,35517,49,0.22
1,36883,49,0.22
1,38249,49,0.22
1,39615,49,0.22
1,40981,49,0.22
1,42347,49,0.22
1,43713,49,0.22
1,45079,49,0.22
1,46445,49,0.22
1,47811,49,0.22
1,49177,49,0.22
1,50543,49,0.22
1,51909,49,0.22
1,53275,49,0.22
1,54641,49,0.22
1,56007,49,0.22
1,57373,49,0.22
1,58739,49,0.22
1,60105,49,0.22
1,61471,49,0.22
1,62837,49,0.22
1,64203,49,0.22
1,65535,49,0.22
1,1,65,0.22
1,1367,65,0.22
1,2733,65,0.22
1,4099,65,0.22
1,5465,65,0.22
1,6831,65,0.22
1,8197,65,0.22
1,9563,65,0.23
1,10929,65,0.22
1,12295,65,0.22
1,13661,65,0.22
1,15027,65,0.22
1,16393,65,0.22
1,17759,65,0.22
1,19125,65,0.22
1,20491,65,0.22
1,21857,65,0.22
1,23223,65,0.22
1,24589,65,0.22
1,25955,65,0.22
1,27321,65,0.22
1,28687,65,0.22
1,30053,65,0.22
1,31419,65,0.22
1,32785,65,0.22
1,34151,65,0.22
1,35517,65,0.22
1,36883,65,0.22
1,38249,65,0.22
1,39615,65,0.22
1,40981,65,0.22
1,42347,65,0.22
1,43713,65,0.22
1,45079,65,0.22
1,46445,65,0.22
1,47811,65,0.22
1,49177,65,0.22
1,50543,65,0.22
1,51909,65,0.22
1,53275,65,0.22
1,54641,65,0.22
1,56007,65,0.22
1,57373,65,0.22
1,58739,65,0.22
1,60105,65,0.22
1,61471,65,0.22
1,62837,65,0.22
1,64203,65,0.22
1,65535,65,0.22
1,1,81,0.22
1,1367,81,0.22
1,2733,81,0.22
1,4099,81,0.22
1,5465,81,0.23
1,6831,81,0.23
1,8197,81,0.23
1,9563,81,0.22
1,10929,81,0.22
1,12295,81,0.22
1,13661,81,0.22
1,15027,81,0.22
1,16393,81,0.21
1,17759,81,0.21
1,19125,81,0.21
1,20491,81,0.21
1,21857,81,0.21
1,23223,81,0.22
1,24589,81,0.21
1,25955,81,0.21
1,27321,81,0.22
1,28687,81,0.22
1,30053,81,0.21
1,31419,81,0.22
1,32785,81,0.22
1,34151,81,0.22
1,35517,81,0.22
1,36883,81,0.22
1,38249,81,0.22
1,39615,81,0.22
1,40981,81,0.22
1,42347,81,0.22
1,43713,81,0.22
1,45079,81,0.22
1,46445,81,0.22
1,47811,81,0.22
1,49177,81,0.22
1,50543,81,0.22
1,51909,81,0.22
1,53275,81,0.22
1,54641,81,0.22
1,56007,81,0.22
1,57373,81,0.23
1,58739,81,0.22
1,60105,81,0.22
1,61471,81,0.23
1,62837,81,0.22
1,64203,81,0.22
1,65535,81,0.22
1,1,97,0.22
1,1367,97,0.23
1,2733,97,0.22
1,4099,97,0.23
1,5465,97,0.23
1,6831,97,0.23
1,8197,97,0.22
1,9563,97,0.22
1,10929,97,0.22
1,12295,97,0.22
1,13661,97,0.22
1,15027,97,0.22
1,16393,97,0.22
1,17759,97,0.21
1,19125,97,0.22
1,20491,97,0.22
1,21857,97,0.22
1,23223,97,0.21
1,24589,97,0.21
1,25955,97,0.21
1,27321,97,0.21
1,28687,97,0.21
1,30053,97,0.22
1,31419,97,0.22
1,32785,97,0.22
1,34151,97,0.22
1,35517,97,0.22
1,36883,97,0.22
1,38249,97,0.22
1,39615,97,0.22
1,40981,97,0.22
1,42347,97,0.22
1,43713,97,0.22
1,45079,97,0.22
1,46445,97,0.21
1,47811,97,0.22
1,49177,97,0.22
1,50543,97,0.22
1,51909,97,0.22
1,53275,97,0.22
1,54641,97,0.22
1,56007,97,0.22
1,57373,97,0.22
1,58739,97,0.21
1,60105,97,0.23
1,61471,97,0.22
1,62837,97,0.22
1,64203,97,0.23
1,65535,97,0.22
1,1,113,0.22
1,1367,113,0.22
1,2733,113,0.23
1,4099,113,0.22
1,5465,113,0.22
1,6831,113,0.23
1,8197,113,0.22
1,9563,113,0.22
1,10929,113,0.22
1,12295,113,0.22
1,13661,113,0.22
1,15027,113,0.22
1,16393,113,0.22
1,17759,113,0.21
1,19125,113,0.21
1,20491,113,0.21
1,21857,113,0.21
1,23223,113,0.21
1,24589,113,0.22
1,25955,113,0.21
1,27321,113,0.21
1,28687,113,0.22
1,30053,113,0.22
1,31419,113,0.22
1,32785,113,0.21
1,34151,113,0.22
1,35517,113,0.22
1,36883,113,0.22
1,38249,113,0.22
1,39615,113,0.22
1,40981,113,0.22
1,42347,113,0.22
1,43713,113,0.21
1,45079,113,0.22
1,46445,113,0.22
1,47811,113,0.21
1,49177,113,0.22
1,50543,113,0.22
1,51909,113,0.22
1,53275,113,0.22
1,54641,113,0.22
1,56007,113,0.23
1,57373,113,0.22
1,58739,113,0.22
1,60105,113,0.22
1,61471,113,0.22
1,62837,113,0.22
1,64203,113,0.22
1,65535,113,0.22
1,1,129,0.22
1,1367,129,0.21
1,2733,129,0.22
1,4099,129,0.23
1,5465,129,0.23
1,6831,129,0.23
1,8197,129,0.22
1,9563,129,0.22
1,10929,129,0.22
1,12295,129,0.22
1,13661,129,0.21
1,15027,129,0.22
1,16393,129,0.21
1,17759,129,0.21
1,19125,129,0.21
1,20491,129,0.21
1,21857,129,0.21
1,23223,129,0.21
1,24589,129,0.21
1,25955,129,0.21
1,27321,129,0.21
1,28687,129,0.21
1,30053,129,0.21
1,31419,129,0.21
1,32785,129,0.22
1,34151,129,0.22
1,35517,129,0.22
1,36883,129,0.22
1,38249,129,0.22
1,39615,129,0.22
1,40981,129,0.21
1,42347,129,0.21
1,43713,129,0.21
1,45079,129,0.21
1,46445,129,0.22
1,47811,129,0.21
1,49177,129,0.22
1,50543,129,0.22
1,51909,129,0.22
1,53275,129,0.22
1,54641,129,0.22
1,56007,129,0.22
1,57373,129,0.22
1,58739,129,0.22
1,60105,129,0.21
1,61471,129,0.22
1,62837,129,0.22
1,64203,129,0.21
1,65535,129,0.21
1,1,145,0.21
1,1367,145,0.22
1,2733,145,0.22
1,4099,145,0.22
1,5465,145,0.22
1,6831,145,0.22
1,8197,145,0.23
1,9563,145,0.22
1,10929,145,0.22
1,12295,145,0.22
1,13661,145,0.22
1,15027,145,0.22
1,16393,145,0.21
1,17759,145,0.21
1,19125,145,0.21
1,20491,145,0.2
1,21857,145,0.21
1,23223,145,0.21
1,24589,145,0.21
1,25955,145,0.21
1,27321,145,0.21
1,28687,145,0.21
1,30053,145,0.21
1,31419,145,0.21
1,32785,145,0.21
1,34151,145,0.22
1,35517,145,0.22
1,36883,145,0.22
1,38249,145,0.22
1,39615,145,0.22
1,40981,145,0.21
1,42347,145,0.21
1,43713,145,0.21
1,45079,145,0.2
1,46445,145,0.2
1,47811,145,0.21
1,49177,145,0.21
1,50543,145,0.22
1,51909,145,0.22
1,53275,145,0.21
1,54641,145,0.22
1,56007,145,0.21
1,57373,145,0.21
1,58739,145,0.21
1,60105,145,0.21
1,61471,145,0.21
1,62837,145,0.21
1,64203,145,0.21
1,65535,145,0.21
1,1,161,0.21
1,1367,161,0.21
1,2733,161,0.21
1,4099,161,0.22
1,5465,161,0.23
1,6831,161,0.23
1,8197,161,0.22
1,9563,161,0.22
1,10929,161,0.22
1,12295,161,0.22
1,13661,161,0.22
1,15027,161,0.21
1,16393,161,0.21
1,17759,161,0.21
1,19125,161,0.2
1,20491,161,0.2
1,21857,161,0.21
1,23223,161,0.21
1,24589,161,0.21
1,25955,161,0.21
1,27321,161,0.21
1,28687,161,0.21
1,30053,161,0.22
1,31419,161,0.21
1,32785,161,0.21
1,34151,161,0.21
1,35517,161,0.22
1,36883,161,0.21
1,38249,161,0.22
1,39615,161,0.21
1,40981,161,0.21
1,42347,161,0.21
1,43713,161,0.21
1,45079,161,0.21
1,46445,161,0.21
1,47811,161,0.21
1,49177,161,0.21
1,50543,161,0.22
1,51909,161,0.22
1,53275,161,0.21
1,54641,161,0.21
1,56007,161,0.21
1,57373,161,0.21
1,58739,161,0.21
1,60105,161,0.21
1,61471,161,0.21
1,62837,161,0.2
1,64203,161,0.2
1,65535,161,0.21
1,1,177,0.2
1,1367,177,0.21
1,2733,177,0.21
1,4099,177,0.22
1,5465,177,0.23
1,6831,177,0.22
1,8197,177,0.22
1,9563,177,0.22
1,10929,177,0.23
1,12295,177,0.21
1,13661,177,0.21
1,15027,177,0.21
1,16393,177,0.21
1,17759,177,0.2
1,19125,177,0.2
1,20491,177,0.21
1,21857,177,0.21
1,23223,177,0.2
1,24589,177,0.21
1,25955,177,0.2
1,27321,177,0.21
1,28687,177,0.21
1,30053,177,0.21
1,31419,177,0.21
1,32785,177,0.21
1,34151,177,0.22
1,35517,177,0.21
1,36883,177,0.22
1,38249,177,0.21
1,39615,177,0.21
1,40981,177,0.21
1,42347,177,0.21
1,43713,177,0.2
1,45079,177,0.2
1,46445,177,0.21
1,47811,177,0.21
1,49177,177,0.21
1,50543,177,0.21
1,51909,177,0.21
1,53275,177,0.21
1,54641,177,0.21
1,56007,177,0.21
1,57373,177,0.21
1,58739,177,0.21
1,60105,177,0.2
1,61471,177,0.21
1,62837,177,0.21
1,64203,177,0.21
1,65535,177,0.21
1,1,193,0.2
1,1367,193,0.21
1,2733,193,0.21
1,4099,193,0.21
1,5465,193,0.22
1,6831,193,0.22
1,8197,193,0.23
1,9563,193,0.23
1,10929,193,0.22
1,12295,193,0.21
1,13661,193,0.21
1,15027,193,0.21
1,16393,193,0.21
1,17759,193,0.21
1,19125,193,0.21
1,20491,193,0.21
1,21857,193,0.2
1,23223,193,0.21
1,24589,193,0.2
1,25955,193,0.2
1,27321,193,0.21
1,28687,193,0.2
1,30053,193,0.21
1,31419,193,0.21
1,32785,193,0.21
1,34151,193,0.22
1,35517,193,0.22
1,36883,193,0.21
1,38249,193,0.21
1,39615,193,0.21
1,40981,193,0.21
1,42347,193,0.21
1,43713,193,0.2
1,45079,193,0.2
1,46445,193,0.21
1,47811,193,0.21
1,49177,193,0.21
1,50543,193,0.22
1,51909,193,0.21
1,53275,193,0.21
1,54641,193,0.21
1,56007,193,0.21
1,57373,193,0.21
1,58739,193,0.21
1,60105,193,0.21
1,61471,193,0.21
1,62837,193,0.21
1,64203,193,0.2
1,65535,193,0.2
1,1,209,0.2
1,1367,209,0.2
1,2733,209,0.2
1,4099,209,0.21
1,5465,209,0.2
1,6831,209,0.21
1,8197,209,0.21
1,9563,209,0.22
1,10929,209,0.22
1,12295,209,0.21
1,13661,209,0.21
1,15027,209,0.21
1,16393,209,0.2
1,17759,209,0.2
1,19125,209,0.2
1,20491,209,0.21
1,21857,209,0.2
1,23223,209,0.2
1,24589,209,0.21
1,25955,209,0.2
1,27321,209,0.21
1,28687,209,0.21
1,30053,209,0.21
1,31419,209,0.21
1,32785,209,0.21
1,34151,209,0.22
1,35517,209,0.22
1,36883,209,0.22
1,38249,209,0.21
1,39615,209,0.21
1,40981,209,0.21
1,42347,209,0.2
1,43713,209,0.2
1,45079,209,0.21
1,46445,209,0.21
1,47811,209,0.21
1,49177,209,0.21
1,50543,209,0.21
1,51909,209,0.22
1,53275,209,0.21
1,54641,209,0.2
1,56007,209,0.21
1,57373,209,0.21
1,58739,209,0.2
1,60105,209,0.21
1,61471,209,0.2
1,62837,209,0.2
1,64203,209,0.2
1,65535,209,0.2
1,1,225,0.2
1,1367,225,0.2
1,2733,225,0.2
1,4099,225,0.21
1,5465,225,0.21
1,6831,225,0.21
1,8197,225,0.21
1,9563,225,0.22
1,10929,225,0.22
1,12295,225,0.22
1,13661,225,0.21
1,15027,225,0.21
1,16393,225,0.2
1,17759,225,0.2
1,19125,225,0.21
1,20491,225,0.21
1,21857,225,0.2
1,23223,225,0.21
1,24589,225,0.2
1,25955,225,0.21
1,27321,225,0.2
1,28687,225,0.21
1,30053,225,0.21
1,31419,225,0.21
1,32785,225,0.21
1,34151,225,0.21
1,35517,225,0.22
1,36883,225,0.21
1,38249,225,0.21
1,39615,225,0.21
1,40981,225,0.2
1,42347,225,0.21
1,43713,225,0.2
1,45079,225,0.2
1,46445,225,0.21
1,47811,225,0.21
1,49177,225,0.21
1,50543,225,0.22
1,51909,225,0.21
1,53275,225,0.21
1,54641,225,0.21
1,56007,225,0.22
1,57373,225,0.2
1,58739,225,0.21
1,60105,225,0.2
1,61471,225,0.2
1,62837,225,0.2
1,64203,225,0.2
1,65535,225,0.2
1,1,241,0.2
1,1367,241,0.2
1,2733,241,0.2
1,4099,241,0.2
1,5465,241,0.21
1,6831,241,0.21
1,8197,241,0.21
1,9563,241,0.21
1,10929,241,0.21
1,12295,241,0.21
1,13661,241,0.21
1,15027,241,0.21
1,16393,241,0.21
1,17759,241,0.2
1,19125,241,0.21
1,20491,241,0.21
1,21857,241,0.2
1,23223,241,0.2
1,24589,241,0.21
1,25955,241,0.21
1,27321,241,0.21
1,28687,241,0.21
1,30053,241,0.21
1,31419,241,0.21
1,32785,241,0.21
1,34151,241,0.21
1,35517,241,0.21
1,36883,241,0.22
1,38249,241,0.21
1,39615,241,0.2
1,40981,241,0.21
1,42347,241,0.21
1,43713,241,0.2
1,45079,241,0.2
1,46445,241,0.2
1,47811,241,0.21
1,49177,241,0.21
1,50543,241,0.21
1,51909,241,0.21
1,53275,241,0.21
1,54641,241,0.21
1,56007,241,0.21
1,57373,241,0.2
1,58739,241,0.2
1,60105,241,0.2
1,61471,241,0.2
1,62837,241,0.2
1,64203,241,0.2
1,65535,241,0.2
1,1,255,0.21
1,1367,255,0.21
1,2733,255,0.21
1,4099,255,0.21
1,5465,255,0.21
1,6831,255,0.21
1,8197,255,0.22
1,9563,255,0.22
1,10929,255,0.23
1,12295,255,0.22
1,13661,255,0.22
1,15027,255,0.21
1,16393,255,0.21
1,17759,255,0.21
1,19125,255,0.21
1,20491,255,0.21
1,21857,255,0.21
1,23223,255,0.21
1,24589,255,0.21
1,25955,255,0.21
1,27321,255,0.21
1,28687,255,0.21
1,30053,255,0.21
1,31419,255,0.21
1,32785,255,0.21
1,34151,255,0.22
1,35517,255,0.22
1,36883,255,0.22
1,38249,255,0.22
1,39615,255,0.21
1,40981,255,0.21
1,42347,255,0.2
1,43713,255,0.21
1,45079,255,0.2
1,46445,255,0.21
1,47811,255,0.21
1,49177,255,0.22
1,50543,255,0.22
1,51909,255,0.22
1,53275,255,0.22
1,54641,255,0.21
1,56007,255,0.21
1,57373,255,0.21
1,58739,255,0.21
1,60105,255,0.21
1,61471,255,0.21
1,62837,255,0.21
1,64203,255,0.21
1,65535,255,0.21
17,1,1,0.24
17,1367,1,0.24
17,2733,1,0.23
17,4099,1,0.24
17,5465,1,0.24
17,6831,1,0.24
17,8197,1,0.24
17,9563,1,0.24
17,10929,1,0.24
17,12295,1,0.24
17,13661,1,0.24
17,15027,1,0.24
17,16393,1,0.24
17,17759,1,0.23
17,19125,1,0.24
17,20491,1,0.24
17,21857,1,0.24
17,23223,1,0.24
17,24589,1,0.24
17,25955,1,0.24
17,27321,1,0.24
17,28687,1,0.24
17,30053,1,0.24
17,31419,1,0.23
17,32785,1,0.24
17,34151,1,0.24
17,35517,1,0.24
17,36883,1,0.24
17,38249,1,0.24
17,39615,1,0.24
17,40981,1,0.24
17,42347,1,0.24
17,43713,1,0.24
17,45079,1,0.24
17,46445,1,0.24
17,47811,1,0.24
17,49177,1,0.24
17,50543,1,0.24
17,51909,1,0.24
17,53275,1,0.24
17,54641,1,0.24
17,56007,1,0.24
17,57373,1,0.24
17,58739,1,0.24
17,60105,1,0.24
17,61471,1,0.24
17,62837,1,0.24
17,64203,1,0.24
17,65535,1,0.24
17,1,17,0.24
17,1367,17,0.24
17,2733,17,0.24
17,4099,17,0.24
17,5465,17,0.24
17,6831,17,0.24
17,8197,17,0.24
17,9563,17,0.23
17,10929,17,0.24
17,12295,17,0.24
17,13661,17,0.23
17,15027,17,0.23
17,16393,17,0.23
17,17759,17,0.24
17,19125,17,0.23
17,20491,17,0.23
17,21857,17,0.23
17,23223,17,0.23
17,24589,17,0.24
17,25955,17,0.24
17,27321,17,0.24
17,28687,17,0.23
17,30053,17,0.23
17,31419,17,0.23
17,32785,17,0.23
17,34151,17,0.23
17,35517,17,0.24
17,36883,17,0.23
17,38249,17,0.23
17,39615,17,0.23
17,40981,17,0.23
17,42347,17,0.23
17,43713,17,0.23
17,45079,17,0.23
17,46445,17,0.24
17,47811,17,0.24
17,49177,17,0.24
17,50543,17,0.24
17,51909,17,0.24
17,53275,17,0.24
17,54641,17,0.23
17,56007,17,0.23
17,57373,17,0.23
17,58739,17,0.24
17,60105,17,0.23
17,61471,17,0.23
17,62837,17,0.24
17,64203,17,0.24
17,65535,17,0.24
17,1,33,0.23
17,1367,33,0.24
17,2733,33,0.23
17,4099,33,0.24
17,5465,33,0.24
17,6831,33,0.24
17,8197,33,0.23
17,9563,33,0.23
17,10929,33,0.24
17,12295,33,0.24
17,13661,33,0.24
17,15027,33,0.23
17,16393,33,0.24
17,17759,33,0.23
17,19125,33,0.24
17,20491,33,0.24
17,21857,33,0.23
17,23223,33,0.24
17,24589,33,0.24
17,25955,33,0.24
17,27321,33,0.24
17,28687,33,0.24
17,30053,33,0.24
17,31419,33,0.24
17,32785,33,0.24
17,34151,33,0.23
17,35517,33,0.23
17,36883,33,0.24
17,38249,33,0.24
17,39615,33,0.23
17,40981,33,0.23
17,42347,33,0.23
17,43713,33,0.24
17,45079,33,0.23
17,46445,33,0.24
17,47811,33,0.23
17,49177,33,0.23
17,50543,33,0.24
17,51909,33,0.23
17,53275,33,0.24
17,54641,33,0.23
17,56007,33,0.23
17,57373,33,0.24
17,58739,33,0.23
17,60105,33,0.23
17,61471,33,0.24
17,62837,33,0.24
17,64203,33,0.23
17,65535,33,0.23
17,1,49,0.24
17,1367,49,0.24
17,2733,49,0.24
17,4099,49,0.24
17,5465,49,0.24
17,6831,49,0.24
17,8197,49,0.24
17,9563,49,0.24
17,10929,49,0.24
17,12295,49,0.24
17,13661,49,0.24
17,15027,49,0.24
17,16393,49,0.23
17,17759,49,0.24
17,19125,49,0.24
17,20491,49,0.23
17,21857,49,0.23
17,23223,49,0.23
17,24589,49,0.23
17,25955,49,0.24
17,27321,49,0.24
17,28687,49,0.24
17,30053,49,0.24
17,31419,49,0.23
17,32785,49,0.23
17,34151,49,0.23
17,35517,49,0.23
17,36883,49,0.24
17,38249,49,0.24
17,39615,49,0.24
17,40981,49,0.23
17,42347,49,0.23
17,43713,49,0.23
17,45079,49,0.23
17,46445,49,0.24
17,47811,49,0.24
17,49177,49,0.24
17,50543,49,0.24
17,51909,49,0.23
17,53275,49,0.23
17,54641,49,0.24
17,56007,49,0.23
17,57373,49,0.24
17,58739,49,0.24
17,60105,49,0.23
17,61471,49,0.23
17,62837,49,0.24
17,64203,49,0.24
17,65535,49,0.25
17,1,65,0.24
17,1367,65,0.24
17,2733,65,0.24
17,4099,65,0.23
17,5465,65,0.24
17,6831,65,0.24
17,8197,65,0.24
17,9563,65,0.24
17,10929,65,0.24
17,12295,65,0.24
17,13661,65,0.24
17,15027,65,0.23
17,16393,65,0.23
17,17759,65,0.23
17,19125,65,0.23
17,20491,65,0.23
17,21857,65,0.23
17,23223,65,0.23
17,24589,65,0.22
17,25955,65,0.23
17,27321,65,0.23
17,28687,65,0.24
17,30053,65,0.24
17,31419,65,0.24
17,32785,65,0.23
17,34151,65,0.23
17,35517,65,0.23
17,36883,65,0.23
17,38249,65,0.23
17,39615,65,0.23
17,40981,65,0.23
17,42347,65,0.23
17,43713,65,0.24
17,45079,65,0.23
17,46445,65,0.24
17,47811,65,0.23
17,49177,65,0.24
17,50543,65,0.24
17,51909,65,0.23
17,53275,65,0.23
17,54641,65,0.24
17,56007,65,0.23
17,57373,65,0.24
17,58739,65,0.24
17,60105,65,0.24
17,61471,65,0.24
17,62837,65,0.24
17,64203,65,0.24
17,65535,65,0.24
17,1,81,0.24
17,1367,81,0.24
17,2733,81,0.24
17,4099,81,0.24
17,5465,81,0.24
17,6831,81,0.24
17,8197,81,0.24
17,9563,81,0.24
17,10929,81,0.24
17,12295,81,0.23
17,13661,81,0.24
17,15027,81,0.23
17,16393,81,0.23
17,17759,81,0.23
17,19125,81,0.23
17,20491,81,0.22
17,21857,81,0.23
17,23223,81,0.22
17,24589,81,0.22
17,25955,81,0.22
17,27321,81,0.23
17,28687,81,0.23
17,30053,81,0.23
17,31419,81,0.23
17,32785,81,0.23
17,34151,81,0.23
17,35517,81,0.24
17,36883,81,0.23
17,38249,81,0.23
17,39615,81,0.23
17,40981,81,0.24
17,42347,81,0.23
17,43713,81,0.24
17,45079,81,0.24
17,46445,81,0.23
17,47811,81,0.24
17,49177,81,0.23
17,50543,81,0.23
17,51909,81,0.23
17,53275,81,0.23
17,54641,81,0.24
17,56007,81,0.23
17,57373,81,0.23
17,58739,81,0.24
17,60105,81,0.23
17,61471,81,0.24
17,62837,81,0.24
17,64203,81,0.24
17,65535,81,0.23
17,1,97,0.23
17,1367,97,0.24
17,2733,97,0.24
17,4099,97,0.24
17,5465,97,0.24
17,6831,97,0.24
17,8197,97,0.24
17,9563,97,0.24
17,10929,97,0.24
17,12295,97,0.24
17,13661,97,0.23
17,15027,97,0.23
17,16393,97,0.23
17,17759,97,0.22
17,19125,97,0.22
17,20491,97,0.23
17,21857,97,0.22
17,23223,97,0.22
17,24589,97,0.22
17,25955,97,0.22
17,27321,97,0.22
17,28687,97,0.23
17,30053,97,0.23
17,31419,97,0.23
17,32785,97,0.22
17,34151,97,0.24
17,35517,97,0.23
17,36883,97,0.23
17,38249,97,0.23
17,39615,97,0.23
17,40981,97,0.23
17,42347,97,0.23
17,43713,97,0.23
17,45079,97,0.23
17,46445,97,0.23
17,47811,97,0.23
17,49177,97,0.23
17,50543,97,0.24
17,51909,97,0.23
17,53275,97,0.23
17,54641,97,0.23
17,56007,97,0.23
17,57373,97,0.23
17,58739,97,0.23
17,60105,97,0.23
17,61471,97,0.23
17,62837,97,0.23
17,64203,97,0.24
17,65535,97,0.23
17,1,113,0.23
17,1367,113,0.23
17,2733,113,0.23
17,4099,113,0.24
17,5465,113,0.25
17,6831,113,0.24
17,8197,113,0.23
17,9563,113,0.24
17,10929,113,0.23
17,12295,113,0.24
17,13661,113,0.23
17,15027,113,0.23
17,16393,113,0.22
17,17759,113,0.22
17,19125,113,0.22
17,20491,113,0.22
17,21857,113,0.22
17,23223,113,0.22
17,24589,113,0.22
17,25955,113,0.22
17,27321,113,0.22
17,28687,113,0.22
17,30053,113,0.23
17,31419,113,0.23
17,32785,113,0.23
17,34151,113,0.23
17,35517,113,0.23
17,36883,113,0.23
17,38249,113,0.23
17,39615,113,0.23
17,40981,113,0.23
17,42347,113,0.23
17,43713,113,0.22
17,45079,113,0.24
17,46445,113,0.22
17,47811,113,0.23
17,49177,113,0.23
17,50543,113,0.23
17,51909,113,0.23
17,53275,113,0.23
17,54641,113,0.23
17,56007,113,0.23
17,57373,113,0.23
17,58739,113,0.23
17,60105,113,0.23
17,61471,113,0.23
17,62837,113,0.23
17,64203,113,0.23
17,65535,113,0.23
17,1,129,0.22
17,1367,129,0.23
17,2733,129,0.24
17,4099,129,0.24
17,5465,129,0.24
17,6831,129,0.24
17,8197,129,0.23
17,9563,129,0.24
17,10929,129,0.24
17,12295,129,0.23
17,13661,129,0.23
17,15027,129,0.22
17,16393,129,0.23
17,17759,129,0.22
17,19125,129,0.22
17,20491,129,0.21
17,21857,129,0.21
17,23223,129,0.21
17,24589,129,0.21
17,25955,129,0.22
17,27321,129,0.22
17,28687,129,0.22
17,30053,129,0.22
17,31419,129,0.22
17,32785,129,0.23
17,34151,129,0.23
17,35517,129,0.23
17,36883,129,0.23
17,38249,129,0.23
17,39615,129,0.23
17,40981,129,0.23
17,42347,129,0.22
17,43713,129,0.22
17,45079,129,0.22
17,46445,129,0.22
17,47811,129,0.22
17,49177,129,0.23
17,50543,129,0.23
17,51909,129,0.23
17,53275,129,0.23
17,54641,129,0.23
17,56007,129,0.23
17,57373,129,0.23
17,58739,129,0.23
17,60105,129,0.23
17,61471,129,0.23
17,62837,129,0.22
17,64203,129,0.22
17,65535,129,0.22
17,1,145,0.22
17,1367,145,0.23
17,2733,145,0.23
17,4099,145,0.24
17,5465,145,0.24
17,6831,145,0.24
17,8197,145,0.24
17,9563,145,0.24
17,10929,145,0.23
17,12295,145,0.23
17,13661,145,0.22
17,15027,145,0.22
17,16393,145,0.22
17,17759,145,0.22
17,19125,145,0.22
17,20491,145,0.22
17,21857,145,0.21
17,23223,145,0.21
17,24589,145,0.21
17,25955,145,0.22
17,27321,145,0.22
17,28687,145,0.21
17,30053,145,0.22
17,31419,145,0.22
17,32785,145,0.23
17,34151,145,0.23
17,35517,145,0.23
17,36883,145,0.23
17,38249,145,0.23
17,39615,145,0.22
17,40981,145,0.22
17,42347,145,0.22
17,43713,145,0.22
17,45079,145,0.22
17,46445,145,0.22
17,47811,145,0.23
17,49177,145,0.23
17,50543,145,0.23
17,51909,145,0.23
17,53275,145,0.23
17,54641,145,0.23
17,56007,145,0.23
17,57373,145,0.22
17,58739,145,0.22
17,60105,145,0.22
17,61471,145,0.22
17,62837,145,0.22
17,64203,145,0.22
17,65535,145,0.22
17,1,161,0.22
17,1367,161,0.22
17,2733,161,0.23
17,4099,161,0.23
17,5465,161,0.24
17,6831,161,0.24
17,8197,161,0.24
17,9563,161,0.24
17,10929,161,0.23
17,12295,161,0.23
17,13661,161,0.23
17,15027,161,0.22
17,16393,161,0.22
17,17759,161,0.22
17,19125,161,0.21
17,20491,161,0.21
17,21857,161,0.21
17,23223,161,0.21
17,24589,161,0.21
17,25955,161,0.21
17,27321,161,0.22
17,28687,161,0.22
17,30053,161,0.22
17,31419,161,0.22
17,32785,161,0.23
17,34151,161,0.23
17,35517,161,0.23
17,36883,161,0.23
17,38249,161,0.23
17,39615,161,0.22
17,40981,161,0.22
17,42347,161,0.22
17,43713,161,0.21
17,45079,161,0.21
17,46445,161,0.22
17,47811,161,0.22
17,49177,161,0.22
17,50543,161,0.23
17,51909,161,0.23
17,53275,161,0.22
17,54641,161,0.22
17,56007,161,0.22
17,57373,161,0.22
17,58739,161,0.21
17,60105,161,0.21
17,61471,161,0.21
17,62837,161,0.21
17,64203,161,0.21
17,65535,161,0.21
17,1,177,0.21
17,1367,177,0.21
17,2733,177,0.22
17,4099,177,0.24
17,5465,177,0.24
17,6831,177,0.24
17,8197,177,0.24
17,9563,177,0.24
17,10929,177,0.24
17,12295,177,0.23
17,13661,177,0.22
17,15027,177,0.22
17,16393,177,0.21
17,17759,177,0.21
17,19125,177,0.21
17,20491,177,0.21
17,21857,177,0.21
17,23223,177,0.21
17,24589,177,0.21
17,25955,177,0.21
17,27321,177,0.21
17,28687,177,0.22
17,30053,177,0.22
17,31419,177,0.22
17,32785,177,0.23
17,34151,177,0.23
17,35517,177,0.23
17,36883,177,0.23
17,38249,177,0.22
17,39615,177,0.23
17,40981,177,0.22
17,42347,177,0.22
17,43713,177,0.21
17,45079,177,0.21
17,46445,177,0.21
17,47811,177,0.22
17,49177,177,0.23
17,50543,177,0.22
17,51909,177,0.23
17,53275,177,0.22
17,54641,177,0.22
17,56007,177,0.22
17,57373,177,0.21
17,58739,177,0.22
17,60105,177,0.21
17,61471,177,0.21
17,62837,177,0.21
17,64203,177,0.21
17,65535,177,0.21
17,1,193,0.21
17,1367,193,0.21
17,2733,193,0.21
17,4099,193,0.23
17,5465,193,0.24
17,6831,193,0.24
17,8197,193,0.24
17,9563,193,0.23
17,10929,193,0.24
17,12295,193,0.23
17,13661,193,0.22
17,15027,193,0.22
17,16393,193,0.21
17,17759,193,0.21
17,19125,193,0.22
17,20491,193,0.21
17,21857,193,0.21
17,23223,193,0.21
17,24589,193,0.22
17,25955,193,0.21
17,27321,193,0.21
17,28687,193,0.22
17,30053,193,0.22
17,31419,193,0.22
17,32785,193,0.22
17,34151,193,0.23
17,35517,193,0.23
17,36883,193,0.23
17,38249,193,0.23
17,39615,193,0.22
17,40981,193,0.21
17,42347,193,0.21
17,43713,193,0.21
17,45079,193,0.21
17,46445,193,0.22
17,47811,193,0.22
17,49177,193,0.22
17,50543,193,0.23
17,51909,193,0.22
17,53275,193,0.22
17,54641,193,0.22
17,56007,193,0.21
17,57373,193,0.22
17,58739,193,0.21
17,60105,193,0.21
17,61471,193,0.21
17,62837,193,0.21
17,64203,193,0.21
17,65535,193,0.21
17,1,209,0.21
17,1367,209,0.21
17,2733,209,0.21
17,4099,209,0.21
17,5465,209,0.21
17,6831,209,0.21
17,8197,209,0.22
17,9563,209,0.23
17,10929,209,0.23
17,12295,209,0.23
17,13661,209,0.23
17,15027,209,0.22
17,16393,209,0.21
17,17759,209,0.21
17,19125,209,0.21
17,20491,209,0.21
17,21857,209,0.21
17,23223,209,0.21
17,24589,209,0.21
17,25955,209,0.22
17,27321,209,0.22
17,28687,209,0.22
17,30053,209,0.22
17,31419,209,0.22
17,32785,209,0.23
17,34151,209,0.23
17,35517,209,0.23
17,36883,209,0.23
17,38249,209,0.22
17,39615,209,0.21
17,40981,209,0.21
17,42347,209,0.21
17,43713,209,0.21
17,45079,209,0.21
17,46445,209,0.22
17,47811,209,0.22
17,49177,209,0.22
17,50543,209,0.23
17,51909,209,0.23
17,53275,209,0.22
17,54641,209,0.21
17,56007,209,0.21
17,57373,209,0.21
17,58739,209,0.21
17,60105,209,0.21
17,61471,209,0.21
17,62837,209,0.21
17,64203,209,0.21
17,65535,209,0.21
17,1,225,0.21
17,1367,225,0.21
17,2733,225,0.21
17,4099,225,0.21
17,5465,225,0.21
17,6831,225,0.21
17,8197,225,0.22
17,9563,225,0.23
17,10929,225,0.23
17,12295,225,0.23
17,13661,225,0.22
17,15027,225,0.22
17,16393,225,0.22
17,17759,225,0.21
17,19125,225,0.21
17,20491,225,0.21
17,21857,225,0.21
17,23223,225,0.21
17,24589,225,0.21
17,25955,225,0.21
17,27321,225,0.22
17,28687,225,0.22
17,30053,225,0.22
17,31419,225,0.22
17,32785,225,0.22
17,34151,225,0.23
17,35517,225,0.23
17,36883,225,0.23
17,38249,225,0.22
17,39615,225,0.22
17,40981,225,0.21
17,42347,225,0.21
17,43713,225,0.21
17,45079,225,0.21
17,46445,225,0.21
17,47811,225,0.21
17,49177,225,0.22
17,50543,225,0.23
17,51909,225,0.23
17,53275,225,0.22
17,54641,225,0.22
17,56007,225,0.22
17,57373,225,0.21
17,58739,225,0.21
17,60105,225,0.21
17,61471,225,0.21
17,62837,225,0.21
17,64203,225,0.21
17,65535,225,0.21
17,1,241,0.21
17,1367,241,0.21
17,2733,241,0.21
17,4099,241,0.21
17,5465,241,0.21
17,6831,241,0.22
17,8197,241,0.22
17,9563,241,0.23
17,10929,241,0.23
17,12295,241,0.23
17,13661,241,0.23
17,15027,241,0.22
17,16393,241,0.21
17,17759,241,0.21
17,19125,241,0.21
17,20491,241,0.22
17,21857,241,0.21
17,23223,241,0.21
17,24589,241,0.21
17,25955,241,0.21
17,27321,241,0.21
17,28687,241,0.22
17,30053,241,0.22
17,31419,241,0.22
17,32785,241,0.23
17,34151,241,0.23
17,35517,241,0.23
17,36883,241,0.23
17,38249,241,0.22
17,39615,241,0.21
17,40981,241,0.22
17,42347,241,0.21
17,43713,241,0.21
17,45079,241,0.21
17,46445,241,0.21
17,47811,241,0.22
17,49177,241,0.22
17,50543,241,0.23
17,51909,241,0.23
17,53275,241,0.22
17,54641,241,0.22
17,56007,241,0.21
17,57373,241,0.22
17,58739,241,0.21
17,60105,241,0.21
17,61471,241,0.21
17,62837,241,0.21
17,64203,241,0.21
17,65535,241,0.2
17,1,255,0.22
17,1367,255,0.22
17,2733,255,0.22
17,4099,255,0.22
17,5465,255,0.22
17,6831,255,0.23
17,8197,255,0.23
17,9563,255,0.23
17,10929,255,0.24
17,12295,255,0.24
17,13661,255,0.24
17,15027,255,0.23
17,16393,255,0.22
17,17759,255,0.22
17,19125,255,0.21
17,20491,255,0.21
17,21857,255,0.22
17,23223,255,0.22
17,24589,255,0.21
17,25955,255,0.21
17,27321,255,0.22
17,28687,255,0.22
17,30053,255,0.22
17,31419,255,0.22
17,32785,255,0.23
17,34151,255,0.23
17,35517,255,0.23
17,36883,255,0.24
17,38249,255,0.23
17,39615,255,0.23
17,40981,255,0.22
17,42347,255,0.21
17,43713,255,0.21
17,45079,255,0.21
17,46445,255,0.22
17,47811,255,0.22
17,49177,255,0.23
17,50543,255,0.24
17,51909,255,0.23
17,53275,255,0.23
17,54641,255,0.23
17,56007,255,0.22
17,57373,255,0.22
17,58739,255,0.22
17,60105,255,0.22
17,61471,255,0.22
17,62837,255,0.22
17,64203,255,0.22
17,65535,255,0.21
33,1,1,0.26
33,1367,1,0.26
33,2733,1,0.26
33,4099,1,0.26
33,5465,1,0.26
33,6831,1,0.26
33,8197,1,0.26
33,9563,1,0.27
33,10929,1,0.26
33,12295,1,0.26
33,13661,1,0.26
33,15027,1,0.26
33,16393,1,0.27
33,17759,1,0.26
33,19125,1,0.26
33,20491,1,0.26
33,21857,1,0.26
33,23223,1,0.27
33,24589,1,0.26
33,25955,1,0.26
33,27321,1,0.26
33,28687,1,0.26
33,30053,1,0.26
33,31419,1,0.27
33,32785,1,0.26
33,34151,1,0.26
33,35517,1,0.26
33,36883,1,0.26
33,38249,1,0.27
33,39615,1,0.26
33,40981,1,0.26
33,42347,1,0.26
33,43713,1,0.26
33,45079,1,0.26
33,46445,1,0.27
33,47811,1,0.26
33,49177,1,0.27
33,50543,1,0.26
33,51909,1,0.26
33,53275,1,0.26
33,54641,1,0.27
33,56007,1,0.26
33,57373,1,0.26
33,58739,1,0.27
33,60105,1,0.27
33,61471,1,0.26
33,62837,1,0.26
33,64203,1,0.26
33,65535,1,0.26
33,1,17,0.26
33,1367,17,0.26
33,2733,17,0.26
33,4099,17,0.26
33,5465,17,0.26
33,6831,17,0.26
33,8197,17,0.26
33,9563,17,0.26
33,10929,17,0.26
33,12295,17,0.25
33,13661,17,0.26
33,15027,17,0.25
33,16393,17,0.26
33,17759,17,0.25
33,19125,17,0.26
33,20491,17,0.25
33,21857,17,0.25
33,23223,17,0.25
33,24589,17,0.25
33,25955,17,0.25
33,27321,17,0.26
33,28687,17,0.25
33,30053,17,0.25
33,31419,17,0.25
33,32785,17,0.25
33,34151,17,0.25
33,35517,17,0.25
33,36883,17,0.25
33,38249,17,0.26
33,39615,17,0.25
33,40981,17,0.25
33,42347,17,0.25
33,43713,17,0.25
33,45079,17,0.25
33,46445,17,0.26
33,47811,17,0.27
33,49177,17,0.26
33,50543,17,0.26
33,51909,17,0.25
33,53275,17,0.25
33,54641,17,0.26
33,56007,17,0.25
33,57373,17,0.25
33,58739,17,0.25
33,60105,17,0.25
33,61471,17,0.25
33,62837,17,0.26
33,64203,17,0.26
33,65535,17,0.26
33,1,33,0.25
33,1367,33,0.26
33,2733,33,0.25
33,4099,33,0.26
33,5465,33,0.26
33,6831,33,0.26
33,8197,33,0.25
33,9563,33,0.25
33,10929,33,0.25
33,12295,33,0.25
33,13661,33,0.25
33,15027,33,0.26
33,16393,33,0.25
33,17759,33,0.25
33,19125,33,0.25
33,20491,33,0.25
33,21857,33,0.25
33,23223,33,0.25
33,24589,33,0.25
33,25955,33,0.25
33,27321,33,0.25
33,28687,33,0.25
33,30053,33,0.25
33,31419,33,0.25
33,32785,33,0.26
33,34151,33,0.25
33,35517,33,0.25
33,36883,33,0.25
33,38249,33,0.25
33,39615,33,0.26
33,40981,33,0.25
33,42347,33,0.25
33,43713,33,0.25
33,45079,33,0.25
33,46445,33,0.25
33,47811,33,0.25
33,49177,33,0.26
33,50543,33,0.25
33,51909,33,0.25
33,53275,33,0.25
33,54641,33,0.26
33,56007,33,0.25
33,57373,33,0.25
33,58739,33,0.25
33,60105,33,0.25
33,61471,33,0.25
33,62837,33,0.25
33,64203,33,0.26
33,65535,33,0.25
33,1,49,0.25
33,1367,49,0.26
33,2733,49,0.26
33,4099,49,0.26
33,5465,49,0.26
33,6831,49,0.26
33,8197,49,0.25
33,9563,49,0.25
33,10929,49,0.26
33,12295,49,0.25
33,13661,49,0.25
33,15027,49,0.25
33,16393,49,0.26
33,17759,49,0.25
33,19125,49,0.25
33,20491,49,0.25
33,21857,49,0.25
33,23223,49,0.25
33,24589,49,0.26
33,25955,49,0.25
33,27321,49,0.25
33,28687,49,0.25
33,30053,49,0.25
33,31419,49,0.25
33,32785,49,0.25
33,34151,49,0.25
33,35517,49,0.26
33,36883,49,0.25
33,38249,49,0.25
33,39615,49,0.25
33,40981,49,0.26
33,42347,49,0.25
33,43713,49,0.25
33,45079,49,0.26
33,46445,49,0.25
33,47811,49,0.25
33,49177,49,0.26
33,50543,49,0.25
33,51909,49,0.25
33,53275,49,0.25
33,54641,49,0.25
33,56007,49,0.25
33,57373,49,0.25
33,58739,49,0.25
33,60105,49,0.25
33,61471,49,0.26
33,62837,49,0.26
33,64203,49,0.25
33,65535,49,0.26
33,1,65,0.25
33,1367,65,0.26
33,2733,65,0.27
33,4099,65,0.25
33,5465,65,0.26
33,6831,65,0.26
33,8197,65,0.25
33,9563,65,0.26
33,10929,65,0.25
33,12295,65,0.25
33,13661,65,0.25
33,15027,65,0.25
33,16393,65,0.25
33,17759,65,0.25
33,19125,65,0.25
33,20491,65,0.25
33,21857,65,0.24
33,23223,65,0.24
33,24589,65,0.24
33,25955,65,0.24
33,27321,65,0.24
33,28687,65,0.25
33,30053,65,0.25
33,31419,65,0.25
33,32785,65,0.25
33,34151,65,0.25
33,35517,65,0.25
33,36883,65,0.25
33,38249,65,0.25
33,39615,65,0.25
33,40981,65,0.25
33,42347,65,0.25
33,43713,65,0.25
33,45079,65,0.26
33,46445,65,0.26
33,47811,65,0.26
33,49177,65,0.26
33,50543,65,0.26
33,51909,65,0.25
33,53275,65,0.25
33,54641,65,0.25
33,56007,65,0.25
33,57373,65,0.25
33,58739,65,0.25
33,60105,65,0.26
33,61471,65,0.25
33,62837,65,0.25
33,64203,65,0.25
33,65535,65,0.25
33,1,81,0.25
33,1367,81,0.25
33,2733,81,0.25
33,4099,81,0.25
33,5465,81,0.26
33,6831,81,0.26
33,8197,81,0.25
33,9563,81,0.25
33,10929,81,0.25
33,12295,81,0.25
33,13661,81,0.25
33,15027,81,0.25
33,16393,81,0.24
33,17759,81,0.24
33,19125,81,0.24
33,20491,81,0.24
33,21857,81,0.23
33,23223,81,0.24
33,24589,81,0.23
33,25955,81,0.24
33,27321,81,0.24
33,28687,81,0.24
33,30053,81,0.25
33,31419,81,0.25
33,32785,81,0.25
33,34151,81,0.25
33,35517,81,0.25
33,36883,81,0.25
33,38249,81,0.25
33,39615,81,0.25
33,40981,81,0.26
33,42347,81,0.25
33,43713,81,0.26
33,45079,81,0.26
33,46445,81,0.25
33,47811,81,0.25
33,49177,81,0.25
33,50543,81,0.26
33,51909,81,0.25
33,53275,81,0.26
33,54641,81,0.25
33,56007,81,0.25
33,57373,81,0.25
33,58739,81,0.25
33,60105,81,0.26
33,61471,81,0.25
33,62837,81,0.25
33,64203,81,0.25
33,65535,81,0.26
33,1,97,0.25
33,1367,97,0.26
33,2733,97,0.25
33,4099,97,0.26
33,5465,97,0.26
33,6831,97,0.26
33,8197,97,0.25
33,9563,97,0.25
33,10929,97,0.25
33,12295,97,0.25
33,13661,97,0.25
33,15027,97,0.24
33,16393,97,0.24
33,17759,97,0.24
33,19125,97,0.23
33,20491,97,0.23
33,21857,97,0.23
33,23223,97,0.23
33,24589,97,0.23
33,25955,97,0.23
33,27321,97,0.24
33,28687,97,0.24
33,30053,97,0.24
33,31419,97,0.25
33,32785,97,0.25
33,34151,97,0.24
33,35517,97,0.25
33,36883,97,0.25
33,38249,97,0.25
33,39615,97,0.26
33,40981,97,0.25
33,42347,97,0.25
33,43713,97,0.25
33,45079,97,0.25
33,46445,97,0.25
33,47811,97,0.25
33,49177,97,0.25
33,50543,97,0.26
33,51909,97,0.25
33,53275,97,0.26
33,54641,97,0.25
33,56007,97,0.25
33,57373,97,0.25
33,58739,97,0.25
33,60105,97,0.25
33,61471,97,0.25
33,62837,97,0.25
33,64203,97,0.25
33,65535,97,0.25
33,1,113,0.25
33,1367,113,0.25
33,2733,113,0.26
33,4099,113,0.25
33,5465,113,0.26
33,6831,113,0.26
33,8197,113,0.25
33,9563,113,0.25
33,10929,113,0.26
33,12295,113,0.25
33,13661,113,0.25
33,15027,113,0.24
33,16393,113,0.24
33,17759,113,0.23
33,19125,113,0.23
33,20491,113,0.23
33,21857,113,0.23
33,23223,113,0.23
33,24589,113,0.23
33,25955,113,0.23
33,27321,113,0.23
33,28687,113,0.23
33,30053,113,0.24
33,31419,113,0.24
33,32785,113,0.25
33,34151,113,0.24
33,35517,113,0.25
33,36883,113,0.25
33,38249,113,0.25
33,39615,113,0.26
33,40981,113,0.25
33,42347,113,0.25
33,43713,113,0.25
33,45079,113,0.24
33,46445,113,0.25
33,47811,113,0.24
33,49177,113,0.24
33,50543,113,0.25
33,51909,113,0.25
33,53275,113,0.24
33,54641,113,0.25
33,56007,113,0.25
33,57373,113,0.25
33,58739,113,0.25
33,60105,113,0.25
33,61471,113,0.25
33,62837,113,0.25
33,64203,113,0.25
33,65535,113,0.25
33,1,129,0.26
33,1367,129,0.25
33,2733,129,0.25
33,4099,129,0.25
33,5465,129,0.26
33,6831,129,0.26
33,8197,129,0.26
33,9563,129,0.25
33,10929,129,0.25
33,12295,129,0.25
33,13661,129,0.24
33,15027,129,0.23
33,16393,129,0.24
33,17759,129,0.23
33,19125,129,0.23
33,20491,129,0.23
33,21857,129,0.22
33,23223,129,0.23
33,24589,129,0.23
33,25955,129,0.23
33,27321,129,0.23
33,28687,129,0.23
33,30053,129,0.24
33,31419,129,0.24
33,32785,129,0.24
33,34151,129,0.24
33,35517,129,0.25
33,36883,129,0.25
33,38249,129,0.26
33,39615,129,0.25
33,40981,129,0.25
33,42347,129,0.24
33,43713,129,0.24
33,45079,129,0.24
33,46445,129,0.24
33,47811,129,0.24
33,49177,129,0.25
33,50543,129,0.25
33,51909,129,0.25
33,53275,129,0.25
33,54641,129,0.25
33,56007,129,0.26
33,57373,129,0.26
33,58739,129,0.26
33,60105,129,0.26
33,61471,129,0.27
33,62837,129,0.26
33,64203,129,0.26
33,65535,129,0.26
33,1,145,0.25
33,1367,145,0.26
33,2733,145,0.25
33,4099,145,0.26
33,5465,145,0.26
33,6831,145,0.25
33,8197,145,0.25
33,9563,145,0.26
33,10929,145,0.26
33,12295,145,0.25
33,13661,145,0.24
33,15027,145,0.24
33,16393,145,0.24
33,17759,145,0.23
33,19125,145,0.23
33,20491,145,0.23
33,21857,145,0.23
33,23223,145,0.22
33,24589,145,0.23
33,25955,145,0.22
33,27321,145,0.23
33,28687,145,0.23
33,30053,145,0.24
33,31419,145,0.24
33,32785,145,0.25
33,34151,145,0.24
33,35517,145,0.25
33,36883,145,0.26
33,38249,145,0.26
33,39615,145,0.25
33,40981,145,0.24
33,42347,145,0.24
33,43713,145,0.23
33,45079,145,0.23
33,46445,145,0.24
33,47811,145,0.24
33,49177,145,0.25
33,50543,145,0.25
33,51909,145,0.25
33,53275,145,0.26
33,54641,145,0.26
33,56007,145,0.25
33,57373,145,0.25
33,58739,145,0.25
33,60105,145,0.25
33,61471,145,0.25
33,62837,145,0.24
33,64203,145,0.24
33,65535,145,0.24
33,1,161,0.24
33,1367,161,0.25
33,2733,161,0.26
33,4099,161,0.25
33,5465,161,0.26
33,6831,161,0.26
33,8197,161,0.26
33,9563,161,0.26
33,10929,161,0.26
33,12295,161,0.25
33,13661,161,0.24
33,15027,161,0.24
33,16393,161,0.23
33,17759,161,0.23
33,19125,161,0.23
33,20491,161,0.22
33,21857,161,0.22
33,23223,161,0.22
33,24589,161,0.23
33,25955,161,0.23
33,27321,161,0.23
33,28687,161,0.23
33,30053,161,0.23
33,31419,161,0.23
33,32785,161,0.24
33,34151,161,0.24
33,35517,161,0.25
33,36883,161,0.26
33,38249,161,0.25
33,39615,161,0.25
33,40981,161,0.24
33,42347,161,0.23
33,43713,161,0.23
33,45079,161,0.23
33,46445,161,0.24
33,47811,161,0.24
33,49177,161,0.24
33,50543,161,0.25
33,51909,161,0.25
33,53275,161,0.25
33,54641,161,0.25
33,56007,161,0.25
33,57373,161,0.25
33,58739,161,0.24
33,60105,161,0.25
33,61471,161,0.25
33,62837,161,0.24
33,64203,161,0.24
33,65535,161,0.24
33,1,177,0.23
33,1367,177,0.24
33,2733,177,0.25
33,4099,177,0.27
33,5465,177,0.26
33,6831,177,0.26
33,8197,177,0.26
33,9563,177,0.25
33,10929,177,0.25
33,12295,177,0.25
33,13661,177,0.24
33,15027,177,0.23
33,16393,177,0.22
33,17759,177,0.23
33,19125,177,0.23
33,20491,177,0.22
33,21857,177,0.22
33,23223,177,0.22
33,24589,177,0.22
33,25955,177,0.23
33,27321,177,0.23
33,28687,177,0.23
33,30053,177,0.23
33,31419,177,0.24
33,32785,177,0.24
33,34151,177,0.24
33,35517,177,0.25
33,36883,177,0.25
33,38249,177,0.25
33,39615,177,0.25
33,40981,177,0.24
33,42347,177,0.23
33,43713,177,0.23
33,45079,177,0.23
33,46445,177,0.24
33,47811,177,0.24
33,49177,177,0.24
33,50543,177,0.25
33,51909,177,0.26
33,53275,177,0.25
33,54641,177,0.26
33,56007,177,0.25
33,57373,177,0.25
33,58739,177,0.24
33,60105,177,0.24
33,61471,177,0.25
33,62837,177,0.24
33,64203,177,0.23
33,65535,177,0.24
33,1,193,0.24
33,1367,193,0.24
33,2733,193,0.24
33,4099,193,0.26
33,5465,193,0.26
33,6831,193,0.26
33,8197,193,0.26
33,9563,193,0.26
33,10929,193,0.25
33,12295,193,0.24
33,13661,193,0.24
33,15027,193,0.23
33,16393,193,0.23
33,17759,193,0.22
33,19125,193,0.22
33,20491,193,0.22
33,21857,193,0.22
33,23223,193,0.22
33,24589,193,0.23
33,25955,193,0.23
33,27321,193,0.23
33,28687,193,0.23
33,30053,193,0.23
33,31419,193,0.23
33,32785,193,0.24
33,34151,193,0.25
33,35517,193,0.25
33,36883,193,0.25
33,38249,193,0.25
33,39615,193,0.25
33,40981,193,0.24
33,42347,193,0.23
33,43713,193,0.23
33,45079,193,0.23
33,46445,193,0.24
33,47811,193,0.23
33,49177,193,0.25
33,50543,193,0.26
33,51909,193,0.25
33,53275,193,0.25
33,54641,193,0.25
33,56007,193,0.24
33,57373,193,0.24
33,58739,193,0.24
33,60105,193,0.23
33,61471,193,0.23
33,62837,193,0.23
33,64203,193,0.24
33,65535,193,0.23
33,1,209,0.23
33,1367,209,0.23
33,2733,209,0.23
33,4099,209,0.24
33,5465,209,0.24
33,6831,209,0.25
33,8197,209,0.25
33,9563,209,0.26
33,10929,209,0.25
33,12295,209,0.24
33,13661,209,0.24
33,15027,209,0.23
33,16393,209,0.23
33,17759,209,0.22
33,19125,209,0.22
33,20491,209,0.22
33,21857,209,0.22
33,23223,209,0.22
33,24589,209,0.22
33,25955,209,0.22
33,27321,209,0.23
33,28687,209,0.23
33,30053,209,0.23
33,31419,209,0.24
33,32785,209,0.23
33,34151,209,0.24
33,35517,209,0.25
33,36883,209,0.25
33,38249,209,0.24
33,39615,209,0.24
33,40981,209,0.23
33,42347,209,0.22
33,43713,209,0.22
33,45079,209,0.23
33,46445,209,0.23
33,47811,209,0.24
33,49177,209,0.24
33,50543,209,0.26
33,51909,209,0.25
33,53275,209,0.25
33,54641,209,0.24
33,56007,209,0.24
33,57373,209,0.24
33,58739,209,0.24
33,60105,209,0.23
33,61471,209,0.23
33,62837,209,0.23
33,64203,209,0.23
33,65535,209,0.23
33,1,225,0.23
33,1367,225,0.23
33,2733,225,0.23
33,4099,225,0.24
33,5465,225,0.24
33,6831,225,0.25
33,8197,225,0.25
33,9563,225,0.27
33,10929,225,0.26
33,12295,225,0.24
33,13661,225,0.23
33,15027,225,0.23
33,16393,225,0.23
33,17759,225,0.22
33,19125,225,0.22
33,20491,225,0.22
33,21857,225,0.22
33,23223,225,0.22
33,24589,225,0.22
33,25955,225,0.22
33,27321,225,0.22
33,28687,225,0.22
33,30053,225,0.23
33,31419,225,0.23
33,32785,225,0.23
33,34151,225,0.24
33,35517,225,0.25
33,36883,225,0.25
33,38249,225,0.24
33,39615,225,0.23
33,40981,225,0.22
33,42347,225,0.22
33,43713,225,0.23
33,45079,225,0.23
33,46445,225,0.23
33,47811,225,0.23
33,49177,225,0.24
33,50543,225,0.26
33,51909,225,0.26
33,53275,225,0.25
33,54641,225,0.24
33,56007,225,0.24
33,57373,225,0.24
33,58739,225,0.24
33,60105,225,0.23
33,61471,225,0.23
33,62837,225,0.23
33,64203,225,0.24
33,65535,225,0.23
33,1,241,0.23
33,1367,241,0.23
33,2733,241,0.23
33,4099,241,0.24
33,5465,241,0.24
33,6831,241,0.24
33,8197,241,0.25
33,9563,241,0.26
33,10929,241,0.26
33,12295,241,0.24
33,13661,241,0.24
33,15027,241,0.23
33,16393,241,0.22
33,17759,241,0.22
33,19125,241,0.22
33,20491,241,0.22
33,21857,241,0.22
33,23223,241,0.22
33,24589,241,0.22
33,25955,241,0.23
33,27321,241,0.22
33,28687,241,0.23
33,30053,241,0.23
33,31419,241,0.23
33,32785,241,0.24
33,34151,241,0.24
33,35517,241,0.25
33,36883,241,0.25
33,38249,241,0.24
33,39615,241,0.23
33,40981,241,0.23
33,42347,241,0.22
33,43713,241,0.22
33,45079,241,0.22
33,46445,241,0.23
33,47811,241,0.24
33,49177,241,0.25
33,50543,241,0.24
33,51909,241,0.25
33,53275,241,0.25
33,54641,241,0.24
33,56007,241,0.24
33,57373,241,0.24
33,58739,241,0.24
33,60105,241,0.24
33,61471,241,0.23
33,62837,241,0.23
33,64203,241,0.23
33,65535,241,0.23
33,1,255,0.23
33,1367,255,0.23
33,2733,255,0.23
33,4099,255,0.23
33,5465,255,0.24
33,6831,255,0.24
33,8197,255,0.25
33,9563,255,0.25
33,10929,255,0.27
33,12295,255,0.26
33,13661,255,0.25
33,15027,255,0.25
33,16393,255,0.24
33,17759,255,0.23
33,19125,255,0.23
33,20491,255,0.23
33,21857,255,0.22
33,23223,255,0.23
33,24589,255,0.23
33,25955,255,0.23
33,27321,255,0.23
33,28687,255,0.23
33,30053,255,0.23
33,31419,255,0.24
33,32785,255,0.24
33,34151,255,0.25
33,35517,255,0.26
33,36883,255,0.26
33,38249,255,0.25
33,39615,255,0.24
33,40981,255,0.23
33,42347,255,0.23
33,43713,255,0.22
33,45079,255,0.23
33,46445,255,0.23
33,47811,255,0.24
33,49177,255,0.25
33,50543,255,0.26
33,51909,255,0.26
33,53275,255,0.24
33,54641,255,0.24
33,56007,255,0.24
33,57373,255,0.24
33,58739,255,0.23
33,60105,255,0.23
33,61471,255,0.23
33,62837,255,0.23
33,64203,255,0.23
33,65535,255,0.22
49,1,1,0.28
49,1367,1,0.28
49,2733,1,0.28
49,4099,1,0.28
49,5465,1,0.31
49,6831,1,0.29
49,8197,1,0.28
49,9563,1,0.3
49,10929,1,0.29
49,12295,1,0.3
49,13661,1,0.28
49,15027,1,0.29
49,16393,1,0.3
49,17759,1,0.32
49,19125,1,0.28
49,20491,1,0.28
49,21857,1,0.29
49,23223,1,0.31
49,24589,1,0.29
49,25955,1,0.28
49,27321,1,0.28
49,28687,1,0.28
49,30053,1,0.29
49,31419,1,0.28
49,32785,1,0.28
49,34151,1,0.29
49,35517,1,0.28
49,36883,1,0.29
49,38249,1,0.3
49,39615,1,0.3
49,40981,1,0.29
49,42347,1,0.28
49,43713,1,0.31
49,45079,1,0.29
49,46445,1,0.29
49,47811,1,0.29
49,49177,1,0.3
49,50543,1,0.27
49,51909,1,0.28
49,53275,1,0.28
49,54641,1,0.28
49,56007,1,0.3
49,57373,1,0.3
49,58739,1,0.3
49,60105,1,0.29
49,61471,1,0.27
49,62837,1,0.27
49,64203,1,0.3
49,65535,1,0.28
49,1,17,0.31
49,1367,17,0.29
49,2733,17,0.27
49,4099,17,0.29
49,5465,17,0.28
49,6831,17,0.3
49,8197,17,0.3
49,9563,17,0.28
49,10929,17,0.28
49,12295,17,0.27
49,13661,17,0.27
49,15027,17,0.27
49,16393,17,0.28
49,17759,17,0.27
49,19125,17,0.27
49,20491,17,0.28
49,21857,17,0.28
49,23223,17,0.28
49,24589,17,0.27
49,25955,17,0.27
49,27321,17,0.27
49,28687,17,0.27
49,30053,17,0.28
49,31419,17,0.27
49,32785,17,0.27
49,34151,17,0.27
49,35517,17,0.28
49,36883,17,0.28
49,38249,17,0.28
49,39615,17,0.28
49,40981,17,0.28
49,42347,17,0.28
49,43713,17,0.28
49,45079,17,0.28
49,46445,17,0.29
49,47811,17,0.27
49,49177,17,0.3
49,50543,17,0.28
49,51909,17,0.28
49,53275,17,0.28
49,54641,17,0.28
49,56007,17,0.29
49,57373,17,0.29
49,58739,17,0.28
49,60105,17,0.27
49,61471,17,0.28
49,62837,17,0.28
49,64203,17,0.31
49,65535,17,0.29
49,1,33,0.28
49,1367,33,0.28
49,2733,33,0.28
49,4099,33,0.29
49,5465,33,0.29
49,6831,33,0.27
49,8197,33,0.28
49,9563,33,0.28
49,10929,33,0.28
49,12295,33,0.27
49,13661,33,0.27
49,15027,33,0.28
49,16393,33,0.28
49,17759,33,0.27
49,19125,33,0.27
49,20491,33,0.27
49,21857,33,0.27
49,23223,33,0.28
49,24589,33,0.27
49,25955,33,0.27
49,27321,33,0.27
49,28687,33,0.27
49,30053,33,0.27
49,31419,33,0.27
49,32785,33,0.27
49,34151,33,0.28
49,35517,33,0.28
49,36883,33,0.28
49,38249,33,0.28
49,39615,33,0.28
49,40981,33,0.3
49,42347,33,0.28
49,43713,33,0.28
49,45079,33,0.28
49,46445,33,0.28
49,47811,33,0.28
49,49177,33,0.28
49,50543,33,0.28
49,51909,33,0.28
49,53275,33,0.28
49,54641,33,0.28
49,56007,33,0.29
49,57373,33,0.29
49,58739,33,0.28
49,60105,33,0.28
49,61471,33,0.28
49,62837,33,0.28
49,64203,33,0.28
49,65535,33,0.27
49,1,49,0.28
49,1367,49,0.28
49,2733,49,0.28
49,4099,49,0.28
49,5465,49,0.29
49,6831,49,0.29
49,8197,49,0.28
49,9563,49,0.28
49,10929,49,0.28
49,12295,49,0.27
49,13661,49,0.28
49,15027,49,0.28
49,16393,49,0.27
49,17759,49,0.28
49,19125,49,0.27
49,20491,49,0.27
49,21857,49,0.27
49,23223,49,0.27
49,24589,49,0.27
49,25955,49,0.28
49,27321,49,0.27
49,28687,49,0.27
49,30053,49,0.27
49,31419,49,0.27
49,32785,49,0.28
49,34151,49,0.28
49,35517,49,0.28
49,36883,49,0.28
49,38249,49,0.28
49,39615,49,0.28
49,40981,49,0.28
49,42347,49,0.28
49,43713,49,0.28
49,45079,49,0.28
49,46445,49,0.28
49,47811,49,0.28
49,49177,49,0.28
49,50543,49,0.29
49,51909,49,0.28
49,53275,49,0.28
49,54641,49,0.28
49,56007,49,0.28
49,57373,49,0.28
49,58739,49,0.28
49,60105,49,0.28
49,61471,49,0.29
49,62837,49,0.28
49,64203,49,0.28
49,65535,49,0.28
49,1,65,0.28
49,1367,65,0.28
49,2733,65,0.28
49,4099,65,0.28
49,5465,65,0.29
49,6831,65,0.29
49,8197,65,0.28
49,9563,65,0.27
49,10929,65,0.29
49,12295,65,0.27
49,13661,65,0.27
49,15027,65,0.28
49,16393,65,0.28
49,17759,65,0.27
49,19125,65,0.26
49,20491,65,0.27
49,21857,65,0.26
49,23223,65,0.26
49,24589,65,0.26
49,25955,65,0.27
49,27321,65,0.27
49,28687,65,0.27
49,30053,65,0.27
49,31419,65,0.27
49,32785,65,0.28
49,34151,65,0.28
49,35517,65,0.28
49,36883,65,0.28
49,38249,65,0.28
49,39615,65,0.28
49,40981,65,0.28
49,42347,65,0.28
49,43713,65,0.28
49,45079,65,0.28
49,46445,65,0.28
49,47811,65,0.28
49,49177,65,0.28
49,50543,65,0.28
49,51909,65,0.28
49,53275,65,0.28
49,54641,65,0.28
49,56007,65,0.28
49,57373,65,0.29
49,58739,65,0.28
49,60105,65,0.28
49,61471,65,0.28
49,62837,65,0.28
49,64203,65,0.28
49,65535,65,0.28
49,1,81,0.28
49,1367,81,0.28
49,2733,81,0.28
49,4099,81,0.28
49,5465,81,0.3
49,6831,81,0.29
49,8197,81,0.28
49,9563,81,0.28
49,10929,81,0.28
49,12295,81,0.28
49,13661,81,0.28
49,15027,81,0.27
49,16393,81,0.27
49,17759,81,0.27
49,19125,81,0.26
49,20491,81,0.26
49,21857,81,0.25
49,23223,81,0.26
49,24589,81,0.26
49,25955,81,0.26
49,27321,81,0.26
49,28687,81,0.26
49,30053,81,0.26
49,31419,81,0.27
49,32785,81,0.28
49,34151,81,0.28
49,35517,81,0.27
49,36883,81,0.27
49,38249,81,0.28
49,39615,81,0.28
49,40981,81,0.28
49,42347,81,0.28
49,43713,81,0.28
49,45079,81,0.29
49,46445,81,0.28
49,47811,81,0.28
49,49177,81,0.28
49,50543,81,0.28
49,51909,81,0.28
49,53275,81,0.28
49,54641,81,0.28
49,56007,81,0.28
49,57373,81,0.28
49,58739,81,0.28
49,60105,81,0.29
49,61471,81,0.29
49,62837,81,0.28
49,64203,81,0.28
49,65535,81,0.28
49,1,97,0.27
49,1367,97,0.28
49,2733,97,0.28
49,4099,97,0.28
49,5465,97,0.29
49,6831,97,0.29
49,8197,97,0.28
49,9563,97,0.28
49,10929,97,0.28
49,12295,97,0.28
49,13661,97,0.27
49,15027,97,0.27
49,16393,97,0.26
49,17759,97,0.26
49,19125,97,0.25
49,20491,97,0.25
49,21857,97,0.25
49,23223,97,0.25
49,24589,97,0.25
49,25955,97,0.25
49,27321,97,0.25
49,28687,97,0.26
49,30053,97,0.26
49,31419,97,0.26
49,32785,97,0.26
49,34151,97,0.27
49,35517,97,0.27
49,36883,97,0.28
49,38249,97,0.29
49,39615,97,0.28
49,40981,97,0.28
49,42347,97,0.27
49,43713,97,0.27
49,45079,97,0.27
49,46445,97,0.27
49,47811,97,0.27
49,49177,97,0.28
49,50543,97,0.28
49,51909,97,0.28
49,53275,97,0.28
49,54641,97,0.29
49,56007,97,0.28
49,57373,97,0.28
49,58739,97,0.28
49,60105,97,0.28
49,61471,97,0.28
49,62837,97,0.27
49,64203,97,0.28
49,65535,97,0.28
49,1,113,0.29
49,1367,113,0.28
49,2733,113,0.28
49,4099,113,0.28
49,5465,113,0.29
49,6831,113,0.29
49,8197,113,0.28
49,9563,113,0.28
49,10929,113,0.28
49,12295,113,0.27
49,13661,113,0.26
49,15027,113,0.26
49,16393,113,0.25
49,17759,113,0.25
49,19125,113,0.25
49,20491,113,0.25
49,21857,113,0.24
49,23223,113,0.25
49,24589,113,0.24
49,25955,113,0.25
49,27321,113,0.25
49,28687,113,0.25
49,30053,113,0.26
49,31419,113,0.26
49,32785,113,0.26
49,34151,113,0.27
49,35517,113,0.28
49,36883,113,0.27
49,38249,113,0.28
49,39615,113,0.28
49,40981,113,0.28
49,42347,113,0.27
49,43713,113,0.27
49,45079,113,0.26
49,46445,113,0.26
49,47811,113,0.27
49,49177,113,0.27
49,50543,113,0.28
49,51909,113,0.28
49,53275,113,0.28
49,54641,113,0.29
49,56007,113,0.29
49,57373,113,0.3
49,58739,113,0.29
49,60105,113,0.28
49,61471,113,0.29
49,62837,113,0.29
49,64203,113,0.28
49,65535,113,0.29
49,1,129,0.27
49,1367,129,0.29
49,2733,129,0.28
49,4099,129,0.28
49,5465,129,0.29
49,6831,129,0.28
49,8197,129,0.29
49,9563,129,0.28
49,10929,129,0.28
49,12295,129,0.27
49,13661,129,0.26
49,15027,129,0.26
49,16393,129,0.25
49,17759,129,0.25
49,19125,129,0.24
49,20491,129,0.24
49,21857,129,0.24
49,23223,129,0.24
49,24589,129,0.24
49,25955,129,0.24
49,27321,129,0.24
49,28687,129,0.25
49,30053,129,0.26
49,31419,129,0.25
49,32785,129,0.26
49,34151,129,0.27
49,35517,129,0.28
49,36883,129,0.28
49,38249,129,0.27
49,39615,129,0.27
49,40981,129,0.27
49,42347,129,0.26
49,43713,129,0.25
49,45079,129,0.26
49,46445,129,0.26
49,47811,129,0.26
49,49177,129,0.27
49,50543,129,0.27
49,51909,129,0.28
49,53275,129,0.28
49,54641,129,0.29
49,56007,129,0.3
49,57373,129,0.28
49,58739,129,0.28
49,60105,129,0.28
49,61471,129,0.28
49,62837,129,0.28
49,64203,129,0.28
49,65535,129,0.28
49,1,145,0.26
49,1367,145,0.28
49,2733,145,0.29
49,4099,145,0.28
49,5465,145,0.29
49,6831,145,0.29
49,8197,145,0.28
49,9563,145,0.27
49,10929,145,0.28
49,12295,145,0.27
49,13661,145,0.26
49,15027,145,0.26
49,16393,145,0.25
49,17759,145,0.25
49,19125,145,0.24
49,20491,145,0.24
49,21857,145,0.24
49,23223,145,0.23
49,24589,145,0.24
49,25955,145,0.24
49,27321,145,0.25
49,28687,145,0.25
49,30053,145,0.26
49,31419,145,0.25
49,32785,145,0.26
49,34151,145,0.26
49,35517,145,0.27
49,36883,145,0.28
49,38249,145,0.28
49,39615,145,0.27
49,40981,145,0.27
49,42347,145,0.26
49,43713,145,0.25
49,45079,145,0.25
49,46445,145,0.25
49,47811,145,0.26
49,49177,145,0.26
49,50543,145,0.27
49,51909,145,0.29
49,53275,145,0.29
49,54641,145,0.28
49,56007,145,0.27
49,57373,145,0.27
49,58739,145,0.28
49,60105,145,0.27
49,61471,145,0.27
49,62837,145,0.27
49,64203,145,0.27
49,65535,145,0.26
49,1,161,0.25
49,1367,161,0.27
49,2733,161,0.28
49,4099,161,0.28
49,5465,161,0.29
49,6831,161,0.29
49,8197,161,0.28
49,9563,161,0.28
49,10929,161,0.28
49,12295,161,0.27
49,13661,161,0.26
49,15027,161,0.25
49,16393,161,0.25
49,17759,161,0.25
49,19125,161,0.24
49,20491,161,0.24
49,21857,161,0.24
49,23223,161,0.23
49,24589,161,0.24
49,25955,161,0.25
49,27321,161,0.24
49,28687,161,0.24
49,30053,161,0.24
49,31419,161,0.24
49,32785,161,0.25
49,34151,161,0.27
49,35517,161,0.27
49,36883,161,0.28
49,38249,161,0.27
49,39615,161,0.26
49,40981,161,0.25
49,42347,161,0.25
49,43713,161,0.25
49,45079,161,0.24
49,46445,161,0.25
49,47811,161,0.26
49,49177,161,0.27
49,50543,161,0.28
49,51909,161,0.29
49,53275,161,0.28
49,54641,161,0.27
49,56007,161,0.27
49,57373,161,0.26
49,58739,161,0.26
49,60105,161,0.26
49,61471,161,0.26
49,62837,161,0.26
49,64203,161,0.25
49,65535,161,0.25
49,1,177,0.25
49,1367,177,0.25
49,2733,177,0.27
49,4099,177,0.29
49,5465,177,0.29
49,6831,177,0.29
49,8197,177,0.28
49,9563,177,0.29
49,10929,177,0.28
49,12295,177,0.27
49,13661,177,0.25
49,15027,177,0.25
49,16393,177,0.25
49,17759,177,0.24
49,19125,177,0.23
49,20491,177,0.23
49,21857,177,0.23
49,23223,177,0.23
49,24589,177,0.24
49,25955,177,0.24
49,27321,177,0.24
49,28687,177,0.24
49,30053,177,0.25
49,31419,177,0.25
49,32785,177,0.26
49,34151,177,0.27
49,35517,177,0.28
49,36883,177,0.27
49,38249,177,0.27
49,39615,177,0.26
49,40981,177,0.25
49,42347,177,0.25
49,43713,177,0.24
49,45079,177,0.24
49,46445,177,0.25
49,47811,177,0.26
49,49177,177,0.28
49,50543,177,0.28
49,51909,177,0.28
49,53275,177,0.28
49,54641,177,0.26
49,56007,177,0.26
49,57373,177,0.26
49,58739,177,0.25
49,60105,177,0.25
49,61471,177,0.25
49,62837,177,0.25
49,64203,177,0.25
49,65535,177,0.24
49,1,193,0.24
49,1367,193,0.24
49,2733,193,0.26
49,4099,193,0.28
49,5465,193,0.28
49,6831,193,0.28
49,8197,193,0.28
49,9563,193,0.28
49,10929,193,0.27
49,12295,193,0.26
49,13661,193,0.25
49,15027,193,0.25
49,16393,193,0.24
49,17759,193,0.23
49,19125,193,0.23
49,20491,193,0.23
49,21857,193,0.23
49,23223,193,0.23
49,24589,193,0.23
49,25955,193,0.23
49,27321,193,0.23
49,28687,193,0.24
49,30053,193,0.24
49,31419,193,0.25
49,32785,193,0.25
49,34151,193,0.27
49,35517,193,0.27
49,36883,193,0.27
49,38249,193,0.27
49,39615,193,0.25
49,40981,193,0.25
49,42347,193,0.24
49,43713,193,0.23
49,45079,193,0.24
49,46445,193,0.25
49,47811,193,0.26
49,49177,193,0.28
49,50543,193,0.28
49,51909,193,0.27
49,53275,193,0.26
49,54641,193,0.25
49,56007,193,0.26
49,57373,193,0.26
49,58739,193,0.25
49,60105,193,0.25
49,61471,193,0.25
49,62837,193,0.25
49,64203,193,0.25
49,65535,193,0.24
49,1,209,0.24
49,1367,209,0.24
49,2733,209,0.24
49,4099,209,0.25
49,5465,209,0.25
49,6831,209,0.26
49,8197,209,0.26
49,9563,209,0.28
49,10929,209,0.27
49,12295,209,0.26
49,13661,209,0.25
49,15027,209,0.24
49,16393,209,0.24
49,17759,209,0.23
49,19125,209,0.23
49,20491,209,0.23
49,21857,209,0.23
49,23223,209,0.23
49,24589,209,0.24
49,25955,209,0.23
49,27321,209,0.24
49,28687,209,0.24
49,30053,209,0.24
49,31419,209,0.25
49,32785,209,0.26
49,34151,209,0.26
49,35517,209,0.27
49,36883,209,0.27
49,38249,209,0.26
49,39615,209,0.25
49,40981,209,0.24
49,42347,209,0.24
49,43713,209,0.24
49,45079,209,0.25
49,46445,209,0.25
49,47811,209,0.25
49,49177,209,0.27
49,50543,209,0.29
49,51909,209,0.28
49,53275,209,0.26
49,54641,209,0.26
49,56007,209,0.26
49,57373,209,0.25
49,58739,209,0.25
49,60105,209,0.25
49,61471,209,0.24
49,62837,209,0.25
49,64203,209,0.24
49,65535,209,0.24
49,1,225,0.24
49,1367,225,0.24
49,2733,225,0.24
49,4099,225,0.25
49,5465,225,0.25
49,6831,225,0.26
49,8197,225,0.27
49,9563,225,0.28
49,10929,225,0.28
49,12295,225,0.25
49,13661,225,0.25
49,15027,225,0.24
49,16393,225,0.24
49,17759,225,0.23
49,19125,225,0.24
49,20491,225,0.23
49,21857,225,0.23
49,23223,225,0.23
49,24589,225,0.23
49,25955,225,0.23
49,27321,225,0.24
49,28687,225,0.24
49,30053,225,0.24
49,31419,225,0.24
49,32785,225,0.26
49,34151,225,0.27
49,35517,225,0.27
49,36883,225,0.27
49,38249,225,0.25
49,39615,225,0.25
49,40981,225,0.24
49,42347,225,0.23
49,43713,225,0.23
49,45079,225,0.25
49,46445,225,0.24
49,47811,225,0.25
49,49177,225,0.26
49,50543,225,0.28
49,51909,225,0.27
49,53275,225,0.27
49,54641,225,0.26
49,56007,225,0.26
49,57373,225,0.25
49,58739,225,0.24
49,60105,225,0.24
49,61471,225,0.24
49,62837,225,0.24
49,64203,225,0.24
49,65535,225,0.24
49,1,241,0.24
49,1367,241,0.24
49,2733,241,0.24
49,4099,241,0.25
49,5465,241,0.25
49,6831,241,0.26
49,8197,241,0.27
49,9563,241,0.28
49,10929,241,0.28
49,12295,241,0.27
49,13661,241,0.25
49,15027,241,0.24
49,16393,241,0.24
49,17759,241,0.23
49,19125,241,0.23
49,20491,241,0.23
49,21857,241,0.23
49,23223,241,0.23
49,24589,241,0.23
49,25955,241,0.23
49,27321,241,0.23
49,28687,241,0.24
49,30053,241,0.25
49,31419,241,0.25
49,32785,241,0.25
49,34151,241,0.27
49,35517,241,0.27
49,36883,241,0.27
49,38249,241,0.25
49,39615,241,0.24
49,40981,241,0.24
49,42347,241,0.23
49,43713,241,0.23
49,45079,241,0.23
49,46445,241,0.24
49,47811,241,0.25
49,49177,241,0.26
49,50543,241,0.28
49,51909,241,0.28
49,53275,241,0.27
49,54641,241,0.26
49,56007,241,0.27
49,57373,241,0.25
49,58739,241,0.25
49,60105,241,0.24
49,61471,241,0.24
49,62837,241,0.24
49,64203,241,0.24
49,65535,241,0.24
49,1,255,0.24
49,1367,255,0.24
49,2733,255,0.24
49,4099,255,0.25
49,5465,255,0.25
49,6831,255,0.26
49,8197,255,0.27
49,9563,255,0.28
49,10929,255,0.29
49,12295,255,0.29
49,13661,255,0.28
49,15027,255,0.27
49,16393,255,0.26
49,17759,255,0.25
49,19125,255,0.24
49,20491,255,0.25
49,21857,255,0.24
49,23223,255,0.25
49,24589,255,0.25
49,25955,255,0.24
49,27321,255,0.25
49,28687,255,0.25
49,30053,255,0.25
49,31419,255,0.26
49,32785,255,0.27
49,34151,255,0.27
49,35517,255,0.28
49,36883,255,0.29
49,38249,255,0.27
49,39615,255,0.26
49,40981,255,0.25
49,42347,255,0.24
49,43713,255,0.24
49,45079,255,0.24
49,46445,255,0.25
49,47811,255,0.26
49,49177,255,0.27
49,50543,255,0.29
49,51909,255,0.28
49,53275,255,0.27
49,54641,255,0.26
49,56007,255,0.26
49,57373,255,0.25
49,58739,255,0.25
49,60105,255,0.25
49,61471,255,0.25
49,62837,255,0.25
49,64203,255,0.24
49,65535,255,0.24
65,1,1,0.33
65,1367,1,0.3
65,2733,1,0.33
65,4099,1,0.32
65,5465,1,0.35
65,6831,1,0.32
65,8197,1,0.32
65,9563,1,0.32
65,10929,1,0.31
65,12295,1,0.31
65,13661,1,0.31
65,15027,1,0.32
65,16393,1,0.32
65,17759,1,0.32
65,19125,1,0.35
65,20491,1,0.35
65,21857,1,0.33
65,23223,1,0.33
65,24589,1,0.33
65,25955,1,0.32
65,27321,1,0.31
65,28687,1,0.32
65,30053,1,0.32
65,31419,1,0.33
65,32785,1,0.32
65,34151,1,0.31
65,35517,1,0.31
65,36883,1,0.31
65,38249,1,0.33
65,39615,1,0.31
65,40981,1,0.31
65,42347,1,0.34
65,43713,1,0.33
65,45079,1,0.33
65,46445,1,0.34
65,47811,1,0.34
65,49177,1,0.32
65,50543,1,0.32
65,51909,1,0.34
65,53275,1,0.31
65,54641,1,0.32
65,56007,1,0.29
65,57373,1,0.33
65,58739,1,0.32
65,60105,1,0.32
65,61471,1,0.35
65,62837,1,0.31
65,64203,1,0.33
65,65535,1,0.34
65,1,17,0.33
65,1367,17,0.32
65,2733,17,0.31
65,4099,17,0.33
65,5465,17,0.32
65,6831,17,0.34
65,8197,17,0.31
65,9563,17,0.31
65,10929,17,0.32
65,12295,17,0.31
65,13661,17,0.31
65,15027,17,0.31
65,16393,17,0.31
65,17759,17,0.31
65,19125,17,0.31
65,20491,17,0.31
65,21857,17,0.31
65,23223,17,0.31
65,24589,17,0.31
65,25955,17,0.31
65,27321,17,0.31
65,28687,17,0.31
65,30053,17,0.31
65,31419,17,0.31
65,32785,17,0.31
65,34151,17,0.32
65,35517,17,0.31
65,36883,17,0.32
65,38249,17,0.31
65,39615,17,0.31
65,40981,17,0.31
65,42347,17,0.31
65,43713,17,0.31
65,45079,17,0.31
65,46445,17,0.35
65,47811,17,0.36
65,49177,17,0.34
65,50543,17,0.34
65,51909,17,0.31
65,53275,17,0.31
65,54641,17,0.31
65,56007,17,0.31
65,57373,17,0.32
65,58739,17,0.32
65,60105,17,0.31
65,61471,17,0.31
65,62837,17,0.32
65,64203,17,0.32
65,65535,17,0.32
65,1,33,0.32
65,1367,33,0.32
65,2733,33,0.32
65,4099,33,0.33
65,5465,33,0.33
65,6831,33,0.33
65,8197,33,0.32
65,9563,33,0.31
65,10929,33,0.31
65,12295,33,0.32
65,13661,33,0.32
65,15027,33,0.32
65,16393,33,0.31
65,17759,33,0.31
65,19125,33,0.31
65,20491,33,0.31
65,21857,33,0.31
65,23223,33,0.31
65,24589,33,0.31
65,25955,33,0.31
65,27321,33,0.31
65,28687,33,0.31
65,30053,33,0.31
65,31419,33,0.31
65,32785,33,0.31
65,34151,33,0.31
65,35517,33,0.31
65,36883,33,0.31
65,38249,33,0.31
65,39615,33,0.31
65,40981,33,0.31
65,42347,33,0.31
65,43713,33,0.31
65,45079,33,0.32
65,46445,33,0.31
65,47811,33,0.31
65,49177,33,0.32
65,50543,33,0.32
65,51909,33,0.32
65,53275,33,0.32
65,54641,33,0.32
65,56007,33,0.32
65,57373,33,0.32
65,58739,33,0.32
65,60105,33,0.32
65,61471,33,0.31
65,62837,33,0.32
65,64203,33,0.32
65,65535,33,0.32
65,1,49,0.32
65,1367,49,0.32
65,2733,49,0.31
65,4099,49,0.32
65,5465,49,0.36
65,6831,49,0.34
65,8197,49,0.31
65,9563,49,0.31
65,10929,49,0.3
65,12295,49,0.31
65,13661,49,0.31
65,15027,49,0.3
65,16393,49,0.3
65,17759,49,0.3
65,19125,49,0.3
65,20491,49,0.31
65,21857,49,0.3
65,23223,49,0.3
65,24589,49,0.31
65,25955,49,0.31
65,27321,49,0.31
65,28687,49,0.3
65,30053,49,0.3
65,31419,49,0.3
65,32785,49,0.3
65,34151,49,0.31
65,35517,49,0.31
65,36883,49,0.31
65,38249,49,0.31
65,39615,49,0.31
65,40981,49,0.31
65,42347,49,0.31
65,43713,49,0.32
65,45079,49,0.31
65,46445,49,0.31
65,47811,49,0.32
65,49177,49,0.32
65,50543,49,0.32
65,51909,49,0.32
65,53275,49,0.32
65,54641,49,0.31
65,56007,49,0.31
65,57373,49,0.32
65,58739,49,0.31
65,60105,49,0.31
65,61471,49,0.32
65,62837,49,0.32
65,64203,49,0.32
65,65535,49,0.32
65,1,65,0.32
65,1367,65,0.32
65,2733,65,0.32
65,4099,65,0.32
65,5465,65,0.31
65,6831,65,0.35
65,8197,65,0.31
65,9563,65,0.31
65,10929,65,0.31
65,12295,65,0.31
65,13661,65,0.3
65,15027,65,0.3
65,16393,65,0.31
65,17759,65,0.3
65,19125,65,0.29
65,20491,65,0.29
65,21857,65,0.29
65,23223,65,0.29
65,24589,65,0.29
65,25955,65,0.29
65,27321,65,0.3
65,28687,65,0.3
65,30053,65,0.31
65,31419,65,0.31
65,32785,65,0.3
65,34151,65,0.31
65,35517,65,0.3
65,36883,65,0.3
65,38249,65,0.31
65,39615,65,0.31
65,40981,65,0.31
65,42347,65,0.31
65,43713,65,0.31
65,45079,65,0.31
65,46445,65,0.31
65,47811,65,0.31
65,49177,65,0.31
65,50543,65,0.32
65,51909,65,0.32
65,53275,65,0.32
65,54641,65,0.32
65,56007,65,0.32
65,57373,65,0.32
65,58739,65,0.32
65,60105,65,0.31
65,61471,65,0.31
65,62837,65,0.31
65,64203,65,0.36
65,65535,65,0.33
65,1,81,0.33
65,1367,81,0.33
65,2733,81,0.32
65,4099,81,0.33
65,5465,81,0.32
65,6831,81,0.34
65,8197,81,0.31
65,9563,81,0.31
65,10929,81,0.3
65,12295,81,0.31
65,13661,81,0.3
65,15027,81,0.3
65,16393,81,0.3
65,17759,81,0.29
65,19125,81,0.29
65,20491,81,0.28
65,21857,81,0.28
65,23223,81,0.28
65,24589,81,0.28
65,25955,81,0.28
65,27321,81,0.28
65,28687,81,0.29
65,30053,81,0.3
65,31419,81,0.3
65,32785,81,0.3
65,34151,81,0.3
65,35517,81,0.3
65,36883,81,0.3
65,38249,81,0.3
65,39615,81,0.31
65,40981,81,0.31
65,42347,81,0.31
65,43713,81,0.31
65,45079,81,0.31
65,46445,81,0.31
65,47811,81,0.31
65,49177,81,0.31
65,50543,81,0.32
65,51909,81,0.31
65,53275,81,0.32
65,54641,81,0.32
65,56007,81,0.33
65,57373,81,0.31
65,58739,81,0.32
65,60105,81,0.31
65,61471,81,0.31
65,62837,81,0.32
65,64203,81,0.31
65,65535,81,0.31
65,1,97,0.32
65,1367,97,0.32
65,2733,97,0.32
65,4099,97,0.32
65,5465,97,0.33
65,6831,97,0.34
65,8197,97,0.31
65,9563,97,0.31
65,10929,97,0.3
65,12295,97,0.31
65,13661,97,0.3
65,15027,97,0.29
65,16393,97,0.28
65,17759,97,0.28
65,19125,97,0.27
65,20491,97,0.27
65,21857,97,0.27
65,23223,97,0.27
65,24589,97,0.27
65,25955,97,0.27
65,27321,97,0.28
65,28687,97,0.29
65,30053,97,0.29
65,31419,97,0.29
65,32785,97,0.29
65,34151,97,0.3
65,35517,97,0.3
65,36883,97,0.31
65,38249,97,0.3
65,39615,97,0.3
65,40981,97,0.3
65,42347,97,0.3
65,43713,97,0.29
65,45079,97,0.29
65,46445,97,0.34
65,47811,97,0.3
65,49177,97,0.33
65,50543,97,0.3
65,51909,97,0.3
65,53275,97,0.33
65,54641,97,0.33
65,56007,97,0.31
65,57373,97,0.29
65,58739,97,0.32
65,60105,97,0.32
65,61471,97,0.33
65,62837,97,0.3
65,64203,97,0.33
65,65535,97,0.32
65,1,113,0.31
65,1367,113,0.32
65,2733,113,0.31
65,4099,113,0.32
65,5465,113,0.34
65,6831,113,0.33
65,8197,113,0.32
65,9563,113,0.3
65,10929,113,0.3
65,12295,113,0.3
65,13661,113,0.29
65,15027,113,0.29
65,16393,113,0.28
65,17759,113,0.27
65,19125,113,0.26
65,20491,113,0.27
65,21857,113,0.26
65,23223,113,0.27
65,24589,113,0.26
65,25955,113,0.26
65,27321,113,0.27
65,28687,113,0.27
65,30053,113,0.28
65,31419,113,0.28
65,32785,113,0.29
65,34151,113,0.3
65,35517,113,0.3
65,36883,113,0.3
65,38249,113,0.3
65,39615,113,0.31
65,40981,113,0.3
65,42347,113,0.29
65,43713,113,0.29
65,45079,113,0.29
65,46445,113,0.29
65,47811,113,0.29
65,49177,113,0.29
65,50543,113,0.3
65,51909,113,0.3
65,53275,113,0.32
65,54641,113,0.32
65,56007,113,0.32
65,57373,113,0.31
65,58739,113,0.32
65,60105,113,0.32
65,61471,113,0.31
65,62837,113,0.31
65,64203,113,0.33
65,65535,113,0.33
65,1,129,0.3
65,1367,129,0.31
65,2733,129,0.3
65,4099,129,0.33
65,5465,129,0.31
65,6831,129,0.35
65,8197,129,0.31
65,9563,129,0.31
65,10929,129,0.31
65,12295,129,0.3
65,13661,129,0.29
65,15027,129,0.28
65,16393,129,0.28
65,17759,129,0.27
65,19125,129,0.26
65,20491,129,0.26
65,21857,129,0.26
65,23223,129,0.26
65,24589,129,0.26
65,25955,129,0.26
65,27321,129,0.27
65,28687,129,0.27
65,30053,129,0.28
65,31419,129,0.28
65,32785,129,0.29
65,34151,129,0.29
65,35517,129,0.3
65,36883,129,0.3
65,38249,129,0.3
65,39615,129,0.3
65,40981,129,0.29
65,42347,129,0.28
65,43713,129,0.27
65,45079,129,0.27
65,46445,129,0.28
65,47811,129,0.28
65,49177,129,0.29
65,50543,129,0.31
65,51909,129,0.32
65,53275,129,0.31
65,54641,129,0.3
65,56007,129,0.33
65,57373,129,0.32
65,58739,129,0.31
65,60105,129,0.32
65,61471,129,0.31
65,62837,129,0.31
65,64203,129,0.3
65,65535,129,0.3
65,1,145,0.28
65,1367,145,0.3
65,2733,145,0.32
65,4099,145,0.32
65,5465,145,0.35
65,6831,145,0.32
65,8197,145,0.31
65,9563,145,0.31
65,10929,145,0.31
65,12295,145,0.3
65,13661,145,0.28
65,15027,145,0.28
65,16393,145,0.27
65,17759,145,0.26
65,19125,145,0.26
65,20491,145,0.25
65,21857,145,0.26
65,23223,145,0.26
65,24589,145,0.26
65,25955,145,0.26
65,27321,145,0.27
65,28687,145,0.27
65,30053,145,0.27
65,31419,145,0.28
65,32785,145,0.28
65,34151,145,0.29
65,35517,145,0.31
65,36883,145,0.3
65,38249,145,0.3
65,39615,145,0.3
65,40981,145,0.29
65,42347,145,0.28
65,43713,145,0.27
65,45079,145,0.27
65,46445,145,0.27
65,47811,145,0.28
65,49177,145,0.29
65,50543,145,0.31
65,51909,145,0.31
65,53275,145,0.31
65,54641,145,0.31
65,56007,145,0.31
65,57373,145,0.3
65,58739,145,0.29
65,60105,145,0.29
65,61471,145,0.29
65,62837,145,0.29
65,64203,145,0.28
65,65535,145,0.28
65,1,161,0.27
65,1367,161,0.28
65,2733,161,0.31
65,4099,161,0.32
65,5465,161,0.34
65,6831,161,0.31
65,8197,161,0.31
65,9563,161,0.31
65,10929,161,0.31
65,12295,161,0.3
65,13661,161,0.28
65,15027,161,0.26
65,16393,161,0.26
65,17759,161,0.26
65,19125,161,0.25
65,20491,161,0.25
65,21857,161,0.25
65,23223,161,0.24
65,24589,161,0.25
65,25955,161,0.25
65,27321,161,0.26
65,28687,161,0.26
65,30053,161,0.26
65,31419,161,0.27
65,32785,161,0.28
65,34151,161,0.29
65,35517,161,0.29
65,36883,161,0.3
65,38249,161,0.29
65,39615,161,0.28
65,40981,161,0.28
65,42347,161,0.27
65,43713,161,0.26
65,45079,161,0.26
65,46445,161,0.27
65,47811,161,0.28
65,49177,161,0.3
65,50543,161,0.31
65,51909,161,0.32
65,53275,161,0.31
65,54641,161,0.3
65,56007,161,0.3
65,57373,161,0.28
65,58739,161,0.28
65,60105,161,0.27
65,61471,161,0.27
65,62837,161,0.27
65,64203,161,0.27
65,65535,161,0.27
65,1,177,0.26
65,1367,177,0.27
65,2733,177,0.29
65,4099,177,0.34
65,5465,177,0.33
65,6831,177,0.31
65,8197,177,0.31
65,9563,177,0.31
65,10929,177,0.31
65,12295,177,0.29
65,13661,177,0.28
65,15027,177,0.27
65,16393,177,0.27
65,17759,177,0.25
65,19125,177,0.25
65,20491,177,0.24
65,21857,177,0.25
65,23223,177,0.24
65,24589,177,0.25
65,25955,177,0.25
65,27321,177,0.25
65,28687,177,0.26
65,30053,177,0.26
65,31419,177,0.27
65,32785,177,0.28
65,34151,177,0.28
65,35517,177,0.29
65,36883,177,0.3
65,38249,177,0.29
65,39615,177,0.29
65,40981,177,0.28
65,42347,177,0.26
65,43713,177,0.26
65,45079,177,0.26
65,46445,177,0.27
65,47811,177,0.28
65,49177,177,0.3
65,50543,177,0.31
65,51909,177,0.31
65,53275,177,0.3
65,54641,177,0.29
65,56007,177,0.3
65,57373,177,0.28
65,58739,177,0.28
65,60105,177,0.27
65,61471,177,0.27
65,62837,177,0.27
65,64203,177,0.28
65,65535,177,0.26
65,1,193,0.26
65,1367,193,0.26
65,2733,193,0.27
65,4099,193,0.3
65,5465,193,0.32
65,6831,193,0.31
65,8197,193,0.32
65,9563,193,0.31
65,10929,193,0.29
65,12295,193,0.29
65,13661,193,0.28
65,15027,193,0.26
65,16393,193,0.25
65,17759,193,0.25
65,19125,193,0.24
65,20491,193,0.24
65,21857,193,0.25
65,23223,193,0.25
65,24589,193,0.25
65,25955,193,0.26
65,27321,193,0.25
65,28687,193,0.26
65,30053,193,0.26
65,31419,193,0.27
65,32785,193,0.29
65,34151,193,0.29
65,35517,193,0.3
65,36883,193,0.3
65,38249,193,0.28
65,39615,193,0.27
65,40981,193,0.27
65,42347,193,0.25
65,43713,193,0.25
65,45079,193,0.25
65,46445,193,0.27
65,47811,193,0.29
65,49177,193,0.3
65,50543,193,0.3
65,51909,193,0.29
65,53275,193,0.29
65,54641,193,0.29
65,56007,193,0.28
65,57373,193,0.28
65,58739,193,0.27
65,60105,193,0.27
65,61471,193,0.26
65,62837,193,0.26
65,64203,193,0.26
65,65535,193,0.26
65,1,209,0.26
65,1367,209,0.26
65,2733,209,0.27
65,4099,209,0.28
65,5465,209,0.28
65,6831,209,0.28
65,8197,209,0.29
65,9563,209,0.31
65,10929,209,0.3
65,12295,209,0.29
65,13661,209,0.28
65,15027,209,0.26
65,16393,209,0.26
65,17759,209,0.25
65,19125,209,0.25
65,20491,209,0.25
65,21857,209,0.25
65,23223,209,0.25
65,24589,209,0.25
65,25955,209,0.25
65,27321,209,0.25
65,28687,209,0.26
65,30053,209,0.26
65,31419,209,0.26
65,32785,209,0.28
65,34151,209,0.29
65,35517,209,0.3
65,36883,209,0.3
65,38249,209,0.28
65,39615,209,0.28
65,40981,209,0.26
65,42347,209,0.25
65,43713,209,0.26
65,45079,209,0.25
65,46445,209,0.26
65,47811,209,0.29
65,49177,209,0.3
65,50543,209,0.3
65,51909,209,0.3
65,53275,209,0.29
65,54641,209,0.29
65,56007,209,0.28
65,57373,209,0.27
65,58739,209,0.26
65,60105,209,0.26
65,61471,209,0.26
65,62837,209,0.26
65,64203,209,0.25
65,65535,209,0.25
65,1,225,0.25
65,1367,225,0.25
65,2733,225,0.25
65,4099,225,0.26
65,5465,225,0.27
65,6831,225,0.28
65,8197,225,0.28
65,9563,225,0.3
65,10929,225,0.31
65,12295,225,0.28
65,13661,225,0.27
65,15027,225,0.26
65,16393,225,0.25
65,17759,225,0.25
65,19125,225,0.25
65,20491,225,0.24
65,21857,225,0.25
65,23223,225,0.25
65,24589,225,0.24
65,25955,225,0.24
65,27321,225,0.25
65,28687,225,0.26
65,30053,225,0.26
65,31419,225,0.27
65,32785,225,0.28
65,34151,225,0.29
65,35517,225,0.3
65,36883,225,0.29
65,38249,225,0.28
65,39615,225,0.26
65,40981,225,0.26
65,42347,225,0.25
65,43713,225,0.25
65,45079,225,0.25
65,46445,225,0.26
65,47811,225,0.26
65,49177,225,0.29
65,50543,225,0.31
65,51909,225,0.29
65,53275,225,0.29
65,54641,225,0.28
65,56007,225,0.27
65,57373,225,0.27
65,58739,225,0.26
65,60105,225,0.25
65,61471,225,0.25
65,62837,225,0.25
65,64203,225,0.25
65,65535,225,0.25
65,1,241,0.25
65,1367,241,0.25
65,2733,241,0.25
65,4099,241,0.25
65,5465,241,0.26
65,6831,241,0.27
65,8197,241,0.28
65,9563,241,0.29
65,10929,241,0.3
65,12295,241,0.27
65,13661,241,0.26
65,15027,241,0.25
65,16393,241,0.25
65,17759,241,0.24
65,19125,241,0.25
65,20491,241,0.24
65,21857,241,0.24
65,23223,241,0.24
65,24589,241,0.25
65,25955,241,0.25
65,27321,241,0.24
65,28687,241,0.25
65,30053,241,0.25
65,31419,241,0.26
65,32785,241,0.28
65,34151,241,0.28
65,35517,241,0.3
65,36883,241,0.29
65,38249,241,0.27
65,39615,241,0.26
65,40981,241,0.25
65,42347,241,0.25
65,43713,241,0.25
65,45079,241,0.25
65,46445,241,0.25
65,47811,241,0.26
65,49177,241,0.28
65,50543,241,0.29
65,51909,241,0.3
65,53275,241,0.29
65,54641,241,0.28
65,56007,241,0.27
65,57373,241,0.26
65,58739,241,0.26
65,60105,241,0.26
65,61471,241,0.25
65,62837,241,0.25
65,64203,241,0.25
65,65535,241,0.25
65,1,255,0.26
65,1367,255,0.26
65,2733,255,0.27
65,4099,255,0.27
65,5465,255,0.27
65,6831,255,0.28
65,8197,255,0.3
65,9563,255,0.31
65,10929,255,0.33
65,12295,255,0.33
65,13661,255,0.31
65,15027,255,0.29
65,16393,255,0.28
65,17759,255,0.27
65,19125,255,0.26
65,20491,255,0.27
65,21857,255,0.26
65,23223,255,0.26
65,24589,255,0.27
65,25955,255,0.27
65,27321,255,0.27
65,28687,255,0.27
65,30053,255,0.27
65,31419,255,0.28
65,32785,255,0.29
65,34151,255,0.29
65,35517,255,0.31
65,36883,255,0.32
65,38249,255,0.3
65,39615,255,0.28
65,40981,255,0.26
65,42347,255,0.26
65,43713,255,0.26
65,45079,255,0.26
65,46445,255,0.27
65,47811,255,0.28
65,49177,255,0.3
65,50543,255,0.32
65,51909,255,0.31
65,53275,255,0.29
65,54641,255,0.28
65,56007,255,0.28
65,57373,255,0.27
65,58739,255,0.27
65,60105,255,0.27
65,61471,255,0.27
65,62837,255,0.26
65,64203,255,0.26
65,65535,255,0.26
81,1,1,0.36
81,1367,1,0.37
81,2733,1,0.38
81,4099,1,0.37
81,5465,1,0.39
81,6831,1,0.4
81,8197,1,0.37
81,9563,1,0.38
81,10929,1,0.37
81,12295,1,0.38
81,13661,1,0.39
81,15027,1,0.39
81,16393,1,0.37
81,17759,1,0.38
81,19125,1,0.37
81,20491,1,0.37
81,21857,1,0.38
81,23223,1,0.38
81,24589,1,0.39
81,25955,1,0.38
81,27321,1,0.37
81,28687,1,0.38
81,30053,1,0.36
81,31419,1,0.37
81,32785,1,0.37
81,34151,1,0.38
81,35517,1,0.36
81,36883,1,0.38
81,38249,1,0.38
81,39615,1,0.39
81,40981,1,0.39
81,42347,1,0.37
81,43713,1,0.39
81,45079,1,0.38
81,46445,1,0.38
81,47811,1,0.38
81,49177,1,0.37
81,50543,1,0.37
81,51909,1,0.37
81,53275,1,0.38
81,54641,1,0.38
81,56007,1,0.38
81,57373,1,0.38
81,58739,1,0.38
81,60105,1,0.37
81,61471,1,0.38
81,62837,1,0.37
81,64203,1,0.37
81,65535,1,0.38
81,1,17,0.39
81,1367,17,0.38
81,2733,17,0.38
81,4099,17,0.39
81,5465,17,0.37
81,6831,17,0.37
81,8197,17,0.38
81,9563,17,0.35
81,10929,17,0.37
81,12295,17,0.35
81,13661,17,0.37
81,15027,17,0.37
81,16393,17,0.37
81,17759,17,0.35
81,19125,17,0.36
81,20491,17,0.36
81,21857,17,0.34
81,23223,17,0.33
81,24589,17,0.35
81,25955,17,0.37
81,27321,17,0.36
81,28687,17,0.36
81,30053,17,0.35
81,31419,17,0.34
81,32785,17,0.35
81,34151,17,0.33
81,35517,17,0.37
81,36883,17,0.35
81,38249,17,0.36
81,39615,17,0.38
81,40981,17,0.38
81,42347,17,0.37
81,43713,17,0.36
81,45079,17,0.35
81,46445,17,0.37
81,47811,17,0.37
81,49177,17,0.37
81,50543,17,0.37
81,51909,17,0.36
81,53275,17,0.36
81,54641,17,0.36
81,56007,17,0.34
81,57373,17,0.35
81,58739,17,0.37
81,60105,17,0.36
81,61471,17,0.38
81,62837,17,0.39
81,64203,17,0.36
81,65535,17,0.4
81,1,33,0.37
81,1367,33,0.38
81,2733,33,0.35
81,4099,33,0.41
81,5465,33,0.37
81,6831,33,0.37
81,8197,33,0.36
81,9563,33,0.36
81,10929,33,0.36
81,12295,33,0.34
81,13661,33,0.37
81,15027,33,0.35
81,16393,33,0.34
81,17759,33,0.34
81,19125,33,0.36
81,20491,33,0.37
81,21857,33,0.38
81,23223,33,0.35
81,24589,33,0.36
81,25955,33,0.36
81,27321,33,0.37
81,28687,33,0.34
81,30053,33,0.33
81,31419,33,0.37
81,32785,33,0.35
81,34151,33,0.33
81,35517,33,0.35
81,36883,33,0.34
81,38249,33,0.36
81,39615,33,0.33
81,40981,33,0.36
81,42347,33,0.35
81,43713,33,0.33
81,45079,33,0.35
81,46445,33,0.37
81,47811,33,0.37
81,49177,33,0.35
81,50543,33,0.37
81,51909,33,0.37
81,53275,33,0.36
81,54641,33,0.36
81,56007,33,0.36
81,57373,33,0.35
81,58739,33,0.36
81,60105,33,0.36
81,61471,33,0.37
81,62837,33,0.38
81,64203,33,0.36
81,65535,33,0.38
81,1,49,0.36
81,1367,49,0.39
81,2733,49,0.37
81,4099,49,0.36
81,5465,49,0.38
81,6831,49,0.4
81,8197,49,0.38
81,9563,49,0.34
81,10929,49,0.36
81,12295,49,0.35
81,13661,49,0.36
81,15027,49,0.36
81,16393,49,0.35
81,17759,49,0.36
81,19125,49,0.32
81,20491,49,0.36
81,21857,49,0.32
81,23223,49,0.36
81,24589,49,0.35
81,25955,49,0.34
81,27321,49,0.34
81,28687,49,0.35
81,30053,49,0.33
81,31419,49,0.36
81,32785,49,0.37
81,34151,49,0.36
81,35517,49,0.37
81,36883,49,0.36
81,38249,49,0.37
81,39615,49,0.36
81,40981,49,0.36
81,42347,49,0.37
81,43713,49,0.36
81,45079,49,0.34
81,46445,49,0.35
81,47811,49,0.35
81,49177,49,0.36
81,50543,49,0.36
81,51909,49,0.36
81,53275,49,0.36
81,54641,49,0.37
81,56007,49,0.35
81,57373,49,0.36
81,58739,49,0.37
81,60105,49,0.37
81,61471,49,0.37
81,62837,49,0.38
81,64203,49,0.36
81,65535,49,0.37
81,1,65,0.38
81,1367,65,0.39
81,2733,65,0.38
81,4099,65,0.37
81,5465,65,0.39
81,6831,65,0.38
81,8197,65,0.36
81,9563,65,0.34
81,10929,65,0.36
81,12295,65,0.36
81,13661,65,0.34
81,15027,65,0.37
81,16393,65,0.35
81,17759,65,0.34
81,19125,65,0.36
81,20491,65,0.35
81,21857,65,0.32
81,23223,65,0.32
81,24589,65,0.34
81,25955,65,0.33
81,27321,65,0.32
81,28687,65,0.36
81,30053,65,0.33
81,31419,65,0.35
81,32785,65,0.35
81,34151,65,0.36
81,35517,65,0.33
81,36883,65,0.35
81,38249,65,0.36
81,39615,65,0.37
81,40981,65,0.36
81,42347,65,0.36
81,43713,65,0.37
81,45079,65,0.38
81,46445,65,0.36
81,47811,65,0.37
81,49177,65,0.36
81,50543,65,0.38
81,51909,65,0.37
81,53275,65,0.37
81,54641,65,0.34
81,56007,65,0.36
81,57373,65,0.41
81,58739,65,0.38
81,60105,65,0.38
81,61471,65,0.38
81,62837,65,0.37
81,64203,65,0.38
81,65535,65,0.37
81,1,81,0.37
81,1367,81,0.36
81,2733,81,0.36
81,4099,81,0.36
81,5465,81,0.4
81,6831,81,0.39
81,8197,81,0.38
81,9563,81,0.36
81,10929,81,0.34
81,12295,81,0.37
81,13661,81,0.35
81,15027,81,0.35
81,16393,81,0.33
81,17759,81,0.34
81,19125,81,0.33
81,20491,81,0.31
81,21857,81,0.3
81,23223,81,0.3
81,24589,81,0.31
81,25955,81,0.31
81,27321,81,0.31
81,28687,81,0.31
81,30053,81,0.33
81,31419,81,0.36
81,32785,81,0.32
81,34151,81,0.34
81,35517,81,0.37
81,36883,81,0.35
81,38249,81,0.36
81,39615,81,0.36
81,40981,81,0.34
81,42347,81,0.37
81,43713,81,0.35
81,45079,81,0.35
81,46445,81,0.35
81,47811,81,0.36
81,49177,81,0.36
81,50543,81,0.36
81,51909,81,0.36
81,53275,81,0.35
81,54641,81,0.36
81,56007,81,0.34
81,57373,81,0.37
81,58739,81,0.36
81,60105,81,0.38
81,61471,81,0.37
81,62837,81,0.37
81,64203,81,0.37
81,65535,81,0.37
81,1,97,0.37
81,1367,97,0.36
81,2733,97,0.38
81,4099,97,0.37
81,5465,97,0.39
81,6831,97,0.4
81,8197,97,0.37
81,9563,97,0.36
81,10929,97,0.34
81,12295,97,0.36
81,13661,97,0.37
81,15027,97,0.31
81,16393,97,0.32
81,17759,97,0.3
81,19125,97,0.3
81,20491,97,0.3
81,21857,97,0.3
81,23223,97,0.3
81,24589,97,0.3
81,25955,97,0.3
81,27321,97,0.32
81,28687,97,0.32
81,30053,97,0.32
81,31419,97,0.32
81,32785,97,0.33
81,34151,97,0.35
81,35517,97,0.36
81,36883,97,0.36
81,38249,97,0.36
81,39615,97,0.35
81,40981,97,0.33
81,42347,97,0.38
81,43713,97,0.34
81,45079,97,0.33
81,46445,97,0.33
81,47811,97,0.34
81,49177,97,0.37
81,50543,97,0.36
81,51909,97,0.37
81,53275,97,0.38
81,54641,97,0.38
81,56007,97,0.39
81,57373,97,0.37
81,58739,97,0.41
81,60105,97,0.37
81,61471,97,0.38
81,62837,97,0.37
81,64203,97,0.37
81,65535,97,0.37
81,1,113,0.36
81,1367,113,0.4
81,2733,113,0.35
81,4099,113,0.37
81,5465,113,0.4
81,6831,113,0.39
81,8197,113,0.36
81,9563,113,0.36
81,10929,113,0.35
81,12295,113,0.37
81,13661,113,0.32
81,15027,113,0.32
81,16393,113,0.31
81,17759,113,0.3
81,19125,113,0.31
81,20491,113,0.29
81,21857,113,0.29
81,23223,113,0.29
81,24589,113,0.29
81,25955,113,0.29
81,27321,113,0.31
81,28687,113,0.31
81,30053,113,0.32
81,31419,113,0.32
81,32785,113,0.33
81,34151,113,0.34
81,35517,113,0.37
81,36883,113,0.34
81,38249,113,0.35
81,39615,113,0.33
81,40981,113,0.34
81,42347,113,0.36
81,43713,113,0.32
81,45079,113,0.33
81,46445,113,0.36
81,47811,113,0.33
81,49177,113,0.34
81,50543,113,0.34
81,51909,113,0.35
81,53275,113,0.37
81,54641,113,0.38
81,56007,113,0.37
81,57373,113,0.38
81,58739,113,0.38
81,60105,113,0.35
81,61471,113,0.37
81,62837,113,0.38
81,64203,113,0.35
81,65535,113,0.36
81,1,129,0.35
81,1367,129,0.36
81,2733,129,0.37
81,4099,129,0.36
81,5465,129,0.39
81,6831,129,0.38
81,8197,129,0.36
81,9563,129,0.38
81,10929,129,0.34
81,12295,129,0.36
81,13661,129,0.33
81,15027,129,0.31
81,16393,129,0.3
81,17759,129,0.3
81,19125,129,0.29
81,20491,129,0.29
81,21857,129,0.28
81,23223,129,0.29
81,24589,129,0.29
81,25955,129,0.29
81,27321,129,0.3
81,28687,129,0.31
81,30053,129,0.3
81,31419,129,0.31
81,32785,129,0.32
81,34151,129,0.33
81,35517,129,0.34
81,36883,129,0.34
81,38249,129,0.34
81,39615,129,0.34
81,40981,129,0.33
81,42347,129,0.32
81,43713,129,0.31
81,45079,129,0.31
81,46445,129,0.32
81,47811,129,0.32
81,49177,129,0.33
81,50543,129,0.37
81,51909,129,0.34
81,53275,129,0.36
81,54641,129,0.35
81,56007,129,0.35
81,57373,129,0.36
81,58739,129,0.38
81,60105,129,0.36
81,61471,129,0.35
81,62837,129,0.35
81,64203,129,0.34
81,65535,129,0.33
81,1,145,0.31
81,1367,145,0.35
81,2733,145,0.36
81,4099,145,0.34
81,5465,145,0.39
81,6831,145,0.35
81,8197,145,0.36
81,9563,145,0.34
81,10929,145,0.34
81,12295,145,0.34
81,13661,145,0.32
81,15027,145,0.31
81,16393,145,0.31
81,17759,145,0.29
81,19125,145,0.29
81,20491,145,0.28
81,21857,145,0.27
81,23223,145,0.28
81,24589,145,0.28
81,25955,145,0.29
81,27321,145,0.29
81,28687,145,0.31
81,30053,145,0.31
81,31419,145,0.31
81,32785,145,0.32
81,34151,145,0.33
81,35517,145,0.34
81,36883,145,0.34
81,38249,145,0.34
81,39615,145,0.33
81,40981,145,0.32
81,42347,145,0.31
81,43713,145,0.3
81,45079,145,0.3
81,46445,145,0.31
81,47811,145,0.31
81,49177,145,0.34
81,50543,145,0.36
81,51909,145,0.36
81,53275,145,0.35
81,54641,145,0.35
81,56007,145,0.35
81,57373,145,0.34
81,58739,145,0.34
81,60105,145,0.34
81,61471,145,0.33
81,62837,145,0.32
81,64203,145,0.31
81,65535,145,0.31
81,1,161,0.3
81,1367,161,0.31
81,2733,161,0.37
81,4099,161,0.37
81,5465,161,0.38
81,6831,161,0.37
81,8197,161,0.37
81,9563,161,0.35
81,10929,161,0.34
81,12295,161,0.33
81,13661,161,0.32
81,15027,161,0.3
81,16393,161,0.29
81,17759,161,0.28
81,19125,161,0.28
81,20491,161,0.27
81,21857,161,0.27
81,23223,161,0.27
81,24589,161,0.27
81,25955,161,0.28
81,27321,161,0.28
81,28687,161,0.29
81,30053,161,0.3
81,31419,161,0.31
81,32785,161,0.31
81,34151,161,0.32
81,35517,161,0.33
81,36883,161,0.34
81,38249,161,0.33
81,39615,161,0.32
81,40981,161,0.31
81,42347,161,0.3
81,43713,161,0.28
81,45079,161,0.29
81,46445,161,0.3
81,47811,161,0.33
81,49177,161,0.34
81,50543,161,0.35
81,51909,161,0.35
81,53275,161,0.34
81,54641,161,0.33
81,56007,161,0.32
81,57373,161,0.32
81,58739,161,0.32
81,60105,161,0.31
81,61471,161,0.3
81,62837,161,0.3
81,64203,161,0.3
81,65535,161,0.3
81,1,177,0.28
81,1367,177,0.3
81,2733,177,0.33
81,4099,177,0.38
81,5465,177,0.4
81,6831,177,0.37
81,8197,177,0.37
81,9563,177,0.38
81,10929,177,0.34
81,12295,177,0.34
81,13661,177,0.31
81,15027,177,0.3
81,16393,177,0.29
81,17759,177,0.28
81,19125,177,0.27
81,20491,177,0.27
81,21857,177,0.27
81,23223,177,0.27
81,24589,177,0.27
81,25955,177,0.28
81,27321,177,0.28
81,28687,177,0.29
81,30053,177,0.3
81,31419,177,0.3
81,32785,177,0.31
81,34151,177,0.32
81,35517,177,0.34
81,36883,177,0.34
81,38249,177,0.33
81,39615,177,0.32
81,40981,177,0.33
81,42347,177,0.29
81,43713,177,0.28
81,45079,177,0.28
81,46445,177,0.3
81,47811,177,0.32
81,49177,177,0.33
81,50543,177,0.34
81,51909,177,0.35
81,53275,177,0.33
81,54641,177,0.32
81,56007,177,0.31
81,57373,177,0.32
81,58739,177,0.3
81,60105,177,0.3
81,61471,177,0.3
81,62837,177,0.3
81,64203,177,0.28
81,65535,177,0.28
81,1,193,0.28
81,1367,193,0.28
81,2733,193,0.3
81,4099,193,0.36
81,5465,193,0.39
81,6831,193,0.37
81,8197,193,0.37
81,9563,193,0.37
81,10929,193,0.34
81,12295,193,0.32
81,13661,193,0.3
81,15027,193,0.29
81,16393,193,0.28
81,17759,193,0.27
81,19125,193,0.27
81,20491,193,0.26
81,21857,193,0.27
81,23223,193,0.27
81,24589,193,0.27
81,25955,193,0.27
81,27321,193,0.28
81,28687,193,0.29
81,30053,193,0.29
81,31419,193,0.3
81,32785,193,0.3
81,34151,193,0.32
81,35517,193,0.33
81,36883,193,0.34
81,38249,193,0.31
81,39615,193,0.3
81,40981,193,0.29
81,42347,193,0.27
81,43713,193,0.28
81,45079,193,0.28
81,46445,193,0.31
81,47811,193,0.32
81,49177,193,0.34
81,50543,193,0.34
81,51909,193,0.33
81,53275,193,0.33
81,54641,193,0.31
81,56007,193,0.31
81,57373,193,0.3
81,58739,193,0.29
81,60105,193,0.28
81,61471,193,0.29
81,62837,193,0.28
81,64203,193,0.28
81,65535,193,0.28
81,1,209,0.27
81,1367,209,0.29
81,2733,209,0.29
81,4099,209,0.32
81,5465,209,0.36
81,6831,209,0.31
81,8197,209,0.32
81,9563,209,0.38
81,10929,209,0.35
81,12295,209,0.33
81,13661,209,0.3
81,15027,209,0.28
81,16393,209,0.27
81,17759,209,0.27
81,19125,209,0.26
81,20491,209,0.26
81,21857,209,0.26
81,23223,209,0.27
81,24589,209,0.27
81,25955,209,0.27
81,27321,209,0.28
81,28687,209,0.28
81,30053,209,0.3
81,31419,209,0.3
81,32785,209,0.31
81,34151,209,0.32
81,35517,209,0.33
81,36883,209,0.33
81,38249,209,0.31
81,39615,209,0.29
81,40981,209,0.29
81,42347,209,0.27
81,43713,209,0.27
81,45079,209,0.28
81,46445,209,0.29
81,47811,209,0.31
81,49177,209,0.32
81,50543,209,0.34
81,51909,209,0.33
81,53275,209,0.32
81,54641,209,0.31
81,56007,209,0.3
81,57373,209,0.29
81,58739,209,0.28
81,60105,209,0.28
81,61471,209,0.28
81,62837,209,0.28
81,64203,209,0.28
81,65535,209,0.27
81,1,225,0.27
81,1367,225,0.27
81,2733,225,0.28
81,4099,225,0.28
81,5465,225,0.29
81,6831,225,0.3
81,8197,225,0.33
81,9563,225,0.34
81,10929,225,0.37
81,12295,225,0.31
81,13661,225,0.3
81,15027,225,0.28
81,16393,225,0.27
81,17759,225,0.26
81,19125,225,0.27
81,20491,225,0.26
81,21857,225,0.27
81,23223,225,0.26
81,24589,225,0.26
81,25955,225,0.27
81,27321,225,0.27
81,28687,225,0.28
81,30053,225,0.28
81,31419,225,0.3
81,32785,225,0.31
81,34151,225,0.32
81,35517,225,0.33
81,36883,225,0.32
81,38249,225,0.3
81,39615,225,0.29
81,40981,225,0.27
81,42347,225,0.27
81,43713,225,0.27
81,45079,225,0.27
81,46445,225,0.28
81,47811,225,0.31
81,49177,225,0.32
81,50543,225,0.34
81,51909,225,0.33
81,53275,225,0.31
81,54641,225,0.31
81,56007,225,0.3
81,57373,225,0.3
81,58739,225,0.29
81,60105,225,0.28
81,61471,225,0.28
81,62837,225,0.27
81,64203,225,0.27
81,65535,225,0.27
81,1,241,0.27
81,1367,241,0.27
81,2733,241,0.28
81,4099,241,0.28
81,5465,241,0.29
81,6831,241,0.3
81,8197,241,0.32
81,9563,241,0.36
81,10929,241,0.34
81,12295,241,0.31
81,13661,241,0.29
81,15027,241,0.28
81,16393,241,0.28
81,17759,241,0.26
81,19125,241,0.27
81,20491,241,0.27
81,21857,241,0.26
81,23223,241,0.26
81,24589,241,0.27
81,25955,241,0.27
81,27321,241,0.27
81,28687,241,0.28
81,30053,241,0.29
81,31419,241,0.3
81,32785,241,0.31
81,34151,241,0.32
81,35517,241,0.34
81,36883,241,0.33
81,38249,241,0.3
81,39615,241,0.29
81,40981,241,0.27
81,42347,241,0.27
81,43713,241,0.27
81,45079,241,0.27
81,46445,241,0.28
81,47811,241,0.3
81,49177,241,0.32
81,50543,241,0.33
81,51909,241,0.34
81,53275,241,0.32
81,54641,241,0.31
81,56007,241,0.3
81,57373,241,0.29
81,58739,241,0.28
81,60105,241,0.28
81,61471,241,0.27
81,62837,241,0.27
81,64203,241,0.27
81,65535,241,0.27
81,1,255,0.29
81,1367,255,0.29
81,2733,255,0.3
81,4099,255,0.3
81,5465,255,0.31
81,6831,255,0.33
81,8197,255,0.34
81,9563,255,0.36
81,10929,255,0.38
81,12295,255,0.38
81,13661,255,0.36
81,15027,255,0.34
81,16393,255,0.32
81,17759,255,0.31
81,19125,255,0.3
81,20491,255,0.29
81,21857,255,0.29
81,23223,255,0.29
81,24589,255,0.3
81,25955,255,0.3
81,27321,255,0.3
81,28687,255,0.3
81,30053,255,0.31
81,31419,255,0.32
81,32785,255,0.32
81,34151,255,0.34
81,35517,255,0.36
81,36883,255,0.37
81,38249,255,0.34
81,39615,255,0.32
81,40981,255,0.3
81,42347,255,0.29
81,43713,255,0.29
81,45079,255,0.29
81,46445,255,0.3
81,47811,255,0.31
81,49177,255,0.34
81,50543,255,0.38
81,51909,255,0.36
81,53275,255,0.34
81,54641,255,0.33
81,56007,255,0.32
81,57373,255,0.31
81,58739,255,0.31
81,60105,255,0.29
81,61471,255,0.3
81,62837,255,0.29
81,64203,255,0.29
81,65535,255,0.29
97,1,1,0.44
97,1367,1,0.45
97,2733,1,0.44
97,4099,1,0.44
97,5465,1,0.44
97,6831,1,0.45
97,8197,1,0.45
97,9563,1,0.44
97,10929,1,0.45
97,12295,1,0.44
97,13661,1,0.44
97,15027,1,0.45
97,16393,1,0.45
97,17759,1,0.45
97,19125,1,0.44
97,20491,1,0.45
97,21857,1,0.44
97,23223,1,0.44
97,24589,1,0.43
97,25955,1,0.45
97,27321,1,0.44
97,28687,1,0.44
97,30053,1,0.45
97,31419,1,0.45
97,32785,1,0.44
97,34151,1,0.44
97,35517,1,0.45
97,36883,1,0.45
97,38249,1,0.44
97,39615,1,0.43
97,40981,1,0.43
97,42347,1,0.45
97,43713,1,0.44
97,45079,1,0.45
97,46445,1,0.45
97,47811,1,0.45
97,49177,1,0.45
97,50543,1,0.45
97,51909,1,0.44
97,53275,1,0.45
97,54641,1,0.45
97,56007,1,0.45
97,57373,1,0.44
97,58739,1,0.44
97,60105,1,0.44
97,61471,1,0.45
97,62837,1,0.44
97,64203,1,0.44
97,65535,1,0.44
97,1,17,0.45
97,1367,17,0.45
97,2733,17,0.44
97,4099,17,0.44
97,5465,17,0.45
97,6831,17,0.45
97,8197,17,0.44
97,9563,17,0.43
97,10929,17,0.44
97,12295,17,0.41
97,13661,17,0.43
97,15027,17,0.42
97,16393,17,0.41
97,17759,17,0.42
97,19125,17,0.44
97,20491,17,0.42
97,21857,17,0.4
97,23223,17,0.42
97,24589,17,0.43
97,25955,17,0.39
97,27321,17,0.41
97,28687,17,0.42
97,30053,17,0.42
97,31419,17,0.43
97,32785,17,0.41
97,34151,17,0.42
97,35517,17,0.44
97,36883,17,0.42
97,38249,17,0.41
97,39615,17,0.42
97,40981,17,0.41
97,42347,17,0.41
97,43713,17,0.43
97,45079,17,0.41
97,46445,17,0.44
97,47811,17,0.44
97,49177,17,0.44
97,50543,17,0.45
97,51909,17,0.42
97,53275,17,0.43
97,54641,17,0.42
97,56007,17,0.42
97,57373,17,0.43
97,58739,17,0.41
97,60105,17,0.42
97,61471,17,0.44
97,62837,17,0.45
97,64203,17,0.45
97,65535,17,0.45
97,1,33,0.42
97,1367,33,0.41
97,2733,33,0.42
97,4099,33,0.46
97,5465,33,0.46
97,6831,33,0.45
97,8197,33,0.44
97,9563,33,0.45
97,10929,33,0.43
97,12295,33,0.41
97,13661,33,0.41
97,15027,33,0.42
97,16393,33,0.42
97,17759,33,0.41
97,19125,33,0.42
97,20491,33,0.42
97,21857,33,0.4
97,23223,33,0.4
97,24589,33,0.44
97,25955,33,0.42
97,27321,33,0.4
97,28687,33,0.44
97,30053,33,0.4
97,31419,33,0.41
97,32785,33,0.4
97,34151,33,0.42
97,35517,33,0.45
97,36883,33,0.41
97,38249,33,0.42
97,39615,33,0.41
97,40981,33,0.42
97,42347,33,0.43
97,43713,33,0.42
97,45079,33,0.42
97,46445,33,0.43
97,47811,33,0.41
97,49177,33,0.42
97,50543,33,0.42
97,51909,33,0.42
97,53275,33,0.43
97,54641,33,0.42
97,56007,33,0.42
97,57373,33,0.43
97,58739,33,0.43
97,60105,33,0.43
97,61471,33,0.42
97,62837,33,0.43
97,64203,33,0.43
97,65535,33,0.42
97,1,49,0.43
97,1367,49,0.43
97,2733,49,0.43
97,4099,49,0.44
97,5465,49,0.45
97,6831,49,0.46
97,8197,49,0.43
97,9563,49,0.43
97,10929,49,0.42
97,12295,49,0.42
97,13661,49,0.43
97,15027,49,0.42
97,16393,49,0.42
97,17759,49,0.4
97,19125,49,0.42
97,20491,49,0.41
97,21857,49,0.41
97,23223,49,0.42
97,24589,49,0.41
97,25955,49,0.41
97,27321,49,0.4
97,28687,49,0.4
97,30053,49,0.42
97,31419,49,0.41
97,32785,49,0.42
97,34151,49,0.41
97,35517,49,0.4
97,36883,49,0.41
97,38249,49,0.4
97,39615,49,0.43
97,40981,49,0.41
97,42347,49,0.4
97,43713,49,0.43
97,45079,49,0.42
97,46445,49,0.43
97,47811,49,0.41
97,49177,49,0.42
97,50543,49,0.42
97,51909,49,0.43
97,53275,49,0.44
97,54641,49,0.42
97,56007,49,0.45
97,57373,49,0.44
97,58739,49,0.43
97,60105,49,0.43
97,61471,49,0.42
97,62837,49,0.44
97,64203,49,0.44
97,65535,49,0.44
97,1,65,0.44
97,1367,65,0.43
97,2733,65,0.46
97,4099,65,0.44
97,5465,65,0.46
97,6831,65,0.47
97,8197,65,0.44
97,9563,65,0.42
97,10929,65,0.43
97,12295,65,0.43
97,13661,65,0.42
97,15027,65,0.43
97,16393,65,0.41
97,17759,65,0.4
97,19125,65,0.41
97,20491,65,0.38
97,21857,65,0.39
97,23223,65,0.39
97,24589,65,0.39
97,25955,65,0.4
97,27321,65,0.41
97,28687,65,0.4
97,30053,65,0.39
97,31419,65,0.41
97,32785,65,0.41
97,34151,65,0.42
97,35517,65,0.41
97,36883,65,0.39
97,38249,65,0.41
97,39615,65,0.42
97,40981,65,0.42
97,42347,65,0.41
97,43713,65,0.41
97,45079,65,0.42
97,46445,65,0.42
97,47811,65,0.43
97,49177,65,0.43
97,50543,65,0.44
97,51909,65,0.42
97,53275,65,0.43
97,54641,65,0.43
97,56007,65,0.44
97,57373,65,0.44
97,58739,65,0.44
97,60105,65,0.43
97,61471,65,0.44
97,62837,65,0.44
97,64203,65,0.44
97,65535,65,0.45
97,1,81,0.45
97,1367,81,0.45
97,2733,81,0.45
97,4099,81,0.43
97,5465,81,0.46
97,6831,81,0.46
97,8197,81,0.43
97,9563,81,0.44
97,10929,81,0.42
97,12295,81,0.44
97,13661,81,0.43
97,15027,81,0.42
97,16393,81,0.4
97,17759,81,0.39
97,19125,81,0.36
97,20491,81,0.37
97,21857,81,0.36
97,23223,81,0.35
97,24589,81,0.37
97,25955,81,0.38
97,27321,81,0.37
97,28687,81,0.39
97,30053,81,0.36
97,31419,81,0.4
97,32785,81,0.4
97,34151,81,0.41
97,35517,81,0.41
97,36883,81,0.41
97,38249,81,0.4
97,39615,81,0.41
97,40981,81,0.41
97,42347,81,0.42
97,43713,81,0.42
97,45079,81,0.41
97,46445,81,0.41
97,47811,81,0.42
97,49177,81,0.43
97,50543,81,0.43
97,51909,81,0.42
97,53275,81,0.42
97,54641,81,0.43
97,56007,81,0.43
97,57373,81,0.44
97,58739,81,0.44
97,60105,81,0.43
97,61471,81,0.44
97,62837,81,0.44
97,64203,81,0.45
97,65535,81,0.44
97,1,97,0.45
97,1367,97,0.45
97,2733,97,0.44
97,4099,97,0.44
97,5465,97,0.47
97,6831,97,0.45
97,8197,97,0.42
97,9563,97,0.43
97,10929,97,0.42
97,12295,97,0.43
97,13661,97,0.42
97,15027,97,0.39
97,16393,97,0.39
97,17759,97,0.38
97,19125,97,0.38
97,20491,97,0.35
97,21857,97,0.34
97,23223,97,0.35
97,24589,97,0.35
97,25955,97,0.37
97,27321,97,0.36
97,28687,97,0.37
97,30053,97,0.37
97,31419,97,0.38
97,32785,97,0.42
97,34151,97,0.4
97,35517,97,0.42
97,36883,97,0.39
97,38249,97,0.42
97,39615,97,0.42
97,40981,97,0.42
97,42347,97,0.42
97,43713,97,0.41
97,45079,97,0.41
97,46445,97,0.4
97,47811,97,0.41
97,49177,97,0.41
97,50543,97,0.42
97,51909,97,0.42
97,53275,97,0.41
97,54641,97,0.43
97,56007,97,0.43
97,57373,97,0.44
97,58739,97,0.44
97,60105,97,0.45
97,61471,97,0.45
97,62837,97,0.43
97,64203,97,0.46
97,65535,97,0.46
97,1,113,0.44
97,1367,113,0.45
97,2733,113,0.45
97,4099,113,0.45
97,5465,113,0.47
97,6831,113,0.47
97,8197,113,0.44
97,9563,113,0.43
97,10929,113,0.42
97,12295,113,0.41
97,13661,113,0.41
97,15027,113,0.39
97,16393,113,0.37
97,17759,113,0.36
97,19125,113,0.34
97,20491,113,0.34
97,21857,113,0.32
97,23223,113,0.33
97,24589,113,0.34
97,25955,113,0.34
97,27321,113,0.34
97,28687,113,0.36
97,30053,113,0.36
97,31419,113,0.38
97,32785,113,0.38
97,34151,113,0.4
97,35517,113,0.39
97,36883,113,0.41
97,38249,113,0.39
97,39615,113,0.4
97,40981,113,0.39
97,42347,113,0.41
97,43713,113,0.37
97,45079,113,0.37
97,46445,113,0.39
97,47811,113,0.39
97,49177,113,0.39
97,50543,113,0.4
97,51909,113,0.44
97,53275,113,0.43
97,54641,113,0.43
97,56007,113,0.42
97,57373,113,0.43
97,58739,113,0.42
97,60105,113,0.43
97,61471,113,0.44
97,62837,113,0.44
97,64203,113,0.43
97,65535,113,0.44
97,1,129,0.39
97,1367,129,0.45
97,2733,129,0.46
97,4099,129,0.45
97,5465,129,0.48
97,6831,129,0.47
97,8197,129,0.43
97,9563,129,0.43
97,10929,129,0.43
97,12295,129,0.41
97,13661,129,0.39
97,15027,129,0.36
97,16393,129,0.34
97,17759,129,0.33
97,19125,129,0.33
97,20491,129,0.32
97,21857,129,0.31
97,23223,129,0.32
97,24589,129,0.32
97,25955,129,0.33
97,27321,129,0.34
97,28687,129,0.35
97,30053,129,0.36
97,31419,129,0.36
97,32785,129,0.37
97,34151,129,0.39
97,35517,129,0.41
97,36883,129,0.4
97,38249,129,0.37
97,39615,129,0.39
97,40981,129,0.38
97,42347,129,0.36
97,43713,129,0.36
97,45079,129,0.37
97,46445,129,0.36
97,47811,129,0.36
97,49177,129,0.39
97,50543,129,0.42
97,51909,129,0.41
97,53275,129,0.4
97,54641,129,0.43
97,56007,129,0.41
97,57373,129,0.43
97,58739,129,0.41
97,60105,129,0.42
97,61471,129,0.42
97,62837,129,0.42
97,64203,129,0.42
97,65535,129,0.4
97,1,145,0.36
97,1367,145,0.42
97,2733,145,0.43
97,4099,145,0.45
97,5465,145,0.47
97,6831,145,0.44
97,8197,145,0.43
97,9563,145,0.43
97,10929,145,0.42
97,12295,145,0.39
97,13661,145,0.38
97,15027,145,0.36
97,16393,145,0.35
97,17759,145,0.33
97,19125,145,0.32
97,20491,145,0.31
97,21857,145,0.3
97,23223,145,0.31
97,24589,145,0.31
97,25955,145,0.32
97,27321,145,0.33
97,28687,145,0.34
97,30053,145,0.34
97,31419,145,0.35
97,32785,145,0.36
97,34151,145,0.37
97,35517,145,0.38
97,36883,145,0.4
97,38249,145,0.4
97,39615,145,0.37
97,40981,145,0.36
97,42347,145,0.38
97,43713,145,0.34
97,45079,145,0.37
97,46445,145,0.37
97,47811,145,0.37
97,49177,145,0.38
97,50543,145,0.43
97,51909,145,0.41
97,53275,145,0.43
97,54641,145,0.41
97,56007,145,0.4
97,57373,145,0.39
97,58739,145,0.39
97,60105,145,0.39
97,61471,145,0.37
97,62837,145,0.37
97,64203,145,0.37
97,65535,145,0.37
97,1,161,0.33
97,1367,161,0.35
97,2733,161,0.43
97,4099,161,0.43
97,5465,161,0.47
97,6831,161,0.45
97,8197,161,0.44
97,9563,161,0.43
97,10929,161,0.41
97,12295,161,0.39
97,13661,161,0.37
97,15027,161,0.34
97,16393,161,0.33
97,17759,161,0.33
97,19125,161,0.31
97,20491,161,0.31
97,21857,161,0.3
97,23223,161,0.3
97,24589,161,0.31
97,25955,161,0.31
97,27321,161,0.33
97,28687,161,0.33
97,30053,161,0.34
97,31419,161,0.35
97,32785,161,0.36
97,34151,161,0.37
97,35517,161,0.39
97,36883,161,0.39
97,38249,161,0.38
97,39615,161,0.37
97,40981,161,0.36
97,42347,161,0.34
97,43713,161,0.32
97,45079,161,0.32
97,46445,161,0.34
97,47811,161,0.37
97,49177,161,0.41
97,50543,161,0.42
97,51909,161,0.41
97,53275,161,0.4
97,54641,161,0.38
97,56007,161,0.38
97,57373,161,0.37
97,58739,161,0.36
97,60105,161,0.36
97,61471,161,0.34
97,62837,161,0.34
97,64203,161,0.34
97,65535,161,0.34
97,1,177,0.32
97,1367,177,0.34
97,2733,177,0.38
97,4099,177,0.44
97,5465,177,0.48
97,6831,177,0.45
97,8197,177,0.44
97,9563,177,0.45
97,10929,177,0.41
97,12295,177,0.37
97,13661,177,0.35
97,15027,177,0.33
97,16393,177,0.33
97,17759,177,0.31
97,19125,177,0.3
97,20491,177,0.3
97,21857,177,0.3
97,23223,177,0.3
97,24589,177,0.3
97,25955,177,0.3
97,27321,177,0.32
97,28687,177,0.32
97,30053,177,0.33
97,31419,177,0.34
97,32785,177,0.35
97,34151,177,0.36
97,35517,177,0.38
97,36883,177,0.38
97,38249,177,0.37
97,39615,177,0.35
97,40981,177,0.35
97,42347,177,0.32
97,43713,177,0.31
97,45079,177,0.32
97,46445,177,0.36
97,47811,177,0.36
97,49177,177,0.37
97,50543,177,0.4
97,51909,177,0.39
97,53275,177,0.37
97,54641,177,0.37
97,56007,177,0.36
97,57373,177,0.35
97,58739,177,0.35
97,60105,177,0.33
97,61471,177,0.33
97,62837,177,0.32
97,64203,177,0.32
97,65535,177,0.32
97,1,193,0.31
97,1367,193,0.32
97,2733,193,0.34
97,4099,193,0.42
97,5465,193,0.46
97,6831,193,0.44
97,8197,193,0.44
97,9563,193,0.43
97,10929,193,0.4
97,12295,193,0.4
97,13661,193,0.37
97,15027,193,0.33
97,16393,193,0.32
97,17759,193,0.31
97,19125,193,0.3
97,20491,193,0.3
97,21857,193,0.3
97,23223,193,0.3
97,24589,193,0.3
97,25955,193,0.3
97,27321,193,0.32
97,28687,193,0.33
97,30053,193,0.33
97,31419,193,0.34
97,32785,193,0.36
97,34151,193,0.37
97,35517,193,0.38
97,36883,193,0.39
97,38249,193,0.37
97,39615,193,0.35
97,40981,193,0.34
97,42347,193,0.32
97,43713,193,0.3
97,45079,193,0.32
97,46445,193,0.35
97,47811,193,0.36
97,49177,193,0.38
97,50543,193,0.39
97,51909,193,0.39
97,53275,193,0.37
97,54641,193,0.36
97,56007,193,0.35
97,57373,193,0.34
97,58739,193,0.34
97,60105,193,0.32
97,61471,193,0.32
97,62837,193,0.31
97,64203,193,0.31
97,65535,193,0.31
97,1,209,0.3
97,1367,209,0.31
97,2733,209,0.33
97,4099,209,0.39
97,5465,209,0.44
97,6831,209,0.35
97,8197,209,0.45
97,9563,209,0.44
97,10929,209,0.41
97,12295,209,0.4
97,13661,209,0.35
97,15027,209,0.33
97,16393,209,0.31
97,17759,209,0.3
97,19125,209,0.29
97,20491,209,0.29
97,21857,209,0.3
97,23223,209,0.3
97,24589,209,0.3
97,25955,209,0.3
97,27321,209,0.31
97,28687,209,0.32
97,30053,209,0.33
97,31419,209,0.34
97,32785,209,0.35
97,34151,209,0.37
97,35517,209,0.38
97,36883,209,0.38
97,38249,209,0.35
97,39615,209,0.35
97,40981,209,0.32
97,42347,209,0.3
97,43713,209,0.3
97,45079,209,0.31
97,46445,209,0.34
97,47811,209,0.36
97,49177,209,0.38
97,50543,209,0.4
97,51909,209,0.38
97,53275,209,0.37
97,54641,209,0.35
97,56007,209,0.34
97,57373,209,0.33
97,58739,209,0.33
97,60105,209,0.32
97,61471,209,0.31
97,62837,209,0.31
97,64203,209,0.32
97,65535,209,0.3
97,1,225,0.3
97,1367,225,0.3
97,2733,225,0.31
97,4099,225,0.32
97,5465,225,0.34
97,6831,225,0.35
97,8197,225,0.43
97,9563,225,0.41
97,10929,225,0.42
97,12295,225,0.37
97,13661,225,0.34
97,15027,225,0.32
97,16393,225,0.31
97,17759,225,0.3
97,19125,225,0.29
97,20491,225,0.29
97,21857,225,0.29
97,23223,225,0.3
97,24589,225,0.32
97,25955,225,0.3
97,27321,225,0.31
97,28687,225,0.31
97,30053,225,0.33
97,31419,225,0.34
97,32785,225,0.36
97,34151,225,0.37
97,35517,225,0.39
97,36883,225,0.38
97,38249,225,0.35
97,39615,225,0.33
97,40981,225,0.31
97,42347,225,0.3
97,43713,225,0.3
97,45079,225,0.31
97,46445,225,0.34
97,47811,225,0.35
97,49177,225,0.37
97,50543,225,0.39
97,51909,225,0.38
97,53275,225,0.37
97,54641,225,0.36
97,56007,225,0.34
97,57373,225,0.34
97,58739,225,0.32
97,60105,225,0.32
97,61471,225,0.31
97,62837,225,0.31
97,64203,225,0.3
97,65535,225,0.3
97,1,241,0.3
97,1367,241,0.3
97,2733,241,0.31
97,4099,241,0.32
97,5465,241,0.33
97,6831,241,0.34
97,8197,241,0.37
97,9563,241,0.43
97,10929,241,0.42
97,12295,241,0.37
97,13661,241,0.34
97,15027,241,0.32
97,16393,241,0.3
97,17759,241,0.3
97,19125,241,0.3
97,20491,241,0.29
97,21857,241,0.29
97,23223,241,0.29
97,24589,241,0.3
97,25955,241,0.3
97,27321,241,0.31
97,28687,241,0.32
97,30053,241,0.33
97,31419,241,0.34
97,32785,241,0.35
97,34151,241,0.38
97,35517,241,0.38
97,36883,241,0.37
97,38249,241,0.34
97,39615,241,0.33
97,40981,241,0.31
97,42347,241,0.3
97,43713,241,0.3
97,45079,241,0.3
97,46445,241,0.32
97,47811,241,0.35
97,49177,241,0.36
97,50543,241,0.39
97,51909,241,0.39
97,53275,241,0.37
97,54641,241,0.35
97,56007,241,0.34
97,57373,241,0.33
97,58739,241,0.32
97,60105,241,0.31
97,61471,241,0.31
97,62837,241,0.3
97,64203,241,0.3
97,65535,241,0.3
97,1,255,0.33
97,1367,255,0.34
97,2733,255,0.34
97,4099,255,0.35
97,5465,255,0.36
97,6831,255,0.38
97,8197,255,0.39
97,9563,255,0.43
97,10929,255,0.46
97,12295,255,0.46
97,13661,255,0.43
97,15027,255,0.39
97,16393,255,0.37
97,17759,255,0.35
97,19125,255,0.35
97,20491,255,0.34
97,21857,255,0.33
97,23223,255,0.33
97,24589,255,0.34
97,25955,255,0.34
97,27321,255,0.34
97,28687,255,0.35
97,30053,255,0.36
97,31419,255,0.36
97,32785,255,0.39
97,34151,255,0.4
97,35517,255,0.42
97,36883,255,0.45
97,38249,255,0.4
97,39615,255,0.37
97,40981,255,0.34
97,42347,255,0.33
97,43713,255,0.33
97,45079,255,0.33
97,46445,255,0.34
97,47811,255,0.37
97,49177,255,0.41
97,50543,255,0.45
97,51909,255,0.42
97,53275,255,0.4
97,54641,255,0.38
97,56007,255,0.36
97,57373,255,0.35
97,58739,255,0.35
97,60105,255,0.35
97,61471,255,0.34
97,62837,255,0.34
97,64203,255,0.33
97,65535,255,0.33
113,1,1,0.55
113,1367,1,0.55
113,2733,1,0.54
113,4099,1,0.55
113,5465,1,0.55
113,6831,1,0.55
113,8197,1,0.55
113,9563,1,0.55
113,10929,1,0.55
113,12295,1,0.55
113,13661,1,0.54
113,15027,1,0.55
113,16393,1,0.54
113,17759,1,0.54
113,19125,1,0.55
113,20491,1,0.54
113,21857,1,0.54
113,23223,1,0.54
113,24589,1,0.54
113,25955,1,0.55
113,27321,1,0.54
113,28687,1,0.54
113,30053,1,0.55
113,31419,1,0.55
113,32785,1,0.55
113,34151,1,0.54
113,35517,1,0.55
113,36883,1,0.55
113,38249,1,0.54
113,39615,1,0.54
113,40981,1,0.54
113,42347,1,0.55
113,43713,1,0.54
113,45079,1,0.55
113,46445,1,0.53
113,47811,1,0.56
113,49177,1,0.55
113,50543,1,0.54
113,51909,1,0.55
113,53275,1,0.54
113,54641,1,0.54
113,56007,1,0.55
113,57373,1,0.53
113,58739,1,0.54
113,60105,1,0.54
113,61471,1,0.54
113,62837,1,0.54
113,64203,1,0.55
113,65535,1,0.55
113,1,17,0.57
113,1367,17,0.56
113,2733,17,0.55
113,4099,17,0.55
113,5465,17,0.55
113,6831,17,0.56
113,8197,17,0.55
113,9563,17,0.5
113,10929,17,0.51
113,12295,17,0.5
113,13661,17,0.51
113,15027,17,0.49
113,16393,17,0.5
113,17759,17,0.5
113,19125,17,0.5
113,20491,17,0.5
113,21857,17,0.51
113,23223,17,0.51
113,24589,17,0.5
113,25955,17,0.51
113,27321,17,0.51
113,28687,17,0.5
113,30053,17,0.5
113,31419,17,0.51
113,32785,17,0.5
113,34151,17,0.51
113,35517,17,0.5
113,36883,17,0.5
113,38249,17,0.5
113,39615,17,0.52
113,40981,17,0.5
113,42347,17,0.49
113,43713,17,0.51
113,45079,17,0.5
113,46445,17,0.55
113,47811,17,0.55
113,49177,17,0.54
113,50543,17,0.54
113,51909,17,0.51
113,53275,17,0.51
113,54641,17,0.51
113,56007,17,0.51
113,57373,17,0.51
113,58739,17,0.52
113,60105,17,0.51
113,61471,17,0.5
113,62837,17,0.55
113,64203,17,0.55
113,65535,17,0.55
113,1,33,0.53
113,1367,33,0.51
113,2733,33,0.51
113,4099,33,0.55
113,5465,33,0.56
113,6831,33,0.55
113,8197,33,0.52
113,9563,33,0.51
113,10929,33,0.5
113,12295,33,0.5
113,13661,33,0.52
113,15027,33,0.52
113,16393,33,0.51
113,17759,33,0.5
113,19125,33,0.5
113,20491,33,0.51
113,21857,33,0.5
113,23223,33,0.5
113,24589,33,0.5
113,25955,33,0.51
113,27321,33,0.51
113,28687,33,0.51
113,30053,33,0.51
113,31419,33,0.51
113,32785,33,0.49
113,34151,33,0.5
113,35517,33,0.49
113,36883,33,0.5
113,38249,33,0.49
113,39615,33,0.5
113,40981,33,0.51
113,42347,33,0.5
113,43713,33,0.5
113,45079,33,0.52
113,46445,33,0.5
113,47811,33,0.5
113,49177,33,0.5
113,50543,33,0.51
113,51909,33,0.5
113,53275,33,0.52
113,54641,33,0.51
113,56007,33,0.52
113,57373,33,0.51
113,58739,33,0.51
113,60105,33,0.51
113,61471,33,0.52
113,62837,33,0.52
113,64203,33,0.52
113,65535,33,0.52
113,1,49,0.52
113,1367,49,0.52
113,2733,49,0.52
113,4099,49,0.52
113,5465,49,0.55
113,6831,49,0.56
113,8197,49,0.5
113,9563,49,0.5
113,10929,49,0.51
113,12295,49,0.51
113,13661,49,0.51
113,15027,49,0.51
113,16393,49,0.49
113,17759,49,0.51
113,19125,49,0.51
113,20491,49,0.5
113,21857,49,0.49
113,23223,49,0.5
113,24589,49,0.5
113,25955,49,0.5
113,27321,49,0.5
113,28687,49,0.5
113,30053,49,0.49
113,31419,49,0.49
113,32785,49,0.49
113,34151,49,0.5
113,35517,49,0.49
113,36883,49,0.5
113,38249,49,0.5
113,39615,49,0.51
113,40981,49,0.51
113,42347,49,0.49
113,43713,49,0.5
113,45079,49,0.5
113,46445,49,0.5
113,47811,49,0.51
113,49177,49,0.51
113,50543,49,0.52
113,51909,49,0.52
113,53275,49,0.53
113,54641,49,0.52
113,56007,49,0.51
113,57373,49,0.53
113,58739,49,0.53
113,60105,49,0.52
113,61471,49,0.53
113,62837,49,0.53
113,64203,49,0.52
113,65535,49,0.52
113,1,65,0.53
113,1367,65,0.53
113,2733,65,0.53
113,4099,65,0.54
113,5465,65,0.58
113,6831,65,0.56
113,8197,65,0.52
113,9563,65,0.51
113,10929,65,0.52
113,12295,65,0.51
113,13661,65,0.5
113,15027,65,0.51
113,16393,65,0.5
113,17759,65,0.49
113,19125,65,0.48
113,20491,65,0.46
113,21857,65,0.47
113,23223,65,0.46
113,24589,65,0.46
113,25955,65,0.47
113,27321,65,0.48
113,28687,65,0.49
113,30053,65,0.49
113,31419,65,0.49
113,32785,65,0.49
113,34151,65,0.49
113,35517,65,0.51
113,36883,65,0.5
113,38249,65,0.5
113,39615,65,0.5
113,40981,65,0.51
113,42347,65,0.5
113,43713,65,0.51
113,45079,65,0.52
113,46445,65,0.51
113,47811,65,0.51
113,49177,65,0.52
113,50543,65,0.52
113,51909,65,0.52
113,53275,65,0.52
113,54641,65,0.52
113,56007,65,0.52
113,57373,65,0.52
113,58739,65,0.53
113,60105,65,0.53
113,61471,65,0.53
113,62837,65,0.53
113,64203,65,0.55
113,65535,65,0.53
113,1,81,0.54
113,1367,81,0.54
113,2733,81,0.54
113,4099,81,0.54
113,5465,81,0.56
113,6831,81,0.57
113,8197,81,0.52
113,9563,81,0.53
113,10929,81,0.5
113,12295,81,0.5
113,13661,81,0.51
113,15027,81,0.5
113,16393,81,0.49
113,17759,81,0.46
113,19125,81,0.45
113,20491,81,0.43
113,21857,81,0.42
113,23223,81,0.43
113,24589,81,0.46
113,25955,81,0.45
113,27321,81,0.44
113,28687,81,0.45
113,30053,81,0.47
113,31419,81,0.47
113,32785,81,0.49
113,34151,81,0.49
113,35517,81,0.48
113,36883,81,0.48
113,38249,81,0.49
113,39615,81,0.5
113,40981,81,0.49
113,42347,81,0.5
113,43713,81,0.5
113,45079,81,0.5
113,46445,81,0.51
113,47811,81,0.51
113,49177,81,0.52
113,50543,81,0.53
113,51909,81,0.52
113,53275,81,0.52
113,54641,81,0.53
113,56007,81,0.53
113,57373,81,0.53
113,58739,81,0.53
113,60105,81,0.54
113,61471,81,0.53
113,62837,81,0.53
113,64203,81,0.55
113,65535,81,0.55
113,1,97,0.55
113,1367,97,0.55
113,2733,97,0.55
113,4099,97,0.54
113,5465,97,0.57
113,6831,97,0.57
113,8197,97,0.52
113,9563,97,0.51
113,10929,97,0.51
113,12295,97,0.51
113,13661,97,0.51
113,15027,97,0.47
113,16393,97,0.47
113,17759,97,0.43
113,19125,97,0.42
113,20491,97,0.43
113,21857,97,0.4
113,23223,97,0.41
113,24589,97,0.43
113,25955,97,0.44
113,27321,97,0.46
113,28687,97,0.44
113,30053,97,0.44
113,31419,97,0.45
113,32785,97,0.47
113,34151,97,0.48
113,35517,97,0.47
113,36883,97,0.48
113,38249,97,0.49
113,39615,97,0.49
113,40981,97,0.5
113,42347,97,0.5
113,43713,97,0.48
113,45079,97,0.49
113,46445,97,0.49
113,47811,97,0.5
113,49177,97,0.5
113,50543,97,0.51
113,51909,97,0.52
113,53275,97,0.53
113,54641,97,0.53
113,56007,97,0.52
113,57373,97,0.53
113,58739,97,0.53
113,60105,97,0.53
113,61471,97,0.53
113,62837,97,0.55
113,64203,97,0.53
113,65535,97,0.55
113,1,113,0.52
113,1367,113,0.56
113,2733,113,0.55
113,4099,113,0.54
113,5465,113,0.57
113,6831,113,0.59
113,8197,113,0.53
113,9563,113,0.52
113,10929,113,0.52
113,12295,113,0.5
113,13661,113,0.48
113,15027,113,0.46
113,16393,113,0.44
113,17759,113,0.41
113,19125,113,0.39
113,20491,113,0.39
113,21857,113,0.4
113,23223,113,0.4
113,24589,113,0.4
113,25955,113,0.4
113,27321,113,0.43
113,28687,113,0.41
113,30053,113,0.43
113,31419,113,0.43
113,32785,113,0.47
113,34151,113,0.48
113,35517,113,0.48
113,36883,113,0.48
113,38249,113,0.48
113,39615,113,0.49
113,40981,113,0.49
113,42347,113,0.46
113,43713,113,0.44
113,45079,113,0.47
113,46445,113,0.46
113,47811,113,0.48
113,49177,113,0.47
113,50543,113,0.51
113,51909,113,0.52
113,53275,113,0.52
113,54641,113,0.51
113,56007,113,0.52
113,57373,113,0.52
113,58739,113,0.52
113,60105,113,0.52
113,61471,113,0.52
113,62837,113,0.52
113,64203,113,0.53
113,65535,113,0.53
113,1,129,0.5
113,1367,129,0.53
113,2733,129,0.54
113,4099,129,0.56
113,5465,129,0.59
113,6831,129,0.58
113,8197,129,0.54
113,9563,129,0.53
113,10929,129,0.51
113,12295,129,0.5
113,13661,129,0.47
113,15027,129,0.45
113,16393,129,0.42
113,17759,129,0.39
113,19125,129,0.39
113,20491,129,0.36
113,21857,129,0.37
113,23223,129,0.39
113,24589,129,0.36
113,25955,129,0.39
113,27321,129,0.39
113,28687,129,0.4
113,30053,129,0.4
113,31419,129,0.43
113,32785,129,0.44
113,34151,129,0.47
113,35517,129,0.48
113,36883,129,0.48
113,38249,129,0.48
113,39615,129,0.48
113,40981,129,0.46
113,42347,129,0.44
113,43713,129,0.42
113,45079,129,0.43
113,46445,129,0.43
113,47811,129,0.44
113,49177,129,0.47
113,50543,129,0.5
113,51909,129,0.5
113,53275,129,0.5
113,54641,129,0.51
113,56007,129,0.5
113,57373,129,0.51
113,58739,129,0.51
113,60105,129,0.5
113,61471,129,0.51
113,62837,129,0.5
113,64203,129,0.49
113,65535,129,0.5
113,1,145,0.43
113,1367,145,0.49
113,2733,145,0.53
113,4099,145,0.57
113,5465,145,0.59
113,6831,145,0.55
113,8197,145,0.52
113,9563,145,0.51
113,10929,145,0.51
113,12295,145,0.48
113,13661,145,0.46
113,15027,145,0.42
113,16393,145,0.41
113,17759,145,0.39
113,19125,145,0.38
113,20491,145,0.35
113,21857,145,0.35
113,23223,145,0.35
113,24589,145,0.36
113,25955,145,0.36
113,27321,145,0.39
113,28687,145,0.4
113,30053,145,0.4
113,31419,145,0.41
113,32785,145,0.42
113,34151,145,0.43
113,35517,145,0.47
113,36883,145,0.49
113,38249,145,0.48
113,39615,145,0.46
113,40981,145,0.43
113,42347,145,0.41
113,43713,145,0.39
113,45079,145,0.4
113,46445,145,0.42
113,47811,145,0.43
113,49177,145,0.49
113,50543,145,0.5
113,51909,145,0.49
113,53275,145,0.49
113,54641,145,0.49
113,56007,145,0.49
113,57373,145,0.48
113,58739,145,0.46
113,60105,145,0.47
113,61471,145,0.45
113,62837,145,0.43
113,64203,145,0.43
113,65535,145,0.43
113,1,161,0.36
113,1367,161,0.42
113,2733,161,0.52
113,4099,161,0.55
113,5465,161,0.58
113,6831,161,0.54
113,8197,161,0.54
113,9563,161,0.52
113,10929,161,0.52
113,12295,161,0.46
113,13661,161,0.43
113,15027,161,0.43
113,16393,161,0.37
113,17759,161,0.39
113,19125,161,0.35
113,20491,161,0.35
113,21857,161,0.34
113,23223,161,0.34
113,24589,161,0.35
113,25955,161,0.37
113,27321,161,0.37
113,28687,161,0.38
113,30053,161,0.39
113,31419,161,0.41
113,32785,161,0.42
113,34151,161,0.43
113,35517,161,0.45
113,36883,161,0.47
113,38249,161,0.46
113,39615,161,0.43
113,40981,161,0.42
113,42347,161,0.39
113,43713,161,0.37
113,45079,161,0.39
113,46445,161,0.42
113,47811,161,0.43
113,49177,161,0.48
113,50543,161,0.49
113,51909,161,0.49
113,53275,161,0.48
113,54641,161,0.46
113,56007,161,0.44
113,57373,161,0.43
113,58739,161,0.41
113,60105,161,0.42
113,61471,161,0.41
113,62837,161,0.39
113,64203,161,0.39
113,65535,161,0.37
113,1,177,0.36
113,1367,177,0.4
113,2733,177,0.44
113,4099,177,0.54
113,5465,177,0.61
113,6831,177,0.55
113,8197,177,0.53
113,9563,177,0.52
113,10929,177,0.52
113,12295,177,0.46
113,13661,177,0.42
113,15027,177,0.39
113,16393,177,0.39
113,17759,177,0.34
113,19125,177,0.35
113,20491,177,0.34
113,21857,177,0.33
113,23223,177,0.33
113,24589,177,0.34
113,25955,177,0.35
113,27321,177,0.36
113,28687,177,0.37
113,30053,177,0.37
113,31419,177,0.39
113,32785,177,0.41
113,34151,177,0.42
113,35517,177,0.46
113,36883,177,0.47
113,38249,177,0.45
113,39615,177,0.44
113,40981,177,0.42
113,42347,177,0.38
113,43713,177,0.34
113,45079,177,0.37
113,46445,177,0.42
113,47811,177,0.44
113,49177,177,0.47
113,50543,177,0.49
113,51909,177,0.48
113,53275,177,0.45
113,54641,177,0.41
113,56007,177,0.44
113,57373,177,0.4
113,58739,177,0.39
113,60105,177,0.37
113,61471,177,0.38
113,62837,177,0.36
113,64203,177,0.36
113,65535,177,0.36
113,1,193,0.35
113,1367,193,0.35
113,2733,193,0.42
113,4099,193,0.49
113,5465,193,0.56
113,6831,193,0.54
113,8197,193,0.54
113,9563,193,0.52
113,10929,193,0.51
113,12295,193,0.46
113,13661,193,0.41
113,15027,193,0.39
113,16393,193,0.35
113,17759,193,0.39
113,19125,193,0.34
113,20491,193,0.33
113,21857,193,0.33
113,23223,193,0.33
113,24589,193,0.34
113,25955,193,0.35
113,27321,193,0.36
113,28687,193,0.37
113,30053,193,0.38
113,31419,193,0.39
113,32785,193,0.4
113,34151,193,0.42
113,35517,193,0.45
113,36883,193,0.48
113,38249,193,0.43
113,39615,193,0.39
113,40981,193,0.37
113,42347,193,0.35
113,43713,193,0.34
113,45079,193,0.36
113,46445,193,0.39
113,47811,193,0.42
113,49177,193,0.45
113,50543,193,0.44
113,51909,193,0.45
113,53275,193,0.43
113,54641,193,0.42
113,56007,193,0.4
113,57373,193,0.39
113,58739,193,0.38
113,60105,193,0.38
113,61471,193,0.36
113,62837,193,0.35
113,64203,193,0.36
113,65535,193,0.35
113,1,209,0.34
113,1367,209,0.34
113,2733,209,0.37
113,4099,209,0.43
113,5465,209,0.54
113,6831,209,0.39
113,8197,209,0.53
113,9563,209,0.52
113,10929,209,0.51
113,12295,209,0.44
113,13661,209,0.41
113,15027,209,0.4
113,16393,209,0.35
113,17759,209,0.34
113,19125,209,0.33
113,20491,209,0.33
113,21857,209,0.33
113,23223,209,0.34
113,24589,209,0.34
113,25955,209,0.34
113,27321,209,0.36
113,28687,209,0.37
113,30053,209,0.38
113,31419,209,0.39
113,32785,209,0.4
113,34151,209,0.42
113,35517,209,0.45
113,36883,209,0.45
113,38249,209,0.42
113,39615,209,0.39
113,40981,209,0.37
113,42347,209,0.35
113,43713,209,0.35
113,45079,209,0.36
113,46445,209,0.39
113,47811,209,0.41
113,49177,209,0.44
113,50543,209,0.46
113,51909,209,0.44
113,53275,209,0.42
113,54641,209,0.4
113,56007,209,0.39
113,57373,209,0.38
113,58739,209,0.37
113,60105,209,0.36
113,61471,209,0.35
113,62837,209,0.35
113,64203,209,0.34
113,65535,209,0.34
113,1,225,0.34
113,1367,225,0.34
113,2733,225,0.35
113,4099,225,0.37
113,5465,225,0.42
113,6831,225,0.46
113,8197,225,0.51
113,9563,225,0.52
113,10929,225,0.49
113,12295,225,0.44
113,13661,225,0.41
113,15027,225,0.38
113,16393,225,0.37
113,17759,225,0.34
113,19125,225,0.33
113,20491,225,0.33
113,21857,225,0.33
113,23223,225,0.33
113,24589,225,0.35
113,25955,225,0.35
113,27321,225,0.35
113,28687,225,0.37
113,30053,225,0.38
113,31419,225,0.4
113,32785,225,0.41
113,34151,225,0.43
113,35517,225,0.45
113,36883,225,0.44
113,38249,225,0.4
113,39615,225,0.38
113,40981,225,0.36
113,42347,225,0.34
113,43713,225,0.34
113,45079,225,0.35
113,46445,225,0.38
113,47811,225,0.4
113,49177,225,0.43
113,50543,225,0.46
113,51909,225,0.44
113,53275,225,0.42
113,54641,225,0.4
113,56007,225,0.39
113,57373,225,0.38
113,58739,225,0.37
113,60105,225,0.35
113,61471,225,0.35
113,62837,225,0.34
113,64203,225,0.34
113,65535,225,0.33
113,1,241,0.33
113,1367,241,0.34
113,2733,241,0.35
113,4099,241,0.36
113,5465,241,0.37
113,6831,241,0.4
113,8197,241,0.46
113,9563,241,0.51
113,10929,241,0.5
113,12295,241,0.44
113,13661,241,0.41
113,15027,241,0.38
113,16393,241,0.35
113,17759,241,0.34
113,19125,241,0.33
113,20491,241,0.33
113,21857,241,0.34
113,23223,241,0.33
113,24589,241,0.34
113,25955,241,0.34
113,27321,241,0.35
113,28687,241,0.37
113,30053,241,0.38
113,31419,241,0.39
113,32785,241,0.41
113,34151,241,0.43
113,35517,241,0.46
113,36883,241,0.44
113,38249,241,0.4
113,39615,241,0.38
113,40981,241,0.35
113,42347,241,0.34
113,43713,241,0.34
113,45079,241,0.35
113,46445,241,0.37
113,47811,241,0.4
113,49177,241,0.42
113,50543,241,0.45
113,51909,241,0.45
113,53275,241,0.42
113,54641,241,0.41
113,56007,241,0.39
113,57373,241,0.38
113,58739,241,0.37
113,60105,241,0.35
113,61471,241,0.35
113,62837,241,0.34
113,64203,241,0.34
113,65535,241,0.33
113,1,255,0.39
113,1367,255,0.4
113,2733,255,0.4
113,4099,255,0.41
113,5465,255,0.43
113,6831,255,0.45
113,8197,255,0.48
113,9563,255,0.52
113,10929,255,0.56
113,12295,255,0.56
113,13661,255,0.52
113,15027,255,0.47
113,16393,255,0.44
113,17759,255,0.42
113,19125,255,0.4
113,20491,255,0.39
113,21857,255,0.39
113,23223,255,0.39
113,24589,255,0.39
113,25955,255,0.41
113,27321,255,0.41
113,28687,255,0.42
113,30053,255,0.43
113,31419,255,0.44
113,32785,255,0.46
113,34151,255,0.49
113,35517,255,0.52
113,36883,255,0.55
113,38249,255,0.48
113,39615,255,0.44
113,40981,255,0.4
113,42347,255,0.38
113,43713,255,0.37
113,45079,255,0.38
113,46445,255,0.4
113,47811,255,0.44
113,49177,255,0.49
113,50543,255,0.55
113,51909,255,0.5
113,53275,255,0.48
113,54641,255,0.45
113,56007,255,0.43
113,57373,255,0.42
113,58739,255,0.41
113,60105,255,0.4
113,61471,255,0.39
113,62837,255,0.39
113,64203,255,0.39
113,65535,255,0.39
129,1,1,0.7
129,1367,1,0.69
129,2733,1,0.69
129,4099,1,0.68
129,5465,1,0.69
129,6831,1,0.69
129,8197,1,0.69
129,9563,1,0.68
129,10929,1,0.7
129,12295,1,0.7
129,13661,1,0.69
129,15027,1,0.7
129,16393,1,0.69
129,17759,1,0.69
129,19125,1,0.69
129,20491,1,0.69
129,21857,1,0.69
129,23223,1,0.68
129,24589,1,0.69
129,25955,1,0.69
129,27321,1,0.69
129,28687,1,0.69
129,30053,1,0.69
129,31419,1,0.7
129,32785,1,0.68
129,34151,1,0.7
129,35517,1,0.7
129,36883,1,0.69
129,38249,1,0.68
129,39615,1,0.7
129,40981,1,0.7
129,42347,1,0.69
129,43713,1,0.68
129,45079,1,0.7
129,46445,1,0.69
129,47811,1,0.69
129,49177,1,0.7
129,50543,1,0.69
129,51909,1,0.69
129,53275,1,0.7
129,54641,1,0.69
129,56007,1,0.69
129,57373,1,0.69
129,58739,1,0.69
129,60105,1,0.7
129,61471,1,0.68
129,62837,1,0.7
129,64203,1,0.69
129,65535,1,0.69
129,1,17,0.7
129,1367,17,0.71
129,2733,17,0.71
129,4099,17,0.7
129,5465,17,0.71
129,6831,17,0.7
129,8197,17,0.71
129,9563,17,0.64
129,10929,17,0.64
129,12295,17,0.63
129,13661,17,0.65
129,15027,17,0.62
129,16393,17,0.63
129,17759,17,0.64
129,19125,17,0.62
129,20491,17,0.63
129,21857,17,0.63
129,23223,17,0.63
129,24589,17,0.63
129,25955,17,0.62
129,27321,17,0.63
129,28687,17,0.63
129,30053,17,0.62
129,31419,17,0.63
129,32785,17,0.63
129,34151,17,0.63
129,35517,17,0.62
129,36883,17,0.62
129,38249,17,0.64
129,39615,17,0.63
129,40981,17,0.63
129,42347,17,0.64
129,43713,17,0.63
129,45079,17,0.64
129,46445,17,0.68
129,47811,17,0.69
129,49177,17,0.7
129,50543,17,0.68
129,51909,17,0.63
129,53275,17,0.65
129,54641,17,0.64
129,56007,17,0.65
129,57373,17,0.64
129,58739,17,0.64
129,60105,17,0.65
129,61471,17,0.64
129,62837,17,0.7
129,64203,17,0.71
129,65535,17,0.71
129,1,33,0.64
129,1367,33,0.64
129,2733,33,0.65
129,4099,33,0.71
129,5465,33,0.71
129,6831,33,0.7
129,8197,33,0.65
129,9563,33,0.64
129,10929,33,0.63
129,12295,33,0.64
129,13661,33,0.63
129,15027,33,0.62
129,16393,33,0.63
129,17759,33,0.63
129,19125,33,0.61
129,20491,33,0.62
129,21857,33,0.62
129,23223,33,0.61
129,24589,33,0.61
129,25955,33,0.62
129,27321,33,0.62
129,28687,33,0.62
129,30053,33,0.62
129,31419,33,0.62
129,32785,33,0.62
129,34151,33,0.63
129,35517,33,0.62
129,36883,33,0.62
129,38249,33,0.63
129,39615,33,0.63
129,40981,33,0.63
129,42347,33,0.62
129,43713,33,0.63
129,45079,33,0.63
129,46445,33,0.63
129,47811,33,0.63
129,49177,33,0.64
129,50543,33,0.64
129,51909,33,0.64
129,53275,33,0.65
129,54641,33,0.65
129,56007,33,0.65
129,57373,33,0.65
129,58739,33,0.64
129,60105,33,0.65
129,61471,33,0.65
129,62837,33,0.66
129,64203,33,0.66
129,65535,33,0.65
129,1,49,0.67
129,1367,49,0.65
129,2733,49,0.66
129,4099,49,0.66
129,5465,49,0.71
129,6831,49,0.7
129,8197,49,0.65
129,9563,49,0.63
129,10929,49,0.63
129,12295,49,0.64
129,13661,49,0.63
129,15027,49,0.62
129,16393,49,0.62
129,17759,49,0.62
129,19125,49,0.61
129,20491,49,0.62
129,21857,49,0.61
129,23223,49,0.62
129,24589,49,0.62
129,25955,49,0.62
129,27321,49,0.6
129,28687,49,0.61
129,30053,49,0.62
129,31419,49,0.62
129,32785,49,0.61
129,34151,49,0.62
129,35517,49,0.61
129,36883,49,0.61
129,38249,49,0.62
129,39615,49,0.62
129,40981,49,0.62
129,42347,49,0.64
129,43713,49,0.62
129,45079,49,0.64
129,46445,49,0.64
129,47811,49,0.64
129,49177,49,0.64
129,50543,49,0.65
129,51909,49,0.64
129,53275,49,0.65
129,54641,49,0.65
129,56007,49,0.65
129,57373,49,0.67
129,58739,49,0.66
129,60105,49,0.65
129,61471,49,0.65
129,62837,49,0.66
129,64203,49,0.66
129,65535,49,0.66
129,1,65,0.67
129,1367,65,0.66
129,2733,65,0.68
129,4099,65,0.66
129,5465,65,0.71
129,6831,65,0.72
129,8197,65,0.64
129,9563,65,0.64
129,10929,65,0.65
129,12295,65,0.63
129,13661,65,0.64
129,15027,65,0.63
129,16393,65,0.61
129,17759,65,0.61
129,19125,65,0.59
129,20491,65,0.58
129,21857,65,0.57
129,23223,65,0.57
129,24589,65,0.58
129,25955,65,0.58
129,27321,65,0.6
129,28687,65,0.59
129,30053,65,0.62
129,31419,65,0.62
129,32785,65,0.61
129,34151,65,0.61
129,35517,65,0.62
129,36883,65,0.62
129,38249,65,0.61
129,39615,65,0.63
129,40981,65,0.62
129,42347,65,0.63
129,43713,65,0.62
129,45079,65,0.64
129,46445,65,0.63
129,47811,65,0.64
129,49177,65,0.65
129,50543,65,0.65
129,51909,65,0.65
129,53275,65,0.66
129,54641,65,0.67
129,56007,65,0.67
129,57373,65,0.67
129,58739,65,0.68
129,60105,65,0.67
129,61471,65,0.67
129,62837,65,0.68
129,64203,65,0.68
129,65535,65,0.68
129,1,81,0.68
129,1367,81,0.69
129,2733,81,0.69
129,4099,81,0.68
129,5465,81,0.72
129,6831,81,0.72
129,8197,81,0.66
129,9563,81,0.64
129,10929,81,0.64
129,12295,81,0.64
129,13661,81,0.64
129,15027,81,0.63
129,16393,81,0.59
129,17759,81,0.58
129,19125,81,0.55
129,20491,81,0.54
129,21857,81,0.52
129,23223,81,0.53
129,24589,81,0.53
129,25955,81,0.54
129,27321,81,0.56
129,28687,81,0.56
129,30053,81,0.57
129,31419,81,0.59
129,32785,81,0.59
129,34151,81,0.62
129,35517,81,0.61
129,36883,81,0.62
129,38249,81,0.62
129,39615,81,0.62
129,40981,81,0.61
129,42347,81,0.63
129,43713,81,0.63
129,45079,81,0.62
129,46445,81,0.64
129,47811,81,0.64
129,49177,81,0.66
129,50543,81,0.65
129,51909,81,0.66
129,53275,81,0.67
129,54641,81,0.67
129,56007,81,0.66
129,57373,81,0.67
129,58739,81,0.68
129,60105,81,0.67
129,61471,81,0.68
129,62837,81,0.69
129,64203,81,0.67
129,65535,81,0.69
129,1,97,0.69
129,1367,97,0.69
129,2733,97,0.7
129,4099,97,0.67
129,5465,97,0.74
129,6831,97,0.74
129,8197,97,0.66
129,9563,97,0.65
129,10929,97,0.65
129,12295,97,0.63
129,13661,97,0.63
129,15027,97,0.61
129,16393,97,0.57
129,17759,97,0.55
129,19125,97,0.52
129,20491,97,0.5
129,21857,97,0.49
129,23223,97,0.5
129,24589,97,0.51
129,25955,97,0.51
129,27321,97,0.53
129,28687,97,0.54
129,30053,97,0.54
129,31419,97,0.56
129,32785,97,0.58
129,34151,97,0.6
129,35517,97,0.6
129,36883,97,0.61
129,38249,97,0.62
129,39615,97,0.61
129,40981,97,0.61
129,42347,97,0.63
129,43713,97,0.59
129,45079,97,0.61
129,46445,97,0.64
129,47811,97,0.65
129,49177,97,0.66
129,50543,97,0.67
129,51909,97,0.66
129,53275,97,0.67
129,54641,97,0.66
129,56007,97,0.66
129,57373,97,0.66
129,58739,97,0.68
129,60105,97,0.68
129,61471,97,0.67
129,62837,97,0.69
129,64203,97,0.67
129,65535,97,0.68
129,1,113,0.67
129,1367,113,0.67
129,2733,113,0.7
129,4099,113,0.7
129,5465,113,0.75
129,6831,113,0.73
129,8197,113,0.66
129,9563,113,0.65
129,10929,113,0.65
129,12295,113,0.63
129,13661,113,0.61
129,15027,113,0.57
129,16393,113,0.54
129,17759,113,0.53
129,19125,113,0.49
129,20491,113,0.49
129,21857,113,0.46
129,23223,113,0.49
129,24589,113,0.48
129,25955,113,0.49
129,27321,113,0.49
129,28687,113,0.52
129,30053,113,0.53
129,31419,113,0.53
129,32785,113,0.55
129,34151,113,0.58
129,35517,113,0.59
129,36883,113,0.6
129,38249,113,0.6
129,39615,113,0.6
129,40981,113,0.61
129,42347,113,0.58
129,43713,113,0.56
129,45079,113,0.56
129,46445,113,0.57
129,47811,113,0.59
129,49177,113,0.6
129,50543,113,0.64
129,51909,113,0.65
129,53275,113,0.64
129,54641,113,0.64
129,56007,113,0.64
129,57373,113,0.64
129,58739,113,0.66
129,60105,113,0.64
129,61471,113,0.65
129,62837,113,0.65
129,64203,113,0.66
129,65535,113,0.66
129,1,129,0.61
129,1367,129,0.66
129,2733,129,0.7
129,4099,129,0.7
129,5465,129,0.75
129,6831,129,0.75
129,8197,129,0.66
129,9563,129,0.66
129,10929,129,0.65
129,12295,129,0.63
129,13661,129,0.59
129,15027,129,0.55
129,16393,129,0.51
129,17759,129,0.49
129,19125,129,0.47
129,20491,129,0.46
129,21857,129,0.45
129,23223,129,0.45
129,24589,129,0.45
129,25955,129,0.48
129,27321,129,0.49
129,28687,129,0.51
129,30053,129,0.5
129,31419,129,0.51
129,32785,129,0.54
129,34151,129,0.56
129,35517,129,0.59
129,36883,129,0.6
129,38249,129,0.58
129,39615,129,0.6
129,40981,129,0.58
129,42347,129,0.54
129,43713,129,0.52
129,45079,129,0.51
129,46445,129,0.54
129,47811,129,0.56
129,49177,129,0.59
129,50543,129,0.64
129,51909,129,0.63
129,53275,129,0.62
129,54641,129,0.62
129,56007,129,0.63
129,57373,129,0.62
129,58739,129,0.63
129,60105,129,0.64
129,61471,129,0.64
129,62837,129,0.62
129,64203,129,0.62
129,65535,129,0.61
129,1,145,0.51
129,1367,145,0.61
129,2733,145,0.66
129,4099,145,0.71
129,5465,145,0.75
129,6831,145,0.68
129,8197,145,0.68
129,9563,145,0.65
129,10929,145,0.65
129,12295,145,0.61
129,13661,145,0.57
129,15027,145,0.52
129,16393,145,0.49
129,17759,145,0.46
129,19125,145,0.46
129,20491,145,0.43
129,21857,145,0.44
129,23223,145,0.44
129,24589,145,0.44
129,25955,145,0.46
129,27321,145,0.46
129,28687,145,0.47
129,30053,145,0.48
129,31419,145,0.5
129,32785,145,0.52
129,34151,145,0.55
129,35517,145,0.59
129,36883,145,0.6
129,38249,145,0.6
129,39615,145,0.57
129,40981,145,0.55
129,42347,145,0.51
129,43713,145,0.49
129,45079,145,0.49
129,46445,145,0.51
129,47811,145,0.55
129,49177,145,0.59
129,50543,145,0.64
129,51909,145,0.62
129,53275,145,0.61
129,54641,145,0.6
129,56007,145,0.59
129,57373,145,0.58
129,58739,145,0.58
129,60105,145,0.56
129,61471,145,0.54
129,62837,145,0.54
129,64203,145,0.54
129,65535,145,0.51
129,1,161,0.46
129,1367,161,0.52
129,2733,161,0.64
129,4099,161,0.69
129,5465,161,0.74
129,6831,161,0.69
129,8197,161,0.67
129,9563,161,0.67
129,10929,161,0.65
129,12295,161,0.6
129,13661,161,0.55
129,15027,161,0.5
129,16393,161,0.46
129,17759,161,0.45
129,19125,161,0.43
129,20491,161,0.42
129,21857,161,0.4
129,23223,161,0.4
129,24589,161,0.41
129,25955,161,0.44
129,27321,161,0.44
129,28687,161,0.45
129,30053,161,0.46
129,31419,161,0.49
129,32785,161,0.51
129,34151,161,0.53
129,35517,161,0.57
129,36883,161,0.58
129,38249,161,0.58
129,39615,161,0.54
129,40981,161,0.5
129,42347,161,0.47
129,43713,161,0.46
129,45079,161,0.47
129,46445,161,0.49
129,47811,161,0.55
129,49177,161,0.59
129,50543,161,0.6
129,51909,161,0.6
129,53275,161,0.6
129,54641,161,0.55
129,56007,161,0.53
129,57373,161,0.53
129,58739,161,0.51
129,60105,161,0.5
129,61471,161,0.5
129,62837,161,0.49
129,64203,161,0.47
129,65535,161,0.47
129,1,177,0.42
129,1367,177,0.47
129,2733,177,0.54
129,4099,177,0.66
129,5465,177,0.77
129,6831,177,0.69
129,8197,177,0.68
129,9563,177,0.66
129,10929,177,0.65
129,12295,177,0.58
129,13661,177,0.52
129,15027,177,0.48
129,16393,177,0.47
129,17759,177,0.42
129,19125,177,0.42
129,20491,177,0.38
129,21857,177,0.39
129,23223,177,0.39
129,24589,177,0.4
129,25955,177,0.41
129,27321,177,0.43
129,28687,177,0.44
129,30053,177,0.45
129,31419,177,0.46
129,32785,177,0.52
129,34151,177,0.52
129,35517,177,0.56
129,36883,177,0.58
129,38249,177,0.55
129,39615,177,0.5
129,40981,177,0.49
129,42347,177,0.45
129,43713,177,0.42
129,45079,177,0.45
129,46445,177,0.48
129,47811,177,0.52
129,49177,177,0.57
129,50543,177,0.6
129,51909,177,0.6
129,53275,177,0.55
129,54641,177,0.51
129,56007,177,0.51
129,57373,177,0.5
129,58739,177,0.48
129,60105,177,0.48
129,61471,177,0.46
129,62837,177,0.45
129,64203,177,0.42
129,65535,177,0.45
129,1,193,0.42
129,1367,193,0.44
129,2733,193,0.49
129,4099,193,0.62
129,5465,193,0.7
129,6831,193,0.71
129,8197,193,0.69
129,9563,193,0.66
129,10929,193,0.64
129,12295,193,0.57
129,13661,193,0.52
129,15027,193,0.47
129,16393,193,0.45
129,17759,193,0.42
129,19125,193,0.38
129,20491,193,0.39
129,21857,193,0.39
129,23223,193,0.39
129,24589,193,0.39
129,25955,193,0.41
129,27321,193,0.42
129,28687,193,0.43
129,30053,193,0.44
129,31419,193,0.46
129,32785,193,0.48
129,34151,193,0.5
129,35517,193,0.55
129,36883,193,0.57
129,38249,193,0.53
129,39615,193,0.49
129,40981,193,0.45
129,42347,193,0.42
129,43713,193,0.43
129,45079,193,0.44
129,46445,193,0.47
129,47811,193,0.5
129,49177,193,0.56
129,50543,193,0.59
129,51909,193,0.56
129,53275,193,0.53
129,54641,193,0.48
129,56007,193,0.47
129,57373,193,0.47
129,58739,193,0.47
129,60105,193,0.44
129,61471,193,0.44
129,62837,193,0.4
129,64203,193,0.43
129,65535,193,0.41
129,1,209,0.4
129,1367,209,0.43
129,2733,209,0.46
129,4099,209,0.54
129,5465,209,0.69
129,6831,209,0.46
129,8197,209,0.69
129,9563,209,0.66
129,10929,209,0.64
129,12295,209,0.56
129,13661,209,0.5
129,15027,209,0.46
129,16393,209,0.43
129,17759,209,0.43
129,19125,209,0.39
129,20491,209,0.38
129,21857,209,0.38
129,23223,209,0.38
129,24589,209,0.39
129,25955,209,0.4
129,27321,209,0.42
129,28687,209,0.43
129,30053,209,0.45
129,31419,209,0.46
129,32785,209,0.48
129,34151,209,0.5
129,35517,209,0.54
129,36883,209,0.57
129,38249,209,0.52
129,39615,209,0.49
129,40981,209,0.45
129,42347,209,0.4
129,43713,209,0.4
129,45079,209,0.43
129,46445,209,0.45
129,47811,209,0.49
129,49177,209,0.53
129,50543,209,0.55
129,51909,209,0.52
129,53275,209,0.5
129,54641,209,0.47
129,56007,209,0.46
129,57373,209,0.44
129,58739,209,0.44
129,60105,209,0.43
129,61471,209,0.4
129,62837,209,0.41
129,64203,209,0.38
129,65535,209,0.4
129,1,225,0.39
129,1367,225,0.39
129,2733,225,0.44
129,4099,225,0.44
129,5465,225,0.5
129,6831,225,0.62
129,8197,225,0.65
129,9563,225,0.66
129,10929,225,0.64
129,12295,225,0.55
129,13661,225,0.5
129,15027,225,0.45
129,16393,225,0.41
129,17759,225,0.39
129,19125,225,0.38
129,20491,225,0.38
129,21857,225,0.38
129,23223,225,0.38
129,24589,225,0.39
129,25955,225,0.4
129,27321,225,0.41
129,28687,225,0.43
129,30053,225,0.44
129,31419,225,0.46
129,32785,225,0.48
129,34151,225,0.5
129,35517,225,0.55
129,36883,225,0.53
129,38249,225,0.47
129,39615,225,0.45
129,40981,225,0.42
129,42347,225,0.4
129,43713,225,0.4
129,45079,225,0.41
129,46445,225,0.44
129,47811,225,0.47
129,49177,225,0.5
129,50543,225,0.55
129,51909,225,0.53
129,53275,225,0.5
129,54641,225,0.47
129,56007,225,0.45
129,57373,225,0.44
129,58739,225,0.42
129,60105,225,0.41
129,61471,225,0.4
129,62837,225,0.39
129,64203,225,0.4
129,65535,225,0.37
129,1,241,0.38
129,1367,241,0.39
129,2733,241,0.4
129,4099,241,0.41
129,5465,241,0.44
129,6831,241,0.5
129,8197,241,0.6
129,9563,241,0.63
129,10929,241,0.63
129,12295,241,0.55
129,13661,241,0.49
129,15027,241,0.45
129,16393,241,0.41
129,17759,241,0.4
129,19125,241,0.37
129,20491,241,0.38
129,21857,241,0.37
129,23223,241,0.38
129,24589,241,0.38
129,25955,241,0.39
129,27321,241,0.4
129,28687,241,0.42
129,30053,241,0.43
129,31419,241,0.46
129,32785,241,0.48
129,34151,241,0.5
129,35517,241,0.55
129,36883,241,0.52
129,38249,241,0.46
129,39615,241,0.43
129,40981,241,0.38
129,42347,241,0.39
129,43713,241,0.39
129,45079,241,0.4
129,46445,241,0.43
129,47811,241,0.45
129,49177,241,0.49
129,50543,241,0.54
129,51909,241,0.53
129,53275,241,0.49
129,54641,241,0.47
129,56007,241,0.45
129,57373,241,0.43
129,58739,241,0.42
129,60105,241,0.41
129,61471,241,0.39
129,62837,241,0.39
129,64203,241,0.38
129,65535,241,0.38
129,1,255,0.45
129,1367,255,0.45
129,2733,255,0.46
129,4099,255,0.48
129,5465,255,0.5
129,6831,255,0.53
129,8197,255,0.57
129,9563,255,0.63
129,10929,255,0.69
129,12295,255,0.67
129,13661,255,0.62
129,15027,255,0.56
129,16393,255,0.53
129,17759,255,0.5
129,19125,255,0.47
129,20491,255,0.46
129,21857,255,0.46
129,23223,255,0.46
129,24589,255,0.46
129,25955,255,0.47
129,27321,255,0.47
129,28687,255,0.49
129,30053,255,0.5
129,31419,255,0.53
129,32785,255,0.55
129,34151,255,0.58
129,35517,255,0.63
129,36883,255,0.67
129,38249,255,0.59
129,39615,255,0.53
129,40981,255,0.48
129,42347,255,0.45
129,43713,255,0.44
129,45079,255,0.45
129,46445,255,0.47
129,47811,255,0.52
129,49177,255,0.59
129,50543,255,0.67
129,51909,255,0.61
129,53275,255,0.57
129,54641,255,0.54
129,56007,255,0.52
129,57373,255,0.5
129,58739,255,0.48
129,60105,255,0.47
129,61471,255,0.46
129,62837,255,0.46
129,64203,255,0.45
129,65535,255,0.45
145,1,1,0.9
145,1367,1,0.92
145,2733,1,0.9
145,4099,1,0.9
145,5465,1,0.92
145,6831,1,0.89
145,8197,1,0.91
145,9563,1,0.9
145,10929,1,0.9
145,12295,1,0.91
145,13661,1,0.91
145,15027,1,0.91
145,16393,1,0.91
145,17759,1,0.91
145,19125,1,0.9
145,20491,1,0.91
145,21857,1,0.9
145,23223,1,0.91
145,24589,1,0.91
145,25955,1,0.91
145,27321,1,0.9
145,28687,1,0.91
145,30053,1,0.91
145,31419,1,0.9
145,32785,1,0.9
145,34151,1,0.9
145,35517,1,0.9
145,36883,1,0.9
145,38249,1,0.9
145,39615,1,0.91
145,40981,1,0.91
145,42347,1,0.91
145,43713,1,0.9
145,45079,1,0.91
145,46445,1,0.9
145,47811,1,0.92
145,49177,1,0.91
145,50543,1,0.91
145,51909,1,0.89
145,53275,1,0.9
145,54641,1,0.92
145,56007,1,0.91
145,57373,1,0.9
145,58739,1,0.91
145,60105,1,0.9
145,61471,1,0.9
145,62837,1,0.9
145,64203,1,0.89
145,65535,1,0.91
145,1,17,0.93
145,1367,17,0.91
145,2733,17,0.92
145,4099,17,0.91
145,5465,17,0.92
145,6831,17,0.92
145,8197,17,0.91
145,9563,17,0.82
145,10929,17,0.84
145,12295,17,0.83
145,13661,17,0.83
145,15027,17,0.82
145,16393,17,0.81
145,17759,17,0.83
145,19125,17,0.82
145,20491,17,0.82
145,21857,17,0.82
145,23223,17,0.81
145,24589,17,0.81
145,25955,17,0.83
145,27321,17,0.81
145,28687,17,0.82
145,30053,17,0.82
145,31419,17,0.82
145,32785,17,0.83
145,34151,17,0.82
145,35517,17,0.82
145,36883,17,0.82
145,38249,17,0.82
145,39615,17,0.83
145,40981,17,0.81
145,42347,17,0.82
145,43713,17,0.82
145,45079,17,0.82
145,46445,17,0.92
145,47811,17,0.9
145,49177,17,0.91
145,50543,17,0.91
145,51909,17,0.81
145,53275,17,0.83
145,54641,17,0.83
145,56007,17,0.83
145,57373,17,0.83
145,58739,17,0.84
145,60105,17,0.84
145,61471,17,0.83
145,62837,17,0.91
145,64203,17,0.91
145,65535,17,0.92
145,1,33,0.85
145,1367,33,0.84
145,2733,33,0.84
145,4099,33,0.91
145,5465,33,0.91
145,6831,33,0.92
145,8197,33,0.82
145,9563,33,0.83
145,10929,33,0.83
145,12295,33,0.83
145,13661,33,0.82
145,15027,33,0.81
145,16393,33,0.82
145,17759,33,0.82
145,19125,33,0.81
145,20491,33,0.81
145,21857,33,0.81
145,23223,33,0.81
145,24589,33,0.82
145,25955,33,0.81
145,27321,33,0.81
145,28687,33,0.81
145,30053,33,0.81
145,31419,33,0.8
145,32785,33,0.8
145,34151,33,0.82
145,35517,33,0.8
145,36883,33,0.82
145,38249,33,0.81
145,39615,33,0.81
145,40981,33,0.8
145,42347,33,0.82
145,43713,33,0.82
145,45079,33,0.83
145,46445,33,0.83
145,47811,33,0.83
145,49177,33,0.83
145,50543,33,0.83
145,51909,33,0.83
145,53275,33,0.85
145,54641,33,0.84
145,56007,33,0.84
145,57373,33,0.84
145,58739,33,0.84
145,60105,33,0.85
145,61471,33,0.84
145,62837,33,0.85
145,64203,33,0.85
145,65535,33,0.86
145,1,49,0.88
145,1367,49,0.85
145,2733,49,0.85
145,4099,49,0.85
145,5465,49,0.92
145,6831,49,0.92
145,8197,49,0.84
145,9563,49,0.83
145,10929,49,0.84
145,12295,49,0.83
145,13661,49,0.83
145,15027,49,0.82
145,16393,49,0.82
145,17759,49,0.81
145,19125,49,0.81
145,20491,49,0.81
145,21857,49,0.79
145,23223,49,0.81
145,24589,49,0.8
145,25955,49,0.8
145,27321,49,0.81
145,28687,49,0.79
145,30053,49,0.8
145,31419,49,0.79
145,32785,49,0.79
145,34151,49,0.8
145,35517,49,0.8
145,36883,49,0.81
145,38249,49,0.81
145,39615,49,0.81
145,40981,49,0.81
145,42347,49,0.82
145,43713,49,0.82
145,45079,49,0.82
145,46445,49,0.83
145,47811,49,0.83
145,49177,49,0.84
145,50543,49,0.84
145,51909,49,0.83
145,53275,49,0.85
145,54641,49,0.86
145,56007,49,0.85
145,57373,49,0.86
145,58739,49,0.85
145,60105,49,0.85
145,61471,49,0.86
145,62837,49,0.86
145,64203,49,0.85
145,65535,49,0.86
145,1,65,0.88
145,1367,65,0.87
145,2733,65,0.86
145,4099,65,0.86
145,5465,65,0.93
145,6831,65,0.93
145,8197,65,0.84
145,9563,65,0.83
145,10929,65,0.84
145,12295,65,0.83
145,13661,65,0.82
145,15027,65,0.82
145,16393,65,0.81
145,17759,65,0.8
145,19125,65,0.77
145,20491,65,0.74
145,21857,65,0.72
145,23223,65,0.74
145,24589,65,0.75
145,25955,65,0.76
145,27321,65,0.77
145,28687,65,0.78
145,30053,65,0.8
145,31419,65,0.79
145,32785,65,0.79
145,34151,65,0.79
145,35517,65,0.79
145,36883,65,0.79
145,38249,65,0.81
145,39615,65,0.81
145,40981,65,0.81
145,42347,65,0.8
145,43713,65,0.82
145,45079,65,0.82
145,46445,65,0.84
145,47811,65,0.84
145,49177,65,0.83
145,50543,65,0.84
145,51909,65,0.85
145,53275,65,0.85
145,54641,65,0.86
145,56007,65,0.86
145,57373,65,0.87
145,58739,65,0.86
145,60105,65,0.87
145,61471,65,0.88
145,62837,65,0.87
145,64203,65,0.88
145,65535,65,0.88
145,1,81,0.89
145,1367,81,0.89
145,2733,81,0.88
145,4099,81,0.87
145,5465,81,0.93
145,6831,81,0.93
145,8197,81,0.85
145,9563,81,0.85
145,10929,81,0.83
145,12295,81,0.83
145,13661,81,0.83
145,15027,81,0.82
145,16393,81,0.78
145,17759,81,0.74
145,19125,81,0.72
145,20491,81,0.69
145,21857,81,0.67
145,23223,81,0.68
145,24589,81,0.68
145,25955,81,0.71
145,27321,81,0.72
145,28687,81,0.73
145,30053,81,0.75
145,31419,81,0.75
145,32785,81,0.79
145,34151,81,0.79
145,35517,81,0.79
145,36883,81,0.79
145,38249,81,0.8
145,39615,81,0.81
145,40981,81,0.81
145,42347,81,0.81
145,43713,81,0.82
145,45079,81,0.81
145,46445,81,0.82
145,47811,81,0.83
145,49177,81,0.84
145,50543,81,0.86
145,51909,81,0.86
145,53275,81,0.86
145,54641,81,0.86
145,56007,81,0.87
145,57373,81,0.88
145,58739,81,0.87
145,60105,81,0.89
145,61471,81,0.88
145,62837,81,0.89
145,64203,81,0.9
145,65535,81,0.89
145,1,97,0.89
145,1367,97,0.91
145,2733,97,0.9
145,4099,97,0.88
145,5465,97,0.95
145,6831,97,0.93
145,8197,97,0.85
145,9563,97,0.85
145,10929,97,0.83
145,12295,97,0.83
145,13661,97,0.83
145,15027,97,0.77
145,16393,97,0.72
145,17759,97,0.7
145,19125,97,0.67
145,20491,97,0.65
145,21857,97,0.62
145,23223,97,0.63
145,24589,97,0.64
145,25955,97,0.66
145,27321,97,0.67
145,28687,97,0.68
145,30053,97,0.71
145,31419,97,0.72
145,32785,97,0.75
145,34151,97,0.79
145,35517,97,0.77
145,36883,97,0.79
145,38249,97,0.8
145,39615,97,0.8
145,40981,97,0.8
145,42347,97,0.81
145,43713,97,0.78
145,45079,97,0.79
145,46445,97,0.81
145,47811,97,0.83
145,49177,97,0.85
145,50543,97,0.87
145,51909,97,0.86
145,53275,97,0.87
145,54641,97,0.86
145,56007,97,0.87
145,57373,97,0.86
145,58739,97,0.86
145,60105,97,0.88
145,61471,97,0.87
145,62837,97,0.87
145,64203,97,0.89
145,65535,97,0.89
145,1,113,0.86
145,1367,113,0.88
145,2733,113,0.91
145,4099,113,0.9
145,5465,113,0.96
145,6831,113,0.95
145,8197,113,0.86
145,9563,113,0.84
145,10929,113,0.84
145,12295,113,0.83
145,13661,113,0.8
145,15027,113,0.73
145,16393,113,0.7
145,17759,113,0.66
145,19125,113,0.62
145,20491,113,0.59
145,21857,113,0.58
145,23223,113,0.58
145,24589,113,0.6
145,25955,113,0.61
145,27321,113,0.62
145,28687,113,0.65
145,30053,113,0.67
145,31419,113,0.69
145,32785,113,0.71
145,34151,113,0.74
145,35517,113,0.78
145,36883,113,0.77
145,38249,113,0.77
145,39615,113,0.79
145,40981,113,0.8
145,42347,113,0.76
145,43713,113,0.71
145,45079,113,0.73
145,46445,113,0.76
145,47811,113,0.78
145,49177,113,0.79
145,50543,113,0.83
145,51909,113,0.84
145,53275,113,0.85
145,54641,113,0.82
145,56007,113,0.83
145,57373,113,0.83
145,58739,113,0.84
145,60105,113,0.84
145,61471,113,0.83
145,62837,113,0.85
145,64203,113,0.85
145,65535,113,0.87
145,1,129,0.78
145,1367,129,0.87
145,2733,129,0.89
145,4099,129,0.92
145,5465,129,0.96
145,6831,129,0.96
145,8197,129,0.86
145,9563,129,0.85
145,10929,129,0.84
145,12295,129,0.83
145,13661,129,0.77
145,15027,129,0.71
145,16393,129,0.67
145,17759,129,0.62
145,19125,129,0.6
145,20491,129,0.58
145,21857,129,0.55
145,23223,129,0.57
145,24589,129,0.56
145,25955,129,0.59
145,27321,129,0.6
145,28687,129,0.62
145,30053,129,0.64
145,31419,129,0.65
145,32785,129,0.68
145,34151,129,0.72
145,35517,129,0.76
145,36883,129,0.77
145,38249,129,0.77
145,39615,129,0.78
145,40981,129,0.76
145,42347,129,0.69
145,43713,129,0.65
145,45079,129,0.67
145,46445,129,0.7
145,47811,129,0.72
145,49177,129,0.78
145,50543,129,0.84
145,51909,129,0.82
145,53275,129,0.8
145,54641,129,0.8
145,56007,129,0.81
145,57373,129,0.81
145,58739,129,0.81
145,60105,129,0.81
145,61471,129,0.81
145,62837,129,0.8
145,64203,129,0.79
145,65535,129,0.78
145,1,145,0.66
145,1367,145,0.78
145,2733,145,0.87
145,4099,145,0.91
145,5465,145,0.96
145,6831,145,0.89
145,8197,145,0.87
145,9563,145,0.85
145,10929,145,0.85
145,12295,145,0.8
145,13661,145,0.73
145,15027,145,0.67
145,16393,145,0.63
145,17759,145,0.59
145,19125,145,0.56
145,20491,145,0.54
145,21857,145,0.52
145,23223,145,0.53
145,24589,145,0.54
145,25955,145,0.56
145,27321,145,0.57
145,28687,145,0.58
145,30053,145,0.61
145,31419,145,0.62
145,32785,145,0.66
145,34151,145,0.7
145,35517,145,0.75
145,36883,145,0.77
145,38249,145,0.76
145,39615,145,0.75
145,40981,145,0.69
145,42347,145,0.65
145,43713,145,0.61
145,45079,145,0.62
145,46445,145,0.63
145,47811,145,0.7
145,49177,145,0.77
145,50543,145,0.81
145,51909,145,0.8
145,53275,145,0.79
145,54641,145,0.78
145,56007,145,0.76
145,57373,145,0.74
145,58739,145,0.73
145,60105,145,0.71
145,61471,145,0.69
145,62837,145,0.68
145,64203,145,0.66
145,65535,145,0.65
145,1,161,0.57
145,1367,161,0.65
145,2733,161,0.83
145,4099,161,0.88
145,5465,161,0.96
145,6831,161,0.89
145,8197,161,0.87
145,9563,161,0.86
145,10929,161,0.85
145,12295,161,0.78
145,13661,161,0.7
145,15027,161,0.63
145,16393,161,0.59
145,17759,161,0.56
145,19125,161,0.54
145,20491,161,0.51
145,21857,161,0.5
145,23223,161,0.51
145,24589,161,0.5
145,25955,161,0.54
145,27321,161,0.54
145,28687,161,0.56
145,30053,161,0.59
145,31419,161,0.62
145,32785,161,0.65
145,34151,161,0.68
145,35517,161,0.74
145,36883,161,0.75
145,38249,161,0.76
145,39615,161,0.7
145,40981,161,0.65
145,42347,161,0.6
145,43713,161,0.57
145,45079,161,0.59
145,46445,161,0.63
145,47811,161,0.69
145,49177,161,0.76
145,50543,161,0.78
145,51909,161,0.78
145,53275,161,0.77
145,54641,161,0.7
145,56007,161,0.67
145,57373,161,0.66
145,58739,161,0.64
145,60105,161,0.63
145,61471,161,0.6
145,62837,161,0.6
145,64203,161,0.6
145,65535,161,0.59
145,1,177,0.52
145,1367,177,0.58
145,2733,177,0.69
145,4099,177,0.86
145,5465,177,1.0
145,6831,177,0.89
145,8197,177,0.87
145,9563,177,0.85
145,10929,177,0.83
145,12295,177,0.75
145,13661,177,0.68
145,15027,177,0.61
145,16393,177,0.58
145,17759,177,0.54
145,19125,177,0.52
145,20491,177,0.49
145,21857,177,0.46
145,23223,177,0.48
145,24589,177,0.49
145,25955,177,0.5
145,27321,177,0.5
145,28687,177,0.55
145,30053,177,0.56
145,31419,177,0.59
145,32785,177,0.61
145,34151,177,0.66
145,35517,177,0.72
145,36883,177,0.75
145,38249,177,0.72
145,39615,177,0.67
145,40981,177,0.61
145,42347,177,0.57
145,43713,177,0.53
145,45079,177,0.54
145,46445,177,0.62
145,47811,177,0.67
145,49177,177,0.73
145,50543,177,0.76
145,51909,177,0.76
145,53275,177,0.7
145,54641,177,0.65
145,56007,177,0.63
145,57373,177,0.61
145,58739,177,0.6
145,60105,177,0.58
145,61471,177,0.56
145,62837,177,0.56
145,64203,177,0.53
145,65535,177,0.53
145,1,193,0.5
145,1367,193,0.53
145,2733,193,0.6
145,4099,193,0.79
145,5465,193,0.91
145,6831,193,0.92
145,8197,193,0.88
145,9563,193,0.86
145,10929,193,0.84
145,12295,193,0.73
145,13661,193,0.66
145,15027,193,0.59
145,16393,193,0.56
145,17759,193,0.52
145,19125,193,0.49
145,20491,193,0.46
145,21857,193,0.46
145,23223,193,0.47
145,24589,193,0.48
145,25955,193,0.49
145,27321,193,0.5
145,28687,193,0.54
145,30053,193,0.54
145,31419,193,0.56
145,32785,193,0.58
145,34151,193,0.64
145,35517,193,0.7
145,36883,193,0.74
145,38249,193,0.68
145,39615,193,0.64
145,40981,193,0.58
145,42347,193,0.53
145,43713,193,0.5
145,45079,193,0.56
145,46445,193,0.59
145,47811,193,0.64
145,49177,193,0.7
145,50543,193,0.75
145,51909,193,0.71
145,53275,193,0.65
145,54641,193,0.62
145,56007,193,0.59
145,57373,193,0.57
145,58739,193,0.55
145,60105,193,0.55
145,61471,193,0.53
145,62837,193,0.52
145,64203,193,0.51
145,65535,193,0.49
145,1,209,0.48
145,1367,209,0.5
145,2733,209,0.56
145,4099,209,0.68
145,5465,209,0.88
145,6831,209,0.55
145,8197,209,0.88
145,9563,209,0.87
145,10929,209,0.84
145,12295,209,0.73
145,13661,209,0.64
145,15027,209,0.57
145,16393,209,0.54
145,17759,209,0.5
145,19125,209,0.48
145,20491,209,0.45
145,21857,209,0.45
145,23223,209,0.46
145,24589,209,0.47
145,25955,209,0.49
145,27321,209,0.5
145,28687,209,0.51
145,30053,209,0.54
145,31419,209,0.56
145,32785,209,0.58
145,34151,209,0.62
145,35517,209,0.66
145,36883,209,0.72
145,38249,209,0.64
145,39615,209,0.6
145,40981,209,0.55
145,42347,209,0.51
145,43713,209,0.49
145,45079,209,0.51
145,46445,209,0.54
145,47811,209,0.59
145,49177,209,0.63
145,50543,209,0.67
145,51909,209,0.63
145,53275,209,0.6
145,54641,209,0.57
145,56007,209,0.54
145,57373,209,0.55
145,58739,209,0.54
145,60105,209,0.51
145,61471,209,0.5
145,62837,209,0.48
145,64203,209,0.48
145,65535,209,0.48
145,1,225,0.47
145,1367,225,0.49
145,2733,225,0.52
145,4099,225,0.58
145,5465,225,0.68
145,6831,225,0.82
145,8197,225,0.84
145,9563,225,0.86
145,10929,225,0.81
145,12295,225,0.71
145,13661,225,0.62
145,15027,225,0.55
145,16393,225,0.51
145,17759,225,0.49
145,19125,225,0.46
145,20491,225,0.45
145,21857,225,0.45
145,23223,225,0.46
145,24589,225,0.47
145,25955,225,0.49
145,27321,225,0.5
145,28687,225,0.52
145,30053,225,0.53
145,31419,225,0.55
145,32785,225,0.59
145,34151,225,0.62
145,35517,225,0.67
145,36883,225,0.67
145,38249,225,0.61
145,39615,225,0.56
145,40981,225,0.53
145,42347,225,0.48
145,43713,225,0.47
145,45079,225,0.5
145,46445,225,0.53
145,47811,225,0.58
145,49177,225,0.63
145,50543,225,0.68
145,51909,225,0.64
145,53275,225,0.6
145,54641,225,0.57
145,56007,225,0.54
145,57373,225,0.53
145,58739,225,0.51
145,60105,225,0.49
145,61471,225,0.48
145,62837,225,0.49
145,64203,225,0.47
145,65535,225,0.48
145,1,241,0.45
145,1367,241,0.46
145,2733,241,0.47
145,4099,241,0.5
145,5465,241,0.56
145,6831,241,0.66
145,8197,241,0.78
145,9563,241,0.8
145,10929,241,0.81
145,12295,241,0.71
145,13661,241,0.62
145,15027,241,0.56
145,16393,241,0.52
145,17759,241,0.48
145,19125,241,0.45
145,20491,241,0.45
145,21857,241,0.45
145,23223,241,0.45
145,24589,241,0.47
145,25955,241,0.47
145,27321,241,0.49
145,28687,241,0.51
145,30053,241,0.53
145,31419,241,0.55
145,32785,241,0.59
145,34151,241,0.63
145,35517,241,0.67
145,36883,241,0.65
145,38249,241,0.58
145,39615,241,0.56
145,40981,241,0.5
145,42347,241,0.47
145,43713,241,0.47
145,45079,241,0.48
145,46445,241,0.52
145,47811,241,0.56
145,49177,241,0.6
145,50543,241,0.67
145,51909,241,0.65
145,53275,241,0.6
145,54641,241,0.57
145,56007,241,0.54
145,57373,241,0.52
145,58739,241,0.51
145,60105,241,0.49
145,61471,241,0.47
145,62837,241,0.46
145,64203,241,0.46
145,65535,241,0.46
145,1,255,0.56
145,1367,255,0.55
145,2733,255,0.57
145,4099,255,0.59
145,5465,255,0.63
145,6831,255,0.66
145,8197,255,0.72
145,9563,255,0.8
145,10929,255,0.87
145,12295,255,0.87
145,13661,255,0.78
145,15027,255,0.71
145,16393,255,0.65
145,17759,255,0.61
145,19125,255,0.58
145,20491,255,0.56
145,21857,255,0.56
145,23223,255,0.56
145,24589,255,0.56
145,25955,255,0.57
145,27321,255,0.59
145,28687,255,0.6
145,30053,255,0.63
145,31419,255,0.65
145,32785,255,0.69
145,34151,255,0.74
145,35517,255,0.8
145,36883,255,0.87
145,38249,255,0.75
145,39615,255,0.66
145,40981,255,0.6
145,42347,255,0.55
145,43713,255,0.54
145,45079,255,0.55
145,46445,255,0.59
145,47811,255,0.67
145,49177,255,0.75
145,50543,255,0.87
145,51909,255,0.78
145,53275,255,0.72
145,54641,255,0.67
145,56007,255,0.64
145,57373,255,0.62
145,58739,255,0.59
145,60105,255,0.58
145,61471,255,0.57
145,62837,255,0.56
145,64203,255,0.55
145,65535,255,0.55
161,1,1,1.16
161,1367,1,1.15
161,2733,1,1.16
161,4099,1,1.15
161,5465,1,1.18
161,6831,1,1.16
161,8197,1,1.16
161,9563,1,1.16
161,10929,1,1.15
161,12295,1,1.16
161,13661,1,1.16
161,15027,1,1.17
161,16393,1,1.17
161,17759,1,1.16
161,19125,1,1.16
161,20491,1,1.17
161,21857,1,1.16
161,23223,1,1.15
161,24589,1,1.17
161,25955,1,1.17
161,27321,1,1.16
161,28687,1,1.14
161,30053,1,1.16
161,31419,1,1.19
161,32785,1,1.16
161,34151,1,1.17
161,35517,1,1.16
161,36883,1,1.17
161,38249,1,1.16
161,39615,1,1.15
161,40981,1,1.16
161,42347,1,1.16
161,43713,1,1.16
161,45079,1,1.16
161,46445,1,1.16
161,47811,1,1.17
161,49177,1,1.16
161,50543,1,1.17
161,51909,1,1.16
161,53275,1,1.16
161,54641,1,1.16
161,56007,1,1.16
161,57373,1,1.16
161,58739,1,1.15
161,60105,1,1.15
161,61471,1,1.16
161,62837,1,1.17
161,64203,1,1.16
161,65535,1,1.15
161,1,17,1.18
161,1367,17,1.16
161,2733,17,1.17
161,4099,17,1.18
161,5465,17,1.19
161,6831,17,1.17
161,8197,17,1.17
161,9563,17,1.07
161,10929,17,1.08
161,12295,17,1.08
161,13661,17,1.08
161,15027,17,1.07
161,16393,17,1.08
161,17759,17,1.07
161,19125,17,1.08
161,20491,17,1.07
161,21857,17,1.08
161,23223,17,1.08
161,24589,17,1.07
161,25955,17,1.08
161,27321,17,1.08
161,28687,17,1.06
161,30053,17,1.07
161,31419,17,1.06
161,32785,17,1.07
161,34151,17,1.06
161,35517,17,1.08
161,36883,17,1.07
161,38249,17,1.08
161,39615,17,1.06
161,40981,17,1.08
161,42347,17,1.07
161,43713,17,1.07
161,45079,17,1.07
161,46445,17,1.15
161,47811,17,1.16
161,49177,17,1.16
161,50543,17,1.16
161,51909,17,1.08
161,53275,17,1.09
161,54641,17,1.08
161,56007,17,1.08
161,57373,17,1.09
161,58739,17,1.08
161,60105,17,1.08
161,61471,17,1.07
161,62837,17,1.18
161,64203,17,1.18
161,65535,17,1.17
161,1,33,1.11
161,1367,33,1.11
161,2733,33,1.1
161,4099,33,1.2
161,5465,33,1.19
161,6831,33,1.2
161,8197,33,1.07
161,9563,33,1.08
161,10929,33,1.08
161,12295,33,1.08
161,13661,33,1.09
161,15027,33,1.08
161,16393,33,1.09
161,17759,33,1.07
161,19125,33,1.08
161,20491,33,1.07
161,21857,33,1.06
161,23223,33,1.07
161,24589,33,1.06
161,25955,33,1.05
161,27321,33,1.06
161,28687,33,1.06
161,30053,33,1.05
161,31419,33,1.08
161,32785,33,1.07
161,34151,33,1.07
161,35517,33,1.08
161,36883,33,1.06
161,38249,33,1.07
161,39615,33,1.06
161,40981,33,1.07
161,42347,33,1.08
161,43713,33,1.07
161,45079,33,1.07
161,46445,33,1.06
161,47811,33,1.07
161,49177,33,1.08
161,50543,33,1.08
161,51909,33,1.08
161,53275,33,1.08
161,54641,33,1.1
161,56007,33,1.09
161,57373,33,1.09
161,58739,33,1.09
161,60105,33,1.09
161,61471,33,1.09
161,62837,33,1.1
161,64203,33,1.1
161,65535,33,1.09
161,1,49,1.12
161,1367,49,1.11
161,2733,49,1.1
161,4099,49,1.11
161,5465,49,1.2
161,6831,49,1.2
161,8197,49,1.08
161,9563,49,1.09
161,10929,49,1.09
161,12295,49,1.08
161,13661,49,1.08
161,15027,49,1.07
161,16393,49,1.06
161,17759,49,1.07
161,19125,49,1.06
161,20491,49,1.06
161,21857,49,1.03
161,23223,49,1.05
161,24589,49,1.04
161,25955,49,1.06
161,27321,49,1.05
161,28687,49,1.05
161,30053,49,1.05
161,31419,49,1.04
161,32785,49,1.05
161,34151,49,1.05
161,35517,49,1.05
161,36883,49,1.05
161,38249,49,1.05
161,39615,49,1.06
161,40981,49,1.07
161,42347,49,1.07
161,43713,49,1.06
161,45079,49,1.08
161,46445,49,1.07
161,47811,49,1.08
161,49177,49,1.09
161,50543,49,1.08
161,51909,49,1.1
161,53275,49,1.1
161,54641,49,1.1
161,56007,49,1.11
161,57373,49,1.11
161,58739,49,1.11
161,60105,49,1.12
161,61471,49,1.12
161,62837,49,1.11
161,64203,49,1.11
161,65535,49,1.12
161,1,65,1.13
161,1367,65,1.12
161,2733,65,1.11
161,4099,65,1.11
161,5465,65,1.2
161,6831,65,1.21
161,8197,65,1.09
161,9563,65,1.09
161,10929,65,1.1
161,12295,65,1.09
161,13661,65,1.08
161,15027,65,1.07
161,16393,65,1.07
161,17759,65,1.06
161,19125,65,1.01
161,20491,65,0.98
161,21857,65,0.95
161,23223,65,0.97
161,24589,65,0.98
161,25955,65,0.98
161,27321,65,1.01
161,28687,65,1.02
161,30053,65,1.05
161,31419,65,1.04
161,32785,65,1.04
161,34151,65,1.05
161,35517,65,1.05
161,36883,65,1.04
161,38249,65,1.05
161,39615,65,1.06
161,40981,65,1.04
161,42347,65,1.07
161,43713,65,1.05
161,45079,65,1.07
161,46445,65,1.08
161,47811,65,1.09
161,49177,65,1.09
161,50543,65,1.09
161,51909,65,1.11
161,53275,65,1.11
161,54641,65,1.12
161,56007,65,1.13
161,57373,65,1.12
161,58739,65,1.13
161,60105,65,1.12
161,61471,65,1.14
161,62837,65,1.14
161,64203,65,1.13
161,65535,65,1.13
161,1,81,1.14
161,1367,81,1.15
161,2733,81,1.14
161,4099,81,1.13
161,5465,81,1.23
161,6831,81,1.21
161,8197,81,1.11
161,9563,81,1.09
161,10929,81,1.09
161,12295,81,1.09
161,13661,81,1.09
161,15027,81,1.08
161,16393,81,1.01
161,17759,81,0.99
161,19125,81,0.93
161,20491,81,0.9
161,21857,81,0.87
161,23223,81,0.89
161,24589,81,0.9
161,25955,81,0.92
161,27321,81,0.94
161,28687,81,0.95
161,30053,81,0.98
161,31419,81,1.0
161,32785,81,1.01
161,34151,81,1.04
161,35517,81,1.03
161,36883,81,1.05
161,38249,81,1.05
161,39615,81,1.05
161,40981,81,1.04
161,42347,81,1.07
161,43713,81,1.06
161,45079,81,1.07
161,46445,81,1.09
161,47811,81,1.09
161,49177,81,1.09
161,50543,81,1.12
161,51909,81,1.11
161,53275,81,1.12
161,54641,81,1.13
161,56007,81,1.14
161,57373,81,1.13
161,58739,81,1.14
161,60105,81,1.15
161,61471,81,1.15
161,62837,81,1.17
161,64203,81,1.17
161,65535,81,1.16
161,1,97,1.14
161,1367,97,1.17
161,2733,97,1.16
161,4099,97,1.14
161,5465,97,1.21
161,6831,97,1.22
161,8197,97,1.11
161,9563,97,1.11
161,10929,97,1.1
161,12295,97,1.09
161,13661,97,1.07
161,15027,97,1.0
161,16393,97,0.95
161,17759,97,0.92
161,19125,97,0.88
161,20491,97,0.84
161,21857,97,0.8
161,23223,97,0.82
161,24589,97,0.83
161,25955,97,0.84
161,27321,97,0.86
161,28687,97,0.89
161,30053,97,0.92
161,31419,97,0.93
161,32785,97,0.97
161,34151,97,1.01
161,35517,97,1.02
161,36883,97,1.04
161,38249,97,1.04
161,39615,97,1.05
161,40981,97,1.04
161,42347,97,1.06
161,43713,97,1.01
161,45079,97,1.03
161,46445,97,1.06
161,47811,97,1.08
161,49177,97,1.1
161,50543,97,1.12
161,51909,97,1.14
161,53275,97,1.12
161,54641,97,1.12
161,56007,97,1.11
161,57373,97,1.11
161,58739,97,1.12
161,60105,97,1.13
161,61471,97,1.13
161,62837,97,1.14
161,64203,97,1.14
161,65535,97,1.15
161,1,113,1.1
161,1367,113,1.14
161,2733,113,1.17
161,4099,113,1.19
161,5465,113,1.24
161,6831,113,1.22
161,8197,113,1.12
161,9563,113,1.11
161,10929,113,1.1
161,12295,113,1.08
161,13661,113,1.04
161,15027,113,0.96
161,16393,113,0.92
161,17759,113,0.86
161,19125,113,0.83
161,20491,113,0.79
161,21857,113,0.76
161,23223,113,0.76
161,24589,113,0.79
161,25955,113,0.8
161,27321,113,0.82
161,28687,113,0.85
161,30053,113,0.87
161,31419,113,0.9
161,32785,113,0.92
161,34151,113,0.98
161,35517,113,1.03
161,36883,113,1.02
161,38249,113,1.03
161,39615,113,1.04
161,40981,113,1.04
161,42347,113,0.98
161,43713,113,0.93
161,45079,113,0.96
161,46445,113,0.99
161,47811,113,1.0
161,49177,113,1.02
161,50543,113,1.1
161,51909,113,1.1
161,53275,113,1.09
161,54641,113,1.07
161,56007,113,1.07
161,57373,113,1.08
161,58739,113,1.09
161,60105,113,1.09
161,61471,113,1.09
161,62837,113,1.1
161,64203,113,1.1
161,65535,113,1.09
161,1,129,1.02
161,1367,129,1.1
161,2733,129,1.15
161,4099,129,1.18
161,5465,129,1.28
161,6831,129,1.24
161,8197,129,1.12
161,9563,129,1.1
161,10929,129,1.09
161,12295,129,1.07
161,13661,129,0.99
161,15027,129,0.92
161,16393,129,0.87
161,17759,129,0.82
161,19125,129,0.77
161,20491,129,0.74
161,21857,129,0.71
161,23223,129,0.72
161,24589,129,0.74
161,25955,129,0.74
161,27321,129,0.78
161,28687,129,0.81
161,30053,129,0.82
161,31419,129,0.86
161,32785,129,0.89
161,34151,129,0.95
161,35517,129,1.01
161,36883,129,1.02
161,38249,129,1.02
161,39615,129,1.04
161,40981,129,0.99
161,42347,129,0.91
161,43713,129,0.86
161,45079,129,0.88
161,46445,129,0.9
161,47811,129,0.95
161,49177,129,1.01
161,50543,129,1.09
161,51909,129,1.07
161,53275,129,1.05
161,54641,129,1.04
161,56007,129,1.04
161,57373,129,1.06
161,58739,129,1.05
161,60105,129,1.06
161,61471,129,1.06
161,62837,129,1.04
161,64203,129,1.03
161,65535,129,1.0
161,1,145,0.85
161,1367,145,1.0
161,2733,145,1.1
161,4099,145,1.19
161,5465,145,1.25
161,6831,145,1.16
161,8197,145,1.13
161,9563,145,1.12
161,10929,145,1.1
161,12295,145,1.05
161,13661,145,0.96
161,15027,145,0.89
161,16393,145,0.82
161,17759,145,0.78
161,19125,145,0.72
161,20491,145,0.69
161,21857,145,0.68
161,23223,145,0.67
161,24589,145,0.7
161,25955,145,0.72
161,27321,145,0.73
161,28687,145,0.76
161,30053,145,0.79
161,31419,145,0.81
161,32785,145,0.88
161,34151,145,0.91
161,35517,145,0.98
161,36883,145,1.01
161,38249,145,1.03
161,39615,145,0.98
161,40981,145,0.92
161,42347,145,0.85
161,43713,145,0.79
161,45079,145,0.82
161,46445,145,0.84
161,47811,145,0.92
161,49177,145,1.0
161,50543,145,1.05
161,51909,145,1.05
161,53275,145,1.05
161,54641,145,1.03
161,56007,145,1.0
161,57373,145,0.96
161,58739,145,0.94
161,60105,145,0.91
161,61471,145,0.89
161,62837,145,0.87
161,64203,145,0.86
161,65535,145,0.84
161,1,161,0.74
161,1367,161,0.85
161,2733,161,1.07
161,4099,161,1.15
161,5465,161,1.23
161,6831,161,1.16
161,8197,161,1.14
161,9563,161,1.13
161,10929,161,1.1
161,12295,161,1.03
161,13661,161,0.92
161,15027,161,0.84
161,16393,161,0.79
161,17759,161,0.74
161,19125,161,0.69
161,20491,161,0.67
161,21857,161,0.62
161,23223,161,0.64
161,24589,161,0.66
161,25955,161,0.67
161,27321,161,0.7
161,28687,161,0.72
161,30053,161,0.76
161,31419,161,0.79
161,32785,161,0.83
161,34151,161,0.89
161,35517,161,0.97
161,36883,161,0.99
161,38249,161,1.0
161,39615,161,0.92
161,40981,161,0.86
161,42347,161,0.78
161,43713,161,0.73
161,45079,161,0.76
161,46445,161,0.81
161,47811,161,0.9
161,49177,161,0.99
161,50543,161,1.04
161,51909,161,1.03
161,53275,161,1.02
161,54641,161,0.93
161,56007,161,0.89
161,57373,161,0.86
161,58739,161,0.83
161,60105,161,0.82
161,61471,161,0.79
161,62837,161,0.77
161,64203,161,0.75
161,65535,161,0.73
161,1,177,0.67
161,1367,177,0.75
161,2733,177,0.88
161,4099,177,1.12
161,5465,177,1.29
161,6831,177,1.19
161,8197,177,1.14
161,9563,177,1.12
161,10929,177,1.11
161,12295,177,0.99
161,13661,177,0.89
161,15027,177,0.8
161,16393,177,0.75
161,17759,177,0.7
161,19125,177,0.65
161,20491,177,0.63
161,21857,177,0.59
161,23223,177,0.59
161,24589,177,0.62
161,25955,177,0.63
161,27321,177,0.64
161,28687,177,0.69
161,30053,177,0.72
161,31419,177,0.76
161,32785,177,0.8
161,34151,177,0.86
161,35517,177,0.95
161,36883,177,0.98
161,38249,177,0.96
161,39615,177,0.87
161,40981,177,0.8
161,42347,177,0.73
161,43713,177,0.68
161,45079,177,0.71
161,46445,177,0.79
161,47811,177,0.87
161,49177,177,0.98
161,50543,177,1.01
161,51909,177,1.0
161,53275,177,0.91
161,54641,177,0.85
161,56007,177,0.8
161,57373,177,0.78
161,58739,177,0.76
161,60105,177,0.74
161,61471,177,0.71
161,62837,177,0.7
161,64203,177,0.69
161,65535,177,0.66
161,1,193,0.63
161,1367,193,0.68
161,2733,193,0.78
161,4099,193,1.01
161,5465,193,1.17
161,6831,193,1.18
161,8197,193,1.15
161,9563,193,1.13
161,10929,193,1.11
161,12295,193,0.96
161,13661,193,0.87
161,15027,193,0.77
161,16393,193,0.72
161,17759,193,0.67
161,19125,193,0.63
161,20491,193,0.59
161,21857,193,0.56
161,23223,193,0.58
161,24589,193,0.59
161,25955,193,0.61
161,27321,193,0.62
161,28687,193,0.64
161,30053,193,0.67
161,31419,193,0.7
161,32785,193,0.74
161,34151,193,0.83
161,35517,193,0.91
161,36883,193,0.98
161,38249,193,0.91
161,39615,193,0.82
161,40981,193,0.75
161,42347,193,0.68
161,43713,193,0.64
161,45079,193,0.7
161,46445,193,0.78
161,47811,193,0.84
161,49177,193,0.94
161,50543,193,1.0
161,51909,193,0.93
161,53275,193,0.84
161,54641,193,0.79
161,56007,193,0.76
161,57373,193,0.73
161,58739,193,0.7
161,60105,193,0.69
161,61471,193,0.67
161,62837,193,0.64
161,64203,193,0.64
161,65535,193,0.64
161,1,209,0.6
161,1367,209,0.63
161,2733,209,0.72
161,4099,209,0.88
161,5465,209,1.15
161,6831,209,0.7
161,8197,209,1.16
161,9563,209,1.13
161,10929,209,1.11
161,12295,209,0.95
161,13661,209,0.85
161,15027,209,0.76
161,16393,209,0.7
161,17759,209,0.65
161,19125,209,0.61
161,20491,209,0.56
161,21857,209,0.56
161,23223,209,0.57
161,24589,209,0.59
161,25955,209,0.6
161,27321,209,0.61
161,28687,209,0.64
161,30053,209,0.67
161,31419,209,0.7
161,32785,209,0.74
161,34151,209,0.78
161,35517,209,0.84
161,36883,209,0.96
161,38249,209,0.85
161,39615,209,0.77
161,40981,209,0.7
161,42347,209,0.66
161,43713,209,0.6
161,45079,209,0.63
161,46445,209,0.68
161,47811,209,0.74
161,49177,209,0.82
161,50543,209,0.87
161,51909,209,0.81
161,53275,209,0.75
161,54641,209,0.7
161,56007,209,0.67
161,57373,209,0.68
161,58739,209,0.66
161,60105,209,0.65
161,61471,209,0.63
161,62837,209,0.61
161,64203,209,0.61
161,65535,209,0.6
161,1,225,0.55
161,1367,225,0.56
161,2733,225,0.61
161,4099,225,0.67
161,5465,225,0.8
161,6831,225,1.05
161,8197,225,1.09
161,9563,225,1.15
161,10929,225,1.08
161,12295,225,0.94
161,13661,225,0.83
161,15027,225,0.74
161,16393,225,0.68
161,17759,225,0.63
161,19125,225,0.58
161,20491,225,0.56
161,21857,225,0.56
161,23223,225,0.57
161,24589,225,0.58
161,25955,225,0.6
161,27321,225,0.61
161,28687,225,0.64
161,30053,225,0.66
161,31419,225,0.7
161,32785,225,0.74
161,34151,225,0.78
161,35517,225,0.86
161,36883,225,0.86
161,38249,225,0.8
161,39615,225,0.72
161,40981,225,0.66
161,42347,225,0.61
161,43713,225,0.59
161,45079,225,0.61
161,46445,225,0.66
161,47811,225,0.71
161,49177,225,0.79
161,50543,225,0.87
161,51909,225,0.81
161,53275,225,0.75
161,54641,225,0.71
161,56007,225,0.67
161,57373,225,0.65
161,58739,225,0.62
161,60105,225,0.61
161,61471,225,0.6
161,62837,225,0.59
161,64203,225,0.57
161,65535,225,0.55
161,1,241,0.55
161,1367,241,0.55
161,2733,241,0.57
161,4099,241,0.59
161,5465,241,0.63
161,6831,241,0.77
161,8197,241,0.95
161,9563,241,1.04
161,10929,241,1.05
161,12295,241,0.94
161,13661,241,0.81
161,15027,241,0.72
161,16393,241,0.66
161,17759,241,0.61
161,19125,241,0.56
161,20491,241,0.56
161,21857,241,0.55
161,23223,241,0.56
161,24589,241,0.57
161,25955,241,0.58
161,27321,241,0.6
161,28687,241,0.63
161,30053,241,0.66
161,31419,241,0.69
161,32785,241,0.73
161,34151,241,0.79
161,35517,241,0.86
161,36883,241,0.83
161,38249,241,0.72
161,39615,241,0.69
161,40981,241,0.63
161,42347,241,0.59
161,43713,241,0.58
161,45079,241,0.6
161,46445,241,0.64
161,47811,241,0.69
161,49177,241,0.76
161,50543,241,0.87
161,51909,241,0.82
161,53275,241,0.76
161,54641,241,0.71
161,56007,241,0.67
161,57373,241,0.64
161,58739,241,0.62
161,60105,241,0.59
161,61471,241,0.56
161,62837,241,0.55
161,64203,241,0.57
161,65535,241,0.54
161,1,255,0.69
161,1367,255,0.69
161,2733,255,0.71
161,4099,255,0.73
161,5465,255,0.79
161,6831,255,0.86
161,8197,255,0.94
161,9563,255,1.06
161,10929,255,1.17
161,12295,255,1.15
161,13661,255,1.02
161,15027,255,0.88
161,16393,255,0.82
161,17759,255,0.76
161,19125,255,0.71
161,20491,255,0.69
161,21857,255,0.69
161,23223,255,0.69
161,24589,255,0.7
161,25955,255,0.71
161,27321,255,0.73
161,28687,255,0.76
161,30053,255,0.78
161,31419,255,0.82
161,32785,255,0.87
161,34151,255,0.93
161,35517,255,1.04
161,36883,255,1.15
161,38249,255,0.96
161,39615,255,0.83
161,40981,255,0.73
161,42347,255,0.68
161,43713,255,0.67
161,45079,255,0.68
161,46445,255,0.75
161,47811,255,0.83
161,49177,255,0.97
161,50543,255,1.15
161,51909,255,1.04
161,53275,255,0.94
161,54641,255,0.87
161,56007,255,0.82
161,57373,255,0.78
161,58739,255,0.75
161,60105,255,0.73
161,61471,255,0.71
161,62837,255,0.7
161,64203,255,0.68
161,65535,255,0.69
177,1,1,1.55
177,1367,1,1.53
177,2733,1,1.54
177,4099,1,1.53
177,5465,1,1.52
177,6831,1,1.53
177,8197,1,1.53
177,9563,1,1.53
177,10929,1,1.53
177,12295,1,1.54
177,13661,1,1.54
177,15027,1,1.54
177,16393,1,1.52
177,17759,1,1.53
177,19125,1,1.55
177,20491,1,1.53
177,21857,1,1.54
177,23223,1,1.53
177,24589,1,1.53
177,25955,1,1.53
177,27321,1,1.53
177,28687,1,1.54
177,30053,1,1.53
177,31419,1,1.52
177,32785,1,1.52
177,34151,1,1.53
177,35517,1,1.54
177,36883,1,1.54
177,38249,1,1.54
177,39615,1,1.54
177,40981,1,1.55
177,42347,1,1.53
177,43713,1,1.54
177,45079,1,1.53
177,46445,1,1.53
177,47811,1,1.53
177,49177,1,1.54
177,50543,1,1.54
177,51909,1,1.53
177,53275,1,1.53
177,54641,1,1.53
177,56007,1,1.53
177,57373,1,1.53
177,58739,1,1.53
177,60105,1,1.54
177,61471,1,1.53
177,62837,1,1.53
177,64203,1,1.53
177,65535,1,1.53
177,1,17,1.55
177,1367,17,1.57
177,2733,17,1.56
177,4099,17,1.56
177,5465,17,1.57
177,6831,17,1.55
177,8197,17,1.55
177,9563,17,1.42
177,10929,17,1.43
177,12295,17,1.42
177,13661,17,1.42
177,15027,17,1.42
177,16393,17,1.42
177,17759,17,1.43
177,19125,17,1.42
177,20491,17,1.41
177,21857,17,1.41
177,23223,17,1.41
177,24589,17,1.41
177,25955,17,1.41
177,27321,17,1.4
177,28687,17,1.41
177,30053,17,1.42
177,31419,17,1.41
177,32785,17,1.41
177,34151,17,1.41
177,35517,17,1.4
177,36883,17,1.42
177,38249,17,1.41
177,39615,17,1.42
177,40981,17,1.43
177,42347,17,1.43
177,43713,17,1.42
177,45079,17,1.42
177,46445,17,1.52
177,47811,17,1.54
177,49177,17,1.53
177,50543,17,1.53
177,51909,17,1.42
177,53275,17,1.44
177,54641,17,1.43
177,56007,17,1.43
177,57373,17,1.43
177,58739,17,1.43
177,60105,17,1.43
177,61471,17,1.44
177,62837,17,1.56
177,64203,17,1.55
177,65535,17,1.56
177,1,33,1.45
177,1367,33,1.44
177,2733,33,1.44
177,4099,33,1.56
177,5465,33,1.57
177,6831,33,1.56
177,8197,33,1.44
177,9563,33,1.43
177,10929,33,1.44
177,12295,33,1.43
177,13661,33,1.43
177,15027,33,1.42
177,16393,33,1.41
177,17759,33,1.42
177,19125,33,1.42
177,20491,33,1.41
177,21857,33,1.41
177,23223,33,1.42
177,24589,33,1.4
177,25955,33,1.41
177,27321,33,1.4
177,28687,33,1.4
177,30053,33,1.4
177,31419,33,1.4
177,32785,33,1.42
177,34151,33,1.41
177,35517,33,1.41
177,36883,33,1.42
177,38249,33,1.41
177,39615,33,1.41
177,40981,33,1.42
177,42347,33,1.43
177,43713,33,1.42
177,45079,33,1.42
177,46445,33,1.42
177,47811,33,1.43
177,49177,33,1.43
177,50543,33,1.43
177,51909,33,1.44
177,53275,33,1.45
177,54641,33,1.44
177,56007,33,1.44
177,57373,33,1.44
177,58739,33,1.46
177,60105,33,1.44
177,61471,33,1.44
177,62837,33,1.45
177,64203,33,1.46
177,65535,33,1.46
177,1,49,1.47
177,1367,49,1.49
177,2733,49,1.47
177,4099,49,1.46
177,5465,49,1.58
177,6831,49,1.59
177,8197,49,1.45
177,9563,49,1.44
177,10929,49,1.45
177,12295,49,1.43
177,13661,49,1.43
177,15027,49,1.42
177,16393,49,1.42
177,17759,49,1.42
177,19125,49,1.42
177,20491,49,1.42
177,21857,49,1.37
177,23223,49,1.4
177,24589,49,1.4
177,25955,49,1.41
177,27321,49,1.4
177,28687,49,1.4
177,30053,49,1.39
177,31419,49,1.39
177,32785,49,1.4
177,34151,49,1.4
177,35517,49,1.39
177,36883,49,1.4
177,38249,49,1.4
177,39615,49,1.41
177,40981,49,1.41
177,42347,49,1.42
177,43713,49,1.41
177,45079,49,1.42
177,46445,49,1.43
177,47811,49,1.43
177,49177,49,1.43
177,50543,49,1.44
177,51909,49,1.45
177,53275,49,1.46
177,54641,49,1.47
177,56007,49,1.46
177,57373,49,1.46
177,58739,49,1.47
177,60105,49,1.47
177,61471,49,1.47
177,62837,49,1.48
177,64203,49,1.48
177,65535,49,1.47
177,1,65,1.5
177,1367,65,1.49
177,2733,65,1.48
177,4099,65,1.48
177,5465,65,1.58
177,6831,65,1.58
177,8197,65,1.45
177,9563,65,1.44
177,10929,65,1.45
177,12295,65,1.44
177,13661,65,1.44
177,15027,65,1.42
177,16393,65,1.41
177,17759,65,1.41
177,19125,65,1.34
177,20491,65,1.29
177,21857,65,1.26
177,23223,65,1.28
177,24589,65,1.29
177,25955,65,1.31
177,27321,65,1.34
177,28687,65,1.36
177,30053,65,1.39
177,31419,65,1.38
177,32785,65,1.38
177,34151,65,1.38
177,35517,65,1.39
177,36883,65,1.39
177,38249,65,1.39
177,39615,65,1.4
177,40981,65,1.41
177,42347,65,1.4
177,43713,65,1.41
177,45079,65,1.42
177,46445,65,1.42
177,47811,65,1.43
177,49177,65,1.45
177,50543,65,1.45
177,51909,65,1.47
177,53275,65,1.47
177,54641,65,1.48
177,56007,65,1.5
177,57373,65,1.5
177,58739,65,1.49
177,60105,65,1.5
177,61471,65,1.5
177,62837,65,1.51
177,64203,65,1.49
177,65535,65,1.49
177,1,81,1.52
177,1367,81,1.5
177,2733,81,1.49
177,4099,81,1.5
177,5465,81,1.62
177,6831,81,1.57
177,8197,81,1.46
177,9563,81,1.45
177,10929,81,1.44
177,12295,81,1.44
177,13661,81,1.42
177,15027,81,1.42
177,16393,81,1.36
177,17759,81,1.29
177,19125,81,1.24
177,20491,81,1.2
177,21857,81,1.15
177,23223,81,1.17
177,24589,81,1.2
177,25955,81,1.2
177,27321,81,1.24
177,28687,81,1.29
177,30053,81,1.3
177,31419,81,1.32
177,32785,81,1.35
177,34151,81,1.39
177,35517,81,1.38
177,36883,81,1.39
177,38249,81,1.39
177,39615,81,1.4
177,40981,81,1.41
177,42347,81,1.41
177,43713,81,1.4
177,45079,81,1.42
177,46445,81,1.44
177,47811,81,1.45
177,49177,81,1.45
177,50543,81,1.47
177,51909,81,1.48
177,53275,81,1.5
177,54641,81,1.51
177,56007,81,1.51
177,57373,81,1.52
177,58739,81,1.5
177,60105,81,1.51
177,61471,81,1.52
177,62837,81,1.52
177,64203,81,1.53
177,65535,81,1.54
177,1,97,1.49
177,1367,97,1.56
177,2733,97,1.53
177,4099,97,1.5
177,5465,97,1.64
177,6831,97,1.62
177,8197,97,1.47
177,9563,97,1.46
177,10929,97,1.46
177,12295,97,1.44
177,13661,97,1.43
177,15027,97,1.33
177,16393,97,1.27
177,17759,97,1.22
177,19125,97,1.16
177,20491,97,1.1
177,21857,97,1.07
177,23223,97,1.08
177,24589,97,1.12
177,25955,97,1.12
177,27321,97,1.14
177,28687,97,1.19
177,30053,97,1.22
177,31419,97,1.26
177,32785,97,1.29
177,34151,97,1.36
177,35517,97,1.36
177,36883,97,1.38
177,38249,97,1.39
177,39615,97,1.38
177,40981,97,1.38
177,42347,97,1.41
177,43713,97,1.37
177,45079,97,1.39
177,46445,97,1.44
177,47811,97,1.46
177,49177,97,1.47
177,50543,97,1.49
177,51909,97,1.5
177,53275,97,1.5
177,54641,97,1.46
177,56007,97,1.47
177,57373,97,1.47
177,58739,97,1.48
177,60105,97,1.49
177,61471,97,1.49
177,62837,97,1.5
177,64203,97,1.51
177,65535,97,1.5
177,1,113,1.45
177,1367,113,1.5
177,2733,113,1.55
177,4099,113,1.53
177,5465,113,1.65
177,6831,113,1.64
177,8197,113,1.48
177,9563,113,1.46
177,10929,113,1.46
177,12295,113,1.44
177,13661,113,1.37
177,15027,113,1.26
177,16393,113,1.21
177,17759,113,1.14
177,19125,113,1.08
177,20491,113,1.04
177,21857,113,1.01
177,23223,113,1.02
177,24589,113,1.04
177,25955,113,1.05
177,27321,113,1.09
177,28687,113,1.13
177,30053,113,1.15
177,31419,113,1.18
177,32785,113,1.23
177,34151,113,1.3
177,35517,113,1.36
177,36883,113,1.35
177,38249,113,1.37
177,39615,113,1.38
177,40981,113,1.38
177,42347,113,1.33
177,43713,113,1.25
177,45079,113,1.28
177,46445,113,1.33
177,47811,113,1.36
177,49177,113,1.4
177,50543,113,1.45
177,51909,113,1.46
177,53275,113,1.43
177,54641,113,1.41
177,56007,113,1.42
177,57373,113,1.43
177,58739,113,1.43
177,60105,113,1.43
177,61471,113,1.43
177,62837,113,1.45
177,64203,113,1.45
177,65535,113,1.46
177,1,129,1.33
177,1367,129,1.46
177,2733,129,1.51
177,4099,129,1.57
177,5465,129,1.66
177,6831,129,1.64
177,8197,129,1.5
177,9563,129,1.48
177,10929,129,1.46
177,12295,129,1.44
177,13661,129,1.32
177,15027,129,1.21
177,16393,129,1.13
177,17759,129,1.08
177,19125,129,1.03
177,20491,129,0.99
177,21857,129,0.95
177,23223,129,0.97
177,24589,129,0.98
177,25955,129,1.0
177,27321,129,1.03
177,28687,129,1.07
177,30053,129,1.11
177,31419,129,1.14
177,32785,129,1.18
177,34151,129,1.26
177,35517,129,1.35
177,36883,129,1.36
177,38249,129,1.36
177,39615,129,1.37
177,40981,129,1.31
177,42347,129,1.22
177,43713,129,1.16
177,45079,129,1.18
177,46445,129,1.21
177,47811,129,1.25
177,49177,129,1.33
177,50543,129,1.44
177,51909,129,1.42
177,53275,129,1.4
177,54641,129,1.39
177,56007,129,1.39
177,57373,129,1.39
177,58739,129,1.4
177,60105,129,1.39
177,61471,129,1.41
177,62837,129,1.4
177,64203,129,1.37
177,65535,129,1.33
177,1,145,1.11
177,1367,145,1.33
177,2733,145,1.47
177,4099,145,1.55
177,5465,145,1.68
177,6831,145,1.51
177,8197,145,1.48
177,9563,145,1.48
177,10929,145,1.46
177,12295,145,1.4
177,13661,145,1.29
177,15027,145,1.16
177,16393,145,1.09
177,17759,145,1.02
177,19125,145,0.96
177,20491,145,0.93
177,21857,145,0.88
177,23223,145,0.9
177,24589,145,0.93
177,25955,145,0.96
177,27321,145,0.97
177,28687,145,1.02
177,30053,145,1.05
177,31419,145,1.1
177,32785,145,1.15
177,34151,145,1.22
177,35517,145,1.3
177,36883,145,1.35
177,38249,145,1.36
177,39615,145,1.32
177,40981,145,1.23
177,42347,145,1.12
177,43713,145,1.06
177,45079,145,1.09
177,46445,145,1.13
177,47811,145,1.21
177,49177,145,1.33
177,50543,145,1.41
177,51909,145,1.38
177,53275,145,1.37
177,54641,145,1.37
177,56007,145,1.33
177,57373,145,1.26
177,58739,145,1.25
177,60105,145,1.2
177,61471,145,1.18
177,62837,145,1.15
177,64203,145,1.13
177,65535,145,1.11
177,1,161,0.97
177,1367,161,1.11
177,2733,161,1.41
177,4099,161,1.5
177,5465,161,1.63
177,6831,161,1.53
177,8197,161,1.49
177,9563,161,1.47
177,10929,161,1.47
177,12295,161,1.36
177,13661,161,1.23
177,15027,161,1.11
177,16393,161,1.04
177,17759,161,0.97
177,19125,161,0.92
177,20491,161,0.87
177,21857,161,0.84
177,23223,161,0.84
177,24589,161,0.87
177,25955,161,0.9
177,27321,161,0.93
177,28687,161,0.97
177,30053,161,1.02
177,31419,161,1.06
177,32785,161,1.11
177,34151,161,1.19
177,35517,161,1.28
177,36883,161,1.33
177,38249,161,1.36
177,39615,161,1.26
177,40981,161,1.14
177,42347,161,1.05
177,43713,161,0.97
177,45079,161,1.01
177,46445,161,1.07
177,47811,161,1.19
177,49177,161,1.3
177,50543,161,1.37
177,51909,161,1.35
177,53275,161,1.34
177,54641,161,1.22
177,56007,161,1.17
177,57373,161,1.13
177,58739,161,1.1
177,60105,161,1.06
177,61471,161,1.04
177,62837,161,1.01
177,64203,161,0.99
177,65535,161,0.97
177,1,177,0.88
177,1367,177,0.98
177,2733,177,1.18
177,4099,177,1.49
177,5465,177,1.72
177,6831,177,1.55
177,8197,177,1.51
177,9563,177,1.5
177,10929,177,1.47
177,12295,177,1.32
177,13661,177,1.18
177,15027,177,1.08
177,16393,177,0.99
177,17759,177,0.94
177,19125,177,0.87
177,20491,177,0.82
177,21857,177,0.78
177,23223,177,0.8
177,24589,177,0.82
177,25955,177,0.85
177,27321,177,0.87
177,28687,177,0.93
177,30053,177,0.97
177,31419,177,1.01
177,32785,177,1.08
177,34151,177,1.16
177,35517,177,1.26
177,36883,177,1.33
177,38249,177,1.29
177,39615,177,1.16
177,40981,177,1.06
177,42347,177,0.97
177,43713,177,0.91
177,45079,177,0.94
177,46445,177,1.05
177,47811,177,1.16
177,49177,177,1.29
177,50543,177,1.34
177,51909,177,1.32
177,53275,177,1.22
177,54641,177,1.12
177,56007,177,1.06
177,57373,177,1.03
177,58739,177,1.0
177,60105,177,0.97
177,61471,177,0.94
177,62837,177,0.94
177,64203,177,0.91
177,65535,177,0.88
177,1,193,0.84
177,1367,193,0.9
177,2733,193,1.03
177,4099,193,1.35
177,5465,193,1.54
177,6831,193,1.58
177,8197,193,1.51
177,9563,193,1.48
177,10929,193,1.47
177,12295,193,1.29
177,13661,193,1.16
177,15027,193,1.03
177,16393,193,0.96
177,17759,193,0.89
177,19125,193,0.82
177,20491,193,0.8
177,21857,193,0.72
177,23223,193,0.74
177,24589,193,0.76
177,25955,193,0.77
177,27321,193,0.8
177,28687,193,0.83
177,30053,193,0.87
177,31419,193,0.91
177,32785,193,1.02
177,34151,193,1.12
177,35517,193,1.24
177,36883,193,1.31
177,38249,193,1.22
177,39615,193,1.09
177,40981,193,0.99
177,42347,193,0.9
177,43713,193,0.84
177,45079,193,0.91
177,46445,193,1.01
177,47811,193,1.13
177,49177,193,1.25
177,50543,193,1.31
177,51909,193,1.24
177,53275,193,1.12
177,54641,193,1.05
177,56007,193,0.99
177,57373,193,0.97
177,58739,193,0.93
177,60105,193,0.9
177,61471,193,0.87
177,62837,193,0.86
177,64203,193,0.83
177,65535,193,0.82
177,1,209,0.78
177,1367,209,0.85
177,2733,209,0.95
177,4099,209,1.16
177,5465,209,1.5
177,6831,209,0.91
177,8197,209,1.52
177,9563,209,1.49
177,10929,209,1.47
177,12295,209,1.26
177,13661,209,1.11
177,15027,209,1.01
177,16393,209,0.92
177,17759,209,0.87
177,19125,209,0.8
177,20491,209,0.75
177,21857,209,0.71
177,23223,209,0.73
177,24589,209,0.74
177,25955,209,0.77
177,27321,209,0.79
177,28687,209,0.82
177,30053,209,0.86
177,31419,209,0.9
177,32785,209,0.95
177,34151,209,1.02
177,35517,209,1.22
177,36883,209,1.3
177,38249,209,1.15
177,39615,209,1.02
177,40981,209,0.95
177,42347,209,0.85
177,43713,209,0.82
177,45079,209,0.87
177,46445,209,0.95
177,47811,209,1.06
177,49177,209,1.19
177,50543,209,1.27
177,51909,209,1.07
177,53275,209,0.99
177,54641,209,0.92
177,56007,209,0.91
177,57373,209,0.91
177,58739,209,0.88
177,60105,209,0.85
177,61471,209,0.83
177,62837,209,0.8
177,64203,209,0.79
177,65535,209,0.77
177,1,225,0.75
177,1367,225,0.79
177,2733,225,0.85
177,4099,225,0.93
177,5465,225,1.15
177,6831,225,1.41
177,8197,225,1.44
177,9563,225,1.48
177,10929,225,1.46
177,12295,225,1.25
177,13661,225,1.11
177,15027,225,0.98
177,16393,225,0.9
177,17759,225,0.85
177,19125,225,0.77
177,20491,225,0.7
177,21857,225,0.7
177,23223,225,0.71
177,24589,225,0.73
177,25955,225,0.74
177,27321,225,0.77
177,28687,225,0.81
177,30053,225,0.84
177,31419,225,0.89
177,32785,225,0.94
177,34151,225,1.01
177,35517,225,1.14
177,36883,225,1.18
177,38249,225,1.08
177,39615,225,0.97
177,40981,225,0.87
177,42347,225,0.81
177,43713,225,0.76
177,45079,225,0.79
177,46445,225,0.85
177,47811,225,0.93
177,49177,225,1.05
177,50543,225,1.19
177,51909,225,1.09
177,53275,225,1.0
177,54641,225,0.93
177,56007,225,0.88
177,57373,225,0.83
177,58739,225,0.8
177,60105,225,0.78
177,61471,225,0.79
177,62837,225,0.78
177,64203,225,0.76
177,65535,225,0.76
177,1,241,0.7
177,1367,241,0.71
177,2733,241,0.73
177,4099,241,0.75
177,5465,241,0.92
177,6831,241,1.07
177,8197,241,1.3
177,9563,241,1.36
177,10929,241,1.39
177,12295,241,1.24
177,13661,241,1.08
177,15027,241,0.96
177,16393,241,0.87
177,17759,241,0.82
177,19125,241,0.75
177,20491,241,0.7
177,21857,241,0.7
177,23223,241,0.7
177,24589,241,0.72
177,25955,241,0.74
177,27321,241,0.77
177,28687,241,0.8
177,30053,241,0.84
177,31419,241,0.89
177,32785,241,0.95
177,34151,241,1.02
177,35517,241,1.17
177,36883,241,1.15
177,38249,241,0.96
177,39615,241,0.92
177,40981,241,0.86
177,42347,241,0.77
177,43713,241,0.73
177,45079,241,0.77
177,46445,241,0.83
177,47811,241,0.9
177,49177,241,1.01
177,50543,241,1.18
177,51909,241,1.11
177,53275,241,1.0
177,54641,241,0.93
177,56007,241,0.87
177,57373,241,0.82
177,58739,241,0.78
177,60105,241,0.77
177,61471,241,0.73
177,62837,241,0.71
177,64203,241,0.73
177,65535,241,0.7
177,1,255,0.89
177,1367,255,0.9
177,2733,255,0.93
177,4099,255,0.97
177,5465,255,1.05
177,6831,255,1.14
177,8197,255,1.25
177,9563,255,1.41
177,10929,255,1.57
177,12295,255,1.54
177,13661,255,1.36
177,15027,255,1.17
177,16393,255,1.07
177,17759,255,0.97
177,19125,255,0.91
177,20491,255,0.88
177,21857,255,0.87
177,23223,255,0.87
177,24589,255,0.88
177,25955,255,0.9
177,27321,255,0.92
177,28687,255,0.95
177,30053,255,1.0
177,31419,255,1.05
177,32785,255,1.14
177,34151,255,1.25
177,35517,255,1.4
177,36883,255,1.55
177,38249,255,1.31
177,39615,255,1.11
177,40981,255,0.98
177,42347,255,0.89
177,43713,255,0.87
177,45079,255,0.89
177,46445,255,0.97
177,47811,255,1.11
177,49177,255,1.31
177,50543,255,1.56
177,51909,255,1.39
177,53275,255,1.26
177,54641,255,1.18
177,56007,255,1.1
177,57373,255,1.04
177,58739,255,1.01
177,60105,255,0.97
177,61471,255,0.93
177,62837,255,0.92
177,64203,255,0.91
177,65535,255,0.9
193,1,1,2.04
193,1367,1,2.04
193,2733,1,2.04
193,4099,1,2.04
193,5465,1,2.04
193,6831,1,2.04
193,8197,1,2.04
193,9563,1,2.03
193,10929,1,2.04
193,12295,1,2.04
193,13661,1,2.04
193,15027,1,2.04
193,16393,1,2.04
193,17759,1,2.04
193,19125,1,2.04
193,20491,1,2.04
193,21857,1,2.04
193,23223,1,2.04
193,24589,1,2.04
193,25955,1,2.04
193,27321,1,2.04
193,28687,1,2.03
193,30053,1,2.04
193,31419,1,2.04
193,32785,1,2.04
193,34151,1,2.03
193,35517,1,2.04
193,36883,1,2.03
193,38249,1,2.04
193,39615,1,2.04
193,40981,1,2.04
193,42347,1,2.04
193,43713,1,2.04
193,45079,1,2.03
193,46445,1,2.04
193,47811,1,2.04
193,49177,1,2.04
193,50543,1,2.04
193,51909,1,2.03
193,53275,1,2.04
193,54641,1,2.04
193,56007,1,2.04
193,57373,1,2.04
193,58739,1,2.04
193,60105,1,2.04
193,61471,1,2.04
193,62837,1,2.04
193,64203,1,2.04
193,65535,1,2.04
193,1,17,2.06
193,1367,17,2.07
193,2733,17,2.06
193,4099,17,2.06
193,5465,17,2.07
193,6831,17,2.07
193,8197,17,2.07
193,9563,17,1.9
193,10929,17,1.9
193,12295,17,1.92
193,13661,17,1.89
193,15027,17,1.89
193,16393,17,1.88
193,17759,17,1.88
193,19125,17,1.88
193,20491,17,1.89
193,21857,17,1.88
193,23223,17,1.88
193,24589,17,1.88
193,25955,17,1.88
193,27321,17,1.88
193,28687,17,1.88
193,30053,17,1.88
193,31419,17,1.88
193,32785,17,1.88
193,34151,17,1.88
193,35517,17,1.88
193,36883,17,1.88
193,38249,17,1.88
193,39615,17,1.89
193,40981,17,1.89
193,42347,17,1.89
193,43713,17,1.88
193,45079,17,1.88
193,46445,17,2.03
193,47811,17,2.03
193,49177,17,2.04
193,50543,17,2.03
193,51909,17,1.89
193,53275,17,1.9
193,54641,17,1.91
193,56007,17,1.9
193,57373,17,1.91
193,58739,17,1.89
193,60105,17,1.89
193,61471,17,1.9
193,62837,17,2.06
193,64203,17,2.06
193,65535,17,2.06
193,1,33,1.91
193,1367,33,1.91
193,2733,33,1.93
193,4099,33,2.07
193,5465,33,2.07
193,6831,33,2.07
193,8197,33,1.9
193,9563,33,1.9
193,10929,33,1.89
193,12295,33,1.9
193,13661,33,1.88
193,15027,33,1.89
193,16393,33,1.89
193,17759,33,1.88
193,19125,33,1.88
193,20491,33,1.88
193,21857,33,1.89
193,23223,33,1.87
193,24589,33,1.87
193,25955,33,1.87
193,27321,33,1.87
193,28687,33,1.87
193,30053,33,1.87
193,31419,33,1.86
193,32785,33,1.86
193,34151,33,1.86
193,35517,33,1.87
193,36883,33,1.87
193,38249,33,1.87
193,39615,33,1.87
193,40981,33,1.88
193,42347,33,1.88
193,43713,33,1.88
193,45079,33,1.89
193,46445,33,1.89
193,47811,33,1.89
193,49177,33,1.91
193,50543,33,1.9
193,51909,33,1.91
193,53275,33,1.9
193,54641,33,1.92
193,56007,33,1.92
193,57373,33,1.92
193,58739,33,1.92
193,60105,33,1.92
193,61471,33,1.92
193,62837,33,1.91
193,64203,33,1.91
193,65535,33,1.9
193,1,49,1.93
193,1367,49,1.92
193,2733,49,1.92
193,4099,49,1.91
193,5465,49,2.07
193,6831,49,2.08
193,8197,49,1.91
193,9563,49,1.91
193,10929,49,1.9
193,12295,49,1.89
193,13661,49,1.9
193,15027,49,1.89
193,16393,49,1.89
193,17759,49,1.88
193,19125,49,1.88
193,20491,49,1.87
193,21857,49,1.85
193,23223,49,1.86
193,24589,49,1.87
193,25955,49,1.87
193,27321,49,1.87
193,28687,49,1.87
193,30053,49,1.86
193,31419,49,1.86
193,32785,49,1.86
193,34151,49,1.86
193,35517,49,1.86
193,36883,49,1.86
193,38249,49,1.86
193,39615,49,1.87
193,40981,49,1.87
193,42347,49,1.87
193,43713,49,1.88
193,45079,49,1.88
193,46445,49,1.88
193,47811,49,1.89
193,49177,49,1.91
193,50543,49,1.91
193,51909,49,1.92
193,53275,49,1.92
193,54641,49,1.92
193,56007,49,1.92
193,57373,49,1.91
193,58739,49,1.91
193,60105,49,1.93
193,61471,49,1.92
193,62837,49,1.92
193,64203,49,1.93
193,65535,49,1.94
193,1,65,1.96
193,1367,65,1.95
193,2733,65,1.94
193,4099,65,1.93
193,5465,65,2.08
193,6831,65,2.08
193,8197,65,1.91
193,9563,65,1.92
193,10929,65,1.91
193,12295,65,1.91
193,13661,65,1.89
193,15027,65,1.89
193,16393,65,1.88
193,17759,65,1.87
193,19125,65,1.79
193,20491,65,1.73
193,21857,65,1.69
193,23223,65,1.69
193,24589,65,1.71
193,25955,65,1.75
193,27321,65,1.77
193,28687,65,1.81
193,30053,65,1.84
193,31419,65,1.85
193,32785,65,1.85
193,34151,65,1.85
193,35517,65,1.85
193,36883,65,1.84
193,38249,65,1.85
193,39615,65,1.85
193,40981,65,1.86
193,42347,65,1.87
193,43713,65,1.88
193,45079,65,1.87
193,46445,65,1.88
193,47811,65,1.91
193,49177,65,1.92
193,50543,65,1.92
193,51909,65,1.93
193,53275,65,1.92
193,54641,65,1.94
193,56007,65,1.94
193,57373,65,1.93
193,58739,65,1.95
193,60105,65,1.95
193,61471,65,1.95
193,62837,65,1.96
193,64203,65,1.95
193,65535,65,1.96
193,1,81,2.0
193,1367,81,1.98
193,2733,81,1.98
193,4099,81,1.94
193,5465,81,2.11
193,6831,81,2.09
193,8197,81,1.9
193,9563,81,1.92
193,10929,81,1.9
193,12295,81,1.91
193,13661,81,1.9
193,15027,81,1.89
193,16393,81,1.81
193,17759,81,1.73
193,19125,81,1.65
193,20491,81,1.58
193,21857,81,1.53
193,23223,81,1.55
193,24589,81,1.59
193,25955,81,1.61
193,27321,81,1.65
193,28687,81,1.69
193,30053,81,1.72
193,31419,81,1.75
193,32785,81,1.82
193,34151,81,1.84
193,35517,81,1.84
193,36883,81,1.84
193,38249,81,1.85
193,39615,81,1.84
193,40981,81,1.86
193,42347,81,1.87
193,43713,81,1.87
193,45079,81,1.88
193,46445,81,1.89
193,47811,81,1.91
193,49177,81,1.92
193,50543,81,1.94
193,51909,81,1.95
193,53275,81,1.96
193,54641,81,1.98
193,56007,81,1.99
193,57373,81,1.99
193,58739,81,1.99
193,60105,81,2.0
193,61471,81,1.98
193,62837,81,2.0
193,64203,81,2.0
193,65535,81,2.0
193,1,97,1.96
193,1367,97,2.03
193,2733,97,1.99
193,4099,97,1.96
193,5465,97,2.12
193,6831,97,2.1
193,8197,97,1.93
193,9563,97,1.92
193,10929,97,1.92
193,12295,97,1.92
193,13661,97,1.9
193,15027,97,1.78
193,16393,97,1.7
193,17759,97,1.62
193,19125,97,1.53
193,20491,97,1.48
193,21857,97,1.42
193,23223,97,1.44
193,24589,97,1.47
193,25955,97,1.49
193,27321,97,1.53
193,28687,97,1.58
193,30053,97,1.62
193,31419,97,1.66
193,32785,97,1.73
193,34151,97,1.82
193,35517,97,1.84
193,36883,97,1.83
193,38249,97,1.83
193,39615,97,1.85
193,40981,97,1.85
193,42347,97,1.86
193,43713,97,1.85
193,45079,97,1.89
193,46445,97,1.9
193,47811,97,1.94
193,49177,97,1.94
193,50543,97,1.95
193,51909,97,1.97
193,53275,97,1.96
193,54641,97,1.94
193,56007,97,1.92
193,57373,97,1.92
193,58739,97,1.93
193,60105,97,1.93
193,61471,97,1.94
193,62837,97,1.95
193,64203,97,1.96
193,65535,97,1.96
193,1,113,1.9
193,1367,113,1.95
193,2733,113,2.04
193,4099,113,2.0
193,5465,113,2.17
193,6831,113,2.12
193,8197,113,1.93
193,9563,113,1.93
193,10929,113,1.94
193,12295,113,1.92
193,13661,113,1.84
193,15027,113,1.7
193,16393,113,1.6
193,17759,113,1.52
193,19125,113,1.43
193,20491,113,1.38
193,21857,113,1.32
193,23223,113,1.34
193,24589,113,1.38
193,25955,113,1.4
193,27321,113,1.45
193,28687,113,1.5
193,30053,113,1.53
193,31419,113,1.58
193,32785,113,1.65
193,34151,113,1.76
193,35517,113,1.82
193,36883,113,1.82
193,38249,113,1.83
193,39615,113,1.83
193,40981,113,1.85
193,42347,113,1.8
193,43713,113,1.68
193,45079,113,1.72
193,46445,113,1.78
193,47811,113,1.82
193,49177,113,1.87
193,50543,113,1.92
193,51909,113,1.94
193,53275,113,1.9
193,54641,113,1.88
193,56007,113,1.88
193,57373,113,1.87
193,58739,113,1.88
193,60105,113,1.89
193,61471,113,1.9
193,62837,113,1.9
193,64203,113,1.91
193,65535,113,1.9
193,1,129,1.76
193,1367,129,1.91
193,2733,129,1.96
193,4099,129,2.04
193,5465,129,2.17
193,6831,129,2.16
193,8197,129,1.95
193,9563,129,1.92
193,10929,129,1.92
193,12295,129,1.92
193,13661,129,1.76
193,15027,129,1.62
193,16393,129,1.51
193,17759,129,1.43
193,19125,129,1.35
193,20491,129,1.28
193,21857,129,1.23
193,23223,129,1.27
193,24589,129,1.3
193,25955,129,1.32
193,27321,129,1.37
193,28687,129,1.42
193,30053,129,1.46
193,31419,129,1.5
193,32785,129,1.58
193,34151,129,1.7
193,35517,129,1.81
193,36883,129,1.82
193,38249,129,1.82
193,39615,129,1.82
193,40981,129,1.79
193,42347,129,1.65
193,43713,129,1.54
193,45079,129,1.57
193,46445,129,1.62
193,47811,129,1.68
193,49177,129,1.79
193,50543,129,1.91
193,51909,129,1.87
193,53275,129,1.85
193,54641,129,1.84
193,56007,129,1.83
193,57373,129,1.84
193,58739,129,1.85
193,60105,129,1.86
193,61471,129,1.87
193,62837,129,1.84
193,64203,129,1.81
193,65535,129,1.76
193,1,145,1.45
193,1367,145,1.75
193,2733,145,1.92
193,4099,145,2.0
193,5465,145,2.18
193,6831,145,1.97
193,8197,145,1.96
193,9563,145,1.93
193,10929,145,1.93
193,12295,145,1.87
193,13661,145,1.7
193,15027,145,1.54
193,16393,145,1.44
193,17759,145,1.35
193,19125,145,1.28
193,20491,145,1.23
193,21857,145,1.18
193,23223,145,1.18
193,24589,145,1.22
193,25955,145,1.26
193,27321,145,1.3
193,28687,145,1.36
193,30053,145,1.4
193,31419,145,1.45
193,32785,145,1.53
193,34151,145,1.65
193,35517,145,1.76
193,36883,145,1.81
193,38249,145,1.81
193,39615,145,1.81
193,40981,145,1.67
193,42347,145,1.5
193,43713,145,1.39
193,45079,145,1.44
193,46445,145,1.5
193,47811,145,1.6
193,49177,145,1.76
193,50543,145,1.86
193,51909,145,1.83
193,53275,145,1.82
193,54641,145,1.82
193,56007,145,1.76
193,57373,145,1.7
193,58739,145,1.65
193,60105,145,1.6
193,61471,145,1.55
193,62837,145,1.52
193,64203,145,1.49
193,65535,145,1.45
193,1,161,1.27
193,1367,161,1.47
193,2733,161,1.88
193,4099,161,1.97
193,5465,161,2.16
193,6831,161,2.0
193,8197,161,1.98
193,9563,161,1.95
193,10929,161,1.94
193,12295,161,1.82
193,13661,161,1.63
193,15027,161,1.48
193,16393,161,1.38
193,17759,161,1.3
193,19125,161,1.22
193,20491,161,1.17
193,21857,161,1.12
193,23223,161,1.14
193,24589,161,1.17
193,25955,161,1.2
193,27321,161,1.24
193,28687,161,1.3
193,30053,161,1.35
193,31419,161,1.4
193,32785,161,1.48
193,34151,161,1.59
193,35517,161,1.72
193,36883,161,1.79
193,38249,161,1.8
193,39615,161,1.69
193,40981,161,1.53
193,42347,161,1.38
193,43713,161,1.29
193,45079,161,1.32
193,46445,161,1.39
193,47811,161,1.56
193,49177,161,1.75
193,50543,161,1.83
193,51909,161,1.8
193,53275,161,1.8
193,54641,161,1.63
193,56007,161,1.53
193,57373,161,1.5
193,58739,161,1.46
193,60105,161,1.4
193,61471,161,1.36
193,62837,161,1.33
193,64203,161,1.31
193,65535,161,1.26
193,1,177,1.16
193,1367,177,1.3
193,2733,177,1.56
193,4099,177,1.94
193,5465,177,2.26
193,6831,177,2.01
193,8197,177,1.98
193,9563,177,1.96
193,10929,177,1.94
193,12295,177,1.78
193,13661,177,1.58
193,15027,177,1.43
193,16393,177,1.33
193,17759,177,1.24
193,19125,177,1.16
193,20491,177,1.11
193,21857,177,1.07
193,23223,177,1.08
193,24589,177,1.11
193,25955,177,1.15
193,27321,177,1.18
193,28687,177,1.24
193,30053,177,1.3
193,31419,177,1.36
193,32785,177,1.44
193,34151,177,1.56
193,35517,177,1.7
193,36883,177,1.79
193,38249,177,1.76
193,39615,177,1.57
193,40981,177,1.42
193,42347,177,1.29
193,43713,177,1.19
193,45079,177,1.23
193,46445,177,1.38
193,47811,177,1.53
193,49177,177,1.72
193,50543,177,1.8
193,51909,177,1.79
193,53275,177,1.62
193,54641,177,1.5
193,56007,177,1.43
193,57373,177,1.36
193,58739,177,1.32
193,60105,177,1.28
193,61471,177,1.24
193,62837,177,1.21
193,64203,177,1.18
193,65535,177,1.17
193,1,193,1.09
193,1367,193,1.17
193,2733,193,1.36
193,4099,193,1.79
193,5465,193,2.02
193,6831,193,2.05
193,8197,193,1.99
193,9563,193,1.97
193,10929,193,1.95
193,12295,193,1.73
193,13661,193,1.55
193,15027,193,1.37
193,16393,193,1.28
193,17759,193,1.2
193,19125,193,1.11
193,20491,193,1.07
193,21857,193,0.98
193,23223,193,0.96
193,24589,193,0.97
193,25955,193,1.04
193,27321,193,1.11
193,28687,193,1.18
193,30053,193,1.24
193,31419,193,1.31
193,32785,193,1.4
193,34151,193,1.53
193,35517,193,1.67
193,36883,193,1.76
193,38249,193,1.65
193,39615,193,1.47
193,40981,193,1.33
193,42347,193,1.22
193,43713,193,1.13
193,45079,193,1.21
193,46445,193,1.34
193,47811,193,1.48
193,49177,193,1.69
193,50543,193,1.77
193,51909,193,1.65
193,53275,193,1.49
193,54641,193,1.39
193,56007,193,1.3
193,57373,193,1.28
193,58739,193,1.23
193,60105,193,1.2
193,61471,193,1.15
193,62837,193,1.14
193,64203,193,1.11
193,65535,193,1.09
193,1,209,1.02
193,1367,209,1.09
193,2733,209,1.24
193,4099,209,1.52
193,5465,209,1.96
193,6831,209,2.08
193,8197,209,2.0
193,9563,209,1.97
193,10929,209,1.94
193,12295,209,1.7
193,13661,209,1.5
193,15027,209,1.33
193,16393,209,1.22
193,17759,209,1.15
193,19125,209,1.08
193,20491,209,1.02
193,21857,209,0.91
193,23223,209,0.93
193,24589,209,0.95
193,25955,209,0.98
193,27321,209,1.01
193,28687,209,1.06
193,30053,209,1.1
193,31419,209,1.16
193,32785,209,1.25
193,34151,209,1.47
193,35517,209,1.64
193,36883,209,1.74
193,38249,209,1.57
193,39615,209,1.38
193,40981,209,1.25
193,42347,209,1.14
193,43713,209,1.1
193,45079,209,1.16
193,46445,209,1.27
193,47811,209,1.42
193,49177,209,1.62
193,50543,209,1.73
193,51909,209,1.52
193,53275,209,1.32
193,54641,209,1.24
193,56007,209,1.23
193,57373,209,1.2
193,58739,209,1.16
193,60105,209,1.12
193,61471,209,1.09
193,62837,209,1.07
193,64203,209,1.05
193,65535,209,1.03
193,1,225,0.99
193,1367,225,1.06
193,2733,225,1.15
193,4099,225,1.28
193,5465,225,1.62
193,6831,225,1.88
193,8197,225,1.88
193,9563,225,1.93
193,10929,225,1.93
193,12295,225,1.67
193,13661,225,1.46
193,15027,225,1.29
193,16393,225,1.19
193,17759,225,1.12
193,19125,225,1.04
193,20491,225,0.92
193,21857,225,0.91
193,23223,225,0.92
193,24589,225,0.95
193,25955,225,0.97
193,27321,225,1.0
193,28687,225,1.05
193,30053,225,1.11
193,31419,225,1.17
193,32785,225,1.24
193,34151,225,1.36
193,35517,225,1.52
193,36883,225,1.67
193,38249,225,1.45
193,39615,225,1.3
193,40981,225,1.18
193,42347,225,1.08
193,43713,225,0.99
193,45079,225,1.03
193,46445,225,1.13
193,47811,225,1.26
193,49177,225,1.44
193,50543,225,1.61
193,51909,225,1.47
193,53275,225,1.33
193,54641,225,1.23
193,56007,225,1.15
193,57373,225,1.09
193,58739,225,1.05
193,60105,225,1.01
193,61471,225,1.04
193,62837,225,1.02
193,64203,225,1.0
193,65535,225,0.99
193,1,241,0.91
193,1367,241,0.92
193,2733,241,0.95
193,4099,241,1.08
193,5465,241,1.24
193,6831,241,1.44
193,8197,241,1.76
193,9563,241,1.8
193,10929,241,1.83
193,12295,241,1.65
193,13661,241,1.43
193,15027,241,1.27
193,16393,241,1.18
193,17759,241,1.09
193,19125,241,1.0
193,20491,241,0.92
193,21857,241,0.92
193,23223,241,0.93
193,24589,241,0.95
193,25955,241,0.97
193,27321,241,1.0
193,28687,241,1.05
193,30053,241,1.1
193,31419,241,1.16
193,32785,241,1.26
193,34151,241,1.37
193,35517,241,1.55
193,36883,241,1.58
193,38249,241,1.3
193,39615,241,1.21
193,40981,241,1.12
193,42347,241,1.03
193,43713,241,0.97
193,45079,241,1.0
193,46445,241,1.07
193,47811,241,1.19
193,49177,241,1.36
193,50543,241,1.6
193,51909,241,1.48
193,53275,241,1.34
193,54641,241,1.24
193,56007,241,1.14
193,57373,241,1.09
193,58739,241,1.03
193,60105,241,0.99
193,61471,241,0.96
193,62837,241,0.95
193,64203,241,0.95
193,65535,241,0.91
193,1,255,1.18
193,1367,255,1.18
193,2733,255,1.22
193,4099,255,1.28
193,5465,255,1.38
193,6831,255,1.5
193,8197,255,1.65
193,9563,255,1.86
193,10929,255,2.08
193,12295,255,2.06
193,13661,255,1.81
193,15027,255,1.56
193,16393,255,1.39
193,17759,255,1.26
193,19125,255,1.17
193,20491,255,1.14
193,21857,255,1.13
193,23223,255,1.14
193,24589,255,1.16
193,25955,255,1.16
193,27321,255,1.18
193,28687,255,1.23
193,30053,255,1.3
193,31419,255,1.39
193,32785,255,1.5
193,34151,255,1.63
193,35517,255,1.86
193,36883,255,2.06
193,38249,255,1.72
193,39615,255,1.46
193,40981,255,1.29
193,42347,255,1.17
193,43713,255,1.14
193,45079,255,1.17
193,46445,255,1.29
193,47811,255,1.48
193,49177,255,1.73
193,50543,255,2.07
193,51909,255,1.84
193,53275,255,1.66
193,54641,255,1.55
193,56007,255,1.45
193,57373,255,1.38
193,58739,255,1.31
193,60105,255,1.27
193,61471,255,1.23
193,62837,255,1.2
193,64203,255,1.18
193,65535,255,1.19
209,1,1,2.78
209,1367,1,2.76
209,2733,1,2.77
209,4099,1,2.76
209,5465,1,2.79
209,6831,1,2.79
209,8197,1,2.79
209,9563,1,2.77
209,10929,1,2.78
209,12295,1,2.78
209,13661,1,2.78
209,15027,1,2.79
209,16393,1,2.78
209,17759,1,2.78
209,19125,1,2.78
209,20491,1,2.77
209,21857,1,2.78
209,23223,1,2.77
209,24589,1,2.78
209,25955,1,2.78
209,27321,1,2.77
209,28687,1,2.77
209,30053,1,2.76
209,31419,1,2.79
209,32785,1,2.79
209,34151,1,2.76
209,35517,1,2.78
209,36883,1,2.77
209,38249,1,2.77
209,39615,1,2.78
209,40981,1,2.77
209,42347,1,2.79
209,43713,1,2.79
209,45079,1,2.78
209,46445,1,2.76
209,47811,1,2.77
209,49177,1,2.78
209,50543,1,2.77
209,51909,1,2.78
209,53275,1,2.76
209,54641,1,2.77
209,56007,1,2.77
209,57373,1,2.78
209,58739,1,2.79
209,60105,1,2.79
209,61471,1,2.79
209,62837,1,2.77
209,64203,1,2.78
209,65535,1,2.77
209,1,17,2.81
209,1367,17,2.81
209,2733,17,2.79
209,4099,17,2.81
209,5465,17,2.82
209,6831,17,2.8
209,8197,17,2.78
209,9563,17,2.58
209,10929,17,2.58
209,12295,17,2.58
209,13661,17,2.58
209,15027,17,2.57
209,16393,17,2.56
209,17759,17,2.57
209,19125,17,2.57
209,20491,17,2.58
209,21857,17,2.57
209,23223,17,2.59
209,24589,17,2.6
209,25955,17,2.58
209,27321,17,2.59
209,28687,17,2.58
209,30053,17,2.59
209,31419,17,2.58
209,32785,17,2.58
209,34151,17,2.58
209,35517,17,2.58
209,36883,17,2.58
209,38249,17,2.58
209,39615,17,2.57
209,40981,17,2.58
209,42347,17,2.58
209,43713,17,2.58
209,45079,17,2.58
209,46445,17,2.76
209,47811,17,2.77
209,49177,17,2.78
209,50543,17,2.78
209,51909,17,2.58
209,53275,17,2.59
209,54641,17,2.57
209,56007,17,2.58
209,57373,17,2.58
209,58739,17,2.58
209,60105,17,2.6
209,61471,17,2.6
209,62837,17,2.83
209,64203,17,2.81
209,65535,17,2.8
209,1,33,2.6
209,1367,33,2.62
209,2733,33,2.6
209,4099,33,2.81
209,5465,33,2.8
209,6831,33,2.8
209,8197,33,2.59
209,9563,33,2.58
209,10929,33,2.59
209,12295,33,2.59
209,13661,33,2.58
209,15027,33,2.57
209,16393,33,2.58
209,17759,33,2.58
209,19125,33,2.59
209,20491,33,2.61
209,21857,33,2.59
209,23223,33,2.59
209,24589,33,2.58
209,25955,33,2.59
209,27321,33,2.59
209,28687,33,2.58
209,30053,33,2.59
209,31419,33,2.57
209,32785,33,2.57
209,34151,33,2.57
209,35517,33,2.57
209,36883,33,2.57
209,38249,33,2.56
209,39615,33,2.58
209,40981,33,2.59
209,42347,33,2.59
209,43713,33,2.56
209,45079,33,2.57
209,46445,33,2.57
209,47811,33,2.57
209,49177,33,2.58
209,50543,33,2.58
209,51909,33,2.59
209,53275,33,2.59
209,54641,33,2.58
209,56007,33,2.6
209,57373,33,2.59
209,58739,33,2.61
209,60105,33,2.59
209,61471,33,2.61
209,62837,33,2.61
209,64203,33,2.61
209,65535,33,2.61
209,1,49,2.62
209,1367,49,2.61
209,2733,49,2.6
209,4099,49,2.6
209,5465,49,2.81
209,6831,49,2.83
209,8197,49,2.59
209,9563,49,2.61
209,10929,49,2.59
209,12295,49,2.59
209,13661,49,2.59
209,15027,49,2.59
209,16393,49,2.58
209,17759,49,2.61
209,19125,49,2.6
209,20491,49,2.59
209,21857,49,2.58
209,23223,49,2.59
209,24589,49,2.59
209,25955,49,2.57
209,27321,49,2.58
209,28687,49,2.57
209,30053,49,2.57
209,31419,49,2.56
209,32785,49,2.56
209,34151,49,2.56
209,35517,49,2.57
209,36883,49,2.58
209,38249,49,2.57
209,39615,49,2.56
209,40981,49,2.57
209,42347,49,2.57
209,43713,49,2.6
209,45079,49,2.55
209,46445,49,2.57
209,47811,49,2.57
209,49177,49,2.58
209,50543,49,2.59
209,51909,49,2.6
209,53275,49,2.6
209,54641,49,2.62
209,56007,49,2.63
209,57373,49,2.6
209,58739,49,2.61
209,60105,49,2.61
209,61471,49,2.61
209,62837,49,2.61
209,64203,49,2.62
209,65535,49,2.62
209,1,65,2.69
209,1367,65,2.64
209,2733,65,2.63
209,4099,65,2.62
209,5465,65,2.81
209,6831,65,2.83
209,8197,65,2.61
209,9563,65,2.61
209,10929,65,2.6
209,12295,65,2.62
209,13661,65,2.6
209,15027,65,2.59
209,16393,65,2.61
209,17759,65,2.58
209,19125,65,2.47
209,20491,65,2.38
209,21857,65,2.31
209,23223,65,2.35
209,24589,65,2.38
209,25955,65,2.43
209,27321,65,2.48
209,28687,65,2.53
209,30053,65,2.57
209,31419,65,2.56
209,32785,65,2.56
209,34151,65,2.56
209,35517,65,2.55
209,36883,65,2.55
209,38249,65,2.55
209,39615,65,2.56
209,40981,65,2.56
209,42347,65,2.57
209,43713,65,2.56
209,45079,65,2.59
209,46445,65,2.58
209,47811,65,2.59
209,49177,65,2.6
209,50543,65,2.61
209,51909,65,2.63
209,53275,65,2.64
209,54641,65,2.64
209,56007,65,2.64
209,57373,65,2.65
209,58739,65,2.65
209,60105,65,2.66
209,61471,65,2.65
209,62837,65,2.65
209,64203,65,2.66
209,65535,65,2.65
209,1,81,2.72
209,1367,81,2.68
209,2733,81,2.65
209,4099,81,2.63
209,5465,81,2.81
209,6831,81,2.8
209,8197,81,2.62
209,9563,81,2.61
209,10929,81,2.61
209,12295,81,2.6
209,13661,81,2.6
209,15027,81,2.6
209,16393,81,2.51
209,17759,81,2.4
209,19125,81,2.27
209,20491,81,2.19
209,21857,81,2.12
209,23223,81,2.14
209,24589,81,2.18
209,25955,81,2.23
209,27321,81,2.27
209,28687,81,2.34
209,30053,81,2.39
209,31419,81,2.44
209,32785,81,2.51
209,34151,81,2.55
209,35517,81,2.54
209,36883,81,2.54
209,38249,81,2.55
209,39615,81,2.54
209,40981,81,2.57
209,42347,81,2.57
209,43713,81,2.58
209,45079,81,2.59
209,46445,81,2.59
209,47811,81,2.62
209,49177,81,2.63
209,50543,81,2.63
209,51909,81,2.63
209,53275,81,2.67
209,54641,81,2.68
209,56007,81,2.69
209,57373,81,2.7
209,58739,81,2.72
209,60105,81,2.7
209,61471,81,2.71
209,62837,81,2.71
209,64203,81,2.71
209,65535,81,2.71
209,1,97,2.67
209,1367,97,2.74
209,2733,97,2.7
209,4099,97,2.68
209,5465,97,2.86
209,6831,97,2.86
209,8197,97,2.61
209,9563,97,2.64
209,10929,97,2.63
209,12295,97,2.63
209,13661,97,2.62
209,15027,97,2.47
209,16393,97,2.35
209,17759,97,2.24
209,19125,97,2.11
209,20491,97,2.04
209,21857,97,1.96
209,23223,97,1.99
209,24589,97,2.03
209,25955,97,2.07
209,27321,97,2.11
209,28687,97,2.18
209,30053,97,2.26
209,31419,97,2.3
209,32785,97,2.39
209,34151,97,2.52
209,35517,97,2.54
209,36883,97,2.54
209,38249,97,2.54
209,39615,97,2.53
209,40981,97,2.54
209,42347,97,2.56
209,43713,97,2.59
209,45079,97,2.61
209,46445,97,2.6
209,47811,97,2.62
209,49177,97,2.65
209,50543,97,2.67
209,51909,97,2.69
209,53275,97,2.69
209,54641,97,2.63
209,56007,97,2.63
209,57373,97,2.61
209,58739,97,2.63
209,60105,97,2.64
209,61471,97,2.64
209,62837,97,2.64
209,64203,97,2.64
209,65535,97,2.65
209,1,113,2.61
209,1367,113,2.66
209,2733,113,2.76
209,4099,113,2.72
209,5465,113,2.9
209,6831,113,2.85
209,8197,113,2.63
209,9563,113,2.62
209,10929,113,2.63
209,12295,113,2.65
209,13661,113,2.54
209,15027,113,2.35
209,16393,113,2.21
209,17759,113,2.1
209,19125,113,1.97
209,20491,113,1.9
209,21857,113,1.82
209,23223,113,1.86
209,24589,113,1.91
209,25955,113,1.94
209,27321,113,1.99
209,28687,113,2.06
209,30053,113,2.13
209,31419,113,2.2
209,32785,113,2.27
209,34151,113,2.41
209,35517,113,2.53
209,36883,113,2.53
209,38249,113,2.54
209,39615,113,2.54
209,40981,113,2.54
209,42347,113,2.52
209,43713,113,2.37
209,45079,113,2.4
209,46445,113,2.48
209,47811,113,2.54
209,49177,113,2.62
209,50543,113,2.7
209,51909,113,2.65
209,53275,113,2.59
209,54641,113,2.55
209,56007,113,2.55
209,57373,113,2.55
209,58739,113,2.56
209,60105,113,2.58
209,61471,113,2.56
209,62837,113,2.58
209,64203,113,2.59
209,65535,113,2.6
209,1,129,2.44
209,1367,129,2.61
209,2733,129,2.66
209,4099,129,2.76
209,5465,129,2.94
209,6831,129,2.89
209,8197,129,2.64
209,9563,129,2.64
209,10929,129,2.65
209,12295,129,2.65
209,13661,129,2.43
209,15027,129,2.23
209,16393,129,2.09
209,17759,129,1.97
209,19125,129,1.86
209,20491,129,1.78
209,21857,129,1.72
209,23223,129,1.74
209,24589,129,1.79
209,25955,129,1.83
209,27321,129,1.89
209,28687,129,1.96
209,30053,129,2.02
209,31419,129,2.1
209,32785,129,2.19
209,34151,129,2.32
209,35517,129,2.5
209,36883,129,2.52
209,38249,129,2.53
209,39615,129,2.53
209,40981,129,2.53
209,42347,129,2.31
209,43713,129,2.13
209,45079,129,2.18
209,46445,129,2.27
209,47811,129,2.34
209,49177,129,2.45
209,50543,129,2.64
209,51909,129,2.58
209,53275,129,2.55
209,54641,129,2.54
209,56007,129,2.54
209,57373,129,2.55
209,58739,129,2.55
209,60105,129,2.57
209,61471,129,2.58
209,62837,129,2.54
209,64203,129,2.49
209,65535,129,2.44
209,1,145,1.99
209,1367,145,2.41
209,2733,145,2.63
209,4099,145,2.73
209,5465,145,2.95
209,6831,145,2.68
209,8197,145,2.66
209,9563,145,2.66
209,10929,145,2.67
209,12295,145,2.56
209,13661,145,2.36
209,15027,145,2.14
209,16393,145,1.99
209,17759,145,1.87
209,19125,145,1.76
209,20491,145,1.68
209,21857,145,1.63
209,23223,145,1.65
209,24589,145,1.69
209,25955,145,1.75
209,27321,145,1.79
209,28687,145,1.87
209,30053,145,1.93
209,31419,145,2.02
209,32785,145,2.12
209,34151,145,2.26
209,35517,145,2.44
209,36883,145,2.51
209,38249,145,2.52
209,39615,145,2.53
209,40981,145,2.33
209,42347,145,2.1
209,43713,145,1.94
209,45079,145,1.99
209,46445,145,2.07
209,47811,145,2.18
209,49177,145,2.44
209,50543,145,2.57
209,51909,145,2.54
209,53275,145,2.52
209,54641,145,2.51
209,56007,145,2.43
209,57373,145,2.35
209,58739,145,2.27
209,60105,145,2.2
209,61471,145,2.12
209,62837,145,2.07
209,64203,145,2.03
209,65535,145,1.99
209,1,161,1.75
209,1367,161,2.01
209,2733,161,2.57
209,4099,161,2.67
209,5465,161,2.92
209,6831,161,2.7
209,8197,161,2.68
209,9563,161,2.66
209,10929,161,2.67
209,12295,161,2.5
209,13661,161,2.27
209,15027,161,2.04
209,16393,161,1.9
209,17759,161,1.79
209,19125,161,1.68
209,20491,161,1.61
209,21857,161,1.54
209,23223,161,1.57
209,24589,161,1.6
209,25955,161,1.66
209,27321,161,1.71
209,28687,161,1.8
209,30053,161,1.86
209,31419,161,1.95
209,32785,161,2.06
209,34151,161,2.2
209,35517,161,2.37
209,36883,161,2.51
209,38249,161,2.52
209,39615,161,2.38
209,40981,161,2.14
209,42347,161,1.92
209,43713,161,1.78
209,45079,161,1.83
209,46445,161,1.91
209,47811,161,2.14
209,49177,161,2.42
209,50543,161,2.53
209,51909,161,2.51
209,53275,161,2.5
209,54641,161,2.25
209,56007,161,2.13
209,57373,161,2.06
209,58739,161,1.99
209,60105,161,1.92
209,61471,161,1.86
209,62837,161,1.82
209,64203,161,1.78
209,65535,161,1.74
209,1,177,1.59
209,1367,177,1.76
209,2733,177,2.13
209,4099,177,2.64
209,5465,177,3.05
209,6831,177,2.75
209,8197,177,2.7
209,9563,177,2.67
209,10929,177,2.69
209,12295,177,2.44
209,13661,177,2.2
209,15027,177,1.97
209,16393,177,1.83
209,17759,177,1.73
209,19125,177,1.61
209,20491,177,1.54
209,21857,177,1.47
209,23223,177,1.49
209,24589,177,1.54
209,25955,177,1.59
209,27321,177,1.64
209,28687,177,1.72
209,30053,177,1.79
209,31419,177,1.88
209,32785,177,2.01
209,34151,177,2.14
209,35517,177,2.33
209,36883,177,2.49
209,38249,177,2.5
209,39615,177,2.22
209,40981,177,1.99
209,42347,177,1.78
209,43713,177,1.65
209,45079,177,1.71
209,46445,177,1.87
209,47811,177,2.09
209,49177,177,2.39
209,50543,177,2.5
209,51909,177,2.49
209,53275,177,2.24
209,54641,177,2.05
209,56007,177,1.94
209,57373,177,1.87
209,58739,177,1.81
209,60105,177,1.75
209,61471,177,1.69
209,62837,177,1.65
209,64203,177,1.62
209,65535,177,1.6
209,1,193,1.48
209,1367,193,1.61
209,2733,193,1.87
209,4099,193,2.43
209,5465,193,2.74
209,6831,193,2.79
209,8197,193,2.71
209,9563,193,2.69
209,10929,193,2.68
209,12295,193,2.39
209,13661,193,2.13
209,15027,193,1.9
209,16393,193,1.77
209,17759,193,1.65
209,19125,193,1.55
209,20491,193,1.48
209,21857,193,1.42
209,23223,193,1.42
209,24589,193,1.46
209,25955,193,1.51
209,27321,193,1.57
209,28687,193,1.65
209,30053,193,1.72
209,31419,193,1.82
209,32785,193,1.95
209,34151,193,2.1
209,35517,193,2.3
209,36883,193,2.47
209,38249,193,2.36
209,39615,193,2.07
209,40981,193,1.85
209,42347,193,1.66
209,43713,193,1.56
209,45079,193,1.6
209,46445,193,1.82
209,47811,193,2.03
209,49177,193,2.35
209,50543,193,2.46
209,51909,193,2.31
209,53275,193,2.07
209,54641,193,1.92
209,56007,193,1.83
209,57373,193,1.75
209,58739,193,1.67
209,60105,193,1.64
209,61471,193,1.58
209,62837,193,1.54
209,64203,193,1.51
209,65535,193,1.49
209,1,209,1.4
209,1367,209,1.5
209,2733,209,1.69
209,4099,209,2.1
209,5465,209,2.68
209,6831,209,2.82
209,8197,209,2.73
209,9563,209,2.68
209,10929,209,2.68
209,12295,209,2.34
209,13661,209,2.07
209,15027,209,1.84
209,16393,209,1.7
209,17759,209,1.58
209,19125,209,1.49
209,20491,209,1.41
209,21857,209,1.22
209,23223,209,1.25
209,24589,209,1.27
209,25955,209,1.31
209,27321,209,1.35
209,28687,209,1.44
209,30053,209,1.51
209,31419,209,1.72
209,32785,209,1.89
209,34151,209,2.05
209,35517,209,2.28
209,36883,209,2.44
209,38249,209,2.2
209,39615,209,1.92
209,40981,209,1.72
209,42347,209,1.55
209,43713,209,1.47
209,45079,209,1.56
209,46445,209,1.74
209,47811,209,1.96
209,49177,209,2.26
209,50543,209,2.43
209,51909,209,2.14
209,53275,209,1.92
209,54641,209,1.75
209,56007,209,1.71
209,57373,209,1.64
209,58739,209,1.59
209,60105,209,1.55
209,61471,209,1.5
209,62837,209,1.46
209,64203,209,1.43
209,65535,209,1.41
209,1,225,1.35
209,1367,225,1.44
209,2733,225,1.58
209,4099,225,1.82
209,5465,225,2.3
209,6831,225,2.57
209,8197,225,2.57
209,9563,225,2.61
209,10929,225,2.69
209,12295,225,2.3
209,13661,225,2.02
209,15027,225,1.78
209,16393,225,1.64
209,17759,225,1.54
209,19125,225,1.44
209,20491,225,1.35
209,21857,225,1.21
209,23223,225,1.23
209,24589,225,1.26
209,25955,225,1.28
209,27321,225,1.34
209,28687,225,1.42
209,30053,225,1.53
209,31419,225,1.59
209,32785,225,1.75
209,34151,225,1.9
209,35517,225,2.21
209,36883,225,2.38
209,38249,225,2.05
209,39615,225,1.79
209,40981,225,1.61
209,42347,225,1.47
209,43713,225,1.36
209,45079,225,1.42
209,46445,225,1.56
209,47811,225,1.76
209,49177,225,2.03
209,50543,225,2.27
209,51909,225,2.03
209,53275,225,1.85
209,54641,225,1.72
209,56007,225,1.62
209,57373,225,1.53
209,58739,225,1.46
209,60105,225,1.44
209,61471,225,1.42
209,62837,225,1.39
209,64203,225,1.37
209,65535,225,1.36
209,1,241,1.26
209,1367,241,1.29
209,2733,241,1.37
209,4099,241,1.54
209,5465,241,1.74
209,6831,241,2.01
209,8197,241,2.38
209,9563,241,2.5
209,10929,241,2.52
209,12295,241,2.29
209,13661,241,2.01
209,15027,241,1.74
209,16393,241,1.6
209,17759,241,1.51
209,19125,241,1.41
209,20491,241,1.19
209,21857,241,1.27
209,23223,241,1.17
209,24589,241,1.18
209,25955,241,1.26
209,27321,241,1.37
209,28687,241,1.39
209,30053,241,1.48
209,31419,241,1.59
209,32785,241,1.75
209,34151,241,1.92
209,35517,241,2.16
209,36883,241,2.29
209,38249,241,1.88
209,39615,241,1.62
209,40981,241,1.53
209,42347,241,1.41
209,43713,241,1.35
209,45079,241,1.38
209,46445,241,1.5
209,47811,241,1.68
209,49177,241,1.95
209,50543,241,2.27
209,51909,241,2.06
209,53275,241,1.87
209,54641,241,1.74
209,56007,241,1.62
209,57373,241,1.52
209,58739,241,1.45
209,60105,241,1.4
209,61471,241,1.35
209,62837,241,1.32
209,64203,241,1.33
209,65535,241,1.28
209,1,255,1.59
209,1367,255,1.61
209,2733,255,1.65
209,4099,255,1.73
209,5465,255,1.87
209,6831,255,2.03
209,8197,255,2.24
209,9563,255,2.54
209,10929,255,2.85
209,12295,255,2.82
209,13661,255,2.46
209,15027,255,2.11
209,16393,255,1.88
209,17759,255,1.7
209,19125,255,1.55
209,20491,255,1.6
209,21857,255,1.53
209,23223,255,1.44
209,24589,255,1.54
209,25955,255,1.59
209,27321,255,1.65
209,28687,255,1.67
209,30053,255,1.76
209,31419,255,1.87
209,32785,255,2.05
209,34151,255,2.24
209,35517,255,2.54
209,36883,255,2.84
209,38249,255,2.34
209,39615,255,1.99
209,40981,255,1.75
209,42347,255,1.6
209,43713,255,1.56
209,45079,255,1.58
209,46445,255,1.75
209,47811,255,2.0
209,49177,255,2.37
209,50543,255,2.83
209,51909,255,2.52
209,53275,255,2.26
209,54641,255,2.09
209,56007,255,1.96
209,57373,255,1.85
209,58739,255,1.77
209,60105,255,1.71
209,61471,255,1.65
209,62837,255,1.63
209,64203,255,1.6
209,65535,255,1.6
225,1,1,3.84
225,1367,1,3.84
225,2733,1,3.84
225,4099,1,3.84
225,5465,1,3.84
225,6831,1,3.84
225,8197,1,3.84
225,9563,1,3.84
225,10929,1,3.84
225,12295,1,3.84
225,13661,1,3.83
225,15027,1,3.84
225,16393,1,3.84
225,17759,1,3.84
225,19125,1,3.84
225,20491,1,3.84
225,21857,1,3.84
225,23223,1,3.84
225,24589,1,3.84
225,25955,1,3.84
225,27321,1,3.84
225,28687,1,3.84
225,30053,1,3.84
225,31419,1,3.84
225,32785,1,3.84
225,34151,1,3.84
225,35517,1,3.84
225,36883,1,3.83
225,38249,1,3.84
225,39615,1,3.84
225,40981,1,3.83
225,42347,1,3.84
225,43713,1,3.84
225,45079,1,3.84
225,46445,1,3.83
225,47811,1,3.83
225,49177,1,3.83
225,50543,1,3.84
225,51909,1,3.83
225,53275,1,3.84
225,54641,1,3.83
225,56007,1,3.83
225,57373,1,3.83
225,58739,1,3.83
225,60105,1,3.84
225,61471,1,3.83
225,62837,1,3.83
225,64203,1,3.83
225,65535,1,3.83
225,1,17,3.84
225,1367,17,3.85
225,2733,17,3.84
225,4099,17,3.85
225,5465,17,3.85
225,6831,17,3.84
225,8197,17,3.83
225,9563,17,3.56
225,10929,17,3.57
225,12295,17,3.56
225,13661,17,3.56
225,15027,17,3.57
225,16393,17,3.57
225,17759,17,3.58
225,19125,17,3.58
225,20491,17,3.58
225,21857,17,3.57
225,23223,17,3.58
225,24589,17,3.57
225,25955,17,3.58
225,27321,17,3.57
225,28687,17,3.57
225,30053,17,3.57
225,31419,17,3.56
225,32785,17,3.57
225,34151,17,3.57
225,35517,17,3.56
225,36883,17,3.56
225,38249,17,3.56
225,39615,17,3.57
225,40981,17,3.56
225,42347,17,3.57
225,43713,17,3.56
225,45079,17,3.55
225,46445,17,3.81
225,47811,17,3.81
225,49177,17,3.81
225,50543,17,3.81
225,51909,17,3.55
225,53275,17,3.55
225,54641,17,3.56
225,56007,17,3.55
225,57373,17,3.56
225,58739,17,3.55
225,60105,17,3.57
225,61471,17,3.56
225,62837,17,3.83
225,64203,17,3.84
225,65535,17,3.84
225,1,33,3.56
225,1367,33,3.56
225,2733,33,3.57
225,4099,33,3.83
225,5465,33,3.83
225,6831,33,3.83
225,8197,33,3.57
225,9563,33,3.58
225,10929,33,3.58
225,12295,33,3.58
225,13661,33,3.57
225,15027,33,3.57
225,16393,33,3.59
225,17759,33,3.59
225,19125,33,3.58
225,20491,33,3.59
225,21857,33,3.6
225,23223,33,3.59
225,24589,33,3.59
225,25955,33,3.58
225,27321,33,3.58
225,28687,33,3.58
225,30053,33,3.57
225,31419,33,3.57
225,32785,33,3.57
225,34151,33,3.56
225,35517,33,3.56
225,36883,33,3.56
225,38249,33,3.56
225,39615,33,3.56
225,40981,33,3.54
225,42347,33,3.56
225,43713,33,3.56
225,45079,33,3.55
225,46445,33,3.54
225,47811,33,3.55
225,49177,33,3.54
225,50543,33,3.55
225,51909,33,3.56
225,53275,33,3.55
225,54641,33,3.56
225,56007,33,3.56
225,57373,33,3.56
225,58739,33,3.56
225,60105,33,3.56
225,61471,33,3.55
225,62837,33,3.56
225,64203,33,3.56
225,65535,33,3.55
225,1,49,3.58
225,1367,49,3.57
225,2733,49,3.57
225,4099,49,3.57
225,5465,49,3.81
225,6831,49,3.84
225,8197,49,3.57
225,9563,49,3.57
225,10929,49,3.59
225,12295,49,3.58
225,13661,49,3.59
225,15027,49,3.61
225,16393,49,3.6
225,17759,49,3.61
225,19125,49,3.61
225,20491,49,3.61
225,21857,49,3.58
225,23223,49,3.61
225,24589,49,3.61
225,25955,49,3.59
225,27321,49,3.6
225,28687,49,3.59
225,30053,49,3.59
225,31419,49,3.57
225,32785,49,3.57
225,34151,49,3.56
225,35517,49,3.56
225,36883,49,3.56
225,38249,49,3.55
225,39615,49,3.55
225,40981,49,3.55
225,42347,49,3.55
225,43713,49,3.56
225,45079,49,3.56
225,46445,49,3.56
225,47811,49,3.55
225,49177,49,3.56
225,50543,49,3.56
225,51909,49,3.57
225,53275,49,3.58
225,54641,49,3.58
225,56007,49,3.58
225,57373,49,3.59
225,58739,49,3.58
225,60105,49,3.58
225,61471,49,3.57
225,62837,49,3.57
225,64203,49,3.58
225,65535,49,3.58
225,1,65,3.62
225,1367,65,3.61
225,2733,65,3.6
225,4099,65,3.58
225,5465,65,3.83
225,6831,65,3.81
225,8197,65,3.58
225,9563,65,3.59
225,10929,65,3.59
225,12295,65,3.59
225,13661,65,3.6
225,15027,65,3.62
225,16393,65,3.62
225,17759,65,3.61
225,19125,65,3.46
225,20491,65,3.36
225,21857,65,3.26
225,23223,65,3.3
225,24589,65,3.36
225,25955,65,3.4
225,27321,65,3.46
225,28687,65,3.52
225,30053,65,3.59
225,31419,65,3.61
225,32785,65,3.6
225,34151,65,3.58
225,35517,65,3.58
225,36883,65,3.57
225,38249,65,3.55
225,39615,65,3.54
225,40981,65,3.55
225,42347,65,3.56
225,43713,65,3.56
225,45079,65,3.56
225,46445,65,3.57
225,47811,65,3.56
225,49177,65,3.58
225,50543,65,3.58
225,51909,65,3.6
225,53275,65,3.62
225,54641,65,3.63
225,56007,65,3.63
225,57373,65,3.62
225,58739,65,3.63
225,60105,65,3.63
225,61471,65,3.62
225,62837,65,3.63
225,64203,65,3.62
225,65535,65,3.62
225,1,81,3.71
225,1367,81,3.65
225,2733,81,3.62
225,4099,81,3.6
225,5465,81,3.83
225,6831,81,3.8
225,8197,81,3.59
225,9563,81,3.6
225,10929,81,3.61
225,12295,81,3.63
225,13661,81,3.61
225,15027,81,3.65
225,16393,81,3.48
225,17759,81,3.33
225,19125,81,3.19
225,20491,81,3.07
225,21857,81,2.98
225,23223,81,3.01
225,24589,81,3.08
225,25955,81,3.13
225,27321,81,3.2
225,28687,81,3.27
225,30053,81,3.35
225,31419,81,3.41
225,32785,81,3.5
225,34151,81,3.59
225,35517,81,3.58
225,36883,81,3.57
225,38249,81,3.55
225,39615,81,3.56
225,40981,81,3.54
225,42347,81,3.55
225,43713,81,3.57
225,45079,81,3.57
225,46445,81,3.58
225,47811,81,3.58
225,49177,81,3.61
225,50543,81,3.62
225,51909,81,3.65
225,53275,81,3.67
225,54641,81,3.7
225,56007,81,3.71
225,57373,81,3.69
225,58739,81,3.69
225,60105,81,3.7
225,61471,81,3.7
225,62837,81,3.7
225,64203,81,3.7
225,65535,81,3.71
225,1,97,3.61
225,1367,97,3.75
225,2733,97,3.68
225,4099,97,3.64
225,5465,97,3.89
225,6831,97,3.85
225,8197,97,3.6
225,9563,97,3.61
225,10929,97,3.62
225,12295,97,3.64
225,13661,97,3.65
225,15027,97,3.46
225,16393,97,3.26
225,17759,97,3.14
225,19125,97,2.97
225,20491,97,2.86
225,21857,97,2.77
225,23223,97,2.8
225,24589,97,2.86
225,25955,97,2.93
225,27321,97,3.0
225,28687,97,3.08
225,30053,97,3.15
225,31419,97,3.23
225,32785,97,3.34
225,34151,97,3.51
225,35517,97,3.57
225,36883,97,3.56
225,38249,97,3.55
225,39615,97,3.56
225,40981,97,3.56
225,42347,97,3.58
225,43713,97,3.58
225,45079,97,3.59
225,46445,97,3.61
225,47811,97,3.62
225,49177,97,3.64
225,50543,97,3.67
225,51909,97,3.71
225,53275,97,3.72
225,54641,97,3.62
225,56007,97,3.6
225,57373,97,3.6
225,58739,97,3.6
225,60105,97,3.6
225,61471,97,3.6
225,62837,97,3.61
225,64203,97,3.6
225,65535,97,3.61
225,1,113,3.58
225,1367,113,3.59
225,2733,113,3.77
225,4099,113,3.69
225,5465,113,3.92
225,6831,113,3.88
225,8197,113,3.63
225,9563,113,3.63
225,10929,113,3.65
225,12295,113,3.67
225,13661,113,3.55
225,15027,113,3.27
225,16393,113,3.1
225,17759,113,2.95
225,19125,113,2.79
225,20491,113,2.67
225,21857,113,2.59
225,23223,113,2.62
225,24589,113,2.68
225,25955,113,2.73
225,27321,113,2.82
225,28687,113,2.92
225,30053,113,3.0
225,31419,113,3.08
225,32785,113,3.19
225,34151,113,3.38
225,35517,113,3.57
225,36883,113,3.56
225,38249,113,3.55
225,39615,113,3.55
225,40981,113,3.56
225,42347,113,3.59
225,43713,113,3.35
225,45079,113,3.4
225,46445,113,3.5
225,47811,113,3.58
225,49177,113,3.67
225,50543,113,3.75
225,51909,113,3.65
225,53275,113,3.56
225,54641,113,3.54
225,56007,113,3.54
225,57373,113,3.52
225,58739,113,3.52
225,60105,113,3.53
225,61471,113,3.54
225,62837,113,3.55
225,64203,113,3.56
225,65535,113,3.57
225,1,129,3.37
225,1367,129,3.59
225,2733,129,3.63
225,4099,129,3.78
225,5465,129,3.97
225,6831,129,3.91
225,8197,129,3.63
225,9563,129,3.65
225,10929,129,3.67
225,12295,129,3.68
225,13661,129,3.4
225,15027,129,3.12
225,16393,129,2.94
225,17759,129,2.79
225,19125,129,2.63
225,20491,129,2.53
225,21857,129,2.44
225,23223,129,2.47
225,24589,129,2.51
225,25955,129,2.58
225,27321,129,2.67
225,28687,129,2.78
225,30053,129,2.86
225,31419,129,2.96
225,32785,129,3.08
225,34151,129,3.26
225,35517,129,3.48
225,36883,129,3.56
225,38249,129,3.55
225,39615,129,3.55
225,40981,129,3.57
225,42347,129,3.28
225,43713,129,3.02
225,45079,129,3.09
225,46445,129,3.18
225,47811,129,3.3
225,49177,129,3.39
225,50543,129,3.65
225,51909,129,3.55
225,53275,129,3.52
225,54641,129,3.51
225,56007,129,3.53
225,57373,129,3.53
225,58739,129,3.55
225,60105,129,3.56
225,61471,129,3.58
225,62837,129,3.53
225,64203,129,3.45
225,65535,129,3.37
225,1,145,2.79
225,1367,145,3.36
225,2733,145,3.6
225,4099,145,3.71
225,5465,145,4.02
225,6831,145,3.66
225,8197,145,3.64
225,9563,145,3.65
225,10929,145,3.68
225,12295,145,3.59
225,13661,145,3.28
225,15027,145,3.0
225,16393,145,2.8
225,17759,145,2.64
225,19125,145,2.49
225,20491,145,2.39
225,21857,145,2.28
225,23223,145,2.32
225,24589,145,2.38
225,25955,145,2.46
225,27321,145,2.53
225,28687,145,2.64
225,30053,145,2.74
225,31419,145,2.84
225,32785,145,2.98
225,34151,145,3.16
225,35517,145,3.41
225,36883,145,3.55
225,38249,145,3.55
225,39615,145,3.55
225,40981,145,3.33
225,42347,145,2.98
225,43713,145,2.75
225,45079,145,2.81
225,46445,145,2.93
225,47811,145,3.02
225,49177,145,3.39
225,50543,145,3.56
225,51909,145,3.53
225,53275,145,3.53
225,54641,145,3.53
225,56007,145,3.42
225,57373,145,3.3
225,58739,145,3.18
225,60105,145,3.08
225,61471,145,2.98
225,62837,145,2.91
225,64203,145,2.84
225,65535,145,2.78
225,1,161,2.44
225,1367,161,2.81
225,2733,161,3.57
225,4099,161,3.62
225,5465,161,3.99
225,6831,161,3.7
225,8197,161,3.67
225,9563,161,3.68
225,10929,161,3.7
225,12295,161,3.5
225,13661,161,3.17
225,15027,161,2.87
225,16393,161,2.69
225,17759,161,2.52
225,19125,161,2.38
225,20491,161,2.28
225,21857,161,2.19
225,23223,161,2.23
225,24589,161,2.28
225,25955,161,2.36
225,27321,161,2.42
225,28687,161,2.52
225,30053,161,2.64
225,31419,161,2.75
225,32785,161,2.9
225,34151,161,3.09
225,35517,161,3.34
225,36883,161,3.55
225,38249,161,3.54
225,39615,161,3.44
225,40981,161,3.07
225,42347,161,2.74
225,43713,161,2.52
225,45079,161,2.59
225,46445,161,2.71
225,47811,161,2.98
225,49177,161,3.39
225,50543,161,3.54
225,51909,161,3.52
225,53275,161,3.53
225,54641,161,3.18
225,56007,161,3.0
225,57373,161,2.89
225,58739,161,2.79
225,60105,161,2.7
225,61471,161,2.62
225,62837,161,2.55
225,64203,161,2.5
225,65535,161,2.44
225,1,177,2.24
225,1367,177,2.49
225,2733,177,2.96
225,4099,177,3.65
225,5465,177,4.13
225,6831,177,3.73
225,8197,177,3.68
225,9563,177,3.69
225,10929,177,3.72
225,12295,177,3.42
225,13661,177,3.07
225,15027,177,2.77
225,16393,177,2.57
225,17759,177,2.42
225,19125,177,2.27
225,20491,177,2.19
225,21857,177,2.1
225,23223,177,2.13
225,24589,177,2.19
225,25955,177,2.25
225,27321,177,2.34
225,28687,177,2.44
225,30053,177,2.56
225,31419,177,2.67
225,32785,177,2.82
225,34151,177,3.01
225,35517,177,3.27
225,36883,177,3.53
225,38249,177,3.53
225,39615,177,3.17
225,40981,177,2.83
225,42347,177,2.52
225,43713,177,2.33
225,45079,177,2.41
225,46445,177,2.61
225,47811,177,2.93
225,49177,177,3.37
225,50543,177,3.51
225,51909,177,3.52
225,53275,177,3.17
225,54641,177,2.9
225,56007,177,2.74
225,57373,177,2.64
225,58739,177,2.54
225,60105,177,2.46
225,61471,177,2.38
225,62837,177,2.33
225,64203,177,2.28
225,65535,177,2.23
225,1,193,2.09
225,1367,193,2.29
225,2733,193,2.62
225,4099,193,3.39
225,5465,193,3.73
225,6831,193,3.79
225,8197,193,3.7
225,9563,193,3.71
225,10929,193,3.74
225,12295,193,3.35
225,13661,193,2.99
225,15027,193,2.69
225,16393,193,2.48
225,17759,193,2.35
225,19125,193,2.2
225,20491,193,2.1
225,21857,193,2.02
225,23223,193,2.05
225,24589,193,2.09
225,25955,193,2.15
225,27321,193,2.24
225,28687,193,2.35
225,30053,193,2.46
225,31419,193,2.6
225,32785,193,2.77
225,34151,193,2.97
225,35517,193,3.23
225,36883,193,3.51
225,38249,193,3.4
225,39615,193,2.95
225,40981,193,2.61
225,42347,193,2.33
225,43713,193,2.18
225,45079,193,2.24
225,46445,193,2.51
225,47811,193,2.85
225,49177,193,3.32
225,50543,193,3.5
225,51909,193,3.28
225,53275,193,2.92
225,54641,193,2.7
225,56007,193,2.57
225,57373,193,2.45
225,58739,193,2.37
225,60105,193,2.3
225,61471,193,2.21
225,62837,193,2.17
225,64203,193,2.12
225,65535,193,2.08
225,1,209,1.98
225,1367,209,2.12
225,2733,209,2.4
225,4099,209,2.91
225,5465,209,3.68
225,6831,209,3.85
225,8197,209,3.72
225,9563,209,3.71
225,10929,209,3.74
225,12295,209,3.28
225,13661,209,2.91
225,15027,209,2.59
225,16393,209,2.41
225,17759,209,2.26
225,19125,209,2.12
225,20491,209,2.03
225,21857,209,1.92
225,23223,209,1.94
225,24589,209,1.98
225,25955,209,2.04
225,27321,209,2.14
225,28687,209,2.24
225,30053,209,2.36
225,31419,209,2.52
225,32785,209,2.7
225,34151,209,2.91
225,35517,209,3.2
225,36883,209,3.49
225,38249,209,3.18
225,39615,209,2.75
225,40981,209,2.44
225,42347,209,2.19
225,43713,209,2.06
225,45079,209,2.17
225,46445,209,2.42
225,47811,209,2.75
225,49177,209,3.22
225,50543,209,3.48
225,51909,209,3.07
225,53275,209,2.74
225,54641,209,2.53
225,56007,209,2.4
225,57373,209,2.31
225,58739,209,2.24
225,60105,209,2.16
225,61471,209,2.09
225,62837,209,2.05
225,64203,209,2.01
225,65535,209,1.98
225,1,225,1.91
225,1367,225,2.03
225,2733,225,2.22
225,4099,225,2.61
225,5465,225,3.12
225,6831,225,3.56
225,8197,225,3.5
225,9563,225,3.58
225,10929,225,3.69
225,12295,225,3.23
225,13661,225,2.84
225,15027,225,2.53
225,16393,225,2.34
225,17759,225,2.18
225,19125,225,2.05
225,20491,225,1.95
225,21857,225,1.8
225,23223,225,1.83
225,24589,225,1.81
225,25955,225,1.83
225,27321,225,1.9
225,28687,225,2.0
225,30053,225,2.13
225,31419,225,2.27
225,32785,225,2.6
225,34151,225,2.84
225,35517,225,3.16
225,36883,225,3.43
225,38249,225,2.95
225,39615,225,2.54
225,40981,225,2.27
225,42347,225,2.06
225,43713,225,1.98
225,45079,225,2.06
225,46445,225,2.28
225,47811,225,2.59
225,49177,225,3.05
225,50543,225,3.36
225,51909,225,2.87
225,53275,225,2.62
225,54641,225,2.45
225,56007,225,2.3
225,57373,225,2.18
225,58739,225,2.08
225,60105,225,2.02
225,61471,225,1.99
225,62837,225,1.96
225,64203,225,1.94
225,65535,225,1.91
225,1,241,1.86
225,1367,241,1.91
225,2733,241,2.0
225,4099,241,2.19
225,5465,241,2.47
225,6831,241,2.82
225,8197,241,3.38
225,9563,241,3.51
225,10929,241,3.53
225,12295,241,3.26
225,13661,241,2.84
225,15027,241,2.48
225,16393,241,2.28
225,17759,241,2.12
225,19125,241,2.0
225,20491,241,1.87
225,21857,241,1.69
225,23223,241,1.79
225,24589,241,1.75
225,25955,241,1.8
225,27321,241,1.87
225,28687,241,1.98
225,30053,241,2.11
225,31419,241,2.26
225,32785,241,2.47
225,34151,241,2.7
225,35517,241,3.06
225,36883,241,3.31
225,38249,241,2.72
225,39615,241,2.33
225,40981,241,2.1
225,42347,241,1.97
225,43713,241,1.89
225,45079,241,1.95
225,46445,241,2.13
225,47811,241,2.39
225,49177,241,2.8
225,50543,241,3.27
225,51909,241,2.93
225,53275,241,2.64
225,54641,241,2.45
225,56007,241,2.29
225,57373,241,2.17
225,58739,241,2.08
225,60105,241,1.99
225,61471,241,1.91
225,62837,241,1.88
225,64203,241,1.86
225,65535,241,1.85
225,1,255,2.16
225,1367,255,2.18
225,2733,255,2.25
225,4099,255,2.35
225,5465,255,2.55
225,6831,255,2.78
225,8197,255,3.06
225,9563,255,3.48
225,10929,255,3.91
225,12295,255,3.9
225,13661,255,3.38
225,15027,255,2.88
225,16393,255,2.54
225,17759,255,2.3
225,19125,255,2.08
225,20491,255,2.08
225,21857,255,2.03
225,23223,255,2.02
225,24589,255,2.05
225,25955,255,2.09
225,27321,255,2.18
225,28687,255,2.26
225,30053,255,2.39
225,31419,255,2.56
225,32785,255,2.8
225,34151,255,3.07
225,35517,255,3.49
225,36883,255,3.91
225,38249,255,3.22
225,39615,255,2.74
225,40981,255,2.4
225,42347,255,2.17
225,43713,255,2.13
225,45079,255,2.16
225,46445,255,2.39
225,47811,255,2.75
225,49177,255,3.27
225,50543,255,3.91
225,51909,255,3.47
225,53275,255,3.1
225,54641,255,2.86
225,56007,255,2.67
225,57373,255,2.53
225,58739,255,2.41
225,60105,255,2.33
225,61471,255,2.24
225,62837,255,2.2
225,64203,255,2.18
225,65535,255,2.16
241,1,1,5.37
241,1367,1,5.37
241,2733,1,5.37
241,4099,1,5.37
241,5465,1,5.37
241,6831,1,5.37
241,8197,1,5.37
241,9563,1,5.37
241,10929,1,5.37
241,12295,1,5.36
241,13661,1,5.36
241,15027,1,5.37
241,16393,1,5.36
241,17759,1,5.36
241,19125,1,5.36
241,20491,1,5.36
241,21857,1,5.36
241,23223,1,5.37
241,24589,1,5.36
241,25955,1,5.36
241,27321,1,5.36
241,28687,1,5.36
241,30053,1,5.36
241,31419,1,5.36
241,32785,1,5.37
241,34151,1,5.37
241,35517,1,5.36
241,36883,1,5.36
241,38249,1,5.36
241,39615,1,5.36
241,40981,1,5.36
241,42347,1,5.36
241,43713,1,5.36
241,45079,1,5.36
241,46445,1,5.36
241,47811,1,5.36
241,49177,1,5.36
241,50543,1,5.36
241,51909,1,5.36
241,53275,1,5.35
241,54641,1,5.35
241,56007,1,5.36
241,57373,1,5.35
241,58739,1,5.36
241,60105,1,5.35
241,61471,1,5.36
241,62837,1,5.36
241,64203,1,5.35
241,65535,1,5.35
241,1,17,5.34
241,1367,17,5.35
241,2733,17,5.34
241,4099,17,5.35
241,5465,17,5.35
241,6831,17,5.36
241,8197,17,5.36
241,9563,17,5.0
241,10929,17,5.01
241,12295,17,5.01
241,13661,17,5.02
241,15027,17,5.02
241,16393,17,5.02
241,17759,17,5.03
241,19125,17,5.03
241,20491,17,5.03
241,21857,17,5.04
241,23223,17,5.04
241,24589,17,5.03
241,25955,17,5.03
241,27321,17,5.03
241,28687,17,5.03
241,30053,17,5.02
241,31419,17,5.02
241,32785,17,5.02
241,34151,17,5.02
241,35517,17,5.01
241,36883,17,5.01
241,38249,17,5.0
241,39615,17,4.99
241,40981,17,4.98
241,42347,17,4.99
241,43713,17,4.98
241,45079,17,4.98
241,46445,17,5.31
241,47811,17,5.32
241,49177,17,5.32
241,50543,17,5.33
241,51909,17,4.97
241,53275,17,4.96
241,54641,17,4.96
241,56007,17,4.97
241,57373,17,4.96
241,58739,17,4.97
241,60105,17,4.97
241,61471,17,4.97
241,62837,17,5.34
241,64203,17,5.34
241,65535,17,5.33
241,1,33,4.96
241,1367,33,4.95
241,2733,33,4.96
241,4099,33,5.29
241,5465,33,5.31
241,6831,33,5.32
241,8197,33,5.0
241,9563,33,5.0
241,10929,33,5.0
241,12295,33,5.02
241,13661,33,5.03
241,15027,33,5.04
241,16393,33,5.04
241,17759,33,5.05
241,19125,33,5.06
241,20491,33,5.07
241,21857,33,5.08
241,23223,33,5.08
241,24589,33,5.07
241,25955,33,5.07
241,27321,33,5.06
241,28687,33,5.05
241,30053,33,5.05
241,31419,33,5.04
241,32785,33,5.04
241,34151,33,5.03
241,35517,33,5.02
241,36883,33,5.01
241,38249,33,5.0
241,39615,33,4.99
241,40981,33,4.99
241,42347,33,4.98
241,43713,33,4.98
241,45079,33,4.97
241,46445,33,4.96
241,47811,33,4.96
241,49177,33,4.96
241,50543,33,4.96
241,51909,33,4.96
241,53275,33,4.96
241,54641,33,4.96
241,56007,33,4.95
241,57373,33,4.95
241,58739,33,4.95
241,60105,33,4.94
241,61471,33,4.95
241,62837,33,4.94
241,64203,33,4.95
241,65535,33,4.95
241,1,49,4.95
241,1367,49,4.95
241,2733,49,4.95
241,4099,49,4.96
241,5465,49,5.27
241,6831,49,5.27
241,8197,49,4.99
241,9563,49,5.01
241,10929,49,5.03
241,12295,49,5.03
241,13661,49,5.05
241,15027,49,5.07
241,16393,49,5.09
241,17759,49,5.1
241,19125,49,5.12
241,20491,49,5.14
241,21857,49,5.06
241,23223,49,5.1
241,24589,49,5.13
241,25955,49,5.12
241,27321,49,5.13
241,28687,49,5.11
241,30053,49,5.11
241,31419,49,5.09
241,32785,49,5.09
241,34151,49,5.07
241,35517,49,5.03
241,36883,49,5.02
241,38249,49,5.01
241,39615,49,5.0
241,40981,49,4.99
241,42347,49,4.98
241,43713,49,4.98
241,45079,49,4.97
241,46445,49,4.97
241,47811,49,4.96
241,49177,49,4.96
241,50543,49,4.97
241,51909,49,4.97
241,53275,49,4.96
241,54641,49,4.98
241,56007,49,4.97
241,57373,49,4.97
241,58739,49,4.97
241,60105,49,4.97
241,61471,49,4.96
241,62837,49,4.95
241,64203,49,4.95
241,65535,49,4.95
241,1,65,5.01
241,1367,65,4.97
241,2733,65,4.97
241,4099,65,4.95
241,5465,65,5.23
241,6831,65,5.24
241,8197,65,4.99
241,9563,65,5.02
241,10929,65,5.05
241,12295,65,5.06
241,13661,65,5.08
241,15027,65,5.11
241,16393,65,5.14
241,17759,65,5.11
241,19125,65,4.9
241,20491,65,4.76
241,21857,65,4.62
241,23223,65,4.67
241,24589,65,4.74
241,25955,65,4.81
241,27321,65,4.88
241,28687,65,4.97
241,30053,65,5.06
241,31419,65,5.13
241,32785,65,5.11
241,34151,65,5.1
241,35517,65,5.07
241,36883,65,5.05
241,38249,65,5.03
241,39615,65,5.02
241,40981,65,4.99
241,42347,65,4.99
241,43713,65,4.99
241,45079,65,4.99
241,46445,65,4.98
241,47811,65,4.98
241,49177,65,4.99
241,50543,65,4.99
241,51909,65,4.99
241,53275,65,5.02
241,54641,65,5.02
241,56007,65,5.01
241,57373,65,5.02
241,58739,65,5.02
241,60105,65,5.01
241,61471,65,5.0
241,62837,65,4.99
241,64203,65,4.99
241,65535,65,5.0
241,1,81,5.11
241,1367,81,5.04
241,2733,81,5.0
241,4099,81,4.96
241,5465,81,5.25
241,6831,81,5.22
241,8197,81,5.01
241,9563,81,5.03
241,10929,81,5.07
241,12295,81,5.1
241,13661,81,5.13
241,15027,81,5.17
241,16393,81,4.96
241,17759,81,4.74
241,19125,81,4.55
241,20491,81,4.39
241,21857,81,4.26
241,23223,81,4.32
241,24589,81,4.39
241,25955,81,4.48
241,27321,81,4.56
241,28687,81,4.66
241,30053,81,4.76
241,31419,81,4.86
241,32785,81,4.98
241,34151,81,5.12
241,35517,81,5.1
241,36883,81,5.06
241,38249,81,5.04
241,39615,81,5.02
241,40981,81,5.01
241,42347,81,5.0
241,43713,81,5.01
241,45079,81,5.01
241,46445,81,5.01
241,47811,81,5.01
241,49177,81,5.03
241,50543,81,5.03
241,51909,81,5.07
241,53275,81,5.09
241,54641,81,5.14
241,56007,81,5.13
241,57373,81,5.11
241,58739,81,5.11
241,60105,81,5.11
241,61471,81,5.1
241,62837,81,5.11
241,64203,81,5.12
241,65535,81,5.11
241,1,97,4.99
241,1367,97,5.18
241,2733,97,5.07
241,4099,97,5.0
241,5465,97,5.32
241,6831,97,5.26
241,8197,97,5.01
241,9563,97,5.06
241,10929,97,5.1
241,12295,97,5.14
241,13661,97,5.18
241,15027,97,4.91
241,16393,97,4.65
241,17759,97,4.46
241,19125,97,4.22
241,20491,97,4.08
241,21857,97,3.94
241,23223,97,4.01
241,24589,97,4.09
241,25955,97,4.17
241,27321,97,4.26
241,28687,97,4.38
241,30053,97,4.48
241,31419,97,4.6
241,32785,97,4.74
241,34151,97,4.98
241,35517,97,5.13
241,36883,97,5.1
241,38249,97,5.05
241,39615,97,5.03
241,40981,97,5.03
241,42347,97,5.04
241,43713,97,5.07
241,45079,97,5.06
241,46445,97,5.07
241,47811,97,5.07
241,49177,97,5.1
241,50543,97,5.12
241,51909,97,5.17
241,53275,97,5.23
241,54641,97,5.06
241,56007,97,5.02
241,57373,97,5.0
241,58739,97,4.99
241,60105,97,4.98
241,61471,97,4.97
241,62837,97,4.97
241,64203,97,4.98
241,65535,97,4.99
241,1,113,5.0
241,1367,113,4.97
241,2733,113,5.22
241,4099,113,5.08
241,5465,113,5.38
241,6831,113,5.33
241,8197,113,5.03
241,9563,113,5.08
241,10929,113,5.12
241,12295,113,5.19
241,13661,113,5.02
241,15027,113,4.65
241,16393,113,4.42
241,17759,113,4.17
241,19125,113,3.97
241,20491,113,3.82
241,21857,113,3.69
241,23223,113,3.75
241,24589,113,3.84
241,25955,113,3.93
241,27321,113,4.03
241,28687,113,4.14
241,30053,113,4.27
241,31419,113,4.39
241,32785,113,4.54
241,34151,113,4.79
241,35517,113,5.09
241,36883,113,5.11
241,38249,113,5.07
241,39615,113,5.07
241,40981,113,5.05
241,42347,113,5.08
241,43713,113,4.81
241,45079,113,4.9
241,46445,113,5.01
241,47811,113,5.13
241,49177,113,5.19
241,50543,113,5.26
241,51909,113,5.12
241,53275,113,4.99
241,54641,113,4.94
241,56007,113,4.93
241,57373,113,4.93
241,58739,113,4.93
241,60105,113,4.93
241,61471,113,4.94
241,62837,113,4.95
241,64203,113,4.96
241,65535,113,4.99
241,1,129,4.78
241,1367,129,5.03
241,2733,129,5.0
241,4099,129,5.21
241,5465,129,5.45
241,6831,129,5.36
241,8197,129,5.04
241,9563,129,5.09
241,10929,129,5.16
241,12295,129,5.23
241,13661,129,4.83
241,15027,129,4.44
241,16393,129,4.18
241,17759,129,3.98
241,19125,129,3.75
241,20491,129,3.61
241,21857,129,3.48
241,23223,129,3.54
241,24589,129,3.62
241,25955,129,3.71
241,27321,129,3.82
241,28687,129,3.96
241,30053,129,4.08
241,31419,129,4.21
241,32785,129,4.39
241,34151,129,4.63
241,35517,129,4.94
241,36883,129,5.12
241,38249,129,5.08
241,39615,129,5.08
241,40981,129,5.09
241,42347,129,4.75
241,43713,129,4.34
241,45079,129,4.42
241,46445,129,4.55
241,47811,129,4.7
241,49177,129,4.86
241,50543,129,5.16
241,51909,129,4.99
241,53275,129,4.95
241,54641,129,4.98
241,56007,129,4.98
241,57373,129,5.0
241,58739,129,5.02
241,60105,129,5.05
241,61471,129,5.08
241,62837,129,5.02
241,64203,129,4.9
241,65535,129,4.78
241,1,145,3.93
241,1367,145,4.76
241,2733,145,5.03
241,4099,145,5.11
241,5465,145,5.54
241,6831,145,5.07
241,8197,145,5.05
241,9563,145,5.12
241,10929,145,5.19
241,12295,145,5.11
241,13661,145,4.66
241,15027,145,4.25
241,16393,145,3.98
241,17759,145,3.78
241,19125,145,3.57
241,20491,145,3.42
241,21857,145,3.31
241,23223,145,3.36
241,24589,145,3.44
241,25955,145,3.53
241,27321,145,3.65
241,28687,145,3.79
241,30053,145,3.92
241,31419,145,4.06
241,32785,145,4.25
241,34151,145,4.5
241,35517,145,4.83
241,36883,145,5.13
241,38249,145,5.09
241,39615,145,5.09
241,40981,145,4.86
241,42347,145,4.29
241,43713,145,3.93
241,45079,145,4.03
241,46445,145,4.17
241,47811,145,4.31
241,49177,145,4.76
241,50543,145,5.04
241,51909,145,4.98
241,53275,145,5.0
241,54641,145,5.07
241,56007,145,4.9
241,57373,145,4.71
241,58739,145,4.54
241,60105,145,4.39
241,61471,145,4.22
241,62837,145,4.11
241,64203,145,4.02
241,65535,145,3.94
241,1,161,3.49
241,1367,161,3.98
241,2733,161,5.07
241,4099,161,5.04
241,5465,161,5.51
241,6831,161,5.09
241,8197,161,5.08
241,9563,161,5.15
241,10929,161,5.23
241,12295,161,4.97
241,13661,161,4.5
241,15027,161,4.09
241,16393,161,3.84
241,17759,161,3.62
241,19125,161,3.41
241,20491,161,3.27
241,21857,161,3.17
241,23223,161,3.21
241,24589,161,3.29
241,25955,161,3.38
241,27321,161,3.5
241,28687,161,3.65
241,30053,161,3.78
241,31419,161,3.93
241,32785,161,4.13
241,34151,161,4.39
241,35517,161,4.74
241,36883,161,5.13
241,38249,161,5.1
241,39615,161,5.03
241,40981,161,4.44
241,42347,161,3.92
241,43713,161,3.6
241,45079,161,3.7
241,46445,161,3.85
241,47811,161,4.19
241,49177,161,4.79
241,50543,161,5.02
241,51909,161,5.03
241,53275,161,5.08
241,54641,161,4.56
241,56007,161,4.29
241,57373,161,4.12
241,58739,161,3.98
241,60105,161,3.85
241,61471,161,3.73
241,62837,161,3.64
241,64203,161,3.56
241,65535,161,3.49
241,1,177,3.2
241,1367,177,3.55
241,2733,177,4.2
241,4099,177,5.14
241,5465,177,5.64
241,6831,177,5.16
241,8197,177,5.11
241,9563,177,5.17
241,10929,177,5.27
241,12295,177,4.86
241,13661,177,4.38
241,15027,177,3.95
241,16393,177,3.69
241,17759,177,3.48
241,19125,177,3.28
241,20491,177,3.14
241,21857,177,3.03
241,23223,177,3.08
241,24589,177,3.16
241,25955,177,3.25
241,27321,177,3.36
241,28687,177,3.52
241,30053,177,3.66
241,31419,177,3.82
241,32785,177,4.04
241,34151,177,4.3
241,35517,177,4.66
241,36883,177,5.12
241,38249,177,5.1
241,39615,177,4.65
241,40981,177,4.08
241,42347,177,3.62
241,43713,177,3.33
241,45079,177,3.44
241,46445,177,3.66
241,47811,177,4.14
241,49177,177,4.81
241,50543,177,5.04
241,51909,177,5.08
241,53275,177,4.55
241,54641,177,4.15
241,56007,177,3.92
241,57373,177,3.76
241,58739,177,3.63
241,60105,177,3.52
241,61471,177,3.41
241,62837,177,3.33
241,64203,177,3.27
241,65535,177,3.21
241,1,193,3.02
241,1367,193,3.26
241,2733,193,3.73
241,4099,193,4.81
241,5465,193,5.14
241,6831,193,5.24
241,8197,193,5.14
241,9563,193,5.18
241,10929,193,5.29
241,12295,193,4.76
241,13661,193,4.26
241,15027,193,3.82
241,16393,193,3.57
241,17759,193,3.36
241,19125,193,3.17
241,20491,193,3.04
241,21857,193,2.94
241,23223,193,2.98
241,24589,193,3.05
241,25955,193,3.13
241,27321,193,3.24
241,28687,193,3.41
241,30053,193,3.56
241,31419,193,3.73
241,32785,193,3.96
241,34151,193,4.23
241,35517,193,4.61
241,36883,193,5.1
241,38249,193,5.03
241,39615,193,4.3
241,40981,193,3.78
241,42347,193,3.35
241,43713,193,3.11
241,45079,193,3.22
241,46445,193,3.56
241,47811,193,4.05
241,49177,193,4.77
241,50543,193,5.05
241,51909,193,4.74
241,53275,193,4.21
241,54641,193,3.88
241,56007,193,3.67
241,57373,193,3.52
241,58739,193,3.4
241,60105,193,3.29
241,61471,193,3.17
241,62837,193,3.11
241,64203,193,3.06
241,65535,193,3.02
241,1,209,2.87
241,1367,209,3.06
241,2733,209,3.42
241,4099,209,4.15
241,5465,209,5.12
241,6831,209,5.32
241,8197,209,3.83
241,9563,209,4.31
241,10929,209,4.8
241,12295,209,4.67
241,13661,209,4.15
241,15027,209,3.73
241,16393,209,3.46
241,17759,209,3.25
241,19125,209,3.07
241,20491,209,2.95
241,21857,209,2.85
241,23223,209,2.88
241,24589,209,2.94
241,25955,209,3.03
241,27321,209,3.13
241,28687,209,3.3
241,30053,209,3.46
241,31419,209,3.65
241,32785,209,3.88
241,34151,209,4.17
241,35517,209,4.57
241,36883,209,5.07
241,38249,209,4.69
241,39615,209,3.98
241,40981,209,3.5
241,42347,209,3.14
241,43713,209,2.95
241,45079,209,3.08
241,46445,209,3.44
241,47811,209,3.93
241,49177,209,4.66
241,50543,209,5.05
241,51909,209,4.44
241,53275,209,3.97
241,54641,209,3.67
241,56007,209,3.46
241,57373,209,3.33
241,58739,209,3.21
241,60105,209,3.11
241,61471,209,3.02
241,62837,209,2.96
241,64203,209,2.92
241,65535,209,2.87
241,1,225,2.78
241,1367,225,2.93
241,2733,225,3.2
241,4099,225,3.68
241,5465,225,4.49
241,6831,225,5.03
241,8197,225,4.92
241,9563,225,4.96
241,10929,225,5.04
241,12295,225,4.66
241,13661,225,4.07
241,15027,225,3.64
241,16393,225,3.37
241,17759,225,3.17
241,19125,225,2.98
241,20491,225,2.87
241,21857,225,2.73
241,23223,225,2.72
241,24589,225,2.81
241,25955,225,2.9
241,27321,225,3.01
241,28687,225,3.17
241,30053,225,3.37
241,31419,225,3.55
241,32785,225,3.81
241,34151,225,4.11
241,35517,225,4.55
241,36883,225,5.01
241,38249,225,4.33
241,39615,225,3.66
241,40981,225,3.23
241,42347,225,2.95
241,43713,225,2.83
241,45079,225,2.97
241,46445,225,3.3
241,47811,225,3.75
241,49177,225,4.47
241,50543,225,4.99
241,51909,225,4.19
241,53275,225,3.81
241,54641,225,3.58
241,56007,225,3.35
241,57373,225,3.2
241,58739,225,3.06
241,60105,225,2.95
241,61471,225,2.88
241,62837,225,2.83
241,64203,225,2.8
241,65535,225,2.77
241,1,241,2.69
241,1367,241,2.81
241,2733,241,2.95
241,4099,241,3.17
241,5465,241,3.55
241,6831,241,4.07
241,8197,241,4.85
241,9563,241,5.04
241,10929,241,5.06
241,12295,241,4.81
241,13661,241,4.16
241,15027,241,3.62
241,16393,241,3.3
241,17759,241,3.1
241,19125,241,2.92
241,20491,241,2.8
241,21857,241,2.53
241,23223,241,2.58
241,24589,241,2.6
241,25955,241,2.67
241,27321,241,2.7
241,28687,241,2.87
241,30053,241,3.24
241,31419,241,3.47
241,32785,241,3.75
241,34151,241,4.05
241,35517,241,4.51
241,36883,241,4.9
241,38249,241,4.06
241,39615,241,3.45
241,40981,241,3.06
241,42347,241,2.8
241,43713,241,2.73
241,45079,241,2.83
241,46445,241,3.09
241,47811,241,3.5
241,49177,241,4.16
241,50543,241,4.87
241,51909,241,4.26
241,53275,241,3.84
241,54641,241,3.58
241,56007,241,3.35
241,57373,241,3.18
241,58739,241,3.04
241,60105,241,2.92
241,61471,241,2.82
241,62837,241,2.75
241,64203,241,2.71
241,65535,241,2.69
241,1,255,2.96
241,1367,255,2.98
241,2733,255,3.06
241,4099,255,3.22
241,5465,255,3.5
241,6831,255,3.81
241,8197,255,4.2
241,9563,255,4.79
241,10929,255,5.38
241,12295,255,5.39
241,13661,255,4.66
241,15027,255,3.95
241,16393,255,3.49
241,17759,255,3.14
241,19125,255,2.84
241,20491,255,2.79
241,21857,255,2.77
241,23223,255,2.78
241,24589,255,2.81
241,25955,255,2.79
241,27321,255,2.88
241,28687,255,3.07
241,30053,255,3.27
241,31419,255,3.52
241,32785,255,3.86
241,34151,255,4.25
241,35517,255,4.85
241,36883,255,5.42
241,38249,255,4.46
241,39615,255,3.78
241,40981,255,3.3
241,42347,255,2.99
241,43713,255,2.92
241,45079,255,2.98
241,46445,255,3.3
241,47811,255,3.8
241,49177,255,4.54
241,50543,255,5.41
241,51909,255,4.78
241,53275,255,4.26
241,54641,255,3.95
241,56007,255,3.67
241,57373,255,3.48
241,58739,255,3.31
241,60105,255,3.18
241,61471,255,3.07
241,62837,255,3.01
241,64203,255,2.98
241,65535,255,2.96
255,1,1,7.36
255,1367,1,7.36
255,2733,1,7.36
255,4099,1,7.35
255,5465,1,7.36
255,6831,1,7.36
255,8197,1,7.35
255,9563,1,7.35
255,10929,1,7.34
255,12295,1,7.35
255,13661,1,7.35
255,15027,1,7.35
255,16393,1,7.35
255,17759,1,7.34
255,19125,1,7.35
255,20491,1,7.35
255,21857,1,7.35
255,23223,1,7.35
255,24589,1,7.34
255,25955,1,7.34
255,27321,1,7.35
255,28687,1,7.34
255,30053,1,7.34
255,31419,1,7.34
255,32785,1,7.34
255,34151,1,7.33
255,35517,1,7.33
255,36883,1,7.33
255,38249,1,7.33
255,39615,1,7.33
255,40981,1,7.33
255,42347,1,7.33
255,43713,1,7.33
255,45079,1,7.33
255,46445,1,7.33
255,47811,1,7.33
255,49177,1,7.32
255,50543,1,7.33
255,51909,1,7.33
255,53275,1,7.33
255,54641,1,7.33
255,56007,1,7.32
255,57373,1,7.33
255,58739,1,7.33
255,60105,1,7.33
255,61471,1,7.32
255,62837,1,7.32
255,64203,1,7.33
255,65535,1,7.32
255,1,17,7.27
255,1367,17,7.27
255,2733,17,7.28
255,4099,17,7.27
255,5465,17,7.28
255,6831,17,7.28
255,8197,17,7.28
255,9563,17,6.86
255,10929,17,6.86
255,12295,17,6.88
255,13661,17,6.89
255,15027,17,6.9
255,16393,17,6.91
255,17759,17,6.91
255,19125,17,6.92
255,20491,17,6.93
255,21857,17,6.94
255,23223,17,6.94
255,24589,17,6.94
255,25955,17,6.93
255,27321,17,6.92
255,28687,17,6.92
255,30053,17,6.92
255,31419,17,6.91
255,32785,17,6.91
255,34151,17,6.89
255,35517,17,6.88
255,36883,17,6.87
255,38249,17,6.86
255,39615,17,6.85
255,40981,17,6.84
255,42347,17,6.83
255,43713,17,6.82
255,45079,17,6.81
255,46445,17,7.26
255,47811,17,7.26
255,49177,17,7.27
255,50543,17,7.29
255,51909,17,6.77
255,53275,17,6.76
255,54641,17,6.76
255,56007,17,6.76
255,57373,17,6.76
255,58739,17,6.77
255,60105,17,6.76
255,61471,17,7.26
255,62837,17,7.26
255,64203,17,7.25
255,65535,17,7.24
255,1,33,6.72
255,1367,33,6.73
255,2733,33,6.74
255,4099,33,7.16
255,5465,33,7.18
255,6831,33,7.18
255,8197,33,6.83
255,9563,33,6.85
255,10929,33,6.88
255,12295,33,6.9
255,13661,33,6.92
255,15027,33,6.96
255,16393,33,6.98
255,17759,33,6.99
255,19125,33,7.03
255,20491,33,7.05
255,21857,33,7.08
255,23223,33,7.08
255,24589,33,7.06
255,25955,33,7.05
255,27321,33,7.04
255,28687,33,7.02
255,30053,33,7.01
255,31419,33,7.0
255,32785,33,6.99
255,34151,33,6.96
255,35517,33,6.93
255,36883,33,6.92
255,38249,33,6.89
255,39615,33,6.86
255,40981,33,6.84
255,42347,33,6.82
255,43713,33,6.8
255,45079,33,6.79
255,46445,33,6.77
255,47811,33,6.76
255,49177,33,6.75
255,50543,33,6.74
255,51909,33,6.73
255,53275,33,6.73
255,54641,33,6.71
255,56007,33,6.71
255,57373,33,6.7
255,58739,33,6.7
255,60105,33,6.7
255,61471,33,6.71
255,62837,33,6.71
255,64203,33,6.71
255,65535,33,6.71
255,1,49,6.69
255,1367,49,6.7
255,2733,49,6.7
255,4099,49,6.72
255,5465,49,7.08
255,6831,49,7.09
255,8197,49,6.81
255,9563,49,6.88
255,10929,49,6.92
255,12295,49,6.94
255,13661,49,6.99
255,15027,49,7.02
255,16393,49,7.06
255,17759,49,7.11
255,19125,49,7.17
255,20491,49,7.0
255,21857,49,6.83
255,23223,49,6.89
255,24589,49,6.96
255,25955,49,7.04
255,27321,49,7.13
255,28687,49,7.13
255,30053,49,7.12
255,31419,49,7.1
255,32785,49,7.08
255,34151,49,7.03
255,35517,49,6.99
255,36883,49,6.95
255,38249,49,6.91
255,39615,49,6.88
255,40981,49,6.85
255,42347,49,6.83
255,43713,49,6.81
255,45079,49,6.79
255,46445,49,6.78
255,47811,49,6.75
255,49177,49,6.74
255,50543,49,6.74
255,51909,49,6.72
255,53275,49,6.72
255,54641,49,6.72
255,56007,49,6.71
255,57373,49,6.7
255,58739,49,6.7
255,60105,49,6.69
255,61471,49,6.69
255,62837,49,6.69
255,64203,49,6.7
255,65535,49,6.68
255,1,65,6.73
255,1367,65,6.7
255,2733,65,6.69
255,4099,65,6.71
255,5465,65,7.01
255,6831,65,7.05
255,8197,65,6.82
255,9563,65,6.88
255,10929,65,6.95
255,12295,65,7.0
255,13661,65,7.05
255,15027,65,7.12
255,16393,65,7.15
255,17759,65,6.89
255,19125,65,6.63
255,20491,65,6.42
255,21857,65,6.23
255,23223,65,6.29
255,24589,65,6.38
255,25955,65,6.47
255,27321,65,6.57
255,28687,65,6.7
255,30053,65,6.81
255,31419,65,6.92
255,32785,65,7.07
255,34151,65,7.12
255,35517,65,7.05
255,36883,65,7.0
255,38249,65,6.95
255,39615,65,6.91
255,40981,65,6.88
255,42347,65,6.84
255,43713,65,6.84
255,45079,65,6.81
255,46445,65,6.79
255,47811,65,6.77
255,49177,65,6.77
255,50543,65,6.77
255,51909,65,6.77
255,53275,65,6.78
255,54641,65,6.81
255,56007,65,6.78
255,57373,65,6.77
255,58739,65,6.75
255,60105,65,6.75
255,61471,65,6.74
255,62837,65,6.72
255,64203,65,6.72
255,65535,65,6.73
255,1,81,6.87
255,1367,81,6.78
255,2733,81,6.72
255,4099,81,6.7
255,5465,81,7.01
255,6831,81,6.98
255,8197,81,6.83
255,9563,81,6.91
255,10929,81,6.99
255,12295,81,7.06
255,13661,81,7.14
255,15027,81,7.02
255,16393,81,6.71
255,17759,81,6.43
255,19125,81,6.15
255,20491,81,5.96
255,21857,81,5.77
255,23223,81,5.83
255,24589,81,5.93
255,25955,81,6.03
255,27321,81,6.13
255,28687,81,6.27
255,30053,81,6.4
255,31419,81,6.53
255,32785,81,6.7
255,34151,81,7.03
255,35517,81,7.13
255,36883,81,7.05
255,38249,81,6.99
255,39615,81,6.95
255,40981,81,6.91
255,42347,81,6.89
255,43713,81,6.89
255,45079,81,6.87
255,46445,81,6.84
255,47811,81,6.84
255,49177,81,6.84
255,50543,81,6.84
255,51909,81,6.87
255,53275,81,6.92
255,54641,81,6.96
255,56007,81,6.95
255,57373,81,6.91
255,58739,81,6.91
255,60105,81,6.88
255,61471,81,6.87
255,62837,81,6.87
255,64203,81,6.87
255,65535,81,6.87
255,1,97,6.73
255,1367,97,6.96
255,2733,97,6.82
255,4099,97,6.75
255,5465,97,7.09
255,6831,97,7.02
255,8197,97,6.85
255,9563,97,6.95
255,10929,97,7.04
255,12295,97,7.13
255,13661,97,7.15
255,15027,97,6.68
255,16393,97,6.34
255,17759,97,6.05
255,19125,97,5.77
255,20491,97,5.56
255,21857,97,5.37
255,23223,97,5.46
255,24589,97,5.56
255,25955,97,5.66
255,27321,97,5.77
255,28687,97,5.92
255,30053,97,6.06
255,31419,97,6.21
255,32785,97,6.4
255,34151,97,6.72
255,35517,97,7.14
255,36883,97,7.11
255,38249,97,7.05
255,39615,97,6.98
255,40981,97,6.96
255,42347,97,6.95
255,43713,97,6.99
255,45079,97,6.96
255,46445,97,6.95
255,47811,97,6.94
255,49177,97,6.96
255,50543,97,6.99
255,51909,97,7.06
255,53275,97,7.12
255,54641,97,6.86
255,56007,97,6.8
255,57373,97,6.78
255,58739,97,6.75
255,60105,97,6.74
255,61471,97,6.72
255,62837,97,6.71
255,64203,97,6.72
255,65535,97,6.73
255,1,113,6.84
255,1367,113,6.72
255,2733,113,7.01
255,4099,113,6.84
255,5465,113,7.19
255,6831,113,7.1
255,8197,113,6.85
255,9563,113,6.97
255,10929,113,7.09
255,12295,113,7.21
255,13661,113,6.87
255,15027,113,6.36
255,16393,113,6.02
255,17759,113,5.73
255,19125,113,5.44
255,20491,113,5.25
255,21857,113,5.07
255,23223,113,5.13
255,24589,113,5.22
255,25955,113,5.33
255,27321,113,5.45
255,28687,113,5.61
255,30053,113,5.75
255,31419,113,5.91
255,32785,113,6.14
255,34151,113,6.48
255,35517,113,6.92
255,36883,113,7.15
255,38249,113,7.08
255,39615,113,7.03
255,40981,113,7.01
255,42347,113,7.02
255,43713,113,6.74
255,45079,113,6.83
255,46445,113,6.98
255,47811,113,7.1
255,49177,113,7.14
255,50543,113,7.2
255,51909,113,6.99
255,53275,113,6.78
255,54641,113,6.73
255,56007,113,6.71
255,57373,113,6.7
255,58739,113,6.7
255,60105,113,6.71
255,61471,113,6.72
255,62837,113,6.74
255,64203,113,6.78
255,65535,113,6.83
255,1,129,6.58
255,1367,129,6.9
255,2733,129,6.75
255,4099,129,7.0
255,5465,129,7.28
255,6831,129,7.16
255,8197,129,6.87
255,9563,129,7.0
255,10929,129,7.15
255,12295,129,7.2
255,13661,129,6.63
255,15027,129,6.1
255,16393,129,5.74
255,17759,129,5.45
255,19125,129,5.18
255,20491,129,4.97
255,21857,129,4.8
255,23223,129,4.86
255,24589,129,4.96
255,25955,129,5.06
255,27321,129,5.18
255,28687,129,5.34
255,30053,129,5.5
255,31419,129,5.68
255,32785,129,5.91
255,34151,129,6.26
255,35517,129,6.71
255,36883,129,7.22
255,38249,129,7.1
255,39615,129,7.07
255,40981,129,7.07
255,42347,129,6.65
255,43713,129,6.06
255,45079,129,6.16
255,46445,129,6.34
255,47811,129,6.51
255,49177,129,6.74
255,50543,129,7.06
255,51909,129,6.82
255,53275,129,6.8
255,54641,129,6.87
255,56007,129,6.9
255,57373,129,6.92
255,58739,129,6.96
255,60105,129,7.02
255,61471,129,7.09
255,62837,129,6.94
255,64203,129,6.77
255,65535,129,6.59
255,1,145,5.46
255,1367,145,6.55
255,2733,145,6.89
255,4099,145,6.9
255,5465,145,7.4
255,6831,145,6.83
255,8197,145,6.87
255,9563,145,7.03
255,10929,145,7.2
255,12295,145,7.02
255,13661,145,6.42
255,15027,145,5.86
255,16393,145,5.52
255,17759,145,5.21
255,19125,145,4.94
255,20491,145,4.74
255,21857,145,4.58
255,23223,145,4.64
255,24589,145,4.73
255,25955,145,4.83
255,27321,145,4.95
255,28687,145,5.12
255,30053,145,5.28
255,31419,145,5.47
255,32785,145,5.72
255,34151,145,6.08
255,35517,145,6.56
255,36883,145,7.23
255,38249,145,7.15
255,39615,145,7.12
255,40981,145,6.87
255,42347,145,6.03
255,43713,145,5.5
255,45079,145,5.61
255,46445,145,5.79
255,47811,145,6.01
255,49177,145,6.63
255,50543,145,6.93
255,51909,145,6.87
255,53275,145,6.94
255,54641,145,7.08
255,56007,145,6.84
255,57373,145,6.55
255,58739,145,6.3
255,60105,145,6.08
255,61471,145,5.88
255,62837,145,5.72
255,64203,145,5.59
255,65535,145,5.46
255,1,161,4.87
255,1367,161,5.5
255,2733,161,6.96
255,4099,161,6.83
255,5465,161,7.42
255,6831,161,6.88
255,8197,161,6.91
255,9563,161,7.05
255,10929,161,7.24
255,12295,161,6.87
255,13661,161,6.24
255,15027,161,5.66
255,16393,161,5.3
255,17759,161,5.03
255,19125,161,4.73
255,20491,161,4.55
255,21857,161,4.41
255,23223,161,4.45
255,24589,161,4.53
255,25955,161,4.64
255,27321,161,4.76
255,28687,161,4.93
255,30053,161,5.1
255,31419,161,5.29
255,32785,161,5.57
255,34151,161,5.93
255,35517,161,6.43
255,36883,161,7.16
255,38249,161,7.18
255,39615,161,7.17
255,40981,161,6.27
255,42347,161,5.5
255,43713,161,5.02
255,45079,161,5.16
255,46445,161,5.36
255,47811,161,5.8
255,49177,161,6.69
255,50543,161,6.95
255,51909,161,7.0
255,53275,161,7.12
255,54641,161,6.38
255,56007,161,6.01
255,57373,161,5.76
255,58739,161,5.55
255,60105,161,5.37
255,61471,161,5.19
255,62837,161,5.07
255,64203,161,4.97
255,65535,161,4.88
255,1,177,4.5
255,1367,177,4.96
255,2733,177,5.81
255,4099,177,7.09
255,5465,177,7.46
255,6831,177,6.95
255,8197,177,6.93
255,9563,177,7.07
255,10929,177,7.28
255,12295,177,6.74
255,13661,177,6.08
255,15027,177,5.49
255,16393,177,5.12
255,17759,177,4.85
255,19125,177,4.57
255,20491,177,4.4
255,21857,177,4.26
255,23223,177,4.3
255,24589,177,4.38
255,25955,177,4.47
255,27321,177,4.59
255,28687,177,4.77
255,30053,177,4.95
255,31419,177,5.15
255,32785,177,5.44
255,34151,177,5.81
255,35517,177,6.34
255,36883,177,7.14
255,38249,177,7.19
255,39615,177,6.6
255,40981,177,5.75
255,42347,177,5.06
255,43713,177,4.66
255,45079,177,4.8
255,46445,177,5.06
255,47811,177,5.74
255,49177,177,6.76
255,50543,177,7.03
255,51909,177,7.14
255,53275,177,6.42
255,54641,177,5.82
255,56007,177,5.49
255,57373,177,5.26
255,58739,177,5.08
255,60105,177,4.91
255,61471,177,4.76
255,62837,177,4.65
255,64203,177,4.57
255,65535,177,4.5
255,1,193,4.25
255,1367,193,4.58
255,2733,193,5.19
255,4099,193,6.6
255,5465,193,6.93
255,6831,193,7.05
255,8197,193,6.95
255,9563,193,7.1
255,10929,193,7.31
255,12295,193,6.64
255,13661,193,5.94
255,15027,193,5.35
255,16393,193,4.98
255,17759,193,4.7
255,19125,193,4.44
255,20491,193,4.27
255,21857,193,4.14
255,23223,193,4.17
255,24589,193,4.25
255,25955,193,4.34
255,27321,193,4.45
255,28687,193,4.63
255,30053,193,4.81
255,31419,193,5.02
255,32785,193,5.33
255,34151,193,5.71
255,35517,193,6.28
255,36883,193,7.16
255,38249,193,7.2
255,39615,193,6.1
255,40981,193,5.31
255,42347,193,4.7
255,43713,193,4.36
255,45079,193,4.5
255,46445,193,4.93
255,47811,193,5.66
255,49177,193,6.76
255,50543,193,7.13
255,51909,193,6.72
255,53275,193,5.95
255,54641,193,5.47
255,56007,193,5.15
255,57373,193,4.94
255,58739,193,4.76
255,60105,193,4.61
255,61471,193,4.47
255,62837,193,4.38
255,64203,193,4.3
255,65535,193,4.26
255,1,209,4.07
255,1367,209,4.33
255,2733,209,4.79
255,4099,209,5.73
255,5465,209,6.98
255,6831,209,7.19
255,8197,209,6.98
255,9563,209,7.11
255,10929,209,7.34
255,12295,209,6.54
255,13661,209,5.81
255,15027,209,5.21
255,16393,209,4.85
255,17759,209,4.57
255,19125,209,4.31
255,20491,209,4.16
255,21857,209,4.03
255,23223,209,4.06
255,24589,209,4.12
255,25955,209,4.2
255,27321,209,4.32
255,28687,209,4.5
255,30053,209,4.68
255,31419,209,4.9
255,32785,209,5.23
255,34151,209,5.63
255,35517,209,6.23
255,36883,209,7.21
255,38249,209,6.72
255,39615,209,5.65
255,40981,209,4.93
255,42347,209,4.4
255,43713,209,4.14
255,45079,209,4.26
255,46445,209,4.79
255,47811,209,5.5
255,49177,209,6.63
255,50543,209,7.16
255,51909,209,6.33
255,53275,209,5.65
255,54641,209,5.22
255,56007,209,4.92
255,57373,209,4.71
255,58739,209,4.53
255,60105,209,4.39
255,61471,209,4.27
255,62837,209,4.19
255,64203,209,4.13
255,65535,209,4.07
255,1,225,3.95
255,1367,225,4.15
255,2733,225,4.5
255,4099,225,5.2
255,5465,225,5.87
255,6831,225,6.51
255,8197,225,7.04
255,9563,225,7.0
255,10929,225,7.07
255,12295,225,6.74
255,13661,225,5.82
255,15027,225,5.09
255,16393,225,4.73
255,17759,225,4.46
255,19125,225,4.21
255,20491,225,4.06
255,21857,225,3.93
255,23223,225,3.95
255,24589,225,4.0
255,25955,225,4.08
255,27321,225,4.19
255,28687,225,4.36
255,30053,225,4.55
255,31419,225,4.77
255,32785,225,5.12
255,34151,225,5.53
255,35517,225,6.19
255,36883,225,7.13
255,38249,225,6.23
255,39615,225,5.24
255,40981,225,4.6
255,42347,225,4.15
255,43713,225,3.96
255,45079,225,4.14
255,46445,225,4.59
255,47811,225,5.26
255,49177,225,6.37
255,50543,225,7.13
255,51909,225,6.08
255,53275,225,5.45
255,54641,225,5.04
255,56007,225,4.73
255,57373,225,4.53
255,58739,225,4.36
255,60105,225,4.23
255,61471,225,4.1
255,62837,225,4.04
255,64203,225,3.99
255,65535,225,3.94
255,1,241,3.9
255,1367,241,4.03
255,2733,241,4.19
255,4099,241,4.35
255,5465,241,4.66
255,6831,241,5.05
255,8197,241,5.58
255,9563,241,6.46
255,10929,241,7.18
255,12295,241,7.13
255,13661,241,6.1
255,15027,241,5.23
255,16393,241,4.74
255,17759,241,4.41
255,19125,241,4.14
255,20491,241,3.99
255,21857,241,3.82
255,23223,241,3.81
255,24589,241,3.86
255,25955,241,3.93
255,27321,241,4.03
255,28687,241,4.2
255,30053,241,4.38
255,31419,241,4.6
255,32785,241,4.96
255,34151,241,5.4
255,35517,241,6.11
255,36883,241,7.08
255,38249,241,5.87
255,39615,241,4.94
255,40981,241,4.37
255,42347,241,4.01
255,43713,241,3.89
255,45079,241,4.0
255,46445,241,4.37
255,47811,241,4.97
255,49177,241,6.01
255,50543,241,7.04
255,51909,241,6.03
255,53275,241,5.38
255,54641,241,4.99
255,56007,241,4.67
255,57373,241,4.46
255,58739,241,4.29
255,60105,241,4.16
255,61471,241,4.05
255,62837,241,3.97
255,64203,241,3.94
255,65535,241,3.91
255,1,255,3.9
255,1367,255,3.93
255,2733,255,4.04
255,4099,255,4.23
255,5465,255,4.6
255,6831,255,5.02
255,8197,255,5.54
255,9563,255,6.33
255,10929,255,7.13
255,12295,255,7.2
255,13661,255,6.2
255,15027,255,5.23
255,16393,255,4.61
255,17759,255,4.13
255,19125,255,3.74
255,20491,255,3.6
255,21857,255,3.56
255,23223,255,3.58
255,24589,255,3.62
255,25955,255,3.7
255,27321,255,3.83
255,28687,255,4.04
255,30053,255,4.32
255,31419,255,4.65
255,32785,255,5.12
255,34151,255,5.65
255,35517,255,6.47
255,36883,255,7.24
255,38249,255,5.93
255,39615,255,5.01
255,40981,255,4.37
255,42347,255,3.97
255,43713,255,3.86
255,45079,255,3.95
255,46445,255,4.38
255,47811,255,5.05
255,49177,255,6.06
255,50543,255,7.21
255,51909,255,6.35
255,53275,255,5.66
255,54641,255,5.22
255,56007,255,4.84
255,57373,255,4.59
255,58739,255,4.37
255,60105,255,4.19
255,61471,255,4.05
255,62837,255,3.96
255,64203,255,3.92
255,65535,255,3.9
