bri,hue,sat,watt
1,1,1,1.11
1,2001,1,1.26
1,4001,1,1.43
1,6001,1,1.26
1,8001,1,1.28
1,10001,1,1.21
1,12001,1,1.17
1,14001,1,1.34
1,16001,1,1.18
1,18001,1,1.15
1,20001,1,1.24
1,22001,1,1.12
1,24001,1,1.19
1,26001,1,1.09
1,28001,1,1.36
1,30001,1,1.17
1,32001,1,1.22
1,34001,1,1.21
1,36001,1,1.15
1,38001,1,1.35
1,40001,1,1.25
1,42001,1,1.3
1,44001,1,1.27
1,46001,1,1.21
1,48001,1,1.16
1,50001,1,1.31
1,52001,1,1.22
1,54001,1,1.19
1,56001,1,1.18
1,58001,1,1.26
1,60001,1,1.15
1,62001,1,1.24
1,64001,1,1.25
1,65535,1,1.22
1,1,11,1.18
1,2001,11,1.28
1,4001,11,1.21
1,6001,11,1.11
1,8001,11,1.22
1,10001,11,1.08
1,12001,11,1.27
1,14001,11,1.13
1,16001,11,1.05
1,18001,11,1.18
1,20001,11,1.05
1,22001,11,1.11
1,24001,11,1.16
1,26001,11,1.33
1,28001,11,1.18
1,30001,11,1.35
1,32001,11,1.28
1,34001,11,1.28
1,36001,11,1.21
1,38001,11,1.32
1,40001,11,1.22
1,42001,11,1.24
1,44001,11,1.15
1,46001,11,1.18
1,48001,11,1.16
1,50001,11,1.22
1,52001,11,1.13
1,54001,11,1.21
1,56001,11,1.3
1,58001,11,1.11
1,60001,11,1.18
1,62001,11,1.19
1,64001,11,1.33
1,65535,11,1.24
1,1,21,1.2
1,2001,21,1.23
1,4001,21,1.3
1,6001,21,1.19
1,8001,21,1.26
1,10001,21,1.22
1,12001,21,1.18
1,14001,21,1.23
1,16001,21,1.39
1,18001,21,1.23
1,20001,21,1.09
1,22001,21,1.22
1,24001,21,1.25
1,26001,21,1.24
1,28001,21,1.19
1,30001,21,1.24
1,32001,21,1.26
1,34001,21,1.09
1,36001,21,1.19
1,38001,21,1.29
1,40001,21,1.19
1,42001,21,1.22
1,44001,21,1.21
1,46001,21,1.26
1,48001,21,1.14
1,50001,21,1.19
1,52001,21,1.24
1,54001,21,1.21
1,56001,21,1.16
1,58001,21,1.22
1,60001,21,1.13
1,62001,21,1.28
1,64001,21,1.31
1,65535,21,1.3
1,1,31,1.16
1,2001,31,1.28
1,4001,31,1.23
1,6001,31,1.21
1,8001,31,1.31
1,10001,31,1.18
1,12001,31,1.13
1,14001,31,1.27
1,16001,31,1.23
1,18001,31,1.19
1,20001,31,1.29
1,22001,31,1.19
1,24001,31,1.19
1,26001,31,1.2
1,28001,31,1.19
1,30001,31,1.18
1,32001,31,1.12
1,34001,31,1.34
1,36001,31,1.37
1,38001,31,1.23
1,40001,31,1.37
1,42001,31,1.12
1,44001,31,1.07
1,46001,31,1.24
1,48001,31,1.16
1,50001,31,1.21
1,52001,31,1.13
1,54001,31,1.17
1,56001,31,1.28
1,58001,31,1.16
1,60001,31,1.22
1,62001,31,1.16
1,64001,31,1.11
1,65535,31,1.12
1,1,41,1.18
1,2001,41,1.18
1,4001,41,1.24
1,6001,41,1.3
1,8001,41,1.19
1,10001,41,1.41
1,12001,41,1.33
1,14001,41,1.18
1,16001,41,1.17
1,18001,41,1.25
1,20001,41,1.31
1,22001,41,1.36
1,24001,41,1.13
1,26001,41,1.13
1,28001,41,1.03
1,30001,41,1.25
1,32001,41,1.09
1,34001,41,1.3
1,36001,41,1.18
1,38001,41,1.21
1,40001,41,1.19
1,42001,41,1.31
1,44001,41,1.21
1,46001,41,1.2
1,48001,41,1.24
1,50001,41,1.21
1,52001,41,1.26
1,54001,41,1.13
1,56001,41,1.13
1,58001,41,1.07
1,60001,41,1.3
1,62001,41,1.16
1,64001,41,1.25
1,65535,41,1.23
1,1,51,1.22
1,2001,51,1.26
1,4001,51,1.14
1,6001,51,1.16
1,8001,51,1.23
1,10001,51,1.13
1,12001,51,1.09
1,14001,51,1.28
1,16001,51,1.24
1,18001,51,1.14
1,20001,51,1.23
1,22001,51,1.27
1,24001,51,1.07
1,26001,51,1.12
1,28001,51,1.17
1,30001,51,1.24
1,32001,51,1.21
1,34001,51,1.26
1,36001,51,1.27
1,38001,51,1.16
1,40001,51,1.22
1,42001,51,1.24
1,44001,51,1.25
1,46001,51,1.19
1,48001,51,1.29
1,50001,51,1.25
1,52001,51,1.24
1,54001,51,1.25
1,56001,51,1.3
1,58001,51,1.19
1,60001,51,1.19
1,62001,51,1.21
1,64001,51,1.24
1,65535,51,1.25
1,1,61,1.1
1,2001,61,1.13
1,4001,61,1.34
1,6001,61,1.25
1,8001,61,1.15
1,10001,61,1.22
1,12001,61,1.3
1,14001,61,1.15
1,16001,61,1.13
1,18001,61,1.31
1,20001,61,1.23
1,22001,61,1.2
1,24001,61,1.23
1,26001,61,1.2
1,28001,61,1.24
1,30001,61,1.27
1,32001,61,1.2
1,34001,61,1.23
1,36001,61,1.29
1,38001,61,1.25
1,40001,61,1.16
1,42001,61,1.17
1,44001,61,1.09
1,46001,61,1.07
1,48001,61,1.17
1,50001,61,1.17
1,52001,61,1.13
1,54001,61,1.13
1,56001,61,1.13
1,58001,61,1.22
1,60001,61,1.23
1,62001,61,1.27
1,64001,61,1.16
1,65535,61,1.15
1,1,71,1.18
1,2001,71,1.29
1,4001,71,1.47
1,6001,71,1.32
1,8001,71,1.12
1,10001,71,1.22
1,12001,71,1.32
1,14001,71,1.31
1,16001,71,1.18
1,18001,71,1.15
1,20001,71,1.37
1,22001,71,1.2
1,24001,71,1.16
1,26001,71,1.17
1,28001,71,1.13
1,30001,71,1.11
1,32001,71,1.13
1,34001,71,1.26
1,36001,71,1.24
1,38001,71,1.15
1,40001,71,1.25
1,42001,71,1.2
1,44001,71,1.21
1,46001,71,1.2
1,48001,71,1.13
1,50001,71,1.2
1,52001,71,1.28
1,54001,71,1.28
1,56001,71,1.22
1,58001,71,1.13
1,60001,71,1.18
1,62001,71,1.15
1,64001,71,1.15
1,65535,71,1.26
1,1,81,1.45
1,2001,81,1.24
1,4001,81,1.3
1,6001,81,1.25
1,8001,81,1.09
1,10001,81,1.26
1,12001,81,1.27
1,14001,81,1.25
1,16001,81,1.28
1,18001,81,1.13
1,20001,81,1.31
1,22001,81,1.22
1,24001,81,1.26
1,26001,81,1.27
1,28001,81,1.08
1,30001,81,1.2
1,32001,81,1.18
1,34001,81,1.33
1,36001,81,1.26
1,38001,81,1.26
1,40001,81,1.14
1,42001,81,1.36
1,44001,81,1.28
1,46001,81,1.15
1,48001,81,1.22
1,50001,81,1.16
1,52001,81,1.21
1,54001,81,1.16
1,56001,81,1.21
1,58001,81,1.27
1,60001,81,1.22
1,62001,81,1.24
1,64001,81,1.23
1,65535,81,1.18
1,1,91,1.2
1,2001,91,1.22
1,4001,91,1.35
1,6001,91,1.21
1,8001,91,1.29
1,10001,91,1.32
1,12001,91,1.17
1,14001,91,1.18
1,16001,91,1.21
1,18001,91,1.25
1,20001,91,1.23
1,22001,91,1.23
1,24001,91,1.22
1,26001,91,1.15
1,28001,91,1.14
1,30001,91,1.18
1,32001,91,1.12
1,34001,91,1.18
1,36001,91,1.21
1,38001,91,1.23
1,40001,91,1.18
1,42001,91,1.14
1,44001,91,1.14
1,46001,91,1.19
1,48001,91,1.23
1,50001,91,1.15
1,52001,91,1.16
1,54001,91,1.17
1,56001,91,1.25
1,58001,91,1.15
1,60001,91,1.22
1,62001,91,1.16
1,64001,91,1.21
1,65535,91,1.37
1,1,101,1.16
1,2001,101,1.12
1,4001,101,1.07
1,6001,101,1.18
1,8001,101,1.13
1,10001,101,1.22
1,12001,101,1.26
1,14001,101,1.14
1,16001,101,1.2
1,18001,101,1.28
1,20001,101,1.2
1,22001,101,1.22
1,24001,101,1.11
1,26001,101,1.14
1,28001,101,1.13
1,30001,101,1.14
1,32001,101,1.14
1,34001,101,1.3
1,36001,101,1.22
1,38001,101,1.18
1,40001,101,1.13
1,42001,101,1.17
1,44001,101,1.15
1,46001,101,1.2
1,48001,101,1.21
1,50001,101,1.14
1,52001,101,1.08
1,54001,101,1.23
1,56001,101,1.3
1,58001,101,1.18
1,60001,101,1.15
1,62001,101,1.38
1,64001,101,1.33
1,65535,101,1.22
1,1,111,1.23
1,2001,111,1.25
1,4001,111,1.23
1,6001,111,1.24
1,8001,111,1.13
1,10001,111,1.18
1,12001,111,1.21
1,14001,111,1.18
1,16001,111,1.19
1,18001,111,1.14
1,20001,111,1.13
1,22001,111,1.21
1,24001,111,1.11
1,26001,111,1.23
1,28001,111,1.18
1,30001,111,1.2
1,32001,111,1.18
1,34001,111,1.31
1,36001,111,1.1
1,38001,111,1.32
1,40001,111,1.18
1,42001,111,1.17
1,44001,111,1.18
1,46001,111,1.12
1,48001,111,1.14
1,50001,111,1.1
1,52001,111,1.19
1,54001,111,1.2
1,56001,111,1.2
1,58001,111,1.17
1,60001,111,1.35
1,62001,111,1.36
1,64001,111,1.12
1,65535,111,1.31
1,1,121,1.13
1,2001,121,1.23
1,4001,121,1.22
1,6001,121,1.18
1,8001,121,1.19
1,10001,121,1.19
1,12001,121,1.28
1,14001,121,1.14
1,16001,121,1.16
1,18001,121,1.32
1,20001,121,1.18
1,22001,121,1.24
1,24001,121,1.15
1,26001,121,1.14
1,28001,121,1.06
1,30001,121,1.03
1,32001,121,1.14
1,34001,121,1.16
1,36001,121,1.24
1,38001,121,1.2
1,40001,121,1.27
1,42001,121,1.37
1,44001,121,1.15
1,46001,121,1.18
1,48001,121,1.1
1,50001,121,1.14
1,52001,121,1.28
1,54001,121,1.08
1,56001,121,1.19
1,58001,121,1.25
1,60001,121,1.22
1,62001,121,1.19
1,64001,121,1.18
1,65535,121,1.16
1,1,131,1.4
1,2001,131,1.21
1,4001,131,1.26
1,6001,131,1.22
1,8001,131,1.15
1,10001,131,1.21
1,12001,131,1.21
1,14001,131,1.09
1,16001,131,1.2
1,18001,131,1.23
1,20001,131,1.19
1,22001,131,1.07
1,24001,131,1.17
1,26001,131,1.11
1,28001,131,1.13
1,30001,131,1.18
1,32001,131,1.1
1,34001,131,1.15
1,36001,131,1.19
1,38001,131,1.22
1,40001,131,1.27
1,42001,131,1.18
1,44001,131,1.12
1,46001,131,1.14
1,48001,131,1.16
1,50001,131,1.11
1,52001,131,1.11
1,54001,131,1.09
1,56001,131,1.14
1,58001,131,1.29
1,60001,131,1.17
1,62001,131,1.2
1,64001,131,1.25
1,65535,131,1.25
1,1,141,1.17
1,2001,141,1.26
1,4001,141,1.31
1,6001,141,1.17
1,8001,141,1.21
1,10001,141,1.15
1,12001,141,1.17
1,14001,141,1.05
1,16001,141,1.16
1,18001,141,1.3
1,20001,141,1.3
1,22001,141,1.07
1,24001,141,1.14
1,26001,141,1.16
1,28001,141,1.01
1,30001,141,1.13
1,32001,141,1.14
1,34001,141,1.17
1,36001,141,1.14
1,38001,141,1.19
1,40001,141,1.11
1,42001,141,1.34
1,44001,141,1.06
1,46001,141,1.18
1,48001,141,1.19
1,50001,141,1.11
1,52001,141,1.05
1,54001,141,1.15
1,56001,141,1.13
1,58001,141,1.18
1,60001,141,1.2
1,62001,141,1.26
1,64001,141,1.3
1,65535,141,1.15
1,1,151,1.19
1,2001,151,1.13
1,4001,151,1.13
1,6001,151,1.32
1,8001,151,1.21
1,10001,151,1.21
1,12001,151,1.21
1,14001,151,1.23
1,16001,151,1.2
1,18001,151,1.21
1,20001,151,1.09
1,22001,151,1.11
1,24001,151,1.18
1,26001,151,1.14
1,28001,151,1.22
1,30001,151,1.07
1,32001,151,1.19
1,34001,151,1.16
1,36001,151,1.23
1,38001,151,1.1
1,40001,151,1.16
1,42001,151,1.17
1,44001,151,1.2
1,46001,151,1.22
1,48001,151,1.09
1,50001,151,1.13
1,52001,151,1.19
1,54001,151,1.19
1,56001,151,1.25
1,58001,151,1.22
1,60001,151,1.21
1,62001,151,1.21
1,64001,151,1.37
1,65535,151,1.14
1,1,161,1.36
1,2001,161,1.23
1,4001,161,1.23
1,6001,161,1.25
1,8001,161,1.23
1,10001,161,1.24
1,12001,161,1.22
1,14001,161,1.16
1,16001,161,1.13
1,18001,161,1.17
1,20001,161,1.13
1,22001,161,1.21
1,24001,161,1.01
1,26001,161,1.06
1,28001,161,1.15
1,30001,161,1.12
1,32001,161,0.98
1,34001,161,1.1
1,36001,161,1.11
1,38001,161,1.07
1,40001,161,1.06
1,42001,161,1.26
1,44001,161,1.06
1,46001,161,1.14
1,48001,161,1.22
1,50001,161,1.16
1,52001,161,1.12
1,54001,161,1.24
1,56001,161,1.16
1,58001,161,1.34
1,60001,161,1.23
1,62001,161,1.27
1,64001,161,1.22
1,65535,161,1.11
1,1,171,1.26
1,2001,171,1.2
1,4001,171,1.19
1,6001,171,1.2
1,8001,171,1.25
1,10001,171,1.34
1,12001,171,1.17
1,14001,171,1.26
1,16001,171,1.25
1,18001,171,1.2
1,20001,171,1.24
1,22001,171,1.08
1,24001,171,1.07
1,26001,171,1.01
1,28001,171,1.11
1,30001,171,1.1
1,32001,171,1.15
1,34001,171,1.12
1,36001,171,1.18
1,38001,171,1.21
1,40001,171,1.1
1,42001,171,1.19
1,44001,171,1.05
1,46001,171,1.21
1,48001,171,1.14
1,50001,171,1.22
1,52001,171,0.93
1,54001,171,1.15
1,56001,171,1.16
1,58001,171,1.06
1,60001,171,1.11
1,62001,171,1.17
1,64001,171,1.25
1,65535,171,1.21
1,1,181,1.14
1,2001,181,1.16
1,4001,181,1.18
1,6001,181,1.16
1,8001,181,1.26
1,10001,181,1.2
1,12001,181,1.08
1,14001,181,1.28
1,16001,181,1.14
1,18001,181,1.23
1,20001,181,1.28
1,22001,181,1.09
1,24001,181,1.03
1,26001,181,1.11
1,28001,181,1.03
1,30001,181,1.11
1,32001,181,1.2
1,34001,181,1.24
1,36001,181,1.19
1,38001,181,1.22
1,40001,181,1.15
1,42001,181,1.15
1,44001,181,1.09
1,46001,181,0.97
1,48001,181,1.1
1,50001,181,1.15
1,52001,181,1.08
1,54001,181,1.11
1,56001,181,1.15
1,58001,181,1.19
1,60001,181,1.19
1,62001,181,1.16
1,64001,181,1.22
1,65535,181,1.26
1,1,191,1.1
1,2001,191,1.06
1,4001,191,1.25
1,6001,191,1.2
1,8001,191,1.16
1,10001,191,1.21
1,12001,191,1.14
1,14001,191,1.1
1,16001,191,1.16
1,18001,191,1.23
1,20001,191,1.19
1,22001,191,1.11
1,24001,191,1.18
1,26001,191,1.11
1,28001,191,1.19
1,30001,191,1.08
1,32001,191,1.25
1,34001,191,1.12
1,36001,191,1.06
1,38001,191,1.21
1,40001,191,1.07
1,42001,191,1.11
1,44001,191,1.24
1,46001,191,1.18
1,48001,191,1.07
1,50001,191,1.16
1,52001,191,1.1
1,54001,191,1.13
1,56001,191,1.19
1,58001,191,1.19
1,60001,191,1.28
1,62001,191,1.17
1,64001,191,1.29
1,65535,191,1.19
1,1,201,1.14
1,2001,201,1.2
1,4001,201,1.17
1,6001,201,1.2
1,8001,201,1.25
1,10001,201,1.21
1,12001,201,1.19
1,14001,201,1.09
1,16001,201,1.16
1,18001,201,1.18
1,20001,201,1.09
1,22001,201,1.12
1,24001,201,1.06
1,26001,201,1.01
1,28001,201,1.14
1,30001,201,1.13
1,32001,201,1.05
1,34001,201,1.03
1,36001,201,1.06
1,38001,201,1.21
1,40001,201,1.07
1,42001,201,1.19
1,44001,201,1.19
1,46001,201,1.07
1,48001,201,1.13
1,50001,201,1.13
1,52001,201,1.17
1,54001,201,1.16
1,56001,201,1.15
1,58001,201,1.13
1,60001,201,1.22
1,62001,201,1.31
1,64001,201,1.2
1,65535,201,1.17
1,1,211,1.24
1,2001,211,1.03
1,4001,211,1.2
1,6001,211,1.1
1,8001,211,1.21
1,10001,211,1.16
1,12001,211,1.23
1,14001,211,1.26
1,16001,211,1.18
1,18001,211,1.2
1,20001,211,1.26
1,22001,211,1.15
1,24001,211,1.12
1,26001,211,1.05
1,28001,211,0.94
1,30001,211,1.13
1,32001,211,1.08
1,34001,211,1.18
1,36001,211,1.11
1,38001,211,1.21
1,40001,211,1.13
1,42001,211,1.11
1,44001,211,1.27
1,46001,211,1.17
1,48001,211,1.12
1,50001,211,1.06
1,52001,211,1.02
1,54001,211,1.22
1,56001,211,1.14
1,58001,211,1.22
1,60001,211,1.25
1,62001,211,1.23
1,64001,211,1.28
1,65535,211,1.16
1,1,221,1.15
1,2001,221,1.11
1,4001,221,1.15
1,6001,221,1.2
1,8001,221,1.11
1,10001,221,1.24
1,12001,221,1.22
1,14001,221,1.29
1,16001,221,1.13
1,18001,221,1.16
1,20001,221,1.13
1,22001,221,1.04
1,24001,221,1.16
1,26001,221,1.14
1,28001,221,1.07
1,30001,221,1.07
1,32001,221,1.05
1,34001,221,1.03
1,36001,221,1.08
1,38001,221,1.18
1,40001,221,1.04
1,42001,221,1.06
1,44001,221,1.18
1,46001,221,1.09
1,48001,221,1.05
1,50001,221,1.14
1,52001,221,1.23
1,54001,221,1.19
1,56001,221,1.15
1,58001,221,1.15
1,60001,221,1.12
1,62001,221,1.15
1,64001,221,1.15
1,65535,221,1.22
1,1,231,1.14
1,2001,231,1.12
1,4001,231,1.23
1,6001,231,1.09
1,8001,231,1.13
1,10001,231,1.1
1,12001,231,1.14
1,14001,231,1.25
1,16001,231,1.26
1,18001,231,1.27
1,20001,231,1.13
1,22001,231,1.2
1,24001,231,1.07
1,26001,231,1.07
1,28001,231,1.03
1,30001,231,0.99
1,32001,231,1.03
1,34001,231,1.04
1,36001,231,1.09
1,38001,231,1.13
1,40001,231,1.22
1,42001,231,1.13
1,44001,231,1.16
1,46001,231,1.09
1,48001,231,1.11
1,50001,231,1.11
1,52001,231,1.06
1,54001,231,1.12
1,56001,231,1.16
1,58001,231,1.19
1,60001,231,1.15
1,62001,231,1.21
1,64001,231,1.12
1,65535,231,1.16
1,1,241,1.06
1,2001,241,1.08
1,4001,241,1.12
1,6001,241,1.17
1,8001,241,1.09
1,10001,241,1.18
1,12001,241,1.17
1,14001,241,1.2
1,16001,241,1.31
1,18001,241,1.2
1,20001,241,1.22
1,22001,241,1.2
1,24001,241,1.07
1,26001,241,1.02
1,28001,241,0.92
1,30001,241,1.07
1,32001,241,1.05
1,34001,241,1.21
1,36001,241,1.18
1,38001,241,1.11
1,40001,241,1.15
1,42001,241,1.17
1,44001,241,1.14
1,46001,241,1.0
1,48001,241,1.04
1,50001,241,1.15
1,52001,241,1.13
1,54001,241,1.12
1,56001,241,1.15
1,58001,241,1.17
1,60001,241,1.15
1,62001,241,1.2
1,64001,241,1.12
1,65535,241,1.14
1,1,251,1.24
1,2001,251,1.19
1,4001,251,1.19
1,6001,251,1.16
1,8001,251,1.19
1,10001,251,1.24
1,12001,251,1.19
1,14001,251,1.09
1,16001,251,1.21
1,18001,251,1.18
1,20001,251,1.19
1,22001,251,1.07
1,24001,251,1.06
1,26001,251,1.05
1,28001,251,1.06
1,30001,251,1.09
1,32001,251,1.14
1,34001,251,1.14
1,36001,251,1.12
1,38001,251,1.16
1,40001,251,1.19
1,42001,251,1.08
1,44001,251,1.06
1,46001,251,1.17
1,48001,251,1.06
1,50001,251,1.13
1,52001,251,1.09
1,54001,251,1.14
1,56001,251,1.18
1,58001,251,1.18
1,60001,251,1.26
1,62001,251,1.22
1,64001,251,1.13
1,65535,251,1.18
1,1,254,1.15
1,2001,254,1.13
1,4001,254,1.03
1,6001,254,1.17
1,8001,254,1.16
1,10001,254,1.32
1,12001,254,1.23
1,14001,254,1.29
1,16001,254,1.17
1,18001,254,1.2
1,20001,254,1.25
1,22001,254,1.19
1,24001,254,1.18
1,26001,254,1.21
1,28001,254,0.98
1,30001,254,1.07
1,32001,254,1.05
1,34001,254,1.11
1,36001,254,1.15
1,38001,254,1.2
1,40001,254,1.15
1,42001,254,1.18
1,44001,254,1.12
1,46001,254,1.04
1,48001,254,1.09
1,50001,254,1.23
1,52001,254,1.07
1,54001,254,1.1
1,56001,254,1.25
1,58001,254,1.22
1,60001,254,1.27
1,62001,254,1.15
1,64001,254,1.24
1,65535,254,1.05
11,1,1,1.19
11,2001,1,1.32
11,4001,1,1.24
11,6001,1,1.23
11,8001,1,1.23
11,10001,1,1.26
11,12001,1,1.24
11,14001,1,1.24
11,16001,1,1.42
11,18001,1,1.26
11,20001,1,1.21
11,22001,1,1.2
11,24001,1,1.18
11,26001,1,1.3
11,28001,1,1.21
11,30001,1,1.13
11,32001,1,1.27
11,34001,1,1.23
11,36001,1,1.32
11,38001,1,1.23
11,40001,1,1.18
11,42001,1,1.2
11,44001,1,1.28
11,46001,1,1.16
11,48001,1,1.28
11,50001,1,1.17
11,52001,1,1.17
11,54001,1,1.16
11,56001,1,1.18
11,58001,1,1.21
11,60001,1,1.2
11,62001,1,1.21
11,64001,1,1.28
11,65535,1,1.28
11,1,11,1.24
11,2001,11,1.26
11,4001,11,1.12
11,6001,11,1.31
11,8001,11,1.22
11,10001,11,1.21
11,12001,11,1.3
11,14001,11,1.22
11,16001,11,1.34
11,18001,11,1.21
11,20001,11,1.22
11,22001,11,1.24
11,24001,11,1.24
11,26001,11,1.23
11,28001,11,1.18
11,30001,11,1.34
11,32001,11,1.24
11,34001,11,1.25
11,36001,11,1.17
11,38001,11,1.24
11,40001,11,1.29
11,42001,11,1.24
11,44001,11,1.28
11,46001,11,1.16
11,48001,11,1.31
11,50001,11,1.25
11,52001,11,1.34
11,54001,11,1.22
11,56001,11,1.23
11,58001,11,1.21
11,60001,11,1.21
11,62001,11,1.14
11,64001,11,1.25
11,65535,11,1.2
11,1,21,1.2
11,2001,21,1.21
11,4001,21,1.3
11,6001,21,1.24
11,8001,21,1.29
11,10001,21,1.22
11,12001,21,1.2
11,14001,21,1.21
11,16001,21,1.26
11,18001,21,1.21
11,20001,21,1.21
11,22001,21,1.34
11,24001,21,1.33
11,26001,21,1.2
11,28001,21,1.25
11,30001,21,1.25
11,32001,21,1.28
11,34001,21,1.22
11,36001,21,1.14
11,38001,21,1.33
11,40001,21,1.24
11,42001,21,1.16
11,44001,21,1.23
11,46001,21,1.1
11,48001,21,1.25
11,50001,21,1.15
11,52001,21,1.31
11,54001,21,1.25
11,56001,21,1.16
11,58001,21,1.19
11,60001,21,1.21
11,62001,21,1.29
11,64001,21,1.19
11,65535,21,1.36
11,1,31,1.21
11,2001,31,1.2
11,4001,31,1.17
11,6001,31,1.29
11,8001,31,1.23
11,10001,31,1.19
11,12001,31,1.27
11,14001,31,1.18
11,16001,31,1.27
11,18001,31,1.2
11,20001,31,1.18
11,22001,31,1.2
11,24001,31,1.33
11,26001,31,1.09
11,28001,31,1.2
11,30001,31,1.21
11,32001,31,1.19
11,34001,31,1.26
11,36001,31,1.23
11,38001,31,1.14
11,40001,31,1.35
11,42001,31,1.41
11,44001,31,1.35
11,46001,31,1.34
11,48001,31,1.24
11,50001,31,1.19
11,52001,31,1.14
11,54001,31,1.12
11,56001,31,1.13
11,58001,31,1.27
11,60001,31,1.27
11,62001,31,1.23
11,64001,31,1.13
11,65535,31,1.13
11,1,41,1.14
11,2001,41,1.27
11,4001,41,1.18
11,6001,41,1.24
11,8001,41,1.17
11,10001,41,1.26
11,12001,41,1.14
11,14001,41,1.2
11,16001,41,1.25
11,18001,41,1.15
11,20001,41,1.19
11,22001,41,1.15
11,24001,41,1.17
11,26001,41,1.05
11,28001,41,1.12
11,30001,41,1.2
11,32001,41,1.13
11,34001,41,1.14
11,36001,41,1.31
11,38001,41,1.13
11,40001,41,1.26
11,42001,41,1.23
11,44001,41,1.34
11,46001,41,1.22
11,48001,41,1.15
11,50001,41,1.23
11,52001,41,1.21
11,54001,41,1.15
11,56001,41,1.27
11,58001,41,1.22
11,60001,41,1.32
11,62001,41,1.26
11,64001,41,1.23
11,65535,41,1.21
11,1,51,1.21
11,2001,51,1.29
11,4001,51,1.18
11,6001,51,1.36
11,8001,51,1.32
11,10001,51,1.32
11,12001,51,1.24
11,14001,51,1.23
11,16001,51,1.29
11,18001,51,1.21
11,20001,51,1.24
11,22001,51,1.24
11,24001,51,1.33
11,26001,51,1.2
11,28001,51,1.2
11,30001,51,1.13
11,32001,51,1.1
11,34001,51,1.1
11,36001,51,1.31
11,38001,51,1.07
11,40001,51,1.21
11,42001,51,1.21
11,44001,51,1.31
11,46001,51,1.11
11,48001,51,1.06
11,50001,51,1.18
11,52001,51,1.32
11,54001,51,1.13
11,56001,51,1.01
11,58001,51,1.31
11,60001,51,1.26
11,62001,51,1.28
11,64001,51,1.25
11,65535,51,1.23
11,1,61,1.12
11,2001,61,1.27
11,4001,61,1.16
11,6001,61,1.25
11,8001,61,1.18
11,10001,61,1.33
11,12001,61,1.21
11,14001,61,1.23
11,16001,61,1.12
11,18001,61,1.29
11,20001,61,1.16
11,22001,61,1.2
11,24001,61,1.24
11,26001,61,1.08
11,28001,61,1.05
11,30001,61,1.04
11,32001,61,1.21
11,34001,61,1.21
11,36001,61,1.2
11,38001,61,1.21
11,40001,61,1.28
11,42001,61,1.16
11,44001,61,1.16
11,46001,61,1.35
11,48001,61,1.15
11,50001,61,1.16
11,52001,61,1.15
11,54001,61,1.16
11,56001,61,1.25
11,58001,61,1.25
11,60001,61,1.28
11,62001,61,1.23
11,64001,61,1.34
11,65535,61,1.18
11,1,71,1.29
11,2001,71,1.31
11,4001,71,1.34
11,6001,71,1.34
11,8001,71,1.14
11,10001,71,1.25
11,12001,71,1.31
11,14001,71,1.27
11,16001,71,1.24
11,18001,71,1.12
11,20001,71,1.19
11,22001,71,1.24
11,24001,71,1.25
11,26001,71,1.16
11,28001,71,1.21
11,30001,71,1.18
11,32001,71,1.26
11,34001,71,1.15
11,36001,71,1.15
11,38001,71,1.17
11,40001,71,1.18
11,42001,71,1.14
11,44001,71,1.19
11,46001,71,1.26
11,48001,71,1.22
11,50001,71,1.25
11,52001,71,1.18
11,54001,71,1.18
11,56001,71,1.15
11,58001,71,1.17
11,60001,71,1.23
11,62001,71,1.32
11,64001,71,1.24
11,65535,71,1.18
11,1,81,1.26
11,2001,81,1.17
11,4001,81,1.11
11,6001,81,1.17
11,8001,81,1.23
11,10001,81,1.16
11,12001,81,1.31
11,14001,81,1.11
11,16001,81,1.15
11,18001,81,1.25
11,20001,81,1.22
11,22001,81,1.21
11,24001,81,1.24
11,26001,81,1.23
11,28001,81,1.09
11,30001,81,0.95
11,32001,81,1.08
11,34001,81,1.18
11,36001,81,1.11
11,38001,81,1.25
11,40001,81,1.17
11,42001,81,1.19
11,44001,81,1.06
11,46001,81,0.96
11,48001,81,1.22
11,50001,81,1.18
11,52001,81,1.17
11,54001,81,1.15
11,56001,81,1.16
11,58001,81,1.14
11,60001,81,1.27
11,62001,81,1.24
11,64001,81,1.23
11,65535,81,1.23
11,1,91,1.23
11,2001,91,1.24
11,4001,91,1.2
11,6001,91,1.34
11,8001,91,1.24
11,10001,91,1.25
11,12001,91,1.19
11,14001,91,1.22
11,16001,91,1.43
11,18001,91,1.3
11,20001,91,1.12
11,22001,91,1.19
11,24001,91,1.22
11,26001,91,1.29
11,28001,91,1.16
11,30001,91,1.26
11,32001,91,1.17
11,34001,91,1.19
11,36001,91,1.14
11,38001,91,1.15
11,40001,91,1.16
11,42001,91,1.18
11,44001,91,1.18
11,46001,91,1.1
11,48001,91,1.22
11,50001,91,1.25
11,52001,91,1.34
11,54001,91,1.16
11,56001,91,1.23
11,58001,91,1.22
11,60001,91,1.19
11,62001,91,1.22
11,64001,91,1.07
11,65535,91,1.15
11,1,101,1.24
11,2001,101,1.26
11,4001,101,1.16
11,6001,101,1.19
11,8001,101,1.3
11,10001,101,1.38
11,12001,101,1.24
11,14001,101,1.25
11,16001,101,1.17
11,18001,101,1.21
11,20001,101,1.16
11,22001,101,1.26
11,24001,101,1.03
11,26001,101,0.96
11,28001,101,1.08
11,30001,101,1.17
11,32001,101,1.18
11,34001,101,1.13
11,36001,101,1.09
11,38001,101,1.19
11,40001,101,1.17
11,42001,101,1.24
11,44001,101,1.17
11,46001,101,1.22
11,48001,101,1.14
11,50001,101,1.16
11,52001,101,1.26
11,54001,101,1.08
11,56001,101,1.16
11,58001,101,1.09
11,60001,101,1.2
11,62001,101,1.27
11,64001,101,1.32
11,65535,101,1.23
11,1,111,1.22
11,2001,111,1.23
11,4001,111,1.3
11,6001,111,1.31
11,8001,111,1.27
11,10001,111,1.17
11,12001,111,1.22
11,14001,111,1.21
11,16001,111,1.13
11,18001,111,1.26
11,20001,111,1.15
11,22001,111,1.17
11,24001,111,1.17
11,26001,111,1.18
11,28001,111,1.11
11,30001,111,1.21
11,32001,111,1.08
11,34001,111,1.22
11,36001,111,1.2
11,38001,111,1.25
11,40001,111,1.2
11,42001,111,1.21
11,44001,111,1.32
11,46001,111,1.09
11,48001,111,1.31
11,50001,111,1.16
11,52001,111,1.16
11,54001,111,1.13
11,56001,111,1.31
11,58001,111,1.18
11,60001,111,1.2
11,62001,111,1.21
11,64001,111,1.29
11,65535,111,1.27
11,1,121,1.25
11,2001,121,1.35
11,4001,121,1.29
11,6001,121,1.22
11,8001,121,1.16
11,10001,121,1.14
11,12001,121,1.24
11,14001,121,1.22
11,16001,121,1.3
11,18001,121,1.36
11,20001,121,1.2
11,22001,121,1.23
11,24001,121,1.02
11,26001,121,1.14
11,28001,121,1.0
11,30001,121,1.2
11,32001,121,1.13
11,34001,121,1.2
11,36001,121,1.05
11,38001,121,1.06
11,40001,121,1.21
11,42001,121,1.19
11,44001,121,1.12
11,46001,121,1.17
11,48001,121,1.19
11,50001,121,1.16
11,52001,121,1.07
11,54001,121,1.16
11,56001,121,1.18
11,58001,121,1.16
11,60001,121,1.32
11,62001,121,1.25
11,64001,121,1.18
11,65535,121,1.23
11,1,131,1.2
11,2001,131,1.22
11,4001,131,1.4
11,6001,131,1.17
11,8001,131,1.23
11,10001,131,1.2
11,12001,131,1.23
11,14001,131,1.21
11,16001,131,1.13
11,18001,131,1.2
11,20001,131,1.06
11,22001,131,1.13
11,24001,131,1.23
11,26001,131,1.26
11,28001,131,1.11
11,30001,131,1.05
11,32001,131,1.06
11,34001,131,1.17
11,36001,131,1.18
11,38001,131,1.13
11,40001,131,1.2
11,42001,131,1.27
11,44001,131,1.13
11,46001,131,1.19
11,48001,131,1.19
11,50001,131,1.19
11,52001,131,1.13
11,54001,131,1.15
11,56001,131,1.17
11,58001,131,1.27
11,60001,131,1.22
11,62001,131,1.17
11,64001,131,1.19
11,65535,131,1.23
11,1,141,1.13
11,2001,141,1.23
11,4001,141,1.2
11,6001,141,1.23
11,8001,141,1.19
11,10001,141,1.2
11,12001,141,1.16
11,14001,141,1.3
11,16001,141,1.25
11,18001,141,1.29
11,20001,141,1.28
11,22001,141,1.17
11,24001,141,1.06
11,26001,141,1.13
11,28001,141,1.13
11,30001,141,1.14
11,32001,141,1.14
11,34001,141,1.2
11,36001,141,1.25
11,38001,141,1.29
11,40001,141,1.21
11,42001,141,1.22
11,44001,141,1.2
11,46001,141,1.08
11,48001,141,1.11
11,50001,141,1.04
11,52001,141,1.13
11,54001,141,1.11
11,56001,141,1.07
11,58001,141,1.18
11,60001,141,1.18
11,62001,141,1.22
11,64001,141,1.21
11,65535,141,1.3
11,1,151,1.25
11,2001,151,1.21
11,4001,151,1.19
11,6001,151,1.32
11,8001,151,1.12
11,10001,151,1.24
11,12001,151,1.28
11,14001,151,1.2
11,16001,151,1.12
11,18001,151,1.2
11,20001,151,1.19
11,22001,151,1.2
11,24001,151,1.14
11,26001,151,1.13
11,28001,151,1.04
11,30001,151,1.01
11,32001,151,1.14
11,34001,151,1.21
11,36001,151,1.03
11,38001,151,1.23
11,40001,151,1.17
11,42001,151,1.29
11,44001,151,1.2
11,46001,151,1.15
11,48001,151,1.13
11,50001,151,1.12
11,52001,151,1.08
11,54001,151,1.01
11,56001,151,1.17
11,58001,151,1.09
11,60001,151,1.3
11,62001,151,1.22
11,64001,151,1.26
11,65535,151,1.29
11,1,161,1.2
11,2001,161,1.35
11,4001,161,1.24
11,6001,161,1.25
11,8001,161,1.2
11,10001,161,1.24
11,12001,161,1.17
11,14001,161,1.14
11,16001,161,1.1
11,18001,161,1.27
11,20001,161,1.2
11,22001,161,1.2
11,24001,161,1.23
11,26001,161,1.03
11,28001,161,1.09
11,30001,161,1.0
11,32001,161,1.08
11,34001,161,1.18
11,36001,161,1.07
11,38001,161,1.2
11,40001,161,1.23
11,42001,161,1.18
11,44001,161,1.16
11,46001,161,1.16
11,48001,161,1.06
11,50001,161,1.09
11,52001,161,1.12
11,54001,161,1.18
11,56001,161,1.27
11,58001,161,1.23
11,60001,161,1.18
11,62001,161,1.15
11,64001,161,1.23
11,65535,161,1.16
11,1,171,1.19
11,2001,171,1.21
11,4001,171,1.2
11,6001,171,1.22
11,8001,171,1.15
11,10001,171,1.15
11,12001,171,1.2
11,14001,171,1.19
11,16001,171,1.21
11,18001,171,1.22
11,20001,171,1.11
11,22001,171,1.1
11,24001,171,1.09
11,26001,171,1.21
11,28001,171,1.02
11,30001,171,1.02
11,32001,171,1.07
11,34001,171,1.09
11,36001,171,1.23
11,38001,171,1.08
11,40001,171,1.03
11,42001,171,1.28
11,44001,171,1.27
11,46001,171,1.28
11,48001,171,1.12
11,50001,171,1.07
11,52001,171,1.29
11,54001,171,1.04
11,56001,171,1.26
11,58001,171,1.22
11,60001,171,1.14
11,62001,171,1.21
11,64001,171,1.29
11,65535,171,1.25
11,1,181,1.13
11,2001,181,1.11
11,4001,181,1.24
11,6001,181,1.25
11,8001,181,1.15
11,10001,181,1.29
11,12001,181,1.18
11,14001,181,1.15
11,16001,181,1.19
11,18001,181,1.14
11,20001,181,1.2
11,22001,181,1.19
11,24001,181,1.14
11,26001,181,1.17
11,28001,181,1.06
11,30001,181,1.08
11,32001,181,1.07
11,34001,181,1.09
11,36001,181,1.21
11,38001,181,1.19
11,40001,181,1.37
11,42001,181,1.19
11,44001,181,1.18
11,46001,181,1.06
11,48001,181,1.11
11,50001,181,1.07
11,52001,181,1.14
11,54001,181,1.13
11,56001,181,1.19
11,58001,181,1.21
11,60001,181,1.23
11,62001,181,1.21
11,64001,181,1.28
11,65535,181,1.19
11,1,191,1.17
11,2001,191,1.2
11,4001,191,1.23
11,6001,191,1.4
11,8001,191,1.3
11,10001,191,1.27
11,12001,191,1.22
11,14001,191,1.22
11,16001,191,1.26
11,18001,191,1.26
11,20001,191,1.18
11,22001,191,1.19
11,24001,191,1.19
11,26001,191,1.22
11,28001,191,0.97
11,30001,191,1.06
11,32001,191,1.08
11,34001,191,1.02
11,36001,191,1.08
11,38001,191,1.18
11,40001,191,1.22
11,42001,191,1.14
11,44001,191,1.09
11,46001,191,1.11
11,48001,191,1.1
11,50001,191,1.22
11,52001,191,1.11
11,54001,191,1.14
11,56001,191,1.09
11,58001,191,1.2
11,60001,191,1.17
11,62001,191,1.21
11,64001,191,1.14
11,65535,191,1.06
11,1,201,1.18
11,2001,201,1.17
11,4001,201,1.27
11,6001,201,1.17
11,8001,201,1.17
11,10001,201,1.17
11,12001,201,1.2
11,14001,201,1.16
11,16001,201,1.17
11,18001,201,1.15
11,20001,201,1.21
11,22001,201,1.16
11,24001,201,1.14
11,26001,201,1.18
11,28001,201,1.13
11,30001,201,1.07
11,32001,201,1.09
11,34001,201,1.14
11,36001,201,1.3
11,38001,201,1.09
11,40001,201,1.27
11,42001,201,1.26
11,44001,201,1.2
11,46001,201,1.17
11,48001,201,1.13
11,50001,201,1.18
11,52001,201,1.09
11,54001,201,1.16
11,56001,201,1.18
11,58001,201,1.21
11,60001,201,1.21
11,62001,201,1.21
11,64001,201,1.21
11,65535,201,1.22
11,1,211,1.16
11,2001,211,1.16
11,4001,211,1.16
11,6001,211,1.24
11,8001,211,1.16
11,10001,211,1.2
11,12001,211,1.26
11,14001,211,1.28
11,16001,211,1.24
11,18001,211,1.23
11,20001,211,1.16
11,22001,211,1.13
11,24001,211,1.09
11,26001,211,1.04
11,28001,211,1.14
11,30001,211,1.05
11,32001,211,1.17
11,34001,211,1.17
11,36001,211,0.99
11,38001,211,1.11
11,40001,211,1.22
11,42001,211,1.16
11,44001,211,1.21
11,46001,211,1.12
11,48001,211,1.2
11,50001,211,1.1
11,52001,211,1.17
11,54001,211,1.09
11,56001,211,1.08
11,58001,211,1.28
11,60001,211,1.3
11,62001,211,1.12
11,64001,211,1.17
11,65535,211,1.07
11,1,221,1.11
11,2001,221,1.03
11,4001,221,1.19
11,6001,221,1.15
11,8001,221,1.16
11,10001,221,1.14
11,12001,221,1.19
11,14001,221,1.28
11,16001,221,1.19
11,18001,221,1.18
11,20001,221,1.12
11,22001,221,1.09
11,24001,221,1.14
11,26001,221,1.08
11,28001,221,1.1
11,30001,221,1.16
11,32001,221,1.15
11,34001,221,1.16
11,36001,221,1.04
11,38001,221,1.15
11,40001,221,1.09
11,42001,221,1.1
11,44001,221,1.15
11,46001,221,1.08
11,48001,221,1.06
11,50001,221,1.19
11,52001,221,1.12
11,54001,221,1.18
11,56001,221,1.15
11,58001,221,1.18
11,60001,221,1.19
11,62001,221,1.16
11,64001,221,1.22
11,65535,221,1.18
11,1,231,1.09
11,2001,231,1.16
11,4001,231,1.2
11,6001,231,1.07
11,8001,231,1.11
11,10001,231,1.21
11,12001,231,1.22
11,14001,231,1.17
11,16001,231,1.2
11,18001,231,1.16
11,20001,231,1.15
11,22001,231,1.26
11,24001,231,1.15
11,26001,231,1.13
11,28001,231,1.18
11,30001,231,1.09
11,32001,231,1.08
11,34001,231,1.03
11,36001,231,1.08
11,38001,231,1.14
11,40001,231,1.15
11,42001,231,1.14
11,44001,231,1.09
11,46001,231,1.15
11,48001,231,1.07
11,50001,231,1.3
11,52001,231,1.29
11,54001,231,1.17
11,56001,231,1.26
11,58001,231,1.14
11,60001,231,1.03
11,62001,231,1.12
11,64001,231,1.06
11,65535,231,1.18
11,1,241,1.2
11,2001,241,1.08
11,4001,241,1.09
11,6001,241,1.1
11,8001,241,1.25
11,10001,241,1.33
11,12001,241,1.26
11,14001,241,1.15
11,16001,241,1.13
11,18001,241,1.17
11,20001,241,1.11
11,22001,241,1.17
11,24001,241,0.97
11,26001,241,0.95
11,28001,241,0.97
11,30001,241,0.98
11,32001,241,1.11
11,34001,241,1.15
11,36001,241,1.13
11,38001,241,1.1
11,40001,241,1.13
11,42001,241,1.09
11,44001,241,1.14
11,46001,241,1.06
11,48001,241,1.09
11,50001,241,1.1
11,52001,241,1.09
11,54001,241,1.07
11,56001,241,1.15
11,58001,241,1.07
11,60001,241,1.06
11,62001,241,1.25
11,64001,241,1.21
11,65535,241,1.25
11,1,251,1.2
11,2001,251,1.3
11,4001,251,1.12
11,6001,251,1.22
11,8001,251,1.23
11,10001,251,1.25
11,12001,251,1.32
11,14001,251,1.13
11,16001,251,1.13
11,18001,251,1.17
11,20001,251,1.1
11,22001,251,1.07
11,24001,251,1.2
11,26001,251,0.97
11,28001,251,1.14
11,30001,251,1.18
11,32001,251,1.07
11,34001,251,1.17
11,36001,251,1.06
11,38001,251,1.14
11,40001,251,1.06
11,42001,251,1.11
11,44001,251,1.06
11,46001,251,1.09
11,48001,251,1.22
11,50001,251,1.06
11,52001,251,1.1
11,54001,251,1.19
11,56001,251,1.16
11,58001,251,1.31
11,60001,251,1.1
11,62001,251,1.26
11,64001,251,1.24
11,65535,251,1.14
11,1,254,1.12
11,2001,254,1.06
11,4001,254,1.1
11,6001,254,1.22
11,8001,254,1.15
11,10001,254,1.23
11,12001,254,1.25
11,14001,254,1.26
11,16001,254,1.19
11,18001,254,1.28
11,20001,254,1.18
11,22001,254,1.25
11,24001,254,1.09
11,26001,254,1.03
11,28001,254,1.0
11,30001,254,1.06
11,32001,254,0.98
11,34001,254,1.0
11,36001,254,1.0
11,38001,254,1.04
11,40001,254,1.05
11,42001,254,1.09
11,44001,254,1.18
11,46001,254,1.11
11,48001,254,1.17
11,50001,254,1.16
11,52001,254,1.17
11,54001,254,1.13
11,56001,254,1.2
11,58001,254,1.22
11,60001,254,1.11
11,62001,254,1.22
11,64001,254,1.12
11,65535,254,1.18
21,1,1,1.13
21,2001,1,1.2
21,4001,1,1.15
21,6001,1,1.17
21,8001,1,1.34
21,10001,1,1.33
21,12001,1,1.31
21,14001,1,1.4
21,16001,1,1.39
21,18001,1,1.27
21,20001,1,1.29
21,22001,1,1.17
21,24001,1,1.29
21,26001,1,1.25
21,28001,1,1.25
21,30001,1,1.21
21,32001,1,1.26
21,34001,1,1.25
21,36001,1,1.18
21,38001,1,1.35
21,40001,1,1.28
21,42001,1,1.34
21,44001,1,1.2
21,46001,1,1.15
21,48001,1,1.23
21,50001,1,1.24
21,52001,1,1.17
21,54001,1,1.22
21,56001,1,1.34
21,58001,1,1.21
21,60001,1,1.21
21,62001,1,1.21
21,64001,1,1.25
21,65535,1,1.26
21,1,11,1.28
21,2001,11,1.28
21,4001,11,1.29
21,6001,11,1.39
21,8001,11,1.36
21,10001,11,1.22
21,12001,11,1.23
21,14001,11,1.26
21,16001,11,1.28
21,18001,11,1.23
21,20001,11,1.24
21,22001,11,1.27
21,24001,11,1.21
21,26001,11,1.32
21,28001,11,1.27
21,30001,11,1.21
21,32001,11,1.32
21,34001,11,1.18
21,36001,11,1.24
21,38001,11,1.32
21,40001,11,1.3
21,42001,11,1.2
21,44001,11,1.25
21,46001,11,1.28
21,48001,11,1.17
21,50001,11,1.27
21,52001,11,1.29
21,54001,11,1.22
21,56001,11,1.19
21,58001,11,1.23
21,60001,11,1.3
21,62001,11,1.31
21,64001,11,1.27
21,65535,11,1.26
21,1,21,1.28
21,2001,21,1.17
21,4001,21,1.22
21,6001,21,1.26
21,8001,21,1.27
21,10001,21,1.19
21,12001,21,1.16
21,14001,21,1.25
21,16001,21,1.33
21,18001,21,1.34
21,20001,21,1.2
21,22001,21,1.21
21,24001,21,1.24
21,26001,21,1.2
21,28001,21,1.23
21,30001,21,1.19
21,32001,21,1.22
21,34001,21,1.21
21,36001,21,1.41
21,38001,21,1.37
21,40001,21,1.27
21,42001,21,1.22
21,44001,21,1.35
21,46001,21,1.27
21,48001,21,1.26
21,50001,21,1.23
21,52001,21,1.21
21,54001,21,1.21
21,56001,21,1.17
21,58001,21,1.16
21,60001,21,1.23
21,62001,21,1.23
21,64001,21,1.19
21,65535,21,1.1
21,1,31,1.24
21,2001,31,1.17
21,4001,31,1.24
21,6001,31,1.21
21,8001,31,1.26
21,10001,31,1.26
21,12001,31,1.23
21,14001,31,1.2
21,16001,31,1.25
21,18001,31,1.15
21,20001,31,1.27
21,22001,31,1.19
21,24001,31,1.21
21,26001,31,1.22
21,28001,31,1.21
21,30001,31,1.24
21,32001,31,1.19
21,34001,31,1.2
21,36001,31,1.21
21,38001,31,1.15
21,40001,31,1.28
21,42001,31,1.27
21,44001,31,1.3
21,46001,31,1.25
21,48001,31,1.21
21,50001,31,1.2
21,52001,31,1.16
21,54001,31,1.21
21,56001,31,1.19
21,58001,31,1.23
21,60001,31,1.39
21,62001,31,1.12
21,64001,31,1.18
21,65535,31,1.16
21,1,41,1.25
21,2001,41,1.27
21,4001,41,1.3
21,6001,41,1.3
21,8001,41,1.23
21,10001,41,1.27
21,12001,41,1.36
21,14001,41,1.29
21,16001,41,1.3
21,18001,41,1.31
21,20001,41,1.2
21,22001,41,1.17
21,24001,41,1.14
21,26001,41,1.21
21,28001,41,1.27
21,30001,41,1.22
21,32001,41,1.21
21,34001,41,1.21
21,36001,41,1.29
21,38001,41,1.15
21,40001,41,1.27
21,42001,41,1.27
21,44001,41,1.23
21,46001,41,1.22
21,48001,41,1.26
21,50001,41,1.24
21,52001,41,1.34
21,54001,41,1.43
21,56001,41,1.22
21,58001,41,1.34
21,60001,41,1.27
21,62001,41,1.3
21,64001,41,1.28
21,65535,41,1.3
21,1,51,1.21
21,2001,51,1.17
21,4001,51,1.31
21,6001,51,1.31
21,8001,51,1.32
21,10001,51,1.21
21,12001,51,1.23
21,14001,51,1.23
21,16001,51,1.16
21,18001,51,1.33
21,20001,51,1.25
21,22001,51,1.43
21,24001,51,1.28
21,26001,51,1.19
21,28001,51,1.2
21,30001,51,1.24
21,32001,51,1.17
21,34001,51,1.13
21,36001,51,1.24
21,38001,51,1.31
21,40001,51,1.26
21,42001,51,1.19
21,44001,51,1.2
21,46001,51,1.28
21,48001,51,1.18
21,50001,51,1.31
21,52001,51,1.19
21,54001,51,1.19
21,56001,51,1.3
21,58001,51,1.27
21,60001,51,1.2
21,62001,51,1.12
21,64001,51,1.24
21,65535,51,1.24
21,1,61,1.4
21,2001,61,1.37
21,4001,61,1.21
21,6001,61,1.26
21,8001,61,1.17
21,10001,61,1.32
21,12001,61,1.31
21,14001,61,1.26
21,16001,61,1.25
21,18001,61,1.32
21,20001,61,1.31
21,22001,61,1.21
21,24001,61,1.25
21,26001,61,1.19
21,28001,61,1.29
21,30001,61,1.18
21,32001,61,1.17
21,34001,61,1.25
21,36001,61,1.32
21,38001,61,1.17
21,40001,61,1.27
21,42001,61,1.21
21,44001,61,1.37
21,46001,61,1.21
21,48001,61,1.25
21,50001,61,1.23
21,52001,61,1.28
21,54001,61,1.25
21,56001,61,1.22
21,58001,61,1.14
21,60001,61,1.27
21,62001,61,1.18
21,64001,61,1.32
21,65535,61,1.31
21,1,71,1.44
21,2001,71,1.35
21,4001,71,1.25
21,6001,71,1.3
21,8001,71,1.25
21,10001,71,1.24
21,12001,71,1.31
21,14001,71,1.35
21,16001,71,1.16
21,18001,71,1.27
21,20001,71,1.14
21,22001,71,1.27
21,24001,71,1.14
21,26001,71,1.15
21,28001,71,1.19
21,30001,71,1.19
21,32001,71,1.15
21,34001,71,1.23
21,36001,71,1.31
21,38001,71,1.16
21,40001,71,1.31
21,42001,71,1.27
21,44001,71,1.07
21,46001,71,1.05
21,48001,71,1.24
21,50001,71,1.12
21,52001,71,1.25
21,54001,71,1.21
21,56001,71,1.29
21,58001,71,1.16
21,60001,71,1.18
21,62001,71,1.34
21,64001,71,1.33
21,65535,71,1.24
21,1,81,1.3
21,2001,81,1.2
21,4001,81,1.24
21,6001,81,1.24
21,8001,81,1.34
21,10001,81,1.15
21,12001,81,1.19
21,14001,81,1.17
21,16001,81,1.31
21,18001,81,1.26
21,20001,81,1.3
21,22001,81,1.13
21,24001,81,1.25
21,26001,81,1.14
21,28001,81,1.25
21,30001,81,1.18
21,32001,81,1.14
21,34001,81,1.27
21,36001,81,1.2
21,38001,81,1.25
21,40001,81,1.12
21,42001,81,1.25
21,44001,81,1.25
21,46001,81,1.23
21,48001,81,1.19
21,50001,81,1.2
21,52001,81,1.16
21,54001,81,1.17
21,56001,81,1.17
21,58001,81,1.16
21,60001,81,1.18
21,62001,81,1.21
21,64001,81,1.2
21,65535,81,1.21
21,1,91,1.25
21,2001,91,1.34
21,4001,91,1.25
21,6001,91,1.31
21,8001,91,1.28
21,10001,91,1.14
21,12001,91,1.35
21,14001,91,1.33
21,16001,91,1.24
21,18001,91,1.22
21,20001,91,1.04
21,22001,91,1.19
21,24001,91,1.17
21,26001,91,1.14
21,28001,91,1.17
21,30001,91,1.19
21,32001,91,1.18
21,34001,91,1.33
21,36001,91,1.23
21,38001,91,1.16
21,40001,91,1.32
21,42001,91,1.16
21,44001,91,1.2
21,46001,91,1.18
21,48001,91,1.31
21,50001,91,1.13
21,52001,91,1.13
21,54001,91,1.15
21,56001,91,1.23
21,58001,91,1.19
21,60001,91,1.24
21,62001,91,1.24
21,64001,91,1.39
21,65535,91,1.24
21,1,101,1.19
21,2001,101,1.15
21,4001,101,1.11
21,6001,101,1.3
21,8001,101,1.24
21,10001,101,1.28
21,12001,101,1.21
21,14001,101,1.19
21,16001,101,1.24
21,18001,101,1.21
21,20001,101,1.24
21,22001,101,1.18
21,24001,101,1.21
21,26001,101,1.14
21,28001,101,1.1
21,30001,101,1.26
21,32001,101,1.13
21,34001,101,1.23
21,36001,101,1.34
21,38001,101,1.22
21,40001,101,1.22
21,42001,101,1.2
21,44001,101,1.13
21,46001,101,1.24
21,48001,101,1.14
21,50001,101,1.16
21,52001,101,1.29
21,54001,101,1.29
21,56001,101,1.19
21,58001,101,1.21
21,60001,101,1.25
21,62001,101,1.27
21,64001,101,1.28
21,65535,101,1.23
21,1,111,1.3
21,2001,111,1.25
21,4001,111,1.22
21,6001,111,1.31
21,8001,111,1.37
21,10001,111,1.25
21,12001,111,1.26
21,14001,111,1.22
21,16001,111,1.23
21,18001,111,1.2
21,20001,111,1.22
21,22001,111,1.35
21,24001,111,1.1
21,26001,111,1.22
21,28001,111,1.06
21,30001,111,1.15
21,32001,111,1.21
21,34001,111,1.1
21,36001,111,1.15
21,38001,111,1.3
21,40001,111,1.34
21,42001,111,1.13
21,44001,111,1.16
21,46001,111,1.15
21,48001,111,1.15
21,50001,111,1.17
21,52001,111,1.23
21,54001,111,1.19
21,56001,111,1.13
21,58001,111,1.31
21,60001,111,1.3
21,62001,111,1.33
21,64001,111,1.12
21,65535,111,1.31
21,1,121,1.3
21,2001,121,1.26
21,4001,121,1.18
21,6001,121,1.28
21,8001,121,1.32
21,10001,121,1.25
21,12001,121,1.29
21,14001,121,1.22
21,16001,121,1.26
21,18001,121,1.15
21,20001,121,1.2
21,22001,121,1.25
21,24001,121,1.2
21,26001,121,1.09
21,28001,121,1.13
21,30001,121,1.09
21,32001,121,1.23
21,34001,121,1.18
21,36001,121,1.18
21,38001,121,1.19
21,40001,121,1.28
21,42001,121,1.31
21,44001,121,1.34
21,46001,121,1.12
21,48001,121,1.2
21,50001,121,1.19
21,52001,121,1.11
21,54001,121,1.19
21,56001,121,1.04
21,58001,121,1.28
21,60001,121,1.16
21,62001,121,1.14
21,64001,121,1.24
21,65535,121,1.35
21,1,131,1.27
21,2001,131,1.3
21,4001,131,1.36
21,6001,131,1.24
21,8001,131,1.28
21,10001,131,1.24
21,12001,131,1.21
21,14001,131,1.31
21,16001,131,1.29
21,18001,131,1.22
21,20001,131,1.14
21,22001,131,1.2
21,24001,131,1.25
21,26001,131,1.2
21,28001,131,1.13
21,30001,131,1.18
21,32001,131,1.12
21,34001,131,1.17
21,36001,131,1.19
21,38001,131,1.18
21,40001,131,1.17
21,42001,131,1.29
21,44001,131,1.2
21,46001,131,1.22
21,48001,131,1.13
21,50001,131,1.1
21,52001,131,1.16
21,54001,131,1.26
21,56001,131,1.26
21,58001,131,1.22
21,60001,131,1.21
21,62001,131,1.16
21,64001,131,1.25
21,65535,131,1.26
21,1,141,1.18
21,2001,141,1.32
21,4001,141,1.33
21,6001,141,1.38
21,8001,141,1.29
21,10001,141,1.21
21,12001,141,1.28
21,14001,141,1.21
21,16001,141,1.17
21,18001,141,1.18
21,20001,141,1.28
21,22001,141,1.23
21,24001,141,1.18
21,26001,141,1.09
21,28001,141,1.24
21,30001,141,1.23
21,32001,141,1.24
21,34001,141,1.22
21,36001,141,1.19
21,38001,141,1.23
21,40001,141,1.18
21,42001,141,1.2
21,44001,141,1.18
21,46001,141,1.21
21,48001,141,1.18
21,50001,141,1.08
21,52001,141,1.29
21,54001,141,1.29
21,56001,141,1.21
21,58001,141,1.17
21,60001,141,1.22
21,62001,141,1.21
21,64001,141,1.15
21,65535,141,1.3
21,1,151,1.26
21,2001,151,1.2
21,4001,151,1.21
21,6001,151,1.2
21,8001,151,1.29
21,10001,151,1.26
21,12001,151,1.22
21,14001,151,1.17
21,16001,151,1.19
21,18001,151,1.23
21,20001,151,1.32
21,22001,151,1.21
21,24001,151,1.19
21,26001,151,1.08
21,28001,151,1.13
21,30001,151,1.24
21,32001,151,1.11
21,34001,151,1.13
21,36001,151,1.16
21,38001,151,1.04
21,40001,151,1.28
21,42001,151,1.19
21,44001,151,1.25
21,46001,151,1.21
21,48001,151,1.17
21,50001,151,1.1
21,52001,151,1.08
21,54001,151,0.94
21,56001,151,1.14
21,58001,151,1.31
21,60001,151,1.21
21,62001,151,1.36
21,64001,151,1.31
21,65535,151,1.2
21,1,161,1.17
21,2001,161,1.25
21,4001,161,1.25
21,6001,161,1.32
21,8001,161,1.27
21,10001,161,1.24
21,12001,161,1.18
21,14001,161,1.24
21,16001,161,1.22
21,18001,161,1.23
21,20001,161,1.18
21,22001,161,1.08
21,24001,161,1.16
21,26001,161,1.04
21,28001,161,1.02
21,30001,161,1.12
21,32001,161,1.18
21,34001,161,1.18
21,36001,161,1.21
21,38001,161,1.2
21,40001,161,1.23
21,42001,161,1.1
21,44001,161,1.16
21,46001,161,1.1
21,48001,161,1.17
21,50001,161,1.12
21,52001,161,1.1
21,54001,161,1.19
21,56001,161,1.25
21,58001,161,1.26
21,60001,161,1.19
21,62001,161,1.18
21,64001,161,1.24
21,65535,161,1.37
21,1,171,1.15
21,2001,171,1.27
21,4001,171,1.27
21,6001,171,1.28
21,8001,171,1.25
21,10001,171,1.26
21,12001,171,1.22
21,14001,171,1.21
21,16001,171,1.18
21,18001,171,1.15
21,20001,171,1.13
21,22001,171,1.17
21,24001,171,1.13
21,26001,171,1.08
21,28001,171,1.08
21,30001,171,1.08
21,32001,171,1.14
21,34001,171,1.07
21,36001,171,1.2
21,38001,171,1.2
21,40001,171,1.31
21,42001,171,1.26
21,44001,171,1.22
21,46001,171,1.21
21,48001,171,1.11
21,50001,171,1.12
21,52001,171,1.13
21,54001,171,1.15
21,56001,171,1.25
21,58001,171,1.24
21,60001,171,1.18
21,62001,171,1.29
21,64001,171,1.15
21,65535,171,1.25
21,1,181,1.22
21,2001,181,1.18
21,4001,181,1.3
21,6001,181,1.21
21,8001,181,1.31
21,10001,181,1.22
21,12001,181,1.27
21,14001,181,1.21
21,16001,181,1.24
21,18001,181,1.28
21,20001,181,1.23
21,22001,181,1.17
21,24001,181,1.14
21,26001,181,1.15
21,28001,181,1.19
21,30001,181,1.14
21,32001,181,1.25
21,34001,181,1.12
21,36001,181,1.1
21,38001,181,1.07
21,40001,181,1.16
21,42001,181,1.27
21,44001,181,1.23
21,46001,181,1.27
21,48001,181,1.25
21,50001,181,1.17
21,52001,181,1.15
21,54001,181,1.2
21,56001,181,1.23
21,58001,181,1.38
21,60001,181,1.28
21,62001,181,1.22
21,64001,181,1.22
21,65535,181,1.16
21,1,191,1.3
21,2001,191,1.19
21,4001,191,1.24
21,6001,191,1.17
21,8001,191,1.24
21,10001,191,1.28
21,12001,191,1.21
21,14001,191,1.11
21,16001,191,1.27
21,18001,191,1.26
21,20001,191,1.1
21,22001,191,1.16
21,24001,191,1.13
21,26001,191,1.11
21,28001,191,1.12
21,30001,191,1.1
21,32001,191,1.17
21,34001,191,1.11
21,36001,191,1.13
21,38001,191,1.19
21,40001,191,1.15
21,42001,191,1.11
21,44001,191,1.19
21,46001,191,1.18
21,48001,191,1.22
21,50001,191,1.09
21,52001,191,1.26
21,54001,191,1.18
21,56001,191,1.26
21,58001,191,1.23
21,60001,191,1.27
21,62001,191,1.15
21,64001,191,1.29
21,65535,191,1.29
21,1,201,1.2
21,2001,201,1.21
21,4001,201,1.27
21,6001,201,1.18
21,8001,201,1.23
21,10001,201,1.15
21,12001,201,1.17
21,14001,201,1.24
21,16001,201,1.31
21,18001,201,1.26
21,20001,201,1.14
21,22001,201,1.29
21,24001,201,1.11
21,26001,201,1.12
21,28001,201,1.18
21,30001,201,1.12
21,32001,201,1.21
21,34001,201,1.12
21,36001,201,1.22
21,38001,201,1.15
21,40001,201,1.18
21,42001,201,1.18
21,44001,201,1.19
21,46001,201,1.21
21,48001,201,1.15
21,50001,201,1.17
21,52001,201,1.11
21,54001,201,1.24
21,56001,201,1.3
21,58001,201,1.29
21,60001,201,1.2
21,62001,201,1.2
21,64001,201,1.14
21,65535,201,1.18
21,1,211,1.15
21,2001,211,1.14
21,4001,211,1.34
21,6001,211,1.25
21,8001,211,1.35
21,10001,211,1.18
21,12001,211,1.19
21,14001,211,1.29
21,16001,211,1.14
21,18001,211,1.25
21,20001,211,1.12
21,22001,211,1.13
21,24001,211,1.16
21,26001,211,1.08
21,28001,211,1.09
21,30001,211,1.18
21,32001,211,1.02
21,34001,211,1.04
21,36001,211,1.17
21,38001,211,1.17
21,40001,211,1.22
21,42001,211,1.25
21,44001,211,1.15
21,46001,211,1.0
21,48001,211,1.17
21,50001,211,1.07
21,52001,211,1.19
21,54001,211,1.12
21,56001,211,1.24
21,58001,211,1.15
21,60001,211,1.16
21,62001,211,1.21
21,64001,211,1.27
21,65535,211,1.27
21,1,221,1.17
21,2001,221,1.17
21,4001,221,1.21
21,6001,221,1.3
21,8001,221,1.24
21,10001,221,1.28
21,12001,221,1.22
21,14001,221,1.26
21,16001,221,1.21
21,18001,221,1.21
21,20001,221,1.17
21,22001,221,1.14
21,24001,221,1.12
21,26001,221,1.08
21,28001,221,1.18
21,30001,221,1.05
21,32001,221,1.06
21,34001,221,1.12
21,36001,221,1.1
21,38001,221,1.24
21,40001,221,1.26
21,42001,221,1.21
21,44001,221,1.18
21,46001,221,1.16
21,48001,221,1.11
21,50001,221,1.16
21,52001,221,1.21
21,54001,221,1.25
21,56001,221,1.27
21,58001,221,1.27
21,60001,221,1.25
21,62001,221,1.38
21,64001,221,1.34
21,65535,221,1.18
21,1,231,1.08
21,2001,231,1.26
21,4001,231,1.2
21,6001,231,1.2
21,8001,231,1.23
21,10001,231,1.25
21,12001,231,1.11
21,14001,231,1.22
21,16001,231,1.24
21,18001,231,1.26
21,20001,231,1.2
21,22001,231,1.12
21,24001,231,1.0
21,26001,231,0.87
21,28001,231,1.01
21,30001,231,1.01
21,32001,231,1.15
21,34001,231,1.1
21,36001,231,1.11
21,38001,231,1.11
21,40001,231,1.26
21,42001,231,1.07
21,44001,231,1.12
21,46001,231,1.09
21,48001,231,1.1
21,50001,231,1.07
21,52001,231,1.23
21,54001,231,1.27
21,56001,231,1.25
21,58001,231,1.19
21,60001,231,1.19
21,62001,231,1.17
21,64001,231,1.23
21,65535,231,1.19
21,1,241,1.26
21,2001,241,1.09
21,4001,241,1.2
21,6001,241,1.2
21,8001,241,1.17
21,10001,241,1.14
21,12001,241,1.2
21,14001,241,1.15
21,16001,241,1.3
21,18001,241,1.29
21,20001,241,1.24
21,22001,241,1.08
21,24001,241,1.13
21,26001,241,1.14
21,28001,241,1.05
21,30001,241,1.02
21,32001,241,1.08
21,34001,241,1.01
21,36001,241,1.13
21,38001,241,1.25
21,40001,241,1.09
21,42001,241,1.03
21,44001,241,1.14
21,46001,241,1.25
21,48001,241,1.18
21,50001,241,1.04
21,52001,241,1.08
21,54001,241,1.17
21,56001,241,1.25
21,58001,241,1.22
21,60001,241,1.31
21,62001,241,1.18
21,64001,241,1.14
21,65535,241,1.18
21,1,251,1.11
21,2001,251,1.28
21,4001,251,1.2
21,6001,251,1.18
21,8001,251,1.33
21,10001,251,1.1
21,12001,251,1.14
21,14001,251,1.14
21,16001,251,1.24
21,18001,251,1.29
21,20001,251,1.23
21,22001,251,1.13
21,24001,251,1.21
21,26001,251,1.02
21,28001,251,1.09
21,30001,251,1.01
21,32001,251,1.12
21,34001,251,1.01
21,36001,251,1.05
21,38001,251,1.08
21,40001,251,1.16
21,42001,251,1.19
21,44001,251,1.12
21,46001,251,1.17
21,48001,251,1.17
21,50001,251,1.14
21,52001,251,1.14
21,54001,251,1.13
21,56001,251,1.25
21,58001,251,1.28
21,60001,251,1.23
21,62001,251,1.21
21,64001,251,1.23
21,65535,251,1.17
21,1,254,1.01
21,2001,254,1.19
21,4001,254,1.17
21,6001,254,1.06
21,8001,254,1.08
21,10001,254,1.19
21,12001,254,1.3
21,14001,254,1.29
21,16001,254,1.35
21,18001,254,1.23
21,20001,254,1.23
21,22001,254,1.15
21,24001,254,1.11
21,26001,254,0.98
21,28001,254,1.03
21,30001,254,1.11
21,32001,254,0.97
21,34001,254,1.08
21,36001,254,1.33
21,38001,254,1.16
21,40001,254,1.07
21,42001,254,1.15
21,44001,254,1.14
21,46001,254,1.21
21,48001,254,1.12
21,50001,254,1.04
21,52001,254,1.18
21,54001,254,1.21
21,56001,254,1.16
21,58001,254,1.22
21,60001,254,1.26
21,62001,254,1.17
21,64001,254,1.18
21,65535,254,1.04
31,1,1,1.26
31,2001,1,1.23
31,4001,1,1.34
31,6001,1,1.25
31,8001,1,1.35
31,10001,1,1.26
31,12001,1,1.3
31,14001,1,1.29
31,16001,1,1.26
31,18001,1,1.23
31,20001,1,1.2
31,22001,1,1.2
31,24001,1,1.37
31,26001,1,1.27
31,28001,1,1.43
31,30001,1,1.31
31,32001,1,1.33
31,34001,1,1.18
31,36001,1,1.28
31,38001,1,1.29
31,40001,1,1.2
31,42001,1,1.19
31,44001,1,1.22
31,46001,1,1.24
31,48001,1,1.27
31,50001,1,1.27
31,52001,1,1.2
31,54001,1,1.17
31,56001,1,1.32
31,58001,1,1.29
31,60001,1,1.23
31,62001,1,1.37
31,64001,1,1.13
31,65535,1,1.3
31,1,11,1.35
31,2001,11,1.26
31,4001,11,1.28
31,6001,11,1.19
31,8001,11,1.35
31,10001,11,1.39
31,12001,11,1.32
31,14001,11,1.25
31,16001,11,1.33
31,18001,11,1.29
31,20001,11,1.33
31,22001,11,1.3
31,24001,11,1.21
31,26001,11,1.4
31,28001,11,1.31
31,30001,11,1.32
31,32001,11,1.31
31,34001,11,1.19
31,36001,11,1.33
31,38001,11,1.3
31,40001,11,1.28
31,42001,11,1.21
31,44001,11,1.28
31,46001,11,1.3
31,48001,11,1.22
31,50001,11,1.26
31,52001,11,1.31
31,54001,11,1.29
31,56001,11,1.18
31,58001,11,1.23
31,60001,11,1.33
31,62001,11,1.22
31,64001,11,1.34
31,65535,11,1.25
31,1,21,1.42
31,2001,21,1.25
31,4001,21,1.21
31,6001,21,1.25
31,8001,21,1.14
31,10001,21,1.31
31,12001,21,1.35
31,14001,21,1.3
31,16001,21,1.26
31,18001,21,1.14
31,20001,21,1.31
31,22001,21,1.24
31,24001,21,1.23
31,26001,21,1.26
31,28001,21,1.31
31,30001,21,1.22
31,32001,21,1.24
31,34001,21,1.3
31,36001,21,1.15
31,38001,21,1.32
31,40001,21,1.15
31,42001,21,1.24
31,44001,21,1.3
31,46001,21,1.27
31,48001,21,1.32
31,50001,21,1.18
31,52001,21,1.21
31,54001,21,1.26
31,56001,21,1.23
31,58001,21,1.25
31,60001,21,1.27
31,62001,21,1.23
31,64001,21,1.28
31,65535,21,1.29
31,1,31,1.42
31,2001,31,1.38
31,4001,31,1.4
31,6001,31,1.35
31,8001,31,1.33
31,10001,31,1.28
31,12001,31,1.3
31,14001,31,1.29
31,16001,31,1.33
31,18001,31,1.43
31,20001,31,1.32
31,22001,31,1.26
31,24001,31,1.29
31,26001,31,1.27
31,28001,31,1.22
31,30001,31,1.36
31,32001,31,1.3
31,34001,31,1.25
31,36001,31,1.3
31,38001,31,1.34
31,40001,31,1.27
31,42001,31,1.23
31,44001,31,1.32
31,46001,31,1.28
31,48001,31,1.28
31,50001,31,1.3
31,52001,31,1.23
31,54001,31,1.42
31,56001,31,1.32
31,58001,31,1.29
31,60001,31,1.24
31,62001,31,1.22
31,64001,31,1.3
31,65535,31,1.2
31,1,41,1.37
31,2001,41,1.35
31,4001,41,1.22
31,6001,41,1.31
31,8001,41,1.29
31,10001,41,1.26
31,12001,41,1.31
31,14001,41,1.1
31,16001,41,1.35
31,18001,41,1.31
31,20001,41,1.26
31,22001,41,1.23
31,24001,41,1.25
31,26001,41,1.24
31,28001,41,1.18
31,30001,41,1.25
31,32001,41,1.3
31,34001,41,1.16
31,36001,41,1.25
31,38001,41,1.23
31,40001,41,1.37
31,42001,41,1.25
31,44001,41,1.31
31,46001,41,1.29
31,48001,41,1.28
31,50001,41,1.21
31,52001,41,1.24
31,54001,41,1.2
31,56001,41,1.3
31,58001,41,1.43
31,60001,41,1.26
31,62001,41,1.27
31,64001,41,1.33
31,65535,41,1.34
31,1,51,1.36
31,2001,51,1.3
31,4001,51,1.37
31,6001,51,1.23
31,8001,51,1.27
31,10001,51,1.31
31,12001,51,1.28
31,14001,51,1.22
31,16001,51,1.22
31,18001,51,1.22
31,20001,51,1.29
31,22001,51,1.23
31,24001,51,1.24
31,26001,51,1.18
31,28001,51,1.17
31,30001,51,1.22
31,32001,51,1.26
31,34001,51,1.27
31,36001,51,1.37
31,38001,51,1.21
31,40001,51,1.25
31,42001,51,1.17
31,44001,51,1.27
31,46001,51,1.34
31,48001,51,1.3
31,50001,51,1.26
31,52001,51,1.28
31,54001,51,1.26
31,56001,51,1.23
31,58001,51,1.34
31,60001,51,1.33
31,62001,51,1.23
31,64001,51,1.15
31,65535,51,1.21
31,1,61,1.22
31,2001,61,1.29
31,4001,61,1.25
31,6001,61,1.23
31,8001,61,1.31
31,10001,61,1.29
31,12001,61,1.26
31,14001,61,1.18
31,16001,61,1.2
31,18001,61,1.28
31,20001,61,1.3
31,22001,61,1.22
31,24001,61,1.21
31,26001,61,1.19
31,28001,61,1.19
31,30001,61,1.3
31,32001,61,1.19
31,34001,61,1.22
31,36001,61,1.25
31,38001,61,1.27
31,40001,61,1.22
31,42001,61,1.28
31,44001,61,1.27
31,46001,61,1.25
31,48001,61,1.33
31,50001,61,1.26
31,52001,61,1.23
31,54001,61,1.38
31,56001,61,1.41
31,58001,61,1.35
31,60001,61,1.29
31,62001,61,1.26
31,64001,61,1.46
31,65535,61,1.31
31,1,71,1.38
31,2001,71,1.28
31,4001,71,1.37
31,6001,71,1.39
31,8001,71,1.23
31,10001,71,1.3
31,12001,71,1.24
31,14001,71,1.19
31,16001,71,1.26
31,18001,71,1.37
31,20001,71,1.34
31,22001,71,1.22
31,24001,71,1.22
31,26001,71,1.2
31,28001,71,1.11
31,30001,71,1.1
31,32001,71,1.38
31,34001,71,1.39
31,36001,71,1.24
31,38001,71,1.35
31,40001,71,1.2
31,42001,71,1.19
31,44001,71,1.19
31,46001,71,1.26
31,48001,71,1.36
31,50001,71,1.12
31,52001,71,1.21
31,54001,71,1.24
31,56001,71,1.16
31,58001,71,1.34
31,60001,71,1.3
31,62001,71,1.4
31,64001,71,1.29
31,65535,71,1.28
31,1,81,1.2
31,2001,81,1.3
31,4001,81,1.26
31,6001,81,1.26
31,8001,81,1.23
31,10001,81,1.29
31,12001,81,1.37
31,14001,81,1.26
31,16001,81,1.17
31,18001,81,1.31
31,20001,81,1.27
31,22001,81,1.34
31,24001,81,1.21
31,26001,81,1.33
31,28001,81,1.16
31,30001,81,1.2
31,32001,81,1.19
31,34001,81,1.22
31,36001,81,1.24
31,38001,81,1.25
31,40001,81,1.36
31,42001,81,1.18
31,44001,81,1.22
31,46001,81,1.31
31,48001,81,1.2
31,50001,81,1.16
31,52001,81,1.23
31,54001,81,1.2
31,56001,81,1.2
31,58001,81,1.29
31,60001,81,1.31
31,62001,81,1.3
31,64001,81,1.29
31,65535,81,1.23
31,1,91,1.28
31,2001,91,1.25
31,4001,91,1.29
31,6001,91,1.36
31,8001,91,1.43
31,10001,91,1.25
31,12001,91,1.34
31,14001,91,1.25
31,16001,91,1.37
31,18001,91,1.36
31,20001,91,1.32
31,22001,91,1.25
31,24001,91,1.25
31,26001,91,1.24
31,28001,91,1.19
31,30001,91,1.23
31,32001,91,1.29
31,34001,91,1.33
31,36001,91,1.29
31,38001,91,1.17
31,40001,91,1.25
31,42001,91,1.29
31,44001,91,1.21
31,46001,91,1.33
31,48001,91,1.16
31,50001,91,1.13
31,52001,91,1.2
31,54001,91,1.26
31,56001,91,1.29
31,58001,91,1.22
31,60001,91,1.3
31,62001,91,1.26
31,64001,91,1.24
31,65535,91,1.31
31,1,101,1.29
31,2001,101,1.36
31,4001,101,1.38
31,6001,101,1.31
31,8001,101,1.33
31,10001,101,1.27
31,12001,101,1.33
31,14001,101,1.37
31,16001,101,1.34
31,18001,101,1.44
31,20001,101,1.22
31,22001,101,1.2
31,24001,101,1.22
31,26001,101,1.11
31,28001,101,1.24
31,30001,101,1.22
31,32001,101,1.24
31,34001,101,1.27
31,36001,101,1.26
31,38001,101,1.23
31,40001,101,1.17
31,42001,101,1.24
31,44001,101,1.32
31,46001,101,1.35
31,48001,101,1.22
31,50001,101,1.12
31,52001,101,1.22
31,54001,101,1.21
31,56001,101,1.18
31,58001,101,1.28
31,60001,101,1.3
31,62001,101,1.28
31,64001,101,1.33
31,65535,101,1.24
31,1,111,1.4
31,2001,111,1.23
31,4001,111,1.27
31,6001,111,1.25
31,8001,111,1.39
31,10001,111,1.32
31,12001,111,1.38
31,14001,111,1.27
31,16001,111,1.23
31,18001,111,1.29
31,20001,111,1.22
31,22001,111,1.2
31,24001,111,1.17
31,26001,111,1.18
31,28001,111,1.18
31,30001,111,1.19
31,32001,111,1.23
31,34001,111,1.23
31,36001,111,1.3
31,38001,111,1.34
31,40001,111,1.28
31,42001,111,1.33
31,44001,111,1.27
31,46001,111,1.25
31,48001,111,1.14
31,50001,111,1.09
31,52001,111,1.12
31,54001,111,1.23
31,56001,111,1.15
31,58001,111,1.25
31,60001,111,1.16
31,62001,111,1.36
31,64001,111,1.29
31,65535,111,1.36
31,1,121,1.26
31,2001,121,1.23
31,4001,121,1.4
31,6001,121,1.26
31,8001,121,1.19
31,10001,121,1.23
31,12001,121,1.18
31,14001,121,1.4
31,16001,121,1.3
31,18001,121,1.29
31,20001,121,1.32
31,22001,121,1.21
31,24001,121,1.09
31,26001,121,1.19
31,28001,121,1.24
31,30001,121,1.16
31,32001,121,1.22
31,34001,121,1.13
31,36001,121,1.25
31,38001,121,1.25
31,40001,121,1.35
31,42001,121,1.21
31,44001,121,1.28
31,46001,121,1.09
31,48001,121,1.14
31,50001,121,1.22
31,52001,121,1.12
31,54001,121,1.21
31,56001,121,1.22
31,58001,121,1.35
31,60001,121,1.35
31,62001,121,1.31
31,64001,121,1.25
31,65535,121,1.3
31,1,131,1.25
31,2001,131,1.16
31,4001,131,1.31
31,6001,131,1.29
31,8001,131,1.33
31,10001,131,1.22
31,12001,131,1.35
31,14001,131,1.28
31,16001,131,1.31
31,18001,131,1.28
31,20001,131,1.24
31,22001,131,1.23
31,24001,131,1.14
31,26001,131,1.06
31,28001,131,1.15
31,30001,131,1.21
31,32001,131,1.24
31,34001,131,1.26
31,36001,131,1.2
31,38001,131,1.2
31,40001,131,1.17
31,42001,131,1.25
31,44001,131,1.21
31,46001,131,1.16
31,48001,131,1.08
31,50001,131,1.2
31,52001,131,1.24
31,54001,131,1.35
31,56001,131,1.24
31,58001,131,1.28
31,60001,131,1.29
31,62001,131,1.27
31,64001,131,1.2
31,65535,131,1.26
31,1,141,1.21
31,2001,141,1.17
31,4001,141,1.2
31,6001,141,1.26
31,8001,141,1.1
31,10001,141,1.28
31,12001,141,1.27
31,14001,141,1.33
31,16001,141,1.18
31,18001,141,1.31
31,20001,141,1.25
31,22001,141,1.18
31,24001,141,1.22
31,26001,141,1.2
31,28001,141,1.16
31,30001,141,1.18
31,32001,141,1.23
31,34001,141,1.07
31,36001,141,1.3
31,38001,141,1.26
31,40001,141,1.24
31,42001,141,1.27
31,44001,141,1.21
31,46001,141,1.25
31,48001,141,1.26
31,50001,141,1.27
31,52001,141,1.29
31,54001,141,1.28
31,56001,141,1.06
31,58001,141,1.24
31,60001,141,1.28
31,62001,141,1.32
31,64001,141,1.29
31,65535,141,1.21
31,1,151,1.3
31,2001,151,1.28
31,4001,151,1.29
31,6001,151,1.27
31,8001,151,1.3
31,10001,151,1.25
31,12001,151,1.35
31,14001,151,1.28
31,16001,151,1.2
31,18001,151,1.29
31,20001,151,1.3
31,22001,151,1.2
31,24001,151,1.1
31,26001,151,1.18
31,28001,151,1.15
31,30001,151,1.22
31,32001,151,1.23
31,34001,151,1.18
31,36001,151,1.19
31,38001,151,1.25
31,40001,151,1.21
31,42001,151,1.15
31,44001,151,1.11
31,46001,151,1.07
31,48001,151,1.06
31,50001,151,1.03
31,52001,151,1.19
31,54001,151,1.27
31,56001,151,1.31
31,58001,151,1.29
31,60001,151,1.31
31,62001,151,1.32
31,64001,151,1.39
31,65535,151,1.33
31,1,161,1.4
31,2001,161,1.32
31,4001,161,1.36
31,6001,161,1.22
31,8001,161,1.22
31,10001,161,1.16
31,12001,161,1.27
31,14001,161,1.24
31,16001,161,1.24
31,18001,161,1.33
31,20001,161,1.29
31,22001,161,1.23
31,24001,161,1.19
31,26001,161,1.12
31,28001,161,1.12
31,30001,161,1.17
31,32001,161,1.11
31,34001,161,1.19
31,36001,161,1.19
31,38001,161,1.19
31,40001,161,1.31
31,42001,161,1.19
31,44001,161,1.21
31,46001,161,1.23
31,48001,161,1.21
31,50001,161,1.19
31,52001,161,1.2
31,54001,161,1.21
31,56001,161,1.23
31,58001,161,1.25
31,60001,161,1.25
31,62001,161,1.32
31,64001,161,1.25
31,65535,161,1.26
31,1,171,1.19
31,2001,171,1.11
31,4001,171,1.22
31,6001,171,1.29
31,8001,171,1.37
31,10001,171,1.19
31,12001,171,1.22
31,14001,171,1.16
31,16001,171,1.4
31,18001,171,1.3
31,20001,171,1.39
31,22001,171,1.15
31,24001,171,1.09
31,26001,171,1.14
31,28001,171,1.09
31,30001,171,1.23
31,32001,171,1.1
31,34001,171,1.21
31,36001,171,1.17
31,38001,171,1.27
31,40001,171,1.25
31,42001,171,1.3
31,44001,171,1.25
31,46001,171,1.07
31,48001,171,1.22
31,50001,171,1.2
31,52001,171,1.17
31,54001,171,1.18
31,56001,171,1.08
31,58001,171,1.19
31,60001,171,1.35
31,62001,171,1.25
31,64001,171,1.27
31,65535,171,1.2
31,1,181,1.19
31,2001,181,1.32
31,4001,181,1.3
31,6001,181,1.26
31,8001,181,1.27
31,10001,181,1.33
31,12001,181,1.32
31,14001,181,1.23
31,16001,181,1.28
31,18001,181,1.25
31,20001,181,1.28
31,22001,181,1.16
31,24001,181,1.1
31,26001,181,1.21
31,28001,181,1.13
31,30001,181,1.21
31,32001,181,1.14
31,34001,181,1.16
31,36001,181,1.15
31,38001,181,1.23
31,40001,181,1.18
31,42001,181,1.19
31,44001,181,1.25
31,46001,181,1.18
31,48001,181,1.09
31,50001,181,1.07
31,52001,181,1.23
31,54001,181,1.22
31,56001,181,1.21
31,58001,181,1.29
31,60001,181,1.33
31,62001,181,1.18
31,64001,181,1.32
31,65535,181,1.32
31,1,191,1.26
31,2001,191,1.09
31,4001,191,1.33
31,6001,191,1.3
31,8001,191,1.21
31,10001,191,1.26
31,12001,191,1.22
31,14001,191,1.34
31,16001,191,1.26
31,18001,191,1.18
31,20001,191,1.22
31,22001,191,1.26
31,24001,191,1.15
31,26001,191,1.05
31,28001,191,1.14
31,30001,191,1.16
31,32001,191,1.25
31,34001,191,1.13
31,36001,191,1.14
31,38001,191,1.11
31,40001,191,1.24
31,42001,191,1.28
31,44001,191,1.25
31,46001,191,1.18
31,48001,191,1.19
31,50001,191,1.04
31,52001,191,1.12
31,54001,191,1.19
31,56001,191,1.21
31,58001,191,1.3
31,60001,191,1.27
31,62001,191,1.18
31,64001,191,1.25
31,65535,191,1.32
31,1,201,1.26
31,2001,201,1.16
31,4001,201,1.26
31,6001,201,1.34
31,8001,201,1.25
31,10001,201,1.22
31,12001,201,1.23
31,14001,201,1.17
31,16001,201,1.17
31,18001,201,1.21
31,20001,201,1.19
31,22001,201,1.14
31,24001,201,1.09
31,26001,201,1.19
31,28001,201,1.14
31,30001,201,1.17
31,32001,201,1.18
31,34001,201,1.13
31,36001,201,1.19
31,38001,201,1.31
31,40001,201,1.23
31,42001,201,1.25
31,44001,201,1.3
31,46001,201,1.25
31,48001,201,1.13
31,50001,201,1.24
31,52001,201,1.24
31,54001,201,1.13
31,56001,201,1.26
31,58001,201,1.26
31,60001,201,1.29
31,62001,201,1.39
31,64001,201,1.24
31,65535,201,1.18
31,1,211,1.25
31,2001,211,1.17
31,4001,211,1.23
31,6001,211,1.21
31,8001,211,1.12
31,10001,211,1.28
31,12001,211,1.28
31,14001,211,1.24
31,16001,211,1.46
31,18001,211,1.41
31,20001,211,1.31
31,22001,211,1.22
31,24001,211,1.18
31,26001,211,1.07
31,28001,211,1.09
31,30001,211,1.09
31,32001,211,1.08
31,34001,211,1.14
31,36001,211,1.26
31,38001,211,1.26
31,40001,211,1.26
31,42001,211,1.21
31,44001,211,1.25
31,46001,211,1.13
31,48001,211,1.09
31,50001,211,1.19
31,52001,211,1.19
31,54001,211,1.09
31,56001,211,1.13
31,58001,211,1.16
31,60001,211,1.27
31,62001,211,1.29
31,64001,211,1.14
31,65535,211,1.19
31,1,221,1.15
31,2001,221,1.19
31,4001,221,1.22
31,6001,221,1.27
31,8001,221,1.37
31,10001,221,1.29
31,12001,221,1.16
31,14001,221,1.18
31,16001,221,1.16
31,18001,221,1.3
31,20001,221,1.26
31,22001,221,1.22
31,24001,221,1.1
31,26001,221,1.14
31,28001,221,1.07
31,30001,221,1.1
31,32001,221,1.1
31,34001,221,1.15
31,36001,221,1.27
31,38001,221,1.18
31,40001,221,1.19
31,42001,221,1.21
31,44001,221,1.2
31,46001,221,1.16
31,48001,221,1.22
31,50001,221,1.11
31,52001,221,1.14
31,54001,221,1.27
31,56001,221,1.36
31,58001,221,1.19
31,60001,221,1.25
31,62001,221,1.31
31,64001,221,1.24
31,65535,221,1.16
31,1,231,1.15
31,2001,231,1.16
31,4001,231,1.19
31,6001,231,1.22
31,8001,231,1.23
31,10001,231,1.25
31,12001,231,1.34
31,14001,231,1.27
31,16001,231,1.22
31,18001,231,1.22
31,20001,231,1.25
31,22001,231,1.19
31,24001,231,1.19
31,26001,231,1.05
31,28001,231,1.11
31,30001,231,1.11
31,32001,231,1.15
31,34001,231,1.07
31,36001,231,1.32
31,38001,231,1.17
31,40001,231,1.2
31,42001,231,1.14
31,44001,231,1.22
31,46001,231,1.14
31,48001,231,1.12
31,50001,231,1.19
31,52001,231,1.19
31,54001,231,1.22
31,56001,231,1.15
31,58001,231,1.21
31,60001,231,1.24
31,62001,231,1.16
31,64001,231,1.12
31,65535,231,1.17
31,1,241,1.18
31,2001,241,1.25
31,4001,241,1.17
31,6001,241,1.22
31,8001,241,1.17
31,10001,241,1.2
31,12001,241,1.29
31,14001,241,1.31
31,16001,241,1.26
31,18001,241,1.23
31,20001,241,1.26
31,22001,241,1.19
31,24001,241,1.09
31,26001,241,1.09
31,28001,241,1.08
31,30001,241,1.06
31,32001,241,1.09
31,34001,241,1.13
31,36001,241,1.2
31,38001,241,1.13
31,40001,241,1.12
31,42001,241,1.26
31,44001,241,1.27
31,46001,241,1.13
31,48001,241,1.15
31,50001,241,1.11
31,52001,241,1.08
31,54001,241,1.35
31,56001,241,1.29
31,58001,241,1.27
31,60001,241,1.18
31,62001,241,1.15
31,64001,241,1.16
31,65535,241,1.18
31,1,251,1.16
31,2001,251,1.06
31,4001,251,1.2
31,6001,251,1.21
31,8001,251,1.21
31,10001,251,1.21
31,12001,251,1.25
31,14001,251,1.26
31,16001,251,1.25
31,18001,251,1.29
31,20001,251,1.15
31,22001,251,1.24
31,24001,251,1.2
31,26001,251,1.13
31,28001,251,1.17
31,30001,251,1.02
31,32001,251,1.1
31,34001,251,1.06
31,36001,251,1.08
31,38001,251,1.14
31,40001,251,1.14
31,42001,251,1.05
31,44001,251,1.14
31,46001,251,1.13
31,48001,251,1.16
31,50001,251,1.12
31,52001,251,1.08
31,54001,251,1.17
31,56001,251,1.26
31,58001,251,1.3
31,60001,251,1.26
31,62001,251,1.11
31,64001,251,1.28
31,65535,251,1.07
31,1,254,1.14
31,2001,254,1.18
31,4001,254,1.17
31,6001,254,1.16
31,8001,254,1.21
31,10001,254,1.28
31,12001,254,1.32
31,14001,254,1.28
31,16001,254,1.14
31,18001,254,1.3
31,20001,254,1.24
31,22001,254,1.12
31,24001,254,1.25
31,26001,254,1.11
31,28001,254,1.16
31,30001,254,1.01
31,32001,254,1.18
31,34001,254,1.2
31,36001,254,1.23
31,38001,254,1.13
31,40001,254,1.26
31,42001,254,1.24
31,44001,254,1.08
31,46001,254,1.14
31,48001,254,1.15
31,50001,254,1.18
31,52001,254,1.13
31,54001,254,1.11
31,56001,254,1.23
31,58001,254,1.19
31,60001,254,1.25
31,62001,254,1.29
31,64001,254,1.17
31,65535,254,1.17
41,1,1,1.38
41,2001,1,1.33
41,4001,1,1.32
41,6001,1,1.38
41,8001,1,1.27
41,10001,1,1.31
41,12001,1,1.32
41,14001,1,1.34
41,16001,1,1.31
41,18001,1,1.31
41,20001,1,1.31
41,22001,1,1.31
41,24001,1,1.49
41,26001,1,1.39
41,28001,1,1.28
41,30001,1,1.42
41,32001,1,1.3
41,34001,1,1.27
41,36001,1,1.27
41,38001,1,1.36
41,40001,1,1.41
41,42001,1,1.29
41,44001,1,1.27
41,46001,1,1.38
41,48001,1,1.33
41,50001,1,1.29
41,52001,1,1.3
41,54001,1,1.3
41,56001,1,1.48
41,58001,1,1.32
41,60001,1,1.3
41,62001,1,1.32
41,64001,1,1.34
41,65535,1,1.5
41,1,11,1.35
41,2001,11,1.36
41,4001,11,1.35
41,6001,11,1.34
41,8001,11,1.27
41,10001,11,1.29
41,12001,11,1.34
41,14001,11,1.12
41,16001,11,1.41
41,18001,11,1.38
41,20001,11,1.37
41,22001,11,1.45
41,24001,11,1.43
41,26001,11,1.28
41,28001,11,1.39
41,30001,11,1.22
41,32001,11,1.45
41,34001,11,1.3
41,36001,11,1.29
41,38001,11,1.3
41,40001,11,1.39
41,42001,11,1.43
41,44001,11,1.2
41,46001,11,1.26
41,48001,11,1.41
41,50001,11,1.35
41,52001,11,1.34
41,54001,11,1.38
41,56001,11,1.26
41,58001,11,1.48
41,60001,11,1.41
41,62001,11,1.38
41,64001,11,1.43
41,65535,11,1.27
41,1,21,1.28
41,2001,21,1.32
41,4001,21,1.33
41,6001,21,1.32
41,8001,21,1.4
41,10001,21,1.26
41,12001,21,1.37
41,14001,21,1.44
41,16001,21,1.34
41,18001,21,1.38
41,20001,21,1.24
41,22001,21,1.27
41,24001,21,1.26
41,26001,21,1.29
41,28001,21,1.31
41,30001,21,1.36
41,32001,21,1.33
41,34001,21,1.28
41,36001,21,1.37
41,38001,21,1.36
41,40001,21,1.27
41,42001,21,1.22
41,44001,21,1.3
41,46001,21,1.34
41,48001,21,1.24
41,50001,21,1.3
41,52001,21,1.37
41,54001,21,1.22
41,56001,21,1.36
41,58001,21,1.37
41,60001,21,1.4
41,62001,21,1.39
41,64001,21,1.23
41,65535,21,1.33
41,1,31,1.29
41,2001,31,1.35
41,4001,31,1.34
41,6001,31,1.43
41,8001,31,1.44
41,10001,31,1.31
41,12001,31,1.3
41,14001,31,1.34
41,16001,31,1.3
41,18001,31,1.38
41,20001,31,1.35
41,22001,31,1.28
41,24001,31,1.28
41,26001,31,1.34
41,28001,31,1.29
41,30001,31,1.3
41,32001,31,1.38
41,34001,31,1.31
41,36001,31,1.33
41,38001,31,1.3
41,40001,31,1.25
41,42001,31,1.22
41,44001,31,1.33
41,46001,31,1.39
41,48001,31,1.41
41,50001,31,1.19
41,52001,31,1.22
41,54001,31,1.31
41,56001,31,1.34
41,58001,31,1.29
41,60001,31,1.3
41,62001,31,1.3
41,64001,31,1.31
41,65535,31,1.31
41,1,41,1.38
41,2001,41,1.47
41,4001,41,1.38
41,6001,41,1.39
41,8001,41,1.3
41,10001,41,1.4
41,12001,41,1.25
41,14001,41,1.42
41,16001,41,1.39
41,18001,41,1.3
41,20001,41,1.28
41,22001,41,1.29
41,24001,41,1.33
41,26001,41,1.25
41,28001,41,1.22
41,30001,41,1.35
41,32001,41,1.39
41,34001,41,1.3
41,36001,41,1.38
41,38001,41,1.37
41,40001,41,1.33
41,42001,41,1.32
41,44001,41,1.32
41,46001,41,1.41
41,48001,41,1.27
41,50001,41,1.33
41,52001,41,1.4
41,54001,41,1.31
41,56001,41,1.24
41,58001,41,1.35
41,60001,41,1.32
41,62001,41,1.31
41,64001,41,1.36
41,65535,41,1.45
41,1,51,1.47
41,2001,51,1.31
41,4001,51,1.34
41,6001,51,1.38
41,8001,51,1.41
41,10001,51,1.28
41,12001,51,1.32
41,14001,51,1.33
41,16001,51,1.4
41,18001,51,1.35
41,20001,51,1.35
41,22001,51,1.33
41,24001,51,1.17
41,26001,51,1.32
41,28001,51,1.31
41,30001,51,1.21
41,32001,51,1.29
41,34001,51,1.34
41,36001,51,1.32
41,38001,51,1.29
41,40001,51,1.24
41,42001,51,1.27
41,44001,51,1.3
41,46001,51,1.25
41,48001,51,1.28
41,50001,51,1.28
41,52001,51,1.26
41,54001,51,1.27
41,56001,51,1.28
41,58001,51,1.35
41,60001,51,1.44
41,62001,51,1.44
41,64001,51,1.32
41,65535,51,1.23
41,1,61,1.31
41,2001,61,1.29
41,4001,61,1.28
41,6001,61,1.41
41,8001,61,1.4
41,10001,61,1.29
41,12001,61,1.39
41,14001,61,1.52
41,16001,61,1.21
41,18001,61,1.34
41,20001,61,1.24
41,22001,61,1.39
41,24001,61,1.19
41,26001,61,1.36
41,28001,61,1.31
41,30001,61,1.4
41,32001,61,1.24
41,34001,61,1.37
41,36001,61,1.29
41,38001,61,1.28
41,40001,61,1.32
41,42001,61,1.25
41,44001,61,1.18
41,46001,61,1.23
41,48001,61,1.28
41,50001,61,1.28
41,52001,61,1.21
41,54001,61,1.3
41,56001,61,1.29
41,58001,61,1.31
41,60001,61,1.41
41,62001,61,1.44
41,64001,61,1.31
41,65535,61,1.28
41,1,71,1.29
41,2001,71,1.36
41,4001,71,1.35
41,6001,71,1.41
41,8001,71,1.31
41,10001,71,1.29
41,12001,71,1.3
41,14001,71,1.39
41,16001,71,1.31
41,18001,71,1.29
41,20001,71,1.25
41,22001,71,1.27
41,24001,71,1.28
41,26001,71,1.22
41,28001,71,1.28
41,30001,71,1.33
41,32001,71,1.3
41,34001,71,1.29
41,36001,71,1.29
41,38001,71,1.44
41,40001,71,1.27
41,42001,71,1.28
41,44001,71,1.27
41,46001,71,1.36
41,48001,71,1.24
41,50001,71,1.27
41,52001,71,1.35
41,54001,71,1.24
41,56001,71,1.25
41,58001,71,1.34
41,60001,71,1.37
41,62001,71,1.3
41,64001,71,1.35
41,65535,71,1.39
41,1,81,1.42
41,2001,81,1.4
41,4001,81,1.28
41,6001,81,1.25
41,8001,81,1.35
41,10001,81,1.39
41,12001,81,1.28
41,14001,81,1.27
41,16001,81,1.22
41,18001,81,1.23
41,20001,81,1.34
41,22001,81,1.25
41,24001,81,1.23
41,26001,81,1.32
41,28001,81,1.24
41,30001,81,1.25
41,32001,81,1.18
41,34001,81,1.31
41,36001,81,1.19
41,38001,81,1.28
41,40001,81,1.36
41,42001,81,1.31
41,44001,81,1.28
41,46001,81,1.24
41,48001,81,1.11
41,50001,81,1.26
41,52001,81,1.27
41,54001,81,1.14
41,56001,81,1.36
41,58001,81,1.38
41,60001,81,1.24
41,62001,81,1.29
41,64001,81,1.22
41,65535,81,1.43
41,1,91,1.26
41,2001,91,1.22
41,4001,91,1.37
41,6001,91,1.32
41,8001,91,1.35
41,10001,91,1.41
41,12001,91,1.26
41,14001,91,1.22
41,16001,91,1.27
41,18001,91,1.45
41,20001,91,1.28
41,22001,91,1.27
41,24001,91,1.33
41,26001,91,1.31
41,28001,91,1.39
41,30001,91,1.2
41,32001,91,1.17
41,34001,91,1.26
41,36001,91,1.26
41,38001,91,1.37
41,40001,91,1.31
41,42001,91,1.41
41,44001,91,1.28
41,46001,91,1.27
41,48001,91,1.31
41,50001,91,1.32
41,52001,91,1.3
41,54001,91,1.27
41,56001,91,1.28
41,58001,91,1.23
41,60001,91,1.31
41,62001,91,1.3
41,64001,91,1.37
41,65535,91,1.33
41,1,101,1.32
41,2001,101,1.39
41,4001,101,1.36
41,6001,101,1.34
41,8001,101,1.3
41,10001,101,1.43
41,12001,101,1.3
41,14001,101,1.27
41,16001,101,1.36
41,18001,101,1.29
41,20001,101,1.34
41,22001,101,1.2
41,24001,101,1.31
41,26001,101,1.17
41,28001,101,1.21
41,30001,101,1.28
41,32001,101,1.3
41,34001,101,1.31
41,36001,101,1.29
41,38001,101,1.35
41,40001,101,1.32
41,42001,101,1.31
41,44001,101,1.31
41,46001,101,1.35
41,48001,101,1.23
41,50001,101,1.23
41,52001,101,1.23
41,54001,101,1.2
41,56001,101,1.29
41,58001,101,1.3
41,60001,101,1.28
41,62001,101,1.3
41,64001,101,1.29
41,65535,101,1.39
41,1,111,1.3
41,2001,111,1.3
41,4001,111,1.18
41,6001,111,1.4
41,8001,111,1.37
41,10001,111,1.41
41,12001,111,1.31
41,14001,111,1.34
41,16001,111,1.35
41,18001,111,1.36
41,20001,111,1.28
41,22001,111,1.24
41,24001,111,1.16
41,26001,111,1.19
41,28001,111,1.25
41,30001,111,1.14
41,32001,111,1.22
41,34001,111,1.31
41,36001,111,1.24
41,38001,111,1.23
41,40001,111,1.25
41,42001,111,1.32
41,44001,111,1.29
41,46001,111,1.34
41,48001,111,1.28
41,50001,111,1.19
41,52001,111,1.23
41,54001,111,1.16
41,56001,111,1.3
41,58001,111,1.34
41,60001,111,1.31
41,62001,111,1.39
41,64001,111,1.37
41,65535,111,1.25
41,1,121,1.28
41,2001,121,1.49
41,4001,121,1.19
41,6001,121,1.38
41,8001,121,1.38
41,10001,121,1.22
41,12001,121,1.41
41,14001,121,1.32
41,16001,121,1.32
41,18001,121,1.36
41,20001,121,1.3
41,22001,121,1.34
41,24001,121,1.19
41,26001,121,1.09
41,28001,121,1.12
41,30001,121,1.27
41,32001,121,1.24
41,34001,121,1.25
41,36001,121,1.2
41,38001,121,1.22
41,40001,121,1.3
41,42001,121,1.34
41,44001,121,1.21
41,46001,121,1.21
41,48001,121,1.24
41,50001,121,1.33
41,52001,121,1.16
41,54001,121,1.29
41,56001,121,1.27
41,58001,121,1.3
41,60001,121,1.36
41,62001,121,1.32
41,64001,121,1.23
41,65535,121,1.36
41,1,131,1.39
41,2001,131,1.38
41,4001,131,1.42
41,6001,131,1.34
41,8001,131,1.4
41,10001,131,1.27
41,12001,131,1.3
41,14001,131,1.34
41,16001,131,1.44
41,18001,131,1.31
41,20001,131,1.34
41,22001,131,1.32
41,24001,131,1.21
41,26001,131,1.24
41,28001,131,1.23
41,30001,131,1.26
41,32001,131,1.21
41,34001,131,1.19
41,36001,131,1.29
41,38001,131,1.3
41,40001,131,1.28
41,42001,131,1.19
41,44001,131,1.21
41,46001,131,1.25
41,48001,131,1.37
41,50001,131,1.26
41,52001,131,1.24
41,54001,131,1.26
41,56001,131,1.32
41,58001,131,1.35
41,60001,131,1.25
41,62001,131,1.31
41,64001,131,1.4
41,65535,131,1.36
41,1,141,1.31
41,2001,141,1.41
41,4001,141,1.33
41,6001,141,1.34
41,8001,141,1.26
41,10001,141,1.22
41,12001,141,1.33
41,14001,141,1.4
41,16001,141,1.4
41,18001,141,1.3
41,20001,141,1.27
41,22001,141,1.29
41,24001,141,1.27
41,26001,141,1.12
41,28001,141,1.15
41,30001,141,1.18
41,32001,141,1.15
41,34001,141,1.3
41,36001,141,1.28
41,38001,141,1.31
41,40001,141,1.44
41,42001,141,1.32
41,44001,141,1.23
41,46001,141,1.22
41,48001,141,1.28
41,50001,141,1.25
41,52001,141,1.26
41,54001,141,1.3
41,56001,141,1.39
41,58001,141,1.27
41,60001,141,1.32
41,62001,141,1.43
41,64001,141,1.41
41,65535,141,1.18
41,1,151,1.34
41,2001,151,1.25
41,4001,151,1.25
41,6001,151,1.36
41,8001,151,1.37
41,10001,151,1.34
41,12001,151,1.38
41,14001,151,1.31
41,16001,151,1.38
41,18001,151,1.41
41,20001,151,1.21
41,22001,151,1.27
41,24001,151,1.18
41,26001,151,1.13
41,28001,151,1.16
41,30001,151,1.16
41,32001,151,1.17
41,34001,151,1.2
41,36001,151,1.28
41,38001,151,1.32
41,40001,151,1.25
41,42001,151,1.29
41,44001,151,1.23
41,46001,151,1.32
41,48001,151,1.18
41,50001,151,1.14
41,52001,151,1.26
41,54001,151,1.27
41,56001,151,1.36
41,58001,151,1.3
41,60001,151,1.38
41,62001,151,1.35
41,64001,151,1.36
41,65535,151,1.34
41,1,161,1.3
41,2001,161,1.33
41,4001,161,1.28
41,6001,161,1.36
41,8001,161,1.33
41,10001,161,1.35
41,12001,161,1.24
41,14001,161,1.38
41,16001,161,1.22
41,18001,161,1.3
41,20001,161,1.31
41,22001,161,1.12
41,24001,161,1.14
41,26001,161,1.08
41,28001,161,1.19
41,30001,161,1.2
41,32001,161,1.21
41,34001,161,1.2
41,36001,161,1.24
41,38001,161,1.22
41,40001,161,1.29
41,42001,161,1.22
41,44001,161,1.15
41,46001,161,1.21
41,48001,161,1.27
41,50001,161,1.18
41,52001,161,1.08
41,54001,161,1.3
41,56001,161,1.28
41,58001,161,1.28
41,60001,161,1.28
41,62001,161,1.32
41,64001,161,1.35
41,65535,161,1.29
41,1,171,1.32
41,2001,171,1.34
41,4001,171,1.32
41,6001,171,1.2
41,8001,171,1.35
41,10001,171,1.34
41,12001,171,1.32
41,14001,171,1.25
41,16001,171,1.41
41,18001,171,1.29
41,20001,171,1.19
41,22001,171,1.28
41,24001,171,1.24
41,26001,171,1.13
41,28001,171,1.23
41,30001,171,1.22
41,32001,171,1.18
41,34001,171,1.11
41,36001,171,1.19
41,38001,171,1.2
41,40001,171,1.22
41,42001,171,1.25
41,44001,171,1.17
41,46001,171,1.2
41,48001,171,1.28
41,50001,171,1.3
41,52001,171,1.22
41,54001,171,1.26
41,56001,171,1.31
41,58001,171,1.37
41,60001,171,1.35
41,62001,171,1.24
41,64001,171,1.25
41,65535,171,1.32
41,1,181,1.3
41,2001,181,1.29
41,4001,181,1.3
41,6001,181,1.37
41,8001,181,1.28
41,10001,181,1.32
41,12001,181,1.25
41,14001,181,1.32
41,16001,181,1.27
41,18001,181,1.3
41,20001,181,1.4
41,22001,181,1.07
41,24001,181,1.15
41,26001,181,1.2
41,28001,181,1.22
41,30001,181,1.09
41,32001,181,1.17
41,34001,181,1.19
41,36001,181,1.3
41,38001,181,1.2
41,40001,181,1.15
41,42001,181,1.18
41,44001,181,1.2
41,46001,181,1.19
41,48001,181,1.13
41,50001,181,1.04
41,52001,181,1.15
41,54001,181,1.31
41,56001,181,1.22
41,58001,181,1.27
41,60001,181,1.35
41,62001,181,1.38
41,64001,181,1.4
41,65535,181,1.3
41,1,191,1.28
41,2001,191,1.16
41,4001,191,1.26
41,6001,191,1.48
41,8001,191,1.29
41,10001,191,1.34
41,12001,191,1.29
41,14001,191,1.42
41,16001,191,1.25
41,18001,191,1.35
41,20001,191,1.32
41,22001,191,1.3
41,24001,191,1.11
41,26001,191,1.15
41,28001,191,1.15
41,30001,191,1.08
41,32001,191,1.15
41,34001,191,1.12
41,36001,191,1.28
41,38001,191,1.28
41,40001,191,1.28
41,42001,191,1.17
41,44001,191,1.18
41,46001,191,1.29
41,48001,191,1.16
41,50001,191,1.13
41,52001,191,1.19
41,54001,191,1.25
41,56001,191,1.26
41,58001,191,1.34
41,60001,191,1.28
41,62001,191,1.19
41,64001,191,1.29
41,65535,191,1.24
41,1,201,1.46
41,2001,201,1.33
41,4001,201,1.27
41,6001,201,1.25
41,8001,201,1.28
41,10001,201,1.28
41,12001,201,1.27
41,14001,201,1.17
41,16001,201,1.46
41,18001,201,1.35
41,20001,201,1.2
41,22001,201,1.22
41,24001,201,1.25
41,26001,201,1.14
41,28001,201,1.18
41,30001,201,1.18
41,32001,201,1.14
41,34001,201,1.1
41,36001,201,1.09
41,38001,201,1.15
41,40001,201,1.37
41,42001,201,1.16
41,44001,201,1.21
41,46001,201,1.16
41,48001,201,1.23
41,50001,201,1.19
41,52001,201,1.27
41,54001,201,1.14
41,56001,201,1.19
41,58001,201,1.33
41,60001,201,1.29
41,62001,201,1.35
41,64001,201,1.2
41,65535,201,1.24
41,1,211,1.28
41,2001,211,1.33
41,4001,211,1.21
41,6001,211,1.31
41,8001,211,1.27
41,10001,211,1.34
41,12001,211,1.32
41,14001,211,1.27
41,16001,211,1.2
41,18001,211,1.34
41,20001,211,1.24
41,22001,211,1.32
41,24001,211,1.25
41,26001,211,1.17
41,28001,211,1.13
41,30001,211,1.16
41,32001,211,1.2
41,34001,211,1.22
41,36001,211,1.23
41,38001,211,1.24
41,40001,211,1.52
41,42001,211,1.17
41,44001,211,1.24
41,46001,211,1.2
41,48001,211,1.1
41,50001,211,1.13
41,52001,211,1.23
41,54001,211,1.23
41,56001,211,1.37
41,58001,211,1.33
41,60001,211,1.19
41,62001,211,1.33
41,64001,211,1.25
41,65535,211,1.09
41,1,221,1.27
41,2001,221,1.34
41,4001,221,1.38
41,6001,221,1.32
41,8001,221,1.29
41,10001,221,1.29
41,12001,221,1.39
41,14001,221,1.26
41,16001,221,1.36
41,18001,221,1.31
41,20001,221,1.29
41,22001,221,1.18
41,24001,221,1.04
41,26001,221,1.06
41,28001,221,0.99
41,30001,221,1.13
41,32001,221,1.29
41,34001,221,1.24
41,36001,221,1.22
41,38001,221,1.27
41,40001,221,1.36
41,42001,221,1.24
41,44001,221,1.27
41,46001,221,1.2
41,48001,221,1.2
41,50001,221,1.13
41,52001,221,1.14
41,54001,221,1.25
41,56001,221,1.28
41,58001,221,1.34
41,60001,221,1.27
41,62001,221,1.37
41,64001,221,1.19
41,65535,221,1.2
41,1,231,1.18
41,2001,231,1.32
41,4001,231,1.22
41,6001,231,1.15
41,8001,231,1.29
41,10001,231,1.23
41,12001,231,1.32
41,14001,231,1.36
41,16001,231,1.37
41,18001,231,1.2
41,20001,231,1.25
41,22001,231,1.16
41,24001,231,1.13
41,26001,231,1.12
41,28001,231,1.13
41,30001,231,1.14
41,32001,231,1.14
41,34001,231,1.1
41,36001,231,1.25
41,38001,231,1.08
41,40001,231,1.13
41,42001,231,1.23
41,44001,231,1.34
41,46001,231,1.24
41,48001,231,1.14
41,50001,231,1.1
41,52001,231,1.08
41,54001,231,1.29
41,56001,231,1.41
41,58001,231,1.35
41,60001,231,1.31
41,62001,231,1.3
41,64001,231,1.31
41,65535,231,1.27
41,1,241,1.33
41,2001,241,1.13
41,4001,241,1.16
41,6001,241,1.41
41,8001,241,1.32
41,10001,241,1.27
41,12001,241,1.3
41,14001,241,1.34
41,16001,241,1.4
41,18001,241,1.28
41,20001,241,1.23
41,22001,241,1.05
41,24001,241,1.08
41,26001,241,1.14
41,28001,241,1.22
41,30001,241,1.25
41,32001,241,1.17
41,34001,241,1.23
41,36001,241,1.08
41,38001,241,1.23
41,40001,241,1.24
41,42001,241,1.25
41,44001,241,1.24
41,46001,241,1.18
41,48001,241,1.21
41,50001,241,1.18
41,52001,241,1.33
41,54001,241,1.26
41,56001,241,1.16
41,58001,241,1.13
41,60001,241,1.25
41,62001,241,1.17
41,64001,241,1.15
41,65535,241,1.19
41,1,251,1.19
41,2001,251,1.16
41,4001,251,1.21
41,6001,251,1.24
41,8001,251,1.35
41,10001,251,1.28
41,12001,251,1.43
41,14001,251,1.2
41,16001,251,1.36
41,18001,251,1.35
41,20001,251,1.26
41,22001,251,1.19
41,24001,251,1.23
41,26001,251,1.12
41,28001,251,1.09
41,30001,251,1.08
41,32001,251,1.11
41,34001,251,1.26
41,36001,251,1.13
41,38001,251,1.19
41,40001,251,1.09
41,42001,251,1.21
41,44001,251,1.16
41,46001,251,1.19
41,48001,251,1.26
41,50001,251,1.22
41,52001,251,1.13
41,54001,251,1.22
41,56001,251,1.27
41,58001,251,1.35
41,60001,251,1.26
41,62001,251,1.35
41,64001,251,1.23
41,65535,251,1.06
41,1,254,1.18
41,2001,254,1.08
41,4001,254,1.23
41,6001,254,1.43
41,8001,254,1.34
41,10001,254,1.27
41,12001,254,1.21
41,14001,254,1.32
41,16001,254,1.27
41,18001,254,1.25
41,20001,254,1.44
41,22001,254,1.2
41,24001,254,1.22
41,26001,254,1.05
41,28001,254,1.18
41,30001,254,1.18
41,32001,254,1.18
41,34001,254,1.17
41,36001,254,1.15
41,38001,254,1.33
41,40001,254,1.16
41,42001,254,1.16
41,44001,254,1.26
41,46001,254,1.17
41,48001,254,1.11
41,50001,254,1.15
41,52001,254,1.15
41,54001,254,1.26
41,56001,254,1.14
41,58001,254,1.29
41,60001,254,1.4
41,62001,254,1.33
41,64001,254,1.14
41,65535,254,1.09
51,1,1,1.46
51,2001,1,1.44
51,4001,1,1.5
51,6001,1,1.36
51,8001,1,1.31
51,10001,1,1.41
51,12001,1,1.41
51,14001,1,1.38
51,16001,1,1.37
51,18001,1,1.46
51,20001,1,1.39
51,22001,1,1.31
51,24001,1,1.4
51,26001,1,1.45
51,28001,1,1.36
51,30001,1,1.47
51,32001,1,1.44
51,34001,1,1.4
51,36001,1,1.25
51,38001,1,1.31
51,40001,1,1.51
51,42001,1,1.53
51,44001,1,1.51
51,46001,1,1.42
51,48001,1,1.31
51,50001,1,1.39
51,52001,1,1.27
51,54001,1,1.43
51,56001,1,1.45
51,58001,1,1.38
51,60001,1,1.32
51,62001,1,1.37
51,64001,1,1.29
51,65535,1,1.31
51,1,11,1.39
51,2001,11,1.32
51,4001,11,1.36
51,6001,11,1.36
51,8001,11,1.46
51,10001,11,1.42
51,12001,11,1.45
51,14001,11,1.35
51,16001,11,1.36
51,18001,11,1.34
51,20001,11,1.29
51,22001,11,1.39
51,24001,11,1.55
51,26001,11,1.4
51,28001,11,1.45
51,30001,11,1.46
51,32001,11,1.31
51,34001,11,1.28
51,36001,11,1.44
51,38001,11,1.35
51,40001,11,1.43
51,42001,11,1.4
51,44001,11,1.37
51,46001,11,1.36
51,48001,11,1.4
51,50001,11,1.37
51,52001,11,1.32
51,54001,11,1.4
51,56001,11,1.4
51,58001,11,1.45
51,60001,11,1.49
51,62001,11,1.4
51,64001,11,1.35
51,65535,11,1.39
51,1,21,1.4
51,2001,21,1.36
51,4001,21,1.46
51,6001,21,1.5
51,8001,21,1.3
51,10001,21,1.48
51,12001,21,1.42
51,14001,21,1.39
51,16001,21,1.42
51,18001,21,1.51
51,20001,21,1.38
51,22001,21,1.34
51,24001,21,1.31
51,26001,21,1.36
51,28001,21,1.33
51,30001,21,1.36
51,32001,21,1.36
51,34001,21,1.34
51,36001,21,1.38
51,38001,21,1.44
51,40001,21,1.45
51,42001,21,1.43
51,44001,21,1.43
51,46001,21,1.42
51,48001,21,1.32
51,50001,21,1.51
51,52001,21,1.44
51,54001,21,1.37
51,56001,21,1.46
51,58001,21,1.35
51,60001,21,1.33
51,62001,21,1.37
51,64001,21,1.49
51,65535,21,1.39
51,1,31,1.34
51,2001,31,1.27
51,4001,31,1.41
51,6001,31,1.43
51,8001,31,1.44
51,10001,31,1.37
51,12001,31,1.35
51,14001,31,1.36
51,16001,31,1.37
51,18001,31,1.31
51,20001,31,1.38
51,22001,31,1.45
51,24001,31,1.36
51,26001,31,1.33
51,28001,31,1.29
51,30001,31,1.45
51,32001,31,1.33
51,34001,31,1.32
51,36001,31,1.38
51,38001,31,1.46
51,40001,31,1.46
51,42001,31,1.48
51,44001,31,1.37
51,46001,31,1.41
51,48001,31,1.34
51,50001,31,1.36
51,52001,31,1.43
51,54001,31,1.44
51,56001,31,1.36
51,58001,31,1.32
51,60001,31,1.37
51,62001,31,1.43
51,64001,31,1.39
51,65535,31,1.44
51,1,41,1.44
51,2001,41,1.49
51,4001,41,1.53
51,6001,41,1.45
51,8001,41,1.42
51,10001,41,1.28
51,12001,41,1.41
51,14001,41,1.36
51,16001,41,1.37
51,18001,41,1.32
51,20001,41,1.31
51,22001,41,1.37
51,24001,41,1.4
51,26001,41,1.45
51,28001,41,1.41
51,30001,41,1.46
51,32001,41,1.33
51,34001,41,1.47
51,36001,41,1.3
51,38001,41,1.34
51,40001,41,1.33
51,42001,41,1.46
51,44001,41,1.51
51,46001,41,1.46
51,48001,41,1.34
51,50001,41,1.31
51,52001,41,1.33
51,54001,41,1.31
51,56001,41,1.45
51,58001,41,1.35
51,60001,41,1.4
51,62001,41,1.41
51,64001,41,1.37
51,65535,41,1.38
51,1,51,1.47
51,2001,51,1.42
51,4001,51,1.32
51,6001,51,1.28
51,8001,51,1.22
51,10001,51,1.46
51,12001,51,1.55
51,14001,51,1.36
51,16001,51,1.4
51,18001,51,1.35
51,20001,51,1.4
51,22001,51,1.34
51,24001,51,1.26
51,26001,51,1.35
51,28001,51,1.25
51,30001,51,1.36
51,32001,51,1.32
51,34001,51,1.41
51,36001,51,1.48
51,38001,51,1.36
51,40001,51,1.41
51,42001,51,1.46
51,44001,51,1.34
51,46001,51,1.29
51,48001,51,1.28
51,50001,51,1.46
51,52001,51,1.32
51,54001,51,1.32
51,56001,51,1.39
51,58001,51,1.54
51,60001,51,1.41
51,62001,51,1.35
51,64001,51,1.48
51,65535,51,1.61
51,1,61,1.49
51,2001,61,1.46
51,4001,61,1.42
51,6001,61,1.4
51,8001,61,1.44
51,10001,61,1.4
51,12001,61,1.52
51,14001,61,1.41
51,16001,61,1.31
51,18001,61,1.54
51,20001,61,1.26
51,22001,61,1.29
51,24001,61,1.15
51,26001,61,1.32
51,28001,61,1.33
51,30001,61,1.29
51,32001,61,1.33
51,34001,61,1.49
51,36001,61,1.37
51,38001,61,1.25
51,40001,61,1.04
51,42001,61,1.13
51,44001,61,1.27
51,46001,61,1.45
51,48001,61,1.34
51,50001,61,1.34
51,52001,61,1.25
51,54001,61,1.27
51,56001,61,1.37
51,58001,61,1.36
51,60001,61,1.35
51,62001,61,1.38
51,64001,61,1.37
51,65535,61,1.41
51,1,71,1.35
51,2001,71,1.3
51,4001,71,1.39
51,6001,71,1.37
51,8001,71,1.38
51,10001,71,1.38
51,12001,71,1.3
51,14001,71,1.4
51,16001,71,1.35
51,18001,71,1.5
51,20001,71,1.41
51,22001,71,1.36
51,24001,71,1.36
51,26001,71,1.22
51,28001,71,1.26
51,30001,71,1.41
51,32001,71,1.46
51,34001,71,1.43
51,36001,71,1.44
51,38001,71,1.36
51,40001,71,1.31
51,42001,71,1.41
51,44001,71,1.33
51,46001,71,1.35
51,48001,71,1.31
51,50001,71,1.25
51,52001,71,1.32
51,54001,71,1.33
51,56001,71,1.3
51,58001,71,1.33
51,60001,71,1.55
51,62001,71,1.46
51,64001,71,1.4
51,65535,71,1.36
51,1,81,1.47
51,2001,81,1.46
51,4001,81,1.41
51,6001,81,1.39
51,8001,81,1.29
51,10001,81,1.35
51,12001,81,1.34
51,14001,81,1.39
51,16001,81,1.31
51,18001,81,1.47
51,20001,81,1.44
51,22001,81,1.39
51,24001,81,1.22
51,26001,81,1.38
51,28001,81,1.29
51,30001,81,1.39
51,32001,81,1.32
51,34001,81,1.38
51,36001,81,1.35
51,38001,81,1.39
51,40001,81,1.3
51,42001,81,1.3
51,44001,81,1.36
51,46001,81,1.34
51,48001,81,1.32
51,50001,81,1.32
51,52001,81,1.38
51,54001,81,1.34
51,56001,81,1.31
51,58001,81,1.31
51,60001,81,1.44
51,62001,81,1.38
51,64001,81,1.38
51,65535,81,1.48
51,1,91,1.38
51,2001,91,1.43
51,4001,91,1.34
51,6001,91,1.44
51,8001,91,1.36
51,10001,91,1.34
51,12001,91,1.28
51,14001,91,1.43
51,16001,91,1.35
51,18001,91,1.39
51,20001,91,1.34
51,22001,91,1.38
51,24001,91,1.33
51,26001,91,1.43
51,28001,91,1.36
51,30001,91,1.29
51,32001,91,1.26
51,34001,91,1.28
51,36001,91,1.4
51,38001,91,1.51
51,40001,91,1.33
51,42001,91,1.29
51,44001,91,1.29
51,46001,91,1.44
51,48001,91,1.4
51,50001,91,1.24
51,52001,91,1.23
51,54001,91,1.38
51,56001,91,1.36
51,58001,91,1.43
51,60001,91,1.34
51,62001,91,1.33
51,64001,91,1.42
51,65535,91,1.42
51,1,101,1.47
51,2001,101,1.4
51,4001,101,1.45
51,6001,101,1.33
51,8001,101,1.44
51,10001,101,1.46
51,12001,101,1.41
51,14001,101,1.43
51,16001,101,1.41
51,18001,101,1.44
51,20001,101,1.44
51,22001,101,1.21
51,24001,101,1.37
51,26001,101,1.21
51,28001,101,1.19
51,30001,101,1.16
51,32001,101,1.29
51,34001,101,1.38
51,36001,101,1.39
51,38001,101,1.39
51,40001,101,1.34
51,42001,101,1.34
51,44001,101,1.49
51,46001,101,1.34
51,48001,101,1.31
51,50001,101,1.27
51,52001,101,1.4
51,54001,101,1.44
51,56001,101,1.37
51,58001,101,1.4
51,60001,101,1.36
51,62001,101,1.46
51,64001,101,1.49
51,65535,101,1.34
51,1,111,1.3
51,2001,111,1.34
51,4001,111,1.48
51,6001,111,1.45
51,8001,111,1.4
51,10001,111,1.47
51,12001,111,1.38
51,14001,111,1.35
51,16001,111,1.28
51,18001,111,1.38
51,20001,111,1.37
51,22001,111,1.32
51,24001,111,1.27
51,26001,111,1.31
51,28001,111,1.22
51,30001,111,1.36
51,32001,111,1.29
51,34001,111,1.18
51,36001,111,1.28
51,38001,111,1.27
51,40001,111,1.33
51,42001,111,1.32
51,44001,111,1.29
51,46001,111,1.27
51,48001,111,1.34
51,50001,111,1.28
51,52001,111,1.31
51,54001,111,1.31
51,56001,111,1.31
51,58001,111,1.37
51,60001,111,1.41
51,62001,111,1.49
51,64001,111,1.54
51,65535,111,1.42
51,1,121,1.36
51,2001,121,1.43
51,4001,121,1.36
51,6001,121,1.38
51,8001,121,1.4
51,10001,121,1.34
51,12001,121,1.46
51,14001,121,1.38
51,16001,121,1.41
51,18001,121,1.39
51,20001,121,1.3
51,22001,121,1.34
51,24001,121,1.21
51,26001,121,1.28
51,28001,121,1.26
51,30001,121,1.31
51,32001,121,1.21
51,34001,121,1.3
51,36001,121,1.4
51,38001,121,1.46
51,40001,121,1.46
51,42001,121,1.38
51,44001,121,1.41
51,46001,121,1.32
51,48001,121,1.18
51,50001,121,1.3
51,52001,121,1.26
51,54001,121,1.28
51,56001,121,1.37
51,58001,121,1.39
51,60001,121,1.42
51,62001,121,1.5
51,64001,121,1.38
51,65535,121,1.22
51,1,131,1.35
51,2001,131,1.36
51,4001,131,1.38
51,6001,131,1.41
51,8001,131,1.43
51,10001,131,1.32
51,12001,131,1.32
51,14001,131,1.21
51,16001,131,1.4
51,18001,131,1.28
51,20001,131,1.38
51,22001,131,1.35
51,24001,131,1.25
51,26001,131,1.31
51,28001,131,1.21
51,30001,131,1.27
51,32001,131,1.25
51,34001,131,1.3
51,36001,131,1.33
51,38001,131,1.28
51,40001,131,1.29
51,42001,131,1.37
51,44001,131,1.38
51,46001,131,1.34
51,48001,131,1.34
51,50001,131,1.23
51,52001,131,1.23
51,54001,131,1.27
51,56001,131,1.33
51,58001,131,1.37
51,60001,131,1.43
51,62001,131,1.43
51,64001,131,1.33
51,65535,131,1.42
51,1,141,1.38
51,2001,141,1.41
51,4001,141,1.34
51,6001,141,1.44
51,8001,141,1.33
51,10001,141,1.36
51,12001,141,1.39
51,14001,141,1.45
51,16001,141,1.38
51,18001,141,1.39
51,20001,141,1.29
51,22001,141,1.27
51,24001,141,1.32
51,26001,141,1.22
51,28001,141,1.24
51,30001,141,1.18
51,32001,141,1.32
51,34001,141,1.37
51,36001,141,1.31
51,38001,141,1.33
51,40001,141,1.3
51,42001,141,1.35
51,44001,141,1.28
51,46001,141,1.24
51,48001,141,1.2
51,50001,141,1.2
51,52001,141,1.23
51,54001,141,1.34
51,56001,141,1.31
51,58001,141,1.37
51,60001,141,1.36
51,62001,141,1.38
51,64001,141,1.36
51,65535,141,1.34
51,1,151,1.38
51,2001,151,1.39
51,4001,151,1.42
51,6001,151,1.48
51,8001,151,1.41
51,10001,151,1.36
51,12001,151,1.36
51,14001,151,1.29
51,16001,151,1.38
51,18001,151,1.41
51,20001,151,1.41
51,22001,151,1.4
51,24001,151,1.33
51,26001,151,1.28
51,28001,151,1.23
51,30001,151,1.22
51,32001,151,1.42
51,34001,151,1.28
51,36001,151,1.35
51,38001,151,1.3
51,40001,151,1.26
51,42001,151,1.32
51,44001,151,1.35
51,46001,151,1.31
51,48001,151,1.23
51,50001,151,1.25
51,52001,151,1.26
51,54001,151,1.38
51,56001,151,1.21
51,58001,151,1.35
51,60001,151,1.31
51,62001,151,1.41
51,64001,151,1.38
51,65535,151,1.28
51,1,161,1.41
51,2001,161,1.28
51,4001,161,1.45
51,6001,161,1.39
51,8001,161,1.37
51,10001,161,1.36
51,12001,161,1.32
51,14001,161,1.22
51,16001,161,1.26
51,18001,161,1.3
51,20001,161,1.42
51,22001,161,1.48
51,24001,161,1.24
51,26001,161,1.26
51,28001,161,1.23
51,30001,161,1.2
51,32001,161,1.13
51,34001,161,1.27
51,36001,161,1.36
51,38001,161,1.23
51,40001,161,1.29
51,42001,161,1.34
51,44001,161,1.36
51,46001,161,1.28
51,48001,161,1.36
51,50001,161,1.31
51,52001,161,1.23
51,54001,161,1.28
51,56001,161,1.36
51,58001,161,1.23
51,60001,161,1.44
51,62001,161,1.35
51,64001,161,1.43
51,65535,161,1.32
51,1,171,1.24
51,2001,171,1.29
51,4001,171,1.47
51,6001,171,1.42
51,8001,171,1.3
51,10001,171,1.44
51,12001,171,1.32
51,14001,171,1.45
51,16001,171,1.41
51,18001,171,1.54
51,20001,171,1.37
51,22001,171,1.35
51,24001,171,1.19
51,26001,171,1.22
51,28001,171,1.15
51,30001,171,1.31
51,32001,171,1.31
51,34001,171,1.26
51,36001,171,1.3
51,38001,171,1.33
51,40001,171,1.4
51,42001,171,1.19
51,44001,171,1.26
51,46001,171,1.26
51,48001,171,1.24
51,50001,171,1.22
51,52001,171,1.3
51,54001,171,1.35
51,56001,171,1.25
51,58001,171,1.33
51,60001,171,1.35
51,62001,171,1.37
51,64001,171,1.31
51,65535,171,1.32
51,1,181,1.35
51,2001,181,1.41
51,4001,181,1.34
51,6001,181,1.37
51,8001,181,1.37
51,10001,181,1.32
51,12001,181,1.37
51,14001,181,1.4
51,16001,181,1.27
51,18001,181,1.36
51,20001,181,1.31
51,22001,181,1.29
51,24001,181,1.2
51,26001,181,1.22
51,28001,181,1.2
51,30001,181,1.21
51,32001,181,1.18
51,34001,181,1.19
51,36001,181,1.41
51,38001,181,1.28
51,40001,181,1.36
51,42001,181,1.35
51,44001,181,1.32
51,46001,181,1.35
51,48001,181,1.18
51,50001,181,1.16
51,52001,181,1.22
51,54001,181,1.27
51,56001,181,1.27
51,58001,181,1.37
51,60001,181,1.24
51,62001,181,1.25
51,64001,181,1.29
51,65535,181,1.49
51,1,191,1.24
51,2001,191,1.41
51,4001,191,1.31
51,6001,191,1.34
51,8001,191,1.29
51,10001,191,1.42
51,12001,191,1.44
51,14001,191,1.36
51,16001,191,1.41
51,18001,191,1.3
51,20001,191,1.34
51,22001,191,1.27
51,24001,191,1.2
51,26001,191,1.3
51,28001,191,1.12
51,30001,191,1.21
51,32001,191,1.32
51,34001,191,1.26
51,36001,191,1.35
51,38001,191,1.33
51,40001,191,1.27
51,42001,191,1.26
51,44001,191,1.33
51,46001,191,1.11
51,48001,191,1.21
51,50001,191,1.22
51,52001,191,1.28
51,54001,191,1.33
51,56001,191,1.26
51,58001,191,1.41
51,60001,191,1.43
51,62001,191,1.3
51,64001,191,1.3
51,65535,191,1.34
51,1,201,1.31
51,2001,201,1.32
51,4001,201,1.54
51,6001,201,1.4
51,8001,201,1.37
51,10001,201,1.39
51,12001,201,1.47
51,14001,201,1.35
51,16001,201,1.5
51,18001,201,1.42
51,20001,201,1.41
51,22001,201,1.23
51,24001,201,1.05
51,26001,201,1.1
51,28001,201,1.22
51,30001,201,1.28
51,32001,201,1.28
51,34001,201,1.33
51,36001,201,1.26
51,38001,201,1.26
51,40001,201,1.32
51,42001,201,1.31
51,44001,201,1.35
51,46001,201,1.25
51,48001,201,1.21
51,50001,201,1.23
51,52001,201,1.23
51,54001,201,1.25
51,56001,201,1.2
51,58001,201,1.33
51,60001,201,1.37
51,62001,201,1.23
51,64001,201,1.32
51,65535,201,1.35
51,1,211,1.32
51,2001,211,1.21
51,4001,211,1.31
51,6001,211,1.33
51,8001,211,1.33
51,10001,211,1.41
51,12001,211,1.39
51,14001,211,1.51
51,16001,211,1.46
51,18001,211,1.41
51,20001,211,1.3
51,22001,211,1.29
51,24001,211,1.2
51,26001,211,1.32
51,28001,211,1.28
51,30001,211,1.2
51,32001,211,1.3
51,34001,211,1.07
51,36001,211,1.26
51,38001,211,1.28
51,40001,211,1.32
51,42001,211,1.43
51,44001,211,1.31
51,46001,211,1.24
51,48001,211,1.21
51,50001,211,1.25
51,52001,211,1.41
51,54001,211,1.21
51,56001,211,1.23
51,58001,211,1.47
51,60001,211,1.39
51,62001,211,1.28
51,64001,211,1.31
51,65535,211,1.29
51,1,221,1.18
51,2001,221,1.36
51,4001,221,1.28
51,6001,221,1.26
51,8001,221,1.46
51,10001,221,1.38
51,12001,221,1.42
51,14001,221,1.36
51,16001,221,1.4
51,18001,221,1.28
51,20001,221,1.31
51,22001,221,1.28
51,24001,221,1.21
51,26001,221,1.18
51,28001,221,1.14
51,30001,221,1.17
51,32001,221,1.2
51,34001,221,1.29
51,36001,221,1.3
51,38001,221,1.17
51,40001,221,1.23
51,42001,221,1.34
51,44001,221,1.21
51,46001,221,1.26
51,48001,221,1.15
51,50001,221,1.06
51,52001,221,1.3
51,54001,221,1.4
51,56001,221,1.3
51,58001,221,1.26
51,60001,221,1.27
51,62001,221,1.33
51,64001,221,1.38
51,65535,221,1.27
51,1,231,1.18
51,2001,231,1.27
51,4001,231,1.43
51,6001,231,1.47
51,8001,231,1.27
51,10001,231,1.33
51,12001,231,1.29
51,14001,231,1.38
51,16001,231,1.36
51,18001,231,1.42
51,20001,231,1.36
51,22001,231,1.27
51,24001,231,1.11
51,26001,231,1.16
51,28001,231,1.12
51,30001,231,1.14
51,32001,231,1.12
51,34001,231,1.24
51,36001,231,1.33
51,38001,231,1.31
51,40001,231,1.27
51,42001,231,1.23
51,44001,231,1.17
51,46001,231,1.25
51,48001,231,1.23
51,50001,231,1.31
51,52001,231,1.3
51,54001,231,1.32
51,56001,231,1.35
51,58001,231,1.39
51,60001,231,1.42
51,62001,231,1.33
51,64001,231,1.31
51,65535,231,1.29
51,1,241,1.22
51,2001,241,1.32
51,4001,241,1.34
51,6001,241,1.36
51,8001,241,1.3
51,10001,241,1.23
51,12001,241,1.33
51,14001,241,1.46
51,16001,241,1.33
51,18001,241,1.31
51,20001,241,1.28
51,22001,241,1.26
51,24001,241,1.25
51,26001,241,1.19
51,28001,241,1.21
51,30001,241,1.14
51,32001,241,1.19
51,34001,241,1.19
51,36001,241,1.3
51,38001,241,1.26
51,40001,241,1.21
51,42001,241,1.32
51,44001,241,1.34
51,46001,241,1.29
51,48001,241,1.21
51,50001,241,1.23
51,52001,241,1.16
51,54001,241,1.25
51,56001,241,1.25
51,58001,241,1.39
51,60001,241,1.39
51,62001,241,1.32
51,64001,241,1.31
51,65535,241,1.37
51,1,251,1.19
51,2001,251,1.17
51,4001,251,1.29
51,6001,251,1.28
51,8001,251,1.24
51,10001,251,1.33
51,12001,251,1.39
51,14001,251,1.38
51,16001,251,1.37
51,18001,251,1.24
51,20001,251,1.32
51,22001,251,1.26
51,24001,251,1.19
51,26001,251,1.09
51,28001,251,1.03
51,30001,251,1.18
51,32001,251,1.14
51,34001,251,1.21
51,36001,251,1.21
51,38001,251,1.16
51,40001,251,1.33
51,42001,251,1.31
51,44001,251,1.38
51,46001,251,1.37
51,48001,251,1.28
51,50001,251,1.14
51,52001,251,1.28
51,54001,251,1.32
51,56001,251,1.32
51,58001,251,1.21
51,60001,251,1.32
51,62001,251,1.37
51,64001,251,1.3
51,65535,251,1.39
51,1,254,1.33
51,2001,254,1.31
51,4001,254,1.18
51,6001,254,1.43
51,8001,254,1.36
51,10001,254,1.38
51,12001,254,1.3
51,14001,254,1.37
51,16001,254,1.39
51,18001,254,1.37
51,20001,254,1.35
51,22001,254,1.18
51,24001,254,1.31
51,26001,254,1.08
51,28001,254,1.18
51,30001,254,1.09
51,32001,254,1.23
51,34001,254,1.09
51,36001,254,1.17
51,38001,254,1.27
51,40001,254,1.24
51,42001,254,1.26
51,44001,254,1.1
51,46001,254,1.34
51,48001,254,1.26
51,50001,254,1.26
51,52001,254,1.25
51,54001,254,1.28
51,56001,254,1.32
51,58001,254,1.4
51,60001,254,1.28
51,62001,254,1.36
51,64001,254,1.33
51,65535,254,1.27
61,1,1,1.37
61,2001,1,1.54
61,4001,1,1.5
61,6001,1,1.39
61,8001,1,1.53
61,10001,1,1.41
61,12001,1,1.52
61,14001,1,1.36
61,16001,1,1.53
61,18001,1,1.45
61,20001,1,1.38
61,22001,1,1.53
61,24001,1,1.54
61,26001,1,1.46
61,28001,1,1.38
61,30001,1,1.49
61,32001,1,1.47
61,34001,1,1.6
61,36001,1,1.43
61,38001,1,1.54
61,40001,1,1.51
61,42001,1,1.49
61,44001,1,1.42
61,46001,1,1.5
61,48001,1,1.45
61,50001,1,1.49
61,52001,1,1.48
61,54001,1,1.46
61,56001,1,1.52
61,58001,1,1.49
61,60001,1,1.4
61,62001,1,1.43
61,64001,1,1.43
61,65535,1,1.45
61,1,11,1.56
61,2001,11,1.53
61,4001,11,1.44
61,6001,11,1.44
61,8001,11,1.54
61,10001,11,1.37
61,12001,11,1.4
61,14001,11,1.48
61,16001,11,1.49
61,18001,11,1.46
61,20001,11,1.36
61,22001,11,1.36
61,24001,11,1.51
61,26001,11,1.45
61,28001,11,1.5
61,30001,11,1.38
61,32001,11,1.42
61,34001,11,1.41
61,36001,11,1.41
61,38001,11,1.37
61,40001,11,1.54
61,42001,11,1.41
61,44001,11,1.54
61,46001,11,1.44
61,48001,11,1.52
61,50001,11,1.42
61,52001,11,1.45
61,54001,11,1.46
61,56001,11,1.44
61,58001,11,1.45
61,60001,11,1.47
61,62001,11,1.38
61,64001,11,1.48
61,65535,11,1.38
61,1,21,1.41
61,2001,21,1.46
61,4001,21,1.4
61,6001,21,1.45
61,8001,21,1.59
61,10001,21,1.4
61,12001,21,1.64
61,14001,21,1.47
61,16001,21,1.47
61,18001,21,1.62
61,20001,21,1.5
61,22001,21,1.34
61,24001,21,1.47
61,26001,21,1.49
61,28001,21,1.42
61,30001,21,1.42
61,32001,21,1.54
61,34001,21,1.48
61,36001,21,1.33
61,38001,21,1.47
61,40001,21,1.59
61,42001,21,1.38
61,44001,21,1.39
61,46001,21,1.43
61,48001,21,1.51
61,50001,21,1.37
61,52001,21,1.36
61,54001,21,1.42
61,56001,21,1.38
61,58001,21,1.44
61,60001,21,1.46
61,62001,21,1.38
61,64001,21,1.48
61,65535,21,1.44
61,1,31,1.54
61,2001,31,1.47
61,4001,31,1.48
61,6001,31,1.41
61,8001,31,1.38
61,10001,31,1.42
61,12001,31,1.44
61,14001,31,1.42
61,16001,31,1.53
61,18001,31,1.5
61,20001,31,1.51
61,22001,31,1.33
61,24001,31,1.49
61,26001,31,1.44
61,28001,31,1.46
61,30001,31,1.36
61,32001,31,1.46
61,34001,31,1.5
61,36001,31,1.35
61,38001,31,1.45
61,40001,31,1.36
61,42001,31,1.56
61,44001,31,1.45
61,46001,31,1.47
61,48001,31,1.34
61,50001,31,1.4
61,52001,31,1.48
61,54001,31,1.51
61,56001,31,1.39
61,58001,31,1.37
61,60001,31,1.53
61,62001,31,1.52
61,64001,31,1.47
61,65535,31,1.55
61,1,41,1.42
61,2001,41,1.45
61,4001,41,1.48
61,6001,41,1.45
61,8001,41,1.52
61,10001,41,1.46
61,12001,41,1.46
61,14001,41,1.43
61,16001,41,1.51
61,18001,41,1.53
61,20001,41,1.52
61,22001,41,1.4
61,24001,41,1.34
61,26001,41,1.56
61,28001,41,1.31
61,30001,41,1.44
61,32001,41,1.37
61,34001,41,1.42
61,36001,41,1.46
61,38001,41,1.43
61,40001,41,1.48
61,42001,41,1.38
61,44001,41,1.43
61,46001,41,1.47
61,48001,41,1.38
61,50001,41,1.4
61,52001,41,1.44
61,54001,41,1.3
61,56001,41,1.4
61,58001,41,1.58
61,60001,41,1.52
61,62001,41,1.47
61,64001,41,1.5
61,65535,41,1.44
61,1,51,1.51
61,2001,51,1.51
61,4001,51,1.42
61,6001,51,1.4
61,8001,51,1.51
61,10001,51,1.56
61,12001,51,1.51
61,14001,51,1.56
61,16001,51,1.53
61,18001,51,1.57
61,20001,51,1.33
61,22001,51,1.47
61,24001,51,1.37
61,26001,51,1.44
61,28001,51,1.4
61,30001,51,1.3
61,32001,51,1.44
61,34001,51,1.37
61,36001,51,1.37
61,38001,51,1.53
61,40001,51,1.46
61,42001,51,1.42
61,44001,51,1.46
61,46001,51,1.41
61,48001,51,1.43
61,50001,51,1.41
61,52001,51,1.48
61,54001,51,1.53
61,56001,51,1.37
61,58001,51,1.52
61,60001,51,1.42
61,62001,51,1.46
61,64001,51,1.39
61,65535,51,1.53
61,1,61,1.45
61,2001,61,1.58
61,4001,61,1.42
61,6001,61,1.46
61,8001,61,1.42
61,10001,61,1.48
61,12001,61,1.4
61,14001,61,1.52
61,16001,61,1.45
61,18001,61,1.43
61,20001,61,1.41
61,22001,61,1.44
61,24001,61,1.4
61,26001,61,1.4
61,28001,61,1.4
61,30001,61,1.5
61,32001,61,1.39
61,34001,61,1.57
61,36001,61,1.54
61,38001,61,1.42
61,40001,61,1.42
61,42001,61,1.44
61,44001,61,1.41
61,46001,61,1.45
61,48001,61,1.34
61,50001,61,1.37
61,52001,61,1.45
61,54001,61,1.45
61,56001,61,1.5
61,58001,61,1.51
61,60001,61,1.39
61,62001,61,1.42
61,64001,61,1.44
61,65535,61,1.43
61,1,71,1.44
61,2001,71,1.61
61,4001,71,1.56
61,6001,71,1.5
61,8001,71,1.4
61,10001,71,1.46
61,12001,71,1.4
61,14001,71,1.49
61,16001,71,1.42
61,18001,71,1.35
61,20001,71,1.44
61,22001,71,1.3
61,24001,71,1.47
61,26001,71,1.4
61,28001,71,1.38
61,30001,71,1.35
61,32001,71,1.45
61,34001,71,1.46
61,36001,71,1.39
61,38001,71,1.53
61,40001,71,1.45
61,42001,71,1.45
61,44001,71,1.42
61,46001,71,1.44
61,48001,71,1.28
61,50001,71,1.33
61,52001,71,1.37
61,54001,71,1.56
61,56001,71,1.31
61,58001,71,1.31
61,60001,71,1.46
61,62001,71,1.5
61,64001,71,1.4
61,65535,71,1.43
61,1,81,1.51
61,2001,81,1.55
61,4001,81,1.49
61,6001,81,1.42
61,8001,81,1.42
61,10001,81,1.45
61,12001,81,1.54
61,14001,81,1.5
61,16001,81,1.52
61,18001,81,1.44
61,20001,81,1.41
61,22001,81,1.41
61,24001,81,1.45
61,26001,81,1.38
61,28001,81,1.3
61,30001,81,1.43
61,32001,81,1.34
61,34001,81,1.35
61,36001,81,1.35
61,38001,81,1.38
61,40001,81,1.47
61,42001,81,1.49
61,44001,81,1.55
61,46001,81,1.44
61,48001,81,1.3
61,50001,81,1.36
61,52001,81,1.38
61,54001,81,1.55
61,56001,81,1.44
61,58001,81,1.3
61,60001,81,1.34
61,62001,81,1.49
61,64001,81,1.48
61,65535,81,1.44
61,1,91,1.41
61,2001,91,1.52
61,4001,91,1.47
61,6001,91,1.45
61,8001,91,1.56
61,10001,91,1.55
61,12001,91,1.52
61,14001,91,1.54
61,16001,91,1.44
61,18001,91,1.55
61,20001,91,1.42
61,22001,91,1.39
61,24001,91,1.41
61,26001,91,1.37
61,28001,91,1.42
61,30001,91,1.42
61,32001,91,1.37
61,34001,91,1.35
61,36001,91,1.4
61,38001,91,1.51
61,40001,91,1.51
61,42001,91,1.43
61,44001,91,1.42
61,46001,91,1.27
61,48001,91,1.25
61,50001,91,1.24
61,52001,91,1.44
61,54001,91,1.53
61,56001,91,1.36
61,58001,91,1.41
61,60001,91,1.45
61,62001,91,1.5
61,64001,91,1.33
61,65535,91,1.45
61,1,101,1.45
61,2001,101,1.52
61,4001,101,1.36
61,6001,101,1.38
61,8001,101,1.53
61,10001,101,1.55
61,12001,101,1.48
61,14001,101,1.45
61,16001,101,1.52
61,18001,101,1.48
61,20001,101,1.54
61,22001,101,1.44
61,24001,101,1.4
61,26001,101,1.35
61,28001,101,1.47
61,30001,101,1.37
61,32001,101,1.4
61,34001,101,1.45
61,36001,101,1.35
61,38001,101,1.44
61,40001,101,1.32
61,42001,101,1.47
61,44001,101,1.44
61,46001,101,1.37
61,48001,101,1.35
61,50001,101,1.39
61,52001,101,1.38
61,54001,101,1.35
61,56001,101,1.36
61,58001,101,1.45
61,60001,101,1.43
61,62001,101,1.55
61,64001,101,1.49
61,65535,101,1.45
61,1,111,1.37
61,2001,111,1.32
61,4001,111,1.52
61,6001,111,1.52
61,8001,111,1.64
61,10001,111,1.6
61,12001,111,1.44
61,14001,111,1.56
61,16001,111,1.37
61,18001,111,1.45
61,20001,111,1.36
61,22001,111,1.38
61,24001,111,1.34
61,26001,111,1.34
61,28001,111,1.27
61,30001,111,1.28
61,32001,111,1.32
61,34001,111,1.34
61,36001,111,1.38
61,38001,111,1.47
61,40001,111,1.5
61,42001,111,1.42
61,44001,111,1.52
61,46001,111,1.52
61,48001,111,1.32
61,50001,111,1.34
61,52001,111,1.36
61,54001,111,1.36
61,56001,111,1.39
61,58001,111,1.42
61,60001,111,1.61
61,62001,111,1.49
61,64001,111,1.52
61,65535,111,1.57
61,1,121,1.37
61,2001,121,1.5
61,4001,121,1.5
61,6001,121,1.48
61,8001,121,1.48
61,10001,121,1.39
61,12001,121,1.43
61,14001,121,1.47
61,16001,121,1.39
61,18001,121,1.29
61,20001,121,1.4
61,22001,121,1.5
61,24001,121,1.51
61,26001,121,1.27
61,28001,121,1.33
61,30001,121,1.45
61,32001,121,1.43
61,34001,121,1.35
61,36001,121,1.46
61,38001,121,1.43
61,40001,121,1.39
61,42001,121,1.42
61,44001,121,1.53
61,46001,121,1.37
61,48001,121,1.37
61,50001,121,1.38
61,52001,121,1.45
61,54001,121,1.35
61,56001,121,1.45
61,58001,121,1.46
61,60001,121,1.33
61,62001,121,1.39
61,64001,121,1.53
61,65535,121,1.37
61,1,131,1.43
61,2001,131,1.54
61,4001,131,1.48
61,6001,131,1.37
61,8001,131,1.5
61,10001,131,1.55
61,12001,131,1.41
61,14001,131,1.3
61,16001,131,1.37
61,18001,131,1.41
61,20001,131,1.46
61,22001,131,1.38
61,24001,131,1.26
61,26001,131,1.28
61,28001,131,1.36
61,30001,131,1.32
61,32001,131,1.24
61,34001,131,1.29
61,36001,131,1.2
61,38001,131,1.36
61,40001,131,1.38
61,42001,131,1.44
61,44001,131,1.29
61,46001,131,1.25
61,48001,131,1.23
61,50001,131,1.29
61,52001,131,1.34
61,54001,131,1.27
61,56001,131,1.35
61,58001,131,1.39
61,60001,131,1.53
61,62001,131,1.46
61,64001,131,1.28
61,65535,131,1.48
61,1,141,1.37
61,2001,141,1.45
61,4001,141,1.54
61,6001,141,1.48
61,8001,141,1.4
61,10001,141,1.38
61,12001,141,1.48
61,14001,141,1.53
61,16001,141,1.47
61,18001,141,1.32
61,20001,141,1.4
61,22001,141,1.29
61,24001,141,1.34
61,26001,141,1.22
61,28001,141,1.3
61,30001,141,1.28
61,32001,141,1.5
61,34001,141,1.32
61,36001,141,1.46
61,38001,141,1.32
61,40001,141,1.34
61,42001,141,1.43
61,44001,141,1.38
61,46001,141,1.38
61,48001,141,1.23
61,50001,141,1.29
61,52001,141,1.37
61,54001,141,1.37
61,56001,141,1.46
61,58001,141,1.49
61,60001,141,1.42
61,62001,141,1.39
61,64001,141,1.48
61,65535,141,1.43
61,1,151,1.47
61,2001,151,1.5
61,4001,151,1.42
61,6001,151,1.42
61,8001,151,1.54
61,10001,151,1.42
61,12001,151,1.43
61,14001,151,1.54
61,16001,151,1.57
61,18001,151,1.51
61,20001,151,1.43
61,22001,151,1.38
61,24001,151,1.42
61,26001,151,1.25
61,28001,151,1.29
61,30001,151,1.18
61,32001,151,1.37
61,34001,151,1.34
61,36001,151,1.41
61,38001,151,1.39
61,40001,151,1.49
61,42001,151,1.42
61,44001,151,1.34
61,46001,151,1.29
61,48001,151,1.33
61,50001,151,1.27
61,52001,151,1.3
61,54001,151,1.37
61,56001,151,1.44
61,58001,151,1.39
61,60001,151,1.39
61,62001,151,1.54
61,64001,151,1.41
61,65535,151,1.42
61,1,161,1.46
61,2001,161,1.44
61,4001,161,1.33
61,6001,161,1.5
61,8001,161,1.42
61,10001,161,1.46
61,12001,161,1.39
61,14001,161,1.4
61,16001,161,1.42
61,18001,161,1.54
61,20001,161,1.37
61,22001,161,1.46
61,24001,161,1.38
61,26001,161,1.21
61,28001,161,1.33
61,30001,161,1.32
61,32001,161,1.32
61,34001,161,1.45
61,36001,161,1.44
61,38001,161,1.5
61,40001,161,1.46
61,42001,161,1.33
61,44001,161,1.43
61,46001,161,1.28
61,48001,161,1.21
61,50001,161,1.29
61,52001,161,1.33
61,54001,161,1.29
61,56001,161,1.34
61,58001,161,1.45
61,60001,161,1.45
61,62001,161,1.49
61,64001,161,1.33
61,65535,161,1.52
61,1,171,1.46
61,2001,171,1.39
61,4001,171,1.5
61,6001,171,1.48
61,8001,171,1.54
61,10001,171,1.53
61,12001,171,1.41
61,14001,171,1.47
61,16001,171,1.48
61,18001,171,1.4
61,20001,171,1.45
61,22001,171,1.34
61,24001,171,1.22
61,26001,171,1.25
61,28001,171,1.18
61,30001,171,1.28
61,32001,171,1.27
61,34001,171,1.27
61,36001,171,1.23
61,38001,171,1.38
61,40001,171,1.36
61,42001,171,1.4
61,44001,171,1.39
61,46001,171,1.3
61,48001,171,1.37
61,50001,171,1.31
61,52001,171,1.29
61,54001,171,1.36
61,56001,171,1.34
61,58001,171,1.31
61,60001,171,1.37
61,62001,171,1.41
61,64001,171,1.5
61,65535,171,1.45
61,1,181,1.41
61,2001,181,1.48
61,4001,181,1.43
61,6001,181,1.47
61,8001,181,1.35
61,10001,181,1.39
61,12001,181,1.47
61,14001,181,1.41
61,16001,181,1.36
61,18001,181,1.42
61,20001,181,1.4
61,22001,181,1.32
61,24001,181,1.33
61,26001,181,1.33
61,28001,181,1.39
61,30001,181,1.32
61,32001,181,1.33
61,34001,181,1.3
61,36001,181,1.35
61,38001,181,1.48
61,40001,181,1.51
61,42001,181,1.42
61,44001,181,1.46
61,46001,181,1.29
61,48001,181,1.3
61,50001,181,1.22
61,52001,181,1.4
61,54001,181,1.26
61,56001,181,1.29
61,58001,181,1.51
61,60001,181,1.52
61,62001,181,1.55
61,64001,181,1.44
61,65535,181,1.39
61,1,191,1.24
61,2001,191,1.51
61,4001,191,1.6
61,6001,191,1.42
61,8001,191,1.43
61,10001,191,1.4
61,12001,191,1.32
61,14001,191,1.28
61,16001,191,1.46
61,18001,191,1.36
61,20001,191,1.42
61,22001,191,1.47
61,24001,191,1.31
61,26001,191,1.29
61,28001,191,1.2
61,30001,191,1.28
61,32001,191,1.38
61,34001,191,1.27
61,36001,191,1.28
61,38001,191,1.34
61,40001,191,1.36
61,42001,191,1.36
61,44001,191,1.28
61,46001,191,1.41
61,48001,191,1.45
61,50001,191,1.12
61,52001,191,1.33
61,54001,191,1.34
61,56001,191,1.34
61,58001,191,1.4
61,60001,191,1.42
61,62001,191,1.38
61,64001,191,1.45
61,65535,191,1.38
61,1,201,1.42
61,2001,201,1.45
61,4001,201,1.29
61,6001,201,1.44
61,8001,201,1.51
61,10001,201,1.49
61,12001,201,1.39
61,14001,201,1.34
61,16001,201,1.35
61,18001,201,1.54
61,20001,201,1.35
61,22001,201,1.29
61,24001,201,1.35
61,26001,201,1.38
61,28001,201,1.11
61,30001,201,1.18
61,32001,201,1.26
61,34001,201,1.31
61,36001,201,1.3
61,38001,201,1.2
61,40001,201,1.45
61,42001,201,1.35
61,44001,201,1.39
61,46001,201,1.29
61,48001,201,1.26
61,50001,201,1.3
61,52001,201,1.25
61,54001,201,1.39
61,56001,201,1.58
61,58001,201,1.45
61,60001,201,1.47
61,62001,201,1.49
61,64001,201,1.51
61,65535,201,1.34
61,1,211,1.36
61,2001,211,1.32
61,4001,211,1.49
61,6001,211,1.29
61,8001,211,1.37
61,10001,211,1.33
61,12001,211,1.47
61,14001,211,1.39
61,16001,211,1.52
61,18001,211,1.46
61,20001,211,1.41
61,22001,211,1.32
61,24001,211,1.15
61,26001,211,1.21
61,28001,211,1.32
61,30001,211,1.31
61,32001,211,1.23
61,34001,211,1.37
61,36001,211,1.35
61,38001,211,1.45
61,40001,211,1.31
61,42001,211,1.3
61,44001,211,1.44
61,46001,211,1.21
61,48001,211,1.41
61,50001,211,1.36
61,52001,211,1.37
61,54001,211,1.36
61,56001,211,1.42
61,58001,211,1.51
61,60001,211,1.33
61,62001,211,1.36
61,64001,211,1.38
61,65535,211,1.39
61,1,221,1.27
61,2001,221,1.26
61,4001,221,1.37
61,6001,221,1.31
61,8001,221,1.41
61,10001,221,1.56
61,12001,221,1.32
61,14001,221,1.32
61,16001,221,1.49
61,18001,221,1.45
61,20001,221,1.32
61,22001,221,1.36
61,24001,221,1.18
61,26001,221,1.23
61,28001,221,1.11
61,30001,221,1.29
61,32001,221,1.21
61,34001,221,1.24
61,36001,221,1.27
61,38001,221,1.53
61,40001,221,1.35
61,42001,221,1.39
61,44001,221,1.38
61,46001,221,1.28
61,48001,221,1.23
61,50001,221,1.23
61,52001,221,1.32
61,54001,221,1.31
61,56001,221,1.44
61,58001,221,1.59
61,60001,221,1.44
61,62001,221,1.34
61,64001,221,1.3
61,65535,221,1.18
61,1,231,1.25
61,2001,231,1.16
61,4001,231,1.33
61,6001,231,1.6
61,8001,231,1.38
61,10001,231,1.35
61,12001,231,1.42
61,14001,231,1.44
61,16001,231,1.45
61,18001,231,1.49
61,20001,231,1.41
61,22001,231,1.43
61,24001,231,1.32
61,26001,231,1.38
61,28001,231,1.23
61,30001,231,1.19
61,32001,231,1.21
61,34001,231,1.29
61,36001,231,1.32
61,38001,231,1.34
61,40001,231,1.25
61,42001,231,1.39
61,44001,231,1.37
61,46001,231,1.41
61,48001,231,1.26
61,50001,231,1.36
61,52001,231,1.21
61,54001,231,1.29
61,56001,231,1.33
61,58001,231,1.37
61,60001,231,1.32
61,62001,231,1.36
61,64001,231,1.33
61,65535,231,1.34
61,1,241,1.39
61,2001,241,1.27
61,4001,241,1.4
61,6001,241,1.39
61,8001,241,1.53
61,10001,241,1.46
61,12001,241,1.36
61,14001,241,1.34
61,16001,241,1.45
61,18001,241,1.45
61,20001,241,1.49
61,22001,241,1.27
61,24001,241,1.27
61,26001,241,1.25
61,28001,241,1.18
61,30001,241,1.18
61,32001,241,1.27
61,34001,241,1.24
61,36001,241,1.2
61,38001,241,1.25
61,40001,241,1.35
61,42001,241,1.26
61,44001,241,1.29
61,46001,241,1.33
61,48001,241,1.35
61,50001,241,1.32
61,52001,241,1.34
61,54001,241,1.43
61,56001,241,1.46
61,58001,241,1.39
61,60001,241,1.38
61,62001,241,1.43
61,64001,241,1.41
61,65535,241,1.29
61,1,251,1.25
61,2001,251,1.33
61,4001,251,1.31
61,6001,251,1.46
61,8001,251,1.34
61,10001,251,1.39
61,12001,251,1.41
61,14001,251,1.25
61,16001,251,1.45
61,18001,251,1.46
61,20001,251,1.33
61,22001,251,1.31
61,24001,251,1.16
61,26001,251,1.29
61,28001,251,1.26
61,30001,251,1.28
61,32001,251,1.22
61,34001,251,1.11
61,36001,251,1.17
61,38001,251,1.32
61,40001,251,1.24
61,42001,251,1.35
61,44001,251,1.29
61,46001,251,1.36
61,48001,251,1.28
61,50001,251,1.35
61,52001,251,1.32
61,54001,251,1.39
61,56001,251,1.36
61,58001,251,1.38
61,60001,251,1.48
61,62001,251,1.45
61,64001,251,1.38
61,65535,251,1.32
61,1,254,1.35
61,2001,254,1.4
61,4001,254,1.42
61,6001,254,1.5
61,8001,254,1.37
61,10001,254,1.48
61,12001,254,1.43
61,14001,254,1.35
61,16001,254,1.39
61,18001,254,1.35
61,20001,254,1.4
61,22001,254,1.34
61,24001,254,1.18
61,26001,254,1.18
61,28001,254,1.09
61,30001,254,1.22
61,32001,254,1.22
61,34001,254,1.29
61,36001,254,1.25
61,38001,254,1.3
61,40001,254,1.29
61,42001,254,1.24
61,44001,254,1.25
61,46001,254,1.31
61,48001,254,1.26
61,50001,254,1.26
61,52001,254,1.26
61,54001,254,1.3
61,56001,254,1.44
61,58001,254,1.46
61,60001,254,1.46
61,62001,254,1.44
61,64001,254,1.31
61,65535,254,1.33
71,1,1,1.43
71,2001,1,1.6
71,4001,1,1.62
71,6001,1,1.53
71,8001,1,1.52
71,10001,1,1.51
71,12001,1,1.57
71,14001,1,1.58
71,16001,1,1.53
71,18001,1,1.64
71,20001,1,1.55
71,22001,1,1.64
71,24001,1,1.57
71,26001,1,1.44
71,28001,1,1.55
71,30001,1,1.46
71,32001,1,1.76
71,34001,1,1.52
71,36001,1,1.54
71,38001,1,1.53
71,40001,1,1.65
71,42001,1,1.48
71,44001,1,1.4
71,46001,1,1.5
71,48001,1,1.64
71,50001,1,1.65
71,52001,1,1.51
71,54001,1,1.5
71,56001,1,1.46
71,58001,1,1.59
71,60001,1,1.62
71,62001,1,1.55
71,64001,1,1.54
71,65535,1,1.52
71,1,11,1.48
71,2001,11,1.4
71,4001,11,1.56
71,6001,11,1.57
71,8001,11,1.59
71,10001,11,1.48
71,12001,11,1.64
71,14001,11,1.71
71,16001,11,1.66
71,18001,11,1.53
71,20001,11,1.58
71,22001,11,1.59
71,24001,11,1.5
71,26001,11,1.44
71,28001,11,1.54
71,30001,11,1.54
71,32001,11,1.7
71,34001,11,1.56
71,36001,11,1.55
71,38001,11,1.54
71,40001,11,1.52
71,42001,11,1.46
71,44001,11,1.64
71,46001,11,1.61
71,48001,11,1.57
71,50001,11,1.64
71,52001,11,1.74
71,54001,11,1.58
71,56001,11,1.54
71,58001,11,1.59
71,60001,11,1.64
71,62001,11,1.33
71,64001,11,1.51
71,65535,11,1.55
71,1,21,1.6
71,2001,21,1.5
71,4001,21,1.69
71,6001,21,1.59
71,8001,21,1.54
71,10001,21,1.6
71,12001,21,1.58
71,14001,21,1.56
71,16001,21,1.57
71,18001,21,1.72
71,20001,21,1.53
71,22001,21,1.54
71,24001,21,1.72
71,26001,21,1.47
71,28001,21,1.45
71,30001,21,1.62
71,32001,21,1.54
71,34001,21,1.52
71,36001,21,1.47
71,38001,21,1.51
71,40001,21,1.56
71,42001,21,1.59
71,44001,21,1.52
71,46001,21,1.47
71,48001,21,1.43
71,50001,21,1.57
71,52001,21,1.46
71,54001,21,1.38
71,56001,21,1.46
71,58001,21,1.48
71,60001,21,1.54
71,62001,21,1.52
71,64001,21,1.64
71,65535,21,1.54
71,1,31,1.54
71,2001,31,1.57
71,4001,31,1.51
71,6001,31,1.65
71,8001,31,1.62
71,10001,31,1.54
71,12001,31,1.52
71,14001,31,1.53
71,16001,31,1.47
71,18001,31,1.5
71,20001,31,1.54
71,22001,31,1.57
71,24001,31,1.56
71,26001,31,1.53
71,28001,31,1.5
71,30001,31,1.61
71,32001,31,1.49
71,34001,31,1.58
71,36001,31,1.41
71,38001,31,1.57
71,40001,31,1.5
71,42001,31,1.61
71,44001,31,1.48
71,46001,31,1.5
71,48001,31,1.58
71,50001,31,1.48
71,52001,31,1.4
71,54001,31,1.48
71,56001,31,1.55
71,58001,31,1.52
71,60001,31,1.58
71,62001,31,1.69
71,64001,31,1.53
71,65535,31,1.61
71,1,41,1.52
71,2001,41,1.58
71,4001,41,1.71
71,6001,41,1.52
71,8001,41,1.48
71,10001,41,1.51
71,12001,41,1.55
71,14001,41,1.51
71,16001,41,1.49
71,18001,41,1.63
71,20001,41,1.58
71,22001,41,1.45
71,24001,41,1.39
71,26001,41,1.59
71,28001,41,1.38
71,30001,41,1.54
71,32001,41,1.48
71,34001,41,1.41
71,36001,41,1.5
71,38001,41,1.56
71,40001,41,1.53
71,42001,41,1.45
71,44001,41,1.55
71,46001,41,1.5
71,48001,41,1.43
71,50001,41,1.49
71,52001,41,1.56
71,54001,41,1.46
71,56001,41,1.43
71,58001,41,1.69
71,60001,41,1.45
71,62001,41,1.76
71,64001,41,1.47
71,65535,41,1.66
71,1,51,1.46
71,2001,51,1.63
71,4001,51,1.53
71,6001,51,1.63
71,8001,51,1.5
71,10001,51,1.43
71,12001,51,1.52
71,14001,51,1.58
71,16001,51,1.56
71,18001,51,1.43
71,20001,51,1.51
71,22001,51,1.46
71,24001,51,1.48
71,26001,51,1.48
71,28001,51,1.41
71,30001,51,1.49
71,32001,51,1.48
71,34001,51,1.45
71,36001,51,1.56
71,38001,51,1.5
71,40001,51,1.47
71,42001,51,1.62
71,44001,51,1.57
71,46001,51,1.54
71,48001,51,1.51
71,50001,51,1.57
71,52001,51,1.42
71,54001,51,1.53
71,56001,51,1.52
71,58001,51,1.55
71,60001,51,1.53
71,62001,51,1.64
71,64001,51,1.6
71,65535,51,1.63
71,1,61,1.52
71,2001,61,1.6
71,4001,61,1.54
71,6001,61,1.57
71,8001,61,1.58
71,10001,61,1.61
71,12001,61,1.49
71,14001,61,1.52
71,16001,61,1.65
71,18001,61,1.53
71,20001,61,1.6
71,22001,61,1.63
71,24001,61,1.59
71,26001,61,1.47
71,28001,61,1.42
71,30001,61,1.42
71,32001,61,1.47
71,34001,61,1.53
71,36001,61,1.54
71,38001,61,1.48
71,40001,61,1.51
71,42001,61,1.5
71,44001,61,1.53
71,46001,61,1.4
71,48001,61,1.5
71,50001,61,1.61
71,52001,61,1.41
71,54001,61,1.41
71,56001,61,1.46
71,58001,61,1.55
71,60001,61,1.44
71,62001,61,1.54
71,64001,61,1.54
71,65535,61,1.58
71,1,71,1.62
71,2001,71,1.66
71,4001,71,1.59
71,6001,71,1.59
71,8001,71,1.61
71,10001,71,1.59
71,12001,71,1.54
71,14001,71,1.48
71,16001,71,1.55
71,18001,71,1.49
71,20001,71,1.55
71,22001,71,1.43
71,24001,71,1.45
71,26001,71,1.42
71,28001,71,1.44
71,30001,71,1.41
71,32001,71,1.42
71,34001,71,1.5
71,36001,71,1.49
71,38001,71,1.54
71,40001,71,1.57
71,42001,71,1.53
71,44001,71,1.59
71,46001,71,1.53
71,48001,71,1.55
71,50001,71,1.46
71,52001,71,1.52
71,54001,71,1.49
71,56001,71,1.51
71,58001,71,1.52
71,60001,71,1.57
71,62001,71,1.6
71,64001,71,1.56
71,65535,71,1.47
71,1,81,1.63
71,2001,81,1.7
71,4001,81,1.6
71,6001,81,1.51
71,8001,81,1.55
71,10001,81,1.56
71,12001,81,1.5
71,14001,81,1.62
71,16001,81,1.58
71,18001,81,1.47
71,20001,81,1.64
71,22001,81,1.53
71,24001,81,1.54
71,26001,81,1.43
71,28001,81,1.33
71,30001,81,1.4
71,32001,81,1.47
71,34001,81,1.46
71,36001,81,1.46
71,38001,81,1.56
71,40001,81,1.46
71,42001,81,1.57
71,44001,81,1.49
71,46001,81,1.44
71,48001,81,1.43
71,50001,81,1.41
71,52001,81,1.34
71,54001,81,1.49
71,56001,81,1.5
71,58001,81,1.55
71,60001,81,1.56
71,62001,81,1.69
71,64001,81,1.48
71,65535,81,1.54
71,1,91,1.55
71,2001,91,1.51
71,4001,91,1.65
71,6001,91,1.51
71,8001,91,1.51
71,10001,91,1.55
71,12001,91,1.55
71,14001,91,1.57
71,16001,91,1.5
71,18001,91,1.59
71,20001,91,1.53
71,22001,91,1.37
71,24001,91,1.36
71,26001,91,1.47
71,28001,91,1.45
71,30001,91,1.53
71,32001,91,1.52
71,34001,91,1.53
71,36001,91,1.55
71,38001,91,1.46
71,40001,91,1.52
71,42001,91,1.42
71,44001,91,1.66
71,46001,91,1.55
71,48001,91,1.32
71,50001,91,1.42
71,52001,91,1.48
71,54001,91,1.5
71,56001,91,1.49
71,58001,91,1.42
71,60001,91,1.57
71,62001,91,1.6
71,64001,91,1.55
71,65535,91,1.59
71,1,101,1.48
71,2001,101,1.63
71,4001,101,1.61
71,6001,101,1.56
71,8001,101,1.46
71,10001,101,1.61
71,12001,101,1.57
71,14001,101,1.42
71,16001,101,1.59
71,18001,101,1.53
71,20001,101,1.46
71,22001,101,1.48
71,24001,101,1.28
71,26001,101,1.41
71,28001,101,1.4
71,30001,101,1.44
71,32001,101,1.46
71,34001,101,1.44
71,36001,101,1.49
71,38001,101,1.58
71,40001,101,1.53
71,42001,101,1.55
71,44001,101,1.59
71,46001,101,1.5
71,48001,101,1.44
71,50001,101,1.49
71,52001,101,1.51
71,54001,101,1.54
71,56001,101,1.56
71,58001,101,1.49
71,60001,101,1.59
71,62001,101,1.56
71,64001,101,1.54
71,65535,101,1.57
71,1,111,1.51
71,2001,111,1.63
71,4001,111,1.61
71,6001,111,1.69
71,8001,111,1.49
71,10001,111,1.53
71,12001,111,1.46
71,14001,111,1.48
71,16001,111,1.6
71,18001,111,1.49
71,20001,111,1.56
71,22001,111,1.53
71,24001,111,1.49
71,26001,111,1.3
71,28001,111,1.35
71,30001,111,1.37
71,32001,111,1.37
71,34001,111,1.45
71,36001,111,1.51
71,38001,111,1.58
71,40001,111,1.5
71,42001,111,1.51
71,44001,111,1.57
71,46001,111,1.43
71,48001,111,1.56
71,50001,111,1.57
71,52001,111,1.57
71,54001,111,1.55
71,56001,111,1.46
71,58001,111,1.49
71,60001,111,1.52
71,62001,111,1.53
71,64001,111,1.46
71,65535,111,1.61
71,1,121,1.6
71,2001,121,1.62
71,4001,121,1.59
71,6001,121,1.68
71,8001,121,1.5
71,10001,121,1.55
71,12001,121,1.55
71,14001,121,1.55
71,16001,121,1.5
71,18001,121,1.49
71,20001,121,1.45
71,22001,121,1.38
71,24001,121,1.31
71,26001,121,1.41
71,28001,121,1.37
71,30001,121,1.39
71,32001,121,1.51
71,34001,121,1.41
71,36001,121,1.49
71,38001,121,1.44
71,40001,121,1.44
71,42001,121,1.52
71,44001,121,1.48
71,46001,121,1.5
71,48001,121,1.52
71,50001,121,1.44
71,52001,121,1.5
71,54001,121,1.43
71,56001,121,1.48
71,58001,121,1.59
71,60001,121,1.67
71,62001,121,1.56
71,64001,121,1.48
71,65535,121,1.58
71,1,131,1.57
71,2001,131,1.59
71,4001,131,1.64
71,6001,131,1.61
71,8001,131,1.56
71,10001,131,1.53
71,12001,131,1.66
71,14001,131,1.59
71,16001,131,1.56
71,18001,131,1.53
71,20001,131,1.55
71,22001,131,1.47
71,24001,131,1.4
71,26001,131,1.39
71,28001,131,1.38
71,30001,131,1.38
71,32001,131,1.38
71,34001,131,1.52
71,36001,131,1.41
71,38001,131,1.57
71,40001,131,1.49
71,42001,131,1.58
71,44001,131,1.5
71,46001,131,1.4
71,48001,131,1.39
71,50001,131,1.31
71,52001,131,1.32
71,54001,131,1.57
71,56001,131,1.5
71,58001,131,1.54
71,60001,131,1.55
71,62001,131,1.48
71,64001,131,1.56
71,65535,131,1.46
71,1,141,1.58
71,2001,141,1.59
71,4001,141,1.49
71,6001,141,1.6
71,8001,141,1.53
71,10001,141,1.57
71,12001,141,1.51
71,14001,141,1.56
71,16001,141,1.5
71,18001,141,1.52
71,20001,141,1.63
71,22001,141,1.46
71,24001,141,1.4
71,26001,141,1.31
71,28001,141,1.29
71,30001,141,1.36
71,32001,141,1.4
71,34001,141,1.43
71,36001,141,1.56
71,38001,141,1.51
71,40001,141,1.58
71,42001,141,1.48
71,44001,141,1.53
71,46001,141,1.45
71,48001,141,1.42
71,50001,141,1.44
71,52001,141,1.38
71,54001,141,1.47
71,56001,141,1.48
71,58001,141,1.6
71,60001,141,1.52
71,62001,141,1.49
71,64001,141,1.48
71,65535,141,1.44
71,1,151,1.54
71,2001,151,1.8
71,4001,151,1.52
71,6001,151,1.55
71,8001,151,1.67
71,10001,151,1.53
71,12001,151,1.58
71,14001,151,1.55
71,16001,151,1.56
71,18001,151,1.54
71,20001,151,1.51
71,22001,151,1.47
71,24001,151,1.39
71,26001,151,1.34
71,28001,151,1.36
71,30001,151,1.47
71,32001,151,1.39
71,34001,151,1.38
71,36001,151,1.55
71,38001,151,1.5
71,40001,151,1.5
71,42001,151,1.47
71,44001,151,1.47
71,46001,151,1.44
71,48001,151,1.32
71,50001,151,1.25
71,52001,151,1.34
71,54001,151,1.47
71,56001,151,1.45
71,58001,151,1.5
71,60001,151,1.66
71,62001,151,1.59
71,64001,151,1.51
71,65535,151,1.59
71,1,161,1.62
71,2001,161,1.56
71,4001,161,1.53
71,6001,161,1.57
71,8001,161,1.55
71,10001,161,1.63
71,12001,161,1.43
71,14001,161,1.52
71,16001,161,1.63
71,18001,161,1.41
71,20001,161,1.43
71,22001,161,1.47
71,24001,161,1.32
71,26001,161,1.21
71,28001,161,1.31
71,30001,161,1.39
71,32001,161,1.4
71,34001,161,1.35
71,36001,161,1.58
71,38001,161,1.53
71,40001,161,1.56
71,42001,161,1.47
71,44001,161,1.42
71,46001,161,1.32
71,48001,161,1.5
71,50001,161,1.23
71,52001,161,1.45
71,54001,161,1.46
71,56001,161,1.48
71,58001,161,1.41
71,60001,161,1.53
71,62001,161,1.5
71,64001,161,1.52
71,65535,161,1.53
71,1,171,1.44
71,2001,171,1.53
71,4001,171,1.6
71,6001,171,1.5
71,8001,171,1.59
71,10001,171,1.57
71,12001,171,1.44
71,14001,171,1.53
71,16001,171,1.56
71,18001,171,1.48
71,20001,171,1.54
71,22001,171,1.51
71,24001,171,1.36
71,26001,171,1.31
71,28001,171,1.38
71,30001,171,1.25
71,32001,171,1.4
71,34001,171,1.52
71,36001,171,1.48
71,38001,171,1.33
71,40001,171,1.42
71,42001,171,1.52
71,44001,171,1.53
71,46001,171,1.36
71,48001,171,1.44
71,50001,171,1.33
71,52001,171,1.44
71,54001,171,1.59
71,56001,171,1.49
71,58001,171,1.68
71,60001,171,1.52
71,62001,171,1.51
71,64001,171,1.51
71,65535,171,1.5
71,1,181,1.55
71,2001,181,1.56
71,4001,181,1.37
71,6001,181,1.44
71,8001,181,1.52
71,10001,181,1.57
71,12001,181,1.57
71,14001,181,1.55
71,16001,181,1.61
71,18001,181,1.59
71,20001,181,1.55
71,22001,181,1.38
71,24001,181,1.33
71,26001,181,1.28
71,28001,181,1.27
71,30001,181,1.33
71,32001,181,1.49
71,34001,181,1.32
71,36001,181,1.43
71,38001,181,1.29
71,40001,181,1.37
71,42001,181,1.43
71,44001,181,1.41
71,46001,181,1.5
71,48001,181,1.47
71,50001,181,1.35
71,52001,181,1.33
71,54001,181,1.48
71,56001,181,1.39
71,58001,181,1.57
71,60001,181,1.56
71,62001,181,1.47
71,64001,181,1.49
71,65535,181,1.55
71,1,191,1.55
71,2001,191,1.39
71,4001,191,1.58
71,6001,191,1.56
71,8001,191,1.52
71,10001,191,1.53
71,12001,191,1.69
71,14001,191,1.45
71,16001,191,1.41
71,18001,191,1.56
71,20001,191,1.44
71,22001,191,1.3
71,24001,191,1.21
71,26001,191,1.34
71,28001,191,1.3
71,30001,191,1.35
71,32001,191,1.4
71,34001,191,1.33
71,36001,191,1.4
71,38001,191,1.48
71,40001,191,1.42
71,42001,191,1.48
71,44001,191,1.41
71,46001,191,1.36
71,48001,191,1.43
71,50001,191,1.36
71,52001,191,1.43
71,54001,191,1.46
71,56001,191,1.46
71,58001,191,1.44
71,60001,191,1.38
71,62001,191,1.49
71,64001,191,1.48
71,65535,191,1.39
71,1,201,1.45
71,2001,201,1.5
71,4001,201,1.46
71,6001,201,1.53
71,8001,201,1.57
71,10001,201,1.6
71,12001,201,1.47
71,14001,201,1.46
71,16001,201,1.51
71,18001,201,1.52
71,20001,201,1.42
71,22001,201,1.44
71,24001,201,1.36
71,26001,201,1.27
71,28001,201,1.26
71,30001,201,1.28
71,32001,201,1.47
71,34001,201,1.39
71,36001,201,1.31
71,38001,201,1.37
71,40001,201,1.48
71,42001,201,1.38
71,44001,201,1.36
71,46001,201,1.4
71,48001,201,1.34
71,50001,201,1.39
71,52001,201,1.44
71,54001,201,1.41
71,56001,201,1.58
71,58001,201,1.69
71,60001,201,1.5
71,62001,201,1.43
71,64001,201,1.43
71,65535,201,1.45
71,1,211,1.55
71,2001,211,1.55
71,4001,211,1.48
71,6001,211,1.5
71,8001,211,1.57
71,10001,211,1.46
71,12001,211,1.59
71,14001,211,1.5
71,16001,211,1.46
71,18001,211,1.52
71,20001,211,1.52
71,22001,211,1.45
71,24001,211,1.32
71,26001,211,1.37
71,28001,211,1.29
71,30001,211,1.23
71,32001,211,1.38
71,34001,211,1.37
71,36001,211,1.4
71,38001,211,1.43
71,40001,211,1.35
71,42001,211,1.4
71,44001,211,1.42
71,46001,211,1.47
71,48001,211,1.37
71,50001,211,1.28
71,52001,211,1.48
71,54001,211,1.39
71,56001,211,1.49
71,58001,211,1.56
71,60001,211,1.53
71,62001,211,1.61
71,64001,211,1.54
71,65535,211,1.43
71,1,221,1.43
71,2001,221,1.46
71,4001,221,1.46
71,6001,221,1.56
71,8001,221,1.47
71,10001,221,1.4
71,12001,221,1.47
71,14001,221,1.51
71,16001,221,1.52
71,18001,221,1.53
71,20001,221,1.45
71,22001,221,1.36
71,24001,221,1.29
71,26001,221,1.26
71,28001,221,1.25
71,30001,221,1.4
71,32001,221,1.25
71,34001,221,1.32
71,36001,221,1.42
71,38001,221,1.41
71,40001,221,1.6
71,42001,221,1.33
71,44001,221,1.35
71,46001,221,1.35
71,48001,221,1.44
71,50001,221,1.4
71,52001,221,1.34
71,54001,221,1.43
71,56001,221,1.49
71,58001,221,1.57
71,60001,221,1.46
71,62001,221,1.5
71,64001,221,1.48
71,65535,221,1.51
71,1,231,1.41
71,2001,231,1.43
71,4001,231,1.44
71,6001,231,1.44
71,8001,231,1.45
71,10001,231,1.4
71,12001,231,1.44
71,14001,231,1.43
71,16001,231,1.63
71,18001,231,1.53
71,20001,231,1.43
71,22001,231,1.45
71,24001,231,1.27
71,26001,231,1.29
71,28001,231,1.24
71,30001,231,1.43
71,32001,231,1.19
71,34001,231,1.3
71,36001,231,1.37
71,38001,231,1.33
71,40001,231,1.49
71,42001,231,1.41
71,44001,231,1.46
71,46001,231,1.49
71,48001,231,1.44
71,50001,231,1.3
71,52001,231,1.45
71,54001,231,1.46
71,56001,231,1.54
71,58001,231,1.58
71,60001,231,1.44
71,62001,231,1.53
71,64001,231,1.57
71,65535,231,1.45
71,1,241,1.41
71,2001,241,1.43
71,4001,241,1.46
71,6001,241,1.5
71,8001,241,1.47
71,10001,241,1.46
71,12001,241,1.45
71,14001,241,1.51
71,16001,241,1.54
71,18001,241,1.51
71,20001,241,1.6
71,22001,241,1.45
71,24001,241,1.29
71,26001,241,1.39
71,28001,241,1.29
71,30001,241,1.29
71,32001,241,1.31
71,34001,241,1.4
71,36001,241,1.28
71,38001,241,1.4
71,40001,241,1.4
71,42001,241,1.31
71,44001,241,1.35
71,46001,241,1.43
71,48001,241,1.42
71,50001,241,1.33
71,52001,241,1.43
71,54001,241,1.45
71,56001,241,1.42
71,58001,241,1.48
71,60001,241,1.41
71,62001,241,1.49
71,64001,241,1.51
71,65535,241,1.42
71,1,251,1.36
71,2001,251,1.33
71,4001,251,1.46
71,6001,251,1.51
71,8001,251,1.55
71,10001,251,1.67
71,12001,251,1.52
71,14001,251,1.46
71,16001,251,1.65
71,18001,251,1.46
71,20001,251,1.49
71,22001,251,1.39
71,24001,251,1.23
71,26001,251,1.18
71,28001,251,1.26
71,30001,251,1.34
71,32001,251,1.26
71,34001,251,1.32
71,36001,251,1.3
71,38001,251,1.35
71,40001,251,1.33
71,42001,251,1.38
71,44001,251,1.41
71,46001,251,1.42
71,48001,251,1.33
71,50001,251,1.35
71,52001,251,1.35
71,54001,251,1.46
71,56001,251,1.5
71,58001,251,1.45
71,60001,251,1.57
71,62001,251,1.49
71,64001,251,1.39
71,65535,251,1.34
71,1,254,1.27
71,2001,254,1.44
71,4001,254,1.58
71,6001,254,1.5
71,8001,254,1.45
71,10001,254,1.51
71,12001,254,1.55
71,14001,254,1.56
71,16001,254,1.53
71,18001,254,1.56
71,20001,254,1.48
71,22001,254,1.42
71,24001,254,1.34
71,26001,254,1.23
71,28001,254,1.28
71,30001,254,1.22
71,32001,254,1.26
71,34001,254,1.12
71,36001,254,1.4
71,38001,254,1.34
71,40001,254,1.31
71,42001,254,1.44
71,44001,254,1.48
71,46001,254,1.37
71,48001,254,1.34
71,50001,254,1.5
71,52001,254,1.33
71,54001,254,1.49
71,56001,254,1.55
71,58001,254,1.5
71,60001,254,1.45
71,62001,254,1.41
71,64001,254,1.34
71,65535,254,1.44
81,1,1,1.51
81,2001,1,1.7
81,4001,1,1.74
81,6001,1,1.62
81,8001,1,1.57
81,10001,1,1.76
81,12001,1,1.54
81,14001,1,1.7
81,16001,1,1.76
81,18001,1,1.73
81,20001,1,1.78
81,22001,1,1.68
81,24001,1,1.59
81,26001,1,1.71
81,28001,1,1.68
81,30001,1,1.77
81,32001,1,1.59
81,34001,1,1.7
81,36001,1,1.63
81,38001,1,1.58
81,40001,1,1.6
81,42001,1,1.73
81,44001,1,1.58
81,46001,1,1.72
81,48001,1,1.81
81,50001,1,1.72
81,52001,1,1.58
81,54001,1,1.57
81,56001,1,1.62
81,58001,1,1.66
81,60001,1,1.59
81,62001,1,1.64
81,64001,1,1.69
81,65535,1,1.72
81,1,11,1.74
81,2001,11,1.67
81,4001,11,1.71
81,6001,11,1.67
81,8001,11,1.64
81,10001,11,1.57
81,12001,11,1.5
81,14001,11,1.67
81,16001,11,1.76
81,18001,11,1.7
81,20001,11,1.62
81,22001,11,1.69
81,24001,11,1.68
81,26001,11,1.75
81,28001,11,1.57
81,30001,11,1.58
81,32001,11,1.57
81,34001,11,1.61
81,36001,11,1.67
81,38001,11,1.7
81,40001,11,1.66
81,42001,11,1.68
81,44001,11,1.68
81,46001,11,1.72
81,48001,11,1.69
81,50001,11,1.7
81,52001,11,1.88
81,54001,11,1.65
81,56001,11,1.7
81,58001,11,1.82
81,60001,11,1.52
81,62001,11,1.65
81,64001,11,1.69
81,65535,11,1.54
81,1,21,1.79
81,2001,21,1.63
81,4001,21,1.58
81,6001,21,1.77
81,8001,21,1.62
81,10001,21,1.74
81,12001,21,1.76
81,14001,21,1.62
81,16001,21,1.59
81,18001,21,1.6
81,20001,21,1.59
81,22001,21,1.67
81,24001,21,1.66
81,26001,21,1.62
81,28001,21,1.67
81,30001,21,1.59
81,32001,21,1.54
81,34001,21,1.64
81,36001,21,1.55
81,38001,21,1.66
81,40001,21,1.69
81,42001,21,1.68
81,44001,21,1.67
81,46001,21,1.58
81,48001,21,1.65
81,50001,21,1.55
81,52001,21,1.67
81,54001,21,1.64
81,56001,21,1.75
81,58001,21,1.71
81,60001,21,1.57
81,62001,21,1.75
81,64001,21,1.78
81,65535,21,1.66
81,1,31,1.63
81,2001,31,1.62
81,4001,31,1.8
81,6001,31,1.68
81,8001,31,1.78
81,10001,31,1.71
81,12001,31,1.63
81,14001,31,1.57
81,16001,31,1.72
81,18001,31,1.63
81,20001,31,1.51
81,22001,31,1.6
81,24001,31,1.66
81,26001,31,1.64
81,28001,31,1.57
81,30001,31,1.61
81,32001,31,1.62
81,34001,31,1.56
81,36001,31,1.66
81,38001,31,1.72
81,40001,31,1.71
81,42001,31,1.56
81,44001,31,1.56
81,46001,31,1.49
81,48001,31,1.58
81,50001,31,1.66
81,52001,31,1.55
81,54001,31,1.46
81,56001,31,1.6
81,58001,31,1.61
81,60001,31,1.69
81,62001,31,1.69
81,64001,31,1.75
81,65535,31,1.63
81,1,41,1.74
81,2001,41,1.73
81,4001,41,1.71
81,6001,41,1.75
81,8001,41,1.69
81,10001,41,1.59
81,12001,41,1.54
81,14001,41,1.59
81,16001,41,1.7
81,18001,41,1.62
81,20001,41,1.78
81,22001,41,1.62
81,24001,41,1.49
81,26001,41,1.51
81,28001,41,1.62
81,30001,41,1.63
81,32001,41,1.77
81,34001,41,1.53
81,36001,41,1.57
81,38001,41,1.74
81,40001,41,1.61
81,42001,41,1.7
81,44001,41,1.76
81,46001,41,1.63
81,48001,41,1.65
81,50001,41,1.66
81,52001,41,1.59
81,54001,41,1.7
81,56001,41,1.67
81,58001,41,1.58
81,60001,41,1.81
81,62001,41,1.67
81,64001,41,1.6
81,65535,41,1.63
81,1,51,1.71
81,2001,51,1.62
81,4001,51,1.73
81,6001,51,1.68
81,8001,51,1.68
81,10001,51,1.53
81,12001,51,1.72
81,14001,51,1.5
81,16001,51,1.73
81,18001,51,1.52
81,20001,51,1.62
81,22001,51,1.53
81,24001,51,1.68
81,26001,51,1.64
81,28001,51,1.67
81,30001,51,1.53
81,32001,51,1.53
81,34001,51,1.66
81,36001,51,1.64
81,38001,51,1.59
81,40001,51,1.79
81,42001,51,1.64
81,44001,51,1.65
81,46001,51,1.65
81,48001,51,1.49
81,50001,51,1.52
81,52001,51,1.49
81,54001,51,1.64
81,56001,51,1.62
81,58001,51,1.69
81,60001,51,1.83
81,62001,51,1.62
81,64001,51,1.62
81,65535,51,1.55
81,1,61,1.68
81,2001,61,1.83
81,4001,61,1.65
81,6001,61,1.58
81,8001,61,1.68
81,10001,61,1.72
81,12001,61,1.57
81,14001,61,1.68
81,16001,61,1.64
81,18001,61,1.65
81,20001,61,1.58
81,22001,61,1.74
81,24001,61,1.67
81,26001,61,1.55
81,28001,61,1.56
81,30001,61,1.56
81,32001,61,1.61
81,34001,61,1.68
81,36001,61,1.61
81,38001,61,1.63
81,40001,61,1.64
81,42001,61,1.65
81,44001,61,1.61
81,46001,61,1.6
81,48001,61,1.52
81,50001,61,1.57
81,52001,61,1.65
81,54001,61,1.66
81,56001,61,1.67
81,58001,61,1.52
81,60001,61,1.68
81,62001,61,1.64
81,64001,61,1.7
81,65535,61,1.75
81,1,71,1.61
81,2001,71,1.66
81,4001,71,1.63
81,6001,71,1.7
81,8001,71,1.72
81,10001,71,1.46
81,12001,71,1.67
81,14001,71,1.61
81,16001,71,1.69
81,18001,71,1.68
81,20001,71,1.63
81,22001,71,1.61
81,24001,71,1.46
81,26001,71,1.53
81,28001,71,1.46
81,30001,71,1.68
81,32001,71,1.61
81,34001,71,1.75
81,36001,71,1.6
81,38001,71,1.6
81,40001,71,1.63
81,42001,71,1.67
81,44001,71,1.51
81,46001,71,1.49
81,48001,71,1.43
81,50001,71,1.51
81,52001,71,1.62
81,54001,71,1.59
81,56001,71,1.61
81,58001,71,1.52
81,60001,71,1.61
81,62001,71,1.66
81,64001,71,1.77
81,65535,71,1.63
81,1,81,1.66
81,2001,81,1.59
81,4001,81,1.75
81,6001,81,1.71
81,8001,81,1.81
81,10001,81,1.68
81,12001,81,1.8
81,14001,81,1.62
81,16001,81,1.68
81,18001,81,1.64
81,20001,81,1.7
81,22001,81,1.53
81,24001,81,1.63
81,26001,81,1.56
81,28001,81,1.62
81,30001,81,1.56
81,32001,81,1.56
81,34001,81,1.57
81,36001,81,1.61
81,38001,81,1.64
81,40001,81,1.61
81,42001,81,1.55
81,44001,81,1.52
81,46001,81,1.68
81,48001,81,1.55
81,50001,81,1.58
81,52001,81,1.62
81,54001,81,1.48
81,56001,81,1.61
81,58001,81,1.83
81,60001,81,1.62
81,62001,81,1.66
81,64001,81,1.59
81,65535,81,1.65
81,1,91,1.68
81,2001,91,1.65
81,4001,91,1.6
81,6001,91,1.81
81,8001,91,1.67
81,10001,91,1.67
81,12001,91,1.63
81,14001,91,1.58
81,16001,91,1.69
81,18001,91,1.74
81,20001,91,1.47
81,22001,91,1.65
81,24001,91,1.47
81,26001,91,1.43
81,28001,91,1.52
81,30001,91,1.57
81,32001,91,1.54
81,34001,91,1.57
81,36001,91,1.52
81,38001,91,1.59
81,40001,91,1.48
81,42001,91,1.68
81,44001,91,1.6
81,46001,91,1.51
81,48001,91,1.44
81,50001,91,1.48
81,52001,91,1.62
81,54001,91,1.59
81,56001,91,1.66
81,58001,91,1.73
81,60001,91,1.82
81,62001,91,1.65
81,64001,91,1.68
81,65535,91,1.64
81,1,101,1.72
81,2001,101,1.84
81,4001,101,1.62
81,6001,101,1.56
81,8001,101,1.65
81,10001,101,1.65
81,12001,101,1.65
81,14001,101,1.7
81,16001,101,1.59
81,18001,101,1.58
81,20001,101,1.55
81,22001,101,1.57
81,24001,101,1.57
81,26001,101,1.56
81,28001,101,1.54
81,30001,101,1.49
81,32001,101,1.54
81,34001,101,1.54
81,36001,101,1.56
81,38001,101,1.6
81,40001,101,1.54
81,42001,101,1.61
81,44001,101,1.51
81,46001,101,1.68
81,48001,101,1.57
81,50001,101,1.51
81,52001,101,1.54
81,54001,101,1.61
81,56001,101,1.59
81,58001,101,1.7
81,60001,101,1.73
81,62001,101,1.65
81,64001,101,1.73
81,65535,101,1.81
81,1,111,1.78
81,2001,111,1.56
81,4001,111,1.55
81,6001,111,1.68
81,8001,111,1.61
81,10001,111,1.64
81,12001,111,1.62
81,14001,111,1.58
81,16001,111,1.68
81,18001,111,1.58
81,20001,111,1.63
81,22001,111,1.53
81,24001,111,1.61
81,26001,111,1.61
81,28001,111,1.45
81,30001,111,1.46
81,32001,111,1.53
81,34001,111,1.5
81,36001,111,1.74
81,38001,111,1.59
81,40001,111,1.51
81,42001,111,1.55
81,44001,111,1.59
81,46001,111,1.5
81,48001,111,1.53
81,50001,111,1.49
81,52001,111,1.53
81,54001,111,1.55
81,56001,111,1.49
81,58001,111,1.66
81,60001,111,1.58
81,62001,111,1.68
81,64001,111,1.54
81,65535,111,1.59
81,1,121,1.72
81,2001,121,1.7
81,4001,121,1.58
81,6001,121,1.76
81,8001,121,1.72
81,10001,121,1.78
81,12001,121,1.57
81,14001,121,1.67
81,16001,121,1.76
81,18001,121,1.71
81,20001,121,1.65
81,22001,121,1.69
81,24001,121,1.37
81,26001,121,1.43
81,28001,121,1.5
81,30001,121,1.47
81,32001,121,1.46
81,34001,121,1.49
81,36001,121,1.62
81,38001,121,1.48
81,40001,121,1.5
81,42001,121,1.59
81,44001,121,1.62
81,46001,121,1.57
81,48001,121,1.48
81,50001,121,1.55
81,52001,121,1.47
81,54001,121,1.53
81,56001,121,1.59
81,58001,121,1.52
81,60001,121,1.68
81,62001,121,1.68
81,64001,121,1.68
81,65535,121,1.66
81,1,131,1.59
81,2001,131,1.65
81,4001,131,1.68
81,6001,131,1.58
81,8001,131,1.53
81,10001,131,1.72
81,12001,131,1.65
81,14001,131,1.69
81,16001,131,1.74
81,18001,131,1.55
81,20001,131,1.59
81,22001,131,1.67
81,24001,131,1.45
81,26001,131,1.56
81,28001,131,1.4
81,30001,131,1.41
81,32001,131,1.53
81,34001,131,1.59
81,36001,131,1.56
81,38001,131,1.5
81,40001,131,1.69
81,42001,131,1.59
81,44001,131,1.51
81,46001,131,1.51
81,48001,131,1.5
81,50001,131,1.41
81,52001,131,1.55
81,54001,131,1.66
81,56001,131,1.63
81,58001,131,1.65
81,60001,131,1.57
81,62001,131,1.57
81,64001,131,1.57
81,65535,131,1.65
81,1,141,1.66
81,2001,141,1.67
81,4001,141,1.64
81,6001,141,1.71
81,8001,141,1.58
81,10001,141,1.67
81,12001,141,1.67
81,14001,141,1.75
81,16001,141,1.68
81,18001,141,1.72
81,20001,141,1.69
81,22001,141,1.56
81,24001,141,1.48
81,26001,141,1.39
81,28001,141,1.43
81,30001,141,1.56
81,32001,141,1.54
81,34001,141,1.58
81,36001,141,1.53
81,38001,141,1.48
81,40001,141,1.64
81,42001,141,1.67
81,44001,141,1.6
81,46001,141,1.55
81,48001,141,1.37
81,50001,141,1.46
81,52001,141,1.48
81,54001,141,1.5
81,56001,141,1.54
81,58001,141,1.56
81,60001,141,1.64
81,62001,141,1.68
81,64001,141,1.62
81,65535,141,1.52
81,1,151,1.53
81,2001,151,1.53
81,4001,151,1.7
81,6001,151,1.58
81,8001,151,1.61
81,10001,151,1.69
81,12001,151,1.63
81,14001,151,1.65
81,16001,151,1.65
81,18001,151,1.65
81,20001,151,1.67
81,22001,151,1.49
81,24001,151,1.53
81,26001,151,1.42
81,28001,151,1.45
81,30001,151,1.55
81,32001,151,1.55
81,34001,151,1.6
81,36001,151,1.59
81,38001,151,1.61
81,40001,151,1.53
81,42001,151,1.64
81,44001,151,1.63
81,46001,151,1.68
81,48001,151,1.55
81,50001,151,1.47
81,52001,151,1.43
81,54001,151,1.64
81,56001,151,1.59
81,58001,151,1.56
81,60001,151,1.58
81,62001,151,1.6
81,64001,151,1.73
81,65535,151,1.5
81,1,161,1.47
81,2001,161,1.55
81,4001,161,1.58
81,6001,161,1.52
81,8001,161,1.65
81,10001,161,1.56
81,12001,161,1.64
81,14001,161,1.64
81,16001,161,1.55
81,18001,161,1.57
81,20001,161,1.71
81,22001,161,1.56
81,24001,161,1.54
81,26001,161,1.36
81,28001,161,1.38
81,30001,161,1.39
81,32001,161,1.41
81,34001,161,1.49
81,36001,161,1.57
81,38001,161,1.65
81,40001,161,1.61
81,42001,161,1.51
81,44001,161,1.63
81,46001,161,1.48
81,48001,161,1.47
81,50001,161,1.37
81,52001,161,1.45
81,54001,161,1.68
81,56001,161,1.57
81,58001,161,1.54
81,60001,161,1.68
81,62001,161,1.6
81,64001,161,1.66
81,65535,161,1.63
81,1,171,1.53
81,2001,171,1.52
81,4001,171,1.57
81,6001,171,1.57
81,8001,171,1.62
81,10001,171,1.61
81,12001,171,1.58
81,14001,171,1.58
81,16001,171,1.57
81,18001,171,1.63
81,20001,171,1.5
81,22001,171,1.57
81,24001,171,1.53
81,26001,171,1.4
81,28001,171,1.4
81,30001,171,1.48
81,32001,171,1.54
81,34001,171,1.55
81,36001,171,1.49
81,38001,171,1.57
81,40001,171,1.54
81,42001,171,1.68
81,44001,171,1.55
81,46001,171,1.52
81,48001,171,1.44
81,50001,171,1.65
81,52001,171,1.48
81,54001,171,1.4
81,56001,171,1.52
81,58001,171,1.63
81,60001,171,1.54
81,62001,171,1.61
81,64001,171,1.58
81,65535,171,1.68
81,1,181,1.55
81,2001,181,1.67
81,4001,181,1.66
81,6001,181,1.63
81,8001,181,1.53
81,10001,181,1.58
81,12001,181,1.69
81,14001,181,1.69
81,16001,181,1.61
81,18001,181,1.68
81,20001,181,1.62
81,22001,181,1.53
81,24001,181,1.4
81,26001,181,1.32
81,28001,181,1.3
81,30001,181,1.38
81,32001,181,1.49
81,34001,181,1.51
81,36001,181,1.48
81,38001,181,1.53
81,40001,181,1.54
81,42001,181,1.53
81,44001,181,1.43
81,46001,181,1.4
81,48001,181,1.46
81,50001,181,1.58
81,52001,181,1.53
81,54001,181,1.46
81,56001,181,1.57
81,58001,181,1.64
81,60001,181,1.66
81,62001,181,1.67
81,64001,181,1.64
81,65535,181,1.7
81,1,191,1.67
81,2001,191,1.52
81,4001,191,1.55
81,6001,191,1.58
81,8001,191,1.59
81,10001,191,1.62
81,12001,191,1.6
81,14001,191,1.66
81,16001,191,1.68
81,18001,191,1.63
81,20001,191,1.61
81,22001,191,1.43
81,24001,191,1.37
81,26001,191,1.42
81,28001,191,1.32
81,30001,191,1.46
81,32001,191,1.37
81,34001,191,1.43
81,36001,191,1.49
81,38001,191,1.55
81,40001,191,1.61
81,42001,191,1.5
81,44001,191,1.54
81,46001,191,1.56
81,48001,191,1.43
81,50001,191,1.44
81,52001,191,1.47
81,54001,191,1.49
81,56001,191,1.61
81,58001,191,1.58
81,60001,191,1.7
81,62001,191,1.68
81,64001,191,1.61
81,65535,191,1.68
81,1,201,1.61
81,2001,201,1.44
81,4001,201,1.59
81,6001,201,1.64
81,8001,201,1.73
81,10001,201,1.52
81,12001,201,1.79
81,14001,201,1.58
81,16001,201,1.66
81,18001,201,1.74
81,20001,201,1.54
81,22001,201,1.54
81,24001,201,1.54
81,26001,201,1.36
81,28001,201,1.32
81,30001,201,1.28
81,32001,201,1.43
81,34001,201,1.48
81,36001,201,1.26
81,38001,201,1.43
81,40001,201,1.46
81,42001,201,1.57
81,44001,201,1.6
81,46001,201,1.45
81,48001,201,1.41
81,50001,201,1.45
81,52001,201,1.57
81,54001,201,1.44
81,56001,201,1.49
81,58001,201,1.65
81,60001,201,1.6
81,62001,201,1.55
81,64001,201,1.56
81,65535,201,1.52
81,1,211,1.45
81,2001,211,1.56
81,4001,211,1.57
81,6001,211,1.67
81,8001,211,1.61
81,10001,211,1.6
81,12001,211,1.66
81,14001,211,1.54
81,16001,211,1.67
81,18001,211,1.68
81,20001,211,1.63
81,22001,211,1.35
81,24001,211,1.41
81,26001,211,1.36
81,28001,211,1.36
81,30001,211,1.36
81,32001,211,1.32
81,34001,211,1.49
81,36001,211,1.47
81,38001,211,1.48
81,40001,211,1.52
81,42001,211,1.59
81,44001,211,1.45
81,46001,211,1.54
81,48001,211,1.38
81,50001,211,1.41
81,52001,211,1.39
81,54001,211,1.52
81,56001,211,1.43
81,58001,211,1.57
81,60001,211,1.51
81,62001,211,1.54
81,64001,211,1.65
81,65535,211,1.53
81,1,221,1.64
81,2001,221,1.54
81,4001,221,1.54
81,6001,221,1.63
81,8001,221,1.55
81,10001,221,1.64
81,12001,221,1.6
81,14001,221,1.64
81,16001,221,1.69
81,18001,221,1.64
81,20001,221,1.62
81,22001,221,1.57
81,24001,221,1.38
81,26001,221,1.36
81,28001,221,1.37
81,30001,221,1.42
81,32001,221,1.6
81,34001,221,1.47
81,36001,221,1.45
81,38001,221,1.43
81,40001,221,1.45
81,42001,221,1.57
81,44001,221,1.33
81,46001,221,1.48
81,48001,221,1.34
81,50001,221,1.34
81,52001,221,1.45
81,54001,221,1.5
81,56001,221,1.54
81,58001,221,1.52
81,60001,221,1.62
81,62001,221,1.65
81,64001,221,1.56
81,65535,221,1.63
81,1,231,1.46
81,2001,231,1.52
81,4001,231,1.59
81,6001,231,1.63
81,8001,231,1.64
81,10001,231,1.68
81,12001,231,1.6
81,14001,231,1.55
81,16001,231,1.66
81,18001,231,1.61
81,20001,231,1.64
81,22001,231,1.46
81,24001,231,1.39
81,26001,231,1.31
81,28001,231,1.27
81,30001,231,1.31
81,32001,231,1.41
81,34001,231,1.48
81,36001,231,1.43
81,38001,231,1.4
81,40001,231,1.48
81,42001,231,1.63
81,44001,231,1.52
81,46001,231,1.42
81,48001,231,1.4
81,50001,231,1.48
81,52001,231,1.53
81,54001,231,1.42
81,56001,231,1.61
81,58001,231,1.55
81,60001,231,1.66
81,62001,231,1.64
81,64001,231,1.62
81,65535,231,1.33
81,1,241,1.44
81,2001,241,1.4
81,4001,241,1.53
81,6001,241,1.62
81,8001,241,1.52
81,10001,241,1.53
81,12001,241,1.65
81,14001,241,1.52
81,16001,241,1.64
81,18001,241,1.53
81,20001,241,1.44
81,22001,241,1.43
81,24001,241,1.38
81,26001,241,1.32
81,28001,241,1.36
81,30001,241,1.39
81,32001,241,1.36
81,34001,241,1.38
81,36001,241,1.35
81,38001,241,1.46
81,40001,241,1.4
81,42001,241,1.42
81,44001,241,1.37
81,46001,241,1.47
81,48001,241,1.41
81,50001,241,1.33
81,52001,241,1.58
81,54001,241,1.49
81,56001,241,1.61
81,58001,241,1.46
81,60001,241,1.67
81,62001,241,1.61
81,64001,241,1.54
81,65535,241,1.54
81,1,251,1.44
81,2001,251,1.41
81,4001,251,1.43
81,6001,251,1.6
81,8001,251,1.73
81,10001,251,1.65
81,12001,251,1.55
81,14001,251,1.58
81,16001,251,1.69
81,18001,251,1.51
81,20001,251,1.62
81,22001,251,1.54
81,24001,251,1.37
81,26001,251,1.4
81,28001,251,1.29
81,30001,251,1.33
81,32001,251,1.39
81,34001,251,1.46
81,36001,251,1.46
81,38001,251,1.44
81,40001,251,1.49
81,42001,251,1.5
81,44001,251,1.4
81,46001,251,1.37
81,48001,251,1.48
81,50001,251,1.4
81,52001,251,1.41
81,54001,251,1.58
81,56001,251,1.53
81,58001,251,1.58
81,60001,251,1.56
81,62001,251,1.58
81,64001,251,1.59
81,65535,251,1.53
81,1,254,1.43
81,2001,254,1.48
81,4001,254,1.57
81,6001,254,1.59
81,8001,254,1.57
81,10001,254,1.63
81,12001,254,1.51
81,14001,254,1.59
81,16001,254,1.65
81,18001,254,1.76
81,20001,254,1.49
81,22001,254,1.59
81,24001,254,1.3
81,26001,254,1.43
81,28001,254,1.31
81,30001,254,1.32
81,32001,254,1.33
81,34001,254,1.37
81,36001,254,1.42
81,38001,254,1.4
81,40001,254,1.4
81,42001,254,1.35
81,44001,254,1.53
81,46001,254,1.4
81,48001,254,1.49
81,50001,254,1.5
81,52001,254,1.41
81,54001,254,1.45
81,56001,254,1.52
81,58001,254,1.52
81,60001,254,1.42
81,62001,254,1.59
81,64001,254,1.57
81,65535,254,1.53
91,1,1,1.84
91,2001,1,1.89
91,4001,1,1.74
91,6001,1,1.64
91,8001,1,1.83
91,10001,1,1.69
91,12001,1,1.79
91,14001,1,1.79
91,16001,1,1.93
91,18001,1,1.68
91,20001,1,1.81
91,22001,1,1.85
91,24001,1,1.81
91,26001,1,1.69
91,28001,1,1.75
91,30001,1,1.83
91,32001,1,1.91
91,34001,1,1.8
91,36001,1,1.8
91,38001,1,1.82
91,40001,1,1.79
91,42001,1,1.73
91,44001,1,1.8
91,46001,1,1.8
91,48001,1,1.87
91,50001,1,1.76
91,52001,1,1.7
91,54001,1,1.87
91,56001,1,1.82
91,58001,1,1.78
91,60001,1,1.91
91,62001,1,1.66
91,64001,1,1.81
91,65535,1,1.81
91,1,11,1.85
91,2001,11,1.7
91,4001,11,1.8
91,6001,11,1.72
91,8001,11,1.65
91,10001,11,1.69
91,12001,11,1.78
91,14001,11,1.84
91,16001,11,1.81
91,18001,11,1.7
91,20001,11,1.78
91,22001,11,1.81
91,24001,11,1.81
91,26001,11,1.73
91,28001,11,1.71
91,30001,11,1.76
91,32001,11,1.69
91,34001,11,1.69
91,36001,11,1.71
91,38001,11,1.78
91,40001,11,1.65
91,42001,11,1.72
91,44001,11,1.83
91,46001,11,1.89
91,48001,11,1.73
91,50001,11,1.71
91,52001,11,1.84
91,54001,11,1.67
91,56001,11,1.85
91,58001,11,1.83
91,60001,11,1.83
91,62001,11,1.64
91,64001,11,1.8
91,65535,11,1.83
91,1,21,1.71
91,2001,21,1.83
91,4001,21,1.76
91,6001,21,1.74
91,8001,21,1.78
91,10001,21,1.83
91,12001,21,1.78
91,14001,21,1.83
91,16001,21,1.74
91,18001,21,1.73
91,20001,21,1.9
91,22001,21,1.82
91,24001,21,1.79
91,26001,21,1.77
91,28001,21,1.61
91,30001,21,1.7
91,32001,21,1.7
91,34001,21,1.82
91,36001,21,1.64
91,38001,21,1.72
91,40001,21,1.66
91,42001,21,1.69
91,44001,21,1.78
91,46001,21,1.66
91,48001,21,1.74
91,50001,21,1.83
91,52001,21,1.75
91,54001,21,1.76
91,56001,21,1.72
91,58001,21,1.65
91,60001,21,1.75
91,62001,21,1.7
91,64001,21,1.84
91,65535,21,1.78
91,1,31,1.83
91,2001,31,1.98
91,4001,31,1.72
91,6001,31,1.73
91,8001,31,1.74
91,10001,31,1.84
91,12001,31,1.82
91,14001,31,1.78
91,16001,31,1.84
91,18001,31,1.86
91,20001,31,1.66
91,22001,31,1.85
91,24001,31,1.77
91,26001,31,1.63
91,28001,31,1.77
91,30001,31,1.76
91,32001,31,1.7
91,34001,31,1.77
91,36001,31,1.74
91,38001,31,1.76
91,40001,31,1.72
91,42001,31,1.72
91,44001,31,1.77
91,46001,31,1.75
91,48001,31,1.68
91,50001,31,1.73
91,52001,31,1.71
91,54001,31,1.62
91,56001,31,1.76
91,58001,31,1.73
91,60001,31,1.63
91,62001,31,1.76
91,64001,31,1.77
91,65535,31,1.65
91,1,41,1.63
91,2001,41,1.82
91,4001,41,1.9
91,6001,41,1.79
91,8001,41,1.78
91,10001,41,1.75
91,12001,41,1.83
91,14001,41,1.72
91,16001,41,1.65
91,18001,41,1.75
91,20001,41,1.72
91,22001,41,1.66
91,24001,41,1.62
91,26001,41,1.69
91,28001,41,1.7
91,30001,41,1.66
91,32001,41,1.56
91,34001,41,1.74
91,36001,41,1.79
91,38001,41,1.77
91,40001,41,1.8
91,42001,41,1.75
91,44001,41,1.65
91,46001,41,1.68
91,48001,41,1.78
91,50001,41,1.67
91,52001,41,1.76
91,54001,41,1.78
91,56001,41,1.77
91,58001,41,1.76
91,60001,41,1.68
91,62001,41,1.72
91,64001,41,1.75
91,65535,41,1.76
91,1,51,1.84
91,2001,51,1.84
91,4001,51,1.79
91,6001,51,1.82
91,8001,51,1.86
91,10001,51,1.75
91,12001,51,1.77
91,14001,51,1.89
91,16001,51,1.92
91,18001,51,1.67
91,20001,51,1.8
91,22001,51,1.75
91,24001,51,1.73
91,26001,51,1.65
91,28001,51,1.66
91,30001,51,1.68
91,32001,51,1.6
91,34001,51,1.67
91,36001,51,1.77
91,38001,51,1.78
91,40001,51,1.73
91,42001,51,1.78
91,44001,51,1.75
91,46001,51,1.66
91,48001,51,1.65
91,50001,51,1.71
91,52001,51,1.79
91,54001,51,1.8
91,56001,51,1.75
91,58001,51,1.68
91,60001,51,1.8
91,62001,51,1.82
91,64001,51,1.76
91,65535,51,1.87
91,1,61,1.81
91,2001,61,1.85
91,4001,61,1.81
91,6001,61,1.86
91,8001,61,1.7
91,10001,61,1.83
91,12001,61,1.76
91,14001,61,1.72
91,16001,61,1.71
91,18001,61,1.73
91,20001,61,1.83
91,22001,61,1.78
91,24001,61,1.63
91,26001,61,1.67
91,28001,61,1.67
91,30001,61,1.74
91,32001,61,1.59
91,34001,61,1.62
91,36001,61,1.82
91,38001,61,1.8
91,40001,61,1.83
91,42001,61,1.73
91,44001,61,1.58
91,46001,61,1.73
91,48001,61,1.63
91,50001,61,1.62
91,52001,61,1.72
91,54001,61,1.63
91,56001,61,1.77
91,58001,61,1.77
91,60001,61,1.59
91,62001,61,1.86
91,64001,61,1.78
91,65535,61,1.78
91,1,71,1.83
91,2001,71,1.83
91,4001,71,1.82
91,6001,71,1.86
91,8001,71,1.83
91,10001,71,1.92
91,12001,71,1.72
91,14001,71,1.96
91,16001,71,1.7
91,18001,71,1.8
91,20001,71,1.64
91,22001,71,1.69
91,24001,71,1.6
91,26001,71,1.65
91,28001,71,1.63
91,30001,71,1.56
91,32001,71,1.6
91,34001,71,1.75
91,36001,71,1.67
91,38001,71,1.76
91,40001,71,1.78
91,42001,71,1.75
91,44001,71,1.79
91,46001,71,1.73
91,48001,71,1.65
91,50001,71,1.49
91,52001,71,1.61
91,54001,71,1.76
91,56001,71,1.74
91,58001,71,1.73
91,60001,71,1.71
91,62001,71,1.74
91,64001,71,1.83
91,65535,71,1.87
91,1,81,1.82
91,2001,81,1.85
91,4001,81,1.84
91,6001,81,1.88
91,8001,81,1.78
91,10001,81,1.71
91,12001,81,1.74
91,14001,81,1.8
91,16001,81,1.78
91,18001,81,1.67
91,20001,81,1.77
91,22001,81,1.7
91,24001,81,1.65
91,26001,81,1.59
91,28001,81,1.63
91,30001,81,1.67
91,32001,81,1.69
91,34001,81,1.74
91,36001,81,1.71
91,38001,81,1.84
91,40001,81,1.79
91,42001,81,1.79
91,44001,81,1.83
91,46001,81,1.7
91,48001,81,1.76
91,50001,81,1.65
91,52001,81,1.54
91,54001,81,1.73
91,56001,81,1.71
91,58001,81,1.73
91,60001,81,1.66
91,62001,81,1.85
91,64001,81,1.74
91,65535,81,1.89
91,1,91,1.9
91,2001,91,1.73
91,4001,91,1.77
91,6001,91,1.8
91,8001,91,1.73
91,10001,91,1.78
91,12001,91,1.77
91,14001,91,1.74
91,16001,91,1.85
91,18001,91,1.82
91,20001,91,1.75
91,22001,91,1.64
91,24001,91,1.57
91,26001,91,1.53
91,28001,91,1.54
91,30001,91,1.76
91,32001,91,1.73
91,34001,91,1.69
91,36001,91,1.69
91,38001,91,1.8
91,40001,91,1.84
91,42001,91,1.71
91,44001,91,0.43
91,46001,91,1.7
91,48001,91,1.64
91,50001,91,1.67
91,52001,91,1.65
91,54001,91,1.58
91,56001,91,1.71
91,58001,91,1.78
91,60001,91,1.72
91,62001,91,1.94
91,64001,91,1.77
91,65535,91,1.98
91,1,101,1.7
91,2001,101,1.78
91,4001,101,1.72
91,6001,101,1.86
91,8001,101,1.79
91,10001,101,1.76
91,12001,101,1.78
91,14001,101,1.79
91,16001,101,1.77
91,18001,101,1.8
91,20001,101,1.84
91,22001,101,1.65
91,24001,101,1.69
91,26001,101,1.69
91,28001,101,1.58
91,30001,101,1.61
91,32001,101,1.56
91,34001,101,1.67
91,36001,101,1.69
91,38001,101,1.73
91,40001,101,1.74
91,42001,101,1.67
91,44001,101,1.76
91,46001,101,1.67
91,48001,101,1.57
91,50001,101,1.67
91,52001,101,1.52
91,54001,101,1.67
91,56001,101,1.87
91,58001,101,1.78
91,60001,101,1.8
91,62001,101,1.74
91,64001,101,1.72
91,65535,101,1.79
91,1,111,1.89
91,2001,111,1.73
91,4001,111,1.74
91,6001,111,1.73
91,8001,111,1.7
91,10001,111,1.72
91,12001,111,1.76
91,14001,111,1.61
91,16001,111,1.78
91,18001,111,1.79
91,20001,111,1.76
91,22001,111,1.69
91,24001,111,1.52
91,26001,111,1.48
91,28001,111,1.61
91,30001,111,1.62
91,32001,111,1.68
91,34001,111,1.66
91,36001,111,1.62
91,38001,111,1.37
91,40001,111,1.4
91,42001,111,1.65
91,44001,111,1.62
91,46001,111,1.58
91,48001,111,1.64
91,50001,111,1.53
91,52001,111,1.63
91,54001,111,1.78
91,56001,111,1.65
91,58001,111,1.7
91,60001,111,1.81
91,62001,111,1.8
91,64001,111,1.79
91,65535,111,1.76
91,1,121,1.8
91,2001,121,1.79
91,4001,121,1.81
91,6001,121,1.83
91,8001,121,1.91
91,10001,121,1.76
91,12001,121,1.74
91,14001,121,1.77
91,16001,121,1.68
91,18001,121,1.82
91,20001,121,1.76
91,22001,121,1.63
91,24001,121,1.62
91,26001,121,1.56
91,28001,121,1.61
91,30001,121,1.65
91,32001,121,1.6
91,34001,121,1.61
91,36001,121,1.7
91,38001,121,1.63
91,40001,121,1.69
91,42001,121,1.67
91,44001,121,1.72
91,46001,121,1.66
91,48001,121,1.62
91,50001,121,1.5
91,52001,121,1.62
91,54001,121,1.61
91,56001,121,1.69
91,58001,121,1.8
91,60001,121,1.79
91,62001,121,1.77
91,64001,121,1.65
91,65535,121,1.84
91,1,131,1.77
91,2001,131,1.71
91,4001,131,1.79
91,6001,131,1.94
91,8001,131,1.81
91,10001,131,1.8
91,12001,131,1.75
91,14001,131,1.72
91,16001,131,1.74
91,18001,131,1.72
91,20001,131,1.72
91,22001,131,1.62
91,24001,131,1.61
91,26001,131,1.5
91,28001,131,1.65
91,30001,131,1.62
91,32001,131,1.64
91,34001,131,1.61
91,36001,131,1.72
91,38001,131,1.68
91,40001,131,1.65
91,42001,131,1.7
91,44001,131,1.61
91,46001,131,1.59
91,48001,131,1.52
91,50001,131,1.51
91,52001,131,1.57
91,54001,131,1.66
91,56001,131,1.73
91,58001,131,1.64
91,60001,131,1.86
91,62001,131,1.97
91,64001,131,1.74
91,65535,131,1.79
91,1,141,1.8
91,2001,141,1.72
91,4001,141,1.79
91,6001,141,1.84
91,8001,141,1.82
91,10001,141,1.82
91,12001,141,1.84
91,14001,141,1.74
91,16001,141,1.67
91,18001,141,1.72
91,20001,141,1.71
91,22001,141,1.65
91,24001,141,1.62
91,26001,141,1.38
91,28001,141,1.63
91,30001,141,1.65
91,32001,141,1.57
91,34001,141,1.54
91,36001,141,1.81
91,38001,141,1.56
91,40001,141,1.61
91,42001,141,1.62
91,44001,141,1.68
91,46001,141,1.54
91,48001,141,1.58
91,50001,141,1.56
91,52001,141,1.51
91,54001,141,1.62
91,56001,141,1.59
91,58001,141,1.66
91,60001,141,1.71
91,62001,141,1.78
91,64001,141,1.68
91,65535,141,1.81
91,1,151,1.73
91,2001,151,1.68
91,4001,151,1.69
91,6001,151,1.69
91,8001,151,1.67
91,10001,151,1.91
91,12001,151,1.71
91,14001,151,1.76
91,16001,151,1.93
91,18001,151,1.68
91,20001,151,1.64
91,22001,151,1.66
91,24001,151,1.65
91,26001,151,1.54
91,28001,151,1.57
91,30001,151,1.54
91,32001,151,1.66
91,34001,151,1.5
91,36001,151,1.89
91,38001,151,1.82
91,40001,151,1.63
91,42001,151,1.65
91,44001,151,1.62
91,46001,151,1.65
91,48001,151,1.52
91,50001,151,1.55
91,52001,151,1.53
91,54001,151,1.57
91,56001,151,1.64
91,58001,151,1.75
91,60001,151,1.65
91,62001,151,1.74
91,64001,151,1.75
91,65535,151,1.61
91,1,161,1.8
91,2001,161,1.67
91,4001,161,1.79
91,6001,161,1.77
91,8001,161,1.77
91,10001,161,1.84
91,12001,161,1.9
91,14001,161,1.74
91,16001,161,1.71
91,18001,161,1.79
91,20001,161,1.64
91,22001,161,1.64
91,24001,161,1.52
91,26001,161,1.5
91,28001,161,1.47
91,30001,161,1.45
91,32001,161,1.57
91,34001,161,1.68
91,36001,161,1.72
91,38001,161,1.67
91,40001,161,1.69
91,42001,161,1.58
91,44001,161,1.76
91,46001,161,1.59
91,48001,161,1.58
91,50001,161,1.53
91,52001,161,1.51
91,54001,161,1.61
91,56001,161,1.73
91,58001,161,1.71
91,60001,161,1.68
91,62001,161,1.78
91,64001,161,1.72
91,65535,161,1.69
91,1,171,1.61
91,2001,171,1.68
91,4001,171,1.68
91,6001,171,1.86
91,8001,171,1.66
91,10001,171,1.8
91,12001,171,1.71
91,14001,171,1.68
91,16001,171,1.77
91,18001,171,1.68
91,20001,171,1.77
91,22001,171,1.53
91,24001,171,1.41
91,26001,171,1.35
91,28001,171,1.55
91,30001,171,1.49
91,32001,171,1.64
91,34001,171,1.69
91,36001,171,1.61
91,38001,171,1.63
91,40001,171,1.77
91,42001,171,1.54
91,44001,171,1.75
91,46001,171,1.54
91,48001,171,1.53
91,50001,171,1.65
91,52001,171,1.57
91,54001,171,1.44
91,56001,171,1.65
91,58001,171,1.76
91,60001,171,1.82
91,62001,171,1.63
91,64001,171,1.68
91,65535,171,1.79
91,1,181,1.66
91,2001,181,1.82
91,4001,181,1.78
91,6001,181,1.77
91,8001,181,1.75
91,10001,181,1.77
91,12001,181,1.73
91,14001,181,1.81
91,16001,181,1.79
91,18001,181,1.76
91,20001,181,1.74
91,22001,181,1.6
91,24001,181,1.54
91,26001,181,1.41
91,28001,181,1.46
91,30001,181,1.45
91,32001,181,1.51
91,34001,181,1.49
91,36001,181,1.5
91,38001,181,1.67
91,40001,181,1.63
91,42001,181,1.66
91,44001,181,1.75
91,46001,181,1.75
91,48001,181,1.69
91,50001,181,1.52
91,52001,181,1.64
91,54001,181,1.76
91,56001,181,1.56
91,58001,181,1.61
91,60001,181,1.74
91,62001,181,1.71
91,64001,181,1.79
91,65535,181,1.73
91,1,191,1.72
91,2001,191,1.69
91,4001,191,1.71
91,6001,191,1.69
91,8001,191,1.74
91,10001,191,1.77
91,12001,191,1.82
91,14001,191,1.66
91,16001,191,1.7
91,18001,191,1.59
91,20001,191,1.71
91,22001,191,1.53
91,24001,191,1.4
91,26001,191,1.37
91,28001,191,1.49
91,30001,191,1.48
91,32001,191,1.4
91,34001,191,1.52
91,36001,191,1.57
91,38001,191,1.7
91,40001,191,1.64
91,42001,191,1.72
91,44001,191,1.74
91,46001,191,1.58
91,48001,191,1.57
91,50001,191,1.44
91,52001,191,1.47
91,54001,191,1.57
91,56001,191,1.66
91,58001,191,1.76
91,60001,191,1.91
91,62001,191,1.8
91,64001,191,1.73
91,65535,191,1.81
91,1,201,1.71
91,2001,201,1.7
91,4001,201,1.7
91,6001,201,1.77
91,8001,201,1.74
91,10001,201,1.77
91,12001,201,1.52
91,14001,201,1.81
91,16001,201,1.85
91,18001,201,1.67
91,20001,201,1.59
91,22001,201,1.57
91,24001,201,1.52
91,26001,201,1.49
91,28001,201,1.44
91,30001,201,1.45
91,32001,201,1.56
91,34001,201,1.54
91,36001,201,1.52
91,38001,201,1.57
91,40001,201,1.82
91,42001,201,1.68
91,44001,201,1.54
91,46001,201,1.55
91,48001,201,1.53
91,50001,201,1.55
91,52001,201,1.54
91,54001,201,1.73
91,56001,201,1.66
91,58001,201,1.7
91,60001,201,1.76
91,62001,201,1.65
91,64001,201,1.72
91,65535,201,1.72
91,1,211,1.78
91,2001,211,1.8
91,4001,211,1.62
91,6001,211,1.57
91,8001,211,1.68
91,10001,211,1.7
91,12001,211,1.74
91,14001,211,1.68
91,16001,211,1.77
91,18001,211,1.62
91,20001,211,1.69
91,22001,211,1.5
91,24001,211,1.46
91,26001,211,1.42
91,28001,211,1.48
91,30001,211,1.49
91,32001,211,1.49
91,34001,211,1.55
91,36001,211,1.6
91,38001,211,1.59
91,40001,211,1.76
91,42001,211,1.57
91,44001,211,1.6
91,46001,211,1.61
91,48001,211,1.68
91,50001,211,1.66
91,52001,211,1.53
91,54001,211,1.6
91,56001,211,1.64
91,58001,211,1.74
91,60001,211,1.69
91,62001,211,1.64
91,64001,211,1.67
91,65535,211,1.78
91,1,221,1.56
91,2001,221,1.54
91,4001,221,1.78
91,6001,221,1.74
91,8001,221,1.74
91,10001,221,1.67
91,12001,221,1.75
91,14001,221,1.6
91,16001,221,1.75
91,18001,221,1.69
91,20001,221,1.63
91,22001,221,1.59
91,24001,221,1.6
91,26001,221,1.41
91,28001,221,1.43
91,30001,221,1.48
91,32001,221,1.42
91,34001,221,1.46
91,36001,221,1.67
91,38001,221,1.61
91,40001,221,1.62
91,42001,221,1.55
91,44001,221,1.57
91,46001,221,1.52
91,48001,221,1.55
91,50001,221,1.44
91,52001,221,1.43
91,54001,221,1.63
91,56001,221,1.5
91,58001,221,1.69
91,60001,221,1.72
91,62001,221,1.69
91,64001,221,1.7
91,65535,221,1.54
91,1,231,1.55
91,2001,231,1.56
91,4001,231,1.66
91,6001,231,1.54
91,8001,231,1.72
91,10001,231,1.71
91,12001,231,1.62
91,14001,231,1.7
91,16001,231,1.85
91,18001,231,1.8
91,20001,231,1.67
91,22001,231,1.62
91,24001,231,1.66
91,26001,231,1.44
91,28001,231,1.31
91,30001,231,1.36
91,32001,231,1.3
91,34001,231,1.51
91,36001,231,1.57
91,38001,231,1.67
91,40001,231,1.61
91,42001,231,1.6
91,44001,231,1.43
91,46001,231,1.59
91,48001,231,1.38
91,50001,231,1.48
91,52001,231,1.53
91,54001,231,1.63
91,56001,231,1.82
91,58001,231,1.85
91,60001,231,1.68
91,62001,231,1.66
91,64001,231,1.71
91,65535,231,1.65
91,1,241,1.6
91,2001,241,1.58
91,4001,241,1.69
91,6001,241,1.67
91,8001,241,1.74
91,10001,241,1.73
91,12001,241,1.64
91,14001,241,1.68
91,16001,241,1.81
91,18001,241,1.85
91,20001,241,1.66
91,22001,241,1.51
91,24001,241,1.39
91,26001,241,1.51
91,28001,241,1.46
91,30001,241,1.46
91,32001,241,1.58
91,34001,241,1.53
91,36001,241,1.56
91,38001,241,1.51
91,40001,241,1.51
91,42001,241,1.55
91,44001,241,1.44
91,46001,241,1.55
91,48001,241,1.53
91,50001,241,1.51
91,52001,241,1.55
91,54001,241,1.72
91,56001,241,1.65
91,58001,241,1.78
91,60001,241,1.55
91,62001,241,1.8
91,64001,241,1.79
91,65535,241,1.71
91,1,251,1.53
91,2001,251,1.53
91,4001,251,1.57
91,6001,251,1.71
91,8001,251,1.76
91,10001,251,1.81
91,12001,251,1.58
91,14001,251,1.75
91,16001,251,1.74
91,18001,251,1.83
91,20001,251,1.64
91,22001,251,1.51
91,24001,251,1.39
91,26001,251,1.38
91,28001,251,1.43
91,30001,251,1.46
91,32001,251,1.49
91,34001,251,1.35
91,36001,251,1.61
91,38001,251,1.52
91,40001,251,1.52
91,42001,251,1.48
91,44001,251,1.52
91,46001,251,1.5
91,48001,251,1.52
91,50001,251,1.37
91,52001,251,1.35
91,54001,251,1.58
91,56001,251,1.66
91,58001,251,1.67
91,60001,251,1.71
91,62001,251,1.7
91,64001,251,1.7
91,65535,251,1.8
91,1,254,1.44
91,2001,254,1.51
91,4001,254,1.48
91,6001,254,1.63
91,8001,254,1.63
91,10001,254,1.78
91,12001,254,1.67
91,14001,254,1.67
91,16001,254,1.75
91,18001,254,1.77
91,20001,254,1.68
91,22001,254,1.48
91,24001,254,1.49
91,26001,254,1.26
91,28001,254,1.36
91,30001,254,1.37
91,32001,254,1.48
91,34001,254,1.44
91,36001,254,1.42
91,38001,254,1.57
91,40001,254,1.52
91,42001,254,1.46
91,44001,254,1.66
91,46001,254,1.48
91,48001,254,1.31
91,50001,254,1.63
91,52001,254,1.53
91,54001,254,1.56
91,56001,254,1.58
91,58001,254,1.73
91,60001,254,1.7
91,62001,254,1.65
91,64001,254,1.61
91,65535,254,1.58
101,1,1,1.88
101,2001,1,2.09
101,4001,1,1.81
101,6001,1,1.98
101,8001,1,1.85
101,10001,1,1.84
101,12001,1,1.88
101,14001,1,1.87
101,16001,1,1.94
101,18001,1,1.99
101,20001,1,1.98
101,22001,1,1.9
101,24001,1,1.93
101,26001,1,1.93
101,28001,1,1.84
101,30001,1,1.83
101,32001,1,1.88
101,34001,1,1.91
101,36001,1,1.88
101,38001,1,1.82
101,40001,1,1.9
101,42001,1,1.91
101,44001,1,1.76
101,46001,1,1.93
101,48001,1,1.83
101,50001,1,1.96
101,52001,1,1.89
101,54001,1,1.89
101,56001,1,1.96
101,58001,1,1.86
101,60001,1,1.89
101,62001,1,1.86
101,64001,1,1.86
101,65535,1,1.89
101,1,11,1.91
101,2001,11,1.91
101,4001,11,1.76
101,6001,11,1.91
101,8001,11,1.85
101,10001,11,1.88
101,12001,11,1.9
101,14001,11,1.82
101,16001,11,1.85
101,18001,11,1.88
101,20001,11,1.98
101,22001,11,1.83
101,24001,11,1.92
101,26001,11,1.89
101,28001,11,1.79
101,30001,11,1.78
101,32001,11,1.91
101,34001,11,1.95
101,36001,11,1.96
101,38001,11,1.93
101,40001,11,1.88
101,42001,11,1.77
101,44001,11,1.94
101,46001,11,1.98
101,48001,11,2.0
101,50001,11,1.94
101,52001,11,1.83
101,54001,11,1.97
101,56001,11,1.83
101,58001,11,1.8
101,60001,11,2.03
101,62001,11,1.95
101,64001,11,1.93
101,65535,11,1.89
101,1,21,1.91
101,2001,21,1.81
101,4001,21,1.92
101,6001,21,2.04
101,8001,21,2.03
101,10001,21,1.86
101,12001,21,1.86
101,14001,21,1.96
101,16001,21,1.8
101,18001,21,1.78
101,20001,21,1.86
101,22001,21,1.99
101,24001,21,1.89
101,26001,21,1.85
101,28001,21,1.84
101,30001,21,1.86
101,32001,21,1.88
101,34001,21,1.93
101,36001,21,1.77
101,38001,21,1.88
101,40001,21,1.99
101,42001,21,2.03
101,44001,21,1.8
101,46001,21,1.95
101,48001,21,1.93
101,50001,21,1.92
101,52001,21,1.89
101,54001,21,1.66
101,56001,21,1.81
101,58001,21,1.83
101,60001,21,1.9
101,62001,21,1.89
101,64001,21,1.89
101,65535,21,2.09
101,1,31,1.91
101,2001,31,1.92
101,4001,31,1.94
101,6001,31,2.03
101,8001,31,1.85
101,10001,31,1.97
101,12001,31,1.86
101,14001,31,1.94
101,16001,31,2.0
101,18001,31,1.83
101,20001,31,1.9
101,22001,31,1.95
101,24001,31,1.71
101,26001,31,1.81
101,28001,31,1.8
101,30001,31,1.82
101,32001,31,1.79
101,34001,31,1.87
101,36001,31,1.93
101,38001,31,1.91
101,40001,31,1.97
101,42001,31,1.95
101,44001,31,1.94
101,46001,31,1.84
101,48001,31,1.76
101,50001,31,1.93
101,52001,31,1.82
101,54001,31,1.86
101,56001,31,1.76
101,58001,31,1.94
101,60001,31,1.87
101,62001,31,1.98
101,64001,31,1.97
101,65535,31,1.84
101,1,41,1.91
101,2001,41,1.9
101,4001,41,1.92
101,6001,41,1.98
101,8001,41,1.92
101,10001,41,1.94
101,12001,41,1.98
101,14001,41,1.91
101,16001,41,1.9
101,18001,41,1.92
101,20001,41,1.83
101,22001,41,1.88
101,24001,41,1.97
101,26001,41,1.82
101,28001,41,1.89
101,30001,41,1.78
101,32001,41,1.87
101,34001,41,1.79
101,36001,41,1.88
101,38001,41,1.84
101,40001,41,1.9
101,42001,41,1.84
101,44001,41,1.92
101,46001,41,1.88
101,48001,41,1.73
101,50001,41,1.79
101,52001,41,1.75
101,54001,41,1.76
101,56001,41,1.83
101,58001,41,1.93
101,60001,41,1.99
101,62001,41,1.95
101,64001,41,1.94
101,65535,41,1.94
101,1,51,1.85
101,2001,51,1.94
101,4001,51,1.97
101,6001,51,1.94
101,8001,51,2.03
101,10001,51,1.93
101,12001,51,1.97
101,14001,51,1.89
101,16001,51,1.92
101,18001,51,2.02
101,20001,51,1.79
101,22001,51,1.93
101,24001,51,1.97
101,26001,51,1.86
101,28001,51,1.92
101,30001,51,1.78
101,32001,51,1.79
101,34001,51,1.94
101,36001,51,1.86
101,38001,51,1.82
101,40001,51,1.87
101,42001,51,1.86
101,44001,51,1.84
101,46001,51,1.88
101,48001,51,1.85
101,50001,51,1.76
101,52001,51,1.84
101,54001,51,1.89
101,56001,51,1.87
101,58001,51,1.86
101,60001,51,1.8
101,62001,51,1.92
101,64001,51,2.03
101,65535,51,1.97
101,1,61,1.93
101,2001,61,1.9
101,4001,61,1.92
101,6001,61,1.96
101,8001,61,1.85
101,10001,61,1.86
101,12001,61,1.87
101,14001,61,1.82
101,16001,61,1.88
101,18001,61,1.96
101,20001,61,1.87
101,22001,61,1.76
101,24001,61,1.7
101,26001,61,1.72
101,28001,61,1.79
101,30001,61,1.79
101,32001,61,1.86
101,34001,61,1.86
101,36001,61,1.99
101,38001,61,1.9
101,40001,61,1.84
101,42001,61,1.95
101,44001,61,1.82
101,46001,61,1.77
101,48001,61,1.74
101,50001,61,1.89
101,52001,61,1.9
101,54001,61,1.7
101,56001,61,1.89
101,58001,61,1.95
101,60001,61,1.84
101,62001,61,1.88
101,64001,61,2.01
101,65535,61,2.0
101,1,71,1.94
101,2001,71,1.99
101,4001,71,2.01
101,6001,71,2.0
101,8001,71,1.97
101,10001,71,1.9
101,12001,71,1.89
101,14001,71,1.93
101,16001,71,1.99
101,18001,71,1.82
101,20001,71,2.0
101,22001,71,1.78
101,24001,71,1.57
101,26001,71,1.68
101,28001,71,1.68
101,30001,71,1.84
101,32001,71,1.85
101,34001,71,1.88
101,36001,71,1.81
101,38001,71,1.92
101,40001,71,1.8
101,42001,71,1.8
101,44001,71,1.91
101,46001,71,1.9
101,48001,71,1.72
101,50001,71,1.72
101,52001,71,1.8
101,54001,71,1.87
101,56001,71,1.73
101,58001,71,1.88
101,60001,71,1.88
101,62001,71,1.94
101,64001,71,1.78
101,65535,71,2.05
101,1,81,1.9
101,2001,81,1.94
101,4001,81,1.97
101,6001,81,1.9
101,8001,81,1.91
101,10001,81,2.01
101,12001,81,1.93
101,14001,81,1.91
101,16001,81,1.94
101,18001,81,1.78
101,20001,81,1.89
101,22001,81,1.69
101,24001,81,1.89
101,26001,81,1.54
101,28001,81,1.72
101,30001,81,1.79
101,32001,81,1.78
101,34001,81,1.88
101,36001,81,1.9
101,38001,81,1.91
101,40001,81,1.81
101,42001,81,1.81
101,44001,81,1.85
101,46001,81,1.81
101,48001,81,1.86
101,50001,81,1.75
101,52001,81,1.84
101,54001,81,1.74
101,56001,81,1.77
101,58001,81,1.98
101,60001,81,1.96
101,62001,81,1.85
101,64001,81,1.92
101,65535,81,1.97
101,1,91,1.8
101,2001,91,1.93
101,4001,91,1.89
101,6001,91,1.9
101,8001,91,1.93
101,10001,91,1.88
101,12001,91,1.96
101,14001,91,1.86
101,16001,91,1.73
101,18001,91,1.97
101,20001,91,1.84
101,22001,91,1.82
101,24001,91,1.77
101,26001,91,1.61
101,28001,91,1.7
101,30001,91,1.71
101,32001,91,1.73
101,34001,91,1.8
101,36001,91,1.84
101,38001,91,2.03
101,40001,91,1.94
101,42001,91,2.01
101,44001,91,1.97
101,46001,91,1.81
101,48001,91,1.71
101,50001,91,1.77
101,52001,91,1.7
101,54001,91,1.69
101,56001,91,1.84
101,58001,91,1.8
101,60001,91,1.9
101,62001,91,1.8
101,64001,91,1.86
101,65535,91,1.89
101,1,101,1.89
101,2001,101,1.87
101,4001,101,1.91
101,6001,101,1.95
101,8001,101,1.85
101,10001,101,1.97
101,12001,101,1.99
101,14001,101,1.92
101,16001,101,1.88
101,18001,101,1.95
101,20001,101,1.9
101,22001,101,1.77
101,24001,101,1.73
101,26001,101,1.73
101,28001,101,1.78
101,30001,101,1.72
101,32001,101,1.61
101,34001,101,1.65
101,36001,101,1.87
101,38001,101,1.87
101,40001,101,1.86
101,42001,101,1.83
101,44001,101,1.71
101,46001,101,1.66
101,48001,101,1.81
101,50001,101,1.7
101,52001,101,1.78
101,54001,101,1.88
101,56001,101,1.75
101,58001,101,1.92
101,60001,101,1.96
101,62001,101,1.98
101,64001,101,1.86
101,65535,101,2.08
101,1,111,2.01
101,2001,111,1.94
101,4001,111,1.9
101,6001,111,1.9
101,8001,111,1.86
101,10001,111,1.93
101,12001,111,1.99
101,14001,111,2.03
101,16001,111,1.91
101,18001,111,1.87
101,20001,111,2.0
101,22001,111,1.8
101,24001,111,1.72
101,26001,111,1.84
101,28001,111,1.72
101,30001,111,1.7
101,32001,111,1.71
101,34001,111,1.67
101,36001,111,1.76
101,38001,111,1.86
101,40001,111,1.66
101,42001,111,1.86
101,44001,111,1.76
101,46001,111,1.77
101,48001,111,1.82
101,50001,111,1.77
101,52001,111,1.85
101,54001,111,1.74
101,56001,111,1.84
101,58001,111,1.86
101,60001,111,1.82
101,62001,111,1.98
101,64001,111,1.9
101,65535,111,1.88
101,1,121,1.92
101,2001,121,1.87
101,4001,121,1.9
101,6001,121,1.93
101,8001,121,1.84
101,10001,121,1.93
101,12001,121,1.87
101,14001,121,1.83
101,16001,121,1.97
101,18001,121,1.76
101,20001,121,1.73
101,22001,121,1.68
101,24001,121,1.69
101,26001,121,1.76
101,28001,121,1.68
101,30001,121,1.75
101,32001,121,1.73
101,34001,121,1.7
101,36001,121,1.75
101,38001,121,1.98
101,40001,121,1.72
101,42001,121,1.83
101,44001,121,1.88
101,46001,121,1.78
101,48001,121,1.81
101,50001,121,1.67
101,52001,121,1.74
101,54001,121,1.78
101,56001,121,1.76
101,58001,121,1.76
101,60001,121,1.8
101,62001,121,1.8
101,64001,121,1.78
101,65535,121,1.91
101,1,131,1.9
101,2001,131,1.98
101,4001,131,1.77
101,6001,131,1.96
101,8001,131,1.84
101,10001,131,1.93
101,12001,131,1.84
101,14001,131,1.89
101,16001,131,1.78
101,18001,131,1.96
101,20001,131,1.94
101,22001,131,1.79
101,24001,131,1.69
101,26001,131,1.57
101,28001,131,1.59
101,30001,131,1.65
101,32001,131,1.78
101,34001,131,1.78
101,36001,131,1.89
101,38001,131,1.69
101,40001,131,1.84
101,42001,131,1.81
101,44001,131,1.78
101,46001,131,1.78
101,48001,131,1.64
101,50001,131,1.58
101,52001,131,1.73
101,54001,131,1.6
101,56001,131,1.74
101,58001,131,1.78
101,60001,131,1.84
101,62001,131,2.06
101,64001,131,1.73
101,65535,131,1.95
101,1,141,1.94
101,2001,141,1.84
101,4001,141,1.91
101,6001,141,1.96
101,8001,141,2.09
101,10001,141,1.98
101,12001,141,1.82
101,14001,141,1.85
101,16001,141,1.8
101,18001,141,1.76
101,20001,141,1.79
101,22001,141,1.63
101,24001,141,1.58
101,26001,141,1.6
101,28001,141,1.65
101,30001,141,1.73
101,32001,141,1.77
101,34001,141,1.8
101,36001,141,1.79
101,38001,141,1.79
101,40001,141,1.85
101,42001,141,1.84
101,44001,141,1.82
101,46001,141,1.69
101,48001,141,1.71
101,50001,141,1.56
101,52001,141,1.68
101,54001,141,1.75
101,56001,141,1.91
101,58001,141,1.89
101,60001,141,1.94
101,62001,141,1.88
101,64001,141,1.85
101,65535,141,1.85
101,1,151,1.88
101,2001,151,1.94
101,4001,151,1.88
101,6001,151,1.9
101,8001,151,1.85
101,10001,151,1.89
101,12001,151,1.89
101,14001,151,1.92
101,16001,151,1.97
101,18001,151,1.78
101,20001,151,1.94
101,22001,151,1.82
101,24001,151,1.67
101,26001,151,1.57
101,28001,151,1.73
101,30001,151,1.57
101,32001,151,1.55
101,34001,151,1.68
101,36001,151,1.88
101,38001,151,1.86
101,40001,151,1.79
101,42001,151,1.73
101,44001,151,1.87
101,46001,151,1.64
101,48001,151,1.68
101,50001,151,1.67
101,52001,151,1.65
101,54001,151,1.85
101,56001,151,1.89
101,58001,151,1.86
101,60001,151,1.95
101,62001,151,1.91
101,64001,151,1.82
101,65535,151,1.81
101,1,161,1.84
101,2001,161,1.96
101,4001,161,1.84
101,6001,161,2.03
101,8001,161,1.96
101,10001,161,1.85
101,12001,161,1.94
101,14001,161,1.93
101,16001,161,2.01
101,18001,161,2.04
101,20001,161,1.74
101,22001,161,1.67
101,24001,161,1.62
101,26001,161,1.52
101,28001,161,1.61
101,30001,161,1.56
101,32001,161,1.63
101,34001,161,1.67
101,36001,161,1.65
101,38001,161,1.78
101,40001,161,1.83
101,42001,161,1.84
101,44001,161,1.78
101,46001,161,1.61
101,48001,161,1.66
101,50001,161,1.56
101,52001,161,1.57
101,54001,161,1.79
101,56001,161,1.88
101,58001,161,1.82
101,60001,161,1.93
101,62001,161,1.86
101,64001,161,1.83
101,65535,161,1.98
101,1,171,2.01
101,2001,171,1.85
101,4001,171,1.84
101,6001,171,1.91
101,8001,171,1.91
101,10001,171,1.73
101,12001,171,1.83
101,14001,171,2.05
101,16001,171,1.96
101,18001,171,1.91
101,20001,171,1.76
101,22001,171,1.78
101,24001,171,1.59
101,26001,171,1.68
101,28001,171,1.51
101,30001,171,1.58
101,32001,171,1.62
101,34001,171,1.62
101,36001,171,1.68
101,38001,171,1.79
101,40001,171,1.73
101,42001,171,1.8
101,44001,171,1.68
101,46001,171,1.76
101,48001,171,1.51
101,50001,171,1.4
101,52001,171,1.57
101,54001,171,1.66
101,56001,171,1.83
101,58001,171,1.81
101,60001,171,1.85
101,62001,171,1.85
101,64001,171,1.86
101,65535,171,1.95
101,1,181,1.82
101,2001,181,1.81
101,4001,181,1.88
101,6001,181,1.92
101,8001,181,1.7
101,10001,181,1.86
101,12001,181,1.85
101,14001,181,1.78
101,16001,181,1.77
101,18001,181,1.77
101,20001,181,1.83
101,22001,181,1.79
101,24001,181,1.51
101,26001,181,1.61
101,28001,181,1.6
101,30001,181,1.54
101,32001,181,1.68
101,34001,181,1.65
101,36001,181,1.87
101,38001,181,1.81
101,40001,181,1.75
101,42001,181,1.8
101,44001,181,1.62
101,46001,181,1.57
101,48001,181,1.68
101,50001,181,1.47
101,52001,181,1.7
101,54001,181,1.75
101,56001,181,1.82
101,58001,181,1.87
101,60001,181,1.84
101,62001,181,1.91
101,64001,181,1.87
101,65535,181,1.86
101,1,191,1.76
101,2001,191,1.78
101,4001,191,1.99
101,6001,191,1.75
101,8001,191,1.94
101,10001,191,1.7
101,12001,191,1.86
101,14001,191,1.76
101,16001,191,1.85
101,18001,191,1.82
101,20001,191,1.83
101,22001,191,1.63
101,24001,191,1.68
101,26001,191,1.53
101,28001,191,1.5
101,30001,191,1.49
101,32001,191,1.6
101,34001,191,1.64
101,36001,191,1.62
101,38001,191,1.7
101,40001,191,1.87
101,42001,191,1.85
101,44001,191,1.76
101,46001,191,1.77
101,48001,191,1.68
101,50001,191,1.56
101,52001,191,1.63
101,54001,191,1.81
101,56001,191,1.82
101,58001,191,1.97
101,60001,191,1.91
101,62001,191,1.92
101,64001,191,1.75
101,65535,191,1.86
101,1,201,1.71
101,2001,201,1.79
101,4001,201,1.88
101,6001,201,1.83
101,8001,201,1.9
101,10001,201,1.91
101,12001,201,1.85
101,14001,201,1.88
101,16001,201,1.87
101,18001,201,1.89
101,20001,201,1.77
101,22001,201,1.52
101,24001,201,1.65
101,26001,201,1.67
101,28001,201,1.66
101,30001,201,1.52
101,32001,201,1.62
101,34001,201,1.69
101,36001,201,1.57
101,38001,201,1.67
101,40001,201,1.73
101,42001,201,1.72
101,44001,201,1.72
101,46001,201,1.66
101,48001,201,1.5
101,50001,201,1.52
101,52001,201,1.61
101,54001,201,1.72
101,56001,201,1.8
101,58001,201,1.96
101,60001,201,1.81
101,62001,201,1.83
101,64001,201,1.77
101,65535,201,1.98
101,1,211,1.8
101,2001,211,1.73
101,4001,211,1.84
101,6001,211,1.75
101,8001,211,1.85
101,10001,211,1.92
101,12001,211,1.8
101,14001,211,1.91
101,16001,211,2.0
101,18001,211,1.9
101,20001,211,1.81
101,22001,211,1.69
101,24001,211,1.63
101,26001,211,1.51
101,28001,211,1.46
101,30001,211,1.46
101,32001,211,1.5
101,34001,211,1.72
101,36001,211,1.73
101,38001,211,1.65
101,40001,211,1.77
101,42001,211,1.7
101,44001,211,1.74
101,46001,211,1.67
101,48001,211,1.62
101,50001,211,1.62
101,52001,211,1.64
101,54001,211,1.77
101,56001,211,1.89
101,58001,211,1.95
101,60001,211,1.94
101,62001,211,1.73
101,64001,211,1.91
101,65535,211,1.79
101,1,221,1.77
101,2001,221,1.67
101,4001,221,1.69
101,6001,221,1.88
101,8001,221,1.89
101,10001,221,1.91
101,12001,221,1.73
101,14001,221,1.85
101,16001,221,1.95
101,18001,221,1.9
101,20001,221,1.85
101,22001,221,1.72
101,24001,221,1.52
101,26001,221,1.49
101,28001,221,1.32
101,30001,221,1.54
101,32001,221,1.62
101,34001,221,1.78
101,36001,221,1.65
101,38001,221,1.77
101,40001,221,1.64
101,42001,221,1.7
101,44001,221,1.63
101,46001,221,1.67
101,48001,221,1.64
101,50001,221,1.63
101,52001,221,1.77
101,54001,221,1.71
101,56001,221,1.67
101,58001,221,1.81
101,60001,221,1.85
101,62001,221,1.9
101,64001,221,1.88
101,65535,221,1.91
101,1,231,1.71
101,2001,231,1.82
101,4001,231,1.85
101,6001,231,1.75
101,8001,231,1.72
101,10001,231,1.88
101,12001,231,1.74
101,14001,231,1.94
101,16001,231,1.8
101,18001,231,1.84
101,20001,231,1.76
101,22001,231,1.61
101,24001,231,1.59
101,26001,231,1.52
101,28001,231,1.5
101,30001,231,1.38
101,32001,231,1.55
101,34001,231,1.61
101,36001,231,1.79
101,38001,231,1.65
101,40001,231,1.81
101,42001,231,1.77
101,44001,231,1.79
101,46001,231,1.69
101,48001,231,1.5
101,50001,231,1.52
101,52001,231,1.66
101,54001,231,1.83
101,56001,231,1.84
101,58001,231,1.74
101,60001,231,1.74
101,62001,231,1.74
101,64001,231,1.7
101,65535,231,1.88
101,1,241,1.66
101,2001,241,1.7
101,4001,241,1.86
101,6001,241,2.02
101,8001,241,1.92
101,10001,241,1.97
101,12001,241,1.94
101,14001,241,1.76
101,16001,241,1.75
101,18001,241,1.76
101,20001,241,1.67
101,22001,241,1.84
101,24001,241,1.65
101,26001,241,1.61
101,28001,241,1.52
101,30001,241,1.53
101,32001,241,1.5
101,34001,241,1.65
101,36001,241,1.67
101,38001,241,1.66
101,40001,241,1.55
101,42001,241,1.64
101,44001,241,1.69
101,46001,241,1.55
101,48001,241,1.46
101,50001,241,1.65
101,52001,241,1.67
101,54001,241,1.73
101,56001,241,1.84
101,58001,241,1.68
101,60001,241,1.75
101,62001,241,1.83
101,64001,241,1.61
101,65535,241,1.66
101,1,251,1.63
101,2001,251,1.73
101,4001,251,1.57
101,6001,251,1.93
101,8001,251,1.89
101,10001,251,1.87
101,12001,251,1.85
101,14001,251,1.86
101,16001,251,1.94
101,18001,251,1.86
101,20001,251,1.82
101,22001,251,1.78
101,24001,251,1.54
101,26001,251,1.45
101,28001,251,1.4
101,30001,251,1.46
101,32001,251,1.6
101,34001,251,1.65
101,36001,251,1.6
101,38001,251,1.63
101,40001,251,1.66
101,42001,251,1.65
101,44001,251,1.62
101,46001,251,1.64
101,48001,251,1.5
101,50001,251,1.52
101,52001,251,1.68
101,54001,251,1.65
101,56001,251,1.81
101,58001,251,1.74
101,60001,251,1.79
101,62001,251,1.71
101,64001,251,1.73
101,65535,251,1.82
101,1,254,1.6
101,2001,254,1.67
101,4001,254,1.66
101,6001,254,1.77
101,8001,254,1.89
101,10001,254,1.92
101,12001,254,1.9
101,14001,254,1.96
101,16001,254,1.87
101,18001,254,1.93
101,20001,254,1.6
101,22001,254,1.69
101,24001,254,1.64
101,26001,254,1.4
101,28001,254,1.56
101,30001,254,1.55
101,32001,254,1.41
101,34001,254,1.61
101,36001,254,1.6
101,38001,254,1.69
101,40001,254,1.68
101,42001,254,1.62
101,44001,254,1.79
101,46001,254,1.58
101,48001,254,1.71
101,50001,254,1.64
101,52001,254,1.58
101,54001,254,1.77
101,56001,254,1.63
101,58001,254,1.89
101,60001,254,1.75
101,62001,254,1.78
101,64001,254,1.79
101,65535,254,1.68
111,1,1,2.08
111,2001,1,2.12
111,4001,1,2.02
111,6001,1,2.13
111,8001,1,1.97
111,10001,1,2.04
111,12001,1,1.93
111,14001,1,1.95
111,16001,1,2.0
111,18001,1,1.92
111,20001,1,2.1
111,22001,1,1.95
111,24001,1,1.96
111,26001,1,2.04
111,28001,1,2.1
111,30001,1,1.99
111,32001,1,1.96
111,34001,1,1.97
111,36001,1,1.96
111,38001,1,2.08
111,40001,1,2.1
111,42001,1,2.04
111,44001,1,2.01
111,46001,1,1.94
111,48001,1,1.96
111,50001,1,1.98
111,52001,1,2.1
111,54001,1,2.05
111,56001,1,2.09
111,58001,1,2.04
111,60001,1,1.94
111,62001,1,2.07
111,64001,1,2.04
111,65535,1,2.01
111,1,11,2.14
111,2001,11,2.14
111,4001,11,2.06
111,6001,11,2.11
111,8001,11,2.06
111,10001,11,2.17
111,12001,11,1.96
111,14001,11,2.03
111,16001,11,2.01
111,18001,11,2.0
111,20001,11,2.15
111,22001,11,2.09
111,24001,11,1.97
111,26001,11,2.01
111,28001,11,1.84
111,30001,11,2.06
111,32001,11,2.07
111,34001,11,2.23
111,36001,11,2.12
111,38001,11,1.96
111,40001,11,1.98
111,42001,11,1.87
111,44001,11,2.05
111,46001,11,1.95
111,48001,11,1.98
111,50001,11,2.09
111,52001,11,1.98
111,54001,11,2.09
111,56001,11,2.02
111,58001,11,2.08
111,60001,11,2.1
111,62001,11,2.18
111,64001,11,2.01
111,65535,11,2.13
111,1,21,2.13
111,2001,21,2.08
111,4001,21,2.14
111,6001,21,2.08
111,8001,21,1.96
111,10001,21,2.09
111,12001,21,2.05
111,14001,21,2.0
111,16001,21,2.07
111,18001,21,2.08
111,20001,21,2.01
111,22001,21,2.13
111,24001,21,2.0
111,26001,21,1.99
111,28001,21,1.88
111,30001,21,1.99
111,32001,21,1.99
111,34001,21,1.94
111,36001,21,2.1
111,38001,21,1.96
111,40001,21,2.04
111,42001,21,2.09
111,44001,21,2.15
111,46001,21,1.89
111,48001,21,2.05
111,50001,21,1.94
111,52001,21,1.99
111,54001,21,1.98
111,56001,21,2.05
111,58001,21,2.03
111,60001,21,2.16
111,62001,21,2.14
111,64001,21,2.15
111,65535,21,2.16
111,1,31,2.1
111,2001,31,2.08
111,4001,31,2.19
111,6001,31,2.1
111,8001,31,2.15
111,10001,31,2.05
111,12001,31,1.95
111,14001,31,2.11
111,16001,31,2.01
111,18001,31,1.99
111,20001,31,2.1
111,22001,31,2.01
111,24001,31,2.01
111,26001,31,2.05
111,28001,31,2.08
111,30001,31,1.95
111,32001,31,1.94
111,34001,31,2.09
111,36001,31,2.04
111,38001,31,2.04
111,40001,31,1.96
111,42001,31,2.05
111,44001,31,1.89
111,46001,31,1.94
111,48001,31,2.03
111,50001,31,1.95
111,52001,31,1.98
111,54001,31,1.91
111,56001,31,2.02
111,58001,31,2.02
111,60001,31,2.11
111,62001,31,2.04
111,64001,31,2.06
111,65535,31,2.15
111,1,41,2.09
111,2001,41,1.96
111,4001,41,2.13
111,6001,41,2.06
111,8001,41,2.04
111,10001,41,2.09
111,12001,41,2.08
111,14001,41,2.05
111,16001,41,2.0
111,18001,41,2.13
111,20001,41,2.07
111,22001,41,2.01
111,24001,41,2.19
111,26001,41,1.89
111,28001,41,2.11
111,30001,41,2.07
111,32001,41,1.92
111,34001,41,1.96
111,36001,41,1.97
111,38001,41,1.95
111,40001,41,2.06
111,42001,41,2.12
111,44001,41,1.84
111,46001,41,1.89
111,48001,41,2.04
111,50001,41,1.85
111,52001,41,1.95
111,54001,41,1.97
111,56001,41,2.02
111,58001,41,2.1
111,60001,41,2.02
111,62001,41,1.99
111,64001,41,2.07
111,65535,41,2.18
111,1,51,2.16
111,2001,51,2.0
111,4001,51,2.1
111,6001,51,2.13
111,8001,51,2.09
111,10001,51,2.05
111,12001,51,2.1
111,14001,51,2.22
111,16001,51,2.08
111,18001,51,2.03
111,20001,51,1.83
111,22001,51,1.99
111,24001,51,1.97
111,26001,51,2.09
111,28001,51,2.09
111,30001,51,1.85
111,32001,51,1.91
111,34001,51,2.05
111,36001,51,1.97
111,38001,51,2.02
111,40001,51,2.09
111,42001,51,1.99
111,44001,51,2.02
111,46001,51,2.02
111,48001,51,1.99
111,50001,51,1.94
111,52001,51,1.88
111,54001,51,1.95
111,56001,51,2.13
111,58001,51,2.08
111,60001,51,2.12
111,62001,51,2.13
111,64001,51,1.98
111,65535,51,1.98
111,1,61,2.09
111,2001,61,1.95
111,4001,61,2.02
111,6001,61,2.07
111,8001,61,2.12
111,10001,61,1.97
111,12001,61,2.03
111,14001,61,2.05
111,16001,61,1.93
111,18001,61,2.27
111,20001,61,2.06
111,22001,61,1.94
111,24001,61,1.81
111,26001,61,1.99
111,28001,61,1.83
111,30001,61,1.85
111,32001,61,1.95
111,34001,61,1.97
111,36001,61,1.97
111,38001,61,1.95
111,40001,61,1.95
111,42001,61,1.99
111,44001,61,2.01
111,46001,61,1.86
111,48001,61,1.86
111,50001,61,1.91
111,52001,61,2.03
111,54001,61,1.95
111,56001,61,1.92
111,58001,61,2.19
111,60001,61,2.04
111,62001,61,2.11
111,64001,61,1.94
111,65535,61,2.1
111,1,71,2.11
111,2001,71,2.18
111,4001,71,2.08
111,6001,71,2.09
111,8001,71,1.95
111,10001,71,2.15
111,12001,71,2.01
111,14001,71,1.99
111,16001,71,2.04
111,18001,71,1.99
111,20001,71,2.0
111,22001,71,2.02
111,24001,71,1.81
111,26001,71,1.85
111,28001,71,1.86
111,30001,71,1.85
111,32001,71,1.97
111,34001,71,1.81
111,36001,71,2.03
111,38001,71,1.99
111,40001,71,2.01
111,42001,71,2.12
111,44001,71,2.01
111,46001,71,1.85
111,48001,71,1.92
111,50001,71,1.92
111,52001,71,1.92
111,54001,71,2.05
111,56001,71,1.93
111,58001,71,1.97
111,60001,71,1.88
111,62001,71,2.06
111,64001,71,2.07
111,65535,71,2.05
111,1,81,2.03
111,2001,81,2.01
111,4001,81,2.15
111,6001,81,2.13
111,8001,81,2.15
111,10001,81,2.05
111,12001,81,1.91
111,14001,81,2.03
111,16001,81,2.05
111,18001,81,2.17
111,20001,81,1.94
111,22001,81,2.02
111,24001,81,1.99
111,26001,81,1.91
111,28001,81,1.83
111,30001,81,1.92
111,32001,81,1.85
111,34001,81,1.9
111,36001,81,1.91
111,38001,81,1.96
111,40001,81,2.04
111,42001,81,1.97
111,44001,81,2.02
111,46001,81,1.91
111,48001,81,1.81
111,50001,81,1.89
111,52001,81,1.94
111,54001,81,2.0
111,56001,81,2.18
111,58001,81,2.08
111,60001,81,2.08
111,62001,81,2.09
111,64001,81,2.21
111,65535,81,2.28
111,1,91,2.04
111,2001,91,2.12
111,4001,91,2.11
111,6001,91,2.11
111,8001,91,2.09
111,10001,91,2.01
111,12001,91,1.93
111,14001,91,1.94
111,16001,91,2.09
111,18001,91,2.12
111,20001,91,2.08
111,22001,91,1.97
111,24001,91,1.89
111,26001,91,1.89
111,28001,91,1.79
111,30001,91,1.89
111,32001,91,1.89
111,34001,91,1.93
111,36001,91,2.04
111,38001,91,2.12
111,40001,91,2.08
111,42001,91,2.03
111,44001,91,1.95
111,46001,91,1.85
111,48001,91,1.92
111,50001,91,1.83
111,52001,91,2.01
111,54001,91,2.05
111,56001,91,1.92
111,58001,91,1.99
111,60001,91,2.09
111,62001,91,2.07
111,64001,91,2.04
111,65535,91,2.07
111,1,101,2.15
111,2001,101,1.96
111,4001,101,2.13
111,6001,101,2.08
111,8001,101,2.25
111,10001,101,1.95
111,12001,101,1.88
111,14001,101,2.12
111,16001,101,1.98
111,18001,101,2.03
111,20001,101,2.07
111,22001,101,1.88
111,24001,101,1.78
111,26001,101,1.87
111,28001,101,1.82
111,30001,101,1.94
111,32001,101,1.94
111,34001,101,1.85
111,36001,101,1.9
111,38001,101,2.04
111,40001,101,2.08
111,42001,101,2.04
111,44001,101,1.89
111,46001,101,1.88
111,48001,101,1.79
111,50001,101,1.89
111,52001,101,1.84
111,54001,101,1.91
111,56001,101,1.81
111,58001,101,2.06
111,60001,101,2.01
111,62001,101,2.06
111,64001,101,2.12
111,65535,101,2.01
111,1,111,2.01
111,2001,111,2.22
111,4001,111,2.07
111,6001,111,2.0
111,8001,111,2.17
111,10001,111,2.04
111,12001,111,2.01
111,14001,111,2.05
111,16001,111,1.96
111,18001,111,2.12
111,20001,111,2.07
111,22001,111,1.85
111,24001,111,1.86
111,26001,111,1.88
111,28001,111,1.72
111,30001,111,1.77
111,32001,111,1.85
111,34001,111,1.91
111,36001,111,1.91
111,38001,111,1.99
111,40001,111,1.87
111,42001,111,1.93
111,44001,111,2.01
111,46001,111,1.95
111,48001,111,1.86
111,50001,111,1.84
111,52001,111,1.78
111,54001,111,1.97
111,56001,111,1.9
111,58001,111,2.1
111,60001,111,2.05
111,62001,111,2.03
111,64001,111,2.0
111,65535,111,2.2
111,1,121,2.1
111,2001,121,2.06
111,4001,121,1.95
111,6001,121,2.14
111,8001,121,2.03
111,10001,121,2.03
111,12001,121,2.16
111,14001,121,2.13
111,16001,121,2.01
111,18001,121,2.1
111,20001,121,1.92
111,22001,121,1.73
111,24001,121,1.76
111,26001,121,1.78
111,28001,121,1.77
111,30001,121,2.02
111,32001,121,1.81
111,34001,121,1.87
111,36001,121,1.93
111,38001,121,1.95
111,40001,121,2.03
111,42001,121,1.93
111,44001,121,1.88
111,46001,121,1.8
111,48001,121,1.89
111,50001,121,1.77
111,52001,121,1.83
111,54001,121,2.09
111,56001,121,1.94
111,58001,121,1.94
111,60001,121,2.02
111,62001,121,2.01
111,64001,121,2.21
111,65535,121,1.99
111,1,131,2.17
111,2001,131,2.03
111,4001,131,2.14
111,6001,131,2.12
111,8001,131,2.06
111,10001,131,2.13
111,12001,131,1.99
111,14001,131,1.95
111,16001,131,1.95
111,18001,131,1.95
111,20001,131,1.94
111,22001,131,1.69
111,24001,131,1.83
111,26001,131,1.71
111,28001,131,1.73
111,30001,131,1.79
111,32001,131,1.81
111,34001,131,1.89
111,36001,131,1.99
111,38001,131,1.92
111,40001,131,1.94
111,42001,131,1.86
111,44001,131,1.73
111,46001,131,1.92
111,48001,131,1.81
111,50001,131,1.72
111,52001,131,1.94
111,54001,131,1.85
111,56001,131,1.9
111,58001,131,2.01
111,60001,131,1.92
111,62001,131,1.97
111,64001,131,2.06
111,65535,131,2.06
111,1,141,1.96
111,2001,141,2.14
111,4001,141,2.04
111,6001,141,2.11
111,8001,141,2.07
111,10001,141,2.03
111,12001,141,2.1
111,14001,141,2.01
111,16001,141,2.05
111,18001,141,1.96
111,20001,141,1.92
111,22001,141,1.82
111,24001,141,1.78
111,26001,141,1.82
111,28001,141,1.68
111,30001,141,1.73
111,32001,141,1.85
111,34001,141,1.97
111,36001,141,1.87
111,38001,141,2.08
111,40001,141,2.0
111,42001,141,2.02
111,44001,141,1.84
111,46001,141,1.7
111,48001,141,1.88
111,50001,141,1.85
111,52001,141,1.78
111,54001,141,1.9
111,56001,141,1.94
111,58001,141,1.95
111,60001,141,2.03
111,62001,141,2.02
111,64001,141,2.02
111,65535,141,2.06
111,1,151,2.15
111,2001,151,1.94
111,4001,151,1.99
111,6001,151,2.0
111,8001,151,2.04
111,10001,151,2.03
111,12001,151,2.06
111,14001,151,1.96
111,16001,151,2.09
111,18001,151,2.0
111,20001,151,2.03
111,22001,151,1.91
111,24001,151,1.77
111,26001,151,1.77
111,28001,151,1.76
111,30001,151,1.71
111,32001,151,1.8
111,34001,151,1.82
111,36001,151,1.9
111,38001,151,1.94
111,40001,151,1.79
111,42001,151,2.07
111,44001,151,1.93
111,46001,151,1.87
111,48001,151,1.9
111,50001,151,1.74
111,52001,151,1.72
111,54001,151,1.93
111,56001,151,1.99
111,58001,151,1.96
111,60001,151,1.91
111,62001,151,2.03
111,64001,151,1.93
111,65535,151,2.09
111,1,161,2.0
111,2001,161,1.96
111,4001,161,1.98
111,6001,161,2.03
111,8001,161,2.04
111,10001,161,1.98
111,12001,161,1.93
111,14001,161,2.12
111,16001,161,1.89
111,18001,161,2.0
111,20001,161,1.99
111,22001,161,1.75
111,24001,161,1.78
111,26001,161,1.72
111,28001,161,1.68
111,30001,161,1.81
111,32001,161,1.76
111,34001,161,1.76
111,36001,161,1.81
111,38001,161,1.83
111,40001,161,1.88
111,42001,161,1.96
111,44001,161,1.68
111,46001,161,1.74
111,48001,161,1.69
111,50001,161,1.67
111,52001,161,1.75
111,54001,161,1.94
111,56001,161,1.89
111,58001,161,2.01
111,60001,161,1.87
111,62001,161,2.19
111,64001,161,2.14
111,65535,161,1.97
111,1,171,1.98
111,2001,171,1.83
111,4001,171,2.04
111,6001,171,2.09
111,8001,171,2.01
111,10001,171,1.97
111,12001,171,2.07
111,14001,171,2.06
111,16001,171,2.16
111,18001,171,2.07
111,20001,171,1.97
111,22001,171,1.88
111,24001,171,1.72
111,26001,171,1.63
111,28001,171,1.77
111,30001,171,1.58
111,32001,171,1.79
111,34001,171,1.88
111,36001,171,1.92
111,38001,171,1.75
111,40001,171,1.84
111,42001,171,1.92
111,44001,171,1.89
111,46001,171,1.66
111,48001,171,1.67
111,50001,171,1.77
111,52001,171,1.65
111,54001,171,1.75
111,56001,171,1.92
111,58001,171,2.0
111,60001,171,2.0
111,62001,171,2.02
111,64001,171,2.09
111,65535,171,2.02
111,1,181,2.09
111,2001,181,1.96
111,4001,181,1.98
111,6001,181,1.97
111,8001,181,1.99
111,10001,181,1.93
111,12001,181,2.06
111,14001,181,2.0
111,16001,181,1.99
111,18001,181,1.9
111,20001,181,1.95
111,22001,181,1.72
111,24001,181,1.81
111,26001,181,1.74
111,28001,181,1.6
111,30001,181,1.6
111,32001,181,1.85
111,34001,181,1.82
111,36001,181,1.95
111,38001,181,1.92
111,40001,181,1.95
111,42001,181,1.95
111,44001,181,1.85
111,46001,181,1.76
111,48001,181,1.84
111,50001,181,1.75
111,52001,181,1.75
111,54001,181,1.79
111,56001,181,1.8
111,58001,181,2.05
111,60001,181,2.05
111,62001,181,2.07
111,64001,181,1.99
111,65535,181,1.93
111,1,191,1.77
111,2001,191,1.8
111,4001,191,1.97
111,6001,191,2.08
111,8001,191,2.03
111,10001,191,2.1
111,12001,191,1.91
111,14001,191,1.87
111,16001,191,2.0
111,18001,191,2.09
111,20001,191,1.91
111,22001,191,1.78
111,24001,191,1.77
111,26001,191,1.67
111,28001,191,1.6
111,30001,191,1.68
111,32001,191,1.77
111,34001,191,1.72
111,36001,191,1.72
111,38001,191,1.82
111,40001,191,1.89
111,42001,191,1.84
111,44001,191,1.93
111,46001,191,1.94
111,48001,191,1.66
111,50001,191,1.71
111,52001,191,1.77
111,54001,191,1.86
111,56001,191,2.04
111,58001,191,1.9
111,60001,191,1.92
111,62001,191,2.03
111,64001,191,1.93
111,65535,191,1.82
111,1,201,2.05
111,2001,201,1.97
111,4001,201,1.99
111,6001,201,2.07
111,8001,201,2.12
111,10001,201,2.01
111,12001,201,2.02
111,14001,201,1.97
111,16001,201,2.0
111,18001,201,1.98
111,20001,201,2.05
111,22001,201,1.76
111,24001,201,1.56
111,26001,201,1.62
111,28001,201,1.67
111,30001,201,1.65
111,32001,201,1.6
111,34001,201,1.79
111,36001,201,1.68
111,38001,201,1.86
111,40001,201,1.95
111,42001,201,1.84
111,44001,201,1.79
111,46001,201,1.84
111,48001,201,1.72
111,50001,201,1.7
111,52001,201,1.88
111,54001,201,1.88
111,56001,201,2.04
111,58001,201,2.11
111,60001,201,2.04
111,62001,201,1.86
111,64001,201,1.97
111,65535,201,1.92
111,1,211,1.9
111,2001,211,1.78
111,4001,211,2.02
111,6001,211,1.89
111,8001,211,2.06
111,10001,211,1.97
111,12001,211,2.06
111,14001,211,2.02
111,16001,211,1.96
111,18001,211,1.96
111,20001,211,2.06
111,22001,211,1.84
111,24001,211,1.88
111,26001,211,1.68
111,28001,211,1.59
111,30001,211,1.56
111,32001,211,1.71
111,34001,211,1.79
111,36001,211,1.91
111,38001,211,1.73
111,40001,211,1.75
111,42001,211,1.76
111,44001,211,1.77
111,46001,211,1.83
111,48001,211,1.7
111,50001,211,1.76
111,52001,211,1.81
111,54001,211,2.0
111,56001,211,1.94
111,58001,211,1.89
111,60001,211,2.01
111,62001,211,1.91
111,64001,211,1.94
111,65535,211,1.88
111,1,221,1.89
111,2001,221,1.96
111,4001,221,1.9
111,6001,221,2.06
111,8001,221,2.1
111,10001,221,2.07
111,12001,221,1.79
111,14001,221,1.93
111,16001,221,2.06
111,18001,221,2.09
111,20001,221,1.93
111,22001,221,1.89
111,24001,221,1.67
111,26001,221,1.64
111,28001,221,1.64
111,30001,221,1.71
111,32001,221,1.61
111,34001,221,1.74
111,36001,221,1.81
111,38001,221,1.71
111,40001,221,1.78
111,42001,221,1.81
111,44001,221,1.78
111,46001,221,1.67
111,48001,221,1.72
111,50001,221,1.7
111,52001,221,1.7
111,54001,221,1.79
111,56001,221,1.89
111,58001,221,1.86
111,60001,221,1.98
111,62001,221,2.05
111,64001,221,1.9
111,65535,221,1.98
111,1,231,1.95
111,2001,231,1.79
111,4001,231,1.95
111,6001,231,2.25
111,8001,231,2.1
111,10001,231,2.12
111,12001,231,1.92
111,14001,231,1.99
111,16001,231,1.95
111,18001,231,2.02
111,20001,231,1.82
111,22001,231,1.73
111,24001,231,1.64
111,26001,231,1.41
111,28001,231,1.49
111,30001,231,1.59
111,32001,231,1.69
111,34001,231,1.66
111,36001,231,1.84
111,38001,231,1.85
111,40001,231,1.87
111,42001,231,1.74
111,44001,231,1.78
111,46001,231,1.82
111,48001,231,1.63
111,50001,231,1.67
111,52001,231,1.8
111,54001,231,1.75
111,56001,231,1.73
111,58001,231,1.88
111,60001,231,2.12
111,62001,231,1.93
111,64001,231,2.03
111,65535,231,1.78
111,1,241,1.8
111,2001,241,1.74
111,4001,241,1.8
111,6001,241,1.9
111,8001,241,1.99
111,10001,241,2.04
111,12001,241,1.86
111,14001,241,1.92
111,16001,241,2.01
111,18001,241,2.06
111,20001,241,1.96
111,22001,241,1.85
111,24001,241,1.69
111,26001,241,1.53
111,28001,241,1.68
111,30001,241,1.58
111,32001,241,1.66
111,34001,241,1.7
111,36001,241,1.85
111,38001,241,1.78
111,40001,241,1.72
111,42001,241,1.77
111,44001,241,1.67
111,46001,241,1.83
111,48001,241,1.8
111,50001,241,1.64
111,52001,241,1.87
111,54001,241,1.92
111,56001,241,1.98
111,58001,241,1.97
111,60001,241,1.85
111,62001,241,1.96
111,64001,241,1.88
111,65535,241,1.8
111,1,251,1.7
111,2001,251,1.76
111,4001,251,1.93
111,6001,251,1.84
111,8001,251,2.0
111,10001,251,2.0
111,12001,251,1.89
111,14001,251,2.21
111,16001,251,2.02
111,18001,251,2.03
111,20001,251,2.03
111,22001,251,1.59
111,24001,251,1.65
111,26001,251,1.55
111,28001,251,1.58
111,30001,251,1.58
111,32001,251,1.63
111,34001,251,1.69
111,36001,251,1.74
111,38001,251,1.8
111,40001,251,1.59
111,42001,251,1.75
111,44001,251,1.71
111,46001,251,1.83
111,48001,251,1.71
111,50001,251,1.73
111,52001,251,1.73
111,54001,251,1.77
111,56001,251,1.86
111,58001,251,2.0
111,60001,251,1.97
111,62001,251,1.92
111,64001,251,1.84
111,65535,251,1.81
111,1,254,1.79
111,2001,254,1.75
111,4001,254,1.94
111,6001,254,1.88
111,8001,254,1.86
111,10001,254,1.99
111,12001,254,2.07
111,14001,254,1.91
111,16001,254,2.04
111,18001,254,2.0
111,20001,254,1.83
111,22001,254,1.75
111,24001,254,1.69
111,26001,254,1.61
111,28001,254,1.67
111,30001,254,1.55
111,32001,254,1.68
111,34001,254,1.67
111,36001,254,1.55
111,38001,254,1.69
111,40001,254,1.67
111,42001,254,1.68
111,44001,254,1.74
111,46001,254,1.75
111,48001,254,1.6
111,50001,254,1.82
111,52001,254,1.79
111,54001,254,1.8
111,56001,254,1.95
111,58001,254,1.95
111,60001,254,2.0
111,62001,254,1.89
111,64001,254,1.91
111,65535,254,1.7
121,1,1,2.17
121,2001,1,2.32
121,4001,1,2.18
121,6001,1,2.17
121,8001,1,2.15
121,10001,1,2.15
121,12001,1,2.22
121,14001,1,2.12
121,16001,1,2.23
121,18001,1,2.24
121,20001,1,2.2
121,22001,1,2.19
121,24001,1,2.13
121,26001,1,2.27
121,28001,1,2.3
121,30001,1,2.05
121,32001,1,2.24
121,34001,1,2.09
121,36001,1,2.08
121,38001,1,2.29
121,40001,1,2.22
121,42001,1,1.95
121,44001,1,2.1
121,46001,1,2.23
121,48001,1,2.19
121,50001,1,2.16
121,52001,1,2.32
121,54001,1,2.24
121,56001,1,2.29
121,58001,1,2.24
121,60001,1,2.21
121,62001,1,2.27
121,64001,1,2.22
121,65535,1,2.29
121,1,11,2.29
121,2001,11,2.24
121,4001,11,2.25
121,6001,11,2.21
121,8001,11,2.14
121,10001,11,2.16
121,12001,11,2.28
121,14001,11,2.32
121,16001,11,2.18
121,18001,11,2.3
121,20001,11,2.16
121,22001,11,2.21
121,24001,11,2.2
121,26001,11,2.18
121,28001,11,2.01
121,30001,11,2.19
121,32001,11,2.1
121,34001,11,2.23
121,36001,11,2.22
121,38001,11,2.27
121,40001,11,2.41
121,42001,11,2.27
121,44001,11,2.35
121,46001,11,2.02
121,48001,11,2.19
121,50001,11,2.15
121,52001,11,2.17
121,54001,11,2.15
121,56001,11,2.18
121,58001,11,2.18
121,60001,11,2.3
121,62001,11,2.27
121,64001,11,2.12
121,65535,11,2.27
121,1,21,2.07
121,2001,21,2.24
121,4001,21,2.19
121,6001,21,2.2
121,8001,21,2.28
121,10001,21,2.38
121,12001,21,2.41
121,14001,21,2.18
121,16001,21,2.23
121,18001,21,2.29
121,20001,21,2.18
121,22001,21,2.32
121,24001,21,2.05
121,26001,21,2.27
121,28001,21,2.16
121,30001,21,2.17
121,32001,21,2.14
121,34001,21,2.29
121,36001,21,2.36
121,38001,21,2.18
121,40001,21,2.1
121,42001,21,2.2
121,44001,21,2.24
121,46001,21,2.24
121,48001,21,2.06
121,50001,21,2.21
121,52001,21,2.14
121,54001,21,2.2
121,56001,21,2.16
121,58001,21,2.18
121,60001,21,2.29
121,62001,21,2.26
121,64001,21,2.29
121,65535,21,2.12
121,1,31,2.28
121,2001,31,2.17
121,4001,31,2.19
121,6001,31,2.26
121,8001,31,2.27
121,10001,31,2.17
121,12001,31,2.33
121,14001,31,2.15
121,16001,31,2.1
121,18001,31,2.18
121,20001,31,2.2
121,22001,31,2.11
121,24001,31,2.12
121,26001,31,2.2
121,28001,31,2.06
121,30001,31,2.2
121,32001,31,2.12
121,34001,31,2.34
121,36001,31,2.12
121,38001,31,2.35
121,40001,31,2.21
121,42001,31,2.15
121,44001,31,2.08
121,46001,31,2.1
121,48001,31,2.28
121,50001,31,2.12
121,52001,31,2.12
121,54001,31,2.17
121,56001,31,2.15
121,58001,31,2.22
121,60001,31,2.27
121,62001,31,2.3
121,64001,31,2.14
121,65535,31,2.29
121,1,41,2.3
121,2001,41,2.22
121,4001,41,2.28
121,6001,41,2.18
121,8001,41,2.25
121,10001,41,2.25
121,12001,41,2.17
121,14001,41,2.07
121,16001,41,2.27
121,18001,41,2.18
121,20001,41,2.19
121,22001,41,2.07
121,24001,41,2.2
121,26001,41,2.15
121,28001,41,2.13
121,30001,41,2.21
121,32001,41,2.14
121,34001,41,2.16
121,36001,41,2.24
121,38001,41,2.2
121,40001,41,2.1
121,42001,41,2.11
121,44001,41,2.17
121,46001,41,2.15
121,48001,41,2.08
121,50001,41,2.29
121,52001,41,2.14
121,54001,41,2.1
121,56001,41,2.16
121,58001,41,2.14
121,60001,41,2.28
121,62001,41,2.26
121,64001,41,2.38
121,65535,41,2.22
121,1,51,2.3
121,2001,51,2.23
121,4001,51,2.25
121,6001,51,2.12
121,8001,51,2.12
121,10001,51,2.23
121,12001,51,2.21
121,14001,51,2.23
121,16001,51,2.19
121,18001,51,2.19
121,20001,51,2.22
121,22001,51,2.17
121,24001,51,2.02
121,26001,51,2.02
121,28001,51,2.05
121,30001,51,2.2
121,32001,51,2.27
121,34001,51,2.05
121,36001,51,2.15
121,38001,51,2.2
121,40001,51,2.29
121,42001,51,2.1
121,44001,51,2.24
121,46001,51,2.14
121,48001,51,1.9
121,50001,51,2.06
121,52001,51,2.0
121,54001,51,2.25
121,56001,51,2.27
121,58001,51,2.25
121,60001,51,2.31
121,62001,51,2.34
121,64001,51,2.14
121,65535,51,2.39
121,1,61,2.2
121,2001,61,2.13
121,4001,61,2.22
121,6001,61,2.21
121,8001,61,2.16
121,10001,61,2.26
121,12001,61,2.22
121,14001,61,2.15
121,16001,61,2.28
121,18001,61,2.18
121,20001,61,2.1
121,22001,61,2.18
121,24001,61,2.03
121,26001,61,2.07
121,28001,61,2.03
121,30001,61,2.13
121,32001,61,2.17
121,34001,61,2.34
121,36001,61,2.16
121,38001,61,2.25
121,40001,61,2.28
121,42001,61,2.29
121,44001,61,2.11
121,46001,61,2.12
121,48001,61,2.0
121,50001,61,2.13
121,52001,61,1.92
121,54001,61,2.1
121,56001,61,2.16
121,58001,61,2.15
121,60001,61,2.27
121,62001,61,2.23
121,64001,61,2.28
121,65535,61,2.12
121,1,71,2.27
121,2001,71,2.32
121,4001,71,2.27
121,6001,71,2.21
121,8001,71,2.23
121,10001,71,2.38
121,12001,71,2.37
121,14001,71,2.24
121,16001,71,2.22
121,18001,71,2.13
121,20001,71,2.27
121,22001,71,2.01
121,24001,71,2.02
121,26001,71,2.06
121,28001,71,2.02
121,30001,71,1.96
121,32001,71,2.06
121,34001,71,2.0
121,36001,71,2.12
121,38001,71,2.05
121,40001,71,2.3
121,42001,71,2.22
121,44001,71,2.2
121,46001,71,2.21
121,48001,71,2.01
121,50001,71,2.08
121,52001,71,2.03
121,54001,71,2.18
121,56001,71,2.09
121,58001,71,2.21
121,60001,71,2.21
121,62001,71,2.21
121,64001,71,2.21
121,65535,71,2.31
121,1,81,2.29
121,2001,81,2.2
121,4001,81,2.34
121,6001,81,2.34
121,8001,81,2.19
121,10001,81,2.24
121,12001,81,2.37
121,14001,81,2.25
121,16001,81,2.23
121,18001,81,2.22
121,20001,81,2.15
121,22001,81,2.14
121,24001,81,2.02
121,26001,81,1.98
121,28001,81,1.92
121,30001,81,2.15
121,32001,81,2.14
121,34001,81,2.09
121,36001,81,2.18
121,38001,81,2.2
121,40001,81,2.24
121,42001,81,2.15
121,44001,81,2.1
121,46001,81,2.1
121,48001,81,2.06
121,50001,81,2.08
121,52001,81,2.02
121,54001,81,2.17
121,56001,81,2.04
121,58001,81,2.04
121,60001,81,2.17
121,62001,81,2.38
121,64001,81,2.28
121,65535,81,2.07
121,1,91,2.21
121,2001,91,2.08
121,4001,91,2.09
121,6001,91,2.18
121,8001,91,2.2
121,10001,91,2.22
121,12001,91,2.11
121,14001,91,2.25
121,16001,91,2.18
121,18001,91,2.21
121,20001,91,2.19
121,22001,91,2.09
121,24001,91,2.13
121,26001,91,1.91
121,28001,91,1.9
121,30001,91,2.09
121,32001,91,2.02
121,34001,91,2.13
121,36001,91,1.96
121,38001,91,2.18
121,40001,91,2.09
121,42001,91,2.14
121,44001,91,2.11
121,46001,91,2.04
121,48001,91,2.0
121,50001,91,2.06
121,52001,91,1.96
121,54001,91,2.03
121,56001,91,2.03
121,58001,91,2.04
121,60001,91,2.09
121,62001,91,2.17
121,64001,91,2.24
121,65535,91,2.27
121,1,101,2.28
121,2001,101,2.22
121,4001,101,2.35
121,6001,101,2.19
121,8001,101,2.15
121,10001,101,2.43
121,12001,101,2.1
121,14001,101,2.24
121,16001,101,2.22
121,18001,101,2.21
121,20001,101,2.28
121,22001,101,2.12
121,24001,101,2.04
121,26001,101,1.98
121,28001,101,1.77
121,30001,101,1.99
121,32001,101,2.0
121,34001,101,2.16
121,36001,101,2.13
121,38001,101,2.04
121,40001,101,2.23
121,42001,101,2.12
121,44001,101,2.21
121,46001,101,2.06
121,48001,101,2.07
121,50001,101,1.89
121,52001,101,1.93
121,54001,101,2.07
121,56001,101,2.25
121,58001,101,2.16
121,60001,101,2.21
121,62001,101,2.2
121,64001,101,2.26
121,65535,101,2.23
121,1,111,2.17
121,2001,111,2.3
121,4001,111,2.08
121,6001,111,2.23
121,8001,111,2.29
121,10001,111,2.16
121,12001,111,2.22
121,14001,111,2.05
121,16001,111,2.29
121,18001,111,2.15
121,20001,111,1.96
121,22001,111,1.97
121,24001,111,2.06
121,26001,111,1.7
121,28001,111,1.89
121,30001,111,2.07
121,32001,111,1.93
121,34001,111,2.04
121,36001,111,2.17
121,38001,111,2.1
121,40001,111,2.16
121,42001,111,2.19
121,44001,111,2.16
121,46001,111,2.03
121,48001,111,1.88
121,50001,111,1.87
121,52001,111,1.98
121,54001,111,2.03
121,56001,111,2.1
121,58001,111,2.21
121,60001,111,2.21
121,62001,111,2.13
121,64001,111,2.24
121,65535,111,2.15
121,1,121,2.25
121,2001,121,2.27
121,4001,121,2.17
121,6001,121,2.44
121,8001,121,2.26
121,10001,121,2.21
121,12001,121,2.13
121,14001,121,2.2
121,16001,121,2.17
121,18001,121,2.15
121,20001,121,2.17
121,22001,121,2.01
121,24001,121,2.0
121,26001,121,1.91
121,28001,121,1.93
121,30001,121,2.02
121,32001,121,1.96
121,34001,121,1.98
121,36001,121,2.11
121,38001,121,2.17
121,40001,121,2.16
121,42001,121,2.07
121,44001,121,2.07
121,46001,121,1.95
121,48001,121,1.91
121,50001,121,1.92
121,52001,121,1.95
121,54001,121,1.99
121,56001,121,2.14
121,58001,121,2.09
121,60001,121,2.32
121,62001,121,2.17
121,64001,121,2.22
121,65535,121,2.22
121,1,131,2.22
121,2001,131,2.21
121,4001,131,2.23
121,6001,131,2.16
121,8001,131,2.39
121,10001,131,2.23
121,12001,131,2.17
121,14001,131,2.37
121,16001,131,2.1
121,18001,131,2.44
121,20001,131,2.0
121,22001,131,2.14
121,24001,131,2.05
121,26001,131,1.89
121,28001,131,1.73
121,30001,131,2.0
121,32001,131,1.85
121,34001,131,1.95
121,36001,131,2.06
121,38001,131,2.19
121,40001,131,2.11
121,42001,131,1.99
121,44001,131,1.95
121,46001,131,2.0
121,48001,131,1.95
121,50001,131,1.91
121,52001,131,1.98
121,54001,131,1.97
121,56001,131,2.07
121,58001,131,2.06
121,60001,131,2.18
121,62001,131,2.35
121,64001,131,2.18
121,65535,131,2.23
121,1,141,2.21
121,2001,141,2.14
121,4001,141,2.11
121,6001,141,2.23
121,8001,141,2.15
121,10001,141,2.22
121,12001,141,2.23
121,14001,141,2.19
121,16001,141,2.21
121,18001,141,2.13
121,20001,141,2.13
121,22001,141,1.95
121,24001,141,1.88
121,26001,141,1.75
121,28001,141,1.92
121,30001,141,1.84
121,32001,141,1.83
121,34001,141,1.91
121,36001,141,2.11
121,38001,141,2.11
121,40001,141,1.95
121,42001,141,2.11
121,44001,141,2.09
121,46001,141,2.01
121,48001,141,1.84
121,50001,141,1.93
121,52001,141,1.77
121,54001,141,1.94
121,56001,141,2.01
121,58001,141,2.09
121,60001,141,2.09
121,62001,141,2.08
121,64001,141,2.31
121,65535,141,2.28
121,1,151,2.22
121,2001,151,2.18
121,4001,151,2.22
121,6001,151,2.35
121,8001,151,2.17
121,10001,151,2.39
121,12001,151,2.14
121,14001,151,2.19
121,16001,151,2.36
121,18001,151,2.19
121,20001,151,2.05
121,22001,151,2.05
121,24001,151,1.86
121,26001,151,2.07
121,28001,151,1.94
121,30001,151,1.79
121,32001,151,1.89
121,34001,151,1.98
121,36001,151,1.94
121,38001,151,2.0
121,40001,151,2.15
121,42001,151,2.05
121,44001,151,2.16
121,46001,151,1.93
121,48001,151,1.86
121,50001,151,1.83
121,52001,151,1.86
121,54001,151,2.2
121,56001,151,2.09
121,58001,151,2.03
121,60001,151,2.24
121,62001,151,2.15
121,64001,151,2.22
121,65535,151,2.18
121,1,161,2.22
121,2001,161,2.26
121,4001,161,2.18
121,6001,161,2.22
121,8001,161,2.19
121,10001,161,2.14
121,12001,161,2.21
121,14001,161,2.27
121,16001,161,2.14
121,18001,161,2.19
121,20001,161,2.16
121,22001,161,1.99
121,24001,161,2.04
121,26001,161,1.83
121,28001,161,1.81
121,30001,161,1.88
121,32001,161,1.85
121,34001,161,2.04
121,36001,161,1.87
121,38001,161,1.99
121,40001,161,2.01
121,42001,161,2.09
121,44001,161,2.13
121,46001,161,1.89
121,48001,161,1.73
121,50001,161,1.79
121,52001,161,2.01
121,54001,161,2.12
121,56001,161,2.1
121,58001,161,2.18
121,60001,161,2.14
121,62001,161,2.19
121,64001,161,2.22
121,65535,161,2.02
121,1,171,2.24
121,2001,171,2.24
121,4001,171,2.27
121,6001,171,2.13
121,8001,171,2.21
121,10001,171,2.36
121,12001,171,2.15
121,14001,171,2.24
121,16001,171,2.21
121,18001,171,2.32
121,20001,171,2.09
121,22001,171,2.07
121,24001,171,1.85
121,26001,171,1.86
121,28001,171,1.89
121,30001,171,1.81
121,32001,171,1.79
121,34001,171,1.89
121,36001,171,2.02
121,38001,171,2.01
121,40001,171,2.17
121,42001,171,2.11
121,44001,171,2.06
121,46001,171,1.89
121,48001,171,1.86
121,50001,171,1.84
121,52001,171,1.84
121,54001,171,2.02
121,56001,171,1.97
121,58001,171,2.0
121,60001,171,2.17
121,62001,171,2.03
121,64001,171,2.11
121,65535,171,2.19
121,1,181,2.15
121,2001,181,2.21
121,4001,181,2.12
121,6001,181,2.15
121,8001,181,2.11
121,10001,181,2.28
121,12001,181,2.1
121,14001,181,2.26
121,16001,181,2.11
121,18001,181,2.21
121,20001,181,2.17
121,22001,181,1.98
121,24001,181,1.92
121,26001,181,1.79
121,28001,181,1.75
121,30001,181,1.64
121,32001,181,1.85
121,34001,181,1.94
121,36001,181,2.06
121,38001,181,2.04
121,40001,181,1.93
121,42001,181,2.08
121,44001,181,1.98
121,46001,181,1.99
121,48001,181,1.92
121,50001,181,1.85
121,52001,181,1.89
121,54001,181,2.14
121,56001,181,2.09
121,58001,181,2.21
121,60001,181,2.29
121,62001,181,2.12
121,64001,181,1.98
121,65535,181,2.12
121,1,191,2.08
121,2001,191,2.08
121,4001,191,2.18
121,6001,191,2.07
121,8001,191,2.17
121,10001,191,2.1
121,12001,191,2.04
121,14001,191,2.03
121,16001,191,2.26
121,18001,191,2.25
121,20001,191,2.13
121,22001,191,2.03
121,24001,191,1.79
121,26001,191,1.73
121,28001,191,1.77
121,30001,191,1.86
121,32001,191,1.88
121,34001,191,1.8
121,36001,191,1.99
121,38001,191,1.97
121,40001,191,1.99
121,42001,191,1.99
121,44001,191,2.07
121,46001,191,1.95
121,48001,191,1.91
121,50001,191,1.72
121,52001,191,1.87
121,54001,191,1.95
121,56001,191,2.03
121,58001,191,2.2
121,60001,191,2.18
121,62001,191,2.11
121,64001,191,2.13
121,65535,191,2.14
121,1,201,2.09
121,2001,201,2.05
121,4001,201,2.22
121,6001,201,2.23
121,8001,201,2.12
121,10001,201,2.08
121,12001,201,1.25
121,14001,201,2.18
121,16001,201,2.21
121,18001,201,2.17
121,20001,201,2.14
121,22001,201,2.1
121,24001,201,1.86
121,26001,201,1.69
121,28001,201,1.64
121,30001,201,1.71
121,32001,201,1.95
121,34001,201,1.87
121,36001,201,1.98
121,38001,201,1.88
121,40001,201,1.94
121,42001,201,2.02
121,44001,201,2.04
121,46001,201,2.01
121,48001,201,1.75
121,50001,201,1.87
121,52001,201,1.79
121,54001,201,1.95
121,56001,201,2.13
121,58001,201,2.19
121,60001,201,2.3
121,62001,201,2.06
121,64001,201,2.07
121,65535,201,2.1
121,1,211,2.07
121,2001,211,1.97
121,4001,211,2.21
121,6001,211,2.12
121,8001,211,2.19
121,10001,211,2.0
121,12001,211,2.2
121,14001,211,2.2
121,16001,211,2.18
121,18001,211,2.13
121,20001,211,2.09
121,22001,211,1.95
121,24001,211,1.88
121,26001,211,1.65
121,28001,211,1.8
121,30001,211,1.84
121,32001,211,1.81
121,34001,211,1.82
121,36001,211,1.87
121,38001,211,2.0
121,40001,211,1.9
121,42001,211,1.96
121,44001,211,1.89
121,46001,211,1.91
121,48001,211,1.67
121,50001,211,1.76
121,52001,211,1.83
121,54001,211,2.07
121,56001,211,1.87
121,58001,211,2.06
121,60001,211,2.11
121,62001,211,2.16
121,64001,211,2.11
121,65535,211,2.07
121,1,221,1.95
121,2001,221,1.89
121,4001,221,2.01
121,6001,221,2.29
121,8001,221,2.04
121,10001,221,1.93
121,12001,221,2.07
121,14001,221,2.16
121,16001,221,2.0
121,18001,221,2.2
121,20001,221,2.09
121,22001,221,1.81
121,24001,221,1.78
121,26001,221,1.75
121,28001,221,1.73
121,30001,221,1.7
121,32001,221,1.81
121,34001,221,1.85
121,36001,221,1.71
121,38001,221,1.78
121,40001,221,1.85
121,42001,221,1.93
121,44001,221,1.91
121,46001,221,1.89
121,48001,221,1.94
121,50001,221,1.77
121,52001,221,1.93
121,54001,221,1.95
121,56001,221,2.11
121,58001,221,2.1
121,60001,221,2.21
121,62001,221,2.17
121,64001,221,2.22
121,65535,221,2.09
121,1,231,1.93
121,2001,231,1.96
121,4001,231,2.06
121,6001,231,2.13
121,8001,231,2.18
121,10001,231,2.07
121,12001,231,2.22
121,14001,231,2.11
121,16001,231,2.34
121,18001,231,2.25
121,20001,231,2.08
121,22001,231,1.82
121,24001,231,1.76
121,26001,231,1.68
121,28001,231,1.85
121,30001,231,1.59
121,32001,231,1.73
121,34001,231,1.89
121,36001,231,1.84
121,38001,231,1.99
121,40001,231,1.85
121,42001,231,1.79
121,44001,231,2.03
121,46001,231,1.85
121,48001,231,1.79
121,50001,231,1.71
121,52001,231,1.9
121,54001,231,2.13
121,56001,231,1.98
121,58001,231,2.1
121,60001,231,2.27
121,62001,231,2.09
121,64001,231,1.98
121,65535,231,2.04
121,1,241,1.93
121,2001,241,1.91
121,4001,241,2.12
121,6001,241,2.14
121,8001,241,2.28
121,10001,241,2.12
121,12001,241,2.09
121,14001,241,2.14
121,16001,241,2.12
121,18001,241,2.15
121,20001,241,1.97
121,22001,241,1.88
121,24001,241,1.74
121,26001,241,1.62
121,28001,241,1.67
121,30001,241,1.7
121,32001,241,1.76
121,34001,241,1.8
121,36001,241,1.93
121,38001,241,1.91
121,40001,241,1.95
121,42001,241,1.99
121,44001,241,1.93
121,46001,241,1.91
121,48001,241,1.75
121,50001,241,1.91
121,52001,241,1.84
121,54001,241,1.94
121,56001,241,2.08
121,58001,241,2.07
121,60001,241,2.08
121,62001,241,1.92
121,64001,241,2.02
121,65535,241,1.99
121,1,251,2.0
121,2001,251,1.75
121,4001,251,1.98
121,6001,251,2.06
121,8001,251,2.02
121,10001,251,2.18
121,12001,251,2.16
121,14001,251,2.11
121,16001,251,2.25
121,18001,251,2.17
121,20001,251,2.07
121,22001,251,1.87
121,24001,251,1.8
121,26001,251,1.65
121,28001,251,1.63
121,30001,251,1.57
121,32001,251,1.73
121,34001,251,1.63
121,36001,251,1.86
121,38001,251,1.85
121,40001,251,1.75
121,42001,251,1.93
121,44001,251,1.71
121,46001,251,1.8
121,48001,251,1.79
121,50001,251,1.76
121,52001,251,1.93
121,54001,251,1.89
121,56001,251,1.9
121,58001,251,2.07
121,60001,251,2.17
121,62001,251,1.97
121,64001,251,2.04
121,65535,251,1.9
121,1,254,1.91
121,2001,254,1.91
121,4001,254,2.0
121,6001,254,1.9
121,8001,254,2.11
121,10001,254,2.04
121,12001,254,2.04
121,14001,254,2.09
121,16001,254,1.96
121,18001,254,2.19
121,20001,254,2.07
121,22001,254,1.96
121,24001,254,1.73
121,26001,254,1.81
121,28001,254,1.79
121,30001,254,1.61
121,32001,254,1.85
121,34001,254,1.89
121,36001,254,1.75
121,38001,254,1.91
121,40001,254,1.94
121,42001,254,1.81
121,44001,254,1.82
121,46001,254,1.71
121,48001,254,1.76
121,50001,254,1.79
121,52001,254,1.96
121,54001,254,2.06
121,56001,254,2.0
121,58001,254,2.14
121,60001,254,1.97
121,62001,254,2.14
121,64001,254,1.99
121,65535,254,2.0
131,1,1,2.36
131,2001,1,2.36
131,4001,1,2.47
131,6001,1,2.29
131,8001,1,2.5
131,10001,1,2.47
131,12001,1,2.49
131,14001,1,2.36
131,16001,1,2.36
131,18001,1,2.36
131,20001,1,2.41
131,22001,1,2.34
131,24001,1,2.31
131,26001,1,2.3
131,28001,1,2.53
131,30001,1,2.32
131,32001,1,2.44
131,34001,1,2.33
131,36001,1,2.36
131,38001,1,2.34
131,40001,1,2.28
131,42001,1,2.37
131,44001,1,2.58
131,46001,1,2.41
131,48001,1,2.34
131,50001,1,2.38
131,52001,1,2.26
131,54001,1,2.38
131,56001,1,2.43
131,58001,1,2.4
131,60001,1,2.41
131,62001,1,2.46
131,64001,1,2.39
131,65535,1,2.49
131,1,11,2.29
131,2001,11,2.27
131,4001,11,2.51
131,6001,11,2.23
131,8001,11,2.24
131,10001,11,2.43
131,12001,11,2.41
131,14001,11,2.33
131,16001,11,2.48
131,18001,11,2.44
131,20001,11,2.45
131,22001,11,2.38
131,24001,11,2.34
131,26001,11,2.35
131,28001,11,2.35
131,30001,11,2.42
131,32001,11,2.4
131,34001,11,2.33
131,36001,11,2.32
131,38001,11,2.46
131,40001,11,2.31
131,42001,11,2.42
131,44001,11,2.43
131,46001,11,2.26
131,48001,11,2.37
131,50001,11,2.33
131,52001,11,2.42
131,54001,11,2.42
131,56001,11,2.5
131,58001,11,2.44
131,60001,11,2.35
131,62001,11,2.38
131,64001,11,2.4
131,65535,11,2.37
131,1,21,2.48
131,2001,21,2.38
131,4001,21,2.47
131,6001,21,2.49
131,8001,21,2.36
131,10001,21,2.45
131,12001,21,2.31
131,14001,21,2.4
131,16001,21,2.44
131,18001,21,2.16
131,20001,21,2.34
131,22001,21,2.42
131,24001,21,2.25
131,26001,21,2.23
131,28001,21,2.28
131,30001,21,2.3
131,32001,21,2.38
131,34001,21,2.28
131,36001,21,2.47
131,38001,21,2.3
131,40001,21,2.31
131,42001,21,2.31
131,44001,21,2.45
131,46001,21,2.48
131,48001,21,2.37
131,50001,21,2.43
131,52001,21,2.35
131,54001,21,2.31
131,56001,21,2.4
131,58001,21,2.47
131,60001,21,2.4
131,62001,21,2.45
131,64001,21,2.28
131,65535,21,2.4
131,1,31,2.33
131,2001,31,2.38
131,4001,31,2.32
131,6001,31,2.43
131,8001,31,2.59
131,10001,31,2.49
131,12001,31,2.26
131,14001,31,2.25
131,16001,31,2.35
131,18001,31,2.4
131,20001,31,2.44
131,22001,31,2.45
131,24001,31,2.44
131,26001,31,2.25
131,28001,31,2.21
131,30001,31,2.17
131,32001,31,2.34
131,34001,31,2.14
131,36001,31,2.36
131,38001,31,2.37
131,40001,31,2.28
131,42001,31,2.36
131,44001,31,2.43
131,46001,31,2.47
131,48001,31,2.5
131,50001,31,2.34
131,52001,31,2.35
131,54001,31,2.42
131,56001,31,2.4
131,58001,31,2.4
131,60001,31,2.5
131,62001,31,2.41
131,64001,31,2.49
131,65535,31,2.47
131,1,41,2.43
131,2001,41,2.33
131,4001,41,2.46
131,6001,41,2.43
131,8001,41,2.42
131,10001,41,2.49
131,12001,41,2.35
131,14001,41,2.38
131,16001,41,2.41
131,18001,41,2.43
131,20001,41,2.37
131,22001,41,2.24
131,24001,41,2.21
131,26001,41,2.26
131,28001,41,2.33
131,30001,41,2.25
131,32001,41,2.14
131,34001,41,2.25
131,36001,41,2.4
131,38001,41,2.27
131,40001,41,2.24
131,42001,41,2.25
131,44001,41,2.31
131,46001,41,2.44
131,48001,41,2.25
131,50001,41,2.21
131,52001,41,2.24
131,54001,41,2.3
131,56001,41,2.37
131,58001,41,2.41
131,60001,41,2.45
131,62001,41,2.34
131,64001,41,2.5
131,65535,41,2.33
131,1,51,2.31
131,2001,51,2.46
131,4001,51,2.44
131,6001,51,2.43
131,8001,51,2.49
131,10001,51,2.37
131,12001,51,2.27
131,14001,51,2.4
131,16001,51,2.44
131,18001,51,2.37
131,20001,51,2.47
131,22001,51,2.36
131,24001,51,2.29
131,26001,51,2.12
131,28001,51,2.27
131,30001,51,2.21
131,32001,51,2.32
131,34001,51,2.43
131,36001,51,2.42
131,38001,51,2.48
131,40001,51,2.39
131,42001,51,2.29
131,44001,51,2.27
131,46001,51,2.41
131,48001,51,2.29
131,50001,51,2.2
131,52001,51,2.3
131,54001,51,2.32
131,56001,51,2.41
131,58001,51,2.54
131,60001,51,2.43
131,62001,51,2.31
131,64001,51,2.37
131,65535,51,2.33
131,1,61,2.4
131,2001,61,2.47
131,4001,61,2.48
131,6001,61,2.51
131,8001,61,2.43
131,10001,61,2.37
131,12001,61,2.49
131,14001,61,2.33
131,16001,61,2.52
131,18001,61,2.34
131,20001,61,2.27
131,22001,61,2.17
131,24001,61,2.19
131,26001,61,2.11
131,28001,61,2.15
131,30001,61,2.3
131,32001,61,2.3
131,34001,61,2.26
131,36001,61,2.41
131,38001,61,2.26
131,40001,61,2.32
131,42001,61,2.3
131,44001,61,2.37
131,46001,61,2.32
131,48001,61,2.18
131,50001,61,2.2
131,52001,61,2.15
131,54001,61,2.32
131,56001,61,2.34
131,58001,61,2.41
131,60001,61,2.26
131,62001,61,2.39
131,64001,61,2.26
131,65535,61,2.48
131,1,71,2.41
131,2001,71,2.34
131,4001,71,2.51
131,6001,71,2.32
131,8001,71,2.39
131,10001,71,2.45
131,12001,71,2.51
131,14001,71,2.38
131,16001,71,2.37
131,18001,71,2.37
131,20001,71,2.34
131,22001,71,2.31
131,24001,71,2.18
131,26001,71,2.21
131,28001,71,2.07
131,30001,71,2.27
131,32001,71,2.28
131,34001,71,2.34
131,36001,71,2.39
131,38001,71,2.28
131,40001,71,2.38
131,42001,71,2.39
131,44001,71,2.28
131,46001,71,2.18
131,48001,71,2.16
131,50001,71,2.24
131,52001,71,2.25
131,54001,71,2.16
131,56001,71,2.26
131,58001,71,2.4
131,60001,71,2.44
131,62001,71,2.36
131,64001,71,2.37
131,65535,71,2.32
131,1,81,2.42
131,2001,81,2.29
131,4001,81,2.38
131,6001,81,2.41
131,8001,81,2.35
131,10001,81,2.32
131,12001,81,2.38
131,14001,81,2.4
131,16001,81,2.35
131,18001,81,2.42
131,20001,81,2.44
131,22001,81,2.44
131,24001,81,2.15
131,26001,81,2.21
131,28001,81,1.94
131,30001,81,2.13
131,32001,81,2.16
131,34001,81,2.23
131,36001,81,2.42
131,38001,81,2.29
131,40001,81,2.35
131,42001,81,2.3
131,44001,81,2.31
131,46001,81,2.29
131,48001,81,2.17
131,50001,81,2.04
131,52001,81,2.18
131,54001,81,2.12
131,56001,81,2.23
131,58001,81,2.35
131,60001,81,2.41
131,62001,81,2.41
131,64001,81,2.35
131,65535,81,2.5
131,1,91,2.38
131,2001,91,2.36
131,4001,91,2.39
131,6001,91,2.35
131,8001,91,2.41
131,10001,91,2.47
131,12001,91,2.29
131,14001,91,2.34
131,16001,91,2.27
131,18001,91,2.38
131,20001,91,2.28
131,22001,91,2.29
131,24001,91,2.13
131,26001,91,2.11
131,28001,91,2.05
131,30001,91,2.13
131,32001,91,2.21
131,34001,91,2.23
131,36001,91,2.25
131,38001,91,2.47
131,40001,91,2.2
131,42001,91,2.31
131,44001,91,2.3
131,46001,91,2.13
131,48001,91,2.09
131,50001,91,2.07
131,52001,91,2.1
131,54001,91,2.2
131,56001,91,2.36
131,58001,91,2.21
131,60001,91,2.34
131,62001,91,2.4
131,64001,91,2.44
131,65535,91,2.33
131,1,101,2.37
131,2001,101,2.38
131,4001,101,2.36
131,6001,101,2.41
131,8001,101,2.53
131,10001,101,2.31
131,12001,101,2.34
131,14001,101,2.4
131,16001,101,2.3
131,18001,101,2.47
131,20001,101,2.2
131,22001,101,2.33
131,24001,101,2.21
131,26001,101,2.08
131,28001,101,2.05
131,30001,101,2.12
131,32001,101,2.2
131,34001,101,2.02
131,36001,101,2.12
131,38001,101,2.33
131,40001,101,2.39
131,42001,101,2.34
131,44001,101,2.23
131,46001,101,2.26
131,48001,101,2.22
131,50001,101,2.2
131,52001,101,2.24
131,54001,101,2.22
131,56001,101,2.2
131,58001,101,2.33
131,60001,101,2.37
131,62001,101,2.35
131,64001,101,2.43
131,65535,101,2.42
131,1,111,2.51
131,2001,111,2.36
131,4001,111,2.39
131,6001,111,2.44
131,8001,111,2.41
131,10001,111,2.57
131,12001,111,2.45
131,14001,111,2.4
131,16001,111,2.5
131,18001,111,2.47
131,20001,111,2.37
131,22001,111,2.26
131,24001,111,2.12
131,26001,111,1.98
131,28001,111,2.04
131,30001,111,2.03
131,32001,111,2.09
131,34001,111,2.23
131,36001,111,2.39
131,38001,111,2.28
131,40001,111,2.28
131,42001,111,2.43
131,44001,111,2.2
131,46001,111,2.2
131,48001,111,2.22
131,50001,111,2.05
131,52001,111,2.26
131,54001,111,2.19
131,56001,111,2.25
131,58001,111,2.31
131,60001,111,2.54
131,62001,111,2.27
131,64001,111,2.24
131,65535,111,2.26
131,1,121,2.27
131,2001,121,2.3
131,4001,121,2.48
131,6001,121,2.45
131,8001,121,2.38
131,10001,121,2.42
131,12001,121,2.33
131,14001,121,2.4
131,16001,121,2.4
131,18001,121,2.24
131,20001,121,2.39
131,22001,121,2.32
131,24001,121,2.05
131,26001,121,1.89
131,28001,121,1.93
131,30001,121,2.03
131,32001,121,2.06
131,34001,121,2.1
131,36001,121,2.28
131,38001,121,2.35
131,40001,121,2.27
131,42001,121,2.25
131,44001,121,2.28
131,46001,121,2.28
131,48001,121,2.07
131,50001,121,2.09
131,52001,121,2.22
131,54001,121,2.16
131,56001,121,2.11
131,58001,121,2.5
131,60001,121,2.43
131,62001,121,2.35
131,64001,121,2.22
131,65535,121,2.3
131,1,131,2.4
131,2001,131,2.41
131,4001,131,2.54
131,6001,131,2.4
131,8001,131,2.57
131,10001,131,2.17
131,12001,131,2.42
131,14001,131,2.43
131,16001,131,2.28
131,18001,131,2.39
131,20001,131,2.3
131,22001,131,2.2
131,24001,131,1.92
131,26001,131,2.03
131,28001,131,2.04
131,30001,131,2.08
131,32001,131,1.92
131,34001,131,2.23
131,36001,131,2.08
131,38001,131,2.39
131,40001,131,2.36
131,42001,131,2.24
131,44001,131,2.23
131,46001,131,2.22
131,48001,131,2.04
131,50001,131,2.03
131,52001,131,2.1
131,54001,131,2.09
131,56001,131,2.17
131,58001,131,2.49
131,60001,131,2.31
131,62001,131,2.34
131,64001,131,2.43
131,65535,131,2.44
131,1,141,2.27
131,2001,141,2.47
131,4001,141,2.35
131,6001,141,2.42
131,8001,141,2.39
131,10001,141,2.28
131,12001,141,2.51
131,14001,141,2.42
131,16001,141,2.48
131,18001,141,2.23
131,20001,141,2.27
131,22001,141,2.25
131,24001,141,2.09
131,26001,141,1.89
131,28001,141,1.96
131,30001,141,2.11
131,32001,141,2.12
131,34001,141,2.04
131,36001,141,2.17
131,38001,141,2.16
131,40001,141,2.15
131,42001,141,2.16
131,44001,141,2.28
131,46001,141,2.29
131,48001,141,2.16
131,50001,141,2.0
131,52001,141,1.95
131,54001,141,2.19
131,56001,141,2.39
131,58001,141,2.35
131,60001,141,2.42
131,62001,141,2.33
131,64001,141,2.18
131,65535,141,2.21
131,1,151,2.31
131,2001,151,2.42
131,4001,151,2.37
131,6001,151,2.36
131,8001,151,2.39
131,10001,151,2.48
131,12001,151,2.27
131,14001,151,2.27
131,16001,151,2.52
131,18001,151,2.23
131,20001,151,2.37
131,22001,151,2.23
131,24001,151,1.99
131,26001,151,1.99
131,28001,151,1.98
131,30001,151,1.98
131,32001,151,1.96
131,34001,151,2.07
131,36001,151,2.22
131,38001,151,2.21
131,40001,151,2.09
131,42001,151,2.2
131,44001,151,2.12
131,46001,151,2.1
131,48001,151,2.04
131,50001,151,2.05
131,52001,151,2.01
131,54001,151,2.24
131,56001,151,2.19
131,58001,151,2.46
131,60001,151,2.4
131,62001,151,2.34
131,64001,151,2.45
131,65535,151,2.38
131,1,161,2.25
131,2001,161,2.42
131,4001,161,2.39
131,6001,161,2.47
131,8001,161,2.24
131,10001,161,2.39
131,12001,161,2.29
131,14001,161,2.47
131,16001,161,2.49
131,18001,161,2.32
131,20001,161,2.32
131,22001,161,2.13
131,24001,161,2.03
131,26001,161,1.87
131,28001,161,2.09
131,30001,161,1.9
131,32001,161,2.15
131,34001,161,2.07
131,36001,161,2.07
131,38001,161,2.09
131,40001,161,2.18
131,42001,161,2.3
131,44001,161,2.15
131,46001,161,2.01
131,48001,161,1.9
131,50001,161,1.94
131,52001,161,1.85
131,54001,161,2.14
131,56001,161,2.07
131,58001,161,2.32
131,60001,161,2.39
131,62001,161,2.33
131,64001,161,2.36
131,65535,161,2.34
131,1,171,2.25
131,2001,171,2.37
131,4001,171,2.24
131,6001,171,2.4
131,8001,171,2.39
131,10001,171,2.27
131,12001,171,2.38
131,14001,171,2.44
131,16001,171,2.42
131,18001,171,2.38
131,20001,171,2.2
131,22001,171,2.24
131,24001,171,1.95
131,26001,171,1.94
131,28001,171,1.99
131,30001,171,1.9
131,32001,171,1.99
131,34001,171,2.08
131,36001,171,2.05
131,38001,171,2.26
131,40001,171,2.14
131,42001,171,2.16
131,44001,171,2.14
131,46001,171,2.08
131,48001,171,1.96
131,50001,171,1.99
131,52001,171,1.9
131,54001,171,2.14
131,56001,171,2.29
131,58001,171,2.35
131,60001,171,2.29
131,62001,171,2.4
131,64001,171,2.27
131,65535,171,2.35
131,1,181,2.27
131,2001,181,2.25
131,4001,181,2.44
131,6001,181,2.39
131,8001,181,2.42
131,10001,181,2.43
131,12001,181,2.51
131,14001,181,2.36
131,16001,181,2.22
131,18001,181,2.34
131,20001,181,2.31
131,22001,181,2.14
131,24001,181,2.0
131,26001,181,1.86
131,28001,181,1.92
131,30001,181,2.0
131,32001,181,2.05
131,34001,181,2.17
131,36001,181,2.14
131,38001,181,2.14
131,40001,181,2.22
131,42001,181,2.06
131,44001,181,2.2
131,46001,181,2.04
131,48001,181,1.88
131,50001,181,1.97
131,52001,181,2.02
131,54001,181,2.05
131,56001,181,2.13
131,58001,181,2.35
131,60001,181,2.29
131,62001,181,2.37
131,64001,181,2.36
131,65535,181,2.46
131,1,191,2.32
131,2001,191,2.16
131,4001,191,2.44
131,6001,191,2.45
131,8001,191,2.37
131,10001,191,2.27
131,12001,191,2.15
131,14001,191,2.31
131,16001,191,2.27
131,18001,191,2.43
131,20001,191,2.2
131,22001,191,2.08
131,24001,191,1.93
131,26001,191,1.93
131,28001,191,1.79
131,30001,191,1.91
131,32001,191,2.05
131,34001,191,2.14
131,36001,191,2.07
131,38001,191,2.23
131,40001,191,2.22
131,42001,191,2.27
131,44001,191,2.11
131,46001,191,2.08
131,48001,191,1.98
131,50001,191,1.94
131,52001,191,1.98
131,54001,191,2.11
131,56001,191,2.18
131,58001,191,2.27
131,60001,191,2.2
131,62001,191,2.3
131,64001,191,2.21
131,65535,191,2.29
131,1,201,2.18
131,2001,201,2.22
131,4001,201,2.28
131,6001,201,2.41
131,8001,201,2.34
131,10001,201,2.29
131,12001,201,2.4
131,14001,201,2.43
131,16001,201,2.38
131,18001,201,2.26
131,20001,201,2.32
131,22001,201,2.04
131,24001,201,2.0
131,26001,201,1.88
131,28001,201,1.93
131,30001,201,1.86
131,32001,201,1.9
131,34001,201,1.93
131,36001,201,2.08
131,38001,201,2.16
131,40001,201,2.11
131,42001,201,2.11
131,44001,201,2.08
131,46001,201,2.1
131,48001,201,2.11
131,50001,201,1.96
131,52001,201,2.18
131,54001,201,2.05
131,56001,201,2.06
131,58001,201,2.34
131,60001,201,2.35
131,62001,201,2.29
131,64001,201,2.3
131,65535,201,2.3
131,1,211,2.26
131,2001,211,2.29
131,4001,211,2.21
131,6001,211,2.5
131,8001,211,2.3
131,10001,211,2.47
131,12001,211,2.26
131,14001,211,2.24
131,16001,211,2.38
131,18001,211,2.22
131,20001,211,2.19
131,22001,211,2.13
131,24001,211,1.92
131,26001,211,1.83
131,28001,211,1.8
131,30001,211,1.89
131,32001,211,1.99
131,34001,211,1.93
131,36001,211,1.98
131,38001,211,2.15
131,40001,211,2.11
131,42001,211,2.13
131,44001,211,2.06
131,46001,211,2.1
131,48001,211,1.95
131,50001,211,1.81
131,52001,211,1.97
131,54001,211,1.98
131,56001,211,2.18
131,58001,211,2.21
131,60001,211,2.31
131,62001,211,2.28
131,64001,211,2.18
131,65535,211,2.3
131,1,221,2.24
131,2001,221,2.1
131,4001,221,2.27
131,6001,221,2.32
131,8001,221,2.3
131,10001,221,2.28
131,12001,221,2.33
131,14001,221,2.27
131,16001,221,2.35
131,18001,221,2.37
131,20001,221,2.24
131,22001,221,2.01
131,24001,221,1.93
131,26001,221,1.89
131,28001,221,1.91
131,30001,221,1.89
131,32001,221,1.91
131,34001,221,1.9
131,36001,221,2.03
131,38001,221,2.29
131,40001,221,2.07
131,42001,221,2.08
131,44001,221,1.99
131,46001,221,1.99
131,48001,221,1.84
131,50001,221,1.96
131,52001,221,2.02
131,54001,221,2.15
131,56001,221,2.12
131,58001,221,2.47
131,60001,221,2.27
131,62001,221,2.4
131,64001,221,2.38
131,65535,221,2.31
131,1,231,2.18
131,2001,231,2.32
131,4001,231,2.19
131,6001,231,2.12
131,8001,231,2.31
131,10001,231,2.33
131,12001,231,2.32
131,14001,231,2.26
131,16001,231,2.4
131,18001,231,2.37
131,20001,231,2.17
131,22001,231,1.98
131,24001,231,1.91
131,26001,231,1.84
131,28001,231,1.69
131,30001,231,1.71
131,32001,231,1.87
131,34001,231,1.83
131,36001,231,2.14
131,38001,231,2.12
131,40001,231,2.04
131,42001,231,1.99
131,44001,231,2.02
131,46001,231,1.93
131,48001,231,1.93
131,50001,231,1.9
131,52001,231,2.03
131,54001,231,2.29
131,56001,231,2.17
131,58001,231,2.32
131,60001,231,2.53
131,62001,231,2.26
131,64001,231,2.3
131,65535,231,2.15
131,1,241,2.09
131,2001,241,2.01
131,4001,241,2.11
131,6001,241,2.13
131,8001,241,2.3
131,10001,241,2.41
131,12001,241,2.32
131,14001,241,2.47
131,16001,241,2.23
131,18001,241,2.38
131,20001,241,2.22
131,22001,241,2.16
131,24001,241,1.93
131,26001,241,1.95
131,28001,241,1.79
131,30001,241,1.9
131,32001,241,1.8
131,34001,241,1.8
131,36001,241,1.92
131,38001,241,2.07
131,40001,241,2.16
131,42001,241,1.98
131,44001,241,2.03
131,46001,241,2.06
131,48001,241,1.9
131,50001,241,1.86
131,52001,241,2.02
131,54001,241,2.17
131,56001,241,2.21
131,58001,241,2.31
131,60001,241,2.18
131,62001,241,2.13
131,64001,241,2.14
131,65535,241,2.18
131,1,251,2.07
131,2001,251,2.13
131,4001,251,2.14
131,6001,251,2.32
131,8001,251,2.31
131,10001,251,2.3
131,12001,251,2.34
131,14001,251,2.26
131,16001,251,2.35
131,18001,251,2.35
131,20001,251,2.31
131,22001,251,2.27
131,24001,251,1.95
131,26001,251,1.82
131,28001,251,1.7
131,30001,251,1.89
131,32001,251,1.76
131,34001,251,1.89
131,36001,251,1.89
131,38001,251,2.01
131,40001,251,1.98
131,42001,251,2.06
131,44001,251,1.95
131,46001,251,2.03
131,48001,251,2.1
131,50001,251,1.92
131,52001,251,1.82
131,54001,251,2.23
131,56001,251,2.23
131,58001,251,2.28
131,60001,251,2.43
131,62001,251,2.13
131,64001,251,2.02
131,65535,251,2.16
131,1,254,2.01
131,2001,254,2.18
131,4001,254,2.15
131,6001,254,2.19
131,8001,254,2.41
131,10001,254,2.28
131,12001,254,2.42
131,14001,254,2.35
131,16001,254,2.34
131,18001,254,2.36
131,20001,254,2.32
131,22001,254,2.16
131,24001,254,1.93
131,26001,254,1.89
131,28001,254,1.84
131,30001,254,1.7
131,32001,254,1.81
131,34001,254,1.8
131,36001,254,1.95
131,38001,254,2.0
131,40001,254,2.09
131,42001,254,1.95
131,44001,254,2.03
131,46001,254,1.96
131,48001,254,2.05
131,50001,254,2.02
131,52001,254,2.01
131,54001,254,2.12
131,56001,254,2.3
131,58001,254,2.34
131,60001,254,2.27
131,62001,254,2.23
131,64001,254,2.22
131,65535,254,2.23
141,1,1,2.69
141,2001,1,2.7
141,4001,1,2.53
141,6001,1,2.53
141,8001,1,2.8
141,10001,1,2.55
141,12001,1,2.56
141,14001,1,2.63
141,16001,1,2.52
141,18001,1,2.47
141,20001,1,2.54
141,22001,1,2.48
141,24001,1,2.65
141,26001,1,2.68
141,28001,1,2.53
141,30001,1,2.52
141,32001,1,2.63
141,34001,1,2.65
141,36001,1,2.65
141,38001,1,2.59
141,40001,1,2.59
141,42001,1,2.58
141,44001,1,2.59
141,46001,1,2.53
141,48001,1,2.59
141,50001,1,2.57
141,52001,1,2.58
141,54001,1,2.69
141,56001,1,2.68
141,58001,1,2.61
141,60001,1,2.62
141,62001,1,2.62
141,64001,1,2.56
141,65535,1,2.53
141,1,11,2.61
141,2001,11,2.6
141,4001,11,2.6
141,6001,11,2.56
141,8001,11,2.57
141,10001,11,2.62
141,12001,11,2.53
141,14001,11,2.52
141,16001,11,2.54
141,18001,11,2.51
141,20001,11,2.41
141,22001,11,2.61
141,24001,11,2.62
141,26001,11,2.67
141,28001,11,2.48
141,30001,11,2.55
141,32001,11,2.63
141,34001,11,2.53
141,36001,11,2.57
141,38001,11,2.66
141,40001,11,2.63
141,42001,11,2.48
141,44001,11,2.59
141,46001,11,2.54
141,48001,11,2.59
141,50001,11,2.43
141,52001,11,2.57
141,54001,11,2.55
141,56001,11,2.58
141,58001,11,2.59
141,60001,11,2.63
141,62001,11,2.62
141,64001,11,2.6
141,65535,11,2.68
141,1,21,2.46
141,2001,21,2.76
141,4001,21,2.64
141,6001,21,2.54
141,8001,21,2.57
141,10001,21,2.68
141,12001,21,2.55
141,14001,21,2.68
141,16001,21,2.6
141,18001,21,2.67
141,20001,21,2.54
141,22001,21,2.53
141,24001,21,2.68
141,26001,21,2.5
141,28001,21,2.44
141,30001,21,2.43
141,32001,21,2.47
141,34001,21,2.55
141,36001,21,2.46
141,38001,21,2.47
141,40001,21,2.5
141,42001,21,2.68
141,44001,21,2.62
141,46001,21,2.54
141,48001,21,2.48
141,50001,21,2.58
141,52001,21,2.51
141,54001,21,2.51
141,56001,21,2.52
141,58001,21,2.62
141,60001,21,2.43
141,62001,21,2.64
141,64001,21,2.51
141,65535,21,2.59
141,1,31,2.51
141,2001,31,2.59
141,4001,31,2.56
141,6001,31,2.52
141,8001,31,2.54
141,10001,31,2.55
141,12001,31,2.55
141,14001,31,2.44
141,16001,31,2.62
141,18001,31,2.61
141,20001,31,2.59
141,22001,31,2.43
141,24001,31,2.41
141,26001,31,2.51
141,28001,31,2.45
141,30001,31,2.54
141,32001,31,2.52
141,34001,31,2.72
141,36001,31,2.64
141,38001,31,2.66
141,40001,31,2.42
141,42001,31,2.45
141,44001,31,2.51
141,46001,31,2.52
141,48001,31,2.45
141,50001,31,2.52
141,52001,31,2.52
141,54001,31,2.5
141,56001,31,2.53
141,58001,31,2.48
141,60001,31,2.55
141,62001,31,2.54
141,64001,31,2.77
141,65535,31,2.7
141,1,41,2.78
141,2001,41,2.6
141,4001,41,2.68
141,6001,41,2.49
141,8001,41,2.57
141,10001,41,2.65
141,12001,41,2.53
141,14001,41,2.62
141,16001,41,2.59
141,18001,41,2.53
141,20001,41,2.52
141,22001,41,2.54
141,24001,41,2.38
141,26001,41,2.44
141,28001,41,2.55
141,30001,41,2.49
141,32001,41,2.57
141,34001,41,2.48
141,36001,41,2.54
141,38001,41,2.55
141,40001,41,2.58
141,42001,41,2.51
141,44001,41,2.42
141,46001,41,2.47
141,48001,41,2.43
141,50001,41,2.37
141,52001,41,2.51
141,54001,41,2.57
141,56001,41,2.49
141,58001,41,2.47
141,60001,41,2.61
141,62001,41,2.63
141,64001,41,2.61
141,65535,41,2.52
141,1,51,2.78
141,2001,51,2.64
141,4001,51,2.66
141,6001,51,2.63
141,8001,51,2.64
141,10001,51,2.8
141,12001,51,2.55
141,14001,51,2.58
141,16001,51,2.79
141,18001,51,2.51
141,20001,51,2.42
141,22001,51,2.56
141,24001,51,2.43
141,26001,51,2.41
141,28001,51,2.43
141,30001,51,2.33
141,32001,51,2.41
141,34001,51,2.51
141,36001,51,2.47
141,38001,51,2.5
141,40001,51,2.5
141,42001,51,2.56
141,44001,51,2.44
141,46001,51,2.51
141,48001,51,2.49
141,50001,51,2.31
141,52001,51,2.6
141,54001,51,2.52
141,56001,51,2.43
141,58001,51,2.51
141,60001,51,2.59
141,62001,51,2.69
141,64001,51,2.55
141,65535,51,2.69
141,1,61,2.75
141,2001,61,2.6
141,4001,61,2.66
141,6001,61,2.61
141,8001,61,2.65
141,10001,61,2.64
141,12001,61,2.66
141,14001,61,2.62
141,16001,61,2.61
141,18001,61,2.62
141,20001,61,2.49
141,22001,61,2.37
141,24001,61,2.45
141,26001,61,2.24
141,28001,61,2.23
141,30001,61,2.39
141,32001,61,2.54
141,34001,61,2.56
141,36001,61,2.52
141,38001,61,2.57
141,40001,61,2.59
141,42001,61,2.46
141,44001,61,2.4
141,46001,61,2.55
141,48001,61,2.33
141,50001,61,2.45
141,52001,61,2.56
141,54001,61,2.62
141,56001,61,2.47
141,58001,61,2.59
141,60001,61,2.47
141,62001,61,2.54
141,64001,61,2.62
141,65535,61,2.54
141,1,71,2.62
141,2001,71,2.62
141,4001,71,2.67
141,6001,71,2.59
141,8001,71,2.58
141,10001,71,2.58
141,12001,71,2.7
141,14001,71,2.75
141,16001,71,2.44
141,18001,71,2.65
141,20001,71,2.38
141,22001,71,2.42
141,24001,71,2.45
141,26001,71,2.29
141,28001,71,2.31
141,30001,71,2.44
141,32001,71,2.34
141,34001,71,2.68
141,36001,71,2.57
141,38001,71,2.49
141,40001,71,2.42
141,42001,71,2.57
141,44001,71,2.48
141,46001,71,2.3
141,48001,71,2.44
141,50001,71,2.35
141,52001,71,2.38
141,54001,71,2.52
141,56001,71,2.42
141,58001,71,2.48
141,60001,71,2.51
141,62001,71,2.53
141,64001,71,2.58
141,65535,71,2.53
141,1,81,2.6
141,2001,81,2.64
141,4001,81,2.66
141,6001,81,2.59
141,8001,81,2.58
141,10001,81,2.6
141,12001,81,2.46
141,14001,81,2.61
141,16001,81,2.65
141,18001,81,2.57
141,20001,81,2.48
141,22001,81,2.42
141,24001,81,2.38
141,26001,81,2.3
141,28001,81,2.24
141,30001,81,2.34
141,32001,81,2.38
141,34001,81,2.33
141,36001,81,2.47
141,38001,81,2.44
141,40001,81,2.51
141,42001,81,2.47
141,44001,81,2.44
141,46001,81,2.37
141,48001,81,2.4
141,50001,81,2.22
141,52001,81,2.58
141,54001,81,2.28
141,56001,81,2.37
141,58001,81,2.42
141,60001,81,2.61
141,62001,81,2.43
141,64001,81,2.58
141,65535,81,2.5
141,1,91,2.71
141,2001,91,2.66
141,4001,91,2.57
141,6001,91,2.61
141,8001,91,2.76
141,10001,91,2.57
141,12001,91,2.48
141,14001,91,2.73
141,16001,91,2.59
141,18001,91,2.62
141,20001,91,2.58
141,22001,91,2.29
141,24001,91,2.28
141,26001,91,2.31
141,28001,91,2.23
141,30001,91,2.28
141,32001,91,2.23
141,34001,91,2.34
141,36001,91,2.42
141,38001,91,2.47
141,40001,91,2.46
141,42001,91,2.54
141,44001,91,2.39
141,46001,91,2.33
141,48001,91,2.15
141,50001,91,2.22
141,52001,91,2.37
141,54001,91,2.51
141,56001,91,2.43
141,58001,91,2.6
141,60001,91,2.64
141,62001,91,2.59
141,64001,91,2.6
141,65535,91,2.49
141,1,101,2.58
141,2001,101,2.53
141,4001,101,2.56
141,6001,101,2.71
141,8001,101,2.52
141,10001,101,2.55
141,12001,101,2.45
141,14001,101,2.7
141,16001,101,2.56
141,18001,101,2.62
141,20001,101,2.35
141,22001,101,2.32
141,24001,101,2.34
141,26001,101,2.22
141,28001,101,2.32
141,30001,101,2.18
141,32001,101,2.39
141,34001,101,2.39
141,36001,101,2.49
141,38001,101,2.61
141,40001,101,2.42
141,42001,101,2.5
141,44001,101,2.52
141,46001,101,2.34
141,48001,101,2.34
141,50001,101,2.13
141,52001,101,2.21
141,54001,101,2.46
141,56001,101,2.44
141,58001,101,2.63
141,60001,101,2.57
141,62001,101,2.62
141,64001,101,2.67
141,65535,101,2.52
141,1,111,2.57
141,2001,111,2.57
141,4001,111,2.65
141,6001,111,2.6
141,8001,111,2.57
141,10001,111,2.68
141,12001,111,2.55
141,14001,111,2.43
141,16001,111,2.62
141,18001,111,2.58
141,20001,111,2.53
141,22001,111,2.47
141,24001,111,2.29
141,26001,111,2.23
141,28001,111,2.22
141,30001,111,2.31
141,32001,111,2.33
141,34001,111,2.37
141,36001,111,2.52
141,38001,111,2.47
141,40001,111,2.54
141,42001,111,2.38
141,44001,111,2.37
141,46001,111,2.34
141,48001,111,2.24
141,50001,111,2.22
141,52001,111,2.23
141,54001,111,2.31
141,56001,111,2.5
141,58001,111,2.78
141,60001,111,2.54
141,62001,111,2.56
141,64001,111,2.46
141,65535,111,2.62
141,1,121,2.56
141,2001,121,2.53
141,4001,121,2.58
141,6001,121,2.6
141,8001,121,2.62
141,10001,121,2.48
141,12001,121,2.61
141,14001,121,2.5
141,16001,121,2.61
141,18001,121,2.62
141,20001,121,2.61
141,22001,121,2.3
141,24001,121,2.3
141,26001,121,2.09
141,28001,121,2.09
141,30001,121,2.19
141,32001,121,2.21
141,34001,121,2.31
141,36001,121,2.46
141,38001,121,2.44
141,40001,121,2.58
141,42001,121,2.37
141,44001,121,2.3
141,46001,121,2.36
141,48001,121,2.32
141,50001,121,2.22
141,52001,121,2.41
141,54001,121,2.47
141,56001,121,2.37
141,58001,121,2.51
141,60001,121,2.6
141,62001,121,2.56
141,64001,121,2.62
141,65535,121,2.75
141,1,131,2.65
141,2001,131,2.63
141,4001,131,2.53
141,6001,131,2.67
141,8001,131,2.46
141,10001,131,2.43
141,12001,131,2.57
141,14001,131,2.71
141,16001,131,2.63
141,18001,131,2.55
141,20001,131,2.44
141,22001,131,2.33
141,24001,131,2.23
141,26001,131,2.02
141,28001,131,2.24
141,30001,131,2.15
141,32001,131,2.09
141,34001,131,2.31
141,36001,131,2.38
141,38001,131,2.39
141,40001,131,2.41
141,42001,131,2.42
141,44001,131,2.3
141,46001,131,2.18
141,48001,131,2.15
141,50001,131,2.24
141,52001,131,2.28
141,54001,131,2.39
141,56001,131,2.47
141,58001,131,2.44
141,60001,131,2.52
141,62001,131,2.61
141,64001,131,2.75
141,65535,131,2.55
141,1,141,2.67
141,2001,141,2.55
141,4001,141,2.64
141,6001,141,2.5
141,8001,141,2.67
141,10001,141,2.54
141,12001,141,2.53
141,14001,141,2.51
141,16001,141,2.44
141,18001,141,2.48
141,20001,141,2.46
141,22001,141,2.31
141,24001,141,2.12
141,26001,141,2.02
141,28001,141,2.05
141,30001,141,2.19
141,32001,141,2.36
141,34001,141,2.2
141,36001,141,2.39
141,38001,141,2.44
141,40001,141,2.45
141,42001,141,2.34
141,44001,141,2.44
141,46001,141,2.44
141,48001,141,2.39
141,50001,141,2.08
141,52001,141,2.27
141,54001,141,2.34
141,56001,141,2.6
141,58001,141,2.47
141,60001,141,2.47
141,62001,141,2.57
141,64001,141,2.51
141,65535,141,2.55
141,1,151,2.58
141,2001,151,2.6
141,4001,151,2.63
141,6001,151,2.61
141,8001,151,2.66
141,10001,151,2.49
141,12001,151,2.47
141,14001,151,2.57
141,16001,151,2.6
141,18001,151,2.57
141,20001,151,2.36
141,22001,151,2.25
141,24001,151,2.19
141,26001,151,2.08
141,28001,151,2.04
141,30001,151,2.1
141,32001,151,2.13
141,34001,151,2.23
141,36001,151,2.3
141,38001,151,2.42
141,40001,151,2.3
141,42001,151,2.39
141,44001,151,2.17
141,46001,151,2.2
141,48001,151,2.36
141,50001,151,2.16
141,52001,151,2.14
141,54001,151,2.42
141,56001,151,2.47
141,58001,151,2.53
141,60001,151,2.61
141,62001,151,2.51
141,64001,151,2.57
141,65535,151,2.57
141,1,161,2.55
141,2001,161,2.59
141,4001,161,2.57
141,6001,161,2.46
141,8001,161,2.68
141,10001,161,2.45
141,12001,161,2.52
141,14001,161,2.58
141,16001,161,2.63
141,18001,161,2.62
141,20001,161,2.5
141,22001,161,2.27
141,24001,161,2.05
141,26001,161,2.19
141,28001,161,2.02
141,30001,161,2.25
141,32001,161,2.12
141,34001,161,2.21
141,36001,161,2.31
141,38001,161,2.35
141,40001,161,2.43
141,42001,161,2.3
141,44001,161,2.3
141,46001,161,2.31
141,48001,161,2.19
141,50001,161,2.29
141,52001,161,2.25
141,54001,161,2.37
141,56001,161,2.54
141,58001,161,2.52
141,60001,161,2.5
141,62001,161,2.53
141,64001,161,2.64
141,65535,161,2.46
141,1,171,2.56
141,2001,171,2.46
141,4001,171,2.63
141,6001,171,2.47
141,8001,171,2.6
141,10001,171,2.56
141,12001,171,2.69
141,14001,171,2.59
141,16001,171,2.43
141,18001,171,2.56
141,20001,171,2.41
141,22001,171,2.3
141,24001,171,2.21
141,26001,171,2.07
141,28001,171,1.99
141,30001,171,1.99
141,32001,171,2.21
141,34001,171,2.15
141,36001,171,2.24
141,38001,171,2.3
141,40001,171,2.36
141,42001,171,2.28
141,44001,171,2.31
141,46001,171,2.32
141,48001,171,2.14
141,50001,171,2.21
141,52001,171,2.37
141,54001,171,2.14
141,56001,171,2.24
141,58001,171,2.45
141,60001,171,2.57
141,62001,171,2.38
141,64001,171,2.48
141,65535,171,2.46
141,1,181,2.49
141,2001,181,2.38
141,4001,181,2.51
141,6001,181,2.59
141,8001,181,2.49
141,10001,181,2.59
141,12001,181,2.47
141,14001,181,2.49
141,16001,181,2.53
141,18001,181,2.55
141,20001,181,2.41
141,22001,181,2.28
141,24001,181,2.07
141,26001,181,1.91
141,28001,181,2.03
141,30001,181,2.05
141,32001,181,2.1
141,34001,181,2.15
141,36001,181,2.2
141,38001,181,2.24
141,40001,181,2.23
141,42001,181,2.3
141,44001,181,2.17
141,46001,181,2.2
141,48001,181,2.19
141,50001,181,2.03
141,52001,181,2.17
141,54001,181,2.27
141,56001,181,2.53
141,58001,181,2.59
141,60001,181,2.44
141,62001,181,2.45
141,64001,181,2.41
141,65535,181,2.44
141,1,191,2.45
141,2001,191,2.47
141,4001,191,2.36
141,6001,191,2.54
141,8001,191,2.57
141,10001,191,2.61
141,12001,191,2.43
141,14001,191,2.51
141,16001,191,2.39
141,18001,191,2.6
141,20001,191,2.41
141,22001,191,2.33
141,24001,191,2.11
141,26001,191,1.95
141,28001,191,1.95
141,30001,191,1.99
141,32001,191,2.12
141,34001,191,2.19
141,36001,191,2.27
141,38001,191,2.33
141,40001,191,2.31
141,42001,191,2.23
141,44001,191,2.31
141,46001,191,2.27
141,48001,191,2.09
141,50001,191,2.0
141,52001,191,2.1
141,54001,191,2.14
141,56001,191,2.38
141,58001,191,2.55
141,60001,191,2.51
141,62001,191,2.73
141,64001,191,2.6
141,65535,191,2.48
141,1,201,2.4
141,2001,201,2.42
141,4001,201,2.49
141,6001,201,2.64
141,8001,201,2.5
141,10001,201,2.44
141,12001,201,2.51
141,14001,201,2.58
141,16001,201,2.65
141,18001,201,2.54
141,20001,201,2.43
141,22001,201,2.25
141,24001,201,2.06
141,26001,201,1.95
141,28001,201,2.06
141,30001,201,2.05
141,32001,201,2.17
141,34001,201,2.16
141,36001,201,2.14
141,38001,201,2.4
141,40001,201,2.32
141,42001,201,2.27
141,44001,201,2.35
141,46001,201,2.26
141,48001,201,2.2
141,50001,201,2.27
141,52001,201,2.24
141,54001,201,2.24
141,56001,201,2.39
141,58001,201,2.46
141,60001,201,2.64
141,62001,201,2.5
141,64001,201,2.47
141,65535,201,2.5
141,1,211,2.34
141,2001,211,2.49
141,4001,211,2.46
141,6001,211,2.38
141,8001,211,2.55
141,10001,211,2.36
141,12001,211,2.6
141,14001,211,2.48
141,16001,211,2.43
141,18001,211,2.48
141,20001,211,2.58
141,22001,211,2.32
141,24001,211,2.05
141,26001,211,1.93
141,28001,211,2.02
141,30001,211,1.88
141,32001,211,1.89
141,34001,211,2.08
141,36001,211,2.11
141,38001,211,2.2
141,40001,211,2.23
141,42001,211,2.29
141,44001,211,2.26
141,46001,211,2.09
141,48001,211,1.99
141,50001,211,2.03
141,52001,211,2.04
141,54001,211,2.27
141,56001,211,2.37
141,58001,211,2.5
141,60001,211,2.63
141,62001,211,2.59
141,64001,211,2.43
141,65535,211,2.46
141,1,221,2.38
141,2001,221,2.36
141,4001,221,2.45
141,6001,221,2.53
141,8001,221,2.37
141,10001,221,2.62
141,12001,221,2.54
141,14001,221,2.53
141,16001,221,2.44
141,18001,221,2.62
141,20001,221,2.39
141,22001,221,2.3
141,24001,221,2.17
141,26001,221,1.87
141,28001,221,1.97
141,30001,221,2.0
141,32001,221,2.01
141,34001,221,2.1
141,36001,221,2.19
141,38001,221,2.34
141,40001,221,2.24
141,42001,221,2.34
141,44001,221,2.2
141,46001,221,2.13
141,48001,221,2.0
141,50001,221,2.02
141,52001,221,2.09
141,54001,221,2.22
141,56001,221,2.39
141,58001,221,2.46
141,60001,221,2.48
141,62001,221,2.46
141,64001,221,2.38
141,65535,221,2.39
141,1,231,2.28
141,2001,231,2.24
141,4001,231,2.4
141,6001,231,2.47
141,8001,231,2.58
141,10001,231,2.49
141,12001,231,2.33
141,14001,231,2.45
141,16001,231,2.51
141,18001,231,2.54
141,20001,231,2.33
141,22001,231,2.16
141,24001,231,2.07
141,26001,231,2.04
141,28001,231,1.87
141,30001,231,2.1
141,32001,231,2.0
141,34001,231,2.13
141,36001,231,2.11
141,38001,231,2.16
141,40001,231,2.27
141,42001,231,1.98
141,44001,231,2.16
141,46001,231,2.11
141,48001,231,2.04
141,50001,231,1.93
141,52001,231,2.14
141,54001,231,2.23
141,56001,231,2.37
141,58001,231,2.41
141,60001,231,2.5
141,62001,231,2.51
141,64001,231,2.39
141,65535,231,2.29
141,1,241,2.29
141,2001,241,2.18
141,4001,241,2.35
141,6001,241,2.47
141,8001,241,2.47
141,10001,241,2.48
141,12001,241,2.45
141,14001,241,2.58
141,16001,241,2.52
141,18001,241,2.51
141,20001,241,2.37
141,22001,241,2.13
141,24001,241,2.06
141,26001,241,1.99
141,28001,241,2.03
141,30001,241,1.82
141,32001,241,2.07
141,34001,241,2.04
141,36001,241,2.03
141,38001,241,2.15
141,40001,241,2.13
141,42001,241,2.23
141,44001,241,2.18
141,46001,241,2.21
141,48001,241,2.07
141,50001,241,1.94
141,52001,241,2.18
141,54001,241,2.34
141,56001,241,2.36
141,58001,241,2.56
141,60001,241,2.4
141,62001,241,2.42
141,64001,241,2.41
141,65535,241,2.37
141,1,251,2.27
141,2001,251,2.27
141,4001,251,2.38
141,6001,251,2.4
141,8001,251,2.46
141,10001,251,2.61
141,12001,251,2.52
141,14001,251,2.45
141,16001,251,2.58
141,18001,251,2.64
141,20001,251,2.28
141,22001,251,2.16
141,24001,251,1.93
141,26001,251,1.88
141,28001,251,1.86
141,30001,251,1.96
141,32001,251,1.9
141,34001,251,1.9
141,36001,251,2.07
141,38001,251,2.28
141,40001,251,2.19
141,42001,251,2.2
141,44001,251,2.16
141,46001,251,2.29
141,48001,251,2.07
141,50001,251,2.07
141,52001,251,2.17
141,54001,251,2.21
141,56001,251,2.29
141,58001,251,2.48
141,60001,251,2.43
141,62001,251,2.42
141,64001,251,2.19
141,65535,251,2.31
141,1,254,2.26
141,2001,254,2.34
141,4001,254,2.34
141,6001,254,2.29
141,8001,254,2.4
141,10001,254,2.66
141,12001,254,2.6
141,14001,254,2.62
141,16001,254,2.53
141,18001,254,2.58
141,20001,254,2.51
141,22001,254,2.15
141,24001,254,1.94
141,26001,254,1.79
141,28001,254,1.82
141,30001,254,2.03
141,32001,254,2.0
141,34001,254,2.11
141,36001,254,2.04
141,38001,254,2.03
141,40001,254,2.1
141,42001,254,2.09
141,44001,254,2.14
141,46001,254,2.21
141,48001,254,2.12
141,50001,254,2.04
141,52001,254,2.12
141,54001,254,2.4
141,56001,254,2.37
141,58001,254,2.59
141,60001,254,2.48
141,62001,254,2.45
141,64001,254,2.3
141,65535,254,2.35
151,1,1,2.75
151,2001,1,2.87
151,4001,1,2.7
151,6001,1,2.88
151,8001,1,2.85
151,10001,1,2.79
151,12001,1,2.78
151,14001,1,2.86
151,16001,1,2.84
151,18001,1,2.78
151,20001,1,2.72
151,22001,1,2.74
151,24001,1,2.71
151,26001,1,2.77
151,28001,1,2.66
151,30001,1,2.89
151,32001,1,2.73
151,34001,1,2.91
151,36001,1,2.95
151,38001,1,2.89
151,40001,1,2.76
151,42001,1,2.8
151,44001,1,2.83
151,46001,1,2.79
151,48001,1,2.74
151,50001,1,2.73
151,52001,1,2.75
151,54001,1,2.7
151,56001,1,2.92
151,58001,1,2.77
151,60001,1,2.69
151,62001,1,2.83
151,64001,1,2.84
151,65535,1,2.93
151,1,11,2.74
151,2001,11,2.8
151,4001,11,2.88
151,6001,11,2.79
151,8001,11,2.79
151,10001,11,2.84
151,12001,11,2.75
151,14001,11,2.71
151,16001,11,2.77
151,18001,11,2.8
151,20001,11,2.75
151,22001,11,2.77
151,24001,11,2.55
151,26001,11,2.74
151,28001,11,2.74
151,30001,11,2.74
151,32001,11,2.75
151,34001,11,2.81
151,36001,11,2.83
151,38001,11,2.81
151,40001,11,2.85
151,42001,11,2.86
151,44001,11,2.92
151,46001,11,2.87
151,48001,11,2.88
151,50001,11,2.84
151,52001,11,2.96
151,54001,11,2.64
151,56001,11,2.82
151,58001,11,2.72
151,60001,11,2.81
151,62001,11,2.73
151,64001,11,2.87
151,65535,11,2.71
151,1,21,2.64
151,2001,21,2.95
151,4001,21,2.83
151,6001,21,2.84
151,8001,21,2.9
151,10001,21,2.82
151,12001,21,2.69
151,14001,21,2.68
151,16001,21,2.74
151,18001,21,2.82
151,20001,21,2.73
151,22001,21,2.69
151,24001,21,2.68
151,26001,21,2.81
151,28001,21,2.77
151,30001,21,2.77
151,32001,21,2.61
151,34001,21,2.76
151,36001,21,2.83
151,38001,21,2.81
151,40001,21,2.73
151,42001,21,2.72
151,44001,21,2.81
151,46001,21,2.74
151,48001,21,2.74
151,50001,21,2.78
151,52001,21,2.57
151,54001,21,2.74
151,56001,21,2.8
151,58001,21,2.84
151,60001,21,2.93
151,62001,21,2.72
151,64001,21,2.85
151,65535,21,2.86
151,1,31,2.74
151,2001,31,2.81
151,4001,31,2.82
151,6001,31,2.96
151,8001,31,2.87
151,10001,31,2.93
151,12001,31,2.85
151,14001,31,2.79
151,16001,31,2.73
151,18001,31,2.93
151,20001,31,2.74
151,22001,31,2.72
151,24001,31,2.72
151,26001,31,2.7
151,28001,31,2.68
151,30001,31,2.74
151,32001,31,2.78
151,34001,31,2.54
151,36001,31,2.7
151,38001,31,2.75
151,40001,31,2.73
151,42001,31,2.73
151,44001,31,2.73
151,46001,31,2.83
151,48001,31,2.77
151,50001,31,2.59
151,52001,31,2.77
151,54001,31,2.68
151,56001,31,2.74
151,58001,31,2.77
151,60001,31,2.8
151,62001,31,2.69
151,64001,31,2.86
151,65535,31,2.71
151,1,41,2.89
151,2001,41,2.7
151,4001,41,2.77
151,6001,41,3.04
151,8001,41,2.67
151,10001,41,2.8
151,12001,41,2.77
151,14001,41,2.81
151,16001,41,2.83
151,18001,41,2.78
151,20001,41,2.85
151,22001,41,2.77
151,24001,41,2.69
151,26001,41,2.71
151,28001,41,2.57
151,30001,41,2.63
151,32001,41,2.7
151,34001,41,2.65
151,36001,41,2.85
151,38001,41,2.58
151,40001,41,2.78
151,42001,41,2.66
151,44001,41,2.87
151,46001,41,2.66
151,48001,41,2.74
151,50001,41,2.55
151,52001,41,2.66
151,54001,41,2.56
151,56001,41,2.69
151,58001,41,2.74
151,60001,41,2.79
151,62001,41,2.86
151,64001,41,2.86
151,65535,41,2.87
151,1,51,2.78
151,2001,51,2.86
151,4001,51,2.86
151,6001,51,2.85
151,8001,51,2.93
151,10001,51,2.99
151,12001,51,2.81
151,14001,51,2.85
151,16001,51,2.96
151,18001,51,2.89
151,20001,51,2.81
151,22001,51,2.74
151,24001,51,2.56
151,26001,51,2.5
151,28001,51,2.61
151,30001,51,2.49
151,32001,51,2.7
151,34001,51,2.7
151,36001,51,2.82
151,38001,51,2.84
151,40001,51,2.71
151,42001,51,2.91
151,44001,51,2.74
151,46001,51,2.61
151,48001,51,2.61
151,50001,51,2.63
151,52001,51,2.73
151,54001,51,2.63
151,56001,51,2.86
151,58001,51,2.84
151,60001,51,2.78
151,62001,51,2.84
151,64001,51,2.7
151,65535,51,2.87
151,1,61,2.84
151,2001,61,2.84
151,4001,61,2.83
151,6001,61,2.91
151,8001,61,2.82
151,10001,61,2.8
151,12001,61,2.8
151,14001,61,2.9
151,16001,61,2.79
151,18001,61,2.9
151,20001,61,2.73
151,22001,61,2.48
151,24001,61,2.55
151,26001,61,2.49
151,28001,61,2.42
151,30001,61,2.62
151,32001,61,2.62
151,34001,61,2.5
151,36001,61,2.66
151,38001,61,2.78
151,40001,61,2.73
151,42001,61,2.62
151,44001,61,2.74
151,46001,61,2.8
151,48001,61,2.51
151,50001,61,2.49
151,52001,61,2.59
151,54001,61,2.73
151,56001,61,2.65
151,58001,61,2.89
151,60001,61,3.04
151,62001,61,2.84
151,64001,61,2.78
151,65535,61,2.81
151,1,71,2.74
151,2001,71,2.8
151,4001,71,2.89
151,6001,71,2.77
151,8001,71,2.97
151,10001,71,2.78
151,12001,71,2.87
151,14001,71,2.74
151,16001,71,2.68
151,18001,71,2.82
151,20001,71,2.61
151,22001,71,2.69
151,24001,71,2.54
151,26001,71,2.52
151,28001,71,2.44
151,30001,71,2.55
151,32001,71,2.52
151,34001,71,2.43
151,36001,71,2.66
151,38001,71,2.79
151,40001,71,2.69
151,42001,71,2.72
151,44001,71,2.72
151,46001,71,2.55
151,48001,71,2.71
151,50001,71,2.59
151,52001,71,2.73
151,54001,71,2.54
151,56001,71,2.7
151,58001,71,2.84
151,60001,71,2.77
151,62001,71,2.78
151,64001,71,2.83
151,65535,71,2.71
151,1,81,2.89
151,2001,81,2.85
151,4001,81,2.93
151,6001,81,2.85
151,8001,81,2.85
151,10001,81,2.72
151,12001,81,2.77
151,14001,81,2.79
151,16001,81,2.8
151,18001,81,2.78
151,20001,81,2.92
151,22001,81,2.67
151,24001,81,2.51
151,26001,81,2.49
151,28001,81,2.29
151,30001,81,2.4
151,32001,81,2.47
151,34001,81,2.52
151,36001,81,2.53
151,38001,81,2.67
151,40001,81,2.78
151,42001,81,2.73
151,44001,81,2.7
151,46001,81,2.61
151,48001,81,2.52
151,50001,81,2.59
151,52001,81,2.68
151,54001,81,2.64
151,56001,81,2.73
151,58001,81,2.5
151,60001,81,2.87
151,62001,81,2.86
151,64001,81,2.75
151,65535,81,2.8
151,1,91,2.72
151,2001,91,2.77
151,4001,91,2.92
151,6001,91,2.73
151,8001,91,2.7
151,10001,91,2.9
151,12001,91,2.77
151,14001,91,2.66
151,16001,91,2.81
151,18001,91,2.79
151,20001,91,2.75
151,22001,91,2.54
151,24001,91,2.52
151,26001,91,2.3
151,28001,91,2.54
151,30001,91,2.37
151,32001,91,2.59
151,34001,91,2.53
151,36001,91,2.66
151,38001,91,2.76
151,40001,91,2.64
151,42001,91,2.48
151,44001,91,2.69
151,46001,91,2.63
151,48001,91,2.4
151,50001,91,2.54
151,52001,91,2.5
151,54001,91,2.52
151,56001,91,2.66
151,58001,91,2.84
151,60001,91,2.81
151,62001,91,2.89
151,64001,91,2.77
151,65535,91,2.88
151,1,101,2.79
151,2001,101,2.9
151,4001,101,2.89
151,6001,101,2.94
151,8001,101,2.92
151,10001,101,2.84
151,12001,101,2.79
151,14001,101,2.82
151,16001,101,2.85
151,18001,101,2.8
151,20001,101,2.8
151,22001,101,2.56
151,24001,101,2.56
151,26001,101,2.45
151,28001,101,2.44
151,30001,101,2.32
151,32001,101,2.52
151,34001,101,2.46
151,36001,101,2.58
151,38001,101,2.67
151,40001,101,2.59
151,42001,101,2.71
151,44001,101,2.54
151,46001,101,2.51
151,48001,101,2.56
151,50001,101,2.4
151,52001,101,2.58
151,54001,101,2.55
151,56001,101,2.68
151,58001,101,2.62
151,60001,101,2.8
151,62001,101,2.73
151,64001,101,2.82
151,65535,101,2.83
151,1,111,2.83
151,2001,111,2.73
151,4001,111,2.85
151,6001,111,2.78
151,8001,111,2.88
151,10001,111,2.86
151,12001,111,2.65
151,14001,111,2.69
151,16001,111,2.75
151,18001,111,2.8
151,20001,111,2.77
151,22001,111,2.63
151,24001,111,2.47
151,26001,111,2.43
151,28001,111,2.36
151,30001,111,2.3
151,32001,111,2.53
151,34001,111,2.56
151,36001,111,2.6
151,38001,111,2.59
151,40001,111,2.86
151,42001,111,2.67
151,44001,111,2.54
151,46001,111,2.53
151,48001,111,2.51
151,50001,111,2.38
151,52001,111,2.41
151,54001,111,2.59
151,56001,111,2.68
151,58001,111,2.83
151,60001,111,2.6
151,62001,111,2.76
151,64001,111,2.81
151,65535,111,2.79
151,1,121,2.92
151,2001,121,2.83
151,4001,121,2.75
151,6001,121,2.86
151,8001,121,2.86
151,10001,121,2.78
151,12001,121,2.74
151,14001,121,2.82
151,16001,121,2.85
151,18001,121,2.73
151,20001,121,2.71
151,22001,121,2.55
151,24001,121,2.48
151,26001,121,2.41
151,28001,121,2.16
151,30001,121,2.36
151,32001,121,2.4
151,34001,121,2.43
151,36001,121,2.69
151,38001,121,2.66
151,40001,121,2.73
151,42001,121,2.64
151,44001,121,2.49
151,46001,121,2.64
151,48001,121,2.54
151,50001,121,2.48
151,52001,121,2.43
151,54001,121,2.65
151,56001,121,2.68
151,58001,121,2.84
151,60001,121,2.75
151,62001,121,2.67
151,64001,121,2.87
151,65535,121,2.79
151,1,131,2.83
151,2001,131,2.97
151,4001,131,2.89
151,6001,131,2.88
151,8001,131,2.69
151,10001,131,2.72
151,12001,131,2.87
151,14001,131,2.87
151,16001,131,2.79
151,18001,131,2.81
151,20001,131,2.66
151,22001,131,2.53
151,24001,131,2.39
151,26001,131,2.27
151,28001,131,2.38
151,30001,131,2.22
151,32001,131,2.25
151,34001,131,2.45
151,36001,131,2.61
151,38001,131,2.72
151,40001,131,2.58
151,42001,131,2.64
151,44001,131,2.55
151,46001,131,2.56
151,48001,131,2.37
151,50001,131,2.4
151,52001,131,2.51
151,54001,131,2.55
151,56001,131,2.6
151,58001,131,2.68
151,60001,131,2.78
151,62001,131,2.73
151,64001,131,2.77
151,65535,131,2.72
151,1,141,2.74
151,2001,141,2.78
151,4001,141,2.81
151,6001,141,2.83
151,8001,141,2.79
151,10001,141,2.75
151,12001,141,2.88
151,14001,141,2.71
151,16001,141,2.71
151,18001,141,2.79
151,20001,141,2.6
151,22001,141,2.65
151,24001,141,2.35
151,26001,141,2.28
151,28001,141,2.28
151,30001,141,2.42
151,32001,141,2.34
151,34001,141,2.38
151,36001,141,2.56
151,38001,141,2.57
151,40001,141,2.64
151,42001,141,2.7
151,44001,141,2.58
151,46001,141,2.49
151,48001,141,2.36
151,50001,141,2.32
151,52001,141,2.46
151,54001,141,2.45
151,56001,141,2.57
151,58001,141,2.73
151,60001,141,2.73
151,62001,141,2.86
151,64001,141,2.78
151,65535,141,2.74
151,1,151,2.68
151,2001,151,2.72
151,4001,151,2.77
151,6001,151,2.83
151,8001,151,2.79
151,10001,151,2.81
151,12001,151,2.69
151,14001,151,2.84
151,16001,151,2.94
151,18001,151,2.74
151,20001,151,2.69
151,22001,151,2.44
151,24001,151,2.32
151,26001,151,2.29
151,28001,151,2.37
151,30001,151,2.29
151,32001,151,2.39
151,34001,151,2.56
151,36001,151,2.51
151,38001,151,2.48
151,40001,151,2.54
151,42001,151,2.61
151,44001,151,2.57
151,46001,151,2.31
151,48001,151,2.28
151,50001,151,2.28
151,52001,151,2.36
151,54001,151,2.46
151,56001,151,2.6
151,58001,151,2.71
151,60001,151,2.87
151,62001,151,2.74
151,64001,151,2.56
151,65535,151,2.64
151,1,161,2.71
151,2001,161,2.63
151,4001,161,2.72
151,6001,161,2.76
151,8001,161,2.75
151,10001,161,2.79
151,12001,161,2.69
151,14001,161,2.75
151,16001,161,2.79
151,18001,161,2.77
151,20001,161,2.53
151,22001,161,2.55
151,24001,161,2.16
151,26001,161,2.21
151,28001,161,2.33
151,30001,161,2.28
151,32001,161,2.36
151,34001,161,2.55
151,36001,161,2.57
151,38001,161,2.48
151,40001,161,2.56
151,42001,161,2.55
151,44001,161,2.5
151,46001,161,2.37
151,48001,161,2.29
151,50001,161,2.26
151,52001,161,2.36
151,54001,161,2.55
151,56001,161,2.56
151,58001,161,2.72
151,60001,161,2.66
151,62001,161,2.81
151,64001,161,2.7
151,65535,161,2.7
151,1,171,2.71
151,2001,171,2.65
151,4001,171,2.75
151,6001,171,2.82
151,8001,171,2.89
151,10001,171,2.85
151,12001,171,2.84
151,14001,171,2.78
151,16001,171,2.79
151,18001,171,2.61
151,20001,171,2.64
151,22001,171,2.48
151,24001,171,2.56
151,26001,171,2.29
151,28001,171,2.34
151,30001,171,2.31
151,32001,171,2.27
151,34001,171,2.31
151,36001,171,2.49
151,38001,171,2.5
151,40001,171,2.61
151,42001,171,2.7
151,44001,171,2.52
151,46001,171,2.43
151,48001,171,2.2
151,50001,171,2.2
151,52001,171,2.29
151,54001,171,2.51
151,56001,171,2.54
151,58001,171,2.79
151,60001,171,2.88
151,62001,171,2.77
151,64001,171,2.82
151,65535,171,2.77
151,1,181,2.74
151,2001,181,2.65
151,4001,181,2.72
151,6001,181,2.79
151,8001,181,2.94
151,10001,181,2.71
151,12001,181,2.67
151,14001,181,2.82
151,16001,181,2.85
151,18001,181,2.71
151,20001,181,2.62
151,22001,181,2.33
151,24001,181,2.22
151,26001,181,2.13
151,28001,181,2.09
151,30001,181,2.14
151,32001,181,2.13
151,34001,181,2.33
151,36001,181,2.34
151,38001,181,2.56
151,40001,181,2.6
151,42001,181,2.55
151,44001,181,2.47
151,46001,181,2.35
151,48001,181,2.16
151,50001,181,2.47
151,52001,181,2.3
151,54001,181,2.49
151,56001,181,2.75
151,58001,181,2.69
151,60001,181,2.81
151,62001,181,2.76
151,64001,181,2.68
151,65535,181,2.62
151,1,191,2.48
151,2001,191,2.57
151,4001,191,2.82
151,6001,191,2.8
151,8001,191,2.77
151,10001,191,2.8
151,12001,191,2.77
151,14001,191,2.73
151,16001,191,2.69
151,18001,191,2.74
151,20001,191,2.56
151,22001,191,2.47
151,24001,191,2.12
151,26001,191,2.22
151,28001,191,2.2
151,30001,191,2.16
151,32001,191,2.18
151,34001,191,2.3
151,36001,191,2.54
151,38001,191,2.51
151,40001,191,2.41
151,42001,191,2.51
151,44001,191,2.39
151,46001,191,2.45
151,48001,191,2.27
151,50001,191,2.32
151,52001,191,2.38
151,54001,191,2.37
151,56001,191,2.56
151,58001,191,2.73
151,60001,191,2.71
151,62001,191,2.82
151,64001,191,2.7
151,65535,191,2.65
151,1,201,2.53
151,2001,201,2.58
151,4001,201,2.62
151,6001,201,2.84
151,8001,201,2.78
151,10001,201,2.67
151,12001,201,2.75
151,14001,201,2.67
151,16001,201,2.74
151,18001,201,2.76
151,20001,201,2.76
151,22001,201,2.38
151,24001,201,2.29
151,26001,201,2.09
151,28001,201,2.26
151,30001,201,2.21
151,32001,201,2.22
151,34001,201,2.12
151,36001,201,2.4
151,38001,201,2.45
151,40001,201,2.41
151,42001,201,2.41
151,44001,201,2.43
151,46001,201,2.36
151,48001,201,2.29
151,50001,201,2.4
151,52001,201,2.43
151,54001,201,2.45
151,56001,201,2.54
151,58001,201,2.77
151,60001,201,2.75
151,62001,201,2.88
151,64001,201,2.64
151,65535,201,2.78
151,1,211,2.57
151,2001,211,2.51
151,4001,211,2.67
151,6001,211,2.72
151,8001,211,2.63
151,10001,211,2.68
151,12001,211,2.8
151,14001,211,2.86
151,16001,211,2.73
151,18001,211,2.84
151,20001,211,2.66
151,22001,211,2.43
151,24001,211,2.32
151,26001,211,2.08
151,28001,211,2.14
151,30001,211,2.18
151,32001,211,2.21
151,34001,211,2.17
151,36001,211,2.27
151,38001,211,2.46
151,40001,211,2.4
151,42001,211,2.39
151,44001,211,2.27
151,46001,211,2.32
151,48001,211,2.2
151,50001,211,2.19
151,52001,211,2.36
151,54001,211,2.42
151,56001,211,2.48
151,58001,211,2.72
151,60001,211,2.61
151,62001,211,2.74
151,64001,211,2.73
151,65535,211,2.58
151,1,221,2.57
151,2001,221,2.58
151,4001,221,2.61
151,6001,221,2.67
151,8001,221,2.72
151,10001,221,2.75
151,12001,221,2.9
151,14001,221,2.66
151,16001,221,2.65
151,18001,221,2.9
151,20001,221,2.74
151,22001,221,2.19
151,24001,221,2.25
151,26001,221,2.07
151,28001,221,2.07
151,30001,221,2.01
151,32001,221,2.13
151,34001,221,2.17
151,36001,221,2.3
151,38001,221,2.41
151,40001,221,2.56
151,42001,221,2.44
151,44001,221,2.37
151,46001,221,2.29
151,48001,221,2.3
151,50001,221,2.09
151,52001,221,2.3
151,54001,221,2.42
151,56001,221,2.53
151,58001,221,2.66
151,60001,221,2.56
151,62001,221,2.53
151,64001,221,2.61
151,65535,221,2.59
151,1,231,2.5
151,2001,231,2.58
151,4001,231,2.46
151,6001,231,2.67
151,8001,231,2.81
151,10001,231,2.55
151,12001,231,2.76
151,14001,231,2.7
151,16001,231,2.63
151,18001,231,2.75
151,20001,231,2.61
151,22001,231,2.41
151,24001,231,2.18
151,26001,231,2.06
151,28001,231,2.06
151,30001,231,2.04
151,32001,231,2.1
151,34001,231,2.29
151,36001,231,2.42
151,38001,231,2.33
151,40001,231,2.32
151,42001,231,2.28
151,44001,231,2.26
151,46001,231,2.23
151,48001,231,2.21
151,50001,231,2.19
151,52001,231,2.35
151,54001,231,2.53
151,56001,231,2.55
151,58001,231,2.58
151,60001,231,2.64
151,62001,231,2.51
151,64001,231,2.62
151,65535,231,2.49
151,1,241,2.41
151,2001,241,2.53
151,4001,241,2.44
151,6001,241,2.65
151,8001,241,2.57
151,10001,241,2.7
151,12001,241,2.76
151,14001,241,2.78
151,16001,241,2.79
151,18001,241,2.79
151,20001,241,2.56
151,22001,241,2.29
151,24001,241,2.18
151,26001,241,2.11
151,28001,241,1.97
151,30001,241,2.01
151,32001,241,2.01
151,34001,241,2.18
151,36001,241,2.25
151,38001,241,2.37
151,40001,241,2.22
151,42001,241,2.32
151,44001,241,2.22
151,46001,241,2.42
151,48001,241,2.27
151,50001,241,2.2
151,52001,241,2.34
151,54001,241,2.53
151,56001,241,2.59
151,58001,241,2.67
151,60001,241,2.7
151,62001,241,2.69
151,64001,241,2.66
151,65535,241,2.4
151,1,251,2.4
151,2001,251,2.52
151,4001,251,2.5
151,6001,251,2.69
151,8001,251,2.81
151,10001,251,2.78
151,12001,251,2.72
151,14001,251,2.76
151,16001,251,2.79
151,18001,251,2.67
151,20001,251,2.67
151,22001,251,2.4
151,24001,251,2.2
151,26001,251,2.16
151,28001,251,1.99
151,30001,251,2.12
151,32001,251,2.09
151,34001,251,2.22
151,36001,251,2.3
151,38001,251,2.24
151,40001,251,2.25
151,42001,251,2.26
151,44001,251,2.38
151,46001,251,2.27
151,48001,251,2.16
151,50001,251,2.22
151,52001,251,2.2
151,54001,251,2.44
151,56001,251,2.65
151,58001,251,2.8
151,60001,251,2.57
151,62001,251,2.69
151,64001,251,2.49
151,65535,251,2.58
151,1,254,2.3
151,2001,254,2.55
151,4001,254,2.52
151,6001,254,2.66
151,8001,254,2.76
151,10001,254,2.7
151,12001,254,2.68
151,14001,254,2.79
151,16001,254,2.59
151,18001,254,2.86
151,20001,254,2.56
151,22001,254,2.29
151,24001,254,2.13
151,26001,254,2.01
151,28001,254,2.09
151,30001,254,2.08
151,32001,254,2.15
151,34001,254,2.12
151,36001,254,2.29
151,38001,254,2.27
151,40001,254,2.28
151,42001,254,2.36
151,44001,254,2.42
151,46001,254,2.24
151,48001,254,2.27
151,50001,254,2.28
151,52001,254,2.32
151,54001,254,2.46
151,56001,254,2.6
151,58001,254,2.67
151,60001,254,2.53
151,62001,254,2.56
151,64001,254,2.53
151,65535,254,2.48
161,1,1,2.92
161,2001,1,3.08
161,4001,1,2.93
161,6001,1,3.0
161,8001,1,2.97
161,10001,1,3.08
161,12001,1,3.02
161,14001,1,3.1
161,16001,1,3.12
161,18001,1,3.03
161,20001,1,3.04
161,22001,1,2.91
161,24001,1,3.03
161,26001,1,3.0
161,28001,1,3.13
161,30001,1,3.13
161,32001,1,2.75
161,34001,1,2.91
161,36001,1,3.06
161,38001,1,3.03
161,40001,1,3.02
161,42001,1,3.15
161,44001,1,3.14
161,46001,1,3.05
161,48001,1,2.99
161,50001,1,3.28
161,52001,1,2.86
161,54001,1,2.98
161,56001,1,3.03
161,58001,1,3.02
161,60001,1,3.07
161,62001,1,3.05
161,64001,1,2.91
161,65535,1,3.06
161,1,11,2.98
161,2001,11,3.07
161,4001,11,3.12
161,6001,11,3.01
161,8001,11,3.02
161,10001,11,2.96
161,12001,11,2.97
161,14001,11,2.92
161,16001,11,3.02
161,18001,11,3.03
161,20001,11,3.03
161,22001,11,2.93
161,24001,11,2.92
161,26001,11,2.92
161,28001,11,2.99
161,30001,11,3.01
161,32001,11,3.09
161,34001,11,2.94
161,36001,11,3.14
161,38001,11,2.97
161,40001,11,3.0
161,42001,11,2.94
161,44001,11,3.07
161,46001,11,2.92
161,48001,11,2.95
161,50001,11,2.94
161,52001,11,2.88
161,54001,11,2.91
161,56001,11,3.02
161,58001,11,3.03
161,60001,11,3.08
161,62001,11,3.16
161,64001,11,3.18
161,65535,11,3.18
161,1,21,3.0
161,2001,21,2.97
161,4001,21,3.1
161,6001,21,2.95
161,8001,21,2.95
161,10001,21,3.18
161,12001,21,3.01
161,14001,21,2.95
161,16001,21,2.95
161,18001,21,2.98
161,20001,21,2.95
161,22001,21,2.9
161,24001,21,2.82
161,26001,21,2.89
161,28001,21,2.92
161,30001,21,2.95
161,32001,21,2.94
161,34001,21,3.0
161,36001,21,3.01
161,38001,21,3.03
161,40001,21,2.99
161,42001,21,3.03
161,44001,21,2.95
161,46001,21,3.01
161,48001,21,2.93
161,50001,21,2.95
161,52001,21,2.83
161,54001,21,2.86
161,56001,21,3.0
161,58001,21,3.02
161,60001,21,2.94
161,62001,21,3.11
161,64001,21,2.95
161,65535,21,2.94
161,1,31,3.04
161,2001,31,2.93
161,4001,31,3.08
161,6001,31,3.14
161,8001,31,3.15
161,10001,31,3.03
161,12001,31,3.11
161,14001,31,3.0
161,16001,31,2.94
161,18001,31,3.06
161,20001,31,3.04
161,22001,31,2.95
161,24001,31,2.89
161,26001,31,2.87
161,28001,31,2.86
161,30001,31,2.82
161,32001,31,2.96
161,34001,31,3.07
161,36001,31,3.03
161,38001,31,2.96
161,40001,31,3.03
161,42001,31,3.0
161,44001,31,2.9
161,46001,31,2.95
161,48001,31,2.88
161,50001,31,2.91
161,52001,31,2.96
161,54001,31,2.77
161,56001,31,2.96
161,58001,31,3.01
161,60001,31,3.03
161,62001,31,3.02
161,64001,31,2.98
161,65535,31,2.99
161,1,41,2.86
161,2001,41,3.0
161,4001,41,3.05
161,6001,41,3.04
161,8001,41,3.04
161,10001,41,3.02
161,12001,41,2.99
161,14001,41,3.12
161,16001,41,2.97
161,18001,41,3.18
161,20001,41,3.0
161,22001,41,3.02
161,24001,41,2.94
161,26001,41,2.91
161,28001,41,2.78
161,30001,41,2.86
161,32001,41,3.01
161,34001,41,2.94
161,36001,41,2.95
161,38001,41,3.02
161,40001,41,2.93
161,42001,41,2.95
161,44001,41,2.97
161,46001,41,2.9
161,48001,41,3.1
161,50001,41,2.86
161,52001,41,2.89
161,54001,41,2.94
161,56001,41,3.11
161,58001,41,2.99
161,60001,41,3.07
161,62001,41,3.19
161,64001,41,2.91
161,65535,41,3.2
161,1,51,2.94
161,2001,51,3.05
161,4001,51,3.06
161,6001,51,3.02
161,8001,51,2.98
161,10001,51,2.94
161,12001,51,2.94
161,14001,51,2.97
161,16001,51,3.02
161,18001,51,3.04
161,20001,51,3.01
161,22001,51,2.72
161,24001,51,2.69
161,26001,51,2.82
161,28001,51,2.84
161,30001,51,2.82
161,32001,51,2.9
161,34001,51,2.96
161,36001,51,2.88
161,38001,51,2.93
161,40001,51,3.03
161,42001,51,2.87
161,44001,51,2.82
161,46001,51,2.92
161,48001,51,2.63
161,50001,51,2.87
161,52001,51,2.88
161,54001,51,2.91
161,56001,51,3.07
161,58001,51,2.96
161,60001,51,2.97
161,62001,51,2.97
161,64001,51,2.97
161,65535,51,3.0
161,1,61,3.07
161,2001,61,3.04
161,4001,61,3.02
161,6001,61,2.92
161,8001,61,3.04
161,10001,61,2.98
161,12001,61,2.93
161,14001,61,2.97
161,16001,61,3.01
161,18001,61,2.97
161,20001,61,3.04
161,22001,61,2.94
161,24001,61,2.73
161,26001,61,2.72
161,28001,61,2.77
161,30001,61,2.8
161,32001,61,2.86
161,34001,61,2.75
161,36001,61,2.78
161,38001,61,2.95
161,40001,61,3.0
161,42001,61,3.11
161,44001,61,2.88
161,46001,61,2.85
161,48001,61,2.64
161,50001,61,2.78
161,52001,61,2.76
161,54001,61,2.84
161,56001,61,3.01
161,58001,61,2.95
161,60001,61,3.06
161,62001,61,3.04
161,64001,61,3.02
161,65535,61,3.14
161,1,71,2.92
161,2001,71,3.06
161,4001,71,3.11
161,6001,71,3.01
161,8001,71,3.09
161,10001,71,3.05
161,12001,71,3.05
161,14001,71,2.97
161,16001,71,3.03
161,18001,71,2.98
161,20001,71,2.95
161,22001,71,2.81
161,24001,71,2.63
161,26001,71,2.59
161,28001,71,2.62
161,30001,71,2.94
161,32001,71,2.71
161,34001,71,2.89
161,36001,71,2.97
161,38001,71,3.0
161,40001,71,3.05
161,42001,71,2.9
161,44001,71,2.91
161,46001,71,3.04
161,48001,71,2.81
161,50001,71,2.83
161,52001,71,3.01
161,54001,71,3.01
161,56001,71,2.95
161,58001,71,3.04
161,60001,71,3.05
161,62001,71,3.13
161,64001,71,3.12
161,65535,71,3.18
161,1,81,3.11
161,2001,81,2.98
161,4001,81,3.06
161,6001,81,3.14
161,8001,81,3.02
161,10001,81,3.04
161,12001,81,3.02
161,14001,81,3.07
161,16001,81,2.94
161,18001,81,2.95
161,20001,81,3.01
161,22001,81,2.9
161,24001,81,2.62
161,26001,81,2.62
161,28001,81,2.58
161,30001,81,2.82
161,32001,81,2.9
161,34001,81,2.72
161,36001,81,2.9
161,38001,81,2.86
161,40001,81,3.11
161,42001,81,2.92
161,44001,81,2.88
161,46001,81,2.84
161,48001,81,2.64
161,50001,81,2.61
161,52001,81,2.78
161,54001,81,2.85
161,56001,81,2.83
161,58001,81,2.98
161,60001,81,3.05
161,62001,81,3.1
161,64001,81,2.99
161,65535,81,2.89
161,1,91,3.15
161,2001,91,3.09
161,4001,91,3.03
161,6001,91,3.08
161,8001,91,2.97
161,10001,91,2.95
161,12001,91,2.93
161,14001,91,2.94
161,16001,91,3.08
161,18001,91,2.9
161,20001,91,2.97
161,22001,91,2.86
161,24001,91,2.48
161,26001,91,2.54
161,28001,91,2.54
161,30001,91,2.92
161,32001,91,2.67
161,34001,91,2.69
161,36001,91,2.93
161,38001,91,2.99
161,40001,91,2.99
161,42001,91,2.85
161,44001,91,2.9
161,46001,91,2.84
161,48001,91,2.54
161,50001,91,2.66
161,52001,91,2.59
161,54001,91,2.72
161,56001,91,2.87
161,58001,91,3.07
161,60001,91,2.99
161,62001,91,2.97
161,64001,91,3.0
161,65535,91,3.05
161,1,101,3.08
161,2001,101,2.95
161,4001,101,3.13
161,6001,101,2.88
161,8001,101,2.89
161,10001,101,2.85
161,12001,101,3.07
161,14001,101,2.89
161,16001,101,3.01
161,18001,101,2.98
161,20001,101,2.96
161,22001,101,2.73
161,24001,101,2.74
161,26001,101,2.59
161,28001,101,2.57
161,30001,101,2.5
161,32001,101,2.66
161,34001,101,2.84
161,36001,101,2.75
161,38001,101,2.96
161,40001,101,2.91
161,42001,101,2.87
161,44001,101,2.79
161,46001,101,2.67
161,48001,101,2.76
161,50001,101,2.67
161,52001,101,2.6
161,54001,101,2.8
161,56001,101,2.8
161,58001,101,2.98
161,60001,101,2.94
161,62001,101,3.15
161,64001,101,3.17
161,65535,101,3.1
161,1,111,3.16
161,2001,111,2.96
161,4001,111,3.04
161,6001,111,2.99
161,8001,111,3.08
161,10001,111,3.01
161,12001,111,3.03
161,14001,111,3.02
161,16001,111,3.02
161,18001,111,2.83
161,20001,111,2.99
161,22001,111,2.76
161,24001,111,2.53
161,26001,111,2.45
161,28001,111,2.55
161,30001,111,2.64
161,32001,111,2.61
161,34001,111,2.65
161,36001,111,2.85
161,38001,111,2.82
161,40001,111,2.94
161,42001,111,2.93
161,44001,111,2.85
161,46001,111,2.81
161,48001,111,2.52
161,50001,111,2.53
161,52001,111,2.75
161,54001,111,2.72
161,56001,111,2.89
161,58001,111,2.92
161,60001,111,2.97
161,62001,111,3.02
161,64001,111,3.03
161,65535,111,2.96
161,1,121,2.97
161,2001,121,3.03
161,4001,121,2.93
161,6001,121,3.15
161,8001,121,3.06
161,10001,121,2.94
161,12001,121,3.02
161,14001,121,2.98
161,16001,121,2.99
161,18001,121,3.02
161,20001,121,2.83
161,22001,121,2.74
161,24001,121,2.71
161,26001,121,2.51
161,28001,121,2.58
161,30001,121,2.51
161,32001,121,2.58
161,34001,121,2.69
161,36001,121,2.84
161,38001,121,2.86
161,40001,121,2.8
161,42001,121,2.89
161,44001,121,2.73
161,46001,121,2.73
161,48001,121,2.57
161,50001,121,2.47
161,52001,121,2.69
161,54001,121,2.64
161,56001,121,2.79
161,58001,121,2.91
161,60001,121,2.96
161,62001,121,3.21
161,64001,121,3.07
161,65535,121,3.09
161,1,131,3.06
161,2001,131,2.93
161,4001,131,2.94
161,6001,131,3.01
161,8001,131,2.99
161,10001,131,2.86
161,12001,131,2.89
161,14001,131,3.05
161,16001,131,2.95
161,18001,131,2.88
161,20001,131,2.95
161,22001,131,2.82
161,24001,131,2.49
161,26001,131,2.55
161,28001,131,2.46
161,30001,131,2.5
161,32001,131,2.6
161,34001,131,2.71
161,36001,131,2.67
161,38001,131,2.83
161,40001,131,2.8
161,42001,131,2.87
161,44001,131,2.85
161,46001,131,2.55
161,48001,131,2.55
161,50001,131,2.55
161,52001,131,2.63
161,54001,131,2.67
161,56001,131,2.85
161,58001,131,2.83
161,60001,131,2.95
161,62001,131,2.95
161,64001,131,3.02
161,65535,131,3.0
161,1,141,2.98
161,2001,141,3.09
161,4001,141,3.01
161,6001,141,3.07
161,8001,141,2.94
161,10001,141,3.03
161,12001,141,3.11
161,14001,141,2.9
161,16001,141,3.0
161,18001,141,3.1
161,20001,141,2.96
161,22001,141,2.86
161,24001,141,2.5
161,26001,141,2.49
161,28001,141,2.51
161,30001,141,2.62
161,32001,141,2.57
161,34001,141,2.61
161,36001,141,2.79
161,38001,141,2.76
161,40001,141,2.84
161,42001,141,2.71
161,44001,141,2.7
161,46001,141,2.64
161,48001,141,2.57
161,50001,141,2.55
161,52001,141,2.53
161,54001,141,2.78
161,56001,141,2.83
161,58001,141,2.93
161,60001,141,2.99
161,62001,141,3.11
161,64001,141,3.03
161,65535,141,3.17
161,1,151,2.87
161,2001,151,3.15
161,4001,151,3.02
161,6001,151,3.0
161,8001,151,3.0
161,10001,151,2.92
161,12001,151,3.01
161,14001,151,3.05
161,16001,151,3.07
161,18001,151,3.01
161,20001,151,2.8
161,22001,151,2.74
161,24001,151,2.55
161,26001,151,2.51
161,28001,151,2.35
161,30001,151,2.61
161,32001,151,2.6
161,34001,151,2.6
161,36001,151,2.43
161,38001,151,2.66
161,40001,151,2.82
161,42001,151,2.71
161,44001,151,2.69
161,46001,151,2.57
161,48001,151,2.58
161,50001,151,2.46
161,52001,151,2.59
161,54001,151,2.72
161,56001,151,2.72
161,58001,151,2.98
161,60001,151,2.96
161,62001,151,2.93
161,64001,151,3.03
161,65535,151,2.93
161,1,161,2.9
161,2001,161,3.11
161,4001,161,2.94
161,6001,161,3.0
161,8001,161,2.77
161,10001,161,2.78
161,12001,161,3.0
161,14001,161,2.95
161,16001,161,2.97
161,18001,161,2.91
161,20001,161,2.9
161,22001,161,2.62
161,24001,161,2.5
161,26001,161,2.39
161,28001,161,2.26
161,30001,161,2.4
161,32001,161,2.45
161,34001,161,2.56
161,36001,161,2.65
161,38001,161,2.68
161,40001,161,2.79
161,42001,161,2.77
161,44001,161,2.73
161,46001,161,2.59
161,48001,161,2.54
161,50001,161,2.35
161,52001,161,2.55
161,54001,161,2.64
161,56001,161,2.82
161,58001,161,2.88
161,60001,161,2.92
161,62001,161,2.98
161,64001,161,2.96
161,65535,161,2.93
161,1,171,3.03
161,2001,171,2.83
161,4001,171,3.07
161,6001,171,3.07
161,8001,171,2.84
161,10001,171,2.98
161,12001,171,2.94
161,14001,171,3.03
161,16001,171,3.03
161,18001,171,3.13
161,20001,171,2.7
161,22001,171,2.65
161,24001,171,2.52
161,26001,171,2.39
161,28001,171,2.24
161,30001,171,2.38
161,32001,171,2.58
161,34001,171,2.53
161,36001,171,2.65
161,38001,171,2.67
161,40001,171,2.66
161,42001,171,2.78
161,44001,171,2.69
161,46001,171,2.59
161,48001,171,2.49
161,50001,171,2.36
161,52001,171,2.49
161,54001,171,2.56
161,56001,171,2.81
161,58001,171,2.84
161,60001,171,3.17
161,62001,171,2.97
161,64001,171,2.82
161,65535,171,2.96
161,1,181,2.89
161,2001,181,2.84
161,4001,181,3.01
161,6001,181,2.92
161,8001,181,3.1
161,10001,181,3.12
161,12001,181,2.92
161,14001,181,2.95
161,16001,181,3.0
161,18001,181,2.95
161,20001,181,2.9
161,22001,181,2.73
161,24001,181,2.51
161,26001,181,2.26
161,28001,181,2.19
161,30001,181,2.26
161,32001,181,2.45
161,34001,181,2.56
161,36001,181,2.53
161,38001,181,2.53
161,40001,181,2.67
161,42001,181,2.71
161,44001,181,2.56
161,46001,181,2.51
161,48001,181,2.43
161,50001,181,2.52
161,52001,181,2.5
161,54001,181,2.57
161,56001,181,2.89
161,58001,181,2.86
161,60001,181,2.93
161,62001,181,2.94
161,64001,181,3.15
161,65535,181,2.98
161,1,191,2.88
161,2001,191,2.83
161,4001,191,2.94
161,6001,191,3.01
161,8001,191,2.88
161,10001,191,2.91
161,12001,191,3.0
161,14001,191,3.07
161,16001,191,3.14
161,18001,191,2.85
161,20001,191,2.83
161,22001,191,2.74
161,24001,191,2.56
161,26001,191,2.36
161,28001,191,2.3
161,30001,191,2.43
161,32001,191,2.45
161,34001,191,2.56
161,36001,191,2.64
161,38001,191,2.82
161,40001,191,2.57
161,42001,191,2.73
161,44001,191,2.62
161,46001,191,2.63
161,48001,191,2.37
161,50001,191,2.48
161,52001,191,2.64
161,54001,191,2.61
161,56001,191,2.66
161,58001,191,2.82
161,60001,191,2.92
161,62001,191,2.92
161,64001,191,2.85
161,65535,191,2.78
161,1,201,2.78
161,2001,201,2.82
161,4001,201,2.99
161,6001,201,3.0
161,8001,201,2.88
161,10001,201,2.9
161,12001,201,2.93
161,14001,201,2.73
161,16001,201,3.0
161,18001,201,2.86
161,20001,201,2.86
161,22001,201,2.65
161,24001,201,2.41
161,26001,201,2.27
161,28001,201,2.23
161,30001,201,2.37
161,32001,201,2.32
161,34001,201,2.5
161,36001,201,2.63
161,38001,201,2.52
161,40001,201,2.65
161,42001,201,2.64
161,44001,201,2.72
161,46001,201,2.56
161,48001,201,2.41
161,50001,201,2.31
161,52001,201,2.48
161,54001,201,2.58
161,56001,201,2.83
161,58001,201,2.87
161,60001,201,2.87
161,62001,201,2.92
161,64001,201,2.92
161,65535,201,2.91
161,1,211,2.8
161,2001,211,2.75
161,4001,211,2.84
161,6001,211,2.87
161,8001,211,3.07
161,10001,211,2.78
161,12001,211,2.98
161,14001,211,2.94
161,16001,211,3.12
161,18001,211,3.03
161,20001,211,2.81
161,22001,211,2.66
161,24001,211,2.44
161,26001,211,2.13
161,28001,211,2.32
161,30001,211,2.2
161,32001,211,2.28
161,34001,211,2.44
161,36001,211,2.43
161,38001,211,2.77
161,40001,211,2.52
161,42001,211,2.62
161,44001,211,2.54
161,46001,211,2.57
161,48001,211,2.41
161,50001,211,2.51
161,52001,211,2.46
161,54001,211,2.52
161,56001,211,2.59
161,58001,211,2.86
161,60001,211,2.92
161,62001,211,2.96
161,64001,211,2.69
161,65535,211,2.68
161,1,221,2.67
161,2001,221,2.71
161,4001,221,2.83
161,6001,221,2.91
161,8001,221,2.98
161,10001,221,2.8
161,12001,221,2.95
161,14001,221,2.96
161,16001,221,2.71
161,18001,221,2.94
161,20001,221,2.83
161,22001,221,2.54
161,24001,221,2.37
161,26001,221,2.18
161,28001,221,2.24
161,30001,221,2.46
161,32001,221,2.3
161,34001,221,2.27
161,36001,221,2.53
161,38001,221,2.66
161,40001,221,2.53
161,42001,221,2.6
161,44001,221,2.53
161,46001,221,2.43
161,48001,221,2.39
161,50001,221,2.34
161,52001,221,2.46
161,54001,221,2.6
161,56001,221,2.8
161,58001,221,2.87
161,60001,221,2.95
161,62001,221,2.77
161,64001,221,2.82
161,65535,221,2.68
161,1,231,2.63
161,2001,231,2.73
161,4001,231,2.85
161,6001,231,2.98
161,8001,231,2.8
161,10001,231,2.87
161,12001,231,2.9
161,14001,231,2.92
161,16001,231,3.01
161,18001,231,2.98
161,20001,231,2.78
161,22001,231,2.56
161,24001,231,2.4
161,26001,231,2.12
161,28001,231,2.23
161,30001,231,2.09
161,32001,231,2.3
161,34001,231,2.42
161,36001,231,2.54
161,38001,231,2.53
161,40001,231,2.39
161,42001,231,2.65
161,44001,231,2.69
161,46001,231,2.57
161,48001,231,2.39
161,50001,231,2.36
161,52001,231,2.6
161,54001,231,2.57
161,56001,231,2.78
161,58001,231,2.97
161,60001,231,2.96
161,62001,231,2.85
161,64001,231,2.74
161,65535,231,2.72
161,1,241,2.55
161,2001,241,2.57
161,4001,241,2.82
161,6001,241,2.77
161,8001,241,2.8
161,10001,241,3.02
161,12001,241,2.89
161,14001,241,2.98
161,16001,241,2.99
161,18001,241,2.87
161,20001,241,2.85
161,22001,241,2.61
161,24001,241,2.24
161,26001,241,2.28
161,28001,241,2.09
161,30001,241,2.3
161,32001,241,2.27
161,34001,241,2.16
161,36001,241,2.33
161,38001,241,2.44
161,40001,241,2.47
161,42001,241,2.29
161,44001,241,2.52
161,46001,241,2.36
161,48001,241,2.36
161,50001,241,2.26
161,52001,241,2.43
161,54001,241,2.85
161,56001,241,2.73
161,58001,241,2.96
161,60001,241,2.89
161,62001,241,2.94
161,64001,241,2.67
161,65535,241,2.59
161,1,251,2.57
161,2001,251,2.45
161,4001,251,2.67
161,6001,251,2.77
161,8001,251,2.84
161,10001,251,2.85
161,12001,251,2.93
161,14001,251,2.84
161,16001,251,2.98
161,18001,251,2.86
161,20001,251,2.92
161,22001,251,2.61
161,24001,251,2.29
161,26001,251,2.21
161,28001,251,2.29
161,30001,251,2.12
161,32001,251,2.32
161,34001,251,2.47
161,36001,251,2.38
161,38001,251,2.49
161,40001,251,2.56
161,42001,251,2.4
161,44001,251,2.43
161,46001,251,2.32
161,48001,251,2.37
161,50001,251,2.36
161,52001,251,2.59
161,54001,251,2.67
161,56001,251,2.74
161,58001,251,2.84
161,60001,251,2.81
161,62001,251,2.75
161,64001,251,2.58
161,65535,251,2.51
161,1,254,2.51
161,2001,254,2.5
161,4001,254,2.72
161,6001,254,2.96
161,8001,254,2.88
161,10001,254,2.89
161,12001,254,2.85
161,14001,254,2.85
161,16001,254,2.89
161,18001,254,2.95
161,20001,254,2.95
161,22001,254,2.42
161,24001,254,2.31
161,26001,254,2.11
161,28001,254,2.1
161,30001,254,2.15
161,32001,254,2.28
161,34001,254,2.31
161,36001,254,2.23
161,38001,254,2.45
161,40001,254,2.44
161,42001,254,2.41
161,44001,254,2.51
161,46001,254,2.53
161,48001,254,2.36
161,50001,254,2.38
161,52001,254,2.56
161,54001,254,2.58
161,56001,254,2.81
161,58001,254,2.98
161,60001,254,2.95
161,62001,254,2.76
161,64001,254,2.78
161,65535,254,2.57
171,1,1,3.26
171,2001,1,3.34
171,4001,1,3.23
171,6001,1,3.36
171,8001,1,3.33
171,10001,1,3.26
171,12001,1,3.31
171,14001,1,3.25
171,16001,1,3.12
171,18001,1,3.09
171,20001,1,3.24
171,22001,1,3.08
171,24001,1,3.31
171,26001,1,3.3
171,28001,1,3.2
171,30001,1,3.19
171,32001,1,3.19
171,34001,1,3.24
171,36001,1,3.3
171,38001,1,3.28
171,40001,1,3.28
171,42001,1,3.26
171,44001,1,3.2
171,46001,1,3.28
171,48001,1,3.24
171,50001,1,3.3
171,52001,1,3.26
171,54001,1,3.24
171,56001,1,3.28
171,58001,1,3.15
171,60001,1,3.33
171,62001,1,3.24
171,64001,1,3.26
171,65535,1,3.07
171,1,11,3.28
171,2001,11,3.39
171,4001,11,3.27
171,6001,11,3.28
171,8001,11,3.16
171,10001,11,3.14
171,12001,11,3.17
171,14001,11,3.29
171,16001,11,3.32
171,18001,11,3.29
171,20001,11,3.19
171,22001,11,3.4
171,24001,11,3.15
171,26001,11,3.11
171,28001,11,3.09
171,30001,11,3.2
171,32001,11,3.24
171,34001,11,3.21
171,36001,11,3.22
171,38001,11,3.24
171,40001,11,3.41
171,42001,11,3.22
171,44001,11,3.39
171,46001,11,3.2
171,48001,11,3.24
171,50001,11,3.26
171,52001,11,3.11
171,54001,11,3.11
171,56001,11,3.22
171,58001,11,3.24
171,60001,11,3.2
171,62001,11,3.13
171,64001,11,3.17
171,65535,11,3.33
171,1,21,3.28
171,2001,21,3.22
171,4001,21,3.2
171,6001,21,3.16
171,8001,21,3.22
171,10001,21,3.2
171,12001,21,3.22
171,14001,21,3.24
171,16001,21,3.27
171,18001,21,3.26
171,20001,21,3.22
171,22001,21,3.05
171,24001,21,3.08
171,26001,21,3.1
171,28001,21,3.13
171,30001,21,3.2
171,32001,21,3.16
171,34001,21,3.15
171,36001,21,3.31
171,38001,21,3.25
171,40001,21,3.19
171,42001,21,3.17
171,44001,21,3.24
171,46001,21,3.21
171,48001,21,3.29
171,50001,21,3.17
171,52001,21,3.11
171,54001,21,3.26
171,56001,21,3.11
171,58001,21,3.22
171,60001,21,3.38
171,62001,21,3.24
171,64001,21,3.19
171,65535,21,3.34
171,1,31,3.23
171,2001,31,3.35
171,4001,31,3.2
171,6001,31,3.12
171,8001,31,3.22
171,10001,31,3.24
171,12001,31,3.31
171,14001,31,3.15
171,16001,31,3.2
171,18001,31,3.21
171,20001,31,3.35
171,22001,31,3.11
171,24001,31,3.13
171,26001,31,3.21
171,28001,31,3.07
171,30001,31,3.13
171,32001,31,3.19
171,34001,31,3.22
171,36001,31,3.23
171,38001,31,3.33
171,40001,31,3.34
171,42001,31,3.22
171,44001,31,3.19
171,46001,31,3.07
171,48001,31,3.1
171,50001,31,3.21
171,52001,31,3.01
171,54001,31,3.1
171,56001,31,3.28
171,58001,31,3.14
171,60001,31,3.2
171,62001,31,3.18
171,64001,31,3.24
171,65535,31,3.28
171,1,41,3.36
171,2001,41,3.18
171,4001,41,3.26
171,6001,41,3.37
171,8001,41,3.3
171,10001,41,3.29
171,12001,41,3.19
171,14001,41,3.25
171,16001,41,3.17
171,18001,41,3.31
171,20001,41,3.28
171,22001,41,3.01
171,24001,41,3.21
171,26001,41,3.09
171,28001,41,2.99
171,30001,41,3.06
171,32001,41,3.16
171,34001,41,3.22
171,36001,41,3.31
171,38001,41,3.05
171,40001,41,3.24
171,42001,41,3.17
171,44001,41,3.16
171,46001,41,3.14
171,48001,41,2.99
171,50001,41,3.05
171,52001,41,3.18
171,54001,41,3.13
171,56001,41,3.17
171,58001,41,3.33
171,60001,41,3.13
171,62001,41,3.33
171,64001,41,3.27
171,65535,41,3.22
171,1,51,3.29
171,2001,51,3.32
171,4001,51,3.39
171,6001,51,3.25
171,8001,51,3.23
171,10001,51,3.19
171,12001,51,3.25
171,14001,51,3.41
171,16001,51,3.27
171,18001,51,3.19
171,20001,51,3.04
171,22001,51,3.03
171,24001,51,3.03
171,26001,51,2.9
171,28001,51,2.91
171,30001,51,3.08
171,32001,51,3.09
171,34001,51,3.19
171,36001,51,3.07
171,38001,51,3.12
171,40001,51,3.15
171,42001,51,3.19
171,44001,51,3.03
171,46001,51,3.09
171,48001,51,3.08
171,50001,51,3.04
171,52001,51,3.19
171,54001,51,3.11
171,56001,51,3.29
171,58001,51,3.15
171,60001,51,3.46
171,62001,51,3.12
171,64001,51,3.38
171,65535,51,3.2
171,1,61,3.3
171,2001,61,3.34
171,4001,61,3.39
171,6001,61,3.29
171,8001,61,3.3
171,10001,61,3.29
171,12001,61,3.44
171,14001,61,3.25
171,16001,61,3.21
171,18001,61,3.23
171,20001,61,3.1
171,22001,61,3.11
171,24001,61,2.85
171,26001,61,2.91
171,28001,61,3.11
171,30001,61,3.12
171,32001,61,3.04
171,34001,61,3.29
171,36001,61,3.16
171,38001,61,3.2
171,40001,61,3.11
171,42001,61,3.18
171,44001,61,3.11
171,46001,61,3.08
171,48001,61,2.98
171,50001,61,2.83
171,52001,61,3.04
171,54001,61,3.13
171,56001,61,3.13
171,58001,61,3.19
171,60001,61,3.35
171,62001,61,3.32
171,64001,61,3.16
171,65535,61,3.26
171,1,71,3.16
171,2001,71,3.11
171,4001,71,3.36
171,6001,71,3.33
171,8001,71,3.29
171,10001,71,3.24
171,12001,71,3.35
171,14001,71,3.12
171,16001,71,3.25
171,18001,71,3.21
171,20001,71,3.02
171,22001,71,3.0
171,24001,71,2.85
171,26001,71,2.87
171,28001,71,2.84
171,30001,71,2.77
171,32001,71,3.16
171,34001,71,3.06
171,36001,71,3.12
171,38001,71,3.15
171,40001,71,3.3
171,42001,71,3.11
171,44001,71,3.11
171,46001,71,3.06
171,48001,71,2.95
171,50001,71,3.0
171,52001,71,3.14
171,54001,71,3.06
171,56001,71,3.12
171,58001,71,3.39
171,60001,71,3.11
171,62001,71,3.18
171,64001,71,3.3
171,65535,71,3.24
171,1,81,3.21
171,2001,81,3.29
171,4001,81,3.41
171,6001,81,3.36
171,8001,81,3.28
171,10001,81,3.22
171,12001,81,3.18
171,14001,81,3.07
171,16001,81,3.09
171,18001,81,3.2
171,20001,81,3.21
171,22001,81,3.07
171,24001,81,2.93
171,26001,81,2.84
171,28001,81,2.78
171,30001,81,2.87
171,32001,81,3.06
171,34001,81,3.06
171,36001,81,3.15
171,38001,81,3.15
171,40001,81,3.14
171,42001,81,3.17
171,44001,81,3.14
171,46001,81,2.85
171,48001,81,2.88
171,50001,81,2.88
171,52001,81,3.01
171,54001,81,3.18
171,56001,81,3.14
171,58001,81,3.23
171,60001,81,3.34
171,62001,81,3.23
171,64001,81,3.27
171,65535,81,3.33
171,1,91,3.17
171,2001,91,3.32
171,4001,91,3.35
171,6001,91,3.32
171,8001,91,3.32
171,10001,91,3.26
171,12001,91,3.22
171,14001,91,3.21
171,16001,91,3.1
171,18001,91,3.12
171,20001,91,3.16
171,22001,91,2.91
171,24001,91,2.89
171,26001,91,2.84
171,28001,91,2.81
171,30001,91,2.84
171,32001,91,2.95
171,34001,91,3.05
171,36001,91,3.09
171,38001,91,3.24
171,40001,91,3.08
171,42001,91,2.98
171,44001,91,3.06
171,46001,91,2.92
171,48001,91,2.86
171,50001,91,2.89
171,52001,91,2.9
171,54001,91,3.06
171,56001,91,3.03
171,58001,91,3.25
171,60001,91,3.31
171,62001,91,3.32
171,64001,91,3.31
171,65535,91,3.27
171,1,101,3.15
171,2001,101,3.31
171,4001,101,3.29
171,6001,101,3.28
171,8001,101,3.27
171,10001,101,3.19
171,12001,101,3.36
171,14001,101,3.22
171,16001,101,3.18
171,18001,101,3.24
171,20001,101,3.1
171,22001,101,2.99
171,24001,101,2.91
171,26001,101,2.7
171,28001,101,2.74
171,30001,101,2.9
171,32001,101,2.85
171,34001,101,2.95
171,36001,101,3.07
171,38001,101,3.09
171,40001,101,3.21
171,42001,101,3.16
171,44001,101,2.95
171,46001,101,3.05
171,48001,101,2.83
171,50001,101,2.77
171,52001,101,2.91
171,54001,101,2.95
171,56001,101,2.99
171,58001,101,3.29
171,60001,101,3.23
171,62001,101,3.2
171,64001,101,3.27
171,65535,101,3.22
171,1,111,3.22
171,2001,111,3.29
171,4001,111,3.38
171,6001,111,3.38
171,8001,111,3.36
171,10001,111,3.25
171,12001,111,3.15
171,14001,111,3.24
171,16001,111,3.21
171,18001,111,3.14
171,20001,111,3.06
171,22001,111,3.05
171,24001,111,2.81
171,26001,111,2.75
171,28001,111,2.72
171,30001,111,2.75
171,32001,111,2.81
171,34001,111,2.85
171,36001,111,3.05
171,38001,111,3.2
171,40001,111,3.11
171,42001,111,3.07
171,44001,111,3.01
171,46001,111,3.03
171,48001,111,2.77
171,50001,111,2.77
171,52001,111,2.9
171,54001,111,2.97
171,56001,111,3.0
171,58001,111,3.14
171,60001,111,3.18
171,62001,111,3.33
171,64001,111,3.33
171,65535,111,3.38
171,1,121,3.21
171,2001,121,3.4
171,4001,121,3.23
171,6001,121,3.17
171,8001,121,3.26
171,10001,121,3.28
171,12001,121,3.26
171,14001,121,3.2
171,16001,121,3.32
171,18001,121,3.21
171,20001,121,3.01
171,22001,121,2.94
171,24001,121,2.73
171,26001,121,2.57
171,28001,121,2.66
171,30001,121,2.81
171,32001,121,2.72
171,34001,121,2.74
171,36001,121,2.93
171,38001,121,3.09
171,40001,121,3.17
171,42001,121,3.14
171,44001,121,2.95
171,46001,121,3.03
171,48001,121,2.87
171,50001,121,2.69
171,52001,121,2.94
171,54001,121,2.86
171,56001,121,3.11
171,58001,121,3.21
171,60001,121,3.24
171,62001,121,3.25
171,64001,121,3.08
171,65535,121,3.22
171,1,131,3.1
171,2001,131,3.14
171,4001,131,3.27
171,6001,131,3.22
171,8001,131,3.33
171,10001,131,3.18
171,12001,131,3.05
171,14001,131,3.2
171,16001,131,3.16
171,18001,131,3.27
171,20001,131,3.16
171,22001,131,2.99
171,24001,131,2.76
171,26001,131,2.59
171,28001,131,2.76
171,30001,131,2.68
171,32001,131,2.68
171,34001,131,2.78
171,36001,131,3.01
171,38001,131,2.96
171,40001,131,3.09
171,42001,131,3.02
171,44001,131,2.98
171,46001,131,2.81
171,48001,131,2.75
171,50001,131,2.64
171,52001,131,2.83
171,54001,131,2.87
171,56001,131,3.08
171,58001,131,3.18
171,60001,131,3.24
171,62001,131,3.2
171,64001,131,3.18
171,65535,131,3.22
171,1,141,3.22
171,2001,141,3.21
171,4001,141,3.37
171,6001,141,3.3
171,8001,141,1.04
171,10001,141,3.23
171,12001,141,3.01
171,14001,141,3.16
171,16001,141,3.31
171,18001,141,3.3
171,20001,141,3.19
171,22001,141,3.04
171,24001,141,2.63
171,26001,141,2.72
171,28001,141,2.65
171,30001,141,2.52
171,32001,141,2.68
171,34001,141,2.93
171,36001,141,2.92
171,38001,141,2.88
171,40001,141,3.04
171,42001,141,3.2
171,44001,141,2.99
171,46001,141,2.85
171,48001,141,2.69
171,50001,141,2.72
171,52001,141,2.74
171,54001,141,2.91
171,56001,141,3.13
171,58001,141,3.11
171,60001,141,3.22
171,62001,141,3.21
171,64001,141,3.2
171,65535,141,3.31
171,1,151,3.12
171,2001,151,3.05
171,4001,151,3.21
171,6001,151,3.29
171,8001,151,3.44
171,10001,151,3.23
171,12001,151,3.16
171,14001,151,3.13
171,16001,151,3.25
171,18001,151,3.23
171,20001,151,3.14
171,22001,151,2.89
171,24001,151,2.5
171,26001,151,2.61
171,28001,151,2.52
171,30001,151,2.7
171,32001,151,2.76
171,34001,151,2.76
171,36001,151,2.95
171,38001,151,3.1
171,40001,151,2.86
171,42001,151,2.81
171,44001,151,2.94
171,46001,151,2.76
171,48001,151,2.74
171,50001,151,2.56
171,52001,151,2.82
171,54001,151,2.91
171,56001,151,3.04
171,58001,151,3.27
171,60001,151,3.01
171,62001,151,3.24
171,64001,151,3.18
171,65535,151,3.0
171,1,161,3.15
171,2001,161,3.28
171,4001,161,3.33
171,6001,161,3.23
171,8001,161,3.25
171,10001,161,3.11
171,12001,161,3.09
171,14001,161,3.16
171,16001,161,3.19
171,18001,161,3.1
171,20001,161,3.11
171,22001,161,2.98
171,24001,161,2.72
171,26001,161,2.65
171,28001,161,2.46
171,30001,161,2.5
171,32001,161,2.62
171,34001,161,2.82
171,36001,161,2.94
171,38001,161,2.92
171,40001,161,3.0
171,42001,161,2.95
171,44001,161,2.86
171,46001,161,2.83
171,48001,161,2.7
171,50001,161,2.61
171,52001,161,2.8
171,54001,161,2.92
171,56001,161,3.07
171,58001,161,3.16
171,60001,161,3.12
171,62001,161,3.03
171,64001,161,3.11
171,65535,161,3.1
171,1,171,3.1
171,2001,171,3.14
171,4001,171,3.14
171,6001,171,3.26
171,8001,171,3.31
171,10001,171,3.13
171,12001,171,3.13
171,14001,171,3.21
171,16001,171,3.17
171,18001,171,3.14
171,20001,171,3.26
171,22001,171,2.85
171,24001,171,2.67
171,26001,171,2.44
171,28001,171,2.48
171,30001,171,2.47
171,32001,171,2.72
171,34001,171,2.88
171,36001,171,2.86
171,38001,171,3.02
171,40001,171,2.84
171,42001,171,2.94
171,44001,171,2.88
171,46001,171,2.82
171,48001,171,2.51
171,50001,171,2.62
171,52001,171,2.65
171,54001,171,2.94
171,56001,171,2.92
171,58001,171,3.31
171,60001,171,3.03
171,62001,171,3.22
171,64001,171,3.13
171,65535,171,3.18
171,1,181,3.07
171,2001,181,3.15
171,4001,181,3.36
171,6001,181,3.11
171,8001,181,3.29
171,10001,181,3.29
171,12001,181,3.34
171,14001,181,3.03
171,16001,181,3.2
171,18001,181,3.13
171,20001,181,3.0
171,22001,181,2.92
171,24001,181,2.62
171,26001,181,2.45
171,28001,181,2.59
171,30001,181,2.49
171,32001,181,2.76
171,34001,181,2.72
171,36001,181,2.84
171,38001,181,2.94
171,40001,181,2.92
171,42001,181,2.88
171,44001,181,2.78
171,46001,181,2.73
171,48001,181,2.52
171,50001,181,2.7
171,52001,181,2.66
171,54001,181,2.7
171,56001,181,3.01
171,58001,181,3.21
171,60001,181,3.21
171,62001,181,3.1
171,64001,181,3.07
171,65535,181,3.14
171,1,191,3.17
171,2001,191,3.19
171,4001,191,3.12
171,6001,191,3.22
171,8001,191,3.14
171,10001,191,3.21
171,12001,191,3.08
171,14001,191,3.18
171,16001,191,3.21
171,18001,191,3.16
171,20001,191,3.02
171,22001,191,2.79
171,24001,191,2.58
171,26001,191,2.4
171,28001,191,2.42
171,30001,191,2.57
171,32001,191,2.64
171,34001,191,2.64
171,36001,191,2.91
171,38001,191,2.8
171,40001,191,2.93
171,42001,191,2.91
171,44001,191,2.82
171,46001,191,2.75
171,48001,191,2.47
171,50001,191,2.57
171,52001,191,2.61
171,54001,191,2.85
171,56001,191,2.87
171,58001,191,3.09
171,60001,191,3.07
171,62001,191,3.16
171,64001,191,2.97
171,65535,191,3.25
171,1,201,3.0
171,2001,201,3.06
171,4001,201,3.13
171,6001,201,3.17
171,8001,201,3.05
171,10001,201,3.17
171,12001,201,3.2
171,14001,201,3.17
171,16001,201,3.13
171,18001,201,3.15
171,20001,201,3.03
171,22001,201,2.78
171,24001,201,2.52
171,26001,201,2.44
171,28001,201,2.34
171,30001,201,2.49
171,32001,201,2.64
171,34001,201,2.54
171,36001,201,2.81
171,38001,201,2.74
171,40001,201,2.85
171,42001,201,2.81
171,44001,201,2.8
171,46001,201,2.79
171,48001,201,2.73
171,50001,201,2.67
171,52001,201,2.74
171,54001,201,2.81
171,56001,201,3.09
171,58001,201,3.2
171,60001,201,3.22
171,62001,201,3.07
171,64001,201,3.06
171,65535,201,3.0
171,1,211,3.0
171,2001,211,3.0
171,4001,211,3.15
171,6001,211,3.2
171,8001,211,3.23
171,10001,211,3.12
171,12001,211,3.18
171,14001,211,3.34
171,16001,211,3.21
171,18001,211,3.17
171,20001,211,2.98
171,22001,211,2.97
171,24001,211,2.56
171,26001,211,2.53
171,28001,211,2.54
171,30001,211,2.51
171,32001,211,2.5
171,34001,211,2.63
171,36001,211,2.83
171,38001,211,2.73
171,40001,211,2.78
171,42001,211,2.64
171,44001,211,2.65
171,46001,211,2.68
171,48001,211,2.46
171,50001,211,2.48
171,52001,211,2.66
171,54001,211,2.7
171,56001,211,2.9
171,58001,211,3.09
171,60001,211,3.16
171,62001,211,2.97
171,64001,211,3.0
171,65535,211,2.95
171,1,221,2.99
171,2001,221,2.82
171,4001,221,3.17
171,6001,221,3.11
171,8001,221,3.1
171,10001,221,3.14
171,12001,221,3.29
171,14001,221,3.17
171,16001,221,3.24
171,18001,221,3.07
171,20001,221,3.0
171,22001,221,2.64
171,24001,221,2.61
171,26001,221,2.46
171,28001,221,2.42
171,30001,221,2.28
171,32001,221,2.39
171,34001,221,2.6
171,36001,221,2.87
171,38001,221,2.87
171,40001,221,2.78
171,42001,221,2.75
171,44001,221,2.86
171,46001,221,2.6
171,48001,221,2.53
171,50001,221,2.62
171,52001,221,2.75
171,54001,221,2.86
171,56001,221,2.91
171,58001,221,3.06
171,60001,221,2.97
171,62001,221,3.14
171,64001,221,3.07
171,65535,221,3.03
171,1,231,2.78
171,2001,231,2.88
171,4001,231,3.1
171,6001,231,2.94
171,8001,231,3.24
171,10001,231,3.06
171,12001,231,3.05
171,14001,231,3.08
171,16001,231,3.06
171,18001,231,3.22
171,20001,231,2.91
171,22001,231,2.82
171,24001,231,2.46
171,26001,231,2.38
171,28001,231,2.46
171,30001,231,2.48
171,32001,231,2.43
171,34001,231,2.52
171,36001,231,2.66
171,38001,231,2.67
171,40001,231,2.85
171,42001,231,2.75
171,44001,231,2.78
171,46001,231,2.65
171,48001,231,2.43
171,50001,231,2.57
171,52001,231,2.78
171,54001,231,2.82
171,56001,231,3.08
171,58001,231,3.06
171,60001,231,2.89
171,62001,231,3.04
171,64001,231,3.02
171,65535,231,2.94
171,1,241,2.8
171,2001,241,2.76
171,4001,241,3.08
171,6001,241,3.19
171,8001,241,3.01
171,10001,241,3.02
171,12001,241,3.21
171,14001,241,3.06
171,16001,241,3.24
171,18001,241,3.04
171,20001,241,3.05
171,22001,241,2.66
171,24001,241,2.43
171,26001,241,2.46
171,28001,241,2.29
171,30001,241,2.47
171,32001,241,2.36
171,34001,241,2.77
171,36001,241,2.56
171,38001,241,2.7
171,40001,241,2.59
171,42001,241,2.75
171,44001,241,2.75
171,46001,241,2.77
171,48001,241,2.53
171,50001,241,2.65
171,52001,241,2.68
171,54001,241,2.93
171,56001,241,3.25
171,58001,241,3.07
171,60001,241,3.0
171,62001,241,3.02
171,64001,241,3.07
171,65535,241,2.86
171,1,251,2.85
171,2001,251,2.66
171,4001,251,3.08
171,6001,251,3.11
171,8001,251,3.1
171,10001,251,2.96
171,12001,251,2.87
171,14001,251,3.34
171,16001,251,3.1
171,18001,251,3.18
171,20001,251,3.05
171,22001,251,2.77
171,24001,251,2.61
171,26001,251,2.39
171,28001,251,2.39
171,30001,251,2.36
171,32001,251,2.44
171,34001,251,2.39
171,36001,251,2.55
171,38001,251,2.72
171,40001,251,2.7
171,42001,251,2.57
171,44001,251,2.59
171,46001,251,2.58
171,48001,251,2.51
171,50001,251,2.37
171,52001,251,2.75
171,54001,251,2.68
171,56001,251,2.94
171,58001,251,3.13
171,60001,251,3.11
171,62001,251,3.18
171,64001,251,2.94
171,65535,251,2.77
171,1,254,2.72
171,2001,254,2.79
171,4001,254,2.78
171,6001,254,3.04
171,8001,254,3.06
171,10001,254,3.05
171,12001,254,3.11
171,14001,254,3.29
171,16001,254,3.27
171,18001,254,3.24
171,20001,254,3.0
171,22001,254,2.72
171,24001,254,2.5
171,26001,254,2.33
171,28001,254,2.24
171,30001,254,2.4
171,32001,254,2.26
171,34001,254,2.44
171,36001,254,2.59
171,38001,254,2.66
171,40001,254,2.63
171,42001,254,2.7
171,44001,254,2.51
171,46001,254,2.75
171,48001,254,2.49
171,50001,254,2.49
171,52001,254,2.8
171,54001,254,2.85
171,56001,254,2.95
171,58001,254,3.04
171,60001,254,3.05
171,62001,254,2.95
171,64001,254,3.03
171,65535,254,2.96
181,1,1,3.56
181,2001,1,3.61
181,4001,1,3.57
181,6001,1,3.53
181,8001,1,3.49
181,10001,1,3.43
181,12001,1,3.38
181,14001,1,3.35
181,16001,1,3.47
181,18001,1,3.46
181,20001,1,3.5
181,22001,1,3.5
181,24001,1,3.52
181,26001,1,3.41
181,28001,1,3.64
181,30001,1,3.53
181,32001,1,3.43
181,34001,1,3.63
181,36001,1,3.45
181,38001,1,3.38
181,40001,1,3.51
181,42001,1,3.56
181,44001,1,3.43
181,46001,1,3.56
181,48001,1,3.48
181,50001,1,3.46
181,52001,1,3.47
181,54001,1,3.51
181,56001,1,3.49
181,58001,1,3.6
181,60001,1,3.53
181,62001,1,3.46
181,64001,1,3.42
181,65535,1,3.39
181,1,11,3.54
181,2001,11,3.58
181,4001,11,3.61
181,6001,11,3.5
181,8001,11,3.7
181,10001,11,3.54
181,12001,11,3.45
181,14001,11,3.43
181,16001,11,3.56
181,18001,11,3.45
181,20001,11,3.54
181,22001,11,3.53
181,24001,11,3.44
181,26001,11,3.53
181,28001,11,3.38
181,30001,11,3.57
181,32001,11,3.48
181,34001,11,3.57
181,36001,11,3.53
181,38001,11,3.4
181,40001,11,3.53
181,42001,11,3.5
181,44001,11,3.49
181,46001,11,3.44
181,48001,11,3.3
181,50001,11,3.44
181,52001,11,3.57
181,54001,11,3.45
181,56001,11,3.43
181,58001,11,3.52
181,60001,11,3.41
181,62001,11,3.58
181,64001,11,3.63
181,65535,11,3.54
181,1,21,3.6
181,2001,21,3.47
181,4001,21,3.62
181,6001,21,3.6
181,8001,21,3.54
181,10001,21,3.6
181,12001,21,3.56
181,14001,21,3.36
181,16001,21,3.35
181,18001,21,3.39
181,20001,21,3.48
181,22001,21,3.35
181,24001,21,3.26
181,26001,21,3.41
181,28001,21,3.38
181,30001,21,3.43
181,32001,21,3.43
181,34001,21,3.35
181,36001,21,3.4
181,38001,21,3.35
181,40001,21,3.44
181,42001,21,3.45
181,44001,21,3.46
181,46001,21,3.37
181,48001,21,3.54
181,50001,21,3.51
181,52001,21,3.58
181,54001,21,3.48
181,56001,21,3.44
181,58001,21,3.44
181,60001,21,3.62
181,62001,21,3.54
181,64001,21,3.52
181,65535,21,3.45
181,1,31,3.56
181,2001,31,3.56
181,4001,31,3.52
181,6001,31,3.67
181,8001,31,3.64
181,10001,31,3.39
181,12001,31,3.52
181,14001,31,3.48
181,16001,31,3.56
181,18001,31,3.57
181,20001,31,3.4
181,22001,31,3.41
181,24001,31,3.33
181,26001,31,3.36
181,28001,31,3.21
181,30001,31,3.4
181,32001,31,3.45
181,34001,31,3.5
181,36001,31,3.59
181,38001,31,3.44
181,40001,31,3.36
181,42001,31,3.55
181,44001,31,3.37
181,46001,31,3.22
181,48001,31,3.32
181,50001,31,3.25
181,52001,31,3.4
181,54001,31,3.49
181,56001,31,3.32
181,58001,31,3.45
181,60001,31,3.48
181,62001,31,3.48
181,64001,31,3.39
181,65535,31,3.61
181,1,41,3.43
181,2001,41,3.55
181,4001,41,3.41
181,6001,41,3.44
181,8001,41,3.61
181,10001,41,3.51
181,12001,41,3.57
181,14001,41,3.49
181,16001,41,3.54
181,18001,41,3.34
181,20001,41,3.45
181,22001,41,3.38
181,24001,41,3.27
181,26001,41,3.24
181,28001,41,3.26
181,30001,41,3.27
181,32001,41,3.31
181,34001,41,3.4
181,36001,41,3.6
181,38001,41,3.49
181,40001,41,3.41
181,42001,41,3.5
181,44001,41,3.56
181,46001,41,3.33
181,48001,41,3.41
181,50001,41,3.2
181,52001,41,3.25
181,54001,41,3.4
181,56001,41,3.27
181,58001,41,3.42
181,60001,41,3.53
181,62001,41,3.48
181,64001,41,3.42
181,65535,41,3.58
181,1,51,3.61
181,2001,51,3.5
181,4001,51,3.56
181,6001,51,3.51
181,8001,51,3.59
181,10001,51,3.44
181,12001,51,3.54
181,14001,51,3.54
181,16001,51,3.44
181,18001,51,3.44
181,20001,51,3.46
181,22001,51,3.41
181,24001,51,3.24
181,26001,51,3.2
181,28001,51,3.09
181,30001,51,3.31
181,32001,51,3.38
181,34001,51,3.32
181,36001,51,3.4
181,38001,51,3.51
181,40001,51,3.48
181,42001,51,3.41
181,44001,51,3.46
181,46001,51,3.49
181,48001,51,3.24
181,50001,51,3.27
181,52001,51,3.32
181,54001,51,3.38
181,56001,51,3.34
181,58001,51,3.49
181,60001,51,3.44
181,62001,51,3.51
181,64001,51,3.44
181,65535,51,3.5
181,1,61,3.51
181,2001,61,3.57
181,4001,61,3.51
181,6001,61,3.61
181,8001,61,3.57
181,10001,61,3.47
181,12001,61,3.49
181,14001,61,3.5
181,16001,61,3.59
181,18001,61,3.51
181,20001,61,3.35
181,22001,61,3.11
181,24001,61,3.21
181,26001,61,2.99
181,28001,61,3.16
181,30001,61,3.26
181,32001,61,3.16
181,34001,61,3.38
181,36001,61,3.35
181,38001,61,3.47
181,40001,61,3.36
181,42001,61,3.43
181,44001,61,3.31
181,46001,61,3.38
181,48001,61,3.37
181,50001,61,3.18
181,52001,61,3.18
181,54001,61,3.2
181,56001,61,3.64
181,58001,61,3.35
181,60001,61,3.56
181,62001,61,3.47
181,64001,61,3.47
181,65535,61,3.62
181,1,71,3.56
181,2001,71,3.6
181,4001,71,3.5
181,6001,71,3.66
181,8001,71,3.51
181,10001,71,3.66
181,12001,71,3.33
181,14001,71,3.44
181,16001,71,3.36
181,18001,71,3.4
181,20001,71,3.5
181,22001,71,3.28
181,24001,71,3.07
181,26001,71,3.14
181,28001,71,3.02
181,30001,71,3.25
181,32001,71,3.14
181,34001,71,3.32
181,36001,71,3.44
181,38001,71,3.49
181,40001,71,3.38
181,42001,71,3.41
181,44001,71,3.29
181,46001,71,3.41
181,48001,71,3.11
181,50001,71,3.21
181,52001,71,3.27
181,54001,71,3.17
181,56001,71,3.37
181,58001,71,3.4
181,60001,71,3.52
181,62001,71,3.45
181,64001,71,3.51
181,65535,71,3.56
181,1,81,3.59
181,2001,81,3.52
181,4001,81,3.58
181,6001,81,3.54
181,8001,81,3.5
181,10001,81,3.58
181,12001,81,3.51
181,14001,81,3.51
181,16001,81,3.5
181,18001,81,3.47
181,20001,81,3.39
181,22001,81,3.14
181,24001,81,3.33
181,26001,81,3.05
181,28001,81,3.06
181,30001,81,3.1
181,32001,81,3.19
181,34001,81,3.25
181,36001,81,3.48
181,38001,81,3.43
181,40001,81,3.61
181,42001,81,3.32
181,44001,81,3.42
181,46001,81,3.21
181,48001,81,3.16
181,50001,81,3.09
181,52001,81,3.1
181,54001,81,3.27
181,56001,81,3.39
181,58001,81,3.69
181,60001,81,3.46
181,62001,81,3.47
181,64001,81,3.48
181,65535,81,3.58
181,1,91,3.49
181,2001,91,3.55
181,4001,91,3.49
181,6001,91,3.54
181,8001,91,3.6
181,10001,91,3.47
181,12001,91,3.42
181,14001,91,3.46
181,16001,91,3.46
181,18001,91,3.48
181,20001,91,3.37
181,22001,91,3.13
181,24001,91,3.01
181,26001,91,2.86
181,28001,91,3.01
181,30001,91,2.99
181,32001,91,3.11
181,34001,91,3.15
181,36001,91,3.36
181,38001,91,3.49
181,40001,91,3.26
181,42001,91,3.33
181,44001,91,3.23
181,46001,91,3.28
181,48001,91,3.13
181,50001,91,3.09
181,52001,91,3.08
181,54001,91,3.23
181,56001,91,3.42
181,58001,91,3.48
181,60001,91,3.39
181,62001,91,3.51
181,64001,91,3.56
181,65535,91,3.51
181,1,101,3.3
181,2001,101,3.54
181,4001,101,3.51
181,6001,101,3.61
181,8001,101,3.65
181,10001,101,3.43
181,12001,101,3.57
181,14001,101,3.47
181,16001,101,3.4
181,18001,101,3.52
181,20001,101,3.44
181,22001,101,3.34
181,24001,101,3.11
181,26001,101,2.94
181,28001,101,2.99
181,30001,101,2.98
181,32001,101,3.21
181,34001,101,3.23
181,36001,101,3.5
181,38001,101,3.39
181,40001,101,3.29
181,42001,101,3.28
181,44001,101,3.24
181,46001,101,3.18
181,48001,101,3.13
181,50001,101,2.97
181,52001,101,3.08
181,54001,101,3.24
181,56001,101,3.33
181,58001,101,3.47
181,60001,101,3.52
181,62001,101,3.52
181,64001,101,3.51
181,65535,101,3.55
181,1,111,3.49
181,2001,111,3.52
181,4001,111,3.46
181,6001,111,3.43
181,8001,111,3.58
181,10001,111,3.56
181,12001,111,3.45
181,14001,111,3.44
181,16001,111,3.33
181,18001,111,3.41
181,20001,111,3.27
181,22001,111,3.07
181,24001,111,2.97
181,26001,111,2.96
181,28001,111,2.98
181,30001,111,3.12
181,32001,111,3.14
181,34001,111,3.17
181,36001,111,3.18
181,38001,111,3.35
181,40001,111,3.35
181,42001,111,3.28
181,44001,111,3.41
181,46001,111,3.18
181,48001,111,3.06
181,50001,111,2.97
181,52001,111,2.99
181,54001,111,3.21
181,56001,111,3.3
181,58001,111,3.32
181,60001,111,3.44
181,62001,111,3.5
181,64001,111,3.45
181,65535,111,3.45
181,1,121,3.42
181,2001,121,3.46
181,4001,121,3.47
181,6001,121,3.39
181,8001,121,3.43
181,10001,121,3.38
181,12001,121,3.34
181,14001,121,3.46
181,16001,121,3.46
181,18001,121,3.33
181,20001,121,3.3
181,22001,121,3.13
181,24001,121,2.93
181,26001,121,2.96
181,28001,121,3.0
181,30001,121,2.91
181,32001,121,3.06
181,34001,121,3.2
181,36001,121,3.38
181,38001,121,3.23
181,40001,121,3.37
181,42001,121,3.18
181,44001,121,3.14
181,46001,121,3.09
181,48001,121,3.09
181,50001,121,2.91
181,52001,121,3.04
181,54001,121,3.13
181,56001,121,3.21
181,58001,121,3.21
181,60001,121,3.45
181,62001,121,3.56
181,64001,121,3.47
181,65535,121,3.52
181,1,131,3.49
181,2001,131,3.55
181,4001,131,3.59
181,6001,131,3.58
181,8001,131,3.43
181,10001,131,3.42
181,12001,131,3.5
181,14001,131,3.53
181,16001,131,3.46
181,18001,131,3.5
181,20001,131,3.32
181,22001,131,3.28
181,24001,131,3.02
181,26001,131,2.86
181,28001,131,2.87
181,30001,131,3.0
181,32001,131,2.97
181,34001,131,2.94
181,36001,131,3.16
181,38001,131,3.18
181,40001,131,3.34
181,42001,131,3.33
181,44001,131,3.17
181,46001,131,3.13
181,48001,131,2.97
181,50001,131,2.94
181,52001,131,2.95
181,54001,131,3.31
181,56001,131,3.22
181,58001,131,3.46
181,60001,131,3.49
181,62001,131,3.46
181,64001,131,3.42
181,65535,131,3.5
181,1,141,3.44
181,2001,141,3.46
181,4001,141,3.65
181,6001,141,3.53
181,8001,141,3.63
181,10001,141,3.56
181,12001,141,3.45
181,14001,141,3.54
181,16001,141,3.43
181,18001,141,3.37
181,20001,141,3.21
181,22001,141,3.06
181,24001,141,2.93
181,26001,141,2.93
181,28001,141,2.83
181,30001,141,2.93
181,32001,141,3.0
181,34001,141,3.07
181,36001,141,3.14
181,38001,141,3.15
181,40001,141,3.09
181,42001,141,3.4
181,44001,141,3.09
181,46001,141,2.96
181,48001,141,2.89
181,50001,141,2.88
181,52001,141,2.82
181,54001,141,3.06
181,56001,141,3.21
181,58001,141,3.36
181,60001,141,3.5
181,62001,141,3.46
181,64001,141,3.33
181,65535,141,3.59
181,1,151,3.32
181,2001,151,3.5
181,4001,151,3.55
181,6001,151,3.46
181,8001,151,3.53
181,10001,151,3.51
181,12001,151,3.36
181,14001,151,3.43
181,16001,151,3.43
181,18001,151,3.39
181,20001,151,3.37
181,22001,151,3.26
181,24001,151,2.88
181,26001,151,2.74
181,28001,151,2.73
181,30001,151,2.82
181,32001,151,3.01
181,34001,151,2.99
181,36001,151,3.18
181,38001,151,3.14
181,40001,151,3.3
181,42001,151,3.19
181,44001,151,3.23
181,46001,151,2.89
181,48001,151,2.86
181,50001,151,2.89
181,52001,151,3.02
181,54001,151,3.1
181,56001,151,3.19
181,58001,151,3.4
181,60001,151,3.32
181,62001,151,3.54
181,64001,151,3.28
181,65535,151,3.39
181,1,161,3.43
181,2001,161,3.52
181,4001,161,3.63
181,6001,161,3.43
181,8001,161,3.34
181,10001,161,3.4
181,12001,161,3.5
181,14001,161,3.51
181,16001,161,3.41
181,18001,161,3.36
181,20001,161,3.34
181,22001,161,3.15
181,24001,161,2.77
181,26001,161,2.73
181,28001,161,2.73
181,30001,161,2.83
181,32001,161,2.95
181,34001,161,2.98
181,36001,161,3.01
181,38001,161,3.01
181,40001,161,3.27
181,42001,161,3.24
181,44001,161,3.09
181,46001,161,2.96
181,48001,161,2.92
181,50001,161,2.86
181,52001,161,2.98
181,54001,161,3.03
181,56001,161,3.33
181,58001,161,3.47
181,60001,161,3.5
181,62001,161,3.43
181,64001,161,3.48
181,65535,161,3.42
181,1,171,3.34
181,2001,171,3.43
181,4001,171,3.4
181,6001,171,3.44
181,8001,171,3.47
181,10001,171,3.41
181,12001,171,3.31
181,14001,171,3.39
181,16001,171,3.5
181,18001,171,3.33
181,20001,171,3.42
181,22001,171,3.09
181,24001,171,2.72
181,26001,171,2.78
181,28001,171,2.78
181,30001,171,2.81
181,32001,171,2.91
181,34001,171,3.11
181,36001,171,3.14
181,38001,171,3.29
181,40001,171,3.09
181,42001,171,3.21
181,44001,171,3.09
181,46001,171,2.92
181,48001,171,2.73
181,50001,171,2.86
181,52001,171,2.85
181,54001,171,3.07
181,56001,171,3.3
181,58001,171,3.33
181,60001,171,3.44
181,62001,171,3.28
181,64001,171,3.33
181,65535,171,3.28
181,1,181,3.31
181,2001,181,3.34
181,4001,181,3.37
181,6001,181,3.48
181,8001,181,3.43
181,10001,181,3.44
181,12001,181,3.34
181,14001,181,3.49
181,16001,181,3.48
181,18001,181,3.39
181,20001,181,3.14
181,22001,181,2.93
181,24001,181,2.8
181,26001,181,2.76
181,28001,181,2.75
181,30001,181,2.79
181,32001,181,2.88
181,34001,181,2.95
181,36001,181,3.06
181,38001,181,3.18
181,40001,181,3.02
181,42001,181,3.03
181,44001,181,3.04
181,46001,181,2.93
181,48001,181,2.7
181,50001,181,2.84
181,52001,181,2.95
181,54001,181,3.07
181,56001,181,3.2
181,58001,181,3.33
181,60001,181,3.44
181,62001,181,3.4
181,64001,181,3.27
181,65535,181,3.32
181,1,191,3.22
181,2001,191,3.17
181,4001,191,3.43
181,6001,191,3.5
181,8001,191,3.47
181,10001,191,3.46
181,12001,191,3.43
181,14001,191,3.21
181,16001,191,3.36
181,18001,191,3.51
181,20001,191,3.3
181,22001,191,3.05
181,24001,191,2.71
181,26001,191,2.57
181,28001,191,2.6
181,30001,191,2.62
181,32001,191,2.75
181,34001,191,2.84
181,36001,191,2.91
181,38001,191,3.02
181,40001,191,3.14
181,42001,191,3.0
181,44001,191,2.96
181,46001,191,2.78
181,48001,191,2.67
181,50001,191,2.69
181,52001,191,2.79
181,54001,191,3.0
181,56001,191,3.28
181,58001,191,3.59
181,60001,191,3.31
181,62001,191,3.43
181,64001,191,3.42
181,65535,191,3.17
181,1,201,3.19
181,2001,201,3.3
181,4001,201,3.42
181,6001,201,3.46
181,8001,201,3.49
181,10001,201,3.37
181,12001,201,3.32
181,14001,201,3.4
181,16001,201,3.37
181,18001,201,3.45
181,20001,201,3.09
181,22001,201,2.86
181,24001,201,2.75
181,26001,201,2.55
181,28001,201,2.52
181,30001,201,2.57
181,32001,201,2.72
181,34001,201,3.06
181,36001,201,3.08
181,38001,201,3.02
181,40001,201,3.12
181,42001,201,3.02
181,44001,201,3.05
181,46001,201,3.02
181,48001,201,2.81
181,50001,201,2.82
181,52001,201,2.86
181,54001,201,2.94
181,56001,201,3.27
181,58001,201,3.48
181,60001,201,3.41
181,62001,201,3.42
181,64001,201,3.18
181,65535,201,3.24
181,1,211,3.17
181,2001,211,3.17
181,4001,211,3.45
181,6001,211,3.46
181,8001,211,3.41
181,10001,211,3.35
181,12001,211,3.34
181,14001,211,3.21
181,16001,211,3.44
181,18001,211,3.43
181,20001,211,3.2
181,22001,211,2.89
181,24001,211,2.72
181,26001,211,2.46
181,28001,211,2.52
181,30001,211,2.6
181,32001,211,2.71
181,34001,211,2.6
181,36001,211,3.01
181,38001,211,3.13
181,40001,211,3.09
181,42001,211,2.88
181,44001,211,2.91
181,46001,211,2.94
181,48001,211,2.78
181,50001,211,2.71
181,52001,211,2.81
181,54001,211,3.15
181,56001,211,3.14
181,58001,211,3.31
181,60001,211,3.4
181,62001,211,3.28
181,64001,211,3.24
181,65535,211,3.08
181,1,221,3.09
181,2001,221,3.02
181,4001,221,3.37
181,6001,221,3.33
181,8001,221,3.47
181,10001,221,3.39
181,12001,221,3.39
181,14001,221,3.45
181,16001,221,3.37
181,18001,221,3.39
181,20001,221,3.35
181,22001,221,2.96
181,24001,221,2.58
181,26001,221,2.6
181,28001,221,2.56
181,30001,221,2.6
181,32001,221,2.44
181,34001,221,2.83
181,36001,221,2.81
181,38001,221,2.99
181,40001,221,2.98
181,42001,221,2.89
181,44001,221,2.83
181,46001,221,2.96
181,48001,221,2.67
181,50001,221,2.83
181,52001,221,2.83
181,54001,221,3.14
181,56001,221,3.24
181,58001,221,3.28
181,60001,221,3.43
181,62001,221,3.35
181,64001,221,3.18
181,65535,221,3.23
181,1,231,3.16
181,2001,231,3.11
181,4001,231,3.36
181,6001,231,3.34
181,8001,231,3.47
181,10001,231,3.53
181,12001,231,3.28
181,14001,231,3.37
181,16001,231,3.49
181,18001,231,3.32
181,20001,231,3.01
181,22001,231,2.58
181,24001,231,2.53
181,26001,231,2.46
181,28001,231,2.55
181,30001,231,2.51
181,32001,231,2.59
181,34001,231,2.71
181,36001,231,2.84
181,38001,231,2.78
181,40001,231,2.91
181,42001,231,2.87
181,44001,231,2.87
181,46001,231,2.95
181,48001,231,2.77
181,50001,231,2.63
181,52001,231,2.83
181,54001,231,2.91
181,56001,231,3.28
181,58001,231,3.33
181,60001,231,3.35
181,62001,231,3.16
181,64001,231,3.13
181,65535,231,3.19
181,1,241,3.13
181,2001,241,3.11
181,4001,241,3.25
181,6001,241,3.46
181,8001,241,3.42
181,10001,241,3.24
181,12001,241,3.3
181,14001,241,3.43
181,16001,241,3.42
181,18001,241,3.53
181,20001,241,3.08
181,22001,241,3.0
181,24001,241,2.7
181,26001,241,2.56
181,28001,241,2.43
181,30001,241,2.51
181,32001,241,2.57
181,34001,241,2.51
181,36001,241,2.88
181,38001,241,2.71
181,40001,241,2.83
181,42001,241,2.93
181,44001,241,2.9
181,46001,241,2.89
181,48001,241,2.69
181,50001,241,2.64
181,52001,241,2.76
181,54001,241,3.0
181,56001,241,3.16
181,58001,241,3.34
181,60001,241,3.15
181,62001,241,3.37
181,64001,241,3.23
181,65535,241,3.02
181,1,251,2.84
181,2001,251,3.06
181,4001,251,3.17
181,6001,251,3.27
181,8001,251,3.43
181,10001,251,3.42
181,12001,251,3.32
181,14001,251,3.42
181,16001,251,3.41
181,18001,251,3.55
181,20001,251,3.33
181,22001,251,3.05
181,24001,251,2.67
181,26001,251,2.55
181,28001,251,2.39
181,30001,251,2.43
181,32001,251,2.73
181,34001,251,2.66
181,36001,251,2.73
181,38001,251,2.79
181,40001,251,2.72
181,42001,251,2.79
181,44001,251,2.77
181,46001,251,2.72
181,48001,251,2.7
181,50001,251,2.69
181,52001,251,3.08
181,54001,251,3.06
181,56001,251,3.3
181,58001,251,3.47
181,60001,251,3.39
181,62001,251,3.27
181,64001,251,2.98
181,65535,251,2.94
181,1,254,2.98
181,2001,254,2.92
181,4001,254,3.25
181,6001,254,3.5
181,8001,254,3.46
181,10001,254,3.22
181,12001,254,3.33
181,14001,254,3.47
181,16001,254,3.48
181,18001,254,3.4
181,20001,254,3.08
181,22001,254,2.92
181,24001,254,2.65
181,26001,254,2.36
181,28001,254,2.55
181,30001,254,2.48
181,32001,254,2.57
181,34001,254,2.59
181,36001,254,2.76
181,38001,254,2.76
181,40001,254,2.79
181,42001,254,2.79
181,44001,254,2.91
181,46001,254,2.8
181,48001,254,2.78
181,50001,254,2.79
181,52001,254,2.84
181,54001,254,3.06
181,56001,254,3.26
181,58001,254,3.44
181,60001,254,3.34
181,62001,254,3.12
181,64001,254,3.06
181,65535,254,2.98
191,1,1,3.71
191,2001,1,3.68
191,4001,1,3.62
191,6001,1,3.91
191,8001,1,3.69
191,10001,1,3.93
191,12001,1,3.75
191,14001,1,3.84
191,16001,1,3.89
191,18001,1,3.61
191,20001,1,3.67
191,22001,1,3.76
191,24001,1,3.67
191,26001,1,3.73
191,28001,1,3.82
191,30001,1,3.89
191,32001,1,3.84
191,34001,1,3.71
191,36001,1,3.65
191,38001,1,3.68
191,40001,1,3.81
191,42001,1,3.65
191,44001,1,3.7
191,46001,1,3.8
191,48001,1,3.84
191,50001,1,3.72
191,52001,1,3.68
191,54001,1,3.58
191,56001,1,3.76
191,58001,1,3.75
191,60001,1,3.9
191,62001,1,3.77
191,64001,1,3.74
191,65535,1,3.75
191,1,11,3.78
191,2001,11,3.86
191,4001,11,3.85
191,6001,11,3.7
191,8001,11,3.69
191,10001,11,3.72
191,12001,11,3.68
191,14001,11,3.81
191,16001,11,3.8
191,18001,11,3.68
191,20001,11,3.77
191,22001,11,3.79
191,24001,11,3.84
191,26001,11,3.74
191,28001,11,3.68
191,30001,11,3.76
191,32001,11,3.61
191,34001,11,3.83
191,36001,11,3.73
191,38001,11,3.78
191,40001,11,3.72
191,42001,11,3.69
191,44001,11,3.7
191,46001,11,3.78
191,48001,11,3.66
191,50001,11,3.71
191,52001,11,3.72
191,54001,11,3.69
191,56001,11,3.74
191,58001,11,3.76
191,60001,11,3.81
191,62001,11,3.77
191,64001,11,3.81
191,65535,11,3.75
191,1,21,3.65
191,2001,21,3.75
191,4001,21,3.89
191,6001,21,3.85
191,8001,21,3.87
191,10001,21,3.72
191,12001,21,3.79
191,14001,21,3.73
191,16001,21,3.7
191,18001,21,3.86
191,20001,21,3.67
191,22001,21,3.55
191,24001,21,3.6
191,26001,21,3.62
191,28001,21,3.64
191,30001,21,3.73
191,32001,21,3.53
191,34001,21,3.69
191,36001,21,3.73
191,38001,21,3.66
191,40001,21,3.69
191,42001,21,3.81
191,44001,21,3.68
191,46001,21,3.59
191,48001,21,3.64
191,50001,21,3.59
191,52001,21,3.64
191,54001,21,3.8
191,56001,21,3.64
191,58001,21,3.74
191,60001,21,3.86
191,62001,21,3.84
191,64001,21,3.65
191,65535,21,3.78
191,1,31,3.8
191,2001,31,3.77
191,4001,31,3.67
191,6001,31,3.79
191,8001,31,3.86
191,10001,31,3.76
191,12001,31,3.82
191,14001,31,3.75
191,16001,31,3.76
191,18001,31,3.71
191,20001,31,3.78
191,22001,31,3.75
191,24001,31,3.6
191,26001,31,3.66
191,28001,31,3.54
191,30001,31,3.48
191,32001,31,3.56
191,34001,31,3.71
191,36001,31,3.62
191,38001,31,3.76
191,40001,31,3.6
191,42001,31,3.71
191,44001,31,3.62
191,46001,31,3.7
191,48001,31,3.56
191,50001,31,3.71
191,52001,31,3.53
191,54001,31,3.8
191,56001,31,3.64
191,58001,31,3.7
191,60001,31,3.86
191,62001,31,3.69
191,64001,31,3.75
191,65535,31,3.8
191,1,41,3.84
191,2001,41,3.95
191,4001,41,3.75
191,6001,41,3.83
191,8001,41,3.75
191,10001,41,3.72
191,12001,41,3.81
191,14001,41,3.89
191,16001,41,3.81
191,18001,41,3.64
191,20001,41,3.69
191,22001,41,3.69
191,24001,41,3.66
191,26001,41,3.55
191,28001,41,3.47
191,30001,41,3.5
191,32001,41,3.56
191,34001,41,3.61
191,36001,41,3.73
191,38001,41,3.74
191,40001,41,3.77
191,42001,41,3.71
191,44001,41,3.74
191,46001,41,3.55
191,48001,41,3.57
191,50001,41,3.56
191,52001,41,3.64
191,54001,41,3.8
191,56001,41,3.55
191,58001,41,3.73
191,60001,41,3.78
191,62001,41,3.69
191,64001,41,3.84
191,65535,41,3.72
191,1,51,3.88
191,2001,51,3.93
191,4001,51,3.89
191,6001,51,3.83
191,8001,51,3.72
191,10001,51,3.85
191,12001,51,3.74
191,14001,51,3.79
191,16001,51,3.7
191,18001,51,3.68
191,20001,51,3.73
191,22001,51,3.52
191,24001,51,3.51
191,26001,51,3.38
191,28001,51,3.41
191,30001,51,3.4
191,32001,51,3.72
191,34001,51,3.53
191,36001,51,3.59
191,38001,51,3.74
191,40001,51,3.68
191,42001,51,3.79
191,44001,51,3.65
191,46001,51,3.45
191,48001,51,3.32
191,50001,51,3.44
191,52001,51,3.47
191,54001,51,3.64
191,56001,51,3.63
191,58001,51,3.68
191,60001,51,3.69
191,62001,51,3.77
191,64001,51,3.81
191,65535,51,3.78
191,1,61,3.79
191,2001,61,3.81
191,4001,61,3.78
191,6001,61,3.82
191,8001,61,3.7
191,10001,61,3.82
191,12001,61,3.83
191,14001,61,3.81
191,16001,61,3.73
191,18001,61,3.67
191,20001,61,3.82
191,22001,61,3.51
191,24001,61,3.41
191,26001,61,3.24
191,28001,61,3.5
191,30001,61,3.51
191,32001,61,3.38
191,34001,61,3.44
191,36001,61,3.61
191,38001,61,3.79
191,40001,61,3.78
191,42001,61,3.56
191,44001,61,3.63
191,46001,61,3.68
191,48001,61,3.52
191,50001,61,3.42
191,52001,61,3.45
191,54001,61,3.54
191,56001,61,3.76
191,58001,61,3.77
191,60001,61,3.75
191,62001,61,3.74
191,64001,61,3.87
191,65535,61,3.8
191,1,71,3.68
191,2001,71,3.91
191,4001,71,3.94
191,6001,71,3.7
191,8001,71,3.71
191,10001,71,3.87
191,12001,71,3.66
191,14001,71,3.68
191,16001,71,3.68
191,18001,71,3.55
191,20001,71,3.55
191,22001,71,3.66
191,24001,71,3.38
191,26001,71,3.18
191,28001,71,3.42
191,30001,71,3.33
191,32001,71,3.42
191,34001,71,3.4
191,36001,71,3.57
191,38001,71,3.72
191,40001,71,3.81
191,42001,71,3.63
191,44001,71,3.49
191,46001,71,3.55
191,48001,71,3.3
191,50001,71,3.37
191,52001,71,3.41
191,54001,71,3.39
191,56001,71,3.54
191,58001,71,3.71
191,60001,71,3.65
191,62001,71,3.68
191,64001,71,3.78
191,65535,71,3.67
191,1,81,3.96
191,2001,81,3.71
191,4001,81,3.82
191,6001,81,3.71
191,8001,81,3.65
191,10001,81,3.89
191,12001,81,3.7
191,14001,81,3.79
191,16001,81,3.64
191,18001,81,3.58
191,20001,81,3.73
191,22001,81,3.58
191,24001,81,3.31
191,26001,81,3.29
191,28001,81,3.33
191,30001,81,3.39
191,32001,81,3.52
191,34001,81,3.64
191,36001,81,3.69
191,38001,81,3.57
191,40001,81,3.76
191,42001,81,3.65
191,44001,81,3.55
191,46001,81,3.4
191,48001,81,3.38
191,50001,81,3.35
191,52001,81,3.42
191,54001,81,3.4
191,56001,81,3.51
191,58001,81,3.73
191,60001,81,3.78
191,62001,81,3.78
191,64001,81,3.75
191,65535,81,3.98
191,1,91,3.82
191,2001,91,3.79
191,4001,91,3.88
191,6001,91,3.9
191,8001,91,3.87
191,10001,91,3.82
191,12001,91,3.77
191,14001,91,3.74
191,16001,91,3.58
191,18001,91,3.61
191,20001,91,3.61
191,22001,91,3.37
191,24001,91,3.25
191,26001,91,3.17
191,28001,91,3.24
191,30001,91,3.36
191,32001,91,3.28
191,34001,91,3.44
191,36001,91,3.67
191,38001,91,3.66
191,40001,91,3.64
191,42001,91,3.58
191,44001,91,3.52
191,46001,91,3.36
191,48001,91,3.29
191,50001,91,3.36
191,52001,91,3.22
191,54001,91,3.55
191,56001,91,3.52
191,58001,91,3.78
191,60001,91,3.7
191,62001,91,3.82
191,64001,91,3.78
191,65535,91,3.65
191,1,101,3.75
191,2001,101,3.85
191,4001,101,3.7
191,6001,101,3.84
191,8001,101,3.89
191,10001,101,3.83
191,12001,101,3.74
191,14001,101,3.67
191,16001,101,3.82
191,18001,101,3.72
191,20001,101,3.6
191,22001,101,3.4
191,24001,101,3.24
191,26001,101,3.24
191,28001,101,3.2
191,30001,101,3.27
191,32001,101,3.35
191,34001,101,3.26
191,36001,101,3.51
191,38001,101,3.66
191,40001,101,3.59
191,42001,101,3.42
191,44001,101,3.4
191,46001,101,3.43
191,48001,101,3.26
191,50001,101,3.31
191,52001,101,3.36
191,54001,101,3.46
191,56001,101,3.65
191,58001,101,3.71
191,60001,101,3.77
191,62001,101,3.85
191,64001,101,3.72
191,65535,101,3.73
191,1,111,3.66
191,2001,111,3.71
191,4001,111,3.92
191,6001,111,3.89
191,8001,111,3.85
191,10001,111,3.64
191,12001,111,3.68
191,14001,111,3.72
191,16001,111,3.88
191,18001,111,3.88
191,20001,111,3.51
191,22001,111,3.4
191,24001,111,3.23
191,26001,111,3.17
191,28001,111,3.07
191,30001,111,3.16
191,32001,111,3.24
191,34001,111,3.33
191,36001,111,3.58
191,38001,111,3.63
191,40001,111,3.44
191,42001,111,3.5
191,44001,111,3.51
191,46001,111,3.26
191,48001,111,3.43
191,50001,111,3.28
191,52001,111,3.28
191,54001,111,3.53
191,56001,111,3.53
191,58001,111,3.72
191,60001,111,3.67
191,62001,111,3.74
191,64001,111,3.79
191,65535,111,3.8
191,1,121,3.74
191,2001,121,3.81
191,4001,121,3.82
191,6001,121,3.89
191,8001,121,3.71
191,10001,121,3.67
191,12001,121,3.83
191,14001,121,3.75
191,16001,121,3.77
191,18001,121,3.64
191,20001,121,3.55
191,22001,121,3.56
191,24001,121,3.06
191,26001,121,3.21
191,28001,121,3.14
191,30001,121,3.16
191,32001,121,3.29
191,34001,121,3.48
191,36001,121,3.47
191,38001,121,3.61
191,40001,121,3.46
191,42001,121,3.51
191,44001,121,3.38
191,46001,121,3.4
191,48001,121,3.23
191,50001,121,3.26
191,52001,121,3.44
191,54001,121,3.29
191,56001,121,3.61
191,58001,121,3.74
191,60001,121,3.83
191,62001,121,3.78
191,64001,121,3.88
191,65535,121,3.77
191,1,131,3.8
191,2001,131,3.57
191,4001,131,3.77
191,6001,131,3.79
191,8001,131,3.81
191,10001,131,3.86
191,12001,131,3.79
191,14001,131,3.76
191,16001,131,3.69
191,18001,131,3.7
191,20001,131,3.54
191,22001,131,3.39
191,24001,131,3.23
191,26001,131,3.05
191,28001,131,3.08
191,30001,131,3.09
191,32001,131,3.25
191,34001,131,3.27
191,36001,131,3.51
191,38001,131,3.53
191,40001,131,3.54
191,42001,131,3.54
191,44001,131,3.43
191,46001,131,3.3
191,48001,131,3.11
191,50001,131,3.13
191,52001,131,3.19
191,54001,131,3.23
191,56001,131,3.58
191,58001,131,3.78
191,60001,131,3.75
191,62001,131,3.63
191,64001,131,3.61
191,65535,131,3.7
191,1,141,3.8
191,2001,141,3.74
191,4001,141,3.65
191,6001,141,3.85
191,8001,141,3.91
191,10001,141,3.86
191,12001,141,3.71
191,14001,141,3.76
191,16001,141,3.73
191,18001,141,3.67
191,20001,141,3.5
191,22001,141,3.17
191,24001,141,3.17
191,26001,141,2.99
191,28001,141,2.97
191,30001,141,2.75
191,32001,141,3.07
191,34001,141,3.26
191,36001,141,3.53
191,38001,141,3.32
191,40001,141,3.58
191,42001,141,3.47
191,44001,141,3.37
191,46001,141,3.2
191,48001,141,3.12
191,50001,141,3.13
191,52001,141,3.13
191,54001,141,3.43
191,56001,141,3.57
191,58001,141,3.7
191,60001,141,3.83
191,62001,141,3.78
191,64001,141,3.76
191,65535,141,3.71
191,1,151,3.75
191,2001,151,3.67
191,4001,151,3.63
191,6001,151,3.78
191,8001,151,3.85
191,10001,151,3.87
191,12001,151,3.66
191,14001,151,3.7
191,16001,151,3.73
191,18001,151,3.59
191,20001,151,3.61
191,22001,151,3.28
191,24001,151,3.14
191,26001,151,2.92
191,28001,151,2.97
191,30001,151,3.06
191,32001,151,3.01
191,34001,151,3.28
191,36001,151,3.35
191,38001,151,3.35
191,40001,151,3.54
191,42001,151,3.31
191,44001,151,3.27
191,46001,151,3.13
191,48001,151,3.02
191,50001,151,3.02
191,52001,151,3.22
191,54001,151,3.13
191,56001,151,3.41
191,58001,151,3.62
191,60001,151,3.75
191,62001,151,3.58
191,64001,151,3.78
191,65535,151,3.64
191,1,161,3.82
191,2001,161,3.7
191,4001,161,3.8
191,6001,161,3.74
191,8001,161,3.81
191,10001,161,3.87
191,12001,161,3.59
191,14001,161,3.69
191,16001,161,3.61
191,18001,161,3.71
191,20001,161,3.45
191,22001,161,3.13
191,24001,161,3.17
191,26001,161,2.91
191,28001,161,2.99
191,30001,161,3.03
191,32001,161,2.99
191,34001,161,3.14
191,36001,161,3.41
191,38001,161,3.46
191,40001,161,3.52
191,42001,161,3.48
191,44001,161,3.33
191,46001,161,3.16
191,48001,161,3.01
191,50001,161,3.03
191,52001,161,3.15
191,54001,161,3.2
191,56001,161,3.32
191,58001,161,3.74
191,60001,161,3.71
191,62001,161,3.68
191,64001,161,3.6
191,65535,161,3.8
191,1,171,3.56
191,2001,171,3.61
191,4001,171,3.6
191,6001,171,3.74
191,8001,171,3.73
191,10001,171,3.61
191,12001,171,3.65
191,14001,171,3.67
191,16001,171,3.74
191,18001,171,3.81
191,20001,171,3.59
191,22001,171,3.25
191,24001,171,3.01
191,26001,171,2.84
191,28001,171,2.89
191,30001,171,3.02
191,32001,171,3.14
191,34001,171,3.17
191,36001,171,3.25
191,38001,171,3.39
191,40001,171,3.38
191,42001,171,3.35
191,44001,171,3.39
191,46001,171,3.19
191,48001,171,3.02
191,50001,171,3.05
191,52001,171,3.12
191,54001,171,3.26
191,56001,171,3.48
191,58001,171,3.57
191,60001,171,3.68
191,62001,171,3.66
191,64001,171,3.53
191,65535,171,3.66
191,1,181,3.51
191,2001,181,3.5
191,4001,181,3.74
191,6001,181,3.64
191,8001,181,3.66
191,10001,181,3.68
191,12001,181,3.69
191,14001,181,3.68
191,16001,181,3.75
191,18001,181,3.74
191,20001,181,3.52
191,22001,181,3.17
191,24001,181,3.04
191,26001,181,2.87
191,28001,181,2.78
191,30001,181,2.98
191,32001,181,3.06
191,34001,181,3.22
191,36001,181,3.25
191,38001,181,3.39
191,40001,181,3.37
191,42001,181,3.32
191,44001,181,3.34
191,46001,181,3.04
191,48001,181,2.99
191,50001,181,3.06
191,52001,181,3.19
191,54001,181,3.27
191,56001,181,3.38
191,58001,181,3.6
191,60001,181,3.73
191,62001,181,3.73
191,64001,181,3.68
191,65535,181,3.71
191,1,191,3.59
191,2001,191,3.53
191,4001,191,3.59
191,6001,191,3.73
191,8001,191,3.77
191,10001,191,3.66
191,12001,191,3.7
191,14001,191,3.62
191,16001,191,3.7
191,18001,191,3.69
191,20001,191,3.54
191,22001,191,3.2
191,24001,191,2.94
191,26001,191,2.76
191,28001,191,2.95
191,30001,191,3.02
191,32001,191,2.83
191,34001,191,3.08
191,36001,191,3.12
191,38001,191,3.26
191,40001,191,3.27
191,42001,191,3.26
191,44001,191,3.05
191,46001,191,3.22
191,48001,191,2.87
191,50001,191,2.95
191,52001,191,3.12
191,54001,191,3.35
191,56001,191,3.37
191,58001,191,3.64
191,60001,191,3.66
191,62001,191,3.66
191,64001,191,3.52
191,65535,191,3.52
191,1,201,3.36
191,2001,201,3.44
191,4001,201,3.59
191,6001,201,3.71
191,8001,201,3.62
191,10001,201,3.78
191,12001,201,3.71
191,14001,201,3.7
191,16001,201,3.7
191,18001,201,3.62
191,20001,201,3.38
191,22001,201,3.22
191,24001,201,2.97
191,26001,201,2.76
191,28001,201,2.78
191,30001,201,2.74
191,32001,201,2.98
191,34001,201,3.09
191,36001,201,3.19
191,38001,201,3.36
191,40001,201,3.13
191,42001,201,3.42
191,44001,201,3.22
191,46001,201,3.05
191,48001,201,3.01
191,50001,201,2.9
191,52001,201,2.97
191,54001,201,3.28
191,56001,201,3.41
191,58001,201,3.51
191,60001,201,3.71
191,62001,201,3.68
191,64001,201,3.49
191,65535,201,3.45
191,1,211,3.37
191,2001,211,3.33
191,4001,211,3.54
191,6001,211,3.88
191,8001,211,3.78
191,10001,211,3.5
191,12001,211,3.68
191,14001,211,3.59
191,16001,211,3.71
191,18001,211,3.63
191,20001,211,3.49
191,22001,211,3.34
191,24001,211,2.9
191,26001,211,2.67
191,28001,211,2.72
191,30001,211,2.74
191,32001,211,2.92
191,34001,211,3.08
191,36001,211,3.04
191,38001,211,3.14
191,40001,211,3.13
191,42001,211,3.33
191,44001,211,3.25
191,46001,211,3.09
191,48001,211,2.93
191,50001,211,2.9
191,52001,211,3.13
191,54001,211,3.26
191,56001,211,3.37
191,58001,211,3.63
191,60001,211,3.5
191,62001,211,3.39
191,64001,211,3.53
191,65535,211,3.59
191,1,221,3.35
191,2001,221,3.28
191,4001,221,3.74
191,6001,221,3.68
191,8001,221,3.61
191,10001,221,3.7
191,12001,221,3.55
191,14001,221,3.68
191,16001,221,3.72
191,18001,221,3.62
191,20001,221,3.39
191,22001,221,3.18
191,24001,221,2.78
191,26001,221,2.81
191,28001,221,2.59
191,30001,221,2.81
191,32001,221,2.95
191,34001,221,3.07
191,36001,221,3.13
191,38001,221,3.25
191,40001,221,3.1
191,42001,221,3.14
191,44001,221,3.11
191,46001,221,2.99
191,48001,221,2.82
191,50001,221,2.81
191,52001,221,3.13
191,54001,221,3.27
191,56001,221,3.47
191,58001,221,3.54
191,60001,221,3.58
191,62001,221,3.58
191,64001,221,3.41
191,65535,221,3.37
191,1,231,3.29
191,2001,231,3.33
191,4001,231,3.53
191,6001,231,3.61
191,8001,231,3.67
191,10001,231,3.49
191,12001,231,3.61
191,14001,231,3.72
191,16001,231,3.69
191,18001,231,3.64
191,20001,231,3.48
191,22001,231,3.21
191,24001,231,2.76
191,26001,231,2.64
191,28001,231,2.72
191,30001,231,2.76
191,32001,231,2.82
191,34001,231,2.93
191,36001,231,3.12
191,38001,231,3.06
191,40001,231,2.98
191,42001,231,3.08
191,44001,231,3.15
191,46001,231,2.97
191,48001,231,2.87
191,50001,231,2.87
191,52001,231,3.15
191,54001,231,3.25
191,56001,231,3.56
191,58001,231,3.64
191,60001,231,3.56
191,62001,231,3.67
191,64001,231,3.42
191,65535,231,3.5
191,1,241,3.29
191,2001,241,3.35
191,4001,241,3.44
191,6001,241,3.73
191,8001,241,3.56
191,10001,241,3.63
191,12001,241,3.56
191,14001,241,3.78
191,16001,241,3.71
191,18001,241,3.53
191,20001,241,3.45
191,22001,241,3.21
191,24001,241,2.99
191,26001,241,2.67
191,28001,241,2.7
191,30001,241,2.67
191,32001,241,2.73
191,34001,241,2.76
191,36001,241,2.87
191,38001,241,3.0
191,40001,241,3.01
191,42001,241,2.96
191,44001,241,3.12
191,46001,241,2.91
191,48001,241,2.96
191,50001,241,2.8
191,52001,241,3.12
191,54001,241,3.23
191,56001,241,3.54
191,58001,241,3.52
191,60001,241,3.68
191,62001,241,3.42
191,64001,241,3.32
191,65535,241,3.3
191,1,251,3.21
191,2001,251,3.18
191,4001,251,3.53
191,6001,251,3.38
191,8001,251,3.43
191,10001,251,3.53
191,12001,251,3.58
191,14001,251,3.53
191,16001,251,3.61
191,18001,251,3.67
191,20001,251,3.56
191,22001,251,2.98
191,24001,251,2.82
191,26001,251,2.7
191,28001,251,2.63
191,30001,251,2.67
191,32001,251,2.75
191,34001,251,2.86
191,36001,251,2.82
191,38001,251,2.84
191,40001,251,3.06
191,42001,251,2.93
191,44001,251,2.94
191,46001,251,2.95
191,48001,251,2.94
191,50001,251,2.89
191,52001,251,3.07
191,54001,251,3.27
191,56001,251,3.49
191,58001,251,3.61
191,60001,251,3.52
191,62001,251,3.47
191,64001,251,3.37
191,65535,251,3.32
191,1,254,3.11
191,2001,254,3.32
191,4001,254,3.6
191,6001,254,3.46
191,8001,254,3.51
191,10001,254,3.52
191,12001,254,3.51
191,14001,254,3.69
191,16001,254,3.56
191,18001,254,3.61
191,20001,254,3.6
191,22001,254,3.15
191,24001,254,2.95
191,26001,254,2.62
191,28001,254,2.53
191,30001,254,2.79
191,32001,254,2.78
191,34001,254,2.74
191,36001,254,2.95
191,38001,254,3.03
191,40001,254,3.0
191,42001,254,2.94
191,44001,254,3.01
191,46001,254,3.0
191,48001,254,2.98
191,50001,254,2.92
191,52001,254,3.06
191,54001,254,3.28
191,56001,254,3.46
191,58001,254,3.59
191,60001,254,3.61
191,62001,254,3.45
191,64001,254,3.48
191,65535,254,3.33
201,1,1,4.01
201,2001,1,3.92
201,4001,1,4.01
201,6001,1,4.01
201,8001,1,4.04
201,10001,1,4.03
201,12001,1,3.98
201,14001,1,4.18
201,16001,1,4.12
201,18001,1,4.05
201,20001,1,4.04
201,22001,1,4.11
201,24001,1,4.07
201,26001,1,3.97
201,28001,1,3.93
201,30001,1,4.08
201,32001,1,3.99
201,34001,1,4.0
201,36001,1,3.96
201,38001,1,4.01
201,40001,1,3.99
201,42001,1,4.06
201,44001,1,4.02
201,46001,1,3.91
201,48001,1,3.98
201,50001,1,4.02
201,52001,1,4.1
201,54001,1,4.05
201,56001,1,3.99
201,58001,1,3.97
201,60001,1,4.11
201,62001,1,4.12
201,64001,1,4.04
201,65535,1,3.96
201,1,11,4.19
201,2001,11,4.08
201,4001,11,4.09
201,6001,11,4.12
201,8001,11,4.12
201,10001,11,4.07
201,12001,11,4.04
201,14001,11,4.22
201,16001,11,3.97
201,18001,11,4.06
201,20001,11,3.9
201,22001,11,3.97
201,24001,11,4.0
201,26001,11,3.81
201,28001,11,3.73
201,30001,11,4.06
201,32001,11,4.14
201,34001,11,3.89
201,36001,11,3.98
201,38001,11,4.0
201,40001,11,4.03
201,42001,11,4.05
201,44001,11,3.93
201,46001,11,4.02
201,48001,11,3.99
201,50001,11,4.09
201,52001,11,4.04
201,54001,11,4.15
201,56001,11,4.16
201,58001,11,4.03
201,60001,11,4.02
201,62001,11,4.14
201,64001,11,3.93
201,65535,11,4.01
201,1,21,4.12
201,2001,21,4.23
201,4001,21,4.02
201,6001,21,4.1
201,8001,21,4.25
201,10001,21,3.97
201,12001,21,4.14
201,14001,21,4.07
201,16001,21,3.95
201,18001,21,4.11
201,20001,21,4.01
201,22001,21,3.92
201,24001,21,3.87
201,26001,21,3.92
201,28001,21,3.81
201,30001,21,3.81
201,32001,21,3.7
201,34001,21,3.95
201,36001,21,4.02
201,38001,21,4.13
201,40001,21,4.02
201,42001,21,4.07
201,44001,21,4.03
201,46001,21,4.03
201,48001,21,3.92
201,50001,21,4.02
201,52001,21,3.91
201,54001,21,3.75
201,56001,21,4.01
201,58001,21,4.03
201,60001,21,4.07
201,62001,21,4.09
201,64001,21,3.95
201,65535,21,4.1
201,1,31,4.11
201,2001,31,4.04
201,4001,31,4.08
201,6001,31,4.03
201,8001,31,3.93
201,10001,31,3.91
201,12001,31,3.97
201,14001,31,4.06
201,16001,31,3.99
201,18001,31,3.87
201,20001,31,4.06
201,22001,31,3.88
201,24001,31,3.87
201,26001,31,3.78
201,28001,31,3.87
201,30001,31,3.83
201,32001,31,3.79
201,34001,31,4.05
201,36001,31,3.95
201,38001,31,4.01
201,40001,31,3.89
201,42001,31,3.94
201,44001,31,3.87
201,46001,31,3.86
201,48001,31,3.93
201,50001,31,3.92
201,52001,31,3.85
201,54001,31,3.88
201,56001,31,3.99
201,58001,31,4.17
201,60001,31,3.99
201,62001,31,3.98
201,64001,31,4.06
201,65535,31,4.14
201,1,41,4.3
201,2001,41,4.04
201,4001,41,4.08
201,6001,41,4.06
201,8001,41,4.13
201,10001,41,4.16
201,12001,41,4.06
201,14001,41,4.06
201,16001,41,4.13
201,18001,41,3.99
201,20001,41,3.98
201,22001,41,3.89
201,24001,41,3.82
201,26001,41,3.69
201,28001,41,3.67
201,30001,41,3.79
201,32001,41,3.73
201,34001,41,3.84
201,36001,41,3.96
201,38001,41,4.14
201,40001,41,3.84
201,42001,41,3.91
201,44001,41,4.05
201,46001,41,3.85
201,48001,41,3.73
201,50001,41,3.86
201,52001,41,3.77
201,54001,41,3.95
201,56001,41,3.92
201,58001,41,4.04
201,60001,41,4.1
201,62001,41,4.01
201,64001,41,4.07
201,65535,41,4.13
201,1,51,4.21
201,2001,51,4.07
201,4001,51,4.13
201,6001,51,4.07
201,8001,51,4.03
201,10001,51,4.11
201,12001,51,4.02
201,14001,51,4.01
201,16001,51,4.04
201,18001,51,4.08
201,20001,51,3.85
201,22001,51,3.84
201,24001,51,3.71
201,26001,51,3.66
201,28001,51,3.84
201,30001,51,3.72
201,32001,51,3.62
201,34001,51,3.96
201,36001,51,3.88
201,38001,51,3.91
201,40001,51,3.97
201,42001,51,3.82
201,44001,51,3.95
201,46001,51,3.87
201,48001,51,3.79
201,50001,51,3.75
201,52001,51,3.77
201,54001,51,3.89
201,56001,51,3.86
201,58001,51,4.09
201,60001,51,4.05
201,62001,51,4.01
201,64001,51,4.09
201,65535,51,4.19
201,1,61,4.2
201,2001,61,4.11
201,4001,61,3.97
201,6001,61,4.18
201,8001,61,3.97
201,10001,61,4.09
201,12001,61,4.16
201,14001,61,3.97
201,16001,61,4.04
201,18001,61,3.9
201,20001,61,3.89
201,22001,61,3.76
201,24001,61,3.64
201,26001,61,3.44
201,28001,61,3.66
201,30001,61,3.72
201,32001,61,3.74
201,34001,61,3.93
201,36001,61,3.86
201,38001,61,3.79
201,40001,61,3.87
201,42001,61,4.02
201,44001,61,3.85
201,46001,61,3.83
201,48001,61,3.73
201,50001,61,3.71
201,52001,61,3.72
201,54001,61,3.88
201,56001,61,3.79
201,58001,61,3.97
201,60001,61,3.98
201,62001,61,4.16
201,64001,61,4.12
201,65535,61,3.94
201,1,71,4.05
201,2001,71,4.03
201,4001,71,3.98
201,6001,71,4.06
201,8001,71,4.11
201,10001,71,4.06
201,12001,71,3.94
201,14001,71,4.03
201,16001,71,4.06
201,18001,71,4.02
201,20001,71,3.93
201,22001,71,3.73
201,24001,71,3.71
201,26001,71,3.47
201,28001,71,3.53
201,30001,71,3.63
201,32001,71,3.7
201,34001,71,3.77
201,36001,71,3.84
201,38001,71,3.91
201,40001,71,3.94
201,42001,71,3.88
201,44001,71,3.85
201,46001,71,3.62
201,48001,71,3.75
201,50001,71,3.67
201,52001,71,3.69
201,54001,71,3.81
201,56001,71,3.95
201,58001,71,4.03
201,60001,71,4.08
201,62001,71,4.06
201,64001,71,4.0
201,65535,71,4.03
201,1,81,4.14
201,2001,81,4.14
201,4001,81,4.06
201,6001,81,4.09
201,8001,81,4.0
201,10001,81,4.11
201,12001,81,4.09
201,14001,81,4.01
201,16001,81,3.92
201,18001,81,4.0
201,20001,81,3.93
201,22001,81,3.83
201,24001,81,3.51
201,26001,81,3.46
201,28001,81,3.43
201,30001,81,3.65
201,32001,81,3.58
201,34001,81,3.61
201,36001,81,3.86
201,38001,81,3.86
201,40001,81,3.78
201,42001,81,3.81
201,44001,81,3.84
201,46001,81,3.65
201,48001,81,3.52
201,50001,81,3.6
201,52001,81,3.6
201,54001,81,3.71
201,56001,81,3.98
201,58001,81,4.04
201,60001,81,4.04
201,62001,81,4.14
201,64001,81,3.95
201,65535,81,4.06
201,1,91,4.02
201,2001,91,4.01
201,4001,91,4.13
201,6001,91,4.11
201,8001,91,4.03
201,10001,91,3.99
201,12001,91,4.03
201,14001,91,4.03
201,16001,91,4.01
201,18001,91,3.99
201,20001,91,3.95
201,22001,91,3.7
201,24001,91,3.51
201,26001,91,3.45
201,28001,91,3.5
201,30001,91,3.43
201,32001,91,3.54
201,34001,91,3.69
201,36001,91,3.82
201,38001,91,3.88
201,40001,91,3.84
201,42001,91,3.94
201,44001,91,3.75
201,46001,91,3.7
201,48001,91,3.48
201,50001,91,3.49
201,52001,91,3.63
201,54001,91,3.81
201,56001,91,3.8
201,58001,91,3.85
201,60001,91,4.06
201,62001,91,4.06
201,64001,91,4.15
201,65535,91,4.08
201,1,101,4.13
201,2001,101,4.09
201,4001,101,4.11
201,6001,101,4.2
201,8001,101,3.99
201,10001,101,3.91
201,12001,101,4.03
201,14001,101,3.86
201,16001,101,3.89
201,18001,101,4.07
201,20001,101,3.85
201,22001,101,3.64
201,24001,101,3.52
201,26001,101,3.38
201,28001,101,3.38
201,30001,101,3.5
201,32001,101,3.43
201,34001,101,3.69
201,36001,101,3.87
201,38001,101,3.92
201,40001,101,3.9
201,42001,101,3.72
201,44001,101,3.65
201,46001,101,3.54
201,48001,101,3.69
201,50001,101,3.45
201,52001,101,3.64
201,54001,101,3.58
201,56001,101,3.89
201,58001,101,3.8
201,60001,101,3.89
201,62001,101,4.09
201,64001,101,4.09
201,65535,101,4.04
201,1,111,4.09
201,2001,111,4.08
201,4001,111,4.1
201,6001,111,4.01
201,8001,111,4.03
201,10001,111,4.09
201,12001,111,3.87
201,14001,111,4.13
201,16001,111,4.05
201,18001,111,4.13
201,20001,111,3.88
201,22001,111,3.67
201,24001,111,3.64
201,26001,111,3.33
201,28001,111,3.5
201,30001,111,3.4
201,32001,111,3.53
201,34001,111,3.61
201,36001,111,3.65
201,38001,111,3.77
201,40001,111,3.82
201,42001,111,3.9
201,44001,111,3.82
201,46001,111,3.63
201,48001,111,3.37
201,50001,111,3.51
201,52001,111,3.4
201,54001,111,3.77
201,56001,111,3.71
201,58001,111,3.98
201,60001,111,4.04
201,62001,111,4.01
201,64001,111,4.11
201,65535,111,4.21
201,1,121,4.17
201,2001,121,3.95
201,4001,121,4.18
201,6001,121,4.07
201,8001,121,4.22
201,10001,121,4.13
201,12001,121,4.02
201,14001,121,4.06
201,16001,121,4.12
201,18001,121,3.75
201,20001,121,3.99
201,22001,121,3.67
201,24001,121,3.48
201,26001,121,3.41
201,28001,121,3.21
201,30001,121,3.32
201,32001,121,3.48
201,34001,121,3.72
201,36001,121,3.79
201,38001,121,3.76
201,40001,121,3.79
201,42001,121,3.75
201,44001,121,3.65
201,46001,121,3.58
201,48001,121,3.25
201,50001,121,3.39
201,52001,121,3.46
201,54001,121,3.51
201,56001,121,3.75
201,58001,121,3.81
201,60001,121,4.0
201,62001,121,3.91
201,64001,121,4.03
201,65535,121,4.03
201,1,131,3.99
201,2001,131,4.03
201,4001,131,4.03
201,6001,131,4.35
201,8001,131,4.05
201,10001,131,4.06
201,12001,131,3.94
201,14001,131,4.05
201,16001,131,3.91
201,18001,131,3.89
201,20001,131,3.74
201,22001,131,3.71
201,24001,131,3.24
201,26001,131,3.31
201,28001,131,3.15
201,30001,131,3.39
201,32001,131,3.38
201,34001,131,3.57
201,36001,131,3.72
201,38001,131,3.6
201,40001,131,3.66
201,42001,131,3.68
201,44001,131,3.6
201,46001,131,3.5
201,48001,131,3.33
201,50001,131,3.23
201,52001,131,3.36
201,54001,131,3.68
201,56001,131,3.82
201,58001,131,4.03
201,60001,131,3.98
201,62001,131,4.08
201,64001,131,4.0
201,65535,131,4.12
201,1,141,3.98
201,2001,141,3.94
201,4001,141,4.18
201,6001,141,4.12
201,8001,141,4.08
201,10001,141,3.96
201,12001,141,3.95
201,14001,141,4.15
201,16001,141,4.04
201,18001,141,4.01
201,20001,141,3.86
201,22001,141,3.52
201,24001,141,3.37
201,26001,141,3.15
201,28001,141,3.24
201,30001,141,3.3
201,32001,141,3.34
201,34001,141,3.59
201,36001,141,3.58
201,38001,141,3.72
201,40001,141,3.8
201,42001,141,3.74
201,44001,141,3.5
201,46001,141,3.56
201,48001,141,3.28
201,50001,141,3.25
201,52001,141,3.42
201,54001,141,3.6
201,56001,141,3.7
201,58001,141,3.83
201,60001,141,4.09
201,62001,141,3.96
201,64001,141,3.94
201,65535,141,4.01
201,1,151,3.96
201,2001,151,3.97
201,4001,151,3.91
201,6001,151,4.08
201,8001,151,4.11
201,10001,151,4.06
201,12001,151,3.87
201,14001,151,3.91
201,16001,151,3.85
201,18001,151,4.0
201,20001,151,3.92
201,22001,151,3.66
201,24001,151,3.31
201,26001,151,3.11
201,28001,151,3.11
201,30001,151,3.19
201,32001,151,3.3
201,34001,151,3.46
201,36001,151,3.66
201,38001,151,3.57
201,40001,151,3.6
201,42001,151,3.6
201,44001,151,3.5
201,46001,151,3.43
201,48001,151,3.05
201,50001,151,3.28
201,52001,151,3.25
201,54001,151,3.56
201,56001,151,3.84
201,58001,151,3.97
201,60001,151,3.9
201,62001,151,3.78
201,64001,151,4.06
201,65535,151,4.09
201,1,161,3.98
201,2001,161,3.95
201,4001,161,4.13
201,6001,161,4.03
201,8001,161,4.07
201,10001,161,3.87
201,12001,161,4.05
201,14001,161,3.94
201,16001,161,4.18
201,18001,161,3.94
201,20001,161,3.83
201,22001,161,3.58
201,24001,161,3.27
201,26001,161,3.03
201,28001,161,3.09
201,30001,161,3.27
201,32001,161,3.32
201,34001,161,3.5
201,36001,161,3.61
201,38001,161,3.69
201,40001,161,3.66
201,42001,161,3.55
201,44001,161,3.46
201,46001,161,3.51
201,48001,161,3.28
201,50001,161,3.17
201,52001,161,3.46
201,54001,161,3.82
201,56001,161,3.63
201,58001,161,3.9
201,60001,161,3.94
201,62001,161,3.96
201,64001,161,3.98
201,65535,161,3.95
201,1,171,3.82
201,2001,171,3.88
201,4001,171,4.0
201,6001,171,4.03
201,8001,171,4.19
201,10001,171,3.94
201,12001,171,3.84
201,14001,171,4.06
201,16001,171,4.1
201,18001,171,3.89
201,20001,171,3.83
201,22001,171,3.45
201,24001,171,3.15
201,26001,171,3.02
201,28001,171,3.21
201,30001,171,3.22
201,32001,171,3.22
201,34001,171,3.27
201,36001,171,3.63
201,38001,171,3.57
201,40001,171,3.66
201,42001,171,3.5
201,44001,171,3.51
201,46001,171,3.58
201,48001,171,3.18
201,50001,171,3.01
201,52001,171,3.33
201,54001,171,3.44
201,56001,171,3.61
201,58001,171,3.91
201,60001,171,4.0
201,62001,171,3.96
201,64001,171,4.04
201,65535,171,3.98
201,1,181,4.0
201,2001,181,3.83
201,4001,181,3.98
201,6001,181,4.14
201,8001,181,4.11
201,10001,181,3.94
201,12001,181,4.0
201,14001,181,3.94
201,16001,181,3.98
201,18001,181,3.9
201,20001,181,3.74
201,22001,181,3.13
201,24001,181,3.18
201,26001,181,3.03
201,28001,181,3.04
201,30001,181,3.23
201,32001,181,3.1
201,34001,181,3.25
201,36001,181,3.6
201,38001,181,3.58
201,40001,181,3.49
201,42001,181,3.59
201,44001,181,3.52
201,46001,181,3.25
201,48001,181,3.26
201,50001,181,3.33
201,52001,181,3.31
201,54001,181,3.34
201,56001,181,3.68
201,58001,181,3.92
201,60001,181,4.01
201,62001,181,3.91
201,64001,181,3.85
201,65535,181,3.68
201,1,191,3.77
201,2001,191,3.74
201,4001,191,3.9
201,6001,191,3.95
201,8001,191,3.91
201,10001,191,4.01
201,12001,191,3.85
201,14001,191,3.82
201,16001,191,4.11
201,18001,191,4.09
201,20001,191,3.78
201,22001,191,3.52
201,24001,191,3.1
201,26001,191,2.83
201,28001,191,3.12
201,30001,191,3.1
201,32001,191,3.27
201,34001,191,3.38
201,36001,191,3.54
201,38001,191,3.51
201,40001,191,3.66
201,42001,191,3.57
201,44001,191,3.43
201,46001,191,3.39
201,48001,191,3.06
201,50001,191,3.27
201,52001,191,3.21
201,54001,191,3.56
201,56001,191,3.83
201,58001,191,3.83
201,60001,191,4.0
201,62001,191,4.05
201,64001,191,3.92
201,65535,191,3.85
201,1,201,3.71
201,2001,201,3.77
201,4001,201,3.84
201,6001,201,3.98
201,8001,201,3.9
201,10001,201,3.94
201,12001,201,3.93
201,14001,201,3.96
201,16001,201,3.9
201,18001,201,3.95
201,20001,201,3.64
201,22001,201,3.5
201,24001,201,3.16
201,26001,201,2.97
201,28001,201,2.98
201,30001,201,2.9
201,32001,201,3.08
201,34001,201,3.26
201,36001,201,3.46
201,38001,201,3.39
201,40001,201,3.5
201,42001,201,3.46
201,44001,201,3.52
201,46001,201,3.32
201,48001,201,3.12
201,50001,201,3.07
201,52001,201,3.19
201,54001,201,3.31
201,56001,201,3.75
201,58001,201,3.99
201,60001,201,3.9
201,62001,201,3.93
201,64001,201,3.72
201,65535,201,3.69
201,1,211,3.81
201,2001,211,3.65
201,4001,211,3.83
201,6001,211,4.04
201,8001,211,4.06
201,10001,211,3.96
201,12001,211,3.95
201,14001,211,4.0
201,16001,211,3.88
201,18001,211,3.89
201,20001,211,3.63
201,22001,211,3.23
201,24001,211,3.24
201,26001,211,2.99
201,28001,211,3.01
201,30001,211,2.98
201,32001,211,3.14
201,34001,211,3.31
201,36001,211,3.31
201,38001,211,3.28
201,40001,211,3.5
201,42001,211,3.49
201,44001,211,3.34
201,46001,211,3.38
201,48001,211,3.09
201,50001,211,3.12
201,52001,211,3.34
201,54001,211,3.38
201,56001,211,3.69
201,58001,211,3.92
201,60001,211,3.78
201,62001,211,3.9
201,64001,211,3.74
201,65535,211,3.64
201,1,221,3.59
201,2001,221,3.65
201,4001,221,3.67
201,6001,221,4.0
201,8001,221,3.95
201,10001,221,4.01
201,12001,221,3.94
201,14001,221,3.93
201,16001,221,3.97
201,18001,221,3.93
201,20001,221,3.77
201,22001,221,3.27
201,24001,221,3.04
201,26001,221,2.76
201,28001,221,3.0
201,30001,221,2.92
201,32001,221,2.92
201,34001,221,3.31
201,36001,221,3.41
201,38001,221,3.4
201,40001,221,3.35
201,42001,221,3.48
201,44001,221,3.43
201,46001,221,3.24
201,48001,221,3.16
201,50001,221,3.27
201,52001,221,3.27
201,54001,221,3.43
201,56001,221,3.72
201,58001,221,3.81
201,60001,221,3.93
201,62001,221,3.82
201,64001,221,3.78
201,65535,221,3.66
201,1,231,3.55
201,2001,231,3.58
201,4001,231,3.84
201,6001,231,3.85
201,8001,231,3.95
201,10001,231,3.88
201,12001,231,3.74
201,14001,231,3.76
201,16001,231,4.03
201,18001,231,3.83
201,20001,231,3.75
201,22001,231,3.25
201,24001,231,3.0
201,26001,231,2.8
201,28001,231,2.76
201,30001,231,2.98
201,32001,231,2.97
201,34001,231,2.99
201,36001,231,3.22
201,38001,231,3.28
201,40001,231,3.31
201,42001,231,3.14
201,44001,231,3.42
201,46001,231,3.23
201,48001,231,3.19
201,50001,231,3.05
201,52001,231,3.38
201,54001,231,3.69
201,56001,231,3.83
201,58001,231,3.9
201,60001,231,3.95
201,62001,231,3.76
201,64001,231,3.78
201,65535,231,3.63
201,1,241,3.42
201,2001,241,3.63
201,4001,241,3.76
201,6001,241,3.91
201,8001,241,3.89
201,10001,241,3.87
201,12001,241,3.85
201,14001,241,3.88
201,16001,241,3.95
201,18001,241,3.96
201,20001,241,3.7
201,22001,241,3.43
201,24001,241,3.03
201,26001,241,2.84
201,28001,241,2.75
201,30001,241,2.87
201,32001,241,3.08
201,34001,241,3.01
201,36001,241,3.19
201,38001,241,3.27
201,40001,241,3.44
201,42001,241,3.24
201,44001,241,3.32
201,46001,241,2.97
201,48001,241,2.95
201,50001,241,3.03
201,52001,241,3.15
201,54001,241,3.34
201,56001,241,3.9
201,58001,241,3.93
201,60001,241,3.83
201,62001,241,3.64
201,64001,241,3.69
201,65535,241,3.54
201,1,251,3.32
201,2001,251,3.34
201,4001,251,3.67
201,6001,251,3.85
201,8001,251,3.82
201,10001,251,3.92
201,12001,251,3.86
201,14001,251,3.8
201,16001,251,3.91
201,18001,251,3.83
201,20001,251,3.58
201,22001,251,3.18
201,24001,251,3.21
201,26001,251,2.89
201,28001,251,2.75
201,30001,251,2.77
201,32001,251,3.06
201,34001,251,2.98
201,36001,251,3.03
201,38001,251,3.19
201,40001,251,3.17
201,42001,251,3.23
201,44001,251,3.13
201,46001,251,3.07
201,48001,251,3.11
201,50001,251,3.11
201,52001,251,3.33
201,54001,251,3.47
201,56001,251,3.91
201,58001,251,3.76
201,60001,251,4.04
201,62001,251,3.75
201,64001,251,3.62
201,65535,251,3.51
201,1,254,3.43
201,2001,254,3.47
201,4001,254,3.64
201,6001,254,3.64
201,8001,254,3.85
201,10001,254,3.95
201,12001,254,3.87
201,14001,254,3.98
201,16001,254,4.01
201,18001,254,4.0
201,20001,254,3.9
201,22001,254,3.31
201,24001,254,2.94
201,26001,254,2.76
201,28001,254,2.76
201,30001,254,2.92
201,32001,254,2.92
201,34001,254,2.92
201,36001,254,3.24
201,38001,254,3.16
201,40001,254,3.15
201,42001,254,3.22
201,44001,254,3.24
201,46001,254,3.24
201,48001,254,3.06
201,50001,254,3.08
201,52001,254,3.42
201,54001,254,3.51
201,56001,254,3.82
201,58001,254,3.72
201,60001,254,3.78
201,62001,254,3.75
201,64001,254,3.51
201,65535,254,3.46
211,1,1,4.39
211,2001,1,4.39
211,4001,1,4.55
211,6001,1,4.42
211,8001,1,4.31
211,10001,1,4.28
211,12001,1,4.36
211,14001,1,4.47
211,16001,1,4.28
211,18001,1,4.33
211,20001,1,4.37
211,22001,1,4.24
211,24001,1,4.29
211,26001,1,4.2
211,28001,1,4.35
211,30001,1,4.32
211,32001,1,4.35
211,34001,1,4.55
211,36001,1,4.33
211,38001,1,4.36
211,40001,1,4.25
211,42001,1,4.36
211,44001,1,4.42
211,46001,1,4.31
211,48001,1,4.47
211,50001,1,4.32
211,52001,1,4.47
211,54001,1,4.36
211,56001,1,4.3
211,58001,1,4.4
211,60001,1,4.4
211,62001,1,4.13
211,64001,1,4.38
211,65535,1,4.35
211,1,11,4.3
211,2001,11,4.34
211,4001,11,4.38
211,6001,11,4.38
211,8001,11,4.25
211,10001,11,4.39
211,12001,11,4.19
211,14001,11,4.22
211,16001,11,4.23
211,18001,11,4.36
211,20001,11,4.33
211,22001,11,4.26
211,24001,11,4.27
211,26001,11,4.35
211,28001,11,4.22
211,30001,11,4.33
211,32001,11,4.29
211,34001,11,4.28
211,36001,11,4.42
211,38001,11,4.41
211,40001,11,4.25
211,42001,11,4.19
211,44001,11,4.23
211,46001,11,4.25
211,48001,11,4.31
211,50001,11,4.3
211,52001,11,4.37
211,54001,11,4.38
211,56001,11,4.24
211,58001,11,4.33
211,60001,11,4.33
211,62001,11,4.33
211,64001,11,4.36
211,65535,11,4.24
211,1,21,4.44
211,2001,21,4.37
211,4001,21,4.3
211,6001,21,4.36
211,8001,21,4.3
211,10001,21,4.24
211,12001,21,4.32
211,14001,21,4.5
211,16001,21,4.46
211,18001,21,4.43
211,20001,21,4.37
211,22001,21,4.29
211,24001,21,4.31
211,26001,21,4.19
211,28001,21,4.09
211,30001,21,4.16
211,32001,21,4.29
211,34001,21,4.29
211,36001,21,4.45
211,38001,21,4.23
211,40001,21,4.27
211,42001,21,4.1
211,44001,21,4.46
211,46001,21,4.08
211,48001,21,4.22
211,50001,21,4.27
211,52001,21,4.06
211,54001,21,4.22
211,56001,21,4.3
211,58001,21,4.39
211,60001,21,4.32
211,62001,21,4.31
211,64001,21,4.38
211,65535,21,4.4
211,1,31,4.41
211,2001,31,4.33
211,4001,31,4.35
211,6001,31,4.32
211,8001,31,4.32
211,10001,31,4.3
211,12001,31,4.48
211,14001,31,4.35
211,16001,31,4.42
211,18001,31,4.37
211,20001,31,4.31
211,22001,31,4.23
211,24001,31,3.93
211,26001,31,4.07
211,28001,31,4.15
211,30001,31,4.16
211,32001,31,4.03
211,34001,31,4.12
211,36001,31,4.06
211,38001,31,4.39
211,40001,31,4.17
211,42001,31,4.23
211,44001,31,4.19
211,46001,31,3.96
211,48001,31,3.98
211,50001,31,4.07
211,52001,31,4.17
211,54001,31,4.23
211,56001,31,4.31
211,58001,31,4.3
211,60001,31,4.32
211,62001,31,4.37
211,64001,31,4.44
211,65535,31,4.37
211,1,41,4.53
211,2001,41,4.34
211,4001,41,4.33
211,6001,41,4.21
211,8001,41,4.44
211,10001,41,4.22
211,12001,41,4.25
211,14001,41,4.39
211,16001,41,4.48
211,18001,41,4.39
211,20001,41,4.24
211,22001,41,4.13
211,24001,41,3.99
211,26001,41,4.12
211,28001,41,3.95
211,30001,41,3.98
211,32001,41,4.13
211,34001,41,4.33
211,36001,41,4.29
211,38001,41,4.46
211,40001,41,4.36
211,42001,41,4.22
211,44001,41,4.39
211,46001,41,4.27
211,48001,41,4.14
211,50001,41,4.05
211,52001,41,4.1
211,54001,41,4.2
211,56001,41,4.27
211,58001,41,4.29
211,60001,41,4.38
211,62001,41,4.39
211,64001,41,4.31
211,65535,41,4.44
211,1,51,4.4
211,2001,51,4.3
211,4001,51,4.46
211,6001,51,4.42
211,8001,51,4.3
211,10001,51,4.36
211,12001,51,4.24
211,14001,51,4.31
211,16001,51,4.39
211,18001,51,4.27
211,20001,51,4.2
211,22001,51,4.03
211,24001,51,3.96
211,26001,51,4.02
211,28001,51,3.86
211,30001,51,4.02
211,32001,51,4.14
211,34001,51,4.25
211,36001,51,4.23
211,38001,51,4.33
211,40001,51,4.19
211,42001,51,4.27
211,44001,51,4.21
211,46001,51,4.08
211,48001,51,4.05
211,50001,51,3.99
211,52001,51,4.1
211,54001,51,4.03
211,56001,51,4.12
211,58001,51,4.16
211,60001,51,4.12
211,62001,51,4.34
211,64001,51,4.36
211,65535,51,4.4
211,1,61,4.49
211,2001,61,4.33
211,4001,61,4.55
211,6001,61,4.39
211,8001,61,4.35
211,10001,61,4.34
211,12001,61,4.39
211,14001,61,4.39
211,16001,61,4.33
211,18001,61,4.33
211,20001,61,4.11
211,22001,61,4.14
211,24001,61,3.77
211,26001,61,3.92
211,28001,61,3.86
211,30001,61,4.01
211,32001,61,3.89
211,34001,61,4.12
211,36001,61,4.06
211,38001,61,4.14
211,40001,61,4.31
211,42001,61,4.14
211,44001,61,4.09
211,46001,61,4.08
211,48001,61,3.96
211,50001,61,3.96
211,52001,61,3.94
211,54001,61,4.1
211,56001,61,4.11
211,58001,61,4.28
211,60001,61,4.27
211,62001,61,4.4
211,64001,61,4.39
211,65535,61,4.53
211,1,71,4.26
211,2001,71,4.46
211,4001,71,4.3
211,6001,71,4.45
211,8001,71,4.35
211,10001,71,4.31
211,12001,71,4.3
211,14001,71,4.39
211,16001,71,4.32
211,18001,71,4.28
211,20001,71,4.09
211,22001,71,4.01
211,24001,71,3.85
211,26001,71,3.96
211,28001,71,3.88
211,30001,71,3.82
211,32001,71,3.91
211,34001,71,4.03
211,36001,71,4.1
211,38001,71,4.18
211,40001,71,4.13
211,42001,71,4.22
211,44001,71,4.19
211,46001,71,4.19
211,48001,71,3.97
211,50001,71,3.91
211,52001,71,3.96
211,54001,71,4.1
211,56001,71,4.02
211,58001,71,4.43
211,60001,71,4.41
211,62001,71,4.27
211,64001,71,4.29
211,65535,71,4.39
211,1,81,4.47
211,2001,81,4.33
211,4001,81,4.39
211,6001,81,4.25
211,8001,81,4.41
211,10001,81,4.37
211,12001,81,4.41
211,14001,81,4.39
211,16001,81,4.26
211,18001,81,4.26
211,20001,81,4.37
211,22001,81,3.9
211,24001,81,3.89
211,26001,81,3.8
211,28001,81,3.73
211,30001,81,3.8
211,32001,81,3.91
211,34001,81,3.88
211,36001,81,4.18
211,38001,81,4.16
211,40001,81,4.05
211,42001,81,4.12
211,44001,81,4.03
211,46001,81,3.99
211,48001,81,3.76
211,50001,81,3.9
211,52001,81,3.87
211,54001,81,4.29
211,56001,81,4.24
211,58001,81,4.18
211,60001,81,4.37
211,62001,81,4.23
211,64001,81,4.29
211,65535,81,4.33
211,1,91,4.45
211,2001,91,4.33
211,4001,91,4.48
211,6001,91,4.49
211,8001,91,4.48
211,10001,91,4.31
211,12001,91,4.4
211,14001,91,4.34
211,16001,91,4.33
211,18001,91,4.39
211,20001,91,4.16
211,22001,91,4.02
211,24001,91,3.73
211,26001,91,3.74
211,28001,91,3.67
211,30001,91,3.77
211,32001,91,3.93
211,34001,91,4.02
211,36001,91,3.98
211,38001,91,4.15
211,40001,91,4.22
211,42001,91,4.2
211,44001,91,4.17
211,46001,91,3.87
211,48001,91,3.66
211,50001,91,3.63
211,52001,91,3.84
211,54001,91,4.03
211,56001,91,4.12
211,58001,91,4.37
211,60001,91,4.22
211,62001,91,4.33
211,64001,91,4.46
211,65535,91,4.45
211,1,101,4.3
211,2001,101,4.29
211,4001,101,4.32
211,6001,101,4.3
211,8001,101,4.34
211,10001,101,4.26
211,12001,101,4.41
211,14001,101,4.35
211,16001,101,4.29
211,18001,101,4.24
211,20001,101,4.11
211,22001,101,4.08
211,24001,101,3.88
211,26001,101,3.72
211,28001,101,3.65
211,30001,101,3.73
211,32001,101,3.61
211,34001,101,3.87
211,36001,101,3.95
211,38001,101,4.17
211,40001,101,4.27
211,42001,101,3.97
211,44001,101,4.01
211,46001,101,3.8
211,48001,101,3.7
211,50001,101,3.73
211,52001,101,3.9
211,54001,101,3.81
211,56001,101,4.03
211,58001,101,4.24
211,60001,101,4.27
211,62001,101,4.35
211,64001,101,4.35
211,65535,101,4.44
211,1,111,4.43
211,2001,111,4.34
211,4001,111,4.58
211,6001,111,4.49
211,8001,111,4.28
211,10001,111,4.3
211,12001,111,4.43
211,14001,111,4.24
211,16001,111,4.23
211,18001,111,4.26
211,20001,111,4.15
211,22001,111,4.17
211,24001,111,3.69
211,26001,111,3.55
211,28001,111,3.55
211,30001,111,3.64
211,32001,111,3.73
211,34001,111,4.02
211,36001,111,3.92
211,38001,111,4.14
211,40001,111,4.01
211,42001,111,4.24
211,44001,111,3.99
211,46001,111,3.91
211,48001,111,3.63
211,50001,111,3.85
211,52001,111,3.78
211,54001,111,3.91
211,56001,111,3.96
211,58001,111,4.22
211,60001,111,4.4
211,62001,111,4.36
211,64001,111,4.3
211,65535,111,4.25
211,1,121,4.32
211,2001,121,4.44
211,4001,121,4.41
211,6001,121,4.52
211,8001,121,4.38
211,10001,121,4.38
211,12001,121,4.37
211,14001,121,4.24
211,16001,121,4.35
211,18001,121,4.21
211,20001,121,4.19
211,22001,121,3.9
211,24001,121,3.61
211,26001,121,3.56
211,28001,121,3.53
211,30001,121,3.62
211,32001,121,3.75
211,34001,121,4.05
211,36001,121,3.75
211,38001,121,4.11
211,40001,121,4.17
211,42001,121,3.93
211,44001,121,3.96
211,46001,121,3.72
211,48001,121,3.66
211,50001,121,3.56
211,52001,121,3.9
211,54001,121,3.94
211,56001,121,4.11
211,58001,121,4.34
211,60001,121,4.44
211,62001,121,4.21
211,64001,121,4.43
211,65535,121,4.38
211,1,131,4.23
211,2001,131,4.46
211,4001,131,4.47
211,6001,131,4.45
211,8001,131,4.29
211,10001,131,4.13
211,12001,131,4.22
211,14001,131,4.17
211,16001,131,4.29
211,18001,131,4.41
211,20001,131,3.91
211,22001,131,3.96
211,24001,131,3.66
211,26001,131,3.53
211,28001,131,3.41
211,30001,131,3.62
211,32001,131,3.66
211,34001,131,3.75
211,36001,131,3.91
211,38001,131,3.95
211,40001,131,4.05
211,42001,131,4.05
211,44001,131,3.84
211,46001,131,3.67
211,48001,131,3.62
211,50001,131,3.55
211,52001,131,3.68
211,54001,131,3.93
211,56001,131,4.06
211,58001,131,4.22
211,60001,131,4.34
211,62001,131,4.4
211,64001,131,4.31
211,65535,131,4.34
211,1,141,4.22
211,2001,141,4.33
211,4001,141,4.39
211,6001,141,4.41
211,8001,141,4.3
211,10001,141,4.08
211,12001,141,4.15
211,14001,141,4.3
211,16001,141,4.41
211,18001,141,4.07
211,20001,141,4.1
211,22001,141,3.66
211,24001,141,3.52
211,26001,141,3.46
211,28001,141,3.55
211,30001,141,3.53
211,32001,141,3.64
211,34001,141,3.72
211,36001,141,3.98
211,38001,141,3.96
211,40001,141,4.09
211,42001,141,4.02
211,44001,141,3.77
211,46001,141,3.58
211,48001,141,3.58
211,50001,141,3.42
211,52001,141,3.6
211,54001,141,3.92
211,56001,141,3.88
211,58001,141,4.32
211,60001,141,4.31
211,62001,141,4.31
211,64001,141,4.42
211,65535,141,4.53
211,1,151,4.25
211,2001,151,4.17
211,4001,151,4.54
211,6001,151,4.5
211,8001,151,4.42
211,10001,151,4.38
211,12001,151,4.37
211,14001,151,4.42
211,16001,151,4.33
211,18001,151,4.27
211,20001,151,4.21
211,22001,151,3.82
211,24001,151,3.35
211,26001,151,3.51
211,28001,151,3.47
211,30001,151,3.63
211,32001,151,3.51
211,34001,151,3.66
211,36001,151,3.88
211,38001,151,3.91
211,40001,151,3.93
211,42001,151,3.96
211,44001,151,3.76
211,46001,151,3.66
211,48001,151,3.36
211,50001,151,3.53
211,52001,151,3.57
211,54001,151,3.87
211,56001,151,4.01
211,58001,151,4.33
211,60001,151,4.26
211,62001,151,4.24
211,64001,151,4.31
211,65535,151,4.33
211,1,161,4.28
211,2001,161,4.22
211,4001,161,4.28
211,6001,161,4.5
211,8001,161,4.34
211,10001,161,4.31
211,12001,161,4.22
211,14001,161,4.19
211,16001,161,4.38
211,18001,161,4.32
211,20001,161,4.15
211,22001,161,3.76
211,24001,161,3.52
211,26001,161,3.45
211,28001,161,3.43
211,30001,161,3.46
211,32001,161,3.55
211,34001,161,3.67
211,36001,161,3.9
211,38001,161,3.8
211,40001,161,3.93
211,42001,161,3.88
211,44001,161,3.76
211,46001,161,3.79
211,48001,161,3.49
211,50001,161,3.37
211,52001,161,3.64
211,54001,161,3.65
211,56001,161,4.07
211,58001,161,4.31
211,60001,161,4.25
211,62001,161,4.17
211,64001,161,4.36
211,65535,161,4.29
211,1,171,4.08
211,2001,171,4.18
211,4001,171,4.39
211,6001,171,4.4
211,8001,171,4.47
211,10001,171,4.17
211,12001,171,4.39
211,14001,171,4.33
211,16001,171,4.38
211,18001,171,4.21
211,20001,171,4.15
211,22001,171,3.89
211,24001,171,3.52
211,26001,171,3.26
211,28001,171,3.16
211,30001,171,3.53
211,32001,171,3.55
211,34001,171,3.9
211,36001,171,3.85
211,38001,171,3.73
211,40001,171,3.94
211,42001,171,3.73
211,44001,171,3.8
211,46001,171,3.61
211,48001,171,3.41
211,50001,171,3.38
211,52001,171,3.56
211,54001,171,3.81
211,56001,171,4.02
211,58001,171,3.93
211,60001,171,4.39
211,62001,171,4.16
211,64001,171,4.14
211,65535,171,4.29
211,1,181,4.27
211,2001,181,4.17
211,4001,181,4.36
211,6001,181,4.34
211,8001,181,4.31
211,10001,181,4.37
211,12001,181,4.28
211,14001,181,4.23
211,16001,181,4.27
211,18001,181,4.29
211,20001,181,3.83
211,22001,181,3.8
211,24001,181,3.32
211,26001,181,3.31
211,28001,181,3.25
211,30001,181,3.27
211,32001,181,3.42
211,34001,181,3.53
211,36001,181,3.73
211,38001,181,3.89
211,40001,181,3.87
211,42001,181,3.89
211,44001,181,3.78
211,46001,181,3.49
211,48001,181,3.39
211,50001,181,3.4
211,52001,181,3.56
211,54001,181,3.59
211,56001,181,3.95
211,58001,181,4.21
211,60001,181,4.19
211,62001,181,4.26
211,64001,181,4.26
211,65535,181,4.24
211,1,191,4.01
211,2001,191,4.01
211,4001,191,4.22
211,6001,191,4.31
211,8001,191,4.41
211,10001,191,4.2
211,12001,191,4.06
211,14001,191,4.24
211,16001,191,4.29
211,18001,191,4.32
211,20001,191,4.26
211,22001,191,3.77
211,24001,191,3.45
211,26001,191,3.37
211,28001,191,3.4
211,30001,191,3.32
211,32001,191,3.27
211,34001,191,3.37
211,36001,191,3.66
211,38001,191,3.79
211,40001,191,3.71
211,42001,191,3.74
211,44001,191,3.71
211,46001,191,3.49
211,48001,191,3.47
211,50001,191,3.33
211,52001,191,3.44
211,54001,191,3.74
211,56001,191,4.02
211,58001,191,4.19
211,60001,191,4.34
211,62001,191,4.21
211,64001,191,4.12
211,65535,191,4.08
211,1,201,4.03
211,2001,201,3.97
211,4001,201,4.39
211,6001,201,4.34
211,8001,201,4.48
211,10001,201,4.22
211,12001,201,4.23
211,14001,201,4.19
211,16001,201,4.26
211,18001,201,4.17
211,20001,201,4.15
211,22001,201,3.63
211,24001,201,3.48
211,26001,201,3.22
211,28001,201,3.09
211,30001,201,3.21
211,32001,201,3.37
211,34001,201,3.49
211,36001,201,3.66
211,38001,201,3.68
211,40001,201,3.67
211,42001,201,3.64
211,44001,201,3.46
211,46001,201,3.51
211,48001,201,3.35
211,50001,201,3.29
211,52001,201,3.58
211,54001,201,3.78
211,56001,201,4.0
211,58001,201,4.24
211,60001,201,4.13
211,62001,201,4.14
211,64001,201,4.05
211,65535,201,4.08
211,1,211,3.94
211,2001,211,4.06
211,4001,211,4.2
211,6001,211,4.27
211,8001,211,4.31
211,10001,211,4.07
211,12001,211,4.07
211,14001,211,4.28
211,16001,211,4.05
211,18001,211,4.13
211,20001,211,4.01
211,22001,211,3.55
211,24001,211,3.39
211,26001,211,3.36
211,28001,211,3.13
211,30001,211,3.17
211,32001,211,3.37
211,34001,211,3.5
211,36001,211,3.63
211,38001,211,3.57
211,40001,211,3.73
211,42001,211,3.66
211,44001,211,3.61
211,46001,211,3.51
211,48001,211,3.26
211,50001,211,3.26
211,52001,211,3.53
211,54001,211,3.59
211,56001,211,3.98
211,58001,211,4.16
211,60001,211,4.22
211,62001,211,4.06
211,64001,211,4.16
211,65535,211,4.05
211,1,221,3.97
211,2001,221,3.9
211,4001,221,3.97
211,6001,221,4.15
211,8001,221,4.32
211,10001,221,4.21
211,12001,221,4.24
211,14001,221,4.22
211,16001,221,4.28
211,18001,221,4.21
211,20001,221,4.1
211,22001,221,3.4
211,24001,221,3.09
211,26001,221,3.06
211,28001,221,3.12
211,30001,221,3.03
211,32001,221,3.25
211,34001,221,3.46
211,36001,221,3.52
211,38001,221,3.66
211,40001,221,3.53
211,42001,221,3.55
211,44001,221,3.61
211,46001,221,3.5
211,48001,221,3.32
211,50001,221,3.12
211,52001,221,3.61
211,54001,221,3.93
211,56001,221,3.93
211,58001,221,4.24
211,60001,221,4.08
211,62001,221,4.08
211,64001,221,3.95
211,65535,221,3.81
211,1,231,3.83
211,2001,231,3.88
211,4001,231,4.06
211,6001,231,4.17
211,8001,231,4.3
211,10001,231,4.13
211,12001,231,4.12
211,14001,231,4.2
211,16001,231,4.36
211,18001,231,4.22
211,20001,231,4.06
211,22001,231,3.59
211,24001,231,3.12
211,26001,231,3.12
211,28001,231,2.99
211,30001,231,3.1
211,32001,231,3.2
211,34001,231,3.5
211,36001,231,3.42
211,38001,231,3.48
211,40001,231,3.62
211,42001,231,3.52
211,44001,231,3.43
211,46001,231,3.5
211,48001,231,3.08
211,50001,231,3.36
211,52001,231,3.41
211,54001,231,3.82
211,56001,231,4.11
211,58001,231,4.04
211,60001,231,4.13
211,62001,231,4.14
211,64001,231,3.85
211,65535,231,4.0
211,1,241,3.88
211,2001,241,3.55
211,4001,241,4.0
211,6001,241,4.14
211,8001,241,4.35
211,10001,241,4.18
211,12001,241,4.19
211,14001,241,4.27
211,16001,241,4.34
211,18001,241,4.32
211,20001,241,4.06
211,22001,241,3.74
211,24001,241,3.29
211,26001,241,2.91
211,28001,241,3.09
211,30001,241,3.07
211,32001,241,3.23
211,34001,241,3.34
211,36001,241,3.34
211,38001,241,3.51
211,40001,241,3.36
211,42001,241,3.41
211,44001,241,3.52
211,46001,241,3.42
211,48001,241,3.32
211,50001,241,3.24
211,52001,241,3.39
211,54001,241,3.7
211,56001,241,4.1
211,58001,241,4.18
211,60001,241,4.09
211,62001,241,3.9
211,64001,241,3.85
211,65535,241,3.82
211,1,251,3.67
211,2001,251,3.65
211,4001,251,4.0
211,6001,251,4.23
211,8001,251,4.08
211,10001,251,4.13
211,12001,251,4.05
211,14001,251,4.17
211,16001,251,4.24
211,18001,251,4.26
211,20001,251,4.06
211,22001,251,3.68
211,24001,251,3.25
211,26001,251,2.98
211,28001,251,2.95
211,30001,251,3.09
211,32001,251,3.09
211,34001,251,3.06
211,36001,251,3.32
211,38001,251,3.46
211,40001,251,3.49
211,42001,251,3.32
211,44001,251,3.41
211,46001,251,3.36
211,48001,251,3.35
211,50001,251,3.33
211,52001,251,3.56
211,54001,251,3.81
211,56001,251,4.01
211,58001,251,4.01
211,60001,251,4.01
211,62001,251,4.02
211,64001,251,4.06
211,65535,251,3.81
211,1,254,3.76
211,2001,254,3.6
211,4001,254,3.92
211,6001,254,4.0
211,8001,254,4.18
211,10001,254,4.08
211,12001,254,4.19
211,14001,254,4.32
211,16001,254,4.21
211,18001,254,4.32
211,20001,254,4.04
211,22001,254,3.55
211,24001,254,3.23
211,26001,254,3.0
211,28001,254,2.92
211,30001,254,3.02
211,32001,254,3.15
211,34001,254,3.27
211,36001,254,3.44
211,38001,254,3.46
211,40001,254,3.53
211,42001,254,3.3
211,44001,254,3.4
211,46001,254,3.32
211,48001,254,3.31
211,50001,254,3.3
211,52001,254,3.59
211,54001,254,3.88
211,56001,254,3.92
211,58001,254,4.29
211,60001,254,4.07
211,62001,254,4.0
211,64001,254,3.78
211,65535,254,3.73
221,1,1,4.71
221,2001,1,4.48
221,4001,1,4.6
221,6001,1,4.69
221,8001,1,4.63
221,10001,1,4.65
221,12001,1,4.57
221,14001,1,4.63
221,16001,1,4.64
221,18001,1,4.58
221,20001,1,4.66
221,22001,1,4.54
221,24001,1,4.72
221,26001,1,4.64
221,28001,1,4.77
221,30001,1,4.75
221,32001,1,4.58
221,34001,1,4.56
221,36001,1,4.75
221,38001,1,4.55
221,40001,1,4.79
221,42001,1,4.67
221,44001,1,4.66
221,46001,1,4.65
221,48001,1,4.58
221,50001,1,4.69
221,52001,1,4.64
221,54001,1,4.74
221,56001,1,4.58
221,58001,1,4.61
221,60001,1,4.61
221,62001,1,4.61
221,64001,1,4.51
221,65535,1,4.62
221,1,11,4.7
221,2001,11,4.68
221,4001,11,4.76
221,6001,11,4.78
221,8001,11,4.66
221,10001,11,4.77
221,12001,11,4.53
221,14001,11,4.77
221,16001,11,4.61
221,18001,11,4.58
221,20001,11,4.51
221,22001,11,4.65
221,24001,11,4.62
221,26001,11,4.68
221,28001,11,4.53
221,30001,11,4.52
221,32001,11,4.55
221,34001,11,4.55
221,36001,11,4.64
221,38001,11,4.69
221,40001,11,4.6
221,42001,11,4.65
221,44001,11,4.73
221,46001,11,4.52
221,48001,11,4.42
221,50001,11,4.42
221,52001,11,4.63
221,54001,11,4.63
221,56001,11,4.67
221,58001,11,4.76
221,60001,11,4.51
221,62001,11,4.62
221,64001,11,4.74
221,65535,11,4.67
221,1,21,4.65
221,2001,21,4.8
221,4001,21,4.78
221,6001,21,4.72
221,8001,21,4.66
221,10001,21,4.59
221,12001,21,4.66
221,14001,21,4.72
221,16001,21,4.71
221,18001,21,4.72
221,20001,21,4.72
221,22001,21,4.52
221,24001,21,4.47
221,26001,21,4.44
221,28001,21,4.57
221,30001,21,4.49
221,32001,21,4.57
221,34001,21,4.68
221,36001,21,4.6
221,38001,21,4.77
221,40001,21,4.58
221,42001,21,4.73
221,44001,21,4.58
221,46001,21,4.54
221,48001,21,4.48
221,50001,21,4.59
221,52001,21,4.52
221,54001,21,4.58
221,56001,21,4.43
221,58001,21,4.68
221,60001,21,4.65
221,62001,21,4.63
221,64001,21,4.68
221,65535,21,4.63
221,1,31,4.72
221,2001,31,4.56
221,4001,31,4.67
221,6001,31,4.61
221,8001,31,4.87
221,10001,31,4.68
221,12001,31,4.63
221,14001,31,4.54
221,16001,31,4.55
221,18001,31,4.58
221,20001,31,4.53
221,22001,31,4.52
221,24001,31,4.33
221,26001,31,4.41
221,28001,31,4.34
221,30001,31,4.52
221,32001,31,4.52
221,34001,31,4.51
221,36001,31,4.64
221,38001,31,4.73
221,40001,31,4.74
221,42001,31,4.69
221,44001,31,4.53
221,46001,31,4.46
221,48001,31,4.45
221,50001,31,4.41
221,52001,31,4.63
221,54001,31,4.58
221,56001,31,4.53
221,58001,31,4.67
221,60001,31,4.59
221,62001,31,4.68
221,64001,31,4.72
221,65535,31,4.69
221,1,41,4.67
221,2001,41,4.7
221,4001,41,4.69
221,6001,41,4.62
221,8001,41,4.65
221,10001,41,4.62
221,12001,41,4.69
221,14001,41,4.71
221,16001,41,4.58
221,18001,41,4.66
221,20001,41,4.43
221,22001,41,4.48
221,24001,41,4.35
221,26001,41,4.27
221,28001,41,4.35
221,30001,41,4.4
221,32001,41,4.3
221,34001,41,4.35
221,36001,41,4.48
221,38001,41,4.61
221,40001,41,4.63
221,42001,41,4.58
221,44001,41,4.4
221,46001,41,4.55
221,48001,41,4.36
221,50001,41,4.27
221,52001,41,4.26
221,54001,41,4.35
221,56001,41,4.36
221,58001,41,4.52
221,60001,41,4.56
221,62001,41,4.54
221,64001,41,4.64
221,65535,41,4.76
221,1,51,4.74
221,2001,51,4.69
221,4001,51,4.79
221,6001,51,4.78
221,8001,51,4.64
221,10001,51,4.7
221,12001,51,4.67
221,14001,51,4.55
221,16001,51,4.62
221,18001,51,4.55
221,20001,51,4.52
221,22001,51,4.46
221,24001,51,4.31
221,26001,51,4.1
221,28001,51,4.31
221,30001,51,4.21
221,32001,51,4.33
221,34001,51,4.3
221,36001,51,4.53
221,38001,51,4.6
221,40001,51,4.64
221,42001,51,4.59
221,44001,51,4.4
221,46001,51,4.41
221,48001,51,4.29
221,50001,51,4.31
221,52001,51,4.43
221,54001,51,4.42
221,56001,51,4.33
221,58001,51,4.72
221,60001,51,4.63
221,62001,51,4.71
221,64001,51,4.75
221,65535,51,4.69
221,1,61,4.99
221,2001,61,4.62
221,4001,61,4.69
221,6001,61,4.7
221,8001,61,4.75
221,10001,61,4.63
221,12001,61,4.68
221,14001,61,4.75
221,16001,61,4.65
221,18001,61,4.71
221,20001,61,4.4
221,22001,61,4.37
221,24001,61,4.33
221,26001,61,4.13
221,28001,61,4.28
221,30001,61,4.17
221,32001,61,4.37
221,34001,61,4.36
221,36001,61,4.28
221,38001,61,4.56
221,40001,61,4.53
221,42001,61,4.4
221,44001,61,4.33
221,46001,61,4.47
221,48001,61,4.21
221,50001,61,4.22
221,52001,61,4.26
221,54001,61,4.39
221,56001,61,4.51
221,58001,61,4.64
221,60001,61,4.6
221,62001,61,4.62
221,64001,61,4.7
221,65535,61,4.7
221,1,71,4.74
221,2001,71,4.69
221,4001,71,4.72
221,6001,71,4.74
221,8001,71,4.73
221,10001,71,4.72
221,12001,71,4.71
221,14001,71,4.53
221,16001,71,4.66
221,18001,71,4.5
221,20001,71,4.34
221,22001,71,4.26
221,24001,71,4.04
221,26001,71,4.12
221,28001,71,4.05
221,30001,71,4.08
221,32001,71,4.23
221,34001,71,4.29
221,36001,71,4.49
221,38001,71,4.6
221,40001,71,4.4
221,42001,71,4.53
221,44001,71,4.46
221,46001,71,4.2
221,48001,71,4.19
221,50001,71,4.17
221,52001,71,4.11
221,54001,71,4.39
221,56001,71,4.37
221,58001,71,4.5
221,60001,71,4.52
221,62001,71,4.74
221,64001,71,4.66
221,65535,71,4.65
221,1,81,4.65
221,2001,81,4.66
221,4001,81,4.73
221,6001,81,4.8
221,8001,81,4.75
221,10001,81,4.84
221,12001,81,4.56
221,14001,81,4.6
221,16001,81,4.57
221,18001,81,4.66
221,20001,81,4.43
221,22001,81,4.25
221,24001,81,3.99
221,26001,81,4.07
221,28001,81,3.99
221,30001,81,4.12
221,32001,81,4.08
221,34001,81,4.4
221,36001,81,4.45
221,38001,81,4.56
221,40001,81,4.58
221,42001,81,4.49
221,44001,81,4.33
221,46001,81,4.43
221,48001,81,3.98
221,50001,81,4.11
221,52001,81,4.13
221,54001,81,4.39
221,56001,81,4.34
221,58001,81,4.6
221,60001,81,4.74
221,62001,81,4.57
221,64001,81,4.78
221,65535,81,4.68
221,1,91,4.74
221,2001,91,4.67
221,4001,91,4.71
221,6001,91,4.88
221,8001,91,4.75
221,10001,91,4.66
221,12001,91,4.59
221,14001,91,4.59
221,16001,91,4.65
221,18001,91,4.5
221,20001,91,4.4
221,22001,91,4.25
221,24001,91,3.91
221,26001,91,3.94
221,28001,91,3.93
221,30001,91,3.98
221,32001,91,4.18
221,34001,91,4.13
221,36001,91,4.41
221,38001,91,4.47
221,40001,91,4.39
221,42001,91,4.4
221,44001,91,4.3
221,46001,91,4.19
221,48001,91,4.12
221,50001,91,4.02
221,52001,91,4.14
221,54001,91,4.33
221,56001,91,4.44
221,58001,91,4.6
221,60001,91,4.59
221,62001,91,4.73
221,64001,91,4.73
221,65535,91,4.82
221,1,101,4.64
221,2001,101,4.62
221,4001,101,4.74
221,6001,101,4.74
221,8001,101,4.67
221,10001,101,4.68
221,12001,101,4.65
221,14001,101,4.62
221,16001,101,4.69
221,18001,101,4.47
221,20001,101,4.51
221,22001,101,4.2
221,24001,101,4.09
221,26001,101,3.95
221,28001,101,3.84
221,30001,101,4.0
221,32001,101,3.99
221,34001,101,4.12
221,36001,101,4.41
221,38001,101,4.55
221,40001,101,4.41
221,42001,101,4.47
221,44001,101,4.3
221,46001,101,4.09
221,48001,101,4.05
221,50001,101,3.94
221,52001,101,4.11
221,54001,101,4.33
221,56001,101,4.4
221,58001,101,4.51
221,60001,101,4.69
221,62001,101,4.57
221,64001,101,4.62
221,65535,101,4.77
221,1,111,4.57
221,2001,111,4.77
221,4001,111,4.64
221,6001,111,4.66
221,8001,111,4.81
221,10001,111,4.57
221,12001,111,4.74
221,14001,111,4.71
221,16001,111,4.63
221,18001,111,4.59
221,20001,111,4.36
221,22001,111,4.2
221,24001,111,3.98
221,26001,111,3.84
221,28001,111,3.83
221,30001,111,3.92
221,32001,111,3.96
221,34001,111,4.14
221,36001,111,4.33
221,38001,111,4.48
221,40001,111,4.4
221,42001,111,4.33
221,44001,111,4.16
221,46001,111,4.16
221,48001,111,4.0
221,50001,111,3.92
221,52001,111,4.05
221,54001,111,4.27
221,56001,111,4.39
221,58001,111,4.48
221,60001,111,4.56
221,62001,111,4.53
221,64001,111,4.61
221,65535,111,4.65
221,1,121,4.71
221,2001,121,4.56
221,4001,121,4.8
221,6001,121,4.66
221,8001,121,4.81
221,10001,121,4.53
221,12001,121,4.48
221,14001,121,4.64
221,16001,121,4.6
221,18001,121,4.46
221,20001,121,4.31
221,22001,121,4.12
221,24001,121,3.81
221,26001,121,3.7
221,28001,121,3.93
221,30001,121,3.78
221,32001,121,4.01
221,34001,121,4.11
221,36001,121,4.31
221,38001,121,4.33
221,40001,121,4.3
221,42001,121,4.34
221,44001,121,4.2
221,46001,121,4.02
221,48001,121,3.92
221,50001,121,3.83
221,52001,121,3.69
221,54001,121,4.16
221,56001,121,4.31
221,58001,121,4.5
221,60001,121,4.69
221,62001,121,4.72
221,64001,121,4.57
221,65535,121,4.59
221,1,131,4.62
221,2001,131,4.65
221,4001,131,4.62
221,6001,131,4.59
221,8001,131,4.72
221,10001,131,4.71
221,12001,131,4.59
221,14001,131,4.68
221,16001,131,4.64
221,18001,131,4.56
221,20001,131,4.39
221,22001,131,4.2
221,24001,131,3.97
221,26001,131,3.71
221,28001,131,3.75
221,30001,131,3.8
221,32001,131,3.86
221,34001,131,4.02
221,36001,131,4.06
221,38001,131,4.31
221,40001,131,4.32
221,42001,131,4.2
221,44001,131,4.09
221,46001,131,4.02
221,48001,131,3.95
221,50001,131,3.77
221,52001,131,3.98
221,54001,131,4.11
221,56001,131,4.44
221,58001,131,4.57
221,60001,131,4.47
221,62001,131,4.57
221,64001,131,4.75
221,65535,131,4.61
221,1,141,4.49
221,2001,141,4.62
221,4001,141,4.75
221,6001,141,4.7
221,8001,141,4.73
221,10001,141,4.7
221,12001,141,4.62
221,14001,141,4.64
221,16001,141,4.68
221,18001,141,4.72
221,20001,141,4.39
221,22001,141,4.06
221,24001,141,3.87
221,26001,141,3.62
221,28001,141,3.79
221,30001,141,3.71
221,32001,141,3.93
221,34001,141,4.12
221,36001,141,4.21
221,38001,141,4.28
221,40001,141,4.12
221,42001,141,4.2
221,44001,141,4.05
221,46001,141,3.83
221,48001,141,3.8
221,50001,141,3.8
221,52001,141,4.15
221,54001,141,4.18
221,56001,141,4.23
221,58001,141,4.48
221,60001,141,4.69
221,62001,141,4.71
221,64001,141,4.51
221,65535,141,4.68
221,1,151,4.47
221,2001,151,4.74
221,4001,151,4.69
221,6001,151,4.66
221,8001,151,4.63
221,10001,151,4.61
221,12001,151,4.54
221,14001,151,4.53
221,16001,151,4.6
221,18001,151,4.45
221,20001,151,4.45
221,22001,151,3.93
221,24001,151,3.78
221,26001,151,3.66
221,28001,151,3.6
221,30001,151,3.63
221,32001,151,3.93
221,34001,151,4.01
221,36001,151,4.01
221,38001,151,4.3
221,40001,151,4.2
221,42001,151,4.1
221,44001,151,4.08
221,46001,151,4.02
221,48001,151,3.86
221,50001,151,3.73
221,52001,151,3.9
221,54001,151,3.85
221,56001,151,4.24
221,58001,151,4.45
221,60001,151,4.59
221,62001,151,4.57
221,64001,151,4.51
221,65535,151,4.45
221,1,161,4.42
221,2001,161,4.57
221,4001,161,4.64
221,6001,161,4.75
221,8001,161,4.71
221,10001,161,4.34
221,12001,161,4.54
221,14001,161,4.56
221,16001,161,4.67
221,18001,161,4.59
221,20001,161,4.24
221,22001,161,4.06
221,24001,161,3.79
221,26001,161,3.61
221,28001,161,3.49
221,30001,161,3.67
221,32001,161,3.74
221,34001,161,3.81
221,36001,161,4.09
221,38001,161,4.21
221,40001,161,4.21
221,42001,161,4.03
221,44001,161,3.94
221,46001,161,3.83
221,48001,161,3.76
221,50001,161,3.63
221,52001,161,3.77
221,54001,161,4.0
221,56001,161,4.23
221,58001,161,4.43
221,60001,161,4.57
221,62001,161,4.53
221,64001,161,4.51
221,65535,161,4.51
221,1,171,4.44
221,2001,171,4.62
221,4001,171,4.65
221,6001,171,4.63
221,8001,171,4.59
221,10001,171,4.67
221,12001,171,4.58
221,14001,171,4.5
221,16001,171,4.65
221,18001,171,4.52
221,20001,171,4.22
221,22001,171,4.0
221,24001,171,3.68
221,26001,171,3.6
221,28001,171,3.54
221,30001,171,3.58
221,32001,171,3.83
221,34001,171,3.75
221,36001,171,4.0
221,38001,171,4.03
221,40001,171,4.1
221,42001,171,4.0
221,44001,171,3.98
221,46001,171,3.81
221,48001,171,3.55
221,50001,171,3.57
221,52001,171,3.79
221,54001,171,4.07
221,56001,171,4.21
221,58001,171,4.5
221,60001,171,4.52
221,62001,171,4.49
221,64001,171,4.55
221,65535,171,4.49
221,1,181,4.44
221,2001,181,4.58
221,4001,181,4.65
221,6001,181,4.76
221,8001,181,4.61
221,10001,181,4.65
221,12001,181,4.5
221,14001,181,4.66
221,16001,181,4.75
221,18001,181,4.53
221,20001,181,4.41
221,22001,181,3.93
221,24001,181,3.69
221,26001,181,3.56
221,28001,181,3.41
221,30001,181,3.45
221,32001,181,3.54
221,34001,181,3.58
221,36001,181,3.96
221,38001,181,4.09
221,40001,181,4.01
221,42001,181,4.02
221,44001,181,3.87
221,46001,181,3.85
221,48001,181,3.65
221,50001,181,3.47
221,52001,181,3.84
221,54001,181,4.12
221,56001,181,4.18
221,58001,181,4.54
221,60001,181,4.55
221,62001,181,4.54
221,64001,181,4.52
221,65535,181,4.47
221,1,191,4.36
221,2001,191,4.48
221,4001,191,4.61
221,6001,191,4.72
221,8001,191,4.46
221,10001,191,4.62
221,12001,191,4.47
221,14001,191,4.59
221,16001,191,4.66
221,18001,191,4.48
221,20001,191,4.25
221,22001,191,4.0
221,24001,191,3.59
221,26001,191,3.34
221,28001,191,3.28
221,30001,191,3.52
221,32001,191,3.5
221,34001,191,3.8
221,36001,191,3.98
221,38001,191,4.0
221,40001,191,4.01
221,42001,191,3.99
221,44001,191,4.05
221,46001,191,3.85
221,48001,191,3.6
221,50001,191,3.62
221,52001,191,3.81
221,54001,191,3.9
221,56001,191,4.14
221,58001,191,4.33
221,60001,191,4.58
221,62001,191,4.48
221,64001,191,4.45
221,65535,191,4.45
221,1,201,4.36
221,2001,201,4.34
221,4001,201,4.55
221,6001,201,4.58
221,8001,201,4.57
221,10001,201,4.58
221,12001,201,4.52
221,14001,201,4.5
221,16001,201,4.52
221,18001,201,4.53
221,20001,201,4.45
221,22001,201,3.96
221,24001,201,3.5
221,26001,201,3.4
221,28001,201,3.44
221,30001,201,3.56
221,32001,201,3.6
221,34001,201,3.67
221,36001,201,3.94
221,38001,201,3.85
221,40001,201,4.03
221,42001,201,3.98
221,44001,201,4.01
221,46001,201,3.7
221,48001,201,3.63
221,50001,201,3.53
221,52001,201,3.73
221,54001,201,3.91
221,56001,201,4.09
221,58001,201,4.57
221,60001,201,4.45
221,62001,201,4.42
221,64001,201,4.49
221,65535,201,4.35
221,1,211,4.31
221,2001,211,4.33
221,4001,211,4.4
221,6001,211,4.57
221,8001,211,4.68
221,10001,211,4.55
221,12001,211,4.43
221,14001,211,4.54
221,16001,211,4.69
221,18001,211,4.51
221,20001,211,4.13
221,22001,211,3.93
221,24001,211,3.48
221,26001,211,3.32
221,28001,211,3.34
221,30001,211,3.42
221,32001,211,3.56
221,34001,211,3.67
221,36001,211,3.83
221,38001,211,4.02
221,40001,211,3.81
221,42001,211,3.97
221,44001,211,3.9
221,46001,211,3.75
221,48001,211,3.58
221,50001,211,3.49
221,52001,211,3.6
221,54001,211,4.07
221,56001,211,4.34
221,58001,211,4.59
221,60001,211,4.56
221,62001,211,4.47
221,64001,211,4.4
221,65535,211,4.33
221,1,221,4.14
221,2001,221,4.19
221,4001,221,4.49
221,6001,221,4.44
221,8001,221,4.56
221,10001,221,4.54
221,12001,221,4.52
221,14001,221,4.47
221,16001,221,4.44
221,18001,221,4.43
221,20001,221,4.14
221,22001,221,3.84
221,24001,221,3.38
221,26001,221,3.3
221,28001,221,3.06
221,30001,221,3.3
221,32001,221,3.49
221,34001,221,3.65
221,36001,221,3.77
221,38001,221,3.8
221,40001,221,3.92
221,42001,221,3.91
221,44001,221,3.79
221,46001,221,3.78
221,48001,221,3.46
221,50001,221,3.5
221,52001,221,3.68
221,54001,221,3.99
221,56001,221,4.26
221,58001,221,4.5
221,60001,221,4.56
221,62001,221,4.33
221,64001,221,4.42
221,65535,221,4.28
221,1,231,4.09
221,2001,231,4.17
221,4001,231,4.33
221,6001,231,4.53
221,8001,231,4.52
221,10001,231,4.42
221,12001,231,4.39
221,14001,231,4.46
221,16001,231,4.37
221,18001,231,4.34
221,20001,231,4.29
221,22001,231,4.1
221,24001,231,3.4
221,26001,231,3.24
221,28001,231,3.24
221,30001,231,3.16
221,32001,231,3.51
221,34001,231,3.65
221,36001,231,3.69
221,38001,231,3.67
221,40001,231,3.87
221,42001,231,3.73
221,44001,231,3.7
221,46001,231,3.7
221,48001,231,3.41
221,50001,231,3.46
221,52001,231,3.72
221,54001,231,4.07
221,56001,231,4.19
221,58001,231,4.55
221,60001,231,4.48
221,62001,231,4.33
221,64001,231,4.26
221,65535,231,4.22
221,1,241,3.92
221,2001,241,4.0
221,4001,241,4.36
221,6001,241,4.41
221,8001,241,4.52
221,10001,241,4.58
221,12001,241,4.53
221,14001,241,4.57
221,16001,241,4.59
221,18001,241,4.69
221,20001,241,4.45
221,22001,241,3.97
221,24001,241,3.41
221,26001,241,3.27
221,28001,241,3.15
221,30001,241,3.23
221,32001,241,3.22
221,34001,241,3.57
221,36001,241,3.63
221,38001,241,3.77
221,40001,241,3.62
221,42001,241,3.7
221,44001,241,3.72
221,46001,241,3.73
221,48001,241,3.52
221,50001,241,3.78
221,52001,241,3.66
221,54001,241,4.04
221,56001,241,4.19
221,58001,241,4.54
221,60001,241,4.41
221,62001,241,4.37
221,64001,241,4.15
221,65535,241,3.99
221,1,251,4.04
221,2001,251,3.85
221,4001,251,4.37
221,6001,251,4.45
221,8001,251,4.6
221,10001,251,4.51
221,12001,251,4.42
221,14001,251,4.45
221,16001,251,4.54
221,18001,251,4.54
221,20001,251,4.4
221,22001,251,3.9
221,24001,251,3.47
221,26001,251,3.17
221,28001,251,3.17
221,30001,251,3.28
221,32001,251,3.29
221,34001,251,3.49
221,36001,251,3.56
221,38001,251,3.56
221,40001,251,3.47
221,42001,251,3.64
221,44001,251,3.75
221,46001,251,3.5
221,48001,251,3.5
221,50001,251,3.44
221,52001,251,3.7
221,54001,251,3.87
221,56001,251,4.27
221,58001,251,4.49
221,60001,251,4.29
221,62001,251,4.26
221,64001,251,4.26
221,65535,251,4.08
221,1,254,3.87
221,2001,254,4.05
221,4001,254,4.28
221,6001,254,4.35
221,8001,254,4.48
221,10001,254,4.48
221,12001,254,4.5
221,14001,254,4.47
221,16001,254,4.73
221,18001,254,4.42
221,20001,254,4.39
221,22001,254,3.75
221,24001,254,3.38
221,26001,254,3.23
221,28001,254,3.22
221,30001,254,3.21
221,32001,254,3.32
221,34001,254,3.41
221,36001,254,3.55
221,38001,254,3.62
221,40001,254,3.58
221,42001,254,3.55
221,44001,254,3.7
221,46001,254,3.72
221,48001,254,3.47
221,50001,254,3.52
221,52001,254,3.8
221,54001,254,4.06
221,56001,254,4.29
221,58001,254,4.53
221,60001,254,4.43
221,62001,254,4.22
221,64001,254,4.18
221,65535,254,4.01
231,1,1,5.14
231,2001,1,5.06
231,4001,1,5.04
231,6001,1,5.01
231,8001,1,4.99
231,10001,1,4.89
231,12001,1,5.03
231,14001,1,4.98
231,16001,1,5.21
231,18001,1,4.86
231,20001,1,4.9
231,22001,1,5.08
231,24001,1,5.02
231,26001,1,4.96
231,28001,1,4.94
231,30001,1,4.91
231,32001,1,4.97
231,34001,1,5.06
231,36001,1,5.03
231,38001,1,5.01
231,40001,1,4.95
231,42001,1,4.93
231,44001,1,4.87
231,46001,1,5.14
231,48001,1,4.89
231,50001,1,4.92
231,52001,1,5.04
231,54001,1,5.07
231,56001,1,5.06
231,58001,1,4.83
231,60001,1,4.98
231,62001,1,4.95
231,64001,1,5.06
231,65535,1,4.83
231,1,11,5.04
231,2001,11,4.94
231,4001,11,4.97
231,6001,11,5.01
231,8001,11,4.95
231,10001,11,5.02
231,12001,11,5.09
231,14001,11,4.89
231,16001,11,4.87
231,18001,11,4.93
231,20001,11,5.0
231,22001,11,5.03
231,24001,11,4.95
231,26001,11,4.98
231,28001,11,4.71
231,30001,11,4.93
231,32001,11,4.9
231,34001,11,4.87
231,36001,11,4.83
231,38001,11,5.03
231,40001,11,4.91
231,42001,11,5.09
231,44001,11,4.87
231,46001,11,4.96
231,48001,11,4.9
231,50001,11,4.94
231,52001,11,4.94
231,54001,11,5.05
231,56001,11,4.96
231,58001,11,4.87
231,60001,11,5.04
231,62001,11,4.94
231,64001,11,4.98
231,65535,11,4.96
231,1,21,4.92
231,2001,21,5.0
231,4001,21,4.99
231,6001,21,5.1
231,8001,21,4.96
231,10001,21,4.86
231,12001,21,5.07
231,14001,21,4.92
231,16001,21,4.96
231,18001,21,5.05
231,20001,21,4.9
231,22001,21,4.92
231,24001,21,4.79
231,26001,21,4.71
231,28001,21,4.77
231,30001,21,4.75
231,32001,21,4.92
231,34001,21,5.0
231,36001,21,4.92
231,38001,21,4.87
231,40001,21,4.99
231,42001,21,4.86
231,44001,21,4.83
231,46001,21,4.93
231,48001,21,4.8
231,50001,21,4.91
231,52001,21,4.75
231,54001,21,4.78
231,56001,21,5.13
231,58001,21,4.92
231,60001,21,5.03
231,62001,21,4.87
231,64001,21,5.05
231,65535,21,5.01
231,1,31,5.0
231,2001,31,5.09
231,4001,31,5.01
231,6001,31,4.93
231,8001,31,5.02
231,10001,31,4.94
231,12001,31,5.03
231,14001,31,4.92
231,16001,31,5.16
231,18001,31,5.06
231,20001,31,5.08
231,22001,31,4.88
231,24001,31,4.64
231,26001,31,4.73
231,28001,31,4.8
231,30001,31,4.64
231,32001,31,4.7
231,34001,31,4.89
231,36001,31,4.83
231,38001,31,4.89
231,40001,31,4.95
231,42001,31,4.85
231,44001,31,4.78
231,46001,31,4.73
231,48001,31,4.73
231,50001,31,4.73
231,52001,31,4.77
231,54001,31,4.81
231,56001,31,4.86
231,58001,31,5.02
231,60001,31,4.91
231,62001,31,4.92
231,64001,31,5.07
231,65535,31,5.03
231,1,41,5.11
231,2001,41,5.03
231,4001,41,4.94
231,6001,41,5.07
231,8001,41,5.12
231,10001,41,4.99
231,12001,41,5.0
231,14001,41,5.04
231,16001,41,4.98
231,18001,41,5.02
231,20001,41,4.73
231,22001,41,4.73
231,24001,41,4.61
231,26001,41,4.56
231,28001,41,4.71
231,30001,41,4.78
231,32001,41,4.73
231,34001,41,4.88
231,36001,41,4.84
231,38001,41,4.92
231,40001,41,4.99
231,42001,41,4.93
231,44001,41,4.83
231,46001,41,4.71
231,48001,41,4.9
231,50001,41,4.54
231,52001,41,4.63
231,54001,41,4.76
231,56001,41,4.64
231,58001,41,4.94
231,60001,41,5.1
231,62001,41,4.98
231,64001,41,5.04
231,65535,41,5.07
231,1,51,5.07
231,2001,51,4.99
231,4001,51,5.04
231,6001,51,5.16
231,8001,51,5.21
231,10001,51,4.86
231,12001,51,4.94
231,14001,51,4.96
231,16001,51,5.1
231,18001,51,4.93
231,20001,51,4.76
231,22001,51,4.64
231,24001,51,4.57
231,26001,51,4.48
231,28001,51,4.59
231,30001,51,4.59
231,32001,51,4.59
231,34001,51,4.77
231,36001,51,4.96
231,38001,51,4.77
231,40001,51,5.01
231,42001,51,4.92
231,44001,51,4.7
231,46001,51,4.71
231,48001,51,4.57
231,50001,51,4.51
231,52001,51,4.67
231,54001,51,4.69
231,56001,51,4.74
231,58001,51,4.97
231,60001,51,4.96
231,62001,51,4.99
231,64001,51,5.07
231,65535,51,4.98
231,1,61,5.09
231,2001,61,5.05
231,4001,61,5.2
231,6001,61,5.09
231,8001,61,5.0
231,10001,61,5.03
231,12001,61,5.0
231,14001,61,5.2
231,16001,61,4.93
231,18001,61,4.9
231,20001,61,4.79
231,22001,61,4.65
231,24001,61,4.47
231,26001,61,4.43
231,28001,61,4.43
231,30001,61,4.42
231,32001,61,4.5
231,34001,61,4.66
231,36001,61,4.9
231,38001,61,4.86
231,40001,61,4.92
231,42001,61,4.76
231,44001,61,4.72
231,46001,61,4.68
231,48001,61,4.57
231,50001,61,4.63
231,52001,61,4.58
231,54001,61,4.74
231,56001,61,4.89
231,58001,61,4.88
231,60001,61,5.02
231,62001,61,4.95
231,64001,61,5.09
231,65535,61,5.01
231,1,71,5.14
231,2001,71,5.09
231,4001,71,5.09
231,6001,71,4.92
231,8001,71,5.0
231,10001,71,5.09
231,12001,71,5.06
231,14001,71,4.91
231,16001,71,4.92
231,18001,71,4.86
231,20001,71,4.97
231,22001,71,4.66
231,24001,71,4.31
231,26001,71,4.54
231,28001,71,4.3
231,30001,71,4.43
231,32001,71,4.56
231,34001,71,4.53
231,36001,71,4.69
231,38001,71,4.91
231,40001,71,4.79
231,42001,71,4.68
231,44001,71,4.7
231,46001,71,4.63
231,48001,71,4.32
231,50001,71,4.5
231,52001,71,4.61
231,54001,71,4.56
231,56001,71,4.67
231,58001,71,4.93
231,60001,71,5.0
231,62001,71,5.0
231,64001,71,4.99
231,65535,71,5.11
231,1,81,5.1
231,2001,81,5.12
231,4001,81,5.24
231,6001,81,5.06
231,8001,81,5.01
231,10001,81,4.97
231,12001,81,4.96
231,14001,81,4.98
231,16001,81,4.84
231,18001,81,4.92
231,20001,81,4.71
231,22001,81,4.66
231,24001,81,4.42
231,26001,81,4.36
231,28001,81,4.32
231,30001,81,4.26
231,32001,81,4.5
231,34001,81,4.62
231,36001,81,4.77
231,38001,81,4.89
231,40001,81,4.83
231,42001,81,4.65
231,44001,81,4.53
231,46001,81,4.45
231,48001,81,4.43
231,50001,81,4.31
231,52001,81,4.5
231,54001,81,4.53
231,56001,81,4.81
231,58001,81,4.86
231,60001,81,4.92
231,62001,81,4.87
231,64001,81,5.05
231,65535,81,5.15
231,1,91,5.07
231,2001,91,5.11
231,4001,91,5.04
231,6001,91,5.23
231,8001,91,5.01
231,10001,91,5.07
231,12001,91,4.82
231,14001,91,4.97
231,16001,91,4.97
231,18001,91,4.92
231,20001,91,4.74
231,22001,91,4.59
231,24001,91,4.42
231,26001,91,4.23
231,28001,91,4.1
231,30001,91,4.18
231,32001,91,4.27
231,34001,91,4.6
231,36001,91,4.78
231,38001,91,4.7
231,40001,91,4.85
231,42001,91,4.61
231,44001,91,4.66
231,46001,91,4.58
231,48001,91,4.28
231,50001,91,4.34
231,52001,91,4.28
231,54001,91,4.49
231,56001,91,4.93
231,58001,91,4.77
231,60001,91,4.99
231,62001,91,5.0
231,64001,91,4.87
231,65535,91,5.02
231,1,101,5.06
231,2001,101,5.12
231,4001,101,5.05
231,6001,101,5.25
231,8001,101,5.05
231,10001,101,5.03
231,12001,101,5.09
231,14001,101,4.91
231,16001,101,5.05
231,18001,101,4.94
231,20001,101,4.7
231,22001,101,4.38
231,24001,101,4.31
231,26001,101,4.17
231,28001,101,4.18
231,30001,101,4.28
231,32001,101,4.32
231,34001,101,4.42
231,36001,101,4.68
231,38001,101,4.83
231,40001,101,4.85
231,42001,101,4.63
231,44001,101,4.42
231,46001,101,4.41
231,48001,101,4.39
231,50001,101,4.33
231,52001,101,4.39
231,54001,101,4.39
231,56001,101,4.76
231,58001,101,4.85
231,60001,101,5.03
231,62001,101,5.07
231,64001,101,5.09
231,65535,101,4.99
231,1,111,4.94
231,2001,111,5.02
231,4001,111,5.37
231,6001,111,4.98
231,8001,111,5.1
231,10001,111,5.06
231,12001,111,4.97
231,14001,111,4.97
231,16001,111,4.85
231,18001,111,4.89
231,20001,111,4.74
231,22001,111,4.51
231,24001,111,4.22
231,26001,111,4.12
231,28001,111,4.26
231,30001,111,4.19
231,32001,111,4.35
231,34001,111,4.35
231,36001,111,4.71
231,38001,111,4.55
231,40001,111,4.65
231,42001,111,4.6
231,44001,111,4.52
231,46001,111,4.52
231,48001,111,4.2
231,50001,111,4.1
231,52001,111,4.17
231,54001,111,4.57
231,56001,111,4.77
231,58001,111,4.81
231,60001,111,4.99
231,62001,111,5.04
231,64001,111,4.98
231,65535,111,5.0
231,1,121,4.99
231,2001,121,5.02
231,4001,121,5.03
231,6001,121,5.16
231,8001,121,5.01
231,10001,121,4.88
231,12001,121,4.94
231,14001,121,4.82
231,16001,121,4.95
231,18001,121,4.74
231,20001,121,4.66
231,22001,121,4.49
231,24001,121,4.34
231,26001,121,3.94
231,28001,121,4.12
231,30001,121,4.19
231,32001,121,4.06
231,34001,121,4.45
231,36001,121,4.45
231,38001,121,4.61
231,40001,121,4.71
231,42001,121,4.61
231,44001,121,4.65
231,46001,121,4.44
231,48001,121,4.07
231,50001,121,4.2
231,52001,121,4.36
231,54001,121,4.52
231,56001,121,4.59
231,58001,121,4.96
231,60001,121,4.96
231,62001,121,4.91
231,64001,121,5.08
231,65535,121,5.04
231,1,131,4.92
231,2001,131,4.87
231,4001,131,5.08
231,6001,131,5.13
231,8001,131,5.02
231,10001,131,5.02
231,12001,131,4.84
231,14001,131,4.89
231,16001,131,5.09
231,18001,131,4.76
231,20001,131,4.54
231,22001,131,4.43
231,24001,131,4.32
231,26001,131,3.97
231,28001,131,3.89
231,30001,131,4.07
231,32001,131,4.22
231,34001,131,4.28
231,36001,131,4.44
231,38001,131,4.77
231,40001,131,4.47
231,42001,131,4.5
231,44001,131,4.41
231,46001,131,4.32
231,48001,131,4.18
231,50001,131,4.15
231,52001,131,4.35
231,54001,131,4.43
231,56001,131,4.71
231,58001,131,4.66
231,60001,131,4.9
231,62001,131,0.34
231,64001,131,0.44
231,65535,131,4.83
231,1,141,4.98
231,2001,141,4.89
231,4001,141,4.97
231,6001,141,5.26
231,8001,141,5.14
231,10001,141,4.87
231,12001,141,4.97
231,14001,141,4.96
231,16001,141,5.2
231,18001,141,4.99
231,20001,141,4.92
231,22001,141,4.33
231,24001,141,3.95
231,26001,141,3.89
231,28001,141,3.88
231,30001,141,4.02
231,32001,141,4.1
231,34001,141,4.29
231,36001,141,4.32
231,38001,141,4.49
231,40001,141,4.45
231,42001,141,4.42
231,44001,141,4.47
231,46001,141,4.29
231,48001,141,4.07
231,50001,141,3.88
231,52001,141,4.2
231,54001,141,4.45
231,56001,141,4.83
231,58001,141,4.84
231,60001,141,4.9
231,62001,141,4.84
231,64001,141,4.87
231,65535,141,5.0
231,1,151,4.95
231,2001,151,4.84
231,4001,151,5.02
231,6001,151,5.23
231,8001,151,5.07
231,10001,151,4.91
231,12001,151,4.87
231,14001,151,4.86
231,16001,151,4.96
231,18001,151,4.85
231,20001,151,4.54
231,22001,151,4.47
231,24001,151,4.02
231,26001,151,3.77
231,28001,151,3.76
231,30001,151,3.8
231,32001,151,3.9
231,34001,151,4.24
231,36001,151,4.37
231,38001,151,4.46
231,40001,151,4.38
231,42001,151,4.43
231,44001,151,4.41
231,46001,151,4.09
231,48001,151,4.06
231,50001,151,4.13
231,52001,151,4.06
231,54001,151,4.18
231,56001,151,4.54
231,58001,151,4.84
231,60001,151,4.83
231,62001,151,4.83
231,64001,151,5.0
231,65535,151,5.04
231,1,161,4.77
231,2001,161,4.82
231,4001,161,5.1
231,6001,161,5.03
231,8001,161,4.93
231,10001,161,5.04
231,12001,161,4.84
231,14001,161,4.87
231,16001,161,4.97
231,18001,161,4.88
231,20001,161,4.59
231,22001,161,4.33
231,24001,161,3.88
231,26001,161,3.77
231,28001,161,3.76
231,30001,161,3.89
231,32001,161,4.0
231,34001,161,4.04
231,36001,161,4.45
231,38001,161,4.52
231,40001,161,4.43
231,42001,161,4.45
231,44001,161,4.38
231,46001,161,4.27
231,48001,161,3.93
231,50001,161,3.85
231,52001,161,4.14
231,54001,161,4.53
231,56001,161,4.59
231,58001,161,4.8
231,60001,161,4.68
231,62001,161,4.88
231,64001,161,4.82
231,65535,161,4.82
231,1,171,4.89
231,2001,171,4.85
231,4001,171,5.16
231,6001,171,5.04
231,8001,171,5.06
231,10001,171,4.89
231,12001,171,4.83
231,14001,171,4.81
231,16001,171,5.09
231,18001,171,4.94
231,20001,171,4.73
231,22001,171,4.22
231,24001,171,3.78
231,26001,171,3.72
231,28001,171,3.61
231,30001,171,3.62
231,32001,171,4.04
231,34001,171,4.08
231,36001,171,4.23
231,38001,171,4.56
231,40001,171,4.41
231,42001,171,4.41
231,44001,171,4.25
231,46001,171,4.23
231,48001,171,3.94
231,50001,171,3.75
231,52001,171,3.96
231,54001,171,4.5
231,56001,171,4.57
231,58001,171,4.92
231,60001,171,4.88
231,62001,171,4.8
231,64001,171,4.83
231,65535,171,4.7
231,1,181,4.8
231,2001,181,4.9
231,4001,181,4.84
231,6001,181,4.93
231,8001,181,5.09
231,10001,181,4.88
231,12001,181,4.97
231,14001,181,4.91
231,16001,181,4.81
231,18001,181,4.98
231,20001,181,4.75
231,22001,181,4.28
231,24001,181,3.9
231,26001,181,3.73
231,28001,181,3.66
231,30001,181,3.75
231,32001,181,3.78
231,34001,181,3.97
231,36001,181,4.18
231,38001,181,4.42
231,40001,181,4.29
231,42001,181,4.32
231,44001,181,4.2
231,46001,181,4.12
231,48001,181,3.8
231,50001,181,3.79
231,52001,181,4.21
231,54001,181,4.12
231,56001,181,4.65
231,58001,181,4.77
231,60001,181,4.89
231,62001,181,4.83
231,64001,181,4.79
231,65535,181,4.87
231,1,191,4.78
231,2001,191,4.87
231,4001,191,4.95
231,6001,191,5.01
231,8001,191,4.91
231,10001,191,4.83
231,12001,191,4.93
231,14001,191,4.95
231,16001,191,4.93
231,18001,191,4.74
231,20001,191,4.43
231,22001,191,4.16
231,24001,191,3.88
231,26001,191,3.47
231,28001,191,3.55
231,30001,191,3.74
231,32001,191,3.88
231,34001,191,3.97
231,36001,191,4.22
231,38001,191,4.29
231,40001,191,4.33
231,42001,191,4.4
231,44001,191,4.16
231,46001,191,4.04
231,48001,191,3.83
231,50001,191,3.87
231,52001,191,4.02
231,54001,191,4.39
231,56001,191,4.55
231,58001,191,4.74
231,60001,191,4.83
231,62001,191,4.89
231,64001,191,4.79
231,65535,191,4.77
231,1,201,4.72
231,2001,201,4.52
231,4001,201,4.95
231,6001,201,5.06
231,8001,201,4.93
231,10001,201,4.83
231,12001,201,5.0
231,14001,201,4.95
231,16001,201,5.04
231,18001,201,4.9
231,20001,201,4.55
231,22001,201,4.39
231,24001,201,3.9
231,26001,201,3.69
231,28001,201,3.61
231,30001,201,3.78
231,32001,201,3.81
231,34001,201,4.11
231,36001,201,4.27
231,38001,201,4.2
231,40001,201,4.26
231,42001,201,4.12
231,44001,201,4.06
231,46001,201,4.14
231,48001,201,3.76
231,50001,201,3.63
231,52001,201,3.97
231,54001,201,4.18
231,56001,201,4.51
231,58001,201,4.87
231,60001,201,4.76
231,62001,201,4.86
231,64001,201,4.77
231,65535,201,4.79
231,1,211,4.52
231,2001,211,4.58
231,4001,211,4.85
231,6001,211,4.96
231,8001,211,4.96
231,10001,211,4.99
231,12001,211,4.85
231,14001,211,4.83
231,16001,211,4.92
231,18001,211,4.83
231,20001,211,4.65
231,22001,211,4.1
231,24001,211,3.91
231,26001,211,3.55
231,28001,211,3.56
231,30001,211,3.66
231,32001,211,3.65
231,34001,211,3.78
231,36001,211,3.99
231,38001,211,4.03
231,40001,211,4.09
231,42001,211,4.14
231,44001,211,4.14
231,46001,211,3.89
231,48001,211,3.72
231,50001,211,3.7
231,52001,211,3.97
231,54001,211,4.27
231,56001,211,4.45
231,58001,211,4.87
231,60001,211,4.98
231,62001,211,4.72
231,64001,211,4.82
231,65535,211,4.64
231,1,221,4.52
231,2001,221,4.59
231,4001,221,4.97
231,6001,221,4.86
231,8001,221,4.86
231,10001,221,4.8
231,12001,221,4.76
231,14001,221,4.91
231,16001,221,4.87
231,18001,221,4.81
231,20001,221,4.47
231,22001,221,4.34
231,24001,221,3.71
231,26001,221,3.47
231,28001,221,3.59
231,30001,221,3.6
231,32001,221,3.71
231,34001,221,3.86
231,36001,221,3.98
231,38001,221,4.13
231,40001,221,4.0
231,42001,221,3.89
231,44001,221,4.12
231,46001,221,3.86
231,48001,221,3.65
231,50001,221,3.86
231,52001,221,3.83
231,54001,221,4.09
231,56001,221,4.66
231,58001,221,4.93
231,60001,221,4.73
231,62001,221,4.74
231,64001,221,4.5
231,65535,221,4.6
231,1,231,4.31
231,2001,231,4.39
231,4001,231,4.69
231,6001,231,4.96
231,8001,231,4.7
231,10001,231,4.77
231,12001,231,4.73
231,14001,231,4.83
231,16001,231,4.8
231,18001,231,4.77
231,20001,231,4.33
231,22001,231,4.22
231,24001,231,3.87
231,26001,231,3.63
231,28001,231,3.52
231,30001,231,3.55
231,32001,231,3.75
231,34001,231,3.91
231,36001,231,3.86
231,38001,231,4.11
231,40001,231,4.0
231,42001,231,4.0
231,44001,231,3.99
231,46001,231,3.75
231,48001,231,3.63
231,50001,231,3.62
231,52001,231,4.19
231,54001,231,4.25
231,56001,231,4.59
231,58001,231,4.87
231,60001,231,4.85
231,62001,231,4.66
231,64001,231,4.64
231,65535,231,4.34
231,1,241,4.3
231,2001,241,4.48
231,4001,241,4.59
231,6001,241,4.79
231,8001,241,4.86
231,10001,241,4.84
231,12001,241,4.62
231,14001,241,4.69
231,16001,241,4.94
231,18001,241,4.7
231,20001,241,4.52
231,22001,241,4.18
231,24001,241,3.66
231,26001,241,3.34
231,28001,241,3.37
231,30001,241,3.52
231,32001,241,3.51
231,34001,241,3.71
231,36001,241,3.77
231,38001,241,3.9
231,40001,241,3.98
231,42001,241,3.8
231,44001,241,4.0
231,46001,241,3.9
231,48001,241,3.65
231,50001,241,3.74
231,52001,241,3.96
231,54001,241,4.14
231,56001,241,4.54
231,58001,241,4.72
231,60001,241,4.82
231,62001,241,4.6
231,64001,241,4.32
231,65535,241,4.46
231,1,251,4.14
231,2001,251,4.23
231,4001,251,4.62
231,6001,251,4.8
231,8001,251,4.7
231,10001,251,4.86
231,12001,251,4.77
231,14001,251,4.68
231,16001,251,4.89
231,18001,251,5.04
231,20001,251,4.52
231,22001,251,4.15
231,24001,251,3.71
231,26001,251,3.59
231,28001,251,3.3
231,30001,251,3.45
231,32001,251,3.37
231,34001,251,3.59
231,36001,251,3.87
231,38001,251,3.99
231,40001,251,3.84
231,42001,251,4.01
231,44001,251,4.07
231,46001,251,3.94
231,48001,251,3.69
231,50001,251,3.67
231,52001,251,3.94
231,54001,251,4.49
231,56001,251,4.56
231,58001,251,4.75
231,60001,251,4.72
231,62001,251,4.72
231,64001,251,4.49
231,65535,251,4.27
231,1,254,4.09
231,2001,254,4.26
231,4001,254,4.45
231,6001,254,4.76
231,8001,254,4.73
231,10001,254,4.82
231,12001,254,4.79
231,14001,254,4.76
231,16001,254,4.91
231,18001,254,4.87
231,20001,254,4.59
231,22001,254,3.9
231,24001,254,3.46
231,26001,254,3.44
231,28001,254,3.32
231,30001,254,3.38
231,32001,254,3.4
231,34001,254,3.7
231,36001,254,3.88
231,38001,254,3.68
231,40001,254,4.03
231,42001,254,3.89
231,44001,254,3.87
231,46001,254,3.88
231,48001,254,3.78
231,50001,254,3.77
231,52001,254,4.13
231,54001,254,4.45
231,56001,254,4.58
231,58001,254,4.82
231,60001,254,4.65
231,62001,254,4.5
231,64001,254,4.39
231,65535,254,4.17
241,1,1,5.32
241,2001,1,5.32
241,4001,1,5.33
241,6001,1,5.31
241,8001,1,5.33
241,10001,1,5.2
241,12001,1,5.35
241,14001,1,5.42
241,16001,1,5.29
241,18001,1,5.35
241,20001,1,5.21
241,22001,1,5.31
241,24001,1,5.36
241,26001,1,5.26
241,28001,1,5.36
241,30001,1,5.52
241,32001,1,5.26
241,34001,1,5.29
241,36001,1,5.45
241,38001,1,5.22
241,40001,1,5.44
241,42001,1,5.47
241,44001,1,5.38
241,46001,1,5.45
241,48001,1,5.32
241,50001,1,5.41
241,52001,1,5.4
241,54001,1,5.38
241,56001,1,5.39
241,58001,1,5.2
241,60001,1,5.4
241,62001,1,5.26
241,64001,1,5.39
241,65535,1,5.46
241,1,11,5.42
241,2001,11,5.45
241,4001,11,5.28
241,6001,11,5.29
241,8001,11,5.45
241,10001,11,5.2
241,12001,11,5.33
241,14001,11,5.53
241,16001,11,5.33
241,18001,11,5.44
241,20001,11,5.25
241,22001,11,5.27
241,24001,11,5.14
241,26001,11,5.25
241,28001,11,5.2
241,30001,11,5.24
241,32001,11,5.31
241,34001,11,5.26
241,36001,11,5.3
241,38001,11,5.2
241,40001,11,5.35
241,42001,11,5.17
241,44001,11,5.42
241,46001,11,5.33
241,48001,11,5.39
241,50001,11,5.23
241,52001,11,5.01
241,54001,11,5.39
241,56001,11,5.4
241,58001,11,5.34
241,60001,11,5.35
241,62001,11,5.24
241,64001,11,5.52
241,65535,11,5.43
241,1,21,5.33
241,2001,21,5.57
241,4001,21,5.49
241,6001,21,5.34
241,8001,21,5.3
241,10001,21,5.42
241,12001,21,5.22
241,14001,21,5.34
241,16001,21,5.3
241,18001,21,5.33
241,20001,21,5.17
241,22001,21,5.33
241,24001,21,5.04
241,26001,21,5.29
241,28001,21,5.15
241,30001,21,5.13
241,32001,21,5.18
241,34001,21,5.3
241,36001,21,5.09
241,38001,21,5.31
241,40001,21,5.29
241,42001,21,5.18
241,44001,21,5.22
241,46001,21,5.18
241,48001,21,5.22
241,50001,21,4.99
241,52001,21,5.13
241,54001,21,5.29
241,56001,21,5.22
241,58001,21,5.36
241,60001,21,5.29
241,62001,21,5.52
241,64001,21,5.33
241,65535,21,5.46
241,1,31,5.52
241,2001,31,5.54
241,4001,31,5.51
241,6001,31,5.45
241,8001,31,5.38
241,10001,31,5.23
241,12001,31,5.37
241,14001,31,5.29
241,16001,31,5.37
241,18001,31,5.16
241,20001,31,5.28
241,22001,31,5.24
241,24001,31,5.06
241,26001,31,5.04
241,28001,31,4.83
241,30001,31,5.19
241,32001,31,5.23
241,34001,31,5.29
241,36001,31,5.19
241,38001,31,5.37
241,40001,31,5.32
241,42001,31,5.11
241,44001,31,5.18
241,46001,31,5.08
241,48001,31,5.12
241,50001,31,4.95
241,52001,31,5.28
241,54001,31,5.08
241,56001,31,5.17
241,58001,31,5.24
241,60001,31,5.37
241,62001,31,5.36
241,64001,31,5.23
241,65535,31,5.41
241,1,41,5.45
241,2001,41,5.46
241,4001,41,5.49
241,6001,41,5.37
241,8001,41,5.3
241,10001,41,5.29
241,12001,41,5.41
241,14001,41,5.28
241,16001,41,5.43
241,18001,41,5.47
241,20001,41,5.38
241,22001,41,5.18
241,24001,41,5.15
241,26001,41,4.79
241,28001,41,4.95
241,30001,41,4.93
241,32001,41,4.94
241,34001,41,5.05
241,36001,41,5.19
241,38001,41,5.26
241,40001,41,5.24
241,42001,41,5.23
241,44001,41,5.2
241,46001,41,4.98
241,48001,41,5.04
241,50001,41,5.16
241,52001,41,5.05
241,54001,41,5.07
241,56001,41,5.25
241,58001,41,5.42
241,60001,41,5.4
241,62001,41,5.41
241,64001,41,5.55
241,65535,41,5.39
241,1,51,5.58
241,2001,51,5.51
241,4001,51,5.43
241,6001,51,5.42
241,8001,51,5.41
241,10001,51,5.35
241,12001,51,5.34
241,14001,51,5.43
241,16001,51,5.36
241,18001,51,5.26
241,20001,51,5.19
241,22001,51,5.01
241,24001,51,4.96
241,26001,51,4.91
241,28001,51,4.77
241,30001,51,4.82
241,32001,51,5.03
241,34001,51,5.08
241,36001,51,5.21
241,38001,51,5.17
241,40001,51,5.23
241,42001,51,4.98
241,44001,51,5.13
241,46001,51,4.92
241,48001,51,4.94
241,50001,51,4.97
241,52001,51,5.04
241,54001,51,5.18
241,56001,51,5.08
241,58001,51,5.33
241,60001,51,5.2
241,62001,51,5.4
241,64001,51,5.35
241,65535,51,5.4
241,1,61,5.35
241,2001,61,5.53
241,4001,61,5.4
241,6001,61,5.53
241,8001,61,5.27
241,10001,61,5.22
241,12001,61,5.37
241,14001,61,5.36
241,16001,61,5.33
241,18001,61,5.31
241,20001,61,5.22
241,22001,61,5.11
241,24001,61,4.79
241,26001,61,4.73
241,28001,61,4.74
241,30001,61,4.62
241,32001,61,4.86
241,34001,61,5.07
241,36001,61,5.09
241,38001,61,5.21
241,40001,61,5.24
241,42001,61,5.26
241,44001,61,5.04
241,46001,61,4.92
241,48001,61,4.93
241,50001,61,4.93
241,52001,61,4.93
241,54001,61,4.94
241,56001,61,5.07
241,58001,61,5.21
241,60001,61,5.38
241,62001,61,5.46
241,64001,61,5.35
241,65535,61,5.42
241,1,71,5.42
241,2001,71,5.51
241,4001,71,5.43
241,6001,71,5.36
241,8001,71,5.37
241,10001,71,5.41
241,12001,71,5.3
241,14001,71,5.4
241,16001,71,5.29
241,18001,71,5.27
241,20001,71,5.11
241,22001,71,5.07
241,24001,71,4.69
241,26001,71,4.67
241,28001,71,4.73
241,30001,71,4.76
241,32001,71,4.87
241,34001,71,4.92
241,36001,71,5.08
241,38001,71,5.15
241,40001,71,5.05
241,42001,71,5.06
241,44001,71,5.02
241,46001,71,4.93
241,48001,71,4.77
241,50001,71,4.75
241,52001,71,4.87
241,54001,71,4.9
241,56001,71,5.09
241,58001,71,5.35
241,60001,71,5.36
241,62001,71,5.43
241,64001,71,5.27
241,65535,71,5.3
241,1,81,5.41
241,2001,81,5.41
241,4001,81,5.59
241,6001,81,5.19
241,8001,81,5.25
241,10001,81,5.37
241,12001,81,5.28
241,14001,81,5.28
241,16001,81,5.38
241,18001,81,5.27
241,20001,81,4.97
241,22001,81,4.87
241,24001,81,4.74
241,26001,81,4.61
241,28001,81,4.65
241,30001,81,4.57
241,32001,81,4.79
241,34001,81,4.93
241,36001,81,5.1
241,38001,81,5.21
241,40001,81,5.11
241,42001,81,5.17
241,44001,81,4.97
241,46001,81,4.85
241,48001,81,4.86
241,50001,81,4.77
241,52001,81,4.77
241,54001,81,4.87
241,56001,81,5.18
241,58001,81,5.32
241,60001,81,5.39
241,62001,81,5.36
241,64001,81,5.45
241,65535,81,5.43
241,1,91,5.38
241,2001,91,5.38
241,4001,91,5.4
241,6001,91,5.48
241,8001,91,5.4
241,10001,91,5.28
241,12001,91,5.33
241,14001,91,5.48
241,16001,91,5.34
241,18001,91,5.33
241,20001,91,5.12
241,22001,91,5.0
241,24001,91,4.59
241,26001,91,4.63
241,28001,91,4.36
241,30001,91,4.61
241,32001,91,4.6
241,34001,91,4.85
241,36001,91,4.99
241,38001,91,5.32
241,40001,91,4.97
241,42001,91,5.15
241,44001,91,4.92
241,46001,91,4.62
241,48001,91,4.62
241,50001,91,4.81
241,52001,91,4.81
241,54001,91,5.02
241,56001,91,4.97
241,58001,91,5.04
241,60001,91,5.25
241,62001,91,5.38
241,64001,91,5.46
241,65535,91,5.44
241,1,101,5.52
241,2001,101,5.41
241,4001,101,5.44
241,6001,101,5.44
241,8001,101,5.37
241,10001,101,5.3
241,12001,101,5.23
241,14001,101,5.32
241,16001,101,5.28
241,18001,101,5.28
241,20001,101,5.25
241,22001,101,4.8
241,24001,101,4.67
241,26001,101,4.37
241,28001,101,4.35
241,30001,101,4.41
241,32001,101,4.61
241,34001,101,4.85
241,36001,101,4.96
241,38001,101,5.12
241,40001,101,4.99
241,42001,101,4.98
241,44001,101,4.78
241,46001,101,4.91
241,48001,101,4.5
241,50001,101,4.54
241,52001,101,4.65
241,54001,101,4.86
241,56001,101,5.01
241,58001,101,5.22
241,60001,101,5.45
241,62001,101,5.43
241,64001,101,5.42
241,65535,101,5.35
241,1,111,5.36
241,2001,111,5.49
241,4001,111,5.39
241,6001,111,5.5
241,8001,111,5.32
241,10001,111,5.4
241,12001,111,5.38
241,14001,111,5.21
241,16001,111,5.34
241,18001,111,5.28
241,20001,111,5.08
241,22001,111,4.62
241,24001,111,4.48
241,26001,111,4.27
241,28001,111,4.47
241,30001,111,4.49
241,32001,111,4.41
241,34001,111,4.7
241,36001,111,4.97
241,38001,111,5.01
241,40001,111,4.93
241,42001,111,4.82
241,44001,111,4.64
241,46001,111,4.79
241,48001,111,4.55
241,50001,111,4.36
241,52001,111,4.5
241,54001,111,4.72
241,56001,111,5.12
241,58001,111,5.41
241,60001,111,5.2
241,62001,111,5.31
241,64001,111,5.23
241,65535,111,5.47
241,1,121,5.25
241,2001,121,5.43
241,4001,121,5.5
241,6001,121,5.39
241,8001,121,5.38
241,10001,121,5.36
241,12001,121,5.21
241,14001,121,5.43
241,16001,121,5.28
241,18001,121,5.22
241,20001,121,5.04
241,22001,121,4.8
241,24001,121,4.32
241,26001,121,4.2
241,28001,121,4.4
241,30001,121,4.24
241,32001,121,4.4
241,34001,121,4.58
241,36001,121,4.8
241,38001,121,4.97
241,40001,121,5.06
241,42001,121,4.88
241,44001,121,4.91
241,46001,121,4.52
241,48001,121,4.44
241,50001,121,4.37
241,52001,121,4.6
241,54001,121,4.85
241,56001,121,5.14
241,58001,121,5.27
241,60001,121,5.4
241,62001,121,5.49
241,64001,121,5.4
241,65535,121,5.35
241,1,131,5.16
241,2001,131,5.37
241,4001,131,5.32
241,6001,131,5.4
241,8001,131,5.42
241,10001,131,5.33
241,12001,131,5.3
241,14001,131,5.22
241,16001,131,5.29
241,18001,131,5.18
241,20001,131,5.09
241,22001,131,4.78
241,24001,131,4.37
241,26001,131,4.26
241,28001,131,4.17
241,30001,131,4.27
241,32001,131,4.39
241,34001,131,4.62
241,36001,131,4.76
241,38001,131,5.05
241,40001,131,4.82
241,42001,131,4.85
241,44001,131,4.62
241,46001,131,4.54
241,48001,131,4.44
241,50001,131,4.36
241,52001,131,4.49
241,54001,131,4.77
241,56001,131,5.11
241,58001,131,5.13
241,60001,131,5.24
241,62001,131,5.23
241,64001,131,5.36
241,65535,131,5.43
241,1,141,5.44
241,2001,141,5.21
241,4001,141,5.39
241,6001,141,5.44
241,8001,141,5.44
241,10001,141,5.31
241,12001,141,5.24
241,14001,141,5.3
241,16001,141,5.26
241,18001,141,5.22
241,20001,141,5.06
241,22001,141,4.76
241,24001,141,4.32
241,26001,141,4.02
241,28001,141,4.23
241,30001,141,4.27
241,32001,141,4.47
241,34001,141,4.73
241,36001,141,4.81
241,38001,141,4.83
241,40001,141,4.85
241,42001,141,4.82
241,44001,141,4.57
241,46001,141,4.42
241,48001,141,4.38
241,50001,141,4.18
241,52001,141,4.43
241,54001,141,4.61
241,56001,141,5.13
241,58001,141,5.26
241,60001,141,5.18
241,62001,141,5.31
241,64001,141,5.3
241,65535,141,5.35
241,1,151,5.17
241,2001,151,5.33
241,4001,151,5.1
241,6001,151,5.41
241,8001,151,5.31
241,10001,151,5.36
241,12001,151,5.24
241,14001,151,5.23
241,16001,151,5.31
241,18001,151,5.21
241,20001,151,5.05
241,22001,151,4.7
241,24001,151,4.21
241,26001,151,4.11
241,28001,151,4.22
241,30001,151,4.06
241,32001,151,4.43
241,34001,151,4.44
241,36001,151,4.67
241,38001,151,4.79
241,40001,151,4.79
241,42001,151,4.68
241,44001,151,4.76
241,46001,151,4.35
241,48001,151,4.3
241,50001,151,4.31
241,52001,151,4.45
241,54001,151,4.68
241,56001,151,4.77
241,58001,151,5.12
241,60001,151,5.2
241,62001,151,5.31
241,64001,151,5.41
241,65535,151,5.2
241,1,161,5.15
241,2001,161,5.29
241,4001,161,5.31
241,6001,161,5.39
241,8001,161,5.38
241,10001,161,5.14
241,12001,161,5.08
241,14001,161,5.1
241,16001,161,5.52
241,18001,161,5.12
241,20001,161,5.07
241,22001,161,4.79
241,24001,161,4.17
241,26001,161,3.94
241,28001,161,4.07
241,30001,161,4.14
241,32001,161,4.38
241,34001,161,4.4
241,36001,161,4.6
241,38001,161,4.8
241,40001,161,4.69
241,42001,161,4.8
241,44001,161,4.62
241,46001,161,4.42
241,48001,161,4.18
241,50001,161,4.17
241,52001,161,4.42
241,54001,161,4.5
241,56001,161,4.88
241,58001,161,5.17
241,60001,161,5.33
241,62001,161,5.37
241,64001,161,5.27
241,65535,161,5.15
241,1,171,5.13
241,2001,171,5.1
241,4001,171,5.28
241,6001,171,5.37
241,8001,171,5.23
241,10001,171,5.31
241,12001,171,5.22
241,14001,171,5.33
241,16001,171,5.26
241,18001,171,5.07
241,20001,171,4.92
241,22001,171,4.42
241,24001,171,4.29
241,26001,171,4.04
241,28001,171,3.98
241,30001,171,4.15
241,32001,171,4.28
241,34001,171,4.25
241,36001,171,4.6
241,38001,171,4.84
241,40001,171,4.67
241,42001,171,4.66
241,44001,171,4.34
241,46001,171,4.26
241,48001,171,4.18
241,50001,171,4.25
241,52001,171,4.34
241,54001,171,4.69
241,56001,171,4.79
241,58001,171,4.95
241,60001,171,5.17
241,62001,171,5.11
241,64001,171,5.25
241,65535,171,5.16
241,1,181,4.96
241,2001,181,5.15
241,4001,181,5.48
241,6001,181,5.26
241,8001,181,5.32
241,10001,181,5.25
241,12001,181,5.18
241,14001,181,5.27
241,16001,181,5.36
241,18001,181,5.2
241,20001,181,4.67
241,22001,181,4.66
241,24001,181,4.27
241,26001,181,3.83
241,28001,181,3.96
241,30001,181,3.97
241,32001,181,4.02
241,34001,181,4.35
241,36001,181,4.45
241,38001,181,4.58
241,40001,181,4.75
241,42001,181,4.54
241,44001,181,4.63
241,46001,181,4.32
241,48001,181,4.06
241,50001,181,4.09
241,52001,181,4.37
241,54001,181,4.61
241,56001,181,4.88
241,58001,181,5.05
241,60001,181,5.31
241,62001,181,5.28
241,64001,181,5.39
241,65535,181,5.05
241,1,191,5.0
241,2001,191,5.06
241,4001,191,5.3
241,6001,191,5.31
241,8001,191,5.28
241,10001,191,5.19
241,12001,191,5.21
241,14001,191,5.01
241,16001,191,5.13
241,18001,191,5.23
241,20001,191,5.14
241,22001,191,4.54
241,24001,191,4.04
241,26001,191,3.89
241,28001,191,3.77
241,30001,191,3.89
241,32001,191,4.1
241,34001,191,4.26
241,36001,191,4.52
241,38001,191,4.37
241,40001,191,4.56
241,42001,191,4.39
241,44001,191,4.55
241,46001,191,4.37
241,48001,191,3.95
241,50001,191,4.05
241,52001,191,4.2
241,54001,191,4.6
241,56001,191,4.94
241,58001,191,5.17
241,60001,191,5.07
241,62001,191,5.26
241,64001,191,5.17
241,65535,191,5.04
241,1,201,4.9
241,2001,201,5.04
241,4001,201,5.13
241,6001,201,5.43
241,8001,201,5.44
241,10001,201,5.05
241,12001,201,5.09
241,14001,201,5.29
241,16001,201,5.16
241,18001,201,5.12
241,20001,201,5.05
241,22001,201,4.42
241,24001,201,3.92
241,26001,201,3.86
241,28001,201,3.71
241,30001,201,3.93
241,32001,201,3.85
241,34001,201,4.16
241,36001,201,4.33
241,38001,201,4.35
241,40001,201,4.55
241,42001,201,4.47
241,44001,201,4.44
241,46001,201,4.29
241,48001,201,4.1
241,50001,201,3.91
241,52001,201,4.28
241,54001,201,4.68
241,56001,201,4.79
241,58001,201,5.17
241,60001,201,5.18
241,62001,201,5.25
241,64001,201,5.01
241,65535,201,4.91
241,1,211,4.83
241,2001,211,4.88
241,4001,211,5.01
241,6001,211,5.27
241,8001,211,5.2
241,10001,211,5.13
241,12001,211,5.16
241,14001,211,5.11
241,16001,211,5.16
241,18001,211,5.18
241,20001,211,4.98
241,22001,211,4.39
241,24001,211,3.91
241,26001,211,3.82
241,28001,211,3.87
241,30001,211,3.75
241,32001,211,3.83
241,34001,211,4.05
241,36001,211,4.23
241,38001,211,4.35
241,40001,211,4.4
241,42001,211,4.35
241,44001,211,4.23
241,46001,211,4.35
241,48001,211,4.07
241,50001,211,3.87
241,52001,211,4.21
241,54001,211,4.79
241,56001,211,4.74
241,58001,211,5.12
241,60001,211,5.19
241,62001,211,5.05
241,64001,211,4.93
241,65535,211,5.0
241,1,221,4.79
241,2001,221,4.88
241,4001,221,4.97
241,6001,221,5.33
241,8001,221,5.37
241,10001,221,5.17
241,12001,221,5.15
241,14001,221,5.22
241,16001,221,5.18
241,18001,221,5.15
241,20001,221,4.83
241,22001,221,4.53
241,24001,221,3.92
241,26001,221,3.79
241,28001,221,3.56
241,30001,221,3.95
241,32001,221,4.01
241,34001,221,4.08
241,36001,221,4.17
241,38001,221,4.34
241,40001,221,4.41
241,42001,221,4.29
241,44001,221,4.21
241,46001,221,4.08
241,48001,221,4.03
241,50001,221,3.86
241,52001,221,4.21
241,54001,221,4.58
241,56001,221,4.77
241,58001,221,5.13
241,60001,221,5.07
241,62001,221,4.98
241,64001,221,5.03
241,65535,221,4.89
241,1,231,4.64
241,2001,231,4.78
241,4001,231,5.05
241,6001,231,5.17
241,8001,231,5.25
241,10001,231,5.06
241,12001,231,5.05
241,14001,231,5.3
241,16001,231,5.29
241,18001,231,5.25
241,20001,231,5.03
241,22001,231,4.3
241,24001,231,3.81
241,26001,231,3.57
241,28001,231,3.54
241,30001,231,3.88
241,32001,231,3.78
241,34001,231,3.88
241,36001,231,4.22
241,38001,231,4.39
241,40001,231,4.22
241,42001,231,4.38
241,44001,231,4.22
241,46001,231,4.05
241,48001,231,3.93
241,50001,231,3.78
241,52001,231,4.0
241,54001,231,4.42
241,56001,231,4.94
241,58001,231,5.04
241,60001,231,5.13
241,62001,231,5.03
241,64001,231,4.88
241,65535,231,4.84
241,1,241,4.55
241,2001,241,4.51
241,4001,241,5.03
241,6001,241,5.03
241,8001,241,5.31
241,10001,241,5.15
241,12001,241,5.09
241,14001,241,5.3
241,16001,241,5.17
241,18001,241,5.22
241,20001,241,4.98
241,22001,241,4.45
241,24001,241,4.03
241,26001,241,3.68
241,28001,241,3.53
241,30001,241,3.83
241,32001,241,3.88
241,34001,241,3.83
241,36001,241,4.12
241,38001,241,4.19
241,40001,241,4.13
241,42001,241,4.21
241,44001,241,3.91
241,46001,241,3.85
241,48001,241,4.07
241,50001,241,4.06
241,52001,241,4.36
241,54001,241,4.56
241,56001,241,4.87
241,58001,241,5.13
241,60001,241,4.96
241,62001,241,4.91
241,64001,241,4.82
241,65535,241,4.74
241,1,251,4.56
241,2001,251,4.48
241,4001,251,5.02
241,6001,251,4.95
241,8001,251,5.12
241,10001,251,5.24
241,12001,251,5.0
241,14001,251,5.28
241,16001,251,5.31
241,18001,251,5.09
241,20001,251,4.97
241,22001,251,4.34
241,24001,251,3.88
241,26001,251,3.65
241,28001,251,3.63
241,30001,251,3.49
241,32001,251,3.56
241,34001,251,3.89
241,36001,251,4.03
241,38001,251,4.11
241,40001,251,4.07
241,42001,251,4.15
241,44001,251,4.09
241,46001,251,4.04
241,48001,251,3.99
241,50001,251,4.04
241,52001,251,4.39
241,54001,251,4.51
241,56001,251,4.78
241,58001,251,5.02
241,60001,251,5.09
241,62001,251,4.74
241,64001,251,4.81
241,65535,251,4.48
241,1,254,4.61
241,2001,254,4.44
241,4001,254,4.81
241,6001,254,4.96
241,8001,254,5.27
241,10001,254,5.08
241,12001,254,5.11
241,14001,254,5.14
241,16001,254,5.12
241,18001,254,5.0
241,20001,254,4.9
241,22001,254,4.35
241,24001,254,3.79
241,26001,254,3.68
241,28001,254,3.43
241,30001,254,3.73
241,32001,254,3.81
241,34001,254,3.78
241,36001,254,4.08
241,38001,254,4.21
241,40001,254,4.19
241,42001,254,4.07
241,44001,254,4.22
241,46001,254,4.04
241,48001,254,3.99
241,50001,254,3.95
241,52001,254,4.19
241,54001,254,4.61
241,56001,254,4.99
241,58001,254,5.29
241,60001,254,5.1
241,62001,254,4.85
241,64001,254,4.78
241,65535,254,4.49
251,1,1,5.66
251,2001,1,5.71
251,4001,1,5.71
251,6001,1,5.67
251,8001,1,5.47
251,10001,1,5.68
251,12001,1,5.57
251,14001,1,5.8
251,16001,1,5.84
251,18001,1,5.7
251,20001,1,5.49
251,22001,1,5.55
251,24001,1,5.77
251,26001,1,5.7
251,28001,1,5.59
251,30001,1,5.66
251,32001,1,5.67
251,34001,1,5.65
251,36001,1,5.76
251,38001,1,5.71
251,40001,1,5.59
251,42001,1,5.66
251,44001,1,5.53
251,46001,1,5.65
251,48001,1,5.64
251,50001,1,5.67
251,52001,1,5.6
251,54001,1,5.68
251,56001,1,5.77
251,58001,1,5.81
251,60001,1,5.69
251,62001,1,5.69
251,64001,1,5.57
251,65535,1,5.7
251,1,11,5.6
251,2001,11,5.86
251,4001,11,5.72
251,6001,11,5.74
251,8001,11,5.52
251,10001,11,5.58
251,12001,11,5.53
251,14001,11,5.69
251,16001,11,5.72
251,18001,11,5.56
251,20001,11,5.61
251,22001,11,5.57
251,24001,11,5.71
251,26001,11,5.58
251,28001,11,5.64
251,30001,11,5.57
251,32001,11,5.65
251,34001,11,5.65
251,36001,11,5.62
251,38001,11,5.52
251,40001,11,5.69
251,42001,11,5.62
251,44001,11,5.49
251,46001,11,5.57
251,48001,11,5.54
251,50001,11,5.58
251,52001,11,5.59
251,54001,11,5.58
251,56001,11,5.72
251,58001,11,5.75
251,60001,11,5.65
251,62001,11,5.65
251,64001,11,5.73
251,65535,11,5.59
251,1,21,5.62
251,2001,21,5.71
251,4001,21,5.56
251,6001,21,5.81
251,8001,21,5.64
251,10001,21,5.68
251,12001,21,5.71
251,14001,21,5.69
251,16001,21,5.6
251,18001,21,5.69
251,20001,21,5.63
251,22001,21,5.58
251,24001,21,5.39
251,26001,21,5.47
251,28001,21,5.39
251,30001,21,5.54
251,32001,21,5.49
251,34001,21,5.54
251,36001,21,5.66
251,38001,21,5.76
251,40001,21,5.67
251,42001,21,5.71
251,44001,21,5.62
251,46001,21,5.34
251,48001,21,5.48
251,50001,21,5.53
251,52001,21,5.61
251,54001,21,5.75
251,56001,21,5.47
251,58001,21,5.71
251,60001,21,5.84
251,62001,21,5.81
251,64001,21,5.78
251,65535,21,5.68
251,1,31,5.73
251,2001,31,5.79
251,4001,31,5.82
251,6001,31,5.85
251,8001,31,5.88
251,10001,31,5.72
251,12001,31,5.69
251,14001,31,5.51
251,16001,31,5.55
251,18001,31,5.61
251,20001,31,5.51
251,22001,31,5.54
251,24001,31,5.45
251,26001,31,5.22
251,28001,31,5.3
251,30001,31,5.37
251,32001,31,5.35
251,34001,31,5.53
251,36001,31,5.51
251,38001,31,5.76
251,40001,31,5.73
251,42001,31,5.68
251,44001,31,5.7
251,46001,31,5.53
251,48001,31,5.39
251,50001,31,5.4
251,52001,31,5.46
251,54001,31,5.38
251,56001,31,5.44
251,58001,31,5.57
251,60001,31,5.71
251,62001,31,5.67
251,64001,31,5.83
251,65535,31,5.87
251,1,41,5.75
251,2001,41,5.72
251,4001,41,5.74
251,6001,41,5.86
251,8001,41,5.78
251,10001,41,5.83
251,12001,41,5.65
251,14001,41,5.7
251,16001,41,5.62
251,18001,41,5.69
251,20001,41,5.62
251,22001,41,5.43
251,24001,41,5.18
251,26001,41,5.43
251,28001,41,5.21
251,30001,41,5.24
251,32001,41,5.29
251,34001,41,5.5
251,36001,41,5.56
251,38001,41,5.51
251,40001,41,5.59
251,42001,41,5.67
251,44001,41,5.58
251,46001,41,5.61
251,48001,41,5.3
251,50001,41,5.33
251,52001,41,5.34
251,54001,41,5.48
251,56001,41,5.56
251,58001,41,5.56
251,60001,41,5.78
251,62001,41,5.59
251,64001,41,5.78
251,65535,41,5.77
251,1,51,5.7
251,2001,51,5.74
251,4001,51,5.99
251,6001,51,5.68
251,8001,51,5.73
251,10001,51,5.73
251,12001,51,5.75
251,14001,51,5.61
251,16001,51,5.69
251,18001,51,5.62
251,20001,51,5.42
251,22001,51,5.5
251,24001,51,5.28
251,26001,51,5.24
251,28001,51,5.29
251,30001,51,5.25
251,32001,51,5.39
251,34001,51,5.56
251,36001,51,5.37
251,38001,51,5.6
251,40001,51,5.51
251,42001,51,5.49
251,44001,51,5.3
251,46001,51,5.29
251,48001,51,5.24
251,50001,51,5.27
251,52001,51,5.2
251,54001,51,5.58
251,56001,51,5.49
251,58001,51,5.52
251,60001,51,5.59
251,62001,51,5.62
251,64001,51,5.8
251,65535,51,5.65
251,1,61,5.69
251,2001,61,5.87
251,4001,61,5.94
251,6001,61,5.77
251,8001,61,5.81
251,10001,61,5.55
251,12001,61,5.53
251,14001,61,5.74
251,16001,61,5.6
251,18001,61,5.5
251,20001,61,5.64
251,22001,61,5.22
251,24001,61,5.15
251,26001,61,5.12
251,28001,61,5.05
251,30001,61,5.18
251,32001,61,5.16
251,34001,61,5.58
251,36001,61,5.51
251,38001,61,5.55
251,40001,61,5.79
251,42001,61,5.47
251,44001,61,5.39
251,46001,61,5.23
251,48001,61,5.13
251,50001,61,5.24
251,52001,61,5.29
251,54001,61,5.24
251,56001,61,5.31
251,58001,61,5.65
251,60001,61,5.73
251,62001,61,5.78
251,64001,61,5.72
251,65535,61,5.75
251,1,71,5.72
251,2001,71,5.8
251,4001,71,5.89
251,6001,71,5.7
251,8001,71,5.63
251,10001,71,5.59
251,12001,71,5.73
251,14001,71,5.68
251,16001,71,5.76
251,18001,71,5.71
251,20001,71,5.56
251,22001,71,5.35
251,24001,71,5.08
251,26001,71,4.92
251,28001,71,4.87
251,30001,71,5.0
251,32001,71,5.04
251,34001,71,5.21
251,36001,71,5.49
251,38001,71,5.47
251,40001,71,5.49
251,42001,71,5.5
251,44001,71,5.37
251,46001,71,5.28
251,48001,71,5.18
251,50001,71,5.05
251,52001,71,5.16
251,54001,71,5.37
251,56001,71,5.43
251,58001,71,5.61
251,60001,71,5.65
251,62001,71,5.74
251,64001,71,5.81
251,65535,71,5.77
251,1,81,5.81
251,2001,81,5.73
251,4001,81,5.77
251,6001,81,5.81
251,8001,81,5.84
251,10001,81,5.7
251,12001,81,5.79
251,14001,81,5.63
251,16001,81,5.65
251,18001,81,5.48
251,20001,81,5.44
251,22001,81,5.17
251,24001,81,4.99
251,26001,81,4.78
251,28001,81,4.89
251,30001,81,4.82
251,32001,81,5.03
251,34001,81,5.48
251,36001,81,5.43
251,38001,81,5.46
251,40001,81,5.56
251,42001,81,5.46
251,44001,81,5.33
251,46001,81,5.24
251,48001,81,5.06
251,50001,81,4.9
251,52001,81,5.07
251,54001,81,5.19
251,56001,81,5.43
251,58001,81,5.63
251,60001,81,5.68
251,62001,81,5.52
251,64001,81,5.73
251,65535,81,5.74
251,1,91,5.74
251,2001,91,5.77
251,4001,91,5.84
251,6001,91,5.73
251,8001,91,5.81
251,10001,91,5.7
251,12001,91,5.7
251,14001,91,5.65
251,16001,91,5.64
251,18001,91,5.63
251,20001,91,5.44
251,22001,91,5.29
251,24001,91,5.03
251,26001,91,4.83
251,28001,91,4.73
251,30001,91,4.9
251,32001,91,4.99
251,34001,91,5.26
251,36001,91,5.18
251,38001,91,5.51
251,40001,91,5.33
251,42001,91,5.21
251,44001,91,5.19
251,46001,91,5.03
251,48001,91,4.81
251,50001,91,4.76
251,52001,91,4.93
251,54001,91,5.2
251,56001,91,5.49
251,58001,91,5.47
251,60001,91,5.74
251,62001,91,5.71
251,64001,91,5.76
251,65535,91,5.83
251,1,101,5.72
251,2001,101,5.68
251,4001,101,5.75
251,6001,101,5.79
251,8001,101,5.7
251,10001,101,5.73
251,12001,101,5.66
251,14001,101,5.74
251,16001,101,5.51
251,18001,101,5.5
251,20001,101,5.6
251,22001,101,5.28
251,24001,101,4.87
251,26001,101,4.63
251,28001,101,4.75
251,30001,101,4.99
251,32001,101,5.08
251,34001,101,4.96
251,36001,101,5.41
251,38001,101,5.5
251,40001,101,5.34
251,42001,101,5.36
251,44001,101,5.14
251,46001,101,4.85
251,48001,101,4.86
251,50001,101,4.74
251,52001,101,5.09
251,54001,101,5.23
251,56001,101,5.26
251,58001,101,5.56
251,60001,101,5.67
251,62001,101,5.96
251,64001,101,5.65
251,65535,101,5.84
251,1,111,5.81
251,2001,111,5.84
251,4001,111,5.78
251,6001,111,5.74
251,8001,111,5.79
251,10001,111,5.75
251,12001,111,5.54
251,14001,111,5.71
251,16001,111,5.68
251,18001,111,5.6
251,20001,111,5.48
251,22001,111,5.25
251,24001,111,4.7
251,26001,111,4.73
251,28001,111,4.69
251,30001,111,4.81
251,32001,111,4.85
251,34001,111,5.17
251,36001,111,5.18
251,38001,111,5.29
251,40001,111,5.29
251,42001,111,5.27
251,44001,111,5.2
251,46001,111,5.03
251,48001,111,4.72
251,50001,111,4.61
251,52001,111,4.97
251,54001,111,5.23
251,56001,111,5.2
251,58001,111,5.6
251,60001,111,5.67
251,62001,111,5.7
251,64001,111,5.72
251,65535,111,5.77
251,1,121,5.71
251,2001,121,5.74
251,4001,121,5.83
251,6001,121,5.76
251,8001,121,5.72
251,10001,121,5.72
251,12001,121,5.66
251,14001,121,5.69
251,16001,121,5.76
251,18001,121,5.57
251,20001,121,5.47
251,22001,121,4.9
251,24001,121,4.83
251,26001,121,4.55
251,28001,121,4.66
251,30001,121,4.74
251,32001,121,4.78
251,34001,121,4.87
251,36001,121,5.19
251,38001,121,5.28
251,40001,121,5.24
251,42001,121,5.11
251,44001,121,5.15
251,46001,121,4.85
251,48001,121,4.92
251,50001,121,4.69
251,52001,121,4.77
251,54001,121,4.97
251,56001,121,5.56
251,58001,121,5.56
251,60001,121,5.48
251,62001,121,5.69
251,64001,121,5.6
251,65535,121,5.62
251,1,131,5.5
251,2001,131,5.56
251,4001,131,5.67
251,6001,131,5.8
251,8001,131,5.55
251,10001,131,5.8
251,12001,131,5.68
251,14001,131,5.54
251,16001,131,5.58
251,18001,131,5.58
251,20001,131,5.47
251,22001,131,4.91
251,24001,131,4.69
251,26001,131,4.42
251,28001,131,4.56
251,30001,131,4.71
251,32001,131,4.75
251,34001,131,4.93
251,36001,131,4.95
251,38001,131,5.25
251,40001,131,5.26
251,42001,131,5.14
251,44001,131,5.05
251,46001,131,4.95
251,48001,131,4.73
251,50001,131,4.58
251,52001,131,4.78
251,54001,131,5.01
251,56001,131,5.19
251,58001,131,5.47
251,60001,131,5.64
251,62001,131,5.77
251,64001,131,5.92
251,65535,131,5.62
251,1,141,5.6
251,2001,141,5.67
251,4001,141,5.62
251,6001,141,5.63
251,8001,141,5.82
251,10001,141,5.69
251,12001,141,5.53
251,14001,141,5.74
251,16001,141,5.66
251,18001,141,5.61
251,20001,141,5.44
251,22001,141,4.99
251,24001,141,4.53
251,26001,141,4.35
251,28001,141,4.45
251,30001,141,4.5
251,32001,141,4.78
251,34001,141,4.77
251,36001,141,5.13
251,38001,141,5.18
251,40001,141,5.22
251,42001,141,5.13
251,44001,141,5.13
251,46001,141,5.05
251,48001,141,4.59
251,50001,141,4.47
251,52001,141,4.77
251,54001,141,4.96
251,56001,141,5.24
251,58001,141,5.43
251,60001,141,5.62
251,62001,141,5.61
251,64001,141,5.72
251,65535,141,5.58
251,1,151,5.65
251,2001,151,5.57
251,4001,151,5.54
251,6001,151,5.64
251,8001,151,5.68
251,10001,151,5.58
251,12001,151,5.52
251,14001,151,5.57
251,16001,151,5.58
251,18001,151,5.45
251,20001,151,5.13
251,22001,151,5.02
251,24001,151,4.45
251,26001,151,4.5
251,28001,151,4.47
251,30001,151,4.54
251,32001,151,4.51
251,34001,151,4.81
251,36001,151,4.9
251,38001,151,5.12
251,40001,151,5.27
251,42001,151,5.04
251,44001,151,5.06
251,46001,151,4.68
251,48001,151,4.44
251,50001,151,4.38
251,52001,151,4.64
251,54001,151,5.1
251,56001,151,5.29
251,58001,151,5.49
251,60001,151,5.53
251,62001,151,5.75
251,64001,151,5.59
251,65535,151,5.75
251,1,161,5.4
251,2001,161,5.65
251,4001,161,5.57
251,6001,161,5.52
251,8001,161,5.7
251,10001,161,5.64
251,12001,161,5.58
251,14001,161,5.71
251,16001,161,5.71
251,18001,161,5.75
251,20001,161,5.32
251,22001,161,5.02
251,24001,161,4.45
251,26001,161,4.29
251,28001,161,4.35
251,30001,161,4.39
251,32001,161,4.36
251,34001,161,4.58
251,36001,161,4.74
251,38001,161,4.97
251,40001,161,5.07
251,42001,161,4.85
251,44001,161,4.86
251,46001,161,4.66
251,48001,161,4.45
251,50001,161,4.48
251,52001,161,4.8
251,54001,161,4.83
251,56001,161,5.36
251,58001,161,5.51
251,60001,161,5.54
251,62001,161,5.57
251,64001,161,5.59
251,65535,161,5.44
251,1,171,5.39
251,2001,171,5.54
251,4001,171,5.59
251,6001,171,5.7
251,8001,171,5.73
251,10001,171,5.66
251,12001,171,5.41
251,14001,171,5.49
251,16001,171,5.58
251,18001,171,5.63
251,20001,171,5.39
251,22001,171,4.95
251,24001,171,4.43
251,26001,171,4.09
251,28001,171,4.16
251,30001,171,4.25
251,32001,171,4.4
251,34001,171,4.49
251,36001,171,4.75
251,38001,171,5.03
251,40001,171,4.87
251,42001,171,4.87
251,44001,171,4.74
251,46001,171,4.61
251,48001,171,4.4
251,50001,171,4.35
251,52001,171,4.58
251,54001,171,4.84
251,56001,171,5.16
251,58001,171,5.45
251,60001,171,5.5
251,62001,171,5.6
251,64001,171,5.63
251,65535,171,5.39
251,1,181,5.47
251,2001,181,5.45
251,4001,181,5.54
251,6001,181,5.65
251,8001,181,5.78
251,10001,181,5.52
251,12001,181,5.55
251,14001,181,5.65
251,16001,181,5.52
251,18001,181,5.5
251,20001,181,5.4
251,22001,181,4.76
251,24001,181,4.5
251,26001,181,4.18
251,28001,181,4.15
251,30001,181,4.48
251,32001,181,4.3
251,34001,181,4.69
251,36001,181,4.76
251,38001,181,4.79
251,40001,181,4.84
251,42001,181,5.0
251,44001,181,4.75
251,46001,181,4.44
251,48001,181,4.35
251,50001,181,4.44
251,52001,181,4.48
251,54001,181,4.94
251,56001,181,5.13
251,58001,181,5.49
251,60001,181,5.56
251,62001,181,5.51
251,64001,181,5.5
251,65535,181,5.38
251,1,191,5.29
251,2001,191,5.37
251,4001,191,5.34
251,6001,191,5.65
251,8001,191,5.63
251,10001,191,5.71
251,12001,191,5.6
251,14001,191,5.71
251,16001,191,5.71
251,18001,191,5.47
251,20001,191,5.25
251,22001,191,4.77
251,24001,191,4.38
251,26001,191,4.23
251,28001,191,4.0
251,30001,191,4.01
251,32001,191,4.26
251,34001,191,4.51
251,36001,191,4.69
251,38001,191,4.94
251,40001,191,4.9
251,42001,191,4.73
251,44001,191,4.87
251,46001,191,4.65
251,48001,191,4.31
251,50001,191,4.39
251,52001,191,4.83
251,54001,191,4.98
251,56001,191,5.14
251,58001,191,5.51
251,60001,191,5.69
251,62001,191,5.57
251,64001,191,5.48
251,65535,191,5.48
251,1,201,5.27
251,2001,201,5.37
251,4001,201,5.45
251,6001,201,5.61
251,8001,201,5.6
251,10001,201,5.62
251,12001,201,5.5
251,14001,201,5.56
251,16001,201,5.62
251,18001,201,5.44
251,20001,201,5.09
251,22001,201,4.82
251,24001,201,4.18
251,26001,201,4.03
251,28001,201,4.21
251,30001,201,4.18
251,32001,201,4.29
251,34001,201,4.27
251,36001,201,4.61
251,38001,201,4.65
251,40001,201,4.75
251,42001,201,4.88
251,44001,201,4.73
251,46001,201,4.56
251,48001,201,4.18
251,50001,201,4.29
251,52001,201,4.77
251,54001,201,4.87
251,56001,201,5.18
251,58001,201,5.44
251,60001,201,5.41
251,62001,201,5.53
251,64001,201,5.43
251,65535,201,5.32
251,1,211,5.18
251,2001,211,5.07
251,4001,211,5.54
251,6001,211,5.52
251,8001,211,5.65
251,10001,211,5.44
251,12001,211,5.46
251,14001,211,5.45
251,16001,211,5.53
251,18001,211,5.52
251,20001,211,5.02
251,22001,211,4.7
251,24001,211,4.22
251,26001,211,4.04
251,28001,211,3.87
251,30001,211,4.0
251,32001,211,4.1
251,34001,211,4.38
251,36001,211,4.46
251,38001,211,4.68
251,40001,211,4.72
251,42001,211,4.67
251,44001,211,4.62
251,46001,211,4.53
251,48001,211,4.19
251,50001,211,4.05
251,52001,211,4.49
251,54001,211,4.84
251,56001,211,5.04
251,58001,211,5.51
251,60001,211,5.43
251,62001,211,5.45
251,64001,211,5.46
251,65535,211,5.35
251,1,221,5.12
251,2001,221,5.15
251,4001,221,5.52
251,6001,221,5.48
251,8001,221,5.59
251,10001,221,5.48
251,12001,221,5.57
251,14001,221,5.42
251,16001,221,5.61
251,18001,221,5.55
251,20001,221,5.27
251,22001,221,4.82
251,24001,221,4.08
251,26001,221,3.9
251,28001,221,4.05
251,30001,221,3.99
251,32001,221,4.06
251,34001,221,4.1
251,36001,221,4.52
251,38001,221,4.59
251,40001,221,4.57
251,42001,221,4.52
251,44001,221,4.61
251,46001,221,4.42
251,48001,221,4.26
251,50001,221,4.05
251,52001,221,4.63
251,54001,221,4.98
251,56001,221,5.07
251,58001,221,5.42
251,60001,221,5.5
251,62001,221,5.4
251,64001,221,5.26
251,65535,221,5.29
251,1,231,4.9
251,2001,231,5.2
251,4001,231,5.3
251,6001,231,5.49
251,8001,231,5.52
251,10001,231,5.46
251,12001,231,5.54
251,14001,231,5.76
251,16001,231,5.49
251,18001,231,5.53
251,20001,231,5.37
251,22001,231,4.71
251,24001,231,4.1
251,26001,231,3.78
251,28001,231,3.86
251,30001,231,3.94
251,32001,231,4.14
251,34001,231,4.12
251,36001,231,4.6
251,38001,231,4.62
251,40001,231,4.6
251,42001,231,4.48
251,44001,231,4.51
251,46001,231,4.43
251,48001,231,4.18
251,50001,231,3.96
251,52001,231,4.44
251,54001,231,4.92
251,56001,231,5.01
251,58001,231,5.48
251,60001,231,5.31
251,62001,231,5.28
251,64001,231,5.32
251,65535,231,5.02
251,1,241,4.97
251,2001,241,4.87
251,4001,241,5.23
251,6001,241,5.42
251,8001,241,5.41
251,10001,241,5.58
251,12001,241,5.53
251,14001,241,5.44
251,16001,241,5.53
251,18001,241,5.68
251,20001,241,5.27
251,22001,241,4.57
251,24001,241,3.99
251,26001,241,3.99
251,28001,241,3.71
251,30001,241,3.91
251,32001,241,4.06
251,34001,241,4.14
251,36001,241,4.28
251,38001,241,4.6
251,40001,241,4.52
251,42001,241,4.33
251,44001,241,4.43
251,46001,241,4.38
251,48001,241,4.21
251,50001,241,4.13
251,52001,241,4.57
251,54001,241,4.9
251,56001,241,5.24
251,58001,241,5.54
251,60001,241,5.51
251,62001,241,5.27
251,64001,241,5.22
251,65535,241,4.95
251,1,251,4.76
251,2001,251,4.76
251,4001,251,5.16
251,6001,251,5.35
251,8001,251,5.54
251,10001,251,5.35
251,12001,251,5.46
251,14001,251,5.58
251,16001,251,5.59
251,18001,251,5.44
251,20001,251,5.35
251,22001,251,4.55
251,24001,251,3.93
251,26001,251,4.01
251,28001,251,3.78
251,30001,251,3.75
251,32001,251,3.9
251,34001,251,4.0
251,36001,251,4.37
251,38001,251,4.31
251,40001,251,4.5
251,42001,251,4.46
251,44001,251,4.32
251,46001,251,4.21
251,48001,251,4.21
251,50001,251,4.11
251,52001,251,4.54
251,54001,251,4.84
251,56001,251,5.33
251,58001,251,5.5
251,60001,251,5.41
251,62001,251,5.31
251,64001,251,5.15
251,65535,251,4.98
251,1,254,4.88
251,2001,254,4.77
251,4001,254,5.17
251,6001,254,5.3
251,8001,254,5.56
251,10001,254,5.51
251,12001,254,5.48
251,14001,254,5.58
251,16001,254,5.49
251,18001,254,5.63
251,20001,254,5.46
251,22001,254,4.75
251,24001,254,4.11
251,26001,254,3.73
251,28001,254,3.91
251,30001,254,3.81
251,32001,254,3.79
251,34001,254,4.0
251,36001,254,4.3
251,38001,254,4.4
251,40001,254,4.33
251,42001,254,4.15
251,44001,254,4.43
251,46001,254,4.24
251,48001,254,4.07
251,50001,254,4.1
251,52001,254,4.5
251,54001,254,4.81
251,56001,254,5.25
251,58001,254,5.54
251,60001,254,5.22
251,62001,254,5.11
251,64001,254,5.04
251,65535,254,4.91
255,1,1,5.57
255,2001,1,5.79
255,4001,1,5.87
255,6001,1,5.72
255,8001,1,5.94
255,10001,1,5.92
255,12001,1,5.88
255,14001,1,5.79
255,16001,1,5.79
255,18001,1,5.71
255,20001,1,5.76
255,22001,1,5.77
255,24001,1,5.8
255,26001,1,5.82
255,28001,1,5.65
255,30001,1,5.88
255,32001,1,5.93
255,34001,1,5.91
255,36001,1,5.89
255,38001,1,5.71
255,40001,1,5.89
255,42001,1,5.86
255,44001,1,5.89
255,46001,1,5.75
255,48001,1,5.76
255,50001,1,5.87
255,52001,1,5.74
255,54001,1,5.89
255,56001,1,5.81
255,58001,1,5.66
255,60001,1,5.89
255,62001,1,5.81
255,64001,1,5.75
255,65535,1,5.86
255,1,11,5.95
255,2001,11,5.76
255,4001,11,5.89
255,6001,11,5.76
255,8001,11,5.78
255,10001,11,5.8
255,12001,11,5.96
255,14001,11,5.65
255,16001,11,5.63
255,18001,11,5.71
255,20001,11,5.69
255,22001,11,5.77
255,24001,11,5.79
255,26001,11,5.59
255,28001,11,5.77
255,30001,11,5.64
255,32001,11,5.7
255,34001,11,5.85
255,36001,11,5.72
255,38001,11,5.81
255,40001,11,5.86
255,42001,11,5.87
255,44001,11,5.67
255,46001,11,5.73
255,48001,11,5.73
255,50001,11,5.82
255,52001,11,5.78
255,54001,11,5.66
255,56001,11,5.69
255,58001,11,5.72
255,60001,11,5.81
255,62001,11,5.95
255,64001,11,5.8
255,65535,11,5.82
255,1,21,5.82
255,2001,21,5.8
255,4001,21,5.81
255,6001,21,5.77
255,8001,21,5.78
255,10001,21,5.79
255,12001,21,5.68
255,14001,21,5.73
255,16001,21,5.75
255,18001,21,5.7
255,20001,21,5.81
255,22001,21,5.66
255,24001,21,5.44
255,26001,21,5.5
255,28001,21,5.72
255,30001,21,5.57
255,32001,21,5.51
255,34001,21,5.63
255,36001,21,5.6
255,38001,21,5.79
255,40001,21,5.72
255,42001,21,5.82
255,44001,21,5.75
255,46001,21,5.71
255,48001,21,5.66
255,50001,21,5.77
255,52001,21,5.66
255,54001,21,5.71
255,56001,21,5.58
255,58001,21,5.87
255,60001,21,5.8
255,62001,21,5.92
255,64001,21,5.8
255,65535,21,5.88
255,1,31,5.81
255,2001,31,5.89
255,4001,31,5.7
255,6001,31,5.72
255,8001,31,5.77
255,10001,31,5.78
255,12001,31,5.75
255,14001,31,5.92
255,16001,31,5.64
255,18001,31,5.78
255,20001,31,5.76
255,22001,31,5.66
255,24001,31,5.44
255,26001,31,5.49
255,28001,31,5.41
255,30001,31,5.4
255,32001,31,5.67
255,34001,31,5.79
255,36001,31,5.58
255,38001,31,5.83
255,40001,31,5.97
255,42001,31,5.78
255,44001,31,5.61
255,46001,31,5.68
255,48001,31,5.63
255,50001,31,5.45
255,52001,31,5.5
255,54001,31,5.72
255,56001,31,5.56
255,58001,31,5.78
255,60001,31,5.81
255,62001,31,5.86
255,64001,31,5.8
255,65535,31,5.9
255,1,41,5.89
255,2001,41,5.92
255,4001,41,5.89
255,6001,41,5.89
255,8001,41,5.83
255,10001,41,5.79
255,12001,41,5.75
255,14001,41,5.74
255,16001,41,5.8
255,18001,41,5.98
255,20001,41,5.64
255,22001,41,5.56
255,24001,41,5.4
255,26001,41,5.37
255,28001,41,5.35
255,30001,41,5.38
255,32001,41,5.3
255,34001,41,5.49
255,36001,41,5.56
255,38001,41,5.75
255,40001,41,5.85
255,42001,41,5.6
255,44001,41,5.55
255,46001,41,5.45
255,48001,41,5.36
255,50001,41,5.43
255,52001,41,5.43
255,54001,41,5.61
255,56001,41,5.65
255,58001,41,5.64
255,60001,41,5.71
255,62001,41,5.84
255,64001,41,5.89
255,65535,41,6.0
255,1,51,5.76
255,2001,51,5.79
255,4001,51,5.8
255,6001,51,5.82
255,8001,51,5.73
255,10001,51,5.87
255,12001,51,5.86
255,14001,51,5.76
255,16001,51,5.83
255,18001,51,5.62
255,20001,51,5.64
255,22001,51,5.56
255,24001,51,5.35
255,26001,51,5.2
255,28001,51,5.43
255,30001,51,5.27
255,32001,51,5.16
255,34001,51,5.36
255,36001,51,5.63
255,38001,51,5.6
255,40001,51,5.74
255,42001,51,5.73
255,44001,51,5.75
255,46001,51,5.41
255,48001,51,5.44
255,50001,51,5.38
255,52001,51,5.39
255,54001,51,5.51
255,56001,51,5.64
255,58001,51,5.71
255,60001,51,5.63
255,62001,51,5.95
255,64001,51,5.92
255,65535,51,5.82
255,1,61,5.77
255,2001,61,5.83
255,4001,61,5.77
255,6001,61,5.8
255,8001,61,5.78
255,10001,61,5.91
255,12001,61,5.76
255,14001,61,5.91
255,16001,61,5.77
255,18001,61,5.84
255,20001,61,5.54
255,22001,61,5.45
255,24001,61,5.28
255,26001,61,5.17
255,28001,61,5.07
255,30001,61,5.39
255,32001,61,5.32
255,34001,61,5.45
255,36001,61,5.51
255,38001,61,5.71
255,40001,61,5.7
255,42001,61,5.7
255,44001,61,5.39
255,46001,61,5.38
255,48001,61,5.24
255,50001,61,5.07
255,52001,61,5.35
255,54001,61,5.54
255,56001,61,5.59
255,58001,61,5.68
255,60001,61,5.85
255,62001,61,5.82
255,64001,61,5.8
255,65535,61,5.73
255,1,71,5.87
255,2001,71,5.82
255,4001,71,5.85
255,6001,71,5.62
255,8001,71,5.81
255,10001,71,5.79
255,12001,71,5.85
255,14001,71,5.7
255,16001,71,5.8
255,18001,71,5.73
255,20001,71,5.64
255,22001,71,5.3
255,24001,71,5.24
255,26001,71,5.02
255,28001,71,5.0
255,30001,71,5.16
255,32001,71,5.25
255,34001,71,5.55
255,36001,71,5.35
255,38001,71,5.52
255,40001,71,5.64
255,42001,71,5.34
255,44001,71,5.54
255,46001,71,5.37
255,48001,71,5.3
255,50001,71,5.13
255,52001,71,5.22
255,54001,71,5.58
255,56001,71,5.5
255,58001,71,5.68
255,60001,71,5.63
255,62001,71,5.89
255,64001,71,5.9
255,65535,71,5.77
255,1,81,5.8
255,2001,81,5.83
255,4001,81,5.96
255,6001,81,5.89
255,8001,81,5.94
255,10001,81,5.83
255,12001,81,5.88
255,14001,81,5.82
255,16001,81,5.7
255,18001,81,5.73
255,20001,81,5.6
255,22001,81,5.43
255,24001,81,4.93
255,26001,81,4.96
255,28001,81,4.97
255,30001,81,5.06
255,32001,81,5.04
255,34001,81,5.4
255,36001,81,5.51
255,38001,81,5.68
255,40001,81,5.6
255,42001,81,5.55
255,44001,81,5.36
255,46001,81,5.33
255,48001,81,5.09
255,50001,81,5.14
255,52001,81,5.12
255,54001,81,5.29
255,56001,81,5.46
255,58001,81,5.62
255,60001,81,5.86
255,62001,81,5.83
255,64001,81,5.72
255,65535,81,5.88
255,1,91,5.74
255,2001,91,5.67
255,4001,91,5.81
255,6001,91,5.99
255,8001,91,5.82
255,10001,91,5.87
255,12001,91,5.81
255,14001,91,5.65
255,16001,91,5.83
255,18001,91,5.6
255,20001,91,5.61
255,22001,91,5.22
255,24001,91,5.0
255,26001,91,4.75
255,28001,91,5.03
255,30001,91,5.01
255,32001,91,5.04
255,34001,91,5.25
255,36001,91,5.43
255,38001,91,5.62
255,40001,91,5.57
255,42001,91,5.45
255,44001,91,5.29
255,46001,91,5.13
255,48001,91,5.06
255,50001,91,5.15
255,52001,91,5.11
255,54001,91,5.29
255,56001,91,5.5
255,58001,91,5.65
255,60001,91,5.82
255,62001,91,5.9
255,64001,91,5.87
255,65535,91,5.94
255,1,101,5.76
255,2001,101,5.9
255,4001,101,6.07
255,6001,101,5.99
255,8001,101,5.89
255,10001,101,5.71
255,12001,101,5.7
255,14001,101,5.77
255,16001,101,5.73
255,18001,101,5.78
255,20001,101,5.36
255,22001,101,5.22
255,24001,101,4.99
255,26001,101,4.75
255,28001,101,4.69
255,30001,101,5.0
255,32001,101,5.11
255,34001,101,5.3
255,36001,101,5.34
255,38001,101,5.31
255,40001,101,5.47
255,42001,101,5.51
255,44001,101,5.21
255,46001,101,4.95
255,48001,101,5.01
255,50001,101,4.9
255,52001,101,4.98
255,54001,101,5.19
255,56001,101,5.61
255,58001,101,5.82
255,60001,101,5.84
255,62001,101,5.81
255,64001,101,5.81
255,65535,101,5.95
255,1,111,5.68
255,2001,111,5.7
255,4001,111,5.91
255,6001,111,5.98
255,8001,111,5.87
255,10001,111,5.76
255,12001,111,5.74
255,14001,111,5.8
255,16001,111,5.69
255,18001,111,5.82
255,20001,111,5.58
255,22001,111,5.22
255,24001,111,4.98
255,26001,111,4.75
255,28001,111,4.61
255,30001,111,4.79
255,32001,111,4.94
255,34001,111,5.06
255,36001,111,5.28
255,38001,111,5.44
255,40001,111,5.54
255,42001,111,5.69
255,44001,111,5.16
255,46001,111,5.08
255,48001,111,4.73
255,50001,111,4.84
255,52001,111,5.02
255,54001,111,5.32
255,56001,111,5.4
255,58001,111,5.72
255,60001,111,5.77
255,62001,111,5.73
255,64001,111,5.81
255,65535,111,5.7
255,1,121,5.87
255,2001,121,5.85
255,4001,121,5.9
255,6001,121,5.83
255,8001,121,5.83
255,10001,121,5.8
255,12001,121,5.88
255,14001,121,5.73
255,16001,121,5.69
255,18001,121,5.53
255,20001,121,5.47
255,22001,121,5.13
255,24001,121,4.91
255,26001,121,4.68
255,28001,121,4.83
255,30001,121,4.61
255,32001,121,4.8
255,34001,121,5.14
255,36001,121,5.22
255,38001,121,5.45
255,40001,121,5.42
255,42001,121,5.32
255,44001,121,5.12
255,46001,121,5.03
255,48001,121,4.9
255,50001,121,4.74
255,52001,121,4.93
255,54001,121,5.09
255,56001,121,5.47
255,58001,121,5.68
255,60001,121,5.68
255,62001,121,5.81
255,64001,121,5.72
255,65535,121,5.85
255,1,131,5.64
255,2001,131,5.71
255,4001,131,5.74
255,6001,131,5.79
255,8001,131,5.69
255,10001,131,5.65
255,12001,131,5.81
255,14001,131,5.66
255,16001,131,5.55
255,18001,131,5.68
255,20001,131,5.53
255,22001,131,5.3
255,24001,131,4.79
255,26001,131,4.49
255,28001,131,4.78
255,30001,131,4.56
255,32001,131,4.86
255,34001,131,4.96
255,36001,131,5.24
255,38001,131,5.3
255,40001,131,5.35
255,42001,131,5.22
255,44001,131,5.28
255,46001,131,4.95
255,48001,131,4.76
255,50001,131,4.69
255,52001,131,4.89
255,54001,131,4.98
255,56001,131,5.49
255,58001,131,5.79
255,60001,131,5.79
255,62001,131,5.89
255,64001,131,5.8
255,65535,131,5.62
255,1,141,5.84
255,2001,141,5.64
255,4001,141,5.78
255,6001,141,5.81
255,8001,141,5.88
255,10001,141,5.6
255,12001,141,5.74
255,14001,141,5.82
255,16001,141,5.84
255,18001,141,5.8
255,20001,141,5.48
255,22001,141,5.11
255,24001,141,4.74
255,26001,141,4.5
255,28001,141,4.35
255,30001,141,4.75
255,32001,141,4.77
255,34001,141,5.01
255,36001,141,5.08
255,38001,141,5.33
255,40001,141,5.32
255,42001,141,5.22
255,44001,141,5.06
255,46001,141,5.04
255,48001,141,4.57
255,50001,141,4.74
255,52001,141,4.71
255,54001,141,5.05
255,56001,141,5.39
255,58001,141,5.81
255,60001,141,5.65
255,62001,141,5.67
255,64001,141,5.84
255,65535,141,5.58
255,1,151,5.62
255,2001,151,5.61
255,4001,151,5.64
255,6001,151,5.93
255,8001,151,5.83
255,10001,151,5.8
255,12001,151,5.78
255,14001,151,5.7
255,16001,151,5.73
255,18001,151,5.67
255,20001,151,5.26
255,22001,151,5.05
255,24001,151,4.47
255,26001,151,4.31
255,28001,151,4.44
255,30001,151,4.41
255,32001,151,4.76
255,34001,151,4.87
255,36001,151,5.12
255,38001,151,5.2
255,40001,151,5.26
255,42001,151,5.08
255,44001,151,5.03
255,46001,151,4.83
255,48001,151,4.47
255,50001,151,4.53
255,52001,151,4.82
255,54001,151,5.12
255,56001,151,5.33
255,58001,151,5.54
255,60001,151,5.66
255,62001,151,5.7
255,64001,151,5.87
255,65535,151,5.68
255,1,161,5.44
255,2001,161,5.69
255,4001,161,5.72
255,6001,161,5.66
255,8001,161,5.93
255,10001,161,5.85
255,12001,161,5.84
255,14001,161,5.67
255,16001,161,5.69
255,18001,161,5.65
255,20001,161,5.38
255,22001,161,5.04
255,24001,161,4.49
255,26001,161,4.32
255,28001,161,4.24
255,30001,161,4.4
255,32001,161,4.46
255,34001,161,4.64
255,36001,161,5.08
255,38001,161,5.08
255,40001,161,5.1
255,42001,161,5.28
255,44001,161,4.98
255,46001,161,4.94
255,48001,161,4.66
255,50001,161,4.6
255,52001,161,4.84
255,54001,161,5.01
255,56001,161,5.26
255,58001,161,5.52
255,60001,161,5.76
255,62001,161,5.61
255,64001,161,5.67
255,65535,161,5.66
255,1,171,5.38
255,2001,171,5.54
255,4001,171,5.56
255,6001,171,5.59
255,8001,171,5.79
255,10001,171,5.67
255,12001,171,5.84
255,14001,171,5.69
255,16001,171,5.6
255,18001,171,5.58
255,20001,171,5.5
255,22001,171,4.79
255,24001,171,4.5
255,26001,171,4.3
255,28001,171,4.27
255,30001,171,4.3
255,32001,171,4.56
255,34001,171,4.63
255,36001,171,4.9
255,38001,171,5.13
255,40001,171,5.03
255,42001,171,5.02
255,44001,171,4.92
255,46001,171,4.64
255,48001,171,4.62
255,50001,171,4.51
255,52001,171,4.67
255,54001,171,4.76
255,56001,171,5.2
255,58001,171,5.65
255,60001,171,5.49
255,62001,171,5.59
255,64001,171,5.75
255,65535,171,5.59
255,1,181,5.48
255,2001,181,5.51
255,4001,181,5.44
255,6001,181,5.67
255,8001,181,5.67
255,10001,181,5.76
255,12001,181,5.78
255,14001,181,5.59
255,16001,181,5.63
255,18001,181,5.65
255,20001,181,5.38
255,22001,181,4.88
255,24001,181,4.52
255,26001,181,4.38
255,28001,181,4.21
255,30001,181,4.32
255,32001,181,4.46
255,34001,181,4.65
255,36001,181,4.96
255,38001,181,4.89
255,40001,181,5.08
255,42001,181,5.03
255,44001,181,4.81
255,46001,181,4.75
255,48001,181,4.4
255,50001,181,4.32
255,52001,181,4.52
255,54001,181,4.94
255,56001,181,5.34
255,58001,181,5.61
255,60001,181,5.56
255,62001,181,5.85
255,64001,181,5.59
255,65535,181,5.52
255,1,191,5.43
255,2001,191,5.49
255,4001,191,5.53
255,6001,191,5.59
255,8001,191,5.71
255,10001,191,5.57
255,12001,191,5.66
255,14001,191,5.58
255,16001,191,5.7
255,18001,191,5.72
255,20001,191,5.43
255,22001,191,4.8
255,24001,191,4.45
255,26001,191,4.08
255,28001,191,4.22
255,30001,191,4.24
255,32001,191,4.39
255,34001,191,4.55
255,36001,191,4.79
255,38001,191,4.88
255,40001,191,5.0
255,42001,191,4.86
255,44001,191,4.69
255,46001,191,4.67
255,48001,191,4.28
255,50001,191,4.35
255,52001,191,4.67
255,54001,191,4.9
255,56001,191,5.4
255,58001,191,5.52
255,60001,191,5.56
255,62001,191,5.43
255,64001,191,5.49
255,65535,191,5.51
255,1,201,5.47
255,2001,201,5.39
255,4001,201,5.54
255,6001,201,5.65
255,8001,201,5.62
255,10001,201,5.67
255,12001,201,5.6
255,14001,201,5.71
255,16001,201,5.77
255,18001,201,5.61
255,20001,201,5.33
255,22001,201,5.01
255,24001,201,4.34
255,26001,201,4.08
255,28001,201,4.07
255,30001,201,4.18
255,32001,201,4.42
255,34001,201,4.62
255,36001,201,4.7
255,38001,201,4.87
255,40001,201,4.92
255,42001,201,4.82
255,44001,201,4.94
255,46001,201,4.55
255,48001,201,4.21
255,50001,201,4.16
255,52001,201,4.59
255,54001,201,5.01
255,56001,201,5.33
255,58001,201,5.8
255,60001,201,5.54
255,62001,201,5.49
255,64001,201,5.64
255,65535,201,5.53
255,1,211,5.33
255,2001,211,5.34
255,4001,211,5.54
255,6001,211,5.54
255,8001,211,5.6
255,10001,211,5.7
255,12001,211,5.67
255,14001,211,5.59
255,16001,211,5.7
255,18001,211,5.64
255,20001,211,5.3
255,22001,211,4.65
255,24001,211,4.34
255,26001,211,4.1
255,28001,211,3.98
255,30001,211,4.15
255,32001,211,4.19
255,34001,211,4.43
255,36001,211,4.7
255,38001,211,4.86
255,40001,211,4.67
255,42001,211,4.89
255,44001,211,4.59
255,46001,211,4.46
255,48001,211,4.3
255,50001,211,4.39
255,52001,211,4.46
255,54001,211,4.73
255,56001,211,5.4
255,58001,211,5.67
255,60001,211,5.54
255,62001,211,5.64
255,64001,211,5.45
255,65535,211,5.31
255,1,221,5.3
255,2001,221,5.13
255,4001,221,5.39
255,6001,221,5.38
255,8001,221,5.68
255,10001,221,5.57
255,12001,221,5.69
255,14001,221,5.75
255,16001,221,5.73
255,18001,221,5.45
255,20001,221,5.37
255,22001,221,4.88
255,24001,221,4.4
255,26001,221,4.01
255,28001,221,4.04
255,30001,221,3.97
255,32001,221,4.28
255,34001,221,4.3
255,36001,221,4.56
255,38001,221,4.84
255,40001,221,4.67
255,42001,221,4.52
255,44001,221,4.57
255,46001,221,4.38
255,48001,221,4.18
255,50001,221,4.1
255,52001,221,4.47
255,54001,221,5.09
255,56001,221,5.34
255,58001,221,5.58
255,60001,221,5.52
255,62001,221,5.45
255,64001,221,5.43
255,65535,221,5.3
255,1,231,5.11
255,2001,231,5.19
255,4001,231,5.4
255,6001,231,5.42
255,8001,231,5.56
255,10001,231,5.59
255,12001,231,5.57
255,14001,231,5.52
255,16001,231,5.71
255,18001,231,5.56
255,20001,231,5.43
255,22001,231,4.79
255,24001,231,4.11
255,26001,231,4.04
255,28001,231,3.76
255,30001,231,4.0
255,32001,231,4.11
255,34001,231,4.26
255,36001,231,4.41
255,38001,231,4.65
255,40001,231,4.69
255,42001,231,4.72
255,44001,231,4.64
255,46001,231,4.37
255,48001,231,4.31
255,50001,231,4.17
255,52001,231,4.69
255,54001,231,5.09
255,56001,231,5.57
255,58001,231,5.48
255,60001,231,5.51
255,62001,231,5.35
255,64001,231,5.32
255,65535,231,5.06
255,1,241,4.95
255,2001,241,5.16
255,4001,241,5.35
255,6001,241,5.42
255,8001,241,5.53
255,10001,241,5.68
255,12001,241,5.5
255,14001,241,5.62
255,16001,241,5.69
255,18001,241,5.68
255,20001,241,5.44
255,22001,241,4.78
255,24001,241,4.08
255,26001,241,3.91
255,28001,241,3.98
255,30001,241,3.95
255,32001,241,3.89
255,34001,241,4.25
255,36001,241,4.33
255,38001,241,4.61
255,40001,241,4.56
255,42001,241,4.53
255,44001,241,4.6
255,46001,241,4.58
255,48001,241,4.34
255,50001,241,4.12
255,52001,241,4.65
255,54001,241,5.29
255,56001,241,5.37
255,58001,241,5.38
255,60001,241,5.42
255,62001,241,5.4
255,64001,241,5.14
255,65535,241,4.94
255,1,251,4.66
255,2001,251,4.88
255,4001,251,5.15
255,6001,251,5.45
255,8001,251,5.47
255,10001,251,5.62
255,12001,251,5.55
255,14001,251,5.71
255,16001,251,5.81
255,18001,251,5.72
255,20001,251,5.32
255,22001,251,4.49
255,24001,251,3.99
255,26001,251,3.8
255,28001,251,3.82
255,30001,251,3.89
255,32001,251,3.97
255,34001,251,4.07
255,36001,251,4.4
255,38001,251,4.34
255,40001,251,4.35
255,42001,251,4.48
255,44001,251,4.45
255,46001,251,4.42
255,48001,251,4.33
255,50001,251,4.4
255,52001,251,4.76
255,54001,251,4.84
255,56001,251,5.37
255,58001,251,5.55
255,60001,251,5.34
255,62001,251,5.35
255,64001,251,5.13
255,65535,251,5.01
255,1,254,4.96
255,2001,254,4.84
255,4001,254,5.08
255,6001,254,5.45
255,8001,254,5.62
255,10001,254,5.54
255,12001,254,5.37
255,14001,254,5.76
255,16001,254,5.7
255,18001,254,5.72
255,20001,254,5.35
255,22001,254,4.55
255,24001,254,3.94
255,26001,254,3.86
255,28001,254,3.83
255,30001,254,3.98
255,32001,254,3.97
255,34001,254,4.07
255,36001,254,4.33
255,38001,254,4.47
255,40001,254,4.2
255,42001,254,4.41
255,44001,254,4.3
255,46001,254,4.36
255,48001,254,4.4
255,50001,254,4.3
255,52001,254,4.79
255,54001,254,5.03
255,56001,254,5.38
255,58001,254,5.58
255,60001,254,5.49
255,62001,254,5.28
255,64001,254,5.16
255,65535,254,5.12
