bri,hue,sat,watt
1,1,1,0.1
1,2001,1,0.18
1,4001,1,0.19
1,6001,1,0.1
1,8001,1,0.09
1,10001,1,0.09
1,12001,1,0.2
1,14001,1,0.11
1,16001,1,0.1
1,18001,1,0.09
1,20001,1,0.1
1,22001,1,0.2
1,24001,1,0.1
1,26001,1,0.1
1,28001,1,0.1
1,30001,1,0.11
1,32001,1,0.1
1,34001,1,0.1
1,36001,1,0.1
1,38001,1,0.2
1,40001,1,0.1
1,42001,1,0.12
1,44001,1,0.1
1,46001,1,0.1
1,48001,1,0.1
1,50001,1,0.1
1,52001,1,0.1
1,54001,1,0.09
1,56001,1,0.11
1,58001,1,0.1
1,60001,1,0.1
1,62001,1,0.1
1,64001,1,0.1
1,65535,1,0.14
1,1,11,0.05
1,2001,11,0.17
1,4001,11,0.18
1,6001,11,0.1
1,8001,11,0.08
1,10001,11,0.09
1,12001,11,0.22
1,14001,11,0.11
1,16001,11,0.05
1,18001,11,0.09
1,20001,11,0.08
1,22001,11,0.17
1,24001,11,0.1
1,26001,11,0.08
1,28001,11,0.1
1,30001,11,0.09
1,32001,11,0.02
1,34001,11,0.1
1,36001,11,0.02
1,38001,11,0.17
1,40001,11,0.1
1,42001,11,0.12
1,44001,11,0.02
1,46001,11,0.02
1,48001,11,0.1
1,50001,11,0.1
1,52001,11,0.03
1,54001,11,0.11
1,56001,11,0.11
1,58001,11,0.1
1,60001,11,0.03
1,62001,11,0.1
1,64001,11,0.02
1,65535,11,0.15
1,1,21,0.1
1,2001,21,0.15
1,4001,21,0.16
1,6001,21,0.1
1,8001,21,0.06
1,10001,21,0.09
1,12001,21,0.23
1,14001,21,0.1
1,16001,21,0.1
1,18001,21,0.09
1,20001,21,0.07
1,22001,21,0.13
1,24001,21,0.1
1,26001,21,0.07
1,28001,21,0.1
1,30001,21,0.07
1,32001,21,0.04
1,34001,21,0.1
1,36001,21,0.03
1,38001,21,0.13
1,40001,21,0.1
1,42001,21,0.11
1,44001,21,0.03
1,46001,21,0.03
1,48001,21,0.1
1,50001,21,0.1
1,52001,21,0.06
1,54001,21,0.12
1,56001,21,0.11
1,58001,21,0.1
1,60001,21,0.06
1,62001,21,0.1
1,64001,21,0.03
1,65535,21,0.17
1,1,31,0.15
1,2001,31,0.14
1,4001,31,0.15
1,6001,31,0.1
1,8001,31,0.04
1,10001,31,0.09
1,12001,31,0.25
1,14001,31,0.1
1,16001,31,0.14
1,18001,31,0.09
1,20001,31,0.05
1,22001,31,0.1
1,24001,31,0.1
1,26001,31,0.05
1,28001,31,0.1
1,30001,31,0.06
1,32001,31,0.06
1,34001,31,0.1
1,36001,31,0.05
1,38001,31,0.1
1,40001,31,0.1
1,42001,31,0.11
1,44001,31,0.05
1,46001,31,0.05
1,48001,31,0.1
1,50001,31,0.1
1,52001,31,0.09
1,54001,31,0.14
1,56001,31,0.11
1,58001,31,0.1
1,60001,31,0.1
1,62001,31,0.1
1,64001,31,0.05
1,65535,31,0.14
1,1,41,0.2
1,2001,41,0.13
1,4001,41,0.14
1,6001,41,0.1
1,8001,41,0.03
1,10001,41,0.09
1,12001,41,0.27
1,14001,41,0.1
1,16001,41,0.19
1,18001,41,0.09
1,20001,41,0.03
1,22001,41,0.07
1,24001,41,0.1
1,26001,41,0.03
1,28001,41,0.1
1,30001,41,0.04
1,32001,41,0.07
1,34001,41,0.1
1,36001,41,0.07
1,38001,41,0.07
1,40001,41,0.1
1,42001,41,0.11
1,44001,41,0.07
1,46001,41,0.07
1,48001,41,0.1
1,50001,41,0.1
1,52001,41,0.12
1,54001,41,0.16
1,56001,41,0.1
1,58001,41,0.1
1,60001,41,0.13
1,62001,41,0.1
1,64001,41,0.07
1,65535,41,0.1
1,1,51,0.25
1,2001,51,0.11
1,4001,51,0.12
1,6001,51,0.1
1,8001,51,0.01
1,10001,51,0.09
1,12001,51,0.28
1,14001,51,0.09
1,16001,51,0.24
1,18001,51,0.09
1,20001,51,0.02
1,22001,51,0.03
1,24001,51,0.1
1,26001,51,0.02
1,28001,51,0.1
1,30001,51,0.02
1,32001,51,0.09
1,34001,51,0.1
1,36001,51,0.08
1,38001,51,0.03
1,40001,51,0.1
1,42001,51,0.1
1,44001,51,0.08
1,46001,51,0.08
1,48001,51,0.1
1,50001,51,0.1
1,52001,51,0.15
1,54001,51,0.17
1,56001,51,0.1
1,58001,51,0.1
1,60001,51,0.16
1,62001,51,0.1
1,64001,51,0.08
1,65535,51,0.07
1,1,61,0.3
1,2001,61,0.1
1,4001,61,0.11
1,6001,61,0.1
1,8001,61,0.1
1,10001,61,0.09
1,12001,61,0.3
1,14001,61,0.09
1,16001,61,0.29
1,18001,61,0.09
1,20001,61,0.1
1,22001,61,0.1
1,24001,61,0.1
1,26001,61,0.1
1,28001,61,0.1
1,30001,61,0.1
1,32001,61,0.11
1,34001,61,0.1
1,36001,61,0.1
1,38001,61,0.1
1,40001,61,0.1
1,42001,61,0.1
1,44001,61,0.1
1,46001,61,0.1
1,48001,61,0.1
1,50001,61,0.1
1,52001,61,0.18
1,54001,61,0.19
1,56001,61,0.1
1,58001,61,0.1
1,60001,61,0.19
1,62001,61,0.1
1,64001,61,0.1
1,65535,61,0.03
1,1,71,0.25
1,2001,71,0.1
1,4001,71,0.11
1,6001,71,0.03
1,8001,71,0.04
1,10001,71,0.11
1,12001,71,0.25
1,14001,71,0.08
1,16001,71,0.24
1,18001,71,0.09
1,20001,71,0.1
1,22001,71,0.02
1,24001,71,0.1
1,26001,71,0.1
1,28001,71,0.02
1,30001,71,0.1
1,32001,71,0.14
1,34001,71,0.1
1,36001,71,0.12
1,38001,71,0.1
1,40001,71,0.1
1,42001,71,0.08
1,44001,71,0.08
1,46001,71,0.1
1,48001,71,0.1
1,50001,71,0.03
1,52001,71,0.15
1,54001,71,0.18
1,56001,71,0.1
1,58001,71,0.1
1,60001,71,0.19
1,62001,71,0.03
1,64001,71,0.1
1,65535,71,0.05
1,1,81,0.2
1,2001,81,0.1
1,4001,81,0.11
1,6001,81,0.07
1,8001,81,0.08
1,10001,81,0.12
1,12001,81,0.2
1,14001,81,0.06
1,16001,81,0.19
1,18001,81,0.09
1,20001,81,0.1
1,22001,81,0.03
1,24001,81,0.1
1,26001,81,0.1
1,28001,81,0.03
1,30001,81,0.1
1,32001,81,0.17
1,34001,81,0.1
1,36001,81,0.14
1,38001,81,0.1
1,40001,81,0.1
1,42001,81,0.07
1,44001,81,0.07
1,46001,81,0.1
1,48001,81,0.1
1,50001,81,0.07
1,52001,81,0.12
1,54001,81,0.16
1,56001,81,0.1
1,58001,81,0.1
1,60001,81,0.19
1,62001,81,0.07
1,64001,81,0.1
1,65535,81,0.06
1,1,91,0.15
1,2001,91,0.1
1,4001,91,0.11
1,6001,91,0.1
1,8001,91,0.12
1,10001,91,0.14
1,12001,91,0.15
1,14001,91,0.04
1,16001,91,0.14
1,18001,91,0.09
1,20001,91,0.1
1,22001,91,0.04
1,24001,91,0.1
1,26001,91,0.1
1,28001,91,0.05
1,30001,91,0.1
1,32001,91,0.2
1,34001,91,0.1
1,36001,91,0.16
1,38001,91,0.1
1,40001,91,0.1
1,42001,91,0.05
1,44001,91,0.05
1,46001,91,0.1
1,48001,91,0.1
1,50001,91,0.1
1,52001,91,0.09
1,54001,91,0.15
1,56001,91,0.11
1,58001,91,0.1
1,60001,91,0.19
1,62001,91,0.1
1,64001,91,0.1
1,65535,91,0.08
1,1,101,0.1
1,2001,101,0.1
1,4001,101,0.11
1,6001,101,0.13
1,8001,101,0.15
1,10001,101,0.16
1,12001,101,0.1
1,14001,101,0.03
1,16001,101,0.1
1,18001,101,0.09
1,20001,101,0.1
1,22001,101,0.06
1,24001,101,0.1
1,26001,101,0.1
1,28001,101,0.07
1,30001,101,0.1
1,32001,101,0.22
1,34001,101,0.1
1,36001,101,0.17
1,38001,101,0.1
1,40001,101,0.1
1,42001,101,0.03
1,44001,101,0.03
1,46001,101,0.1
1,48001,101,0.09
1,50001,101,0.13
1,52001,101,0.06
1,54001,101,0.14
1,56001,101,0.11
1,58001,101,0.1
1,60001,101,0.19
1,62001,101,0.14
1,64001,101,0.1
1,65535,101,0.09
1,1,111,0.05
1,2001,111,0.1
1,4001,111,0.11
1,6001,111,0.17
1,8001,111,0.19
1,10001,111,0.17
1,12001,111,0.05
1,14001,111,0.01
1,16001,111,0.05
1,18001,111,0.09
1,20001,111,0.1
1,22001,111,0.08
1,24001,111,0.1
1,26001,111,0.1
1,28001,111,0.08
1,30001,111,0.1
1,32001,111,0.25
1,34001,111,0.1
1,36001,111,0.19
1,38001,111,0.1
1,40001,111,0.1
1,42001,111,0.02
1,44001,111,0.02
1,46001,111,0.1
1,48001,111,0.09
1,50001,111,0.17
1,52001,111,0.03
1,54001,111,0.12
1,56001,111,0.11
1,58001,111,0.1
1,60001,111,0.19
1,62001,111,0.18
1,64001,111,0.1
1,65535,111,0.09
1,1,121,0.1
1,2001,121,0.1
1,4001,121,0.11
1,6001,121,0.2
1,8001,121,0.23
1,10001,121,0.19
1,12001,121,0.1
1,14001,121,0.1
1,16001,121,0.1
1,18001,121,0.09
1,20001,121,0.1
1,22001,121,0.09
1,24001,121,0.1
1,26001,121,0.1
1,28001,121,0.1
1,30001,121,0.1
1,32001,121,0.28
1,34001,121,0.1
1,36001,121,0.21
1,38001,121,0.1
1,40001,121,0.1
1,42001,121,0.1
1,44001,121,0.1
1,46001,121,0.1
1,48001,121,0.09
1,50001,121,0.2
1,52001,121,0.1
1,54001,121,0.11
1,56001,121,0.11
1,58001,121,0.1
1,60001,121,0.19
1,62001,121,0.21
1,64001,121,0.1
1,65535,121,0.09
1,1,131,0.02
1,2001,131,0.08
1,4001,131,0.09
1,6001,131,0.17
1,8001,131,0.19
1,10001,131,0.16
1,12001,131,0.01
1,14001,131,0.1
1,16001,131,0.1
1,18001,131,0.11
1,20001,131,0.1
1,22001,131,0.11
1,24001,131,0.1
1,26001,131,0.02
1,28001,131,0.08
1,30001,131,0.1
1,32001,131,0.26
1,34001,131,0.1
1,36001,131,0.21
1,38001,131,0.1
1,40001,131,0.02
1,42001,131,0.1
1,44001,131,0.1
1,46001,131,0.08
1,48001,131,0.09
1,50001,131,0.18
1,52001,131,0.02
1,54001,131,0.11
1,56001,131,0.11
1,58001,131,0.1
1,60001,131,0.19
1,62001,131,0.18
1,64001,131,0.1
1,65535,131,0.08
1,1,141,0.03
1,2001,141,0.07
1,4001,141,0.07
1,6001,141,0.13
1,8001,141,0.15
1,10001,141,0.13
1,12001,141,0.03
1,14001,141,0.1
1,16001,141,0.1
1,18001,141,0.13
1,20001,141,0.1
1,22001,141,0.12
1,24001,141,0.1
1,26001,141,0.03
1,28001,141,0.07
1,30001,141,0.1
1,32001,141,0.25
1,34001,141,0.1
1,36001,141,0.21
1,38001,141,0.1
1,40001,141,0.03
1,42001,141,0.1
1,44001,141,0.1
1,46001,141,0.07
1,48001,141,0.09
1,50001,141,0.17
1,52001,141,0.03
1,54001,141,0.1
1,56001,141,0.1
1,58001,141,0.1
1,60001,141,0.19
1,62001,141,0.14
1,64001,141,0.1
1,65535,141,0.06
1,1,151,0.04
1,2001,151,0.05
1,4001,151,0.06
1,6001,151,0.1
1,8001,151,0.12
1,10001,151,0.1
1,12001,151,0.04
1,14001,151,0.1
1,16001,151,0.1
1,18001,151,0.15
1,20001,151,0.1
1,22001,151,0.14
1,24001,151,0.1
1,26001,151,0.04
1,28001,151,0.05
1,30001,151,0.1
1,32001,151,0.24
1,34001,151,0.1
1,36001,151,0.21
1,38001,151,0.1
1,40001,151,0.05
1,42001,151,0.1
1,44001,151,0.1
1,46001,151,0.05
1,48001,151,0.09
1,50001,151,0.15
1,52001,151,0.04
1,54001,151,0.1
1,56001,151,0.1
1,58001,151,0.1
1,60001,151,0.2
1,62001,151,0.1
1,64001,151,0.1
1,65535,151,0.05
1,1,161,0.06
1,2001,161,0.03
1,4001,161,0.04
1,6001,161,0.07
1,8001,161,0.08
1,10001,161,0.06
1,12001,161,0.06
1,14001,161,0.1
1,16001,161,0.1
1,18001,161,0.16
1,20001,161,0.1
1,22001,161,0.16
1,24001,161,0.1
1,26001,161,0.06
1,28001,161,0.03
1,30001,161,0.1
1,32001,161,0.22
1,34001,161,0.1
1,36001,161,0.21
1,38001,161,0.1
1,40001,161,0.07
1,42001,161,0.1
1,44001,161,0.1
1,46001,161,0.03
1,48001,161,0.09
1,50001,161,0.13
1,52001,161,0.06
1,54001,161,0.1
1,56001,161,0.1
1,58001,161,0.1
1,60001,161,0.2
1,62001,161,0.07
1,64001,161,0.1
1,65535,161,0.03
1,1,171,0.08
1,2001,171,0.02
1,4001,171,0.02
1,6001,171,0.03
1,8001,171,0.04
1,10001,171,0.03
1,12001,171,0.08
1,14001,171,0.1
1,16001,171,0.1
1,18001,171,0.18
1,20001,171,0.1
1,22001,171,0.17
1,24001,171,0.1
1,26001,171,0.08
1,28001,171,0.02
1,30001,171,0.1
1,32001,171,0.2
1,34001,171,0.1
1,36001,171,0.21
1,38001,171,0.1
1,40001,171,0.08
1,42001,171,0.1
1,44001,171,0.1
1,46001,171,0.02
1,48001,171,0.09
1,50001,171,0.12
1,52001,171,0.08
1,54001,171,0.09
1,56001,171,0.09
1,58001,171,0.1
1,60001,171,0.2
1,62001,171,0.03
1,64001,171,0.1
1,65535,171,0.03
1,1,181,0.09
1,2001,181,0.1
1,4001,181,0.1
1,6001,181,0.1
1,8001,181,0.1
1,10001,181,0.1
1,12001,181,0.09
1,14001,181,0.1
1,16001,181,0.1
1,18001,181,0.2
1,20001,181,0.1
1,22001,181,0.19
1,24001,181,0.1
1,26001,181,0.09
1,28001,181,0.1
1,30001,181,0.1
1,32001,181,0.19
1,34001,181,0.1
1,36001,181,0.21
1,38001,181,0.1
1,40001,181,0.1
1,42001,181,0.1
1,44001,181,0.1
1,46001,181,0.1
1,48001,181,0.09
1,50001,181,0.1
1,52001,181,0.09
1,54001,181,0.09
1,56001,181,0.09
1,58001,181,0.1
1,60001,181,0.2
1,62001,181,0.1
1,64001,181,0.1
1,65535,181,0.03
1,1,191,0.08
1,2001,191,0.1
1,4001,191,0.1
1,6001,191,0.1
1,8001,191,0.02
1,10001,191,0.02
1,12001,191,0.09
1,14001,191,0.02
1,16001,191,0.04
1,18001,191,0.2
1,20001,191,0.1
1,22001,191,0.18
1,24001,191,0.03
1,26001,191,0.08
1,28001,191,0.01
1,30001,191,0.02
1,32001,191,0.16
1,34001,191,0.1
1,36001,191,0.18
1,38001,191,0.04
1,40001,191,0.12
1,42001,191,0.1
1,44001,191,0.1
1,46001,191,0.01
1,48001,191,0.08
1,50001,191,0.1
1,52001,191,0.09
1,54001,191,0.12
1,56001,191,0.1
1,58001,191,0.1
1,60001,191,0.19
1,62001,191,0.1
1,64001,191,0.1
1,65535,191,0.03
1,1,201,0.06
1,2001,201,0.1
1,4001,201,0.1
1,6001,201,0.1
1,8001,201,0.03
1,10001,201,0.03
1,12001,201,0.09
1,14001,201,0.03
1,16001,201,0.07
1,18001,201,0.2
1,20001,201,0.1
1,22001,201,0.16
1,24001,201,0.06
1,26001,201,0.06
1,28001,201,0.03
1,30001,201,0.03
1,32001,201,0.13
1,34001,201,0.1
1,36001,201,0.14
1,38001,201,0.07
1,40001,201,0.13
1,42001,201,0.1
1,44001,201,0.1
1,46001,201,0.03
1,48001,201,0.06
1,50001,201,0.1
1,52001,201,0.1
1,54001,201,0.16
1,56001,201,0.1
1,58001,201,0.1
1,60001,201,0.17
1,62001,201,0.1
1,64001,201,0.1
1,65535,201,0.03
1,1,211,0.04
1,2001,211,0.1
1,4001,211,0.1
1,6001,211,0.1
1,8001,211,0.05
1,10001,211,0.04
1,12001,211,0.1
1,14001,211,0.04
1,16001,211,0.11
1,18001,211,0.2
1,20001,211,0.1
1,22001,211,0.15
1,24001,211,0.1
1,26001,211,0.04
1,28001,211,0.04
1,30001,211,0.05
1,32001,211,0.1
1,34001,211,0.1
1,36001,211,0.1
1,38001,211,0.11
1,40001,211,0.15
1,42001,211,0.1
1,44001,211,0.1
1,46001,211,0.04
1,48001,211,0.04
1,50001,211,0.1
1,52001,211,0.1
1,54001,211,0.19
1,56001,211,0.11
1,58001,211,0.1
1,60001,211,0.16
1,62001,211,0.1
1,64001,211,0.1
1,65535,211,0.03
1,1,221,0.03
1,2001,221,0.1
1,4001,221,0.1
1,6001,221,0.1
1,8001,221,0.07
1,10001,221,0.06
1,12001,221,0.1
1,14001,221,0.06
1,16001,221,0.15
1,18001,221,0.19
1,20001,221,0.1
1,22001,221,0.14
1,24001,221,0.13
1,26001,221,0.03
1,28001,221,0.06
1,30001,221,0.07
1,32001,221,0.06
1,34001,221,0.1
1,36001,221,0.07
1,38001,221,0.15
1,40001,221,0.17
1,42001,221,0.1
1,44001,221,0.1
1,46001,221,0.06
1,48001,221,0.03
1,50001,221,0.09
1,52001,221,0.1
1,54001,221,0.22
1,56001,221,0.12
1,58001,221,0.1
1,60001,221,0.14
1,62001,221,0.1
1,64001,221,0.09
1,65535,221,0.03
1,1,231,0.01
1,2001,231,0.1
1,4001,231,0.1
1,6001,231,0.1
1,8001,231,0.08
1,10001,231,0.08
1,12001,231,0.1
1,14001,231,0.08
1,16001,231,0.18
1,18001,231,0.19
1,20001,231,0.1
1,22001,231,0.12
1,24001,231,0.16
1,26001,231,0.01
1,28001,231,0.07
1,30001,231,0.08
1,32001,231,0.03
1,34001,231,0.1
1,36001,231,0.03
1,38001,231,0.18
1,40001,231,0.18
1,42001,231,0.1
1,44001,231,0.1
1,46001,231,0.08
1,48001,231,0.01
1,50001,231,0.09
1,52001,231,0.11
1,54001,231,0.26
1,56001,231,0.12
1,58001,231,0.1
1,60001,231,0.12
1,62001,231,0.1
1,64001,231,0.09
1,65535,231,0.03
1,1,241,0.1
1,2001,241,0.1
1,4001,241,0.1
1,6001,241,0.1
1,8001,241,0.1
1,10001,241,0.09
1,12001,241,0.1
1,14001,241,0.09
1,16001,241,0.22
1,18001,241,0.19
1,20001,241,0.1
1,22001,241,0.11
1,24001,241,0.19
1,26001,241,0.1
1,28001,241,0.09
1,30001,241,0.1
1,32001,241,0.1
1,34001,241,0.1
1,36001,241,0.1
1,38001,241,0.22
1,40001,241,0.2
1,42001,241,0.1
1,44001,241,0.1
1,46001,241,0.09
1,48001,241,0.1
1,50001,241,0.09
1,52001,241,0.11
1,54001,241,0.29
1,56001,241,0.13
1,58001,241,0.1
1,60001,241,0.11
1,62001,241,0.1
1,64001,241,0.09
1,65535,241,0.03
1,1,251,0.07
1,2001,251,0.1
1,4001,251,0.08
1,6001,251,0.1
1,8001,251,0.18
1,10001,251,0.02
1,12001,251,0.17
1,14001,251,0.02
1,16001,251,0.05
1,18001,251,0.11
1,20001,251,0.1
1,22001,251,0.03
1,24001,251,0.04
1,26001,251,0.1
1,28001,251,0.02
1,30001,251,0.02
1,32001,251,0.1
1,34001,251,0.08
1,36001,251,0.07
1,38001,251,0.05
1,40001,251,0.05
1,42001,251,0.1
1,44001,251,0.1
1,46001,251,0.1
1,48001,251,0.1
1,50001,251,0.02
1,52001,251,0.03
1,54001,251,0.14
1,56001,251,0.1
1,58001,251,0.1
1,60001,251,0.03
1,62001,251,0.08
1,64001,251,0.02
1,65535,251,0.1
1,1,254,0.09
1,2001,254,0.1
1,4001,254,0.1
1,6001,254,0.1
1,8001,254,0.21
1,10001,254,0.1
1,12001,254,0.19
1,14001,254,0.1
1,16001,254,0.1
1,18001,254,0.09
1,20001,254,0.1
1,22001,254,0.1
1,24001,254,0.1
1,26001,254,0.1
1,28001,254,0.1
1,30001,254,0.1
1,32001,254,0.1
1,34001,254,0.1
1,36001,254,0.09
1,38001,254,0.1
1,40001,254,0.1
1,42001,254,0.1
1,44001,254,0.1
1,46001,254,0.1
1,48001,254,0.1
1,50001,254,0.1
1,52001,254,0.1
1,54001,254,0.09
1,56001,254,0.09
1,58001,254,0.1
1,60001,254,0.1
1,62001,254,0.1
1,64001,254,0.1
1,65535,254,0.1
11,1,1,0.11
11,2001,1,0.24
11,4001,1,0.27
11,6001,1,0.11
11,8001,1,0.19
11,10001,1,0.18
11,12001,1,0.27
11,14001,1,0.2
11,16001,1,0.1
11,18001,1,0.18
11,20001,1,0.18
11,22001,1,0.27
11,24001,1,0.11
11,26001,1,0.17
11,28001,1,0.1
11,30001,1,0.2
11,32001,1,0.11
11,34001,1,0.11
11,36001,1,0.11
11,38001,1,0.26
11,40001,1,0.11
11,42001,1,0.2
11,44001,1,0.1
11,46001,1,0.11
11,48001,1,0.19
11,50001,1,0.11
11,52001,1,0.1
11,54001,1,0.18
11,56001,1,0.19
11,58001,1,0.11
11,60001,1,0.11
11,62001,1,0.11
11,64001,1,0.11
11,65535,1,0.21
11,1,11,0.1
11,2001,11,0.24
11,4001,11,0.25
11,6001,11,0.11
11,8001,11,0.19
11,10001,11,0.17
11,12001,11,0.27
11,14001,11,0.2
11,16001,11,0.11
11,18001,11,0.17
11,20001,11,0.17
11,22001,11,0.25
11,24001,11,0.11
11,26001,11,0.18
11,28001,11,0.1
11,30001,11,0.19
11,32001,11,0.1
11,34001,11,0.11
11,36001,11,0.12
11,38001,11,0.27
11,40001,11,0.11
11,42001,11,0.19
11,44001,11,0.11
11,46001,11,0.11
11,48001,11,0.19
11,50001,11,0.11
11,52001,11,0.11
11,54001,11,0.19
11,56001,11,0.19
11,58001,11,0.11
11,60001,11,0.14
11,62001,11,0.11
11,64001,11,0.12
11,65535,11,0.23
11,1,21,0.14
11,2001,21,0.23
11,4001,21,0.24
11,6001,21,0.11
11,8001,21,0.17
11,10001,21,0.17
11,12001,21,0.28
11,14001,21,0.19
11,16001,21,0.15
11,18001,21,0.17
11,20001,21,0.15
11,22001,21,0.22
11,24001,21,0.11
11,26001,21,0.17
11,28001,21,0.1
11,30001,21,0.17
11,32001,21,0.11
11,34001,21,0.11
11,36001,21,0.14
11,38001,21,0.25
11,40001,21,0.11
11,42001,21,0.19
11,44001,21,0.12
11,46001,21,0.12
11,48001,21,0.19
11,50001,21,0.11
11,52001,21,0.14
11,54001,21,0.21
11,56001,21,0.19
11,58001,21,0.11
11,60001,21,0.17
11,62001,21,0.11
11,64001,21,0.14
11,65535,21,0.24
11,1,31,0.19
11,2001,31,0.22
11,4001,31,0.23
11,6001,31,0.11
11,8001,31,0.16
11,10001,31,0.17
11,12001,31,0.3
11,14001,31,0.19
11,16001,31,0.2
11,18001,31,0.17
11,20001,31,0.13
11,22001,31,0.18
11,24001,31,0.11
11,26001,31,0.16
11,28001,31,0.1
11,30001,31,0.15
11,32001,31,0.13
11,34001,31,0.11
11,36001,31,0.16
11,38001,31,0.21
11,40001,31,0.11
11,42001,31,0.19
11,44001,31,0.14
11,46001,31,0.14
11,48001,31,0.19
11,50001,31,0.11
11,52001,31,0.17
11,54001,31,0.23
11,56001,31,0.18
11,58001,31,0.11
11,60001,31,0.2
11,62001,31,0.11
11,64001,31,0.16
11,65535,31,0.21
11,1,41,0.24
11,2001,41,0.2
11,4001,41,0.21
11,6001,41,0.11
11,8001,41,0.14
11,10001,41,0.17
11,12001,41,0.31
11,14001,41,0.19
11,16001,41,0.25
11,18001,41,0.17
11,20001,41,0.12
11,22001,41,0.15
11,24001,41,0.11
11,26001,41,0.14
11,28001,41,0.1
11,30001,41,0.13
11,32001,41,0.15
11,34001,41,0.11
11,36001,41,0.17
11,38001,41,0.18
11,40001,41,0.11
11,42001,41,0.18
11,44001,41,0.16
11,46001,41,0.15
11,48001,41,0.19
11,50001,41,0.11
11,52001,41,0.2
11,54001,41,0.24
11,56001,41,0.18
11,58001,41,0.11
11,60001,41,0.23
11,62001,41,0.11
11,64001,41,0.17
11,65535,41,0.18
11,1,51,0.29
11,2001,51,0.19
11,4001,51,0.2
11,6001,51,0.11
11,8001,51,0.13
11,10001,51,0.17
11,12001,51,0.33
11,14001,51,0.18
11,16001,51,0.3
11,18001,51,0.17
11,20001,51,0.1
11,22001,51,0.12
11,24001,51,0.1
11,26001,51,0.12
11,28001,51,0.1
11,30001,51,0.11
11,32001,51,0.17
11,34001,51,0.11
11,36001,51,0.19
11,38001,51,0.15
11,40001,51,0.11
11,42001,51,0.18
11,44001,51,0.17
11,46001,51,0.17
11,48001,51,0.19
11,50001,51,0.11
11,52001,51,0.23
11,54001,51,0.26
11,56001,51,0.18
11,58001,51,0.11
11,60001,51,0.26
11,62001,51,0.11
11,64001,51,0.19
11,65535,51,0.15
11,1,61,0.34
11,2001,61,0.18
11,4001,61,0.2
11,6001,61,0.11
11,8001,61,0.11
11,10001,61,0.17
11,12001,61,0.35
11,14001,61,0.18
11,16001,61,0.34
11,18001,61,0.17
11,20001,61,0.08
11,22001,61,0.08
11,24001,61,0.09
11,26001,61,0.11
11,28001,61,0.1
11,30001,61,0.09
11,32001,61,0.19
11,34001,61,0.11
11,36001,61,0.19
11,38001,61,0.11
11,40001,61,0.1
11,42001,61,0.2
11,44001,61,0.19
11,46001,61,0.19
11,48001,61,0.19
11,50001,61,0.11
11,52001,61,0.26
11,54001,61,0.26
11,56001,61,0.18
11,58001,61,0.12
11,60001,61,0.25
11,62001,61,0.11
11,64001,61,0.18
11,65535,61,0.13
11,1,71,0.29
11,2001,71,0.18
11,4001,71,0.2
11,6001,71,0.14
11,8001,71,0.15
11,10001,71,0.18
11,12001,71,0.3
11,14001,71,0.16
11,16001,71,0.3
11,18001,71,0.17
11,20001,71,0.08
11,22001,71,0.1
11,24001,71,0.08
11,26001,71,0.07
11,28001,71,0.07
11,30001,71,0.09
11,32001,71,0.17
11,34001,71,0.11
11,36001,71,0.17
11,38001,71,0.1
11,40001,71,0.11
11,42001,71,0.18
11,44001,71,0.17
11,46001,71,0.19
11,48001,71,0.19
11,50001,71,0.15
11,52001,71,0.23
11,54001,71,0.24
11,56001,71,0.17
11,58001,71,0.07
11,60001,71,0.25
11,62001,71,0.08
11,64001,71,0.16
11,65535,71,0.13
11,1,81,0.24
11,2001,81,0.18
11,4001,81,0.2
11,6001,81,0.18
11,8001,81,0.19
11,10001,81,0.2
11,12001,81,0.25
11,14001,81,0.15
11,16001,81,0.25
11,18001,81,0.17
11,20001,81,0.08
11,22001,81,0.11
11,24001,81,0.08
11,26001,81,0.06
11,28001,81,0.08
11,30001,81,0.09
11,32001,81,0.19
11,34001,81,0.11
11,36001,81,0.18
11,38001,81,0.1
11,40001,81,0.11
11,42001,81,0.16
11,44001,81,0.16
11,46001,81,0.19
11,48001,81,0.19
11,50001,81,0.18
11,52001,81,0.2
11,54001,81,0.23
11,56001,81,0.17
11,58001,81,0.06
11,60001,81,0.25
11,62001,81,0.1
11,64001,81,0.16
11,65535,81,0.14
11,1,91,0.19
11,2001,91,0.18
11,4001,91,0.2
11,6001,91,0.21
11,8001,91,0.23
11,10001,91,0.22
11,12001,91,0.2
11,14001,91,0.13
11,16001,91,0.2
11,18001,91,0.17
11,20001,91,0.08
11,22001,91,0.13
11,24001,91,0.08
11,26001,91,0.06
11,28001,91,0.1
11,30001,91,0.09
11,32001,91,0.22
11,34001,91,0.11
11,36001,91,0.2
11,38001,91,0.1
11,40001,91,0.11
11,42001,91,0.15
11,44001,91,0.14
11,46001,91,0.19
11,48001,91,0.18
11,50001,91,0.21
11,52001,91,0.17
11,54001,91,0.21
11,56001,91,0.17
11,58001,91,0.06
11,60001,91,0.25
11,62001,91,0.14
11,64001,91,0.16
11,65535,91,0.15
11,1,101,0.14
11,2001,101,0.18
11,4001,101,0.2
11,6001,101,0.24
11,8001,101,0.27
11,10001,101,0.23
11,12001,101,0.15
11,14001,101,0.12
11,16001,101,0.15
11,18001,101,0.17
11,20001,101,0.08
11,22001,101,0.14
11,24001,101,0.08
11,26001,101,0.06
11,28001,101,0.12
11,30001,101,0.09
11,32001,101,0.25
11,34001,101,0.11
11,36001,101,0.22
11,38001,101,0.1
11,40001,101,0.11
11,42001,101,0.13
11,44001,101,0.12
11,46001,101,0.19
11,48001,101,0.18
11,50001,101,0.25
11,52001,101,0.14
11,54001,101,0.2
11,56001,101,0.17
11,58001,101,0.06
11,60001,101,0.25
11,62001,101,0.17
11,64001,101,0.16
11,65535,101,0.17
11,1,111,0.09
11,2001,111,0.18
11,4001,111,0.2
11,6001,111,0.27
11,8001,111,0.29
11,10001,111,0.25
11,12001,111,0.11
11,14001,111,0.1
11,16001,111,0.11
11,18001,111,0.17
11,20001,111,0.08
11,22001,111,0.16
11,24001,111,0.08
11,26001,111,0.06
11,28001,111,0.13
11,30001,111,0.09
11,32001,111,0.28
11,34001,111,0.11
11,36001,111,0.23
11,38001,111,0.1
11,40001,111,0.11
11,42001,111,0.11
11,44001,111,0.11
11,46001,111,0.19
11,48001,111,0.18
11,50001,111,0.27
11,52001,111,0.11
11,54001,111,0.19
11,56001,111,0.17
11,58001,111,0.06
11,60001,111,0.24
11,62001,111,0.21
11,64001,111,0.16
11,65535,111,0.17
11,1,121,0.07
11,2001,121,0.16
11,4001,121,0.18
11,6001,121,0.25
11,8001,121,0.28
11,10001,121,0.26
11,12001,121,0.11
11,14001,121,0.09
11,16001,121,0.1
11,18001,121,0.15
11,20001,121,0.08
11,22001,121,0.15
11,24001,121,0.08
11,26001,121,0.06
11,28001,121,0.15
11,30001,121,0.06
11,32001,121,0.31
11,34001,121,0.09
11,36001,121,0.25
11,38001,121,0.1
11,40001,121,0.11
11,42001,121,0.11
11,44001,121,0.11
11,46001,121,0.19
11,48001,121,0.18
11,50001,121,0.26
11,52001,121,0.09
11,54001,121,0.17
11,56001,121,0.18
11,58001,121,0.06
11,60001,121,0.22
11,62001,121,0.24
11,64001,121,0.16
11,65535,121,0.17
11,1,131,0.08
11,2001,131,0.16
11,4001,131,0.18
11,6001,131,0.22
11,8001,131,0.29
11,10001,131,0.26
11,12001,131,0.12
11,14001,131,0.09
11,16001,131,0.07
11,18001,131,0.17
11,20001,131,0.07
11,22001,131,0.14
11,24001,131,0.08
11,26001,131,0.07
11,28001,131,0.13
11,30001,131,0.06
11,32001,131,0.3
11,34001,131,0.07
11,36001,131,0.25
11,38001,131,0.1
11,40001,131,0.12
11,42001,131,0.11
11,44001,131,0.09
11,46001,131,0.17
11,48001,131,0.15
11,50001,131,0.25
11,52001,131,0.1
11,54001,131,0.17
11,56001,131,0.16
11,58001,131,0.06
11,60001,131,0.22
11,62001,131,0.21
11,64001,131,0.16
11,65535,131,0.15
11,1,141,0.1
11,2001,141,0.14
11,4001,141,0.16
11,6001,141,0.19
11,8001,141,0.27
11,10001,141,0.24
11,12001,141,0.14
11,14001,141,0.09
11,16001,141,0.07
11,18001,141,0.19
11,20001,141,0.07
11,22001,141,0.16
11,24001,141,0.08
11,26001,141,0.09
11,28001,141,0.12
11,30001,141,0.06
11,32001,141,0.29
11,34001,141,0.07
11,36001,141,0.25
11,38001,141,0.1
11,40001,141,0.14
11,42001,141,0.11
11,44001,141,0.09
11,46001,141,0.15
11,48001,141,0.15
11,50001,141,0.23
11,52001,141,0.12
11,54001,141,0.17
11,56001,141,0.16
11,58001,141,0.06
11,60001,141,0.23
11,62001,141,0.17
11,64001,141,0.16
11,65535,141,0.14
11,1,151,0.11
11,2001,151,0.13
11,4001,151,0.15
11,6001,151,0.15
11,8001,151,0.23
11,10001,151,0.21
11,12001,151,0.15
11,14001,151,0.09
11,16001,151,0.07
11,18001,151,0.21
11,20001,151,0.07
11,22001,151,0.17
11,24001,151,0.08
11,26001,151,0.1
11,28001,151,0.1
11,30001,151,0.06
11,32001,151,0.27
11,34001,151,0.07
11,36001,151,0.25
11,38001,151,0.1
11,40001,151,0.16
11,42001,151,0.11
11,44001,151,0.09
11,46001,151,0.14
11,48001,151,0.15
11,50001,151,0.21
11,52001,151,0.13
11,54001,151,0.16
11,56001,151,0.16
11,58001,151,0.06
11,60001,151,0.23
11,62001,151,0.14
11,64001,151,0.16
11,65535,151,0.13
11,1,161,0.13
11,2001,161,0.11
11,4001,161,0.13
11,6001,161,0.12
11,8001,161,0.19
11,10001,161,0.18
11,12001,161,0.17
11,14001,161,0.09
11,16001,161,0.07
11,18001,161,0.23
11,20001,161,0.07
11,22001,161,0.19
11,24001,161,0.08
11,26001,161,0.12
11,28001,161,0.08
11,30001,161,0.06
11,32001,161,0.26
11,34001,161,0.07
11,36001,161,0.25
11,38001,161,0.1
11,40001,161,0.17
11,42001,161,0.11
11,44001,161,0.09
11,46001,161,0.12
11,48001,161,0.15
11,50001,161,0.2
11,52001,161,0.15
11,54001,161,0.16
11,56001,161,0.15
11,58001,161,0.06
11,60001,161,0.23
11,62001,161,0.1
11,64001,161,0.16
11,65535,161,0.11
11,1,171,0.14
11,2001,171,0.09
11,4001,171,0.11
11,6001,171,0.1
11,8001,171,0.15
11,10001,171,0.14
11,12001,171,0.18
11,14001,171,0.09
11,16001,171,0.07
11,18001,171,0.24
11,20001,171,0.07
11,22001,171,0.21
11,24001,171,0.07
11,26001,171,0.13
11,28001,171,0.07
11,30001,171,0.06
11,32001,171,0.24
11,34001,171,0.07
11,36001,171,0.25
11,38001,171,0.09
11,40001,171,0.18
11,42001,171,0.11
11,44001,171,0.09
11,46001,171,0.1
11,48001,171,0.15
11,50001,171,0.18
11,52001,171,0.16
11,54001,171,0.16
11,56001,171,0.15
11,58001,171,0.06
11,60001,171,0.23
11,62001,171,0.07
11,64001,171,0.16
11,65535,171,0.1
11,1,181,0.15
11,2001,181,0.08
11,4001,181,0.09
11,6001,181,0.12
11,8001,181,0.11
11,10001,181,0.11
11,12001,181,0.18
11,14001,181,0.09
11,16001,181,0.07
11,18001,181,0.24
11,20001,181,0.07
11,22001,181,0.22
11,24001,181,0.05
11,26001,181,0.15
11,28001,181,0.07
11,30001,181,0.07
11,32001,181,0.23
11,34001,181,0.07
11,36001,181,0.25
11,38001,181,0.08
11,40001,181,0.16
11,42001,181,0.1
11,44001,181,0.09
11,46001,181,0.07
11,48001,181,0.15
11,50001,181,0.17
11,52001,181,0.17
11,54001,181,0.16
11,56001,181,0.15
11,58001,181,0.06
11,60001,181,0.23
11,62001,181,0.05
11,64001,181,0.16
11,65535,181,0.1
11,1,191,0.14
11,2001,191,0.08
11,4001,191,0.08
11,6001,191,0.12
11,8001,191,0.13
11,10001,191,0.13
11,12001,191,0.18
11,14001,191,0.09
11,16001,191,0.08
11,18001,191,0.24
11,20001,191,0.07
11,22001,191,0.23
11,24001,191,0.06
11,26001,191,0.13
11,28001,191,0.08
11,30001,191,0.09
11,32001,191,0.23
11,34001,191,0.07
11,36001,191,0.24
11,38001,191,0.08
11,40001,191,0.15
11,42001,191,0.1
11,44001,191,0.09
11,46001,191,0.09
11,48001,191,0.13
11,50001,191,0.16
11,52001,191,0.16
11,54001,191,0.16
11,56001,191,0.14
11,58001,191,0.07
11,60001,191,0.21
11,62001,191,0.07
11,64001,191,0.11
11,65535,191,0.09
11,1,201,0.12
11,2001,201,0.08
11,4001,201,0.08
11,6001,201,0.12
11,8001,201,0.15
11,10001,201,0.14
11,12001,201,0.19
11,14001,201,0.1
11,16001,201,0.11
11,18001,201,0.23
11,20001,201,0.07
11,22001,201,0.22
11,24001,201,0.09
11,26001,201,0.12
11,28001,201,0.09
11,30001,201,0.11
11,32001,201,0.2
11,34001,201,0.07
11,36001,201,0.21
11,38001,201,0.11
11,40001,201,0.16
11,42001,201,0.1
11,44001,201,0.09
11,46001,201,0.1
11,48001,201,0.12
11,50001,201,0.15
11,52001,201,0.16
11,54001,201,0.18
11,56001,201,0.14
11,58001,201,0.07
11,60001,201,0.2
11,62001,201,0.07
11,64001,201,0.1
11,65535,201,0.09
11,1,211,0.11
11,2001,211,0.08
11,4001,211,0.08
11,6001,211,0.12
11,8001,211,0.16
11,10001,211,0.16
11,12001,211,0.19
11,14001,211,0.11
11,16001,211,0.14
11,18001,211,0.23
11,20001,211,0.07
11,22001,211,0.21
11,24001,211,0.12
11,26001,211,0.1
11,28001,211,0.1
11,30001,211,0.12
11,32001,211,0.17
11,34001,211,0.07
11,36001,211,0.17
11,38001,211,0.15
11,40001,211,0.18
11,42001,211,0.1
11,44001,211,0.09
11,46001,211,0.12
11,48001,211,0.1
11,50001,211,0.15
11,52001,211,0.16
11,54001,211,0.22
11,56001,211,0.15
11,58001,211,0.07
11,60001,211,0.18
11,62001,211,0.07
11,64001,211,0.1
11,65535,211,0.09
11,1,221,0.09
11,2001,221,0.08
11,4001,221,0.08
11,6001,221,0.12
11,8001,221,0.18
11,10001,221,0.17
11,12001,221,0.19
11,14001,221,0.13
11,16001,221,0.18
11,18001,221,0.23
11,20001,221,0.07
11,22001,221,0.19
11,24001,221,0.15
11,26001,221,0.09
11,28001,221,0.12
11,30001,221,0.14
11,32001,221,0.14
11,34001,221,0.07
11,36001,221,0.14
11,38001,221,0.18
11,40001,221,0.2
11,42001,221,0.1
11,44001,221,0.09
11,46001,221,0.13
11,48001,221,0.09
11,50001,221,0.15
11,52001,221,0.17
11,54001,221,0.25
11,56001,221,0.16
11,58001,221,0.07
11,60001,221,0.17
11,62001,221,0.07
11,64001,221,0.1
11,65535,221,0.09
11,1,231,0.08
11,2001,231,0.07
11,4001,231,0.08
11,6001,231,0.11
11,8001,231,0.17
11,10001,231,0.18
11,12001,231,0.19
11,14001,231,0.14
11,16001,231,0.22
11,18001,231,0.23
11,20001,231,0.07
11,22001,231,0.18
11,24001,231,0.18
11,26001,231,0.08
11,28001,231,0.13
11,30001,231,0.14
11,32001,231,0.11
11,34001,231,0.07
11,36001,231,0.1
11,38001,231,0.22
11,40001,231,0.21
11,42001,231,0.1
11,44001,231,0.09
11,46001,231,0.14
11,48001,231,0.07
11,50001,231,0.15
11,52001,231,0.17
11,54001,231,0.28
11,56001,231,0.16
11,58001,231,0.07
11,60001,231,0.15
11,62001,231,0.07
11,64001,231,0.1
11,65535,231,0.09
11,1,241,0.07
11,2001,241,0.07
11,4001,241,0.08
11,6001,241,0.09
11,8001,241,0.08
11,10001,241,0.16
11,12001,241,0.16
11,14001,241,0.16
11,16001,241,0.25
11,18001,241,0.23
11,20001,241,0.07
11,22001,241,0.17
11,24001,241,0.22
11,26001,241,0.08
11,28001,241,0.15
11,30001,241,0.1
11,32001,241,0.07
11,34001,241,0.07
11,36001,241,0.07
11,38001,241,0.26
11,40001,241,0.23
11,42001,241,0.08
11,44001,241,0.08
11,46001,241,0.13
11,48001,241,0.04
11,50001,241,0.15
11,52001,241,0.17
11,54001,241,0.32
11,56001,241,0.17
11,58001,241,0.07
11,60001,241,0.15
11,62001,241,0.07
11,64001,241,0.1
11,65535,241,0.09
11,1,251,0.1
11,2001,251,0.05
11,4001,251,0.15
11,6001,251,0.09
11,8001,251,0.16
11,10001,251,0.09
11,12001,251,0.21
11,14001,251,0.09
11,16001,251,0.08
11,18001,251,0.15
11,20001,251,0.07
11,22001,251,0.08
11,24001,251,0.07
11,26001,251,0.04
11,28001,251,0.08
11,30001,251,0.04
11,32001,251,0.06
11,34001,251,0.12
11,36001,251,0.14
11,38001,251,0.09
11,40001,251,0.08
11,42001,251,0.08
11,44001,251,0.07
11,46001,251,0.14
11,48001,251,0.04
11,50001,251,0.08
11,52001,251,0.09
11,54001,251,0.16
11,56001,251,0.16
11,58001,251,0.07
11,60001,251,0.1
11,62001,251,0.15
11,64001,251,0.03
11,65535,251,0.06
11,1,254,0.12
11,2001,254,0.05
11,4001,254,0.15
11,6001,254,0.09
11,8001,254,0.24
11,10001,254,0.07
11,12001,254,0.23
11,14001,254,0.07
11,16001,254,0.07
11,18001,254,0.14
11,20001,254,0.07
11,22001,254,0.08
11,24001,254,0.06
11,26001,254,0.04
11,28001,254,0.07
11,30001,254,0.02
11,32001,254,0.06
11,34001,254,0.15
11,36001,254,0.14
11,38001,254,0.07
11,40001,254,0.07
11,42001,254,0.08
11,44001,254,0.07
11,46001,254,0.15
11,48001,254,0.02
11,50001,254,0.07
11,52001,254,0.06
11,54001,254,0.15
11,56001,254,0.15
11,58001,254,0.09
11,60001,254,0.07
11,62001,254,0.1
11,64001,254,0.07
11,65535,254,0.07
21,1,1,0.22
21,2001,1,0.3
21,4001,1,0.34
21,6001,1,0.21
21,8001,1,0.29
21,10001,1,0.27
21,12001,1,0.34
21,14001,1,0.29
21,16001,1,0.21
21,18001,1,0.26
21,20001,1,0.26
21,22001,1,0.33
21,24001,1,0.21
21,26001,1,0.25
21,28001,1,0.21
21,30001,1,0.29
21,32001,1,0.22
21,34001,1,0.23
21,36001,1,0.22
21,38001,1,0.32
21,40001,1,0.22
21,42001,1,0.28
21,44001,1,0.21
21,46001,1,0.22
21,48001,1,0.28
21,50001,1,0.21
21,52001,1,0.21
21,54001,1,0.26
21,56001,1,0.27
21,58001,1,0.21
21,60001,1,0.22
21,62001,1,0.22
21,64001,1,0.22
21,65535,1,0.28
21,1,11,0.21
21,2001,11,0.3
21,4001,11,0.33
21,6001,11,0.21
21,8001,11,0.29
21,10001,11,0.26
21,12001,11,0.34
21,14001,11,0.29
21,16001,11,0.21
21,18001,11,0.26
21,20001,11,0.25
21,22001,11,0.31
21,24001,11,0.21
21,26001,11,0.26
21,28001,11,0.2
21,30001,11,0.28
21,32001,11,0.21
21,34001,11,0.23
21,36001,11,0.23
21,38001,11,0.33
21,40001,11,0.22
21,42001,11,0.27
21,44001,11,0.21
21,46001,11,0.22
21,48001,11,0.28
21,50001,11,0.22
21,52001,11,0.21
21,54001,11,0.28
21,56001,11,0.27
21,58001,11,0.21
21,60001,11,0.25
21,62001,11,0.22
21,64001,11,0.23
21,65535,11,0.3
21,1,21,0.2
21,2001,21,0.3
21,4001,21,0.32
21,6001,21,0.21
21,8001,21,0.28
21,10001,21,0.25
21,12001,21,0.34
21,14001,21,0.28
21,16001,21,0.22
21,18001,21,0.26
21,20001,21,0.23
21,22001,21,0.3
21,24001,21,0.21
21,26001,21,0.27
21,28001,21,0.19
21,30001,21,0.26
21,32001,21,0.2
21,34001,21,0.23
21,36001,21,0.25
21,38001,21,0.34
21,40001,21,0.22
21,42001,21,0.27
21,44001,21,0.22
21,46001,21,0.21
21,48001,21,0.28
21,50001,21,0.22
21,52001,21,0.22
21,54001,21,0.3
21,56001,21,0.27
21,58001,21,0.21
21,60001,21,0.28
21,62001,21,0.22
21,64001,21,0.25
21,65535,21,0.31
21,1,31,0.23
21,2001,31,0.3
21,4001,31,0.3
21,6001,31,0.21
21,8001,31,0.27
21,10001,31,0.24
21,12001,31,0.35
21,14001,31,0.28
21,16001,31,0.25
21,18001,31,0.26
21,20001,31,0.22
21,22001,31,0.27
21,24001,31,0.21
21,26001,31,0.26
21,28001,31,0.19
21,30001,31,0.24
21,32001,31,0.21
21,34001,31,0.23
21,36001,31,0.27
21,38001,31,0.32
21,40001,31,0.22
21,42001,31,0.27
21,44001,31,0.23
21,46001,31,0.22
21,48001,31,0.28
21,50001,31,0.22
21,52001,31,0.24
21,54001,31,0.31
21,56001,31,0.26
21,58001,31,0.21
21,60001,31,0.31
21,62001,31,0.22
21,64001,31,0.27
21,65535,31,0.28
21,1,41,0.28
21,2001,41,0.28
21,4001,41,0.29
21,6001,41,0.21
21,8001,41,0.26
21,10001,41,0.24
21,12001,41,0.36
21,14001,41,0.28
21,16001,41,0.3
21,18001,41,0.26
21,20001,41,0.2
21,22001,41,0.23
21,24001,41,0.21
21,26001,41,0.25
21,28001,41,0.19
21,30001,41,0.22
21,32001,41,0.23
21,34001,41,0.23
21,36001,41,0.28
21,38001,41,0.29
21,40001,41,0.21
21,42001,41,0.27
21,44001,41,0.25
21,46001,41,0.24
21,48001,41,0.28
21,50001,41,0.22
21,52001,41,0.27
21,54001,41,0.32
21,56001,41,0.26
21,58001,41,0.22
21,60001,41,0.33
21,62001,41,0.22
21,64001,41,0.27
21,65535,41,0.26
21,1,51,0.33
21,2001,51,0.27
21,4001,51,0.29
21,6001,51,0.22
21,8001,51,0.24
21,10001,51,0.24
21,12001,51,0.38
21,14001,51,0.27
21,16001,51,0.35
21,18001,51,0.26
21,20001,51,0.18
21,22001,51,0.2
21,24001,51,0.2
21,26001,51,0.23
21,28001,51,0.19
21,30001,51,0.21
21,32001,51,0.24
21,34001,51,0.23
21,36001,51,0.27
21,38001,51,0.26
21,40001,51,0.21
21,42001,51,0.28
21,44001,51,0.26
21,46001,51,0.26
21,48001,51,0.28
21,50001,51,0.22
21,52001,51,0.3
21,54001,51,0.32
21,56001,51,0.26
21,58001,51,0.23
21,60001,51,0.32
21,62001,51,0.22
21,64001,51,0.27
21,65535,51,0.24
21,1,61,0.38
21,2001,61,0.26
21,4001,61,0.29
21,6001,61,0.22
21,8001,61,0.23
21,10001,61,0.24
21,12001,61,0.4
21,14001,61,0.27
21,16001,61,0.4
21,18001,61,0.26
21,20001,61,0.17
21,22001,61,0.17
21,24001,61,0.19
21,26001,61,0.21
21,28001,61,0.19
21,30001,61,0.19
21,32001,61,0.26
21,34001,61,0.23
21,36001,61,0.27
21,38001,61,0.22
21,40001,61,0.2
21,42001,61,0.29
21,44001,61,0.28
21,46001,61,0.27
21,48001,61,0.28
21,50001,61,0.22
21,52001,61,0.33
21,54001,61,0.33
21,56001,61,0.26
21,58001,61,0.24
21,60001,61,0.31
21,62001,61,0.22
21,64001,61,0.26
21,65535,61,0.23
21,1,71,0.33
21,2001,71,0.26
21,4001,71,0.29
21,6001,71,0.25
21,8001,71,0.27
21,10001,71,0.26
21,12001,71,0.35
21,14001,71,0.26
21,16001,71,0.35
21,18001,71,0.26
21,20001,71,0.17
21,22001,71,0.18
21,24001,71,0.17
21,26001,71,0.17
21,28001,71,0.17
21,30001,71,0.19
21,32001,71,0.25
21,34001,71,0.23
21,36001,71,0.25
21,38001,71,0.21
21,40001,71,0.21
21,42001,71,0.28
21,44001,71,0.26
21,46001,71,0.27
21,48001,71,0.28
21,50001,71,0.26
21,52001,71,0.3
21,54001,71,0.31
21,56001,71,0.25
21,58001,71,0.19
21,60001,71,0.31
21,62001,71,0.19
21,64001,71,0.24
21,65535,71,0.23
21,1,81,0.28
21,2001,81,0.26
21,4001,81,0.29
21,6001,81,0.29
21,8001,81,0.3
21,10001,81,0.28
21,12001,81,0.3
21,14001,81,0.24
21,16001,81,0.3
21,18001,81,0.26
21,20001,81,0.17
21,22001,81,0.2
21,24001,81,0.16
21,26001,81,0.14
21,28001,81,0.15
21,30001,81,0.19
21,32001,81,0.24
21,34001,81,0.23
21,36001,81,0.24
21,38001,81,0.2
21,40001,81,0.21
21,42001,81,0.26
21,44001,81,0.25
21,46001,81,0.27
21,48001,81,0.28
21,50001,81,0.29
21,52001,81,0.27
21,54001,81,0.29
21,56001,81,0.24
21,58001,81,0.15
21,60001,81,0.31
21,62001,81,0.16
21,64001,81,0.22
21,65535,81,0.22
21,1,91,0.23
21,2001,91,0.26
21,4001,91,0.29
21,6001,91,0.32
21,8001,91,0.34
21,10001,91,0.29
21,12001,91,0.25
21,14001,91,0.23
21,16001,91,0.25
21,18001,91,0.26
21,20001,91,0.17
21,22001,91,0.21
21,24001,91,0.15
21,26001,91,0.12
21,28001,91,0.15
21,30001,91,0.19
21,32001,91,0.25
21,34001,91,0.23
21,36001,91,0.24
21,38001,91,0.2
21,40001,91,0.21
21,42001,91,0.24
21,44001,91,0.23
21,46001,91,0.27
21,48001,91,0.28
21,50001,91,0.32
21,52001,91,0.24
21,54001,91,0.27
21,56001,91,0.24
21,58001,91,0.13
21,60001,91,0.31
21,62001,91,0.17
21,64001,91,0.22
21,65535,91,0.23
21,1,101,0.19
21,2001,101,0.25
21,4001,101,0.28
21,6001,101,0.33
21,8001,101,0.36
21,10001,101,0.31
21,12001,101,0.22
21,14001,101,0.21
21,16001,101,0.22
21,18001,101,0.25
21,20001,101,0.17
21,22001,101,0.22
21,24001,101,0.15
21,26001,101,0.12
21,28001,101,0.17
21,30001,101,0.18
21,32001,101,0.28
21,34001,101,0.22
21,36001,101,0.26
21,38001,101,0.2
21,40001,101,0.21
21,42001,101,0.23
21,44001,101,0.22
21,46001,101,0.27
21,48001,101,0.27
21,50001,101,0.34
21,52001,101,0.22
21,54001,101,0.26
21,56001,101,0.24
21,58001,101,0.13
21,60001,101,0.3
21,62001,101,0.2
21,64001,101,0.22
21,65535,101,0.24
21,1,111,0.16
21,2001,111,0.24
21,4001,111,0.27
21,6001,111,0.32
21,8001,111,0.34
21,10001,111,0.31
21,12001,111,0.21
21,14001,111,0.2
21,16001,111,0.21
21,18001,111,0.23
21,20001,111,0.17
21,22001,111,0.22
21,24001,111,0.15
21,26001,111,0.12
21,28001,111,0.18
21,30001,111,0.15
21,32001,111,0.31
21,34001,111,0.2
21,36001,111,0.28
21,38001,111,0.2
21,40001,111,0.21
21,42001,111,0.22
21,44001,111,0.22
21,46001,111,0.27
21,48001,111,0.27
21,50001,111,0.33
21,52001,111,0.2
21,54001,111,0.25
21,56001,111,0.24
21,58001,111,0.13
21,60001,111,0.28
21,62001,111,0.24
21,64001,111,0.22
21,65535,111,0.24
21,1,121,0.14
21,2001,121,0.22
21,4001,121,0.25
21,6001,121,0.3
21,8001,121,0.33
21,10001,121,0.32
21,12001,121,0.21
21,14001,121,0.18
21,16001,121,0.19
21,18001,121,0.21
21,20001,121,0.17
21,22001,121,0.21
21,24001,121,0.15
21,26001,121,0.12
21,28001,121,0.2
21,30001,121,0.12
21,32001,121,0.34
21,34001,121,0.18
21,36001,121,0.29
21,38001,121,0.2
21,40001,121,0.21
21,42001,121,0.22
21,44001,121,0.23
21,46001,121,0.28
21,48001,121,0.27
21,50001,121,0.32
21,52001,121,0.18
21,54001,121,0.23
21,56001,121,0.24
21,58001,121,0.13
21,60001,121,0.25
21,62001,121,0.27
21,64001,121,0.22
21,65535,121,0.24
21,1,131,0.15
21,2001,131,0.22
21,4001,131,0.25
21,6001,131,0.27
21,8001,131,0.34
21,10001,131,0.33
21,12001,131,0.23
21,14001,131,0.18
21,16001,131,0.17
21,18001,131,0.23
21,20001,131,0.16
21,22001,131,0.2
21,24001,131,0.15
21,26001,131,0.13
21,28001,131,0.18
21,30001,131,0.12
21,32001,131,0.33
21,34001,131,0.16
21,36001,131,0.29
21,38001,131,0.2
21,40001,131,0.23
21,42001,131,0.22
21,44001,131,0.21
21,46001,131,0.26
21,48001,131,0.24
21,50001,131,0.31
21,52001,131,0.19
21,54001,131,0.23
21,56001,131,0.23
21,58001,131,0.13
21,60001,131,0.26
21,62001,131,0.24
21,64001,131,0.22
21,65535,131,0.22
21,1,141,0.17
21,2001,141,0.21
21,4001,141,0.25
21,6001,141,0.24
21,8001,141,0.36
21,10001,141,0.34
21,12001,141,0.24
21,14001,141,0.19
21,16001,141,0.15
21,18001,141,0.25
21,20001,141,0.14
21,22001,141,0.2
21,24001,141,0.15
21,26001,141,0.14
21,28001,141,0.17
21,30001,141,0.12
21,32001,141,0.32
21,34001,141,0.15
21,36001,141,0.29
21,38001,141,0.2
21,40001,141,0.25
21,42001,141,0.22
21,44001,141,0.19
21,46001,141,0.24
21,48001,141,0.22
21,50001,141,0.29
21,52001,141,0.21
21,54001,141,0.23
21,56001,141,0.22
21,58001,141,0.13
21,60001,141,0.26
21,62001,141,0.2
21,64001,141,0.22
21,65535,141,0.22
21,1,151,0.18
21,2001,151,0.2
21,4001,151,0.24
21,6001,151,0.2
21,8001,151,0.34
21,10001,151,0.32
21,12001,151,0.26
21,14001,151,0.19
21,16001,151,0.14
21,18001,151,0.27
21,20001,151,0.14
21,22001,151,0.2
21,24001,151,0.15
21,26001,151,0.16
21,28001,151,0.15
21,30001,151,0.12
21,32001,151,0.31
21,34001,151,0.14
21,36001,151,0.29
21,38001,151,0.2
21,40001,151,0.26
21,42001,151,0.22
21,44001,151,0.18
21,46001,151,0.23
21,48001,151,0.21
21,50001,151,0.27
21,52001,151,0.22
21,54001,151,0.22
21,56001,151,0.21
21,58001,151,0.13
21,60001,151,0.26
21,62001,151,0.17
21,64001,151,0.22
21,65535,151,0.2
21,1,161,0.19
21,2001,161,0.19
21,4001,161,0.22
21,6001,161,0.19
21,8001,161,0.3
21,10001,161,0.29
21,12001,161,0.27
21,14001,161,0.19
21,16001,161,0.14
21,18001,161,0.28
21,20001,161,0.14
21,22001,161,0.22
21,24001,161,0.14
21,26001,161,0.17
21,28001,161,0.14
21,30001,161,0.13
21,32001,161,0.3
21,34001,161,0.14
21,36001,161,0.29
21,38001,161,0.19
21,40001,161,0.26
21,42001,161,0.21
21,44001,161,0.18
21,46001,161,0.2
21,48001,161,0.21
21,50001,161,0.26
21,52001,161,0.23
21,54001,161,0.22
21,56001,161,0.21
21,58001,161,0.13
21,60001,161,0.26
21,62001,161,0.14
21,64001,161,0.22
21,65535,161,0.19
21,1,171,0.21
21,2001,171,0.17
21,4001,171,0.2
21,6001,171,0.22
21,8001,171,0.26
21,10001,171,0.26
21,12001,171,0.27
21,14001,171,0.19
21,16001,171,0.14
21,18001,171,0.28
21,20001,171,0.14
21,22001,171,0.24
21,24001,171,0.12
21,26001,171,0.19
21,28001,171,0.14
21,30001,171,0.14
21,32001,171,0.28
21,34001,171,0.14
21,36001,171,0.29
21,38001,171,0.17
21,40001,171,0.25
21,42001,171,0.2
21,44001,171,0.18
21,46001,171,0.17
21,48001,171,0.21
21,50001,171,0.25
21,52001,171,0.24
21,54001,171,0.22
21,56001,171,0.21
21,58001,171,0.13
21,60001,171,0.26
21,62001,171,0.12
21,64001,171,0.22
21,65535,171,0.17
21,1,181,0.22
21,2001,181,0.15
21,4001,181,0.18
21,6001,181,0.24
21,8001,181,0.22
21,10001,181,0.22
21,12001,181,0.27
21,14001,181,0.19
21,16001,181,0.14
21,18001,181,0.28
21,20001,181,0.14
21,22001,181,0.25
21,24001,181,0.1
21,26001,181,0.2
21,28001,181,0.14
21,30001,181,0.14
21,32001,181,0.27
21,34001,181,0.14
21,36001,181,0.29
21,38001,181,0.16
21,40001,181,0.23
21,42001,181,0.2
21,44001,181,0.18
21,46001,181,0.14
21,48001,181,0.21
21,50001,181,0.25
21,52001,181,0.24
21,54001,181,0.22
21,56001,181,0.2
21,58001,181,0.13
21,60001,181,0.25
21,62001,181,0.1
21,64001,181,0.22
21,65535,181,0.16
21,1,191,0.2
21,2001,191,0.15
21,4001,191,0.17
21,6001,191,0.24
21,8001,191,0.24
21,10001,191,0.24
21,12001,191,0.28
21,14001,191,0.18
21,16001,191,0.14
21,18001,191,0.28
21,20001,191,0.14
21,22001,191,0.26
21,24001,191,0.11
21,26001,191,0.19
21,28001,191,0.15
21,30001,191,0.16
21,32001,191,0.26
21,34001,191,0.14
21,36001,191,0.27
21,38001,191,0.16
21,40001,191,0.22
21,42001,191,0.2
21,44001,191,0.18
21,46001,191,0.16
21,48001,191,0.19
21,50001,191,0.23
21,52001,191,0.23
21,54001,191,0.22
21,56001,191,0.2
21,58001,191,0.13
21,60001,191,0.24
21,62001,191,0.12
21,64001,191,0.18
21,65535,191,0.16
21,1,201,0.19
21,2001,201,0.15
21,4001,201,0.16
21,6001,201,0.24
21,8001,201,0.26
21,10001,201,0.25
21,12001,201,0.28
21,14001,201,0.17
21,16001,201,0.15
21,18001,201,0.27
21,20001,201,0.14
21,22001,201,0.27
21,24001,201,0.12
21,26001,201,0.17
21,28001,201,0.15
21,30001,201,0.18
21,32001,201,0.26
21,34001,201,0.14
21,36001,201,0.26
21,38001,201,0.16
21,40001,201,0.2
21,42001,201,0.2
21,44001,201,0.18
21,46001,201,0.17
21,48001,201,0.18
21,50001,201,0.21
21,52001,201,0.23
21,54001,201,0.22
21,56001,201,0.19
21,58001,201,0.13
21,60001,201,0.22
21,62001,201,0.14
21,64001,201,0.13
21,65535,201,0.15
21,1,211,0.17
21,2001,211,0.15
21,4001,211,0.16
21,6001,211,0.24
21,8001,211,0.27
21,10001,211,0.27
21,12001,211,0.28
21,14001,211,0.18
21,16001,211,0.18
21,18001,211,0.27
21,20001,211,0.14
21,22001,211,0.26
21,24001,211,0.15
21,26001,211,0.16
21,28001,211,0.17
21,30001,211,0.19
21,32001,211,0.24
21,34001,211,0.14
21,36001,211,0.24
21,38001,211,0.19
21,40001,211,0.21
21,42001,211,0.2
21,44001,211,0.18
21,46001,211,0.19
21,48001,211,0.16
21,50001,211,0.21
21,52001,211,0.22
21,54001,211,0.24
21,56001,211,0.19
21,58001,211,0.14
21,60001,211,0.21
21,62001,211,0.14
21,64001,211,0.11
21,65535,211,0.15
21,1,221,0.16
21,2001,221,0.15
21,4001,221,0.16
21,6001,221,0.23
21,8001,221,0.25
21,10001,221,0.27
21,12001,221,0.27
21,14001,221,0.19
21,16001,221,0.21
21,18001,221,0.27
21,20001,221,0.14
21,22001,221,0.25
21,24001,221,0.18
21,26001,221,0.15
21,28001,221,0.18
21,30001,221,0.19
21,32001,221,0.21
21,34001,221,0.14
21,36001,221,0.2
21,38001,221,0.22
21,40001,221,0.23
21,42001,221,0.19
21,44001,221,0.18
21,46001,221,0.19
21,48001,221,0.14
21,50001,221,0.21
21,52001,221,0.23
21,54001,221,0.28
21,56001,221,0.2
21,58001,221,0.14
21,60001,221,0.2
21,62001,221,0.14
21,64001,221,0.11
21,65535,221,0.15
21,1,231,0.15
21,2001,231,0.15
21,4001,231,0.16
21,6001,231,0.2
21,8001,231,0.15
21,10001,231,0.25
21,12001,231,0.25
21,14001,231,0.21
21,16001,231,0.25
21,18001,231,0.26
21,20001,231,0.14
21,22001,231,0.24
21,24001,231,0.21
21,26001,231,0.16
21,28001,231,0.2
21,30001,231,0.15
21,32001,231,0.18
21,34001,231,0.14
21,36001,231,0.17
21,38001,231,0.26
21,40001,231,0.24
21,42001,231,0.18
21,44001,231,0.16
21,46001,231,0.18
21,48001,231,0.11
21,50001,231,0.2
21,52001,231,0.23
21,54001,231,0.31
21,56001,231,0.2
21,58001,231,0.14
21,60001,231,0.19
21,62001,231,0.14
21,64001,231,0.1
21,65535,231,0.14
21,1,241,0.13
21,2001,241,0.14
21,4001,241,0.16
21,6001,241,0.18
21,8001,241,0.06
21,10001,241,0.23
21,12001,241,0.22
21,14001,241,0.22
21,16001,241,0.29
21,18001,241,0.26
21,20001,241,0.13
21,22001,241,0.22
21,24001,241,0.24
21,26001,241,0.16
21,28001,241,0.21
21,30001,241,0.11
21,32001,241,0.15
21,34001,241,0.14
21,36001,241,0.13
21,38001,241,0.3
21,40001,241,0.26
21,42001,241,0.16
21,44001,241,0.15
21,46001,241,0.17
21,48001,241,0.08
21,50001,241,0.2
21,52001,241,0.23
21,54001,241,0.34
21,56001,241,0.21
21,58001,241,0.14
21,60001,241,0.19
21,62001,241,0.14
21,64001,241,0.1
21,65535,241,0.14
21,1,251,0.13
21,2001,251,0.09
21,4001,251,0.21
21,6001,251,0.18
21,8001,251,0.18
21,10001,251,0.17
21,12001,251,0.25
21,14001,251,0.16
21,16001,251,0.15
21,18001,251,0.2
21,20001,251,0.14
21,22001,251,0.15
21,24001,251,0.13
21,26001,251,0.08
21,28001,251,0.15
21,30001,251,0.06
21,32001,251,0.13
21,34001,251,0.17
21,36001,251,0.19
21,38001,251,0.16
21,40001,251,0.14
21,42001,251,0.16
21,44001,251,0.13
21,46001,251,0.18
21,48001,251,0.06
21,50001,251,0.15
21,52001,251,0.14
21,54001,251,0.22
21,56001,251,0.22
21,58001,251,0.15
21,60001,251,0.17
21,62001,251,0.16
21,64001,251,0.09
21,65535,251,0.12
21,1,254,0.15
21,2001,254,0.09
21,4001,254,0.2
21,6001,254,0.18
21,8001,254,0.26
21,10001,254,0.15
21,12001,254,0.27
21,14001,254,0.14
21,16001,254,0.14
21,18001,254,0.2
21,20001,254,0.14
21,22001,254,0.15
21,24001,254,0.13
21,26001,254,0.08
21,28001,254,0.14
21,30001,254,0.04
21,32001,254,0.13
21,34001,254,0.19
21,36001,254,0.19
21,38001,254,0.15
21,40001,254,0.14
21,42001,254,0.16
21,44001,254,0.13
21,46001,254,0.19
21,48001,254,0.04
21,50001,254,0.14
21,52001,254,0.11
21,54001,254,0.21
21,56001,254,0.21
21,58001,254,0.18
21,60001,254,0.14
21,62001,254,0.1
21,64001,254,0.14
21,65535,254,0.14
31,1,1,0.33
31,2001,1,0.35
31,4001,1,0.42
31,6001,1,0.32
31,8001,1,0.4
31,10001,1,0.37
31,12001,1,0.41
31,14001,1,0.39
31,16001,1,0.31
31,18001,1,0.35
31,20001,1,0.34
31,22001,1,0.4
31,24001,1,0.32
31,26001,1,0.32
31,28001,1,0.31
31,30001,1,0.39
31,32001,1,0.33
31,34001,1,0.34
31,36001,1,0.32
31,38001,1,0.38
31,40001,1,0.32
31,42001,1,0.35
31,44001,1,0.31
31,46001,1,0.33
31,48001,1,0.36
31,50001,1,0.32
31,52001,1,0.31
31,54001,1,0.35
31,56001,1,0.35
31,58001,1,0.32
31,60001,1,0.32
31,62001,1,0.33
31,64001,1,0.32
31,65535,1,0.35
31,1,11,0.32
31,2001,11,0.36
31,4001,11,0.4
31,6001,11,0.32
31,8001,11,0.39
31,10001,11,0.35
31,12001,11,0.41
31,14001,11,0.38
31,16001,11,0.32
31,18001,11,0.35
31,20001,11,0.33
31,22001,11,0.38
31,24001,11,0.32
31,26001,11,0.33
31,28001,11,0.31
31,30001,11,0.37
31,32001,11,0.32
31,34001,11,0.34
31,36001,11,0.34
31,38001,11,0.39
31,40001,11,0.32
31,42001,11,0.35
31,44001,11,0.32
31,46001,11,0.33
31,48001,11,0.36
31,50001,11,0.32
31,52001,11,0.32
31,54001,11,0.36
31,56001,11,0.35
31,58001,11,0.32
31,60001,11,0.36
31,62001,11,0.33
31,64001,11,0.34
31,65535,11,0.37
31,1,21,0.31
31,2001,21,0.36
31,4001,21,0.39
31,6001,21,0.32
31,8001,21,0.39
31,10001,21,0.34
31,12001,21,0.41
31,14001,21,0.38
31,16001,21,0.33
31,18001,21,0.34
31,20001,21,0.31
31,22001,21,0.36
31,24001,21,0.32
31,26001,21,0.34
31,28001,21,0.3
31,30001,21,0.35
31,32001,21,0.31
31,34001,21,0.34
31,36001,21,0.36
31,38001,21,0.4
31,40001,21,0.32
31,42001,21,0.35
31,44001,21,0.32
31,46001,21,0.32
31,48001,21,0.36
31,50001,21,0.33
31,52001,21,0.33
31,54001,21,0.38
31,56001,21,0.35
31,58001,21,0.32
31,60001,21,0.39
31,62001,21,0.33
31,64001,21,0.36
31,65535,21,0.39
31,1,31,0.3
31,2001,31,0.36
31,4001,31,0.38
31,6001,31,0.32
31,8001,31,0.38
31,10001,31,0.33
31,12001,31,0.4
31,14001,31,0.37
31,16001,31,0.33
31,18001,31,0.34
31,20001,31,0.3
31,22001,31,0.34
31,24001,31,0.31
31,26001,31,0.35
31,28001,31,0.29
31,30001,31,0.34
31,32001,31,0.3
31,34001,31,0.34
31,36001,31,0.36
31,38001,31,0.41
31,40001,31,0.32
31,42001,31,0.35
31,44001,31,0.33
31,46001,31,0.32
31,48001,31,0.36
31,50001,31,0.33
31,52001,31,0.33
31,54001,31,0.39
31,56001,31,0.34
31,58001,31,0.32
31,60001,31,0.39
31,62001,31,0.34
31,64001,31,0.36
31,65535,31,0.37
31,1,41,0.31
31,2001,41,0.36
31,4001,41,0.38
31,6001,41,0.32
31,8001,41,0.37
31,10001,41,0.32
31,12001,41,0.41
31,14001,41,0.37
31,16001,41,0.36
31,18001,41,0.34
31,20001,41,0.29
31,22001,41,0.32
31,24001,41,0.3
31,26001,41,0.35
31,28001,41,0.29
31,30001,41,0.32
31,32001,41,0.3
31,34001,41,0.34
31,36001,41,0.36
31,38001,41,0.4
31,40001,41,0.32
31,42001,41,0.36
31,44001,41,0.34
31,46001,41,0.32
31,48001,41,0.37
31,50001,41,0.34
31,52001,41,0.35
31,54001,41,0.39
31,56001,41,0.34
31,58001,41,0.34
31,60001,41,0.38
31,62001,41,0.34
31,64001,41,0.35
31,65535,41,0.36
31,1,51,0.36
31,2001,51,0.35
31,4001,51,0.38
31,6001,51,0.33
31,8001,51,0.36
31,10001,51,0.32
31,12001,51,0.43
31,14001,51,0.36
31,16001,51,0.4
31,18001,51,0.34
31,20001,51,0.27
31,22001,51,0.29
31,24001,51,0.29
31,26001,51,0.33
31,28001,51,0.29
31,30001,51,0.3
31,32001,51,0.32
31,34001,51,0.34
31,36001,51,0.36
31,38001,51,0.37
31,40001,51,0.31
31,42001,51,0.38
31,44001,51,0.35
31,46001,51,0.34
31,48001,51,0.37
31,50001,51,0.34
31,52001,51,0.38
31,54001,51,0.39
31,56001,51,0.34
31,58001,51,0.35
31,60001,51,0.37
31,62001,51,0.34
31,64001,51,0.35
31,65535,51,0.34
31,1,61,0.41
31,2001,61,0.33
31,4001,61,0.38
31,6001,61,0.33
31,8001,61,0.34
31,10001,61,0.32
31,12001,61,0.44
31,14001,61,0.36
31,16001,61,0.45
31,18001,61,0.34
31,20001,61,0.25
31,22001,61,0.25
31,24001,61,0.28
31,26001,61,0.32
31,28001,61,0.29
31,30001,61,0.28
31,32001,61,0.34
31,34001,61,0.34
31,36001,61,0.36
31,38001,61,0.34
31,40001,61,0.31
31,42001,61,0.39
31,44001,61,0.37
31,46001,61,0.36
31,48001,61,0.37
31,50001,61,0.34
31,52001,61,0.41
31,54001,61,0.39
31,56001,61,0.33
31,58001,61,0.36
31,60001,61,0.36
31,62001,61,0.34
31,64001,61,0.34
31,65535,61,0.33
31,1,71,0.36
31,2001,71,0.33
31,4001,71,0.38
31,6001,71,0.36
31,8001,71,0.38
31,10001,71,0.33
31,12001,71,0.39
31,14001,71,0.34
31,16001,71,0.4
31,18001,71,0.34
31,20001,71,0.25
31,22001,71,0.27
31,24001,71,0.27
31,26001,71,0.28
31,28001,71,0.27
31,30001,71,0.28
31,32001,71,0.33
31,34001,71,0.34
31,36001,71,0.34
31,38001,71,0.32
31,40001,71,0.31
31,42001,71,0.37
31,44001,71,0.35
31,46001,71,0.36
31,48001,71,0.37
31,50001,71,0.37
31,52001,71,0.38
31,54001,71,0.38
31,56001,71,0.33
31,58001,71,0.31
31,60001,71,0.36
31,62001,71,0.3
31,64001,71,0.32
31,65535,71,0.32
31,1,81,0.31
31,2001,81,0.33
31,4001,81,0.38
31,6001,81,0.4
31,8001,81,0.42
31,10001,81,0.35
31,12001,81,0.34
31,14001,81,0.33
31,16001,81,0.36
31,18001,81,0.34
31,20001,81,0.25
31,22001,81,0.28
31,24001,81,0.25
31,26001,81,0.24
31,28001,81,0.24
31,30001,81,0.28
31,32001,81,0.31
31,34001,81,0.34
31,36001,81,0.32
31,38001,81,0.31
31,40001,81,0.31
31,42001,81,0.35
31,44001,81,0.34
31,46001,81,0.36
31,48001,81,0.37
31,50001,81,0.4
31,52001,81,0.35
31,54001,81,0.36
31,56001,81,0.32
31,58001,81,0.27
31,60001,81,0.36
31,62001,81,0.27
31,64001,81,0.3
31,65535,81,0.32
31,1,91,0.28
31,2001,91,0.33
31,4001,91,0.37
31,6001,91,0.4
31,8001,91,0.42
31,10001,91,0.36
31,12001,91,0.32
31,14001,91,0.32
31,16001,91,0.33
31,18001,91,0.33
31,20001,91,0.25
31,22001,91,0.28
31,24001,91,0.24
31,26001,91,0.2
31,28001,91,0.22
31,30001,91,0.27
31,32001,91,0.3
31,34001,91,0.33
31,36001,91,0.3
31,38001,91,0.3
31,40001,91,0.32
31,42001,91,0.34
31,44001,91,0.33
31,46001,91,0.36
31,48001,91,0.37
31,50001,91,0.41
31,52001,91,0.32
31,54001,91,0.34
31,56001,91,0.31
31,58001,91,0.22
31,60001,91,0.35
31,62001,91,0.24
31,64001,91,0.29
31,65535,91,0.31
31,1,101,0.25
31,2001,101,0.31
31,4001,101,0.36
31,6001,101,0.39
31,8001,101,0.41
31,10001,101,0.37
31,12001,101,0.32
31,14001,101,0.3
31,16001,101,0.31
31,18001,101,0.31
31,20001,101,0.25
31,22001,101,0.28
31,24001,101,0.23
31,26001,101,0.18
31,28001,101,0.22
31,30001,101,0.24
31,32001,101,0.31
31,34001,101,0.31
31,36001,101,0.3
31,38001,101,0.29
31,40001,101,0.32
31,42001,101,0.34
31,44001,101,0.34
31,46001,101,0.36
31,48001,101,0.36
31,50001,101,0.4
31,52001,101,0.3
31,54001,101,0.32
31,56001,101,0.3
31,58001,101,0.19
31,60001,101,0.33
31,62001,101,0.24
31,64001,101,0.27
31,65535,101,0.32
31,1,111,0.23
31,2001,111,0.3
31,4001,111,0.34
31,6001,111,0.37
31,8001,111,0.39
31,10001,111,0.38
31,12001,111,0.32
31,14001,111,0.29
31,16001,111,0.3
31,18001,111,0.29
31,20001,111,0.25
31,22001,111,0.28
31,24001,111,0.23
31,26001,111,0.18
31,28001,111,0.23
31,30001,111,0.21
31,32001,111,0.34
31,34001,111,0.29
31,36001,111,0.32
31,38001,111,0.29
31,40001,111,0.32
31,42001,111,0.33
31,44001,111,0.34
31,46001,111,0.36
31,48001,111,0.36
31,50001,111,0.39
31,52001,111,0.28
31,54001,111,0.31
31,56001,111,0.31
31,58001,111,0.19
31,60001,111,0.31
31,62001,111,0.27
31,64001,111,0.27
31,65535,111,0.32
31,1,121,0.2
31,2001,121,0.29
31,4001,121,0.33
31,6001,121,0.36
31,8001,121,0.37
31,10001,121,0.39
31,12001,121,0.32
31,14001,121,0.27
31,16001,121,0.29
31,18001,121,0.28
31,20001,121,0.25
31,22001,121,0.27
31,24001,121,0.23
31,26001,121,0.18
31,28001,121,0.25
31,30001,121,0.19
31,32001,121,0.36
31,34001,121,0.26
31,36001,121,0.34
31,38001,121,0.29
31,40001,121,0.32
31,42001,121,0.32
31,44001,121,0.34
31,46001,121,0.36
31,48001,121,0.36
31,50001,121,0.39
31,52001,121,0.26
31,54001,121,0.3
31,56001,121,0.31
31,58001,121,0.19
31,60001,121,0.29
31,62001,121,0.31
31,64001,121,0.27
31,65535,121,0.32
31,1,131,0.22
31,2001,131,0.28
31,4001,131,0.32
31,6001,131,0.32
31,8001,131,0.39
31,10001,131,0.39
31,12001,131,0.33
31,14001,131,0.27
31,16001,131,0.26
31,18001,131,0.29
31,20001,131,0.24
31,22001,131,0.26
31,24001,131,0.23
31,26001,131,0.19
31,28001,131,0.23
31,30001,131,0.19
31,32001,131,0.36
31,34001,131,0.25
31,36001,131,0.34
31,38001,131,0.29
31,40001,131,0.33
31,42001,131,0.32
31,44001,131,0.32
31,46001,131,0.35
31,48001,131,0.33
31,50001,131,0.37
31,52001,131,0.28
31,54001,131,0.29
31,56001,131,0.3
31,58001,131,0.19
31,60001,131,0.29
31,62001,131,0.27
31,64001,131,0.28
31,65535,131,0.29
31,1,141,0.23
31,2001,141,0.28
31,4001,141,0.32
31,6001,141,0.29
31,8001,141,0.4
31,10001,141,0.4
31,12001,141,0.35
31,14001,141,0.28
31,16001,141,0.24
31,18001,141,0.31
31,20001,141,0.23
31,22001,141,0.26
31,24001,141,0.23
31,26001,141,0.2
31,28001,141,0.22
31,30001,141,0.19
31,32001,141,0.35
31,34001,141,0.23
31,36001,141,0.34
31,38001,141,0.29
31,40001,141,0.35
31,42001,141,0.32
31,44001,141,0.3
31,46001,141,0.33
31,48001,141,0.31
31,50001,141,0.35
31,52001,141,0.29
31,54001,141,0.29
31,56001,141,0.28
31,58001,141,0.19
31,60001,141,0.29
31,62001,141,0.24
31,64001,141,0.28
31,65535,141,0.29
31,1,151,0.25
31,2001,151,0.27
31,4001,151,0.32
31,6001,151,0.29
31,8001,151,0.42
31,10001,151,0.41
31,12001,151,0.36
31,14001,151,0.28
31,16001,151,0.22
31,18001,151,0.32
31,20001,151,0.22
31,22001,151,0.25
31,24001,151,0.22
31,26001,151,0.22
31,28001,151,0.21
31,30001,151,0.19
31,32001,151,0.34
31,34001,151,0.22
31,36001,151,0.33
31,38001,151,0.28
31,40001,151,0.35
31,42001,151,0.32
31,44001,151,0.28
31,46001,151,0.31
31,48001,151,0.28
31,50001,151,0.34
31,52001,151,0.3
31,54001,151,0.29
31,56001,151,0.27
31,58001,151,0.19
31,60001,151,0.29
31,62001,151,0.21
31,64001,151,0.28
31,65535,151,0.27
31,1,161,0.26
31,2001,161,0.26
31,4001,161,0.31
31,6001,161,0.31
31,8001,161,0.41
31,10001,161,0.4
31,12001,161,0.36
31,14001,161,0.28
31,16001,161,0.2
31,18001,161,0.32
31,20001,161,0.21
31,22001,161,0.25
31,24001,161,0.19
31,26001,161,0.23
31,28001,161,0.21
31,30001,161,0.2
31,32001,161,0.33
31,34001,161,0.21
31,36001,161,0.33
31,38001,161,0.27
31,40001,161,0.33
31,42001,161,0.31
31,44001,161,0.27
31,46001,161,0.28
31,48001,161,0.26
31,50001,161,0.34
31,52001,161,0.31
31,54001,161,0.29
31,56001,161,0.26
31,58001,161,0.19
31,60001,161,0.28
31,62001,161,0.19
31,64001,161,0.29
31,65535,161,0.25
31,1,171,0.27
31,2001,171,0.24
31,4001,171,0.29
31,6001,171,0.34
31,8001,171,0.37
31,10001,171,0.37
31,12001,171,0.36
31,14001,171,0.28
31,16001,171,0.2
31,18001,171,0.32
31,20001,171,0.21
31,22001,171,0.27
31,24001,171,0.17
31,26001,171,0.24
31,28001,171,0.21
31,30001,171,0.21
31,32001,171,0.32
31,34001,171,0.21
31,36001,171,0.33
31,38001,171,0.25
31,40001,171,0.31
31,42001,171,0.3
31,44001,171,0.27
31,46001,171,0.25
31,48001,171,0.26
31,50001,171,0.33
31,52001,171,0.31
31,54001,171,0.29
31,56001,171,0.26
31,58001,171,0.19
31,60001,171,0.28
31,62001,171,0.17
31,64001,171,0.29
31,65535,171,0.24
31,1,181,0.28
31,2001,181,0.23
31,4001,181,0.27
31,6001,181,0.36
31,8001,181,0.34
31,10001,181,0.34
31,12001,181,0.37
31,14001,181,0.28
31,16001,181,0.2
31,18001,181,0.32
31,20001,181,0.21
31,22001,181,0.29
31,24001,181,0.15
31,26001,181,0.26
31,28001,181,0.22
31,30001,181,0.22
31,32001,181,0.3
31,34001,181,0.21
31,36001,181,0.32
31,38001,181,0.23
31,40001,181,0.29
31,42001,181,0.29
31,44001,181,0.27
31,46001,181,0.22
31,48001,181,0.26
31,50001,181,0.32
31,52001,181,0.32
31,54001,181,0.29
31,56001,181,0.26
31,58001,181,0.19
31,60001,181,0.28
31,62001,181,0.14
31,64001,181,0.29
31,65535,181,0.22
31,1,191,0.27
31,2001,191,0.23
31,4001,191,0.26
31,6001,191,0.36
31,8001,191,0.35
31,10001,191,0.35
31,12001,191,0.37
31,14001,191,0.27
31,16001,191,0.21
31,18001,191,0.32
31,20001,191,0.21
31,22001,191,0.29
31,24001,191,0.16
31,26001,191,0.24
31,28001,191,0.22
31,30001,191,0.23
31,32001,191,0.3
31,34001,191,0.21
31,36001,191,0.31
31,38001,191,0.24
31,40001,191,0.28
31,42001,191,0.29
31,44001,191,0.27
31,46001,191,0.23
31,48001,191,0.25
31,50001,191,0.31
31,52001,191,0.31
31,54001,191,0.29
31,56001,191,0.25
31,58001,191,0.2
31,60001,191,0.26
31,62001,191,0.16
31,64001,191,0.24
31,65535,191,0.22
31,1,201,0.25
31,2001,201,0.23
31,4001,201,0.25
31,6001,201,0.36
31,8001,201,0.37
31,10001,201,0.37
31,12001,201,0.37
31,14001,201,0.27
31,16001,201,0.22
31,18001,201,0.31
31,20001,201,0.21
31,22001,201,0.3
31,24001,201,0.17
31,26001,201,0.23
31,28001,201,0.23
31,30001,201,0.25
31,32001,201,0.3
31,34001,201,0.21
31,36001,201,0.3
31,38001,201,0.24
31,40001,201,0.27
31,42001,201,0.29
31,44001,201,0.27
31,46001,201,0.25
31,48001,201,0.23
31,50001,201,0.29
31,52001,201,0.3
31,54001,201,0.29
31,56001,201,0.24
31,58001,201,0.2
31,60001,201,0.25
31,62001,201,0.18
31,64001,201,0.19
31,65535,201,0.21
31,1,211,0.24
31,2001,211,0.22
31,4001,211,0.24
31,6001,211,0.34
31,8001,211,0.32
31,10001,211,0.36
31,12001,211,0.36
31,14001,211,0.26
31,16001,211,0.23
31,18001,211,0.3
31,20001,211,0.21
31,22001,211,0.31
31,24001,211,0.18
31,26001,211,0.23
31,28001,211,0.23
31,30001,211,0.23
31,32001,211,0.3
31,34001,211,0.2
31,36001,211,0.29
31,38001,211,0.24
31,40001,211,0.26
31,42001,211,0.29
31,44001,211,0.26
31,46001,211,0.24
31,48001,211,0.21
31,50001,211,0.27
31,52001,211,0.29
31,54001,211,0.29
31,56001,211,0.24
31,58001,211,0.2
31,60001,211,0.24
31,62001,211,0.2
31,64001,211,0.14
31,65535,211,0.21
31,1,221,0.22
31,2001,221,0.22
31,4001,221,0.23
31,6001,221,0.32
31,8001,221,0.23
31,10001,221,0.34
31,12001,221,0.33
31,14001,221,0.26
31,16001,221,0.25
31,18001,221,0.3
31,20001,221,0.2
31,22001,221,0.3
31,24001,221,0.2
31,26001,221,0.23
31,28001,221,0.24
31,30001,221,0.19
31,32001,221,0.29
31,34001,221,0.2
31,36001,221,0.27
31,38001,221,0.26
31,40001,221,0.26
31,42001,221,0.27
31,44001,221,0.25
31,46001,221,0.23
31,48001,221,0.18
31,50001,221,0.26
31,52001,221,0.29
31,54001,221,0.3
31,56001,221,0.24
31,58001,221,0.2
31,60001,221,0.24
31,62001,221,0.22
31,64001,221,0.11
31,65535,221,0.2
31,1,231,0.21
31,2001,231,0.22
31,4001,231,0.23
31,6001,231,0.29
31,8001,231,0.13
31,10001,231,0.32
31,12001,231,0.31
31,14001,231,0.27
31,16001,231,0.29
31,18001,231,0.3
31,20001,231,0.2
31,22001,231,0.29
31,24001,231,0.24
31,26001,231,0.24
31,28001,231,0.26
31,30001,231,0.15
31,32001,231,0.25
31,34001,231,0.2
31,36001,231,0.23
31,38001,231,0.3
31,40001,231,0.27
31,42001,231,0.26
31,44001,231,0.24
31,46001,231,0.22
31,48001,231,0.15
31,50001,231,0.26
31,52001,231,0.29
31,54001,231,0.33
31,56001,231,0.24
31,58001,231,0.2
31,60001,231,0.23
31,62001,231,0.22
31,64001,231,0.11
31,65535,231,0.2
31,1,241,0.2
31,2001,241,0.21
31,4001,241,0.23
31,6001,241,0.26
31,8001,241,0.04
31,10001,241,0.29
31,12001,241,0.29
31,14001,241,0.29
31,16001,241,0.32
31,18001,241,0.3
31,20001,241,0.2
31,22001,241,0.28
31,24001,241,0.27
31,26001,241,0.25
31,28001,241,0.27
31,30001,241,0.11
31,32001,241,0.22
31,34001,241,0.2
31,36001,241,0.2
31,38001,241,0.33
31,40001,241,0.29
31,42001,241,0.25
31,44001,241,0.23
31,46001,241,0.2
31,48001,241,0.13
31,50001,241,0.26
31,52001,241,0.3
31,54001,241,0.37
31,56001,241,0.25
31,58001,241,0.2
31,60001,241,0.23
31,62001,241,0.22
31,64001,241,0.11
31,65535,241,0.2
31,1,251,0.17
31,2001,251,0.14
31,4001,251,0.26
31,6001,251,0.27
31,8001,251,0.21
31,10001,251,0.24
31,12001,251,0.28
31,14001,251,0.23
31,16001,251,0.22
31,18001,251,0.25
31,20001,251,0.22
31,22001,251,0.23
31,24001,251,0.19
31,26001,251,0.13
31,28001,251,0.22
31,30001,251,0.08
31,32001,251,0.19
31,34001,251,0.21
31,36001,251,0.23
31,38001,251,0.23
31,40001,251,0.21
31,42001,251,0.25
31,44001,251,0.2
31,46001,251,0.23
31,48001,251,0.08
31,50001,251,0.22
31,52001,251,0.2
31,54001,251,0.28
31,56001,251,0.27
31,58001,251,0.24
31,60001,251,0.24
31,62001,251,0.16
31,64001,251,0.15
31,65535,251,0.19
31,1,254,0.19
31,2001,254,0.14
31,4001,254,0.24
31,6001,254,0.27
31,8001,254,0.29
31,10001,254,0.22
31,12001,254,0.3
31,14001,254,0.22
31,16001,254,0.22
31,18001,254,0.25
31,20001,254,0.22
31,22001,254,0.23
31,24001,254,0.19
31,26001,254,0.13
31,28001,254,0.22
31,30001,254,0.06
31,32001,254,0.19
31,34001,254,0.24
31,36001,254,0.23
31,38001,254,0.22
31,40001,254,0.22
31,42001,254,0.25
31,44001,254,0.2
31,46001,254,0.24
31,48001,254,0.05
31,50001,254,0.22
31,52001,254,0.17
31,54001,254,0.28
31,56001,254,0.26
31,58001,254,0.26
31,60001,254,0.21
31,62001,254,0.11
31,64001,254,0.2
31,65535,254,0.2
41,1,1,0.44
41,2001,1,0.41
41,4001,1,0.49
41,6001,1,0.42
41,8001,1,0.5
41,10001,1,0.46
41,12001,1,0.48
41,14001,1,0.48
41,16001,1,0.42
41,18001,1,0.43
41,20001,1,0.42
41,22001,1,0.46
41,24001,1,0.42
41,26001,1,0.4
41,28001,1,0.42
41,30001,1,0.48
41,32001,1,0.44
41,34001,1,0.46
41,36001,1,0.43
41,38001,1,0.44
41,40001,1,0.43
41,42001,1,0.43
41,44001,1,0.42
41,46001,1,0.44
41,48001,1,0.45
41,50001,1,0.42
41,52001,1,0.42
41,54001,1,0.43
41,56001,1,0.43
41,58001,1,0.42
41,60001,1,0.43
41,62001,1,0.44
41,64001,1,0.43
41,65535,1,0.45
41,1,11,0.43
41,2001,11,0.42
41,4001,11,0.48
41,6001,11,0.42
41,8001,11,0.49
41,10001,11,0.44
41,12001,11,0.48
41,14001,11,0.47
41,16001,11,0.42
41,18001,11,0.43
41,20001,11,0.41
41,22001,11,0.45
41,24001,11,0.42
41,26001,11,0.41
41,28001,11,0.41
41,30001,11,0.46
41,32001,11,0.43
41,34001,11,0.46
41,36001,11,0.45
41,38001,11,0.45
41,40001,11,0.43
41,42001,11,0.43
41,44001,11,0.42
41,46001,11,0.44
41,48001,11,0.45
41,50001,11,0.43
41,52001,11,0.42
41,54001,11,0.45
41,56001,11,0.43
41,58001,11,0.42
41,60001,11,0.46
41,62001,11,0.44
41,64001,11,0.45
41,65535,11,0.45
41,1,21,0.42
41,2001,21,0.42
41,4001,21,0.48
41,6001,21,0.43
41,8001,21,0.49
41,10001,21,0.43
41,12001,21,0.48
41,14001,21,0.47
41,16001,21,0.43
41,18001,21,0.43
41,20001,21,0.39
41,22001,21,0.43
41,24001,21,0.42
41,26001,21,0.42
41,28001,21,0.4
41,30001,21,0.44
41,32001,21,0.42
41,34001,21,0.46
41,36001,21,0.45
41,38001,21,0.46
41,40001,21,0.43
41,42001,21,0.44
41,44001,21,0.43
41,46001,21,0.43
41,48001,21,0.45
41,50001,21,0.43
41,52001,21,0.43
41,54001,21,0.46
41,56001,21,0.43
41,58001,21,0.43
41,60001,21,0.46
41,62001,21,0.44
41,64001,21,0.45
41,65535,21,0.46
41,1,31,0.41
41,2001,31,0.42
41,4001,31,0.48
41,6001,31,0.43
41,8001,31,0.48
41,10001,31,0.42
41,12001,31,0.48
41,14001,31,0.46
41,16001,31,0.44
41,18001,31,0.43
41,20001,31,0.38
41,22001,31,0.41
41,24001,31,0.41
41,26001,31,0.43
41,28001,31,0.4
41,30001,31,0.43
41,32001,31,0.41
41,34001,31,0.46
41,36001,31,0.45
41,38001,31,0.47
41,40001,31,0.42
41,42001,31,0.45
41,44001,31,0.43
41,46001,31,0.43
41,48001,31,0.46
41,50001,31,0.44
41,52001,31,0.44
41,54001,31,0.46
41,56001,31,0.42
41,58001,31,0.45
41,60001,31,0.45
41,62001,31,0.45
41,64001,31,0.44
41,65535,31,0.45
41,1,41,0.4
41,2001,41,0.43
41,4001,41,0.47
41,6001,41,0.43
41,8001,41,0.48
41,10001,41,0.4
41,12001,41,0.47
41,14001,41,0.46
41,16001,41,0.44
41,18001,41,0.43
41,20001,41,0.37
41,22001,41,0.39
41,24001,41,0.4
41,26001,41,0.44
41,28001,41,0.39
41,30001,41,0.41
41,32001,41,0.4
41,34001,41,0.46
41,36001,41,0.45
41,38001,41,0.48
41,40001,41,0.42
41,42001,41,0.46
41,44001,41,0.44
41,46001,41,0.43
41,48001,41,0.46
41,50001,41,0.44
41,52001,41,0.44
41,54001,41,0.46
41,56001,41,0.42
41,58001,41,0.46
41,60001,41,0.44
41,62001,41,0.45
41,64001,41,0.43
41,65535,41,0.44
41,1,51,0.4
41,2001,51,0.43
41,4001,51,0.47
41,6001,51,0.44
41,8001,51,0.47
41,10001,51,0.39
41,12001,51,0.48
41,14001,51,0.45
41,16001,51,0.46
41,18001,51,0.43
41,20001,51,0.35
41,22001,51,0.37
41,24001,51,0.39
41,26001,51,0.44
41,28001,51,0.38
41,30001,51,0.39
41,32001,51,0.4
41,34001,51,0.46
41,36001,51,0.45
41,38001,51,0.48
41,40001,51,0.41
41,42001,51,0.47
41,44001,51,0.44
41,46001,51,0.43
41,48001,51,0.46
41,50001,51,0.45
41,52001,51,0.45
41,54001,51,0.46
41,56001,51,0.42
41,58001,51,0.47
41,60001,51,0.43
41,62001,51,0.45
41,64001,51,0.43
41,65535,51,0.43
41,1,61,0.45
41,2001,61,0.41
41,4001,61,0.47
41,6001,61,0.44
41,8001,61,0.46
41,10001,61,0.39
41,12001,61,0.49
41,14001,61,0.45
41,16001,61,0.51
41,18001,61,0.43
41,20001,61,0.34
41,22001,61,0.34
41,24001,61,0.38
41,26001,61,0.42
41,28001,61,0.38
41,30001,61,0.38
41,32001,61,0.41
41,34001,61,0.46
41,36001,61,0.44
41,38001,61,0.45
41,40001,61,0.41
41,42001,61,0.48
41,44001,61,0.46
41,46001,61,0.44
41,48001,61,0.46
41,50001,61,0.45
41,52001,61,0.48
41,54001,61,0.46
41,56001,61,0.41
41,58001,61,0.48
41,60001,61,0.42
41,62001,61,0.45
41,64001,61,0.42
41,65535,61,0.41
41,1,71,0.4
41,2001,71,0.41
41,4001,71,0.47
41,6001,71,0.47
41,8001,71,0.49
41,10001,71,0.41
41,12001,71,0.44
41,14001,71,0.44
41,16001,71,0.46
41,18001,71,0.43
41,20001,71,0.34
41,22001,71,0.35
41,24001,71,0.36
41,26001,71,0.39
41,28001,71,0.36
41,30001,71,0.38
41,32001,71,0.4
41,34001,71,0.46
41,36001,71,0.43
41,38001,71,0.44
41,40001,71,0.41
41,42001,71,0.47
41,44001,71,0.44
41,46001,71,0.44
41,48001,71,0.46
41,50001,71,0.48
41,52001,71,0.45
41,54001,71,0.44
41,56001,71,0.4
41,58001,71,0.43
41,60001,71,0.42
41,62001,71,0.42
41,64001,71,0.4
41,65535,71,0.41
41,1,81,0.37
41,2001,81,0.4
41,4001,81,0.46
41,6001,81,0.47
41,8001,81,0.49
41,10001,81,0.42
41,12001,81,0.43
41,14001,81,0.42
41,16001,81,0.44
41,18001,81,0.41
41,20001,81,0.34
41,22001,81,0.35
41,24001,81,0.35
41,26001,81,0.35
41,28001,81,0.34
41,30001,81,0.35
41,32001,81,0.39
41,34001,81,0.44
41,36001,81,0.41
41,38001,81,0.42
41,40001,81,0.41
41,42001,81,0.46
41,44001,81,0.44
41,46001,81,0.45
41,48001,81,0.46
41,50001,81,0.48
41,52001,81,0.43
41,54001,81,0.43
41,56001,81,0.4
41,58001,81,0.39
41,60001,81,0.4
41,62001,81,0.38
41,64001,81,0.38
41,65535,81,0.4
41,1,91,0.35
41,2001,91,0.39
41,4001,91,0.44
41,6001,91,0.45
41,8001,91,0.47
41,10001,91,0.43
41,12001,91,0.43
41,14001,91,0.4
41,16001,91,0.42
41,18001,91,0.39
41,20001,91,0.34
41,22001,91,0.34
41,24001,91,0.33
41,26001,91,0.31
41,28001,91,0.32
41,30001,91,0.33
41,32001,91,0.38
41,34001,91,0.42
41,36001,91,0.39
41,38001,91,0.41
41,40001,91,0.42
41,42001,91,0.45
41,44001,91,0.45
41,46001,91,0.45
41,48001,91,0.46
41,50001,91,0.47
41,52001,91,0.41
41,54001,91,0.41
41,56001,91,0.39
41,58001,91,0.34
41,60001,91,0.38
41,62001,91,0.35
41,64001,91,0.37
41,65535,91,0.4
41,1,101,0.32
41,2001,101,0.37
41,4001,101,0.43
41,6001,101,0.44
41,8001,101,0.46
41,10001,101,0.44
41,12001,101,0.43
41,14001,101,0.39
41,16001,101,0.41
41,18001,101,0.37
41,20001,101,0.34
41,22001,101,0.34
41,24001,101,0.32
41,26001,101,0.27
41,28001,101,0.3
41,30001,101,0.3
41,32001,101,0.37
41,34001,101,0.4
41,36001,101,0.37
41,38001,101,0.4
41,40001,101,0.42
41,42001,101,0.45
41,44001,101,0.45
41,46001,101,0.45
41,48001,101,0.45
41,50001,101,0.46
41,52001,101,0.39
41,54001,101,0.39
41,56001,101,0.38
41,58001,101,0.29
41,60001,101,0.36
41,62001,101,0.32
41,64001,101,0.35
41,65535,101,0.39
41,1,111,0.3
41,2001,111,0.36
41,4001,111,0.41
41,6001,111,0.42
41,8001,111,0.44
41,10001,111,0.45
41,12001,111,0.43
41,14001,111,0.38
41,16001,111,0.4
41,18001,111,0.36
41,20001,111,0.34
41,22001,111,0.34
41,24001,111,0.3
41,26001,111,0.24
41,28001,111,0.28
41,30001,111,0.27
41,32001,111,0.36
41,34001,111,0.37
41,36001,111,0.36
41,38001,111,0.39
41,40001,111,0.42
41,42001,111,0.44
41,44001,111,0.45
41,46001,111,0.45
41,48001,111,0.45
41,50001,111,0.46
41,52001,111,0.37
41,54001,111,0.37
41,56001,111,0.37
41,58001,111,0.26
41,60001,111,0.34
41,62001,111,0.3
41,64001,111,0.33
41,65535,111,0.38
41,1,121,0.27
41,2001,121,0.35
41,4001,121,0.4
41,6001,121,0.41
41,8001,121,0.42
41,10001,121,0.45
41,12001,121,0.42
41,14001,121,0.36
41,16001,121,0.38
41,18001,121,0.34
41,20001,121,0.34
41,22001,121,0.33
41,24001,121,0.3
41,26001,121,0.24
41,28001,121,0.3
41,30001,121,0.25
41,32001,121,0.39
41,34001,121,0.35
41,36001,121,0.38
41,38001,121,0.39
41,40001,121,0.42
41,42001,121,0.43
41,44001,121,0.46
41,46001,121,0.45
41,48001,121,0.45
41,50001,121,0.45
41,52001,121,0.35
41,54001,121,0.36
41,56001,121,0.37
41,58001,121,0.26
41,60001,121,0.32
41,62001,121,0.34
41,64001,121,0.33
41,65535,121,0.38
41,1,131,0.29
41,2001,131,0.34
41,4001,131,0.39
41,6001,131,0.37
41,8001,131,0.44
41,10001,131,0.46
41,12001,131,0.44
41,14001,131,0.36
41,16001,131,0.36
41,18001,131,0.36
41,20001,131,0.32
41,22001,131,0.32
41,24001,131,0.3
41,26001,131,0.25
41,28001,131,0.28
41,30001,131,0.25
41,32001,131,0.39
41,34001,131,0.34
41,36001,131,0.38
41,38001,131,0.39
41,40001,131,0.44
41,42001,131,0.43
41,44001,131,0.44
41,46001,131,0.44
41,48001,131,0.42
41,50001,131,0.43
41,52001,131,0.37
41,54001,131,0.35
41,56001,131,0.36
41,58001,131,0.26
41,60001,131,0.32
41,62001,131,0.3
41,64001,131,0.34
41,65535,131,0.36
41,1,141,0.3
41,2001,141,0.34
41,4001,141,0.39
41,6001,141,0.39
41,8001,141,0.45
41,10001,141,0.47
41,12001,141,0.44
41,14001,141,0.37
41,16001,141,0.34
41,18001,141,0.36
41,20001,141,0.31
41,22001,141,0.32
41,24001,141,0.29
41,26001,141,0.26
41,28001,141,0.28
41,30001,141,0.25
41,32001,141,0.38
41,34001,141,0.32
41,36001,141,0.38
41,38001,141,0.38
41,40001,141,0.43
41,42001,141,0.43
41,44001,141,0.42
41,46001,141,0.41
41,48001,141,0.4
41,50001,141,0.42
41,52001,141,0.37
41,54001,141,0.35
41,56001,141,0.35
41,58001,141,0.26
41,60001,141,0.32
41,62001,141,0.28
41,64001,141,0.34
41,65535,141,0.37
41,1,151,0.31
41,2001,151,0.33
41,4001,151,0.39
41,6001,151,0.41
41,8001,151,0.47
41,10001,151,0.47
41,12001,151,0.45
41,14001,151,0.37
41,16001,151,0.31
41,18001,151,0.36
41,20001,151,0.3
41,22001,151,0.31
41,24001,151,0.26
41,26001,151,0.28
41,28001,151,0.28
41,30001,151,0.26
41,32001,151,0.37
41,34001,151,0.31
41,36001,151,0.37
41,38001,151,0.36
41,40001,151,0.41
41,42001,151,0.42
41,44001,151,0.4
41,46001,151,0.38
41,48001,151,0.37
41,50001,151,0.42
41,52001,151,0.38
41,54001,151,0.35
41,56001,151,0.34
41,58001,151,0.26
41,60001,151,0.31
41,62001,151,0.26
41,64001,151,0.34
41,65535,151,0.35
41,1,161,0.32
41,2001,161,0.33
41,4001,161,0.38
41,6001,161,0.43
41,8001,161,0.48
41,10001,161,0.48
41,12001,161,0.45
41,14001,161,0.37
41,16001,161,0.29
41,18001,161,0.36
41,20001,161,0.29
41,22001,161,0.3
41,24001,161,0.24
41,26001,161,0.29
41,28001,161,0.28
41,30001,161,0.27
41,32001,161,0.37
41,34001,161,0.29
41,36001,161,0.37
41,38001,161,0.35
41,40001,161,0.39
41,42001,161,0.41
41,44001,161,0.38
41,46001,161,0.35
41,48001,161,0.34
41,50001,161,0.41
41,52001,161,0.38
41,54001,161,0.35
41,56001,161,0.33
41,58001,161,0.26
41,60001,161,0.31
41,62001,161,0.24
41,64001,161,0.35
41,65535,161,0.32
41,1,171,0.33
41,2001,171,0.32
41,4001,171,0.38
41,6001,171,0.46
41,8001,171,0.49
41,10001,171,0.48
41,12001,171,0.45
41,14001,171,0.38
41,16001,171,0.27
41,18001,171,0.36
41,20001,171,0.28
41,22001,171,0.3
41,24001,171,0.22
41,26001,171,0.3
41,28001,171,0.29
41,30001,171,0.28
41,32001,171,0.36
41,34001,171,0.28
41,36001,171,0.37
41,38001,171,0.33
41,40001,171,0.37
41,42001,171,0.4
41,44001,171,0.36
41,46001,171,0.32
41,48001,171,0.32
41,50001,171,0.4
41,52001,171,0.39
41,54001,171,0.35
41,56001,171,0.32
41,58001,171,0.26
41,60001,171,0.31
41,62001,171,0.21
41,64001,171,0.35
41,65535,171,0.3
41,1,181,0.35
41,2001,181,0.3
41,4001,181,0.36
41,6001,181,0.48
41,8001,181,0.45
41,10001,181,0.45
41,12001,181,0.46
41,14001,181,0.38
41,16001,181,0.27
41,18001,181,0.36
41,20001,181,0.28
41,22001,181,0.32
41,24001,181,0.2
41,26001,181,0.31
41,28001,181,0.29
41,30001,181,0.29
41,32001,181,0.34
41,34001,181,0.28
41,36001,181,0.36
41,38001,181,0.31
41,40001,181,0.36
41,42001,181,0.39
41,44001,181,0.36
41,46001,181,0.29
41,48001,181,0.32
41,50001,181,0.4
41,52001,181,0.39
41,54001,181,0.35
41,56001,181,0.31
41,58001,181,0.26
41,60001,181,0.3
41,62001,181,0.19
41,64001,181,0.35
41,65535,181,0.29
41,1,191,0.33
41,2001,191,0.3
41,4001,191,0.35
41,6001,191,0.48
41,8001,191,0.46
41,10001,191,0.46
41,12001,191,0.46
41,14001,191,0.37
41,16001,191,0.28
41,18001,191,0.36
41,20001,191,0.28
41,22001,191,0.32
41,24001,191,0.21
41,26001,191,0.3
41,28001,191,0.29
41,30001,191,0.3
41,32001,191,0.34
41,34001,191,0.28
41,36001,191,0.35
41,38001,191,0.32
41,40001,191,0.34
41,42001,191,0.39
41,44001,191,0.36
41,46001,191,0.3
41,48001,191,0.31
41,50001,191,0.38
41,52001,191,0.39
41,54001,191,0.35
41,56001,191,0.31
41,58001,191,0.26
41,60001,191,0.29
41,62001,191,0.21
41,64001,191,0.3
41,65535,191,0.28
41,1,201,0.32
41,2001,201,0.3
41,4001,201,0.34
41,6001,201,0.46
41,8001,201,0.39
41,10001,201,0.45
41,12001,201,0.44
41,14001,201,0.36
41,16001,201,0.29
41,18001,201,0.35
41,20001,201,0.28
41,22001,201,0.33
41,24001,201,0.22
41,26001,201,0.3
41,28001,201,0.3
41,30001,201,0.28
41,32001,201,0.34
41,34001,201,0.28
41,36001,201,0.34
41,38001,201,0.32
41,40001,201,0.33
41,42001,201,0.38
41,44001,201,0.35
41,46001,201,0.3
41,48001,201,0.28
41,50001,201,0.36
41,52001,201,0.38
41,54001,201,0.35
41,56001,201,0.3
41,58001,201,0.26
41,60001,201,0.28
41,62001,201,0.23
41,64001,201,0.25
41,65535,201,0.28
41,1,211,0.3
41,2001,211,0.3
41,4001,211,0.33
41,6001,211,0.43
41,8001,211,0.3
41,10001,211,0.43
41,12001,211,0.42
41,14001,211,0.35
41,16001,211,0.3
41,18001,211,0.35
41,20001,211,0.27
41,22001,211,0.34
41,24001,211,0.24
41,26001,211,0.31
41,28001,211,0.3
41,30001,211,0.24
41,32001,211,0.34
41,34001,211,0.28
41,36001,211,0.33
41,38001,211,0.32
41,40001,211,0.32
41,42001,211,0.37
41,44001,211,0.34
41,46001,211,0.28
41,48001,211,0.25
41,50001,211,0.35
41,52001,211,0.37
41,54001,211,0.35
41,56001,211,0.29
41,58001,211,0.27
41,60001,211,0.28
41,62001,211,0.25
41,64001,211,0.2
41,65535,211,0.27
41,1,221,0.29
41,2001,221,0.29
41,4001,221,0.32
41,6001,221,0.41
41,8001,221,0.21
41,10001,221,0.41
41,12001,221,0.39
41,14001,221,0.34
41,16001,221,0.31
41,18001,221,0.34
41,20001,221,0.27
41,22001,221,0.34
41,24001,221,0.25
41,26001,221,0.31
41,28001,221,0.31
41,30001,221,0.2
41,32001,221,0.34
41,34001,221,0.27
41,36001,221,0.32
41,38001,221,0.33
41,40001,221,0.31
41,42001,221,0.35
41,44001,221,0.33
41,46001,221,0.27
41,48001,221,0.22
41,50001,221,0.33
41,52001,221,0.36
41,54001,221,0.35
41,56001,221,0.29
41,58001,221,0.27
41,60001,221,0.28
41,62001,221,0.27
41,64001,221,0.15
41,65535,221,0.26
41,1,231,0.28
41,2001,231,0.29
41,4001,231,0.31
41,6001,231,0.38
41,8001,231,0.11
41,10001,231,0.38
41,12001,231,0.37
41,14001,231,0.34
41,16001,231,0.32
41,18001,231,0.34
41,20001,231,0.27
41,22001,231,0.35
41,24001,231,0.26
41,26001,231,0.32
41,28001,231,0.32
41,30001,231,0.16
41,32001,231,0.33
41,34001,231,0.27
41,36001,231,0.3
41,38001,231,0.34
41,40001,231,0.3
41,42001,231,0.34
41,44001,231,0.32
41,46001,231,0.26
41,48001,231,0.2
41,50001,231,0.32
41,52001,231,0.35
41,54001,231,0.36
41,56001,231,0.28
41,58001,231,0.27
41,60001,231,0.27
41,62001,231,0.29
41,64001,231,0.12
41,65535,231,0.22
41,1,241,0.26
41,2001,241,0.28
41,4001,241,0.31
41,6001,241,0.35
41,8001,241,0.02
41,10001,241,0.36
41,12001,241,0.35
41,14001,241,0.35
41,16001,241,0.36
41,18001,241,0.33
41,20001,241,0.26
41,22001,241,0.33
41,24001,241,0.29
41,26001,241,0.33
41,28001,241,0.33
41,30001,241,0.12
41,32001,241,0.3
41,34001,241,0.27
41,36001,241,0.26
41,38001,241,0.37
41,40001,241,0.32
41,42001,241,0.33
41,44001,241,0.3
41,46001,241,0.24
41,48001,241,0.17
41,50001,241,0.31
41,52001,241,0.36
41,54001,241,0.39
41,56001,241,0.29
41,58001,241,0.27
41,60001,241,0.27
41,62001,241,0.29
41,64001,241,0.11
41,65535,241,0.22
41,1,251,0.2
41,2001,251,0.19
41,4001,251,0.3
41,6001,251,0.36
41,8001,251,0.24
41,10001,251,0.32
41,12001,251,0.32
41,14001,251,0.3
41,16001,251,0.29
41,18001,251,0.31
41,20001,251,0.29
41,22001,251,0.31
41,24001,251,0.26
41,26001,251,0.17
41,28001,251,0.29
41,30001,251,0.1
41,32001,251,0.26
41,34001,251,0.26
41,36001,251,0.28
41,38001,251,0.31
41,40001,251,0.29
41,42001,251,0.33
41,44001,251,0.27
41,46001,251,0.27
41,48001,251,0.1
41,50001,251,0.29
41,52001,251,0.26
41,54001,251,0.34
41,56001,251,0.33
41,58001,251,0.33
41,60001,251,0.3
41,62001,251,0.17
41,64001,251,0.22
41,65535,251,0.26
41,1,254,0.22
41,2001,254,0.18
41,4001,254,0.29
41,6001,254,0.36
41,8001,254,0.31
41,10001,254,0.3
41,12001,254,0.34
41,14001,254,0.29
41,16001,254,0.29
41,18001,254,0.31
41,20001,254,0.29
41,22001,254,0.3
41,24001,254,0.26
41,26001,254,0.17
41,28001,254,0.29
41,30001,254,0.08
41,32001,254,0.26
41,34001,254,0.28
41,36001,254,0.28
41,38001,254,0.3
41,40001,254,0.29
41,42001,254,0.33
41,44001,254,0.26
41,46001,254,0.28
41,48001,254,0.07
41,50001,254,0.29
41,52001,254,0.22
41,54001,254,0.34
41,56001,254,0.32
41,58001,254,0.35
41,60001,254,0.28
41,62001,254,0.11
41,64001,254,0.27
41,65535,254,0.27
51,1,1,0.55
51,2001,1,0.47
51,4001,1,0.57
51,6001,1,0.53
51,8001,1,0.6
51,10001,1,0.55
51,12001,1,0.55
51,14001,1,0.57
51,16001,1,0.52
51,18001,1,0.52
51,20001,1,0.5
51,22001,1,0.53
51,24001,1,0.53
51,26001,1,0.47
51,28001,1,0.52
51,30001,1,0.57
51,32001,1,0.55
51,34001,1,0.57
51,36001,1,0.54
51,38001,1,0.5
51,40001,1,0.54
51,42001,1,0.51
51,44001,1,0.52
51,46001,1,0.55
51,48001,1,0.54
51,50001,1,0.53
51,52001,1,0.52
51,54001,1,0.52
51,56001,1,0.51
51,58001,1,0.53
51,60001,1,0.54
51,62001,1,0.55
51,64001,1,0.54
51,65535,1,0.56
51,1,11,0.54
51,2001,11,0.47
51,4001,11,0.57
51,6001,11,0.53
51,8001,11,0.6
51,10001,11,0.54
51,12001,11,0.55
51,14001,11,0.56
51,16001,11,0.53
51,18001,11,0.52
51,20001,11,0.49
51,22001,11,0.51
51,24001,11,0.52
51,26001,11,0.48
51,28001,11,0.51
51,30001,11,0.55
51,32001,11,0.54
51,34001,11,0.57
51,36001,11,0.54
51,38001,11,0.51
51,40001,11,0.54
51,42001,11,0.52
51,44001,11,0.52
51,46001,11,0.55
51,48001,11,0.54
51,50001,11,0.54
51,52001,11,0.53
51,54001,11,0.52
51,56001,11,0.51
51,58001,11,0.54
51,60001,11,0.53
51,62001,11,0.55
51,64001,11,0.53
51,65535,11,0.55
51,1,21,0.53
51,2001,21,0.48
51,4001,21,0.57
51,6001,21,0.54
51,8001,21,0.59
51,10001,21,0.52
51,12001,21,0.55
51,14001,21,0.56
51,16001,21,0.53
51,18001,21,0.52
51,20001,21,0.47
51,22001,21,0.49
51,24001,21,0.51
51,26001,21,0.49
51,28001,21,0.51
51,30001,21,0.54
51,32001,21,0.53
51,34001,21,0.57
51,36001,21,0.54
51,38001,21,0.52
51,40001,21,0.53
51,42001,21,0.53
51,44001,21,0.53
51,46001,21,0.54
51,48001,21,0.54
51,50001,21,0.54
51,52001,21,0.53
51,54001,21,0.52
51,56001,21,0.5
51,58001,21,0.55
51,60001,21,0.52
51,62001,21,0.55
51,64001,21,0.53
51,65535,21,0.55
51,1,31,0.52
51,2001,31,0.48
51,4001,31,0.56
51,6001,31,0.54
51,8001,31,0.58
51,10001,31,0.51
51,12001,31,0.55
51,14001,31,0.55
51,16001,31,0.54
51,18001,31,0.52
51,20001,31,0.46
51,22001,31,0.48
51,24001,31,0.5
51,26001,31,0.5
51,28001,31,0.5
51,30001,31,0.52
51,32001,31,0.52
51,34001,31,0.57
51,36001,31,0.54
51,38001,31,0.53
51,40001,31,0.52
51,42001,31,0.54
51,44001,31,0.54
51,46001,31,0.54
51,48001,31,0.55
51,50001,31,0.55
51,52001,31,0.54
51,54001,31,0.52
51,56001,31,0.5
51,58001,31,0.56
51,60001,31,0.51
51,62001,31,0.56
51,64001,31,0.52
51,65535,31,0.53
51,1,41,0.51
51,2001,41,0.48
51,4001,41,0.56
51,6001,41,0.54
51,8001,41,0.58
51,10001,41,0.5
51,12001,41,0.54
51,14001,41,0.55
51,16001,41,0.55
51,18001,41,0.51
51,20001,41,0.45
51,22001,41,0.46
51,24001,41,0.49
51,26001,41,0.51
51,28001,41,0.49
51,30001,41,0.5
51,32001,41,0.51
51,34001,41,0.57
51,36001,41,0.53
51,38001,41,0.54
51,40001,41,0.52
51,42001,41,0.56
51,44001,41,0.54
51,46001,41,0.54
51,48001,41,0.55
51,50001,41,0.55
51,52001,41,0.55
51,54001,41,0.53
51,56001,41,0.5
51,58001,41,0.58
51,60001,41,0.5
51,62001,41,0.56
51,64001,41,0.51
51,65535,41,0.52
51,1,51,0.5
51,2001,51,0.49
51,4001,51,0.56
51,6001,51,0.55
51,8001,51,0.57
51,10001,51,0.48
51,12001,51,0.54
51,14001,51,0.55
51,16001,51,0.55
51,18001,51,0.51
51,20001,51,0.43
51,22001,51,0.44
51,24001,51,0.48
51,26001,51,0.52
51,28001,51,0.49
51,30001,51,0.49
51,32001,51,0.5
51,34001,51,0.57
51,36001,51,0.53
51,38001,51,0.55
51,40001,51,0.52
51,42001,51,0.57
51,44001,51,0.55
51,46001,51,0.53
51,48001,51,0.55
51,50001,51,0.56
51,52001,51,0.55
51,54001,51,0.53
51,56001,51,0.49
51,58001,51,0.59
51,60001,51,0.49
51,62001,51,0.56
51,64001,51,0.51
51,65535,51,0.51
51,1,61,0.49
51,2001,61,0.49
51,4001,61,0.56
51,6001,61,0.55
51,8001,61,0.57
51,10001,61,0.47
51,12001,61,0.54
51,14001,61,0.54
51,16001,61,0.56
51,18001,61,0.51
51,20001,61,0.42
51,22001,61,0.42
51,24001,61,0.47
51,26001,61,0.53
51,28001,61,0.48
51,30001,61,0.47
51,32001,61,0.49
51,34001,61,0.57
51,36001,61,0.53
51,38001,61,0.56
51,40001,61,0.51
51,42001,61,0.58
51,44001,61,0.55
51,46001,61,0.53
51,48001,61,0.55
51,50001,61,0.56
51,52001,61,0.56
51,54001,61,0.53
51,56001,61,0.49
51,58001,61,0.6
51,60001,61,0.48
51,62001,61,0.56
51,64001,61,0.5
51,65535,61,0.49
51,1,71,0.46
51,2001,71,0.48
51,4001,71,0.55
51,6001,71,0.54
51,8001,71,0.55
51,10001,71,0.48
51,12001,71,0.54
51,14001,71,0.52
51,16001,71,0.55
51,18001,71,0.49
51,20001,71,0.42
51,22001,71,0.42
51,24001,71,0.45
51,26001,71,0.49
51,28001,71,0.46
51,30001,71,0.44
51,32001,71,0.48
51,34001,71,0.55
51,36001,71,0.51
51,38001,71,0.55
51,40001,71,0.51
51,42001,71,0.57
51,44001,71,0.55
51,46001,71,0.53
51,48001,71,0.55
51,50001,71,0.55
51,52001,71,0.54
51,54001,71,0.51
51,56001,71,0.48
51,58001,71,0.55
51,60001,71,0.46
51,62001,71,0.53
51,64001,71,0.48
51,65535,71,0.49
51,1,81,0.44
51,2001,81,0.46
51,4001,81,0.53
51,6001,81,0.52
51,8001,81,0.54
51,10001,81,0.49
51,12001,81,0.54
51,14001,81,0.51
51,16001,81,0.53
51,18001,81,0.47
51,20001,81,0.42
51,22001,81,0.41
51,24001,81,0.44
51,26001,81,0.45
51,28001,81,0.44
51,30001,81,0.42
51,32001,81,0.47
51,34001,81,0.53
51,36001,81,0.49
51,38001,81,0.54
51,40001,81,0.52
51,42001,81,0.57
51,44001,81,0.56
51,46001,81,0.53
51,48001,81,0.55
51,50001,81,0.54
51,52001,81,0.52
51,54001,81,0.49
51,56001,81,0.47
51,58001,81,0.51
51,60001,81,0.44
51,62001,81,0.5
51,64001,81,0.46
51,65535,81,0.48
51,1,91,0.42
51,2001,91,0.45
51,4001,91,0.52
51,6001,91,0.5
51,8001,91,0.52
51,10001,91,0.5
51,12001,91,0.54
51,14001,91,0.5
51,16001,91,0.52
51,18001,91,0.46
51,20001,91,0.42
51,22001,91,0.4
51,24001,91,0.42
51,26001,91,0.42
51,28001,91,0.42
51,30001,91,0.39
51,32001,91,0.45
51,34001,91,0.5
51,36001,91,0.48
51,38001,91,0.52
51,40001,91,0.52
51,42001,91,0.56
51,44001,91,0.56
51,46001,91,0.54
51,48001,91,0.55
51,50001,91,0.54
51,52001,91,0.5
51,54001,91,0.48
51,56001,91,0.46
51,58001,91,0.46
51,60001,91,0.42
51,62001,91,0.46
51,64001,91,0.44
51,65535,91,0.48
51,1,101,0.39
51,2001,101,0.44
51,4001,101,0.5
51,6001,101,0.49
51,8001,101,0.5
51,10001,101,0.5
51,12001,101,0.53
51,14001,101,0.48
51,16001,101,0.51
51,18001,101,0.44
51,20001,101,0.42
51,22001,101,0.4
51,24001,101,0.41
51,26001,101,0.38
51,28001,101,0.39
51,30001,101,0.36
51,32001,101,0.44
51,34001,101,0.48
51,36001,101,0.46
51,38001,101,0.51
51,40001,101,0.52
51,42001,101,0.55
51,44001,101,0.56
51,46001,101,0.54
51,48001,101,0.54
51,50001,101,0.53
51,52001,101,0.48
51,54001,101,0.46
51,56001,101,0.46
51,58001,101,0.41
51,60001,101,0.39
51,62001,101,0.43
51,64001,101,0.43
51,65535,101,0.47
51,1,111,0.37
51,2001,111,0.42
51,4001,111,0.48
51,6001,111,0.48
51,8001,111,0.49
51,10001,111,0.51
51,12001,111,0.53
51,14001,111,0.46
51,16001,111,0.49
51,18001,111,0.42
51,20001,111,0.42
51,22001,111,0.4
51,24001,111,0.4
51,26001,111,0.34
51,28001,111,0.37
51,30001,111,0.34
51,32001,111,0.43
51,34001,111,0.46
51,36001,111,0.44
51,38001,111,0.5
51,40001,111,0.53
51,42001,111,0.55
51,44001,111,0.57
51,46001,111,0.54
51,48001,111,0.54
51,50001,111,0.52
51,52001,111,0.46
51,54001,111,0.44
51,56001,111,0.45
51,58001,111,0.37
51,60001,111,0.37
51,62001,111,0.4
51,64001,111,0.41
51,65535,111,0.45
51,1,121,0.34
51,2001,121,0.41
51,4001,121,0.47
51,6001,121,0.46
51,8001,121,0.47
51,10001,121,0.52
51,12001,121,0.53
51,14001,121,0.45
51,16001,121,0.48
51,18001,121,0.4
51,20001,121,0.42
51,22001,121,0.39
51,24001,121,0.38
51,26001,121,0.3
51,28001,121,0.35
51,30001,121,0.31
51,32001,121,0.42
51,34001,121,0.44
51,36001,121,0.42
51,38001,121,0.49
51,40001,121,0.53
51,42001,121,0.54
51,44001,121,0.57
51,46001,121,0.54
51,48001,121,0.54
51,50001,121,0.51
51,52001,121,0.44
51,54001,121,0.42
51,56001,121,0.44
51,58001,121,0.32
51,60001,121,0.35
51,62001,121,0.37
51,64001,121,0.39
51,65535,121,0.44
51,1,131,0.35
51,2001,131,0.4
51,4001,131,0.47
51,6001,131,0.48
51,8001,131,0.48
51,10001,131,0.53
51,12001,131,0.53
51,14001,131,0.45
51,16001,131,0.46
51,18001,131,0.4
51,20001,131,0.41
51,22001,131,0.38
51,24001,131,0.36
51,26001,131,0.31
51,28001,131,0.35
51,30001,131,0.32
51,32001,131,0.41
51,34001,131,0.43
51,36001,131,0.42
51,38001,131,0.47
51,40001,131,0.51
51,42001,131,0.53
51,44001,131,0.55
51,46001,131,0.51
51,48001,131,0.51
51,50001,131,0.5
51,52001,131,0.44
51,54001,131,0.42
51,56001,131,0.43
51,58001,131,0.32
51,60001,131,0.35
51,62001,131,0.35
51,64001,131,0.39
51,65535,131,0.44
51,1,141,0.36
51,2001,141,0.4
51,4001,141,0.46
51,6001,141,0.51
51,8001,141,0.5
51,10001,141,0.53
51,12001,141,0.54
51,14001,141,0.46
51,16001,141,0.43
51,18001,141,0.4
51,20001,141,0.4
51,22001,141,0.38
51,24001,141,0.34
51,26001,141,0.32
51,28001,141,0.35
51,30001,141,0.33
51,32001,141,0.41
51,34001,141,0.41
51,36001,141,0.41
51,38001,141,0.46
51,40001,141,0.49
51,42001,141,0.52
51,44001,141,0.53
51,46001,141,0.48
51,48001,141,0.49
51,50001,141,0.5
51,52001,141,0.45
51,54001,141,0.42
51,56001,141,0.42
51,58001,141,0.32
51,60001,141,0.34
51,62001,141,0.33
51,64001,141,0.4
51,65535,141,0.44
51,1,151,0.38
51,2001,151,0.4
51,4001,151,0.46
51,6001,151,0.53
51,8001,151,0.52
51,10001,151,0.54
51,12001,151,0.54
51,14001,151,0.46
51,16001,151,0.41
51,18001,151,0.4
51,20001,151,0.38
51,22001,151,0.37
51,24001,151,0.32
51,26001,151,0.34
51,28001,151,0.36
51,30001,151,0.34
51,32001,151,0.4
51,34001,151,0.4
51,36001,151,0.41
51,38001,151,0.44
51,40001,151,0.48
51,42001,151,0.52
51,44001,151,0.51
51,46001,151,0.45
51,48001,151,0.46
51,50001,151,0.49
51,52001,151,0.45
51,54001,151,0.42
51,56001,151,0.4
51,58001,151,0.32
51,60001,151,0.34
51,62001,151,0.3
51,64001,151,0.4
51,65535,151,0.42
51,1,161,0.39
51,2001,161,0.39
51,4001,161,0.46
51,6001,161,0.55
51,8001,161,0.53
51,10001,161,0.55
51,12001,161,0.54
51,14001,161,0.46
51,16001,161,0.39
51,18001,161,0.4
51,20001,161,0.37
51,22001,161,0.36
51,24001,161,0.29
51,26001,161,0.35
51,28001,161,0.36
51,30001,161,0.34
51,32001,161,0.39
51,34001,161,0.38
51,36001,161,0.41
51,38001,161,0.42
51,40001,161,0.46
51,42001,161,0.51
51,44001,161,0.49
51,46001,161,0.42
51,48001,161,0.43
51,50001,161,0.48
51,52001,161,0.46
51,54001,161,0.42
51,56001,161,0.39
51,58001,161,0.32
51,60001,161,0.34
51,62001,161,0.28
51,64001,161,0.4
51,65535,161,0.4
51,1,171,0.4
51,2001,171,0.38
51,4001,171,0.45
51,6001,171,0.58
51,8001,171,0.55
51,10001,171,0.55
51,12001,171,0.55
51,14001,171,0.47
51,16001,171,0.36
51,18001,171,0.4
51,20001,171,0.36
51,22001,171,0.36
51,24001,171,0.27
51,26001,171,0.36
51,28001,171,0.36
51,30001,171,0.35
51,32001,171,0.39
51,34001,171,0.36
51,36001,171,0.4
51,38001,171,0.41
51,40001,171,0.44
51,42001,171,0.5
51,44001,171,0.47
51,46001,171,0.39
51,48001,171,0.41
51,50001,171,0.48
51,52001,171,0.46
51,54001,171,0.42
51,56001,171,0.38
51,58001,171,0.32
51,60001,171,0.33
51,62001,171,0.26
51,64001,171,0.41
51,65535,171,0.37
51,1,181,0.41
51,2001,181,0.38
51,4001,181,0.45
51,6001,181,0.6
51,8001,181,0.56
51,10001,181,0.56
51,12001,181,0.55
51,14001,181,0.47
51,16001,181,0.34
51,18001,181,0.4
51,20001,181,0.35
51,22001,181,0.35
51,24001,181,0.25
51,26001,181,0.37
51,28001,181,0.36
51,30001,181,0.36
51,32001,181,0.38
51,34001,181,0.35
51,36001,181,0.4
51,38001,181,0.39
51,40001,181,0.42
51,42001,181,0.49
51,44001,181,0.45
51,46001,181,0.36
51,48001,181,0.38
51,50001,181,0.47
51,52001,181,0.47
51,54001,181,0.42
51,56001,181,0.37
51,58001,181,0.32
51,60001,181,0.33
51,62001,181,0.24
51,64001,181,0.41
51,65535,181,0.35
51,1,191,0.4
51,2001,191,0.38
51,4001,191,0.44
51,6001,191,0.57
51,8001,191,0.47
51,10001,191,0.54
51,12001,191,0.53
51,14001,191,0.46
51,16001,191,0.35
51,18001,191,0.4
51,20001,191,0.35
51,22001,191,0.36
51,24001,191,0.26
51,26001,191,0.38
51,28001,191,0.36
51,30001,191,0.32
51,32001,191,0.38
51,34001,191,0.35
51,36001,191,0.39
51,38001,191,0.39
51,40001,191,0.41
51,42001,191,0.48
51,44001,191,0.44
51,46001,191,0.35
51,48001,191,0.35
51,50001,191,0.45
51,52001,191,0.46
51,54001,191,0.42
51,56001,191,0.36
51,58001,191,0.32
51,60001,191,0.33
51,62001,191,0.26
51,64001,191,0.36
51,65535,191,0.34
51,1,201,0.38
51,2001,201,0.37
51,4001,201,0.43
51,6001,201,0.55
51,8001,201,0.37
51,10001,201,0.52
51,12001,201,0.5
51,14001,201,0.45
51,16001,201,0.36
51,18001,201,0.39
51,20001,201,0.34
51,22001,201,0.36
51,24001,201,0.27
51,26001,201,0.38
51,28001,201,0.37
51,30001,201,0.28
51,32001,201,0.38
51,34001,201,0.35
51,36001,201,0.38
51,38001,201,0.4
51,40001,201,0.4
51,42001,201,0.46
51,44001,201,0.43
51,46001,201,0.33
51,48001,201,0.32
51,50001,201,0.44
51,52001,201,0.45
51,54001,201,0.42
51,56001,201,0.36
51,58001,201,0.33
51,60001,201,0.32
51,62001,201,0.28
51,64001,201,0.31
51,65535,201,0.34
51,1,211,0.37
51,2001,211,0.36
51,4001,211,0.42
51,6001,211,0.52
51,8001,211,0.28
51,10001,211,0.5
51,12001,211,0.48
51,14001,211,0.44
51,16001,211,0.36
51,18001,211,0.38
51,20001,211,0.34
51,22001,211,0.37
51,24001,211,0.29
51,26001,211,0.39
51,28001,211,0.38
51,30001,211,0.24
51,32001,211,0.38
51,34001,211,0.34
51,36001,211,0.36
51,38001,211,0.4
51,40001,211,0.38
51,42001,211,0.45
51,44001,211,0.42
51,46001,211,0.32
51,48001,211,0.3
51,50001,211,0.42
51,52001,211,0.44
51,54001,211,0.42
51,56001,211,0.35
51,58001,211,0.33
51,60001,211,0.32
51,62001,211,0.3
51,64001,211,0.26
51,65535,211,0.33
51,1,221,0.36
51,2001,221,0.36
51,4001,221,0.41
51,6001,221,0.49
51,8001,221,0.19
51,10001,221,0.47
51,12001,221,0.46
51,14001,221,0.44
51,16001,221,0.37
51,18001,221,0.38
51,20001,221,0.34
51,22001,221,0.38
51,24001,221,0.3
51,26001,221,0.4
51,28001,221,0.38
51,30001,221,0.2
51,32001,221,0.37
51,34001,221,0.34
51,36001,221,0.35
51,38001,221,0.4
51,40001,221,0.37
51,42001,221,0.44
51,44001,221,0.4
51,46001,221,0.31
51,48001,221,0.27
51,50001,221,0.4
51,52001,221,0.44
51,54001,221,0.42
51,56001,221,0.34
51,58001,221,0.33
51,60001,221,0.32
51,62001,221,0.32
51,64001,221,0.22
51,65535,221,0.32
51,1,231,0.34
51,2001,231,0.36
51,4001,231,0.4
51,6001,231,0.47
51,8001,231,0.09
51,10001,231,0.45
51,12001,231,0.43
51,14001,231,0.43
51,16001,231,0.38
51,18001,231,0.38
51,20001,231,0.33
51,22001,231,0.38
51,24001,231,0.31
51,26001,231,0.4
51,28001,231,0.38
51,30001,231,0.16
51,32001,231,0.37
51,34001,231,0.34
51,36001,231,0.34
51,38001,231,0.41
51,40001,231,0.36
51,42001,231,0.42
51,44001,231,0.39
51,46001,231,0.29
51,48001,231,0.24
51,50001,231,0.39
51,52001,231,0.43
51,54001,231,0.42
51,56001,231,0.34
51,58001,231,0.34
51,60001,231,0.31
51,62001,231,0.34
51,64001,231,0.17
51,65535,231,0.27
51,1,241,0.33
51,2001,241,0.35
51,4001,241,0.39
51,6001,241,0.44
51,8001,241,0.1
51,10001,241,0.43
51,12001,241,0.41
51,14001,241,0.42
51,16001,241,0.39
51,18001,241,0.37
51,20001,241,0.33
51,22001,241,0.39
51,24001,241,0.32
51,26001,241,0.41
51,28001,241,0.39
51,30001,241,0.12
51,32001,241,0.37
51,34001,241,0.34
51,36001,241,0.33
51,38001,241,0.41
51,40001,241,0.35
51,42001,241,0.41
51,44001,241,0.38
51,46001,241,0.28
51,48001,241,0.21
51,50001,241,0.37
51,52001,241,0.42
51,54001,241,0.42
51,56001,241,0.33
51,58001,241,0.34
51,60001,241,0.31
51,62001,241,0.36
51,64001,241,0.12
51,65535,241,0.22
51,1,251,0.27
51,2001,251,0.26
51,4001,251,0.35
51,6001,251,0.45
51,8001,251,0.26
51,10001,251,0.38
51,12001,251,0.39
51,14001,251,0.37
51,16001,251,0.37
51,18001,251,0.36
51,20001,251,0.35
51,22001,251,0.38
51,24001,251,0.32
51,26001,251,0.26
51,28001,251,0.37
51,30001,251,0.1
51,32001,251,0.33
51,34001,251,0.33
51,36001,251,0.33
51,38001,251,0.38
51,40001,251,0.36
51,42001,251,0.41
51,44001,251,0.34
51,46001,251,0.32
51,48001,251,0.12
51,50001,251,0.36
51,52001,251,0.31
51,54001,251,0.4
51,56001,251,0.37
51,58001,251,0.42
51,60001,251,0.34
51,62001,251,0.17
51,64001,251,0.29
51,65535,251,0.32
51,1,254,0.25
51,2001,254,0.23
51,4001,254,0.34
51,6001,254,0.45
51,8001,254,0.34
51,10001,254,0.37
51,12001,254,0.38
51,14001,254,0.36
51,16001,254,0.36
51,18001,254,0.36
51,20001,254,0.36
51,22001,254,0.38
51,24001,254,0.32
51,26001,254,0.21
51,28001,254,0.36
51,30001,254,0.1
51,32001,254,0.32
51,34001,254,0.33
51,36001,254,0.33
51,38001,254,0.37
51,40001,254,0.36
51,42001,254,0.41
51,44001,254,0.33
51,46001,254,0.33
51,48001,254,0.09
51,50001,254,0.36
51,52001,254,0.28
51,54001,254,0.4
51,56001,254,0.38
51,58001,254,0.44
51,60001,254,0.35
51,62001,254,0.11
51,64001,254,0.34
51,65535,254,0.33
61,1,1,0.73
61,2001,1,0.65
61,4001,1,0.75
61,6001,1,0.71
61,8001,1,0.77
61,10001,1,0.72
61,12001,1,0.72
61,14001,1,0.72
61,16001,1,0.69
61,18001,1,0.71
61,20001,1,0.7
61,22001,1,0.72
61,24001,1,0.71
61,26001,1,0.68
61,28001,1,0.71
61,30001,1,0.74
61,32001,1,0.72
61,34001,1,0.74
61,36001,1,0.72
61,38001,1,0.69
61,40001,1,0.71
61,42001,1,0.69
61,44001,1,0.71
61,46001,1,0.73
61,48001,1,0.72
61,50001,1,0.71
61,52001,1,0.7
61,54001,1,0.69
61,56001,1,0.7
61,58001,1,0.71
61,60001,1,0.73
61,62001,1,0.72
61,64001,1,0.73
61,65535,1,0.75
61,1,11,0.73
61,2001,11,0.65
61,4001,11,0.74
61,6001,11,0.71
61,8001,11,0.76
61,10001,11,0.73
61,12001,11,0.72
61,14001,11,0.71
61,16001,11,0.71
61,18001,11,0.7
61,20001,11,0.63
61,22001,11,0.7
61,24001,11,0.7
61,26001,11,0.69
61,28001,11,0.7
61,30001,11,0.72
61,32001,11,0.69
61,34001,11,0.74
61,36001,11,0.71
61,38001,11,0.68
61,40001,11,0.7
61,42001,11,0.7
61,44001,11,0.71
61,46001,11,0.73
61,48001,11,0.72
61,50001,11,0.72
61,52001,11,0.71
61,54001,11,0.7
61,56001,11,0.68
61,58001,11,0.72
61,60001,11,0.72
61,62001,11,0.72
61,64001,11,0.72
61,65535,11,0.74
61,1,21,0.73
61,2001,21,0.66
61,4001,21,0.74
61,6001,21,0.71
61,8001,21,0.76
61,10001,21,0.73
61,12001,21,0.72
61,14001,21,0.71
61,16001,21,0.72
61,18001,21,0.7
61,20001,21,0.61
61,22001,21,0.68
61,24001,21,0.69
61,26001,21,0.7
61,28001,21,0.69
61,30001,21,0.71
61,32001,21,0.67
61,34001,21,0.74
61,36001,21,0.71
61,38001,21,0.69
61,40001,21,0.7
61,42001,21,0.71
61,44001,21,0.72
61,46001,21,0.73
61,48001,21,0.72
61,50001,21,0.72
61,52001,21,0.71
61,54001,21,0.7
61,56001,21,0.67
61,58001,21,0.74
61,60001,21,0.71
61,62001,21,0.73
61,64001,21,0.71
61,65535,21,0.74
61,1,31,0.72
61,2001,31,0.66
61,4001,31,0.74
61,6001,31,0.71
61,8001,31,0.75
61,10001,31,0.71
61,12001,31,0.72
61,14001,31,0.7
61,16001,31,0.73
61,18001,31,0.7
61,20001,31,0.59
61,22001,31,0.66
61,24001,31,0.68
61,26001,31,0.71
61,28001,31,0.69
61,30001,31,0.69
61,32001,31,0.66
61,34001,31,0.74
61,36001,31,0.71
61,38001,31,0.7
61,40001,31,0.7
61,42001,31,0.72
61,44001,31,0.72
61,46001,31,0.72
61,48001,31,0.72
61,50001,31,0.73
61,52001,31,0.72
61,54001,31,0.7
61,56001,31,0.67
61,58001,31,0.75
61,60001,31,0.7
61,62001,31,0.73
61,64001,31,0.71
61,65535,31,0.72
61,1,41,0.71
61,2001,41,0.66
61,4001,41,0.74
61,6001,41,0.72
61,8001,41,0.75
61,10001,41,0.7
61,12001,41,0.72
61,14001,41,0.7
61,16001,41,0.73
61,18001,41,0.7
61,20001,41,0.58
61,22001,41,0.64
61,24001,41,0.67
61,26001,41,0.72
61,28001,41,0.68
61,30001,41,0.67
61,32001,41,0.65
61,34001,41,0.74
61,36001,41,0.71
61,38001,41,0.71
61,40001,41,0.69
61,42001,41,0.74
61,44001,41,0.73
61,46001,41,0.72
61,48001,41,0.73
61,50001,41,0.73
61,52001,41,0.73
61,54001,41,0.7
61,56001,41,0.67
61,58001,41,0.76
61,60001,41,0.69
61,62001,41,0.73
61,64001,41,0.7
61,65535,41,0.71
61,1,51,0.7
61,2001,51,0.67
61,4001,51,0.74
61,6001,51,0.72
61,8001,51,0.74
61,10001,51,0.69
61,12001,51,0.72
61,14001,51,0.7
61,16001,51,0.74
61,18001,51,0.69
61,20001,51,0.57
61,22001,51,0.62
61,24001,51,0.65
61,26001,51,0.71
61,28001,51,0.66
61,30001,51,0.65
61,32001,51,0.64
61,34001,51,0.74
61,36001,51,0.71
61,38001,51,0.72
61,40001,51,0.69
61,42001,51,0.75
61,44001,51,0.73
61,46001,51,0.72
61,48001,51,0.73
61,50001,51,0.74
61,52001,51,0.73
61,54001,51,0.7
61,56001,51,0.66
61,58001,51,0.77
61,60001,51,0.68
61,62001,51,0.73
61,64001,51,0.69
61,65535,51,0.7
61,1,61,0.69
61,2001,61,0.68
61,4001,61,0.74
61,6001,61,0.72
61,8001,61,0.74
61,10001,61,0.67
61,12001,61,0.73
61,14001,61,0.73
61,16001,61,0.75
61,18001,61,0.67
61,20001,61,0.55
61,22001,61,0.55
61,24001,61,0.6
61,26001,61,0.62
61,28001,61,0.59
61,30001,61,0.6
61,32001,61,0.63
61,34001,61,0.74
61,36001,61,0.71
61,38001,61,0.73
61,40001,61,0.7
61,42001,61,0.76
61,44001,61,0.72
61,46001,61,0.71
61,48001,61,0.73
61,50001,61,0.73
61,52001,61,0.71
61,54001,61,0.69
61,56001,61,0.66
61,58001,61,0.75
61,60001,61,0.67
61,62001,61,0.73
61,64001,61,0.69
61,65535,61,0.68
61,1,71,0.58
61,2001,71,0.67
61,4001,71,0.72
61,6001,71,0.73
61,8001,71,0.73
61,10001,71,0.67
61,12001,71,0.72
61,14001,71,0.71
61,16001,71,0.73
61,18001,71,0.61
61,20001,71,0.55
61,22001,71,0.51
61,24001,71,0.55
61,26001,71,0.58
61,28001,71,0.55
61,30001,71,0.56
61,32001,71,0.62
61,34001,71,0.66
61,36001,71,0.65
61,38001,71,0.72
61,40001,71,0.7
61,42001,71,0.75
61,44001,71,0.75
61,46001,71,0.7
61,48001,71,0.7
61,50001,71,0.72
61,52001,71,0.68
61,54001,71,0.67
61,56001,71,0.65
61,58001,71,0.66
61,60001,71,0.65
61,62001,71,0.7
61,64001,71,0.67
61,65535,71,0.59
61,1,81,0.54
61,2001,81,0.65
61,4001,81,0.71
61,6001,81,0.72
61,8001,81,0.71
61,10001,81,0.67
61,12001,81,0.71
61,14001,81,0.7
61,16001,81,0.72
61,18001,81,0.59
61,20001,81,0.55
61,22001,81,0.5
61,24001,81,0.53
61,26001,81,0.54
61,28001,81,0.52
61,30001,81,0.53
61,32001,81,0.61
61,34001,81,0.63
61,36001,81,0.62
61,38001,81,0.71
61,40001,81,0.7
61,42001,81,0.74
61,44001,81,0.75
61,46001,81,0.69
61,48001,81,0.69
61,50001,81,0.71
61,52001,81,0.66
61,54001,81,0.65
61,56001,81,0.64
61,58001,81,0.6
61,60001,81,0.63
61,62001,81,0.66
61,64001,81,0.65
61,65535,81,0.56
61,1,91,0.51
61,2001,91,0.64
61,4001,91,0.69
61,6001,91,0.7
61,8001,91,0.69
61,10001,91,0.68
61,12001,91,0.71
61,14001,91,0.68
61,16001,91,0.71
61,18001,91,0.57
61,20001,91,0.55
61,22001,91,0.49
61,24001,91,0.52
61,26001,91,0.5
61,28001,91,0.5
61,30001,91,0.51
61,32001,91,0.6
61,34001,91,0.61
61,36001,91,0.6
61,38001,91,0.7
61,40001,91,0.7
61,42001,91,0.74
61,44001,91,0.76
61,46001,91,0.7
61,48001,91,0.69
61,50001,91,0.7
61,52001,91,0.64
61,54001,91,0.63
61,56001,91,0.64
61,58001,91,0.56
61,60001,91,0.6
61,62001,91,0.63
61,64001,91,0.64
61,65535,91,0.54
61,1,101,0.49
61,2001,101,0.63
61,4001,101,0.68
61,6001,101,0.69
61,8001,101,0.68
61,10001,101,0.69
61,12001,101,0.71
61,14001,101,0.67
61,16001,101,0.69
61,18001,101,0.55
61,20001,101,0.55
61,22001,101,0.49
61,24001,101,0.5
61,26001,101,0.46
61,28001,101,0.48
61,30001,101,0.48
61,32001,101,0.59
61,34001,101,0.59
61,36001,101,0.59
61,38001,101,0.68
61,40001,101,0.71
61,42001,101,0.73
61,44001,101,0.76
61,46001,101,0.7
61,48001,101,0.69
61,50001,101,0.7
61,52001,101,0.62
61,54001,101,0.61
61,56001,101,0.63
61,58001,101,0.51
61,60001,101,0.58
61,62001,101,0.6
61,64001,101,0.62
61,65535,101,0.53
61,1,111,0.46
61,2001,111,0.6
61,4001,111,0.67
61,6001,111,0.68
61,8001,111,0.66
61,10001,111,0.7
61,12001,111,0.71
61,14001,111,0.65
61,16001,111,0.67
61,18001,111,0.53
61,20001,111,0.54
61,22001,111,0.48
61,24001,111,0.48
61,26001,111,0.42
61,28001,111,0.46
61,30001,111,0.45
61,32001,111,0.57
61,34001,111,0.57
61,36001,111,0.57
61,38001,111,0.67
61,40001,111,0.71
61,42001,111,0.73
61,44001,111,0.76
61,46001,111,0.7
61,48001,111,0.69
61,50001,111,0.69
61,52001,111,0.6
61,54001,111,0.59
61,56001,111,0.6
61,58001,111,0.46
61,60001,111,0.54
61,62001,111,0.55
61,64001,111,0.58
61,65535,111,0.52
61,1,121,0.44
61,2001,121,0.53
61,4001,121,0.68
61,6001,121,0.66
61,8001,121,0.66
61,10001,121,0.7
61,12001,121,0.71
61,14001,121,0.62
61,16001,121,0.6
61,18001,121,0.52
61,20001,121,0.51
61,22001,121,0.48
61,24001,121,0.47
61,26001,121,0.39
61,28001,121,0.44
61,30001,121,0.43
61,32001,121,0.51
61,34001,121,0.55
61,36001,121,0.55
61,38001,121,0.66
61,40001,121,0.71
61,42001,121,0.72
61,44001,121,0.77
61,46001,121,0.7
61,48001,121,0.69
61,50001,121,0.68
61,52001,121,0.58
61,54001,121,0.52
61,56001,121,0.52
61,58001,121,0.42
61,60001,121,0.44
61,62001,121,0.45
61,64001,121,0.48
61,65535,121,0.52
61,1,131,0.45
61,2001,131,0.51
61,4001,131,0.6
61,6001,131,0.66
61,8001,131,0.67
61,10001,131,0.71
61,12001,131,0.71
61,14001,131,0.59
61,16001,131,0.57
61,18001,131,0.49
61,20001,131,0.49
61,22001,131,0.47
61,24001,131,0.45
61,26001,131,0.4
61,28001,131,0.44
61,30001,131,0.39
61,32001,131,0.49
61,34001,131,0.53
61,36001,131,0.52
61,38001,131,0.64
61,40001,131,0.65
61,42001,131,0.71
61,44001,131,0.67
61,46001,131,0.67
61,48001,131,0.61
61,50001,131,0.67
61,52001,131,0.58
61,54001,131,0.51
61,56001,131,0.52
61,58001,131,0.4
61,60001,131,0.44
61,62001,131,0.43
61,64001,131,0.45
61,65535,131,0.49
61,1,141,0.46
61,2001,141,0.5
61,4001,141,0.58
61,6001,141,0.68
61,8001,141,0.69
61,10001,141,0.72
61,12001,141,0.71
61,14001,141,0.58
61,16001,141,0.55
61,18001,141,0.48
61,20001,141,0.48
61,22001,141,0.46
61,24001,141,0.43
61,26001,141,0.41
61,28001,141,0.44
61,30001,141,0.39
61,32001,141,0.48
61,34001,141,0.52
61,36001,141,0.51
61,38001,141,0.62
61,40001,141,0.63
61,42001,141,0.71
61,44001,141,0.64
61,46001,141,0.64
61,48001,141,0.57
61,50001,141,0.67
61,52001,141,0.59
61,54001,141,0.51
61,56001,141,0.5
61,58001,141,0.4
61,60001,141,0.43
61,62001,141,0.4
61,64001,141,0.44
61,65535,141,0.46
61,1,151,0.47
61,2001,151,0.49
61,4001,151,0.57
61,6001,151,0.71
61,8001,151,0.7
61,10001,151,0.72
61,12001,151,0.72
61,14001,151,0.59
61,16001,151,0.52
61,18001,151,0.48
61,20001,151,0.46
61,22001,151,0.46
61,24001,151,0.41
61,26001,151,0.42
61,28001,151,0.44
61,30001,151,0.4
61,32001,151,0.47
61,34001,151,0.5
61,36001,151,0.5
61,38001,151,0.61
61,40001,151,0.61
61,42001,151,0.7
61,44001,151,0.62
61,46001,151,0.61
61,48001,151,0.54
61,50001,151,0.66
61,52001,151,0.59
61,54001,151,0.51
61,56001,151,0.49
61,58001,151,0.4
61,60001,151,0.43
61,62001,151,0.38
61,64001,151,0.45
61,65535,151,0.44
61,1,161,0.48
61,2001,161,0.49
61,4001,161,0.57
61,6001,161,0.73
61,8001,161,0.72
61,10001,161,0.73
61,12001,161,0.72
61,14001,161,0.59
61,16001,161,0.5
61,18001,161,0.48
61,20001,161,0.45
61,22001,161,0.45
61,24001,161,0.39
61,26001,161,0.43
61,28001,161,0.44
61,30001,161,0.41
61,32001,161,0.47
61,34001,161,0.49
61,36001,161,0.5
61,38001,161,0.59
61,40001,161,0.59
61,42001,161,0.69
61,44001,161,0.6
61,46001,161,0.58
61,48001,161,0.52
61,50001,161,0.65
61,52001,161,0.6
61,54001,161,0.51
61,56001,161,0.48
61,58001,161,0.4
61,60001,161,0.43
61,62001,161,0.36
61,64001,161,0.45
61,65535,161,0.41
61,1,171,0.49
61,2001,171,0.48
61,4001,171,0.57
61,6001,171,0.75
61,8001,171,0.73
61,10001,171,0.73
61,12001,171,0.72
61,14001,171,0.59
61,16001,171,0.48
61,18001,171,0.48
61,20001,171,0.44
61,22001,171,0.44
61,24001,171,0.37
61,26001,171,0.44
61,28001,171,0.44
61,30001,171,0.42
61,32001,171,0.46
61,34001,171,0.47
61,36001,171,0.5
61,38001,171,0.56
61,40001,171,0.57
61,42001,171,0.68
61,44001,171,0.58
61,46001,171,0.54
61,48001,171,0.49
61,50001,171,0.63
61,52001,171,0.6
61,54001,171,0.51
61,56001,171,0.47
61,58001,171,0.4
61,60001,171,0.42
61,62001,171,0.34
61,64001,171,0.45
61,65535,171,0.42
61,1,181,0.46
61,2001,181,0.48
61,4001,181,0.56
61,6001,181,0.78
61,8001,181,0.74
61,10001,181,0.73
61,12001,181,0.72
61,14001,181,0.6
61,16001,181,0.45
61,18001,181,0.48
61,20001,181,0.43
61,22001,181,0.42
61,24001,181,0.35
61,26001,181,0.43
61,28001,181,0.43
61,30001,181,0.43
61,32001,181,0.45
61,34001,181,0.44
61,36001,181,0.49
61,38001,181,0.51
61,40001,181,0.55
61,42001,181,0.64
61,44001,181,0.56
61,46001,181,0.45
61,48001,181,0.46
61,50001,181,0.57
61,52001,181,0.59
61,54001,181,0.51
61,56001,181,0.46
61,58001,181,0.4
61,60001,181,0.41
61,62001,181,0.32
61,64001,181,0.46
61,65535,181,0.42
61,1,191,0.45
61,2001,191,0.47
61,4001,191,0.55
61,6001,191,0.67
61,8001,191,0.64
61,10001,191,0.64
61,12001,191,0.66
61,14001,191,0.56
61,16001,191,0.46
61,18001,191,0.48
61,20001,191,0.4
61,22001,191,0.43
61,24001,191,0.33
61,26001,191,0.43
61,28001,191,0.42
61,30001,191,0.39
61,32001,191,0.45
61,34001,191,0.43
61,36001,191,0.47
61,38001,191,0.51
61,40001,191,0.53
61,42001,191,0.63
61,44001,191,0.51
61,46001,191,0.41
61,48001,191,0.44
61,50001,191,0.55
61,52001,191,0.58
61,54001,191,0.5
61,56001,191,0.44
61,58001,191,0.4
61,60001,191,0.39
61,62001,191,0.34
61,64001,191,0.44
61,65535,191,0.39
61,1,201,0.44
61,2001,201,0.47
61,4001,201,0.54
61,6001,201,0.62
61,8001,201,0.55
61,10001,201,0.61
61,12001,201,0.63
61,14001,201,0.54
61,16001,201,0.47
61,18001,201,0.47
61,20001,201,0.4
61,22001,201,0.43
61,24001,201,0.34
61,26001,201,0.44
61,28001,201,0.42
61,30001,201,0.35
61,32001,201,0.45
61,34001,201,0.43
61,36001,201,0.45
61,38001,201,0.51
61,40001,201,0.52
61,42001,201,0.62
61,44001,201,0.5
61,46001,201,0.39
61,48001,201,0.41
61,50001,201,0.53
61,52001,201,0.58
61,54001,201,0.49
61,56001,201,0.43
61,58001,201,0.4
61,60001,201,0.38
61,62001,201,0.36
61,64001,201,0.4
61,65535,201,0.38
61,1,211,0.42
61,2001,211,0.46
61,4001,211,0.53
61,6001,211,0.6
61,8001,211,0.46
61,10001,211,0.59
61,12001,211,0.6
61,14001,211,0.54
61,16001,211,0.48
61,18001,211,0.47
61,20001,211,0.39
61,22001,211,0.44
61,24001,211,0.35
61,26001,211,0.45
61,28001,211,0.42
61,30001,211,0.31
61,32001,211,0.45
61,34001,211,0.43
61,36001,211,0.44
61,38001,211,0.52
61,40001,211,0.51
61,42001,211,0.6
61,44001,211,0.48
61,46001,211,0.38
61,48001,211,0.38
61,50001,211,0.52
61,52001,211,0.57
61,54001,211,0.49
61,56001,211,0.43
61,58001,211,0.4
61,60001,211,0.38
61,62001,211,0.38
61,64001,211,0.35
61,65535,211,0.38
61,1,221,0.41
61,2001,221,0.46
61,4001,221,0.52
61,6001,221,0.57
61,8001,221,0.36
61,10001,221,0.57
61,12001,221,0.58
61,14001,221,0.53
61,16001,221,0.49
61,18001,221,0.46
61,20001,221,0.39
61,22001,221,0.45
61,24001,221,0.36
61,26001,221,0.45
61,28001,221,0.43
61,30001,221,0.27
61,32001,221,0.45
61,34001,221,0.43
61,36001,221,0.43
61,38001,221,0.52
61,40001,221,0.5
61,42001,221,0.59
61,44001,221,0.47
61,46001,221,0.37
61,48001,221,0.35
61,50001,221,0.5
61,52001,221,0.56
61,54001,221,0.49
61,56001,221,0.42
61,58001,221,0.41
61,60001,221,0.37
61,62001,221,0.4
61,64001,221,0.3
61,65535,221,0.37
61,1,231,0.4
61,2001,231,0.44
61,4001,231,0.5
61,6001,231,0.54
61,8001,231,0.27
61,10001,231,0.54
61,12001,231,0.56
61,14001,231,0.52
61,16001,231,0.49
61,18001,231,0.46
61,20001,231,0.39
61,22001,231,0.45
61,24001,231,0.37
61,26001,231,0.46
61,28001,231,0.43
61,30001,231,0.24
61,32001,231,0.44
61,34001,231,0.43
61,36001,231,0.42
61,38001,231,0.52
61,40001,231,0.48
61,42001,231,0.57
61,44001,231,0.46
61,46001,231,0.35
61,48001,231,0.32
61,50001,231,0.48
61,52001,231,0.55
61,54001,231,0.49
61,56001,231,0.41
61,58001,231,0.41
61,60001,231,0.37
61,62001,231,0.41
61,64001,231,0.25
61,65535,231,0.35
61,1,241,0.38
61,2001,241,0.39
61,4001,241,0.44
61,6001,241,0.52
61,8001,241,0.16
61,10001,241,0.52
61,12001,241,0.53
61,14001,241,0.51
61,16001,241,0.47
61,18001,241,0.46
61,20001,241,0.38
61,22001,241,0.44
61,24001,241,0.38
61,26001,241,0.45
61,28001,241,0.44
61,30001,241,0.24
61,32001,241,0.43
61,34001,241,0.41
61,36001,241,0.4
61,38001,241,0.48
61,40001,241,0.47
61,42001,241,0.51
61,44001,241,0.45
61,46001,241,0.34
61,48001,241,0.3
61,50001,241,0.45
61,52001,241,0.52
61,54001,241,0.49
61,56001,241,0.41
61,58001,241,0.41
61,60001,241,0.37
61,62001,241,0.4
61,64001,241,0.2
61,65535,241,0.31
61,1,251,0.33
61,2001,251,0.3
61,4001,251,0.4
61,6001,251,0.51
61,8001,251,0.35
61,10001,251,0.49
61,12001,251,0.49
61,14001,251,0.49
61,16001,251,0.46
61,18001,251,0.43
61,20001,251,0.41
61,22001,251,0.46
61,24001,251,0.38
61,26001,251,0.34
61,28001,251,0.41
61,30001,251,0.22
61,32001,251,0.39
61,34001,251,0.41
61,36001,251,0.4
61,38001,251,0.47
61,40001,251,0.48
61,42001,251,0.51
61,44001,251,0.44
61,46001,251,0.38
61,48001,251,0.21
61,50001,251,0.43
61,52001,251,0.43
61,54001,251,0.48
61,56001,251,0.43
61,58001,251,0.49
61,60001,251,0.4
61,62001,251,0.26
61,64001,251,0.32
61,65535,251,0.37
61,1,254,0.31
61,2001,254,0.31
61,4001,254,0.4
61,6001,254,0.51
61,8001,254,0.43
61,10001,254,0.47
61,12001,254,0.49
61,14001,254,0.47
61,16001,254,0.45
61,18001,254,0.43
61,20001,254,0.44
61,22001,254,0.46
61,24001,254,0.38
61,26001,254,0.3
61,28001,254,0.41
61,30001,254,0.2
61,32001,254,0.39
61,34001,254,0.41
61,36001,254,0.4
61,38001,254,0.46
61,40001,254,0.46
61,42001,254,0.51
61,44001,254,0.42
61,46001,254,0.39
61,48001,254,0.18
61,50001,254,0.43
61,52001,254,0.4
61,54001,254,0.47
61,56001,254,0.44
61,58001,254,0.47
61,60001,254,0.4
61,62001,254,0.2
61,64001,254,0.37
61,65535,254,0.39
71,1,1,0.91
71,2001,1,0.83
71,4001,1,0.93
71,6001,1,0.89
71,8001,1,0.93
71,10001,1,0.9
71,12001,1,0.89
71,14001,1,0.87
71,16001,1,0.87
71,18001,1,0.89
71,20001,1,0.89
71,22001,1,0.91
71,24001,1,0.89
71,26001,1,0.88
71,28001,1,0.9
71,30001,1,0.91
71,32001,1,0.9
71,34001,1,0.9
71,36001,1,0.89
71,38001,1,0.88
71,40001,1,0.88
71,42001,1,0.87
71,44001,1,0.89
71,46001,1,0.91
71,48001,1,0.9
71,50001,1,0.89
71,52001,1,0.88
71,54001,1,0.87
71,56001,1,0.89
71,58001,1,0.89
71,60001,1,0.92
71,62001,1,0.89
71,64001,1,0.91
71,65535,1,0.93
71,1,11,0.91
71,2001,11,0.83
71,4001,11,0.92
71,6001,11,0.89
71,8001,11,0.93
71,10001,11,0.91
71,12001,11,0.89
71,14001,11,0.86
71,16001,11,0.88
71,18001,11,0.89
71,20001,11,0.83
71,22001,11,0.89
71,24001,11,0.88
71,26001,11,0.89
71,28001,11,0.89
71,30001,11,0.89
71,32001,11,0.86
71,34001,11,0.9
71,36001,11,0.89
71,38001,11,0.88
71,40001,11,0.87
71,42001,11,0.88
71,44001,11,0.9
71,46001,11,0.91
71,48001,11,0.9
71,50001,11,0.9
71,52001,11,0.89
71,54001,11,0.87
71,56001,11,0.87
71,58001,11,0.91
71,60001,11,0.91
71,62001,11,0.9
71,64001,11,0.91
71,65535,11,0.92
71,1,21,0.92
71,2001,21,0.84
71,4001,21,0.92
71,6001,21,0.89
71,8001,21,0.92
71,10001,21,0.92
71,12001,21,0.89
71,14001,21,0.86
71,16001,21,0.9
71,18001,21,0.89
71,20001,21,0.76
71,22001,21,0.87
71,24001,21,0.87
71,26001,21,0.9
71,28001,21,0.88
71,30001,21,0.88
71,32001,21,0.83
71,34001,21,0.9
71,36001,21,0.89
71,38001,21,0.87
71,40001,21,0.87
71,42001,21,0.89
71,44001,21,0.9
71,46001,21,0.91
71,48001,21,0.9
71,50001,21,0.9
71,52001,21,0.89
71,54001,21,0.87
71,56001,21,0.85
71,58001,21,0.92
71,60001,21,0.9
71,62001,21,0.9
71,64001,21,0.9
71,65535,21,0.92
71,1,31,0.91
71,2001,31,0.84
71,4001,31,0.92
71,6001,31,0.89
71,8001,31,0.92
71,10001,31,0.91
71,12001,31,0.89
71,14001,31,0.85
71,16001,31,0.91
71,18001,31,0.89
71,20001,31,0.72
71,22001,31,0.85
71,24001,31,0.86
71,26001,31,0.91
71,28001,31,0.88
71,30001,31,0.86
71,32001,31,0.81
71,34001,31,0.9
71,36001,31,0.89
71,38001,31,0.87
71,40001,31,0.86
71,42001,31,0.9
71,44001,31,0.91
71,46001,31,0.9
71,48001,31,0.9
71,50001,31,0.91
71,52001,31,0.9
71,54001,31,0.87
71,56001,31,0.84
71,58001,31,0.93
71,60001,31,0.89
71,62001,31,0.9
71,64001,31,0.89
71,65535,31,0.91
71,1,41,0.9
71,2001,41,0.85
71,4001,41,0.92
71,6001,41,0.89
71,8001,41,0.91
71,10001,41,0.9
71,12001,41,0.89
71,14001,41,0.86
71,16001,41,0.92
71,18001,41,0.88
71,20001,41,0.71
71,22001,41,0.81
71,24001,41,0.83
71,26001,41,0.88
71,28001,41,0.84
71,30001,41,0.83
71,32001,41,0.8
71,34001,41,0.9
71,36001,41,0.89
71,38001,41,0.88
71,40001,41,0.87
71,42001,41,0.92
71,44001,41,0.91
71,46001,41,0.9
71,48001,41,0.91
71,50001,41,0.91
71,52001,41,0.9
71,54001,41,0.87
71,56001,41,0.84
71,58001,41,0.93
71,60001,41,0.88
71,62001,41,0.9
71,64001,41,0.89
71,65535,41,0.9
71,1,51,0.89
71,2001,51,0.86
71,4001,51,0.91
71,6001,51,0.89
71,8001,51,0.92
71,10001,51,0.89
71,12001,51,0.91
71,14001,51,0.89
71,16001,51,0.93
71,18001,51,0.85
71,20001,51,0.7
71,22001,51,0.75
71,24001,51,0.78
71,26001,51,0.79
71,28001,51,0.77
71,30001,51,0.78
71,32001,51,0.79
71,34001,51,0.9
71,36001,51,0.88
71,38001,51,0.89
71,40001,51,0.88
71,42001,51,0.93
71,44001,51,0.9
71,46001,51,0.9
71,48001,51,0.91
71,50001,51,0.91
71,52001,51,0.87
71,54001,51,0.86
71,56001,51,0.83
71,58001,51,0.92
71,60001,51,0.87
71,62001,51,0.9
71,64001,51,0.88
71,65535,51,0.89
71,1,61,0.88
71,2001,61,0.87
71,4001,61,0.91
71,6001,61,0.9
71,8001,61,0.92
71,10001,61,0.87
71,12001,61,0.92
71,14001,61,0.91
71,16001,61,0.93
71,18001,61,0.82
71,20001,61,0.68
71,22001,61,0.68
71,24001,61,0.72
71,26001,61,0.7
71,28001,61,0.69
71,30001,61,0.74
71,32001,61,0.78
71,34001,61,0.9
71,36001,61,0.88
71,38001,61,0.9
71,40001,61,0.89
71,42001,61,0.94
71,44001,61,0.9
71,46001,61,0.89
71,48001,61,0.91
71,50001,61,0.91
71,52001,61,0.85
71,54001,61,0.84
71,56001,61,0.83
71,58001,61,0.9
71,60001,61,0.86
71,62001,61,0.9
71,64001,61,0.88
71,65535,61,0.87
71,1,71,0.77
71,2001,71,0.86
71,4001,71,0.9
71,6001,71,0.9
71,8001,71,0.9
71,10001,71,0.87
71,12001,71,0.91
71,14001,71,0.9
71,16001,71,0.92
71,18001,71,0.77
71,20001,71,0.68
71,22001,71,0.64
71,24001,71,0.68
71,26001,71,0.66
71,28001,71,0.66
71,30001,71,0.7
71,32001,71,0.77
71,34001,71,0.83
71,36001,71,0.83
71,38001,71,0.89
71,40001,71,0.88
71,42001,71,0.93
71,44001,71,0.92
71,46001,71,0.88
71,48001,71,0.88
71,50001,71,0.9
71,52001,71,0.82
71,54001,71,0.82
71,56001,71,0.82
71,58001,71,0.81
71,60001,71,0.84
71,62001,71,0.86
71,64001,71,0.86
71,65535,71,0.78
71,1,81,0.67
71,2001,81,0.84
71,4001,81,0.88
71,6001,81,0.91
71,8001,81,0.88
71,10001,81,0.86
71,12001,81,0.9
71,14001,81,0.88
71,16001,81,0.91
71,18001,81,0.72
71,20001,81,0.68
71,22001,81,0.6
71,24001,81,0.63
71,26001,81,0.63
71,28001,81,0.62
71,30001,81,0.66
71,32001,81,0.75
71,34001,81,0.76
71,36001,81,0.77
71,38001,81,0.88
71,40001,81,0.88
71,42001,81,0.92
71,44001,81,0.94
71,46001,81,0.86
71,48001,81,0.85
71,50001,81,0.88
71,52001,81,0.8
71,54001,81,0.81
71,56001,81,0.81
71,58001,81,0.72
71,60001,81,0.82
71,62001,81,0.83
71,64001,81,0.84
71,65535,81,0.69
71,1,91,0.61
71,2001,91,0.83
71,4001,91,0.87
71,6001,91,0.9
71,8001,91,0.87
71,10001,91,0.86
71,12001,91,0.89
71,14001,91,0.87
71,16001,91,0.89
71,18001,91,0.69
71,20001,91,0.68
71,22001,91,0.58
71,24001,91,0.6
71,26001,91,0.59
71,28001,91,0.59
71,30001,91,0.63
71,32001,91,0.74
71,34001,91,0.72
71,36001,91,0.74
71,38001,91,0.86
71,40001,91,0.88
71,42001,91,0.92
71,44001,91,0.95
71,46001,91,0.86
71,48001,91,0.84
71,50001,91,0.88
71,52001,91,0.77
71,54001,91,0.79
71,56001,91,0.8
71,58001,91,0.66
71,60001,91,0.8
71,62001,91,0.8
71,64001,91,0.82
71,65535,91,0.64
71,1,101,0.58
71,2001,101,0.79
71,4001,101,0.86
71,6001,101,0.89
71,8001,101,0.86
71,10001,101,0.87
71,12001,101,0.89
71,14001,101,0.85
71,16001,101,0.86
71,18001,101,0.67
71,20001,101,0.67
71,22001,101,0.58
71,24001,101,0.59
71,26001,101,0.55
71,28001,101,0.57
71,30001,101,0.6
71,32001,101,0.71
71,34001,101,0.7
71,36001,101,0.72
71,38001,101,0.85
71,40001,101,0.89
71,42001,101,0.91
71,44001,101,0.96
71,46001,101,0.86
71,48001,101,0.84
71,50001,101,0.87
71,52001,101,0.75
71,54001,101,0.75
71,56001,101,0.77
71,58001,101,0.61
71,60001,101,0.74
71,62001,101,0.74
71,64001,101,0.77
71,65535,101,0.62
71,1,111,0.56
71,2001,111,0.72
71,4001,111,0.88
71,6001,111,0.88
71,8001,111,0.85
71,10001,111,0.88
71,12001,111,0.89
71,14001,111,0.82
71,16001,111,0.79
71,18001,111,0.65
71,20001,111,0.64
71,22001,111,0.57
71,24001,111,0.57
71,26001,111,0.51
71,28001,111,0.55
71,30001,111,0.57
71,32001,111,0.66
71,34001,111,0.67
71,36001,111,0.7
71,38001,111,0.84
71,40001,111,0.89
71,42001,111,0.91
71,44001,111,0.96
71,46001,111,0.86
71,48001,111,0.83
71,50001,111,0.86
71,52001,111,0.73
71,54001,111,0.69
71,56001,111,0.69
71,58001,111,0.56
71,60001,111,0.64
71,62001,111,0.63
71,64001,111,0.67
71,65535,111,0.61
71,1,121,0.53
71,2001,121,0.65
71,4001,121,0.89
71,6001,121,0.86
71,8001,121,0.85
71,10001,121,0.89
71,12001,121,0.89
71,14001,121,0.79
71,16001,121,0.72
71,18001,121,0.63
71,20001,121,0.6
71,22001,121,0.57
71,24001,121,0.56
71,26001,121,0.47
71,28001,121,0.53
71,30001,121,0.55
71,32001,121,0.61
71,34001,121,0.65
71,36001,121,0.68
71,38001,121,0.82
71,40001,121,0.89
71,42001,121,0.9
71,44001,121,0.96
71,46001,121,0.86
71,48001,121,0.83
71,50001,121,0.85
71,52001,121,0.71
71,54001,121,0.63
71,56001,121,0.61
71,58001,121,0.52
71,60001,121,0.53
71,62001,121,0.53
71,64001,121,0.57
71,65535,121,0.6
71,1,131,0.54
71,2001,131,0.62
71,4001,131,0.81
71,6001,131,0.86
71,8001,131,0.86
71,10001,131,0.89
71,12001,131,0.89
71,14001,131,0.76
71,16001,131,0.69
71,18001,131,0.6
71,20001,131,0.58
71,22001,131,0.56
71,24001,131,0.54
71,26001,131,0.48
71,28001,131,0.53
71,30001,131,0.51
71,32001,131,0.58
71,34001,131,0.64
71,36001,131,0.65
71,38001,131,0.81
71,40001,131,0.84
71,42001,131,0.9
71,44001,131,0.87
71,46001,131,0.83
71,48001,131,0.75
71,50001,131,0.84
71,52001,131,0.72
71,54001,131,0.61
71,56001,131,0.6
71,58001,131,0.5
71,60001,131,0.53
71,62001,131,0.5
71,64001,131,0.54
71,65535,131,0.58
71,1,141,0.56
71,2001,141,0.6
71,4001,141,0.72
71,6001,141,0.87
71,8001,141,0.88
71,10001,141,0.9
71,12001,141,0.89
71,14001,141,0.73
71,16001,141,0.66
71,18001,141,0.58
71,20001,141,0.56
71,22001,141,0.55
71,24001,141,0.53
71,26001,141,0.5
71,28001,141,0.53
71,30001,141,0.48
71,32001,141,0.56
71,34001,141,0.62
71,36001,141,0.61
71,38001,141,0.79
71,40001,141,0.78
71,42001,141,0.89
71,44001,141,0.78
71,46001,141,0.8
71,48001,141,0.68
71,50001,141,0.84
71,52001,141,0.72
71,54001,141,0.6
71,56001,141,0.59
71,58001,141,0.49
71,60001,141,0.52
71,62001,141,0.48
71,64001,141,0.5
71,65535,141,0.54
71,1,151,0.57
71,2001,151,0.59
71,4001,151,0.69
71,6001,151,0.88
71,8001,151,0.89
71,10001,151,0.91
71,12001,151,0.9
71,14001,151,0.72
71,16001,151,0.64
71,18001,151,0.56
71,20001,151,0.55
71,22001,151,0.55
71,24001,151,0.51
71,26001,151,0.51
71,28001,151,0.53
71,30001,151,0.47
71,32001,151,0.55
71,34001,151,0.61
71,36001,151,0.6
71,38001,151,0.77
71,40001,151,0.74
71,42001,151,0.88
71,44001,151,0.73
71,46001,151,0.77
71,48001,151,0.63
71,50001,151,0.83
71,52001,151,0.73
71,54001,151,0.6
71,56001,151,0.58
71,58001,151,0.48
71,60001,151,0.52
71,62001,151,0.46
71,64001,151,0.49
71,65535,151,0.51
71,1,161,0.56
71,2001,161,0.59
71,4001,161,0.68
71,6001,161,0.91
71,8001,161,0.9
71,10001,161,0.91
71,12001,161,0.9
71,14001,161,0.72
71,16001,161,0.61
71,18001,161,0.56
71,20001,161,0.53
71,22001,161,0.53
71,24001,161,0.49
71,26001,161,0.51
71,28001,161,0.53
71,30001,161,0.48
71,32001,161,0.54
71,34001,161,0.59
71,36001,161,0.59
71,38001,161,0.74
71,40001,161,0.72
71,42001,161,0.86
71,44001,161,0.71
71,46001,161,0.72
71,48001,161,0.6
71,50001,161,0.8
71,52001,161,0.73
71,54001,161,0.6
71,56001,161,0.57
71,58001,161,0.48
71,60001,161,0.51
71,62001,161,0.44
71,64001,161,0.5
71,65535,161,0.48
71,1,171,0.53
71,2001,171,0.58
71,4001,171,0.68
71,6001,171,0.93
71,8001,171,0.91
71,10001,171,0.9
71,12001,171,0.89
71,14001,171,0.72
71,16001,171,0.59
71,18001,171,0.56
71,20001,171,0.52
71,22001,171,0.51
71,24001,171,0.46
71,26001,171,0.5
71,28001,171,0.51
71,30001,171,0.49
71,32001,171,0.53
71,34001,171,0.55
71,36001,171,0.59
71,38001,171,0.68
71,40001,171,0.71
71,42001,171,0.83
71,44001,171,0.69
71,46001,171,0.63
71,48001,171,0.57
71,50001,171,0.73
71,52001,171,0.72
71,54001,171,0.6
71,56001,171,0.56
71,58001,171,0.48
71,60001,171,0.5
71,62001,171,0.42
71,64001,171,0.5
71,65535,171,0.49
71,1,181,0.51
71,2001,181,0.58
71,4001,181,0.68
71,6001,181,0.95
71,8001,181,0.91
71,10001,181,0.9
71,12001,181,0.89
71,14001,181,0.73
71,16001,181,0.57
71,18001,181,0.56
71,20001,181,0.51
71,22001,181,0.49
71,24001,181,0.44
71,26001,181,0.48
71,28001,181,0.49
71,30001,181,0.5
71,32001,181,0.53
71,34001,181,0.52
71,36001,181,0.59
71,38001,181,0.62
71,40001,181,0.69
71,42001,181,0.8
71,44001,181,0.67
71,46001,181,0.55
71,48001,181,0.55
71,50001,181,0.67
71,52001,181,0.71
71,54001,181,0.6
71,56001,181,0.55
71,58001,181,0.48
71,60001,181,0.49
71,62001,181,0.4
71,64001,181,0.5
71,65535,181,0.49
71,1,191,0.5
71,2001,191,0.57
71,4001,191,0.67
71,6001,191,0.84
71,8001,191,0.82
71,10001,191,0.81
71,12001,191,0.82
71,14001,191,0.69
71,16001,191,0.58
71,18001,191,0.56
71,20001,191,0.48
71,22001,191,0.5
71,24001,191,0.43
71,26001,191,0.49
71,28001,191,0.48
71,30001,191,0.46
71,32001,191,0.53
71,34001,191,0.52
71,36001,191,0.56
71,38001,191,0.63
71,40001,191,0.67
71,42001,191,0.78
71,44001,191,0.62
71,46001,191,0.51
71,48001,191,0.52
71,50001,191,0.65
71,52001,191,0.71
71,54001,191,0.58
71,56001,191,0.53
71,58001,191,0.48
71,60001,191,0.47
71,62001,191,0.42
71,64001,191,0.48
71,65535,191,0.44
71,1,201,0.49
71,2001,201,0.57
71,4001,201,0.66
71,6001,201,0.73
71,8001,201,0.73
71,10001,201,0.73
71,12001,201,0.76
71,14001,201,0.65
71,16001,201,0.58
71,18001,201,0.55
71,20001,201,0.46
71,22001,201,0.5
71,24001,201,0.41
71,26001,201,0.5
71,28001,201,0.47
71,30001,201,0.42
71,32001,201,0.52
71,34001,201,0.52
71,36001,201,0.53
71,38001,201,0.63
71,40001,201,0.64
71,42001,201,0.77
71,44001,201,0.58
71,46001,201,0.46
71,48001,201,0.49
71,50001,201,0.63
71,52001,201,0.7
71,54001,201,0.57
71,56001,201,0.52
71,58001,201,0.47
71,60001,201,0.45
71,62001,201,0.44
71,64001,201,0.47
71,65535,201,0.44
71,1,211,0.47
71,2001,211,0.56
71,4001,211,0.65
71,6001,211,0.67
71,8001,211,0.63
71,10001,211,0.68
71,12001,211,0.72
71,14001,211,0.62
71,16001,211,0.59
71,18001,211,0.55
71,20001,211,0.44
71,22001,211,0.51
71,24001,211,0.41
71,26001,211,0.5
71,28001,211,0.47
71,30001,211,0.38
71,32001,211,0.52
71,34001,211,0.52
71,36001,211,0.51
71,38001,211,0.63
71,40001,211,0.63
71,42001,211,0.76
71,44001,211,0.56
71,46001,211,0.44
71,48001,211,0.46
71,50001,211,0.62
71,52001,211,0.69
71,54001,211,0.57
71,56001,211,0.51
71,58001,211,0.47
71,60001,211,0.44
71,62001,211,0.46
71,64001,211,0.43
71,65535,211,0.43
71,1,221,0.46
71,2001,221,0.54
71,4001,221,0.62
71,6001,221,0.65
71,8001,221,0.53
71,10001,221,0.66
71,12001,221,0.7
71,14001,221,0.62
71,16001,221,0.59
71,18001,221,0.55
71,20001,221,0.44
71,22001,221,0.51
71,24001,221,0.42
71,26001,221,0.5
71,28001,221,0.48
71,30001,221,0.35
71,32001,221,0.52
71,34001,221,0.51
71,36001,221,0.5
71,38001,221,0.62
71,40001,221,0.62
71,42001,221,0.73
71,44001,221,0.54
71,46001,221,0.43
71,48001,221,0.44
71,50001,221,0.59
71,52001,221,0.67
71,54001,221,0.57
71,56001,221,0.5
71,58001,221,0.48
71,60001,221,0.43
71,62001,221,0.46
71,64001,221,0.38
71,65535,221,0.42
71,1,231,0.45
71,2001,231,0.49
71,4001,231,0.55
71,6001,231,0.62
71,8001,231,0.43
71,10001,231,0.64
71,12001,231,0.68
71,14001,231,0.61
71,16001,231,0.57
71,18001,231,0.55
71,20001,231,0.44
71,22001,231,0.5
71,24001,231,0.44
71,26001,231,0.5
71,28001,231,0.48
71,30001,231,0.35
71,32001,231,0.5
71,34001,231,0.5
71,36001,231,0.49
71,38001,231,0.59
71,40001,231,0.61
71,42001,231,0.67
71,44001,231,0.53
71,46001,231,0.41
71,48001,231,0.41
71,50001,231,0.56
71,52001,231,0.65
71,54001,231,0.57
71,56001,231,0.49
71,58001,231,0.48
71,60001,231,0.43
71,62001,231,0.46
71,64001,231,0.33
71,65535,231,0.4
71,1,241,0.43
71,2001,241,0.43
71,4001,241,0.49
71,6001,241,0.59
71,8001,241,0.33
71,10001,241,0.61
71,12001,241,0.65
71,14001,241,0.6
71,16001,241,0.55
71,18001,241,0.55
71,20001,241,0.43
71,22001,241,0.49
71,24001,241,0.45
71,26001,241,0.5
71,28001,241,0.49
71,30001,241,0.36
71,32001,241,0.48
71,34001,241,0.49
71,36001,241,0.48
71,38001,241,0.55
71,40001,241,0.59
71,42001,241,0.61
71,44001,241,0.52
71,46001,241,0.4
71,48001,241,0.39
71,50001,241,0.52
71,52001,241,0.62
71,54001,241,0.57
71,56001,241,0.49
71,58001,241,0.48
71,60001,241,0.43
71,62001,241,0.45
71,64001,241,0.28
71,65535,241,0.39
71,1,251,0.39
71,2001,251,0.38
71,4001,251,0.46
71,6001,251,0.56
71,8001,251,0.45
71,10001,251,0.59
71,12001,251,0.6
71,14001,251,0.6
71,16001,251,0.55
71,18001,251,0.5
71,20001,251,0.48
71,22001,251,0.54
71,24001,251,0.44
71,26001,251,0.43
71,28001,251,0.46
71,30001,251,0.33
71,32001,251,0.45
71,34001,251,0.48
71,36001,251,0.48
71,38001,251,0.57
71,40001,251,0.59
71,42001,251,0.6
71,44001,251,0.53
71,46001,251,0.45
71,48001,251,0.31
71,50001,251,0.5
71,52001,251,0.55
71,54001,251,0.55
71,56001,251,0.48
71,58001,251,0.53
71,60001,251,0.45
71,62001,251,0.35
71,64001,251,0.36
71,65535,251,0.43
71,1,254,0.37
71,2001,254,0.4
71,4001,254,0.47
71,6001,254,0.57
71,8001,254,0.52
71,10001,254,0.57
71,12001,254,0.6
71,14001,254,0.58
71,16001,254,0.54
71,18001,254,0.5
71,20001,254,0.52
71,22001,254,0.54
71,24001,254,0.44
71,26001,254,0.38
71,28001,254,0.45
71,30001,254,0.3
71,32001,254,0.46
71,34001,254,0.49
71,36001,254,0.48
71,38001,254,0.56
71,40001,254,0.57
71,42001,254,0.6
71,44001,254,0.52
71,46001,254,0.46
71,48001,254,0.28
71,50001,254,0.5
71,52001,254,0.52
71,54001,254,0.54
71,56001,254,0.5
71,58001,254,0.51
71,60001,254,0.46
71,62001,254,0.29
71,64001,254,0.41
71,65535,254,0.44
81,1,1,1.08
81,2001,1,1.01
81,4001,1,1.1
81,6001,1,1.06
81,8001,1,1.1
81,10001,1,1.07
81,12001,1,1.07
81,14001,1,1.01
81,16001,1,1.04
81,18001,1,1.08
81,20001,1,1.09
81,22001,1,1.09
81,24001,1,1.07
81,26001,1,1.09
81,28001,1,1.08
81,30001,1,1.08
81,32001,1,1.07
81,34001,1,1.07
81,36001,1,1.07
81,38001,1,1.08
81,40001,1,1.05
81,42001,1,1.05
81,44001,1,1.08
81,46001,1,1.09
81,48001,1,1.07
81,50001,1,1.08
81,52001,1,1.06
81,54001,1,1.04
81,56001,1,1.09
81,58001,1,1.08
81,60001,1,1.11
81,62001,1,1.07
81,64001,1,1.1
81,65535,1,1.09
81,1,11,1.09
81,2001,11,1.01
81,4001,11,1.1
81,6001,11,1.06
81,8001,11,1.09
81,10001,11,1.08
81,12001,11,1.06
81,14001,11,1.01
81,16001,11,1.06
81,18001,11,1.08
81,20001,11,1.02
81,22001,11,1.08
81,24001,11,1.06
81,26001,11,1.1
81,28001,11,1.08
81,30001,11,1.06
81,32001,11,1.04
81,34001,11,1.07
81,36001,11,1.07
81,38001,11,1.07
81,40001,11,1.04
81,42001,11,1.06
81,44001,11,1.08
81,46001,11,1.09
81,48001,11,1.08
81,50001,11,1.08
81,52001,11,1.07
81,54001,11,1.04
81,56001,11,1.06
81,58001,11,1.09
81,60001,11,1.1
81,62001,11,1.07
81,64001,11,1.09
81,65535,11,1.08
81,1,21,1.09
81,2001,21,1.02
81,4001,21,1.1
81,6001,21,1.06
81,8001,21,1.09
81,10001,21,1.09
81,12001,21,1.06
81,14001,21,1
81,16001,21,1.08
81,18001,21,1.07
81,20001,21,0.95
81,22001,21,1.06
81,24001,21,1.05
81,26001,21,1.11
81,28001,21,1.07
81,30001,21,1.05
81,32001,21,1
81,34001,21,1.07
81,36001,21,1.06
81,38001,21,1.06
81,40001,21,1.04
81,42001,21,1.07
81,44001,21,1.09
81,46001,21,1.09
81,48001,21,1.08
81,50001,21,1.09
81,52001,21,1.07
81,54001,21,1.05
81,56001,21,1.04
81,58001,21,1.1
81,60001,21,1.09
81,62001,21,1.07
81,64001,21,1.08
81,65535,21,1.08
81,1,31,1.1
81,2001,31,1.02
81,4001,31,1.09
81,6001,31,1.06
81,8001,31,1.09
81,10001,31,1.1
81,12001,31,1.07
81,14001,31,1.02
81,16001,31,1.09
81,18001,31,1.06
81,20001,31,0.89
81,22001,31,1.01
81,24001,31,1.01
81,26001,31,1.06
81,28001,31,1.02
81,30001,31,1.01
81,32001,31,0.97
81,34001,31,1.07
81,36001,31,1.06
81,38001,31,1.05
81,40001,31,1.04
81,42001,31,1.08
81,44001,31,1.09
81,46001,31,1.08
81,48001,31,1.08
81,50001,31,1.09
81,52001,31,1.06
81,54001,31,1.04
81,56001,31,1.02
81,58001,31,1.1
81,60001,31,1.08
81,62001,31,1.07
81,64001,31,1.08
81,65535,31,1.09
81,1,41,1.1
81,2001,41,1.04
81,4001,41,1.09
81,6001,41,1.07
81,8001,41,1.09
81,10001,41,1.1
81,12001,41,1.08
81,14001,41,1.04
81,16001,41,1.1
81,18001,41,1.03
81,20001,41,0.84
81,22001,41,0.94
81,24001,41,0.96
81,26001,41,0.97
81,28001,41,0.95
81,30001,41,0.97
81,32001,41,0.94
81,34001,41,1.07
81,36001,41,1.06
81,38001,41,1.05
81,40001,41,1.05
81,42001,41,1.09
81,44001,41,1.08
81,46001,41,1.08
81,48001,41,1.09
81,50001,41,1.09
81,52001,41,1.04
81,54001,41,1.02
81,56001,41,1.01
81,58001,41,1.08
81,60001,41,1.07
81,62001,41,1.07
81,64001,41,1.08
81,65535,41,1.09
81,1,51,1.09
81,2001,51,1.05
81,4001,51,1.09
81,6001,51,1.07
81,8001,51,1.09
81,10001,51,1.09
81,12001,51,1.1
81,14001,51,1.07
81,16001,51,1.11
81,18001,51,1
81,20001,51,0.83
81,22001,51,0.88
81,24001,51,0.9
81,26001,51,0.88
81,28001,51,0.87
81,30001,51,0.92
81,32001,51,0.93
81,34001,51,1.07
81,36001,51,1.06
81,38001,51,1.06
81,40001,51,1.06
81,42001,51,1.1
81,44001,51,1.08
81,46001,51,1.08
81,48001,51,1.09
81,50001,51,1.08
81,52001,51,1.02
81,54001,51,1.01
81,56001,51,1
81,58001,51,1.07
81,60001,51,1.06
81,62001,51,1.07
81,64001,51,1.07
81,65535,51,1.07
81,1,61,1.08
81,2001,61,1.06
81,4001,61,1.09
81,6001,61,1.07
81,8001,61,1.09
81,10001,61,1.08
81,12001,61,1.11
81,14001,61,1.1
81,16001,61,1.12
81,18001,61,0.98
81,20001,61,0.82
81,22001,61,0.81
81,24001,61,0.85
81,26001,61,0.79
81,28001,61,0.8
81,30001,61,0.87
81,32001,61,0.92
81,34001,61,1.07
81,36001,61,1.06
81,38001,61,1.07
81,40001,61,1.07
81,42001,61,1.11
81,44001,61,1.07
81,46001,61,1.08
81,48001,61,1.09
81,50001,61,1.08
81,52001,61,1
81,54001,61,1
81,56001,61,1
81,58001,61,1.06
81,60001,61,1.05
81,62001,61,1.06
81,64001,61,1.07
81,65535,61,1.06
81,1,71,0.97
81,2001,71,1.05
81,4001,71,1.07
81,6001,71,1.08
81,8001,71,1.08
81,10001,71,1.07
81,12001,71,1.1
81,14001,71,1.08
81,16001,71,1.1
81,18001,71,0.93
81,20001,71,0.82
81,22001,71,0.77
81,24001,71,0.8
81,26001,71,0.75
81,28001,71,0.76
81,30001,71,0.83
81,32001,71,0.91
81,34001,71,1
81,36001,71,1
81,38001,71,1.06
81,40001,71,1.07
81,42001,71,1.11
81,44001,71,1.09
81,46001,71,1.06
81,48001,71,1.06
81,50001,71,1.07
81,52001,71,0.97
81,54001,71,0.98
81,56001,71,0.99
81,58001,71,0.96
81,60001,71,1.03
81,62001,71,1.03
81,64001,71,1.05
81,65535,71,0.97
81,1,81,0.86
81,2001,81,1.03
81,4001,81,1.06
81,6001,81,1.09
81,8001,81,1.06
81,10001,81,1.06
81,12001,81,1.09
81,14001,81,1.07
81,16001,81,1.09
81,18001,81,0.87
81,20001,81,0.82
81,22001,81,0.73
81,24001,81,0.76
81,26001,81,0.71
81,28001,81,0.72
81,30001,81,0.79
81,32001,81,0.9
81,34001,81,0.92
81,36001,81,0.94
81,38001,81,1.05
81,40001,81,1.07
81,42001,81,1.1
81,44001,81,1.12
81,46001,81,1.04
81,48001,81,1.03
81,50001,81,1.06
81,52001,81,0.94
81,54001,81,0.96
81,56001,81,0.98
81,58001,81,0.87
81,60001,81,1.01
81,62001,81,1
81,64001,81,1.03
81,65535,81,0.88
81,1,91,0.75
81,2001,91,0.98
81,4001,91,1.06
81,6001,91,1.09
81,8001,91,1.05
81,10001,91,1.06
81,12001,91,1.08
81,14001,91,1.04
81,16001,91,1.04
81,18001,91,0.82
81,20001,91,0.8
81,22001,91,0.69
81,24001,91,0.71
81,26001,91,0.67
81,28001,91,0.69
81,30001,91,0.75
81,32001,91,0.86
81,34001,91,0.85
81,36001,91,0.89
81,38001,91,1.03
81,40001,91,1.07
81,42001,91,1.1
81,44001,91,1.14
81,46001,91,1.03
81,48001,91,1
81,50001,91,1.05
81,52001,91,0.91
81,54001,91,0.92
81,56001,91,0.93
81,58001,91,0.78
81,60001,91,0.94
81,62001,91,0.92
81,64001,91,0.96
81,65535,91,0.78
81,1,101,0.68
81,2001,101,0.91
81,4001,101,1.08
81,6001,101,1.09
81,8001,101,1.04
81,10001,101,1.06
81,12001,101,1.07
81,14001,101,1.01
81,16001,101,0.97
81,18001,101,0.78
81,20001,101,0.76
81,22001,101,0.66
81,24001,101,0.68
81,26001,101,0.63
81,28001,101,0.66
81,30001,101,0.72
81,32001,101,0.81
81,34001,101,0.8
81,36001,101,0.85
81,38001,101,1.02
81,40001,101,1.07
81,42001,101,1.09
81,44001,101,1.15
81,46001,101,1.02
81,48001,101,0.98
81,50001,101,1.04
81,52001,101,0.89
81,54001,101,0.86
81,56001,101,0.85
81,58001,101,0.71
81,60001,101,0.83
81,62001,101,0.82
81,64001,101,0.86
81,65535,101,0.72
81,1,111,0.65
81,2001,111,0.84
81,4001,111,1.09
81,6001,111,1.08
81,8001,111,1.04
81,10001,111,1.06
81,12001,111,1.07
81,14001,111,0.98
81,16001,111,0.9
81,18001,111,0.77
81,20001,111,0.72
81,22001,111,0.66
81,24001,111,0.66
81,26001,111,0.6
81,28001,111,0.64
81,30001,111,0.69
81,32001,111,0.76
81,34001,111,0.78
81,36001,111,0.83
81,38001,111,1
81,40001,111,1.07
81,42001,111,1.09
81,44001,111,1.15
81,46001,111,1.02
81,48001,111,0.98
81,50001,111,1.03
81,52001,111,0.87
81,54001,111,0.79
81,56001,111,0.77
81,58001,111,0.66
81,60001,111,0.72
81,62001,111,0.71
81,64001,111,0.76
81,65535,111,0.7
81,1,121,0.63
81,2001,121,0.76
81,4001,121,1.11
81,6001,121,1.06
81,8001,121,1.03
81,10001,121,1.07
81,12001,121,1.06
81,14001,121,0.95
81,16001,121,0.83
81,18001,121,0.75
81,20001,121,0.69
81,22001,121,0.65
81,24001,121,0.65
81,26001,121,0.56
81,28001,121,0.61
81,30001,121,0.66
81,32001,121,0.7
81,34001,121,0.76
81,36001,121,0.81
81,38001,121,0.99
81,40001,121,1.08
81,42001,121,1.09
81,44001,121,1.16
81,46001,121,1.02
81,48001,121,0.98
81,50001,121,1.02
81,52001,121,0.85
81,54001,121,0.73
81,56001,121,0.69
81,58001,121,0.61
81,60001,121,0.62
81,62001,121,0.6
81,64001,121,0.66
81,65535,121,0.69
81,1,131,0.64
81,2001,131,0.74
81,4001,131,1.02
81,6001,131,1.06
81,8001,131,1.05
81,10001,131,1.08
81,12001,131,1.07
81,14001,131,0.92
81,16001,131,0.81
81,18001,131,0.72
81,20001,131,0.67
81,22001,131,0.65
81,24001,131,0.63
81,26001,131,0.57
81,28001,131,0.62
81,30001,131,0.63
81,32001,131,0.68
81,34001,131,0.74
81,36001,131,0.78
81,38001,131,0.97
81,40001,131,1.02
81,42001,131,1.08
81,44001,131,1.06
81,46001,131,0.99
81,48001,131,0.9
81,50001,131,1.01
81,52001,131,0.85
81,54001,131,0.72
81,56001,131,0.68
81,58001,131,0.6
81,60001,131,0.62
81,62001,131,0.58
81,64001,131,0.63
81,65535,131,0.66
81,1,141,0.65
81,2001,141,0.72
81,4001,141,0.94
81,6001,141,1.07
81,8001,141,1.06
81,10001,141,1.09
81,12001,141,1.07
81,14001,141,0.89
81,16001,141,0.78
81,18001,141,0.69
81,20001,141,0.65
81,22001,141,0.64
81,24001,141,0.62
81,26001,141,0.58
81,28001,141,0.62
81,30001,141,0.6
81,32001,141,0.66
81,34001,141,0.73
81,36001,141,0.74
81,38001,141,0.95
81,40001,141,0.96
81,42001,141,1.07
81,44001,141,0.97
81,46001,141,0.96
81,48001,141,0.82
81,50001,141,1.01
81,52001,141,0.86
81,54001,141,0.71
81,56001,141,0.68
81,58001,141,0.58
81,60001,141,0.61
81,62001,141,0.56
81,64001,141,0.59
81,65535,141,0.63
81,1,151,0.64
81,2001,151,0.7
81,4001,151,0.85
81,6001,151,1.07
81,8001,151,1.07
81,10001,151,1.08
81,12001,151,1.07
81,14001,151,0.86
81,16001,151,0.75
81,18001,151,0.66
81,20001,151,0.63
81,22001,151,0.62
81,24001,151,0.6
81,26001,151,0.58
81,28001,151,0.61
81,30001,151,0.56
81,32001,151,0.63
81,34001,151,0.7
81,36001,151,0.71
81,38001,151,0.91
81,40001,151,0.9
81,42001,151,1.05
81,44001,151,0.88
81,46001,151,0.9
81,48001,151,0.74
81,50001,151,0.96
81,52001,151,0.86
81,54001,151,0.69
81,56001,151,0.67
81,58001,151,0.57
81,60001,151,0.6
81,62001,151,0.54
81,64001,151,0.56
81,65535,151,0.59
81,1,161,0.61
81,2001,161,0.68
81,4001,161,0.8
81,6001,161,1.08
81,8001,161,1.08
81,10001,161,1.08
81,12001,161,1.06
81,14001,161,0.85
81,16001,161,0.73
81,18001,161,0.65
81,20001,161,0.61
81,22001,161,0.6
81,24001,161,0.58
81,26001,161,0.56
81,28001,161,0.59
81,30001,161,0.55
81,32001,161,0.62
81,34001,161,0.67
81,36001,161,0.69
81,38001,161,0.85
81,40001,161,0.86
81,42001,161,1.02
81,44001,161,0.81
81,46001,161,0.81
81,48001,161,0.69
81,50001,161,0.9
81,52001,161,0.85
81,54001,161,0.68
81,56001,161,0.66
81,58001,161,0.56
81,60001,161,0.59
81,62001,161,0.52
81,64001,161,0.54
81,65535,161,0.55
81,1,171,0.58
81,2001,171,0.68
81,4001,171,0.8
81,6001,171,1.1
81,8001,171,1.08
81,10001,171,1.07
81,12001,171,1.06
81,14001,171,0.85
81,16001,171,0.71
81,18001,171,0.65
81,20001,171,0.6
81,22001,171,0.58
81,24001,171,0.56
81,26001,171,0.55
81,28001,171,0.57
81,30001,171,0.56
81,32001,171,0.61
81,34001,171,0.64
81,36001,171,0.69
81,38001,171,0.8
81,40001,171,0.84
81,42001,171,0.98
81,44001,171,0.79
81,46001,171,0.73
81,48001,171,0.66
81,50001,171,0.83
81,52001,171,0.84
81,54001,171,0.68
81,56001,171,0.65
81,58001,171,0.56
81,60001,171,0.58
81,62001,171,0.5
81,64001,171,0.54
81,65535,171,0.56
81,1,181,0.55
81,2001,181,0.67
81,4001,181,0.79
81,6001,181,1.13
81,8001,181,1.09
81,10001,181,1.06
81,12001,181,1.05
81,14001,181,0.85
81,16001,181,0.68
81,18001,181,0.65
81,20001,181,0.59
81,22001,181,0.56
81,24001,181,0.54
81,26001,181,0.54
81,28001,181,0.56
81,30001,181,0.56
81,32001,181,0.6
81,34001,181,0.61
81,36001,181,0.68
81,38001,181,0.74
81,40001,181,0.82
81,42001,181,0.95
81,44001,181,0.77
81,46001,181,0.64
81,48001,181,0.63
81,50001,181,0.76
81,52001,181,0.84
81,54001,181,0.68
81,56001,181,0.63
81,58001,181,0.56
81,60001,181,0.56
81,62001,181,0.47
81,64001,181,0.55
81,65535,181,0.56
81,1,191,0.54
81,2001,191,0.67
81,4001,191,0.78
81,6001,191,1.02
81,8001,191,0.99
81,10001,191,0.98
81,12001,191,0.99
81,14001,191,0.81
81,16001,191,0.69
81,18001,191,0.64
81,20001,191,0.56
81,22001,191,0.57
81,24001,191,0.52
81,26001,191,0.54
81,28001,191,0.55
81,30001,191,0.52
81,32001,191,0.6
81,34001,191,0.61
81,36001,191,0.65
81,38001,191,0.74
81,40001,191,0.8
81,42001,191,0.94
81,44001,191,0.73
81,46001,191,0.6
81,48001,191,0.6
81,50001,191,0.75
81,52001,191,0.83
81,54001,191,0.67
81,56001,191,0.62
81,58001,191,0.56
81,60001,191,0.54
81,62001,191,0.49
81,64001,191,0.53
81,65535,191,0.51
81,1,201,0.53
81,2001,201,0.66
81,4001,201,0.77
81,6001,201,0.91
81,8001,201,0.9
81,10001,201,0.89
81,12001,201,0.93
81,14001,201,0.77
81,16001,201,0.7
81,18001,201,0.64
81,20001,201,0.54
81,22001,201,0.57
81,24001,201,0.51
81,26001,201,0.55
81,28001,201,0.54
81,30001,201,0.48
81,32001,201,0.6
81,34001,201,0.6
81,36001,201,0.63
81,38001,201,0.74
81,40001,201,0.78
81,42001,201,0.93
81,44001,201,0.69
81,46001,201,0.56
81,48001,201,0.58
81,50001,201,0.73
81,52001,201,0.82
81,54001,201,0.66
81,56001,201,0.6
81,58001,201,0.55
81,60001,201,0.52
81,62001,201,0.51
81,64001,201,0.51
81,65535,201,0.51
81,1,211,0.52
81,2001,211,0.63
81,4001,211,0.73
81,6001,211,0.8
81,8001,211,0.8
81,10001,211,0.81
81,12001,211,0.87
81,14001,211,0.73
81,16001,211,0.69
81,18001,211,0.63
81,20001,211,0.51
81,22001,211,0.57
81,24001,211,0.49
81,26001,211,0.55
81,28001,211,0.53
81,30001,211,0.47
81,32001,211,0.59
81,34001,211,0.6
81,36001,211,0.6
81,38001,211,0.73
81,40001,211,0.76
81,42001,211,0.88
81,44001,211,0.64
81,46001,211,0.52
81,48001,211,0.55
81,50001,211,0.7
81,52001,211,0.8
81,54001,211,0.65
81,56001,211,0.59
81,58001,211,0.55
81,60001,211,0.5
81,62001,211,0.52
81,64001,211,0.49
81,65535,211,0.5
81,1,221,0.51
81,2001,221,0.58
81,4001,221,0.67
81,6001,221,0.72
81,8001,221,0.7
81,10001,221,0.75
81,12001,221,0.82
81,14001,221,0.71
81,16001,221,0.67
81,18001,221,0.63
81,20001,221,0.49
81,22001,221,0.56
81,24001,221,0.49
81,26001,221,0.55
81,28001,221,0.52
81,30001,221,0.47
81,32001,221,0.57
81,34001,221,0.59
81,36001,221,0.58
81,38001,221,0.69
81,40001,221,0.74
81,42001,221,0.82
81,44001,221,0.61
81,46001,221,0.49
81,48001,221,0.52
81,50001,221,0.67
81,52001,221,0.78
81,54001,221,0.64
81,56001,221,0.58
81,58001,221,0.55
81,60001,221,0.49
81,62001,221,0.51
81,64001,221,0.46
81,65535,221,0.49
81,1,231,0.5
81,2001,231,0.53
81,4001,231,0.6
81,6001,231,0.69
81,8001,231,0.6
81,10001,231,0.73
81,12001,231,0.8
81,14001,231,0.7
81,16001,231,0.65
81,18001,231,0.63
81,20001,231,0.49
81,22001,231,0.55
81,24001,231,0.5
81,26001,231,0.55
81,28001,231,0.53
81,30001,231,0.47
81,32001,231,0.55
81,34001,231,0.57
81,36001,231,0.56
81,38001,231,0.66
81,40001,231,0.73
81,42001,231,0.76
81,44001,231,0.6
81,46001,231,0.47
81,48001,231,0.5
81,50001,231,0.63
81,52001,231,0.75
81,54001,231,0.64
81,56001,231,0.57
81,58001,231,0.55
81,60001,231,0.49
81,62001,231,0.5
81,64001,231,0.41
81,65535,231,0.47
81,1,241,0.49
81,2001,241,0.48
81,4001,241,0.54
81,6001,241,0.67
81,8001,241,0.49
81,10001,241,0.71
81,12001,241,0.78
81,14001,241,0.69
81,16001,241,0.64
81,18001,241,0.63
81,20001,241,0.49
81,22001,241,0.53
81,24001,241,0.51
81,26001,241,0.54
81,28001,241,0.53
81,30001,241,0.47
81,32001,241,0.54
81,34001,241,0.56
81,36001,241,0.55
81,38001,241,0.63
81,40001,241,0.72
81,42001,241,0.7
81,44001,241,0.59
81,46001,241,0.46
81,48001,241,0.47
81,50001,241,0.6
81,52001,241,0.73
81,54001,241,0.64
81,56001,241,0.56
81,58001,241,0.56
81,60001,241,0.48
81,62001,241,0.49
81,64001,241,0.37
81,65535,241,0.46
81,1,251,0.45
81,2001,251,0.46
81,4001,251,0.53
81,6001,251,0.62
81,8001,251,0.54
81,10001,251,0.69
81,12001,251,0.71
81,14001,251,0.71
81,16001,251,0.64
81,18001,251,0.57
81,20001,251,0.56
81,22001,251,0.62
81,24001,251,0.5
81,26001,251,0.51
81,28001,251,0.5
81,30001,251,0.43
81,32001,251,0.52
81,34001,251,0.56
81,36001,251,0.55
81,38001,251,0.66
81,40001,251,0.69
81,42001,251,0.7
81,44001,251,0.62
81,46001,251,0.51
81,48001,251,0.4
81,50001,251,0.57
81,52001,251,0.67
81,54001,251,0.62
81,56001,251,0.54
81,58001,251,0.56
81,60001,251,0.51
81,62001,251,0.44
81,64001,251,0.39
81,65535,251,0.46
81,1,254,0.43
81,2001,254,0.48
81,4001,254,0.53
81,6001,254,0.62
81,8001,254,0.62
81,10001,254,0.68
81,12001,254,0.7
81,14001,254,0.7
81,16001,254,0.64
81,18001,254,0.56
81,20001,254,0.59
81,22001,254,0.61
81,24001,254,0.5
81,26001,254,0.47
81,28001,254,0.5
81,30001,254,0.4
81,32001,254,0.52
81,34001,254,0.56
81,36001,254,0.55
81,38001,254,0.65
81,40001,254,0.67
81,42001,254,0.7
81,44001,254,0.61
81,46001,254,0.52
81,48001,254,0.37
81,50001,254,0.57
81,52001,254,0.63
81,54001,254,0.62
81,56001,254,0.55
81,58001,254,0.54
81,60001,254,0.51
81,62001,254,0.39
81,64001,254,0.44
81,65535,254,0.49
91,1,1,1.26
91,2001,1,1.19
91,4001,1,1.28
91,6001,1,1.24
91,8001,1,1.26
91,10001,1,1.25
91,12001,1,1.24
91,14001,1,1.16
91,16001,1,1.22
91,18001,1,1.26
91,20001,1,1.28
91,22001,1,1.28
91,24001,1,1.25
91,26001,1,1.29
91,28001,1,1.27
91,30001,1,1.25
91,32001,1,1.25
91,34001,1,1.23
91,36001,1,1.24
91,38001,1,1.27
91,40001,1,1.22
91,42001,1,1.23
91,44001,1,1.26
91,46001,1,1.27
91,48001,1,1.25
91,50001,1,1.26
91,52001,1,1.24
91,54001,1,1.22
91,56001,1,1.28
91,58001,1,1.26
91,60001,1,1.3
91,62001,1,1.24
91,64001,1,1.28
91,65535,1,1.25
91,1,11,1.27
91,2001,11,1.19
91,4001,11,1.28
91,6001,11,1.24
91,8001,11,1.26
91,10001,11,1.26
91,12001,11,1.24
91,14001,11,1.16
91,16001,11,1.23
91,18001,11,1.26
91,20001,11,1.22
91,22001,11,1.26
91,24001,11,1.24
91,26001,11,1.3
91,28001,11,1.27
91,30001,11,1.23
91,32001,11,1.21
91,34001,11,1.23
91,36001,11,1.24
91,38001,11,1.26
91,40001,11,1.21
91,42001,11,1.24
91,44001,11,1.27
91,46001,11,1.27
91,48001,11,1.26
91,50001,11,1.26
91,52001,11,1.25
91,54001,11,1.22
91,56001,11,1.26
91,58001,11,1.27
91,60001,11,1.29
91,62001,11,1.24
91,64001,11,1.28
91,65535,11,1.25
91,1,21,1.27
91,2001,21,1.2
91,4001,21,1.28
91,6001,21,1.24
91,8001,21,1.26
91,10001,21,1.27
91,12001,21,1.25
91,14001,21,1.18
91,16001,21,1.25
91,18001,21,1.24
91,20001,21,1.15
91,22001,21,1.21
91,24001,21,1.19
91,26001,21,1.23
91,28001,21,1.2
91,30001,21,1.19
91,32001,21,1.18
91,34001,21,1.23
91,36001,21,1.24
91,38001,21,1.25
91,40001,21,1.22
91,42001,21,1.25
91,44001,21,1.27
91,46001,21,1.27
91,48001,21,1.26
91,50001,21,1.26
91,52001,21,1.23
91,54001,21,1.21
91,56001,21,1.23
91,58001,21,1.26
91,60001,21,1.28
91,62001,21,1.24
91,64001,21,1.27
91,65535,21,1.24
91,1,31,1.28
91,2001,31,1.22
91,4001,31,1.27
91,6001,31,1.24
91,8001,31,1.26
91,10001,31,1.28
91,12001,31,1.26
91,14001,31,1.2
91,16001,31,1.27
91,18001,31,1.21
91,20001,31,1.08
91,22001,31,1.14
91,24001,31,1.14
91,26001,31,1.14
91,28001,31,1.13
91,30001,31,1.15
91,32001,31,1.14
91,34001,31,1.23
91,36001,31,1.24
91,38001,31,1.24
91,40001,31,1.23
91,42001,31,1.26
91,44001,31,1.26
91,46001,31,1.26
91,48001,31,1.26
91,50001,31,1.26
91,52001,31,1.21
91,54001,31,1.19
91,56001,31,1.21
91,58001,31,1.25
91,60001,31,1.27
91,62001,31,1.24
91,64001,31,1.27
91,65535,31,1.25
91,1,41,1.28
91,2001,41,1.23
91,4001,41,1.27
91,6001,41,1.24
91,8001,41,1.26
91,10001,41,1.29
91,12001,41,1.27
91,14001,41,1.23
91,16001,41,1.28
91,18001,41,1.19
91,20001,41,1.02
91,22001,41,1.07
91,24001,41,1.08
91,26001,41,1.05
91,28001,41,1.05
91,30001,41,1.1
91,32001,41,1.11
91,34001,41,1.23
91,36001,41,1.24
91,38001,41,1.23
91,40001,41,1.24
91,42001,41,1.27
91,44001,41,1.26
91,46001,41,1.26
91,48001,41,1.27
91,50001,41,1.26
91,52001,41,1.19
91,54001,41,1.18
91,56001,41,1.19
91,58001,41,1.23
91,60001,41,1.26
91,62001,41,1.24
91,64001,41,1.27
91,65535,41,1.26
91,1,51,1.28
91,2001,51,1.24
91,4001,51,1.27
91,6001,51,1.24
91,8001,51,1.26
91,10001,51,1.29
91,12001,51,1.29
91,14001,51,1.26
91,16001,51,1.3
91,18001,51,1.16
91,20001,51,0.96
91,22001,51,1.01
91,24001,51,1.03
91,26001,51,0.96
91,28001,51,0.98
91,30001,51,1.05
91,32001,51,1.08
91,34001,51,1.23
91,36001,51,1.24
91,38001,51,1.23
91,40001,51,1.25
91,42001,51,1.28
91,44001,51,1.25
91,46001,51,1.26
91,48001,51,1.27
91,50001,51,1.26
91,52001,51,1.17
91,54001,51,1.17
91,56001,51,1.17
91,58001,51,1.22
91,60001,51,1.25
91,62001,51,1.23
91,64001,51,1.26
91,65535,51,1.26
91,1,61,1.27
91,2001,61,1.25
91,4001,61,1.26
91,6001,61,1.25
91,8001,61,1.27
91,10001,61,1.28
91,12001,61,1.3
91,14001,61,1.28
91,16001,61,1.3
91,18001,61,1.13
91,20001,61,0.95
91,22001,61,0.94
91,24001,61,0.97
91,26001,61,0.87
91,28001,61,0.9
91,30001,61,1.01
91,32001,61,1.07
91,34001,61,1.23
91,36001,61,1.23
91,38001,61,1.24
91,40001,61,1.26
91,42001,61,1.29
91,44001,61,1.25
91,46001,61,1.26
91,48001,61,1.27
91,50001,61,1.26
91,52001,61,1.14
91,54001,61,1.15
91,56001,61,1.17
91,58001,61,1.21
91,60001,61,1.24
91,62001,61,1.23
91,64001,61,1.26
91,65535,61,1.25
91,1,71,1.17
91,2001,71,1.24
91,4001,71,1.25
91,6001,71,1.25
91,8001,71,1.25
91,10001,71,1.27
91,12001,71,1.29
91,14001,71,1.27
91,16001,71,1.29
91,18001,71,1.08
91,20001,71,0.95
91,22001,71,0.9
91,24001,71,0.93
91,26001,71,0.84
91,28001,71,0.87
91,30001,71,0.97
91,32001,71,1.05
91,34001,71,1.16
91,36001,71,1.18
91,38001,71,1.23
91,40001,71,1.26
91,42001,71,1.29
91,44001,71,1.27
91,46001,71,1.24
91,48001,71,1.24
91,50001,71,1.24
91,52001,71,1.12
91,54001,71,1.14
91,56001,71,1.16
91,58001,71,1.12
91,60001,71,1.22
91,62001,71,1.2
91,64001,71,1.24
91,65535,71,1.16
91,1,81,1.06
91,2001,81,1.18
91,4001,81,1.26
91,6001,81,1.26
91,8001,81,1.24
91,10001,81,1.26
91,12001,81,1.28
91,14001,81,1.24
91,16001,81,1.23
91,18001,81,1.03
91,20001,81,0.92
91,22001,81,0.86
91,24001,81,0.88
91,26001,81,0.8
91,28001,81,0.83
91,30001,81,0.93
91,32001,81,1.01
91,34001,81,1.09
91,36001,81,1.12
91,38001,81,1.21
91,40001,81,1.26
91,42001,81,1.28
91,44001,81,1.29
91,46001,81,1.22
91,48001,81,1.21
91,50001,81,1.23
91,52001,81,1.09
91,54001,81,1.08
91,56001,81,1.1
91,58001,81,1.02
91,60001,81,1.13
91,62001,81,1.11
91,64001,81,1.16
91,65535,81,1.07
91,1,91,0.95
91,2001,91,1.1
91,4001,91,1.27
91,6001,91,1.27
91,8001,91,1.24
91,10001,91,1.26
91,12001,91,1.27
91,14001,91,1.21
91,16001,91,1.16
91,18001,91,0.98
91,20001,91,0.88
91,22001,91,0.82
91,24001,91,0.84
91,26001,91,0.76
91,28001,91,0.79
91,30001,91,0.89
91,32001,91,0.96
91,34001,91,1.02
91,36001,91,1.06
91,38001,91,1.2
91,40001,91,1.26
91,42001,91,1.28
91,44001,91,1.31
91,46001,91,1.21
91,48001,91,1.18
91,50001,91,1.22
91,52001,91,1.06
91,54001,91,1.02
91,56001,91,1.02
91,58001,91,0.93
91,60001,91,1.02
91,62001,91,1
91,64001,91,1.06
91,65535,91,0.97
91,1,101,0.84
91,2001,101,1.03
91,4001,101,1.29
91,6001,101,1.27
91,8001,101,1.23
91,10001,101,1.25
91,12001,101,1.25
91,14001,101,1.18
91,16001,101,1.09
91,18001,101,0.93
91,20001,101,0.85
91,22001,101,0.78
91,24001,101,0.79
91,26001,101,0.72
91,28001,101,0.76
91,30001,101,0.85
91,32001,101,0.9
91,34001,101,0.95
91,36001,101,1.01
91,38001,101,1.18
91,40001,101,1.26
91,42001,101,1.27
91,44001,101,1.33
91,46001,101,1.19
91,48001,101,1.15
91,50001,101,1.21
91,52001,101,1.03
91,54001,101,0.96
91,56001,101,0.94
91,58001,101,0.84
91,60001,101,0.92
91,62001,101,0.9
91,64001,101,0.95
91,65535,101,0.89
91,1,111,0.75
91,2001,111,0.96
91,4001,111,1.3
91,6001,111,1.27
91,8001,111,1.23
91,10001,111,1.25
91,12001,111,1.24
91,14001,111,1.15
91,16001,111,1.02
91,18001,111,0.88
91,20001,111,0.82
91,22001,111,0.75
91,24001,111,0.76
91,26001,111,0.68
91,28001,111,0.72
91,30001,111,0.81
91,32001,111,0.85
91,34001,111,0.89
91,36001,111,0.96
91,38001,111,1.17
91,40001,111,1.25
91,42001,111,1.27
91,44001,111,1.35
91,46001,111,1.18
91,48001,111,1.13
91,50001,111,1.2
91,52001,111,1
91,54001,111,0.9
91,56001,111,0.86
91,58001,111,0.76
91,60001,111,0.82
91,62001,111,0.79
91,64001,111,0.85
91,65535,111,0.87
91,1,121,0.72
91,2001,121,0.88
91,4001,121,1.32
91,6001,121,1.26
91,8001,121,1.22
91,10001,121,1.26
91,12001,121,1.24
91,14001,121,1.12
91,16001,121,0.95
91,18001,121,0.86
91,20001,121,0.78
91,22001,121,0.74
91,24001,121,0.74
91,26001,121,0.64
91,28001,121,0.7
91,30001,121,0.78
91,32001,121,0.8
91,34001,121,0.86
91,36001,121,0.94
91,38001,121,1.15
91,40001,121,1.26
91,42001,121,1.27
91,44001,121,1.35
91,46001,121,1.18
91,48001,121,1.12
91,50001,121,1.19
91,52001,121,0.98
91,54001,121,0.84
91,56001,121,0.78
91,58001,121,0.71
91,60001,121,0.71
91,62001,121,0.68
91,64001,121,0.75
91,65535,121,0.78
91,1,131,0.74
91,2001,131,0.86
91,4001,131,1.23
91,6001,131,1.26
91,8001,131,1.24
91,10001,131,1.26
91,12001,131,1.25
91,14001,131,1.09
91,16001,131,0.93
91,18001,131,0.84
91,20001,131,0.76
91,22001,131,0.74
91,24001,131,0.72
91,26001,131,0.66
91,28001,131,0.7
91,30001,131,0.75
91,32001,131,0.77
91,34001,131,0.85
91,36001,131,0.91
91,38001,131,1.14
91,40001,131,1.2
91,42001,131,1.26
91,44001,131,1.26
91,46001,131,1.15
91,48001,131,1.05
91,50001,131,1.18
91,52001,131,0.99
91,54001,131,0.82
91,56001,131,0.77
91,58001,131,0.7
91,60001,131,0.71
91,62001,131,0.66
91,64001,131,0.72
91,65535,131,0.75
91,1,141,0.72
91,2001,141,0.84
91,4001,141,1.15
91,6001,141,1.27
91,8001,141,1.24
91,10001,141,1.26
91,12001,141,1.24
91,14001,141,1.06
91,16001,141,0.9
91,18001,141,0.81
91,20001,141,0.74
91,22001,141,0.72
91,24001,141,0.71
91,26001,141,0.65
91,28001,141,0.69
91,30001,141,0.72
91,32001,141,0.75
91,34001,141,0.82
91,36001,141,0.87
91,38001,141,1.09
91,40001,141,1.14
91,42001,141,1.23
91,44001,141,1.17
91,46001,141,1.08
91,48001,141,0.97
91,50001,141,1.13
91,52001,141,0.98
91,54001,141,0.81
91,56001,141,0.76
91,58001,141,0.68
91,60001,141,0.7
91,62001,141,0.64
91,64001,141,0.68
91,65535,141,0.71
91,1,151,0.69
91,2001,151,0.82
91,4001,151,1.06
91,6001,151,1.27
91,8001,151,1.25
91,10001,151,1.25
91,12001,151,1.24
91,14001,151,1.03
91,16001,151,0.87
91,18001,151,0.78
91,20001,151,0.72
91,22001,151,0.7
91,24001,151,0.69
91,26001,151,0.63
91,28001,151,0.67
91,30001,151,0.68
91,32001,151,0.73
91,34001,151,0.79
91,36001,151,0.84
91,38001,151,1.03
91,40001,151,1.08
91,42001,151,1.2
91,44001,151,1.07
91,46001,151,0.99
91,48001,151,0.89
91,50001,151,1.06
91,52001,151,0.98
91,54001,151,0.8
91,56001,151,0.75
91,58001,151,0.67
91,60001,151,0.68
91,62001,151,0.62
91,64001,151,0.65
91,65535,151,0.68
91,1,161,0.66
91,2001,161,0.8
91,4001,161,0.98
91,6001,161,1.27
91,8001,161,1.25
91,10001,161,1.25
91,12001,161,1.23
91,14001,161,1
91,16001,161,0.85
91,18001,161,0.75
91,20001,161,0.7
91,22001,161,0.67
91,24001,161,0.67
91,26001,161,0.62
91,28001,161,0.66
91,30001,161,0.65
91,32001,161,0.7
91,34001,161,0.76
91,36001,161,0.81
91,38001,161,0.97
91,40001,161,1.02
91,42001,161,1.17
91,44001,161,0.98
91,46001,161,0.91
91,48001,161,0.81
91,50001,161,1
91,52001,161,0.97
91,54001,161,0.78
91,56001,161,0.74
91,58001,161,0.65
91,60001,161,0.67
91,62001,161,0.6
91,64001,161,0.62
91,65535,161,0.64
91,1,171,0.63
91,2001,171,0.78
91,4001,171,0.91
91,6001,171,1.28
91,8001,171,1.26
91,10001,171,1.24
91,12001,171,1.23
91,14001,171,0.98
91,16001,171,0.82
91,18001,171,0.73
91,20001,171,0.68
91,22001,171,0.65
91,24001,171,0.66
91,26001,171,0.61
91,28001,171,0.64
91,30001,171,0.62
91,32001,171,0.68
91,34001,171,0.73
91,36001,171,0.78
91,38001,171,0.91
91,40001,171,0.97
91,42001,171,1.14
91,44001,171,0.9
91,46001,171,0.82
91,48001,171,0.74
91,50001,171,0.93
91,52001,171,0.96
91,54001,171,0.77
91,56001,171,0.73
91,58001,171,0.64
91,60001,171,0.66
91,62001,171,0.57
91,64001,171,0.59
91,65535,171,0.64
91,1,181,0.6
91,2001,181,0.77
91,4001,181,0.91
91,6001,181,1.3
91,8001,181,1.26
91,10001,181,1.23
91,12001,181,1.22
91,14001,181,0.98
91,16001,181,0.8
91,18001,181,0.73
91,20001,181,0.67
91,22001,181,0.63
91,24001,181,0.63
91,26001,181,0.59
91,28001,181,0.62
91,30001,181,0.63
91,32001,181,0.68
91,34001,181,0.69
91,36001,181,0.78
91,38001,181,0.85
91,40001,181,0.96
91,42001,181,1.11
91,44001,181,0.88
91,46001,181,0.74
91,48001,181,0.72
91,50001,181,0.86
91,52001,181,0.96
91,54001,181,0.77
91,56001,181,0.72
91,58001,181,0.64
91,60001,181,0.64
91,62001,181,0.55
91,64001,181,0.59
91,65535,181,0.61
91,1,191,0.59
91,2001,191,0.77
91,4001,191,0.9
91,6001,191,1.19
91,8001,191,1.17
91,10001,191,1.15
91,12001,191,1.16
91,14001,191,0.94
91,16001,191,0.8
91,18001,191,0.72
91,20001,191,0.64
91,22001,191,0.64
91,24001,191,0.62
91,26001,191,0.6
91,28001,191,0.61
91,30001,191,0.59
91,32001,191,0.67
91,34001,191,0.69
91,36001,191,0.75
91,38001,191,0.86
91,40001,191,0.93
91,42001,191,1.09
91,44001,191,0.84
91,46001,191,0.69
91,48001,191,0.69
91,50001,191,0.85
91,52001,191,0.95
91,54001,191,0.76
91,56001,191,0.71
91,58001,191,0.64
91,60001,191,0.62
91,62001,191,0.57
91,64001,191,0.58
91,65535,191,0.58
91,1,201,0.58
91,2001,201,0.72
91,4001,201,0.84
91,6001,201,1.08
91,8001,201,1.07
91,10001,201,1.06
91,12001,201,1.1
91,14001,201,0.9
91,16001,201,0.79
91,18001,201,0.72
91,20001,201,0.62
91,22001,201,0.63
91,24001,201,0.6
91,26001,201,0.6
91,28001,201,0.6
91,30001,201,0.59
91,32001,201,0.66
91,34001,201,0.68
91,36001,201,0.72
91,38001,201,0.83
91,40001,201,0.91
91,42001,201,1.04
91,44001,201,0.8
91,46001,201,0.65
91,48001,201,0.66
91,50001,201,0.81
91,52001,201,0.93
91,54001,201,0.75
91,56001,201,0.69
91,58001,201,0.63
91,60001,201,0.6
91,62001,201,0.57
91,64001,201,0.56
91,65535,201,0.58
91,1,211,0.57
91,2001,211,0.67
91,4001,211,0.78
91,6001,211,0.97
91,8001,211,0.97
91,10001,211,0.98
91,12001,211,1.04
91,14001,211,0.86
91,16001,211,0.77
91,18001,211,0.72
91,20001,211,0.59
91,22001,211,0.62
91,24001,211,0.59
91,26001,211,0.6
91,28001,211,0.59
91,30001,211,0.59
91,32001,211,0.64
91,34001,211,0.67
91,36001,211,0.69
91,38001,211,0.8
91,40001,211,0.89
91,42001,211,0.98
91,44001,211,0.75
91,46001,211,0.61
91,48001,211,0.64
91,50001,211,0.78
91,52001,211,0.9
91,54001,211,0.74
91,56001,211,0.68
91,58001,211,0.63
91,60001,211,0.58
91,62001,211,0.56
91,64001,211,0.54
91,65535,211,0.57
91,1,221,0.56
91,2001,221,0.62
91,4001,221,0.72
91,6001,221,0.86
91,8001,221,0.86
91,10001,221,0.89
91,12001,221,0.98
91,14001,221,0.82
91,16001,221,0.75
91,18001,221,0.72
91,20001,221,0.56
91,22001,221,0.61
91,24001,221,0.57
91,26001,221,0.59
91,28001,221,0.58
91,30001,221,0.59
91,32001,221,0.63
91,34001,221,0.66
91,36001,221,0.66
91,38001,221,0.76
91,40001,221,0.87
91,42001,221,0.92
91,44001,221,0.71
91,46001,221,0.57
91,48001,221,0.61
91,50001,221,0.74
91,52001,221,0.88
91,54001,221,0.73
91,56001,221,0.66
91,58001,221,0.63
91,60001,221,0.56
91,62001,221,0.55
91,64001,221,0.52
91,65535,221,0.56
91,1,231,0.55
91,2001,231,0.57
91,4001,231,0.65
91,6001,231,0.77
91,8001,231,0.76
91,10001,231,0.82
91,12001,231,0.92
91,14001,231,0.79
91,16001,231,0.74
91,18001,231,0.72
91,20001,231,0.54
91,22001,231,0.59
91,24001,231,0.56
91,26001,231,0.59
91,28001,231,0.58
91,30001,231,0.59
91,32001,231,0.61
91,34001,231,0.65
91,36001,231,0.64
91,38001,231,0.73
91,40001,231,0.85
91,42001,231,0.86
91,44001,231,0.67
91,46001,231,0.53
91,48001,231,0.59
91,50001,231,0.71
91,52001,231,0.85
91,54001,231,0.72
91,56001,231,0.65
91,58001,231,0.62
91,60001,231,0.55
91,62001,231,0.54
91,64001,231,0.5
91,65535,231,0.54
91,1,241,0.54
91,2001,241,0.52
91,4001,241,0.59
91,6001,241,0.74
91,8001,241,0.66
91,10001,241,0.8
91,12001,241,0.9
91,14001,241,0.78
91,16001,241,0.72
91,18001,241,0.72
91,20001,241,0.54
91,22001,241,0.58
91,24001,241,0.58
91,26001,241,0.59
91,28001,241,0.58
91,30001,241,0.59
91,32001,241,0.59
91,34001,241,0.64
91,36001,241,0.63
91,38001,241,0.7
91,40001,241,0.84
91,42001,241,0.8
91,44001,241,0.66
91,46001,241,0.52
91,48001,241,0.56
91,50001,241,0.67
91,52001,241,0.83
91,54001,241,0.72
91,56001,241,0.64
91,58001,241,0.63
91,60001,241,0.54
91,62001,241,0.54
91,64001,241,0.45
91,65535,241,0.53
91,1,251,0.51
91,2001,251,0.55
91,4001,251,0.59
91,6001,251,0.68
91,8001,251,0.64
91,10001,251,0.79
91,12001,251,0.82
91,14001,251,0.82
91,16001,251,0.73
91,18001,251,0.64
91,20001,251,0.64
91,22001,251,0.69
91,24001,251,0.56
91,26001,251,0.59
91,28001,251,0.55
91,30001,251,0.53
91,32001,251,0.59
91,34001,251,0.64
91,36001,251,0.63
91,38001,251,0.75
91,40001,251,0.79
91,42001,251,0.79
91,44001,251,0.71
91,46001,251,0.57
91,48001,251,0.49
91,50001,251,0.64
91,52001,251,0.78
91,54001,251,0.69
91,56001,251,0.6
91,58001,251,0.6
91,60001,251,0.56
91,62001,251,0.53
91,64001,251,0.43
91,65535,251,0.5
91,1,254,0.49
91,2001,254,0.57
91,4001,254,0.6
91,6001,254,0.68
91,8001,254,0.71
91,10001,254,0.78
91,12001,254,0.81
91,14001,254,0.81
91,16001,254,0.73
91,18001,254,0.63
91,20001,254,0.67
91,22001,254,0.69
91,24001,254,0.56
91,26001,254,0.55
91,28001,254,0.54
91,30001,254,0.5
91,32001,254,0.59
91,34001,254,0.64
91,36001,254,0.63
91,38001,254,0.75
91,40001,254,0.78
91,42001,254,0.79
91,44001,254,0.71
91,46001,254,0.59
91,48001,254,0.47
91,50001,254,0.64
91,52001,254,0.75
91,54001,254,0.69
91,56001,254,0.61
91,58001,254,0.58
91,60001,254,0.57
91,62001,254,0.48
91,64001,254,0.48
91,65535,254,0.53
101,1,1,1.44
101,2001,1,1.37
101,4001,1,1.46
101,6001,1,1.42
101,8001,1,1.43
101,10001,1,1.42
101,12001,1,1.41
101,14001,1,1.31
101,16001,1,1.39
101,18001,1,1.45
101,20001,1,1.48
101,22001,1,1.47
101,24001,1,1.43
101,26001,1,1.5
101,28001,1,1.46
101,30001,1,1.42
101,32001,1,1.42
101,34001,1,1.4
101,36001,1,1.42
101,38001,1,1.46
101,40001,1,1.39
101,42001,1,1.41
101,44001,1,1.45
101,46001,1,1.45
101,48001,1,1.43
101,50001,1,1.44
101,52001,1,1.42
101,54001,1,1.39
101,56001,1,1.47
101,58001,1,1.44
101,60001,1,1.49
101,62001,1,1.41
101,64001,1,1.47
101,65535,1,1.41
101,1,11,1.44
101,2001,11,1.38
101,4001,11,1.46
101,6001,11,1.42
101,8001,11,1.43
101,10001,11,1.43
101,12001,11,1.42
101,14001,11,1.34
101,16001,11,1.41
101,18001,11,1.42
101,20001,11,1.41
101,22001,11,1.4
101,24001,11,1.38
101,26001,11,1.41
101,28001,11,1.38
101,30001,11,1.37
101,32001,11,1.38
101,34001,11,1.4
101,36001,11,1.42
101,38001,11,1.45
101,40001,11,1.4
101,42001,11,1.42
101,44001,11,1.44
101,46001,11,1.45
101,48001,11,1.43
101,50001,11,1.44
101,52001,11,1.4
101,54001,11,1.38
101,56001,11,1.45
101,58001,11,1.43
101,60001,11,1.48
101,62001,11,1.41
101,64001,11,1.47
101,65535,11,1.41
101,1,21,1.45
101,2001,21,1.39
101,4001,21,1.45
101,6001,21,1.42
101,8001,21,1.43
101,10001,21,1.44
101,12001,21,1.44
101,14001,21,1.36
101,16001,21,1.42
101,18001,21,1.4
101,20001,21,1.35
101,22001,21,1.34
101,24001,21,1.32
101,26001,21,1.32
101,28001,21,1.31
101,30001,21,1.33
101,32001,21,1.35
101,34001,21,1.4
101,36001,21,1.42
101,38001,21,1.44
101,40001,21,1.41
101,42001,21,1.43
101,44001,21,1.44
101,46001,21,1.45
101,48001,21,1.44
101,50001,21,1.44
101,52001,21,1.38
101,54001,21,1.36
101,56001,21,1.43
101,58001,21,1.41
101,60001,21,1.47
101,62001,21,1.41
101,64001,21,1.46
101,65535,21,1.4
101,1,31,1.46
101,2001,31,1.4
101,4001,31,1.45
101,6001,31,1.42
101,8001,31,1.44
101,10001,31,1.45
101,12001,31,1.45
101,14001,31,1.39
101,16001,31,1.44
101,18001,31,1.37
101,20001,31,1.28
101,22001,31,1.27
101,24001,31,1.27
101,26001,31,1.23
101,28001,31,1.23
101,30001,31,1.28
101,32001,31,1.32
101,34001,31,1.4
101,36001,31,1.42
101,38001,31,1.44
101,40001,31,1.42
101,42001,31,1.44
101,44001,31,1.44
101,46001,31,1.44
101,48001,31,1.44
101,50001,31,1.44
101,52001,31,1.36
101,54001,31,1.35
101,56001,31,1.4
101,58001,31,1.4
101,60001,31,1.46
101,62001,31,1.4
101,64001,31,1.46
101,65535,31,1.41
101,1,41,1.46
101,2001,41,1.42
101,4001,41,1.45
101,6001,41,1.42
101,8001,41,1.44
101,10001,41,1.46
101,12001,41,1.46
101,14001,41,1.42
101,16001,41,1.46
101,18001,41,1.34
101,20001,41,1.21
101,22001,41,1.2
101,24001,41,1.21
101,26001,41,1.14
101,28001,41,1.16
101,30001,41,1.23
101,32001,41,1.28
101,34001,41,1.4
101,36001,41,1.41
101,38001,41,1.43
101,40001,41,1.43
101,42001,41,1.45
101,44001,41,1.43
101,46001,41,1.44
101,48001,41,1.44
101,50001,41,1.43
101,52001,41,1.33
101,54001,41,1.34
101,56001,41,1.38
101,58001,41,1.39
101,60001,41,1.45
101,62001,41,1.4
101,64001,41,1.46
101,65535,41,1.42
101,1,51,1.46
101,2001,51,1.43
101,4001,51,1.44
101,6001,51,1.42
101,8001,51,1.44
101,10001,51,1.47
101,12001,51,1.48
101,14001,51,1.44
101,16001,51,1.47
101,18001,51,1.32
101,20001,51,1.15
101,22001,51,1.14
101,24001,51,1.16
101,26001,51,1.05
101,28001,51,1.08
101,30001,51,1.19
101,32001,51,1.24
101,34001,51,1.4
101,36001,51,1.41
101,38001,51,1.42
101,40001,51,1.44
101,42001,51,1.46
101,44001,51,1.42
101,46001,51,1.44
101,48001,51,1.45
101,50001,51,1.43
101,52001,51,1.31
101,54001,51,1.32
101,56001,51,1.36
101,58001,51,1.37
101,60001,51,1.44
101,62001,51,1.4
101,64001,51,1.45
101,65535,51,1.43
101,1,61,1.47
101,2001,61,1.44
101,4001,61,1.44
101,6001,61,1.42
101,8001,61,1.44
101,10001,61,1.48
101,12001,61,1.49
101,14001,61,1.47
101,16001,61,1.49
101,18001,61,1.29
101,20001,61,1.08
101,22001,61,1.07
101,24001,61,1.1
101,26001,61,0.96
101,28001,61,1.01
101,30001,61,1.14
101,32001,61,1.21
101,34001,61,1.4
101,36001,61,1.41
101,38001,61,1.41
101,40001,61,1.45
101,42001,61,1.47
101,44001,61,1.42
101,46001,61,1.44
101,48001,61,1.45
101,50001,61,1.43
101,52001,61,1.29
101,54001,61,1.31
101,56001,61,1.34
101,58001,61,1.36
101,60001,61,1.43
101,62001,61,1.4
101,64001,61,1.45
101,65535,61,1.44
101,1,71,1.36
101,2001,71,1.37
101,4001,71,1.46
101,6001,71,1.43
101,8001,71,1.43
101,10001,71,1.47
101,12001,71,1.48
101,14001,71,1.44
101,16001,71,1.42
101,18001,71,1.24
101,20001,71,1.05
101,22001,71,1.03
101,24001,71,1.06
101,26001,71,0.92
101,28001,71,0.97
101,30001,71,1.1
101,32001,71,1.16
101,34001,71,1.33
101,36001,71,1.35
101,38001,71,1.4
101,40001,71,1.45
101,42001,71,1.47
101,44001,71,1.44
101,46001,71,1.42
101,48001,71,1.42
101,50001,71,1.42
101,52001,71,1.26
101,54001,71,1.25
101,56001,71,1.26
101,58001,71,1.27
101,60001,71,1.32
101,62001,71,1.29
101,64001,71,1.35
101,65535,71,1.35
101,1,81,1.25
101,2001,81,1.29
101,4001,81,1.47
101,6001,81,1.43
101,8001,81,1.43
101,10001,81,1.47
101,12001,81,1.47
101,14001,81,1.41
101,16001,81,1.35
101,18001,81,1.19
101,20001,81,1.01
101,22001,81,0.99
101,24001,81,1.01
101,26001,81,0.88
101,28001,81,0.94
101,30001,81,1.06
101,32001,81,1.1
101,34001,81,1.26
101,36001,81,1.3
101,38001,81,1.38
101,40001,81,1.45
101,42001,81,1.46
101,44001,81,1.46
101,46001,81,1.41
101,48001,81,1.39
101,50001,81,1.41
101,52001,81,1.23
101,54001,81,1.19
101,56001,81,1.18
101,58001,81,1.18
101,60001,81,1.22
101,62001,81,1.19
101,64001,81,1.25
101,65535,81,1.25
101,1,91,1.14
101,2001,91,1.22
101,4001,91,1.48
101,6001,91,1.44
101,8001,91,1.42
101,10001,91,1.46
101,12001,91,1.46
101,14001,91,1.38
101,16001,91,1.28
101,18001,91,1.14
101,20001,91,0.98
101,22001,91,0.95
101,24001,91,0.97
101,26001,91,0.84
101,28001,91,0.9
101,30001,91,1.02
101,32001,91,1.05
101,34001,91,1.18
101,36001,91,1.24
101,38001,91,1.36
101,40001,91,1.44
101,42001,91,1.46
101,44001,91,1.48
101,46001,91,1.39
101,48001,91,1.36
101,50001,91,1.4
101,52001,91,1.2
101,54001,91,1.12
101,56001,91,1.1
101,58001,91,1.08
101,60001,91,1.12
101,62001,91,1.08
101,64001,91,1.14
101,65535,91,1.16
101,1,101,1.04
101,2001,101,1.15
101,4001,101,1.5
101,6001,101,1.45
101,8001,101,1.42
101,10001,101,1.45
101,12001,101,1.44
101,14001,101,1.35
101,16001,101,1.21
101,18001,101,1.08
101,20001,101,0.94
101,22001,101,0.91
101,24001,101,0.92
101,26001,101,0.81
101,28001,101,0.86
101,30001,101,0.98
101,32001,101,1
101,34001,101,1.11
101,36001,101,1.18
101,38001,101,1.35
101,40001,101,1.44
101,42001,101,1.46
101,44001,101,1.51
101,46001,101,1.37
101,48001,101,1.33
101,50001,101,1.38
101,52001,101,1.18
101,54001,101,1.06
101,56001,101,1.02
101,58001,101,0.99
101,60001,101,1.01
101,62001,101,0.97
101,64001,101,1.04
101,65535,101,1.07
101,1,111,0.93
101,2001,111,1.07
101,4001,111,1.52
101,6001,111,1.45
101,8001,111,1.42
101,10001,111,1.45
101,12001,111,1.43
101,14001,111,1.32
101,16001,111,1.14
101,18001,111,1.03
101,20001,111,0.9
101,22001,111,0.87
101,24001,111,0.88
101,26001,111,0.77
101,28001,111,0.83
101,30001,111,0.94
101,32001,111,0.94
101,34001,111,1.04
101,36001,111,1.13
101,38001,111,1.34
101,40001,111,1.44
101,42001,111,1.45
101,44001,111,1.53
101,46001,111,1.36
101,48001,111,1.3
101,50001,111,1.37
101,52001,111,1.15
101,54001,111,1
101,56001,111,0.94
101,58001,111,0.9
101,60001,111,0.9
101,62001,111,0.87
101,64001,111,0.94
101,65535,111,0.97
101,1,121,0.82
101,2001,121,1
101,4001,121,1.53
101,6001,121,1.46
101,8001,121,1.41
101,10001,121,1.44
101,12001,121,1.42
101,14001,121,1.29
101,16001,121,1.07
101,18001,121,0.98
101,20001,121,0.87
101,22001,121,0.83
101,24001,121,0.83
101,26001,121,0.73
101,28001,121,0.79
101,30001,121,0.9
101,32001,121,0.89
101,34001,121,0.97
101,36001,121,1.07
101,38001,121,1.32
101,40001,121,1.44
101,42001,121,1.45
101,44001,121,1.55
101,46001,121,1.34
101,48001,121,1.27
101,50001,121,1.36
101,52001,121,1.12
101,54001,121,0.94
101,56001,121,0.86
101,58001,121,0.81
101,60001,121,0.8
101,62001,121,0.76
101,64001,121,0.84
101,65535,121,0.87
101,1,131,0.79
101,2001,131,0.98
101,4001,131,1.44
101,6001,131,1.46
101,8001,131,1.42
101,10001,131,1.43
101,12001,131,1.42
101,14001,131,1.26
101,16001,131,1.04
101,18001,131,0.95
101,20001,131,0.85
101,22001,131,0.81
101,24001,131,0.81
101,26001,131,0.72
101,28001,131,0.77
101,30001,131,0.87
101,32001,131,0.87
101,34001,131,0.94
101,36001,131,1.04
101,38001,131,1.26
101,40001,131,1.38
101,42001,131,1.42
101,44001,131,1.46
101,46001,131,1.25
101,48001,131,1.19
101,50001,131,1.29
101,52001,131,1.11
101,54001,131,0.93
101,56001,131,0.85
101,58001,131,0.8
101,60001,131,0.79
101,62001,131,0.74
101,64001,131,0.81
101,65535,131,0.83
101,1,141,0.76
101,2001,141,0.96
101,4001,141,1.36
101,6001,141,1.47
101,8001,141,1.42
101,10001,141,1.43
101,12001,141,1.41
101,14001,141,1.23
101,16001,141,1.02
101,18001,141,0.92
101,20001,141,0.83
101,22001,141,0.79
101,24001,141,0.8
101,26001,141,0.7
101,28001,141,0.76
101,30001,141,0.83
101,32001,141,0.84
101,34001,141,0.91
101,36001,141,1
101,38001,141,1.2
101,40001,141,1.32
101,42001,141,1.39
101,44001,141,1.36
101,46001,141,1.17
101,48001,141,1.11
101,50001,141,1.23
101,52001,141,1.11
101,54001,141,0.91
101,56001,141,0.84
101,58001,141,0.78
101,60001,141,0.77
101,62001,141,0.72
101,64001,141,0.77
101,65535,141,0.8
101,1,151,0.74
101,2001,151,0.94
101,4001,151,1.27
101,6001,151,1.47
101,8001,151,1.42
101,10001,151,1.42
101,12001,151,1.4
101,14001,151,1.2
101,16001,151,0.99
101,18001,151,0.9
101,20001,151,0.81
101,22001,151,0.76
101,24001,151,0.78
101,26001,151,0.69
101,28001,151,0.74
101,30001,151,0.8
101,32001,151,0.82
101,34001,151,0.88
101,36001,151,0.97
101,38001,151,1.14
101,40001,151,1.27
101,42001,151,1.36
101,44001,151,1.27
101,46001,151,1.08
101,48001,151,1.04
101,50001,151,1.16
101,52001,151,1.1
101,54001,151,0.9
101,56001,151,0.84
101,58001,151,0.76
101,60001,151,0.76
101,62001,151,0.7
101,64001,151,0.74
101,65535,151,0.76
101,1,161,0.71
101,2001,161,0.91
101,4001,161,1.19
101,6001,161,1.47
101,8001,161,1.43
101,10001,161,1.41
101,12001,161,1.4
101,14001,161,1.17
101,16001,161,0.96
101,18001,161,0.87
101,20001,161,0.79
101,22001,161,0.74
101,24001,161,0.76
101,26001,161,0.68
101,28001,161,0.72
101,30001,161,0.77
101,32001,161,0.8
101,34001,161,0.84
101,36001,161,0.94
101,38001,161,1.09
101,40001,161,1.21
101,42001,161,1.32
101,44001,161,1.18
101,46001,161,1
101,48001,161,0.96
101,50001,161,1.09
101,52001,161,1.09
101,54001,161,0.89
101,56001,161,0.83
101,58001,161,0.75
101,60001,161,0.75
101,62001,161,0.67
101,64001,161,0.71
101,65535,161,0.73
101,1,171,0.68
101,2001,171,0.89
101,4001,171,1.1
101,6001,171,1.48
101,8001,171,1.44
101,10001,171,1.41
101,12001,171,1.39
101,14001,171,1.14
101,16001,171,0.94
101,18001,171,0.84
101,20001,171,0.77
101,22001,171,0.72
101,24001,171,0.75
101,26001,171,0.66
101,28001,171,0.71
101,30001,171,0.73
101,32001,171,0.77
101,34001,171,0.81
101,36001,171,0.9
101,38001,171,1.03
101,40001,171,1.15
101,42001,171,1.29
101,44001,171,1.08
101,46001,171,0.91
101,48001,171,0.88
101,50001,171,1.03
101,52001,171,1.09
101,54001,171,0.87
101,56001,171,0.82
101,58001,171,0.74
101,60001,171,0.73
101,62001,171,0.65
101,64001,171,0.67
101,65535,171,0.69
101,1,181,0.65
101,2001,181,0.87
101,4001,181,1.02
101,6001,181,1.48
101,8001,181,1.44
101,10001,181,1.4
101,12001,181,1.39
101,14001,181,1.11
101,16001,181,0.91
101,18001,181,0.81
101,20001,181,0.75
101,22001,181,0.7
101,24001,181,0.73
101,26001,181,0.65
101,28001,181,0.69
101,30001,181,0.7
101,32001,181,0.75
101,34001,181,0.78
101,36001,181,0.87
101,38001,181,0.97
101,40001,181,1.09
101,42001,181,1.26
101,44001,181,0.99
101,46001,181,0.83
101,48001,181,0.8
101,50001,181,0.96
101,52001,181,1.08
101,54001,181,0.86
101,56001,181,0.81
101,58001,181,0.72
101,60001,181,0.72
101,62001,181,0.63
101,64001,181,0.64
101,65535,181,0.66
101,1,191,0.64
101,2001,191,0.82
101,4001,191,0.96
101,6001,191,1.37
101,8001,191,1.34
101,10001,191,1.32
101,12001,191,1.33
101,14001,191,1.07
101,16001,191,0.89
101,18001,191,0.81
101,20001,191,0.72
101,22001,191,0.69
101,24001,191,0.72
101,26001,191,0.65
101,28001,191,0.68
101,30001,191,0.7
101,32001,191,0.73
101,34001,191,0.77
101,36001,191,0.84
101,38001,191,0.94
101,40001,191,1.07
101,42001,191,1.2
101,44001,191,0.95
101,46001,191,0.79
101,48001,191,0.78
101,50001,191,0.92
101,52001,191,1.06
101,54001,191,0.85
101,56001,191,0.8
101,58001,191,0.72
101,60001,191,0.7
101,62001,191,0.62
101,64001,191,0.62
101,65535,191,0.64
101,1,201,0.63
101,2001,201,0.77
101,4001,201,0.89
101,6001,201,1.26
101,8001,201,1.23
101,10001,201,1.23
101,12001,201,1.27
101,14001,201,1.03
101,16001,201,0.87
101,18001,201,0.81
101,20001,201,0.7
101,22001,201,0.68
101,24001,201,0.7
101,26001,201,0.64
101,28001,201,0.67
101,30001,201,0.7
101,32001,201,0.72
101,34001,201,0.76
101,36001,201,0.81
101,38001,201,0.9
101,40001,201,1.05
101,42001,201,1.14
101,44001,201,0.9
101,46001,201,0.75
101,48001,201,0.75
101,50001,201,0.89
101,52001,201,1.03
101,54001,201,0.84
101,56001,201,0.78
101,58001,201,0.71
101,60001,201,0.68
101,62001,201,0.61
101,64001,201,0.6
101,65535,201,0.62
101,1,211,0.62
101,2001,211,0.72
101,4001,211,0.83
101,6001,211,1.15
101,8001,211,1.13
101,10001,211,1.14
101,12001,211,1.2
101,14001,211,0.99
101,16001,211,0.86
101,18001,211,0.81
101,20001,211,0.67
101,22001,211,0.66
101,24001,211,0.68
101,26001,211,0.64
101,28001,211,0.66
101,30001,211,0.7
101,32001,211,0.7
101,34001,211,0.74
101,36001,211,0.78
101,38001,211,0.87
101,40001,211,1.02
101,42001,211,1.08
101,44001,211,0.86
101,46001,211,0.7
101,48001,211,0.73
101,50001,211,0.86
101,52001,211,1.01
101,54001,211,0.82
101,56001,211,0.76
101,58001,211,0.71
101,60001,211,0.66
101,62001,211,0.6
101,64001,211,0.58
101,65535,211,0.62
101,1,221,0.61
101,2001,221,0.66
101,4001,221,0.77
101,6001,221,1.04
101,8001,221,1.03
101,10001,221,1.06
101,12001,221,1.14
101,14001,221,0.95
101,16001,221,0.84
101,18001,221,0.81
101,20001,221,0.64
101,22001,221,0.65
101,24001,221,0.67
101,26001,221,0.64
101,28001,221,0.65
101,30001,221,0.71
101,32001,221,0.68
101,34001,221,0.73
101,36001,221,0.76
101,38001,221,0.84
101,40001,221,1
101,42001,221,1.02
101,44001,221,0.82
101,46001,221,0.66
101,48001,221,0.7
101,50001,221,0.82
101,52001,221,0.98
101,54001,221,0.81
101,56001,221,0.75
101,58001,221,0.71
101,60001,221,0.64
101,62001,221,0.6
101,64001,221,0.57
101,65535,221,0.61
101,1,231,0.6
101,2001,231,0.61
101,4001,231,0.7
101,6001,231,0.93
101,8001,231,0.92
101,10001,231,0.98
101,12001,231,1.08
101,14001,231,0.91
101,16001,231,0.82
101,18001,231,0.81
101,20001,231,0.62
101,22001,231,0.64
101,24001,231,0.65
101,26001,231,0.63
101,28001,231,0.64
101,30001,231,0.71
101,32001,231,0.67
101,34001,231,0.72
101,36001,231,0.73
101,38001,231,0.8
101,40001,231,0.98
101,42001,231,0.96
101,44001,231,0.77
101,46001,231,0.62
101,48001,231,0.68
101,50001,231,0.78
101,52001,231,0.96
101,54001,231,0.8
101,56001,231,0.74
101,58001,231,0.7
101,60001,231,0.62
101,62001,231,0.59
101,64001,231,0.55
101,65535,231,0.6
101,1,241,0.59
101,2001,241,0.56
101,4001,241,0.64
101,6001,241,0.82
101,8001,241,0.82
101,10001,241,0.89
101,12001,241,1.02
101,14001,241,0.87
101,16001,241,0.8
101,18001,241,0.81
101,20001,241,0.59
101,22001,241,0.63
101,24001,241,0.64
101,26001,241,0.63
101,28001,241,0.63
101,30001,241,0.71
101,32001,241,0.65
101,34001,241,0.71
101,36001,241,0.7
101,38001,241,0.77
101,40001,241,0.96
101,42001,241,0.9
101,44001,241,0.73
101,46001,241,0.58
101,48001,241,0.65
101,50001,241,0.75
101,52001,241,0.93
101,54001,241,0.79
101,56001,241,0.72
101,58001,241,0.7
101,60001,241,0.6
101,62001,241,0.58
101,64001,241,0.53
101,65535,241,0.6
101,1,251,0.56
101,2001,251,0.63
101,4001,251,0.66
101,6001,251,0.76
101,8001,251,0.8
101,10001,251,0.88
101,12001,251,0.94
101,14001,251,0.91
101,16001,251,0.82
101,18001,251,0.73
101,20001,251,0.71
101,22001,251,0.74
101,24001,251,0.62
101,26001,251,0.64
101,28001,251,0.6
101,30001,251,0.63
101,32001,251,0.66
101,34001,251,0.72
101,36001,251,0.7
101,38001,251,0.82
101,40001,251,0.9
101,42001,251,0.89
101,44001,251,0.78
101,46001,251,0.63
101,48001,251,0.58
101,50001,251,0.72
101,52001,251,0.88
101,54001,251,0.77
101,56001,251,0.68
101,58001,251,0.63
101,60001,251,0.62
101,62001,251,0.57
101,64001,251,0.51
101,65535,251,0.57
101,1,254,0.55
101,2001,254,0.65
101,4001,254,0.66
101,6001,254,0.74
101,8001,254,0.8
101,10001,254,0.88
101,12001,254,0.92
101,14001,254,0.92
101,16001,254,0.82
101,18001,254,0.7
101,20001,254,0.75
101,22001,254,0.77
101,24001,254,0.62
101,26001,254,0.64
101,28001,254,0.59
101,30001,254,0.6
101,32001,254,0.66
101,34001,254,0.72
101,36001,254,0.7
101,38001,254,0.84
101,40001,254,0.88
101,42001,254,0.89
101,44001,254,0.8
101,46001,254,0.65
101,48001,254,0.56
101,50001,254,0.71
101,52001,254,0.87
101,54001,254,0.76
101,56001,254,0.67
101,58001,254,0.61
101,60001,254,0.62
101,62001,254,0.57
101,64001,254,0.51
101,65535,254,0.56
111,1,1,1.71
111,2001,1,1.68
111,4001,1,1.75
111,6001,1,1.71
111,8001,1,1.71
111,10001,1,1.71
111,12001,1,1.69
111,14001,1,1.62
111,16001,1,1.69
111,18001,1,1.73
111,20001,1,1.76
111,22001,1,1.75
111,24001,1,1.71
111,26001,1,1.78
111,28001,1,1.75
111,30001,1,1.71
111,32001,1,1.71
111,34001,1,1.7
111,36001,1,1.7
111,38001,1,1.74
111,40001,1,1.7
111,42001,1,1.71
111,44001,1,1.74
111,46001,1,1.74
111,48001,1,1.73
111,50001,1,1.73
111,52001,1,1.7
111,54001,1,1.7
111,56001,1,1.74
111,58001,1,1.73
111,60001,1,1.76
111,62001,1,1.71
111,64001,1,1.76
111,65535,1,1.7
111,1,11,1.72
111,2001,11,1.67
111,4001,11,1.75
111,6001,11,1.71
111,8001,11,1.71
111,10001,11,1.71
111,12001,11,1.7
111,14001,11,1.64
111,16001,11,1.71
111,18001,11,1.7
111,20001,11,1.7
111,22001,11,1.69
111,24001,11,1.65
111,26001,11,1.69
111,28001,11,1.68
111,30001,11,1.67
111,32001,11,1.67
111,34001,11,1.68
111,36001,11,1.7
111,38001,11,1.74
111,40001,11,1.69
111,42001,11,1.71
111,44001,11,1.74
111,46001,11,1.74
111,48001,11,1.73
111,50001,11,1.72
111,52001,11,1.7
111,54001,11,1.66
111,56001,11,1.72
111,58001,11,1.71
111,60001,11,1.75
111,62001,11,1.72
111,64001,11,1.75
111,65535,11,1.71
111,1,21,1.72
111,2001,21,1.68
111,4001,21,1.74
111,6001,21,1.71
111,8001,21,1.72
111,10001,21,1.72
111,12001,21,1.71
111,14001,21,1.67
111,16001,21,1.73
111,18001,21,1.67
111,20001,21,1.63
111,22001,21,1.62
111,24001,21,1.6
111,26001,21,1.6
111,28001,21,1.6
111,30001,21,1.62
111,32001,21,1.64
111,34001,21,1.68
111,36001,21,1.7
111,38001,21,1.74
111,40001,21,1.7
111,42001,21,1.72
111,44001,21,1.73
111,46001,21,1.74
111,48001,21,1.73
111,50001,21,1.72
111,52001,21,1.68
111,54001,21,1.64
111,56001,21,1.7
111,58001,21,1.7
111,60001,21,1.74
111,62001,21,1.72
111,64001,21,1.75
111,65535,21,1.71
111,1,31,1.72
111,2001,31,1.69
111,4001,31,1.74
111,6001,31,1.71
111,8001,31,1.72
111,10001,31,1.73
111,12001,31,1.73
111,14001,31,1.7
111,16001,31,1.74
111,18001,31,1.65
111,20001,31,1.56
111,22001,31,1.55
111,24001,31,1.54
111,26001,31,1.51
111,28001,31,1.53
111,30001,31,1.57
111,32001,31,1.6
111,34001,31,1.68
111,36001,31,1.7
111,38001,31,1.73
111,40001,31,1.71
111,42001,31,1.73
111,44001,31,1.73
111,46001,31,1.74
111,48001,31,1.74
111,50001,31,1.72
111,52001,31,1.66
111,54001,31,1.63
111,56001,31,1.68
111,58001,31,1.69
111,60001,31,1.73
111,62001,31,1.72
111,64001,31,1.75
111,65535,31,1.72
111,1,41,1.73
111,2001,41,1.7
111,4001,41,1.74
111,6001,41,1.71
111,8001,41,1.72
111,10001,41,1.74
111,12001,41,1.74
111,14001,41,1.72
111,16001,41,1.76
111,18001,41,1.62
111,20001,41,1.5
111,22001,41,1.49
111,24001,41,1.49
111,26001,41,1.42
111,28001,41,1.45
111,30001,41,1.53
111,32001,41,1.57
111,34001,41,1.68
111,36001,41,1.7
111,38001,41,1.72
111,40001,41,1.72
111,42001,41,1.74
111,44001,41,1.72
111,46001,41,1.73
111,48001,41,1.74
111,50001,41,1.72
111,52001,41,1.64
111,54001,41,1.61
111,56001,41,1.66
111,58001,41,1.67
111,60001,41,1.72
111,62001,41,1.72
111,64001,41,1.74
111,65535,41,1.73
111,1,51,1.74
111,2001,51,1.71
111,4001,51,1.73
111,6001,51,1.71
111,8001,51,1.72
111,10001,51,1.75
111,12001,51,1.75
111,14001,51,1.75
111,16001,51,1.77
111,18001,51,1.59
111,20001,51,1.43
111,22001,51,1.41
111,24001,51,1.42
111,26001,51,1.31
111,28001,51,1.36
111,30001,51,1.47
111,32001,51,1.53
111,34001,51,1.68
111,36001,51,1.7
111,38001,51,1.71
111,40001,51,1.73
111,42001,51,1.75
111,44001,51,1.72
111,46001,51,1.73
111,48001,51,1.74
111,50001,51,1.72
111,52001,51,1.61
111,54001,51,1.6
111,56001,51,1.63
111,58001,51,1.66
111,60001,51,1.71
111,62001,51,1.71
111,64001,51,1.74
111,65535,51,1.73
111,1,61,1.76
111,2001,61,1.73
111,4001,61,1.73
111,6001,61,1.71
111,8001,61,1.72
111,10001,61,1.76
111,12001,61,1.77
111,14001,61,1.76
111,16001,61,1.78
111,18001,61,1.55
111,20001,61,1.33
111,22001,61,1.31
111,24001,61,1.28
111,26001,61,1.16
111,28001,61,1.22
111,30001,61,1.35
111,32001,61,1.45
111,34001,61,1.68
111,36001,61,1.71
111,38001,61,1.7
111,40001,61,1.74
111,42001,61,1.76
111,44001,61,1.71
111,46001,61,1.73
111,48001,61,1.75
111,50001,61,1.71
111,52001,61,1.59
111,54001,61,1.59
111,56001,61,1.62
111,58001,61,1.65
111,60001,61,1.72
111,62001,61,1.71
111,64001,61,1.74
111,65535,61,1.72
111,1,71,1.53
111,2001,71,1.59
111,4001,71,1.74
111,6001,71,1.72
111,8001,71,1.74
111,10001,71,1.76
111,12001,71,1.76
111,14001,71,1.71
111,16001,71,1.65
111,18001,71,1.44
111,20001,71,1.24
111,22001,71,1.2
111,24001,71,1.2
111,26001,71,1.08
111,28001,71,1.18
111,30001,71,1.26
111,32001,71,1.35
111,34001,71,1.61
111,36001,71,1.65
111,38001,71,1.69
111,40001,71,1.74
111,42001,71,1.76
111,44001,71,1.74
111,46001,71,1.69
111,48001,71,1.72
111,50001,71,1.7
111,52001,71,1.56
111,54001,71,1.52
111,56001,71,1.46
111,58001,71,1.55
111,60001,71,1.61
111,62001,71,1.61
111,64001,71,1.51
111,65535,71,1.64
111,1,81,1.39
111,2001,81,1.5
111,4001,81,1.75
111,6001,81,1.72
111,8001,81,1.74
111,10001,81,1.75
111,12001,81,1.75
111,14001,81,1.67
111,16001,81,1.57
111,18001,81,1.37
111,20001,81,1.19
111,22001,81,1.14
111,24001,81,1.15
111,26001,81,1.03
111,28001,81,1.14
111,30001,81,1.21
111,32001,81,1.29
111,34001,81,1.53
111,36001,81,1.59
111,38001,81,1.67
111,40001,81,1.73
111,42001,81,1.75
111,44001,81,1.76
111,46001,81,1.67
111,48001,81,1.69
111,50001,81,1.68
111,52001,81,1.54
111,54001,81,1.46
111,56001,81,1.36
111,58001,81,1.46
111,60001,81,1.51
111,62001,81,1.5
111,64001,81,1.38
111,65535,81,1.55
111,1,91,1.28
111,2001,91,1.43
111,4001,91,1.76
111,6001,91,1.73
111,8001,91,1.73
111,10001,91,1.74
111,12001,91,1.74
111,14001,91,1.64
111,16001,91,1.5
111,18001,91,1.32
111,20001,91,1.16
111,22001,91,1.1
111,24001,91,1.11
111,26001,91,0.99
111,28001,91,1.11
111,30001,91,1.17
111,32001,91,1.23
111,34001,91,1.46
111,36001,91,1.54
111,38001,91,1.66
111,40001,91,1.73
111,42001,91,1.75
111,44001,91,1.78
111,46001,91,1.65
111,48001,91,1.66
111,50001,91,1.67
111,52001,91,1.51
111,54001,91,1.4
111,56001,91,1.28
111,58001,91,1.37
111,60001,91,1.4
111,62001,91,1.39
111,64001,91,1.28
111,65535,91,1.46
111,1,101,1.18
111,2001,101,1.35
111,4001,101,1.78
111,6001,101,1.74
111,8001,101,1.73
111,10001,101,1.74
111,12001,101,1.73
111,14001,101,1.61
111,16001,101,1.43
111,18001,101,1.27
111,20001,101,1.12
111,22001,101,1.06
111,24001,101,1.06
111,26001,101,0.95
111,28001,101,1.07
111,30001,101,1.13
111,32001,101,1.18
111,34001,101,1.39
111,36001,101,1.48
111,38001,101,1.64
111,40001,101,1.73
111,42001,101,1.74
111,44001,101,1.8
111,46001,101,1.64
111,48001,101,1.63
111,50001,101,1.66
111,52001,101,1.48
111,54001,101,1.34
111,56001,101,1.2
111,58001,101,1.28
111,60001,101,1.3
111,62001,101,1.29
111,64001,101,1.18
111,65535,101,1.35
111,1,111,1.07
111,2001,111,1.28
111,4001,111,1.8
111,6001,111,1.74
111,8001,111,1.72
111,10001,111,1.73
111,12001,111,1.72
111,14001,111,1.58
111,16001,111,1.36
111,18001,111,1.22
111,20001,111,1.09
111,22001,111,1.02
111,24001,111,1.02
111,26001,111,0.92
111,28001,111,1.02
111,30001,111,1.09
111,32001,111,1.13
111,34001,111,1.31
111,36001,111,1.41
111,38001,111,1.63
111,40001,111,1.73
111,42001,111,1.74
111,44001,111,1.82
111,46001,111,1.62
111,48001,111,1.59
111,50001,111,1.65
111,52001,111,1.44
111,54001,111,1.27
111,56001,111,1.12
111,58001,111,1.17
111,60001,111,1.17
111,62001,111,1.15
111,64001,111,1.08
111,65535,111,1.12
111,1,121,0.96
111,2001,121,1.21
111,4001,121,1.81
111,6001,121,1.75
111,8001,121,1.72
111,10001,121,1.74
111,12001,121,1.7
111,14001,121,1.55
111,16001,121,1.29
111,18001,121,1.16
111,20001,121,1.05
111,22001,121,0.98
111,24001,121,0.97
111,26001,121,0.88
111,28001,121,0.94
111,30001,121,1.05
111,32001,121,1.07
111,34001,121,1.17
111,36001,121,1.31
111,38001,121,1.6
111,40001,121,1.74
111,42001,121,1.74
111,44001,121,1.83
111,46001,121,1.6
111,48001,121,1.54
111,50001,121,1.64
111,52001,121,1.35
111,54001,121,1.15
111,56001,121,1.04
111,58001,121,0.98
111,60001,121,0.95
111,62001,121,0.91
111,64001,121,0.97
111,65535,121,1
111,1,131,0.91
111,2001,131,1.19
111,4001,131,1.72
111,6001,131,1.75
111,8001,131,1.72
111,10001,131,1.74
111,12001,131,1.7
111,14001,131,1.52
111,16001,131,1.27
111,18001,131,1.14
111,20001,131,1.03
111,22001,131,0.96
111,24001,131,0.92
111,26001,131,0.86
111,28001,131,0.9
111,30001,131,1.01
111,32001,131,1.02
111,34001,131,1.14
111,36001,131,1.21
111,38001,131,1.46
111,40001,131,1.62
111,42001,131,1.67
111,44001,131,1.74
111,46001,131,1.52
111,48001,131,1.46
111,50001,131,1.5
111,52001,131,1.31
111,54001,131,1.11
111,56001,131,1.04
111,58001,131,0.96
111,60001,131,0.91
111,62001,131,0.89
111,64001,131,0.94
111,65535,131,0.97
111,1,141,0.87
111,2001,141,1.16
111,4001,141,1.64
111,6001,141,1.76
111,8001,141,1.73
111,10001,141,1.73
111,12001,141,1.69
111,14001,141,1.49
111,16001,141,1.24
111,18001,141,1.11
111,20001,141,1.01
111,22001,141,0.94
111,24001,141,0.89
111,26001,141,0.85
111,28001,141,0.88
111,30001,141,0.97
111,32001,141,0.99
111,34001,141,1.11
111,36001,141,1.16
111,38001,141,1.39
111,40001,141,1.56
111,42001,141,1.63
111,44001,141,1.65
111,46001,141,1.43
111,48001,141,1.38
111,50001,141,1.41
111,52001,141,1.29
111,54001,141,1.09
111,56001,141,1.03
111,58001,141,0.95
111,60001,141,0.89
111,62001,141,0.87
111,64001,141,0.91
111,65535,141,0.93
111,1,151,0.84
111,2001,151,1.14
111,4001,151,1.56
111,6001,151,1.76
111,8001,151,1.73
111,10001,151,1.72
111,12001,151,1.68
111,14001,151,1.46
111,16001,151,1.21
111,18001,151,1.08
111,20001,151,0.99
111,22001,151,0.92
111,24001,151,0.88
111,26001,151,0.84
111,28001,151,0.87
111,30001,151,0.94
111,32001,151,0.97
111,34001,151,1.08
111,36001,151,1.13
111,38001,151,1.33
111,40001,151,1.5
111,42001,151,1.6
111,44001,151,1.55
111,46001,151,1.35
111,48001,151,1.3
111,50001,151,1.35
111,52001,151,1.29
111,54001,151,1.07
111,56001,151,1.02
111,58001,151,0.93
111,60001,151,0.87
111,62001,151,0.85
111,64001,151,0.87
111,65535,151,0.9
111,1,161,0.82
111,2001,161,1.12
111,4001,161,1.47
111,6001,161,1.76
111,8001,161,1.74
111,10001,161,1.72
111,12001,161,1.68
111,14001,161,1.43
111,16001,161,1.19
111,18001,161,1.05
111,20001,161,0.97
111,22001,161,0.9
111,24001,161,0.86
111,26001,161,0.82
111,28001,161,0.85
111,30001,161,0.91
111,32001,161,0.94
111,34001,161,1.05
111,36001,161,1.1
111,38001,161,1.27
111,40001,161,1.44
111,42001,161,1.57
111,44001,161,1.46
111,46001,161,1.26
111,48001,161,1.22
111,50001,161,1.28
111,52001,161,1.28
111,54001,161,1.06
111,56001,161,1.01
111,58001,161,0.92
111,60001,161,0.86
111,62001,161,0.83
111,64001,161,0.84
111,65535,161,0.86
111,1,171,0.79
111,2001,171,1.08
111,4001,171,1.37
111,6001,171,1.76
111,8001,171,1.74
111,10001,171,1.71
111,12001,171,1.68
111,14001,171,1.39
111,16001,171,1.15
111,18001,171,1.02
111,20001,171,0.95
111,22001,171,0.87
111,24001,171,0.84
111,26001,171,0.81
111,28001,171,0.83
111,30001,171,0.87
111,32001,171,0.92
111,34001,171,1.01
111,36001,171,1.06
111,38001,171,1.21
111,40001,171,1.38
111,42001,171,1.54
111,44001,171,1.35
111,46001,171,1.16
111,48001,171,1.13
111,50001,171,1.21
111,52001,171,1.27
111,54001,171,1.05
111,56001,171,0.99
111,58001,171,0.89
111,60001,171,0.85
111,62001,171,0.8
111,64001,171,0.8
111,65535,171,0.8
111,1,181,0.76
111,2001,181,0.99
111,4001,181,1.2
111,6001,181,1.76
111,8001,181,1.75
111,10001,181,1.72
111,12001,181,1.67
111,14001,181,1.33
111,16001,181,1.1
111,18001,181,1
111,20001,181,0.89
111,22001,181,0.82
111,24001,181,0.83
111,26001,181,0.78
111,28001,181,0.82
111,30001,181,0.84
111,32001,181,0.9
111,34001,181,0.94
111,36001,181,1.03
111,38001,181,1.16
111,40001,181,1.32
111,42001,181,1.51
111,44001,181,1.17
111,46001,181,0.98
111,48001,181,0.95
111,50001,181,1.15
111,52001,181,1.27
111,54001,181,1.03
111,56001,181,0.94
111,58001,181,0.85
111,60001,181,0.83
111,62001,181,0.74
111,64001,181,0.75
111,65535,181,0.77
111,1,191,0.75
111,2001,191,0.95
111,4001,191,1.1
111,6001,191,1.65
111,8001,191,1.64
111,10001,191,1.53
111,12001,191,1.61
111,14001,191,1.29
111,16001,191,1.06
111,18001,191,1
111,20001,191,0.88
111,22001,191,0.81
111,24001,191,0.81
111,26001,191,0.75
111,28001,191,0.81
111,30001,191,0.84
111,32001,191,0.86
111,34001,191,0.93
111,36001,191,1
111,38001,191,1.11
111,40001,191,1.25
111,42001,191,1.45
111,44001,191,1.1
111,46001,191,0.9
111,48001,191,0.89
111,50001,191,1.07
111,52001,191,1.22
111,54001,191,1.02
111,56001,191,0.92
111,58001,191,0.83
111,60001,191,0.8
111,62001,191,0.74
111,64001,191,0.73
111,65535,191,0.75
111,1,201,0.74
111,2001,201,0.9
111,4001,201,1.03
111,6001,201,1.54
111,8001,201,1.54
111,10001,201,1.43
111,12001,201,1.55
111,14001,201,1.25
111,16001,201,1.04
111,18001,201,1
111,20001,201,0.85
111,22001,201,0.8
111,24001,201,0.8
111,26001,201,0.74
111,28001,201,0.8
111,30001,201,0.84
111,32001,201,0.84
111,34001,201,0.92
111,36001,201,0.97
111,38001,201,1.07
111,40001,201,1.21
111,42001,201,1.39
111,44001,201,1.05
111,46001,201,0.85
111,48001,201,0.85
111,50001,201,1.03
111,52001,201,1.19
111,54001,201,1.01
111,56001,201,0.91
111,58001,201,0.83
111,60001,201,0.78
111,62001,201,0.73
111,64001,201,0.71
111,65535,201,0.74
111,1,211,0.73
111,2001,211,0.85
111,4001,211,0.97
111,6001,211,1.43
111,8001,211,1.44
111,10001,211,1.34
111,12001,211,1.48
111,14001,211,1.21
111,16001,211,1.02
111,18001,211,1
111,20001,211,0.83
111,22001,211,0.79
111,24001,211,0.78
111,26001,211,0.74
111,28001,211,0.79
111,30001,211,0.84
111,32001,211,0.83
111,34001,211,0.9
111,36001,211,0.94
111,38001,211,1.04
111,40001,211,1.19
111,42001,211,1.33
111,44001,211,1.01
111,46001,211,0.81
111,48001,211,0.83
111,50001,211,1
111,52001,211,1.16
111,54001,211,1
111,56001,211,0.89
111,58001,211,0.82
111,60001,211,0.76
111,62001,211,0.72
111,64001,211,0.69
111,65535,211,0.7
111,1,221,0.72
111,2001,221,0.8
111,4001,221,0.91
111,6001,221,1.32
111,8001,221,1.33
111,10001,221,1.26
111,12001,221,1.42
111,14001,221,1.17
111,16001,221,1
111,18001,221,1
111,20001,221,0.8
111,22001,221,0.78
111,24001,221,0.77
111,26001,221,0.74
111,28001,221,0.78
111,30001,221,0.85
111,32001,221,0.81
111,34001,221,0.89
111,36001,221,0.92
111,38001,221,1
111,40001,221,1.17
111,42001,221,1.27
111,44001,221,0.96
111,46001,221,0.77
111,48001,221,0.8
111,50001,221,0.96
111,52001,221,1.14
111,54001,221,0.99
111,56001,221,0.88
111,58001,221,0.82
111,60001,221,0.74
111,62001,221,0.71
111,64001,221,0.67
111,65535,221,0.69
111,1,231,0.71
111,2001,231,0.75
111,4001,231,0.84
111,6001,231,1.18
111,8001,231,1.2
111,10001,231,1.17
111,12001,231,1.34
111,14001,231,1.12
111,16001,231,0.98
111,18001,231,0.99
111,20001,231,0.77
111,22001,231,0.77
111,24001,231,0.76
111,26001,231,0.73
111,28001,231,0.76
111,30001,231,0.84
111,32001,231,0.79
111,34001,231,0.88
111,36001,231,0.89
111,38001,231,0.97
111,40001,231,1.15
111,42001,231,1.2
111,44001,231,0.92
111,46001,231,0.72
111,48001,231,0.78
111,50001,231,0.92
111,52001,231,1.11
111,54001,231,0.97
111,56001,231,0.87
111,58001,231,0.82
111,60001,231,0.72
111,62001,231,0.7
111,64001,231,0.66
111,65535,231,0.68
111,1,241,0.68
111,2001,241,0.7
111,4001,241,0.78
111,6001,241,0.94
111,8001,241,0.96
111,10001,241,1.09
111,12001,241,1.19
111,14001,241,1.04
111,16001,241,0.96
111,18001,241,0.94
111,20001,241,0.75
111,22001,241,0.75
111,24001,241,0.76
111,26001,241,0.73
111,28001,241,0.74
111,30001,241,0.8
111,32001,241,0.78
111,34001,241,0.85
111,36001,241,0.86
111,38001,241,0.94
111,40001,241,1.13
111,42001,241,1.08
111,44001,241,0.88
111,46001,241,0.68
111,48001,241,0.75
111,50001,241,0.89
111,52001,241,1.09
111,54001,241,0.93
111,56001,241,0.85
111,58001,241,0.81
111,60001,241,0.7
111,62001,241,0.68
111,64001,241,0.64
111,65535,241,0.68
111,1,251,0.65
111,2001,251,0.77
111,4001,251,0.8
111,6001,251,0.87
111,8001,251,0.95
111,10001,251,1.05
111,12001,251,1.11
111,14001,251,1.08
111,16001,251,0.98
111,18001,251,0.86
111,20001,251,0.87
111,22001,251,0.86
111,24001,251,0.74
111,26001,251,0.74
111,28001,251,0.71
111,30001,251,0.72
111,32001,251,0.79
111,34001,251,0.84
111,36001,251,0.85
111,38001,251,0.99
111,40001,251,1.07
111,42001,251,1.08
111,44001,251,0.93
111,46001,251,0.71
111,48001,251,0.68
111,50001,251,0.86
111,52001,251,1.04
111,54001,251,0.91
111,56001,251,0.82
111,58001,251,0.74
111,60001,251,0.71
111,62001,251,0.68
111,64001,251,0.63
111,65535,251,0.65
111,1,254,0.64
111,2001,254,0.74
111,4001,254,0.78
111,6001,254,0.85
111,8001,254,0.94
111,10001,254,1.05
111,12001,254,1.12
111,14001,254,1.07
111,16001,254,0.96
111,18001,254,0.85
111,20001,254,0.86
111,22001,254,0.87
111,24001,254,0.73
111,26001,254,0.74
111,28001,254,0.71
111,30001,254,0.72
111,32001,254,0.79
111,34001,254,0.84
111,36001,254,0.85
111,38001,254,0.98
111,40001,254,1.06
111,42001,254,1.06
111,44001,254,0.91
111,46001,254,0.72
111,48001,254,0.67
111,50001,254,0.83
111,52001,254,1.02
111,54001,254,0.92
111,56001,254,0.81
111,58001,254,0.73
111,60001,254,0.72
111,62001,254,0.68
111,64001,254,0.61
111,65535,254,0.64
121,1,1,1.98
121,2001,1,1.99
121,4001,1,2.03
121,6001,1,2.01
121,8001,1,1.99
121,10001,1,2
121,12001,1,1.97
121,14001,1,1.93
121,16001,1,1.99
121,18001,1,2
121,20001,1,2.05
121,22001,1,2.03
121,24001,1,1.99
121,26001,1,2.05
121,28001,1,2.04
121,30001,1,2.01
121,32001,1,2
121,34001,1,2
121,36001,1,1.98
121,38001,1,2.02
121,40001,1,2.01
121,42001,1,2
121,44001,1,2.03
121,46001,1,2.03
121,48001,1,2.03
121,50001,1,2.02
121,52001,1,1.98
121,54001,1,2.01
121,56001,1,2.01
121,58001,1,2.02
121,60001,1,2.03
121,62001,1,2.01
121,64001,1,2.04
121,65535,1,1.99
121,1,11,1.98
121,2001,11,1.98
121,4001,11,2.03
121,6001,11,2.01
121,8001,11,1.99
121,10001,11,2
121,12001,11,1.98
121,14001,11,1.95
121,16001,11,2.01
121,18001,11,1.98
121,20001,11,1.98
121,22001,11,1.97
121,24001,11,1.93
121,26001,11,1.96
121,28001,11,1.97
121,30001,11,1.96
121,32001,11,1.96
121,34001,11,1.98
121,36001,11,1.98
121,38001,11,2.02
121,40001,11,2
121,42001,11,2.01
121,44001,11,2.03
121,46001,11,2.03
121,48001,11,2.03
121,50001,11,2.01
121,52001,11,1.98
121,54001,11,1.97
121,56001,11,1.99
121,58001,11,2
121,60001,11,2.02
121,62001,11,2.02
121,64001,11,2.04
121,65535,11,2
121,1,21,1.99
121,2001,21,1.97
121,4001,21,2.03
121,6001,21,2
121,8001,21,2
121,10001,21,2.01
121,12001,21,1.99
121,14001,21,1.98
121,16001,21,2.03
121,18001,21,1.95
121,20001,21,1.91
121,22001,21,1.9
121,24001,21,1.88
121,26001,21,1.87
121,28001,21,1.89
121,30001,21,1.91
121,32001,21,1.93
121,34001,21,1.96
121,36001,21,1.98
121,38001,21,2.03
121,40001,21,1.99
121,42001,21,2.01
121,44001,21,2.02
121,46001,21,2.03
121,48001,21,2.03
121,50001,21,2.01
121,52001,21,1.97
121,54001,21,1.93
121,56001,21,1.97
121,58001,21,1.99
121,60001,21,2.01
121,62001,21,2.03
121,64001,21,2.04
121,65535,21,2
121,1,31,2
121,2001,31,1.98
121,4001,31,2.03
121,6001,31,2
121,8001,31,2
121,10001,31,2.01
121,12001,31,2
121,14001,31,2.01
121,16001,31,2.04
121,18001,31,1.92
121,20001,31,1.85
121,22001,31,1.83
121,24001,31,1.82
121,26001,31,1.78
121,28001,31,1.82
121,30001,31,1.87
121,32001,31,1.9
121,34001,31,1.96
121,36001,31,1.98
121,38001,31,2.02
121,40001,31,2
121,42001,31,2.02
121,44001,31,2.02
121,46001,31,2.02
121,48001,31,2.03
121,50001,31,2
121,52001,31,1.96
121,54001,31,1.9
121,56001,31,1.95
121,58001,31,1.97
121,60001,31,2
121,62001,31,2.03
121,64001,31,2.03
121,65535,31,2.01
121,1,41,2.01
121,2001,41,1.99
121,4001,41,2.03
121,6001,41,2
121,8001,41,2
121,10001,41,2.02
121,12001,41,2.02
121,14001,41,2.03
121,16001,41,2.06
121,18001,41,1.89
121,20001,41,1.77
121,22001,41,1.75
121,24001,41,1.73
121,26001,41,1.67
121,28001,41,1.72
121,30001,41,1.79
121,32001,41,1.84
121,34001,41,1.96
121,36001,41,1.98
121,38001,41,2.01
121,40001,41,2.01
121,42001,41,2.03
121,44001,41,2.01
121,46001,41,2.02
121,48001,41,2.04
121,50001,41,2
121,52001,41,1.94
121,54001,41,1.89
121,56001,41,1.93
121,58001,41,1.96
121,60001,41,2
121,62001,41,2.03
121,64001,41,2.03
121,65535,41,2.02
121,1,51,2.02
121,2001,51,2
121,4001,51,2.02
121,6001,51,2
121,8001,51,2.01
121,10001,51,2.03
121,12001,51,2.03
121,14001,51,2.04
121,16001,51,2.06
121,18001,51,1.85
121,20001,51,1.68
121,22001,51,1.65
121,24001,51,1.6
121,26001,51,1.52
121,28001,51,1.57
121,30001,51,1.68
121,32001,51,1.77
121,34001,51,1.96
121,36001,51,1.99
121,38001,51,2.01
121,40001,51,2.02
121,42001,51,2.04
121,44001,51,2.01
121,46001,51,2.02
121,48001,51,2.04
121,50001,51,2
121,52001,51,1.92
121,54001,51,1.88
121,56001,51,1.91
121,58001,51,1.95
121,60001,51,2
121,62001,51,2.03
121,64001,51,2.03
121,65535,51,2.02
121,1,61,2.04
121,2001,61,2.01
121,4001,61,2.02
121,6001,61,2
121,8001,61,2.01
121,10001,61,2.04
121,12001,61,2.04
121,14001,61,2.05
121,16001,61,2.06
121,18001,61,1.81
121,20001,61,1.58
121,22001,61,1.55
121,24001,61,1.47
121,26001,61,1.37
121,28001,61,1.42
121,30001,61,1.57
121,32001,61,1.7
121,34001,61,1.96
121,36001,61,2
121,38001,61,2
121,40001,61,2.03
121,42001,61,2.05
121,44001,61,2.01
121,46001,61,2.02
121,48001,61,2.04
121,50001,61,2
121,52001,61,1.89
121,54001,61,1.86
121,56001,61,1.89
121,58001,61,1.93
121,60001,61,2.01
121,62001,61,2.02
121,64001,61,2.03
121,65535,61,2.02
121,1,71,1.81
121,2001,71,1.87
121,4001,71,2.03
121,6001,71,2.01
121,8001,71,2.02
121,10001,71,2.04
121,12001,71,2.04
121,14001,71,2
121,16001,71,1.94
121,18001,71,1.7
121,20001,71,1.49
121,22001,71,1.44
121,24001,71,1.39
121,26001,71,1.28
121,28001,71,1.39
121,30001,71,1.47
121,32001,71,1.59
121,34001,71,1.88
121,36001,71,1.95
121,38001,71,1.98
121,40001,71,2.02
121,42001,71,2.04
121,44001,71,2.03
121,46001,71,1.98
121,48001,71,2.01
121,50001,71,1.98
121,52001,71,1.87
121,54001,71,1.8
121,56001,71,1.74
121,58001,71,1.84
121,60001,71,1.9
121,62001,71,1.92
121,64001,71,1.8
121,65535,71,1.94
121,1,81,1.58
121,2001,81,1.74
121,4001,81,2.03
121,6001,81,2.01
121,8001,81,2.03
121,10001,81,2.03
121,12001,81,2.03
121,14001,81,1.94
121,16001,81,1.82
121,18001,81,1.58
121,20001,81,1.4
121,22001,81,1.33
121,24001,81,1.31
121,26001,81,1.2
121,28001,81,1.35
121,30001,81,1.38
121,32001,81,1.49
121,34001,81,1.81
121,36001,81,1.89
121,38001,81,1.97
121,40001,81,2.02
121,42001,81,2.04
121,44001,81,2.05
121,46001,81,1.94
121,48001,81,1.98
121,50001,81,1.96
121,52001,81,1.84
121,54001,81,1.74
121,56001,81,1.58
121,58001,81,1.75
121,60001,81,1.8
121,62001,81,1.81
121,64001,81,1.57
121,65535,81,1.84
121,1,91,1.42
121,2001,91,1.64
121,4001,91,2.04
121,6001,91,2.02
121,8001,91,2.04
121,10001,91,2.02
121,12001,91,2.02
121,14001,91,1.9
121,16001,91,1.73
121,18001,91,1.5
121,20001,91,1.34
121,22001,91,1.26
121,24001,91,1.25
121,26001,91,1.14
121,28001,91,1.31
121,30001,91,1.32
121,32001,91,1.41
121,34001,91,1.74
121,36001,91,1.83
121,38001,91,1.95
121,40001,91,2.02
121,42001,91,2.04
121,44001,91,2.07
121,46001,91,1.91
121,48001,91,1.95
121,50001,91,1.95
121,52001,91,1.81
121,54001,91,1.68
121,56001,91,1.47
121,58001,91,1.66
121,60001,91,1.69
121,62001,91,1.7
121,64001,91,1.41
121,65535,91,1.74
121,1,101,1.32
121,2001,101,1.56
121,4001,101,2.06
121,6001,101,2.03
121,8001,101,2.03
121,10001,101,2.02
121,12001,101,2.01
121,14001,101,1.87
121,16001,101,1.66
121,18001,101,1.45
121,20001,101,1.31
121,22001,101,1.22
121,24001,101,1.2
121,26001,101,1.1
121,28001,101,1.26
121,30001,101,1.28
121,32001,101,1.36
121,34001,101,1.64
121,36001,101,1.76
121,38001,101,1.93
121,40001,101,2.02
121,42001,101,2.03
121,44001,101,2.09
121,46001,101,1.9
121,48001,101,1.91
121,50001,101,1.94
121,52001,101,1.76
121,54001,101,1.59
121,56001,101,1.39
121,58001,101,1.53
121,60001,101,1.54
121,62001,101,1.54
121,64001,101,1.31
121,65535,101,1.59
121,1,111,1.21
121,2001,111,1.49
121,4001,111,2.08
121,6001,111,2.03
121,8001,111,2.03
121,10001,111,2.04
121,12001,111,2
121,14001,111,1.84
121,16001,111,1.59
121,18001,111,1.4
121,20001,111,1.27
121,22001,111,1.18
121,24001,111,1.16
121,26001,111,1.06
121,28001,111,1.17
121,30001,111,1.24
121,32001,111,1.31
121,34001,111,1.51
121,36001,111,1.66
121,38001,111,1.91
121,40001,111,2.03
121,42001,111,2.03
121,44001,111,2.1
121,46001,111,1.88
121,48001,111,1.86
121,50001,111,1.92
121,52001,111,1.67
121,54001,111,1.48
121,56001,111,1.31
121,58001,111,1.33
121,60001,111,1.32
121,62001,111,1.31
121,64001,111,1.21
121,65535,111,1.36
121,1,121,1.1
121,2001,121,1.42
121,4001,121,2.09
121,6001,121,2.04
121,8001,121,2.02
121,10001,121,2.05
121,12001,121,1.99
121,14001,121,1.81
121,16001,121,1.52
121,18001,121,1.35
121,20001,121,1.24
121,22001,121,1.14
121,24001,121,1.11
121,26001,121,1.03
121,28001,121,1.09
121,30001,121,1.2
121,32001,121,1.25
121,34001,121,1.37
121,36001,121,1.55
121,38001,121,1.88
121,40001,121,2.03
121,42001,121,2.03
121,44001,121,2.11
121,46001,121,1.86
121,48001,121,1.81
121,50001,121,1.91
121,52001,121,1.58
121,54001,121,1.36
121,56001,121,1.23
121,58001,121,1.14
121,60001,121,1.1
121,62001,121,1.07
121,64001,121,1.11
121,65535,121,1.14
121,1,131,1.05
121,2001,131,1.39
121,4001,131,2
121,6001,131,2.04
121,8001,131,2.03
121,10001,131,2.04
121,12001,131,1.98
121,14001,131,1.78
121,16001,131,1.49
121,18001,131,1.32
121,20001,131,1.22
121,22001,131,1.12
121,24001,131,1.06
121,26001,131,1.01
121,28001,131,1.05
121,30001,131,1.16
121,32001,131,1.2
121,34001,131,1.34
121,36001,131,1.45
121,38001,131,1.75
121,40001,131,1.92
121,42001,131,1.96
121,44001,131,2.02
121,46001,131,1.78
121,48001,131,1.73
121,50001,131,1.77
121,52001,131,1.54
121,54001,131,1.32
121,56001,131,1.22
121,58001,131,1.13
121,60001,131,1.06
121,62001,131,1.05
121,64001,131,1.07
121,65535,131,1.11
121,1,141,0.99
121,2001,141,1.37
121,4001,141,1.92
121,6001,141,2.05
121,8001,141,2.03
121,10001,141,2.03
121,12001,141,1.97
121,14001,141,1.75
121,16001,141,1.46
121,18001,141,1.29
121,20001,141,1.2
121,22001,141,1.09
121,24001,141,1.01
121,26001,141,1
121,28001,141,1.02
121,30001,141,1.12
121,32001,141,1.15
121,34001,141,1.31
121,36001,141,1.35
121,38001,141,1.61
121,40001,141,1.81
121,42001,141,1.89
121,44001,141,1.93
121,46001,141,1.69
121,48001,141,1.65
121,50001,141,1.63
121,52001,141,1.5
121,54001,141,1.27
121,56001,141,1.21
121,58001,141,1.11
121,60001,141,1.01
121,62001,141,1.02
121,64001,141,1.04
121,65535,141,1.07
121,1,151,0.96
121,2001,151,1.35
121,4001,151,1.84
121,6001,151,2.05
121,8001,151,2.04
121,10001,151,2.03
121,12001,151,1.96
121,14001,151,1.72
121,16001,151,1.44
121,18001,151,1.26
121,20001,151,1.18
121,22001,151,1.07
121,24001,151,0.98
121,26001,151,0.99
121,28001,151,0.99
121,30001,151,1.08
121,32001,151,1.12
121,34001,151,1.28
121,36001,151,1.29
121,38001,151,1.52
121,40001,151,1.73
121,42001,151,1.85
121,44001,151,1.83
121,46001,151,1.61
121,48001,151,1.57
121,50001,151,1.54
121,52001,151,1.48
121,54001,151,1.24
121,56001,151,1.2
121,58001,151,1.1
121,60001,151,0.99
121,62001,151,1
121,64001,151,1.01
121,65535,151,1.03
121,1,161,0.93
121,2001,161,1.3
121,4001,161,1.72
121,6001,161,2.05
121,8001,161,2.04
121,10001,161,2.03
121,12001,161,1.96
121,14001,161,1.68
121,16001,161,1.4
121,18001,161,1.24
121,20001,161,1.14
121,22001,161,1.04
121,24001,161,0.96
121,26001,161,0.97
121,28001,161,0.98
121,30001,161,1.05
121,32001,161,1.09
121,34001,161,1.23
121,36001,161,1.26
121,38001,161,1.46
121,40001,161,1.67
121,42001,161,1.82
121,44001,161,1.71
121,46001,161,1.49
121,48001,161,1.45
121,50001,161,1.47
121,52001,161,1.47
121,54001,161,1.23
121,56001,161,1.18
121,58001,161,1.07
121,60001,161,0.97
121,62001,161,0.97
121,64001,161,0.97
121,65535,161,0.98
121,1,171,0.9
121,2001,171,1.2
121,4001,171,1.55
121,6001,171,2.04
121,8001,171,2.05
121,10001,171,2.03
121,12001,171,1.95
121,14001,171,1.62
121,16001,171,1.34
121,18001,171,1.21
121,20001,171,1.09
121,22001,171,0.99
121,24001,171,0.94
121,26001,171,0.94
121,28001,171,0.96
121,30001,171,1.01
121,32001,171,1.07
121,34001,171,1.17
121,36001,171,1.22
121,38001,171,1.4
121,40001,171,1.61
121,42001,171,1.78
121,44001,171,1.53
121,46001,171,1.3
121,48001,171,1.28
121,50001,171,1.4
121,52001,171,1.46
121,54001,171,1.22
121,56001,171,1.12
121,58001,171,1.02
121,60001,171,0.96
121,62001,171,0.91
121,64001,171,0.91
121,65535,171,0.93
121,1,181,0.87
121,2001,181,1.1
121,4001,181,1.39
121,6001,181,2.04
121,8001,181,2.06
121,10001,181,2.04
121,12001,181,1.95
121,14001,181,1.55
121,16001,181,1.28
121,18001,181,1.18
121,20001,181,1.03
121,22001,181,0.94
121,24001,181,0.93
121,26001,181,0.92
121,28001,181,0.94
121,30001,181,0.98
121,32001,181,1.05
121,34001,181,1.1
121,36001,181,1.19
121,38001,181,1.34
121,40001,181,1.55
121,42001,181,1.75
121,44001,181,1.35
121,46001,181,1.12
121,48001,181,1.11
121,50001,181,1.34
121,52001,181,1.46
121,54001,181,1.2
121,56001,181,1.07
121,58001,181,0.97
121,60001,181,0.95
121,62001,181,0.86
121,64001,181,0.85
121,65535,181,0.87
121,1,191,0.86
121,2001,191,1.07
121,4001,191,1.29
121,6001,191,1.93
121,8001,191,1.95
121,10001,191,1.85
121,12001,191,1.89
121,14001,191,1.51
121,16001,191,1.25
121,18001,191,1.18
121,20001,191,1.02
121,22001,191,0.93
121,24001,191,0.91
121,26001,191,0.89
121,28001,191,0.93
121,30001,191,0.98
121,32001,191,1.01
121,34001,191,1.09
121,36001,191,1.16
121,38001,191,1.29
121,40001,191,1.48
121,42001,191,1.69
121,44001,191,1.28
121,46001,191,1.04
121,48001,191,1.04
121,50001,191,1.26
121,52001,191,1.4
121,54001,191,1.19
121,56001,191,1.06
121,58001,191,0.96
121,60001,191,0.91
121,62001,191,0.85
121,64001,191,0.83
121,65535,191,0.86
121,1,201,0.85
121,2001,201,1.04
121,4001,201,1.19
121,6001,201,1.82
121,8001,201,1.85
121,10001,201,1.66
121,12001,201,1.83
121,14001,201,1.47
121,16001,201,1.21
121,18001,201,1.18
121,20001,201,1
121,22001,201,0.92
121,24001,201,0.9
121,26001,201,0.85
121,28001,201,0.92
121,30001,201,0.98
121,32001,201,0.98
121,34001,201,1.08
121,36001,201,1.13
121,38001,201,1.24
121,40001,201,1.4
121,42001,201,1.63
121,44001,201,1.21
121,46001,201,0.97
121,48001,201,0.97
121,50001,201,1.19
121,52001,201,1.35
121,54001,201,1.18
121,56001,201,1.04
121,58001,201,0.94
121,60001,201,0.88
121,62001,201,0.84
121,64001,201,0.82
121,65535,201,0.85
121,1,211,0.84
121,2001,211,0.99
121,4001,211,1.11
121,6001,211,1.71
121,8001,211,1.75
121,10001,211,1.54
121,12001,211,1.76
121,14001,211,1.43
121,16001,211,1.18
121,18001,211,1.18
121,20001,211,0.98
121,22001,211,0.91
121,24001,211,0.88
121,26001,211,0.84
121,28001,211,0.91
121,30001,211,0.98
121,32001,211,0.96
121,34001,211,1.07
121,36001,211,1.1
121,38001,211,1.2
121,40001,211,1.36
121,42001,211,1.57
121,44001,211,1.15
121,46001,211,0.91
121,48001,211,0.93
121,50001,211,1.13
121,52001,211,1.32
121,54001,211,1.17
121,56001,211,1.02
121,58001,211,0.93
121,60001,211,0.85
121,62001,211,0.83
121,64001,211,0.8
121,65535,211,0.82
121,1,221,0.82
121,2001,221,0.94
121,4001,221,1.05
121,6001,221,1.55
121,8001,221,1.59
121,10001,221,1.45
121,12001,221,1.67
121,14001,221,1.38
121,16001,221,1.16
121,18001,221,1.16
121,20001,221,0.96
121,22001,221,0.9
121,24001,221,0.87
121,26001,221,0.84
121,28001,221,0.9
121,30001,221,0.97
121,32001,221,0.94
121,34001,221,1.05
121,36001,221,1.08
121,38001,221,1.17
121,40001,221,1.34
121,42001,221,1.49
121,44001,221,1.11
121,46001,221,0.87
121,48001,221,0.9
121,50001,221,1.1
121,52001,221,1.29
121,54001,221,1.15
121,56001,221,1.01
121,58001,221,0.93
121,60001,221,0.83
121,62001,221,0.82
121,64001,221,0.78
121,65535,221,0.79
121,1,231,0.79
121,2001,231,0.89
121,4001,231,0.98
121,6001,231,1.31
121,8001,231,1.35
121,10001,231,1.37
121,12001,231,1.51
121,14001,231,1.3
121,16001,231,1.15
121,18001,231,1.12
121,20001,231,0.93
121,22001,231,0.89
121,24001,231,0.87
121,26001,231,0.83
121,28001,231,0.87
121,30001,231,0.93
121,32001,231,0.92
121,34001,231,1.01
121,36001,231,1.05
121,38001,231,1.14
121,40001,231,1.32
121,42001,231,1.38
121,44001,231,1.07
121,46001,231,0.83
121,48001,231,0.88
121,50001,231,1.06
121,52001,231,1.27
121,54001,231,1.11
121,56001,231,1
121,58001,231,0.93
121,60001,231,0.81
121,62001,231,0.8
121,64001,231,0.77
121,65535,231,0.77
121,1,241,0.76
121,2001,241,0.84
121,4001,241,0.92
121,6001,241,1.06
121,8001,241,1.11
121,10001,241,1.28
121,12001,241,1.35
121,14001,241,1.22
121,16001,241,1.13
121,18001,241,1.07
121,20001,241,0.9
121,22001,241,0.88
121,24001,241,0.87
121,26001,241,0.83
121,28001,241,0.85
121,30001,241,0.9
121,32001,241,0.91
121,34001,241,0.98
121,36001,241,1.02
121,38001,241,1.1
121,40001,241,1.3
121,42001,241,1.27
121,44001,241,1.02
121,46001,241,0.78
121,48001,241,0.85
121,50001,241,1.03
121,52001,241,1.24
121,54001,241,1.07
121,56001,241,0.98
121,58001,241,0.92
121,60001,241,0.79
121,62001,241,0.78
121,64001,241,0.76
121,65535,241,0.76
121,1,251,0.73
121,2001,251,0.86
121,4001,251,0.92
121,6001,251,0.99
121,8001,251,1.09
121,10001,251,1.23
121,12001,251,1.3
121,14001,251,1.24
121,16001,251,1.13
121,18001,251,1.01
121,20001,251,0.98
121,22001,251,0.97
121,24001,251,0.85
121,26001,251,0.84
121,28001,251,0.83
121,30001,251,0.84
121,32001,251,0.92
121,34001,251,0.95
121,36001,251,0.99
121,38001,251,1.13
121,40001,251,1.25
121,42001,251,1.25
121,44001,251,1.05
121,46001,251,0.78
121,48001,251,0.79
121,50001,251,0.98
121,52001,251,1.19
121,54001,251,1.06
121,56001,251,0.96
121,58001,251,0.86
121,60001,251,0.81
121,62001,251,0.79
121,64001,251,0.73
121,65535,251,0.73
121,1,254,0.73
121,2001,254,0.83
121,4001,254,0.9
121,6001,254,0.97
121,8001,254,1.09
121,10001,254,1.22
121,12001,254,1.32
121,14001,254,1.23
121,16001,254,1.11
121,18001,254,1.01
121,20001,254,0.97
121,22001,254,0.98
121,24001,254,0.85
121,26001,254,0.85
121,28001,254,0.83
121,30001,254,0.84
121,32001,254,0.92
121,34001,254,0.96
121,36001,254,0.99
121,38001,254,1.11
121,40001,254,1.24
121,42001,254,1.23
121,44001,254,1.02
121,46001,254,0.79
121,48001,254,0.78
121,50001,254,0.95
121,52001,254,1.17
121,54001,254,1.08
121,56001,254,0.95
121,58001,254,0.85
121,60001,254,0.82
121,62001,254,0.79
121,64001,254,0.72
121,65535,254,0.71
131,1,1,2.25
131,2001,1,2.31
131,4001,1,2.32
131,6001,1,2.3
131,8001,1,2.26
131,10001,1,2.29
131,12001,1,2.25
131,14001,1,2.23
131,16001,1,2.3
131,18001,1,2.28
131,20001,1,2.33
131,22001,1,2.32
131,24001,1,2.26
131,26001,1,2.33
131,28001,1,2.34
131,30001,1,2.3
131,32001,1,2.29
131,34001,1,2.3
131,36001,1,2.27
131,38001,1,2.3
131,40001,1,2.32
131,42001,1,2.3
131,44001,1,2.33
131,46001,1,2.32
131,48001,1,2.32
131,50001,1,2.3
131,52001,1,2.27
131,54001,1,2.33
131,56001,1,2.29
131,58001,1,2.3
131,60001,1,2.3
131,62001,1,2.3
131,64001,1,2.33
131,65535,1,2.29
131,1,11,2.26
131,2001,11,2.3
131,4001,11,2.32
131,6001,11,2.3
131,8001,11,2.27
131,10001,11,2.29
131,12001,11,2.26
131,14001,11,2.26
131,16001,11,2.31
131,18001,11,2.25
131,20001,11,2.27
131,22001,11,2.25
131,24001,11,2.21
131,26001,11,2.24
131,28001,11,2.26
131,30001,11,2.26
131,32001,11,2.26
131,34001,11,2.28
131,36001,11,2.26
131,38001,11,2.3
131,40001,11,2.31
131,42001,11,2.3
131,44001,11,2.32
131,46001,11,2.32
131,48001,11,2.33
131,50001,11,2.3
131,52001,11,2.26
131,54001,11,2.28
131,56001,11,2.26
131,58001,11,2.29
131,60001,11,2.29
131,62001,11,2.31
131,64001,11,2.32
131,65535,11,2.3
131,1,21,2.26
131,2001,21,2.29
131,4001,21,2.32
131,6001,21,2.3
131,8001,21,2.28
131,10001,21,2.3
131,12001,21,2.27
131,14001,21,2.29
131,16001,21,2.33
131,18001,21,2.22
131,20001,21,2.2
131,22001,21,2.18
131,24001,21,2.15
131,26001,21,2.15
131,28001,21,2.19
131,30001,21,2.21
131,32001,21,2.22
131,34001,21,2.26
131,36001,21,2.26
131,38001,21,2.31
131,40001,21,2.3
131,42001,21,2.31
131,44001,21,2.32
131,46001,21,2.32
131,48001,21,2.33
131,50001,21,2.29
131,52001,21,2.26
131,54001,21,2.24
131,56001,21,2.24
131,58001,21,2.27
131,60001,21,2.28
131,62001,21,2.32
131,64001,21,2.32
131,65535,21,2.3
131,1,31,2.27
131,2001,31,2.28
131,4001,31,2.32
131,6001,31,2.3
131,8001,31,2.28
131,10001,31,2.3
131,12001,31,2.28
131,14001,31,2.31
131,16001,31,2.34
131,18001,31,2.19
131,20001,31,2.12
131,22001,31,2.09
131,24001,31,2.05
131,26001,31,2.02
131,28001,31,2.07
131,30001,31,2.12
131,32001,31,2.16
131,34001,31,2.24
131,36001,31,2.27
131,38001,31,2.31
131,40001,31,2.3
131,42001,31,2.31
131,44001,31,2.31
131,46001,31,2.32
131,48001,31,2.33
131,50001,31,2.29
131,52001,31,2.25
131,54001,31,2.2
131,56001,31,2.22
131,58001,31,2.26
131,60001,31,2.28
131,62001,31,2.33
131,64001,31,2.32
131,65535,31,2.31
131,1,41,2.29
131,2001,41,2.27
131,4001,41,2.32
131,6001,41,2.3
131,8001,41,2.29
131,10001,41,2.31
131,12001,41,2.29
131,14001,41,2.32
131,16001,41,2.34
131,18001,41,2.15
131,20001,41,2.02
131,22001,41,1.99
131,24001,41,1.92
131,26001,41,1.87
131,28001,41,1.92
131,30001,41,2.01
131,32001,41,2.09
131,34001,41,2.23
131,36001,41,2.28
131,38001,41,2.31
131,40001,41,2.29
131,42001,41,2.32
131,44001,41,2.31
131,46001,41,2.31
131,48001,41,2.33
131,50001,41,2.29
131,52001,41,2.24
131,54001,41,2.16
131,56001,41,2.2
131,58001,41,2.24
131,60001,41,2.28
131,62001,41,2.34
131,64001,41,2.32
131,65535,41,2.31
131,1,51,2.31
131,2001,51,2.29
131,4001,51,2.31
131,6001,51,2.3
131,8001,51,2.29
131,10001,51,2.32
131,12001,51,2.3
131,14001,51,2.33
131,16001,51,2.34
131,18001,51,2.11
131,20001,51,1.93
131,22001,51,1.89
131,24001,51,1.79
131,26001,51,1.72
131,28001,51,1.77
131,30001,51,1.9
131,32001,51,2.02
131,34001,51,2.23
131,36001,51,2.29
131,38001,51,2.3
131,40001,51,2.3
131,42001,51,2.33
131,44001,51,2.31
131,46001,51,2.31
131,48001,51,2.33
131,50001,51,2.28
131,52001,51,2.22
131,54001,51,2.15
131,56001,51,2.19
131,58001,51,2.23
131,60001,51,2.29
131,62001,51,2.34
131,64001,51,2.32
131,65535,51,2.31
131,1,61,2.33
131,2001,61,2.3
131,4001,61,2.31
131,6001,61,2.3
131,8001,61,2.29
131,10001,61,2.33
131,12001,61,2.32
131,14001,61,2.35
131,16001,61,2.35
131,18001,61,2.08
131,20001,61,1.84
131,22001,61,1.79
131,24001,61,1.65
131,26001,61,1.57
131,28001,61,1.63
131,30001,61,1.78
131,32001,61,1.94
131,34001,61,2.23
131,36001,61,2.3
131,38001,61,2.29
131,40001,61,2.31
131,42001,61,2.34
131,44001,61,2.3
131,46001,61,2.31
131,48001,61,2.34
131,50001,61,2.28
131,52001,61,2.2
131,54001,61,2.14
131,56001,61,2.17
131,58001,61,2.22
131,60001,61,2.29
131,62001,61,2.34
131,64001,61,2.31
131,65535,61,2.31
131,1,71,2.1
131,2001,71,2.16
131,4001,71,2.32
131,6001,71,2.3
131,8001,71,2.31
131,10001,71,2.32
131,12001,71,2.31
131,14001,71,2.29
131,16001,71,2.23
131,18001,71,1.96
131,20001,71,1.74
131,22001,71,1.68
131,24001,71,1.57
131,26001,71,1.49
131,28001,71,1.59
131,30001,71,1.69
131,32001,71,1.84
131,34001,71,2.16
131,36001,71,2.24
131,38001,71,2.28
131,40001,71,2.31
131,42001,71,2.34
131,44001,71,2.32
131,46001,71,2.27
131,48001,71,2.31
131,50001,71,2.26
131,52001,71,2.17
131,54001,71,2.08
131,56001,71,2.01
131,58001,71,2.13
131,60001,71,2.19
131,62001,71,2.23
131,64001,71,2.08
131,65535,71,2.23
131,1,81,1.87
131,2001,81,2.02
131,4001,81,2.32
131,6001,81,2.31
131,8001,81,2.32
131,10001,81,2.31
131,12001,81,2.31
131,14001,81,2.23
131,16001,81,2.1
131,18001,81,1.84
131,20001,81,1.65
131,22001,81,1.57
131,24001,81,1.49
131,26001,81,1.4
131,28001,81,1.55
131,30001,81,1.59
131,32001,81,1.73
131,34001,81,2.09
131,36001,81,2.18
131,38001,81,2.26
131,40001,81,2.31
131,42001,81,2.33
131,44001,81,2.35
131,46001,81,2.23
131,48001,81,2.28
131,50001,81,2.25
131,52001,81,2.14
131,54001,81,2.01
131,56001,81,1.85
131,58001,81,2.03
131,60001,81,2.08
131,62001,81,2.12
131,64001,81,1.85
131,65535,81,2.13
131,1,91,1.64
131,2001,91,1.88
131,4001,91,2.33
131,6001,91,2.31
131,8001,91,2.33
131,10001,91,2.32
131,12001,91,2.3
131,14001,91,2.18
131,16001,91,1.98
131,18001,91,1.73
131,20001,91,1.56
131,22001,91,1.46
131,24001,91,1.41
131,26001,91,1.32
131,28001,91,1.49
131,30001,91,1.5
131,32001,91,1.63
131,34001,91,1.98
131,36001,91,2.1
131,38001,91,2.24
131,40001,91,2.31
131,42001,91,2.32
131,44001,91,2.36
131,46001,91,2.19
131,48001,91,2.23
131,50001,91,2.23
131,52001,91,2.07
131,54001,91,1.92
131,56001,91,1.7
131,58001,91,1.88
131,60001,91,1.91
131,62001,91,1.94
131,64001,91,1.62
131,65535,91,1.95
131,1,101,1.46
131,2001,101,1.77
131,4001,101,2.34
131,6001,101,2.32
131,8001,101,2.34
131,10001,101,2.33
131,12001,101,2.3
131,14001,101,2.13
131,16001,101,1.88
131,18001,101,1.64
131,20001,101,1.49
131,22001,101,1.37
131,24001,101,1.35
131,26001,101,1.25
131,28001,101,1.4
131,30001,101,1.42
131,32001,101,1.54
131,34001,101,1.85
131,36001,101,2
131,38001,101,2.22
131,40001,101,2.32
131,42001,101,2.32
131,44001,101,2.37
131,46001,101,2.16
131,48001,101,2.18
131,50001,101,2.21
131,52001,101,1.98
131,54001,101,1.81
131,56001,101,1.57
131,58001,101,1.69
131,60001,101,1.69
131,62001,101,1.7
131,64001,101,1.45
131,65535,101,1.72
131,1,111,1.35
131,2001,111,1.7
131,4001,111,2.36
131,6001,111,2.32
131,8001,111,2.33
131,10001,111,2.34
131,12001,111,2.28
131,14001,111,2.1
131,16001,111,1.81
131,18001,111,1.58
131,20001,111,1.46
131,22001,111,1.33
131,24001,111,1.3
131,26001,111,1.21
131,28001,111,1.32
131,30001,111,1.38
131,32001,111,1.49
131,34001,111,1.71
131,36001,111,1.9
131,38001,111,2.19
131,40001,111,2.32
131,42001,111,2.32
131,44001,111,2.38
131,46001,111,2.14
131,48001,111,2.13
131,50001,111,2.2
131,52001,111,1.89
131,54001,111,1.69
131,56001,111,1.49
131,58001,111,1.5
131,60001,111,1.47
131,62001,111,1.46
131,64001,111,1.34
131,65535,111,1.5
131,1,121,1.24
131,2001,121,1.62
131,4001,121,2.37
131,6001,121,2.33
131,8001,121,2.33
131,10001,121,2.35
131,12001,121,2.27
131,14001,121,2.07
131,16001,121,1.74
131,18001,121,1.53
131,20001,121,1.42
131,22001,121,1.29
131,24001,121,1.26
131,26001,121,1.17
131,28001,121,1.23
131,30001,121,1.34
131,32001,121,1.44
131,34001,121,1.58
131,36001,121,1.8
131,38001,121,2.17
131,40001,121,2.33
131,42001,121,2.31
131,44001,121,2.4
131,46001,121,2.13
131,48001,121,2.07
131,50001,121,2.19
131,52001,121,1.8
131,54001,121,1.58
131,56001,121,1.41
131,58001,121,1.31
131,60001,121,1.26
131,62001,121,1.22
131,64001,121,1.24
131,65535,121,1.27
131,1,131,1.19
131,2001,131,1.6
131,4001,131,2.28
131,6001,131,2.33
131,8001,131,2.33
131,10001,131,2.35
131,12001,131,2.26
131,14001,131,2.04
131,16001,131,1.72
131,18001,131,1.5
131,20001,131,1.4
131,22001,131,1.27
131,24001,131,1.24
131,26001,131,1.16
131,28001,131,1.2
131,30001,131,1.3
131,32001,131,1.38
131,34001,131,1.54
131,36001,131,1.69
131,38001,131,2.03
131,40001,131,2.22
131,42001,131,2.25
131,44001,131,2.3
131,46001,131,2.04
131,48001,131,2
131,50001,131,2.05
131,52001,131,1.76
131,54001,131,1.53
131,56001,131,1.4
131,58001,131,1.29
131,60001,131,1.21
131,62001,131,1.2
131,64001,131,1.21
131,65535,131,1.24
131,1,141,1.13
131,2001,141,1.58
131,4001,141,2.2
131,6001,141,2.34
131,8001,141,2.34
131,10001,141,2.34
131,12001,141,2.26
131,14001,141,2.01
131,16001,141,1.69
131,18001,141,1.48
131,20001,141,1.38
131,22001,141,1.25
131,24001,141,1.22
131,26001,141,1.15
131,28001,141,1.16
131,30001,141,1.26
131,32001,141,1.33
131,34001,141,1.51
131,36001,141,1.59
131,38001,141,1.89
131,40001,141,2.1
131,42001,141,2.18
131,44001,141,2.21
131,46001,141,1.96
131,48001,141,1.92
131,50001,141,1.91
131,52001,141,1.72
131,54001,141,1.48
131,56001,141,1.4
131,58001,141,1.28
131,60001,141,1.17
131,62001,141,1.18
131,64001,141,1.18
131,65535,141,1.2
131,1,151,1.08
131,2001,151,1.51
131,4001,151,2.07
131,6001,151,2.34
131,8001,151,2.34
131,10001,151,2.34
131,12001,151,2.25
131,14001,151,1.96
131,16001,151,1.64
131,18001,151,1.45
131,20001,151,1.34
131,22001,151,1.21
131,24001,151,1.18
131,26001,151,1.13
131,28001,151,1.13
131,30001,151,1.22
131,32001,151,1.28
131,34001,151,1.46
131,36001,151,1.49
131,38001,151,1.75
131,40001,151,1.99
131,42001,151,2.11
131,44001,151,2.06
131,46001,151,1.81
131,48001,151,1.78
131,50001,151,1.77
131,52001,151,1.68
131,54001,151,1.44
131,56001,151,1.36
131,58001,151,1.24
131,60001,151,1.12
131,62001,151,1.14
131,64001,151,1.13
131,65535,151,1.15
131,1,161,1.04
131,2001,161,1.41
131,4001,161,1.9
131,6001,161,2.33
131,8001,161,2.35
131,10001,161,2.34
131,12001,161,2.24
131,14001,161,1.9
131,16001,161,1.58
131,18001,161,1.42
131,20001,161,1.29
131,22001,161,1.16
131,24001,161,1.13
131,26001,161,1.1
131,28001,161,1.1
131,30001,161,1.19
131,32001,161,1.24
131,34001,161,1.39
131,36001,161,1.42
131,38001,161,1.64
131,40001,161,1.9
131,42001,161,2.06
131,44001,161,1.89
131,46001,161,1.63
131,48001,161,1.61
131,50001,161,1.66
131,52001,161,1.66
131,54001,161,1.4
131,56001,161,1.31
131,58001,161,1.19
131,60001,161,1.09
131,62001,161,1.08
131,64001,161,1.07
131,65535,161,1.09
131,1,171,1.01
131,2001,171,1.32
131,4001,171,1.74
131,6001,171,2.33
131,8001,171,2.36
131,10001,171,2.35
131,12001,171,2.24
131,14001,171,1.84
131,16001,171,1.53
131,18001,171,1.39
131,20001,171,1.23
131,22001,171,1.11
131,24001,171,1.08
131,26001,171,1.08
131,28001,171,1.08
131,30001,171,1.15
131,32001,171,1.22
131,34001,171,1.33
131,36001,171,1.38
131,38001,171,1.59
131,40001,171,1.84
131,42001,171,2.03
131,44001,171,1.71
131,46001,171,1.45
131,48001,171,1.44
131,50001,171,1.59
131,52001,171,1.65
131,54001,171,1.39
131,56001,171,1.25
131,58001,171,1.15
131,60001,171,1.08
131,62001,171,1.03
131,64001,171,1.01
131,65535,171,1.03
131,1,181,0.98
131,2001,181,1.22
131,4001,181,1.57
131,6001,181,2.32
131,8001,181,2.36
131,10001,181,2.35
131,12001,181,2.23
131,14001,181,1.78
131,16001,181,1.47
131,18001,181,1.37
131,20001,181,1.18
131,22001,181,1.06
131,24001,181,1.02
131,26001,181,1.05
131,28001,181,1.07
131,30001,181,1.12
131,32001,181,1.19
131,34001,181,1.26
131,36001,181,1.35
131,38001,181,1.53
131,40001,181,1.79
131,42001,181,2
131,44001,181,1.53
131,46001,181,1.27
131,48001,181,1.26
131,50001,181,1.52
131,52001,181,1.64
131,54001,181,1.38
131,56001,181,1.2
131,58001,181,1.1
131,60001,181,1.06
131,62001,181,0.97
131,64001,181,0.96
131,65535,181,0.97
131,1,191,0.97
131,2001,191,1.18
131,4001,191,1.47
131,6001,191,2.21
131,8001,191,2.26
131,10001,191,2.17
131,12001,191,2.17
131,14001,191,1.74
131,16001,191,1.43
131,18001,191,1.37
131,20001,191,1.16
131,22001,191,1.05
131,24001,191,1.01
131,26001,191,1.02
131,28001,191,1.06
131,30001,191,1.12
131,32001,191,1.16
131,34001,191,1.25
131,36001,191,1.32
131,38001,191,1.48
131,40001,191,1.71
131,42001,191,1.94
131,44001,191,1.46
131,46001,191,1.19
131,48001,191,1.19
131,50001,191,1.45
131,52001,191,1.59
131,54001,191,1.36
131,56001,191,1.18
131,58001,191,1.08
131,60001,191,1.03
131,62001,191,0.96
131,64001,191,0.94
131,65535,191,0.96
131,1,201,0.96
131,2001,201,1.15
131,4001,201,1.37
131,6001,201,2.1
131,8001,201,2.16
131,10001,201,1.98
131,12001,201,2.11
131,14001,201,1.7
131,16001,201,1.39
131,18001,201,1.37
131,20001,201,1.15
131,22001,201,1.04
131,24001,201,0.99
131,26001,201,0.99
131,28001,201,1.05
131,30001,201,1.12
131,32001,201,1.13
131,34001,201,1.24
131,36001,201,1.29
131,38001,201,1.43
131,40001,201,1.64
131,42001,201,1.88
131,44001,201,1.39
131,46001,201,1.11
131,48001,201,1.13
131,50001,201,1.37
131,52001,201,1.54
131,54001,201,1.35
131,56001,201,1.17
131,58001,201,1.07
131,60001,201,0.99
131,62001,201,0.96
131,64001,201,0.92
131,65535,201,0.95
131,1,211,0.94
131,2001,211,1.12
131,4001,211,1.27
131,6001,211,1.91
131,8001,211,1.97
131,10001,211,1.79
131,12001,211,1.99
131,14001,211,1.63
131,16001,211,1.36
131,18001,211,1.34
131,20001,211,1.13
131,22001,211,1.03
131,24001,211,0.99
131,26001,211,0.96
131,28001,211,1.03
131,30001,211,1.1
131,32001,211,1.09
131,34001,211,1.21
131,36001,211,1.26
131,38001,211,1.38
131,40001,211,1.56
131,42001,211,1.79
131,44001,211,1.32
131,46001,211,1.03
131,48001,211,1.06
131,50001,211,1.3
131,52001,211,1.49
131,54001,211,1.33
131,56001,211,1.16
131,58001,211,1.05
131,60001,211,0.96
131,62001,211,0.94
131,64001,211,0.91
131,65535,211,0.93
131,1,221,0.91
131,2001,221,1.08
131,4001,221,1.19
131,6001,221,1.67
131,8001,221,1.73
131,10001,221,1.65
131,12001,221,1.83
131,14001,221,1.55
131,16001,221,1.33
131,18001,221,1.29
131,20001,221,1.11
131,22001,221,1.03
131,24001,221,0.99
131,26001,221,0.94
131,28001,221,1
131,30001,221,1.07
131,32001,221,1.07
131,34001,221,1.18
131,36001,221,1.23
131,38001,221,1.33
131,40001,221,1.51
131,42001,221,1.68
131,44001,221,1.25
131,46001,221,0.97
131,48001,221,1.01
131,50001,221,1.24
131,52001,221,1.45
131,54001,221,1.29
131,56001,221,1.14
131,58001,221,1.04
131,60001,221,0.93
131,62001,221,0.92
131,64001,221,0.9
131,65535,221,0.9
131,1,231,0.88
131,2001,231,1.03
131,4001,231,1.12
131,6001,231,1.43
131,8001,231,1.49
131,10001,231,1.56
131,12001,231,1.67
131,14001,231,1.47
131,16001,231,1.31
131,18001,231,1.25
131,20001,231,1.08
131,22001,231,1.01
131,24001,231,0.99
131,26001,231,0.93
131,28001,231,0.98
131,30001,231,1.03
131,32001,231,1.05
131,34001,231,1.15
131,36001,231,1.2
131,38001,231,1.3
131,40001,231,1.49
131,42001,231,1.56
131,44001,231,1.21
131,46001,231,0.93
131,48001,231,0.98
131,50001,231,1.2
131,52001,231,1.42
131,54001,231,1.25
131,56001,231,1.13
131,58001,231,1.04
131,60001,231,0.91
131,62001,231,0.9
131,64001,231,0.88
131,65535,231,0.87
131,1,241,0.85
131,2001,241,0.97
131,4001,241,1.06
131,6001,241,1.19
131,8001,241,1.25
131,10001,241,1.48
131,12001,241,1.52
131,14001,241,1.39
131,16001,241,1.29
131,18001,241,1.2
131,20001,241,1.06
131,22001,241,1
131,24001,241,0.99
131,26001,241,0.93
131,28001,241,0.95
131,30001,241,0.99
131,32001,241,1.03
131,34001,241,1.12
131,36001,241,1.17
131,38001,241,1.27
131,40001,241,1.46
131,42001,241,1.45
131,44001,241,1.17
131,46001,241,0.89
131,48001,241,0.96
131,50001,241,1.17
131,52001,241,1.4
131,54001,241,1.21
131,56001,241,1.12
131,58001,241,1.04
131,60001,241,0.89
131,62001,241,0.88
131,64001,241,0.87
131,65535,241,0.84
131,1,251,0.82
131,2001,251,0.95
131,4001,251,1.03
131,6001,251,1.1
131,8001,251,1.24
131,10001,251,1.4
131,12001,251,1.5
131,14001,251,1.39
131,16001,251,1.27
131,18001,251,1.16
131,20001,251,1.09
131,22001,251,1.07
131,24001,251,0.97
131,26001,251,0.95
131,28001,251,0.95
131,30001,251,0.96
131,32001,251,1.05
131,34001,251,1.07
131,36001,251,1.14
131,38001,251,1.27
131,40001,251,1.43
131,42001,251,1.41
131,44001,251,1.16
131,46001,251,0.85
131,48001,251,0.9
131,50001,251,1.1
131,52001,251,1.34
131,54001,251,1.22
131,56001,251,1.1
131,58001,251,0.98
131,60001,251,0.91
131,62001,251,0.9
131,64001,251,0.84
131,65535,251,0.8
131,1,254,0.81
131,2001,254,0.91
131,4001,254,1.01
131,6001,254,1.08
131,8001,254,1.23
131,10001,254,1.4
131,12001,254,1.51
131,14001,254,1.38
131,16001,254,1.25
131,18001,254,1.16
131,20001,254,1.07
131,22001,254,1.08
131,24001,254,0.96
131,26001,254,0.95
131,28001,254,0.95
131,30001,254,0.97
131,32001,254,1.05
131,34001,254,1.07
131,36001,254,1.14
131,38001,254,1.25
131,40001,254,1.43
131,42001,254,1.39
131,44001,254,1.14
131,46001,254,0.87
131,48001,254,0.89
131,50001,254,1.06
131,52001,254,1.31
131,54001,254,1.23
131,56001,254,1.08
131,58001,254,0.96
131,60001,254,0.91
131,62001,254,0.9
131,64001,254,0.82
131,65535,254,0.78
141,1,1,2.52
141,2001,1,2.62
141,4001,1,2.6
141,6001,1,2.6
141,8001,1,2.54
141,10001,1,2.58
141,12001,1,2.53
141,14001,1,2.54
141,16001,1,2.6
141,18001,1,2.55
141,20001,1,2.62
141,22001,1,2.6
141,24001,1,2.54
141,26001,1,2.6
141,28001,1,2.63
141,30001,1,2.6
141,32001,1,2.58
141,34001,1,2.6
141,36001,1,2.55
141,38001,1,2.58
141,40001,1,2.63
141,42001,1,2.59
141,44001,1,2.62
141,46001,1,2.61
141,48001,1,2.62
141,50001,1,2.59
141,52001,1,2.55
141,54001,1,2.64
141,56001,1,2.56
141,58001,1,2.59
141,60001,1,2.57
141,62001,1,2.6
141,64001,1,2.61
141,65535,1,2.59
141,1,11,2.53
141,2001,11,2.61
141,4001,11,2.6
141,6001,11,2.59
141,8001,11,2.55
141,10001,11,2.58
141,12001,11,2.54
141,14001,11,2.57
141,16001,11,2.61
141,18001,11,2.53
141,20001,11,2.55
141,22001,11,2.53
141,24001,11,2.49
141,26001,11,2.51
141,28001,11,2.55
141,30001,11,2.55
141,32001,11,2.55
141,34001,11,2.58
141,36001,11,2.55
141,38001,11,2.58
141,40001,11,2.62
141,42001,11,2.6
141,44001,11,2.61
141,46001,11,2.61
141,48001,11,2.62
141,50001,11,2.59
141,52001,11,2.54
141,54001,11,2.59
141,56001,11,2.54
141,58001,11,2.58
141,60001,11,2.56
141,62001,11,2.61
141,64001,11,2.61
141,65535,11,2.6
141,1,21,2.54
141,2001,21,2.6
141,4001,21,2.6
141,6001,21,2.59
141,8001,21,2.56
141,10001,21,2.59
141,12001,21,2.55
141,14001,21,2.58
141,16001,21,2.62
141,18001,21,2.49
141,20001,21,2.46
141,22001,21,2.44
141,24001,21,2.37
141,26001,21,2.38
141,28001,21,2.42
141,30001,21,2.45
141,32001,21,2.48
141,34001,21,2.56
141,36001,21,2.55
141,38001,21,2.59
141,40001,21,2.61
141,42001,21,2.6
141,44001,21,2.61
141,46001,21,2.61
141,48001,21,2.63
141,50001,21,2.58
141,52001,21,2.54
141,54001,21,2.55
141,56001,21,2.52
141,58001,21,2.56
141,60001,21,2.56
141,62001,21,2.62
141,64001,21,2.61
141,65535,21,2.6
141,1,31,2.56
141,2001,31,2.59
141,4001,31,2.6
141,6001,31,2.59
141,8001,31,2.56
141,10001,31,2.59
141,12001,31,2.56
141,14001,31,2.6
141,16001,31,2.62
141,18001,31,2.45
141,20001,31,2.37
141,22001,31,2.34
141,24001,31,2.24
141,26001,31,2.23
141,28001,31,2.27
141,30001,31,2.34
141,32001,31,2.41
141,34001,31,2.54
141,36001,31,2.56
141,38001,31,2.59
141,40001,31,2.6
141,42001,31,2.61
141,44001,31,2.61
141,46001,31,2.6
141,48001,31,2.63
141,50001,31,2.58
141,52001,31,2.53
141,54001,31,2.51
141,56001,31,2.5
141,58001,31,2.55
141,60001,31,2.57
141,62001,31,2.63
141,64001,31,2.61
141,65535,31,2.61
141,1,41,2.58
141,2001,41,2.58
141,4001,41,2.6
141,6001,41,2.59
141,8001,41,2.57
141,10001,41,2.59
141,12001,41,2.57
141,14001,41,2.61
141,16001,41,2.63
141,18001,41,2.41
141,20001,41,2.27
141,22001,41,2.23
141,24001,41,2.1
141,26001,41,2.08
141,28001,41,2.13
141,30001,41,2.22
141,32001,41,2.33
141,34001,41,2.53
141,36001,41,2.57
141,38001,41,2.59
141,40001,41,2.6
141,42001,41,2.61
141,44001,41,2.6
141,46001,41,2.6
141,48001,41,2.63
141,50001,41,2.57
141,52001,41,2.53
141,54001,41,2.46
141,56001,41,2.48
141,58001,41,2.53
141,60001,41,2.57
141,62001,41,2.64
141,64001,41,2.61
141,65535,41,2.61
141,1,51,2.6
141,2001,51,2.57
141,4001,51,2.6
141,6001,51,2.59
141,8001,51,2.57
141,10001,51,2.6
141,12001,51,2.58
141,14001,51,2.62
141,16001,51,2.63
141,18001,51,2.38
141,20001,51,2.18
141,22001,51,2.13
141,24001,51,1.97
141,26001,51,1.93
141,28001,51,1.98
141,30001,51,2.11
141,32001,51,2.26
141,34001,51,2.51
141,36001,51,2.58
141,38001,51,2.59
141,40001,51,2.59
141,42001,51,2.62
141,44001,51,2.6
141,46001,51,2.6
141,48001,51,2.63
141,50001,51,2.57
141,52001,51,2.52
141,54001,51,2.43
141,56001,51,2.46
141,58001,51,2.52
141,60001,51,2.58
141,62001,51,2.65
141,64001,51,2.6
141,65535,51,2.61
141,1,61,2.61
141,2001,61,2.58
141,4001,61,2.6
141,6001,61,2.59
141,8001,61,2.58
141,10001,61,2.61
141,12001,61,2.59
141,14001,61,2.64
141,16001,61,2.63
141,18001,61,2.34
141,20001,61,2.09
141,22001,61,2.03
141,24001,61,1.84
141,26001,61,1.78
141,28001,61,1.83
141,30001,61,2
141,32001,61,2.19
141,34001,61,2.51
141,36001,61,2.59
141,38001,61,2.59
141,40001,61,2.6
141,42001,61,2.63
141,44001,61,2.6
141,46001,61,2.6
141,48001,61,2.63
141,50001,61,2.57
141,52001,61,2.5
141,54001,61,2.41
141,56001,61,2.44
141,58001,61,2.5
141,60001,61,2.58
141,62001,61,2.65
141,64001,61,2.6
141,65535,61,2.61
141,1,71,2.38
141,2001,71,2.45
141,4001,71,2.61
141,6001,71,2.59
141,8001,71,2.59
141,10001,71,2.6
141,12001,71,2.59
141,14001,71,2.58
141,16001,71,2.51
141,18001,71,2.22
141,20001,71,2
141,22001,71,1.92
141,24001,71,1.76
141,26001,71,1.69
141,28001,71,1.8
141,30001,71,1.9
141,32001,71,2.08
141,34001,71,2.44
141,36001,71,2.54
141,38001,71,2.57
141,40001,71,2.6
141,42001,71,2.62
141,44001,71,2.62
141,46001,71,2.56
141,48001,71,2.6
141,50001,71,2.55
141,52001,71,2.47
141,54001,71,2.35
141,56001,71,2.29
141,58001,71,2.41
141,60001,71,2.48
141,62001,71,2.54
141,64001,71,2.37
141,65535,71,2.52
141,1,81,2.15
141,2001,81,2.31
141,4001,81,2.61
141,6001,81,2.6
141,8001,81,2.6
141,10001,81,2.61
141,12001,81,2.58
141,14001,81,2.52
141,16001,81,2.39
141,18001,81,2.1
141,20001,81,1.9
141,22001,81,1.81
141,24001,81,1.68
141,26001,81,1.61
141,28001,81,1.72
141,30001,81,1.81
141,32001,81,1.98
141,34001,81,2.32
141,36001,81,2.44
141,38001,81,2.55
141,40001,81,2.6
141,42001,81,2.62
141,44001,81,2.63
141,46001,81,2.52
141,48001,81,2.56
141,50001,81,2.53
141,52001,81,2.39
141,54001,81,2.25
141,56001,81,2.13
141,58001,81,2.24
141,60001,81,2.28
141,62001,81,2.33
141,64001,81,2.14
141,65535,81,2.31
141,1,91,1.92
141,2001,91,2.17
141,4001,91,2.62
141,6001,91,2.6
141,8001,91,2.62
141,10001,91,2.62
141,12001,91,2.58
141,14001,91,2.47
141,16001,91,2.27
141,18001,91,1.99
141,20001,91,1.81
141,22001,91,1.7
141,24001,91,1.6
141,26001,91,1.52
141,28001,91,1.64
141,30001,91,1.71
141,32001,91,1.87
141,34001,91,2.18
141,36001,91,2.34
141,38001,91,2.52
141,40001,91,2.61
141,42001,91,2.62
141,44001,91,2.64
141,46001,91,2.48
141,48001,91,2.5
141,50001,91,2.51
141,52001,91,2.3
141,54001,91,2.13
141,56001,91,1.97
141,58001,91,2.05
141,60001,91,2.06
141,62001,91,2.09
141,64001,91,1.91
141,65535,91,2.08
141,1,101,1.69
141,2001,101,2.03
141,4001,101,2.63
141,6001,101,2.61
141,8001,101,2.63
141,10001,101,2.63
141,12001,101,2.57
141,14001,101,2.41
141,16001,101,2.15
141,18001,101,1.87
141,20001,101,1.72
141,22001,101,1.58
141,24001,101,1.52
141,26001,101,1.44
141,28001,101,1.55
141,30001,101,1.62
141,32001,101,1.77
141,34001,101,2.05
141,36001,101,2.24
141,38001,101,2.5
141,40001,101,2.61
141,42001,101,2.61
141,44001,101,2.65
141,46001,101,2.44
141,48001,101,2.45
141,50001,101,2.49
141,52001,101,2.21
141,54001,101,2.02
141,56001,101,1.82
141,58001,101,1.86
141,60001,101,1.84
141,62001,101,1.85
141,64001,101,1.68
141,65535,101,1.86
141,1,111,1.49
141,2001,111,1.91
141,4001,111,2.64
141,6001,111,2.61
141,8001,111,2.64
141,10001,111,2.64
141,12001,111,2.57
141,14001,111,2.36
141,16001,111,2.04
141,18001,111,1.77
141,20001,111,1.64
141,22001,111,1.49
141,24001,111,1.44
141,26001,111,1.36
141,28001,111,1.47
141,30001,111,1.53
141,32001,111,1.67
141,34001,111,1.91
141,36001,111,2.14
141,38001,111,2.47
141,40001,111,2.62
141,42001,111,2.61
141,44001,111,2.67
141,46001,111,2.4
141,48001,111,2.4
141,50001,111,2.48
141,52001,111,2.12
141,54001,111,1.9
141,56001,111,1.68
141,58001,111,1.67
141,60001,111,1.63
141,62001,111,1.61
141,64001,111,1.48
141,65535,111,1.63
141,1,121,1.38
141,2001,121,1.83
141,4001,121,2.65
141,6001,121,2.62
141,8001,121,2.63
141,10001,121,2.66
141,12001,121,2.56
141,14001,121,2.33
141,16001,121,1.97
141,18001,121,1.72
141,20001,121,1.61
141,22001,121,1.45
141,24001,121,1.4
141,26001,121,1.32
141,28001,121,1.38
141,30001,121,1.49
141,32001,121,1.62
141,34001,121,1.78
141,36001,121,2.04
141,38001,121,2.45
141,40001,121,2.62
141,42001,121,2.6
141,44001,121,2.68
141,46001,121,2.39
141,48001,121,2.34
141,50001,121,2.46
141,52001,121,2.03
141,54001,121,1.79
141,56001,121,1.6
141,58001,121,1.47
141,60001,121,1.41
141,62001,121,1.38
141,64001,121,1.38
141,65535,121,1.41
141,1,131,1.33
141,2001,131,1.81
141,4001,131,2.57
141,6001,131,2.62
141,8001,131,2.64
141,10001,131,2.65
141,12001,131,2.55
141,14001,131,2.3
141,16001,131,1.94
141,18001,131,1.69
141,20001,131,1.59
141,22001,131,1.42
141,24001,131,1.38
141,26001,131,1.31
141,28001,131,1.35
141,30001,131,1.45
141,32001,131,1.57
141,34001,131,1.75
141,36001,131,1.94
141,38001,131,2.31
141,40001,131,2.51
141,42001,131,2.54
141,44001,131,2.58
141,46001,131,2.3
141,48001,131,2.26
141,50001,131,2.32
141,52001,131,1.99
141,54001,131,1.74
141,56001,131,1.59
141,58001,131,1.46
141,60001,131,1.36
141,62001,131,1.35
141,64001,131,1.34
141,65535,131,1.38
141,1,141,1.27
141,2001,141,1.73
141,4001,141,2.42
141,6001,141,2.62
141,8001,141,2.65
141,10001,141,2.65
141,12001,141,2.54
141,14001,141,2.24
141,16001,141,1.89
141,18001,141,1.66
141,20001,141,1.54
141,22001,141,1.38
141,24001,141,1.34
141,26001,141,1.29
141,28001,141,1.31
141,30001,141,1.41
141,32001,141,1.51
141,34001,141,1.69
141,36001,141,1.83
141,38001,141,2.17
141,40001,141,2.4
141,42001,141,2.47
141,44001,141,2.42
141,46001,141,2.14
141,48001,141,2.11
141,50001,141,2.18
141,52001,141,1.95
141,54001,141,1.69
141,56001,141,1.54
141,58001,141,1.42
141,60001,141,1.32
141,62001,141,1.31
141,64001,141,1.29
141,65535,141,1.32
141,1,151,1.22
141,2001,151,1.63
141,4001,151,2.25
141,6001,151,2.62
141,8001,151,2.65
141,10001,151,2.66
141,12001,151,2.53
141,14001,151,2.18
141,16001,151,1.83
141,18001,151,1.63
141,20001,151,1.48
141,22001,151,1.33
141,24001,151,1.28
141,26001,151,1.26
141,28001,151,1.28
141,30001,151,1.37
141,32001,151,1.46
141,34001,151,1.62
141,36001,151,1.73
141,38001,151,2.03
141,40001,151,2.29
141,42001,151,2.4
141,44001,151,2.24
141,46001,151,1.96
141,48001,151,1.94
141,50001,151,2.04
141,52001,151,1.91
141,54001,151,1.65
141,56001,151,1.49
141,58001,151,1.37
141,60001,151,1.27
141,62001,151,1.25
141,64001,151,1.23
141,65535,151,1.25
141,1,161,1.17
141,2001,161,1.53
141,4001,161,2.09
141,6001,161,2.61
141,8001,161,2.66
141,10001,161,2.66
141,12001,161,2.52
141,14001,161,2.12
141,16001,161,1.77
141,18001,161,1.61
141,20001,161,1.43
141,22001,161,1.28
141,24001,161,1.23
141,26001,161,1.24
141,28001,161,1.24
141,30001,161,1.33
141,32001,161,1.41
141,34001,161,1.55
141,36001,161,1.63
141,38001,161,1.89
141,40001,161,2.18
141,42001,161,2.34
141,44001,161,2.07
141,46001,161,1.78
141,48001,161,1.76
141,50001,161,1.9
141,52001,161,1.87
141,54001,161,1.6
141,56001,161,1.44
141,58001,161,1.32
141,60001,161,1.23
141,62001,161,1.2
141,64001,161,1.18
141,65535,161,1.19
141,1,171,1.12
141,2001,171,1.43
141,4001,171,1.92
141,6001,171,2.6
141,8001,171,2.67
141,10001,171,2.67
141,12001,171,2.52
141,14001,171,2.06
141,16001,171,1.71
141,18001,171,1.58
141,20001,171,1.37
141,22001,171,1.23
141,24001,171,1.18
141,26001,171,1.21
141,28001,171,1.21
141,30001,171,1.29
141,32001,171,1.37
141,34001,171,1.49
141,36001,171,1.54
141,38001,171,1.77
141,40001,171,2.08
141,42001,171,2.28
141,44001,171,1.89
141,46001,171,1.6
141,48001,171,1.59
141,50001,171,1.78
141,52001,171,1.84
141,54001,171,1.56
141,56001,171,1.38
141,58001,171,1.27
141,60001,171,1.19
141,62001,171,1.14
141,64001,171,1.12
141,65535,171,1.13
141,1,181,1.09
141,2001,181,1.33
141,4001,181,1.76
141,6001,181,2.6
141,8001,181,2.67
141,10001,181,2.67
141,12001,181,2.51
141,14001,181,2
141,16001,181,1.65
141,18001,181,1.55
141,20001,181,1.32
141,22001,181,1.18
141,24001,181,1.12
141,26001,181,1.19
141,28001,181,1.19
141,30001,181,1.26
141,32001,181,1.34
141,34001,181,1.42
141,36001,181,1.51
141,38001,181,1.71
141,40001,181,2.02
141,42001,181,2.24
141,44001,181,1.71
141,46001,181,1.41
141,48001,181,1.42
141,50001,181,1.71
141,52001,181,1.83
141,54001,181,1.55
141,56001,181,1.33
141,58001,181,1.22
141,60001,181,1.18
141,62001,181,1.09
141,64001,181,1.06
141,65535,181,1.07
141,1,191,1.08
141,2001,191,1.3
141,4001,191,1.66
141,6001,191,2.49
141,8001,191,2.57
141,10001,191,2.49
141,12001,191,2.45
141,14001,191,1.96
141,16001,191,1.62
141,18001,191,1.55
141,20001,191,1.3
141,22001,191,1.17
141,24001,191,1.11
141,26001,191,1.15
141,28001,191,1.18
141,30001,191,1.26
141,32001,191,1.31
141,34001,191,1.41
141,36001,191,1.48
141,38001,191,1.66
141,40001,191,1.94
141,42001,191,2.18
141,44001,191,1.64
141,46001,191,1.34
141,48001,191,1.35
141,50001,191,1.64
141,52001,191,1.78
141,54001,191,1.54
141,56001,191,1.31
141,58001,191,1.21
141,60001,191,1.14
141,62001,191,1.08
141,64001,191,1.05
141,65535,191,1.06
141,1,201,1.05
141,2001,201,1.27
141,4001,201,1.56
141,6001,201,2.27
141,8001,201,2.36
141,10001,201,2.3
141,12001,201,2.31
141,14001,201,1.89
141,16001,201,1.58
141,18001,201,1.52
141,20001,201,1.29
141,22001,201,1.16
141,24001,201,1.1
141,26001,201,1.12
141,28001,201,1.16
141,30001,201,1.23
141,32001,201,1.28
141,34001,201,1.38
141,36001,201,1.45
141,38001,201,1.61
141,40001,201,1.87
141,42001,201,2.08
141,44001,201,1.57
141,46001,201,1.26
141,48001,201,1.28
141,50001,201,1.56
141,52001,201,1.73
141,54001,201,1.5
141,56001,201,1.3
141,58001,201,1.19
141,60001,201,1.11
141,62001,201,1.06
141,64001,201,1.03
141,65535,201,1.05
141,1,211,1.02
141,2001,211,1.23
141,4001,211,1.46
141,6001,211,2.03
141,8001,211,2.12
141,10001,211,2.11
141,12001,211,2.15
141,14001,211,1.81
141,16001,211,1.54
141,18001,211,1.47
141,20001,211,1.27
141,22001,211,1.16
141,24001,211,1.1
141,26001,211,1.09
141,28001,211,1.14
141,30001,211,1.2
141,32001,211,1.24
141,34001,211,1.35
141,36001,211,1.42
141,38001,211,1.56
141,40001,211,1.79
141,42001,211,1.97
141,44001,211,1.5
141,46001,211,1.18
141,48001,211,1.21
141,50001,211,1.49
141,52001,211,1.68
141,54001,211,1.46
141,56001,211,1.29
141,58001,211,1.18
141,60001,211,1.07
141,62001,211,1.04
141,64001,211,1.02
141,65535,211,1.03
141,1,221,0.99
141,2001,221,1.2
141,4001,221,1.36
141,6001,221,1.79
141,8001,221,1.88
141,10001,221,1.93
141,12001,221,2
141,14001,221,1.73
141,16001,221,1.51
141,18001,221,1.42
141,20001,221,1.26
141,22001,221,1.15
141,24001,221,1.1
141,26001,221,1.06
141,28001,221,1.11
141,30001,221,1.16
141,32001,221,1.21
141,34001,221,1.32
141,36001,221,1.39
141,38001,221,1.51
141,40001,221,1.72
141,42001,221,1.86
141,44001,221,1.42
141,46001,221,1.1
141,48001,221,1.14
141,50001,221,1.41
141,52001,221,1.63
141,54001,221,1.43
141,56001,221,1.27
141,58001,221,1.16
141,60001,221,1.04
141,62001,221,1.02
141,64001,221,1.01
141,65535,221,1.01
141,1,231,0.96
141,2001,231,1.16
141,4001,231,1.26
141,6001,231,1.55
141,8001,231,1.64
141,10001,231,1.76
141,12001,231,1.84
141,14001,231,1.65
141,16001,231,1.47
141,18001,231,1.38
141,20001,231,1.24
141,22001,231,1.14
141,24001,231,1.1
141,26001,231,1.03
141,28001,231,1.09
141,30001,231,1.12
141,32001,231,1.18
141,34001,231,1.29
141,36001,231,1.36
141,38001,231,1.47
141,40001,231,1.65
141,42001,231,1.75
141,44001,231,1.36
141,46001,231,1.03
141,48001,231,1.08
141,50001,231,1.34
141,52001,231,1.58
141,54001,231,1.39
141,56001,231,1.26
141,58001,231,1.15
141,60001,231,1
141,62001,231,1
141,64001,231,1
141,65535,231,0.98
141,1,241,0.93
141,2001,241,1.11
141,4001,241,1.2
141,6001,241,1.31
141,8001,241,1.4
141,10001,241,1.67
141,12001,241,1.68
141,14001,241,1.57
141,16001,241,1.46
141,18001,241,1.33
141,20001,241,1.21
141,22001,241,1.13
141,24001,241,1.1
141,26001,241,1.03
141,28001,241,1.06
141,30001,241,1.09
141,32001,241,1.16
141,34001,241,1.25
141,36001,241,1.33
141,38001,241,1.43
141,40001,241,1.63
141,42001,241,1.64
141,44001,241,1.31
141,46001,241,0.99
141,48001,241,1.06
141,50001,241,1.31
141,52001,241,1.55
141,54001,241,1.35
141,56001,241,1.25
141,58001,241,1.15
141,60001,241,0.98
141,62001,241,0.98
141,64001,241,0.99
141,65535,241,0.95
141,1,251,0.91
141,2001,251,1.04
141,4001,251,1.15
141,6001,251,1.22
141,8001,251,1.38
141,10001,251,1.57
141,12001,251,1.7
141,14001,251,1.55
141,16001,251,1.41
141,18001,251,1.31
141,20001,251,1.2
141,22001,251,1.18
141,24001,251,1.08
141,26001,251,1.05
141,28001,251,1.07
141,30001,251,1.08
141,32001,251,1.18
141,34001,251,1.19
141,36001,251,1.29
141,38001,251,1.4
141,40001,251,1.61
141,42001,251,1.58
141,44001,251,1.27
141,46001,251,0.93
141,48001,251,1.01
141,50001,251,1.22
141,52001,251,1.49
141,54001,251,1.38
141,56001,251,1.23
141,58001,251,1.1
141,60001,251,1.01
141,62001,251,1.01
141,64001,251,0.94
141,65535,251,0.9
141,1,254,0.9
141,2001,254,1
141,4001,254,1.13
141,6001,254,1.2
141,8001,254,1.38
141,10001,254,1.57
141,12001,254,1.71
141,14001,254,1.54
141,16001,254,1.4
141,18001,254,1.32
141,20001,254,1.18
141,22001,254,1.19
141,24001,254,1.08
141,26001,254,1.06
141,28001,254,1.07
141,30001,254,1.09
141,32001,254,1.18
141,34001,254,1.19
141,36001,254,1.28
141,38001,254,1.38
141,40001,254,1.61
141,42001,254,1.56
141,44001,254,1.25
141,46001,254,0.94
141,48001,254,1
141,50001,254,1.18
141,52001,254,1.46
141,54001,254,1.39
141,56001,254,1.22
141,58001,254,1.08
141,60001,254,1.01
141,62001,254,1.01
141,64001,254,0.93
141,65535,254,0.88
151,1,1,2.79
151,2001,1,2.93
151,4001,1,2.89
151,6001,1,2.89
151,8001,1,2.82
151,10001,1,2.87
151,12001,1,2.81
151,14001,1,2.85
151,16001,1,2.9
151,18001,1,2.83
151,20001,1,2.9
151,22001,1,2.88
151,24001,1,2.82
151,26001,1,2.88
151,28001,1,2.92
151,30001,1,2.89
151,32001,1,2.87
151,34001,1,2.9
151,36001,1,2.83
151,38001,1,2.86
151,40001,1,2.94
151,42001,1,2.89
151,44001,1,2.91
151,46001,1,2.9
151,48001,1,2.92
151,50001,1,2.88
151,52001,1,2.83
151,54001,1,2.95
151,56001,1,2.83
151,58001,1,2.88
151,60001,1,2.84
151,62001,1,2.9
151,64001,1,2.9
151,65535,1,2.89
151,1,11,2.81
151,2001,11,2.92
151,4001,11,2.89
151,6001,11,2.89
151,8001,11,2.83
151,10001,11,2.87
151,12001,11,2.82
151,14001,11,2.86
151,16001,11,2.9
151,18001,11,2.79
151,20001,11,2.81
151,22001,11,2.78
151,24001,11,2.69
151,26001,11,2.73
151,28001,11,2.77
151,30001,11,2.78
151,32001,11,2.8
151,34001,11,2.88
151,36001,11,2.84
151,38001,11,2.86
151,40001,11,2.93
151,42001,11,2.9
151,44001,11,2.91
151,46001,11,2.9
151,48001,11,2.92
151,50001,11,2.88
151,52001,11,2.82
151,54001,11,2.91
151,56001,11,2.81
151,58001,11,2.86
151,60001,11,2.84
151,62001,11,2.91
151,64001,11,2.9
151,65535,11,2.89
151,1,21,2.83
151,2001,21,2.91
151,4001,21,2.89
151,6001,21,2.89
151,8001,21,2.83
151,10001,21,2.88
151,12001,21,2.83
151,14001,21,2.88
151,16001,21,2.91
151,18001,21,2.75
151,20001,21,2.71
151,22001,21,2.68
151,24001,21,2.55
151,26001,21,2.58
151,28001,21,2.63
151,30001,21,2.66
151,32001,21,2.72
151,34001,21,2.86
151,36001,21,2.85
151,38001,21,2.87
151,40001,21,2.92
151,42001,21,2.9
151,44001,21,2.9
151,46001,21,2.9
151,48001,21,2.92
151,50001,21,2.87
151,52001,21,2.82
151,54001,21,2.86
151,56001,21,2.79
151,58001,21,2.85
151,60001,21,2.85
151,62001,21,2.92
151,64001,21,2.9
151,65535,21,2.9
151,1,31,2.84
151,2001,31,2.9
151,4001,31,2.89
151,6001,31,2.88
151,8001,31,2.84
151,10001,31,2.88
151,12001,31,2.84
151,14001,31,2.89
151,16001,31,2.91
151,18001,31,2.72
151,20001,31,2.62
151,22001,31,2.58
151,24001,31,2.42
151,26001,31,2.43
151,28001,31,2.48
151,30001,31,2.55
151,32001,31,2.65
151,34001,31,2.84
151,36001,31,2.86
151,38001,31,2.87
151,40001,31,2.92
151,42001,31,2.9
151,44001,31,2.9
151,46001,31,2.9
151,48001,31,2.92
151,50001,31,2.86
151,52001,31,2.82
151,54001,31,2.82
151,56001,31,2.78
151,58001,31,2.84
151,60001,31,2.86
151,62001,31,2.93
151,64001,31,2.9
151,65535,31,2.9
151,1,41,2.86
151,2001,41,2.89
151,4001,41,2.89
151,6001,41,2.88
151,8001,41,2.85
151,10001,41,2.88
151,12001,41,2.85
151,14001,41,2.9
151,16001,41,2.91
151,18001,41,2.68
151,20001,41,2.53
151,22001,41,2.47
151,24001,41,2.29
151,26001,41,2.28
151,28001,41,2.33
151,30001,41,2.44
151,32001,41,2.58
151,34001,41,2.83
151,36001,41,2.87
151,38001,41,2.87
151,40001,41,2.91
151,42001,41,2.91
151,44001,41,2.9
151,46001,41,2.89
151,48001,41,2.93
151,50001,41,2.86
151,52001,41,2.81
151,54001,41,2.78
151,56001,41,2.76
151,58001,41,2.82
151,60001,41,2.86
151,62001,41,2.94
151,64001,41,2.89
151,65535,41,2.91
151,1,51,2.88
151,2001,51,2.88
151,4001,51,2.89
151,6001,51,2.88
151,8001,51,2.85
151,10001,51,2.89
151,12001,51,2.86
151,14001,51,2.92
151,16001,51,2.92
151,18001,51,2.64
151,20001,51,2.43
151,22001,51,2.37
151,24001,51,2.15
151,26001,51,2.13
151,28001,51,2.19
151,30001,51,2.32
151,32001,51,2.5
151,34001,51,2.81
151,36001,51,2.88
151,38001,51,2.88
151,40001,51,2.9
151,42001,51,2.92
151,44001,51,2.89
151,46001,51,2.89
151,48001,51,2.93
151,50001,51,2.86
151,52001,51,2.8
151,54001,51,2.73
151,56001,51,2.74
151,58001,51,2.8
151,60001,51,2.86
151,62001,51,2.95
151,64001,51,2.89
151,65535,51,2.9
151,1,61,2.9
151,2001,61,2.87
151,4001,61,2.89
151,6001,61,2.88
151,8001,61,2.86
151,10001,61,2.89
151,12001,61,2.87
151,14001,61,2.93
151,16001,61,2.92
151,18001,61,2.6
151,20001,61,2.34
151,22001,61,2.27
151,24001,61,2.02
151,26001,61,1.98
151,28001,61,2.04
151,30001,61,2.21
151,32001,61,2.43
151,34001,61,2.79
151,36001,61,2.89
151,38001,61,2.88
151,40001,61,2.89
151,42001,61,2.92
151,44001,61,2.89
151,46001,61,2.89
151,48001,61,2.93
151,50001,61,2.85
151,52001,61,2.8
151,54001,61,2.69
151,56001,61,2.72
151,58001,61,2.79
151,60001,61,2.87
151,62001,61,2.96
151,64001,61,2.89
151,65535,61,2.9
151,1,71,2.67
151,2001,71,2.73
151,4001,71,2.9
151,6001,71,2.88
151,8001,71,2.87
151,10001,71,2.9
151,12001,71,2.86
151,14001,71,2.87
151,16001,71,2.8
151,18001,71,2.48
151,20001,71,2.25
151,22001,71,2.16
151,24001,71,1.94
151,26001,71,1.9
151,28001,71,1.96
151,30001,71,2.12
151,32001,71,2.33
151,34001,71,2.66
151,36001,71,2.79
151,38001,71,2.86
151,40001,71,2.9
151,42001,71,2.92
151,44001,71,2.9
151,46001,71,2.85
151,48001,71,2.88
151,50001,71,2.83
151,52001,71,2.71
151,54001,71,2.58
151,56001,71,2.56
151,58001,71,2.6
151,60001,71,2.65
151,62001,71,2.72
151,64001,71,2.66
151,65535,71,2.67
151,1,81,2.44
151,2001,81,2.59
151,4001,81,2.9
151,6001,81,2.89
151,8001,81,2.89
151,10001,81,2.91
151,12001,81,2.86
151,14001,81,2.82
151,16001,81,2.68
151,18001,81,2.37
151,20001,81,2.16
151,22001,81,2.05
151,24001,81,1.86
151,26001,81,1.81
151,28001,81,1.87
151,30001,81,2.02
151,32001,81,2.22
151,34001,81,2.52
151,36001,81,2.69
151,38001,81,2.83
151,40001,81,2.9
151,42001,81,2.91
151,44001,81,2.91
151,46001,81,2.81
151,48001,81,2.82
151,50001,81,2.81
151,52001,81,2.62
151,54001,81,2.46
151,56001,81,2.41
151,58001,81,2.41
151,60001,81,2.43
151,62001,81,2.48
151,64001,81,2.43
151,65535,81,2.44
151,1,91,2.21
151,2001,91,2.46
151,4001,91,2.91
151,6001,91,2.9
151,8001,91,2.9
151,10001,91,2.92
151,12001,91,2.86
151,14001,91,2.76
151,16001,91,2.55
151,18001,91,2.25
151,20001,91,2.06
151,22001,91,1.94
151,24001,91,1.78
151,26001,91,1.72
151,28001,91,1.78
151,30001,91,1.92
151,32001,91,2.12
151,34001,91,2.38
151,36001,91,2.58
151,38001,91,2.8
151,40001,91,2.9
151,42001,91,2.9
151,44001,91,2.92
151,46001,91,2.77
151,48001,91,2.77
151,50001,91,2.8
151,52001,91,2.53
151,54001,91,2.34
151,56001,91,2.25
151,58001,91,2.22
151,60001,91,2.22
151,62001,91,2.24
151,64001,91,2.2
151,65535,91,2.22
151,1,101,1.98
151,2001,101,2.32
151,4001,101,2.92
151,6001,101,2.9
151,8001,101,2.91
151,10001,101,2.94
151,12001,101,2.85
151,14001,101,2.7
151,16001,101,2.43
151,18001,101,2.13
151,20001,101,1.97
151,22001,101,1.82
151,24001,101,1.7
151,26001,101,1.64
151,28001,101,1.7
151,30001,101,1.83
151,32001,101,2.01
151,34001,101,2.25
151,36001,101,2.48
151,38001,101,2.78
151,40001,101,2.91
151,42001,101,2.9
151,44001,101,2.94
151,46001,101,2.73
151,48001,101,2.72
151,50001,101,2.78
151,52001,101,2.44
151,54001,101,2.23
151,56001,101,2.09
151,58001,101,2.02
151,60001,101,2
151,62001,101,2.01
151,64001,101,1.97
151,65535,101,2
151,1,111,1.75
151,2001,111,2.18
151,4001,111,2.92
151,6001,111,2.9
151,8001,111,2.93
151,10001,111,2.95
151,12001,111,2.84
151,14001,111,2.65
151,16001,111,2.31
151,18001,111,2.02
151,20001,111,1.88
151,22001,111,1.71
151,24001,111,1.62
151,26001,111,1.56
151,28001,111,1.62
151,30001,111,1.74
151,32001,111,1.9
151,34001,111,2.12
151,36001,111,2.38
151,38001,111,2.76
151,40001,111,2.92
151,42001,111,2.9
151,44001,111,2.95
151,46001,111,2.69
151,48001,111,2.66
151,50001,111,2.76
151,52001,111,2.35
151,54001,111,2.12
151,56001,111,1.94
151,58001,111,1.83
151,60001,111,1.78
151,62001,111,1.77
151,64001,111,1.74
151,65535,111,1.77
151,1,121,1.52
151,2001,121,2.04
151,4001,121,2.93
151,6001,121,2.91
151,8001,121,2.94
151,10001,121,2.96
151,12001,121,2.84
151,14001,121,2.59
151,16001,121,2.19
151,18001,121,1.9
151,20001,121,1.79
151,22001,121,1.6
151,24001,121,1.54
151,26001,121,1.47
151,28001,121,1.53
151,30001,121,1.64
151,32001,121,1.8
151,34001,121,1.98
151,36001,121,2.28
151,38001,121,2.73
151,40001,121,2.92
151,42001,121,2.89
151,44001,121,2.96
151,46001,121,2.65
151,48001,121,2.61
151,50001,121,2.74
151,52001,121,2.26
151,54001,121,2
151,56001,121,1.78
151,58001,121,1.64
151,60001,121,1.56
151,62001,121,1.53
151,64001,121,1.51
151,65535,121,1.55
151,1,131,1.47
151,2001,131,1.94
151,4001,131,2.76
151,6001,131,2.9
151,8001,131,2.95
151,10001,131,2.96
151,12001,131,2.83
151,14001,131,2.53
151,16001,131,2.13
151,18001,131,1.87
151,20001,131,1.74
151,22001,131,1.55
151,24001,131,1.49
151,26001,131,1.44
151,28001,131,1.5
151,30001,131,1.6
151,32001,131,1.75
151,34001,131,1.91
151,36001,131,2.18
151,38001,131,2.59
151,40001,131,2.81
151,42001,131,2.82
151,44001,131,2.78
151,46001,131,2.47
151,48001,131,2.44
151,50001,131,2.6
151,52001,131,2.22
151,54001,131,1.95
151,56001,131,1.73
151,58001,131,1.59
151,60001,131,1.52
151,62001,131,1.48
151,64001,131,1.45
151,65535,131,1.49
151,1,141,1.41
151,2001,141,1.84
151,4001,141,2.6
151,6001,141,2.9
151,8001,141,2.95
151,10001,141,2.97
151,12001,141,2.82
151,14001,141,2.47
151,16001,141,2.07
151,18001,141,1.85
151,20001,141,1.68
151,22001,141,1.5
151,24001,141,1.43
151,26001,141,1.42
151,28001,141,1.46
151,30001,141,1.56
151,32001,141,1.7
151,34001,141,1.85
151,36001,141,2.08
151,38001,141,2.45
151,40001,141,2.7
151,42001,141,2.76
151,44001,141,2.6
151,46001,141,2.29
151,48001,141,2.26
151,50001,141,2.46
151,52001,141,2.18
151,54001,141,1.91
151,56001,141,1.67
151,58001,141,1.54
151,60001,141,1.47
151,62001,141,1.42
151,64001,141,1.4
151,65535,141,1.44
151,1,151,1.36
151,2001,151,1.74
151,4001,151,2.44
151,6001,151,2.9
151,8001,151,2.96
151,10001,151,2.98
151,12001,151,2.82
151,14001,151,2.41
151,16001,151,2.02
151,18001,151,1.82
151,20001,151,1.62
151,22001,151,1.45
151,24001,151,1.38
151,26001,151,1.4
151,28001,151,1.42
151,30001,151,1.52
151,32001,151,1.64
151,34001,151,1.78
151,36001,151,1.98
151,38001,151,2.32
151,40001,151,2.58
151,42001,151,2.69
151,44001,151,2.42
151,46001,151,2.1
151,48001,151,2.09
151,50001,151,2.32
151,52001,151,2.14
151,54001,151,1.86
151,56001,151,1.62
151,58001,151,1.5
151,60001,151,1.42
151,62001,151,1.36
151,64001,151,1.34
151,65535,151,1.37
151,1,161,1.31
151,2001,161,1.65
151,4001,161,2.27
151,6001,161,2.89
151,8001,161,2.97
151,10001,161,2.98
151,12001,161,2.81
151,14001,161,2.34
151,16001,161,1.96
151,18001,161,1.79
151,20001,161,1.57
151,22001,161,1.4
151,24001,161,1.33
151,26001,161,1.37
151,28001,161,1.39
151,30001,161,1.48
151,32001,161,1.59
151,34001,161,1.71
151,36001,161,1.87
151,38001,161,2.18
151,40001,161,2.47
151,42001,161,2.62
151,44001,161,2.25
151,46001,161,1.92
151,48001,161,1.92
151,50001,161,2.18
151,52001,161,2.1
151,54001,161,1.81
151,56001,161,1.57
151,58001,161,1.45
151,60001,161,1.38
151,62001,161,1.31
151,64001,161,1.28
151,65535,161,1.31
151,1,171,1.25
151,2001,171,1.55
151,4001,171,2.1
151,6001,171,2.88
151,8001,171,2.97
151,10001,171,2.99
151,12001,171,2.8
151,14001,171,2.28
151,16001,171,1.9
151,18001,171,1.77
151,20001,171,1.52
151,22001,171,1.35
151,24001,171,1.27
151,26001,171,1.35
151,28001,171,1.36
151,30001,171,1.44
151,32001,171,1.54
151,34001,171,1.65
151,36001,171,1.77
151,38001,171,2.04
151,40001,171,2.36
151,42001,171,2.56
151,44001,171,2.07
151,46001,171,1.74
151,48001,171,1.74
151,50001,171,2.04
151,52001,171,2.06
151,54001,171,1.77
151,56001,171,1.51
151,58001,171,1.4
151,60001,171,1.34
151,62001,171,1.25
151,64001,171,1.23
151,65535,171,1.24
151,1,181,1.2
151,2001,181,1.45
151,4001,181,1.94
151,6001,181,2.88
151,8001,181,2.98
151,10001,181,2.99
151,12001,181,2.79
151,14001,181,2.22
151,16001,181,1.84
151,18001,181,1.74
151,20001,181,1.46
151,22001,181,1.3
151,24001,181,1.22
151,26001,181,1.32
151,28001,181,1.32
151,30001,181,1.4
151,32001,181,1.49
151,34001,181,1.58
151,36001,181,1.67
151,38001,181,1.9
151,40001,181,2.25
151,42001,181,2.49
151,44001,181,1.89
151,46001,181,1.56
151,48001,181,1.57
151,50001,181,1.9
151,52001,181,2.02
151,54001,181,1.72
151,56001,181,1.46
151,58001,181,1.35
151,60001,181,1.29
151,62001,181,1.2
151,64001,181,1.17
151,65535,181,1.18
151,1,191,1.17
151,2001,191,1.42
151,4001,191,1.84
151,6001,191,2.64
151,8001,191,2.74
151,10001,191,2.8
151,12001,191,2.63
151,14001,191,2.14
151,16001,191,1.8
151,18001,191,1.69
151,20001,191,1.44
151,22001,191,1.29
151,24001,191,1.22
151,26001,191,1.29
151,28001,191,1.3
151,30001,191,1.36
151,32001,191,1.46
151,34001,191,1.55
151,36001,191,1.64
151,38001,191,1.85
151,40001,191,2.17
151,42001,191,2.38
151,44001,191,1.82
151,46001,191,1.48
151,48001,191,1.5
151,50001,191,1.82
151,52001,191,1.97
151,54001,191,1.68
151,56001,191,1.45
151,58001,191,1.34
151,60001,191,1.26
151,62001,191,1.18
151,64001,191,1.16
151,65535,191,1.16
151,1,201,1.14
151,2001,201,1.38
151,4001,201,1.74
151,6001,201,2.4
151,8001,201,2.5
151,10001,201,2.62
151,12001,201,2.48
151,14001,201,2.06
151,16001,201,1.77
151,18001,201,1.65
151,20001,201,1.43
151,22001,201,1.28
151,24001,201,1.22
151,26001,201,1.26
151,28001,201,1.27
151,30001,201,1.33
151,32001,201,1.42
151,34001,201,1.52
151,36001,201,1.61
151,38001,201,1.8
151,40001,201,2.1
151,42001,201,2.27
151,44001,201,1.75
151,46001,201,1.4
151,48001,201,1.43
151,50001,201,1.75
151,52001,201,1.92
151,54001,201,1.64
151,56001,201,1.43
151,58001,201,1.32
151,60001,201,1.22
151,62001,201,1.16
151,64001,201,1.15
151,65535,201,1.15
151,1,211,1.11
151,2001,211,1.35
151,4001,211,1.64
151,6001,211,2.15
151,8001,211,2.26
151,10001,211,2.43
151,12001,211,2.32
151,14001,211,1.98
151,16001,211,1.73
151,18001,211,1.6
151,20001,211,1.42
151,22001,211,1.27
151,24001,211,1.22
151,26001,211,1.23
151,28001,211,1.25
151,30001,211,1.29
151,32001,211,1.39
151,34001,211,1.48
151,36001,211,1.58
151,38001,211,1.75
151,40001,211,2.02
151,42001,211,2.16
151,44001,211,1.67
151,46001,211,1.33
151,48001,211,1.36
151,50001,211,1.67
151,52001,211,1.86
151,54001,211,1.6
151,56001,211,1.42
151,58001,211,1.31
151,60001,211,1.18
151,62001,211,1.14
151,64001,211,1.14
151,65535,211,1.13
151,1,221,1.08
151,2001,221,1.32
151,4001,221,1.54
151,6001,221,1.91
151,8001,221,2.02
151,10001,221,2.24
151,12001,221,2.16
151,14001,221,1.9
151,16001,221,1.69
151,18001,221,1.55
151,20001,221,1.4
151,22001,221,1.27
151,24001,221,1.22
151,26001,221,1.19
151,28001,221,1.22
151,30001,221,1.25
151,32001,221,1.36
151,34001,221,1.45
151,36001,221,1.55
151,38001,221,1.7
151,40001,221,1.95
151,42001,221,2.04
151,44001,221,1.6
151,46001,221,1.25
151,48001,221,1.3
151,50001,221,1.6
151,52001,221,1.81
151,54001,221,1.57
151,56001,221,1.41
151,58001,221,1.29
151,60001,221,1.15
151,62001,221,1.12
151,64001,221,1.12
151,65535,221,1.11
151,1,231,1.05
151,2001,231,1.28
151,4001,231,1.44
151,6001,231,1.67
151,8001,231,1.78
151,10001,231,2.06
151,12001,231,2.01
151,14001,231,1.82
151,16001,231,1.66
151,18001,231,1.51
151,20001,231,1.38
151,22001,231,1.26
151,24001,231,1.22
151,26001,231,1.16
151,28001,231,1.2
151,30001,231,1.22
151,32001,231,1.32
151,34001,231,1.42
151,36001,231,1.52
151,38001,231,1.65
151,40001,231,1.88
151,42001,231,1.93
151,44001,231,1.53
151,46001,231,1.17
151,48001,231,1.23
151,50001,231,1.52
151,52001,231,1.76
151,54001,231,1.53
151,56001,231,1.39
151,58001,231,1.27
151,60001,231,1.12
151,62001,231,1.1
151,64001,231,1.11
151,65535,231,1.08
151,1,241,1.02
151,2001,241,1.25
151,4001,241,1.34
151,6001,241,1.43
151,8001,241,1.54
151,10001,241,1.87
151,12001,241,1.85
151,14001,241,1.74
151,16001,241,1.62
151,18001,241,1.46
151,20001,241,1.37
151,22001,241,1.25
151,24001,241,1.22
151,26001,241,1.13
151,28001,241,1.17
151,30001,241,1.18
151,32001,241,1.29
151,34001,241,1.39
151,36001,241,1.49
151,38001,241,1.6
151,40001,241,1.8
151,42001,241,1.82
151,44001,241,1.46
151,46001,241,1.09
151,48001,241,1.16
151,50001,241,1.45
151,52001,241,1.71
151,54001,241,1.49
151,56001,241,1.38
151,58001,241,1.26
151,60001,241,1.08
151,62001,241,1.08
151,64001,241,1.1
151,65535,241,1.06
151,1,251,1
151,2001,251,1.13
151,4001,251,1.27
151,6001,251,1.34
151,8001,251,1.52
151,10001,251,1.77
151,12001,251,1.9
151,14001,251,1.7
151,16001,251,1.56
151,18001,251,1.47
151,20001,251,1.31
151,22001,251,1.28
151,24001,251,1.2
151,26001,251,1.15
151,28001,251,1.19
151,30001,251,1.2
151,32001,251,1.31
151,34001,251,1.33
151,36001,251,1.44
151,38001,251,1.54
151,40001,251,1.79
151,42001,251,1.75
151,44001,251,1.38
151,46001,251,1.03
151,48001,251,1.12
151,50001,251,1.33
151,52001,251,1.63
151,54001,251,1.54
151,56001,251,1.36
151,58001,251,1.21
151,60001,251,1.1
151,62001,251,1.11
151,64001,251,1.05
151,65535,251,1
151,1,254,0.99
151,2001,254,1.09
151,4001,254,1.25
151,6001,254,1.31
151,8001,254,1.52
151,10001,254,1.74
151,12001,254,1.91
151,14001,254,1.69
151,16001,254,1.54
151,18001,254,1.47
151,20001,254,1.29
151,22001,254,1.29
151,24001,254,1.19
151,26001,254,1.16
151,28001,254,1.19
151,30001,254,1.21
151,32001,254,1.31
151,34001,254,1.31
151,36001,254,1.43
151,38001,254,1.52
151,40001,254,1.79
151,42001,254,1.73
151,44001,254,1.36
151,46001,254,1.01
151,48001,254,1.11
151,50001,254,1.3
151,52001,254,1.61
151,54001,254,1.55
151,56001,254,1.36
151,58001,254,1.2
151,60001,254,1.11
151,62001,254,1.12
151,64001,254,1.03
151,65535,254,0.98
161,1,1,3.17
161,2001,1,3.33
161,4001,1,3.29
161,6001,1,3.29
161,8001,1,3.24
161,10001,1,3.3
161,12001,1,3.24
161,14001,1,3.27
161,16001,1,3.33
161,18001,1,3.26
161,20001,1,3.32
161,22001,1,3.3
161,24001,1,3.23
161,26001,1,3.29
161,28001,1,3.34
161,30001,1,3.3
161,32001,1,3.3
161,34001,1,3.32
161,36001,1,3.27
161,38001,1,3.3
161,40001,1,3.35
161,42001,1,3.31
161,44001,1,3.33
161,46001,1,3.33
161,48001,1,3.34
161,50001,1,3.29
161,52001,1,3.28
161,54001,1,3.36
161,56001,1,3.28
161,58001,1,3.31
161,60001,1,3.28
161,62001,1,3.32
161,64001,1,3.33
161,65535,1,3.31
161,1,11,3.22
161,2001,11,3.35
161,4001,11,3.32
161,6001,11,3.33
161,8001,11,3.26
161,10001,11,3.31
161,12001,11,3.25
161,14001,11,3.31
161,16001,11,3.34
161,18001,11,3.18
161,20001,11,3.16
161,22001,11,3.09
161,24001,11,3
161,26001,11,3.02
161,28001,11,3.09
161,30001,11,3.11
161,32001,11,3.16
161,34001,11,3.3
161,36001,11,3.28
161,38001,11,3.31
161,40001,11,3.36
161,42001,11,3.31
161,44001,11,3.34
161,46001,11,3.34
161,48001,11,3.34
161,50001,11,3.29
161,52001,11,3.23
161,54001,11,3.29
161,56001,11,3.2
161,58001,11,3.3
161,60001,11,3.25
161,62001,11,3.32
161,64001,11,3.33
161,65535,11,3.31
161,1,21,3.25
161,2001,21,3.34
161,4001,21,3.32
161,6001,21,3.33
161,8001,21,3.27
161,10001,21,3.31
161,12001,21,3.26
161,14001,21,3.32
161,16001,21,3.34
161,18001,21,3.14
161,20001,21,3.05
161,22001,21,2.96
161,24001,21,2.85
161,26001,21,2.85
161,28001,21,2.92
161,30001,21,2.98
161,32001,21,3.08
161,34001,21,3.28
161,36001,21,3.29
161,38001,21,3.31
161,40001,21,3.36
161,42001,21,3.32
161,44001,21,3.35
161,46001,21,3.34
161,48001,21,3.34
161,50001,21,3.28
161,52001,21,3.21
161,54001,21,3.24
161,56001,21,3.18
161,58001,21,3.28
161,60001,21,3.25
161,62001,21,3.33
161,64001,21,3.32
161,65535,21,3.32
161,1,31,3.27
161,2001,31,3.33
161,4001,31,3.32
161,6001,31,3.33
161,8001,31,3.28
161,10001,31,3.32
161,12001,31,3.27
161,14001,31,3.34
161,16001,31,3.34
161,18001,31,3.1
161,20001,31,2.96
161,22001,31,2.86
161,24001,31,2.71
161,26001,31,2.7
161,28001,31,2.78
161,30001,31,2.87
161,32001,31,3
161,34001,31,3.26
161,36001,31,3.3
161,38001,31,3.31
161,40001,31,3.35
161,42001,31,3.32
161,44001,31,3.34
161,46001,31,3.34
161,48001,31,3.35
161,50001,31,3.28
161,52001,31,3.21
161,54001,31,3.2
161,56001,31,3.16
161,58001,31,3.27
161,60001,31,3.26
161,62001,31,3.34
161,64001,31,3.32
161,65535,31,3.32
161,1,41,3.29
161,2001,41,3.32
161,4001,41,3.32
161,6001,41,3.33
161,8001,41,3.28
161,10001,41,3.32
161,12001,41,3.28
161,14001,41,3.35
161,16001,41,3.35
161,18001,41,3.06
161,20001,41,2.86
161,22001,41,2.76
161,24001,41,2.58
161,26001,41,2.55
161,28001,41,2.63
161,30001,41,2.76
161,32001,41,2.93
161,34001,41,3.24
161,36001,41,3.31
161,38001,41,3.32
161,40001,41,3.34
161,42001,41,3.33
161,44001,41,3.34
161,46001,41,3.33
161,48001,41,3.35
161,50001,41,3.27
161,52001,41,3.2
161,54001,41,3.15
161,56001,41,3.14
161,58001,41,3.25
161,60001,41,3.26
161,62001,41,3.35
161,64001,41,3.32
161,65535,41,3.33
161,1,51,3.31
161,2001,51,3.31
161,4001,51,3.32
161,6001,51,3.33
161,8001,51,3.29
161,10001,51,3.32
161,12001,51,3.29
161,14001,51,3.36
161,16001,51,3.35
161,18001,51,3.02
161,20001,51,2.77
161,22001,51,2.66
161,24001,51,2.45
161,26001,51,2.4
161,28001,51,2.48
161,30001,51,2.64
161,32001,51,2.86
161,34001,51,3.23
161,36001,51,3.31
161,38001,51,3.32
161,40001,51,3.33
161,42001,51,3.34
161,44001,51,3.34
161,46001,51,3.33
161,48001,51,3.35
161,50001,51,3.27
161,52001,51,3.2
161,54001,51,3.11
161,56001,51,3.12
161,58001,51,3.23
161,60001,51,3.27
161,62001,51,3.36
161,64001,51,3.32
161,65535,51,3.33
161,1,61,3.32
161,2001,61,3.3
161,4001,61,3.32
161,6001,61,3.33
161,8001,61,3.3
161,10001,61,3.33
161,12001,61,3.32
161,14001,61,3.38
161,16001,61,3.34
161,18001,61,2.98
161,20001,61,2.68
161,22001,61,2.56
161,24001,61,2.31
161,26001,61,2.25
161,28001,61,2.34
161,30001,61,2.53
161,32001,61,2.78
161,34001,61,3.21
161,36001,61,3.31
161,38001,61,3.32
161,40001,61,3.32
161,42001,61,3.36
161,44001,61,3.33
161,46001,61,3.33
161,48001,61,3.36
161,50001,61,3.28
161,52001,61,3.19
161,54001,61,3.07
161,56001,61,3.1
161,58001,61,3.18
161,60001,61,3.27
161,62001,61,3.37
161,64001,61,3.32
161,65535,61,3.33
161,1,71,3.09
161,2001,71,3.17
161,4001,71,3.33
161,6001,71,3.33
161,8001,71,3.31
161,10001,71,3.34
161,12001,71,3.31
161,14001,71,3.32
161,16001,71,3.14
161,18001,71,2.87
161,20001,71,2.59
161,22001,71,2.45
161,24001,71,2.23
161,26001,71,2.16
161,28001,71,2.19
161,30001,71,2.44
161,32001,71,2.68
161,34001,71,3.07
161,36001,71,3.13
161,38001,71,3.3
161,40001,71,3.33
161,42001,71,3.35
161,44001,71,3.34
161,46001,71,3.29
161,48001,71,3.3
161,50001,71,3.26
161,52001,71,3.1
161,54001,71,2.95
161,56001,71,2.95
161,58001,71,2.84
161,60001,71,3.05
161,62001,71,3.13
161,64001,71,3.09
161,65535,71,3.1
161,1,81,2.86
161,2001,81,3.03
161,4001,81,3.34
161,6001,81,3.34
161,8001,81,3.32
161,10001,81,3.35
161,12001,81,3.31
161,14001,81,3.26
161,16001,81,3
161,18001,81,2.75
161,20001,81,2.49
161,22001,81,2.33
161,24001,81,2.15
161,26001,81,2.08
161,28001,81,2.09
161,30001,81,2.34
161,32001,81,2.57
161,34001,81,2.94
161,36001,81,3.01
161,38001,81,3.27
161,40001,81,3.33
161,42001,81,3.35
161,44001,81,3.36
161,46001,81,3.25
161,48001,81,3.25
161,50001,81,3.24
161,52001,81,3.01
161,54001,81,2.84
161,56001,81,2.79
161,58001,81,2.61
161,60001,81,2.84
161,62001,81,2.89
161,64001,81,2.86
161,65535,81,2.88
161,1,91,2.63
161,2001,91,2.89
161,4001,91,3.34
161,6001,91,3.34
161,8001,91,3.34
161,10001,91,3.36
161,12001,91,3.3
161,14001,91,3.21
161,16001,91,2.88
161,18001,91,2.63
161,20001,91,2.4
161,22001,91,2.22
161,24001,91,2.07
161,26001,91,1.99
161,28001,91,2.01
161,30001,91,2.24
161,32001,91,2.47
161,34001,91,2.8
161,36001,91,2.91
161,38001,91,3.25
161,40001,91,3.34
161,42001,91,3.34
161,44001,91,3.37
161,46001,91,3.21
161,48001,91,3.2
161,50001,91,3.23
161,52001,91,2.92
161,54001,91,2.72
161,56001,91,2.63
161,58001,91,2.42
161,60001,91,2.62
161,62001,91,2.65
161,64001,91,2.63
161,65535,91,2.66
161,1,101,2.4
161,2001,101,2.75
161,4001,101,3.35
161,6001,101,3.35
161,8001,101,3.35
161,10001,101,3.37
161,12001,101,3.3
161,14001,101,3.15
161,16001,101,2.76
161,18001,101,2.52
161,20001,101,2.31
161,22001,101,2.11
161,24001,101,1.99
161,26001,101,1.91
161,28001,101,1.92
161,30001,101,2.15
161,32001,101,2.36
161,34001,101,2.67
161,36001,101,2.81
161,38001,101,3.22
161,40001,101,3.34
161,42001,101,3.34
161,44001,101,3.38
161,46001,101,3.17
161,48001,101,3.14
161,50001,101,3.21
161,52001,101,2.83
161,54001,101,2.61
161,56001,101,2.48
161,58001,101,2.23
161,60001,101,2.4
161,62001,101,2.41
161,64001,101,2.4
161,65535,101,2.43
161,1,111,2.14
161,2001,111,2.58
161,4001,111,3.35
161,6001,111,3.35
161,8001,111,3.37
161,10001,111,3.38
161,12001,111,3.3
161,14001,111,3.08
161,16001,111,2.63
161,18001,111,2.38
161,20001,111,2.2
161,22001,111,1.99
161,24001,111,1.9
161,26001,111,1.81
161,28001,111,1.84
161,30001,111,2.04
161,32001,111,2.24
161,34001,111,2.51
161,36001,111,2.71
161,38001,111,3.19
161,40001,111,3.35
161,42001,111,3.34
161,44001,111,3.39
161,46001,111,3.12
161,48001,111,3.08
161,50001,111,3.18
161,52001,111,2.73
161,54001,111,2.47
161,56001,111,2.3
161,58001,111,2.04
161,60001,111,2.15
161,62001,111,2.14
161,64001,111,2.13
161,65535,111,2.17
161,1,121,1.73
161,2001,121,2.3
161,4001,121,3.34
161,6001,121,3.35
161,8001,121,3.39
161,10001,121,3.4
161,12001,121,3.29
161,14001,121,2.96
161,16001,121,2.51
161,18001,121,2.17
161,20001,121,2.03
161,22001,121,1.82
161,24001,121,1.74
161,26001,121,1.66
161,28001,121,1.75
161,30001,121,1.87
161,32001,121,2.03
161,34001,121,2.26
161,36001,121,2.6
161,38001,121,3.13
161,40001,121,3.35
161,42001,121,3.34
161,44001,121,3.39
161,46001,121,3.04
161,48001,121,2.97
161,50001,121,3.14
161,52001,121,2.58
161,54001,121,2.26
161,56001,121,2.03
161,58001,121,1.85
161,60001,121,1.75
161,62001,121,1.72
161,64001,121,1.72
161,65535,121,1.76
161,1,131,1.64
161,2001,131,2.15
161,4001,131,3.07
161,6001,131,3.34
161,8001,131,3.38
161,10001,131,3.4
161,12001,131,3.25
161,14001,131,2.84
161,16001,131,2.45
161,18001,131,2.15
161,20001,131,1.95
161,22001,131,1.76
161,24001,131,1.68
161,26001,131,1.6
161,28001,131,1.72
161,30001,131,1.8
161,32001,131,1.98
161,34001,131,2.14
161,36001,131,2.5
161,38001,131,3
161,40001,131,3.15
161,42001,131,3.2
161,44001,131,3.22
161,46001,131,2.71
161,48001,131,2.67
161,50001,131,2.89
161,52001,131,2.49
161,54001,131,2.18
161,56001,131,1.93
161,58001,131,1.8
161,60001,131,1.69
161,62001,131,1.64
161,64001,131,1.67
161,65535,131,1.7
161,1,141,1.58
161,2001,141,2.04
161,4001,141,2.89
161,6001,141,3.34
161,8001,141,3.39
161,10001,141,3.41
161,12001,141,3.23
161,14001,141,2.76
161,16001,141,2.4
161,18001,141,2.12
161,20001,141,1.89
161,22001,141,1.71
161,24001,141,1.63
161,26001,141,1.57
161,28001,141,1.68
161,30001,141,1.75
161,32001,141,1.93
161,34001,141,2.06
161,36001,141,2.4
161,38001,141,2.86
161,40001,141,3.02
161,42001,141,3.12
161,44001,141,3.04
161,46001,141,2.49
161,48001,141,2.47
161,50001,141,2.73
161,52001,141,2.44
161,54001,141,2.12
161,56001,141,1.87
161,58001,141,1.75
161,60001,141,1.64
161,62001,141,1.58
161,64001,141,1.61
161,65535,141,1.65
161,1,151,1.53
161,2001,151,1.94
161,4001,151,2.72
161,6001,151,3.33
161,8001,151,3.4
161,10001,151,3.41
161,12001,151,3.22
161,14001,151,2.7
161,16001,151,2.34
161,18001,151,2.09
161,20001,151,1.83
161,22001,151,1.66
161,24001,151,1.58
161,26001,151,1.55
161,28001,151,1.65
161,30001,151,1.71
161,32001,151,1.88
161,34001,151,1.99
161,36001,151,2.3
161,38001,151,2.72
161,40001,151,2.91
161,42001,151,3.05
161,44001,151,2.86
161,46001,151,2.31
161,48001,151,2.29
161,50001,151,2.59
161,52001,151,2.4
161,54001,151,2.08
161,56001,151,1.82
161,58001,151,1.7
161,60001,151,1.6
161,62001,151,1.53
161,64001,151,1.55
161,65535,151,1.55
161,1,161,1.48
161,2001,161,1.84
161,4001,161,2.56
161,6001,161,3.33
161,8001,161,3.4
161,10001,161,3.42
161,12001,161,3.22
161,14001,161,2.64
161,16001,161,2.28
161,18001,161,2.07
161,20001,161,1.78
161,22001,161,1.61
161,24001,161,1.52
161,26001,161,1.52
161,28001,161,1.61
161,30001,161,1.67
161,32001,161,1.83
161,34001,161,1.93
161,36001,161,2.2
161,38001,161,2.58
161,40001,161,2.8
161,42001,161,2.98
161,44001,161,2.68
161,46001,161,2.13
161,48001,161,2.12
161,50001,161,2.45
161,52001,161,2.36
161,54001,161,2.03
161,56001,161,1.76
161,58001,161,1.65
161,60001,161,1.55
161,62001,161,1.47
161,64001,161,1.5
161,65535,161,1.48
161,1,171,1.42
161,2001,171,1.75
161,4001,171,2.39
161,6001,171,3.33
161,8001,171,3.41
161,10001,171,3.42
161,12001,171,3.21
161,14001,171,2.58
161,16001,171,2.21
161,18001,171,2.03
161,20001,171,1.72
161,22001,171,1.56
161,24001,171,1.47
161,26001,171,1.5
161,28001,171,1.57
161,30001,171,1.63
161,32001,171,1.77
161,34001,171,1.86
161,36001,171,2.08
161,38001,171,2.42
161,40001,171,2.69
161,42001,171,2.92
161,44001,171,2.48
161,46001,171,1.95
161,48001,171,1.95
161,50001,171,2.31
161,52001,171,2.32
161,54001,171,1.98
161,56001,171,1.71
161,58001,171,1.6
161,60001,171,1.51
161,62001,171,1.42
161,64001,171,1.43
161,65535,171,1.41
161,1,181,1.37
161,2001,181,1.65
161,4001,181,2.23
161,6001,181,3.33
161,8001,181,3.42
161,10001,181,3.41
161,12001,181,3.2
161,14001,181,2.52
161,16001,181,2.1
161,18001,181,1.94
161,20001,181,1.67
161,22001,181,1.51
161,24001,181,1.41
161,26001,181,1.47
161,28001,181,1.48
161,30001,181,1.59
161,32001,181,1.68
161,34001,181,1.79
161,36001,181,1.91
161,38001,181,2.16
161,40001,181,2.57
161,42001,181,2.85
161,44001,181,2.16
161,46001,181,1.77
161,48001,181,1.77
161,50001,181,2.17
161,52001,181,2.28
161,54001,181,1.94
161,56001,181,1.66
161,58001,181,1.55
161,60001,181,1.46
161,62001,181,1.36
161,64001,181,1.33
161,65535,181,1.35
161,1,191,1.33
161,2001,191,1.61
161,4001,191,2.03
161,6001,191,2.87
161,8001,191,3.18
161,10001,191,3.08
161,12001,191,3.04
161,14001,191,2.39
161,16001,191,2.02
161,18001,191,1.89
161,20001,191,1.65
161,22001,191,1.48
161,24001,191,1.41
161,26001,191,1.44
161,28001,191,1.46
161,30001,191,1.56
161,32001,191,1.63
161,34001,191,1.76
161,36001,191,1.84
161,38001,191,2.11
161,40001,191,2.5
161,42001,191,2.66
161,44001,191,2.01
161,46001,191,1.63
161,48001,191,1.7
161,50001,191,2.02
161,52001,191,2.23
161,54001,191,1.88
161,56001,191,1.61
161,58001,191,1.53
161,60001,191,1.43
161,62001,191,1.34
161,64001,191,1.3
161,65535,191,1.29
161,1,201,1.29
161,2001,201,1.58
161,4001,201,1.91
161,6001,201,2.58
161,8001,201,2.94
161,10001,201,2.87
161,12001,201,2.89
161,14001,201,2.3
161,16001,201,1.97
161,18001,201,1.84
161,20001,201,1.64
161,22001,201,1.46
161,24001,201,1.41
161,26001,201,1.41
161,28001,201,1.43
161,30001,201,1.52
161,32001,201,1.59
161,34001,201,1.73
161,36001,201,1.8
161,38001,201,2.06
161,40001,201,2.42
161,42001,201,2.53
161,44001,201,1.92
161,46001,201,1.54
161,48001,201,1.64
161,50001,201,1.93
161,52001,201,2.17
161,54001,201,1.84
161,56001,201,1.59
161,58001,201,1.52
161,60001,201,1.39
161,62001,201,1.32
161,64001,201,1.28
161,65535,201,1.27
161,1,211,1.26
161,2001,211,1.55
161,4001,211,1.81
161,6001,211,2.34
161,8001,211,2.7
161,10001,211,2.68
161,12001,211,2.73
161,14001,211,2.22
161,16001,211,1.93
161,18001,211,1.8
161,20001,211,1.62
161,22001,211,1.46
161,24001,211,1.41
161,26001,211,1.38
161,28001,211,1.41
161,30001,211,1.48
161,32001,211,1.56
161,34001,211,1.7
161,36001,211,1.77
161,38001,211,2.01
161,40001,211,2.35
161,42001,211,2.42
161,44001,211,1.85
161,46001,211,1.46
161,48001,211,1.57
161,50001,211,1.85
161,52001,211,2.12
161,54001,211,1.8
161,56001,211,1.57
161,58001,211,1.5
161,60001,211,1.36
161,62001,211,1.3
161,64001,211,1.27
161,65535,211,1.26
161,1,221,1.23
161,2001,221,1.51
161,4001,221,1.71
161,6001,221,2.1
161,8001,221,2.46
161,10001,221,2.49
161,12001,221,2.57
161,14001,221,2.14
161,16001,221,1.9
161,18001,221,1.75
161,20001,221,1.61
161,22001,221,1.45
161,24001,221,1.41
161,26001,221,1.35
161,28001,221,1.38
161,30001,221,1.45
161,32001,221,1.52
161,34001,221,1.67
161,36001,221,1.74
161,38001,221,1.96
161,40001,221,2.27
161,42001,221,2.31
161,44001,221,1.78
161,46001,221,1.38
161,48001,221,1.5
161,50001,221,1.78
161,52001,221,2.07
161,54001,221,1.76
161,56001,221,1.56
161,58001,221,1.49
161,60001,221,1.32
161,62001,221,1.28
161,64001,221,1.26
161,65535,221,1.24
161,1,231,1.2
161,2001,231,1.47
161,4001,231,1.61
161,6001,231,1.86
161,8001,231,2.18
161,10001,231,2.31
161,12001,231,2.4
161,14001,231,2.06
161,16001,231,1.86
161,18001,231,1.7
161,20001,231,1.59
161,22001,231,1.44
161,24001,231,1.41
161,26001,231,1.32
161,28001,231,1.36
161,30001,231,1.41
161,32001,231,1.49
161,34001,231,1.63
161,36001,231,1.71
161,38001,231,1.91
161,40001,231,2.19
161,42001,231,2.2
161,44001,231,1.71
161,46001,231,1.3
161,48001,231,1.42
161,50001,231,1.7
161,52001,231,2.02
161,54001,231,1.72
161,56001,231,1.55
161,58001,231,1.46
161,60001,231,1.29
161,62001,231,1.26
161,64001,231,1.24
161,65535,231,1.21
161,1,241,1.17
161,2001,241,1.38
161,4001,241,1.51
161,6001,241,1.61
161,8001,241,1.76
161,10001,241,2.12
161,12001,241,2.13
161,14001,241,1.98
161,16001,241,1.82
161,18001,241,1.66
161,20001,241,1.55
161,22001,241,1.43
161,24001,241,1.38
161,26001,241,1.3
161,28001,241,1.33
161,30001,241,1.35
161,32001,241,1.46
161,34001,241,1.55
161,36001,241,1.68
161,38001,241,1.82
161,40001,241,2.06
161,42001,241,2.09
161,44001,241,1.64
161,46001,241,1.22
161,48001,241,1.3
161,50001,241,1.63
161,52001,241,1.94
161,54001,241,1.69
161,56001,241,1.53
161,58001,241,1.42
161,60001,241,1.24
161,62001,241,1.23
161,64001,241,1.23
161,65535,241,1.19
161,1,251,1.15
161,2001,251,1.27
161,4001,251,1.44
161,6001,251,1.54
161,8001,251,1.75
161,10001,251,2.02
161,12001,251,2.16
161,14001,251,1.94
161,16001,251,1.76
161,18001,251,1.66
161,20001,251,1.49
161,22001,251,1.46
161,24001,251,1.35
161,26001,251,1.29
161,28001,251,1.33
161,30001,251,1.37
161,32001,251,1.47
161,34001,251,1.49
161,36001,251,1.63
161,38001,251,1.75
161,40001,251,2.05
161,42001,251,1.99
161,44001,251,1.56
161,46001,251,1.16
161,48001,251,1.27
161,50001,251,1.51
161,52001,251,1.9
161,54001,251,1.72
161,56001,251,1.52
161,58001,251,1.37
161,60001,251,1.27
161,62001,251,1.26
161,64001,251,1.18
161,65535,251,1.13
161,1,254,1.12
161,2001,254,1.23
161,4001,254,1.4
161,6001,254,1.51
161,8001,254,1.75
161,10001,254,2
161,12001,254,2.17
161,14001,254,1.93
161,16001,254,1.74
161,18001,254,1.65
161,20001,254,1.48
161,22001,254,1.45
161,24001,254,1.34
161,26001,254,1.3
161,28001,254,1.34
161,30001,254,1.37
161,32001,254,1.48
161,34001,254,1.49
161,36001,254,1.62
161,38001,254,1.73
161,40001,254,2.03
161,42001,254,1.97
161,44001,254,1.54
161,46001,254,1.14
161,48001,254,1.24
161,50001,254,1.5
161,52001,254,1.87
161,54001,254,1.73
161,56001,254,1.52
161,58001,254,1.36
161,60001,254,1.28
161,62001,254,1.25
161,64001,254,1.17
161,65535,254,1.13
171,1,1,3.54
171,2001,1,3.72
171,4001,1,3.69
171,6001,1,3.69
171,8001,1,3.67
171,10001,1,3.73
171,12001,1,3.67
171,14001,1,3.69
171,16001,1,3.77
171,18001,1,3.69
171,20001,1,3.73
171,22001,1,3.72
171,24001,1,3.64
171,26001,1,3.71
171,28001,1,3.76
171,30001,1,3.71
171,32001,1,3.73
171,34001,1,3.74
171,36001,1,3.7
171,38001,1,3.74
171,40001,1,3.75
171,42001,1,3.73
171,44001,1,3.75
171,46001,1,3.75
171,48001,1,3.76
171,50001,1,3.71
171,52001,1,3.73
171,54001,1,3.77
171,56001,1,3.73
171,58001,1,3.75
171,60001,1,3.71
171,62001,1,3.75
171,64001,1,3.76
171,65535,1,3.74
171,1,11,3.6
171,2001,11,3.74
171,4001,11,3.72
171,6001,11,3.73
171,8001,11,3.69
171,10001,11,3.74
171,12001,11,3.68
171,14001,11,3.73
171,16001,11,3.77
171,18001,11,3.61
171,20001,11,3.57
171,22001,11,3.51
171,24001,11,3.41
171,26001,11,3.43
171,28001,11,3.51
171,30001,11,3.52
171,32001,11,3.59
171,34001,11,3.72
171,36001,11,3.71
171,38001,11,3.74
171,40001,11,3.77
171,42001,11,3.73
171,44001,11,3.76
171,46001,11,3.76
171,48001,11,3.76
171,50001,11,3.7
171,52001,11,3.68
171,54001,11,3.7
171,56001,11,3.65
171,58001,11,3.73
171,60001,11,3.69
171,62001,11,3.74
171,64001,11,3.75
171,65535,11,3.74
171,1,21,3.66
171,2001,21,3.77
171,4001,21,3.75
171,6001,21,3.76
171,8001,21,3.7
171,10001,21,3.75
171,12001,21,3.69
171,14001,21,3.76
171,16001,21,3.77
171,18001,21,3.53
171,20001,21,3.42
171,22001,21,3.3
171,24001,21,3.18
171,26001,21,3.16
171,28001,21,3.26
171,30001,21,3.33
171,32001,21,3.45
171,34001,21,3.7
171,36001,21,3.72
171,38001,21,3.75
171,40001,21,3.78
171,42001,21,3.74
171,44001,21,3.78
171,46001,21,3.77
171,48001,21,3.76
171,50001,21,3.7
171,52001,21,3.63
171,54001,21,3.63
171,56001,21,3.58
171,58001,21,3.72
171,60001,21,3.67
171,62001,21,3.74
171,64001,21,3.75
171,65535,21,3.74
171,1,31,3.69
171,2001,31,3.77
171,4001,31,3.76
171,6001,31,3.78
171,8001,31,3.72
171,10001,31,3.75
171,12001,31,3.7
171,14001,31,3.78
171,16001,31,3.78
171,18001,31,3.48
171,20001,31,3.3
171,22001,31,3.15
171,24001,31,3
171,26001,31,2.96
171,28001,31,3.08
171,30001,31,3.19
171,32001,31,3.35
171,34001,31,3.68
171,36001,31,3.73
171,38001,31,3.76
171,40001,31,3.78
171,42001,31,3.74
171,44001,31,3.78
171,46001,31,3.78
171,48001,31,3.76
171,50001,31,3.69
171,52001,31,3.6
171,54001,31,3.57
171,56001,31,3.54
171,58001,31,3.7
171,60001,31,3.66
171,62001,31,3.75
171,64001,31,3.75
171,65535,31,3.74
171,1,41,3.71
171,2001,41,3.76
171,4001,41,3.76
171,6001,41,3.78
171,8001,41,3.72
171,10001,41,3.76
171,12001,41,3.71
171,14001,41,3.8
171,16001,41,3.78
171,18001,41,3.44
171,20001,41,3.2
171,22001,41,3.05
171,24001,41,2.87
171,26001,41,2.81
171,28001,41,2.93
171,30001,41,3.08
171,32001,41,3.28
171,34001,41,3.66
171,36001,41,3.74
171,38001,41,3.76
171,40001,41,3.77
171,42001,41,3.75
171,44001,41,3.78
171,46001,41,3.77
171,48001,41,3.77
171,50001,41,3.69
171,52001,41,3.6
171,54001,41,3.53
171,56001,41,3.52
171,58001,41,3.67
171,60001,41,3.66
171,62001,41,3.76
171,64001,41,3.75
171,65535,41,3.75
171,1,51,3.73
171,2001,51,3.75
171,4001,51,3.76
171,6001,51,3.77
171,8001,51,3.73
171,10001,51,3.76
171,12001,51,3.74
171,14001,51,3.81
171,16001,51,3.77
171,18001,51,3.4
171,20001,51,3.11
171,22001,51,2.95
171,24001,51,2.74
171,26001,51,2.66
171,28001,51,2.78
171,30001,51,2.96
171,32001,51,3.21
171,34001,51,3.64
171,36001,51,3.74
171,38001,51,3.76
171,40001,51,3.77
171,42001,51,3.77
171,44001,51,3.78
171,46001,51,3.77
171,48001,51,3.78
171,50001,51,3.7
171,52001,51,3.59
171,54001,51,3.49
171,56001,51,3.5
171,58001,51,3.63
171,60001,51,3.67
171,62001,51,3.77
171,64001,51,3.75
171,65535,51,3.75
171,1,61,3.75
171,2001,61,3.74
171,4001,61,3.76
171,6001,61,3.77
171,8001,61,3.74
171,10001,61,3.76
171,12001,61,3.77
171,14001,61,3.82
171,16001,61,3.76
171,18001,61,3.36
171,20001,61,3.02
171,22001,61,2.85
171,24001,61,2.6
171,26001,61,2.51
171,28001,61,2.64
171,30001,61,2.85
171,32001,61,3.13
171,34001,61,3.63
171,36001,61,3.73
171,38001,61,3.77
171,40001,61,3.76
171,42001,61,3.8
171,44001,61,3.77
171,46001,61,3.77
171,48001,61,3.78
171,50001,61,3.71
171,52001,61,3.59
171,54001,61,3.44
171,56001,61,3.48
171,58001,61,3.58
171,60001,61,3.67
171,62001,61,3.78
171,64001,61,3.75
171,65535,61,3.76
171,1,71,3.52
171,2001,71,3.6
171,4001,71,3.76
171,6001,71,3.78
171,8001,71,3.75
171,10001,71,3.77
171,12001,71,3.76
171,14001,71,3.77
171,16001,71,3.56
171,18001,71,3.25
171,20001,71,2.92
171,22001,71,2.73
171,24001,71,2.52
171,26001,71,2.43
171,28001,71,2.49
171,30001,71,2.76
171,32001,71,3.03
171,34001,71,3.49
171,36001,71,3.55
171,38001,71,3.74
171,40001,71,3.76
171,42001,71,3.79
171,44001,71,3.79
171,46001,71,3.73
171,48001,71,3.73
171,50001,71,3.69
171,52001,71,3.5
171,54001,71,3.33
171,56001,71,3.33
171,58001,71,3.23
171,60001,71,3.46
171,62001,71,3.54
171,64001,71,3.52
171,65535,71,3.54
171,1,81,3.29
171,2001,81,3.46
171,4001,81,3.77
171,6001,81,3.78
171,8001,81,3.76
171,10001,81,3.79
171,12001,81,3.76
171,14001,81,3.71
171,16001,81,3.35
171,18001,81,3.13
171,20001,81,2.83
171,22001,81,2.62
171,24001,81,2.44
171,26001,81,2.34
171,28001,81,2.34
171,30001,81,2.66
171,32001,81,2.92
171,34001,81,3.36
171,36001,81,3.37
171,38001,81,3.72
171,40001,81,3.77
171,42001,81,3.79
171,44001,81,3.8
171,46001,81,3.69
171,48001,81,3.68
171,50001,81,3.67
171,52001,81,3.41
171,54001,81,3.21
171,56001,81,3.17
171,58001,81,2.88
171,60001,81,3.24
171,62001,81,3.3
171,64001,81,3.29
171,65535,81,3.31
171,1,91,3.06
171,2001,91,3.32
171,4001,91,3.78
171,6001,91,3.79
171,8001,91,3.78
171,10001,91,3.8
171,12001,91,3.76
171,14001,91,3.65
171,16001,91,3.2
171,18001,91,3.01
171,20001,91,2.74
171,22001,91,2.51
171,24001,91,2.36
171,26001,91,2.26
171,28001,91,2.23
171,30001,91,2.56
171,32001,91,2.82
171,34001,91,3.22
171,36001,91,3.23
171,38001,91,3.69
171,40001,91,3.77
171,42001,91,3.78
171,44001,91,3.81
171,46001,91,3.65
171,48001,91,3.62
171,50001,91,3.66
171,52001,91,3.32
171,54001,91,3.1
171,56001,91,3.01
171,58001,91,2.63
171,60001,91,3.02
171,62001,91,3.06
171,64001,91,3.06
171,65535,91,3.09
171,1,101,2.76
171,2001,101,3.13
171,4001,101,3.78
171,6001,101,3.79
171,8001,101,3.79
171,10001,101,3.81
171,12001,101,3.75
171,14001,101,3.57
171,16001,101,3.08
171,18001,101,2.86
171,20001,101,2.62
171,22001,101,2.38
171,24001,101,2.25
171,26001,101,2.15
171,28001,101,2.14
171,30001,101,2.44
171,32001,101,2.67
171,34001,101,3.04
171,36001,101,3.13
171,38001,101,3.65
171,40001,101,3.78
171,42001,101,3.78
171,44001,101,3.82
171,46001,101,3.59
171,48001,101,3.55
171,50001,101,3.63
171,52001,101,3.2
171,54001,101,2.94
171,56001,101,2.81
171,58001,101,2.44
171,60001,101,2.73
171,62001,101,2.75
171,64001,101,2.75
171,65535,101,2.79
171,1,111,2.35
171,2001,111,2.84
171,4001,111,3.76
171,6001,111,3.79
171,8001,111,3.81
171,10001,111,3.82
171,12001,111,3.74
171,14001,111,3.45
171,16001,111,2.96
171,18001,111,2.65
171,20001,111,2.44
171,22001,111,2.21
171,24001,111,2.09
171,26001,111,2
171,28001,111,2.06
171,30001,111,2.27
171,32001,111,2.47
171,34001,111,2.79
171,36001,111,3.03
171,38001,111,3.6
171,40001,111,3.78
171,42001,111,3.78
171,44001,111,3.82
171,46001,111,3.52
171,48001,111,3.44
171,50001,111,3.59
171,52001,111,3.05
171,54001,111,2.73
171,56001,111,2.54
171,58001,111,2.25
171,60001,111,2.34
171,62001,111,2.33
171,64001,111,2.34
171,65535,111,2.38
171,1,121,1.94
171,2001,121,2.56
171,4001,121,3.75
171,6001,121,3.79
171,8001,121,3.83
171,10001,121,3.83
171,12001,121,3.74
171,14001,121,3.32
171,16001,121,2.83
171,18001,121,2.45
171,20001,121,2.26
171,22001,121,2.04
171,24001,121,1.94
171,26001,121,1.85
171,28001,121,1.97
171,30001,121,2.09
171,32001,121,2.27
171,34001,121,2.54
171,36001,121,2.93
171,38001,121,3.54
171,40001,121,3.79
171,42001,121,3.79
171,44001,121,3.83
171,46001,121,3.44
171,48001,121,3.34
171,50001,121,3.54
171,52001,121,2.9
171,54001,121,2.52
171,56001,121,2.27
171,58001,121,2.06
171,60001,121,1.95
171,62001,121,1.92
171,64001,121,1.93
171,65535,121,1.97
171,1,131,1.86
171,2001,131,2.41
171,4001,131,3.48
171,6001,131,3.78
171,8001,131,3.83
171,10001,131,3.84
171,12001,131,3.7
171,14001,131,3.2
171,16001,131,2.78
171,18001,131,2.42
171,20001,131,2.18
171,22001,131,1.99
171,24001,131,1.88
171,26001,131,1.8
171,28001,131,1.94
171,30001,131,2.03
171,32001,131,2.22
171,34001,131,2.42
171,36001,131,2.83
171,38001,131,3.4
171,40001,131,3.58
171,42001,131,3.65
171,44001,131,3.65
171,46001,131,3.1
171,48001,131,3.03
171,50001,131,3.3
171,52001,131,2.81
171,54001,131,2.43
171,56001,131,2.18
171,58001,131,2.01
171,60001,131,1.89
171,62001,131,1.84
171,64001,131,1.88
171,65535,131,1.92
171,1,141,1.77
171,2001,141,2.26
171,4001,141,3.22
171,6001,141,3.78
171,8001,141,3.83
171,10001,141,3.84
171,12001,141,3.66
171,14001,141,3.09
171,16001,141,2.72
171,18001,141,2.39
171,20001,141,2.1
171,22001,141,1.93
171,24001,141,1.83
171,26001,141,1.74
171,28001,141,1.9
171,30001,141,1.96
171,32001,141,2.16
171,34001,141,2.3
171,36001,141,2.72
171,38001,141,3.26
171,40001,141,3.38
171,42001,141,3.51
171,44001,141,3.47
171,46001,141,2.76
171,48001,141,2.72
171,50001,141,3.05
171,52001,141,2.72
171,54001,141,2.35
171,56001,141,2.08
171,58001,141,1.96
171,60001,141,1.82
171,62001,141,1.76
171,64001,141,1.82
171,65535,141,1.86
171,1,151,1.7
171,2001,151,2.14
171,4001,151,3.01
171,6001,151,3.77
171,8001,151,3.83
171,10001,151,3.85
171,12001,151,3.64
171,14001,151,3
171,16001,151,2.66
171,18001,151,2.37
171,20001,151,2.04
171,22001,151,1.88
171,24001,151,1.78
171,26001,151,1.7
171,28001,151,1.87
171,30001,151,1.91
171,32001,151,2.11
171,34001,151,2.21
171,36001,151,2.62
171,38001,151,3.12
171,40001,151,3.23
171,42001,151,3.41
171,44001,151,3.29
171,46001,151,2.52
171,48001,151,2.49
171,50001,151,2.86
171,52001,151,2.66
171,54001,151,2.29
171,56001,151,2.01
171,58001,151,1.91
171,60001,151,1.77
171,62001,151,1.69
171,64001,151,1.76
171,65535,151,1.77
171,1,161,1.65
171,2001,161,2.04
171,4001,161,2.85
171,6001,161,3.77
171,8001,161,3.84
171,10001,161,3.85
171,12001,161,3.63
171,14001,161,2.94
171,16001,161,2.58
171,18001,161,2.32
171,20001,161,1.98
171,22001,161,1.83
171,24001,161,1.72
171,26001,161,1.67
171,28001,161,1.81
171,30001,161,1.87
171,32001,161,2.05
171,34001,161,2.14
171,36001,161,2.49
171,38001,161,2.94
171,40001,161,3.12
171,42001,161,3.34
171,44001,161,3.06
171,46001,161,2.34
171,48001,161,2.32
171,50001,161,2.72
171,52001,161,2.62
171,54001,161,2.25
171,56001,161,1.96
171,58001,161,1.86
171,60001,161,1.73
171,62001,161,1.64
171,64001,161,1.69
171,65535,161,1.66
171,1,171,1.59
171,2001,171,1.94
171,4001,171,2.68
171,6001,171,3.78
171,8001,171,3.85
171,10001,171,3.84
171,12001,171,3.62
171,14001,171,2.88
171,16001,171,2.47
171,18001,171,2.23
171,20001,171,1.93
171,22001,171,1.78
171,24001,171,1.66
171,26001,171,1.65
171,28001,171,1.73
171,30001,171,1.83
171,32001,171,1.96
171,34001,171,2.07
171,36001,171,2.32
171,38001,171,2.68
171,40001,171,3.01
171,42001,171,3.28
171,44001,171,2.75
171,46001,171,2.16
171,48001,171,2.15
171,50001,171,2.58
171,52001,171,2.58
171,54001,171,2.2
171,56001,171,1.91
171,58001,171,1.8
171,60001,171,1.68
171,62001,171,1.58
171,64001,171,1.59
171,65535,171,1.58
171,1,181,1.54
171,2001,181,1.85
171,4001,181,2.52
171,6001,181,3.78
171,8001,181,3.85
171,10001,181,3.83
171,12001,181,3.61
171,14001,181,2.82
171,16001,181,2.36
171,18001,181,2.14
171,20001,181,1.87
171,22001,181,1.73
171,24001,181,1.61
171,26001,181,1.62
171,28001,181,1.64
171,30001,181,1.79
171,32001,181,1.87
171,34001,181,2.01
171,36001,181,2.15
171,38001,181,2.43
171,40001,181,2.9
171,42001,181,3.21
171,44001,181,2.44
171,46001,181,1.98
171,48001,181,1.97
171,50001,181,2.44
171,52001,181,2.54
171,54001,181,2.15
171,56001,181,1.85
171,58001,181,1.74
171,60001,181,1.64
171,62001,181,1.53
171,64001,181,1.49
171,65535,181,1.52
171,1,191,1.5
171,2001,191,1.81
171,4001,191,2.32
171,6001,191,3.32
171,8001,191,3.61
171,10001,191,3.5
171,12001,191,3.45
171,14001,191,2.69
171,16001,191,2.28
171,18001,191,2.09
171,20001,191,1.86
171,22001,191,1.69
171,24001,191,1.61
171,26001,191,1.59
171,28001,191,1.62
171,30001,191,1.75
171,32001,191,1.82
171,34001,191,1.98
171,36001,191,2.08
171,38001,191,2.38
171,40001,191,2.82
171,42001,191,3.02
171,44001,191,2.29
171,46001,191,1.83
171,48001,191,1.91
171,50001,191,2.29
171,52001,191,2.48
171,54001,191,2.1
171,56001,191,1.8
171,58001,191,1.73
171,60001,191,1.6
171,62001,191,1.51
171,64001,191,1.46
171,65535,191,1.45
171,1,201,1.45
171,2001,201,1.78
171,4001,201,2.12
171,6001,201,2.85
171,8001,201,3.37
171,10001,201,3.17
171,12001,201,3.3
171,14001,201,2.56
171,16001,201,2.19
171,18001,201,2.04
171,20001,201,1.84
171,22001,201,1.65
171,24001,201,1.61
171,26001,201,1.56
171,28001,201,1.6
171,30001,201,1.71
171,32001,201,1.77
171,34001,201,1.94
171,36001,201,2.01
171,38001,201,2.33
171,40001,201,2.75
171,42001,201,2.83
171,44001,201,2.13
171,46001,201,1.69
171,48001,201,1.84
171,50001,201,2.14
171,52001,201,2.43
171,54001,201,2.04
171,56001,201,1.76
171,58001,201,1.71
171,60001,201,1.57
171,62001,201,1.49
171,64001,201,1.42
171,65535,201,1.4
171,1,211,1.42
171,2001,211,1.75
171,4001,211,1.98
171,6001,211,2.52
171,8001,211,3.13
171,10001,211,2.93
171,12001,211,3.14
171,14001,211,2.46
171,16001,211,2.13
171,18001,211,1.99
171,20001,211,1.83
171,22001,211,1.64
171,24001,211,1.61
171,26001,211,1.53
171,28001,211,1.57
171,30001,211,1.68
171,32001,211,1.73
171,34001,211,1.91
171,36001,211,1.96
171,38001,211,2.28
171,40001,211,2.67
171,42001,211,2.69
171,44001,211,2.03
171,46001,211,1.59
171,48001,211,1.77
171,50001,211,2.03
171,52001,211,2.38
171,54001,211,2
171,56001,211,1.73
171,58001,211,1.7
171,60001,211,1.53
171,62001,211,1.47
171,64001,211,1.4
171,65535,211,1.37
171,1,221,1.39
171,2001,221,1.69
171,4001,221,1.88
171,6001,221,2.28
171,8001,221,2.82
171,10001,221,2.74
171,12001,221,2.94
171,14001,221,2.38
171,16001,221,2.1
171,18001,221,1.95
171,20001,221,1.8
171,22001,221,1.63
171,24001,221,1.6
171,26001,221,1.5
171,28001,221,1.55
171,30001,221,1.63
171,32001,221,1.69
171,34001,221,1.86
171,36001,221,1.93
171,38001,221,2.21
171,40001,221,2.58
171,42001,221,2.58
171,44001,221,1.96
171,46001,221,1.51
171,48001,221,1.68
171,50001,221,1.96
171,52001,221,2.32
171,54001,221,1.96
171,56001,221,1.71
171,58001,221,1.67
171,60001,221,1.49
171,62001,221,1.44
171,64001,221,1.39
171,65535,221,1.36
171,1,231,1.36
171,2001,231,1.6
171,4001,231,1.78
171,6001,231,2.04
171,8001,231,2.4
171,10001,231,2.56
171,12001,231,2.68
171,14001,231,2.3
171,16001,231,2.06
171,18001,231,1.9
171,20001,231,1.77
171,22001,231,1.62
171,24001,231,1.57
171,26001,231,1.48
171,28001,231,1.52
171,30001,231,1.58
171,32001,231,1.66
171,34001,231,1.79
171,36001,231,1.9
171,38001,231,2.12
171,40001,231,2.45
171,42001,231,2.46
171,44001,231,1.89
171,46001,231,1.43
171,48001,231,1.56
171,50001,231,1.88
171,52001,231,2.25
171,54001,231,1.92
171,56001,231,1.7
171,58001,231,1.62
171,60001,231,1.45
171,62001,231,1.41
171,64001,231,1.38
171,65535,231,1.34
171,1,241,1.33
171,2001,241,1.5
171,4001,241,1.68
171,6001,241,1.8
171,8001,241,1.98
171,10001,241,2.37
171,12001,241,2.41
171,14001,241,2.22
171,16001,241,2.02
171,18001,241,1.85
171,20001,241,1.73
171,22001,241,1.61
171,24001,241,1.54
171,26001,241,1.47
171,28001,241,1.5
171,30001,241,1.52
171,32001,241,1.63
171,34001,241,1.72
171,36001,241,1.87
171,38001,241,2.04
171,40001,241,2.32
171,42001,241,2.35
171,44001,241,1.82
171,46001,241,1.35
171,48001,241,1.45
171,50001,241,1.81
171,52001,241,2.17
171,54001,241,1.88
171,56001,241,1.69
171,58001,241,1.57
171,60001,241,1.41
171,62001,241,1.38
171,64001,241,1.36
171,65535,241,1.32
171,1,251,1.28
171,2001,251,1.41
171,4001,251,1.59
171,6001,251,1.73
171,8001,251,1.98
171,10001,251,2.28
171,12001,251,2.42
171,14001,251,2.18
171,16001,251,1.96
171,18001,251,1.84
171,20001,251,1.68
171,22001,251,1.63
171,24001,251,1.5
171,26001,251,1.43
171,28001,251,1.48
171,30001,251,1.53
171,32001,251,1.64
171,34001,251,1.67
171,36001,251,1.82
171,38001,251,1.97
171,40001,251,2.3
171,42001,251,2.23
171,44001,251,1.74
171,46001,251,1.29
171,48001,251,1.39
171,50001,251,1.71
171,52001,251,2.16
171,54001,251,1.9
171,56001,251,1.68
171,58001,251,1.53
171,60001,251,1.44
171,62001,251,1.39
171,64001,251,1.32
171,65535,251,1.27
171,1,254,1.25
171,2001,254,1.38
171,4001,254,1.56
171,6001,254,1.71
171,8001,254,1.97
171,10001,254,2.26
171,12001,254,2.44
171,14001,254,2.16
171,16001,254,1.94
171,18001,254,1.83
171,20001,254,1.68
171,22001,254,1.61
171,24001,254,1.5
171,26001,254,1.44
171,28001,254,1.49
171,30001,254,1.53
171,32001,254,1.64
171,34001,254,1.67
171,36001,254,1.8
171,38001,254,1.95
171,40001,254,2.27
171,42001,254,2.21
171,44001,254,1.72
171,46001,254,1.27
171,48001,254,1.36
171,50001,254,1.7
171,52001,254,2.13
171,54001,254,1.92
171,56001,254,1.68
171,58001,254,1.51
171,60001,254,1.44
171,62001,254,1.37
171,64001,254,1.31
171,65535,254,1.27
181,1,1,3.92
181,2001,1,4.12
181,4001,1,4.08
181,6001,1,4.09
181,8001,1,4.09
181,10001,1,4.16
181,12001,1,4.09
181,14001,1,4.12
181,16001,1,4.2
181,18001,1,4.13
181,20001,1,4.15
181,22001,1,4.14
181,24001,1,4.05
181,26001,1,4.12
181,28001,1,4.17
181,30001,1,4.13
181,32001,1,4.16
181,34001,1,4.15
181,36001,1,4.14
181,38001,1,4.17
181,40001,1,4.16
181,42001,1,4.14
181,44001,1,4.16
181,46001,1,4.18
181,48001,1,4.18
181,50001,1,4.12
181,52001,1,4.17
181,54001,1,4.17
181,56001,1,4.17
181,58001,1,4.18
181,60001,1,4.15
181,62001,1,4.17
181,64001,1,4.18
181,65535,1,4.17
181,1,11,3.98
181,2001,11,4.14
181,4001,11,4.11
181,6001,11,4.13
181,8001,11,4.11
181,10001,11,4.17
181,12001,11,4.1
181,14001,11,4.15
181,16001,11,4.21
181,18001,11,4.05
181,20001,11,3.99
181,22001,11,3.93
181,24001,11,3.82
181,26001,11,3.85
181,28001,11,3.93
181,30001,11,3.94
181,32001,11,4.02
181,34001,11,4.14
181,36001,11,4.15
181,38001,11,4.18
181,40001,11,4.17
181,42001,11,4.15
181,44001,11,4.18
181,46001,11,4.19
181,48001,11,4.18
181,50001,11,4.12
181,52001,11,4.12
181,54001,11,4.1
181,56001,11,4.1
181,58001,11,4.17
181,60001,11,4.12
181,62001,11,4.17
181,64001,11,4.18
181,65535,11,4.17
181,1,21,4.03
181,2001,21,4.16
181,4001,21,4.14
181,6001,21,4.16
181,8001,21,4.13
181,10001,21,4.18
181,12001,21,4.11
181,14001,21,4.18
181,16001,21,4.21
181,18001,21,3.97
181,20001,21,3.83
181,22001,21,3.72
181,24001,21,3.59
181,26001,21,3.58
181,28001,21,3.68
181,30001,21,3.75
181,32001,21,3.88
181,34001,21,4.12
181,36001,21,4.16
181,38001,21,4.19
181,40001,21,4.19
181,42001,21,4.15
181,44001,21,4.2
181,46001,21,4.2
181,48001,21,4.18
181,50001,21,4.11
181,52001,21,4.07
181,54001,21,4.03
181,56001,21,4.03
181,58001,21,4.15
181,60001,21,4.1
181,62001,21,4.17
181,64001,21,4.18
181,65535,21,4.17
181,1,31,4.09
181,2001,31,4.18
181,4001,31,4.17
181,6001,31,4.2
181,8001,31,4.15
181,10001,31,4.19
181,12001,31,4.13
181,14001,31,4.22
181,16001,31,4.21
181,18001,31,3.89
181,20001,31,3.67
181,22001,31,3.5
181,24001,31,3.35
181,26001,31,3.3
181,28001,31,3.43
181,30001,31,3.56
181,32001,31,3.74
181,34001,31,4.1
181,36001,31,4.16
181,38001,31,4.2
181,40001,31,4.2
181,42001,31,4.17
181,44001,31,4.21
181,46001,31,4.21
181,48001,31,4.19
181,50001,31,4.12
181,52001,31,4.02
181,54001,31,3.96
181,56001,31,3.95
181,58001,31,4.12
181,60001,31,4.08
181,62001,31,4.16
181,64001,31,4.18
181,65535,31,4.17
181,1,41,4.14
181,2001,41,4.19
181,4001,41,4.19
181,6001,41,4.22
181,8001,41,4.16
181,10001,41,4.19
181,12001,41,4.16
181,14001,41,4.24
181,16001,41,4.2
181,18001,41,3.82
181,20001,41,3.54
181,22001,41,3.34
181,24001,41,3.16
181,26001,41,3.08
181,28001,41,3.23
181,30001,41,3.4
181,32001,41,3.63
181,34001,41,4.08
181,36001,41,4.16
181,38001,41,4.21
181,40001,41,4.21
181,42001,41,4.19
181,44001,41,4.22
181,46001,41,4.21
181,48001,41,4.19
181,50001,41,4.12
181,52001,41,3.99
181,54001,41,3.9
181,56001,41,3.9
181,58001,41,4.07
181,60001,41,4.07
181,62001,41,4.16
181,64001,41,4.18
181,65535,41,4.18
181,1,51,4.15
181,2001,51,4.18
181,4001,51,4.19
181,6001,51,4.22
181,8001,51,4.17
181,10001,51,4.19
181,12001,51,4.19
181,14001,51,4.25
181,16001,51,4.19
181,18001,51,3.78
181,20001,51,3.45
181,22001,51,3.24
181,24001,51,3.03
181,26001,51,2.93
181,28001,51,3.08
181,30001,51,3.28
181,32001,51,3.56
181,34001,51,4.06
181,36001,51,4.16
181,38001,51,4.21
181,40001,51,4.2
181,42001,51,4.21
181,44001,51,4.22
181,46001,51,4.21
181,48001,51,4.2
181,50001,51,4.13
181,52001,51,3.99
181,54001,51,3.86
181,56001,51,3.88
181,58001,51,4.02
181,60001,51,4.07
181,62001,51,4.17
181,64001,51,4.18
181,65535,51,4.18
181,1,61,4.17
181,2001,61,4.17
181,4001,61,4.19
181,6001,61,4.22
181,8001,61,4.17
181,10001,61,4.2
181,12001,61,4.21
181,14001,61,4.27
181,16001,61,4.19
181,18001,61,3.75
181,20001,61,3.35
181,22001,61,3.13
181,24001,61,2.9
181,26001,61,2.78
181,28001,61,2.93
181,30001,61,3.17
181,32001,61,3.49
181,34001,61,4.04
181,36001,61,4.16
181,38001,61,4.21
181,40001,61,4.19
181,42001,61,4.23
181,44001,61,4.22
181,46001,61,4.21
181,48001,61,4.21
181,50001,61,4.14
181,52001,61,3.98
181,54001,61,3.82
181,56001,61,3.87
181,58001,61,3.97
181,60001,61,4.08
181,62001,61,4.18
181,64001,61,4.17
181,65535,61,4.19
181,1,71,3.94
181,2001,71,4.03
181,4001,71,4.2
181,6001,71,4.22
181,8001,71,4.19
181,10001,71,4.21
181,12001,71,4.21
181,14001,71,4.21
181,16001,71,3.98
181,18001,71,3.63
181,20001,71,3.26
181,22001,71,3.02
181,24001,71,2.82
181,26001,71,2.69
181,28001,71,2.79
181,30001,71,3.08
181,32001,71,3.38
181,34001,71,3.91
181,36001,71,3.97
181,38001,71,4.19
181,40001,71,4.2
181,42001,71,4.23
181,44001,71,4.23
181,46001,71,4.17
181,48001,71,4.15
181,50001,71,4.12
181,52001,71,3.89
181,54001,71,3.7
181,56001,71,3.71
181,58001,71,3.63
181,60001,71,3.86
181,62001,71,3.95
181,64001,71,3.94
181,65535,71,3.96
181,1,81,3.71
181,2001,81,3.9
181,4001,81,4.21
181,6001,81,4.23
181,8001,81,4.2
181,10001,81,4.22
181,12001,81,4.21
181,14001,81,4.15
181,16001,81,3.78
181,18001,81,3.51
181,20001,81,3.17
181,22001,81,2.91
181,24001,81,2.74
181,26001,81,2.61
181,28001,81,2.64
181,30001,81,2.98
181,32001,81,3.28
181,34001,81,3.77
181,36001,81,3.79
181,38001,81,4.16
181,40001,81,4.2
181,42001,81,4.22
181,44001,81,4.24
181,46001,81,4.13
181,48001,81,4.1
181,50001,81,4.1
181,52001,81,3.8
181,54001,81,3.59
181,56001,81,3.55
181,58001,81,3.28
181,60001,81,3.64
181,62001,81,3.71
181,64001,81,3.71
181,65535,81,3.74
181,1,91,3.38
181,2001,91,3.67
181,4001,91,4.2
181,6001,91,4.23
181,8001,91,4.22
181,10001,91,4.23
181,12001,91,4.2
181,14001,91,4.06
181,16001,91,3.57
181,18001,91,3.34
181,20001,91,3.03
181,22001,91,2.76
181,24001,91,2.61
181,26001,91,2.49
181,28001,91,2.49
181,30001,91,2.84
181,32001,91,3.11
181,34001,91,3.57
181,36001,91,3.61
181,38001,91,4.12
181,40001,91,4.21
181,42001,91,4.23
181,44001,91,4.25
181,46001,91,4.07
181,48001,91,4.02
181,50001,91,4.07
181,52001,91,3.68
181,54001,91,3.41
181,56001,91,3.33
181,58001,91,2.93
181,60001,91,3.32
181,62001,91,3.36
181,64001,91,3.38
181,65535,91,3.41
181,1,101,2.97
181,2001,101,3.38
181,4001,101,4.18
181,6001,101,4.23
181,8001,101,4.24
181,10001,101,4.24
181,12001,101,4.2
181,14001,101,3.93
181,16001,101,3.4
181,18001,101,3.14
181,20001,101,2.85
181,22001,101,2.6
181,24001,101,2.45
181,26001,101,2.34
181,28001,101,2.37
181,30001,101,2.66
181,32001,101,2.91
181,34001,101,3.32
181,36001,101,3.46
181,38001,101,4.06
181,40001,101,4.21
181,42001,101,4.23
181,44001,101,4.25
181,46001,101,3.99
181,48001,101,3.91
181,50001,101,4.03
181,52001,101,3.52
181,54001,101,3.2
181,56001,101,3.06
181,58001,101,2.65
181,60001,101,2.93
181,62001,101,2.95
181,64001,101,2.97
181,65535,101,3.01
181,1,111,2.56
181,2001,111,3.1
181,4001,111,4.17
181,6001,111,4.23
181,8001,111,4.26
181,10001,111,4.26
181,12001,111,4.2
181,14001,111,3.81
181,16001,111,3.28
181,18001,111,2.93
181,20001,111,2.67
181,22001,111,2.43
181,24001,111,2.29
181,26001,111,2.19
181,28001,111,2.28
181,30001,111,2.49
181,32001,111,2.71
181,34001,111,3.07
181,36001,111,3.35
181,38001,111,4
181,40001,111,4.22
181,42001,111,4.23
181,44001,111,4.26
181,46001,111,3.91
181,48001,111,3.81
181,50001,111,3.99
181,52001,111,3.37
181,54001,111,2.99
181,56001,111,2.79
181,58001,111,2.46
181,60001,111,2.53
181,62001,111,2.53
181,64001,111,2.56
181,65535,111,2.6
181,1,121,2.16
181,2001,121,2.81
181,4001,121,4.15
181,6001,121,4.22
181,8001,121,4.28
181,10001,121,4.27
181,12001,121,4.19
181,14001,121,3.69
181,16001,121,3.16
181,18001,121,2.72
181,20001,121,2.5
181,22001,121,2.26
181,24001,121,2.13
181,26001,121,2.05
181,28001,121,2.2
181,30001,121,2.32
181,32001,121,2.5
181,34001,121,2.81
181,36001,121,3.25
181,38001,121,3.94
181,40001,121,4.22
181,42001,121,4.24
181,44001,121,4.26
181,46001,121,3.83
181,48001,121,3.7
181,50001,121,3.95
181,52001,121,3.22
181,54001,121,2.77
181,56001,121,2.52
181,58001,121,2.26
181,60001,121,2.14
181,62001,121,2.11
181,64001,121,2.15
181,65535,121,2.19
181,1,131,2.07
181,2001,131,2.67
181,4001,131,3.89
181,6001,131,4.22
181,8001,131,4.28
181,10001,131,4.27
181,12001,131,4.15
181,14001,131,3.57
181,16001,131,3.1
181,18001,131,2.7
181,20001,131,2.42
181,22001,131,2.2
181,24001,131,2.08
181,26001,131,1.99
181,28001,131,2.16
181,30001,131,2.25
181,32001,131,2.45
181,34001,131,2.69
181,36001,131,3.15
181,38001,131,3.8
181,40001,131,4.02
181,42001,131,4.1
181,44001,131,4.08
181,46001,131,3.5
181,48001,131,3.39
181,50001,131,3.7
181,52001,131,3.13
181,54001,131,2.69
181,56001,131,2.42
181,58001,131,2.22
181,60001,131,2.08
181,62001,131,2.03
181,64001,131,2.09
181,65535,131,2.13
181,1,141,1.98
181,2001,141,2.52
181,4001,141,3.62
181,6001,141,4.21
181,8001,141,4.27
181,10001,141,4.28
181,12001,141,4.11
181,14001,141,3.45
181,16001,141,3.04
181,18001,141,2.67
181,20001,141,2.34
181,22001,141,2.15
181,24001,141,2.03
181,26001,141,1.93
181,28001,141,2.13
181,30001,141,2.18
181,32001,141,2.4
181,34001,141,2.57
181,36001,141,3.05
181,38001,141,3.67
181,40001,141,3.82
181,42001,141,3.96
181,44001,141,3.91
181,46001,141,3.16
181,48001,141,3.09
181,50001,141,3.45
181,52001,141,3.04
181,54001,141,2.61
181,56001,141,2.33
181,58001,141,2.17
181,60001,141,2.02
181,62001,141,1.95
181,64001,141,2.03
181,65535,141,2.08
181,1,151,1.89
181,2001,151,2.37
181,4001,151,3.36
181,6001,151,4.22
181,8001,151,4.27
181,10001,151,4.28
181,12001,151,4.06
181,14001,151,3.33
181,16001,151,2.95
181,18001,151,2.61
181,20001,151,2.26
181,22001,151,2.1
181,24001,151,1.97
181,26001,151,1.87
181,28001,151,2.06
181,30001,151,2.12
181,32001,151,2.33
181,34001,151,2.45
181,36001,151,2.9
181,38001,151,3.46
181,40001,151,3.61
181,42001,151,3.82
181,44001,151,3.65
181,46001,151,2.82
181,48001,151,2.78
181,50001,151,3.2
181,52001,151,2.94
181,54001,151,2.53
181,56001,151,2.23
181,58001,151,2.11
181,60001,151,1.96
181,62001,151,1.87
181,64001,151,1.95
181,65535,151,1.98
181,1,161,1.82
181,2001,161,2.24
181,4001,161,3.13
181,6001,161,4.22
181,8001,161,4.27
181,10001,161,4.27
181,12001,161,4.04
181,14001,161,3.24
181,16001,161,2.84
181,18001,161,2.52
181,20001,161,2.19
181,22001,161,2.04
181,24001,161,1.92
181,26001,161,1.83
181,28001,161,1.98
181,30001,161,2.06
181,32001,161,2.24
181,34001,161,2.36
181,36001,161,2.73
181,38001,161,3.2
181,40001,161,3.45
181,42001,161,3.7
181,44001,161,3.34
181,46001,161,2.55
181,48001,161,2.52
181,50001,161,3
181,52001,161,2.87
181,54001,161,2.46
181,56001,161,2.15
181,58001,161,2.05
181,60001,161,1.9
181,62001,161,1.8
181,64001,161,1.85
181,65535,161,1.88
181,1,171,1.76
181,2001,171,2.14
181,4001,171,2.97
181,6001,171,4.23
181,8001,171,4.28
181,10001,171,4.26
181,12001,171,4.03
181,14001,171,3.18
181,16001,171,2.73
181,18001,171,2.43
181,20001,171,2.13
181,22001,171,1.99
181,24001,171,1.86
181,26001,171,1.8
181,28001,171,1.89
181,30001,171,2.02
181,32001,171,2.15
181,34001,171,2.29
181,36001,171,2.56
181,38001,171,2.95
181,40001,171,3.33
181,42001,171,3.64
181,44001,171,3.02
181,46001,171,2.37
181,48001,171,2.35
181,50001,171,2.86
181,52001,171,2.83
181,54001,171,2.41
181,56001,171,2.1
181,58001,171,2
181,60001,171,1.86
181,62001,171,1.75
181,64001,171,1.75
181,65535,171,1.78
181,1,181,1.71
181,2001,181,2.04
181,4001,181,2.8
181,6001,181,4.24
181,8001,181,4.29
181,10001,181,4.25
181,12001,181,4.02
181,14001,181,3.11
181,16001,181,2.62
181,18001,181,2.35
181,20001,181,2.08
181,22001,181,1.94
181,24001,181,1.8
181,26001,181,1.78
181,28001,181,1.81
181,30001,181,1.98
181,32001,181,2.07
181,34001,181,2.22
181,36001,181,2.39
181,38001,181,2.69
181,40001,181,3.22
181,42001,181,3.57
181,44001,181,2.71
181,46001,181,2.18
181,48001,181,2.18
181,50001,181,2.72
181,52001,181,2.79
181,54001,181,2.37
181,56001,181,2.05
181,58001,181,1.94
181,60001,181,1.81
181,62001,181,1.69
181,64001,181,1.65
181,65535,181,1.69
181,1,191,1.67
181,2001,191,2.01
181,4001,191,2.6
181,6001,191,3.77
181,8001,191,4.05
181,10001,191,3.92
181,12001,191,3.86
181,14001,191,2.98
181,16001,191,2.54
181,18001,191,2.29
181,20001,191,2.06
181,22001,191,1.91
181,24001,191,1.8
181,26001,191,1.74
181,28001,191,1.78
181,30001,191,1.95
181,32001,191,2.01
181,34001,191,2.19
181,36001,191,2.32
181,38001,191,2.64
181,40001,191,3.15
181,42001,191,3.38
181,44001,191,2.56
181,46001,191,2.04
181,48001,191,2.11
181,50001,191,2.56
181,52001,191,2.74
181,54001,191,2.31
181,56001,191,2
181,58001,191,1.92
181,60001,191,1.78
181,62001,191,1.67
181,64001,191,1.62
181,65535,191,1.61
181,1,201,1.62
181,2001,201,1.98
181,4001,201,2.4
181,6001,201,3.31
181,8001,201,3.81
181,10001,201,3.59
181,12001,201,3.71
181,14001,201,2.85
181,16001,201,2.45
181,18001,201,2.24
181,20001,201,2.05
181,22001,201,1.87
181,24001,201,1.8
181,26001,201,1.71
181,28001,201,1.76
181,30001,201,1.91
181,32001,201,1.96
181,34001,201,2.16
181,36001,201,2.25
181,38001,201,2.59
181,40001,201,3.07
181,42001,201,3.19
181,44001,201,2.41
181,46001,201,1.9
181,48001,201,2.04
181,50001,201,2.41
181,52001,201,2.69
181,54001,201,2.26
181,56001,201,1.95
181,58001,201,1.91
181,60001,201,1.74
181,62001,201,1.65
181,64001,201,1.58
181,65535,201,1.56
181,1,211,1.58
181,2001,211,1.91
181,4001,211,2.2
181,6001,211,2.84
181,8001,211,3.46
181,10001,211,3.26
181,12001,211,3.49
181,14001,211,2.72
181,16001,211,2.37
181,18001,211,2.19
181,20001,211,2.02
181,22001,211,1.83
181,24001,211,1.79
181,26001,211,1.69
181,28001,211,1.74
181,30001,211,1.86
181,32001,211,1.91
181,34001,211,2.1
181,36001,211,2.17
181,38001,211,2.52
181,40001,211,2.97
181,42001,211,3
181,44001,211,2.26
181,46001,211,1.76
181,48001,211,1.94
181,50001,211,2.26
181,52001,211,2.63
181,54001,211,2.2
181,56001,211,1.9
181,58001,211,1.87
181,60001,211,1.7
181,62001,211,1.62
181,64001,211,1.54
181,65535,211,1.51
181,1,221,1.54
181,2001,221,1.81
181,4001,221,2.04
181,6001,221,2.47
181,8001,221,3.04
181,10001,221,2.99
181,12001,221,3.22
181,14001,221,2.61
181,16001,221,2.3
181,18001,221,2.14
181,20001,221,1.98
181,22001,221,1.81
181,24001,221,1.76
181,26001,221,1.67
181,28001,221,1.71
181,30001,221,1.8
181,32001,221,1.86
181,34001,221,2.03
181,36001,221,2.12
181,38001,221,2.43
181,40001,221,2.84
181,42001,221,2.84
181,44001,221,2.14
181,46001,221,1.64
181,48001,221,1.83
181,50001,221,2.13
181,52001,221,2.55
181,54001,221,2.15
181,56001,221,1.87
181,58001,221,1.82
181,60001,221,1.66
181,62001,221,1.59
181,64001,221,1.52
181,65535,221,1.48
181,1,231,1.51
181,2001,231,1.72
181,4001,231,1.94
181,6001,231,2.22
181,8001,231,2.62
181,10001,231,2.81
181,12001,231,2.96
181,14001,231,2.53
181,16001,231,2.26
181,18001,231,2.09
181,20001,231,1.95
181,22001,231,1.8
181,24001,231,1.73
181,26001,231,1.65
181,28001,231,1.69
181,30001,231,1.75
181,32001,231,1.83
181,34001,231,1.96
181,36001,231,2.09
181,38001,231,2.34
181,40001,231,2.71
181,42001,231,2.73
181,44001,231,2.07
181,46001,231,1.56
181,48001,231,1.71
181,50001,231,2.06
181,52001,231,2.48
181,54001,231,2.12
181,56001,231,1.86
181,58001,231,1.78
181,60001,231,1.62
181,62001,231,1.56
181,64001,231,1.51
181,65535,231,1.47
181,1,241,1.48
181,2001,241,1.63
181,4001,241,1.84
181,6001,241,1.98
181,8001,241,2.2
181,10001,241,2.62
181,12001,241,2.69
181,14001,241,2.45
181,16001,241,2.23
181,18001,241,2.05
181,20001,241,1.91
181,22001,241,1.79
181,24001,241,1.71
181,26001,241,1.63
181,28001,241,1.66
181,30001,241,1.69
181,32001,241,1.79
181,34001,241,1.88
181,36001,241,2.06
181,38001,241,2.25
181,40001,241,2.58
181,42001,241,2.62
181,44001,241,1.99
181,46001,241,1.49
181,48001,241,1.59
181,50001,241,1.98
181,52001,241,2.41
181,54001,241,2.08
181,56001,241,1.84
181,58001,241,1.73
181,60001,241,1.57
181,62001,241,1.52
181,64001,241,1.5
181,65535,241,1.45
181,1,251,1.41
181,2001,251,1.56
181,4001,251,1.75
181,6001,251,1.93
181,8001,251,2.2
181,10001,251,2.53
181,12001,251,2.69
181,14001,251,2.41
181,16001,251,2.16
181,18001,251,2.02
181,20001,251,1.87
181,22001,251,1.79
181,24001,251,1.66
181,26001,251,1.57
181,28001,251,1.63
181,30001,251,1.69
181,32001,251,1.8
181,34001,251,1.85
181,36001,251,2.01
181,38001,251,2.18
181,40001,251,2.54
181,42001,251,2.47
181,44001,251,1.92
181,46001,251,1.42
181,48001,251,1.52
181,50001,251,1.91
181,52001,251,2.42
181,54001,251,2.09
181,56001,251,1.84
181,58001,251,1.68
181,60001,251,1.6
181,62001,251,1.51
181,64001,251,1.46
181,65535,251,1.42
181,1,254,1.38
181,2001,254,1.52
181,4001,254,1.71
181,6001,254,1.9
181,8001,254,2.2
181,10001,254,2.51
181,12001,254,2.7
181,14001,254,2.4
181,16001,254,2.14
181,18001,254,2
181,20001,254,1.87
181,22001,254,1.78
181,24001,254,1.65
181,26001,254,1.58
181,28001,254,1.63
181,30001,254,1.69
181,32001,254,1.81
181,34001,254,1.85
181,36001,254,1.99
181,38001,254,2.16
181,40001,254,2.51
181,42001,254,2.45
181,44001,254,1.91
181,46001,254,1.41
181,48001,254,1.49
181,50001,254,1.91
181,52001,254,2.4
181,54001,254,2.1
181,56001,254,1.85
181,58001,254,1.67
181,60001,254,1.61
181,62001,254,1.5
181,64001,254,1.45
181,65535,254,1.42
191,1,1,4.29
191,2001,1,4.51
191,4001,1,4.48
191,6001,1,4.49
191,8001,1,4.52
191,10001,1,4.59
191,12001,1,4.52
191,14001,1,4.54
191,16001,1,4.64
191,18001,1,4.56
191,20001,1,4.56
191,22001,1,4.56
191,24001,1,4.46
191,26001,1,4.54
191,28001,1,4.59
191,30001,1,4.54
191,32001,1,4.59
191,34001,1,4.57
191,36001,1,4.57
191,38001,1,4.61
191,40001,1,4.56
191,42001,1,4.56
191,44001,1,4.58
191,46001,1,4.6
191,48001,1,4.6
191,50001,1,4.54
191,52001,1,4.62
191,54001,1,4.58
191,56001,1,4.62
191,58001,1,4.62
191,60001,1,4.58
191,62001,1,4.6
191,64001,1,4.61
191,65535,1,4.6
191,1,11,4.35
191,2001,11,4.54
191,4001,11,4.51
191,6001,11,4.53
191,8001,11,4.53
191,10001,11,4.6
191,12001,11,4.53
191,14001,11,4.57
191,16001,11,4.64
191,18001,11,4.48
191,20001,11,4.41
191,22001,11,4.35
191,24001,11,4.23
191,26001,11,4.26
191,28001,11,4.35
191,30001,11,4.35
191,32001,11,4.45
191,34001,11,4.55
191,36001,11,4.58
191,38001,11,4.62
191,40001,11,4.58
191,42001,11,4.57
191,44001,11,4.6
191,46001,11,4.61
191,48001,11,4.6
191,50001,11,4.53
191,52001,11,4.57
191,54001,11,4.51
191,56001,11,4.55
191,58001,11,4.6
191,60001,11,4.56
191,62001,11,4.59
191,64001,11,4.61
191,65535,11,4.6
191,1,21,4.41
191,2001,21,4.56
191,4001,21,4.54
191,6001,21,4.56
191,8001,21,4.55
191,10001,21,4.61
191,12001,21,4.56
191,14001,21,4.6
191,16001,21,4.63
191,18001,21,4.4
191,20001,21,4.25
191,22001,21,4.14
191,24001,21,4
191,26001,21,3.99
191,28001,21,4.1
191,30001,21,4.16
191,32001,21,4.31
191,34001,21,4.54
191,36001,21,4.58
191,38001,21,4.63
191,40001,21,4.59
191,42001,21,4.59
191,44001,21,4.62
191,46001,21,4.62
191,48001,21,4.61
191,50001,21,4.54
191,52001,21,4.52
191,54001,21,4.44
191,56001,21,4.48
191,58001,21,4.56
191,60001,21,4.54
191,62001,21,4.59
191,64001,21,4.61
191,65535,21,4.6
191,1,31,4.47
191,2001,31,4.58
191,4001,31,4.57
191,6001,31,4.6
191,8001,31,4.57
191,10001,31,4.62
191,12001,31,4.58
191,14001,31,4.64
191,16001,31,4.63
191,18001,31,4.32
191,20001,31,4.09
191,22001,31,3.92
191,24001,31,3.76
191,26001,31,3.72
191,28001,31,3.85
191,30001,31,3.97
191,32001,31,4.18
191,34001,31,4.52
191,36001,31,4.58
191,38001,31,4.64
191,40001,31,4.61
191,42001,31,4.61
191,44001,31,4.63
191,46001,31,4.63
191,48001,31,4.61
191,50001,31,4.54
191,52001,31,4.47
191,54001,31,4.37
191,56001,31,4.4
191,58001,31,4.51
191,60001,31,4.51
191,62001,31,4.59
191,64001,31,4.61
191,65535,31,4.6
191,1,41,4.53
191,2001,41,4.6
191,4001,41,4.6
191,6001,41,4.64
191,8001,41,4.59
191,10001,41,4.62
191,12001,41,4.61
191,14001,41,4.67
191,16001,41,4.62
191,18001,41,4.24
191,20001,41,3.93
191,22001,41,3.71
191,24001,41,3.53
191,26001,41,3.44
191,28001,41,3.61
191,30001,41,3.78
191,32001,41,4.04
191,34001,41,4.5
191,36001,41,4.58
191,38001,41,4.65
191,40001,41,4.62
191,42001,41,4.63
191,44001,41,4.65
191,46001,41,4.64
191,48001,41,4.62
191,50001,41,4.55
191,52001,41,4.42
191,54001,41,4.3
191,56001,41,4.33
191,58001,41,4.46
191,60001,41,4.49
191,62001,41,4.58
191,64001,41,4.61
191,65535,41,4.61
191,1,51,4.58
191,2001,51,4.62
191,4001,51,4.63
191,6001,51,4.67
191,8001,51,4.61
191,10001,51,4.63
191,12001,51,4.64
191,14001,51,4.7
191,16001,51,4.61
191,18001,51,4.17
191,20001,51,3.79
191,22001,51,3.52
191,24001,51,3.32
191,26001,51,3.19
191,28001,51,3.38
191,30001,51,3.6
191,32001,51,3.91
191,34001,51,4.48
191,36001,51,4.58
191,38001,51,4.65
191,40001,51,4.63
191,42001,51,4.65
191,44001,51,4.66
191,46001,51,4.65
191,48001,51,4.63
191,50001,51,4.56
191,52001,51,4.38
191,54001,51,4.24
191,56001,51,4.27
191,58001,51,4.41
191,60001,51,4.47
191,62001,51,4.58
191,64001,51,4.6
191,65535,51,4.61
191,1,61,4.6
191,2001,61,4.61
191,4001,61,4.63
191,6001,61,4.66
191,8001,61,4.61
191,10001,61,4.63
191,12001,61,4.66
191,14001,61,4.71
191,16001,61,4.61
191,18001,61,4.13
191,20001,61,3.69
191,22001,61,3.42
191,24001,61,3.19
191,26001,61,3.04
191,28001,61,3.23
191,30001,61,3.49
191,32001,61,3.84
191,34001,61,4.46
191,36001,61,4.58
191,38001,61,4.66
191,40001,61,4.63
191,42001,61,4.67
191,44001,61,4.66
191,46001,61,4.65
191,48001,61,4.63
191,50001,61,4.57
191,52001,61,4.38
191,54001,61,4.19
191,56001,61,4.25
191,58001,61,4.37
191,60001,61,4.48
191,62001,61,4.59
191,64001,61,4.6
191,65535,61,4.62
191,1,71,4.37
191,2001,71,4.47
191,4001,71,4.63
191,6001,71,4.67
191,8001,71,4.63
191,10001,71,4.65
191,12001,71,4.66
191,14001,71,4.66
191,16001,71,4.4
191,18001,71,4.01
191,20001,71,3.6
191,22001,71,3.31
191,24001,71,3.11
191,26001,71,2.96
191,28001,71,3.08
191,30001,71,3.4
191,32001,71,3.73
191,34001,71,4.33
191,36001,71,4.39
191,38001,71,4.63
191,40001,71,4.63
191,42001,71,4.67
191,44001,71,4.67
191,46001,71,4.61
191,48001,71,4.58
191,50001,71,4.55
191,52001,71,4.29
191,54001,71,4.08
191,56001,71,4.09
191,58001,71,4.02
191,60001,71,4.26
191,62001,71,4.35
191,64001,71,4.37
191,65535,71,4.39
191,1,81,3.99
191,2001,81,4.21
191,4001,81,4.62
191,6001,81,4.67
191,8001,81,4.64
191,10001,81,4.66
191,12001,81,4.66
191,14001,81,4.55
191,16001,81,4.2
191,18001,81,3.82
191,20001,81,3.44
191,22001,81,3.15
191,24001,81,2.97
191,26001,81,2.82
191,28001,81,2.94
191,30001,81,3.24
191,32001,81,3.55
191,34001,81,4.1
191,36001,81,4.21
191,38001,81,4.58
191,40001,81,4.64
191,42001,81,4.67
191,44001,81,4.68
191,46001,81,4.54
191,48001,81,4.49
191,50001,81,4.51
191,52001,81,4.15
191,54001,81,3.89
191,56001,81,3.84
191,58001,81,3.67
191,60001,81,3.9
191,62001,81,3.97
191,64001,81,4
191,65535,81,4.03
191,1,91,3.59
191,2001,91,3.93
191,4001,91,4.61
191,6001,91,4.67
191,8001,91,4.66
191,10001,91,4.67
191,12001,91,4.65
191,14001,91,4.42
191,16001,91,3.99
191,18001,91,3.62
191,20001,91,3.26
191,22001,91,2.98
191,24001,91,2.81
191,26001,91,2.68
191,28001,91,2.79
191,30001,91,3.06
191,32001,91,3.35
191,34001,91,3.85
191,36001,91,4.03
191,38001,91,4.52
191,40001,91,4.64
191,42001,91,4.68
191,44001,91,4.68
191,46001,91,4.46
191,48001,91,4.38
191,50001,91,4.47
191,52001,91,3.99
191,54001,91,3.67
191,56001,91,3.57
191,58001,91,3.33
191,60001,91,3.51
191,62001,91,3.56
191,64001,91,3.59
191,65535,91,3.62
191,1,101,3.18
191,2001,101,3.64
191,4001,101,4.59
191,6001,101,4.67
191,8001,101,4.68
191,10001,101,4.68
191,12001,101,4.65
191,14001,101,4.3
191,16001,101,3.79
191,18001,101,3.41
191,20001,101,3.09
191,22001,101,2.82
191,24001,101,2.65
191,26001,101,2.53
191,28001,101,2.64
191,30001,101,2.89
191,32001,101,3.14
191,34001,101,3.6
191,36001,101,3.84
191,38001,101,4.46
191,40001,101,4.65
191,42001,101,4.68
191,44001,101,4.69
191,46001,101,4.38
191,48001,101,4.28
191,50001,101,4.43
191,52001,101,3.84
191,54001,101,3.46
191,56001,101,3.3
191,58001,101,2.98
191,60001,101,3.12
191,62001,101,3.14
191,64001,101,3.18
191,65535,101,3.22
191,1,111,2.77
191,2001,111,3.36
191,4001,111,4.58
191,6001,111,4.66
191,8001,111,4.7
191,10001,111,4.69
191,12001,111,4.65
191,14001,111,4.18
191,16001,111,3.6
191,18001,111,3.2
191,20001,111,2.91
191,22001,111,2.65
191,24001,111,2.49
191,26001,111,2.38
191,28001,111,2.5
191,30001,111,2.72
191,32001,111,2.94
191,34001,111,3.34
191,36001,111,3.68
191,38001,111,4.4
191,40001,111,4.65
191,42001,111,4.69
191,44001,111,4.69
191,46001,111,4.3
191,48001,111,4.17
191,50001,111,4.39
191,52001,111,3.69
191,54001,111,3.25
191,56001,111,3.03
191,58001,111,2.66
191,60001,111,2.73
191,62001,111,2.72
191,64001,111,2.77
191,65535,111,2.81
191,1,121,2.37
191,2001,121,3.07
191,4001,121,4.56
191,6001,121,4.66
191,8001,121,4.72
191,10001,121,4.7
191,12001,121,4.64
191,14001,121,4.05
191,16001,121,3.48
191,18001,121,3
191,20001,121,2.73
191,22001,121,2.48
191,24001,121,2.33
191,26001,121,2.24
191,28001,121,2.42
191,30001,121,2.54
191,32001,121,2.74
191,34001,121,3.09
191,36001,121,3.58
191,38001,121,4.35
191,40001,121,4.66
191,42001,121,4.69
191,44001,121,4.7
191,46001,121,4.23
191,48001,121,4.07
191,50001,121,4.35
191,52001,121,3.54
191,54001,121,3.03
191,56001,121,2.76
191,58001,121,2.47
191,60001,121,2.34
191,62001,121,2.31
191,64001,121,2.36
191,65535,121,2.4
191,1,131,2.28
191,2001,131,2.92
191,4001,131,4.3
191,6001,131,4.66
191,8001,131,4.72
191,10001,131,4.71
191,12001,131,4.6
191,14001,131,3.94
191,16001,131,3.42
191,18001,131,2.97
191,20001,131,2.65
191,22001,131,2.43
191,24001,131,2.28
191,26001,131,2.18
191,28001,131,2.38
191,30001,131,2.48
191,32001,131,2.68
191,34001,131,2.97
191,36001,131,3.47
191,38001,131,4.21
191,40001,131,4.45
191,42001,131,4.55
191,44001,131,4.52
191,46001,131,3.89
191,48001,131,3.76
191,50001,131,4.1
191,52001,131,3.45
191,54001,131,2.95
191,56001,131,2.67
191,58001,131,2.42
191,60001,131,2.27
191,62001,131,2.23
191,64001,131,2.3
191,65535,131,2.35
191,1,141,2.19
191,2001,141,2.78
191,4001,141,4.03
191,6001,141,4.66
191,8001,141,4.72
191,10001,141,4.7
191,12001,141,4.56
191,14001,141,3.82
191,16001,141,3.32
191,18001,141,2.89
191,20001,141,2.57
191,22001,141,2.37
191,24001,141,2.22
191,26001,141,2.12
191,28001,141,2.31
191,30001,141,2.41
191,32001,141,2.6
191,34001,141,2.85
191,36001,141,3.32
191,38001,141,3.98
191,40001,141,4.25
191,42001,141,4.41
191,44001,141,4.23
191,46001,141,3.55
191,48001,141,3.45
191,50001,141,3.85
191,52001,141,3.36
191,54001,141,2.87
191,56001,141,2.57
191,58001,141,2.37
191,60001,141,2.21
191,62001,141,2.15
191,64001,141,2.21
191,65535,141,2.25
191,1,151,2.1
191,2001,151,2.63
191,4001,151,3.77
191,6001,151,4.67
191,8001,151,4.72
191,10001,151,4.69
191,12001,151,4.51
191,14001,151,3.7
191,16001,151,3.21
191,18001,151,2.81
191,20001,151,2.49
191,22001,151,2.32
191,24001,151,2.17
191,26001,151,2.06
191,28001,151,2.22
191,30001,151,2.34
191,32001,151,2.52
191,34001,151,2.73
191,36001,151,3.15
191,38001,151,3.72
191,40001,151,4.05
191,42001,151,4.26
191,44001,151,3.92
191,46001,151,3.22
191,48001,151,3.14
191,50001,151,3.6
191,52001,151,3.26
191,54001,151,2.79
191,56001,151,2.48
191,58001,151,2.31
191,60001,151,2.15
191,62001,151,2.07
191,64001,151,2.11
191,65535,151,2.15
191,1,161,2.01
191,2001,161,2.48
191,4001,161,3.5
191,6001,161,4.67
191,8001,161,4.72
191,10001,161,4.69
191,12001,161,4.47
191,14001,161,3.58
191,16001,161,3.1
191,18001,161,2.72
191,20001,161,2.41
191,22001,161,2.26
191,24001,161,2.11
191,26001,161,2
191,28001,161,2.14
191,30001,161,2.28
191,32001,161,2.43
191,34001,161,2.61
191,36001,161,2.97
191,38001,161,3.47
191,40001,161,3.84
191,42001,161,4.12
191,44001,161,3.61
191,46001,161,2.88
191,48001,161,2.83
191,50001,161,3.35
191,52001,161,3.17
191,54001,161,2.71
191,56001,161,2.38
191,58001,161,2.25
191,60001,161,2.09
191,62001,161,1.99
191,64001,161,2.01
191,65535,161,2.05
191,1,171,1.93
191,2001,171,2.34
191,4001,171,3.26
191,6001,171,4.68
191,8001,171,4.72
191,10001,171,4.68
191,12001,171,4.44
191,14001,171,3.47
191,16001,171,2.99
191,18001,171,2.63
191,20001,171,2.34
191,22001,171,2.21
191,24001,171,2.05
191,26001,171,1.95
191,28001,171,2.05
191,30001,171,2.22
191,32001,171,2.34
191,34001,171,2.5
191,36001,171,2.8
191,38001,171,3.21
191,40001,171,3.66
191,42001,171,4
191,44001,171,3.3
191,46001,171,2.57
191,48001,171,2.55
191,50001,171,3.13
191,52001,171,3.09
191,54001,171,2.63
191,56001,171,2.3
191,58001,171,2.19
191,60001,171,2.03
191,62001,171,1.91
191,64001,171,1.91
191,65535,171,1.95
191,1,181,1.88
191,2001,181,2.24
191,4001,181,3.09
191,6001,181,4.69
191,8001,181,4.72
191,10001,181,4.67
191,12001,181,4.43
191,14001,181,3.41
191,16001,181,2.88
191,18001,181,2.55
191,20001,181,2.28
191,22001,181,2.16
191,24001,181,2
191,26001,181,1.93
191,28001,181,1.97
191,30001,181,2.18
191,32001,181,2.26
191,34001,181,2.44
191,36001,181,2.63
191,38001,181,2.96
191,40001,181,3.55
191,42001,181,3.93
191,44001,181,2.99
191,46001,181,2.39
191,48001,181,2.38
191,50001,181,2.99
191,52001,181,3.05
191,54001,181,2.58
191,56001,181,2.24
191,58001,181,2.13
191,60001,181,1.99
191,62001,181,1.86
191,64001,181,1.81
191,65535,181,1.85
191,1,191,1.84
191,2001,191,2.21
191,4001,191,2.89
191,6001,191,4.22
191,8001,191,4.48
191,10001,191,4.34
191,12001,191,4.27
191,14001,191,3.28
191,16001,191,2.8
191,18001,191,2.5
191,20001,191,2.27
191,22001,191,2.12
191,24001,191,2
191,26001,191,1.9
191,28001,191,1.94
191,30001,191,2.14
191,32001,191,2.2
191,34001,191,2.4
191,36001,191,2.56
191,38001,191,2.91
191,40001,191,3.47
191,42001,191,3.74
191,44001,191,2.83
191,46001,191,2.25
191,48001,191,2.31
191,50001,191,2.83
191,52001,191,3
191,54001,191,2.53
191,56001,191,2.2
191,58001,191,2.12
191,60001,191,1.95
191,62001,191,1.84
191,64001,191,1.78
191,65535,191,1.78
191,1,201,1.79
191,2001,201,2.13
191,4001,201,2.69
191,6001,201,3.76
191,8001,201,4.1
191,10001,201,4.01
191,12001,201,4.03
191,14001,201,3.15
191,16001,201,2.71
191,18001,201,2.44
191,20001,201,2.24
191,22001,201,2.08
191,24001,201,1.97
191,26001,201,1.88
191,28001,201,1.92
191,30001,201,2.09
191,32001,201,2.15
191,34001,201,2.34
191,36001,201,2.49
191,38001,201,2.83
191,40001,201,3.35
191,42001,201,3.55
191,44001,201,2.68
191,46001,201,2.11
191,48001,201,2.2
191,50001,201,2.68
191,52001,201,2.93
191,54001,201,2.47
191,56001,201,2.15
191,58001,201,2.08
191,60001,201,1.91
191,62001,201,1.81
191,64001,201,1.74
191,65535,201,1.73
191,1,211,1.75
191,2001,211,2.03
191,4001,211,2.49
191,6001,211,3.29
191,8001,211,3.68
191,10001,211,3.68
191,12001,211,3.76
191,14001,211,3.02
191,16001,211,2.62
191,18001,211,2.39
191,20001,211,2.2
191,22001,211,2.05
191,24001,211,1.95
191,26001,211,1.86
191,28001,211,1.9
191,30001,211,2.03
191,32001,211,2.1
191,34001,211,2.27
191,36001,211,2.42
191,38001,211,2.74
191,40001,211,3.22
191,42001,211,3.36
191,44001,211,2.53
191,46001,211,1.97
191,48001,211,2.09
191,50001,211,2.53
191,52001,211,2.86
191,54001,211,2.42
191,56001,211,2.1
191,58001,211,2.03
191,60001,211,1.87
191,62001,211,1.77
191,64001,211,1.7
191,65535,211,1.67
191,1,221,1.71
191,2001,221,1.94
191,4001,221,2.29
191,6001,221,2.83
191,8001,221,3.26
191,10001,221,3.36
191,12001,221,3.5
191,14001,221,2.89
191,16001,221,2.54
191,18001,221,2.34
191,20001,221,2.16
191,22001,221,2.01
191,24001,221,1.92
191,26001,221,1.84
191,28001,221,1.87
191,30001,221,1.97
191,32001,221,2.04
191,34001,221,2.19
191,36001,221,2.34
191,38001,221,2.65
191,40001,221,3.1
191,42001,221,3.17
191,44001,221,2.38
191,46001,221,1.83
191,48001,221,1.97
191,50001,221,2.37
191,52001,221,2.78
191,54001,221,2.36
191,56001,221,2.05
191,58001,221,1.98
191,60001,221,1.82
191,62001,221,1.74
191,64001,221,1.67
191,65535,221,1.63
191,1,231,1.67
191,2001,231,1.85
191,4001,231,2.11
191,6001,231,2.41
191,8001,231,2.84
191,10001,231,3.06
191,12001,231,3.24
191,14001,231,2.77
191,16001,231,2.46
191,18001,231,2.29
191,20001,231,2.13
191,22001,231,1.98
191,24001,231,1.89
191,26001,231,1.82
191,28001,231,1.85
191,30001,231,1.92
191,32001,231,2
191,34001,231,2.12
191,36001,231,2.28
191,38001,231,2.56
191,40001,231,2.97
191,42001,231,3
191,44001,231,2.24
191,46001,231,1.7
191,48001,231,1.85
191,50001,231,2.24
191,52001,231,2.71
191,54001,231,2.31
191,56001,231,2.01
191,58001,231,1.93
191,60001,231,1.78
191,62001,231,1.71
191,64001,231,1.64
191,65535,231,1.61
191,1,241,1.64
191,2001,241,1.75
191,4001,241,2.01
191,6001,241,2.17
191,8001,241,2.42
191,10001,241,2.87
191,12001,241,2.97
191,14001,241,2.69
191,16001,241,2.43
191,18001,241,2.24
191,20001,241,2.09
191,22001,241,1.97
191,24001,241,1.87
191,26001,241,1.8
191,28001,241,1.83
191,30001,241,1.86
191,32001,241,1.96
191,34001,241,2.05
191,36001,241,2.25
191,38001,241,2.47
191,40001,241,2.84
191,42001,241,2.88
191,44001,241,2.17
191,46001,241,1.62
191,48001,241,1.74
191,50001,241,2.16
191,52001,241,2.64
191,54001,241,2.27
191,56001,241,2
191,58001,241,1.88
191,60001,241,1.74
191,62001,241,1.67
191,64001,241,1.63
191,65535,241,1.58
191,1,251,1.54
191,2001,251,1.7
191,4001,251,1.9
191,6001,251,2.13
191,8001,251,2.43
191,10001,251,2.79
191,12001,251,2.95
191,14001,251,2.65
191,16001,251,2.36
191,18001,251,2.2
191,20001,251,2.07
191,22001,251,1.95
191,24001,251,1.81
191,26001,251,1.72
191,28001,251,1.78
191,30001,251,1.85
191,32001,251,1.97
191,34001,251,2.03
191,36001,251,2.19
191,38001,251,2.4
191,40001,251,2.78
191,42001,251,2.71
191,44001,251,2.11
191,46001,251,1.56
191,48001,251,1.65
191,50001,251,2.11
191,52001,251,2.68
191,54001,251,2.27
191,56001,251,2
191,58001,251,1.84
191,60001,251,1.77
191,62001,251,1.64
191,64001,251,1.6
191,65535,251,1.56
191,1,254,1.51
191,2001,254,1.67
191,4001,254,1.87
191,6001,254,2.1
191,8001,254,2.42
191,10001,254,2.77
191,12001,254,2.97
191,14001,254,2.63
191,16001,254,2.34
191,18001,254,2.18
191,20001,254,2.07
191,22001,254,1.94
191,24001,254,1.81
191,26001,254,1.72
191,28001,254,1.78
191,30001,254,1.85
191,32001,254,1.97
191,34001,254,2.03
191,36001,254,2.17
191,38001,254,2.38
191,40001,254,2.75
191,42001,254,2.69
191,44001,254,2.09
191,46001,254,1.54
191,48001,254,1.61
191,50001,254,2.11
191,52001,254,2.66
191,54001,254,2.29
191,56001,254,2.01
191,58001,254,1.82
191,60001,254,1.77
191,62001,254,1.62
191,64001,254,1.59
191,65535,254,1.56
201,1,1,4.67
201,2001,1,4.91
201,4001,1,4.88
201,6001,1,4.89
201,8001,1,4.94
201,10001,1,5.02
201,12001,1,4.95
201,14001,1,4.96
201,16001,1,5.07
201,18001,1,4.99
201,20001,1,4.98
201,22001,1,4.98
201,24001,1,4.87
201,26001,1,4.95
201,28001,1,5.01
201,30001,1,4.95
201,32001,1,5.02
201,34001,1,4.99
201,36001,1,5.01
201,38001,1,5.05
201,40001,1,4.97
201,42001,1,4.98
201,44001,1,5
201,46001,1,5.03
201,48001,1,5.02
201,50001,1,4.95
201,52001,1,5.07
201,54001,1,4.99
201,56001,1,5.07
201,58001,1,5.05
201,60001,1,5.02
201,62001,1,5.02
201,64001,1,5.04
201,65535,1,5.03
201,1,11,4.73
201,2001,11,4.93
201,4001,11,4.91
201,6001,11,4.93
201,8001,11,4.96
201,10001,11,5.03
201,12001,11,4.98
201,14001,11,4.99
201,16001,11,5.06
201,18001,11,4.91
201,20001,11,4.82
201,22001,11,4.77
201,24001,11,4.64
201,26001,11,4.68
201,28001,11,4.76
201,30001,11,4.76
201,32001,11,4.88
201,34001,11,4.97
201,36001,11,5.01
201,38001,11,5.06
201,40001,11,4.98
201,42001,11,5
201,44001,11,5.02
201,46001,11,5.04
201,48001,11,5.03
201,50001,11,4.96
201,52001,11,5.02
201,54001,11,4.92
201,56001,11,5
201,58001,11,5
201,60001,11,5
201,62001,11,5.02
201,64001,11,5.04
201,65535,11,5.04
201,1,21,4.79
201,2001,21,4.95
201,4001,21,4.94
201,6001,21,4.96
201,8001,21,4.98
201,10001,21,5.04
201,12001,21,5
201,14001,21,5.03
201,16001,21,5.06
201,18001,21,4.83
201,20001,21,4.66
201,22001,21,4.56
201,24001,21,4.41
201,26001,21,4.4
201,28001,21,4.52
201,30001,21,4.57
201,32001,21,4.74
201,34001,21,4.95
201,36001,21,5.01
201,38001,21,5.07
201,40001,21,5
201,42001,21,5.02
201,44001,21,5.03
201,46001,21,5.05
201,48001,21,5.03
201,50001,21,4.97
201,52001,21,4.97
201,54001,21,4.85
201,56001,21,4.92
201,58001,21,4.95
201,60001,21,4.97
201,62001,21,5.01
201,64001,21,5.04
201,65535,21,5.04
201,1,31,4.84
201,2001,31,4.97
201,4001,31,4.97
201,6001,31,5
201,8001,31,5
201,10001,31,5.04
201,12001,31,5.03
201,14001,31,5.06
201,16001,31,5.05
201,18001,31,4.75
201,20001,31,4.51
201,22001,31,4.35
201,24001,31,4.18
201,26001,31,4.13
201,28001,31,4.27
201,30001,31,4.38
201,32001,31,4.61
201,34001,31,4.94
201,36001,31,5
201,38001,31,5.07
201,40001,31,5.01
201,42001,31,5.04
201,44001,31,5.05
201,46001,31,5.06
201,48001,31,5.04
201,50001,31,4.97
201,52001,31,4.92
201,54001,31,4.78
201,56001,31,4.85
201,58001,31,4.9
201,60001,31,4.95
201,62001,31,5.01
201,64001,31,5.04
201,65535,31,5.04
201,1,41,4.9
201,2001,41,5
201,4001,41,5
201,6001,41,5.04
201,8001,41,5.01
201,10001,41,5.05
201,12001,41,5.06
201,14001,41,5.09
201,16001,41,5.04
201,18001,41,4.67
201,20001,41,4.35
201,22001,41,4.13
201,24001,41,3.94
201,26001,41,3.86
201,28001,41,4.02
201,30001,41,4.19
201,32001,41,4.47
201,34001,41,4.92
201,36001,41,5
201,38001,41,5.08
201,40001,41,5.03
201,42001,41,5.07
201,44001,41,5.07
201,46001,41,5.07
201,48001,41,5.05
201,50001,41,4.98
201,52001,41,4.87
201,54001,41,4.71
201,56001,41,4.78
201,58001,41,4.86
201,60001,41,4.93
201,62001,41,5.01
201,64001,41,5.03
201,65535,41,5.05
201,1,51,4.96
201,2001,51,5.02
201,4001,51,5.03
201,6001,51,5.07
201,8001,51,5.03
201,10001,51,5.06
201,12001,51,5.08
201,14001,51,5.13
201,16001,51,5.04
201,18001,51,4.59
201,20001,51,4.19
201,22001,51,3.92
201,24001,51,3.71
201,26001,51,3.58
201,28001,51,3.78
201,30001,51,4
201,32001,51,4.33
201,34001,51,4.9
201,36001,51,5
201,38001,51,5.09
201,40001,51,5.04
201,42001,51,5.09
201,44001,51,5.08
201,46001,51,5.08
201,48001,51,5.05
201,50001,51,4.99
201,52001,51,4.82
201,54001,51,4.64
201,56001,51,4.7
201,58001,51,4.81
201,60001,51,4.9
201,62001,51,5
201,64001,51,5.03
201,65535,51,5.04
201,1,61,5.02
201,2001,61,5.04
201,4001,61,5.06
201,6001,61,5.11
201,8001,61,5.05
201,10001,61,5.07
201,12001,61,5.11
201,14001,61,5.16
201,16001,61,5.03
201,18001,61,4.51
201,20001,61,4.03
201,22001,61,3.71
201,24001,61,3.48
201,26001,61,3.31
201,28001,61,3.53
201,30001,61,3.81
201,32001,61,4.19
201,34001,61,4.88
201,36001,61,5
201,38001,61,5.1
201,40001,61,5.06
201,42001,61,5.11
201,44001,61,5.1
201,46001,61,5.09
201,48001,61,5.06
201,50001,61,5
201,52001,61,4.77
201,54001,61,4.57
201,56001,61,4.63
201,58001,61,4.76
201,60001,61,4.88
201,62001,61,5
201,64001,61,5.03
201,65535,61,5.04
201,1,71,4.61
201,2001,71,4.76
201,4001,71,5.04
201,6001,71,5.11
201,8001,71,5.07
201,10001,71,5.08
201,12001,71,5.11
201,14001,71,5.04
201,16001,71,4.83
201,18001,71,4.3
201,20001,71,3.85
201,22001,71,3.54
201,24001,71,3.32
201,26001,71,3.16
201,28001,71,3.38
201,30001,71,3.64
201,32001,71,3.99
201,34001,71,4.63
201,36001,71,4.82
201,38001,71,5.04
201,40001,71,5.06
201,42001,71,5.12
201,44001,71,5.11
201,46001,71,5.01
201,48001,71,4.96
201,50001,71,4.96
201,52001,71,4.62
201,54001,71,4.36
201,56001,71,4.36
201,58001,71,4.41
201,60001,71,4.49
201,62001,71,4.58
201,64001,71,4.62
201,65535,71,4.63
201,1,81,4.21
201,2001,81,4.47
201,4001,81,5.03
201,6001,81,5.11
201,8001,81,5.09
201,10001,81,5.09
201,12001,81,5.1
201,14001,81,4.91
201,16001,81,4.62
201,18001,81,4.1
201,20001,81,3.68
201,22001,81,3.37
201,24001,81,3.16
201,26001,81,3.02
201,28001,81,3.23
201,30001,81,3.46
201,32001,81,3.78
201,34001,81,4.38
201,36001,81,4.63
201,38001,81,4.98
201,40001,81,5.07
201,42001,81,5.12
201,44001,81,5.11
201,46001,81,4.93
201,48001,81,4.85
201,50001,81,4.92
201,52001,81,4.47
201,54001,81,4.14
201,56001,81,4.09
201,58001,81,4.07
201,60001,81,4.1
201,62001,81,4.17
201,64001,81,4.21
201,65535,81,4.22
201,1,91,3.8
201,2001,91,4.19
201,4001,91,5.01
201,6001,91,5.11
201,8001,91,5.11
201,10001,91,5.11
201,12001,91,5.1
201,14001,91,4.79
201,16001,91,4.42
201,18001,91,3.89
201,20001,91,3.5
201,22001,91,3.2
201,24001,91,3
201,26001,91,2.87
201,28001,91,3.08
201,30001,91,3.29
201,32001,91,3.58
201,34001,91,4.12
201,36001,91,4.45
201,38001,91,4.92
201,40001,91,5.07
201,42001,91,5.12
201,44001,91,5.12
201,46001,91,4.86
201,48001,91,4.74
201,50001,91,4.88
201,52001,91,4.31
201,54001,91,3.93
201,56001,91,3.82
201,58001,91,3.72
201,60001,91,3.7
201,62001,91,3.75
201,64001,91,3.8
201,65535,91,3.82
201,1,101,3.39
201,2001,101,3.9
201,4001,101,5
201,6001,101,5.1
201,8001,101,5.13
201,10001,101,5.12
201,12001,101,5.1
201,14001,101,4.67
201,16001,101,4.21
201,18001,101,3.68
201,20001,101,3.32
201,22001,101,3.04
201,24001,101,2.85
201,26001,101,2.72
201,28001,101,2.94
201,30001,101,3.12
201,32001,101,3.38
201,34001,101,3.87
201,36001,101,4.27
201,38001,101,4.87
201,40001,101,5.08
201,42001,101,5.13
201,44001,101,5.12
201,46001,101,4.78
201,48001,101,4.64
201,50001,101,4.83
201,52001,101,4.16
201,54001,101,3.72
201,56001,101,3.55
201,58001,101,3.37
201,60001,101,3.31
201,62001,101,3.33
201,64001,101,3.39
201,65535,101,3.42
201,1,111,2.99
201,2001,111,3.62
201,4001,111,4.98
201,6001,111,5.1
201,8001,111,5.15
201,10001,111,5.13
201,12001,111,5.09
201,14001,111,4.54
201,16001,111,4
201,18001,111,3.48
201,20001,111,3.15
201,22001,111,2.87
201,24001,111,2.69
201,26001,111,2.58
201,28001,111,2.79
201,30001,111,2.94
201,32001,111,3.17
201,34001,111,3.62
201,36001,111,4.08
201,38001,111,4.81
201,40001,111,5.09
201,42001,111,5.14
201,44001,111,5.12
201,46001,111,4.7
201,48001,111,4.53
201,50001,111,4.79
201,52001,111,4.01
201,54001,111,3.5
201,56001,111,3.28
201,58001,111,3.03
201,60001,111,2.92
201,62001,111,2.92
201,64001,111,2.98
201,65535,111,3.02
201,1,121,2.58
201,2001,121,3.33
201,4001,121,4.97
201,6001,121,5.1
201,8001,121,5.17
201,10001,121,5.14
201,12001,121,5.09
201,14001,121,4.42
201,16001,121,3.8
201,18001,121,3.27
201,20001,121,2.97
201,22001,121,2.7
201,24001,121,2.53
201,26001,121,2.43
201,28001,121,2.64
201,30001,121,2.77
201,32001,121,2.97
201,34001,121,3.37
201,36001,121,3.9
201,38001,121,4.75
201,40001,121,5.09
201,42001,121,5.14
201,44001,121,5.13
201,46001,121,4.62
201,48001,121,4.43
201,50001,121,4.75
201,52001,121,3.86
201,54001,121,3.29
201,56001,121,3.01
201,58001,121,2.68
201,60001,121,2.53
201,62001,121,2.5
201,64001,121,2.57
201,65535,121,2.62
201,1,131,2.49
201,2001,131,3.18
201,4001,131,4.7
201,6001,131,5.11
201,8001,131,5.17
201,10001,131,5.13
201,12001,131,5.05
201,14001,131,4.3
201,16001,131,3.69
201,18001,131,3.18
201,20001,131,2.89
201,22001,131,2.65
201,24001,131,2.47
201,26001,131,2.37
201,28001,131,2.56
201,30001,131,2.7
201,32001,131,2.88
201,34001,131,3.25
201,36001,131,3.73
201,38001,131,4.5
201,40001,131,4.89
201,42001,131,5
201,44001,131,4.82
201,46001,131,4.28
201,48001,131,4.12
201,50001,131,4.5
201,52001,131,3.77
201,54001,131,3.21
201,56001,131,2.92
201,58001,131,2.62
201,60001,131,2.47
201,62001,131,2.42
201,64001,131,2.47
201,65535,131,2.51
201,1,141,2.4
201,2001,141,3.03
201,4001,141,4.44
201,6001,141,5.11
201,8001,141,5.17
201,10001,141,5.12
201,12001,141,5.01
201,14001,141,4.18
201,16001,141,3.58
201,18001,141,3.1
201,20001,141,2.81
201,22001,141,2.59
201,24001,141,2.42
201,26001,141,2.31
201,28001,141,2.47
201,30001,141,2.64
201,32001,141,2.8
201,34001,141,3.13
201,36001,141,3.56
201,38001,141,4.24
201,40001,141,4.68
201,42001,141,4.86
201,44001,141,4.51
201,46001,141,3.95
201,48001,141,3.81
201,50001,141,4.25
201,52001,141,3.68
201,54001,141,3.13
201,56001,141,2.82
201,58001,141,2.56
201,60001,141,2.41
201,62001,141,2.34
201,64001,141,2.37
201,65535,141,2.41
201,1,151,2.32
201,2001,151,2.88
201,4001,151,4.18
201,6001,151,5.12
201,8001,151,5.16
201,10001,151,5.12
201,12001,151,4.96
201,14001,151,4.06
201,16001,151,3.47
201,18001,151,3.01
201,20001,151,2.73
201,22001,151,2.54
201,24001,151,2.36
201,26001,151,2.26
201,28001,151,2.38
201,30001,151,2.57
201,32001,151,2.71
201,34001,151,3.01
201,36001,151,3.38
201,38001,151,3.99
201,40001,151,4.48
201,42001,151,4.72
201,44001,151,4.2
201,46001,151,3.61
201,48001,151,3.5
201,50001,151,4
201,52001,151,3.58
201,54001,151,3.04
201,56001,151,2.72
201,58001,151,2.5
201,60001,151,2.34
201,62001,151,2.26
201,64001,151,2.27
201,65535,151,2.31
201,1,161,2.23
201,2001,161,2.74
201,4001,161,3.91
201,6001,161,5.13
201,8001,161,5.16
201,10001,161,5.11
201,12001,161,4.92
201,14001,161,3.95
201,16001,161,3.36
201,18001,161,2.92
201,20001,161,2.65
201,22001,161,2.48
201,24001,161,2.3
201,26001,161,2.2
201,28001,161,2.3
201,30001,161,2.5
201,32001,161,2.62
201,34001,161,2.89
201,36001,161,3.21
201,38001,161,3.73
201,40001,161,4.28
201,42001,161,4.57
201,44001,161,3.88
201,46001,161,3.27
201,48001,161,3.2
201,50001,161,3.76
201,52001,161,3.49
201,54001,161,2.96
201,56001,161,2.63
201,58001,161,2.45
201,60001,161,2.28
201,62001,161,2.18
201,64001,161,2.17
201,65535,161,2.21
201,1,171,2.14
201,2001,171,2.59
201,4001,171,3.64
201,6001,171,5.13
201,8001,171,5.16
201,10001,171,5.1
201,12001,171,4.88
201,14001,171,3.83
201,16001,171,3.25
201,18001,171,2.84
201,20001,171,2.57
201,22001,171,2.43
201,24001,171,2.25
201,26001,171,2.14
201,28001,171,2.22
201,30001,171,2.44
201,32001,171,2.54
201,34001,171,2.77
201,36001,171,3.04
201,38001,171,3.48
201,40001,171,4.07
201,42001,171,4.43
201,44001,171,3.57
201,46001,171,2.94
201,48001,171,2.89
201,50001,171,3.51
201,52001,171,3.4
201,54001,171,2.88
201,56001,171,2.53
201,58001,171,2.39
201,60001,171,2.22
201,62001,171,2.1
201,64001,171,2.07
201,65535,171,2.11
201,1,181,2.05
201,2001,181,2.44
201,4001,181,3.38
201,6001,181,5.14
201,8001,181,5.16
201,10001,181,5.09
201,12001,181,4.84
201,14001,181,3.71
201,16001,181,3.14
201,18001,181,2.75
201,20001,181,2.49
201,22001,181,2.37
201,24001,181,2.19
201,26001,181,2.08
201,28001,181,2.13
201,30001,181,2.37
201,32001,181,2.45
201,34001,181,2.65
201,36001,181,2.87
201,38001,181,3.22
201,40001,181,3.87
201,42001,181,4.29
201,44001,181,3.26
201,46001,181,2.6
201,48001,181,2.58
201,50001,181,3.26
201,52001,181,3.31
201,54001,181,2.8
201,56001,181,2.44
201,58001,181,2.33
201,60001,181,2.16
201,62001,181,2.02
201,64001,181,1.97
201,65535,181,2.01
201,1,191,2.01
201,2001,191,2.35
201,4001,191,3.18
201,6001,191,4.68
201,8001,191,4.74
201,10001,191,4.76
201,12001,191,4.57
201,14001,191,3.58
201,16001,191,3.06
201,18001,191,2.7
201,20001,191,2.45
201,22001,191,2.33
201,24001,191,2.16
201,26001,191,2.06
201,28001,191,2.11
201,30001,191,2.31
201,32001,191,2.4
201,34001,191,2.58
201,36001,191,2.8
201,38001,191,3.13
201,40001,191,3.74
201,42001,191,4.1
201,44001,191,3.11
201,46001,191,2.46
201,48001,191,2.46
201,50001,191,3.11
201,52001,191,3.24
201,54001,191,2.74
201,56001,191,2.39
201,58001,191,2.28
201,60001,191,2.12
201,62001,191,1.99
201,64001,191,1.94
201,65535,191,1.95
201,1,201,1.96
201,2001,201,2.25
201,4001,201,2.98
201,6001,201,4.21
201,8001,201,4.32
201,10001,201,4.43
201,12001,201,4.31
201,14001,201,3.45
201,16001,201,2.97
201,18001,201,2.65
201,20001,201,2.42
201,22001,201,2.3
201,24001,201,2.14
201,26001,201,2.04
201,28001,201,2.08
201,30001,201,2.26
201,32001,201,2.34
201,34001,201,2.5
201,36001,201,2.73
201,38001,201,3.04
201,40001,201,3.61
201,42001,201,3.91
201,44001,201,2.96
201,46001,201,2.32
201,48001,201,2.35
201,50001,201,2.95
201,52001,201,3.16
201,54001,201,2.69
201,56001,201,2.34
201,58001,201,2.23
201,60001,201,2.07
201,62001,201,1.95
201,64001,201,1.9
201,65535,201,1.9
201,1,211,1.92
201,2001,211,2.16
201,4001,211,2.78
201,6001,211,3.74
201,8001,211,3.9
201,10001,211,4.11
201,12001,211,4.04
201,14001,211,3.32
201,16001,211,2.88
201,18001,211,2.6
201,20001,211,2.38
201,22001,211,2.26
201,24001,211,2.11
201,26001,211,2.02
201,28001,211,2.06
201,30001,211,2.2
201,32001,211,2.29
201,34001,211,2.43
201,36001,211,2.66
201,38001,211,2.96
201,40001,211,3.49
201,42001,211,3.72
201,44001,211,2.8
201,46001,211,2.17
201,48001,211,2.23
201,50001,211,2.8
201,52001,211,3.09
201,54001,211,2.64
201,56001,211,2.3
201,58001,211,2.18
201,60001,211,2.03
201,62001,211,1.92
201,64001,211,1.86
201,65535,211,1.84
201,1,221,1.88
201,2001,221,2.07
201,4001,221,2.58
201,6001,221,3.28
201,8001,221,3.48
201,10001,221,3.78
201,12001,221,3.78
201,14001,221,3.19
201,16001,221,2.8
201,18001,221,2.54
201,20001,221,2.34
201,22001,221,2.22
201,24001,221,2.08
201,26001,221,2.01
201,28001,221,2.04
201,30001,221,2.14
201,32001,221,2.24
201,34001,221,2.36
201,36001,221,2.58
201,38001,221,2.87
201,40001,221,3.36
201,42001,221,3.53
201,44001,221,2.65
201,46001,221,2.03
201,48001,221,2.11
201,50001,221,2.65
201,52001,221,3.02
201,54001,221,2.58
201,56001,221,2.25
201,58001,221,2.14
201,60001,221,1.99
201,62001,221,1.89
201,64001,221,1.83
201,65535,221,1.78
201,1,231,1.83
201,2001,231,1.97
201,4001,231,2.38
201,6001,231,2.82
201,8001,231,3.06
201,10001,231,3.45
201,12001,231,3.52
201,14001,231,3.06
201,16001,231,2.72
201,18001,231,2.49
201,20001,231,2.31
201,22001,231,2.19
201,24001,231,2.06
201,26001,231,1.99
201,28001,231,2.01
201,30001,231,2.09
201,32001,231,2.18
201,34001,231,2.28
201,36001,231,2.51
201,38001,231,2.78
201,40001,231,3.23
201,42001,231,3.34
201,44001,231,2.5
201,46001,231,1.89
201,48001,231,2
201,50001,231,2.49
201,52001,231,2.94
201,54001,231,2.52
201,56001,231,2.2
201,58001,231,2.09
201,60001,231,1.94
201,62001,231,1.85
201,64001,231,1.8
201,65535,231,1.75
201,1,241,1.79
201,2001,241,1.88
201,4001,241,2.18
201,6001,241,2.35
201,8001,241,2.64
201,10001,241,3.12
201,12001,241,3.25
201,14001,241,2.93
201,16001,241,2.63
201,18001,241,2.44
201,20001,241,2.27
201,22001,241,2.15
201,24001,241,2.03
201,26001,241,1.97
201,28001,241,1.99
201,30001,241,2.03
201,32001,241,2.13
201,34001,241,2.21
201,36001,241,2.44
201,38001,241,2.69
201,40001,241,3.1
201,42001,241,3.15
201,44001,241,2.35
201,46001,241,1.75
201,48001,241,1.88
201,50001,241,2.34
201,52001,241,2.87
201,54001,241,2.47
201,56001,241,2.15
201,58001,241,2.04
201,60001,241,1.9
201,62001,241,1.82
201,64001,241,1.76
201,65535,241,1.71
201,1,251,1.67
201,2001,251,1.83
201,4001,251,2.06
201,6001,251,2.31
201,8001,251,2.65
201,10001,251,3.05
201,12001,251,3.23
201,14001,251,2.88
201,16001,251,2.56
201,18001,251,2.38
201,20001,251,2.26
201,22001,251,2.11
201,24001,251,1.98
201,26001,251,1.89
201,28001,251,1.94
201,30001,251,2.01
201,32001,251,2.14
201,34001,251,2.21
201,36001,251,2.38
201,38001,251,2.61
201,40001,251,3.02
201,42001,251,2.98
201,44001,251,2.29
201,46001,251,1.69
201,48001,251,1.77
201,50001,251,2.32
201,52001,251,2.91
201,54001,251,2.47
201,56001,251,2.17
201,58001,251,1.99
201,60001,251,1.93
201,62001,251,1.77
201,64001,251,1.74
201,65535,251,1.7
201,1,254,1.64
201,2001,254,1.81
201,4001,254,2.02
201,6001,254,2.3
201,8001,254,2.65
201,10001,254,3.03
201,12001,254,3.23
201,14001,254,2.87
201,16001,254,2.54
201,18001,254,2.36
201,20001,254,2.26
201,22001,254,2.1
201,24001,254,1.96
201,26001,254,1.86
201,28001,254,1.93
201,30001,254,2.01
201,32001,254,2.14
201,34001,254,2.21
201,36001,254,2.36
201,38001,254,2.59
201,40001,254,2.99
201,42001,254,2.93
201,44001,254,2.27
201,46001,254,1.67
201,48001,254,1.74
201,50001,254,2.31
201,52001,254,2.92
201,54001,254,2.47
201,56001,254,2.17
201,58001,254,1.98
201,60001,254,1.94
201,62001,254,1.75
201,64001,254,1.73
201,65535,254,1.7
211,1,1,5.26
211,2001,1,5.46
211,4001,1,5.45
211,6001,1,5.44
211,8001,1,5.49
211,10001,1,5.54
211,12001,1,5.5
211,14001,1,5.51
211,16001,1,5.6
211,18001,1,5.53
211,20001,1,5.51
211,22001,1,5.52
211,24001,1,5.43
211,26001,1,5.5
211,28001,1,5.56
211,30001,1,5.49
211,32001,1,5.55
211,34001,1,5.54
211,36001,1,5.56
211,38001,1,5.57
211,40001,1,5.52
211,42001,1,5.52
211,44001,1,5.54
211,46001,1,5.56
211,48001,1,5.56
211,50001,1,5.51
211,52001,1,5.6
211,54001,1,5.53
211,56001,1,5.59
211,58001,1,5.59
211,60001,1,5.57
211,62001,1,5.55
211,64001,1,5.57
211,65535,1,5.57
211,1,11,5.28
211,2001,11,5.48
211,4001,11,5.48
211,6001,11,5.48
211,8001,11,5.51
211,10001,11,5.55
211,12001,11,5.51
211,14001,11,5.53
211,16001,11,5.62
211,18001,11,5.4
211,20001,11,5.35
211,22001,11,5.19
211,24001,11,5.03
211,26001,11,5.05
211,28001,11,5.16
211,30001,11,5.3
211,32001,11,5.35
211,34001,11,5.52
211,36001,11,5.55
211,38001,11,5.58
211,40001,11,5.54
211,42001,11,5.55
211,44001,11,5.56
211,46001,11,5.57
211,48001,11,5.55
211,50001,11,5.52
211,52001,11,5.55
211,54001,11,5.46
211,56001,11,5.51
211,58001,11,5.54
211,60001,11,5.55
211,62001,11,5.55
211,64001,11,5.57
211,65535,11,5.56
211,1,21,5.33
211,2001,21,5.51
211,4001,21,5.51
211,6001,21,5.52
211,8001,21,5.52
211,10001,21,5.56
211,12001,21,5.54
211,14001,21,5.56
211,16001,21,5.61
211,18001,21,5.31
211,20001,21,5.19
211,22001,21,4.95
211,24001,21,4.76
211,26001,21,4.75
211,28001,21,4.89
211,30001,21,5.11
211,32001,21,5.21
211,34001,21,5.5
211,36001,21,5.55
211,38001,21,5.59
211,40001,21,5.55
211,42001,21,5.57
211,44001,21,5.58
211,46001,21,5.58
211,48001,21,5.56
211,50001,21,5.52
211,52001,21,5.5
211,54001,21,5.39
211,56001,21,5.44
211,58001,21,5.49
211,60001,21,5.52
211,62001,21,5.55
211,64001,21,5.57
211,65535,21,5.57
211,1,31,5.39
211,2001,31,5.53
211,4001,31,5.54
211,6001,31,5.55
211,8001,31,5.54
211,10001,31,5.56
211,12001,31,5.56
211,14001,31,5.6
211,16001,31,5.61
211,18001,31,5.23
211,20001,31,5.03
211,22001,31,4.74
211,24001,31,4.53
211,26001,31,4.47
211,28001,31,4.64
211,30001,31,4.92
211,32001,31,5.07
211,34001,31,5.48
211,36001,31,5.55
211,38001,31,5.59
211,40001,31,5.57
211,42001,31,5.59
211,44001,31,5.59
211,46001,31,5.59
211,48001,31,5.56
211,50001,31,5.53
211,52001,31,5.45
211,54001,31,5.32
211,56001,31,5.37
211,58001,31,5.44
211,60001,31,5.5
211,62001,31,5.54
211,64001,31,5.57
211,65535,31,5.57
211,1,41,5.45
211,2001,41,5.55
211,4001,41,5.57
211,6001,41,5.59
211,8001,41,5.56
211,10001,41,5.57
211,12001,41,5.59
211,14001,41,5.63
211,16001,41,5.6
211,18001,41,5.15
211,20001,41,4.87
211,22001,41,4.53
211,24001,41,4.3
211,26001,41,4.2
211,28001,41,4.4
211,30001,41,4.73
211,32001,41,4.93
211,34001,41,5.47
211,36001,41,5.55
211,38001,41,5.6
211,40001,41,5.58
211,42001,41,5.61
211,44001,41,5.61
211,46001,41,5.6
211,48001,41,5.57
211,50001,41,5.54
211,52001,41,5.4
211,54001,41,5.25
211,56001,41,5.29
211,58001,41,5.4
211,60001,41,5.48
211,62001,41,5.54
211,64001,41,5.57
211,65535,41,5.57
211,1,51,5.51
211,2001,51,5.57
211,4001,51,5.59
211,6001,51,5.63
211,8001,51,5.58
211,10001,51,5.59
211,12001,51,5.62
211,14001,51,5.66
211,16001,51,5.59
211,18001,51,5.07
211,20001,51,4.7
211,22001,51,4.32
211,24001,51,4.07
211,26001,51,3.93
211,28001,51,4.15
211,30001,51,4.52
211,32001,51,4.79
211,34001,51,5.44
211,36001,51,5.55
211,38001,51,5.61
211,40001,51,5.59
211,42001,51,5.63
211,44001,51,5.62
211,46001,51,5.61
211,48001,51,5.58
211,50001,51,5.55
211,52001,51,5.34
211,54001,51,5.17
211,56001,51,5.21
211,58001,51,5.34
211,60001,51,5.44
211,62001,51,5.53
211,64001,51,5.56
211,65535,51,5.58
211,1,61,5.57
211,2001,61,5.57
211,4001,61,5.62
211,6001,61,5.65
211,8001,61,5.6
211,10001,61,5.62
211,12001,61,5.64
211,14001,61,5.7
211,16001,61,5.59
211,18001,61,4.99
211,20001,61,4.47
211,22001,61,4.11
211,24001,61,3.84
211,26001,61,3.65
211,28001,61,3.9
211,30001,61,4.22
211,32001,61,4.65
211,34001,61,5.39
211,36001,61,5.56
211,38001,61,5.62
211,40001,61,5.59
211,42001,61,5.64
211,44001,61,5.62
211,46001,61,5.6
211,48001,61,5.58
211,50001,61,5.53
211,52001,61,5.26
211,54001,61,5.05
211,56001,61,5.11
211,58001,61,5.26
211,60001,61,5.38
211,62001,61,5.5
211,64001,61,5.56
211,65535,61,5.58
211,1,71,5.16
211,2001,71,5.12
211,4001,71,5.57
211,6001,71,5.66
211,8001,71,5.6
211,10001,71,5.63
211,12001,71,5.64
211,14001,71,5.57
211,16001,71,5.38
211,18001,71,4.67
211,20001,71,4.18
211,22001,71,3.86
211,24001,71,3.62
211,26001,71,3.45
211,28001,71,3.66
211,30001,71,3.94
211,32001,71,4.33
211,34001,71,5.01
211,36001,71,5.25
211,38001,71,5.55
211,40001,71,5.58
211,42001,71,5.64
211,44001,71,5.62
211,46001,71,5.51
211,48001,71,5.48
211,50001,71,5.44
211,52001,71,5.04
211,54001,71,4.71
211,56001,71,4.68
211,58001,71,4.73
211,60001,71,4.79
211,62001,71,5.08
211,64001,71,5.15
211,65535,71,5.17
211,1,81,4.75
211,2001,81,4.8
211,4001,81,5.55
211,6001,81,5.65
211,8001,81,5.61
211,10001,81,5.64
211,12001,81,5.64
211,14001,81,5.45
211,16001,81,5.18
211,18001,81,4.44
211,20001,81,3.98
211,22001,81,3.68
211,24001,81,3.45
211,26001,81,3.29
211,28001,81,3.5
211,30001,81,3.75
211,32001,81,4.1
211,34001,81,4.73
211,36001,81,5.04
211,38001,81,5.49
211,40001,81,5.59
211,42001,81,5.65
211,44001,81,5.63
211,46001,81,5.43
211,48001,81,5.37
211,50001,81,5.38
211,52001,81,4.88
211,54001,81,4.48
211,56001,81,4.37
211,58001,81,4.35
211,60001,81,4.36
211,62001,81,4.66
211,64001,81,4.74
211,65535,81,4.76
211,1,91,4.35
211,2001,91,4.51
211,4001,91,5.54
211,6001,91,5.65
211,8001,91,5.63
211,10001,91,5.65
211,12001,91,5.63
211,14001,91,5.33
211,16001,91,4.97
211,18001,91,4.24
211,20001,91,3.81
211,22001,91,3.51
211,24001,91,3.29
211,26001,91,3.14
211,28001,91,3.35
211,30001,91,3.57
211,32001,91,3.9
211,34001,91,4.47
211,36001,91,4.86
211,38001,91,5.44
211,40001,91,5.59
211,42001,91,5.65
211,44001,91,5.63
211,46001,91,5.35
211,48001,91,5.27
211,50001,91,5.34
211,52001,91,4.72
211,54001,91,4.26
211,56001,91,4.1
211,58001,91,4
211,60001,91,3.97
211,62001,91,4.25
211,64001,91,4.33
211,65535,91,4.36
211,1,101,3.94
211,2001,101,4.23
211,4001,101,5.52
211,6001,101,5.65
211,8001,101,5.65
211,10001,101,5.66
211,12001,101,5.63
211,14001,101,5.2
211,16001,101,4.77
211,18001,101,4.03
211,20001,101,3.63
211,22001,101,3.34
211,24001,101,3.13
211,26001,101,3
211,28001,101,3.2
211,30001,101,3.4
211,32001,101,3.7
211,34001,101,4.22
211,36001,101,4.68
211,38001,101,5.38
211,40001,101,5.6
211,42001,101,5.66
211,44001,101,5.64
211,46001,101,5.27
211,48001,101,5.16
211,50001,101,5.3
211,52001,101,4.57
211,54001,101,4.05
211,56001,101,3.83
211,58001,101,3.66
211,60001,101,3.58
211,62001,101,3.83
211,64001,101,3.92
211,65535,101,3.96
211,1,111,3.49
211,2001,111,3.94
211,4001,111,5.51
211,6001,111,5.65
211,8001,111,5.67
211,10001,111,5.67
211,12001,111,5.63
211,14001,111,5.07
211,16001,111,4.53
211,18001,111,3.82
211,20001,111,3.45
211,22001,111,3.17
211,24001,111,2.97
211,26001,111,2.85
211,28001,111,3.05
211,30001,111,3.23
211,32001,111,3.49
211,34001,111,3.97
211,36001,111,4.49
211,38001,111,5.32
211,40001,111,5.6
211,42001,111,5.66
211,44001,111,5.64
211,46001,111,5.19
211,48001,111,5.05
211,50001,111,5.26
211,52001,111,4.42
211,54001,111,3.84
211,56001,111,3.56
211,58001,111,3.31
211,60001,111,3.19
211,62001,111,3.37
211,64001,111,3.47
211,65535,111,3.51
211,1,121,2.86
211,2001,121,3.66
211,4001,121,5.49
211,6001,121,5.65
211,8001,121,5.69
211,10001,121,5.68
211,12001,121,5.64
211,14001,121,4.9
211,16001,121,4.17
211,18001,121,3.62
211,20001,121,3.28
211,22001,121,3
211,24001,121,2.81
211,26001,121,2.7
211,28001,121,2.9
211,30001,121,3.05
211,32001,121,3.29
211,34001,121,3.72
211,36001,121,4.31
211,38001,121,5.26
211,40001,121,5.61
211,42001,121,5.65
211,44001,121,5.66
211,46001,121,5.11
211,48001,121,4.89
211,50001,121,5.22
211,52001,121,4.27
211,54001,121,3.62
211,56001,121,3.29
211,58001,121,2.96
211,60001,121,2.79
211,62001,121,2.74
211,64001,121,2.82
211,65535,121,2.88
211,1,131,2.71
211,2001,131,3.43
211,4001,131,5.06
211,6001,131,5.65
211,8001,131,5.69
211,10001,131,5.68
211,12001,131,5.6
211,14001,131,4.71
211,16001,131,4.02
211,18001,131,3.49
211,20001,131,3.2
211,22001,131,2.9
211,24001,131,2.73
211,26001,131,2.64
211,28001,131,2.82
211,30001,131,2.99
211,32001,131,3.16
211,34001,131,3.6
211,36001,131,4.04
211,38001,131,5
211,40001,131,5.4
211,42001,131,5.46
211,44001,131,5.17
211,46001,131,4.57
211,48001,131,4.58
211,50001,131,4.97
211,52001,131,4.11
211,54001,131,3.54
211,56001,131,3.2
211,58001,131,2.86
211,60001,131,2.69
211,62001,131,2.63
211,64001,131,2.72
211,65535,131,2.77
211,1,141,2.61
211,2001,141,3.27
211,4001,141,4.76
211,6001,141,5.66
211,8001,141,5.69
211,10001,141,5.68
211,12001,141,5.56
211,14001,141,4.58
211,16001,141,3.9
211,18001,141,3.39
211,20001,141,3.12
211,22001,141,2.84
211,24001,141,2.66
211,26001,141,2.59
211,28001,141,2.73
211,30001,141,2.92
211,32001,141,3.06
211,34001,141,3.48
211,36001,141,3.85
211,38001,141,4.75
211,40001,141,5.2
211,42001,141,5.31
211,44001,141,4.82
211,46001,141,4.19
211,48001,141,4.27
211,50001,141,4.72
211,52001,141,4
211,54001,141,3.46
211,56001,141,3.1
211,58001,141,2.79
211,60001,141,2.62
211,62001,141,2.55
211,64001,141,2.62
211,65535,141,2.66
211,1,151,2.52
211,2001,151,3.12
211,4001,151,4.5
211,6001,151,5.67
211,8001,151,5.69
211,10001,151,5.67
211,12001,151,5.52
211,14001,151,4.46
211,16001,151,3.79
211,18001,151,3.31
211,20001,151,3.04
211,22001,151,2.78
211,24001,151,2.61
211,26001,151,2.53
211,28001,151,2.65
211,30001,151,2.85
211,32001,151,2.97
211,34001,151,3.36
211,36001,151,3.68
211,38001,151,4.5
211,40001,151,5
211,42001,151,5.17
211,44001,151,4.51
211,46001,151,3.85
211,48001,151,3.96
211,50001,151,4.47
211,52001,151,3.91
211,54001,151,3.38
211,56001,151,3.01
211,58001,151,2.73
211,60001,151,2.56
211,62001,151,2.47
211,64001,151,2.52
211,65535,151,2.56
211,1,161,2.43
211,2001,161,2.97
211,4001,161,4.23
211,6001,161,5.67
211,8001,161,5.69
211,10001,161,5.66
211,12001,161,5.48
211,14001,161,4.34
211,16001,161,3.68
211,18001,161,3.22
211,20001,161,2.96
211,22001,161,2.73
211,24001,161,2.55
211,26001,161,2.47
211,28001,161,2.56
211,30001,161,2.79
211,32001,161,2.89
211,34001,161,3.24
211,36001,161,3.51
211,38001,161,4.24
211,40001,161,4.79
211,42001,161,5.03
211,44001,161,4.2
211,46001,161,3.51
211,48001,161,3.65
211,50001,161,4.22
211,52001,161,3.82
211,54001,161,3.3
211,56001,161,2.91
211,58001,161,2.67
211,60001,161,2.5
211,62001,161,2.39
211,64001,161,2.42
211,65535,161,2.46
211,1,171,2.35
211,2001,171,2.83
211,4001,171,3.97
211,6001,171,5.68
211,8001,171,5.69
211,10001,171,5.65
211,12001,171,5.43
211,14001,171,4.22
211,16001,171,3.57
211,18001,171,3.13
211,20001,171,2.87
211,22001,171,2.67
211,24001,171,2.49
211,26001,171,2.41
211,28001,171,2.48
211,30001,171,2.71
211,32001,171,2.8
211,34001,171,3.1
211,36001,171,3.34
211,38001,171,3.96
211,40001,171,4.57
211,42001,171,4.89
211,44001,171,3.88
211,46001,171,3.18
211,48001,171,3.31
211,50001,171,3.95
211,52001,171,3.73
211,54001,171,3.2
211,56001,171,2.81
211,58001,171,2.61
211,60001,171,2.44
211,62001,171,2.31
211,64001,171,2.31
211,65535,171,2.35
211,1,181,2.26
211,2001,181,2.68
211,4001,181,3.7
211,6001,181,5.67
211,8001,181,5.71
211,10001,181,5.64
211,12001,181,5.34
211,14001,181,4.1
211,16001,181,3.46
211,18001,181,3.05
211,20001,181,2.78
211,22001,181,2.62
211,24001,181,2.44
211,26001,181,2.34
211,28001,181,2.39
211,30001,181,2.61
211,32001,181,2.71
211,34001,181,2.9
211,36001,181,3.17
211,38001,181,3.55
211,40001,181,4.29
211,42001,181,4.75
211,44001,181,3.57
211,46001,181,2.84
211,48001,181,2.85
211,50001,181,3.59
211,52001,181,3.63
211,54001,181,3.08
211,56001,181,2.71
211,58001,181,2.56
211,60001,181,2.38
211,62001,181,2.23
211,64001,181,2.16
211,65535,181,2.22
211,1,191,2.21
211,2001,191,2.58
211,4001,191,3.5
211,6001,191,4.97
211,8001,191,5.07
211,10001,191,5.32
211,12001,191,4.96
211,14001,191,3.97
211,16001,191,3.36
211,18001,191,2.99
211,20001,191,2.71
211,22001,191,2.58
211,24001,191,2.41
211,26001,191,2.29
211,28001,191,2.37
211,30001,191,2.55
211,32001,191,2.66
211,34001,191,2.83
211,36001,191,3.09
211,38001,191,3.42
211,40001,191,4.07
211,42001,191,4.56
211,44001,191,3.36
211,46001,191,2.64
211,48001,191,2.67
211,50001,191,3.44
211,52001,191,3.54
211,54001,191,3
211,56001,191,2.64
211,58001,191,2.51
211,60001,191,2.32
211,62001,191,2.16
211,64001,191,2.12
211,65535,191,2.16
211,1,201,2.17
211,2001,201,2.49
211,4001,201,3.3
211,6001,201,4.46
211,8001,201,4.61
211,10001,201,4.99
211,12001,201,4.67
211,14001,201,3.84
211,16001,201,3.27
211,18001,201,2.94
211,20001,201,2.67
211,22001,201,2.54
211,24001,201,2.38
211,26001,201,2.27
211,28001,201,2.34
211,30001,201,2.5
211,32001,201,2.61
211,34001,201,2.76
211,36001,201,3.02
211,38001,201,3.32
211,40001,201,3.92
211,42001,201,4.37
211,44001,201,3.2
211,46001,201,2.49
211,48001,201,2.55
211,50001,201,3.28
211,52001,201,3.46
211,54001,201,2.94
211,56001,201,2.59
211,58001,201,2.46
211,60001,201,2.27
211,62001,201,2.12
211,64001,201,2.08
211,65535,201,2.12
211,1,211,2.13
211,2001,211,2.4
211,4001,211,3.1
211,6001,211,3.99
211,8001,211,4.19
211,10001,211,4.66
211,12001,211,4.4
211,14001,211,3.71
211,16001,211,3.18
211,18001,211,2.89
211,20001,211,2.63
211,22001,211,2.51
211,24001,211,2.36
211,26001,211,2.25
211,28001,211,2.32
211,30001,211,2.44
211,32001,211,2.55
211,34001,211,2.69
211,36001,211,2.95
211,38001,211,3.23
211,40001,211,3.79
211,42001,211,4.18
211,44001,211,3.04
211,46001,211,2.35
211,48001,211,2.43
211,50001,211,3.13
211,52001,211,3.39
211,54001,211,2.88
211,56001,211,2.54
211,58001,211,2.41
211,60001,211,2.23
211,62001,211,2.09
211,64001,211,2.05
211,65535,211,2.07
211,1,221,2.08
211,2001,221,2.3
211,4001,221,2.9
211,6001,221,3.53
211,8001,221,3.77
211,10001,221,4.33
211,12001,221,4.14
211,14001,221,3.58
211,16001,221,3.1
211,18001,221,2.84
211,20001,221,2.59
211,22001,221,2.47
211,24001,221,2.33
211,26001,221,2.23
211,28001,221,2.3
211,30001,221,2.38
211,32001,221,2.5
211,34001,221,2.61
211,36001,221,2.88
211,38001,221,3.14
211,40001,221,3.66
211,42001,221,3.99
211,44001,221,2.89
211,46001,221,2.21
211,48001,221,2.31
211,50001,221,2.98
211,52001,221,3.31
211,54001,221,2.83
211,56001,221,2.49
211,58001,221,2.36
211,60001,221,2.18
211,62001,221,2.06
211,64001,221,2.01
211,65535,221,2.01
211,1,231,2.04
211,2001,231,2.21
211,4001,231,2.68
211,6001,231,3.06
211,8001,231,3.35
211,10001,231,3.96
211,12001,231,3.87
211,14001,231,3.44
211,16001,231,3.01
211,18001,231,2.78
211,20001,231,2.56
211,22001,231,2.43
211,24001,231,2.3
211,26001,231,2.21
211,28001,231,2.27
211,30001,231,2.33
211,32001,231,2.44
211,34001,231,2.54
211,36001,231,2.8
211,38001,231,3.05
211,40001,231,3.54
211,42001,231,3.77
211,44001,231,2.74
211,46001,231,2.07
211,48001,231,2.2
211,50001,231,2.81
211,52001,231,3.24
211,54001,231,2.77
211,56001,231,2.44
211,58001,231,2.31
211,60001,231,2.14
211,62001,231,2.02
211,64001,231,1.98
211,65535,231,1.96
211,1,241,1.96
211,2001,241,2.08
211,4001,241,2.39
211,6001,241,2.6
211,8001,241,2.93
211,10001,241,3.45
211,12001,241,3.61
211,14001,241,3.24
211,16001,241,2.93
211,18001,241,2.69
211,20001,241,2.52
211,22001,241,2.37
211,24001,241,2.26
211,26001,241,2.19
211,28001,241,2.21
211,30001,241,2.27
211,32001,241,2.36
211,34001,241,2.47
211,36001,241,2.69
211,38001,241,2.97
211,40001,241,3.41
211,42001,241,3.48
211,44001,241,2.59
211,46001,241,1.92
211,48001,241,2.08
211,50001,241,2.57
211,52001,241,3.17
211,54001,241,2.72
211,56001,241,2.39
211,58001,241,2.24
211,60001,241,2.1
211,62001,241,1.99
211,64001,241,1.94
211,65535,241,1.9
211,1,251,1.87
211,2001,251,2.03
211,4001,251,2.27
211,6001,251,2.55
211,8001,251,2.89
211,10001,251,3.35
211,12001,251,3.57
211,14001,251,3.19
211,16001,251,2.86
211,18001,251,2.63
211,20001,251,2.51
211,22001,251,2.33
211,24001,251,2.2
211,26001,251,2.11
211,28001,251,2.17
211,30001,251,2.25
211,32001,251,2.36
211,34001,251,2.45
211,36001,251,2.63
211,38001,251,2.89
211,40001,251,3.32
211,42001,251,3.31
211,44001,251,2.53
211,46001,251,1.86
211,48001,251,1.97
211,50001,251,2.53
211,52001,251,3.2
211,54001,251,2.72
211,56001,251,2.39
211,58001,251,2.2
211,60001,251,2.13
211,62001,251,1.94
211,64001,251,1.92
211,65535,251,1.88
211,1,254,1.83
211,2001,254,2.01
211,4001,254,2.24
211,6001,254,2.54
211,8001,254,2.9
211,10001,254,3.33
211,12001,254,3.57
211,14001,254,3.16
211,16001,254,2.84
211,18001,254,2.61
211,20001,254,2.5
211,22001,254,2.32
211,24001,254,2.18
211,26001,254,2.08
211,28001,254,2.16
211,30001,254,2.24
211,32001,254,2.37
211,34001,254,2.45
211,36001,254,2.61
211,38001,254,2.87
211,40001,254,3.3
211,42001,254,3.25
211,44001,254,2.5
211,46001,254,1.84
211,48001,254,1.93
211,50001,254,2.52
211,52001,254,3.21
211,54001,254,2.72
211,56001,254,2.4
211,58001,254,2.19
211,60001,254,2.12
211,62001,254,1.93
211,64001,254,1.91
211,65535,254,1.88
221,1,1,5.85
221,2001,1,6.01
221,4001,1,6.01
221,6001,1,6
221,8001,1,6.04
221,10001,1,6.06
221,12001,1,6.06
221,14001,1,6.07
221,16001,1,6.12
221,18001,1,6.07
221,20001,1,6.03
221,22001,1,6.06
221,24001,1,5.99
221,26001,1,6.05
221,28001,1,6.11
221,30001,1,6.04
221,32001,1,6.08
221,34001,1,6.09
221,36001,1,6.1
221,38001,1,6.09
221,40001,1,6.08
221,42001,1,6.07
221,44001,1,6.09
221,46001,1,6.09
221,48001,1,6.1
221,50001,1,6.07
221,52001,1,6.13
221,54001,1,6.07
221,56001,1,6.1
221,58001,1,6.13
221,60001,1,6.12
221,62001,1,6.09
221,64001,1,6.11
221,65535,1,6.1
221,1,11,5.87
221,2001,11,6.04
221,4001,11,6.04
221,6001,11,6.03
221,8001,11,6.06
221,10001,11,6.07
221,12001,11,6.07
221,14001,11,6.09
221,16001,11,6.14
221,18001,11,5.94
221,20001,11,5.87
221,22001,11,5.73
221,24001,11,5.59
221,26001,11,5.6
221,28001,11,5.71
221,30001,11,5.85
221,32001,11,5.88
221,34001,11,6.07
221,36001,11,6.1
221,38001,11,6.1
221,40001,11,6.09
221,42001,11,6.09
221,44001,11,6.1
221,46001,11,6.1
221,48001,11,6.09
221,50001,11,6.07
221,52001,11,6.08
221,54001,11,6
221,56001,11,6.03
221,58001,11,6.08
221,60001,11,6.1
221,62001,11,6.08
221,64001,11,6.1
221,65535,11,6.1
221,1,21,5.89
221,2001,21,6.06
221,4001,21,6.07
221,6001,21,6.07
221,8001,21,6.07
221,10001,21,6.08
221,12001,21,6.07
221,14001,21,6.1
221,16001,21,6.16
221,18001,21,5.81
221,20001,21,5.72
221,22001,21,5.4
221,24001,21,5.19
221,26001,21,5.16
221,28001,21,5.32
221,30001,21,5.66
221,32001,21,5.69
221,34001,21,6.05
221,36001,21,6.1
221,38001,21,6.11
221,40001,21,6.11
221,42001,21,6.11
221,44001,21,6.12
221,46001,21,6.11
221,48001,21,6.09
221,50001,21,6.08
221,52001,21,6.03
221,54001,21,5.93
221,56001,21,5.96
221,58001,21,6.03
221,60001,21,6.07
221,62001,21,6.08
221,64001,21,6.1
221,65535,21,6.1
221,1,31,5.94
221,2001,31,6.08
221,4001,31,6.1
221,6001,31,6.11
221,8001,31,6.09
221,10001,31,6.08
221,12001,31,6.09
221,14001,31,6.13
221,16001,31,6.17
221,18001,31,5.71
221,20001,31,5.56
221,22001,31,5.14
221,24001,31,4.89
221,26001,31,4.81
221,28001,31,5.01
221,30001,31,5.47
221,32001,31,5.53
221,34001,31,6.04
221,36001,31,6.1
221,38001,31,6.12
221,40001,31,6.12
221,42001,31,6.13
221,44001,31,6.14
221,46001,31,6.12
221,48001,31,6.09
221,50001,31,6.09
221,52001,31,5.98
221,54001,31,5.86
221,56001,31,5.88
221,58001,31,5.98
221,60001,31,6.05
221,62001,31,6.08
221,64001,31,6.1
221,65535,31,6.1
221,1,41,6
221,2001,41,6.09
221,4001,41,6.13
221,6001,41,6.14
221,8001,41,6.11
221,10001,41,6.1
221,12001,41,6.12
221,14001,41,6.17
221,16001,41,6.16
221,18001,41,5.63
221,20001,41,5.37
221,22001,41,4.93
221,24001,41,4.66
221,26001,41,4.54
221,28001,41,4.77
221,30001,41,5.23
221,32001,41,5.39
221,34001,41,6
221,36001,41,6.1
221,38001,41,6.12
221,40001,41,6.13
221,42001,41,6.15
221,44001,41,6.15
221,46001,41,6.12
221,48001,41,6.09
221,50001,41,6.09
221,52001,41,5.92
221,54001,41,5.77
221,56001,41,5.8
221,58001,41,5.92
221,60001,41,6.01
221,62001,41,6.06
221,64001,41,6.1
221,65535,41,6.1
221,1,51,6.05
221,2001,51,6.1
221,4001,51,6.15
221,6001,51,6.17
221,8001,51,6.13
221,10001,51,6.13
221,12001,51,6.15
221,14001,51,6.2
221,16001,51,6.15
221,18001,51,5.55
221,20001,51,5.14
221,22001,51,4.72
221,24001,51,4.43
221,26001,51,4.27
221,28001,51,4.52
221,30001,51,4.93
221,32001,51,5.25
221,34001,51,5.95
221,36001,51,6.11
221,38001,51,6.13
221,40001,51,6.12
221,42001,51,6.16
221,44001,51,6.14
221,46001,51,6.12
221,48001,51,6.1
221,50001,51,6.08
221,52001,51,5.84
221,54001,51,5.65
221,56001,51,5.7
221,58001,51,5.85
221,60001,51,5.94
221,62001,51,6.03
221,64001,51,6.1
221,65535,51,6.11
221,1,61,6.11
221,2001,61,6.1
221,4001,61,6.18
221,6001,61,6.19
221,8001,61,6.15
221,10001,61,6.16
221,12001,61,6.17
221,14001,61,6.23
221,16001,61,6.15
221,18001,61,5.47
221,20001,61,4.9
221,22001,61,4.51
221,24001,61,4.2
221,26001,61,3.99
221,28001,61,4.27
221,30001,61,4.63
221,32001,61,5.11
221,34001,61,5.9
221,36001,61,6.12
221,38001,61,6.14
221,40001,61,6.11
221,42001,61,6.17
221,44001,61,6.14
221,46001,61,6.11
221,48001,61,6.11
221,50001,61,6.06
221,52001,61,5.75
221,54001,61,5.53
221,56001,61,5.6
221,58001,61,5.77
221,60001,61,5.88
221,62001,61,5.99
221,64001,61,6.09
221,65535,61,6.11
221,1,71,5.71
221,2001,71,5.65
221,4001,71,6.13
221,6001,71,6.2
221,8001,71,6.14
221,10001,71,6.17
221,12001,71,6.17
221,14001,71,6.11
221,16001,71,5.94
221,18001,71,5.15
221,20001,71,4.62
221,22001,71,4.26
221,24001,71,3.97
221,26001,71,3.79
221,28001,71,4.04
221,30001,71,4.35
221,32001,71,4.79
221,34001,71,5.52
221,36001,71,5.81
221,38001,71,6.07
221,40001,71,6.11
221,42001,71,6.17
221,44001,71,6.14
221,46001,71,6.02
221,48001,71,6
221,50001,71,5.97
221,52001,71,5.53
221,54001,71,5.19
221,56001,71,5.16
221,58001,71,5.24
221,60001,71,5.29
221,62001,71,5.58
221,64001,71,5.68
221,65535,71,5.71
221,1,81,5.3
221,2001,81,5.19
221,4001,81,6.08
221,6001,81,6.2
221,8001,81,6.14
221,10001,81,6.18
221,12001,81,6.17
221,14001,81,5.99
221,16001,81,5.74
221,18001,81,4.83
221,20001,81,4.33
221,22001,81,4.01
221,24001,81,3.75
221,26001,81,3.58
221,28001,81,3.8
221,30001,81,4.07
221,32001,81,4.47
221,34001,81,5.13
221,36001,81,5.5
221,38001,81,6.01
221,40001,81,6.11
221,42001,81,6.18
221,44001,81,6.15
221,46001,81,5.92
221,48001,81,5.9
221,50001,81,5.87
221,52001,81,5.31
221,54001,81,4.86
221,56001,81,4.72
221,58001,81,4.71
221,60001,81,4.7
221,62001,81,5.16
221,64001,81,5.27
221,65535,81,5.31
221,1,91,4.89
221,2001,91,4.84
221,4001,91,6.06
221,6001,91,6.2
221,8001,91,6.15
221,10001,91,6.19
221,12001,91,6.16
221,14001,91,5.86
221,16001,91,5.53
221,18001,91,4.58
221,20001,91,4.11
221,22001,91,3.81
221,24001,91,3.57
221,26001,91,3.41
221,28001,91,3.61
221,30001,91,3.85
221,32001,91,4.22
221,34001,91,4.82
221,36001,91,5.27
221,38001,91,5.94
221,40001,91,6.11
221,42001,91,6.18
221,44001,91,6.15
221,46001,91,5.84
221,48001,91,5.79
221,50001,91,5.81
221,52001,91,5.14
221,54001,91,4.59
221,56001,91,4.38
221,58001,91,4.29
221,60001,91,4.23
221,62001,91,4.74
221,64001,91,4.86
221,65535,91,4.9
221,1,101,4.4
221,2001,101,4.55
221,4001,101,6.04
221,6001,101,6.2
221,8001,101,6.17
221,10001,101,6.2
221,12001,101,6.17
221,14001,101,5.72
221,16001,101,5.26
221,18001,101,4.38
221,20001,101,3.94
221,22001,101,3.64
221,24001,101,3.41
221,26001,101,3.27
221,28001,101,3.46
221,30001,101,3.68
221,32001,101,4.02
221,34001,101,4.57
221,36001,101,5.09
221,38001,101,5.89
221,40001,101,6.11
221,42001,101,6.18
221,44001,101,6.16
221,46001,101,5.76
221,48001,101,5.67
221,50001,101,5.77
221,52001,101,4.98
221,54001,101,4.38
221,56001,101,4.11
221,58001,101,3.94
221,60001,101,3.84
221,62001,101,4.24
221,64001,101,4.36
221,65535,101,4.41
221,1,111,3.77
221,2001,111,4.27
221,4001,111,6.02
221,6001,111,6.2
221,8001,111,6.19
221,10001,111,6.22
221,12001,111,6.18
221,14001,111,5.55
221,16001,111,4.9
221,18001,111,4.17
221,20001,111,3.76
221,22001,111,3.47
221,24001,111,3.25
221,26001,111,3.12
221,28001,111,3.32
221,30001,111,3.51
221,32001,111,3.81
221,34001,111,4.32
221,36001,111,4.9
221,38001,111,5.83
221,40001,111,6.12
221,42001,111,6.17
221,44001,111,6.17
221,46001,111,5.68
221,48001,111,5.5
221,50001,111,5.73
221,52001,111,4.83
221,54001,111,4.17
221,56001,111,3.84
221,58001,111,3.59
221,60001,111,3.45
221,62001,111,3.61
221,64001,111,3.72
221,65535,111,3.78
221,1,121,3.14
221,2001,121,3.98
221,4001,121,6.01
221,6001,121,6.2
221,8001,121,6.21
221,10001,121,6.23
221,12001,121,6.2
221,14001,121,5.38
221,16001,121,4.54
221,18001,121,3.96
221,20001,121,3.58
221,22001,121,3.3
221,24001,121,3.09
221,26001,121,2.97
221,28001,121,3.17
221,30001,121,3.33
221,32001,121,3.61
221,34001,121,4.07
221,36001,121,4.72
221,38001,121,5.77
221,40001,121,6.12
221,42001,121,6.16
221,44001,121,6.18
221,46001,121,5.6
221,48001,121,5.34
221,50001,121,5.69
221,52001,121,4.68
221,54001,121,3.95
221,56001,121,3.57
221,58001,121,3.25
221,60001,121,3.06
221,62001,121,2.98
221,64001,121,3.07
221,65535,121,3.15
221,1,131,2.99
221,2001,131,3.76
221,4001,131,5.58
221,6001,131,6.2
221,8001,131,6.21
221,10001,131,6.23
221,12001,131,6.16
221,14001,131,5.19
221,16001,131,4.39
221,18001,131,3.83
221,20001,131,3.5
221,22001,131,3.2
221,24001,131,3.01
221,26001,131,2.92
221,28001,131,3.08
221,30001,131,3.27
221,32001,131,3.48
221,34001,131,3.95
221,36001,131,4.45
221,38001,131,5.52
221,40001,131,5.92
221,42001,131,5.97
221,44001,131,5.69
221,46001,131,5.06
221,48001,131,5.03
221,50001,131,5.44
221,52001,131,4.52
221,54001,131,3.87
221,56001,131,3.48
221,58001,131,3.14
221,60001,131,2.96
221,62001,131,2.88
221,64001,131,2.97
221,65535,131,3.01
221,1,141,2.84
221,2001,141,3.54
221,4001,141,5.15
221,6001,141,6.21
221,8001,141,6.21
221,10001,141,6.23
221,12001,141,6.11
221,14001,141,5
221,16001,141,4.24
221,18001,141,3.71
221,20001,141,3.42
221,22001,141,3.1
221,24001,141,2.92
221,26001,141,2.86
221,28001,141,3
221,30001,141,3.2
221,32001,141,3.34
221,34001,141,3.83
221,36001,141,4.19
221,38001,141,5.26
221,40001,141,5.72
221,42001,141,5.79
221,44001,141,5.2
221,46001,141,4.51
221,48001,141,4.73
221,50001,141,5.19
221,52001,141,4.35
221,54001,141,3.79
221,56001,141,3.38
221,58001,141,3.03
221,60001,141,2.85
221,62001,141,2.77
221,64001,141,2.87
221,65535,141,2.91
221,1,151,2.73
221,2001,151,3.36
221,4001,151,4.82
221,6001,151,6.22
221,8001,151,6.21
221,10001,151,6.22
221,12001,151,6.07
221,14001,151,4.85
221,16001,151,4.12
221,18001,151,3.6
221,20001,151,3.34
221,22001,151,3.03
221,24001,151,2.86
221,26001,151,2.8
221,28001,151,2.91
221,30001,151,3.13
221,32001,151,3.23
221,34001,151,3.71
221,36001,151,3.98
221,38001,151,5
221,40001,151,5.51
221,42001,151,5.63
221,44001,151,4.82
221,46001,151,4.09
221,48001,151,4.42
221,50001,151,4.94
221,52001,151,4.23
221,54001,151,3.71
221,56001,151,3.29
221,58001,151,2.96
221,60001,151,2.78
221,62001,151,2.68
221,64001,151,2.77
221,65535,151,2.8
221,1,161,2.64
221,2001,161,3.21
221,4001,161,4.56
221,6001,161,6.22
221,8001,161,6.22
221,10001,161,6.21
221,12001,161,6.01
221,14001,161,4.73
221,16001,161,4.01
221,18001,161,3.52
221,20001,161,3.26
221,22001,161,2.97
221,24001,161,2.8
221,26001,161,2.74
221,28001,161,2.83
221,30001,161,3.05
221,32001,161,3.15
221,34001,161,3.56
221,36001,161,3.81
221,38001,161,4.69
221,40001,161,5.28
221,42001,161,5.49
221,44001,161,4.51
221,46001,161,3.75
221,48001,161,4.05
221,50001,161,4.65
221,52001,161,4.14
221,54001,161,3.61
221,56001,161,3.19
221,58001,161,2.9
221,60001,161,2.72
221,62001,161,2.6
221,64001,161,2.65
221,65535,161,2.7
221,1,171,2.55
221,2001,171,3.06
221,4001,171,4.29
221,6001,171,6.21
221,8001,171,6.23
221,10001,171,6.21
221,12001,171,5.93
221,14001,171,4.62
221,16001,171,3.9
221,18001,171,3.43
221,20001,171,3.16
221,22001,171,2.92
221,24001,171,2.74
221,26001,171,2.67
221,28001,171,2.74
221,30001,171,2.96
221,32001,171,3.06
221,34001,171,3.36
221,36001,171,3.63
221,38001,171,4.29
221,40001,171,4.99
221,42001,171,5.34
221,44001,171,4.2
221,46001,171,3.42
221,48001,171,3.58
221,50001,171,4.28
221,52001,171,4.05
221,54001,171,3.48
221,56001,171,3.08
221,58001,171,2.84
221,60001,171,2.65
221,62001,171,2.52
221,64001,171,2.5
221,65535,171,2.56
221,1,181,2.47
221,2001,181,2.92
221,4001,181,4.03
221,6001,181,6.2
221,8001,181,6.25
221,10001,181,6.2
221,12001,181,5.85
221,14001,181,4.5
221,16001,181,3.79
221,18001,181,3.34
221,20001,181,3.07
221,22001,181,2.86
221,24001,181,2.69
221,26001,181,2.6
221,28001,181,2.65
221,30001,181,2.86
221,32001,181,2.97
221,34001,181,3.16
221,36001,181,3.46
221,38001,181,3.89
221,40001,181,4.7
221,42001,181,5.2
221,44001,181,3.88
221,46001,181,3.08
221,48001,181,3.11
221,50001,181,3.92
221,52001,181,3.96
221,54001,181,3.35
221,56001,181,2.98
221,58001,181,2.78
221,60001,181,2.59
221,62001,181,2.44
221,64001,181,2.34
221,65535,181,2.43
221,1,191,2.42
221,2001,191,2.82
221,4001,191,3.83
221,6001,191,5.5
221,8001,191,5.62
221,10001,191,5.87
221,12001,191,5.46
221,14001,191,4.37
221,16001,191,3.68
221,18001,191,3.29
221,20001,191,3
221,22001,191,2.83
221,24001,191,2.66
221,26001,191,2.55
221,28001,191,2.63
221,30001,191,2.8
221,32001,191,2.92
221,34001,191,3.09
221,36001,191,3.39
221,38001,191,3.75
221,40001,191,4.48
221,42001,191,5.01
221,44001,191,3.67
221,46001,191,2.88
221,48001,191,2.94
221,50001,191,3.77
221,52001,191,3.86
221,54001,191,3.27
221,56001,191,2.91
221,58001,191,2.73
221,60001,191,2.53
221,62001,191,2.37
221,64001,191,2.31
221,65535,191,2.37
221,1,201,2.38
221,2001,201,2.73
221,4001,201,3.63
221,6001,201,4.8
221,8001,201,4.99
221,10001,201,5.54
221,12001,201,5.07
221,14001,201,4.24
221,16001,201,3.57
221,18001,201,3.24
221,20001,201,2.93
221,22001,201,2.79
221,24001,201,2.63
221,26001,201,2.5
221,28001,201,2.6
221,30001,201,2.74
221,32001,201,2.87
221,34001,201,3.02
221,36001,201,3.32
221,38001,201,3.61
221,40001,201,4.27
221,42001,201,4.82
221,44001,201,3.46
221,46001,201,2.69
221,48001,201,2.77
221,50001,201,3.61
221,52001,201,3.76
221,54001,201,3.19
221,56001,201,2.84
221,58001,201,2.69
221,60001,201,2.48
221,62001,201,2.31
221,64001,201,2.27
221,65535,201,2.32
221,1,211,2.34
221,2001,211,2.64
221,4001,211,3.43
221,6001,211,4.24
221,8001,211,4.48
221,10001,211,5.21
221,12001,211,4.76
221,14001,211,4.11
221,16001,211,3.48
221,18001,211,3.19
221,20001,211,2.88
221,22001,211,2.75
221,24001,211,2.61
221,26001,211,2.47
221,28001,211,2.58
221,30001,211,2.68
221,32001,211,2.81
221,34001,211,2.95
221,36001,211,3.25
221,38001,211,3.51
221,40001,211,4.1
221,42001,211,4.63
221,44001,211,3.28
221,46001,211,2.52
221,48001,211,2.63
221,50001,211,3.46
221,52001,211,3.68
221,54001,211,3.13
221,56001,211,2.78
221,58001,211,2.64
221,60001,211,2.43
221,62001,211,2.26
221,64001,211,2.23
221,65535,211,2.25
221,1,221,2.28
221,2001,221,2.53
221,4001,221,3.19
221,6001,221,3.78
221,8001,221,4.06
221,10001,221,4.81
221,12001,221,4.49
221,14001,221,3.95
221,16001,221,3.39
221,18001,221,3.12
221,20001,221,2.84
221,22001,221,2.71
221,24001,221,2.57
221,26001,221,2.45
221,28001,221,2.54
221,30001,221,2.62
221,32001,221,2.75
221,34001,221,2.87
221,36001,221,3.16
221,38001,221,3.42
221,40001,221,3.97
221,42001,221,4.4
221,44001,221,3.13
221,46001,221,2.38
221,48001,221,2.51
221,50001,221,3.27
221,52001,221,3.61
221,54001,221,3.07
221,56001,221,2.73
221,58001,221,2.58
221,60001,221,2.38
221,62001,221,2.23
221,64001,221,2.2
221,65535,221,2.2
221,1,231,2.21
221,2001,231,2.41
221,4001,231,2.89
221,6001,231,3.31
221,8001,231,3.64
221,10001,231,4.29
221,12001,231,4.23
221,14001,231,3.75
221,16001,231,3.31
221,18001,231,3.03
221,20001,231,2.81
221,22001,231,2.65
221,24001,231,2.53
221,26001,231,2.43
221,28001,231,2.49
221,30001,231,2.57
221,32001,231,2.67
221,34001,231,2.8
221,36001,231,3.05
221,38001,231,3.33
221,40001,231,3.84
221,42001,231,4.1
221,44001,231,2.98
221,46001,231,2.24
221,48001,231,2.4
221,50001,231,3.04
221,52001,231,3.54
221,54001,231,3.02
221,56001,231,2.68
221,58001,231,2.51
221,60001,231,2.34
221,62001,231,2.19
221,64001,231,2.16
221,65535,231,2.14
221,1,241,2.14
221,2001,241,2.28
221,4001,241,2.59
221,6001,241,2.85
221,8001,241,3.22
221,10001,241,3.77
221,12001,241,3.96
221,14001,241,3.54
221,16001,241,3.22
221,18001,241,2.95
221,20001,241,2.77
221,22001,241,2.6
221,24001,241,2.48
221,26001,241,2.41
221,28001,241,2.43
221,30001,241,2.51
221,32001,241,2.59
221,34001,241,2.73
221,36001,241,2.93
221,38001,241,3.24
221,40001,241,3.72
221,42001,241,3.8
221,44001,241,2.83
221,46001,241,2.1
221,48001,241,2.28
221,50001,241,2.8
221,52001,241,3.46
221,54001,241,2.96
221,56001,241,2.63
221,58001,241,2.45
221,60001,241,2.3
221,62001,241,2.16
221,64001,241,2.13
221,65535,241,2.08
221,1,251,2.06
221,2001,251,2.23
221,4001,251,2.49
221,6001,251,2.78
221,8001,251,3.14
221,10001,251,3.65
221,12001,251,3.91
221,14001,251,3.48
221,16001,251,3.16
221,18001,251,2.89
221,20001,251,2.76
221,22001,251,2.56
221,24001,251,2.42
221,26001,251,2.33
221,28001,251,2.39
221,30001,251,2.48
221,32001,251,2.59
221,34001,251,2.69
221,36001,251,2.87
221,38001,251,3.17
221,40001,251,3.63
221,42001,251,3.63
221,44001,251,2.76
221,46001,251,2.03
221,48001,251,2.17
221,50001,251,2.74
221,52001,251,3.48
221,54001,251,2.96
221,56001,251,2.62
221,58001,251,2.41
221,60001,251,2.31
221,62001,251,2.12
221,64001,251,2.1
221,65535,251,2.06
221,1,254,2.02
221,2001,254,2.21
221,4001,254,2.46
221,6001,254,2.77
221,8001,254,3.14
221,10001,254,3.63
221,12001,254,3.9
221,14001,254,3.45
221,16001,254,3.14
221,18001,254,2.87
221,20001,254,2.75
221,22001,254,2.54
221,24001,254,2.41
221,26001,254,2.3
221,28001,254,2.39
221,30001,254,2.47
221,32001,254,2.59
221,34001,254,2.69
221,36001,254,2.86
221,38001,254,3.14
221,40001,254,3.6
221,42001,254,3.57
221,44001,254,2.73
221,46001,254,2
221,48001,254,2.13
221,50001,254,2.74
221,52001,254,3.5
221,54001,254,2.97
221,56001,254,2.63
221,58001,254,2.4
221,60001,254,2.31
221,62001,254,2.11
221,64001,254,2.08
221,65535,254,2.05
231,1,1,6.44
231,2001,1,6.57
231,4001,1,6.58
231,6001,1,6.55
231,8001,1,6.6
231,10001,1,6.58
231,12001,1,6.61
231,14001,1,6.62
231,16001,1,6.65
231,18001,1,6.61
231,20001,1,6.56
231,22001,1,6.6
231,24001,1,6.56
231,26001,1,6.59
231,28001,1,6.65
231,30001,1,6.58
231,32001,1,6.6
231,34001,1,6.64
231,36001,1,6.65
231,38001,1,6.61
231,40001,1,6.63
231,42001,1,6.61
231,44001,1,6.63
231,46001,1,6.61
231,48001,1,6.63
231,50001,1,6.62
231,52001,1,6.67
231,54001,1,6.62
231,56001,1,6.62
231,58001,1,6.67
231,60001,1,6.67
231,62001,1,6.62
231,64001,1,6.64
231,65535,1,6.64
231,1,11,6.46
231,2001,11,6.59
231,4001,11,6.61
231,6001,11,6.59
231,8001,11,6.61
231,10001,11,6.59
231,12001,11,6.62
231,14001,11,6.64
231,16001,11,6.67
231,18001,11,6.48
231,20001,11,6.4
231,22001,11,6.27
231,24001,11,6.15
231,26001,11,6.15
231,28001,11,6.26
231,30001,11,6.39
231,32001,11,6.41
231,34001,11,6.62
231,36001,11,6.65
231,38001,11,6.62
231,40001,11,6.65
231,42001,11,6.62
231,44001,11,6.65
231,46001,11,6.62
231,48001,11,6.63
231,50001,11,6.63
231,52001,11,6.62
231,54001,11,6.55
231,56001,11,6.54
231,58001,11,6.62
231,60001,11,6.65
231,62001,11,6.62
231,64001,11,6.64
231,65535,11,6.64
231,1,21,6.48
231,2001,21,6.61
231,4001,21,6.64
231,6001,21,6.63
231,8001,21,6.63
231,10001,21,6.6
231,12001,21,6.63
231,14001,21,6.66
231,16001,21,6.69
231,18001,21,6.35
231,20001,21,6.24
231,22001,21,5.94
231,24001,21,5.75
231,26001,21,5.7
231,28001,21,5.87
231,30001,21,6.2
231,32001,21,6.22
231,34001,21,6.6
231,36001,21,6.64
231,38001,21,6.63
231,40001,21,6.66
231,42001,21,6.63
231,44001,21,6.67
231,46001,21,6.63
231,48001,21,6.62
231,50001,21,6.64
231,52001,21,6.57
231,54001,21,6.48
231,56001,21,6.47
231,58001,21,6.57
231,60001,21,6.62
231,62001,21,6.62
231,64001,21,6.64
231,65535,21,6.63
231,1,31,6.5
231,2001,31,6.62
231,4001,31,6.66
231,6001,31,6.66
231,8001,31,6.64
231,10001,31,6.62
231,12001,31,6.64
231,14001,31,6.68
231,16001,31,6.71
231,18001,31,6.22
231,20001,31,6.04
231,22001,31,5.61
231,24001,31,5.35
231,26001,31,5.26
231,28001,31,5.47
231,30001,31,5.94
231,32001,31,6.02
231,34001,31,6.57
231,36001,31,6.65
231,38001,31,6.63
231,40001,31,6.66
231,42001,31,6.64
231,44001,31,6.67
231,46001,31,6.64
231,48001,31,6.62
231,50001,31,6.64
231,52001,31,6.49
231,54001,31,6.37
231,56001,31,6.38
231,58001,31,6.51
231,60001,31,6.57
231,62001,31,6.59
231,64001,31,6.63
231,65535,31,6.64
231,1,41,6.54
231,2001,41,6.63
231,4001,41,6.69
231,6001,41,6.68
231,8001,41,6.66
231,10001,41,6.65
231,12001,41,6.65
231,14001,41,6.7
231,16001,41,6.72
231,18001,41,6.11
231,20001,41,5.8
231,22001,41,5.33
231,24001,41,5.02
231,26001,41,4.88
231,28001,41,5.14
231,30001,41,5.64
231,32001,41,5.85
231,34001,41,6.52
231,36001,41,6.66
231,38001,41,6.64
231,40001,41,6.65
231,42001,41,6.65
231,44001,41,6.66
231,46001,41,6.63
231,48001,41,6.62
231,50001,41,6.62
231,52001,41,6.41
231,54001,41,6.25
231,56001,41,6.28
231,58001,41,6.43
231,60001,41,6.51
231,62001,41,6.56
231,64001,41,6.63
231,65535,41,6.64
231,1,51,6.6
231,2001,51,6.63
231,4001,51,6.71
231,6001,51,6.71
231,8001,51,6.68
231,10001,51,6.68
231,12001,51,6.68
231,14001,51,6.73
231,16001,51,6.71
231,18001,51,6.03
231,20001,51,5.57
231,22001,51,5.12
231,24001,51,4.79
231,26001,51,4.61
231,28001,51,4.89
231,30001,51,5.34
231,32001,51,5.71
231,34001,51,6.47
231,36001,51,6.67
231,38001,51,6.65
231,40001,51,6.65
231,42001,51,6.67
231,44001,51,6.66
231,46001,51,6.63
231,48001,51,6.63
231,50001,51,6.61
231,52001,51,6.32
231,54001,51,6.13
231,56001,51,6.18
231,58001,51,6.35
231,60001,51,6.44
231,62001,51,6.52
231,64001,51,6.63
231,65535,51,6.65
231,1,61,6.66
231,2001,61,6.64
231,4001,61,6.73
231,6001,61,6.74
231,8001,61,6.69
231,10001,61,6.71
231,12001,61,6.71
231,14001,61,6.77
231,16001,61,6.7
231,18001,61,5.95
231,20001,61,5.34
231,22001,61,4.9
231,24001,61,4.55
231,26001,61,4.34
231,28001,61,4.65
231,30001,61,5.03
231,32001,61,5.58
231,34001,61,6.42
231,36001,61,6.69
231,38001,61,6.65
231,40001,61,6.64
231,42001,61,6.69
231,44001,61,6.65
231,46001,61,6.63
231,48001,61,6.63
231,50001,61,6.6
231,52001,61,6.24
231,54001,61,6
231,56001,61,6.08
231,58001,61,6.27
231,60001,61,6.38
231,62001,61,6.49
231,64001,61,6.63
231,65535,61,6.65
231,1,71,6.25
231,2001,71,6.18
231,4001,71,6.69
231,6001,71,6.74
231,8001,71,6.69
231,10001,71,6.72
231,12001,71,6.7
231,14001,71,6.64
231,16001,71,6.5
231,18001,71,5.63
231,20001,71,5.05
231,22001,71,4.66
231,24001,71,4.33
231,26001,71,4.13
231,28001,71,4.41
231,30001,71,4.76
231,32001,71,5.37
231,34001,71,6.03
231,36001,71,6.38
231,38001,71,6.59
231,40001,71,6.63
231,42001,71,6.68
231,44001,71,6.66
231,46001,71,6.53
231,48001,71,6.53
231,50001,71,6.5
231,52001,71,6.02
231,54001,71,5.67
231,56001,71,5.64
231,58001,71,5.74
231,60001,71,5.79
231,62001,71,6.07
231,64001,71,6.22
231,65535,71,6.25
231,1,81,5.84
231,2001,81,5.72
231,4001,81,6.64
231,6001,81,6.74
231,8001,81,6.69
231,10001,81,6.73
231,12001,81,6.7
231,14001,81,6.52
231,16001,81,6.29
231,18001,81,5.31
231,20001,81,4.77
231,22001,81,4.41
231,24001,81,4.11
231,26001,81,3.93
231,28001,81,4.17
231,30001,81,4.48
231,32001,81,5.17
231,34001,81,5.64
231,36001,81,6.07
231,38001,81,6.52
231,40001,81,6.63
231,42001,81,6.67
231,44001,81,6.66
231,46001,81,6.44
231,48001,81,6.42
231,50001,81,6.41
231,52001,81,5.8
231,54001,81,5.33
231,56001,81,5.21
231,58001,81,5.21
231,60001,81,5.2
231,62001,81,5.65
231,64001,81,5.81
231,65535,81,5.85
231,1,91,5.3
231,2001,91,5.27
231,4001,91,6.59
231,6001,91,6.75
231,8001,91,6.69
231,10001,91,6.74
231,12001,91,6.71
231,14001,91,6.37
231,16001,91,5.99
231,18001,91,5
231,20001,91,4.48
231,22001,91,4.16
231,24001,91,3.89
231,26001,91,3.72
231,28001,91,3.93
231,30001,91,4.2
231,32001,91,4.9
231,34001,91,5.26
231,36001,91,5.76
231,38001,91,6.46
231,40001,91,6.63
231,42001,91,6.66
231,44001,91,6.67
231,46001,91,6.34
231,48001,91,6.28
231,50001,91,6.31
231,52001,91,5.58
231,54001,91,5
231,56001,91,4.77
231,58001,91,4.68
231,60001,91,4.62
231,62001,91,5.11
231,64001,91,5.26
231,65535,91,5.31
231,1,101,4.68
231,2001,101,4.88
231,4001,101,6.56
231,6001,101,6.75
231,8001,101,6.7
231,10001,101,6.75
231,12001,101,6.72
231,14001,101,6.2
231,16001,101,5.63
231,18001,101,4.72
231,20001,101,4.24
231,22001,101,3.94
231,24001,101,3.69
231,26001,101,3.54
231,28001,101,3.73
231,30001,101,3.96
231,32001,101,4.57
231,34001,101,4.92
231,36001,101,5.5
231,38001,101,6.4
231,40001,101,6.63
231,42001,101,6.66
231,44001,101,6.68
231,46001,101,6.25
231,48001,101,6.12
231,50001,101,6.24
231,52001,101,5.39
231,54001,101,4.71
231,56001,101,4.4
231,58001,101,4.23
231,60001,101,4.11
231,62001,101,4.48
231,64001,101,4.61
231,65535,101,4.68
231,1,111,4.05
231,2001,111,4.59
231,4001,111,6.54
231,6001,111,6.75
231,8001,111,6.72
231,10001,111,6.76
231,12001,111,6.74
231,14001,111,6.03
231,16001,111,5.27
231,18001,111,4.51
231,20001,111,4.06
231,22001,111,3.77
231,24001,111,3.53
231,26001,111,3.39
231,28001,111,3.58
231,30001,111,3.79
231,32001,111,4.25
231,34001,111,4.67
231,36001,111,5.31
231,38001,111,6.34
231,40001,111,6.63
231,42001,111,6.66
231,44001,111,6.7
231,46001,111,6.17
231,48001,111,5.96
231,50001,111,6.2
231,52001,111,5.24
231,54001,111,4.5
231,56001,111,4.13
231,58001,111,3.88
231,60001,111,3.71
231,62001,111,3.85
231,64001,111,3.97
231,65535,111,4.05
231,1,121,3.42
231,2001,121,4.31
231,4001,121,6.53
231,6001,121,6.74
231,8001,121,6.74
231,10001,121,6.77
231,12001,121,6.75
231,14001,121,5.85
231,16001,121,4.91
231,18001,121,4.31
231,20001,121,3.89
231,22001,121,3.61
231,24001,121,3.38
231,26001,121,3.25
231,28001,121,3.43
231,30001,121,3.62
231,32001,121,3.93
231,34001,121,4.42
231,36001,121,5.13
231,38001,121,6.28
231,40001,121,6.64
231,42001,121,6.67
231,44001,121,6.71
231,46001,121,6.1
231,48001,121,5.8
231,50001,121,6.15
231,52001,121,5.09
231,54001,121,4.29
231,56001,121,3.86
231,58001,121,3.53
231,60001,121,3.32
231,62001,121,3.23
231,64001,121,3.33
231,65535,121,3.42
231,1,131,3.27
231,2001,131,4.09
231,4001,131,6.1
231,6001,131,6.75
231,8001,131,6.73
231,10001,131,6.77
231,12001,131,6.71
231,14001,131,5.67
231,16001,131,4.76
231,18001,131,4.18
231,20001,131,3.81
231,22001,131,3.5
231,24001,131,3.29
231,26001,131,3.19
231,28001,131,3.35
231,30001,131,3.55
231,32001,131,3.84
231,34001,131,4.3
231,36001,131,4.86
231,38001,131,5.88
231,40001,131,6.43
231,42001,131,6.53
231,44001,131,6.22
231,46001,131,5.55
231,48001,131,5.49
231,50001,131,5.91
231,52001,131,4.93
231,54001,131,4.2
231,56001,131,3.76
231,58001,131,3.43
231,60001,131,3.22
231,62001,131,3.12
231,64001,131,3.23
231,65535,131,3.24
231,1,141,3.12
231,2001,141,3.86
231,4001,141,5.67
231,6001,141,6.76
231,8001,141,6.73
231,10001,141,6.77
231,12001,141,6.67
231,14001,141,5.48
231,16001,141,4.61
231,18001,141,4.05
231,20001,141,3.73
231,22001,141,3.4
231,24001,141,3.21
231,26001,141,3.13
231,28001,141,3.26
231,30001,141,3.48
231,32001,141,3.76
231,34001,141,4.18
231,36001,141,4.6
231,38001,141,5.48
231,40001,141,6.23
231,42001,141,6.39
231,44001,141,5.73
231,46001,141,5
231,48001,141,5.18
231,50001,141,5.66
231,52001,141,4.76
231,54001,141,4.12
231,56001,141,3.67
231,58001,141,3.32
231,60001,141,3.12
231,62001,141,3.01
231,64001,141,3.13
231,65535,141,3.12
231,1,151,2.97
231,2001,151,3.64
231,4001,151,5.24
231,6001,151,6.76
231,8001,151,6.74
231,10001,151,6.77
231,12001,151,6.6
231,14001,151,5.29
231,16001,151,4.46
231,18001,151,3.92
231,20001,151,3.64
231,22001,151,3.3
231,24001,151,3.12
231,26001,151,3.07
231,28001,151,3.18
231,30001,151,3.4
231,32001,151,3.64
231,34001,151,4.01
231,36001,151,4.33
231,38001,151,5.08
231,40001,151,5.98
231,42001,151,6.22
231,44001,151,5.24
231,46001,151,4.46
231,48001,151,4.78
231,50001,151,5.34
231,52001,151,4.6
231,54001,151,4.01
231,56001,151,3.56
231,58001,151,3.21
231,60001,151,3.02
231,62001,151,2.9
231,64001,151,2.99
231,65535,151,3.01
231,1,161,2.85
231,2001,161,3.45
231,4001,161,4.88
231,6001,161,6.75
231,8001,161,6.76
231,10001,161,6.77
231,12001,161,6.52
231,14001,161,5.13
231,16001,161,4.33
231,18001,161,3.81
231,20001,161,3.54
231,22001,161,3.22
231,24001,161,3.05
231,26001,161,3
231,28001,161,3.09
231,30001,161,3.3
231,32001,161,3.51
231,34001,161,3.81
231,36001,161,4.1
231,38001,161,4.73
231,40001,161,5.69
231,42001,161,6.03
231,44001,161,4.82
231,46001,161,3.99
231,48001,161,4.31
231,50001,161,4.98
231,52001,161,4.47
231,54001,161,3.88
231,56001,161,3.46
231,58001,161,3.12
231,60001,161,2.93
231,62001,161,2.8
231,64001,161,2.84
231,65535,161,2.91
231,1,171,2.76
231,2001,171,3.3
231,4001,171,4.62
231,6001,171,6.74
231,8001,171,6.78
231,10001,171,6.76
231,12001,171,6.44
231,14001,171,5.01
231,16001,171,4.22
231,18001,171,3.72
231,20001,171,3.45
231,22001,171,3.16
231,24001,171,2.99
231,26001,171,2.93
231,28001,171,3
231,30001,171,3.2
231,32001,171,3.37
231,34001,171,3.61
231,36001,171,3.93
231,38001,171,4.48
231,40001,171,5.4
231,42001,171,5.84
231,44001,171,4.51
231,46001,171,3.66
231,48001,171,3.84
231,50001,171,4.61
231,52001,171,4.37
231,54001,171,3.76
231,56001,171,3.35
231,58001,171,3.07
231,60001,171,2.87
231,62001,171,2.72
231,64001,171,2.68
231,65535,171,2.77
231,1,181,2.67
231,2001,181,3.15
231,4001,181,4.35
231,6001,181,6.74
231,8001,181,6.8
231,10001,181,6.75
231,12001,181,6.35
231,14001,181,4.89
231,16001,181,4.11
231,18001,181,3.64
231,20001,181,3.35
231,22001,181,3.11
231,24001,181,2.93
231,26001,181,2.87
231,28001,181,2.91
231,30001,181,3.1
231,32001,181,3.24
231,34001,181,3.41
231,36001,181,3.76
231,38001,181,4.22
231,40001,181,5.12
231,42001,181,5.66
231,44001,181,4.2
231,46001,181,3.32
231,48001,181,3.38
231,50001,181,4.25
231,52001,181,4.28
231,54001,181,3.63
231,56001,181,3.24
231,58001,181,3.01
231,60001,181,2.81
231,62001,181,2.64
231,64001,181,2.53
231,65535,181,2.64
231,1,191,2.63
231,2001,191,3.06
231,4001,191,4.15
231,6001,191,6.03
231,8001,191,6.17
231,10001,191,6.42
231,12001,191,5.96
231,14001,191,4.76
231,16001,191,4
231,18001,191,3.59
231,20001,191,3.29
231,22001,191,3.07
231,24001,191,2.91
231,26001,191,2.81
231,28001,191,2.89
231,30001,191,3.04
231,32001,191,3.16
231,34001,191,3.34
231,36001,191,3.69
231,38001,191,4.09
231,40001,191,4.9
231,42001,191,5.47
231,44001,191,3.98
231,46001,191,3.12
231,48001,191,3.21
231,50001,191,4.1
231,52001,191,4.19
231,54001,191,3.55
231,56001,191,3.17
231,58001,191,2.96
231,60001,191,2.75
231,62001,191,2.58
231,64001,191,2.49
231,65535,191,2.58
231,1,201,2.59
231,2001,201,2.97
231,4001,201,3.95
231,6001,201,5.33
231,8001,201,5.53
231,10001,201,6.1
231,12001,201,5.58
231,14001,201,4.63
231,16001,201,3.9
231,18001,201,3.53
231,20001,201,3.22
231,22001,201,3.03
231,24001,201,2.88
231,26001,201,2.76
231,28001,201,2.86
231,30001,201,2.98
231,32001,201,3.08
231,34001,201,3.27
231,36001,201,3.61
231,38001,201,3.95
231,40001,201,4.68
231,42001,201,5.28
231,44001,201,3.77
231,46001,201,2.93
231,48001,201,3.03
231,50001,201,3.94
231,52001,201,4.09
231,54001,201,3.47
231,56001,201,3.1
231,58001,201,2.91
231,60001,201,2.69
231,62001,201,2.51
231,64001,201,2.45
231,65535,201,2.53
231,1,211,2.53
231,2001,211,2.86
231,4001,211,3.69
231,6001,211,4.63
231,8001,211,4.9
231,10001,211,5.65
231,12001,211,5.19
231,14001,211,4.46
231,16001,211,3.79
231,18001,211,3.46
231,20001,211,3.15
231,22001,211,2.99
231,24001,211,2.84
231,26001,211,2.71
231,28001,211,2.82
231,30001,211,2.92
231,32001,211,3
231,34001,211,3.2
231,36001,211,3.52
231,38001,211,3.81
231,40001,211,4.46
231,42001,211,5.02
231,44001,211,3.56
231,46001,211,2.73
231,48001,211,2.86
231,50001,211,3.74
231,52001,211,3.99
231,54001,211,3.39
231,56001,211,3.03
231,58001,211,2.85
231,60001,211,2.63
231,62001,211,2.45
231,64001,211,2.42
231,65535,211,2.45
231,1,221,2.46
231,2001,221,2.73
231,4001,221,3.39
231,6001,221,4.02
231,8001,221,4.36
231,10001,221,5.13
231,12001,221,4.85
231,14001,221,4.25
231,16001,221,3.69
231,18001,221,3.38
231,20001,221,3.09
231,22001,221,2.93
231,24001,221,2.8
231,26001,221,2.67
231,28001,221,2.77
231,30001,221,2.86
231,32001,221,2.93
231,34001,221,3.13
231,36001,221,3.4
231,38001,221,3.69
231,40001,221,4.28
231,42001,221,4.72
231,44001,221,3.37
231,46001,221,2.56
231,48001,221,2.71
231,50001,221,3.5
231,52001,221,3.9
231,54001,221,3.32
231,56001,221,2.97
231,58001,221,2.79
231,60001,221,2.58
231,62001,221,2.4
231,64001,221,2.38
231,65535,221,2.38
231,1,231,2.38
231,2001,231,2.61
231,4001,231,3.1
231,6001,231,3.56
231,8001,231,3.94
231,10001,231,4.62
231,12001,231,4.58
231,14001,231,4.05
231,16001,231,3.6
231,18001,231,3.29
231,20001,231,3.06
231,22001,231,2.88
231,24001,231,2.75
231,26001,231,2.65
231,28001,231,2.71
231,30001,231,2.81
231,32001,231,2.87
231,34001,231,3.06
231,36001,231,3.29
231,38001,231,3.61
231,40001,231,4.15
231,42001,231,4.43
231,44001,231,3.22
231,46001,231,2.41
231,48001,231,2.6
231,50001,231,3.27
231,52001,231,3.83
231,54001,231,3.26
231,56001,231,2.92
231,58001,231,2.72
231,60001,231,2.54
231,62001,231,2.36
231,64001,231,2.35
231,65535,231,2.33
231,1,241,2.31
231,2001,241,2.49
231,4001,241,2.8
231,6001,241,3.09
231,8001,241,3.52
231,10001,241,4.1
231,12001,241,4.32
231,14001,241,3.85
231,16001,241,3.52
231,18001,241,3.2
231,20001,241,3.02
231,22001,241,2.82
231,24001,241,2.71
231,26001,241,2.64
231,28001,241,2.66
231,30001,241,2.75
231,32001,241,2.82
231,34001,241,2.98
231,36001,241,3.18
231,38001,241,3.52
231,40001,241,4.02
231,42001,241,4.13
231,44001,241,3.07
231,46001,241,2.27
231,48001,241,2.48
231,50001,241,3.03
231,52001,241,3.76
231,54001,241,3.21
231,56001,241,2.88
231,58001,241,2.65
231,60001,241,2.49
231,62001,241,2.33
231,64001,241,2.31
231,65535,241,2.27
231,1,251,2.25
231,2001,251,2.43
231,4001,251,2.71
231,6001,251,3.03
231,8001,251,3.39
231,10001,251,3.95
231,12001,251,4.24
231,14001,251,3.77
231,16001,251,3.46
231,18001,251,3.14
231,20001,251,3
231,22001,251,2.78
231,24001,251,2.65
231,26001,251,2.55
231,28001,251,2.62
231,30001,251,2.71
231,32001,251,2.82
231,34001,251,2.94
231,36001,251,3.12
231,38001,251,3.44
231,40001,251,3.94
231,42001,251,3.95
231,44001,251,2.99
231,46001,251,2.2
231,48001,251,2.36
231,50001,251,2.96
231,52001,251,3.77
231,54001,251,3.21
231,56001,251,2.85
231,58001,251,2.62
231,60001,251,2.5
231,62001,251,2.3
231,64001,251,2.27
231,65535,251,2.24
231,1,254,2.22
231,2001,254,2.42
231,4001,254,2.67
231,6001,254,3.01
231,8001,254,3.39
231,10001,254,3.93
231,12001,254,4.24
231,14001,254,3.74
231,16001,254,3.44
231,18001,254,3.12
231,20001,254,2.99
231,22001,254,2.77
231,24001,254,2.63
231,26001,254,2.52
231,28001,254,2.62
231,30001,254,2.71
231,32001,254,2.82
231,34001,254,2.94
231,36001,254,3.1
231,38001,254,3.42
231,40001,254,3.91
231,42001,254,3.89
231,44001,254,2.96
231,46001,254,2.17
231,48001,254,2.32
231,50001,254,2.95
231,52001,254,3.78
231,54001,254,3.21
231,56001,254,2.85
231,58001,254,2.6
231,60001,254,2.49
231,62001,254,2.3
231,64001,254,2.26
231,65535,254,2.23
241,1,1,7.03
241,2001,1,7.12
241,4001,1,7.14
241,6001,1,7.11
241,8001,1,7.15
241,10001,1,7.1
241,12001,1,7.17
241,14001,1,7.18
241,16001,1,7.17
241,18001,1,7.15
241,20001,1,7.08
241,22001,1,7.14
241,24001,1,7.12
241,26001,1,7.14
241,28001,1,7.2
241,30001,1,7.13
241,32001,1,7.13
241,34001,1,7.19
241,36001,1,7.19
241,38001,1,7.13
241,40001,1,7.19
241,42001,1,7.16
241,44001,1,7.18
241,46001,1,7.14
241,48001,1,7.17
241,50001,1,7.18
241,52001,1,7.2
241,54001,1,7.16
241,56001,1,7.13
241,58001,1,7.21
241,60001,1,7.22
241,62001,1,7.16
241,64001,1,7.18
241,65535,1,7.18
241,1,11,7.05
241,2001,11,7.14
241,4001,11,7.17
241,6001,11,7.14
241,8001,11,7.16
241,10001,11,7.11
241,12001,11,7.17
241,14001,11,7.19
241,16001,11,7.19
241,18001,11,7.02
241,20001,11,6.93
241,22001,11,6.81
241,24001,11,6.72
241,26001,11,6.7
241,28001,11,6.81
241,30001,11,6.94
241,32001,11,6.94
241,34001,11,7.17
241,36001,11,7.19
241,38001,11,7.14
241,40001,11,7.2
241,42001,11,7.16
241,44001,11,7.19
241,46001,11,7.15
241,48001,11,7.17
241,50001,11,7.19
241,52001,11,7.15
241,54001,11,7.09
241,56001,11,7.06
241,58001,11,7.16
241,60001,11,7.2
241,62001,11,7.15
241,64001,11,7.17
241,65535,11,7.18
241,1,21,7.07
241,2001,21,7.15
241,4001,21,7.2
241,6001,21,7.17
241,8001,21,7.18
241,10001,21,7.13
241,12001,21,7.18
241,14001,21,7.21
241,16001,21,7.21
241,18001,21,6.89
241,20001,21,6.71
241,22001,21,6.48
241,24001,21,6.31
241,26001,21,6.25
241,28001,21,6.42
241,30001,21,6.66
241,32001,21,6.75
241,34001,21,7.13
241,36001,21,7.2
241,38001,21,7.15
241,40001,21,7.2
241,42001,21,7.17
241,44001,21,7.19
241,46001,21,7.15
241,48001,21,7.16
241,50001,21,7.18
241,52001,21,7.07
241,54001,21,6.98
241,56001,21,6.97
241,58001,21,7.09
241,60001,21,7.14
241,62001,21,7.12
241,64001,21,7.17
241,65535,21,7.17
241,1,31,7.1
241,2001,31,7.15
241,4001,31,7.22
241,6001,31,7.2
241,8001,31,7.19
241,10001,31,7.16
241,12001,31,7.19
241,14001,31,7.23
241,16001,31,7.23
241,18001,31,6.76
241,20001,31,6.47
241,22001,31,6.15
241,24001,31,5.91
241,26001,31,5.81
241,28001,31,6.02
241,30001,31,6.35
241,32001,31,6.55
241,34001,31,7.08
241,36001,31,7.21
241,38001,31,7.15
241,40001,31,7.19
241,42001,31,7.18
241,44001,31,7.19
241,46001,31,7.15
241,48001,31,7.16
241,50001,31,7.17
241,52001,31,6.98
241,54001,31,6.85
241,56001,31,6.87
241,58001,31,7.01
241,60001,31,7.08
241,62001,31,7.09
241,64001,31,7.17
241,65535,31,7.18
241,1,41,7.12
241,2001,41,7.16
241,4001,41,7.25
241,6001,41,7.22
241,8001,41,7.21
241,10001,41,7.19
241,12001,41,7.2
241,14001,41,7.25
241,16001,41,7.25
241,18001,41,6.63
241,20001,41,6.24
241,22001,41,5.82
241,24001,41,5.51
241,26001,41,5.36
241,28001,41,5.63
241,30001,41,6.05
241,32001,41,6.36
241,34001,41,7.03
241,36001,41,7.22
241,38001,41,7.16
241,40001,41,7.18
241,42001,41,7.19
241,44001,41,7.18
241,46001,41,7.14
241,48001,41,7.15
241,50001,41,7.15
241,52001,41,6.9
241,54001,41,6.73
241,56001,41,6.77
241,58001,41,6.93
241,60001,41,7.01
241,62001,41,7.05
241,64001,41,7.16
241,65535,41,7.18
241,1,51,7.15
241,2001,51,7.16
241,4001,51,7.27
241,6001,51,7.25
241,8001,51,7.22
241,10001,51,7.22
241,12001,51,7.21
241,14001,51,7.27
241,16001,51,7.27
241,18001,51,6.51
241,20001,51,6.01
241,22001,51,5.51
241,24001,51,5.14
241,26001,51,4.95
241,28001,51,5.26
241,30001,51,5.75
241,32001,51,6.18
241,34001,51,6.98
241,36001,51,7.24
241,38001,51,7.17
241,40001,51,7.17
241,42001,51,7.2
241,44001,51,7.18
241,46001,51,7.14
241,48001,51,7.15
241,50001,51,7.14
241,52001,51,6.82
241,54001,51,6.61
241,56001,51,6.67
241,58001,51,6.85
241,60001,51,6.94
241,62001,51,7.02
241,64001,51,7.16
241,65535,51,7.19
241,1,61,7.2
241,2001,61,7.17
241,4001,61,7.29
241,6001,61,7.28
241,8001,61,7.24
241,10001,61,7.25
241,12001,61,7.24
241,14001,61,7.3
241,16001,61,7.26
241,18001,61,6.43
241,20001,61,5.77
241,22001,61,5.3
241,24001,61,4.91
241,26001,61,4.68
241,28001,61,5.02
241,30001,61,5.44
241,32001,61,6.04
241,34001,61,6.93
241,36001,61,7.25
241,38001,61,7.17
241,40001,61,7.16
241,42001,61,7.22
241,44001,61,7.17
241,46001,61,7.14
241,48001,61,7.16
241,50001,61,7.13
241,52001,61,6.73
241,54001,61,6.48
241,56001,61,6.57
241,58001,61,6.78
241,60001,61,6.88
241,62001,61,6.98
241,64001,61,7.16
241,65535,61,7.19
241,1,71,6.8
241,2001,71,6.71
241,4001,71,7.25
241,6001,71,7.28
241,8001,71,7.24
241,10001,71,7.26
241,12001,71,7.23
241,14001,71,7.18
241,16001,71,7.06
241,18001,71,6.11
241,20001,71,5.49
241,22001,71,5.05
241,24001,71,4.69
241,26001,71,4.47
241,28001,71,4.78
241,30001,71,5.16
241,32001,71,5.83
241,34001,71,6.54
241,36001,71,6.94
241,38001,71,7.11
241,40001,71,7.16
241,42001,71,7.21
241,44001,71,7.18
241,46001,71,7.04
241,48001,71,7.05
241,50001,71,7.03
241,52001,71,6.51
241,54001,71,6.15
241,56001,71,6.13
241,58001,71,6.25
241,60001,71,6.29
241,62001,71,6.57
241,64001,71,6.75
241,65535,71,6.79
241,1,81,6.21
241,2001,81,6.25
241,4001,81,7.2
241,6001,81,7.28
241,8001,81,7.24
241,10001,81,7.27
241,12001,81,7.25
241,14001,81,7.02
241,16001,81,6.73
241,18001,81,5.79
241,20001,81,5.2
241,22001,81,4.81
241,24001,81,4.47
241,26001,81,4.27
241,28001,81,4.54
241,30001,81,4.89
241,32001,81,5.54
241,34001,81,6.15
241,36001,81,6.63
241,38001,81,7.04
241,40001,81,7.16
241,42001,81,7.2
241,44001,81,7.19
241,46001,81,6.95
241,48001,81,6.9
241,50001,81,6.94
241,52001,81,6.29
241,54001,81,5.81
241,56001,81,5.69
241,58001,81,5.72
241,60001,81,5.7
241,62001,81,5.98
241,64001,81,6.15
241,65535,81,6.21
241,1,91,5.58
241,2001,91,5.8
241,4001,91,7.15
241,6001,91,7.29
241,8001,91,7.24
241,10001,91,7.28
241,12001,91,7.26
241,14001,91,6.85
241,16001,91,6.36
241,18001,91,5.48
241,20001,91,4.92
241,22001,91,4.56
241,24001,91,4.25
241,26001,91,4.06
241,28001,91,4.3
241,30001,91,4.61
241,32001,91,5.22
241,34001,91,5.77
241,36001,91,6.32
241,38001,91,6.98
241,40001,91,7.15
241,42001,91,7.19
241,44001,91,7.2
241,46001,91,6.85
241,48001,91,6.74
241,50001,91,6.84
241,52001,91,6.08
241,54001,91,5.48
241,56001,91,5.25
241,58001,91,5.19
241,60001,91,5.12
241,62001,91,5.35
241,64001,91,5.51
241,65535,91,5.58
241,1,101,4.96
241,2001,101,5.34
241,4001,101,7.11
241,6001,101,7.29
241,8001,101,7.24
241,10001,101,7.29
241,12001,101,7.28
241,14001,101,6.68
241,16001,101,6
241,18001,101,5.16
241,20001,101,4.63
241,22001,101,4.31
241,24001,101,4.03
241,26001,101,3.86
241,28001,101,4.06
241,30001,101,4.33
241,32001,101,4.89
241,34001,101,5.38
241,36001,101,6.01
241,38001,101,6.91
241,40001,101,7.15
241,42001,101,7.18
241,44001,101,7.21
241,46001,101,6.76
241,48001,101,6.58
241,50001,101,6.75
241,52001,101,5.86
241,54001,101,5.14
241,56001,101,4.81
241,58001,101,4.66
241,60001,101,4.53
241,62001,101,4.72
241,64001,101,4.86
241,65535,101,4.95
241,1,111,4.33
241,2001,111,4.92
241,4001,111,7.06
241,6001,111,7.29
241,8001,111,7.24
241,10001,111,7.3
241,12001,111,7.29
241,14001,111,6.5
241,16001,111,5.64
241,18001,111,4.86
241,20001,111,4.37
241,22001,111,4.08
241,24001,111,3.82
241,26001,111,3.66
241,28001,111,3.84
241,30001,111,4.07
241,32001,111,4.57
241,34001,111,5.02
241,36001,111,5.72
241,38001,111,6.85
241,40001,111,7.15
241,42001,111,7.18
241,44001,111,7.22
241,46001,111,6.67
241,48001,111,6.42
241,50001,111,6.66
241,52001,111,5.65
241,54001,111,4.83
241,56001,111,4.41
241,58001,111,4.16
241,60001,111,3.98
241,62001,111,4.1
241,64001,111,4.22
241,65535,111,4.32
241,1,121,3.7
241,2001,121,4.63
241,4001,121,7.05
241,6001,121,7.29
241,8001,121,7.26
241,10001,121,7.32
241,12001,121,7.31
241,14001,121,6.33
241,16001,121,5.28
241,18001,121,4.65
241,20001,121,4.19
241,22001,121,3.91
241,24001,121,3.66
241,26001,121,3.52
241,28001,121,3.7
241,30001,121,3.9
241,32001,121,4.25
241,34001,121,4.77
241,36001,121,5.54
241,38001,121,6.79
241,40001,121,7.15
241,42001,121,7.18
241,44001,121,7.23
241,46001,121,6.59
241,48001,121,6.25
241,50001,121,6.62
241,52001,121,5.5
241,54001,121,4.62
241,56001,121,4.14
241,58001,121,3.82
241,60001,121,3.59
241,62001,121,3.47
241,64001,121,3.58
241,65535,121,3.68
241,1,131,3.55
241,2001,131,4.41
241,4001,131,6.62
241,6001,131,7.3
241,8001,131,7.26
241,10001,131,7.32
241,12001,131,7.26
241,14001,131,6.14
241,16001,131,5.13
241,18001,131,4.53
241,20001,131,4.11
241,22001,131,3.81
241,24001,131,3.57
241,26001,131,3.46
241,28001,131,3.61
241,30001,131,3.83
241,32001,131,4.16
241,34001,131,4.65
241,36001,131,5.27
241,38001,131,6.39
241,40001,131,6.95
241,42001,131,7.04
241,44001,131,6.74
241,46001,131,6.04
241,48001,131,5.95
241,50001,131,6.37
241,52001,131,5.34
241,54001,131,4.54
241,56001,131,4.04
241,58001,131,3.71
241,60001,131,3.48
241,62001,131,3.36
241,64001,131,3.48
241,65535,131,3.51
241,1,141,3.4
241,2001,141,4.19
241,4001,141,6.19
241,6001,141,7.29
241,8001,141,7.27
241,10001,141,7.32
241,12001,141,7.19
241,14001,141,5.96
241,16001,141,4.98
241,18001,141,4.4
241,20001,141,4.02
241,22001,141,3.7
241,24001,141,3.49
241,26001,141,3.39
241,28001,141,3.52
241,30001,141,3.74
241,32001,141,4.04
241,34001,141,4.47
241,36001,141,5.01
241,38001,141,5.99
241,40001,141,6.68
241,42001,141,6.86
241,44001,141,6.25
241,46001,141,5.49
241,48001,141,5.51
241,50001,141,6.03
241,52001,141,5.17
241,54001,141,4.42
241,56001,141,3.94
241,58001,141,3.6
241,60001,141,3.38
241,62001,141,3.25
241,64001,141,3.33
241,65535,141,3.36
241,1,151,3.26
241,2001,151,3.97
241,4001,151,5.76
241,6001,151,7.29
241,8001,151,7.29
241,10001,151,7.32
241,12001,151,7.11
241,14001,151,5.77
241,16001,151,4.84
241,18001,151,4.27
241,20001,151,3.93
241,22001,151,3.6
241,24001,151,3.4
241,26001,151,3.33
241,28001,151,3.43
241,30001,151,3.64
241,32001,151,3.9
241,34001,151,4.27
241,36001,151,4.74
241,38001,151,5.58
241,40001,151,6.39
241,42001,151,6.67
241,44001,151,5.76
241,46001,151,4.95
241,48001,151,5.04
241,50001,151,5.67
241,52001,151,5.01
241,54001,151,4.29
241,56001,151,3.83
241,58001,151,3.5
241,60001,151,3.28
241,62001,151,3.14
241,64001,151,3.18
241,65535,151,3.22
241,1,161,3.11
241,2001,161,3.75
241,4001,161,5.34
241,6001,161,7.28
241,8001,161,7.31
241,10001,161,7.32
241,12001,161,7.02
241,14001,161,5.58
241,16001,161,4.69
241,18001,161,4.14
241,20001,161,3.83
241,22001,161,3.5
241,24001,161,3.32
241,26001,161,3.26
241,28001,161,3.35
241,30001,161,3.54
241,32001,161,3.77
241,34001,161,4.07
241,36001,161,4.47
241,38001,161,5.18
241,40001,161,6.11
241,42001,161,6.49
241,44001,161,5.27
241,46001,161,4.4
241,48001,161,4.58
241,50001,161,5.31
241,52001,161,4.85
241,54001,161,4.16
241,56001,161,3.73
241,58001,161,3.39
241,60001,161,3.18
241,62001,161,3.03
241,64001,161,3.02
241,65535,161,3.12
241,1,171,2.97
241,2001,171,3.54
241,4001,171,4.94
241,6001,171,7.27
241,8001,171,7.33
241,10001,171,7.31
241,12001,171,6.94
241,14001,171,5.4
241,16001,171,4.55
241,18001,171,4.02
241,20001,171,3.74
241,22001,171,3.41
241,24001,171,3.24
241,26001,171,3.19
241,28001,171,3.26
241,30001,171,3.44
241,32001,171,3.63
241,34001,171,3.87
241,36001,171,4.23
241,38001,171,4.81
241,40001,171,5.82
241,42001,171,6.3
241,44001,171,4.82
241,46001,171,3.9
241,48001,171,4.11
241,50001,171,4.94
241,52001,171,4.7
241,54001,171,4.03
241,56001,171,3.62
241,58001,171,3.29
241,60001,171,3.09
241,62001,171,2.93
241,64001,171,2.87
241,65535,171,2.98
241,1,181,2.88
241,2001,181,3.39
241,4001,181,4.68
241,6001,181,7.27
241,8001,181,7.34
241,10001,181,7.31
241,12001,181,6.86
241,14001,181,5.29
241,16001,181,4.44
241,18001,181,3.93
241,20001,181,3.64
241,22001,181,3.35
241,24001,181,3.18
241,26001,181,3.13
241,28001,181,3.17
241,30001,181,3.35
241,32001,181,3.5
241,34001,181,3.67
241,36001,181,4.05
241,38001,181,4.56
241,40001,181,5.53
241,42001,181,6.11
241,44001,181,4.51
241,46001,181,3.56
241,48001,181,3.64
241,50001,181,4.58
241,52001,181,4.61
241,54001,181,3.9
241,56001,181,3.51
241,58001,181,3.23
241,60001,181,3.02
241,62001,181,2.85
241,64001,181,2.71
241,65535,181,2.83
241,1,191,2.84
241,2001,191,3.3
241,4001,191,4.48
241,6001,191,6.57
241,8001,191,6.71
241,10001,191,6.98
241,12001,191,6.47
241,14001,191,5.16
241,16001,191,4.33
241,18001,191,3.88
241,20001,191,3.57
241,22001,191,3.32
241,24001,191,3.16
241,26001,191,3.08
241,28001,191,3.15
241,30001,191,3.29
241,32001,191,3.42
241,34001,191,3.6
241,36001,191,3.98
241,38001,191,4.42
241,40001,191,5.32
241,42001,191,5.92
241,44001,191,4.3
241,46001,191,3.36
241,48001,191,3.47
241,50001,191,4.43
241,52001,191,4.51
241,54001,191,3.82
241,56001,191,3.44
241,58001,191,3.19
241,60001,191,2.97
241,62001,191,2.79
241,64001,191,2.68
241,65535,191,2.79
241,1,201,2.77
241,2001,201,3.18
241,4001,201,4.2
241,6001,201,5.86
241,8001,201,6.08
241,10001,201,6.5
241,12001,201,6.08
241,14001,201,4.97
241,16001,201,4.22
241,18001,201,3.8
241,20001,201,3.51
241,22001,201,3.27
241,24001,201,3.11
241,26001,201,3.02
241,28001,201,3.1
241,30001,201,3.23
241,32001,201,3.34
241,34001,201,3.53
241,36001,201,3.88
241,38001,201,4.28
241,40001,201,5.1
241,42001,201,5.65
241,44001,201,4.08
241,46001,201,3.17
241,48001,201,3.3
241,50001,201,4.21
241,52001,201,4.41
241,54001,201,3.74
241,56001,201,3.37
241,58001,201,3.12
241,60001,201,2.91
241,62001,201,2.72
241,64001,201,2.64
241,65535,201,2.74
241,1,211,2.7
241,2001,211,3.06
241,4001,211,3.9
241,6001,211,5.16
241,8001,211,5.45
241,10001,211,5.98
241,12001,211,5.69
241,14001,211,4.76
241,16001,211,4.11
241,18001,211,3.72
241,20001,211,3.44
241,22001,211,3.21
241,24001,211,3.07
241,26001,211,2.97
241,28001,211,3.04
241,30001,211,3.17
241,32001,211,3.26
241,34001,211,3.46
241,36001,211,3.76
241,38001,211,4.15
241,40001,211,4.88
241,42001,211,5.35
241,44001,211,3.87
241,46001,211,2.97
241,48001,211,3.13
241,50001,211,3.97
241,52001,211,4.32
241,54001,211,3.66
241,56001,211,3.3
241,58001,211,3.06
241,60001,211,2.85
241,62001,211,2.66
241,64001,211,2.6
241,65535,211,2.66
241,1,221,2.63
241,2001,221,2.93
241,4001,221,3.6
241,6001,221,4.46
241,8001,221,4.82
241,10001,221,5.46
241,12001,221,5.3
241,14001,221,4.56
241,16001,221,4
241,18001,221,3.63
241,20001,221,3.37
241,22001,221,3.16
241,24001,221,3.02
241,26001,221,2.92
241,28001,221,2.99
241,30001,221,3.11
241,32001,221,3.18
241,34001,221,3.39
241,36001,221,3.65
241,38001,221,4.01
241,40001,221,4.66
241,42001,221,5.05
241,44001,221,3.66
241,46001,221,2.77
241,48001,221,2.96
241,50001,221,3.73
241,52001,221,4.22
241,54001,221,3.58
241,56001,221,3.23
241,58001,221,2.99
241,60001,221,2.79
241,62001,221,2.59
241,64001,221,2.57
241,65535,221,2.58
241,1,231,2.56
241,2001,231,2.81
241,4001,231,3.3
241,6001,231,3.81
241,8001,231,4.23
241,10001,231,4.94
241,12001,231,4.94
241,14001,231,4.36
241,16001,231,3.9
241,18001,231,3.54
241,20001,231,3.31
241,22001,231,3.1
241,24001,231,2.98
241,26001,231,2.88
241,28001,231,2.93
241,30001,231,3.05
241,32001,231,3.1
241,34001,231,3.32
241,36001,231,3.54
241,38001,231,3.88
241,40001,231,4.46
241,42001,231,4.75
241,44001,231,3.46
241,46001,231,2.59
241,48001,231,2.8
241,50001,231,3.5
241,52001,231,4.13
241,54001,231,3.51
241,56001,231,3.17
241,58001,231,2.92
241,60001,231,2.74
241,62001,231,2.53
241,64001,231,2.53
241,65535,231,2.51
241,1,241,2.49
241,2001,241,2.69
241,4001,241,3
241,6001,241,3.34
241,8001,241,3.81
241,10001,241,4.42
241,12001,241,4.67
241,14001,241,4.15
241,16001,241,3.81
241,18001,241,3.46
241,20001,241,3.27
241,22001,241,3.05
241,24001,241,2.93
241,26001,241,2.86
241,28001,241,2.88
241,30001,241,2.99
241,32001,241,3.05
241,34001,241,3.24
241,36001,241,3.42
241,38001,241,3.79
241,40001,241,4.33
241,42001,241,4.45
241,44001,241,3.31
241,46001,241,2.45
241,48001,241,2.68
241,50001,241,3.26
241,52001,241,4.05
241,54001,241,3.45
241,56001,241,3.12
241,58001,241,2.86
241,60001,241,2.69
241,62001,241,2.5
241,64001,241,2.5
241,65535,241,2.45
241,1,251,2.44
241,2001,251,2.63
241,4001,251,2.93
241,6001,251,3.27
241,8001,251,3.64
241,10001,251,4.25
241,12001,251,4.58
241,14001,251,4.06
241,16001,251,3.76
241,18001,251,3.39
241,20001,251,3.25
241,22001,251,3
241,24001,251,2.87
241,26001,251,2.77
241,28001,251,2.85
241,30001,251,2.94
241,32001,251,3.04
241,34001,251,3.18
241,36001,251,3.37
241,38001,251,3.72
241,40001,251,4.24
241,42001,251,4.27
241,44001,251,3.22
241,46001,251,2.36
241,48001,251,2.56
241,50001,251,3.18
241,52001,251,4.06
241,54001,251,3.46
241,56001,251,3.08
241,58001,251,2.83
241,60001,251,2.68
241,62001,251,2.48
241,64001,251,2.45
241,65535,251,2.42
241,1,254,2.41
241,2001,254,2.62
241,4001,254,2.89
241,6001,254,3.24
241,8001,254,3.63
241,10001,254,4.23
241,12001,254,4.57
241,14001,254,4.03
241,16001,254,3.74
241,18001,254,3.38
241,20001,254,3.24
241,22001,254,2.99
241,24001,254,2.86
241,26001,254,2.74
241,28001,254,2.85
241,30001,254,2.94
241,32001,254,3.04
241,34001,254,3.18
241,36001,254,3.35
241,38001,254,3.69
241,40001,254,4.21
241,42001,254,4.21
241,44001,254,3.19
241,46001,254,2.33
241,48001,254,2.52
241,50001,254,3.17
241,52001,254,4.07
241,54001,254,3.46
241,56001,254,3.08
241,58001,254,2.81
241,60001,254,2.68
241,62001,254,2.48
241,64001,254,2.43
241,65535,254,2.41
251,1,1,7.62
251,2001,1,7.67
251,4001,1,7.71
251,6001,1,7.66
251,8001,1,7.7
251,10001,1,7.62
251,12001,1,7.72
251,14001,1,7.73
251,16001,1,7.7
251,18001,1,7.69
251,20001,1,7.61
251,22001,1,7.68
251,24001,1,7.68
251,26001,1,7.69
251,28001,1,7.75
251,30001,1,7.67
251,32001,1,7.66
251,34001,1,7.74
251,36001,1,7.74
251,38001,1,7.65
251,40001,1,7.74
251,42001,1,7.7
251,44001,1,7.72
251,46001,1,7.67
251,48001,1,7.71
251,50001,1,7.74
251,52001,1,7.73
251,54001,1,7.7
251,56001,1,7.65
251,58001,1,7.75
251,60001,1,7.77
251,62001,1,7.69
251,64001,1,7.71
251,65535,1,7.72
251,1,11,7.64
251,2001,11,7.68
251,4001,11,7.73
251,6001,11,7.69
251,8001,11,7.72
251,10001,11,7.65
251,12001,11,7.73
251,14001,11,7.75
251,16001,11,7.72
251,18001,11,7.56
251,20001,11,7.38
251,22001,11,7.35
251,24001,11,7.28
251,26001,11,7.25
251,28001,11,7.36
251,30001,11,7.37
251,32001,11,7.47
251,34001,11,7.69
251,36001,11,7.75
251,38001,11,7.66
251,40001,11,7.73
251,42001,11,7.71
251,44001,11,7.72
251,46001,11,7.67
251,48001,11,7.7
251,50001,11,7.73
251,52001,11,7.64
251,54001,11,7.58
251,56001,11,7.55
251,58001,11,7.67
251,60001,11,7.7
251,62001,11,7.66
251,64001,11,7.71
251,65535,11,7.71
251,1,21,7.66
251,2001,21,7.68
251,4001,21,7.76
251,6001,21,7.71
251,8001,21,7.73
251,10001,21,7.68
251,12001,21,7.74
251,14001,21,7.77
251,16001,21,7.74
251,18001,21,7.43
251,20001,21,7.14
251,22001,21,7.02
251,24001,21,6.88
251,26001,21,6.8
251,28001,21,6.96
251,30001,21,7.06
251,32001,21,7.27
251,34001,21,7.64
251,36001,21,7.76
251,38001,21,7.66
251,40001,21,7.72
251,42001,21,7.72
251,44001,21,7.71
251,46001,21,7.66
251,48001,21,7.7
251,50001,21,7.71
251,52001,21,7.56
251,54001,21,7.45
251,56001,21,7.45
251,58001,21,7.59
251,60001,21,7.64
251,62001,21,7.62
251,64001,21,7.7
251,65535,21,7.71
251,1,31,7.68
251,2001,31,7.68
251,4001,31,7.78
251,6001,31,7.74
251,8001,31,7.74
251,10001,31,7.71
251,12001,31,7.74
251,14001,31,7.78
251,16001,31,7.76
251,18001,31,7.3
251,20001,31,6.91
251,22001,31,6.69
251,24001,31,6.48
251,26001,31,6.36
251,28001,31,6.57
251,30001,31,6.76
251,32001,31,7.08
251,34001,31,7.59
251,36001,31,7.78
251,38001,31,7.67
251,40001,31,7.72
251,42001,31,7.72
251,44001,31,7.7
251,46001,31,7.66
251,48001,31,7.7
251,50001,31,7.7
251,52001,31,7.48
251,54001,31,7.33
251,56001,31,7.35
251,58001,31,7.52
251,60001,31,7.57
251,62001,31,7.59
251,64001,31,7.7
251,65535,31,7.72
251,1,41,7.71
251,2001,41,7.69
251,4001,41,7.8
251,6001,41,7.77
251,8001,41,7.76
251,10001,41,7.74
251,12001,41,7.75
251,14001,41,7.8
251,16001,41,7.78
251,18001,41,7.17
251,20001,41,6.68
251,22001,41,6.36
251,24001,41,6.07
251,26001,41,5.91
251,28001,41,6.18
251,30001,41,6.46
251,32001,41,6.89
251,34001,41,7.54
251,36001,41,7.79
251,38001,41,7.68
251,40001,41,7.71
251,42001,41,7.73
251,44001,41,7.7
251,46001,41,7.66
251,48001,41,7.69
251,50001,41,7.69
251,52001,41,7.39
251,54001,41,7.21
251,56001,41,7.25
251,58001,41,7.44
251,60001,41,7.51
251,62001,41,7.55
251,64001,41,7.7
251,65535,41,7.72
251,1,51,7.73
251,2001,51,7.7
251,4001,51,7.83
251,6001,51,7.79
251,8001,51,7.78
251,10001,51,7.77
251,12001,51,7.76
251,14001,51,7.82
251,16001,51,7.8
251,18001,51,7.04
251,20001,51,6.44
251,22001,51,6.03
251,24001,51,5.67
251,26001,51,5.46
251,28001,51,5.78
251,30001,51,6.15
251,32001,51,6.69
251,34001,51,7.49
251,36001,51,7.8
251,38001,51,7.68
251,40001,51,7.7
251,42001,51,7.74
251,44001,51,7.7
251,46001,51,7.65
251,48001,51,7.68
251,50001,51,7.67
251,52001,51,7.3
251,54001,51,7.08
251,56001,51,7.15
251,58001,51,7.36
251,60001,51,7.44
251,62001,51,7.52
251,64001,51,7.69
251,65535,51,7.73
251,1,61,7.75
251,2001,61,7.7
251,4001,61,7.85
251,6001,61,7.82
251,8001,61,7.79
251,10001,61,7.8
251,12001,61,7.77
251,14001,61,7.84
251,16001,61,7.82
251,18001,61,6.91
251,20001,61,6.21
251,22001,61,5.7
251,24001,61,5.27
251,26001,61,5.02
251,28001,61,5.39
251,30001,61,5.85
251,32001,61,6.5
251,34001,61,7.44
251,36001,61,7.81
251,38001,61,7.69
251,40001,61,7.69
251,42001,61,7.75
251,44001,61,7.69
251,46001,61,7.65
251,48001,61,7.68
251,50001,61,7.66
251,52001,61,7.22
251,54001,61,6.96
251,56001,61,7.05
251,58001,61,7.28
251,60001,61,7.38
251,62001,61,7.48
251,64001,61,7.69
251,65535,61,7.74
251,1,71,7.12
251,2001,71,7.24
251,4001,71,7.8
251,6001,71,7.82
251,8001,71,7.79
251,10001,71,7.81
251,12001,71,7.78
251,14001,71,7.67
251,16001,71,7.46
251,18001,71,6.59
251,20001,71,5.92
251,22001,71,5.45
251,24001,71,5.05
251,26001,71,4.82
251,28001,71,5.15
251,30001,71,5.57
251,32001,71,6.18
251,34001,71,7.05
251,36001,71,7.5
251,38001,71,7.63
251,40001,71,7.69
251,42001,71,7.74
251,44001,71,7.7
251,46001,71,7.56
251,48001,71,7.52
251,50001,71,7.56
251,52001,71,7
251,54001,71,6.62
251,56001,71,6.61
251,58001,71,6.75
251,60001,71,6.79
251,62001,71,6.85
251,64001,71,7.05
251,65535,71,7.11
251,1,81,6.49
251,2001,81,6.79
251,4001,81,7.76
251,6001,81,7.83
251,8001,81,7.79
251,10001,81,7.82
251,12001,81,7.8
251,14001,81,7.5
251,16001,81,7.1
251,18001,81,6.27
251,20001,81,5.64
251,22001,81,5.2
251,24001,81,4.83
251,26001,81,4.61
251,28001,81,4.91
251,30001,81,5.29
251,32001,81,5.86
251,34001,81,6.67
251,36001,81,7.19
251,38001,81,7.56
251,40001,81,7.68
251,42001,81,7.73
251,44001,81,7.71
251,46001,81,7.46
251,48001,81,7.36
251,50001,81,7.47
251,52001,81,6.78
251,54001,81,6.29
251,56001,81,6.17
251,58001,81,6.22
251,60001,81,6.2
251,62001,81,6.22
251,64001,81,6.4
251,65535,81,6.48
251,1,91,5.86
251,2001,91,6.33
251,4001,91,7.71
251,6001,91,7.83
251,8001,91,7.78
251,10001,91,7.83
251,12001,91,7.82
251,14001,91,7.32
251,16001,91,6.74
251,18001,91,5.96
251,20001,91,5.36
251,22001,91,4.96
251,24001,91,4.6
251,26001,91,4.4
251,28001,91,4.68
251,30001,91,5.01
251,32001,91,5.54
251,34001,91,6.28
251,36001,91,6.88
251,38001,91,7.5
251,40001,91,7.68
251,42001,91,7.72
251,44001,91,7.72
251,46001,91,7.36
251,48001,91,7.2
251,50001,91,7.38
251,52001,91,6.56
251,54001,91,5.96
251,56001,91,5.74
251,58001,91,5.69
251,60001,91,5.62
251,62001,91,5.6
251,64001,91,5.76
251,65535,91,5.85
251,1,101,5.24
251,2001,101,5.87
251,4001,101,7.66
251,6001,101,7.83
251,8001,101,7.78
251,10001,101,7.84
251,12001,101,7.83
251,14001,101,7.15
251,16001,101,6.37
251,18001,101,5.64
251,20001,101,5.07
251,22001,101,4.71
251,24001,101,4.38
251,26001,101,4.2
251,28001,101,4.44
251,30001,101,4.74
251,32001,101,5.21
251,34001,101,5.89
251,36001,101,6.57
251,38001,101,7.43
251,40001,101,7.68
251,42001,101,7.71
251,44001,101,7.74
251,46001,101,7.27
251,48001,101,7.03
251,50001,101,7.28
251,52001,101,6.35
251,54001,101,5.62
251,56001,101,5.3
251,58001,101,5.16
251,60001,101,5.03
251,62001,101,4.97
251,64001,101,5.12
251,65535,101,5.21
251,1,111,4.61
251,2001,111,5.42
251,4001,111,7.62
251,6001,111,7.84
251,8001,111,7.78
251,10001,111,7.85
251,12001,111,7.85
251,14001,111,6.98
251,16001,111,6.01
251,18001,111,5.32
251,20001,111,4.78
251,22001,111,4.46
251,24001,111,4.16
251,26001,111,4
251,28001,111,4.2
251,30001,111,4.46
251,32001,111,4.89
251,34001,111,5.51
251,36001,111,6.26
251,38001,111,7.36
251,40001,111,7.67
251,42001,111,7.7
251,44001,111,7.75
251,46001,111,7.18
251,48001,111,6.87
251,50001,111,7.18
251,52001,111,6.13
251,54001,111,5.28
251,56001,111,4.86
251,58001,111,4.63
251,60001,111,4.44
251,62001,111,4.34
251,64001,111,4.47
251,65535,111,4.57
251,1,121,3.98
251,2001,121,4.96
251,4001,121,7.57
251,6001,121,7.84
251,8001,121,7.78
251,10001,121,7.86
251,12001,121,7.86
251,14001,121,6.81
251,16001,121,5.65
251,18001,121,5
251,20001,121,4.5
251,22001,121,4.21
251,24001,121,3.94
251,26001,121,3.79
251,28001,121,3.96
251,30001,121,4.18
251,32001,121,4.57
251,34001,121,5.12
251,36001,121,5.95
251,38001,121,7.3
251,40001,121,7.67
251,42001,121,7.69
251,44001,121,7.76
251,46001,121,7.08
251,48001,121,6.71
251,50001,121,7.09
251,52001,121,5.91
251,54001,121,4.95
251,56001,121,4.42
251,58001,121,4.1
251,60001,121,3.85
251,62001,121,3.71
251,64001,121,3.83
251,65535,121,3.93
251,1,131,3.83
251,2001,131,4.74
251,4001,131,7.14
251,6001,131,7.83
251,8001,131,7.8
251,10001,131,7.86
251,12001,131,7.78
251,14001,131,6.62
251,16001,131,5.5
251,18001,131,4.87
251,20001,131,4.4
251,22001,131,4.11
251,24001,131,3.86
251,26001,131,3.72
251,28001,131,3.87
251,30001,131,4.08
251,32001,131,4.44
251,34001,131,4.92
251,36001,131,5.68
251,38001,131,6.9
251,40001,131,7.38
251,42001,131,7.5
251,44001,131,7.27
251,46001,131,6.53
251,48001,131,6.24
251,50001,131,6.73
251,52001,131,5.75
251,54001,131,4.82
251,56001,131,4.31
251,58001,131,3.99
251,60001,131,3.75
251,62001,131,3.6
251,64001,131,3.68
251,65535,131,3.78
251,1,141,3.68
251,2001,141,4.52
251,4001,141,6.71
251,6001,141,7.83
251,8001,141,7.82
251,10001,141,7.86
251,12001,141,7.69
251,14001,141,6.43
251,16001,141,5.35
251,18001,141,4.74
251,20001,141,4.31
251,22001,141,4.01
251,24001,141,3.77
251,26001,141,3.66
251,28001,141,3.78
251,30001,141,3.98
251,32001,141,4.3
251,34001,141,4.72
251,36001,141,5.42
251,38001,141,6.5
251,40001,141,7.1
251,42001,141,7.32
251,44001,141,6.78
251,46001,141,5.99
251,48001,141,5.78
251,50001,141,6.36
251,52001,141,5.58
251,54001,141,4.69
251,56001,141,4.21
251,58001,141,3.89
251,60001,141,3.65
251,62001,141,3.49
251,64001,141,3.52
251,65535,141,3.63
251,1,151,3.54
251,2001,151,4.3
251,4001,151,6.28
251,6001,151,7.82
251,8001,151,7.84
251,10001,151,7.86
251,12001,151,7.61
251,14001,151,6.24
251,16001,151,5.2
251,18001,151,4.62
251,20001,151,4.22
251,22001,151,3.9
251,24001,151,3.68
251,26001,151,3.59
251,28001,151,3.7
251,30001,151,3.88
251,32001,151,4.16
251,34001,151,4.52
251,36001,151,5.15
251,38001,151,6.1
251,40001,151,6.81
251,42001,151,7.13
251,44001,151,6.29
251,46001,151,5.44
251,48001,151,5.31
251,50001,151,6
251,52001,151,5.42
251,54001,151,4.56
251,56001,151,4.1
251,58001,151,3.78
251,60001,151,3.54
251,62001,151,3.38
251,64001,151,3.36
251,65535,151,3.48
251,1,161,3.39
251,2001,161,4.07
251,4001,161,5.86
251,6001,161,7.81
251,8001,161,7.85
251,10001,161,7.86
251,12001,161,7.53
251,14001,161,6.06
251,16001,161,5.06
251,18001,161,4.49
251,20001,161,4.12
251,22001,161,3.8
251,24001,161,3.6
251,26001,161,3.52
251,28001,161,3.61
251,30001,161,3.79
251,32001,161,4.03
251,34001,161,4.32
251,36001,161,4.88
251,38001,161,5.69
251,40001,161,6.52
251,42001,161,6.94
251,44001,161,5.8
251,46001,161,4.89
251,48001,161,4.84
251,50001,161,5.64
251,52001,161,5.26
251,54001,161,4.44
251,56001,161,3.99
251,58001,161,3.67
251,60001,161,3.44
251,62001,161,3.28
251,64001,161,3.21
251,65535,161,3.33
251,1,171,3.24
251,2001,171,3.85
251,4001,171,5.43
251,6001,171,7.81
251,8001,171,7.87
251,10001,171,7.86
251,12001,171,7.44
251,14001,171,5.87
251,16001,171,4.91
251,18001,171,4.36
251,20001,171,4.03
251,22001,171,3.7
251,24001,171,3.51
251,26001,171,3.46
251,28001,171,3.52
251,30001,171,3.69
251,32001,171,3.89
251,34001,171,4.12
251,36001,171,4.62
251,38001,171,5.29
251,40001,171,6.24
251,42001,171,6.76
251,44001,171,5.31
251,46001,171,4.35
251,48001,171,4.38
251,50001,171,5.27
251,52001,171,5.09
251,54001,171,4.31
251,56001,171,3.89
251,58001,171,3.57
251,60001,171,3.34
251,62001,171,3.17
251,64001,171,3.06
251,65535,171,3.17
251,1,181,3.09
251,2001,181,3.63
251,4001,181,5
251,6001,181,7.8
251,8001,181,7.89
251,10001,181,7.86
251,12001,181,7.36
251,14001,181,5.68
251,16001,181,4.76
251,18001,181,4.23
251,20001,181,3.93
251,22001,181,3.6
251,24001,181,3.43
251,26001,181,3.39
251,28001,181,3.43
251,30001,181,3.59
251,32001,181,3.76
251,34001,181,3.92
251,36001,181,4.35
251,38001,181,4.89
251,40001,181,5.95
251,42001,181,6.57
251,44001,181,4.82
251,46001,181,3.8
251,48001,181,3.91
251,50001,181,4.91
251,52001,181,4.93
251,54001,181,4.18
251,56001,181,3.78
251,58001,181,3.46
251,60001,181,3.24
251,62001,181,3.06
251,64001,181,2.9
251,65535,181,3.02
251,1,191,3.02
251,2001,191,3.51
251,4001,191,4.7
251,6001,191,7.1
251,8001,191,7.26
251,10001,191,7.34
251,12001,191,6.97
251,14001,191,5.48
251,16001,191,4.65
251,18001,191,4.14
251,20001,191,3.86
251,22001,191,3.54
251,24001,191,3.38
251,26001,191,3.34
251,28001,191,3.38
251,30001,191,3.53
251,32001,191,3.68
251,34001,191,3.85
251,36001,191,4.24
251,38001,191,4.75
251,40001,191,5.73
251,42001,191,6.27
251,44001,191,4.61
251,46001,191,3.6
251,48001,191,3.74
251,50001,191,4.67
251,52001,191,4.83
251,54001,191,4.1
251,56001,191,3.71
251,58001,191,3.39
251,60001,191,3.18
251,62001,191,3
251,64001,191,2.86
251,65535,191,2.94
251,1,201,2.95
251,2001,201,3.38
251,4001,201,4.4
251,6001,201,6.4
251,8001,201,6.63
251,10001,201,6.82
251,12001,201,6.58
251,14001,201,5.27
251,16001,201,4.54
251,18001,201,4.06
251,20001,201,3.79
251,22001,201,3.49
251,24001,201,3.34
251,26001,201,3.29
251,28001,201,3.32
251,30001,201,3.47
251,32001,201,3.6
251,34001,201,3.78
251,36001,201,4.12
251,38001,201,4.62
251,40001,201,5.51
251,42001,201,5.97
251,44001,201,4.4
251,46001,201,3.41
251,48001,201,3.57
251,50001,201,4.44
251,52001,201,4.74
251,54001,201,4.02
251,56001,201,3.64
251,58001,201,3.33
251,60001,201,3.12
251,62001,201,2.93
251,64001,201,2.83
251,65535,201,2.86
251,1,211,2.88
251,2001,211,3.26
251,4001,211,4.11
251,6001,211,5.7
251,8001,211,5.99
251,10001,211,6.3
251,12001,211,6.2
251,14001,211,5.07
251,16001,211,4.44
251,18001,211,3.97
251,20001,211,3.72
251,22001,211,3.44
251,24001,211,3.3
251,26001,211,3.24
251,28001,211,3.26
251,30001,211,3.41
251,32001,211,3.52
251,34001,211,3.71
251,36001,211,4.01
251,38001,211,4.48
251,40001,211,5.3
251,42001,211,5.68
251,44001,211,4.19
251,46001,211,3.21
251,48001,211,3.4
251,50001,211,4.2
251,52001,211,4.64
251,54001,211,3.94
251,56001,211,3.57
251,58001,211,3.26
251,60001,211,3.07
251,62001,211,2.86
251,64001,211,2.79
251,65535,211,2.79
251,1,221,2.8
251,2001,221,3.14
251,4001,221,3.81
251,6001,221,4.99
251,8001,221,5.36
251,10001,221,5.79
251,12001,221,5.81
251,14001,221,4.87
251,16001,221,4.33
251,18001,221,3.88
251,20001,221,3.66
251,22001,221,3.38
251,24001,221,3.25
251,26001,221,3.18
251,28001,221,3.21
251,30001,221,3.35
251,32001,221,3.44
251,34001,221,3.64
251,36001,221,3.9
251,38001,221,4.34
251,40001,221,5.08
251,42001,221,5.38
251,44001,221,3.97
251,46001,221,3.01
251,48001,221,3.22
251,50001,221,3.96
251,52001,221,4.54
251,54001,221,3.86
251,56001,221,3.5
251,58001,221,3.19
251,60001,221,3.01
251,62001,221,2.8
251,64001,221,2.75
251,65535,221,2.71
251,1,231,2.73
251,2001,231,3.01
251,4001,231,3.51
251,6001,231,4.29
251,8001,231,4.73
251,10001,231,5.27
251,12001,231,5.42
251,14001,231,4.66
251,16001,231,4.22
251,18001,231,3.8
251,20001,231,3.59
251,22001,231,3.32
251,24001,231,3.21
251,26001,231,3.13
251,28001,231,3.16
251,30001,231,3.29
251,32001,231,3.36
251,34001,231,3.57
251,36001,231,3.78
251,38001,231,4.21
251,40001,231,4.86
251,42001,231,5.08
251,44001,231,3.76
251,46001,231,2.82
251,48001,231,3.05
251,50001,231,3.73
251,52001,231,4.45
251,54001,231,3.78
251,56001,231,3.43
251,58001,231,3.13
251,60001,231,2.95
251,62001,231,2.74
251,64001,231,2.72
251,65535,231,2.68
251,1,241,2.66
251,2001,241,2.89
251,4001,241,3.21
251,6001,241,3.59
251,8001,241,4.1
251,10001,241,4.75
251,12001,241,5.03
251,14001,241,4.46
251,16001,241,4.11
251,18001,241,3.71
251,20001,241,3.52
251,22001,241,3.27
251,24001,241,3.16
251,26001,241,3.08
251,28001,241,3.1
251,30001,241,3.23
251,32001,241,3.28
251,34001,241,3.5
251,36001,241,3.67
251,38001,241,4.07
251,40001,241,4.64
251,42001,241,4.78
251,44001,241,3.55
251,46001,241,2.62
251,48001,241,2.88
251,50001,241,3.49
251,52001,241,4.35
251,54001,241,3.7
251,56001,241,3.36
251,58001,241,3.06
251,60001,241,2.89
251,62001,241,2.67
251,64001,241,2.68
251,65535,241,2.64
251,1,251,2.61
251,2001,251,2.84
251,4001,251,3.13
251,6001,251,3.51
251,8001,251,3.93
251,10001,251,4.58
251,12001,251,4.94
251,14001,251,4.35
251,16001,251,4.06
251,18001,251,3.65
251,20001,251,3.49
251,22001,251,3.22
251,24001,251,3.1
251,26001,251,2.99
251,28001,251,3.08
251,30001,251,3.18
251,32001,251,3.27
251,34001,251,3.44
251,36001,251,3.62
251,38001,251,3.99
251,40001,251,4.55
251,42001,251,4.59
251,44001,251,3.45
251,46001,251,2.53
251,48001,251,2.75
251,50001,251,3.41
251,52001,251,4.36
251,54001,251,3.71
251,56001,251,3.32
251,58001,251,3.03
251,60001,251,2.87
251,62001,251,2.66
251,64001,251,2.63
251,65535,251,2.6
251,1,254,2.6
251,2001,254,2.82
251,4001,254,3.11
251,6001,254,3.48
251,8001,254,3.88
251,10001,254,4.53
251,12001,254,4.91
251,14001,254,4.32
251,16001,254,4.04
251,18001,254,3.63
251,20001,254,3.48
251,22001,254,3.21
251,24001,254,3.08
251,26001,254,2.96
251,28001,254,3.08
251,30001,254,3.17
251,32001,254,3.27
251,34001,254,3.42
251,36001,254,3.6
251,38001,254,3.97
251,40001,254,4.52
251,42001,254,4.53
251,44001,254,3.42
251,46001,254,2.5
251,48001,254,2.71
251,50001,254,3.38
251,52001,254,4.36
251,54001,254,3.71
251,56001,254,3.31
251,58001,254,3.02
251,60001,254,2.86
251,62001,254,2.66
251,64001,254,2.61
251,65535,254,2.58
255,1,1,7.65
255,2001,1,7.73
255,4001,1,7.8
255,6001,1,7.82
255,8001,1,7.85
255,10001,1,7.9
255,12001,1,7.92
255,14001,1,7.84
255,16001,1,7.91
255,18001,1,7.92
255,20001,1,7.86
255,22001,1,7.91
255,24001,1,7.85
255,26001,1,7.9
255,28001,1,7.84
255,30001,1,7.91
255,32001,1,7.9
255,34001,1,7.94
255,36001,1,7.86
255,38001,1,7.9
255,40001,1,7.91
255,42001,1,8.02
255,44001,1,7.89
255,46001,1,7.87
255,48001,1,7.86
255,50001,1,7.85
255,52001,1,7.9
255,54001,1,7.9
255,56001,1,7.86
255,58001,1,7.93
255,60001,1,7.9
255,62001,1,7.87
255,64001,1,7.86
255,65535,1,7.92
255,1,11,7.69
255,2001,11,7.76
255,4001,11,7.84
255,6001,11,7.85
255,8001,11,7.87
255,10001,11,7.92
255,12001,11,7.94
255,14001,11,7.88
255,16001,11,7.92
255,18001,11,7.79
255,20001,11,7.61
255,22001,11,7.56
255,24001,11,7.45
255,26001,11,7.46
255,28001,11,7.46
255,30001,11,7.6
255,32001,11,7.69
255,34001,11,7.89
255,36001,11,7.88
255,38001,11,7.91
255,40001,11,7.91
255,42001,11,8.01
255,44001,11,7.89
255,46001,11,7.88
255,48001,11,7.86
255,50001,11,7.86
255,52001,11,7.83
255,54001,11,7.78
255,56001,11,7.76
255,58001,11,7.85
255,60001,11,7.85
255,62001,11,7.84
255,64001,11,7.87
255,65535,11,7.93
255,1,21,7.73
255,2001,21,7.8
255,4001,21,7.87
255,6001,21,7.87
255,8001,21,7.88
255,10001,21,7.93
255,12001,21,7.96
255,14001,21,7.93
255,16001,21,7.93
255,18001,21,7.66
255,20001,21,7.37
255,22001,21,7.21
255,24001,21,7.05
255,26001,21,7.01
255,28001,21,7.08
255,30001,21,7.29
255,32001,21,7.48
255,34001,21,7.84
255,36001,21,7.9
255,38001,21,7.92
255,40001,21,7.91
255,42001,21,8.01
255,44001,21,7.9
255,46001,21,7.88
255,48001,21,7.87
255,50001,21,7.88
255,52001,21,7.76
255,54001,21,7.67
255,56001,21,7.66
255,58001,21,7.77
255,60001,21,7.8
255,62001,21,7.82
255,64001,21,7.88
255,65535,21,7.94
255,1,31,7.76
255,2001,31,7.83
255,4001,31,7.9
255,6001,31,7.9
255,8001,31,7.9
255,10001,31,7.95
255,12001,31,7.98
255,14001,31,7.97
255,16001,31,7.94
255,18001,31,7.52
255,20001,31,7.12
255,22001,31,6.86
255,24001,31,6.64
255,26001,31,6.57
255,28001,31,6.7
255,30001,31,6.98
255,32001,31,7.27
255,34001,31,7.8
255,36001,31,7.92
255,38001,31,7.94
255,40001,31,7.9
255,42001,31,8
255,44001,31,7.9
255,46001,31,7.88
255,48001,31,7.88
255,50001,31,7.9
255,52001,31,7.68
255,54001,31,7.55
255,56001,31,7.56
255,58001,31,7.7
255,60001,31,7.74
255,62001,31,7.8
255,64001,31,7.89
255,65535,31,7.94
255,1,41,7.8
255,2001,41,7.86
255,4001,41,7.94
255,6001,41,7.92
255,8001,41,7.92
255,10001,41,7.97
255,12001,41,8
255,14001,41,8.01
255,16001,41,7.95
255,18001,41,7.39
255,20001,41,6.87
255,22001,41,6.51
255,24001,41,6.24
255,26001,41,6.13
255,28001,41,6.31
255,30001,41,6.67
255,32001,41,7.06
255,34001,41,7.75
255,36001,41,7.93
255,38001,41,7.95
255,40001,41,7.9
255,42001,41,7.99
255,44001,41,7.9
255,46001,41,7.89
255,48001,41,7.88
255,50001,41,7.91
255,52001,41,7.61
255,54001,41,7.43
255,56001,41,7.46
255,58001,41,7.62
255,60001,41,7.69
255,62001,41,7.77
255,64001,41,7.9
255,65535,41,7.93
255,1,51,7.84
255,2001,51,7.9
255,4001,51,7.98
255,6001,51,7.94
255,8001,51,7.93
255,10001,51,7.98
255,12001,51,8.02
255,14001,51,8.06
255,16001,51,7.96
255,18001,51,7.26
255,20001,51,6.63
255,22001,51,6.16
255,24001,51,5.84
255,26001,51,5.68
255,28001,51,5.93
255,30001,51,6.36
255,32001,51,6.85
255,34001,51,7.7
255,36001,51,7.95
255,38001,51,7.96
255,40001,51,7.9
255,42001,51,7.99
255,44001,51,7.91
255,46001,51,7.9
255,48001,51,7.88
255,50001,51,7.93
255,52001,51,7.54
255,54001,51,7.32
255,56001,51,7.36
255,58001,51,7.54
255,60001,51,7.64
255,62001,51,7.74
255,64001,51,7.91
255,65535,51,7.93
255,1,61,7.88
255,2001,61,7.93
255,4001,61,8.01
255,6001,61,7.97
255,8001,61,7.95
255,10001,61,8
255,12001,61,8.04
255,14001,61,8.1
255,16001,61,7.97
255,18001,61,7.13
255,20001,61,6.38
255,22001,61,5.81
255,24001,61,5.44
255,26001,61,5.24
255,28001,61,5.55
255,30001,61,6.05
255,32001,61,6.64
255,34001,61,7.65
255,36001,61,7.97
255,38001,61,7.97
255,40001,61,7.9
255,42001,61,7.98
255,44001,61,7.91
255,46001,61,7.9
255,48001,61,7.89
255,50001,61,7.94
255,52001,61,7.47
255,54001,61,7.2
255,56001,61,7.26
255,58001,61,7.46
255,60001,61,7.59
255,62001,61,7.72
255,64001,61,7.92
255,65535,61,7.93
255,1,71,7.28
255,2001,71,7.46
255,4001,71,7.98
255,6001,71,7.99
255,8001,71,7.98
255,10001,71,8.02
255,12001,71,8.06
255,14001,71,7.92
255,16001,71,7.62
255,18001,71,6.8
255,20001,71,6.1
255,22001,71,5.55
255,24001,71,5.2
255,26001,71,5.02
255,28001,71,5.3
255,30001,71,5.76
255,32001,71,6.32
255,34001,71,7.26
255,36001,71,7.66
255,38001,71,7.89
255,40001,71,7.92
255,42001,71,7.98
255,44001,71,7.92
255,46001,71,7.78
255,48001,71,7.74
255,50001,71,7.82
255,52001,71,7.22
255,54001,71,6.85
255,56001,71,6.81
255,58001,71,6.92
255,60001,71,6.97
255,62001,71,7.08
255,64001,71,7.25
255,65535,71,7.28
255,1,81,6.69
255,2001,81,7
255,4001,81,7.95
255,6001,81,8
255,8001,81,8.01
255,10001,81,8.03
255,12001,81,8.07
255,14001,81,7.73
255,16001,81,7.27
255,18001,81,6.47
255,20001,81,5.81
255,22001,81,5.29
255,24001,81,4.96
255,26001,81,4.8
255,28001,81,5.06
255,30001,81,5.48
255,32001,81,6
255,34001,81,6.86
255,36001,81,7.35
255,38001,81,7.81
255,40001,81,7.93
255,42001,81,7.97
255,44001,81,7.92
255,46001,81,7.66
255,48001,81,7.6
255,50001,81,7.71
255,52001,81,6.96
255,54001,81,6.5
255,56001,81,6.36
255,58001,81,6.38
255,60001,81,6.35
255,62001,81,6.43
255,64001,81,6.59
255,65535,81,6.64
255,1,91,6.09
255,2001,91,6.54
255,4001,91,7.92
255,6001,91,8.02
255,8001,91,8.04
255,10001,91,8.05
255,12001,91,8.09
255,14001,91,7.55
255,16001,91,6.92
255,18001,91,6.14
255,20001,91,5.53
255,22001,91,5.03
255,24001,91,4.72
255,26001,91,4.58
255,28001,91,4.81
255,30001,91,5.2
255,32001,91,5.68
255,34001,91,6.47
255,36001,91,7.04
255,38001,91,7.72
255,40001,91,7.94
255,42001,91,7.97
255,44001,91,7.93
255,46001,91,7.54
255,48001,91,7.46
255,50001,91,7.6
255,52001,91,6.7
255,54001,91,6.14
255,56001,91,5.9
255,58001,91,5.84
255,60001,91,5.73
255,62001,91,5.78
255,64001,91,5.92
255,65535,91,6
255,1,101,5.49
255,2001,101,6.07
255,4001,101,7.89
255,6001,101,8.04
255,8001,101,8.06
255,10001,101,8.07
255,12001,101,8.11
255,14001,101,7.37
255,16001,101,6.56
255,18001,101,5.82
255,20001,101,5.25
255,22001,101,4.77
255,24001,101,4.47
255,26001,101,4.36
255,28001,101,4.56
255,30001,101,4.91
255,32001,101,5.35
255,34001,101,6.08
255,36001,101,6.72
255,38001,101,7.64
255,40001,101,7.96
255,42001,101,7.97
255,44001,101,7.94
255,46001,101,7.42
255,48001,101,7.31
255,50001,101,7.48
255,52001,101,6.45
255,54001,101,5.79
255,56001,101,5.45
255,58001,101,5.29
255,60001,101,5.11
255,62001,101,5.14
255,64001,101,5.25
255,65535,101,5.35
255,1,111,4.9
255,2001,111,5.6
255,4001,111,7.86
255,6001,111,8.05
255,8001,111,8.09
255,10001,111,8.08
255,12001,111,8.12
255,14001,111,7.18
255,16001,111,6.21
255,18001,111,5.49
255,20001,111,4.96
255,22001,111,4.51
255,24001,111,4.23
255,26001,111,4.14
255,28001,111,4.32
255,30001,111,4.62
255,32001,111,5.03
255,34001,111,5.68
255,36001,111,6.41
255,38001,111,7.56
255,40001,111,7.98
255,42001,111,7.96
255,44001,111,7.94
255,46001,111,7.3
255,48001,111,7.16
255,50001,111,7.36
255,52001,111,6.2
255,54001,111,5.44
255,56001,111,5
255,58001,111,4.75
255,60001,111,4.49
255,62001,111,4.5
255,64001,111,4.59
255,65535,111,4.68
255,1,121,4.3
255,2001,121,5.14
255,4001,121,7.83
255,6001,121,8.07
255,8001,121,8.12
255,10001,121,8.1
255,12001,121,8.14
255,14001,121,7
255,16001,121,5.86
255,18001,121,5.16
255,20001,121,4.68
255,22001,121,4.25
255,24001,121,3.99
255,26001,121,3.92
255,28001,121,4.07
255,30001,121,4.34
255,32001,121,4.71
255,34001,121,5.29
255,36001,121,6.1
255,38001,121,7.48
255,40001,121,7.99
255,42001,121,7.96
255,44001,121,7.95
255,46001,121,7.18
255,48001,121,7.02
255,50001,121,7.25
255,52001,121,5.94
255,54001,121,5.09
255,56001,121,4.55
255,58001,121,4.21
255,60001,121,3.87
255,62001,121,3.85
255,64001,121,3.92
255,65535,121,4.02
255,1,131,4.11
255,2001,131,4.91
255,4001,131,7.39
255,6001,131,8.04
255,8001,131,8.11
255,10001,131,8.1
255,12001,131,8.05
255,14001,131,6.81
255,16001,131,5.7
255,18001,131,5.02
255,20001,131,4.56
255,22001,131,4.16
255,24001,131,3.91
255,26001,131,3.83
255,28001,131,3.98
255,30001,131,4.23
255,32001,131,4.57
255,34001,131,5.08
255,36001,131,5.83
255,38001,131,7.07
255,40001,131,7.67
255,42001,131,7.76
255,44001,131,7.47
255,46001,131,6.64
255,48001,131,6.51
255,50001,131,6.87
255,52001,131,5.79
255,54001,131,4.97
255,56001,131,4.43
255,58001,131,4.09
255,60001,131,3.78
255,62001,131,3.72
255,64001,131,3.77
255,65535,131,3.87
255,1,141,3.92
255,2001,141,4.67
255,4001,141,6.94
255,6001,141,8.01
255,8001,141,8.11
255,10001,141,8.09
255,12001,141,7.97
255,14001,141,6.62
255,16001,141,5.55
255,18001,141,4.89
255,20001,141,4.43
255,22001,141,4.07
255,24001,141,3.83
255,26001,141,3.74
255,28001,141,3.88
255,30001,141,4.12
255,32001,141,4.43
255,34001,141,4.88
255,36001,141,5.56
255,38001,141,6.67
255,40001,141,7.36
255,42001,141,7.56
255,44001,141,6.99
255,46001,141,6.1
255,48001,141,6.01
255,50001,141,6.49
255,52001,141,5.65
255,54001,141,4.85
255,56001,141,4.31
255,58001,141,3.97
255,60001,141,3.69
255,62001,141,3.6
255,64001,141,3.62
255,65535,141,3.71
255,1,151,3.74
255,2001,151,4.44
255,4001,151,6.5
255,6001,151,7.98
255,8001,151,8.1
255,10001,151,8.09
255,12001,151,7.88
255,14001,151,6.43
255,16001,151,5.39
255,18001,151,4.75
255,20001,151,4.31
255,22001,151,3.99
255,24001,151,3.75
255,26001,151,3.66
255,28001,151,3.79
255,30001,151,4.01
255,32001,151,4.28
255,34001,151,4.68
255,36001,151,5.28
255,38001,151,6.26
255,40001,151,7.04
255,42001,151,7.36
255,44001,151,6.52
255,46001,151,5.56
255,48001,151,5.5
255,50001,151,6.1
255,52001,151,5.5
255,54001,151,4.72
255,56001,151,4.2
255,58001,151,3.84
255,60001,151,3.6
255,62001,151,3.47
255,64001,151,3.46
255,65535,151,3.56
255,1,161,3.55
255,2001,161,4.21
255,4001,161,6.06
255,6001,161,7.96
255,8001,161,8.09
255,10001,161,8.09
255,12001,161,7.79
255,14001,161,6.24
255,16001,161,5.23
255,18001,161,4.61
255,20001,161,4.19
255,22001,161,3.9
255,24001,161,3.67
255,26001,161,3.57
255,28001,161,3.7
255,30001,161,3.9
255,32001,161,4.14
255,34001,161,4.47
255,36001,161,5.01
255,38001,161,5.85
255,40001,161,6.72
255,42001,161,7.15
255,44001,161,6.04
255,46001,161,5.03
255,48001,161,4.99
255,50001,161,5.72
255,52001,161,5.35
255,54001,161,4.6
255,56001,161,4.08
255,58001,161,3.72
255,60001,161,3.51
255,62001,161,3.34
255,64001,161,3.31
255,65535,161,3.41
255,1,171,3.36
255,2001,171,3.97
255,4001,171,5.61
255,6001,171,7.93
255,8001,171,8.09
255,10001,171,8.08
255,12001,171,7.71
255,14001,171,6.05
255,16001,171,5.08
255,18001,171,4.48
255,20001,171,4.06
255,22001,171,3.81
255,24001,171,3.59
255,26001,171,3.48
255,28001,171,3.6
255,30001,171,3.79
255,32001,171,4
255,34001,171,4.26
255,36001,171,4.74
255,38001,171,5.45
255,40001,171,6.41
255,42001,171,6.95
255,44001,171,5.56
255,46001,171,4.49
255,48001,171,4.49
255,50001,171,5.34
255,52001,171,5.21
255,54001,171,4.48
255,56001,171,3.96
255,58001,171,3.6
255,60001,171,3.42
255,62001,171,3.22
255,64001,171,3.16
255,65535,171,3.26
255,1,181,3.17
255,2001,181,3.74
255,4001,181,5.17
255,6001,181,7.9
255,8001,181,8.08
255,10001,181,8.08
255,12001,181,7.62
255,14001,181,5.86
255,16001,181,4.92
255,18001,181,4.34
255,20001,181,3.94
255,22001,181,3.72
255,24001,181,3.51
255,26001,181,3.39
255,28001,181,3.51
255,30001,181,3.68
255,32001,181,3.86
255,34001,181,4.06
255,36001,181,4.47
255,38001,181,5.04
255,40001,181,6.09
255,42001,181,6.75
255,44001,181,5.08
255,46001,181,3.95
255,48001,181,3.98
255,50001,181,4.96
255,52001,181,5.06
255,54001,181,4.36
255,56001,181,3.84
255,58001,181,3.48
255,60001,181,3.33
255,62001,181,3.09
255,64001,181,3.01
255,65535,181,3.11
255,1,191,3.11
255,2001,191,3.63
255,4001,191,4.86
255,6001,191,7.2
255,8001,191,7.44
255,10001,191,7.55
255,12001,191,7.22
255,14001,191,5.66
255,16001,191,4.8
255,18001,191,4.25
255,20001,191,3.88
255,22001,191,3.66
255,24001,191,3.45
255,26001,191,3.34
255,28001,191,3.46
255,30001,191,3.61
255,32001,191,3.78
255,34001,191,3.97
255,36001,191,4.36
255,38001,191,4.89
255,40001,191,5.88
255,42001,191,6.45
255,44001,191,4.84
255,46001,191,3.75
255,48001,191,3.79
255,50001,191,4.73
255,52001,191,4.97
255,54001,191,4.27
255,56001,191,3.78
255,58001,191,3.43
255,60001,191,3.26
255,62001,191,3.04
255,64001,191,2.96
255,65535,191,3.05
255,1,201,3.05
255,2001,201,3.51
255,4001,201,4.55
255,6001,201,6.51
255,8001,201,6.8
255,10001,201,7.02
255,12001,201,6.82
255,14001,201,5.45
255,16001,201,4.68
255,18001,201,4.16
255,20001,201,3.82
255,22001,201,3.61
255,24001,201,3.39
255,26001,201,3.29
255,28001,201,3.4
255,30001,201,3.55
255,32001,201,3.71
255,34001,201,3.88
255,36001,201,4.25
255,38001,201,4.75
255,40001,201,5.67
255,42001,201,6.15
255,44001,201,4.59
255,46001,201,3.54
255,48001,201,3.6
255,50001,201,4.51
255,52001,201,4.89
255,54001,201,4.18
255,56001,201,3.71
255,58001,201,3.38
255,60001,201,3.2
255,62001,201,3
255,64001,201,2.9
255,65535,201,3
255,1,211,2.98
255,2001,211,3.4
255,4001,211,4.24
255,6001,211,5.82
255,8001,211,6.16
255,10001,211,6.48
255,12001,211,6.42
255,14001,211,5.25
255,16001,211,4.56
255,18001,211,4.07
255,20001,211,3.76
255,22001,211,3.55
255,24001,211,3.32
255,26001,211,3.24
255,28001,211,3.35
255,30001,211,3.48
255,32001,211,3.63
255,34001,211,3.8
255,36001,211,4.14
255,38001,211,4.6
255,40001,211,5.46
255,42001,211,5.85
255,44001,211,4.34
255,46001,211,3.34
255,48001,211,3.42
255,50001,211,4.28
255,52001,211,4.8
255,54001,211,4.09
255,56001,211,3.64
255,58001,211,3.32
255,60001,211,3.13
255,62001,211,2.96
255,64001,211,2.85
255,65535,211,2.93
255,1,221,2.92
255,2001,221,3.28
255,4001,221,3.93
255,6001,221,5.12
255,8001,221,5.52
255,10001,221,5.95
255,12001,221,6.02
255,14001,221,5.05
255,16001,221,4.44
255,18001,221,3.98
255,20001,221,3.69
255,22001,221,3.49
255,24001,221,3.26
255,26001,221,3.2
255,28001,221,3.3
255,30001,221,3.41
255,32001,221,3.55
255,34001,221,3.71
255,36001,221,4.04
255,38001,221,4.45
255,40001,221,5.26
255,42001,221,5.54
255,44001,221,4.1
255,46001,221,3.14
255,48001,221,3.23
255,50001,221,4.05
255,52001,221,4.71
255,54001,221,4
255,56001,221,3.58
255,58001,221,3.27
255,60001,221,3.06
255,62001,221,2.91
255,64001,221,2.8
255,65535,221,2.85
255,1,231,2.86
255,2001,231,3.16
255,4001,231,3.62
255,6001,231,4.42
255,8001,231,4.88
255,10001,231,5.42
255,12001,231,5.62
255,14001,231,4.84
255,16001,231,4.32
255,18001,231,3.89
255,20001,231,3.63
255,22001,231,3.44
255,24001,231,3.2
255,26001,231,3.15
255,28001,231,3.24
255,30001,231,3.35
255,32001,231,3.48
255,34001,231,3.62
255,36001,231,3.93
255,38001,231,4.31
255,40001,231,5.05
255,42001,231,5.24
255,44001,231,3.85
255,46001,231,2.93
255,48001,231,3.04
255,50001,231,3.83
255,52001,231,4.63
255,54001,231,3.91
255,56001,231,3.52
255,58001,231,3.22
255,60001,231,3
255,62001,231,2.86
255,64001,231,2.74
255,65535,231,2.77
255,1,241,2.8
255,2001,241,3.05
255,4001,241,3.31
255,6001,241,3.73
255,8001,241,4.24
255,10001,241,4.89
255,12001,241,5.22
255,14001,241,4.64
255,16001,241,4.2
255,18001,241,3.8
255,20001,241,3.57
255,22001,241,3.38
255,24001,241,3.14
255,26001,241,3.1
255,28001,241,3.19
255,30001,241,3.28
255,32001,241,3.4
255,34001,241,3.53
255,36001,241,3.82
255,38001,241,4.16
255,40001,241,4.84
255,42001,241,4.94
255,44001,241,3.61
255,46001,241,2.73
255,48001,241,2.85
255,50001,241,3.6
255,52001,241,4.54
255,54001,241,3.82
255,56001,241,3.45
255,58001,241,3.17
255,60001,241,2.93
255,62001,241,2.82
255,64001,241,2.69
255,65535,241,2.7
255,1,251,2.64
255,2001,251,2.91
255,4001,251,3.2
255,6001,251,3.61
255,8001,251,4.06
255,10001,251,4.63
255,12001,251,5.08
255,14001,251,4.6
255,16001,251,4.12
255,18001,251,3.77
255,20001,251,3.49
255,22001,251,3.37
255,24001,251,3.15
255,26001,251,3.07
255,28001,251,3.19
255,30001,251,3.25
255,32001,251,3.35
255,34001,251,3.52
255,36001,251,3.78
255,38001,251,4.06
255,40001,251,4.67
255,42001,251,4.7
255,44001,251,3.48
255,46001,251,2.65
255,48001,251,2.74
255,50001,251,3.47
255,52001,251,4.47
255,54001,251,3.84
255,56001,251,3.4
255,58001,251,3.07
255,60001,251,2.92
255,62001,251,2.8
255,64001,251,2.66
255,65535,251,2.61
255,1,254,2.59
255,2001,254,2.87
255,4001,254,3.17
255,6001,254,3.57
255,8001,254,4.01
255,10001,254,4.55
255,12001,254,5.04
255,14001,254,4.59
255,16001,254,4.1
255,18001,254,3.76
255,20001,254,3.47
255,22001,254,3.37
255,24001,254,3.15
255,26001,254,3.06
255,28001,254,3.19
255,30001,254,3.24
255,32001,254,3.34
255,34001,254,3.52
255,36001,254,3.77
255,38001,254,4.03
255,40001,254,4.62
255,42001,254,4.63
255,44001,254,3.44
255,46001,254,2.62
255,48001,254,2.71
255,50001,254,3.43
255,52001,254,4.45
255,54001,254,3.85
255,56001,254,3.38
255,58001,254,3.04
255,60001,254,2.92
255,62001,254,2.79
255,64001,254,2.65
255,65535,254,2.6
