bri,hue,sat,watt
1,0,0,1.07
1,0,26,1.07
1,0,51,1.07
1,0,77,1.07
1,0,102,1.07
1,0,128,1.07
1,0,153,1.07
1,0,179,1.07
1,0,204,1.07
1,0,230,1.07
1,0,255,1.07
1,1820,0,1.07
1,1820,26,1.07
1,1820,51,1.07
1,1820,77,1.07
1,1820,102,1.14
1,1820,128,1.14
1,1820,153,1.14
1,1820,179,1.14
1,1820,204,1.14
1,1820,230,1.07
1,1820,255,1.07
1,3641,0,1.07
1,3641,26,1.07
1,3641,51,1.07
1,3641,77,1.07
1,3641,102,1.07
1,3641,128,1.07
1,3641,153,1.07
1,3641,179,1.07
1,3641,204,1.07
1,3641,230,1.07
1,3641,255,1.07
1,5461,0,1.07
1,5461,26,1.07
1,5461,51,1.07
1,5461,77,1.07
1,5461,102,1.07
1,5461,128,1.07
1,5461,153,1.07
1,5461,179,1.07
1,5461,204,1.07
1,5461,230,1.07
1,5461,255,1.07
1,7282,0,1.07
1,7282,26,1.07
1,7282,51,1.07
1,7282,77,1.07
1,7282,102,1.07
1,7282,128,1.07
1,7282,153,1.07
1,7282,179,1.07
1,7282,204,1.07
1,7282,230,1.07
1,7282,255,1.07
1,9102,0,1.07
1,9102,26,1.07
1,9102,51,1.07
1,9102,77,1.07
1,9102,102,1.07
1,9102,128,1.07
1,9102,153,1.07
1,9102,179,1.07
1,9102,204,1.07
1,9102,230,1.07
1,9102,255,1.07
1,10922,0,1.07
1,10922,26,1.07
1,10922,51,1.07
1,10922,77,1.07
1,10922,102,1.07
1,10922,128,1.07
1,10922,153,1.07
1,10922,179,1.07
1,10922,204,1.07
1,10922,230,1.07
1,10922,255,1.07
1,12743,0,1.07
1,12743,26,1.07
1,12743,51,1.07
1,12743,77,1.07
1,12743,102,1.07
1,12743,128,1.07
1,12743,153,1.07
1,12743,179,1.07
1,12743,204,1.07
1,12743,230,1.07
1,12743,255,1.07
1,14563,0,1.07
1,14563,26,1.07
1,14563,51,1.07
1,14563,77,1.07
1,14563,102,1.14
1,14563,128,1.14
1,14563,153,1.14
1,14563,179,1.14
1,14563,204,1.07
1,14563,230,1.07
1,14563,255,1.07
1,16384,0,1.07
1,16384,26,1.07
1,16384,51,1.14
1,16384,77,1.14
1,16384,102,1.14
1,16384,128,1.14
1,16384,153,1.14
1,16384,179,1.07
1,16384,204,1.07
1,16384,230,1.07
1,16384,255,1.07
1,18204,0,1.07
1,18204,26,1.07
1,18204,51,1.07
1,18204,77,1.07
1,18204,102,1.07
1,18204,128,1.07
1,18204,153,1.07
1,18204,179,1.07
1,18204,204,1.07
1,18204,230,1.07
1,18204,255,1.07
1,20024,0,1.07
1,20024,26,1.07
1,20024,51,1.07
1,20024,77,1.07
1,20024,102,1.07
1,20024,128,1.07
1,20024,153,1.07
1,20024,179,1.07
1,20024,204,1.07
1,20024,230,1.07
1,20024,255,1.07
1,21845,0,1.07
1,21845,26,1.07
1,21845,51,1.07
1,21845,77,1.07
1,21845,102,1.07
1,21845,128,1.07
1,21845,153,1.07
1,21845,179,1.07
1,21845,204,1.07
1,21845,230,1.07
1,21845,255,1.07
1,23665,0,1.14
1,23665,26,1.14
1,23665,51,1.14
1,23665,77,1.14
1,23665,102,1.14
1,23665,128,1.14
1,23665,153,1.07
1,23665,179,1.07
1,23665,204,1.07
1,23665,230,1.07
1,23665,255,1.07
1,25486,0,1.0
1,25486,26,1.0
1,25486,51,1.0
1,25486,77,1.0
1,25486,102,1.14
1,25486,128,1.14
1,25486,153,1.14
1,25486,179,1.14
1,25486,204,1.14
1,25486,230,1.07
1,25486,255,1.07
1,27306,0,1.07
1,27306,26,1.07
1,27306,51,1.07
1,27306,77,1.14
1,27306,102,1.14
1,27306,128,1.14
1,27306,153,1.14
1,27306,179,1.14
1,27306,204,1.07
1,27306,230,1.07
1,27306,255,1.07
1,29126,0,1.07
1,29126,26,1.07
1,29126,51,1.07
1,29126,77,1.07
1,29126,102,1.07
1,29126,128,1.07
1,29126,153,1.07
1,29126,179,1.07
1,29126,204,1.07
1,29126,230,1.07
1,29126,255,1.07
1,30947,0,1.07
1,30947,26,1.07
1,30947,51,1.07
1,30947,77,1.07
1,30947,102,1.07
1,30947,128,1.07
1,30947,153,1.07
1,30947,179,1.07
1,30947,204,1.07
1,30947,230,1.07
1,30947,255,1.07
1,32767,0,1.07
1,32767,26,1.07
1,32767,51,1.07
1,32767,77,1.07
1,32767,102,1.07
1,32767,128,1.07
1,32767,153,1.07
1,32767,179,1.07
1,32767,204,1.07
1,32767,230,1.07
1,32767,255,1.07
1,34588,0,1.07
1,34588,26,1.07
1,34588,51,1.07
1,34588,77,1.07
1,34588,102,1.07
1,34588,128,1.07
1,34588,153,1.07
1,34588,179,1.07
1,34588,204,1.07
1,34588,230,1.07
1,34588,255,1.07
1,36408,0,1.07
1,36408,26,1.07
1,36408,51,1.07
1,36408,77,1.07
1,36408,102,1.07
1,36408,128,1.14
1,36408,153,1.14
1,36408,179,1.14
1,36408,204,1.14
1,36408,230,1.14
1,36408,255,1.07
1,38228,0,1.07
1,38228,26,1.07
1,38228,51,1.07
1,38228,77,1.07
1,38228,102,1.07
1,38228,128,1.07
1,38228,153,1.07
1,38228,179,1.07
1,38228,204,1.07
1,38228,230,1.07
1,38228,255,1.07
1,40049,0,1.07
1,40049,26,1.07
1,40049,51,1.07
1,40049,77,1.07
1,40049,102,1.07
1,40049,128,1.07
1,40049,153,1.07
1,40049,179,1.07
1,40049,204,1.07
1,40049,230,1.07
1,40049,255,1.07
1,41869,0,1.07
1,41869,26,1.07
1,41869,51,1.07
1,41869,77,1.07
1,41869,102,1.07
1,41869,128,1.07
1,41869,153,1.07
1,41869,179,1.07
1,41869,204,1.07
1,41869,230,1.07
1,41869,255,1.07
1,43690,0,1.07
1,43690,26,1.07
1,43690,51,1.07
1,43690,77,1.07
1,43690,102,1.07
1,43690,128,1.07
1,43690,153,1.07
1,43690,179,1.07
1,43690,204,1.07
1,43690,230,1.07
1,43690,255,1.07
1,45510,0,1.07
1,45510,26,1.07
1,45510,51,1.07
1,45510,77,1.07
1,45510,102,1.07
1,45510,128,1.07
1,45510,153,1.07
1,45510,179,1.07
1,45510,204,1.07
1,45510,230,1.07
1,45510,255,1.07
1,47330,0,1.07
1,47330,26,1.07
1,47330,51,1.07
1,47330,77,1.07
1,47330,102,1.07
1,47330,128,1.07
1,47330,153,1.07
1,47330,179,1.07
1,47330,204,1.07
1,47330,230,1.07
1,47330,255,1.07
1,49151,0,1.07
1,49151,26,1.07
1,49151,51,1.07
1,49151,77,1.07
1,49151,102,1.07
1,49151,128,1.07
1,49151,153,1.07
1,49151,179,1.07
1,49151,204,1.07
1,49151,230,1.07
1,49151,255,1.07
1,50971,0,1.07
1,50971,26,1.07
1,50971,51,1.07
1,50971,77,1.07
1,50971,102,1.07
1,50971,128,1.07
1,50971,153,1.07
1,50971,179,1.07
1,50971,204,1.07
1,50971,230,1.07
1,50971,255,1.07
1,52792,0,1.07
1,52792,26,1.07
1,52792,51,1.07
1,52792,77,1.07
1,52792,102,1.07
1,52792,128,1.07
1,52792,153,1.07
1,52792,179,1.07
1,52792,204,1.07
1,52792,230,1.07
1,52792,255,1.07
1,54612,0,1.07
1,54612,26,1.07
1,54612,51,1.07
1,54612,77,1.07
1,54612,102,1.07
1,54612,128,1.07
1,54612,153,1.07
1,54612,179,1.07
1,54612,204,1.07
1,54612,230,1.07
1,54612,255,1.07
1,56432,0,1.07
1,56432,26,1.07
1,56432,51,1.07
1,56432,77,1.07
1,56432,102,1.07
1,56432,128,1.07
1,56432,153,1.07
1,56432,179,1.0
1,56432,204,1.0
1,56432,230,1.0
1,56432,255,1.0
1,58253,0,1.0
1,58253,26,1.0
1,58253,51,1.07
1,58253,77,1.07
1,58253,102,1.07
1,58253,128,1.07
1,58253,153,1.07
1,58253,179,1.07
1,58253,204,1.07
1,58253,230,1.07
1,58253,255,1.07
1,60073,0,1.0
1,60073,26,1.0
1,60073,51,1.0
1,60073,77,1.0
1,60073,102,1.0
1,60073,128,1.07
1,60073,153,1.07
1,60073,179,1.07
1,60073,204,1.07
1,60073,230,1.07
1,60073,255,1.07
1,61894,0,1.07
1,61894,26,1.07
1,61894,51,1.07
1,61894,77,1.07
1,61894,102,1.07
1,61894,128,1.07
1,61894,153,1.07
1,61894,179,1.07
1,61894,204,1.07
1,61894,230,1.07
1,61894,255,1.07
1,63714,0,1.07
1,63714,26,1.07
1,63714,51,1.07
1,63714,77,1.07
1,63714,102,1.07
1,63714,128,1.07
1,63714,153,1.07
1,63714,179,1.07
1,63714,204,1.07
1,63714,230,1.07
1,63714,255,1.07
1,65534,0,1.07
1,65534,26,1.07
1,65534,51,1.07
1,65534,77,1.07
1,65534,102,1.07
1,65534,128,1.07
1,65534,153,1.07
1,65534,179,1.07
1,65534,204,1.07
1,65534,230,1.07
1,65534,255,1.07
11,0,0,1.07
11,0,26,1.07
11,0,51,1.07
11,0,77,1.07
11,0,102,1.07
11,0,128,1.07
11,0,153,1.07
11,0,179,1.07
11,0,204,1.07
11,0,230,1.07
11,0,255,1.07
11,1820,0,1.07
11,1820,26,1.07
11,1820,51,1.07
11,1820,77,1.14
11,1820,102,1.14
11,1820,128,1.14
11,1820,153,1.07
11,1820,179,1.07
11,1820,204,1.07
11,1820,230,1.07
11,1820,255,1.07
11,3641,0,1.07
11,3641,26,1.07
11,3641,51,1.07
11,3641,77,1.07
11,3641,102,1.07
11,3641,128,1.07
11,3641,153,1.07
11,3641,179,1.07
11,3641,204,1.07
11,3641,230,1.07
11,3641,255,1.0
11,5461,0,1.0
11,5461,26,1.0
11,5461,51,1.0
11,5461,77,1.0
11,5461,102,1.14
11,5461,128,1.14
11,5461,153,1.14
11,5461,179,1.14
11,5461,204,1.14
11,5461,230,1.07
11,5461,255,1.07
11,7282,0,1.07
11,7282,26,1.07
11,7282,51,1.14
11,7282,77,1.14
11,7282,102,1.14
11,7282,128,1.14
11,7282,153,1.14
11,7282,179,1.14
11,7282,204,1.14
11,7282,230,1.14
11,7282,255,1.14
11,9102,0,1.14
11,9102,26,1.14
11,9102,51,1.14
11,9102,77,1.14
11,9102,102,1.14
11,9102,128,1.07
11,9102,153,1.07
11,9102,179,1.07
11,9102,204,1.07
11,9102,230,1.07
11,9102,255,1.0
11,10922,0,1.0
11,10922,26,1.0
11,10922,51,1.0
11,10922,77,1.0
11,10922,102,1.07
11,10922,128,1.07
11,10922,153,1.07
11,10922,179,1.07
11,10922,204,1.07
11,10922,230,1.0
11,10922,255,1.0
11,12743,0,1.0
11,12743,26,1.0
11,12743,51,1.07
11,12743,77,1.07
11,12743,102,1.07
11,12743,128,1.07
11,12743,153,1.07
11,12743,179,1.07
11,12743,204,1.07
11,12743,230,1.07
11,12743,255,1.07
11,14563,0,1.07
11,14563,26,1.07
11,14563,51,1.07
11,14563,77,1.07
11,14563,102,1.07
11,14563,128,1.07
11,14563,153,1.07
11,14563,179,1.07
11,14563,204,1.07
11,14563,230,1.07
11,14563,255,1.07
11,16384,0,1.07
11,16384,26,1.07
11,16384,51,1.07
11,16384,77,1.07
11,16384,102,1.07
11,16384,128,1.14
11,16384,153,1.14
11,16384,179,1.14
11,16384,204,1.14
11,16384,230,1.07
11,16384,255,1.07
11,18204,0,1.07
11,18204,26,1.07
11,18204,51,1.07
11,18204,77,1.07
11,18204,102,1.07
11,18204,128,1.07
11,18204,153,1.07
11,18204,179,1.07
11,18204,204,1.07
11,18204,230,1.07
11,18204,255,1.07
11,20024,0,1.07
11,20024,26,1.07
11,20024,51,1.07
11,20024,77,1.07
11,20024,102,1.07
11,20024,128,1.07
11,20024,153,1.07
11,20024,179,1.07
11,20024,204,1.07
11,20024,230,1.07
11,20024,255,1.07
11,21845,0,1.07
11,21845,26,1.07
11,21845,51,1.07
11,21845,77,1.07
11,21845,102,1.07
11,21845,128,1.07
11,21845,153,1.07
11,21845,179,1.07
11,21845,204,1.07
11,21845,230,1.07
11,21845,255,1.07
11,23665,0,1.07
11,23665,26,1.07
11,23665,51,1.07
11,23665,77,1.07
11,23665,102,1.07
11,23665,128,1.07
11,23665,153,1.07
11,23665,179,1.07
11,23665,204,1.07
11,23665,230,1.07
11,23665,255,1.07
11,25486,0,1.07
11,25486,26,1.07
11,25486,51,1.14
11,25486,77,1.14
11,25486,102,1.14
11,25486,128,1.14
11,25486,153,1.07
11,25486,179,1.07
11,25486,204,1.07
11,25486,230,1.07
11,25486,255,1.07
11,27306,0,1.07
11,27306,26,1.07
11,27306,51,1.07
11,27306,77,1.07
11,27306,102,1.07
11,27306,128,1.07
11,27306,153,1.07
11,27306,179,1.07
11,27306,204,1.07
11,27306,230,1.07
11,27306,255,1.07
11,29126,0,1.07
11,29126,26,1.07
11,29126,51,1.07
11,29126,77,1.07
11,29126,102,1.07
11,29126,128,1.07
11,29126,153,1.07
11,29126,179,1.07
11,29126,204,1.07
11,29126,230,1.07
11,29126,255,1.07
11,30947,0,1.07
11,30947,26,1.07
11,30947,51,1.07
11,30947,77,1.07
11,30947,102,1.07
11,30947,128,1.07
11,30947,153,1.07
11,30947,179,1.07
11,30947,204,1.07
11,30947,230,1.07
11,30947,255,1.07
11,32767,0,1.07
11,32767,26,1.14
11,32767,51,1.14
11,32767,77,1.14
11,32767,102,1.14
11,32767,128,1.14
11,32767,153,1.07
11,32767,179,1.07
11,32767,204,1.07
11,32767,230,1.07
11,32767,255,1.07
11,34588,0,1.07
11,34588,26,1.07
11,34588,51,1.07
11,34588,77,1.07
11,34588,102,1.07
11,34588,128,1.07
11,34588,153,1.07
11,34588,179,1.07
11,34588,204,1.07
11,34588,230,1.0
11,34588,255,1.0
11,36408,0,1.0
11,36408,26,1.0
11,36408,51,1.07
11,36408,77,1.07
11,36408,102,1.07
11,36408,128,1.07
11,36408,153,1.07
11,36408,179,1.07
11,36408,204,1.07
11,36408,230,1.07
11,36408,255,1.07
11,38228,0,1.07
11,38228,26,1.14
11,38228,51,1.14
11,38228,77,1.14
11,38228,102,1.14
11,38228,128,1.07
11,38228,153,1.07
11,38228,179,1.07
11,38228,204,1.07
11,38228,230,1.07
11,38228,255,1.07
11,40049,0,1.07
11,40049,26,1.07
11,40049,51,1.07
11,40049,77,1.07
11,40049,102,1.07
11,40049,128,1.07
11,40049,153,1.07
11,40049,179,1.07
11,40049,204,1.07
11,40049,230,1.07
11,40049,255,1.07
11,41869,0,1.07
11,41869,26,1.07
11,41869,51,1.07
11,41869,77,1.07
11,41869,102,1.07
11,41869,128,1.07
11,41869,153,1.07
11,41869,179,1.07
11,41869,204,1.07
11,41869,230,1.07
11,41869,255,1.07
11,43690,0,1.07
11,43690,26,1.07
11,43690,51,1.07
11,43690,77,1.07
11,43690,102,1.07
11,43690,128,1.07
11,43690,153,1.07
11,43690,179,1.07
11,43690,204,1.07
11,43690,230,1.07
11,43690,255,1.07
11,45510,0,1.07
11,45510,26,1.07
11,45510,51,1.07
11,45510,77,1.07
11,45510,102,1.07
11,45510,128,1.07
11,45510,153,1.07
11,45510,179,1.07
11,45510,204,1.07
11,45510,230,1.07
11,45510,255,1.07
11,47330,0,1.07
11,47330,26,1.07
11,47330,51,1.07
11,47330,77,1.07
11,47330,102,1.07
11,47330,128,1.07
11,47330,153,1.07
11,47330,179,1.07
11,47330,204,1.07
11,47330,230,1.07
11,47330,255,1.07
11,49151,0,1.07
11,49151,26,1.07
11,49151,51,1.07
11,49151,77,1.07
11,49151,102,1.07
11,49151,128,1.07
11,49151,153,1.07
11,49151,179,1.07
11,49151,204,1.07
11,49151,230,1.07
11,49151,255,1.07
11,50971,0,1.07
11,50971,26,1.07
11,50971,51,1.07
11,50971,77,1.07
11,50971,102,1.07
11,50971,128,1.07
11,50971,153,1.07
11,50971,179,1.07
11,50971,204,1.07
11,50971,230,1.07
11,50971,255,1.07
11,52792,0,1.07
11,52792,26,1.07
11,52792,51,1.07
11,52792,77,1.07
11,52792,102,1.07
11,52792,128,1.07
11,52792,153,1.07
11,52792,179,1.07
11,52792,204,1.0
11,52792,230,1.0
11,52792,255,1.0
11,54612,0,1.0
11,54612,26,1.0
11,54612,51,1.0
11,54612,77,1.07
11,54612,102,1.07
11,54612,128,1.07
11,54612,153,1.07
11,54612,179,1.07
11,54612,204,1.07
11,54612,230,1.07
11,54612,255,1.07
11,56432,0,1.07
11,56432,26,1.07
11,56432,51,1.07
11,56432,77,1.07
11,56432,102,1.07
11,56432,128,1.07
11,56432,153,1.07
11,56432,179,1.07
11,56432,204,1.07
11,56432,230,1.07
11,56432,255,1.07
11,58253,0,1.07
11,58253,26,1.07
11,58253,51,1.07
11,58253,77,1.07
11,58253,102,1.07
11,58253,128,1.07
11,58253,153,1.07
11,58253,179,1.07
11,58253,204,1.07
11,58253,230,1.07
11,58253,255,1.07
11,60073,0,1.07
11,60073,26,1.07
11,60073,51,1.07
11,60073,77,1.07
11,60073,102,1.07
11,60073,128,1.07
11,60073,153,1.07
11,60073,179,1.07
11,60073,204,1.07
11,60073,230,1.07
11,60073,255,1.07
11,61894,0,1.07
11,61894,26,1.07
11,61894,51,1.07
11,61894,77,1.07
11,61894,102,1.07
11,61894,128,1.07
11,61894,153,1.07
11,61894,179,1.07
11,61894,204,1.07
11,61894,230,1.07
11,61894,255,1.07
11,63714,0,1.07
11,63714,26,1.07
11,63714,51,1.07
11,63714,77,1.07
11,63714,102,1.07
11,63714,128,1.07
11,63714,153,1.07
11,63714,179,1.07
11,63714,204,1.07
11,63714,230,1.07
11,63714,255,1.07
11,65534,0,1.07
11,65534,26,1.07
11,65534,51,1.07
11,65534,77,1.07
11,65534,102,1.07
11,65534,128,1.07
11,65534,153,1.07
11,65534,179,1.07
11,65534,204,1.07
11,65534,230,1.07
11,65534,255,1.07
21,0,0,1.07
21,0,26,1.07
21,0,51,1.07
21,0,77,1.07
21,0,102,1.07
21,0,128,1.07
21,0,153,1.07
21,0,179,1.07
21,0,204,1.07
21,0,230,1.07
21,0,255,1.07
21,1820,0,1.07
21,1820,26,1.07
21,1820,51,1.07
21,1820,77,1.07
21,1820,102,1.14
21,1820,128,1.14
21,1820,153,1.14
21,1820,179,1.14
21,1820,204,1.14
21,1820,230,1.14
21,1820,255,1.07
21,3641,0,1.07
21,3641,26,1.07
21,3641,51,1.07
21,3641,77,1.07
21,3641,102,1.07
21,3641,128,1.07
21,3641,153,1.07
21,3641,179,1.07
21,3641,204,1.14
21,3641,230,1.14
21,3641,255,1.14
21,5461,0,1.14
21,5461,26,1.14
21,5461,51,1.14
21,5461,77,1.14
21,5461,102,1.14
21,5461,128,1.14
21,5461,153,1.14
21,5461,179,1.14
21,5461,204,1.14
21,5461,230,1.14
21,5461,255,1.14
21,7282,0,1.07
21,7282,26,1.07
21,7282,51,1.07
21,7282,77,1.07
21,7282,102,1.07
21,7282,128,1.14
21,7282,153,1.14
21,7282,179,1.14
21,7282,204,1.14
21,7282,230,1.14
21,7282,255,1.07
21,9102,0,1.07
21,9102,26,1.07
21,9102,51,1.07
21,9102,77,1.14
21,9102,102,1.14
21,9102,128,1.14
21,9102,153,1.14
21,9102,179,1.14
21,9102,204,1.07
21,9102,230,1.07
21,9102,255,1.07
21,10922,0,1.07
21,10922,26,1.07
21,10922,51,1.14
21,10922,77,1.14
21,10922,102,1.14
21,10922,128,1.14
21,10922,153,1.14
21,10922,179,1.07
21,10922,204,1.07
21,10922,230,1.07
21,10922,255,1.07
21,12743,0,1.07
21,12743,26,1.07
21,12743,51,1.07
21,12743,77,1.07
21,12743,102,1.07
21,12743,128,1.14
21,12743,153,1.14
21,12743,179,1.14
21,12743,204,1.14
21,12743,230,1.14
21,12743,255,1.07
21,14563,0,1.07
21,14563,26,1.07
21,14563,51,1.07
21,14563,77,1.14
21,14563,102,1.14
21,14563,128,1.14
21,14563,153,1.14
21,14563,179,1.14
21,14563,204,1.07
21,14563,230,1.07
21,14563,255,1.07
21,16384,0,1.07
21,16384,26,1.07
21,16384,51,1.07
21,16384,77,1.07
21,16384,102,1.07
21,16384,128,1.07
21,16384,153,1.07
21,16384,179,1.07
21,16384,204,1.07
21,16384,230,1.07
21,16384,255,1.07
21,18204,0,1.07
21,18204,26,1.07
21,18204,51,1.07
21,18204,77,1.07
21,18204,102,1.07
21,18204,128,1.14
21,18204,153,1.14
21,18204,179,1.14
21,18204,204,1.14
21,18204,230,1.14
21,18204,255,1.07
21,20024,0,1.07
21,20024,26,1.07
21,20024,51,1.07
21,20024,77,1.07
21,20024,102,1.07
21,20024,128,1.07
21,20024,153,1.07
21,20024,179,1.07
21,20024,204,1.07
21,20024,230,1.07
21,20024,255,1.07
21,21845,0,1.07
21,21845,26,1.07
21,21845,51,1.14
21,21845,77,1.14
21,21845,102,1.14
21,21845,128,1.14
21,21845,153,1.14
21,21845,179,1.14
21,21845,204,1.14
21,21845,230,1.14
21,21845,255,1.14
21,23665,0,1.14
21,23665,26,1.14
21,23665,51,1.14
21,23665,77,1.14
21,23665,102,1.14
21,23665,128,1.07
21,23665,153,1.07
21,23665,179,1.07
21,23665,204,1.07
21,23665,230,1.07
21,23665,255,1.07
21,25486,0,1.07
21,25486,26,1.07
21,25486,51,1.07
21,25486,77,1.07
21,25486,102,1.07
21,25486,128,1.14
21,25486,153,1.14
21,25486,179,1.14
21,25486,204,1.14
21,25486,230,1.07
21,25486,255,1.07
21,27306,0,1.07
21,27306,26,1.07
21,27306,51,1.07
21,27306,77,1.14
21,27306,102,1.14
21,27306,128,1.14
21,27306,153,1.14
21,27306,179,1.14
21,27306,204,1.07
21,27306,230,1.07
21,27306,255,1.07
21,29126,0,1.07
21,29126,26,1.14
21,29126,51,1.14
21,29126,77,1.14
21,29126,102,1.14
21,29126,128,1.14
21,29126,153,1.07
21,29126,179,1.07
21,29126,204,1.07
21,29126,230,1.07
21,29126,255,1.07
21,30947,0,1.07
21,30947,26,1.07
21,30947,51,1.07
21,30947,77,1.07
21,30947,102,1.07
21,30947,128,1.07
21,30947,153,1.07
21,30947,179,1.07
21,30947,204,1.07
21,30947,230,1.07
21,30947,255,1.07
21,32767,0,1.07
21,32767,26,1.07
21,32767,51,1.07
21,32767,77,1.07
21,32767,102,1.07
21,32767,128,1.07
21,32767,153,1.07
21,32767,179,1.07
21,32767,204,1.07
21,32767,230,1.07
21,32767,255,1.07
21,34588,0,1.07
21,34588,26,1.07
21,34588,51,1.07
21,34588,77,1.07
21,34588,102,1.07
21,34588,128,1.07
21,34588,153,1.07
21,34588,179,1.07
21,34588,204,1.07
21,34588,230,1.07
21,34588,255,1.07
21,36408,0,1.07
21,36408,26,1.07
21,36408,51,1.07
21,36408,77,1.07
21,36408,102,1.07
21,36408,128,1.07
21,36408,153,1.07
21,36408,179,1.07
21,36408,204,1.07
21,36408,230,1.0
21,36408,255,1.0
21,38228,0,1.0
21,38228,26,1.0
21,38228,51,1.0
21,38228,77,1.0
21,38228,102,1.07
21,38228,128,1.07
21,38228,153,1.07
21,38228,179,1.07
21,38228,204,1.07
21,38228,230,1.07
21,38228,255,1.07
21,40049,0,1.07
21,40049,26,1.07
21,40049,51,1.14
21,40049,77,1.14
21,40049,102,1.14
21,40049,128,1.14
21,40049,153,1.14
21,40049,179,1.07
21,40049,204,1.07
21,40049,230,1.07
21,40049,255,1.07
21,41869,0,1.07
21,41869,26,1.14
21,41869,51,1.14
21,41869,77,1.14
21,41869,102,1.14
21,41869,128,1.07
21,41869,153,1.07
21,41869,179,1.07
21,41869,204,1.07
21,41869,230,1.07
21,41869,255,1.07
21,43690,0,1.07
21,43690,26,1.07
21,43690,51,1.07
21,43690,77,1.07
21,43690,102,1.07
21,43690,128,1.07
21,43690,153,1.07
21,43690,179,1.07
21,43690,204,1.07
21,43690,230,1.07
21,43690,255,1.07
21,45510,0,1.07
21,45510,26,1.07
21,45510,51,1.14
21,45510,77,1.14
21,45510,102,1.14
21,45510,128,1.14
21,45510,153,1.14
21,45510,179,1.07
21,45510,204,1.07
21,45510,230,1.07
21,45510,255,1.07
21,47330,0,1.07
21,47330,26,1.14
21,47330,51,1.14
21,47330,77,1.14
21,47330,102,1.14
21,47330,128,1.07
21,47330,153,1.07
21,47330,179,1.07
21,47330,204,1.07
21,47330,230,1.07
21,47330,255,1.07
21,49151,0,1.07
21,49151,26,1.07
21,49151,51,1.07
21,49151,77,1.07
21,49151,102,1.07
21,49151,128,1.07
21,49151,153,1.07
21,49151,179,1.07
21,49151,204,1.07
21,49151,230,1.07
21,49151,255,1.07
21,50971,0,1.07
21,50971,26,1.07
21,50971,51,1.07
21,50971,77,1.07
21,50971,102,1.07
21,50971,128,1.07
21,50971,153,1.07
21,50971,179,1.07
21,50971,204,1.07
21,50971,230,1.07
21,50971,255,1.07
21,52792,0,1.07
21,52792,26,1.07
21,52792,51,1.14
21,52792,77,1.14
21,52792,102,1.14
21,52792,128,1.14
21,52792,153,1.14
21,52792,179,1.14
21,52792,204,1.14
21,52792,230,1.14
21,52792,255,1.07
21,54612,0,1.07
21,54612,26,1.07
21,54612,51,1.07
21,54612,77,1.07
21,54612,102,1.07
21,54612,128,1.14
21,54612,153,1.14
21,54612,179,1.14
21,54612,204,1.07
21,54612,230,1.07
21,54612,255,1.07
21,56432,0,1.07
21,56432,26,1.07
21,56432,51,1.07
21,56432,77,1.07
21,56432,102,1.07
21,56432,128,1.07
21,56432,153,1.07
21,56432,179,1.07
21,56432,204,1.07
21,56432,230,1.07
21,56432,255,1.07
21,58253,0,1.07
21,58253,26,1.07
21,58253,51,1.14
21,58253,77,1.14
21,58253,102,1.14
21,58253,128,1.14
21,58253,153,1.07
21,58253,179,1.07
21,58253,204,1.07
21,58253,230,1.07
21,58253,255,1.07
21,60073,0,1.07
21,60073,26,1.07
21,60073,51,1.07
21,60073,77,1.07
21,60073,102,1.07
21,60073,128,1.07
21,60073,153,1.07
21,60073,179,1.07
21,60073,204,1.07
21,60073,230,1.07
21,60073,255,1.07
21,61894,0,1.07
21,61894,26,1.07
21,61894,51,1.07
21,61894,77,1.14
21,61894,102,1.14
21,61894,128,1.14
21,61894,153,1.14
21,61894,179,1.14
21,61894,204,1.07
21,61894,230,1.07
21,61894,255,1.07
21,63714,0,1.07
21,63714,26,1.07
21,63714,51,1.07
21,63714,77,1.07
21,63714,102,1.07
21,63714,128,1.07
21,63714,153,1.07
21,63714,179,1.07
21,63714,204,1.07
21,63714,230,1.07
21,63714,255,1.07
21,65534,0,1.07
21,65534,26,1.07
21,65534,51,1.07
21,65534,77,1.07
21,65534,102,1.07
21,65534,128,1.07
21,65534,153,1.07
21,65534,179,1.07
21,65534,204,1.07
21,65534,230,1.07
21,65534,255,1.14
31,0,0,1.14
31,0,26,1.14
31,0,51,1.14
31,0,77,1.14
31,0,102,1.14
31,0,128,1.14
31,0,153,1.14
31,0,179,1.14
31,0,204,1.14
31,0,230,1.14
31,0,255,1.14
31,1820,0,1.14
31,1820,26,1.14
31,1820,51,1.14
31,1820,77,1.14
31,1820,102,1.14
31,1820,128,1.14
31,1820,153,1.14
31,1820,179,1.14
31,1820,204,1.14
31,1820,230,1.14
31,1820,255,1.14
31,3641,0,1.14
31,3641,26,1.14
31,3641,51,1.14
31,3641,77,1.14
31,3641,102,1.14
31,3641,128,1.14
31,3641,153,1.14
31,3641,179,1.14
31,3641,204,1.14
31,3641,230,1.07
31,3641,255,1.07
31,5461,0,1.07
31,5461,26,1.07
31,5461,51,1.07
31,5461,77,1.07
31,5461,102,1.14
31,5461,128,1.14
31,5461,153,1.14
31,5461,179,1.14
31,5461,204,1.14
31,5461,230,1.14
31,5461,255,1.14
31,7282,0,1.14
31,7282,26,1.14
31,7282,51,1.14
31,7282,77,1.21
31,7282,102,1.21
31,7282,128,1.21
31,7282,153,1.21
31,7282,179,1.07
31,7282,204,1.07
31,7282,230,1.07
31,7282,255,1.07
31,9102,0,1.07
31,9102,26,1.14
31,9102,51,1.14
31,9102,77,1.14
31,9102,102,1.14
31,9102,128,1.14
31,9102,153,1.14
31,9102,179,1.14
31,9102,204,1.14
31,9102,230,1.14
31,9102,255,1.07
31,10922,0,1.07
31,10922,26,1.07
31,10922,51,1.07
31,10922,77,1.07
31,10922,102,1.21
31,10922,128,1.21
31,10922,153,1.21
31,10922,179,1.21
31,10922,204,1.21
31,10922,230,1.14
31,10922,255,1.14
31,12743,0,1.14
31,12743,26,1.14
31,12743,51,1.21
31,12743,77,1.21
31,12743,102,1.21
31,12743,128,1.21
31,12743,153,1.21
31,12743,179,1.14
31,12743,204,1.14
31,12743,230,1.14
31,12743,255,1.14
31,14563,0,1.14
31,14563,26,1.21
31,14563,51,1.21
31,14563,77,1.21
31,14563,102,1.21
31,14563,128,1.14
31,14563,153,1.14
31,14563,179,1.14
31,14563,204,1.14
31,14563,230,1.14
31,14563,255,1.07
31,16384,0,1.07
31,16384,26,1.07
31,16384,51,1.07
31,16384,77,1.07
31,16384,102,1.07
31,16384,128,1.21
31,16384,153,1.21
31,16384,179,1.21
31,16384,204,1.21
31,16384,230,1.21
31,16384,255,1.07
31,18204,0,1.07
31,18204,26,1.07
31,18204,51,1.07
31,18204,77,1.14
31,18204,102,1.14
31,18204,128,1.14
31,18204,153,1.14
31,18204,179,1.14
31,18204,204,1.07
31,18204,230,1.07
31,18204,255,1.07
31,20024,0,1.07
31,20024,26,1.07
31,20024,51,1.14
31,20024,77,1.14
31,20024,102,1.14
31,20024,128,1.14
31,20024,153,1.14
31,20024,179,1.14
31,20024,204,1.14
31,20024,230,1.14
31,20024,255,1.14
31,21845,0,1.07
31,21845,26,1.07
31,21845,51,1.07
31,21845,77,1.07
31,21845,102,1.07
31,21845,128,1.14
31,21845,153,1.14
31,21845,179,1.14
31,21845,204,1.14
31,21845,230,1.07
31,21845,255,1.07
31,23665,0,1.07
31,23665,26,1.07
31,23665,51,1.07
31,23665,77,1.21
31,23665,102,1.21
31,23665,128,1.21
31,23665,153,1.21
31,23665,179,1.21
31,23665,204,1.07
31,23665,230,1.07
31,23665,255,1.07
31,25486,0,1.07
31,25486,26,1.07
31,25486,51,1.14
31,25486,77,1.14
31,25486,102,1.14
31,25486,128,1.14
31,25486,153,1.07
31,25486,179,1.07
31,25486,204,1.07
31,25486,230,1.07
31,25486,255,1.07
31,27306,0,1.14
31,27306,26,1.14
31,27306,51,1.14
31,27306,77,1.14
31,27306,102,1.14
31,27306,128,1.14
31,27306,153,1.14
31,27306,179,1.14
31,27306,204,1.14
31,27306,230,1.14
31,27306,255,1.07
31,29126,0,1.07
31,29126,26,1.07
31,29126,51,1.07
31,29126,77,1.07
31,29126,102,1.14
31,29126,128,1.14
31,29126,153,1.14
31,29126,179,1.14
31,29126,204,1.14
31,29126,230,1.07
31,29126,255,1.07
31,30947,0,1.07
31,30947,26,1.07
31,30947,51,1.21
31,30947,77,1.21
31,30947,102,1.21
31,30947,128,1.21
31,30947,153,1.21
31,30947,179,1.07
31,30947,204,1.07
31,30947,230,1.07
31,30947,255,1.07
31,32767,0,1.07
31,32767,26,1.14
31,32767,51,1.14
31,32767,77,1.14
31,32767,102,1.14
31,32767,128,1.07
31,32767,153,1.07
31,32767,179,1.07
31,32767,204,1.07
31,32767,230,1.07
31,32767,255,1.07
31,34588,0,1.07
31,34588,26,1.07
31,34588,51,1.07
31,34588,77,1.07
31,34588,102,1.14
31,34588,128,1.14
31,34588,153,1.14
31,34588,179,1.14
31,34588,204,1.14
31,34588,230,1.0
31,34588,255,1.0
31,36408,0,1.0
31,36408,26,1.0
31,36408,51,1.14
31,36408,77,1.14
31,36408,102,1.14
31,36408,128,1.14
31,36408,153,1.14
31,36408,179,1.07
31,36408,204,1.07
31,36408,230,1.07
31,36408,255,1.07
31,38228,0,1.07
31,38228,26,1.21
31,38228,51,1.21
31,38228,77,1.21
31,38228,102,1.21
31,38228,128,1.14
31,38228,153,1.14
31,38228,179,1.14
31,38228,204,1.14
31,38228,230,1.14
31,38228,255,1.07
31,40049,0,1.07
31,40049,26,1.07
31,40049,51,1.07
31,40049,77,1.07
31,40049,102,1.14
31,40049,128,1.14
31,40049,153,1.14
31,40049,179,1.14
31,40049,204,1.14
31,40049,230,1.14
31,40049,255,1.07
31,41869,0,1.07
31,41869,26,1.07
31,41869,51,1.14
31,41869,77,1.14
31,41869,102,1.14
31,41869,128,1.14
31,41869,153,1.14
31,41869,179,1.14
31,41869,204,1.07
31,41869,230,1.07
31,41869,255,1.07
31,43690,0,1.07
31,43690,26,1.07
31,43690,51,1.21
31,43690,77,1.21
31,43690,102,1.21
31,43690,128,1.21
31,43690,153,1.07
31,43690,179,1.07
31,43690,204,1.07
31,43690,230,1.07
31,43690,255,1.07
31,45510,0,1.07
31,45510,26,1.07
31,45510,51,1.07
31,45510,77,1.07
31,45510,102,1.07
31,45510,128,1.14
31,45510,153,1.14
31,45510,179,1.14
31,45510,204,1.14
31,45510,230,1.14
31,45510,255,1.07
31,47330,0,1.07
31,47330,26,1.07
31,47330,51,1.07
31,47330,77,1.14
31,47330,102,1.14
31,47330,128,1.14
31,47330,153,1.14
31,47330,179,1.14
31,47330,204,1.07
31,47330,230,1.07
31,47330,255,1.07
31,49151,0,1.07
31,49151,26,1.07
31,49151,51,1.14
31,49151,77,1.14
31,49151,102,1.14
31,49151,128,1.14
31,49151,153,1.14
31,49151,179,1.14
31,49151,204,1.14
31,49151,230,1.14
31,49151,255,1.14
31,50971,0,1.07
31,50971,26,1.07
31,50971,51,1.07
31,50971,77,1.07
31,50971,102,1.07
31,50971,128,1.14
31,50971,153,1.14
31,50971,179,1.14
31,50971,204,1.14
31,50971,230,1.07
31,50971,255,1.07
31,52792,0,1.07
31,52792,26,1.07
31,52792,51,1.07
31,52792,77,1.14
31,52792,102,1.14
31,52792,128,1.14
31,52792,153,1.14
31,52792,179,1.14
31,52792,204,1.07
31,52792,230,1.07
31,52792,255,1.07
31,54612,0,1.07
31,54612,26,1.07
31,54612,51,1.14
31,54612,77,1.14
31,54612,102,1.14
31,54612,128,1.14
31,54612,153,1.07
31,54612,179,1.07
31,54612,204,1.07
31,54612,230,1.07
31,54612,255,1.07
31,56432,0,1.21
31,56432,26,1.21
31,56432,51,1.21
31,56432,77,1.21
31,56432,102,1.21
31,56432,128,1.21
31,56432,153,1.07
31,56432,179,1.07
31,56432,204,1.07
31,56432,230,1.07
31,56432,255,1.07
31,58253,0,1.07
31,58253,26,1.07
31,58253,51,1.07
31,58253,77,1.07
31,58253,102,1.14
31,58253,128,1.14
31,58253,153,1.14
31,58253,179,1.14
31,58253,204,1.14
31,58253,230,1.07
31,58253,255,1.07
31,60073,0,1.07
31,60073,26,1.07
31,60073,51,1.14
31,60073,77,1.14
31,60073,102,1.14
31,60073,128,1.14
31,60073,153,1.14
31,60073,179,1.07
31,60073,204,1.07
31,60073,230,1.07
31,60073,255,1.07
31,61894,0,1.07
31,61894,26,1.21
31,61894,51,1.21
31,61894,77,1.21
31,61894,102,1.21
31,61894,128,1.21
31,61894,153,1.14
31,61894,179,1.14
31,61894,204,1.14
31,61894,230,1.14
31,61894,255,1.07
31,63714,0,1.07
31,63714,26,1.07
31,63714,51,1.07
31,63714,77,1.07
31,63714,102,1.14
31,63714,128,1.14
31,63714,153,1.14
31,63714,179,1.14
31,63714,204,1.14
31,63714,230,1.14
31,63714,255,1.14
31,65534,0,1.14
31,65534,26,1.14
31,65534,51,1.14
31,65534,77,1.14
31,65534,102,1.14
31,65534,128,1.14
31,65534,153,1.14
31,65534,179,1.14
31,65534,204,1.14
31,65534,230,1.14
31,65534,255,1.14
41,0,0,1.14
41,0,26,1.14
41,0,51,1.28
41,0,77,1.28
41,0,102,1.28
41,0,128,1.21
41,0,153,1.21
41,0,179,1.21
41,0,204,1.21
41,0,230,1.21
41,0,255,1.21
41,1820,0,1.14
41,1820,26,1.14
41,1820,51,1.14
41,1820,77,1.14
41,1820,102,1.14
41,1820,128,1.21
41,1820,153,1.21
41,1820,179,1.21
41,1820,204,1.21
41,1820,230,1.21
41,1820,255,1.14
41,3641,0,1.14
41,3641,26,1.14
41,3641,51,1.14
41,3641,77,1.21
41,3641,102,1.21
41,3641,128,1.21
41,3641,153,1.21
41,3641,179,1.21
41,3641,204,1.14
41,3641,230,1.14
41,3641,255,1.14
41,5461,0,1.14
41,5461,26,1.14
41,5461,51,1.21
41,5461,77,1.21
41,5461,102,1.21
41,5461,128,1.21
41,5461,153,1.28
41,5461,179,1.28
41,5461,204,1.28
41,5461,230,1.28
41,5461,255,1.28
41,7282,0,1.07
41,7282,26,1.07
41,7282,51,1.07
41,7282,77,1.07
41,7282,102,1.07
41,7282,128,1.21
41,7282,153,1.21
41,7282,179,1.21
41,7282,204,1.21
41,7282,230,1.07
41,7282,255,1.07
41,9102,0,1.07
41,9102,26,1.07
41,9102,51,1.07
41,9102,77,1.28
41,9102,102,1.28
41,9102,128,1.28
41,9102,153,1.28
41,9102,179,1.28
41,9102,204,1.14
41,9102,230,1.14
41,9102,255,1.14
41,10922,0,1.14
41,10922,26,1.14
41,10922,51,1.28
41,10922,77,1.28
41,10922,102,1.28
41,10922,128,1.28
41,10922,153,1.14
41,10922,179,1.14
41,10922,204,1.14
41,10922,230,1.14
41,10922,255,1.14
41,12743,0,1.07
41,12743,26,1.07
41,12743,51,1.07
41,12743,77,1.07
41,12743,102,1.07
41,12743,128,1.07
41,12743,153,1.21
41,12743,179,1.21
41,12743,204,1.21
41,12743,230,1.14
41,12743,255,1.14
41,14563,0,1.14
41,14563,26,1.14
41,14563,51,1.14
41,14563,77,1.14
41,14563,102,1.28
41,14563,128,1.28
41,14563,153,1.28
41,14563,179,1.28
41,14563,204,1.28
41,14563,230,1.14
41,14563,255,1.14
41,16384,0,1.14
41,16384,26,1.14
41,16384,51,1.14
41,16384,77,1.28
41,16384,102,1.28
41,16384,128,1.28
41,16384,153,1.28
41,16384,179,1.21
41,16384,204,1.21
41,16384,230,1.21
41,16384,255,1.21
41,18204,0,1.21
41,18204,26,1.21
41,18204,51,1.21
41,18204,77,1.21
41,18204,102,1.21
41,18204,128,1.21
41,18204,153,1.21
41,18204,179,1.21
41,18204,204,1.21
41,18204,230,1.21
41,18204,255,1.07
41,20024,0,1.07
41,20024,26,1.07
41,20024,51,1.07
41,20024,77,1.07
41,20024,102,1.21
41,20024,128,1.21
41,20024,153,1.21
41,20024,179,1.21
41,20024,204,1.21
41,20024,230,1.07
41,20024,255,1.07
41,21845,0,1.07
41,21845,26,1.07
41,21845,51,1.28
41,21845,77,1.28
41,21845,102,1.28
41,21845,128,1.28
41,21845,153,1.28
41,21845,179,1.14
41,21845,204,1.14
41,21845,230,1.14
41,21845,255,1.14
41,23665,0,1.14
41,23665,26,1.21
41,23665,51,1.21
41,23665,77,1.21
41,23665,102,1.21
41,23665,128,1.21
41,23665,153,1.14
41,23665,179,1.14
41,23665,204,1.14
41,23665,230,1.14
41,23665,255,1.07
41,25486,0,1.07
41,25486,26,1.07
41,25486,51,1.07
41,25486,77,1.07
41,25486,102,1.21
41,25486,128,1.21
41,25486,153,1.21
41,25486,179,1.21
41,25486,204,1.21
41,25486,230,1.07
41,25486,255,1.07
41,27306,0,1.07
41,27306,26,1.07
41,27306,51,1.21
41,27306,77,1.21
41,27306,102,1.21
41,27306,128,1.21
41,27306,153,1.21
41,27306,179,1.14
41,27306,204,1.14
41,27306,230,1.14
41,27306,255,1.14
41,29126,0,1.14
41,29126,26,1.21
41,29126,51,1.21
41,29126,77,1.21
41,29126,102,1.21
41,29126,128,1.21
41,29126,153,1.21
41,29126,179,1.14
41,29126,204,1.14
41,29126,230,1.14
41,29126,255,1.07
41,30947,0,1.07
41,30947,26,1.07
41,30947,51,1.07
41,30947,77,1.07
41,30947,102,1.07
41,30947,128,1.14
41,30947,153,1.14
41,30947,179,1.14
41,30947,204,1.14
41,30947,230,1.14
41,30947,255,1.07
41,32767,0,1.07
41,32767,26,1.07
41,32767,51,1.07
41,32767,77,1.21
41,32767,102,1.21
41,32767,128,1.21
41,32767,153,1.21
41,32767,179,1.21
41,32767,204,1.07
41,32767,230,1.07
41,32767,255,1.07
41,34588,0,1.07
41,34588,26,1.07
41,34588,51,1.21
41,34588,77,1.21
41,34588,102,1.21
41,34588,128,1.21
41,34588,153,1.14
41,34588,179,1.14
41,34588,204,1.14
41,34588,230,1.14
41,34588,255,1.14
41,36408,0,1.07
41,36408,26,1.07
41,36408,51,1.07
41,36408,77,1.07
41,36408,102,1.07
41,36408,128,1.14
41,36408,153,1.14
41,36408,179,1.14
41,36408,204,1.14
41,36408,230,1.07
41,36408,255,1.07
41,38228,0,1.07
41,38228,26,1.07
41,38228,51,1.07
41,38228,77,1.21
41,38228,102,1.21
41,38228,128,1.21
41,38228,153,1.21
41,38228,179,1.21
41,38228,204,1.07
41,38228,230,1.07
41,38228,255,1.07
41,40049,0,1.07
41,40049,26,1.07
41,40049,51,1.07
41,40049,77,1.21
41,40049,102,1.21
41,40049,128,1.21
41,40049,153,1.07
41,40049,179,1.07
41,40049,204,1.07
41,40049,230,1.07
41,40049,255,1.07
41,41869,0,1.21
41,41869,26,1.21
41,41869,51,1.21
41,41869,77,1.21
41,41869,102,1.21
41,41869,128,1.21
41,41869,153,1.21
41,41869,179,1.21
41,41869,204,1.21
41,41869,230,1.21
41,41869,255,1.07
41,43690,0,1.07
41,43690,26,1.07
41,43690,51,1.07
41,43690,77,1.07
41,43690,102,1.21
41,43690,128,1.21
41,43690,153,1.21
41,43690,179,1.21
41,43690,204,1.21
41,43690,230,1.07
41,43690,255,1.07
41,45510,0,1.07
41,45510,26,1.07
41,45510,51,1.21
41,45510,77,1.21
41,45510,102,1.21
41,45510,128,1.21
41,45510,153,1.21
41,45510,179,1.14
41,45510,204,1.14
41,45510,230,1.14
41,45510,255,1.14
41,47330,0,1.14
41,47330,26,1.28
41,47330,51,1.28
41,47330,77,1.28
41,47330,102,1.28
41,47330,128,1.28
41,47330,153,1.14
41,47330,179,1.14
41,47330,204,1.14
41,47330,230,1.14
41,47330,255,1.07
41,49151,0,1.07
41,49151,26,1.07
41,49151,51,1.07
41,49151,77,1.07
41,49151,102,1.14
41,49151,128,1.14
41,49151,153,1.14
41,49151,179,1.14
41,49151,204,1.14
41,49151,230,1.07
41,49151,255,1.07
41,50971,0,1.07
41,50971,26,1.07
41,50971,51,1.14
41,50971,77,1.14
41,50971,102,1.14
41,50971,128,1.14
41,50971,153,1.14
41,50971,179,1.07
41,50971,204,1.07
41,50971,230,1.07
41,50971,255,1.07
41,52792,0,1.07
41,52792,26,1.21
41,52792,51,1.21
41,52792,77,1.21
41,52792,102,1.21
41,52792,128,1.14
41,52792,153,1.14
41,52792,179,1.14
41,52792,204,1.14
41,52792,230,1.14
41,52792,255,1.14
41,54612,0,1.07
41,54612,26,1.07
41,54612,51,1.07
41,54612,77,1.07
41,54612,102,1.07
41,54612,128,1.14
41,54612,153,1.14
41,54612,179,1.14
41,54612,204,1.14
41,54612,230,1.14
41,54612,255,1.14
41,56432,0,1.14
41,56432,26,1.14
41,56432,51,1.14
41,56432,77,1.21
41,56432,102,1.21
41,56432,128,1.21
41,56432,153,1.21
41,56432,179,1.21
41,56432,204,1.14
41,56432,230,1.14
41,56432,255,1.14
41,58253,0,1.14
41,58253,26,1.21
41,58253,51,1.21
41,58253,77,1.21
41,58253,102,1.21
41,58253,128,1.21
41,58253,153,1.14
41,58253,179,1.14
41,58253,204,1.14
41,58253,230,1.14
41,58253,255,1.14
41,60073,0,1.07
41,60073,26,1.07
41,60073,51,1.07
41,60073,77,1.07
41,60073,102,1.07
41,60073,128,1.21
41,60073,153,1.21
41,60073,179,1.21
41,60073,204,1.21
41,60073,230,1.07
41,60073,255,1.07
41,61894,0,1.07
41,61894,26,1.07
41,61894,51,1.07
41,61894,77,1.21
41,61894,102,1.21
41,61894,128,1.21
41,61894,153,1.21
41,61894,179,1.21
41,61894,204,1.14
41,61894,230,1.14
41,61894,255,1.14
41,63714,0,1.14
41,63714,26,1.21
41,63714,51,1.21
41,63714,77,1.21
41,63714,102,1.21
41,63714,128,1.21
41,63714,153,1.21
41,63714,179,1.14
41,63714,204,1.14
41,63714,230,1.14
41,63714,255,1.14
41,65534,0,1.14
41,65534,26,1.21
41,65534,51,1.21
41,65534,77,1.21
41,65534,102,1.21
41,65534,128,1.21
41,65534,153,1.21
41,65534,179,1.21
41,65534,204,1.21
41,65534,230,1.21
41,65534,255,1.14
51,0,0,1.14
51,0,26,1.14
51,0,51,1.14
51,0,77,1.14
51,0,102,1.28
51,0,128,1.28
51,0,153,1.28
51,0,179,1.28
51,0,204,1.14
51,0,230,1.14
51,0,255,1.14
51,1820,0,1.14
51,1820,26,1.14
51,1820,51,1.28
51,1820,77,1.28
51,1820,102,1.28
51,1820,128,1.28
51,1820,153,1.28
51,1820,179,1.28
51,1820,204,1.28
51,1820,230,1.28
51,1820,255,1.28
51,3641,0,1.28
51,3641,26,1.35
51,3641,51,1.35
51,3641,77,1.35
51,3641,102,1.35
51,3641,128,1.35
51,3641,153,1.35
51,3641,179,1.35
51,3641,204,1.35
51,3641,230,1.35
51,3641,255,1.14
51,5461,0,1.14
51,5461,26,1.14
51,5461,51,1.14
51,5461,77,1.14
51,5461,102,1.35
51,5461,128,1.35
51,5461,153,1.35
51,5461,179,1.35
51,5461,204,1.14
51,5461,230,1.14
51,5461,255,1.14
51,7282,0,1.14
51,7282,26,1.14
51,7282,51,1.35
51,7282,77,1.35
51,7282,102,1.35
51,7282,128,1.35
51,7282,153,1.35
51,7282,179,1.28
51,7282,204,1.28
51,7282,230,1.28
51,7282,255,1.28
51,9102,0,1.28
51,9102,26,1.28
51,9102,51,1.35
51,9102,77,1.35
51,9102,102,1.35
51,9102,128,1.35
51,9102,153,1.28
51,9102,179,1.28
51,9102,204,1.28
51,9102,230,1.28
51,9102,255,1.28
51,10922,0,1.14
51,10922,26,1.14
51,10922,51,1.14
51,10922,77,1.14
51,10922,102,1.14
51,10922,128,1.35
51,10922,153,1.35
51,10922,179,1.35
51,10922,204,1.35
51,10922,230,1.07
51,10922,255,1.07
51,12743,0,1.07
51,12743,26,1.07
51,12743,51,1.07
51,12743,77,1.35
51,12743,102,1.35
51,12743,128,1.35
51,12743,153,1.35
51,12743,179,1.35
51,12743,204,1.14
51,12743,230,1.14
51,12743,255,1.14
51,14563,0,1.14
51,14563,26,1.35
51,14563,51,1.35
51,14563,77,1.35
51,14563,102,1.35
51,14563,128,1.35
51,14563,153,1.28
51,14563,179,1.28
51,14563,204,1.28
51,14563,230,1.28
51,14563,255,1.28
51,16384,0,1.14
51,16384,26,1.14
51,16384,51,1.14
51,16384,77,1.14
51,16384,102,1.35
51,16384,128,1.35
51,16384,153,1.35
51,16384,179,1.35
51,16384,204,1.35
51,16384,230,1.14
51,16384,255,1.14
51,18204,0,1.14
51,18204,26,1.14
51,18204,51,1.14
51,18204,77,1.28
51,18204,102,1.28
51,18204,128,1.28
51,18204,153,1.28
51,18204,179,1.28
51,18204,204,1.28
51,18204,230,1.14
51,18204,255,1.14
51,20024,0,1.14
51,20024,26,1.35
51,20024,51,1.35
51,20024,77,1.35
51,20024,102,1.35
51,20024,128,1.35
51,20024,153,1.35
51,20024,179,1.21
51,20024,204,1.21
51,20024,230,1.21
51,20024,255,1.21
51,21845,0,1.21
51,21845,26,1.07
51,21845,51,1.07
51,21845,77,1.07
51,21845,102,1.28
51,21845,128,1.28
51,21845,153,1.28
51,21845,179,1.28
51,21845,204,1.28
51,21845,230,1.28
51,21845,255,1.07
51,23665,0,1.07
51,23665,26,1.07
51,23665,51,1.07
51,23665,77,1.07
51,23665,102,1.28
51,23665,128,1.28
51,23665,153,1.28
51,23665,179,1.28
51,23665,204,1.28
51,23665,230,1.14
51,23665,255,1.14
51,25486,0,1.14
51,25486,26,1.14
51,25486,51,1.35
51,25486,77,1.35
51,25486,102,1.35
51,25486,128,1.35
51,25486,153,1.35
51,25486,179,1.21
51,25486,204,1.21
51,25486,230,1.21
51,25486,255,1.21
51,27306,0,1.21
51,27306,26,1.28
51,27306,51,1.28
51,27306,77,1.28
51,27306,102,1.28
51,27306,128,1.21
51,27306,153,1.21
51,27306,179,1.21
51,27306,204,1.21
51,27306,230,1.21
51,27306,255,1.07
51,29126,0,1.07
51,29126,26,1.07
51,29126,51,1.07
51,29126,77,1.07
51,29126,102,1.28
51,29126,128,1.28
51,29126,153,1.28
51,29126,179,1.28
51,29126,204,1.07
51,29126,230,1.07
51,29126,255,1.07
51,30947,0,1.07
51,30947,26,1.07
51,30947,51,1.28
51,30947,77,1.28
51,30947,102,1.28
51,30947,128,1.28
51,30947,153,1.28
51,30947,179,1.14
51,30947,204,1.14
51,30947,230,1.14
51,30947,255,1.14
51,32767,0,1.14
51,32767,26,1.28
51,32767,51,1.28
51,32767,77,1.28
51,32767,102,1.28
51,32767,128,1.21
51,32767,153,1.21
51,32767,179,1.21
51,32767,204,1.21
51,32767,230,1.21
51,32767,255,1.21
51,34588,0,1.07
51,34588,26,1.07
51,34588,51,1.07
51,34588,77,1.07
51,34588,102,1.07
51,34588,128,1.21
51,34588,153,1.21
51,34588,179,1.21
51,34588,204,1.21
51,34588,230,1.07
51,34588,255,1.07
51,36408,0,1.07
51,36408,26,1.07
51,36408,51,1.07
51,36408,77,1.28
51,36408,102,1.28
51,36408,128,1.28
51,36408,153,1.28
51,36408,179,1.28
51,36408,204,1.07
51,36408,230,1.07
51,36408,255,1.07
51,38228,0,1.07
51,38228,26,1.07
51,38228,51,1.35
51,38228,77,1.35
51,38228,102,1.35
51,38228,128,1.35
51,38228,153,1.14
51,38228,179,1.14
51,38228,204,1.14
51,38228,230,1.14
51,38228,255,1.14
51,40049,0,1.07
51,40049,26,1.07
51,40049,51,1.07
51,40049,77,1.07
51,40049,102,1.07
51,40049,128,1.21
51,40049,153,1.21
51,40049,179,1.21
51,40049,204,1.21
51,40049,230,1.14
51,40049,255,1.14
51,41869,0,1.14
51,41869,26,1.14
51,41869,51,1.14
51,41869,77,1.28
51,41869,102,1.28
51,41869,128,1.28
51,41869,153,1.28
51,41869,179,1.28
51,41869,204,1.14
51,41869,230,1.14
51,41869,255,1.14
51,43690,0,1.14
51,43690,26,1.35
51,43690,51,1.35
51,43690,77,1.35
51,43690,102,1.35
51,43690,128,1.35
51,43690,153,1.14
51,43690,179,1.14
51,43690,204,1.14
51,43690,230,1.14
51,43690,255,1.14
51,45510,0,1.14
51,45510,26,1.14
51,45510,51,1.14
51,45510,77,1.14
51,45510,102,1.21
51,45510,128,1.21
51,45510,153,1.21
51,45510,179,1.21
51,45510,204,1.21
51,45510,230,1.21
51,45510,255,1.14
51,47330,0,1.14
51,47330,26,1.14
51,47330,51,1.14
51,47330,77,1.14
51,47330,102,1.28
51,47330,128,1.28
51,47330,153,1.28
51,47330,179,1.28
51,47330,204,1.14
51,47330,230,1.14
51,47330,255,1.14
51,49151,0,1.14
51,49151,26,1.14
51,49151,51,1.28
51,49151,77,1.28
51,49151,102,1.28
51,49151,128,1.28
51,49151,153,1.28
51,49151,179,1.14
51,49151,204,1.14
51,49151,230,1.14
51,49151,255,1.14
51,50971,0,1.14
51,50971,26,1.35
51,50971,51,1.35
51,50971,77,1.35
51,50971,102,1.35
51,50971,128,1.21
51,50971,153,1.21
51,50971,179,1.21
51,50971,204,1.21
51,50971,230,1.21
51,50971,255,1.07
51,52792,0,1.07
51,52792,26,1.07
51,52792,51,1.07
51,52792,77,1.07
51,52792,102,1.21
51,52792,128,1.21
51,52792,153,1.21
51,52792,179,1.21
51,52792,204,1.14
51,52792,230,1.14
51,52792,255,1.14
51,54612,0,1.14
51,54612,26,1.14
51,54612,51,1.21
51,54612,77,1.21
51,54612,102,1.21
51,54612,128,1.21
51,54612,153,1.21
51,54612,179,1.14
51,54612,204,1.14
51,54612,230,1.14
51,54612,255,1.14
51,56432,0,1.28
51,56432,26,1.28
51,56432,51,1.28
51,56432,77,1.28
51,56432,102,1.28
51,56432,128,1.28
51,56432,153,1.14
51,56432,179,1.14
51,56432,204,1.14
51,56432,230,1.14
51,56432,255,1.14
51,58253,0,1.14
51,58253,26,1.14
51,58253,51,1.14
51,58253,77,1.14
51,58253,102,1.21
51,58253,128,1.21
51,58253,153,1.21
51,58253,179,1.21
51,58253,204,1.21
51,58253,230,1.14
51,58253,255,1.14
51,60073,0,1.14
51,60073,26,1.14
51,60073,51,1.14
51,60073,77,1.28
51,60073,102,1.28
51,60073,128,1.28
51,60073,153,1.28
51,60073,179,1.28
51,60073,204,1.14
51,60073,230,1.14
51,60073,255,1.14
51,61894,0,1.14
51,61894,26,1.28
51,61894,51,1.28
51,61894,77,1.28
51,61894,102,1.28
51,61894,128,1.28
51,61894,153,1.21
51,61894,179,1.21
51,61894,204,1.21
51,61894,230,1.21
51,61894,255,1.21
51,63714,0,1.14
51,63714,26,1.14
51,63714,51,1.14
51,63714,77,1.14
51,63714,102,1.21
51,63714,128,1.21
51,63714,153,1.21
51,63714,179,1.21
51,63714,204,1.21
51,63714,230,1.14
51,63714,255,1.14
51,65534,0,1.14
51,65534,26,1.14
51,65534,51,1.14
51,65534,77,1.21
51,65534,102,1.21
51,65534,128,1.21
51,65534,153,1.21
51,65534,179,1.21
51,65534,204,1.21
51,65534,230,1.21
51,65534,255,1.21
61,0,0,1.21
61,0,26,1.35
61,0,51,1.35
61,0,77,1.35
61,0,102,1.35
61,0,128,1.35
61,0,153,1.28
61,0,179,1.28
61,0,204,1.28
61,0,230,1.28
61,0,255,1.28
61,1820,0,1.28
61,1820,26,1.21
61,1820,51,1.21
61,1820,77,1.21
61,1820,102,1.43
61,1820,128,1.43
61,1820,153,1.43
61,1820,179,1.43
61,1820,204,1.43
61,1820,230,1.43
61,1820,255,1.21
61,3641,0,1.21
61,3641,26,1.21
61,3641,51,1.21
61,3641,77,1.21
61,3641,102,1.43
61,3641,128,1.43
61,3641,153,1.43
61,3641,179,1.43
61,3641,204,1.35
61,3641,230,1.35
61,3641,255,1.35
61,5461,0,1.35
61,5461,26,1.35
61,5461,51,1.43
61,5461,77,1.43
61,5461,102,1.43
61,5461,128,1.43
61,5461,153,1.43
61,5461,179,1.35
61,5461,204,1.35
61,5461,230,1.35
61,5461,255,1.35
61,7282,0,1.43
61,7282,26,1.43
61,7282,51,1.43
61,7282,77,1.43
61,7282,102,1.43
61,7282,128,1.43
61,7282,153,1.43
61,7282,179,1.43
61,7282,204,1.43
61,7282,230,1.43
61,7282,255,1.14
61,9102,0,1.14
61,9102,26,1.14
61,9102,51,1.14
61,9102,77,1.14
61,9102,102,1.5
61,9102,128,1.5
61,9102,153,1.5
61,9102,179,1.5
61,9102,204,1.14
61,9102,230,1.14
61,9102,255,1.14
61,10922,0,1.14
61,10922,26,1.14
61,10922,51,1.5
61,10922,77,1.5
61,10922,102,1.5
61,10922,128,1.5
61,10922,153,1.5
61,10922,179,1.28
61,10922,204,1.28
61,10922,230,1.28
61,10922,255,1.28
61,12743,0,1.43
61,12743,26,1.43
61,12743,51,1.43
61,12743,77,1.43
61,12743,102,1.43
61,12743,128,1.35
61,12743,153,1.35
61,12743,179,1.35
61,12743,204,1.35
61,12743,230,1.35
61,12743,255,1.35
61,14563,0,1.14
61,14563,26,1.14
61,14563,51,1.14
61,14563,77,1.5
61,14563,102,1.5
61,14563,128,1.5
61,14563,153,1.5
61,14563,179,1.5
61,14563,204,1.5
61,14563,230,1.14
61,14563,255,1.14
61,16384,0,1.14
61,16384,26,1.14
61,16384,51,1.14
61,16384,77,1.43
61,16384,102,1.43
61,16384,128,1.43
61,16384,153,1.43
61,16384,179,1.21
61,16384,204,1.21
61,16384,230,1.21
61,16384,255,1.21
61,18204,0,1.21
61,18204,26,1.35
61,18204,51,1.35
61,18204,77,1.35
61,18204,102,1.35
61,18204,128,1.35
61,18204,153,1.43
61,18204,179,1.43
61,18204,204,1.43
61,18204,230,1.43
61,18204,255,1.43
61,20024,0,1.14
61,20024,26,1.14
61,20024,51,1.14
61,20024,77,1.14
61,20024,102,1.35
61,20024,128,1.35
61,20024,153,1.35
61,20024,179,1.35
61,20024,204,1.35
61,20024,230,1.14
61,20024,255,1.14
61,21845,0,1.14
61,21845,26,1.14
61,21845,51,1.14
61,21845,77,1.43
61,21845,102,1.43
61,21845,128,1.43
61,21845,153,1.43
61,21845,179,1.21
61,21845,204,1.21
61,21845,230,1.21
61,21845,255,1.21
61,23665,0,1.21
61,23665,26,1.43
61,23665,51,1.43
61,23665,77,1.43
61,23665,102,1.43
61,23665,128,1.43
61,23665,153,1.43
61,23665,179,1.28
61,23665,204,1.28
61,23665,230,1.28
61,23665,255,1.14
61,25486,0,1.14
61,25486,26,1.14
61,25486,51,1.14
61,25486,77,1.14
61,25486,102,1.14
61,25486,128,1.28
61,25486,153,1.28
61,25486,179,1.28
61,25486,204,1.28
61,25486,230,1.28
61,25486,255,1.14
61,27306,0,1.14
61,27306,26,1.14
61,27306,51,1.14
61,27306,77,1.43
61,27306,102,1.43
61,27306,128,1.43
61,27306,153,1.43
61,27306,179,1.43
61,27306,204,1.21
61,27306,230,1.21
61,27306,255,1.21
61,29126,0,1.21
61,29126,26,1.21
61,29126,51,1.43
61,29126,77,1.43
61,29126,102,1.43
61,29126,128,1.43
61,29126,153,1.43
61,29126,179,1.21
61,29126,204,1.21
61,29126,230,1.21
61,29126,255,1.21
61,30947,0,1.07
61,30947,26,1.07
61,30947,51,1.07
61,30947,77,1.07
61,30947,102,1.07
61,30947,128,1.28
61,30947,153,1.28
61,30947,179,1.28
61,30947,204,1.28
61,30947,230,1.28
61,30947,255,1.14
61,32767,0,1.14
61,32767,26,1.14
61,32767,51,1.14
61,32767,77,1.14
61,32767,102,1.28
61,32767,128,1.28
61,32767,153,1.28
61,32767,179,1.28
61,32767,204,1.07
61,32767,230,1.07
61,32767,255,1.07
61,34588,0,1.07
61,34588,26,1.07
61,34588,51,1.43
61,34588,77,1.43
61,34588,102,1.43
61,34588,128,1.43
61,34588,153,1.43
61,34588,179,1.14
61,34588,204,1.14
61,34588,230,1.14
61,34588,255,1.14
61,36408,0,1.43
61,36408,26,1.43
61,36408,51,1.43
61,36408,77,1.43
61,36408,102,1.43
61,36408,128,1.21
61,36408,153,1.21
61,36408,179,1.21
61,36408,204,1.21
61,36408,230,1.21
61,36408,255,1.07
61,38228,0,1.07
61,38228,26,1.07
61,38228,51,1.07
61,38228,77,1.35
61,38228,102,1.35
61,38228,128,1.35
61,38228,153,1.35
61,38228,179,1.35
61,38228,204,1.14
61,38228,230,1.14
61,38228,255,1.14
61,40049,0,1.14
61,40049,26,1.14
61,40049,51,1.14
61,40049,77,1.35
61,40049,102,1.35
61,40049,128,1.35
61,40049,153,1.35
61,40049,179,1.35
61,40049,204,1.14
61,40049,230,1.14
61,40049,255,1.14
61,41869,0,1.14
61,41869,26,1.35
61,41869,51,1.35
61,41869,77,1.35
61,41869,102,1.35
61,41869,128,1.35
61,41869,153,1.21
61,41869,179,1.21
61,41869,204,1.21
61,41869,230,1.21
61,41869,255,1.21
61,43690,0,1.14
61,43690,26,1.14
61,43690,51,1.14
61,43690,77,1.14
61,43690,102,1.35
61,43690,128,1.35
61,43690,153,1.35
61,43690,179,1.35
61,43690,204,1.35
61,43690,230,1.07
61,43690,255,1.07
61,45510,0,1.07
61,45510,26,1.07
61,45510,51,1.07
61,45510,77,1.35
61,45510,102,1.35
61,45510,128,1.35
61,45510,153,1.35
61,45510,179,1.21
61,45510,204,1.21
61,45510,230,1.21
61,45510,255,1.21
61,47330,0,1.21
61,47330,26,1.43
61,47330,51,1.43
61,47330,77,1.43
61,47330,102,1.43
61,47330,128,1.43
61,47330,153,1.21
61,47330,179,1.21
61,47330,204,1.21
61,47330,230,1.21
61,47330,255,1.21
61,49151,0,1.14
61,49151,26,1.14
61,49151,51,1.14
61,49151,77,1.14
61,49151,102,1.28
61,49151,128,1.28
61,49151,153,1.28
61,49151,179,1.28
61,49151,204,1.28
61,49151,230,1.14
61,49151,255,1.14
61,50971,0,1.14
61,50971,26,1.14
61,50971,51,1.14
61,50971,77,1.28
61,50971,102,1.28
61,50971,128,1.28
61,50971,153,1.28
61,50971,179,1.14
61,50971,204,1.14
61,50971,230,1.14
61,50971,255,1.14
61,52792,0,1.14
61,52792,26,1.35
61,52792,51,1.35
61,52792,77,1.35
61,52792,102,1.35
61,52792,128,1.35
61,52792,153,1.35
61,52792,179,1.21
61,52792,204,1.21
61,52792,230,1.21
61,52792,255,1.07
61,54612,0,1.07
61,54612,26,1.07
61,54612,51,1.07
61,54612,77,1.07
61,54612,102,1.07
61,54612,128,1.28
61,54612,153,1.28
61,54612,179,1.28
61,54612,204,1.28
61,54612,230,1.28
61,54612,255,1.14
61,56432,0,1.14
61,56432,26,1.14
61,56432,51,1.14
61,56432,77,1.14
61,56432,102,1.28
61,56432,128,1.28
61,56432,153,1.28
61,56432,179,1.28
61,56432,204,1.14
61,56432,230,1.14
61,56432,255,1.14
61,58253,0,1.14
61,58253,26,1.14
61,58253,51,1.35
61,58253,77,1.35
61,58253,102,1.35
61,58253,128,1.35
61,58253,153,1.35
61,58253,179,1.21
61,58253,204,1.21
61,58253,230,1.21
61,58253,255,1.21
61,60073,0,1.43
61,60073,26,1.43
61,60073,51,1.43
61,60073,77,1.43
61,60073,102,1.43
61,60073,128,1.28
61,60073,153,1.28
61,60073,179,1.28
61,60073,204,1.28
61,60073,230,1.28
61,60073,255,1.14
61,61894,0,1.14
61,61894,26,1.14
61,61894,51,1.14
61,61894,77,1.14
61,61894,102,1.35
61,61894,128,1.35
61,61894,153,1.35
61,61894,179,1.35
61,61894,204,1.14
61,61894,230,1.14
61,61894,255,1.14
61,63714,0,1.14
61,63714,26,1.14
61,63714,51,1.35
61,63714,77,1.35
61,63714,102,1.35
61,63714,128,1.35
61,63714,153,1.35
61,63714,179,1.28
61,63714,204,1.28
61,63714,230,1.28
61,63714,255,1.28
61,65534,0,1.43
61,65534,26,1.43
61,65534,51,1.43
61,65534,77,1.43
61,65534,102,1.43
61,65534,128,1.28
61,65534,153,1.28
61,65534,179,1.28
61,65534,204,1.28
61,65534,230,1.28
61,65534,255,1.28
71,0,0,1.14
71,0,26,1.14
71,0,51,1.14
71,0,77,1.14
71,0,102,1.43
71,0,128,1.43
71,0,153,1.43
71,0,179,1.43
71,0,204,1.43
71,0,230,1.21
71,0,255,1.21
71,1820,0,1.21
71,1820,26,1.21
71,1820,51,1.21
71,1820,77,1.5
71,1820,102,1.5
71,1820,128,1.5
71,1820,153,1.5
71,1820,179,1.5
71,1820,204,1.5
71,1820,230,1.5
71,1820,255,1.5
71,3641,0,1.5
71,3641,26,1.5
71,3641,51,1.5
71,3641,77,1.5
71,3641,102,1.5
71,3641,128,1.5
71,3641,153,1.57
71,3641,179,1.57
71,3641,204,1.57
71,3641,230,1.57
71,3641,255,1.57
71,5461,0,1.21
71,5461,26,1.21
71,5461,51,1.21
71,5461,77,1.21
71,5461,102,1.57
71,5461,128,1.57
71,5461,153,1.57
71,5461,179,1.57
71,5461,204,1.57
71,5461,230,1.28
71,5461,255,1.28
71,7282,0,1.28
71,7282,26,1.28
71,7282,51,1.28
71,7282,77,1.57
71,7282,102,1.57
71,7282,128,1.57
71,7282,153,1.57
71,7282,179,1.35
71,7282,204,1.35
71,7282,230,1.35
71,7282,255,1.35
71,9102,0,1.35
71,9102,26,1.57
71,9102,51,1.57
71,9102,77,1.57
71,9102,102,1.57
71,9102,128,1.57
71,9102,153,1.57
71,9102,179,1.5
71,9102,204,1.5
71,9102,230,1.5
71,9102,255,1.14
71,10922,0,1.14
71,10922,26,1.14
71,10922,51,1.14
71,10922,77,1.14
71,10922,102,1.14
71,10922,128,1.5
71,10922,153,1.5
71,10922,179,1.5
71,10922,204,1.5
71,10922,230,1.5
71,10922,255,1.14
71,12743,0,1.14
71,12743,26,1.14
71,12743,51,1.14
71,12743,77,1.14
71,12743,102,1.64
71,12743,128,1.64
71,12743,153,1.64
71,12743,179,1.64
71,12743,204,1.28
71,12743,230,1.28
71,12743,255,1.28
71,14563,0,1.28
71,14563,26,1.28
71,14563,51,1.57
71,14563,77,1.57
71,14563,102,1.57
71,14563,128,1.57
71,14563,153,1.57
71,14563,179,1.43
71,14563,204,1.43
71,14563,230,1.43
71,14563,255,1.43
71,16384,0,1.5
71,16384,26,1.5
71,16384,51,1.5
71,16384,77,1.5
71,16384,102,1.5
71,16384,128,1.64
71,16384,153,1.64
71,16384,179,1.64
71,16384,204,1.64
71,16384,230,1.64
71,16384,255,1.14
71,18204,0,1.14
71,18204,26,1.14
71,18204,51,1.14
71,18204,77,1.57
71,18204,102,1.57
71,18204,128,1.57
71,18204,153,1.57
71,18204,179,1.57
71,18204,204,1.14
71,18204,230,1.14
71,18204,255,1.14
71,20024,0,1.14
71,20024,26,1.14
71,20024,51,1.5
71,20024,77,1.5
71,20024,102,1.5
71,20024,128,1.5
71,20024,153,1.5
71,20024,179,1.35
71,20024,204,1.35
71,20024,230,1.35
71,20024,255,1.35
71,21845,0,1.5
71,21845,26,1.5
71,21845,51,1.5
71,21845,77,1.5
71,21845,102,1.5
71,21845,128,1.35
71,21845,153,1.35
71,21845,179,1.35
71,21845,204,1.35
71,21845,230,1.35
71,21845,255,1.35
71,23665,0,1.14
71,23665,26,1.14
71,23665,51,1.14
71,23665,77,1.5
71,23665,102,1.5
71,23665,128,1.5
71,23665,153,1.5
71,23665,179,1.5
71,23665,204,1.5
71,23665,230,1.21
71,23665,255,1.21
71,25486,0,1.21
71,25486,26,1.21
71,25486,51,1.21
71,25486,77,1.5
71,25486,102,1.5
71,25486,128,1.5
71,25486,153,1.5
71,25486,179,1.5
71,25486,204,1.28
71,25486,230,1.28
71,25486,255,1.28
71,27306,0,1.28
71,27306,26,1.5
71,27306,51,1.5
71,27306,77,1.5
71,27306,102,1.5
71,27306,128,1.5
71,27306,153,1.35
71,27306,179,1.35
71,27306,204,1.35
71,27306,230,1.35
71,27306,255,1.35
71,29126,0,1.14
71,29126,26,1.14
71,29126,51,1.14
71,29126,77,1.14
71,29126,102,1.43
71,29126,128,1.43
71,29126,153,1.43
71,29126,179,1.43
71,29126,204,1.43
71,29126,230,1.14
71,29126,255,1.14
71,30947,0,1.14
71,30947,26,1.14
71,30947,51,1.14
71,30947,77,1.5
71,30947,102,1.5
71,30947,128,1.5
71,30947,153,1.5
71,30947,179,1.5
71,30947,204,1.14
71,30947,230,1.14
71,30947,255,1.14
71,32767,0,1.14
71,32767,26,1.57
71,32767,51,1.57
71,32767,77,1.57
71,32767,102,1.57
71,32767,128,1.57
71,32767,153,1.28
71,32767,179,1.28
71,32767,204,1.28
71,32767,230,1.28
71,32767,255,1.28
71,34588,0,1.14
71,34588,26,1.14
71,34588,51,1.14
71,34588,77,1.14
71,34588,102,1.35
71,34588,128,1.35
71,34588,153,1.35
71,34588,179,1.35
71,34588,204,1.35
71,34588,230,1.14
71,34588,255,1.14
71,36408,0,1.14
71,36408,26,1.14
71,36408,51,1.14
71,36408,77,1.5
71,36408,102,1.5
71,36408,128,1.5
71,36408,153,1.5
71,36408,179,1.21
71,36408,204,1.21
71,36408,230,1.21
71,36408,255,1.21
71,38228,0,1.21
71,38228,26,1.5
71,38228,51,1.5
71,38228,77,1.5
71,38228,102,1.5
71,38228,128,1.5
71,38228,153,1.5
71,38228,179,1.28
71,38228,204,1.28
71,38228,230,1.28
71,38228,255,1.28
71,40049,0,1.14
71,40049,26,1.14
71,40049,51,1.14
71,40049,77,1.14
71,40049,102,1.14
71,40049,128,1.43
71,40049,153,1.43
71,40049,179,1.43
71,40049,204,1.43
71,40049,230,1.43
71,40049,255,1.14
71,41869,0,1.14
71,41869,26,1.14
71,41869,51,1.14
71,41869,77,1.14
71,41869,102,1.43
71,41869,128,1.43
71,41869,153,1.43
71,41869,179,1.43
71,41869,204,1.14
71,41869,230,1.14
71,41869,255,1.14
71,43690,0,1.14
71,43690,26,1.14
71,43690,51,1.5
71,43690,77,1.5
71,43690,102,1.5
71,43690,128,1.5
71,43690,153,1.5
71,43690,179,1.28
71,43690,204,1.28
71,43690,230,1.28
71,43690,255,1.28
71,45510,0,1.5
71,45510,26,1.5
71,45510,51,1.5
71,45510,77,1.5
71,45510,102,1.5
71,45510,128,1.35
71,45510,153,1.35
71,45510,179,1.35
71,45510,204,1.35
71,45510,230,1.35
71,45510,255,1.21
71,47330,0,1.21
71,47330,26,1.21
71,47330,51,1.21
71,47330,77,1.21
71,47330,102,1.35
71,47330,128,1.35
71,47330,153,1.35
71,47330,179,1.35
71,47330,204,1.14
71,47330,230,1.14
71,47330,255,1.14
71,49151,0,1.14
71,49151,26,1.14
71,49151,51,1.43
71,49151,77,1.43
71,49151,102,1.43
71,49151,128,1.43
71,49151,153,1.43
71,49151,179,1.43
71,49151,204,1.28
71,49151,230,1.28
71,49151,255,1.28
71,50971,0,1.57
71,50971,26,1.57
71,50971,51,1.57
71,50971,77,1.57
71,50971,102,1.57
71,50971,128,1.57
71,50971,153,1.35
71,50971,179,1.35
71,50971,204,1.35
71,50971,230,1.35
71,50971,255,1.35
71,52792,0,1.14
71,52792,26,1.14
71,52792,51,1.14
71,52792,77,1.14
71,52792,102,1.43
71,52792,128,1.43
71,52792,153,1.43
71,52792,179,1.43
71,52792,204,1.43
71,52792,230,1.14
71,52792,255,1.14
71,54612,0,1.14
71,54612,26,1.14
71,54612,51,1.14
71,54612,77,1.43
71,54612,102,1.43
71,54612,128,1.43
71,54612,153,1.43
71,54612,179,1.21
71,54612,204,1.21
71,54612,230,1.21
71,54612,255,1.21
71,56432,0,1.21
71,56432,26,1.5
71,56432,51,1.5
71,56432,77,1.5
71,56432,102,1.5
71,56432,128,1.5
71,56432,153,1.28
71,56432,179,1.28
71,56432,204,1.28
71,56432,230,1.28
71,56432,255,1.14
71,58253,0,1.14
71,58253,26,1.14
71,58253,51,1.14
71,58253,77,1.14
71,58253,102,1.35
71,58253,128,1.35
71,58253,153,1.35
71,58253,179,1.35
71,58253,204,1.35
71,58253,230,1.35
71,58253,255,1.14
71,60073,0,1.14
71,60073,26,1.14
71,60073,51,1.35
71,60073,77,1.35
71,60073,102,1.35
71,60073,128,1.35
71,60073,153,1.35
71,60073,179,1.35
71,60073,204,1.28
71,60073,230,1.28
71,60073,255,1.28
71,61894,0,1.28
71,61894,26,1.28
71,61894,51,1.43
71,61894,77,1.43
71,61894,102,1.43
71,61894,128,1.43
71,61894,153,1.43
71,61894,179,1.35
71,61894,204,1.35
71,61894,230,1.35
71,61894,255,1.35
71,63714,0,1.21
71,63714,26,1.21
71,63714,51,1.21
71,63714,77,1.21
71,63714,102,1.21
71,63714,128,1.43
71,63714,153,1.43
71,63714,179,1.43
71,63714,204,1.43
71,63714,230,1.43
71,63714,255,1.21
71,65534,0,1.21
71,65534,26,1.21
71,65534,51,1.21
71,65534,77,1.43
71,65534,102,1.43
71,65534,128,1.43
71,65534,153,1.43
71,65534,179,1.43
71,65534,204,1.28
71,65534,230,1.28
71,65534,255,1.28
81,0,0,1.28
81,0,26,1.28
81,0,51,1.57
81,0,77,1.57
81,0,102,1.57
81,0,128,1.57
81,0,153,1.43
81,0,179,1.43
81,0,204,1.43
81,0,230,1.43
81,0,255,1.43
81,1820,0,1.5
81,1820,26,1.5
81,1820,51,1.5
81,1820,77,1.5
81,1820,102,1.5
81,1820,128,1.5
81,1820,153,1.64
81,1820,179,1.64
81,1820,204,1.64
81,1820,230,1.35
81,1820,255,1.35
81,3641,0,1.35
81,3641,26,1.35
81,3641,51,1.35
81,3641,77,1.35
81,3641,102,1.64
81,3641,128,1.64
81,3641,153,1.64
81,3641,179,1.64
81,3641,204,1.64
81,3641,230,1.43
81,3641,255,1.43
81,5461,0,1.43
81,5461,26,1.43
81,5461,51,1.43
81,5461,77,1.64
81,5461,102,1.64
81,5461,128,1.64
81,5461,153,1.64
81,5461,179,1.57
81,5461,204,1.57
81,5461,230,1.57
81,5461,255,1.57
81,7282,0,1.57
81,7282,26,1.64
81,7282,51,1.64
81,7282,77,1.64
81,7282,102,1.64
81,7282,128,1.64
81,7282,153,1.64
81,7282,179,1.64
81,7282,204,1.64
81,7282,230,1.64
81,7282,255,1.21
81,9102,0,1.21
81,9102,26,1.21
81,9102,51,1.21
81,9102,77,1.21
81,9102,102,1.78
81,9102,128,1.78
81,9102,153,1.78
81,9102,179,1.78
81,9102,204,1.78
81,9102,230,1.21
81,9102,255,1.21
81,10922,0,1.21
81,10922,26,1.21
81,10922,51,1.78
81,10922,77,1.78
81,10922,102,1.78
81,10922,128,1.78
81,10922,153,1.78
81,10922,179,1.43
81,10922,204,1.43
81,10922,230,1.43
81,10922,255,1.43
81,12743,0,1.43
81,12743,26,1.71
81,12743,51,1.71
81,12743,77,1.71
81,12743,102,1.71
81,12743,128,1.71
81,12743,153,1.57
81,12743,179,1.57
81,12743,204,1.57
81,12743,230,1.57
81,12743,255,1.21
81,14563,0,1.21
81,14563,26,1.21
81,14563,51,1.21
81,14563,77,1.21
81,14563,102,1.21
81,14563,128,1.71
81,14563,153,1.71
81,14563,179,1.71
81,14563,204,1.71
81,14563,230,1.21
81,14563,255,1.21
81,16384,0,1.21
81,16384,26,1.21
81,16384,51,1.21
81,16384,77,1.71
81,16384,102,1.71
81,16384,128,1.71
81,16384,153,1.71
81,16384,179,1.71
81,16384,204,1.28
81,16384,230,1.28
81,16384,255,1.28
81,18204,0,1.28
81,18204,26,1.28
81,18204,51,1.71
81,18204,77,1.71
81,18204,102,1.71
81,18204,128,1.71
81,18204,153,1.64
81,18204,179,1.64
81,18204,204,1.64
81,18204,230,1.64
81,18204,255,1.64
81,20024,0,1.21
81,20024,26,1.21
81,20024,51,1.21
81,20024,77,1.21
81,20024,102,1.21
81,20024,128,1.64
81,20024,153,1.64
81,20024,179,1.64
81,20024,204,1.64
81,20024,230,1.21
81,20024,255,1.21
81,21845,0,1.21
81,21845,26,1.21
81,21845,51,1.21
81,21845,77,1.64
81,21845,102,1.64
81,21845,128,1.64
81,21845,153,1.64
81,21845,179,1.64
81,21845,204,1.28
81,21845,230,1.28
81,21845,255,1.28
81,23665,0,1.28
81,23665,26,1.64
81,23665,51,1.64
81,23665,77,1.64
81,23665,102,1.64
81,23665,128,1.64
81,23665,153,1.43
81,23665,179,1.43
81,23665,204,1.43
81,23665,230,1.43
81,23665,255,1.43
81,25486,0,1.21
81,25486,26,1.21
81,25486,51,1.21
81,25486,77,1.21
81,25486,102,1.5
81,25486,128,1.5
81,25486,153,1.5
81,25486,179,1.5
81,25486,204,1.5
81,25486,230,1.5
81,25486,255,1.14
81,27306,0,1.14
81,27306,26,1.14
81,27306,51,1.14
81,27306,77,1.14
81,27306,102,1.57
81,27306,128,1.57
81,27306,153,1.57
81,27306,179,1.57
81,27306,204,1.57
81,27306,230,1.28
81,27306,255,1.28
81,29126,0,1.28
81,29126,26,1.28
81,29126,51,1.64
81,29126,77,1.64
81,29126,102,1.64
81,29126,128,1.64
81,29126,153,1.64
81,29126,179,1.28
81,29126,204,1.28
81,29126,230,1.28
81,29126,255,1.28
81,30947,0,1.64
81,30947,26,1.64
81,30947,51,1.64
81,30947,77,1.64
81,30947,102,1.64
81,30947,128,1.35
81,30947,153,1.35
81,30947,179,1.35
81,30947,204,1.35
81,30947,230,1.35
81,30947,255,1.14
81,32767,0,1.14
81,32767,26,1.14
81,32767,51,1.14
81,32767,77,1.14
81,32767,102,1.5
81,32767,128,1.5
81,32767,153,1.5
81,32767,179,1.5
81,32767,204,1.14
81,32767,230,1.14
81,32767,255,1.14
81,34588,0,1.14
81,34588,26,1.14
81,34588,51,1.57
81,34588,77,1.57
81,34588,102,1.57
81,34588,128,1.57
81,34588,153,1.57
81,34588,179,1.57
81,34588,204,1.28
81,34588,230,1.28
81,34588,255,1.28
81,36408,0,1.64
81,36408,26,1.64
81,36408,51,1.64
81,36408,77,1.64
81,36408,102,1.64
81,36408,128,1.64
81,36408,153,1.35
81,36408,179,1.35
81,36408,204,1.35
81,36408,230,1.35
81,36408,255,1.35
81,38228,0,1.14
81,38228,26,1.14
81,38228,51,1.14
81,38228,77,1.14
81,38228,102,1.57
81,38228,128,1.57
81,38228,153,1.57
81,38228,179,1.57
81,38228,204,1.57
81,38228,230,1.14
81,38228,255,1.14
81,40049,0,1.14
81,40049,26,1.14
81,40049,51,1.14
81,40049,77,1.57
81,40049,102,1.57
81,40049,128,1.57
81,40049,153,1.57
81,40049,179,1.21
81,40049,204,1.21
81,40049,230,1.21
81,40049,255,1.21
81,41869,0,1.21
81,41869,26,1.64
81,41869,51,1.64
81,41869,77,1.64
81,41869,102,1.64
81,41869,128,1.64
81,41869,153,1.43
81,41869,179,1.43
81,41869,204,1.43
81,41869,230,1.43
81,41869,255,1.43
81,43690,0,1.21
81,43690,26,1.21
81,43690,51,1.21
81,43690,77,1.21
81,43690,102,1.5
81,43690,128,1.5
81,43690,153,1.5
81,43690,179,1.5
81,43690,204,1.5
81,43690,230,1.14
81,43690,255,1.14
81,45510,0,1.14
81,45510,26,1.14
81,45510,51,1.14
81,45510,77,1.57
81,45510,102,1.57
81,45510,128,1.57
81,45510,153,1.57
81,45510,179,1.28
81,45510,204,1.28
81,45510,230,1.28
81,45510,255,1.28
81,47330,0,1.28
81,47330,26,1.57
81,47330,51,1.57
81,47330,77,1.57
81,47330,102,1.57
81,47330,128,1.57
81,47330,153,1.35
81,47330,179,1.35
81,47330,204,1.35
81,47330,230,1.35
81,47330,255,1.35
81,49151,0,1.21
81,49151,26,1.21
81,49151,51,1.21
81,49151,77,1.21
81,49151,102,1.43
81,49151,128,1.43
81,49151,153,1.43
81,49151,179,1.43
81,49151,204,1.43
81,49151,230,1.43
81,49151,255,1.21
81,50971,0,1.21
81,50971,26,1.21
81,50971,51,1.21
81,50971,77,1.21
81,50971,102,1.5
81,50971,128,1.5
81,50971,153,1.5
81,50971,179,1.28
81,50971,204,1.28
81,50971,230,1.28
81,50971,255,1.28
81,52792,0,1.28
81,52792,26,1.28
81,52792,51,1.57
81,52792,77,1.57
81,52792,102,1.57
81,52792,128,1.57
81,52792,153,1.57
81,52792,179,1.35
81,52792,204,1.35
81,52792,230,1.35
81,52792,255,1.35
81,54612,0,1.21
81,54612,26,1.21
81,54612,51,1.21
81,54612,77,1.21
81,54612,102,1.21
81,54612,128,1.35
81,54612,153,1.35
81,54612,179,1.35
81,54612,204,1.35
81,54612,230,1.35
81,54612,255,1.21
81,56432,0,1.21
81,56432,26,1.21
81,56432,51,1.21
81,56432,77,1.21
81,56432,102,1.5
81,56432,128,1.5
81,56432,153,1.5
81,56432,179,1.5
81,56432,204,1.21
81,56432,230,1.21
81,56432,255,1.21
81,58253,0,1.21
81,58253,26,1.21
81,58253,51,1.57
81,58253,77,1.57
81,58253,102,1.57
81,58253,128,1.57
81,58253,153,1.57
81,58253,179,1.35
81,58253,204,1.35
81,58253,230,1.35
81,58253,255,1.35
81,60073,0,1.35
81,60073,26,1.64
81,60073,51,1.64
81,60073,77,1.64
81,60073,102,1.64
81,60073,128,1.43
81,60073,153,1.43
81,60073,179,1.43
81,60073,204,1.43
81,60073,230,1.43
81,60073,255,1.28
81,61894,0,1.28
81,61894,26,1.28
81,61894,51,1.28
81,61894,77,1.28
81,61894,102,1.28
81,61894,128,1.57
81,61894,153,1.57
81,61894,179,1.57
81,61894,204,1.28
81,61894,230,1.28
81,61894,255,1.28
81,63714,0,1.28
81,63714,26,1.28
81,63714,51,1.28
81,63714,77,1.57
81,63714,102,1.57
81,63714,128,1.57
81,63714,153,1.57
81,63714,179,1.57
81,63714,204,1.35
81,63714,230,1.35
81,63714,255,1.35
81,65534,0,1.35
81,65534,26,1.64
81,65534,51,1.64
81,65534,77,1.64
81,65534,102,1.64
81,65534,128,1.64
81,65534,153,1.5
81,65534,179,1.5
81,65534,204,1.5
81,65534,230,1.5
81,65534,255,1.5
91,0,0,1.21
91,0,26,1.21
91,0,51,1.21
91,0,77,1.21
91,0,102,1.71
91,0,128,1.71
91,0,153,1.71
91,0,179,1.71
91,0,204,1.71
91,0,230,1.28
91,0,255,1.28
91,1820,0,1.28
91,1820,26,1.28
91,1820,51,1.28
91,1820,77,1.71
91,1820,102,1.71
91,1820,128,1.71
91,1820,153,1.71
91,1820,179,1.64
91,1820,204,1.64
91,1820,230,1.64
91,1820,255,1.64
91,3641,0,1.64
91,3641,26,1.78
91,3641,51,1.78
91,3641,77,1.78
91,3641,102,1.78
91,3641,128,1.78
91,3641,153,1.85
91,3641,179,1.85
91,3641,204,1.85
91,3641,230,1.85
91,3641,255,1.85
91,5461,0,1.28
91,5461,26,1.28
91,5461,51,1.28
91,5461,77,1.28
91,5461,102,1.93
91,5461,128,1.93
91,5461,153,1.93
91,5461,179,1.93
91,5461,204,1.93
91,5461,230,1.35
91,5461,255,1.35
91,7282,0,1.35
91,7282,26,1.35
91,7282,51,1.35
91,7282,77,1.35
91,7282,102,1.93
91,7282,128,1.93
91,7282,153,1.93
91,7282,179,1.93
91,7282,204,1.57
91,7282,230,1.57
91,7282,255,1.57
91,9102,0,1.57
91,9102,26,1.57
91,9102,51,1.93
91,9102,77,1.93
91,9102,102,1.93
91,9102,128,1.93
91,9102,153,1.93
91,9102,179,1.57
91,9102,204,1.57
91,9102,230,1.57
91,9102,255,1.57
91,10922,0,1.28
91,10922,26,1.28
91,10922,51,1.28
91,10922,77,1.28
91,10922,102,1.28
91,10922,128,1.78
91,10922,153,1.78
91,10922,179,1.78
91,10922,204,1.78
91,10922,230,1.78
91,10922,255,1.28
91,12743,0,1.28
91,12743,26,1.28
91,12743,51,1.28
91,12743,77,1.28
91,12743,102,2.0
91,12743,128,2.0
91,12743,153,2.0
91,12743,179,2.0
91,12743,204,1.43
91,12743,230,1.43
91,12743,255,1.43
91,14563,0,1.43
91,14563,26,1.43
91,14563,51,1.93
91,14563,77,1.93
91,14563,102,1.93
91,14563,128,1.93
91,14563,153,1.93
91,14563,179,1.57
91,14563,204,1.57
91,14563,230,1.57
91,14563,255,1.57
91,16384,0,1.78
91,16384,26,1.78
91,16384,51,1.78
91,16384,77,1.78
91,16384,102,1.78
91,16384,128,1.85
91,16384,153,1.85
91,16384,179,1.85
91,16384,204,1.85
91,16384,230,1.85
91,16384,255,1.21
91,18204,0,1.21
91,18204,26,1.21
91,18204,51,1.21
91,18204,77,1.85
91,18204,102,1.85
91,18204,128,1.85
91,18204,153,1.85
91,18204,179,1.85
91,18204,204,1.21
91,18204,230,1.21
91,18204,255,1.21
91,20024,0,1.21
91,20024,26,1.21
91,20024,51,1.85
91,20024,77,1.85
91,20024,102,1.85
91,20024,128,1.85
91,20024,153,1.85
91,20024,179,1.85
91,20024,204,1.57
91,20024,230,1.57
91,20024,255,1.57
91,21845,0,1.57
91,21845,26,1.78
91,21845,51,1.78
91,21845,77,1.78
91,21845,102,1.78
91,21845,128,1.78
91,21845,153,1.64
91,21845,179,1.64
91,21845,204,1.64
91,21845,230,1.64
91,21845,255,1.64
91,23665,0,1.21
91,23665,26,1.21
91,23665,51,1.21
91,23665,77,1.21
91,23665,102,1.71
91,23665,128,1.71
91,23665,153,1.71
91,23665,179,1.71
91,23665,204,1.71
91,23665,230,1.28
91,23665,255,1.28
91,25486,0,1.28
91,25486,26,1.28
91,25486,51,1.28
91,25486,77,1.78
91,25486,102,1.78
91,25486,128,1.78
91,25486,153,1.78
91,25486,179,1.35
91,25486,204,1.35
91,25486,230,1.35
91,25486,255,1.35
91,27306,0,1.35
91,27306,26,1.78
91,27306,51,1.78
91,27306,77,1.78
91,27306,102,1.78
91,27306,128,1.78
91,27306,153,1.5
91,27306,179,1.5
91,27306,204,1.5
91,27306,230,1.5
91,27306,255,1.5
91,29126,0,1.21
91,29126,26,1.21
91,29126,51,1.21
91,29126,77,1.21
91,29126,102,1.57
91,29126,128,1.57
91,29126,153,1.57
91,29126,179,1.57
91,29126,204,1.57
91,29126,230,1.21
91,29126,255,1.21
91,30947,0,1.21
91,30947,26,1.21
91,30947,51,1.21
91,30947,77,1.71
91,30947,102,1.71
91,30947,128,1.71
91,30947,153,1.71
91,30947,179,1.28
91,30947,204,1.28
91,30947,230,1.28
91,30947,255,1.28
91,32767,0,1.28
91,32767,26,1.71
91,32767,51,1.71
91,32767,77,1.71
91,32767,102,1.71
91,32767,128,1.71
91,32767,153,1.71
91,32767,179,1.28
91,32767,204,1.28
91,32767,230,1.28
91,32767,255,1.28
91,34588,0,1.28
91,34588,26,1.14
91,34588,51,1.14
91,34588,77,1.14
91,34588,102,1.5
91,34588,128,1.5
91,34588,153,1.5
91,34588,179,1.5
91,34588,204,1.5
91,34588,230,1.5
91,34588,255,1.14
91,36408,0,1.14
91,36408,26,1.14
91,36408,51,1.14
91,36408,77,1.14
91,36408,102,1.64
91,36408,128,1.64
91,36408,153,1.64
91,36408,179,1.64
91,36408,204,1.21
91,36408,230,1.21
91,36408,255,1.21
91,38228,0,1.21
91,38228,26,1.21
91,38228,51,1.78
91,38228,77,1.78
91,38228,102,1.78
91,38228,128,1.78
91,38228,153,1.78
91,38228,179,1.35
91,38228,204,1.35
91,38228,230,1.35
91,38228,255,1.35
91,40049,0,1.35
91,40049,26,1.78
91,40049,51,1.78
91,40049,77,1.78
91,40049,102,1.78
91,40049,128,1.57
91,40049,153,1.57
91,40049,179,1.57
91,40049,204,1.57
91,40049,230,1.57
91,40049,255,1.14
91,41869,0,1.14
91,41869,26,1.14
91,41869,51,1.14
91,41869,77,1.14
91,41869,102,1.71
91,41869,128,1.71
91,41869,153,1.71
91,41869,179,1.71
91,41869,204,1.14
91,41869,230,1.14
91,41869,255,1.14
91,43690,0,1.14
91,43690,26,1.14
91,43690,51,1.71
91,43690,77,1.71
91,43690,102,1.71
91,43690,128,1.71
91,43690,153,1.71
91,43690,179,1.43
91,43690,204,1.43
91,43690,230,1.43
91,43690,255,1.43
91,45510,0,1.78
91,45510,26,1.78
91,45510,51,1.78
91,45510,77,1.78
91,45510,102,1.78
91,45510,128,1.57
91,45510,153,1.57
91,45510,179,1.57
91,45510,204,1.57
91,45510,230,1.57
91,45510,255,1.57
91,47330,0,1.21
91,47330,26,1.21
91,47330,51,1.21
91,47330,77,1.21
91,47330,102,1.21
91,47330,128,1.57
91,47330,153,1.57
91,47330,179,1.57
91,47330,204,1.57
91,47330,230,1.28
91,47330,255,1.28
91,49151,0,1.28
91,49151,26,1.28
91,49151,51,1.28
91,49151,77,1.64
91,49151,102,1.64
91,49151,128,1.64
91,49151,153,1.64
91,49151,179,1.64
91,49151,204,1.28
91,49151,230,1.28
91,49151,255,1.28
91,50971,0,1.28
91,50971,26,1.78
91,50971,51,1.78
91,50971,77,1.78
91,50971,102,1.78
91,50971,128,1.78
91,50971,153,1.5
91,50971,179,1.5
91,50971,204,1.5
91,50971,230,1.5
91,50971,255,1.5
91,52792,0,1.21
91,52792,26,1.21
91,52792,51,1.21
91,52792,77,1.21
91,52792,102,1.5
91,52792,128,1.5
91,52792,153,1.5
91,52792,179,1.5
91,52792,204,1.5
91,52792,230,1.28
91,52792,255,1.28
91,54612,0,1.28
91,54612,26,1.28
91,54612,51,1.28
91,54612,77,1.64
91,54612,102,1.64
91,54612,128,1.64
91,54612,153,1.64
91,54612,179,1.28
91,54612,204,1.28
91,54612,230,1.28
91,54612,255,1.28
91,56432,0,1.28
91,56432,26,1.71
91,56432,51,1.71
91,56432,77,1.71
91,56432,102,1.71
91,56432,128,1.71
91,56432,153,1.5
91,56432,179,1.5
91,56432,204,1.5
91,56432,230,1.5
91,56432,255,1.5
91,58253,0,1.5
91,58253,26,1.28
91,58253,51,1.28
91,58253,77,1.28
91,58253,102,1.28
91,58253,128,1.57
91,58253,153,1.57
91,58253,179,1.57
91,58253,204,1.57
91,58253,230,1.57
91,58253,255,1.28
91,60073,0,1.28
91,60073,26,1.28
91,60073,51,1.28
91,60073,77,1.28
91,60073,102,1.64
91,60073,128,1.64
91,60073,153,1.64
91,60073,179,1.64
91,60073,204,1.35
91,60073,230,1.35
91,60073,255,1.35
91,61894,0,1.35
91,61894,26,1.35
91,61894,51,1.71
91,61894,77,1.71
91,61894,102,1.71
91,61894,128,1.71
91,61894,153,1.71
91,61894,179,1.43
91,61894,204,1.43
91,61894,230,1.43
91,61894,255,1.43
91,63714,0,1.78
91,63714,26,1.78
91,63714,51,1.78
91,63714,77,1.78
91,63714,102,1.78
91,63714,128,1.57
91,63714,153,1.57
91,63714,179,1.57
91,63714,204,1.57
91,63714,230,1.57
91,63714,255,1.35
91,65534,0,1.35
91,65534,26,1.35
91,65534,51,1.35
91,65534,77,1.35
91,65534,102,1.71
91,65534,128,1.71
91,65534,153,1.71
91,65534,179,1.71
91,65534,204,1.43
91,65534,230,1.43
91,65534,255,1.43
101,0,0,1.43
101,0,26,1.43
101,0,51,1.85
101,0,77,1.85
101,0,102,1.85
101,0,128,1.85
101,0,153,1.85
101,0,179,1.64
101,0,204,1.64
101,0,230,1.64
101,0,255,1.64
101,1820,0,1.64
101,1820,26,2.0
101,1820,51,2.0
101,1820,77,2.0
101,1820,102,2.0
101,1820,128,1.93
101,1820,153,1.93
101,1820,179,1.93
101,1820,204,1.93
101,1820,230,1.93
101,1820,255,1.5
101,3641,0,1.5
101,3641,26,1.5
101,3641,51,1.5
101,3641,77,1.5
101,3641,102,1.5
101,3641,128,2.0
101,3641,153,2.0
101,3641,179,2.0
101,3641,204,1.57
101,3641,230,1.57
101,3641,255,1.57
101,5461,0,1.57
101,5461,26,1.57
101,5461,51,2.0
101,5461,77,2.0
101,5461,102,2.0
101,5461,128,2.0
101,5461,153,2.0
101,5461,179,2.0
101,5461,204,1.78
101,5461,230,1.78
101,5461,255,1.78
101,7282,0,1.78
101,7282,26,1.78
101,7282,51,1.93
101,7282,77,1.93
101,7282,102,1.93
101,7282,128,1.93
101,7282,153,1.93
101,7282,179,1.93
101,7282,204,1.93
101,7282,230,1.93
101,7282,255,1.93
101,9102,0,1.28
101,9102,26,1.28
101,9102,51,1.28
101,9102,77,1.28
101,9102,102,1.28
101,9102,128,2.0
101,9102,153,2.0
101,9102,179,2.0
101,9102,204,2.0
101,9102,230,1.28
101,9102,255,1.28
101,10922,0,1.28
101,10922,26,1.28
101,10922,51,1.28
101,10922,77,2.14
101,10922,102,2.14
101,10922,128,2.14
101,10922,153,2.14
101,10922,179,2.14
101,10922,204,1.43
101,10922,230,1.43
101,10922,255,1.43
101,12743,0,1.43
101,12743,26,2.07
101,12743,51,2.07
101,12743,77,2.07
101,12743,102,2.07
101,12743,128,2.07
101,12743,153,1.85
101,12743,179,1.85
101,12743,204,1.85
101,12743,230,1.85
101,12743,255,1.85
101,14563,0,1.28
101,14563,26,1.28
101,14563,51,1.28
101,14563,77,1.28
101,14563,102,1.28
101,14563,128,2.07
101,14563,153,2.07
101,14563,179,2.07
101,14563,204,2.07
101,14563,230,1.21
101,14563,255,1.21
101,16384,0,1.21
101,16384,26,1.21
101,16384,51,1.21
101,16384,77,2.07
101,16384,102,2.07
101,16384,128,2.07
101,16384,153,2.07
101,16384,179,2.07
101,16384,204,1.43
101,16384,230,1.43
101,16384,255,1.43
101,18204,0,1.43
101,18204,26,2.07
101,18204,51,2.07
101,18204,77,2.07
101,18204,102,2.07
101,18204,128,2.07
101,18204,153,1.71
101,18204,179,1.71
101,18204,204,1.71
101,18204,230,1.71
101,18204,255,1.71
101,20024,0,1.28
101,20024,26,1.28
101,20024,51,1.28
101,20024,77,1.28
101,20024,102,1.28
101,20024,128,1.93
101,20024,153,1.93
101,20024,179,1.93
101,20024,204,1.93
101,20024,230,1.21
101,20024,255,1.21
101,21845,0,1.21
101,21845,26,1.21
101,21845,51,1.21
101,21845,77,1.93
101,21845,102,1.93
101,21845,128,1.93
101,21845,153,1.93
101,21845,179,1.93
101,21845,204,1.93
101,21845,230,1.43
101,21845,255,1.43
101,23665,0,1.43
101,23665,26,2.0
101,23665,51,2.0
101,23665,77,2.0
101,23665,102,2.0
101,23665,128,2.0
101,23665,153,2.0
101,23665,179,1.57
101,23665,204,1.57
101,23665,230,1.57
101,23665,255,1.57
101,25486,0,1.57
101,25486,26,1.93
101,25486,51,1.93
101,25486,77,1.93
101,25486,102,1.93
101,25486,128,1.93
101,25486,153,1.64
101,25486,179,1.64
101,25486,204,1.64
101,25486,230,1.64
101,25486,255,1.28
101,27306,0,1.28
101,27306,26,1.28
101,27306,51,1.28
101,27306,77,1.28
101,27306,102,1.85
101,27306,128,1.85
101,27306,153,1.85
101,27306,179,1.85
101,27306,204,1.85
101,27306,230,1.28
101,27306,255,1.28
101,29126,0,1.28
101,29126,26,1.28
101,29126,51,1.93
101,29126,77,1.93
101,29126,102,1.93
101,29126,128,1.93
101,29126,153,1.93
101,29126,179,1.43
101,29126,204,1.43
101,29126,230,1.43
101,29126,255,1.43
101,30947,0,1.43
101,30947,26,1.93
101,30947,51,1.93
101,30947,77,1.93
101,30947,102,1.93
101,30947,128,1.5
101,30947,153,1.5
101,30947,179,1.5
101,30947,204,1.5
101,30947,230,1.5
101,30947,255,1.21
101,32767,0,1.21
101,32767,26,1.21
101,32767,51,1.21
101,32767,77,1.21
101,32767,102,1.71
101,32767,128,1.71
101,32767,153,1.71
101,32767,179,1.71
101,32767,204,1.71
101,32767,230,1.14
101,32767,255,1.14
101,34588,0,1.14
101,34588,26,1.14
101,34588,51,1.85
101,34588,77,1.85
101,34588,102,1.85
101,34588,128,1.85
101,34588,153,1.85
101,34588,179,1.28
101,34588,204,1.28
101,34588,230,1.28
101,34588,255,1.28
101,36408,0,1.28
101,36408,26,1.28
101,36408,51,2.0
101,36408,77,2.0
101,36408,102,2.0
101,36408,128,1.57
101,36408,153,1.57
101,36408,179,1.57
101,36408,204,1.57
101,36408,230,1.57
101,36408,255,1.57
101,38228,0,1.14
101,38228,26,1.14
101,38228,51,1.14
101,38228,77,1.14
101,38228,102,1.14
101,38228,128,1.64
101,38228,153,1.64
101,38228,179,1.64
101,38228,204,1.64
101,38228,230,1.64
101,38228,255,1.14
101,40049,0,1.14
101,40049,26,1.14
101,40049,51,1.14
101,40049,77,1.85
101,40049,102,1.85
101,40049,128,1.85
101,40049,153,1.85
101,40049,179,1.85
101,40049,204,1.28
101,40049,230,1.28
101,40049,255,1.28
101,41869,0,1.28
101,41869,26,1.28
101,41869,51,1.93
101,41869,77,1.93
101,41869,102,1.93
101,41869,128,1.93
101,41869,153,1.64
101,41869,179,1.64
101,41869,204,1.64
101,41869,230,1.64
101,41869,255,1.64
101,43690,0,1.28
101,43690,26,1.28
101,43690,51,1.28
101,43690,77,1.28
101,43690,102,1.28
101,43690,128,1.78
101,43690,153,1.78
101,43690,179,1.78
101,43690,204,1.78
101,43690,230,1.78
101,43690,255,1.28
101,45510,0,1.28
101,45510,26,1.28
101,45510,51,1.28
101,45510,77,1.78
101,45510,102,1.78
101,45510,128,1.78
101,45510,153,1.78
101,45510,179,1.78
101,45510,204,1.5
101,45510,230,1.5
101,45510,255,1.5
101,47330,0,1.5
101,47330,26,1.5
101,47330,51,1.85
101,47330,77,1.85
101,47330,102,1.85
101,47330,128,1.85
101,47330,153,1.5
101,47330,179,1.5
101,47330,204,1.5
101,47330,230,1.5
101,47330,255,1.5
101,49151,0,1.93
101,49151,26,1.93
101,49151,51,1.93
101,49151,77,1.93
101,49151,102,1.93
101,49151,128,1.57
101,49151,153,1.57
101,49151,179,1.57
101,49151,204,1.57
101,49151,230,1.57
101,49151,255,1.21
101,50971,0,1.21
101,50971,26,1.21
101,50971,51,1.21
101,50971,77,1.64
101,50971,102,1.64
101,50971,128,1.64
101,50971,153,1.64
101,50971,179,1.64
101,50971,204,1.28
101,50971,230,1.28
101,50971,255,1.28
101,52792,0,1.28
101,52792,26,1.28
101,52792,51,1.28
101,52792,77,1.78
101,52792,102,1.78
101,52792,128,1.78
101,52792,153,1.5
101,52792,179,1.5
101,52792,204,1.5
101,52792,230,1.5
101,52792,255,1.5
101,54612,0,1.5
101,54612,26,1.93
101,54612,51,1.93
101,54612,77,1.93
101,54612,102,1.93
101,54612,128,1.93
101,54612,153,1.5
101,54612,179,1.5
101,54612,204,1.5
101,54612,230,1.5
101,54612,255,1.5
101,56432,0,1.28
101,56432,26,1.28
101,56432,51,1.28
101,56432,77,1.28
101,56432,102,1.71
101,56432,128,1.71
101,56432,153,1.71
101,56432,179,1.71
101,56432,204,1.71
101,56432,230,1.28
101,56432,255,1.28
101,58253,0,1.28
101,58253,26,1.28
101,58253,51,1.28
101,58253,77,1.78
101,58253,102,1.78
101,58253,128,1.78
101,58253,153,1.78
101,58253,179,1.5
101,58253,204,1.5
101,58253,230,1.5
101,58253,255,1.5
101,60073,0,1.5
101,60073,26,2.0
101,60073,51,2.0
101,60073,77,2.0
101,60073,102,2.0
101,60073,128,2.0
101,60073,153,1.64
101,60073,179,1.64
101,60073,204,1.64
101,60073,230,1.64
101,60073,255,1.64
101,61894,0,1.28
101,61894,26,1.28
101,61894,51,1.28
101,61894,77,1.28
101,61894,102,1.71
101,61894,128,1.71
101,61894,153,1.71
101,61894,179,1.71
101,61894,204,1.71
101,61894,230,1.35
101,61894,255,1.35
101,63714,0,1.35
101,63714,26,1.35
101,63714,51,1.35
101,63714,77,1.78
101,63714,102,1.78
101,63714,128,1.78
101,63714,153,1.78
101,63714,179,1.78
101,63714,204,1.5
101,63714,230,1.5
101,63714,255,1.5
101,65534,0,1.5
101,65534,26,1.85
101,65534,51,1.85
101,65534,77,1.85
101,65534,102,1.85
101,65534,128,1.85
101,65534,153,1.71
101,65534,179,1.71
101,65534,204,1.71
101,65534,230,1.71
101,65534,255,1.71
111,0,0,1.35
111,0,26,1.35
111,0,51,1.35
111,0,77,1.35
111,0,102,1.93
111,0,128,1.93
111,0,153,1.93
111,0,179,1.93
111,0,204,1.93
111,0,230,1.43
111,0,255,1.43
111,1820,0,1.43
111,1820,26,1.43
111,1820,51,1.43
111,1820,77,2.07
111,1820,102,2.07
111,1820,128,2.07
111,1820,153,2.07
111,1820,179,2.07
111,1820,204,2.07
111,1820,230,2.0
111,1820,255,2.0
111,3641,0,2.0
111,3641,26,2.14
111,3641,51,2.14
111,3641,77,2.14
111,3641,102,2.14
111,3641,128,2.14
111,3641,153,2.14
111,3641,179,2.14
111,3641,204,2.14
111,3641,230,2.14
111,3641,255,2.14
111,5461,0,2.14
111,5461,26,1.5
111,5461,51,1.5
111,5461,77,1.5
111,5461,102,1.5
111,5461,128,2.36
111,5461,153,2.36
111,5461,179,2.36
111,5461,204,2.36
111,5461,230,2.36
111,5461,255,1.35
111,7282,0,1.35
111,7282,26,1.35
111,7282,51,1.35
111,7282,77,1.35
111,7282,102,2.43
111,7282,128,2.43
111,7282,153,2.43
111,7282,179,2.43
111,7282,204,1.43
111,7282,230,1.43
111,7282,255,1.43
111,9102,0,1.43
111,9102,26,1.43
111,9102,51,2.28
111,9102,77,2.28
111,9102,102,2.28
111,9102,128,2.28
111,9102,153,2.28
111,9102,179,1.85
111,9102,204,1.85
111,9102,230,1.85
111,9102,255,1.85
111,10922,0,1.85
111,10922,26,2.14
111,10922,51,2.14
111,10922,77,2.14
111,10922,102,2.14
111,10922,128,2.07
111,10922,153,2.07
111,10922,179,2.07
111,10922,204,2.07
111,10922,230,2.07
111,10922,255,1.35
111,12743,0,1.35
111,12743,26,1.35
111,12743,51,1.35
111,12743,77,1.35
111,12743,102,2.36
111,12743,128,2.36
111,12743,153,2.36
111,12743,179,2.36
111,12743,204,1.35
111,12743,230,1.35
111,12743,255,1.35
111,14563,0,1.35
111,14563,26,1.35
111,14563,51,2.36
111,14563,77,2.36
111,14563,102,2.36
111,14563,128,2.36
111,14563,153,2.36
111,14563,179,1.85
111,14563,204,1.85
111,14563,230,1.85
111,14563,255,1.85
111,16384,0,1.85
111,16384,26,2.14
111,16384,51,2.14
111,16384,77,2.14
111,16384,102,2.14
111,16384,128,2.07
111,16384,153,2.07
111,16384,179,2.07
111,16384,204,2.07
111,16384,230,2.07
111,16384,255,1.28
111,18204,0,1.28
111,18204,26,1.28
111,18204,51,1.28
111,18204,77,1.28
111,18204,102,1.28
111,18204,128,2.28
111,18204,153,2.28
111,18204,179,2.28
111,18204,204,1.28
111,18204,230,1.28
111,18204,255,1.28
111,20024,0,1.28
111,20024,26,1.28
111,20024,51,1.28
111,20024,77,2.21
111,20024,102,2.21
111,20024,128,2.21
111,20024,153,2.21
111,20024,179,2.21
111,20024,204,1.5
111,20024,230,1.5
111,20024,255,1.5
111,21845,0,1.5
111,21845,26,1.5
111,21845,51,2.14
111,21845,77,2.14
111,21845,102,2.14
111,21845,128,2.14
111,21845,153,1.85
111,21845,179,1.85
111,21845,204,1.85
111,21845,230,1.85
111,21845,255,1.85
111,23665,0,1.28
111,23665,26,1.28
111,23665,51,1.28
111,23665,77,1.28
111,23665,102,1.28
111,23665,128,1.93
111,23665,153,1.93
111,23665,179,1.93
111,23665,204,1.93
111,23665,230,1.28
111,23665,255,1.28
111,25486,0,1.28
111,25486,26,1.28
111,25486,51,1.28
111,25486,77,2.07
111,25486,102,2.07
111,25486,128,2.07
111,25486,153,2.07
111,25486,179,2.07
111,25486,204,1.43
111,25486,230,1.43
111,25486,255,1.43
111,27306,0,1.43
111,27306,26,2.14
111,27306,51,2.14
111,27306,77,2.14
111,27306,102,2.14
111,27306,128,2.14
111,27306,153,1.57
111,27306,179,1.57
111,27306,204,1.57
111,27306,230,1.57
111,27306,255,1.57
111,29126,0,1.28
111,29126,26,1.28
111,29126,51,1.28
111,29126,77,1.28
111,29126,102,1.78
111,29126,128,1.78
111,29126,153,1.78
111,29126,179,1.78
111,29126,204,1.78
111,29126,230,1.28
111,29126,255,1.28
111,30947,0,1.28
111,30947,26,1.28
111,30947,51,1.28
111,30947,77,1.28
111,30947,102,1.93
111,30947,128,1.93
111,30947,153,1.93
111,30947,179,1.93
111,30947,204,1.93
111,30947,230,1.28
111,30947,255,1.28
111,32767,0,1.28
111,32767,26,1.28
111,32767,51,2.07
111,32767,77,2.07
111,32767,102,2.07
111,32767,128,2.07
111,32767,153,2.07
111,32767,179,1.43
111,32767,204,1.43
111,32767,230,1.43
111,32767,255,1.43
111,34588,0,1.43
111,34588,26,2.14
111,34588,51,2.14
111,34588,77,2.14
111,34588,102,2.14
111,34588,128,1.71
111,34588,153,1.71
111,34588,179,1.71
111,34588,204,1.71
111,34588,230,1.71
111,34588,255,1.21
111,36408,0,1.21
111,36408,26,1.21
111,36408,51,1.21
111,36408,77,1.21
111,36408,102,1.93
111,36408,128,1.93
111,36408,153,1.93
111,36408,179,1.93
111,36408,204,1.93
111,36408,230,1.21
111,36408,255,1.21
111,38228,0,1.21
111,38228,26,1.21
111,38228,51,2.07
111,38228,77,2.07
111,38228,102,2.07
111,38228,128,2.07
111,38228,153,2.07
111,38228,179,1.5
111,38228,204,1.5
111,38228,230,1.5
111,38228,255,1.5
111,40049,0,1.5
111,40049,26,2.14
111,40049,51,2.14
111,40049,77,2.14
111,40049,102,2.14
111,40049,128,2.14
111,40049,153,1.71
111,40049,179,1.71
111,40049,204,1.71
111,40049,230,1.71
111,40049,255,1.21
111,41869,0,1.21
111,41869,26,1.21
111,41869,51,1.21
111,41869,77,1.21
111,41869,102,2.0
111,41869,128,2.0
111,41869,153,2.0
111,41869,179,2.0
111,41869,204,2.0
111,41869,230,1.21
111,41869,255,1.21
111,43690,0,1.21
111,43690,26,1.21
111,43690,51,2.07
111,43690,77,2.07
111,43690,102,2.07
111,43690,128,2.07
111,43690,153,2.07
111,43690,179,1.43
111,43690,204,1.43
111,43690,230,1.43
111,43690,255,1.43
111,45510,0,1.43
111,45510,26,1.43
111,45510,51,2.14
111,45510,77,2.14
111,45510,102,2.14
111,45510,128,1.71
111,45510,153,1.71
111,45510,179,1.71
111,45510,204,1.71
111,45510,230,1.71
111,45510,255,1.71
111,47330,0,1.28
111,47330,26,1.28
111,47330,51,1.28
111,47330,77,1.28
111,47330,102,1.28
111,47330,128,1.78
111,47330,153,1.78
111,47330,179,1.78
111,47330,204,1.78
111,47330,230,1.78
111,47330,255,1.43
111,49151,0,1.43
111,49151,26,1.43
111,49151,51,1.43
111,49151,77,1.85
111,49151,102,1.85
111,49151,128,1.85
111,49151,153,1.85
111,49151,179,1.85
111,49151,204,1.5
111,49151,230,1.5
111,49151,255,1.5
111,50971,0,1.5
111,50971,26,1.5
111,50971,51,2.0
111,50971,77,2.0
111,50971,102,2.0
111,50971,128,2.0
111,50971,153,1.64
111,50971,179,1.64
111,50971,204,1.64
111,50971,230,1.64
111,50971,255,1.64
111,52792,0,1.21
111,52792,26,1.21
111,52792,51,1.21
111,52792,77,1.21
111,52792,102,1.21
111,52792,128,1.78
111,52792,153,1.78
111,52792,179,1.78
111,52792,204,1.78
111,52792,230,1.28
111,52792,255,1.28
111,54612,0,1.28
111,54612,26,1.28
111,54612,51,1.28
111,54612,77,1.85
111,54612,102,1.85
111,54612,128,1.85
111,54612,153,1.85
111,54612,179,1.85
111,54612,204,1.43
111,54612,230,1.43
111,54612,255,1.43
111,56432,0,1.43
111,56432,26,1.43
111,56432,51,1.93
111,56432,77,1.93
111,56432,102,1.93
111,56432,128,1.93
111,56432,153,1.57
111,56432,179,1.57
111,56432,204,1.57
111,56432,230,1.57
111,56432,255,1.57
111,58253,0,2.14
111,58253,26,2.14
111,58253,51,2.14
111,58253,77,2.14
111,58253,102,2.14
111,58253,128,2.14
111,58253,153,1.78
111,58253,179,1.78
111,58253,204,1.78
111,58253,230,1.35
111,58253,255,1.35
111,60073,0,1.35
111,60073,26,1.35
111,60073,51,1.35
111,60073,77,1.35
111,60073,102,1.93
111,60073,128,1.93
111,60073,153,1.93
111,60073,179,1.93
111,60073,204,1.93
111,60073,230,1.43
111,60073,255,1.43
111,61894,0,1.43
111,61894,26,1.43
111,61894,51,1.43
111,61894,77,2.0
111,61894,102,2.0
111,61894,128,2.0
111,61894,153,2.0
111,61894,179,1.64
111,61894,204,1.64
111,61894,230,1.64
111,61894,255,1.64
111,63714,0,1.64
111,63714,26,2.14
111,63714,51,2.14
111,63714,77,2.14
111,63714,102,2.14
111,63714,128,2.14
111,63714,153,1.78
111,63714,179,1.78
111,63714,204,1.78
111,63714,230,1.78
111,63714,255,1.43
111,65534,0,1.43
111,65534,26,1.43
111,65534,51,1.43
111,65534,77,1.43
111,65534,102,2.0
111,65534,128,2.0
111,65534,153,2.0
111,65534,179,2.0
111,65534,204,2.0
111,65534,230,1.5
111,65534,255,1.5
121,0,0,1.5
121,0,26,1.5
121,0,51,1.5
121,0,77,2.14
121,0,102,2.14
121,0,128,2.14
121,0,153,2.14
121,0,179,1.78
121,0,204,1.78
121,0,230,1.78
121,0,255,1.78
121,1820,0,1.78
121,1820,26,2.36
121,1820,51,2.36
121,1820,77,2.36
121,1820,102,2.36
121,1820,128,2.36
121,1820,153,2.28
121,1820,179,2.28
121,1820,204,2.28
121,1820,230,2.28
121,1820,255,1.57
121,3641,0,1.57
121,3641,26,1.57
121,3641,51,1.57
121,3641,77,1.57
121,3641,102,2.57
121,3641,128,2.57
121,3641,153,2.57
121,3641,179,2.57
121,3641,204,2.57
121,3641,230,1.85
121,3641,255,1.85
121,5461,0,1.85
121,5461,26,1.85
121,5461,51,2.43
121,5461,77,2.43
121,5461,102,2.43
121,5461,128,2.43
121,5461,153,2.43
121,5461,179,1.93
121,5461,204,1.93
121,5461,230,1.93
121,5461,255,1.93
121,7282,0,1.93
121,7282,26,1.93
121,7282,51,2.43
121,7282,77,2.43
121,7282,102,2.43
121,7282,128,2.43
121,7282,153,2.43
121,7282,179,2.36
121,7282,204,2.36
121,7282,230,2.36
121,7282,255,2.36
121,9102,0,1.43
121,9102,26,1.43
121,9102,51,1.43
121,9102,77,1.43
121,9102,102,1.43
121,9102,128,2.43
121,9102,153,2.43
121,9102,179,2.43
121,9102,204,2.43
121,9102,230,2.43
121,9102,255,1.43
121,10922,0,1.43
121,10922,26,1.43
121,10922,51,1.43
121,10922,77,2.64
121,10922,102,2.64
121,10922,128,2.64
121,10922,153,2.64
121,10922,179,2.64
121,10922,204,1.64
121,10922,230,1.64
121,10922,255,1.64
121,12743,0,1.64
121,12743,26,1.64
121,12743,51,2.5
121,12743,77,2.5
121,12743,102,2.5
121,12743,128,2.5
121,12743,153,1.93
121,12743,179,1.93
121,12743,204,1.93
121,12743,230,1.93
121,12743,255,1.93
121,14563,0,1.35
121,14563,26,1.35
121,14563,51,1.35
121,14563,77,1.35
121,14563,102,1.35
121,14563,128,2.43
121,14563,153,2.43
121,14563,179,2.43
121,14563,204,2.43
121,14563,230,1.35
121,14563,255,1.35
121,16384,0,1.35
121,16384,26,1.35
121,16384,51,1.35
121,16384,77,2.57
121,16384,102,2.57
121,16384,128,2.57
121,16384,153,2.57
121,16384,179,2.57
121,16384,204,1.57
121,16384,230,1.57
121,16384,255,1.57
121,18204,0,1.57
121,18204,26,1.57
121,18204,51,1.57
121,18204,77,2.43
121,18204,102,2.43
121,18204,128,2.43
121,18204,153,2.0
121,18204,179,2.0
121,18204,204,2.0
121,18204,230,2.0
121,18204,255,2.0
121,20024,0,2.0
121,20024,26,2.36
121,20024,51,2.36
121,20024,77,2.36
121,20024,102,2.36
121,20024,128,2.36
121,20024,153,2.28
121,20024,179,2.28
121,20024,204,2.28
121,20024,230,2.28
121,20024,255,1.35
121,21845,0,1.35
121,21845,26,1.35
121,21845,51,1.35
121,21845,77,1.35
121,21845,102,2.28
121,21845,128,2.28
121,21845,153,2.28
121,21845,179,2.28
121,21845,204,2.28
121,21845,230,1.35
121,21845,255,1.35
121,23665,0,1.35
121,23665,26,1.35
121,23665,51,2.36
121,23665,77,2.36
121,23665,102,2.36
121,23665,128,2.36
121,23665,153,2.36
121,23665,179,1.78
121,23665,204,1.78
121,23665,230,1.78
121,23665,255,1.78
121,25486,0,1.78
121,25486,26,2.36
121,25486,51,2.36
121,25486,77,2.36
121,25486,102,2.36
121,25486,128,1.85
121,25486,153,1.85
121,25486,179,1.85
121,25486,204,1.85
121,25486,230,1.85
121,25486,255,1.28
121,27306,0,1.28
121,27306,26,1.28
121,27306,51,1.28
121,27306,77,1.28
121,27306,102,2.14
121,27306,128,2.14
121,27306,153,2.14
121,27306,179,2.14
121,27306,204,2.14
121,27306,230,1.35
121,27306,255,1.35
121,29126,0,1.35
121,29126,26,1.35
121,29126,51,2.28
121,29126,77,2.28
121,29126,102,2.28
121,29126,128,2.28
121,29126,153,2.28
121,29126,179,1.43
121,29126,204,1.43
121,29126,230,1.43
121,29126,255,1.43
121,30947,0,1.43
121,30947,26,1.43
121,30947,51,2.36
121,30947,77,2.36
121,30947,102,2.36
121,30947,128,1.71
121,30947,153,1.71
121,30947,179,1.71
121,30947,204,1.71
121,30947,230,1.71
121,30947,255,1.71
121,32767,0,1.28
121,32767,26,1.28
121,32767,51,1.28
121,32767,77,1.28
121,32767,102,1.28
121,32767,128,1.85
121,32767,153,1.85
121,32767,179,1.85
121,32767,204,1.85
121,32767,230,1.28
121,32767,255,1.28
121,34588,0,1.28
121,34588,26,1.28
121,34588,51,1.28
121,34588,77,2.21
121,34588,102,2.21
121,34588,128,2.21
121,34588,153,2.21
121,34588,179,2.21
121,34588,204,1.35
121,34588,230,1.35
121,34588,255,1.35
121,36408,0,1.35
121,36408,26,1.35
121,36408,51,2.36
121,36408,77,2.36
121,36408,102,2.36
121,36408,128,2.36
121,36408,153,1.78
121,36408,179,1.78
121,36408,204,1.78
121,36408,230,1.78
121,36408,255,1.78
121,38228,0,1.21
121,38228,26,1.21
121,38228,51,1.21
121,38228,77,1.21
121,38228,102,1.21
121,38228,128,2.0
121,38228,153,2.0
121,38228,179,2.0
121,38228,204,2.0
121,38228,230,1.21
121,38228,255,1.21
121,40049,0,1.21
121,40049,26,1.21
121,40049,51,1.21
121,40049,77,2.28
121,40049,102,2.28
121,40049,128,2.28
121,40049,153,2.28
121,40049,179,2.28
121,40049,204,1.43
121,40049,230,1.43
121,40049,255,1.43
121,41869,0,1.43
121,41869,26,2.36
121,41869,51,2.36
121,41869,77,2.36
121,41869,102,2.36
121,41869,128,2.36
121,41869,153,1.71
121,41869,179,1.71
121,41869,204,1.71
121,41869,230,1.71
121,41869,255,1.71
121,43690,0,1.28
121,43690,26,1.28
121,43690,51,1.28
121,43690,77,1.28
121,43690,102,1.28
121,43690,128,1.28
121,43690,153,2.07
121,43690,179,2.07
121,43690,204,2.07
121,43690,230,1.35
121,43690,255,1.35
121,45510,0,1.35
121,45510,26,1.35
121,45510,51,1.35
121,45510,77,1.35
121,45510,102,2.07
121,45510,128,2.07
121,45510,153,2.07
121,45510,179,2.07
121,45510,204,2.07
121,45510,230,1.64
121,45510,255,1.64
121,47330,0,1.64
121,47330,26,1.64
121,47330,51,2.21
121,47330,77,2.21
121,47330,102,2.21
121,47330,128,2.21
121,47330,153,2.21
121,47330,179,1.71
121,47330,204,1.71
121,47330,230,1.71
121,47330,255,1.71
121,49151,0,1.71
121,49151,26,2.36
121,49151,51,2.36
121,49151,77,2.36
121,49151,102,2.36
121,49151,128,1.85
121,49151,153,1.85
121,49151,179,1.85
121,49151,204,1.85
121,49151,230,1.85
121,49151,255,1.35
121,50971,0,1.35
121,50971,26,1.35
121,50971,51,1.35
121,50971,77,1.35
121,50971,102,1.93
121,50971,128,1.93
121,50971,153,1.93
121,50971,179,1.93
121,50971,204,1.93
121,50971,230,1.43
121,50971,255,1.43
121,52792,0,1.43
121,52792,26,1.43
121,52792,51,2.0
121,52792,77,2.0
121,52792,102,2.0
121,52792,128,2.0
121,52792,153,2.0
121,52792,179,1.64
121,52792,204,1.64
121,52792,230,1.64
121,52792,255,1.64
121,54612,0,1.64
121,54612,26,2.36
121,54612,51,2.36
121,54612,77,2.36
121,54612,102,2.36
121,54612,128,1.71
121,54612,153,1.71
121,54612,179,1.71
121,54612,204,1.71
121,54612,230,1.71
121,54612,255,1.43
121,56432,0,1.43
121,56432,26,1.43
121,56432,51,1.43
121,56432,77,1.43
121,56432,102,1.43
121,56432,128,1.93
121,56432,153,1.93
121,56432,179,1.93
121,56432,204,1.43
121,56432,230,1.43
121,56432,255,1.43
121,58253,0,1.43
121,58253,26,1.43
121,58253,51,1.43
121,58253,77,2.07
121,58253,102,2.07
121,58253,128,2.07
121,58253,153,2.07
121,58253,179,2.07
121,58253,204,1.57
121,58253,230,1.57
121,58253,255,1.57
121,60073,0,1.57
121,60073,26,2.36
121,60073,51,2.36
121,60073,77,2.36
121,60073,102,2.36
121,60073,128,2.36
121,60073,153,1.85
121,60073,179,1.85
121,60073,204,1.85
121,60073,230,1.85
121,60073,255,1.85
121,61894,0,1.5
121,61894,26,1.5
121,61894,51,1.5
121,61894,77,1.5
121,61894,102,1.5
121,61894,128,2.0
121,61894,153,2.0
121,61894,179,2.0
121,61894,204,2.0
121,61894,230,1.5
121,61894,255,1.5
121,63714,0,1.5
121,63714,26,1.5
121,63714,51,1.5
121,63714,77,2.07
121,63714,102,2.07
121,63714,128,2.07
121,63714,153,2.07
121,63714,179,2.07
121,63714,204,1.71
121,63714,230,1.71
121,63714,255,1.71
121,65534,0,1.71
121,65534,26,2.14
121,65534,51,2.14
121,65534,77,2.14
121,65534,102,2.14
121,65534,128,2.14
121,65534,153,2.0
121,65534,179,2.0
121,65534,204,2.0
121,65534,230,2.0
121,65534,255,2.0
131,0,0,1.5
131,0,26,1.5
131,0,51,1.5
131,0,77,1.5
131,0,102,1.5
131,0,128,2.21
131,0,153,2.21
131,0,179,2.21
131,0,204,2.21
131,0,230,1.57
131,0,255,1.57
131,1820,0,1.57
131,1820,26,1.57
131,1820,51,1.57
131,1820,77,2.36
131,1820,102,2.36
131,1820,128,2.36
131,1820,153,2.36
131,1820,179,2.36
131,1820,204,2.36
131,1820,230,2.36
131,1820,255,2.36
131,3641,0,2.36
131,3641,26,2.5
131,3641,51,2.5
131,3641,77,2.5
131,3641,102,2.5
131,3641,128,2.5
131,3641,153,2.5
131,3641,179,2.5
131,3641,204,2.5
131,3641,230,2.5
131,3641,255,2.5
131,5461,0,2.5
131,5461,26,1.57
131,5461,51,1.57
131,5461,77,1.57
131,5461,102,1.57
131,5461,128,1.57
131,5461,153,2.86
131,5461,179,2.86
131,5461,204,2.86
131,5461,230,2.86
131,5461,255,1.5
131,7282,0,1.5
131,7282,26,1.5
131,7282,51,1.5
131,7282,77,1.5
131,7282,102,2.86
131,7282,128,2.86
131,7282,153,2.86
131,7282,179,2.86
131,7282,204,2.86
131,7282,230,1.85
131,7282,255,1.85
131,9102,0,1.85
131,9102,26,1.85
131,9102,51,2.78
131,9102,77,2.78
131,9102,102,2.78
131,9102,128,2.78
131,9102,153,2.78
131,9102,179,2.14
131,9102,204,2.14
131,9102,230,2.14
131,9102,255,2.14
131,10922,0,2.14
131,10922,26,2.57
131,10922,51,2.57
131,10922,77,2.57
131,10922,102,2.57
131,10922,128,2.43
131,10922,153,2.43
131,10922,179,2.43
131,10922,204,2.43
131,10922,230,2.43
131,10922,255,1.43
131,12743,0,1.43
131,12743,26,1.43
131,12743,51,1.43
131,12743,77,1.43
131,12743,102,2.93
131,12743,128,2.93
131,12743,153,2.93
131,12743,179,2.93
131,12743,204,2.93
131,12743,230,1.43
131,12743,255,1.43
131,14563,0,1.43
131,14563,26,1.43
131,14563,51,2.78
131,14563,77,2.78
131,14563,102,2.78
131,14563,128,2.78
131,14563,153,2.78
131,14563,179,2.14
131,14563,204,2.14
131,14563,230,2.14
131,14563,255,2.14
131,16384,0,2.14
131,16384,26,2.57
131,16384,51,2.57
131,16384,77,2.57
131,16384,102,2.57
131,16384,128,2.43
131,16384,153,2.43
131,16384,179,2.43
131,16384,204,2.43
131,16384,230,2.43
131,16384,255,1.35
131,18204,0,1.35
131,18204,26,1.35
131,18204,51,1.35
131,18204,77,1.35
131,18204,102,2.64
131,18204,128,2.64
131,18204,153,2.64
131,18204,179,2.64
131,18204,204,1.35
131,18204,230,1.35
131,18204,255,1.35
131,20024,0,1.35
131,20024,26,1.35
131,20024,51,1.35
131,20024,77,2.64
131,20024,102,2.64
131,20024,128,2.64
131,20024,153,2.64
131,20024,179,2.64
131,20024,204,1.64
131,20024,230,1.64
131,20024,255,1.64
131,21845,0,1.64
131,21845,26,1.64
131,21845,51,2.57
131,21845,77,2.57
131,21845,102,2.57
131,21845,128,2.57
131,21845,153,2.07
131,21845,179,2.07
131,21845,204,2.07
131,21845,230,2.07
131,21845,255,2.07
131,23665,0,1.43
131,23665,26,1.43
131,23665,51,1.43
131,23665,77,1.43
131,23665,102,1.43
131,23665,128,2.21
131,23665,153,2.21
131,23665,179,2.21
131,23665,204,2.21
131,23665,230,1.57
131,23665,255,1.57
131,25486,0,1.57
131,25486,26,1.57
131,25486,51,1.57
131,25486,77,2.5
131,25486,102,2.5
131,25486,128,2.5
131,25486,153,2.5
131,25486,179,2.5
131,25486,204,1.64
131,25486,230,1.64
131,25486,255,1.64
131,27306,0,1.64
131,27306,26,2.57
131,27306,51,2.57
131,27306,77,2.57
131,27306,102,2.57
131,27306,128,2.57
131,27306,153,1.71
131,27306,179,1.71
131,27306,204,1.71
131,27306,230,1.71
131,27306,255,1.71
131,29126,0,1.35
131,29126,26,1.35
131,29126,51,1.35
131,29126,77,1.35
131,29126,102,1.35
131,29126,128,2.07
131,29126,153,2.07
131,29126,179,2.07
131,29126,204,2.07
131,29126,230,1.28
131,29126,255,1.28
131,30947,0,1.28
131,30947,26,1.28
131,30947,51,1.28
131,30947,77,2.21
131,30947,102,2.21
131,30947,128,2.21
131,30947,153,2.21
131,30947,179,2.21
131,30947,204,2.21
131,30947,230,1.43
131,30947,255,1.43
131,32767,0,1.43
131,32767,26,2.57
131,32767,51,2.57
131,32767,77,2.57
131,32767,102,2.57
131,32767,128,2.57
131,32767,153,2.57
131,32767,179,1.57
131,32767,204,1.57
131,32767,230,1.57
131,32767,255,1.57
131,34588,0,1.57
131,34588,26,2.57
131,34588,51,2.57
131,34588,77,2.57
131,34588,102,2.57
131,34588,128,2.0
131,34588,153,2.0
131,34588,179,2.0
131,34588,204,2.0
131,34588,230,2.0
131,34588,255,1.28
131,36408,0,1.28
131,36408,26,1.28
131,36408,51,1.28
131,36408,77,1.28
131,36408,102,2.21
131,36408,128,2.21
131,36408,153,2.21
131,36408,179,2.21
131,36408,204,1.28
131,36408,230,1.28
131,36408,255,1.28
131,38228,0,1.28
131,38228,26,1.28
131,38228,51,2.57
131,38228,77,2.57
131,38228,102,2.57
131,38228,128,2.57
131,38228,153,2.57
131,38228,179,1.64
131,38228,204,1.64
131,38228,230,1.64
131,38228,255,1.64
131,40049,0,1.64
131,40049,26,2.57
131,40049,51,2.57
131,40049,77,2.57
131,40049,102,2.57
131,40049,128,1.93
131,40049,153,1.93
131,40049,179,1.93
131,40049,204,1.93
131,40049,230,1.93
131,40049,255,1.28
131,41869,0,1.28
131,41869,26,1.28
131,41869,51,1.28
131,41869,77,1.28
131,41869,102,1.28
131,41869,128,2.36
131,41869,153,2.36
131,41869,179,2.36
131,41869,204,1.28
131,41869,230,1.28
131,41869,255,1.28
131,43690,0,1.28
131,43690,26,1.28
131,43690,51,1.28
131,43690,77,2.43
131,43690,102,2.43
131,43690,128,2.43
131,43690,153,2.43
131,43690,179,2.43
131,43690,204,1.78
131,43690,230,1.78
131,43690,255,1.78
131,45510,0,1.78
131,45510,26,2.5
131,45510,51,2.5
131,45510,77,2.5
131,45510,102,2.5
131,45510,128,2.5
131,45510,153,2.0
131,45510,179,2.0
131,45510,204,2.0
131,45510,230,2.0
131,45510,255,2.0
131,47330,0,1.35
131,47330,26,1.35
131,47330,51,1.35
131,47330,77,1.35
131,47330,102,2.0
131,47330,128,2.0
131,47330,153,2.0
131,47330,179,2.0
131,47330,204,2.0
131,47330,230,1.5
131,47330,255,1.5
131,49151,0,1.5
131,49151,26,1.5
131,49151,51,1.5
131,49151,77,2.21
131,49151,102,2.21
131,49151,128,2.21
131,49151,153,2.21
131,49151,179,2.21
131,49151,204,1.64
131,49151,230,1.64
131,49151,255,1.64
131,50971,0,1.64
131,50971,26,2.36
131,50971,51,2.36
131,50971,77,2.36
131,50971,102,2.36
131,50971,128,2.36
131,50971,153,1.85
131,50971,179,1.85
131,50971,204,1.85
131,50971,230,1.85
131,50971,255,1.85
131,52792,0,1.28
131,52792,26,1.28
131,52792,51,1.28
131,52792,77,1.28
131,52792,102,2.0
131,52792,128,2.0
131,52792,153,2.0
131,52792,179,2.0
131,52792,204,2.0
131,52792,230,1.35
131,52792,255,1.35
131,54612,0,1.35
131,54612,26,1.35
131,54612,51,1.35
131,54612,77,1.35
131,54612,102,2.14
131,54612,128,2.14
131,54612,153,2.14
131,54612,179,1.57
131,54612,204,1.57
131,54612,230,1.57
131,54612,255,1.57
131,56432,0,1.57
131,56432,26,1.57
131,56432,51,2.28
131,56432,77,2.28
131,56432,102,2.28
131,56432,128,2.28
131,56432,153,2.28
131,56432,179,1.71
131,56432,204,1.71
131,56432,230,1.71
131,56432,255,1.71
131,58253,0,1.71
131,58253,26,1.57
131,58253,51,1.57
131,58253,77,1.57
131,58253,102,1.57
131,58253,128,2.07
131,58253,153,2.07
131,58253,179,2.07
131,58253,204,2.07
131,58253,230,2.07
131,58253,255,1.5
131,60073,0,1.5
131,60073,26,1.5
131,60073,51,1.5
131,60073,77,1.5
131,60073,102,2.21
131,60073,128,2.21
131,60073,153,2.21
131,60073,179,2.21
131,60073,204,1.57
131,60073,230,1.57
131,60073,255,1.57
131,61894,0,1.57
131,61894,26,1.57
131,61894,51,2.28
131,61894,77,2.28
131,61894,102,2.28
131,61894,128,2.28
131,61894,153,2.28
131,61894,179,1.93
131,61894,204,1.93
131,61894,230,1.93
131,61894,255,1.93
131,63714,0,1.93
131,63714,26,2.57
131,63714,51,2.57
131,63714,77,2.57
131,63714,102,2.57
131,63714,128,2.07
131,63714,153,2.07
131,63714,179,2.07
131,63714,204,2.07
131,63714,230,2.07
131,63714,255,1.57
131,65534,0,1.57
131,65534,26,1.57
131,65534,51,1.57
131,65534,77,1.57
131,65534,102,2.36
131,65534,128,2.36
131,65534,153,2.36
131,65534,179,2.36
131,65534,204,1.71
131,65534,230,1.71
131,65534,255,1.71
141,0,0,1.71
141,0,26,1.71
141,0,51,2.5
141,0,77,2.5
141,0,102,2.5
141,0,128,2.5
141,0,153,2.5
141,0,179,2.5
141,0,204,2.21
141,0,230,2.21
141,0,255,2.21
141,1820,0,2.21
141,1820,26,2.78
141,1820,51,2.78
141,1820,77,2.78
141,1820,102,2.78
141,1820,128,2.78
141,1820,153,2.71
141,1820,179,2.71
141,1820,204,2.71
141,1820,230,2.71
141,1820,255,2.71
141,3641,0,1.71
141,3641,26,1.71
141,3641,51,1.71
141,3641,77,1.71
141,3641,102,2.93
141,3641,128,2.93
141,3641,153,2.93
141,3641,179,2.93
141,3641,204,2.93
141,3641,230,2.14
141,3641,255,2.14
141,5461,0,2.14
141,5461,26,2.14
141,5461,51,2.14
141,5461,77,2.86
141,5461,102,2.86
141,5461,128,2.86
141,5461,153,2.86
141,5461,179,2.28
141,5461,204,2.28
141,5461,230,2.28
141,5461,255,2.28
141,7282,0,2.28
141,7282,26,2.78
141,7282,51,2.78
141,7282,77,2.78
141,7282,102,2.78
141,7282,128,2.78
141,7282,153,2.86
141,7282,179,2.86
141,7282,204,2.86
141,7282,230,2.86
141,7282,255,1.57
141,9102,0,1.57
141,9102,26,1.57
141,9102,51,1.57
141,9102,77,1.57
141,9102,102,2.93
141,9102,128,2.93
141,9102,153,2.93
141,9102,179,2.93
141,9102,204,2.93
141,9102,230,2.93
141,9102,255,1.5
141,10922,0,1.5
141,10922,26,1.5
141,10922,51,1.5
141,10922,77,1.5
141,10922,102,3.14
141,10922,128,3.14
141,10922,153,3.14
141,10922,179,3.14
141,10922,204,1.85
141,10922,230,1.85
141,10922,255,1.85
141,12743,0,1.85
141,12743,26,1.85
141,12743,51,3.0
141,12743,77,3.0
141,12743,102,3.0
141,12743,128,3.0
141,12743,153,3.0
141,12743,179,2.28
141,12743,204,2.28
141,12743,230,2.28
141,12743,255,2.28
141,14563,0,1.5
141,14563,26,1.5
141,14563,51,1.5
141,14563,77,1.5
141,14563,102,1.5
141,14563,128,2.93
141,14563,153,2.93
141,14563,179,2.93
141,14563,204,2.93
141,14563,230,2.93
141,14563,255,1.43
141,16384,0,1.43
141,16384,26,1.43
141,16384,51,1.43
141,16384,77,3.07
141,16384,102,3.07
141,16384,128,3.07
141,16384,153,3.07
141,16384,179,3.07
141,16384,204,1.78
141,16384,230,1.78
141,16384,255,1.78
141,18204,0,1.78
141,18204,26,1.78
141,18204,51,2.93
141,18204,77,2.93
141,18204,102,2.93
141,18204,128,2.93
141,18204,153,2.36
141,18204,179,2.36
141,18204,204,2.36
141,18204,230,2.36
141,18204,255,2.36
141,20024,0,2.78
141,20024,26,2.78
141,20024,51,2.78
141,20024,77,2.78
141,20024,102,2.78
141,20024,128,2.78
141,20024,153,2.71
141,20024,179,2.71
141,20024,204,2.71
141,20024,230,1.43
141,20024,255,1.43
141,21845,0,1.43
141,21845,26,1.43
141,21845,51,1.43
141,21845,77,2.71
141,21845,102,2.71
141,21845,128,2.71
141,21845,153,2.71
141,21845,179,2.71
141,21845,204,2.71
141,21845,230,1.43
141,21845,255,1.43
141,23665,0,1.43
141,23665,26,1.43
141,23665,51,1.43
141,23665,77,2.86
141,23665,102,2.86
141,23665,128,2.86
141,23665,153,2.86
141,23665,179,2.0
141,23665,204,2.0
141,23665,230,2.0
141,23665,255,2.0
141,25486,0,2.0
141,25486,26,2.78
141,25486,51,2.78
141,25486,77,2.78
141,25486,102,2.78
141,25486,128,2.78
141,25486,153,2.14
141,25486,179,2.14
141,25486,204,2.14
141,25486,230,2.14
141,25486,255,1.43
141,27306,0,1.43
141,27306,26,1.43
141,27306,51,1.43
141,27306,77,1.43
141,27306,102,2.5
141,27306,128,2.5
141,27306,153,2.5
141,27306,179,2.5
141,27306,204,2.5
141,27306,230,1.5
141,27306,255,1.5
141,29126,0,1.5
141,29126,26,1.5
141,29126,51,1.5
141,29126,77,2.64
141,29126,102,2.64
141,29126,128,2.64
141,29126,153,2.64
141,29126,179,1.5
141,29126,204,1.5
141,29126,230,1.5
141,29126,255,1.5
141,30947,0,1.5
141,30947,26,2.78
141,30947,51,2.78
141,30947,77,2.78
141,30947,102,2.78
141,30947,128,2.78
141,30947,153,1.93
141,30947,179,1.93
141,30947,204,1.93
141,30947,230,1.93
141,30947,255,1.35
141,32767,0,1.35
141,32767,26,1.35
141,32767,51,1.35
141,32767,77,1.35
141,32767,102,2.14
141,32767,128,2.14
141,32767,153,2.14
141,32767,179,2.14
141,32767,204,2.14
141,32767,230,1.35
141,32767,255,1.35
141,34588,0,1.35
141,34588,26,1.35
141,34588,51,1.35
141,34588,77,2.57
141,34588,102,2.57
141,34588,128,2.57
141,34588,153,2.57
141,34588,179,1.43
141,34588,204,1.43
141,34588,230,1.43
141,34588,255,1.43
141,36408,0,1.43
141,36408,26,2.78
141,36408,51,2.78
141,36408,77,2.78
141,36408,102,2.78
141,36408,128,2.78
141,36408,153,2.0
141,36408,179,2.0
141,36408,204,2.0
141,36408,230,2.0
141,36408,255,2.0
141,38228,0,2.0
141,38228,26,1.28
141,38228,51,1.28
141,38228,77,1.28
141,38228,102,2.28
141,38228,128,2.28
141,38228,153,2.28
141,38228,179,2.28
141,38228,204,2.28
141,38228,230,2.28
141,38228,255,1.28
141,40049,0,1.28
141,40049,26,1.28
141,40049,51,1.28
141,40049,77,1.28
141,40049,102,2.5
141,40049,128,2.5
141,40049,153,2.5
141,40049,179,2.5
141,40049,204,2.5
141,40049,230,1.5
141,40049,255,1.5
141,41869,0,1.5
141,41869,26,1.5
141,41869,51,2.78
141,41869,77,2.78
141,41869,102,2.78
141,41869,128,2.78
141,41869,153,2.78
141,41869,179,1.85
141,41869,204,1.85
141,41869,230,1.85
141,41869,255,1.85
141,43690,0,1.85
141,43690,26,2.78
141,43690,51,2.78
141,43690,77,2.78
141,43690,102,2.78
141,43690,128,2.43
141,43690,153,2.43
141,43690,179,2.43
141,43690,204,2.43
141,43690,230,2.43
141,43690,255,1.43
141,45510,0,1.43
141,45510,26,1.43
141,45510,51,1.43
141,45510,77,1.43
141,45510,102,2.43
141,45510,128,2.43
141,45510,153,2.43
141,45510,179,2.43
141,45510,204,2.43
141,45510,230,1.71
141,45510,255,1.71
141,47330,0,1.71
141,47330,26,1.71
141,47330,51,2.64
141,47330,77,2.64
141,47330,102,2.64
141,47330,128,2.64
141,47330,153,2.64
141,47330,179,1.93
141,47330,204,1.93
141,47330,230,1.93
141,47330,255,1.93
141,49151,0,1.93
141,49151,26,2.86
141,49151,51,2.86
141,49151,77,2.86
141,49151,102,2.86
141,49151,128,2.07
141,49151,153,2.07
141,49151,179,2.07
141,49151,204,2.07
141,49151,230,2.07
141,49151,255,1.43
141,50971,0,1.43
141,50971,26,1.43
141,50971,51,1.43
141,50971,77,1.43
141,50971,102,2.28
141,50971,128,2.28
141,50971,153,2.28
141,50971,179,2.28
141,50971,204,1.57
141,50971,230,1.57
141,50971,255,1.57
141,52792,0,1.57
141,52792,26,1.57
141,52792,51,2.36
141,52792,77,2.36
141,52792,102,2.36
141,52792,128,2.36
141,52792,153,2.36
141,52792,179,1.85
141,52792,204,1.85
141,52792,230,1.85
141,52792,255,1.85
141,54612,0,1.85
141,54612,26,1.85
141,54612,51,2.78
141,54612,77,2.78
141,54612,102,2.78
141,54612,128,2.0
141,54612,153,2.0
141,54612,179,2.0
141,54612,204,2.0
141,54612,230,2.0
141,54612,255,2.0
141,56432,0,1.5
141,56432,26,1.5
141,56432,51,1.5
141,56432,77,1.5
141,56432,102,1.5
141,56432,128,2.36
141,56432,153,2.36
141,56432,179,2.36
141,56432,204,2.36
141,56432,230,1.57
141,56432,255,1.57
141,58253,0,1.57
141,58253,26,1.57
141,58253,51,1.57
141,58253,77,2.36
141,58253,102,2.36
141,58253,128,2.36
141,58253,153,2.36
141,58253,179,2.36
141,58253,204,1.78
141,58253,230,1.78
141,58253,255,1.78
141,60073,0,1.78
141,60073,26,2.78
141,60073,51,2.78
141,60073,77,2.78
141,60073,102,2.78
141,60073,128,2.78
141,60073,153,2.14
141,60073,179,2.14
141,60073,204,2.14
141,60073,230,2.14
141,60073,255,2.14
141,61894,0,1.64
141,61894,26,1.64
141,61894,51,1.64
141,61894,77,1.64
141,61894,102,1.64
141,61894,128,2.36
141,61894,153,2.36
141,61894,179,2.36
141,61894,204,2.36
141,61894,230,1.71
141,61894,255,1.71
141,63714,0,1.71
141,63714,26,1.71
141,63714,51,1.71
141,63714,77,2.5
141,63714,102,2.5
141,63714,128,2.5
141,63714,153,2.5
141,63714,179,2.5
141,63714,204,1.93
141,63714,230,1.93
141,63714,255,1.93
141,65534,0,1.93
141,65534,26,2.71
141,65534,51,2.71
141,65534,77,2.71
141,65534,102,2.71
141,65534,128,2.71
141,65534,153,2.21
141,65534,179,2.21
141,65534,204,2.21
141,65534,230,2.21
141,65534,255,2.21
151,0,0,1.71
151,0,26,1.71
151,0,51,1.71
151,0,77,1.71
151,0,102,1.71
151,0,128,2.64
151,0,153,2.64
151,0,179,2.64
151,0,204,2.64
151,0,230,1.85
151,0,255,1.85
151,1820,0,1.85
151,1820,26,1.85
151,1820,51,1.85
151,1820,77,1.85
151,1820,102,3.0
151,1820,128,3.0
151,1820,153,3.0
151,1820,179,3.0
151,1820,204,3.0
151,1820,230,2.78
151,1820,255,2.78
151,3641,0,2.78
151,3641,26,2.78
151,3641,51,3.0
151,3641,77,3.0
151,3641,102,3.0
151,3641,128,3.0
151,3641,153,3.0
151,3641,179,3.07
151,3641,204,3.07
151,3641,230,3.07
151,3641,255,3.07
151,5461,0,3.07
151,5461,26,3.07
151,5461,51,3.07
151,5461,77,3.07
151,5461,102,3.07
151,5461,128,3.07
151,5461,153,3.43
151,5461,179,3.43
151,5461,204,3.43
151,5461,230,3.43
151,5461,255,1.71
151,7282,0,1.71
151,7282,26,1.71
151,7282,51,1.71
151,7282,77,1.71
151,7282,102,3.5
151,7282,128,3.5
151,7282,153,3.5
151,7282,179,3.5
151,7282,204,3.5
151,7282,230,1.85
151,7282,255,1.85
151,9102,0,1.85
151,9102,26,1.85
151,9102,51,3.36
151,9102,77,3.36
151,9102,102,3.36
151,9102,128,3.36
151,9102,153,3.36
151,9102,179,2.57
151,9102,204,2.57
151,9102,230,2.57
151,9102,255,2.57
151,10922,0,2.57
151,10922,26,3.0
151,10922,51,3.0
151,10922,77,3.0
151,10922,102,3.0
151,10922,128,2.86
151,10922,153,2.86
151,10922,179,2.86
151,10922,204,2.86
151,10922,230,2.86
151,10922,255,1.57
151,12743,0,1.57
151,12743,26,1.57
151,12743,51,1.57
151,12743,77,1.57
151,12743,102,3.5
151,12743,128,3.5
151,12743,153,3.5
151,12743,179,3.5
151,12743,204,1.57
151,12743,230,1.57
151,12743,255,1.57
151,14563,0,1.57
151,14563,26,1.57
151,14563,51,3.43
151,14563,77,3.43
151,14563,102,3.43
151,14563,128,3.43
151,14563,153,3.43
151,14563,179,3.43
151,14563,204,1.93
151,14563,230,1.93
151,14563,255,1.93
151,16384,0,1.93
151,16384,26,1.93
151,16384,51,3.07
151,16384,77,3.07
151,16384,102,3.07
151,16384,128,2.93
151,16384,153,2.93
151,16384,179,2.93
151,16384,204,2.93
151,16384,230,2.93
151,16384,255,2.93
151,18204,0,1.5
151,18204,26,1.5
151,18204,51,1.5
151,18204,77,1.5
151,18204,102,1.5
151,18204,128,3.21
151,18204,153,3.21
151,18204,179,3.21
151,18204,204,3.21
151,18204,230,1.5
151,18204,255,1.5
151,20024,0,1.5
151,20024,26,1.5
151,20024,51,1.5
151,20024,77,3.14
151,20024,102,3.14
151,20024,128,3.14
151,20024,153,3.14
151,20024,179,3.14
151,20024,204,1.85
151,20024,230,1.85
151,20024,255,1.85
151,21845,0,1.85
151,21845,26,1.85
151,21845,51,3.14
151,21845,77,3.14
151,21845,102,3.14
151,21845,128,3.14
151,21845,153,2.5
151,21845,179,2.5
151,21845,204,2.5
151,21845,230,2.5
151,21845,255,2.5
151,23665,0,1.5
151,23665,26,1.5
151,23665,51,1.5
151,23665,77,1.5
151,23665,102,1.5
151,23665,128,2.64
151,23665,153,2.64
151,23665,179,2.64
151,23665,204,2.64
151,23665,230,1.5
151,23665,255,1.5
151,25486,0,1.5
151,25486,26,1.5
151,25486,51,1.5
151,25486,77,3.0
151,25486,102,3.0
151,25486,128,3.0
151,25486,153,3.0
151,25486,179,3.0
151,25486,204,3.0
151,25486,230,1.78
151,25486,255,1.78
151,27306,0,1.78
151,27306,26,3.07
151,27306,51,3.07
151,27306,77,3.07
151,27306,102,3.07
151,27306,128,3.07
151,27306,153,3.07
151,27306,179,2.0
151,27306,204,2.0
151,27306,230,2.0
151,27306,255,2.0
151,29126,0,2.0
151,29126,26,2.21
151,29126,51,2.21
151,29126,77,2.21
151,29126,102,2.43
151,29126,128,2.43
151,29126,153,2.43
151,29126,179,2.43
151,29126,204,2.43
151,29126,230,2.43
151,29126,255,1.43
151,30947,0,1.43
151,30947,26,1.43
151,30947,51,1.43
151,30947,77,1.43
151,30947,102,2.64
151,30947,128,2.64
151,30947,153,2.64
151,30947,179,2.64
151,30947,204,2.64
151,30947,230,1.43
151,30947,255,1.43
151,32767,0,1.43
151,32767,26,1.43
151,32767,51,3.0
151,32767,77,3.0
151,32767,102,3.0
151,32767,128,3.0
151,32767,153,3.0
151,32767,179,1.71
151,32767,204,1.71
151,32767,230,1.71
151,32767,255,1.71
151,34588,0,1.71
151,34588,26,3.0
151,34588,51,3.0
151,34588,77,3.0
151,34588,102,3.0
151,34588,128,2.07
151,34588,153,2.07
151,34588,179,2.07
151,34588,204,2.07
151,34588,230,2.07
151,34588,255,1.35
151,36408,0,1.35
151,36408,26,1.35
151,36408,51,1.35
151,36408,77,1.35
151,36408,102,2.64
151,36408,128,2.64
151,36408,153,2.64
151,36408,179,2.64
151,36408,204,1.35
151,36408,230,1.35
151,36408,255,1.35
151,38228,0,1.35
151,38228,26,1.35
151,38228,51,2.86
151,38228,77,2.86
151,38228,102,2.86
151,38228,128,2.86
151,38228,153,2.86
151,38228,179,1.85
151,38228,204,1.85
151,38228,230,1.85
151,38228,255,1.85
151,40049,0,1.85
151,40049,26,3.0
151,40049,51,3.0
151,40049,77,3.0
151,40049,102,3.0
151,40049,128,2.21
151,40049,153,2.21
151,40049,179,2.21
151,40049,204,2.21
151,40049,230,2.21
151,40049,255,2.21
151,41869,0,1.35
151,41869,26,1.35
151,41869,51,1.35
151,41869,77,1.35
151,41869,102,1.35
151,41869,128,2.78
151,41869,153,2.78
151,41869,179,2.78
151,41869,204,1.35
151,41869,230,1.35
151,41869,255,1.35
151,43690,0,1.35
151,43690,26,1.35
151,43690,51,1.35
151,43690,77,2.86
151,43690,102,2.86
151,43690,128,2.86
151,43690,153,2.86
151,43690,179,2.86
151,43690,204,1.71
151,43690,230,1.71
151,43690,255,1.71
151,45510,0,1.71
151,45510,26,3.0
151,45510,51,3.0
151,45510,77,3.0
151,45510,102,3.0
151,45510,128,3.0
151,45510,153,2.36
151,45510,179,2.36
151,45510,204,2.36
151,45510,230,2.36
151,45510,255,2.36
151,47330,0,1.43
151,47330,26,1.43
151,47330,51,1.43
151,47330,77,1.43
151,47330,102,1.43
151,47330,128,2.43
151,47330,153,2.43
151,47330,179,2.43
151,47330,204,2.43
151,47330,230,1.64
151,47330,255,1.64
151,49151,0,1.64
151,49151,26,1.64
151,49151,51,1.64
151,49151,77,2.57
151,49151,102,2.57
151,49151,128,2.57
151,49151,153,2.57
151,49151,179,2.57
151,49151,204,1.85
151,49151,230,1.85
151,49151,255,1.85
151,50971,0,1.85
151,50971,26,2.78
151,50971,51,2.78
151,50971,77,2.78
151,50971,102,2.78
151,50971,128,2.78
151,50971,153,2.14
151,50971,179,2.14
151,50971,204,2.14
151,50971,230,2.14
151,50971,255,2.14
151,52792,0,1.43
151,52792,26,1.43
151,52792,51,1.43
151,52792,77,1.43
151,52792,102,1.43
151,52792,128,2.36
151,52792,153,2.36
151,52792,179,2.36
151,52792,204,2.36
151,52792,230,1.5
151,52792,255,1.5
151,54612,0,1.5
151,54612,26,1.5
151,54612,51,1.5
151,54612,77,2.5
151,54612,102,2.5
151,54612,128,2.5
151,54612,153,2.5
151,54612,179,2.5
151,54612,204,2.5
151,54612,230,1.78
151,54612,255,1.78
151,56432,0,1.78
151,56432,26,2.71
151,56432,51,2.71
151,56432,77,2.71
151,56432,102,2.71
151,56432,128,2.71
151,56432,153,2.71
151,56432,179,2.0
151,56432,204,2.0
151,56432,230,2.0
151,56432,255,2.0
151,58253,0,2.0
151,58253,26,3.07
151,58253,51,3.07
151,58253,77,3.07
151,58253,102,3.07
151,58253,128,2.43
151,58253,153,2.43
151,58253,179,2.43
151,58253,204,2.43
151,58253,230,2.43
151,58253,255,1.64
151,60073,0,1.64
151,60073,26,1.64
151,60073,51,1.64
151,60073,77,1.64
151,60073,102,2.64
151,60073,128,2.64
151,60073,153,2.64
151,60073,179,2.64
151,60073,204,1.78
151,60073,230,1.78
151,60073,255,1.78
151,61894,0,1.78
151,61894,26,1.78
151,61894,51,2.71
151,61894,77,2.71
151,61894,102,2.71
151,61894,128,2.71
151,61894,153,2.71
151,61894,179,2.28
151,61894,204,2.28
151,61894,230,2.28
151,61894,255,2.28
151,63714,0,2.28
151,63714,26,3.07
151,63714,51,3.07
151,63714,77,3.07
151,63714,102,3.07
151,63714,128,2.5
151,63714,153,2.5
151,63714,179,2.5
151,63714,204,2.5
151,63714,230,2.5
151,63714,255,1.78
151,65534,0,1.78
151,65534,26,1.78
151,65534,51,1.78
151,65534,77,1.78
151,65534,102,2.71
151,65534,128,2.71
151,65534,153,2.71
151,65534,179,2.71
151,65534,204,1.85
151,65534,230,1.85
151,65534,255,1.85
161,0,0,1.85
161,0,26,1.85
161,0,51,2.93
161,0,77,2.93
161,0,102,2.93
161,0,128,2.93
161,0,153,2.93
161,0,179,2.64
161,0,204,2.64
161,0,230,2.64
161,0,255,2.64
161,1820,0,2.64
161,1820,26,2.64
161,1820,51,3.29
161,1820,77,3.29
161,1820,102,3.29
161,1820,128,3.29
161,1820,153,3.29
161,1820,179,3.29
161,1820,204,3.29
161,1820,230,3.29
161,1820,255,3.29
161,3641,0,2.0
161,3641,26,2.0
161,3641,51,2.0
161,3641,77,2.0
161,3641,102,2.0
161,3641,128,3.5
161,3641,153,3.5
161,3641,179,3.5
161,3641,204,3.5
161,3641,230,2.5
161,3641,255,2.5
161,5461,0,2.5
161,5461,26,2.5
161,5461,51,2.5
161,5461,77,3.5
161,5461,102,3.5
161,5461,128,3.5
161,5461,153,3.5
161,5461,179,3.5
161,5461,204,2.71
161,5461,230,2.71
161,5461,255,2.71
161,7282,0,2.71
161,7282,26,3.36
161,7282,51,3.36
161,7282,77,3.36
161,7282,102,3.36
161,7282,128,3.36
161,7282,153,3.36
161,7282,179,3.36
161,7282,204,3.36
161,7282,230,3.36
161,7282,255,3.36
161,9102,0,1.78
161,9102,26,1.78
161,9102,51,1.78
161,9102,77,1.78
161,9102,102,3.5
161,9102,128,3.5
161,9102,153,3.5
161,9102,179,3.5
161,9102,204,3.5
161,9102,230,1.64
161,9102,255,1.64
161,10922,0,1.64
161,10922,26,1.64
161,10922,51,1.64
161,10922,77,3.86
161,10922,102,3.86
161,10922,128,3.86
161,10922,153,3.86
161,10922,179,3.86
161,10922,204,2.07
161,10922,230,2.07
161,10922,255,2.07
161,12743,0,2.07
161,12743,26,3.64
161,12743,51,3.64
161,12743,77,3.64
161,12743,102,3.64
161,12743,128,3.64
161,12743,153,2.64
161,12743,179,2.64
161,12743,204,2.64
161,12743,230,2.64
161,12743,255,2.64
161,14563,0,2.64
161,14563,26,1.64
161,14563,51,1.64
161,14563,77,1.64
161,14563,102,3.57
161,14563,128,3.57
161,14563,153,3.57
161,14563,179,3.57
161,14563,204,3.57
161,14563,230,3.57
161,14563,255,1.57
161,16384,0,1.57
161,16384,26,1.57
161,16384,51,1.57
161,16384,77,1.57
161,16384,102,3.71
161,16384,128,3.71
161,16384,153,3.71
161,16384,179,3.71
161,16384,204,2.07
161,16384,230,2.07
161,16384,255,2.07
161,18204,0,2.07
161,18204,26,2.07
161,18204,51,3.57
161,18204,77,3.57
161,18204,102,3.57
161,18204,128,3.57
161,18204,153,3.57
161,18204,179,2.71
161,18204,204,2.71
161,18204,230,2.71
161,18204,255,2.71
161,20024,0,3.29
161,20024,26,3.29
161,20024,51,3.29
161,20024,77,3.29
161,20024,102,3.29
161,20024,128,3.29
161,20024,153,3.29
161,20024,179,3.29
161,20024,204,3.29
161,20024,230,3.29
161,20024,255,1.57
161,21845,0,1.57
161,21845,26,1.57
161,21845,51,1.57
161,21845,77,3.21
161,21845,102,3.21
161,21845,128,3.21
161,21845,153,3.21
161,21845,179,3.21
161,21845,204,1.57
161,21845,230,1.57
161,21845,255,1.57
161,23665,0,1.57
161,23665,26,1.57
161,23665,51,3.43
161,23665,77,3.43
161,23665,102,3.43
161,23665,128,3.43
161,23665,153,3.43
161,23665,179,2.36
161,23665,204,2.36
161,23665,230,2.36
161,23665,255,2.36
161,25486,0,3.29
161,25486,26,3.29
161,25486,51,3.29
161,25486,77,3.29
161,25486,102,3.29
161,25486,128,2.5
161,25486,153,2.5
161,25486,179,2.5
161,25486,204,2.5
161,25486,230,2.5
161,25486,255,2.5
161,27306,0,1.57
161,27306,26,1.57
161,27306,51,1.57
161,27306,77,2.93
161,27306,102,2.93
161,27306,128,2.93
161,27306,153,2.93
161,27306,179,2.93
161,27306,204,2.93
161,27306,230,1.57
161,27306,255,1.57
161,29126,0,1.57
161,29126,26,1.57
161,29126,51,1.57
161,29126,77,3.14
161,29126,102,3.14
161,29126,128,3.14
161,29126,153,3.14
161,29126,179,3.14
161,29126,204,1.93
161,29126,230,1.93
161,29126,255,1.93
161,30947,0,1.93
161,30947,26,3.36
161,30947,51,3.36
161,30947,77,3.36
161,30947,102,3.36
161,30947,128,3.36
161,30947,153,2.21
161,30947,179,2.21
161,30947,204,2.21
161,30947,230,2.21
161,30947,255,2.21
161,32767,0,1.5
161,32767,26,1.5
161,32767,51,1.5
161,32767,77,1.5
161,32767,102,2.43
161,32767,128,2.43
161,32767,153,2.43
161,32767,179,2.43
161,32767,204,2.43
161,32767,230,1.43
161,32767,255,1.43
161,34588,0,1.43
161,34588,26,1.43
161,34588,51,1.43
161,34588,77,3.14
161,34588,102,3.14
161,34588,128,3.14
161,34588,153,3.14
161,34588,179,1.57
161,34588,204,1.57
161,34588,230,1.57
161,34588,255,1.57
161,36408,0,1.57
161,36408,26,1.57
161,36408,51,3.29
161,36408,77,3.29
161,36408,102,3.29
161,36408,128,3.29
161,36408,153,3.29
161,36408,179,2.21
161,36408,204,2.21
161,36408,230,2.21
161,36408,255,2.21
161,38228,0,1.35
161,38228,26,1.35
161,38228,51,1.35
161,38228,77,1.35
161,38228,102,1.35
161,38228,128,2.64
161,38228,153,2.64
161,38228,179,2.64
161,38228,204,2.64
161,38228,230,2.64
161,38228,255,1.35
161,40049,0,1.35
161,40049,26,1.35
161,40049,51,1.35
161,40049,77,3.14
161,40049,102,3.14
161,40049,128,3.14
161,40049,153,3.14
161,40049,179,3.14
161,40049,204,1.64
161,40049,230,1.64
161,40049,255,1.64
161,41869,0,1.64
161,41869,26,1.64
161,41869,51,3.29
161,41869,77,3.29
161,41869,102,3.29
161,41869,128,3.29
161,41869,153,2.14
161,41869,179,2.14
161,41869,204,2.14
161,41869,230,2.14
161,41869,255,2.14
161,43690,0,1.5
161,43690,26,1.5
161,43690,51,1.5
161,43690,77,1.5
161,43690,102,1.5
161,43690,128,2.78
161,43690,153,2.78
161,43690,179,2.78
161,43690,204,2.78
161,43690,230,1.5
161,43690,255,1.5
161,45510,0,1.5
161,45510,26,1.5
161,45510,51,1.5
161,45510,77,2.86
161,45510,102,2.86
161,45510,128,2.86
161,45510,153,2.86
161,45510,179,2.86
161,45510,204,2.14
161,45510,230,2.14
161,45510,255,2.14
161,47330,0,2.14
161,47330,26,2.14
161,47330,51,2.14
161,47330,77,3.14
161,47330,102,3.14
161,47330,128,3.14
161,47330,153,2.14
161,47330,179,2.14
161,47330,204,2.14
161,47330,230,2.14
161,47330,255,2.14
161,49151,0,2.14
161,49151,26,3.29
161,49151,51,3.29
161,49151,77,3.29
161,49151,102,3.29
161,49151,128,3.29
161,49151,153,2.5
161,49151,179,2.5
161,49151,204,2.5
161,49151,230,2.5
161,49151,255,1.57
161,50971,0,1.57
161,50971,26,1.57
161,50971,51,1.57
161,50971,77,1.57
161,50971,102,2.64
161,50971,128,2.64
161,50971,153,2.64
161,50971,179,2.64
161,50971,204,2.64
161,50971,230,1.71
161,50971,255,1.71
161,52792,0,1.71
161,52792,26,1.71
161,52792,51,2.93
161,52792,77,2.93
161,52792,102,2.93
161,52792,128,2.93
161,52792,153,2.93
161,52792,179,2.07
161,52792,204,2.07
161,52792,230,2.07
161,52792,255,2.07
161,54612,0,2.07
161,54612,26,3.36
161,54612,51,3.36
161,54612,77,3.36
161,54612,102,3.36
161,54612,128,2.28
161,54612,153,2.28
161,54612,179,2.28
161,54612,204,2.28
161,54612,230,2.28
161,54612,255,1.64
161,56432,0,1.64
161,56432,26,1.64
161,56432,51,1.64
161,56432,77,1.64
161,56432,102,2.71
161,56432,128,2.71
161,56432,153,2.71
161,56432,179,2.71
161,56432,204,2.71
161,56432,230,1.78
161,56432,255,1.78
161,58253,0,1.78
161,58253,26,1.78
161,58253,51,2.86
161,58253,77,2.86
161,58253,102,2.86
161,58253,128,2.86
161,58253,153,2.86
161,58253,179,2.0
161,58253,204,2.0
161,58253,230,2.0
161,58253,255,2.0
161,60073,0,2.0
161,60073,26,2.0
161,60073,51,3.36
161,60073,77,3.36
161,60073,102,3.36
161,60073,128,2.5
161,60073,153,2.5
161,60073,179,2.5
161,60073,204,2.5
161,60073,230,2.5
161,60073,255,1.78
161,61894,0,1.78
161,61894,26,1.78
161,61894,51,1.78
161,61894,77,1.78
161,61894,102,1.78
161,61894,128,2.71
161,61894,153,2.71
161,61894,179,2.71
161,61894,204,2.71
161,61894,230,2.71
161,61894,255,1.93
161,63714,0,1.93
161,63714,26,1.93
161,63714,51,1.93
161,63714,77,2.93
161,63714,102,2.93
161,63714,128,2.93
161,63714,153,2.93
161,63714,179,2.93
161,63714,204,2.28
161,63714,230,2.28
161,63714,255,2.28
161,65534,0,2.28
161,65534,26,2.28
161,65534,51,3.0
161,65534,77,3.0
161,65534,102,3.0
161,65534,128,3.0
161,65534,153,2.71
161,65534,179,2.71
161,65534,204,2.71
161,65534,230,2.71
161,65534,255,2.71
171,0,0,1.93
171,0,26,1.93
171,0,51,1.93
171,0,77,1.93
171,0,102,1.93
171,0,128,3.07
171,0,153,3.07
171,0,179,3.07
171,0,204,3.07
171,0,230,2.07
171,0,255,2.07
171,1820,0,2.07
171,1820,26,2.07
171,1820,51,2.07
171,1820,77,3.36
171,1820,102,3.36
171,1820,128,3.36
171,1820,153,3.36
171,1820,179,3.36
171,1820,204,3.43
171,1820,230,3.43
171,1820,255,3.43
171,3641,0,3.43
171,3641,26,3.57
171,3641,51,3.57
171,3641,77,3.57
171,3641,102,3.57
171,3641,128,3.57
171,3641,153,3.71
171,3641,179,3.71
171,3641,204,3.71
171,3641,230,3.71
171,3641,255,3.71
171,5461,0,2.07
171,5461,26,2.07
171,5461,51,2.07
171,5461,77,2.07
171,5461,102,2.07
171,5461,128,2.07
171,5461,153,4.14
171,5461,179,4.14
171,5461,204,4.14
171,5461,230,1.93
171,5461,255,1.93
171,7282,0,1.93
171,7282,26,1.93
171,7282,51,1.93
171,7282,77,1.93
171,7282,102,4.29
171,7282,128,4.29
171,7282,153,4.29
171,7282,179,4.29
171,7282,204,4.29
171,7282,230,2.64
171,7282,255,2.64
171,9102,0,2.64
171,9102,26,2.64
171,9102,51,4.0
171,9102,77,4.0
171,9102,102,4.0
171,9102,128,4.0
171,9102,153,4.0
171,9102,179,3.0
171,9102,204,3.0
171,9102,230,3.0
171,9102,255,3.0
171,10922,0,3.0
171,10922,26,3.64
171,10922,51,3.64
171,10922,77,3.64
171,10922,102,3.64
171,10922,128,3.64
171,10922,153,3.43
171,10922,179,3.43
171,10922,204,3.43
171,10922,230,3.43
171,10922,255,1.71
171,12743,0,1.71
171,12743,26,1.71
171,12743,51,1.71
171,12743,77,1.71
171,12743,102,4.22
171,12743,128,4.22
171,12743,153,4.22
171,12743,179,4.22
171,12743,204,4.22
171,12743,230,1.71
171,12743,255,1.71
171,14563,0,1.71
171,14563,26,1.71
171,14563,51,4.07
171,14563,77,4.07
171,14563,102,4.07
171,14563,128,4.07
171,14563,153,4.07
171,14563,179,2.93
171,14563,204,2.93
171,14563,230,2.93
171,14563,255,2.93
171,16384,0,2.93
171,16384,26,3.64
171,16384,51,3.64
171,16384,77,3.64
171,16384,102,3.64
171,16384,128,3.64
171,16384,153,3.5
171,16384,179,3.5
171,16384,204,3.5
171,16384,230,3.5
171,16384,255,1.64
171,18204,0,1.64
171,18204,26,1.64
171,18204,51,1.64
171,18204,77,1.64
171,18204,102,3.86
171,18204,128,3.86
171,18204,153,3.86
171,18204,179,3.86
171,18204,204,3.86
171,18204,230,1.64
171,18204,255,1.64
171,20024,0,1.64
171,20024,26,1.64
171,20024,51,3.79
171,20024,77,3.79
171,20024,102,3.79
171,20024,128,3.79
171,20024,153,3.79
171,20024,179,2.14
171,20024,204,2.14
171,20024,230,2.14
171,20024,255,2.14
171,21845,0,2.14
171,21845,26,3.64
171,21845,51,3.64
171,21845,77,3.64
171,21845,102,3.64
171,21845,128,3.64
171,21845,153,3.64
171,21845,179,2.93
171,21845,204,2.93
171,21845,230,2.93
171,21845,255,1.64
171,23665,0,1.64
171,23665,26,1.64
171,23665,51,1.64
171,23665,77,1.64
171,23665,102,1.64
171,23665,128,3.14
171,23665,153,3.14
171,23665,179,3.14
171,23665,204,3.14
171,23665,230,3.14
171,23665,255,1.85
171,25486,0,1.85
171,25486,26,1.85
171,25486,51,1.85
171,25486,77,3.57
171,25486,102,3.57
171,25486,128,3.57
171,25486,153,3.57
171,25486,179,3.57
171,25486,204,2.07
171,25486,230,2.07
171,25486,255,2.07
171,27306,0,2.07
171,27306,26,2.07
171,27306,51,3.64
171,27306,77,3.64
171,27306,102,3.64
171,27306,128,3.64
171,27306,153,2.5
171,27306,179,2.5
171,27306,204,2.5
171,27306,230,2.5
171,27306,255,2.5
171,29126,0,1.5
171,29126,26,1.5
171,29126,51,1.5
171,29126,77,1.5
171,29126,102,1.5
171,29126,128,2.86
171,29126,153,2.86
171,29126,179,2.86
171,29126,204,2.86
171,29126,230,1.5
171,29126,255,1.5
171,30947,0,1.5
171,30947,26,1.5
171,30947,51,1.5
171,30947,77,3.07
171,30947,102,3.07
171,30947,128,3.07
171,30947,153,3.07
171,30947,179,3.07
171,30947,204,1.78
171,30947,230,1.78
171,30947,255,1.78
171,32767,0,1.78
171,32767,26,1.78
171,32767,51,3.64
171,32767,77,3.64
171,32767,102,3.64
171,32767,128,3.64
171,32767,153,1.93
171,32767,179,1.93
171,32767,204,1.93
171,32767,230,1.93
171,32767,255,1.93
171,34588,0,1.93
171,34588,26,3.64
171,34588,51,3.64
171,34588,77,3.64
171,34588,102,3.64
171,34588,128,3.64
171,34588,153,2.71
171,34588,179,2.71
171,34588,204,2.71
171,34588,230,2.71
171,34588,255,1.43
171,36408,0,1.43
171,36408,26,1.43
171,36408,51,1.43
171,36408,77,1.43
171,36408,102,3.14
171,36408,128,3.14
171,36408,153,3.14
171,36408,179,3.14
171,36408,204,3.14
171,36408,230,1.43
171,36408,255,1.43
171,38228,0,1.43
171,38228,26,1.43
171,38228,51,3.64
171,38228,77,3.64
171,38228,102,3.64
171,38228,128,3.64
171,38228,153,3.64
171,38228,179,2.07
171,38228,204,2.07
171,38228,230,2.07
171,38228,255,2.07
171,40049,0,2.07
171,40049,26,3.64
171,40049,51,3.64
171,40049,77,3.64
171,40049,102,3.64
171,40049,128,2.57
171,40049,153,2.57
171,40049,179,2.57
171,40049,204,2.57
171,40049,230,2.57
171,40049,255,1.43
171,41869,0,1.43
171,41869,26,1.43
171,41869,51,1.43
171,41869,77,1.43
171,41869,102,3.21
171,41869,128,3.21
171,41869,153,3.21
171,41869,179,3.21
171,41869,204,1.43
171,41869,230,1.43
171,41869,255,1.43
171,43690,0,1.43
171,43690,26,1.43
171,43690,51,3.43
171,43690,77,3.43
171,43690,102,3.43
171,43690,128,3.43
171,43690,153,3.43
171,43690,179,2.28
171,43690,204,2.28
171,43690,230,2.28
171,43690,255,2.28
171,45510,0,2.28
171,45510,26,2.28
171,45510,51,3.64
171,45510,77,3.64
171,45510,102,3.64
171,45510,128,2.71
171,45510,153,2.71
171,45510,179,2.71
171,45510,204,2.71
171,45510,230,2.71
171,45510,255,2.71
171,47330,0,1.57
171,47330,26,1.57
171,47330,51,1.57
171,47330,77,1.57
171,47330,102,1.57
171,47330,128,2.86
171,47330,153,2.86
171,47330,179,2.86
171,47330,204,1.85
171,47330,230,1.85
171,47330,255,1.85
171,49151,0,1.85
171,49151,26,1.85
171,49151,51,1.85
171,49151,77,3.07
171,49151,102,3.07
171,49151,128,3.07
171,49151,153,3.07
171,49151,179,3.07
171,49151,204,2.0
171,49151,230,2.0
171,49151,255,2.0
171,50971,0,2.0
171,50971,26,2.0
171,50971,51,3.21
171,50971,77,3.21
171,50971,102,3.21
171,50971,128,3.21
171,50971,153,2.5
171,50971,179,2.5
171,50971,204,2.5
171,50971,230,2.5
171,50971,255,2.5
171,52792,0,1.57
171,52792,26,1.57
171,52792,51,1.57
171,52792,77,1.57
171,52792,102,1.57
171,52792,128,2.71
171,52792,153,2.71
171,52792,179,2.71
171,52792,204,2.71
171,52792,230,1.64
171,52792,255,1.64
171,54612,0,1.64
171,54612,26,1.64
171,54612,51,1.64
171,54612,77,3.0
171,54612,102,3.0
171,54612,128,3.0
171,54612,153,3.0
171,54612,179,3.0
171,54612,204,2.0
171,54612,230,2.0
171,54612,255,2.0
171,56432,0,2.0
171,56432,26,2.0
171,56432,51,3.21
171,56432,77,3.21
171,56432,102,3.21
171,56432,128,3.21
171,56432,153,2.28
171,56432,179,2.28
171,56432,204,2.28
171,56432,230,2.28
171,56432,255,2.28
171,58253,0,1.78
171,58253,26,1.78
171,58253,51,1.78
171,58253,77,1.78
171,58253,102,1.78
171,58253,128,1.78
171,58253,153,2.78
171,58253,179,2.78
171,58253,204,2.78
171,58253,230,1.85
171,58253,255,1.85
171,60073,0,1.85
171,60073,26,1.85
171,60073,51,1.85
171,60073,77,1.85
171,60073,102,3.07
171,60073,128,3.07
171,60073,153,3.07
171,60073,179,3.07
171,60073,204,3.07
171,60073,230,2.21
171,60073,255,2.21
171,61894,0,2.21
171,61894,26,2.21
171,61894,51,3.21
171,61894,77,3.21
171,61894,102,3.21
171,61894,128,3.21
171,61894,153,3.21
171,61894,179,2.57
171,61894,204,2.57
171,61894,230,2.57
171,61894,255,2.57
171,63714,0,2.57
171,63714,26,3.57
171,63714,51,3.57
171,63714,77,3.57
171,63714,102,3.57
171,63714,128,3.0
171,63714,153,3.0
171,63714,179,3.0
171,63714,204,3.0
171,63714,230,3.0
171,63714,255,2.0
171,65534,0,2.0
171,65534,26,2.0
171,65534,51,2.0
171,65534,77,2.0
171,65534,102,3.21
171,65534,128,3.21
171,65534,153,3.21
171,65534,179,3.21
171,65534,204,3.21
171,65534,230,2.21
171,65534,255,2.21
181,0,0,2.21
181,0,26,2.21
181,0,51,3.43
181,0,77,3.43
181,0,102,3.43
181,0,128,3.43
181,0,153,3.43
181,0,179,3.07
181,0,204,3.07
181,0,230,3.07
181,0,255,3.07
181,1820,0,3.07
181,1820,26,4.0
181,1820,51,4.0
181,1820,77,4.0
181,1820,102,4.0
181,1820,128,3.93
181,1820,153,3.93
181,1820,179,3.93
181,1820,204,3.93
181,1820,230,3.93
181,1820,255,2.28
181,3641,0,2.28
181,3641,26,2.28
181,3641,51,2.28
181,3641,77,2.28
181,3641,102,2.28
181,3641,128,4.22
181,3641,153,4.22
181,3641,179,4.22
181,3641,204,2.86
181,3641,230,2.86
181,3641,255,2.86
181,5461,0,2.86
181,5461,26,2.86
181,5461,51,2.86
181,5461,77,4.14
181,5461,102,4.14
181,5461,128,4.14
181,5461,153,4.14
181,5461,179,4.14
181,5461,204,3.07
181,5461,230,3.07
181,5461,255,3.07
181,7282,0,3.07
181,7282,26,3.93
181,7282,51,3.93
181,7282,77,3.93
181,7282,102,3.93
181,7282,128,3.93
181,7282,153,4.0
181,7282,179,4.0
181,7282,204,4.0
181,7282,230,4.0
181,7282,255,4.0
181,9102,0,1.93
181,9102,26,1.93
181,9102,51,1.93
181,9102,77,1.93
181,9102,102,1.93
181,9102,128,4.14
181,9102,153,4.14
181,9102,179,4.14
181,9102,204,4.14
181,9102,230,1.93
181,9102,255,1.93
181,10922,0,1.93
181,10922,26,1.93
181,10922,51,1.93
181,10922,77,4.57
181,10922,102,4.57
181,10922,128,4.57
181,10922,153,4.57
181,10922,179,4.57
181,10922,204,2.28
181,10922,230,2.28
181,10922,255,2.28
181,12743,0,2.28
181,12743,26,4.36
181,12743,51,4.36
181,12743,77,4.36
181,12743,102,4.36
181,12743,128,4.36
181,12743,153,3.5
181,12743,179,3.5
181,12743,204,3.5
181,12743,230,3.5
181,12743,255,3.5
181,14563,0,3.5
181,14563,26,1.71
181,14563,51,1.71
181,14563,77,1.71
181,14563,102,4.29
181,14563,128,4.29
181,14563,153,4.29
181,14563,179,4.29
181,14563,204,4.29
181,14563,230,4.29
181,14563,255,1.71
181,16384,0,1.71
181,16384,26,1.71
181,16384,51,1.71
181,16384,77,1.71
181,16384,102,4.36
181,16384,128,4.36
181,16384,153,4.36
181,16384,179,4.36
181,16384,204,2.28
181,16384,230,2.28
181,16384,255,2.28
181,18204,0,2.28
181,18204,26,2.28
181,18204,51,4.22
181,18204,77,4.22
181,18204,102,4.22
181,18204,128,4.22
181,18204,153,4.22
181,18204,179,3.14
181,18204,204,3.14
181,18204,230,3.14
181,18204,255,3.14
181,20024,0,3.93
181,20024,26,3.93
181,20024,51,3.93
181,20024,77,3.93
181,20024,102,3.93
181,20024,128,3.86
181,20024,153,3.86
181,20024,179,3.86
181,20024,204,3.86
181,20024,230,3.86
181,20024,255,1.71
181,21845,0,1.71
181,21845,26,1.71
181,21845,51,1.71
181,21845,77,1.71
181,21845,102,3.79
181,21845,128,3.79
181,21845,153,3.79
181,21845,179,3.79
181,21845,204,1.93
181,21845,230,1.93
181,21845,255,1.93
181,23665,0,1.93
181,23665,26,1.93
181,23665,51,4.07
181,23665,77,4.07
181,23665,102,4.07
181,23665,128,4.07
181,23665,153,4.07
181,23665,179,2.64
181,23665,204,2.64
181,23665,230,2.64
181,23665,255,2.64
181,25486,0,3.93
181,25486,26,3.93
181,25486,51,3.93
181,25486,77,3.93
181,25486,102,3.93
181,25486,128,2.86
181,25486,153,2.86
181,25486,179,2.86
181,25486,204,2.86
181,25486,230,2.86
181,25486,255,2.86
181,27306,0,1.71
181,27306,26,1.71
181,27306,51,1.71
181,27306,77,3.5
181,27306,102,3.5
181,27306,128,3.5
181,27306,153,3.5
181,27306,179,3.5
181,27306,204,3.5
181,27306,230,1.78
181,27306,255,1.78
181,29126,0,1.78
181,29126,26,1.78
181,29126,51,1.78
181,29126,77,3.71
181,29126,102,3.71
181,29126,128,3.71
181,29126,153,3.71
181,29126,179,3.71
181,29126,204,2.28
181,29126,230,2.28
181,29126,255,2.28
181,30947,0,2.28
181,30947,26,3.93
181,30947,51,3.93
181,30947,77,3.93
181,30947,102,3.93
181,30947,128,3.93
181,30947,153,2.5
181,30947,179,2.5
181,30947,204,2.5
181,30947,230,2.5
181,30947,255,2.5
181,32767,0,1.57
181,32767,26,1.57
181,32767,51,1.57
181,32767,77,1.57
181,32767,102,3.14
181,32767,128,3.14
181,32767,153,3.14
181,32767,179,3.14
181,32767,204,3.14
181,32767,230,1.5
181,32767,255,1.5
181,34588,0,1.5
181,34588,26,1.5
181,34588,51,1.5
181,34588,77,3.64
181,34588,102,3.64
181,34588,128,3.64
181,34588,153,3.64
181,34588,179,3.64
181,34588,204,1.71
181,34588,230,1.71
181,34588,255,1.71
181,36408,0,1.71
181,36408,26,3.93
181,36408,51,3.93
181,36408,77,3.93
181,36408,102,3.93
181,36408,128,3.93
181,36408,153,2.5
181,36408,179,2.5
181,36408,204,2.5
181,36408,230,2.5
181,36408,255,2.5
181,38228,0,1.5
181,38228,26,1.5
181,38228,51,1.5
181,38228,77,1.5
181,38228,102,3.07
181,38228,128,3.07
181,38228,153,3.07
181,38228,179,3.07
181,38228,204,3.07
181,38228,230,1.43
181,38228,255,1.43
181,40049,0,1.43
181,40049,26,1.43
181,40049,51,1.43
181,40049,77,3.71
181,40049,102,3.71
181,40049,128,3.71
181,40049,153,3.71
181,40049,179,3.71
181,40049,204,3.71
181,40049,230,1.78
181,40049,255,1.78
181,41869,0,1.78
181,41869,26,3.86
181,41869,51,3.86
181,41869,77,3.86
181,41869,102,3.86
181,41869,128,3.86
181,41869,153,3.86
181,41869,179,2.43
181,41869,204,2.43
181,41869,230,2.43
181,41869,255,2.43
181,43690,0,2.43
181,43690,26,1.64
181,43690,51,1.64
181,43690,77,1.64
181,43690,102,1.64
181,43690,128,3.36
181,43690,153,3.36
181,43690,179,3.36
181,43690,204,3.36
181,43690,230,3.36
181,43690,255,1.64
181,45510,0,1.64
181,45510,26,1.64
181,45510,51,1.64
181,45510,77,1.64
181,45510,102,3.29
181,45510,128,3.29
181,45510,153,3.29
181,45510,179,3.29
181,45510,204,2.36
181,45510,230,2.36
181,45510,255,2.36
181,47330,0,2.36
181,47330,26,2.36
181,47330,51,3.64
181,47330,77,3.64
181,47330,102,3.64
181,47330,128,3.64
181,47330,153,3.64
181,47330,179,2.5
181,47330,204,2.5
181,47330,230,2.5
181,47330,255,2.5
181,49151,0,3.93
181,49151,26,3.93
181,49151,51,3.93
181,49151,77,3.93
181,49151,102,3.93
181,49151,128,2.93
181,49151,153,2.93
181,49151,179,2.93
181,49151,204,2.93
181,49151,230,2.93
181,49151,255,1.71
181,50971,0,1.71
181,50971,26,1.71
181,50971,51,1.71
181,50971,77,1.71
181,50971,102,3.07
181,50971,128,3.07
181,50971,153,3.07
181,50971,179,3.07
181,50971,204,1.85
181,50971,230,1.85
181,50971,255,1.85
181,52792,0,1.85
181,52792,26,1.85
181,52792,51,3.21
181,52792,77,3.21
181,52792,102,3.21
181,52792,128,3.21
181,52792,153,3.21
181,52792,179,3.21
181,52792,204,2.36
181,52792,230,2.36
181,52792,255,2.36
181,54612,0,3.93
181,54612,26,3.93
181,54612,51,3.93
181,54612,77,3.93
181,54612,102,3.93
181,54612,128,2.57
181,54612,153,2.57
181,54612,179,2.57
181,54612,204,2.57
181,54612,230,2.57
181,54612,255,2.57
181,56432,0,1.78
181,56432,26,1.78
181,56432,51,1.78
181,56432,77,1.78
181,56432,102,1.78
181,56432,128,3.14
181,56432,153,3.14
181,56432,179,3.14
181,56432,204,3.14
181,56432,230,1.93
181,56432,255,1.93
181,58253,0,1.93
181,58253,26,1.93
181,58253,51,1.93
181,58253,77,3.29
181,58253,102,3.29
181,58253,128,3.29
181,58253,153,3.29
181,58253,179,3.29
181,58253,204,2.21
181,58253,230,2.21
181,58253,255,2.21
181,60073,0,2.21
181,60073,26,3.93
181,60073,51,3.93
181,60073,77,3.93
181,60073,102,3.93
181,60073,128,3.93
181,60073,153,2.86
181,60073,179,2.86
181,60073,204,2.86
181,60073,230,2.86
181,60073,255,2.86
181,61894,0,2.07
181,61894,26,2.07
181,61894,51,2.07
181,61894,77,2.07
181,61894,102,2.07
181,61894,128,3.21
181,61894,153,3.21
181,61894,179,3.21
181,61894,204,3.21
181,61894,230,2.21
181,61894,255,2.21
181,63714,0,2.21
181,63714,26,2.21
181,63714,51,2.21
181,63714,77,3.43
181,63714,102,3.43
181,63714,128,3.43
181,63714,153,3.43
181,63714,179,3.43
181,63714,204,2.64
181,63714,230,2.64
181,63714,255,2.64
181,65534,0,2.64
181,65534,26,3.57
181,65534,51,3.57
181,65534,77,3.57
181,65534,102,3.57
181,65534,128,3.57
181,65534,153,3.29
181,65534,179,3.29
181,65534,204,3.29
181,65534,230,3.29
181,65534,255,3.29
191,0,0,2.14
191,0,26,2.14
191,0,51,2.14
191,0,77,2.14
191,0,102,3.64
191,0,128,3.64
191,0,153,3.64
191,0,179,3.64
191,0,204,3.64
191,0,230,2.36
191,0,255,2.36
191,1820,0,2.36
191,1820,26,2.36
191,1820,51,2.36
191,1820,77,2.36
191,1820,102,4.0
191,1820,128,4.0
191,1820,153,4.0
191,1820,179,4.14
191,1820,204,4.14
191,1820,230,4.14
191,1820,255,4.14
191,3641,0,4.14
191,3641,26,4.14
191,3641,51,4.29
191,3641,77,4.29
191,3641,102,4.29
191,3641,128,4.29
191,3641,153,4.29
191,3641,179,4.43
191,3641,204,4.43
191,3641,230,4.43
191,3641,255,4.43
191,5461,0,4.43
191,5461,26,2.36
191,5461,51,2.36
191,5461,77,2.36
191,5461,102,2.36
191,5461,128,4.93
191,5461,153,4.93
191,5461,179,4.93
191,5461,204,4.93
191,5461,230,4.93
191,5461,255,2.14
191,7282,0,2.14
191,7282,26,2.14
191,7282,51,2.14
191,7282,77,2.14
191,7282,102,5.07
191,7282,128,5.07
191,7282,153,5.07
191,7282,179,5.07
191,7282,204,3.21
191,7282,230,3.21
191,7282,255,3.21
191,9102,0,3.21
191,9102,26,3.21
191,9102,51,4.79
191,9102,77,4.79
191,9102,102,4.79
191,9102,128,4.79
191,9102,153,4.79
191,9102,179,3.5
191,9102,204,3.5
191,9102,230,3.5
191,9102,255,3.5
191,10922,0,3.5
191,10922,26,4.36
191,10922,51,4.36
191,10922,77,4.36
191,10922,102,4.36
191,10922,128,4.07
191,10922,153,4.07
191,10922,179,4.07
191,10922,204,4.07
191,10922,230,4.07
191,10922,255,1.85
191,12743,0,1.85
191,12743,26,1.85
191,12743,51,1.85
191,12743,77,1.85
191,12743,102,5.14
191,12743,128,5.14
191,12743,153,5.14
191,12743,179,5.14
191,12743,204,1.85
191,12743,230,1.85
191,12743,255,1.85
191,14563,0,1.85
191,14563,26,1.85
191,14563,51,4.86
191,14563,77,4.86
191,14563,102,4.86
191,14563,128,4.86
191,14563,153,4.86
191,14563,179,3.43
191,14563,204,3.43
191,14563,230,3.43
191,14563,255,3.43
191,16384,0,3.43
191,16384,26,3.43
191,16384,51,4.29
191,16384,77,4.29
191,16384,102,4.29
191,16384,128,4.14
191,16384,153,4.14
191,16384,179,4.14
191,16384,204,4.14
191,16384,230,4.14
191,16384,255,4.14
191,18204,0,1.78
191,18204,26,1.78
191,18204,51,1.78
191,18204,77,1.78
191,18204,102,1.78
191,18204,128,4.64
191,18204,153,4.64
191,18204,179,4.64
191,18204,204,4.64
191,18204,230,1.71
191,18204,255,1.71
191,20024,0,1.71
191,20024,26,1.71
191,20024,51,1.71
191,20024,77,4.5
191,20024,102,4.5
191,20024,128,4.5
191,20024,153,4.5
191,20024,179,4.5
191,20024,204,2.36
191,20024,230,2.36
191,20024,255,2.36
191,21845,0,2.36
191,21845,26,4.29
191,21845,51,4.29
191,21845,77,4.29
191,21845,102,4.29
191,21845,128,4.29
191,21845,153,3.29
191,21845,179,3.29
191,21845,204,3.29
191,21845,230,3.29
191,21845,255,3.29
191,23665,0,1.78
191,23665,26,1.78
191,23665,51,1.78
191,23665,77,1.78
191,23665,102,3.64
191,23665,128,3.64
191,23665,153,3.64
191,23665,179,3.64
191,23665,204,3.64
191,23665,230,1.93
191,23665,255,1.93
191,25486,0,1.93
191,25486,26,1.93
191,25486,51,1.93
191,25486,77,4.14
191,25486,102,4.14
191,25486,128,4.14
191,25486,153,4.14
191,25486,179,4.14
191,25486,204,2.28
191,25486,230,2.28
191,25486,255,2.28
191,27306,0,2.28
191,27306,26,4.29
191,27306,51,4.29
191,27306,77,4.29
191,27306,102,4.29
191,27306,128,4.29
191,27306,153,4.29
191,27306,179,2.57
191,27306,204,2.57
191,27306,230,2.57
191,27306,255,2.57
191,29126,0,2.57
191,29126,26,1.64
191,29126,51,1.64
191,29126,77,1.64
191,29126,102,1.64
191,29126,128,3.29
191,29126,153,3.29
191,29126,179,3.29
191,29126,204,3.29
191,29126,230,3.29
191,29126,255,1.64
191,30947,0,1.64
191,30947,26,1.64
191,30947,51,1.64
191,30947,77,1.64
191,30947,102,3.57
191,30947,128,3.57
191,30947,153,3.57
191,30947,179,3.57
191,30947,204,1.93
191,30947,230,1.93
191,30947,255,1.93
191,32767,0,1.93
191,32767,26,1.93
191,32767,51,4.29
191,32767,77,4.29
191,32767,102,4.29
191,32767,128,4.29
191,32767,153,4.29
191,32767,179,2.14
191,32767,204,2.14
191,32767,230,2.14
191,32767,255,2.14
191,34588,0,2.14
191,34588,26,4.29
191,34588,51,4.29
191,34588,77,4.29
191,34588,102,4.29
191,34588,128,3.14
191,34588,153,3.14
191,34588,179,3.14
191,34588,204,3.14
191,34588,230,3.14
191,34588,255,1.57
191,36408,0,1.57
191,36408,26,1.57
191,36408,51,1.57
191,36408,77,1.57
191,36408,102,3.64
191,36408,128,3.64
191,36408,153,3.64
191,36408,179,3.64
191,36408,204,1.5
191,36408,230,1.5
191,36408,255,1.5
191,38228,0,1.5
191,38228,26,1.5
191,38228,51,4.07
191,38228,77,4.07
191,38228,102,4.07
191,38228,128,4.07
191,38228,153,4.07
191,38228,179,2.36
191,38228,204,2.36
191,38228,230,2.36
191,38228,255,2.36
191,40049,0,2.36
191,40049,26,4.29
191,40049,51,4.29
191,40049,77,4.29
191,40049,102,4.29
191,40049,128,2.93
191,40049,153,2.93
191,40049,179,2.93
191,40049,204,2.93
191,40049,230,2.93
191,40049,255,1.5
191,41869,0,1.5
191,41869,26,1.5
191,41869,51,1.5
191,41869,77,1.5
191,41869,102,1.5
191,41869,128,3.86
191,41869,153,3.86
191,41869,179,3.86
191,41869,204,1.57
191,41869,230,1.57
191,41869,255,1.57
191,43690,0,1.57
191,43690,26,1.57
191,43690,51,1.57
191,43690,77,4.0
191,43690,102,4.0
191,43690,128,4.0
191,43690,153,4.0
191,43690,179,4.0
191,43690,204,2.14
191,43690,230,2.14
191,43690,255,2.14
191,45510,0,2.14
191,45510,26,2.14
191,45510,51,4.29
191,45510,77,4.29
191,45510,102,4.29
191,45510,128,4.29
191,45510,153,3.07
191,45510,179,3.07
191,45510,204,3.07
191,45510,230,3.07
191,45510,255,3.07
191,47330,0,1.71
191,47330,26,1.71
191,47330,51,1.71
191,47330,77,1.71
191,47330,102,1.71
191,47330,128,3.14
191,47330,153,3.14
191,47330,179,3.14
191,47330,204,3.14
191,47330,230,2.0
191,47330,255,2.0
191,49151,0,2.0
191,49151,26,2.0
191,49151,51,2.0
191,49151,77,3.57
191,49151,102,3.57
191,49151,128,3.57
191,49151,153,3.57
191,49151,179,3.57
191,49151,204,2.28
191,49151,230,2.28
191,49151,255,2.28
191,50971,0,2.28
191,50971,26,3.86
191,50971,51,3.86
191,50971,77,3.86
191,50971,102,3.86
191,50971,128,3.86
191,50971,153,2.86
191,50971,179,2.86
191,50971,204,2.86
191,50971,230,2.86
191,50971,255,2.86
191,52792,0,1.71
191,52792,26,1.71
191,52792,51,1.71
191,52792,77,1.71
191,52792,102,3.14
191,52792,128,3.14
191,52792,153,3.14
191,52792,179,3.14
191,52792,204,3.14
191,52792,230,1.78
191,52792,255,1.78
191,54612,0,1.78
191,54612,26,1.78
191,54612,51,1.78
191,54612,77,1.78
191,54612,102,3.5
191,54612,128,3.5
191,54612,153,3.5
191,54612,179,3.5
191,54612,204,3.5
191,54612,230,2.21
191,54612,255,2.21
191,56432,0,2.21
191,56432,26,3.79
191,56432,51,3.79
191,56432,77,3.79
191,56432,102,3.79
191,56432,128,3.79
191,56432,153,3.79
191,56432,179,2.64
191,56432,204,2.64
191,56432,230,2.64
191,56432,255,2.64
191,58253,0,2.64
191,58253,26,2.0
191,58253,51,2.0
191,58253,77,2.0
191,58253,102,2.0
191,58253,128,3.29
191,58253,153,3.29
191,58253,179,3.29
191,58253,204,3.29
191,58253,230,3.29
191,58253,255,2.07
191,60073,0,2.07
191,60073,26,2.07
191,60073,51,2.07
191,60073,77,2.07
191,60073,102,3.64
191,60073,128,3.64
191,60073,153,3.64
191,60073,179,3.64
191,60073,204,2.21
191,60073,230,2.21
191,60073,255,2.21
191,61894,0,2.21
191,61894,26,2.21
191,61894,51,3.79
191,61894,77,3.79
191,61894,102,3.79
191,61894,128,3.79
191,61894,153,3.79
191,61894,179,3.0
191,61894,204,3.0
191,61894,230,3.0
191,61894,255,3.0
191,63714,0,4.29
191,63714,26,4.29
191,63714,51,4.29
191,63714,77,4.29
191,63714,102,4.29
191,63714,128,3.43
191,63714,153,3.43
191,63714,179,3.43
191,63714,204,3.43
191,63714,230,3.43
191,63714,255,2.28
191,65534,0,2.28
191,65534,26,2.28
191,65534,51,2.28
191,65534,77,2.28
191,65534,102,3.79
191,65534,128,3.79
191,65534,153,3.79
191,65534,179,3.79
191,65534,204,2.5
191,65534,230,2.5
191,65534,255,2.5
201,0,0,2.5
201,0,26,2.5
201,0,51,4.07
201,0,77,4.07
201,0,102,4.07
201,0,128,4.07
201,0,153,4.07
201,0,179,3.64
201,0,204,3.64
201,0,230,3.64
201,0,255,3.64
201,1820,0,3.64
201,1820,26,3.64
201,1820,51,4.64
201,1820,77,4.64
201,1820,102,4.64
201,1820,128,4.64
201,1820,153,4.64
201,1820,179,4.64
201,1820,204,4.64
201,1820,230,4.64
201,1820,255,4.64
201,3641,0,2.64
201,3641,26,2.64
201,3641,51,2.64
201,3641,77,2.64
201,3641,102,2.64
201,3641,128,4.93
201,3641,153,4.93
201,3641,179,4.93
201,3641,204,3.43
201,3641,230,3.43
201,3641,255,3.43
201,5461,0,3.43
201,5461,26,3.43
201,5461,51,3.43
201,5461,77,4.93
201,5461,102,4.93
201,5461,128,4.93
201,5461,153,4.93
201,5461,179,4.93
201,5461,204,3.71
201,5461,230,3.71
201,5461,255,3.71
201,7282,0,3.71
201,7282,26,3.71
201,7282,51,4.72
201,7282,77,4.72
201,7282,102,4.72
201,7282,128,4.72
201,7282,153,4.72
201,7282,179,4.72
201,7282,204,4.72
201,7282,230,4.72
201,7282,255,4.72
201,9102,0,2.21
201,9102,26,2.21
201,9102,51,2.21
201,9102,77,2.21
201,9102,102,4.86
201,9102,128,4.86
201,9102,153,4.86
201,9102,179,4.86
201,9102,204,4.86
201,9102,230,2.07
201,9102,255,2.07
201,10922,0,2.07
201,10922,26,2.07
201,10922,51,2.07
201,10922,77,5.43
201,10922,102,5.43
201,10922,128,5.43
201,10922,153,5.43
201,10922,179,5.43
201,10922,204,2.64
201,10922,230,2.64
201,10922,255,2.64
201,12743,0,2.64
201,12743,26,5.14
201,12743,51,5.14
201,12743,77,5.14
201,12743,102,5.14
201,12743,128,5.14
201,12743,153,3.64
201,12743,179,3.64
201,12743,204,3.64
201,12743,230,3.64
201,12743,255,3.64
201,14563,0,1.93
201,14563,26,1.93
201,14563,51,1.93
201,14563,77,1.93
201,14563,102,5.0
201,14563,128,5.0
201,14563,153,5.0
201,14563,179,5.0
201,14563,204,5.0
201,14563,230,1.85
201,14563,255,1.85
201,16384,0,1.85
201,16384,26,1.85
201,16384,51,1.85
201,16384,77,5.22
201,16384,102,5.22
201,16384,128,5.22
201,16384,153,5.22
201,16384,179,5.22
201,16384,204,5.22
201,16384,230,2.57
201,16384,255,2.57
201,18204,0,2.57
201,18204,26,5.0
201,18204,51,5.0
201,18204,77,5.0
201,18204,102,5.0
201,18204,128,5.0
201,18204,153,5.0
201,18204,179,3.5
201,18204,204,3.5
201,18204,230,3.5
201,18204,255,3.5
201,20024,0,3.5
201,20024,26,4.64
201,20024,51,4.64
201,20024,77,4.64
201,20024,102,4.64
201,20024,128,4.64
201,20024,153,3.79
201,20024,179,3.79
201,20024,204,3.79
201,20024,230,3.79
201,20024,255,1.93
201,21845,0,1.93
201,21845,26,1.93
201,21845,51,1.93
201,21845,77,1.93
201,21845,102,4.0
201,21845,128,4.0
201,21845,153,4.0
201,21845,179,4.0
201,21845,204,4.0
201,21845,230,1.85
201,21845,255,1.85
201,23665,0,1.85
201,23665,26,1.85
201,23665,51,4.79
201,23665,77,4.79
201,23665,102,4.79
201,23665,128,4.79
201,23665,153,4.79
201,23665,179,3.07
201,23665,204,3.07
201,23665,230,3.07
201,23665,255,3.07
201,25486,0,3.07
201,25486,26,4.64
201,25486,51,4.64
201,25486,77,4.64
201,25486,102,4.64
201,25486,128,3.36
201,25486,153,3.36
201,25486,179,3.36
201,25486,204,3.36
201,25486,230,3.36
201,25486,255,1.93
201,27306,0,1.93
201,27306,26,1.93
201,27306,51,1.93
201,27306,77,1.93
201,27306,102,4.14
201,27306,128,4.14
201,27306,153,4.14
201,27306,179,4.14
201,27306,204,4.14
201,27306,230,1.93
201,27306,255,1.93
201,29126,0,1.93
201,29126,26,1.93
201,29126,51,4.36
201,29126,77,4.36
201,29126,102,4.36
201,29126,128,4.36
201,29126,153,4.36
201,29126,179,4.36
201,29126,204,2.14
201,29126,230,2.14
201,29126,255,2.14
201,30947,0,2.14
201,30947,26,2.14
201,30947,51,4.64
201,30947,77,4.64
201,30947,102,4.64
201,30947,128,4.64
201,30947,153,2.86
201,30947,179,2.86
201,30947,204,2.86
201,30947,230,2.86
201,30947,255,2.86
201,32767,0,1.64
201,32767,26,1.64
201,32767,51,1.64
201,32767,77,1.64
201,32767,102,1.64
201,32767,128,3.29
201,32767,153,3.29
201,32767,179,3.29
201,32767,204,3.29
201,32767,230,1.64
201,32767,255,1.64
201,34588,0,1.64
201,34588,26,1.64
201,34588,51,1.64
201,34588,77,4.36
201,34588,102,4.36
201,34588,128,4.36
201,34588,153,4.36
201,34588,179,1.85
201,34588,204,1.85
201,34588,230,1.85
201,34588,255,1.85
201,36408,0,1.85
201,36408,26,4.57
201,36408,51,4.57
201,36408,77,4.57
201,36408,102,4.57
201,36408,128,4.57
201,36408,153,4.57
201,36408,179,2.93
201,36408,204,2.93
201,36408,230,2.93
201,36408,255,1.57
201,38228,0,1.57
201,38228,26,1.57
201,38228,51,1.57
201,38228,77,1.57
201,38228,102,1.57
201,38228,128,3.57
201,38228,153,3.57
201,38228,179,3.57
201,38228,204,3.57
201,38228,230,3.57
201,38228,255,1.5
201,40049,0,1.5
201,40049,26,1.5
201,40049,51,1.5
201,40049,77,4.43
201,40049,102,4.43
201,40049,128,4.43
201,40049,153,4.43
201,40049,179,4.43
201,40049,204,2.0
201,40049,230,2.0
201,40049,255,2.0
201,41869,0,2.0
201,41869,26,2.0
201,41869,51,4.57
201,41869,77,4.57
201,41869,102,4.57
201,41869,128,4.57
201,41869,153,2.78
201,41869,179,2.78
201,41869,204,2.78
201,41869,230,2.78
201,41869,255,2.78
201,43690,0,1.78
201,43690,26,1.78
201,43690,51,1.78
201,43690,77,1.78
201,43690,102,1.78
201,43690,128,3.93
201,43690,153,3.93
201,43690,179,3.93
201,43690,204,3.93
201,43690,230,3.93
201,43690,255,1.78
201,45510,0,1.78
201,45510,26,1.78
201,45510,51,1.78
201,45510,77,3.93
201,45510,102,3.93
201,45510,128,3.93
201,45510,153,3.93
201,45510,179,3.93
201,45510,204,2.64
201,45510,230,2.64
201,45510,255,2.64
201,47330,0,2.64
201,47330,26,2.64
201,47330,51,4.29
201,47330,77,4.29
201,47330,102,4.29
201,47330,128,4.29
201,47330,153,2.78
201,47330,179,2.78
201,47330,204,2.78
201,47330,230,2.78
201,47330,255,2.78
201,49151,0,2.78
201,49151,26,4.64
201,49151,51,4.64
201,49151,77,4.64
201,49151,102,4.64
201,49151,128,4.64
201,49151,153,3.21
201,49151,179,3.21
201,49151,204,3.21
201,49151,230,3.21
201,49151,255,1.85
201,50971,0,1.85
201,50971,26,1.85
201,50971,51,1.85
201,50971,77,1.85
201,50971,102,3.57
201,50971,128,3.57
201,50971,153,3.57
201,50971,179,3.57
201,50971,204,3.57
201,50971,230,2.07
201,50971,255,2.07
201,52792,0,2.07
201,52792,26,2.07
201,52792,51,2.07
201,52792,77,3.79
201,52792,102,3.79
201,52792,128,3.79
201,52792,153,3.79
201,52792,179,2.71
201,52792,204,2.71
201,52792,230,2.71
201,52792,255,2.71
201,54612,0,2.71
201,54612,26,4.64
201,54612,51,4.64
201,54612,77,4.64
201,54612,102,4.64
201,54612,128,4.64
201,54612,153,3.0
201,54612,179,3.0
201,54612,204,3.0
201,54612,230,3.0
201,54612,255,2.0
201,56432,0,2.0
201,56432,26,2.0
201,56432,51,2.0
201,56432,77,2.0
201,56432,102,3.71
201,56432,128,3.71
201,56432,153,3.71
201,56432,179,3.71
201,56432,204,3.71
201,56432,230,2.14
201,56432,255,2.14
201,58253,0,2.14
201,58253,26,2.14
201,58253,51,3.86
201,58253,77,3.86
201,58253,102,3.86
201,58253,128,3.86
201,58253,153,3.86
201,58253,179,2.57
201,58253,204,2.57
201,58253,230,2.57
201,58253,255,2.57
201,60073,0,2.57
201,60073,26,2.57
201,60073,51,4.64
201,60073,77,4.64
201,60073,102,4.64
201,60073,128,3.43
201,60073,153,3.43
201,60073,179,3.43
201,60073,204,3.43
201,60073,230,3.43
201,60073,255,2.36
201,61894,0,2.36
201,61894,26,2.36
201,61894,51,2.36
201,61894,77,2.36
201,61894,102,2.36
201,61894,128,3.79
201,61894,153,3.79
201,61894,179,3.79
201,61894,204,3.79
201,61894,230,3.79
201,61894,255,2.5
201,63714,0,2.5
201,63714,26,2.5
201,63714,51,2.5
201,63714,77,4.07
201,63714,102,4.07
201,63714,128,4.07
201,63714,153,4.07
201,63714,179,4.07
201,63714,204,3.07
201,63714,230,3.07
201,63714,255,3.07
201,65534,0,3.07
201,65534,26,3.07
201,65534,51,4.22
201,65534,77,4.22
201,65534,102,4.22
201,65534,128,4.22
201,65534,153,3.93
201,65534,179,3.93
201,65534,204,3.93
201,65534,230,3.93
201,65534,255,3.93
211,0,0,2.5
211,0,26,2.5
211,0,51,2.5
211,0,77,2.5
211,0,102,2.5
211,0,128,4.36
211,0,153,4.36
211,0,179,4.36
211,0,204,4.36
211,0,230,4.36
211,0,255,2.78
211,1820,0,2.78
211,1820,26,2.78
211,1820,51,2.78
211,1820,77,4.64
211,1820,102,4.64
211,1820,128,4.64
211,1820,153,4.64
211,1820,179,4.64
211,1820,204,4.64
211,1820,230,4.64
211,1820,255,4.64
211,3641,0,4.64
211,3641,26,4.64
211,3641,51,5.07
211,3641,77,5.07
211,3641,102,5.07
211,3641,128,5.07
211,3641,153,5.29
211,3641,179,5.29
211,3641,204,5.29
211,3641,230,5.29
211,3641,255,5.29
211,5461,0,2.71
211,5461,26,2.71
211,5461,51,2.71
211,5461,77,2.71
211,5461,102,2.71
211,5461,128,5.79
211,5461,153,5.79
211,5461,179,5.79
211,5461,204,5.79
211,5461,230,2.43
211,5461,255,2.43
211,7282,0,2.43
211,7282,26,2.43
211,7282,51,2.43
211,7282,77,6.0
211,7282,102,6.0
211,7282,128,6.0
211,7282,153,6.0
211,7282,179,6.0
211,7282,204,3.07
211,7282,230,3.07
211,7282,255,3.07
211,9102,0,3.07
211,9102,26,3.07
211,9102,51,3.07
211,9102,77,5.65
211,9102,102,5.65
211,9102,128,5.65
211,9102,153,5.65
211,9102,179,4.07
211,9102,204,4.07
211,9102,230,4.07
211,9102,255,4.07
211,10922,0,4.07
211,10922,26,5.07
211,10922,51,5.07
211,10922,77,5.07
211,10922,102,5.07
211,10922,128,5.07
211,10922,153,4.64
211,10922,179,4.64
211,10922,204,4.64
211,10922,230,4.64
211,10922,255,2.07
211,12743,0,2.07
211,12743,26,2.07
211,12743,51,2.07
211,12743,77,2.07
211,12743,102,5.93
211,12743,128,5.93
211,12743,153,5.93
211,12743,179,5.93
211,12743,204,5.93
211,12743,230,2.07
211,12743,255,2.07
211,14563,0,2.07
211,14563,26,2.07
211,14563,51,5.72
211,14563,77,5.72
211,14563,102,5.72
211,14563,128,5.72
211,14563,153,5.72
211,14563,179,4.0
211,14563,204,4.0
211,14563,230,4.0
211,14563,255,4.0
211,16384,0,4.0
211,16384,26,5.07
211,16384,51,5.07
211,16384,77,5.07
211,16384,102,5.07
211,16384,128,4.22
211,16384,153,4.22
211,16384,179,4.22
211,16384,204,4.22
211,16384,230,4.22
211,16384,255,1.93
211,18204,0,1.93
211,18204,26,1.93
211,18204,51,1.93
211,18204,77,1.93
211,18204,102,4.72
211,18204,128,4.72
211,18204,153,4.72
211,18204,179,4.72
211,18204,204,4.72
211,18204,230,4.72
211,18204,255,1.93
211,20024,0,1.93
211,20024,26,1.93
211,20024,51,5.22
211,20024,77,5.22
211,20024,102,5.22
211,20024,128,5.22
211,20024,153,5.22
211,20024,179,5.22
211,20024,204,2.71
211,20024,230,2.71
211,20024,255,2.71
211,21845,0,2.71
211,21845,26,2.71
211,21845,51,5.07
211,21845,77,5.07
211,21845,102,5.07
211,21845,128,5.07
211,21845,153,3.29
211,21845,179,3.29
211,21845,204,3.29
211,21845,230,3.29
211,21845,255,3.29
211,23665,0,2.0
211,23665,26,2.0
211,23665,51,2.0
211,23665,77,2.0
211,23665,102,2.0
211,23665,128,3.57
211,23665,153,3.57
211,23665,179,3.57
211,23665,204,3.57
211,23665,230,3.57
211,23665,255,2.36
211,25486,0,2.36
211,25486,26,2.36
211,25486,51,2.36
211,25486,77,4.79
211,25486,102,4.79
211,25486,128,4.79
211,25486,153,4.79
211,25486,179,4.79
211,25486,204,2.64
211,25486,230,2.64
211,25486,255,2.64
211,27306,0,2.64
211,27306,26,2.64
211,27306,51,5.07
211,27306,77,5.07
211,27306,102,5.07
211,27306,128,5.07
211,27306,153,3.07
211,27306,179,3.07
211,27306,204,3.07
211,27306,230,3.07
211,27306,255,3.07
211,29126,0,1.85
211,29126,26,1.85
211,29126,51,1.85
211,29126,77,1.85
211,29126,102,1.85
211,29126,128,3.71
211,29126,153,3.71
211,29126,179,3.71
211,29126,204,3.71
211,29126,230,1.78
211,29126,255,1.78
211,30947,0,1.78
211,30947,26,1.78
211,30947,51,1.78
211,30947,77,4.22
211,30947,102,4.22
211,30947,128,4.22
211,30947,153,4.22
211,30947,179,4.22
211,30947,204,2.07
211,30947,230,2.07
211,30947,255,2.07
211,32767,0,2.07
211,32767,26,2.07
211,32767,51,5.0
211,32767,77,5.0
211,32767,102,5.0
211,32767,128,5.0
211,32767,153,2.36
211,32767,179,2.36
211,32767,204,2.36
211,32767,230,2.36
211,32767,255,2.36
211,34588,0,5.0
211,34588,26,5.0
211,34588,51,5.0
211,34588,77,5.0
211,34588,102,5.0
211,34588,128,5.0
211,34588,153,3.64
211,34588,179,3.64
211,34588,204,3.64
211,34588,230,1.64
211,34588,255,1.64
211,36408,0,1.64
211,36408,26,1.64
211,36408,51,1.64
211,36408,77,1.64
211,36408,102,4.22
211,36408,128,4.22
211,36408,153,4.22
211,36408,179,4.22
211,36408,204,4.22
211,36408,230,1.64
211,36408,255,1.64
211,38228,0,1.64
211,38228,26,1.64
211,38228,51,1.64
211,38228,77,5.0
211,38228,102,5.0
211,38228,128,5.0
211,38228,153,5.0
211,38228,179,2.64
211,38228,204,2.64
211,38228,230,2.64
211,38228,255,2.64
211,40049,0,2.64
211,40049,26,5.0
211,40049,51,5.0
211,40049,77,5.0
211,40049,102,5.0
211,40049,128,5.0
211,40049,153,3.36
211,40049,179,3.36
211,40049,204,3.36
211,40049,230,3.36
211,40049,255,1.64
211,41869,0,1.64
211,41869,26,1.64
211,41869,51,1.64
211,41869,77,1.64
211,41869,102,4.43
211,41869,128,4.43
211,41869,153,4.43
211,41869,179,4.43
211,41869,204,4.43
211,41869,230,1.64
211,41869,255,1.64
211,43690,0,1.64
211,43690,26,1.64
211,43690,51,4.64
211,43690,77,4.64
211,43690,102,4.64
211,43690,128,4.64
211,43690,153,4.64
211,43690,179,3.07
211,43690,204,3.07
211,43690,230,3.07
211,43690,255,3.07
211,45510,0,3.07
211,45510,26,5.0
211,45510,51,5.0
211,45510,77,5.0
211,45510,102,5.0
211,45510,128,3.57
211,45510,153,3.57
211,45510,179,3.57
211,45510,204,3.57
211,45510,230,3.57
211,45510,255,1.85
211,47330,0,1.85
211,47330,26,1.85
211,47330,51,1.85
211,47330,77,1.85
211,47330,102,1.85
211,47330,128,3.64
211,47330,153,3.64
211,47330,179,3.64
211,47330,204,3.64
211,47330,230,3.64
211,47330,255,2.21
211,49151,0,2.21
211,49151,26,2.21
211,49151,51,2.21
211,49151,77,4.14
211,49151,102,4.14
211,49151,128,4.14
211,49151,153,4.14
211,49151,179,4.14
211,49151,204,2.57
211,49151,230,2.57
211,49151,255,2.57
211,50971,0,2.57
211,50971,26,2.57
211,50971,51,4.43
211,50971,77,4.43
211,50971,102,4.43
211,50971,128,4.43
211,50971,153,3.29
211,50971,179,3.29
211,50971,204,3.29
211,50971,230,3.29
211,50971,255,3.29
211,52792,0,1.85
211,52792,26,1.85
211,52792,51,1.85
211,52792,77,1.85
211,52792,102,1.85
211,52792,128,3.57
211,52792,153,3.57
211,52792,179,3.57
211,52792,204,3.57
211,52792,230,2.0
211,52792,255,2.0
211,54612,0,2.0
211,54612,26,2.0
211,54612,51,2.0
211,54612,77,4.07
211,54612,102,4.07
211,54612,128,4.07
211,54612,153,4.07
211,54612,179,4.07
211,54612,204,2.5
211,54612,230,2.5
211,54612,255,2.5
211,56432,0,2.5
211,56432,26,4.29
211,56432,51,4.29
211,56432,77,4.29
211,56432,102,4.29
211,56432,128,4.29
211,56432,153,3.07
211,56432,179,3.07
211,56432,204,3.07
211,56432,230,3.07
211,56432,255,3.07
211,58253,0,3.07
211,58253,26,2.21
211,58253,51,2.21
211,58253,77,2.21
211,58253,102,3.79
211,58253,128,3.79
211,58253,153,3.79
211,58253,179,3.79
211,58253,204,3.79
211,58253,230,3.79
211,58253,255,2.36
211,60073,0,2.36
211,60073,26,2.36
211,60073,51,2.36
211,60073,77,2.36
211,60073,102,4.14
211,60073,128,4.14
211,60073,153,4.14
211,60073,179,4.14
211,60073,204,2.93
211,60073,230,2.93
211,60073,255,2.93
211,61894,0,2.93
211,61894,26,2.93
211,61894,51,4.43
211,61894,77,4.43
211,61894,102,4.43
211,61894,128,4.43
211,61894,153,4.43
211,61894,179,3.57
211,61894,204,3.57
211,61894,230,3.57
211,61894,255,3.57
211,63714,0,5.0
211,63714,26,5.0
211,63714,51,5.0
211,63714,77,5.0
211,63714,102,5.0
211,63714,128,4.07
211,63714,153,4.07
211,63714,179,4.07
211,63714,204,4.07
211,63714,230,4.07
211,63714,255,4.07
211,65534,0,2.71
211,65534,26,2.71
211,65534,51,2.71
211,65534,77,4.5
211,65534,102,4.5
211,65534,128,4.5
211,65534,153,4.5
211,65534,179,4.5
211,65534,204,4.5
211,65534,230,3.0
211,65534,255,3.0
221,0,0,3.0
221,0,26,3.0
221,0,51,3.0
221,0,77,4.79
221,0,102,4.79
221,0,128,4.79
221,0,153,4.79
221,0,179,4.36
221,0,204,4.36
221,0,230,4.36
221,0,255,4.36
221,1820,0,4.36
221,1820,26,5.43
221,1820,51,5.43
221,1820,77,5.43
221,1820,102,5.43
221,1820,128,5.43
221,1820,153,5.65
221,1820,179,5.65
221,1820,204,5.65
221,1820,230,5.65
221,1820,255,3.21
221,3641,0,3.21
221,3641,26,3.21
221,3641,51,3.21
221,3641,77,3.21
221,3641,102,5.86
221,3641,128,5.86
221,3641,153,5.86
221,3641,179,5.86
221,3641,204,5.86
221,3641,230,4.22
221,3641,255,4.22
221,5461,0,4.22
221,5461,26,4.22
221,5461,51,5.79
221,5461,77,5.79
221,5461,102,5.79
221,5461,128,5.79
221,5461,153,5.79
221,5461,179,4.36
221,5461,204,4.36
221,5461,230,4.36
221,5461,255,4.36
221,7282,0,4.36
221,7282,26,4.36
221,7282,51,5.43
221,7282,77,5.43
221,7282,102,5.43
221,7282,128,5.57
221,7282,153,5.57
221,7282,179,5.57
221,7282,204,5.57
221,7282,230,5.57
221,7282,255,5.57
221,9102,0,2.5
221,9102,26,2.5
221,9102,51,2.5
221,9102,77,2.5
221,9102,102,2.5
221,9102,128,5.79
221,9102,153,5.79
221,9102,179,5.79
221,9102,204,5.79
221,9102,230,2.36
221,9102,255,2.36
221,10922,0,2.36
221,10922,26,2.36
221,10922,51,2.36
221,10922,77,6.43
221,10922,102,6.43
221,10922,128,6.43
221,10922,153,6.43
221,10922,179,6.43
221,10922,204,3.07
221,10922,230,3.07
221,10922,255,3.07
221,12743,0,3.07
221,12743,26,6.0
221,12743,51,6.0
221,12743,77,6.0
221,12743,102,6.0
221,12743,128,6.0
221,12743,153,5.14
221,12743,179,5.14
221,12743,204,5.14
221,12743,230,5.14
221,12743,255,5.14
221,14563,0,5.14
221,14563,26,2.14
221,14563,51,2.14
221,14563,77,2.14
221,14563,102,5.5
221,14563,128,5.5
221,14563,153,5.5
221,14563,179,5.5
221,14563,204,5.5
221,14563,230,5.5
221,14563,255,2.07
221,16384,0,2.07
221,16384,26,2.07
221,16384,51,2.07
221,16384,77,2.07
221,16384,102,6.0
221,16384,128,6.0
221,16384,153,6.0
221,16384,179,6.0
221,16384,204,2.93
221,16384,230,2.93
221,16384,255,2.93
221,18204,0,2.93
221,18204,26,2.93
221,18204,51,5.86
221,18204,77,5.86
221,18204,102,5.86
221,18204,128,5.86
221,18204,153,5.86
221,18204,179,3.43
221,18204,204,3.43
221,18204,230,3.43
221,18204,255,3.43
221,20024,0,5.43
221,20024,26,5.43
221,20024,51,5.43
221,20024,77,5.43
221,20024,102,5.43
221,20024,128,3.79
221,20024,153,3.79
221,20024,179,3.79
221,20024,204,3.79
221,20024,230,3.79
221,20024,255,2.07
221,21845,0,2.07
221,21845,26,2.07
221,21845,51,2.07
221,21845,77,4.0
221,21845,102,4.0
221,21845,128,4.0
221,21845,153,4.0
221,21845,179,4.0
221,21845,204,2.0
221,21845,230,2.0
221,21845,255,2.0
221,23665,0,2.0
221,23665,26,2.0
221,23665,51,2.0
221,23665,77,5.72
221,23665,102,5.72
221,23665,128,5.72
221,23665,153,3.14
221,23665,179,3.14
221,23665,204,3.14
221,23665,230,3.14
221,23665,255,3.14
221,25486,0,3.14
221,25486,26,5.43
221,25486,51,5.43
221,25486,77,5.43
221,25486,102,5.43
221,25486,128,5.43
221,25486,153,3.36
221,25486,179,3.36
221,25486,204,3.36
221,25486,230,3.36
221,25486,255,3.36
221,27306,0,2.07
221,27306,26,2.07
221,27306,51,2.07
221,27306,77,2.07
221,27306,102,4.07
221,27306,128,4.07
221,27306,153,4.07
221,27306,179,4.07
221,27306,204,4.07
221,27306,230,2.14
221,27306,255,2.14
221,29126,0,2.14
221,29126,26,2.14
221,29126,51,2.14
221,29126,77,4.93
221,29126,102,4.93
221,29126,128,4.93
221,29126,153,4.93
221,29126,179,2.93
221,29126,204,2.93
221,29126,230,2.93
221,29126,255,2.93
221,30947,0,2.93
221,30947,26,5.43
221,30947,51,5.43
221,30947,77,5.43
221,30947,102,5.43
221,30947,128,5.43
221,30947,153,3.29
221,30947,179,3.29
221,30947,204,3.29
221,30947,230,3.29
221,30947,255,1.78
221,32767,0,1.78
221,32767,26,1.78
221,32767,51,1.78
221,32767,77,1.78
221,32767,102,4.29
221,32767,128,4.29
221,32767,153,4.29
221,32767,179,4.29
221,32767,204,4.29
221,32767,230,1.78
221,32767,255,1.78
221,34588,0,1.78
221,34588,26,1.78
221,34588,51,1.78
221,34588,77,5.0
221,34588,102,5.0
221,34588,128,5.0
221,34588,153,5.0
221,34588,179,2.0
221,34588,204,2.0
221,34588,230,2.0
221,34588,255,2.0
221,36408,0,2.0
221,36408,26,5.43
221,36408,51,5.43
221,36408,77,5.43
221,36408,102,5.43
221,36408,128,5.43
221,36408,153,5.43
221,36408,179,3.29
221,36408,204,3.29
221,36408,230,3.29
221,36408,255,1.64
221,38228,0,1.64
221,38228,26,1.64
221,38228,51,1.64
221,38228,77,1.64
221,38228,102,1.64
221,38228,128,4.07
221,38228,153,4.07
221,38228,179,4.07
221,38228,204,4.07
221,38228,230,4.07
221,38228,255,1.64
221,40049,0,1.64
221,40049,26,1.64
221,40049,51,1.64
221,40049,77,5.14
221,40049,102,5.14
221,40049,128,5.14
221,40049,153,5.14
221,40049,179,5.14
221,40049,204,2.21
221,40049,230,2.21
221,40049,255,2.21
221,41869,0,2.21
221,41869,26,2.21
221,41869,51,5.22
221,41869,77,5.22
221,41869,102,5.22
221,41869,128,5.22
221,41869,153,3.14
221,41869,179,3.14
221,41869,204,3.14
221,41869,230,3.14
221,41869,255,3.14
221,43690,0,1.93
221,43690,26,1.93
221,43690,51,1.93
221,43690,77,1.93
221,43690,102,1.93
221,43690,128,4.5
221,43690,153,4.5
221,43690,179,4.5
221,43690,204,4.5
221,43690,230,4.5
221,43690,255,1.93
221,45510,0,1.93
221,45510,26,1.93
221,45510,51,1.93
221,45510,77,4.5
221,45510,102,4.5
221,45510,128,4.5
221,45510,153,4.5
221,45510,179,4.5
221,45510,204,3.07
221,45510,230,3.07
221,45510,255,3.07
221,47330,0,3.07
221,47330,26,3.07
221,47330,51,5.0
221,47330,77,5.0
221,47330,102,5.0
221,47330,128,5.0
221,47330,153,3.21
221,47330,179,3.21
221,47330,204,3.21
221,47330,230,3.21
221,47330,255,3.21
221,49151,0,5.43
221,49151,26,5.43
221,49151,51,5.43
221,49151,77,5.43
221,49151,102,5.43
221,49151,128,5.43
221,49151,153,3.86
221,49151,179,3.86
221,49151,204,3.86
221,49151,230,2.07
221,49151,255,2.07
221,50971,0,2.07
221,50971,26,2.07
221,50971,51,2.07
221,50971,77,2.07
221,50971,102,4.14
221,50971,128,4.14
221,50971,153,4.14
221,50971,179,4.14
221,50971,204,4.14
221,50971,230,2.28
221,50971,255,2.28
221,52792,0,2.28
221,52792,26,2.28
221,52792,51,4.79
221,52792,77,4.79
221,52792,102,4.79
221,52792,128,4.79
221,52792,153,4.79
221,52792,179,3.07
221,52792,204,3.07
221,52792,230,3.07
221,52792,255,3.07
221,54612,0,3.07
221,54612,26,5.43
221,54612,51,5.43
221,54612,77,5.43
221,54612,102,5.43
221,54612,128,5.43
221,54612,153,3.5
221,54612,179,3.5
221,54612,204,3.5
221,54612,230,3.5
221,54612,255,2.21
221,56432,0,2.21
221,56432,26,2.21
221,56432,51,2.21
221,56432,77,2.21
221,56432,102,4.36
221,56432,128,4.36
221,56432,153,4.36
221,56432,179,4.36
221,56432,204,4.36
221,56432,230,2.43
221,56432,255,2.43
221,58253,0,2.43
221,58253,26,2.43
221,58253,51,4.5
221,58253,77,4.5
221,58253,102,4.5
221,58253,128,4.5
221,58253,153,4.5
221,58253,179,3.21
221,58253,204,3.21
221,58253,230,3.21
221,58253,255,3.21
221,60073,0,3.21
221,60073,26,3.21
221,60073,51,5.43
221,60073,77,5.43
221,60073,102,5.43
221,60073,128,4.0
221,60073,153,4.0
221,60073,179,4.0
221,60073,204,4.0
221,60073,230,4.0
221,60073,255,4.0
221,61894,0,2.71
221,61894,26,2.71
221,61894,51,2.71
221,61894,77,2.71
221,61894,102,2.71
221,61894,128,4.36
221,61894,153,4.36
221,61894,179,4.36
221,61894,204,4.36
221,61894,230,3.0
221,61894,255,3.0
221,63714,0,3.0
221,63714,26,3.0
221,63714,51,3.0
221,63714,77,4.64
221,63714,102,4.64
221,63714,128,4.64
221,63714,153,4.64
221,63714,179,4.64
221,63714,204,3.71
221,63714,230,3.71
221,63714,255,3.71
221,65534,0,3.71
221,65534,26,4.86
221,65534,51,4.86
221,65534,77,4.86
221,65534,102,4.86
221,65534,128,4.86
221,65534,153,4.64
221,65534,179,4.64
221,65534,204,4.64
221,65534,230,4.64
221,65534,255,4.64
231,0,0,3.07
231,0,26,3.07
231,0,51,3.07
231,0,77,3.07
231,0,102,5.14
231,0,128,5.14
231,0,153,5.14
231,0,179,5.14
231,0,204,5.14
231,0,230,3.29
231,0,255,3.29
231,1820,0,3.29
231,1820,26,3.29
231,1820,51,3.29
231,1820,77,5.43
231,1820,102,5.43
231,1820,128,5.43
231,1820,153,5.43
231,1820,179,5.43
231,1820,204,4.57
231,1820,230,4.57
231,1820,255,4.57
231,3641,0,4.57
231,3641,26,5.86
231,3641,51,5.86
231,3641,77,5.86
231,3641,102,5.86
231,3641,128,5.86
231,3641,153,6.36
231,3641,179,6.36
231,3641,204,6.36
231,3641,230,6.36
231,3641,255,6.36
231,5461,0,6.36
231,5461,26,3.36
231,5461,51,3.36
231,5461,77,3.36
231,5461,102,3.36
231,5461,128,6.79
231,5461,153,6.79
231,5461,179,6.79
231,5461,204,6.79
231,5461,230,6.79
231,5461,255,2.86
231,7282,0,2.86
231,7282,26,2.86
231,7282,51,2.86
231,7282,77,2.86
231,7282,102,7.08
231,7282,128,7.08
231,7282,153,7.08
231,7282,179,7.08
231,7282,204,7.08
231,7282,230,3.36
231,7282,255,3.36
231,9102,0,3.36
231,9102,26,3.36
231,9102,51,6.58
231,9102,77,6.58
231,9102,102,6.58
231,9102,128,6.58
231,9102,153,6.58
231,9102,179,4.79
231,9102,204,4.79
231,9102,230,4.79
231,9102,255,4.79
231,10922,0,4.79
231,10922,26,5.86
231,10922,51,5.86
231,10922,77,5.86
231,10922,102,5.86
231,10922,128,6.0
231,10922,153,6.0
231,10922,179,6.0
231,10922,204,6.0
231,10922,230,6.0
231,10922,255,2.36
231,12743,0,2.36
231,12743,26,2.36
231,12743,51,2.36
231,12743,77,2.36
231,12743,102,7.0
231,12743,128,7.0
231,12743,153,7.0
231,12743,179,7.0
231,12743,204,7.0
231,12743,230,2.28
231,12743,255,2.28
231,14563,0,2.28
231,14563,26,2.28
231,14563,51,6.5
231,14563,77,6.5
231,14563,102,6.5
231,14563,128,6.5
231,14563,153,6.5
231,14563,179,4.07
231,14563,204,4.07
231,14563,230,4.07
231,14563,255,4.07
231,16384,0,4.07
231,16384,26,5.86
231,16384,51,5.86
231,16384,77,5.86
231,16384,102,5.86
231,16384,128,4.14
231,16384,153,4.14
231,16384,179,4.14
231,16384,204,4.14
231,16384,230,4.14
231,16384,255,2.14
231,18204,0,2.14
231,18204,26,2.14
231,18204,51,2.14
231,18204,77,2.14
231,18204,102,2.14
231,18204,128,4.79
231,18204,153,4.79
231,18204,179,4.79
231,18204,204,2.14
231,18204,230,2.14
231,18204,255,2.14
231,20024,0,2.14
231,20024,26,2.14
231,20024,51,2.14
231,20024,77,5.14
231,20024,102,5.14
231,20024,128,5.14
231,20024,153,5.14
231,20024,179,5.14
231,20024,204,3.07
231,20024,230,3.07
231,20024,255,3.07
231,21845,0,3.07
231,21845,26,5.86
231,21845,51,5.86
231,21845,77,5.86
231,21845,102,5.86
231,21845,128,5.86
231,21845,153,3.21
231,21845,179,3.21
231,21845,204,3.21
231,21845,230,3.21
231,21845,255,3.21
231,23665,0,2.14
231,23665,26,2.14
231,23665,51,2.14
231,23665,77,2.14
231,23665,102,2.14
231,23665,128,3.57
231,23665,153,3.57
231,23665,179,3.57
231,23665,204,3.57
231,23665,230,2.64
231,23665,255,2.64
231,25486,0,2.64
231,25486,26,2.64
231,25486,51,2.64
231,25486,77,4.86
231,25486,102,4.86
231,25486,128,4.86
231,25486,153,4.86
231,25486,179,4.86
231,25486,204,2.93
231,25486,230,2.93
231,25486,255,2.93
231,27306,0,2.93
231,27306,26,5.79
231,27306,51,5.79
231,27306,77,5.79
231,27306,102,5.79
231,27306,128,5.79
231,27306,153,3.36
231,27306,179,3.36
231,27306,204,3.36
231,27306,230,3.36
231,27306,255,3.36
231,29126,0,2.0
231,29126,26,2.0
231,29126,51,2.0
231,29126,77,2.0
231,29126,102,2.0
231,29126,128,3.71
231,29126,153,3.71
231,29126,179,3.71
231,29126,204,3.71
231,29126,230,1.93
231,29126,255,1.93
231,30947,0,1.93
231,30947,26,1.93
231,30947,51,1.93
231,30947,77,4.86
231,30947,102,4.86
231,30947,128,4.86
231,30947,153,4.86
231,30947,179,4.86
231,30947,204,2.28
231,30947,230,2.28
231,30947,255,2.28
231,32767,0,2.28
231,32767,26,5.72
231,32767,51,5.72
231,32767,77,5.72
231,32767,102,5.72
231,32767,128,5.72
231,32767,153,2.71
231,32767,179,2.71
231,32767,204,2.71
231,32767,230,2.71
231,32767,255,2.71
231,34588,0,2.71
231,34588,26,1.78
231,34588,51,1.78
231,34588,77,1.78
231,34588,102,1.78
231,34588,128,1.78
231,34588,153,4.07
231,34588,179,4.07
231,34588,204,4.07
231,34588,230,4.07
231,34588,255,1.71
231,36408,0,1.71
231,36408,26,1.71
231,36408,51,1.71
231,36408,77,1.71
231,36408,102,4.93
231,36408,128,4.93
231,36408,153,4.93
231,36408,179,4.93
231,36408,204,4.93
231,36408,230,2.07
231,36408,255,2.07
231,38228,0,2.07
231,38228,26,2.07
231,38228,51,5.86
231,38228,77,5.86
231,38228,102,5.86
231,38228,128,5.86
231,38228,153,5.86
231,38228,179,2.93
231,38228,204,2.93
231,38228,230,2.93
231,38228,255,2.93
231,40049,0,2.93
231,40049,26,5.86
231,40049,51,5.86
231,40049,77,5.86
231,40049,102,5.86
231,40049,128,4.0
231,40049,153,4.0
231,40049,179,4.0
231,40049,204,4.0
231,40049,230,4.0
231,40049,255,1.71
231,41869,0,1.71
231,41869,26,1.71
231,41869,51,1.71
231,41869,77,1.71
231,41869,102,5.14
231,41869,128,5.14
231,41869,153,5.14
231,41869,179,5.14
231,41869,204,1.78
231,41869,230,1.78
231,41869,255,1.78
231,43690,0,1.78
231,43690,26,1.78
231,43690,51,5.43
231,43690,77,5.43
231,43690,102,5.43
231,43690,128,5.43
231,43690,153,5.43
231,43690,179,3.64
231,43690,204,3.64
231,43690,230,3.64
231,43690,255,3.64
231,45510,0,3.64
231,45510,26,5.86
231,45510,51,5.86
231,45510,77,5.86
231,45510,102,5.86
231,45510,128,4.14
231,45510,153,4.14
231,45510,179,4.14
231,45510,204,4.14
231,45510,230,4.14
231,45510,255,2.0
231,47330,0,2.0
231,47330,26,2.0
231,47330,51,2.0
231,47330,77,2.0
231,47330,102,2.0
231,47330,128,4.57
231,47330,153,4.57
231,47330,179,4.57
231,47330,204,2.5
231,47330,230,2.5
231,47330,255,2.5
231,49151,0,2.5
231,49151,26,2.5
231,49151,51,2.5
231,49151,77,4.86
231,49151,102,4.86
231,49151,128,4.86
231,49151,153,4.86
231,49151,179,4.86
231,49151,204,2.93
231,49151,230,2.93
231,49151,255,2.93
231,50971,0,2.93
231,50971,26,5.79
231,50971,51,5.79
231,50971,77,5.79
231,50971,102,5.79
231,50971,128,5.79
231,50971,153,3.79
231,50971,179,3.79
231,50971,204,3.79
231,50971,230,3.79
231,50971,255,3.79
231,52792,0,2.07
231,52792,26,2.07
231,52792,51,2.07
231,52792,77,2.07
231,52792,102,4.22
231,52792,128,4.22
231,52792,153,4.22
231,52792,179,4.22
231,52792,204,4.22
231,52792,230,2.5
231,52792,255,2.5
231,54612,0,2.5
231,54612,26,2.5
231,54612,51,2.5
231,54612,77,4.72
231,54612,102,4.72
231,54612,128,4.72
231,54612,153,4.72
231,54612,179,2.86
231,54612,204,2.86
231,54612,230,2.86
231,54612,255,2.86
231,56432,0,2.86
231,56432,26,4.93
231,56432,51,4.93
231,56432,77,4.93
231,56432,102,4.93
231,56432,128,4.93
231,56432,153,3.86
231,56432,179,3.86
231,56432,204,3.86
231,56432,230,3.86
231,56432,255,3.86
231,58253,0,3.86
231,58253,26,2.57
231,58253,51,2.57
231,58253,77,2.57
231,58253,102,4.43
231,58253,128,4.43
231,58253,153,4.43
231,58253,179,4.43
231,58253,204,4.43
231,58253,230,4.43
231,58253,255,2.64
231,60073,0,2.64
231,60073,26,2.64
231,60073,51,2.64
231,60073,77,2.64
231,60073,102,4.86
231,60073,128,4.86
231,60073,153,4.86
231,60073,179,3.5
231,60073,204,3.5
231,60073,230,3.5
231,60073,255,3.5
231,61894,0,3.5
231,61894,26,3.5
231,61894,51,5.14
231,61894,77,5.14
231,61894,102,5.14
231,61894,128,5.14
231,61894,153,5.14
231,61894,179,4.29
231,61894,204,4.29
231,61894,230,4.29
231,61894,255,4.29
231,63714,0,5.79
231,63714,26,5.79
231,63714,51,5.79
231,63714,77,5.79
231,63714,102,5.79
231,63714,128,5.0
231,63714,153,5.0
231,63714,179,5.0
231,63714,204,5.0
231,63714,230,5.0
231,63714,255,3.21
231,65534,0,3.21
231,65534,26,3.21
231,65534,51,3.21
231,65534,77,5.22
231,65534,102,5.22
231,65534,128,5.22
231,65534,153,5.22
231,65534,179,5.22
231,65534,204,3.64
231,65534,230,3.64
231,65534,255,3.64
241,0,0,3.64
241,0,26,3.64
241,0,51,3.64
241,0,77,5.65
241,0,102,5.65
241,0,128,5.65
241,0,153,4.57
241,0,179,4.57
241,0,204,4.57
241,0,230,4.57
241,0,255,4.57
241,1820,0,4.57
241,1820,26,6.29
241,1820,51,6.29
241,1820,77,6.29
241,1820,102,6.29
241,1820,128,6.29
241,1820,153,6.72
241,1820,179,6.72
241,1820,204,6.72
241,1820,230,6.72
241,1820,255,3.79
241,3641,0,3.79
241,3641,26,3.79
241,3641,51,3.79
241,3641,77,3.79
241,3641,102,6.72
241,3641,128,6.72
241,3641,153,6.72
241,3641,179,6.72
241,3641,204,6.72
241,3641,230,4.79
241,3641,255,4.79
241,5461,0,4.79
241,5461,26,4.79
241,5461,51,4.79
241,5461,77,6.72
241,5461,102,6.72
241,5461,128,6.72
241,5461,153,6.72
241,5461,179,6.15
241,5461,204,6.15
241,5461,230,6.15
241,5461,255,6.15
241,7282,0,6.15
241,7282,26,6.29
241,7282,51,6.29
241,7282,77,6.29
241,7282,102,6.29
241,7282,128,6.29
241,7282,153,6.5
241,7282,179,6.5
241,7282,204,6.5
241,7282,230,6.5
241,7282,255,2.86
241,9102,0,2.86
241,9102,26,2.86
241,9102,51,2.86
241,9102,77,2.86
241,9102,102,7.51
241,9102,128,7.51
241,9102,153,7.51
241,9102,179,7.51
241,9102,204,7.51
241,9102,230,2.64
241,9102,255,2.64
241,10922,0,2.64
241,10922,26,2.64
241,10922,51,7.43
241,10922,77,7.43
241,10922,102,7.43
241,10922,128,7.43
241,10922,153,7.43
241,10922,179,3.5
241,10922,204,3.5
241,10922,230,3.5
241,10922,255,3.5
241,12743,0,3.5
241,12743,26,3.5
241,12743,51,6.43
241,12743,77,6.43
241,12743,102,6.43
241,12743,128,6.43
241,12743,153,6.43
241,12743,179,5.22
241,12743,204,5.22
241,12743,230,5.22
241,12743,255,5.22
241,14563,0,2.36
241,14563,26,2.36
241,14563,51,2.36
241,14563,77,2.36
241,14563,102,2.36
241,14563,128,5.5
241,14563,153,5.5
241,14563,179,5.5
241,14563,204,5.5
241,14563,230,5.5
241,14563,255,2.28
241,16384,0,2.28
241,16384,26,2.28
241,16384,51,2.28
241,16384,77,6.22
241,16384,102,6.22
241,16384,128,6.22
241,16384,153,6.22
241,16384,179,6.22
241,16384,204,3.29
241,16384,230,3.29
241,16384,255,3.29
241,18204,0,3.29
241,18204,26,3.29
241,18204,51,6.65
241,18204,77,6.65
241,18204,102,6.65
241,18204,128,6.65
241,18204,153,3.43
241,18204,179,3.43
241,18204,204,3.43
241,18204,230,3.43
241,18204,255,3.43
241,20024,0,2.21
241,20024,26,2.21
241,20024,51,2.21
241,20024,77,2.21
241,20024,102,2.21
241,20024,128,3.79
241,20024,153,3.79
241,20024,179,3.79
241,20024,204,3.79
241,20024,230,2.28
241,20024,255,2.28
241,21845,0,2.28
241,21845,26,2.28
241,21845,51,2.28
241,21845,77,4.0
241,21845,102,4.0
241,21845,128,4.0
241,21845,153,4.0
241,21845,179,4.0
241,21845,204,4.0
241,21845,230,2.93
241,21845,255,2.93
241,23665,0,2.93
241,23665,26,2.93
241,23665,51,6.29
241,23665,77,6.29
241,23665,102,6.29
241,23665,128,6.29
241,23665,153,6.29
241,23665,179,3.07
241,23665,204,3.07
241,23665,230,3.07
241,23665,255,3.07
241,25486,0,3.07
241,25486,26,6.22
241,25486,51,6.22
241,25486,77,6.22
241,25486,102,6.22
241,25486,128,3.64
241,25486,153,3.64
241,25486,179,3.64
241,25486,204,3.64
241,25486,230,3.64
241,25486,255,2.21
241,27306,0,2.21
241,27306,26,2.21
241,27306,51,2.21
241,27306,77,2.21
241,27306,102,4.07
241,27306,128,4.07
241,27306,153,4.07
241,27306,179,4.07
241,27306,204,2.43
241,27306,230,2.43
241,27306,255,2.43
241,29126,0,2.43
241,29126,26,2.43
241,29126,51,6.22
241,29126,77,6.22
241,29126,102,6.22
241,29126,128,6.22
241,29126,153,6.22
241,29126,179,3.29
241,29126,204,3.29
241,29126,230,3.29
241,29126,255,3.29
241,30947,0,6.29
241,30947,26,6.29
241,30947,51,6.29
241,30947,77,6.29
241,30947,102,6.29
241,30947,128,3.5
241,30947,153,3.5
241,30947,179,3.5
241,30947,204,3.5
241,30947,230,3.5
241,30947,255,3.5
241,32767,0,1.93
241,32767,26,1.93
241,32767,51,1.93
241,32767,77,1.93
241,32767,102,4.22
241,32767,128,4.22
241,32767,153,4.22
241,32767,179,4.22
241,32767,204,4.22
241,32767,230,1.85
241,32767,255,1.85
241,34588,0,1.85
241,34588,26,1.85
241,34588,51,1.85
241,34588,77,5.29
241,34588,102,5.29
241,34588,128,5.29
241,34588,153,5.29
241,34588,179,5.29
241,34588,204,2.21
241,34588,230,2.21
241,34588,255,2.21
241,36408,0,2.21
241,36408,26,6.22
241,36408,51,6.22
241,36408,77,6.22
241,36408,102,6.22
241,36408,128,6.22
241,36408,153,3.79
241,36408,179,3.79
241,36408,204,3.79
241,36408,230,3.79
241,36408,255,3.79
241,38228,0,1.71
241,38228,26,1.71
241,38228,51,1.71
241,38228,77,1.71
241,38228,102,4.72
241,38228,128,4.72
241,38228,153,4.72
241,38228,179,4.72
241,38228,204,4.72
241,38228,230,1.85
241,38228,255,1.85
241,40049,0,1.85
241,40049,26,1.85
241,40049,51,1.85
241,40049,77,6.0
241,40049,102,6.0
241,40049,128,6.0
241,40049,153,6.0
241,40049,179,6.0
241,40049,204,2.36
241,40049,230,2.36
241,40049,255,2.36
241,41869,0,2.36
241,41869,26,6.0
241,41869,51,6.0
241,41869,77,6.0
241,41869,102,6.0
241,41869,128,6.0
241,41869,153,4.36
241,41869,179,4.36
241,41869,204,4.36
241,41869,230,4.36
241,41869,255,4.36
241,43690,0,4.36
241,43690,26,2.0
241,43690,51,2.0
241,43690,77,2.0
241,43690,102,5.22
241,43690,128,5.22
241,43690,153,5.22
241,43690,179,5.22
241,43690,204,5.22
241,43690,230,5.22
241,43690,255,2.07
241,45510,0,2.07
241,45510,26,2.07
241,45510,51,2.07
241,45510,77,2.07
241,45510,102,5.36
241,45510,128,5.36
241,45510,153,5.36
241,45510,179,5.36
241,45510,204,3.43
241,45510,230,3.43
241,45510,255,3.43
241,47330,0,3.43
241,47330,26,3.43
241,47330,51,5.79
241,47330,77,5.79
241,47330,102,5.79
241,47330,128,5.79
241,47330,153,5.79
241,47330,179,3.64
241,47330,204,3.64
241,47330,230,3.64
241,47330,255,3.64
241,49151,0,3.5
241,49151,26,3.5
241,49151,51,3.5
241,49151,77,3.5
241,49151,102,3.5
241,49151,128,4.43
241,49151,153,4.43
241,49151,179,4.43
241,49151,204,4.43
241,49151,230,4.43
241,49151,255,2.21
241,50971,0,2.21
241,50971,26,2.21
241,50971,51,2.21
241,50971,77,4.79
241,50971,102,4.79
241,50971,128,4.79
241,50971,153,4.79
241,50971,179,4.79
241,50971,204,2.64
241,50971,230,2.64
241,50971,255,2.64
241,52792,0,2.64
241,52792,26,2.64
241,52792,51,5.5
241,52792,77,5.5
241,52792,102,5.5
241,52792,128,5.5
241,52792,153,5.5
241,52792,179,3.57
241,52792,204,3.57
241,52792,230,3.57
241,52792,255,3.57
241,54612,0,6.29
241,54612,26,6.29
241,54612,51,6.29
241,54612,77,6.29
241,54612,102,6.29
241,54612,128,4.0
241,54612,153,4.0
241,54612,179,4.0
241,54612,204,4.0
241,54612,230,4.0
241,54612,255,4.0
241,56432,0,2.43
241,56432,26,2.43
241,56432,51,2.43
241,56432,77,4.93
241,56432,102,4.93
241,56432,128,4.93
241,56432,153,4.93
241,56432,179,4.93
241,56432,204,4.93
241,56432,230,2.78
241,56432,255,2.78
241,58253,0,2.78
241,58253,26,2.78
241,58253,51,2.78
241,58253,77,5.22
241,58253,102,5.22
241,58253,128,5.22
241,58253,153,5.22
241,58253,179,4.0
241,58253,204,4.0
241,58253,230,4.0
241,58253,255,4.0
241,60073,0,4.0
241,60073,26,6.29
241,60073,51,6.29
241,60073,77,6.29
241,60073,102,6.29
241,60073,128,6.29
241,60073,153,4.72
241,60073,179,4.72
241,60073,204,4.72
241,60073,230,4.72
241,60073,255,3.14
241,61894,0,3.14
241,61894,26,3.14
241,61894,51,3.14
241,61894,77,3.14
241,61894,102,5.36
241,61894,128,5.36
241,61894,153,5.36
241,61894,179,5.36
241,61894,204,5.36
241,61894,230,3.57
241,61894,255,3.57
241,63714,0,3.57
241,63714,26,3.57
241,63714,51,3.57
241,63714,77,5.43
241,63714,102,5.43
241,63714,128,5.43
241,63714,153,5.43
241,63714,179,4.14
241,63714,204,4.14
241,63714,230,4.14
241,63714,255,4.14
241,65534,0,4.14
241,65534,26,6.07
241,65534,51,6.07
241,65534,77,6.07
241,65534,102,6.07
241,65534,128,6.07
241,65534,153,6.07
241,65534,179,5.57
241,65534,204,5.57
241,65534,230,5.57
241,65534,255,5.57
251,0,0,3.64
251,0,26,3.64
251,0,51,3.64
251,0,77,3.64
251,0,102,3.64
251,0,128,6.0
251,0,153,6.0
251,0,179,6.0
251,0,204,6.0
251,0,230,6.0
251,0,255,3.79
251,1820,0,3.79
251,1820,26,3.79
251,1820,51,3.79
251,1820,77,6.22
251,1820,102,6.22
251,1820,128,6.22
251,1820,153,6.22
251,1820,179,6.22
251,1820,204,4.57
251,1820,230,4.57
251,1820,255,4.57
251,3641,0,4.57
251,3641,26,4.57
251,3641,51,6.72
251,3641,77,6.72
251,3641,102,6.72
251,3641,128,6.72
251,3641,153,7.43
251,3641,179,7.43
251,3641,204,7.43
251,3641,230,7.43
251,3641,255,7.43
251,5461,0,3.86
251,5461,26,3.86
251,5461,51,3.86
251,5461,77,3.86
251,5461,102,3.86
251,5461,128,7.86
251,5461,153,7.86
251,5461,179,7.86
251,5461,204,7.86
251,5461,230,3.29
251,5461,255,3.29
251,7282,0,3.29
251,7282,26,3.29
251,7282,51,3.29
251,7282,77,7.86
251,7282,102,7.86
251,7282,128,7.86
251,7282,153,7.86
251,7282,179,7.86
251,7282,204,7.86
251,7282,230,5.22
251,7282,255,5.22
251,9102,0,5.22
251,9102,26,7.43
251,9102,51,7.43
251,9102,77,7.43
251,9102,102,7.43
251,9102,128,7.43
251,9102,153,7.43
251,9102,179,5.43
251,9102,204,5.43
251,9102,230,5.43
251,9102,255,5.43
251,10922,0,5.43
251,10922,26,6.79
251,10922,51,6.79
251,10922,77,6.79
251,10922,102,6.79
251,10922,128,7.08
251,10922,153,7.08
251,10922,179,7.08
251,10922,204,7.08
251,10922,230,7.08
251,10922,255,2.57
251,12743,0,2.57
251,12743,26,2.57
251,12743,51,2.57
251,12743,77,2.57
251,12743,102,7.79
251,12743,128,7.79
251,12743,153,7.79
251,12743,179,7.79
251,12743,204,2.57
251,12743,230,2.57
251,12743,255,2.57
251,14563,0,2.57
251,14563,26,2.57
251,14563,51,7.15
251,14563,77,7.15
251,14563,102,7.15
251,14563,128,7.15
251,14563,153,7.15
251,14563,179,4.07
251,14563,204,4.07
251,14563,230,4.07
251,14563,255,4.07
251,16384,0,4.07
251,16384,26,6.79
251,16384,51,6.79
251,16384,77,6.79
251,16384,102,6.79
251,16384,128,4.14
251,16384,153,4.14
251,16384,179,4.14
251,16384,204,4.14
251,16384,230,4.14
251,16384,255,2.36
251,18204,0,2.36
251,18204,26,2.36
251,18204,51,2.36
251,18204,77,2.36
251,18204,102,2.36
251,18204,128,4.72
251,18204,153,4.72
251,18204,179,4.72
251,18204,204,2.36
251,18204,230,2.36
251,18204,255,2.36
251,20024,0,2.36
251,20024,26,2.36
251,20024,51,2.36
251,20024,77,5.14
251,20024,102,5.14
251,20024,128,5.14
251,20024,153,5.14
251,20024,179,5.14
251,20024,204,3.07
251,20024,230,3.07
251,20024,255,3.07
251,21845,0,3.07
251,21845,26,6.58
251,21845,51,6.58
251,21845,77,6.58
251,21845,102,6.58
251,21845,128,6.58
251,21845,153,3.21
251,21845,179,3.21
251,21845,204,3.21
251,21845,230,3.21
251,21845,255,3.21
251,23665,0,2.36
251,23665,26,2.36
251,23665,51,2.36
251,23665,77,2.36
251,23665,102,3.57
251,23665,128,3.57
251,23665,153,3.57
251,23665,179,3.57
251,23665,204,3.57
251,23665,230,2.86
251,23665,255,2.86
251,25486,0,2.86
251,25486,26,2.86
251,25486,51,2.86
251,25486,77,4.79
251,25486,102,4.79
251,25486,128,4.79
251,25486,153,4.79
251,25486,179,3.0
251,25486,204,3.0
251,25486,230,3.0
251,25486,255,3.0
251,27306,0,3.0
251,27306,26,6.15
251,27306,51,6.15
251,27306,77,6.15
251,27306,102,6.15
251,27306,128,6.15
251,27306,153,6.15
251,27306,179,3.36
251,27306,204,3.36
251,27306,230,3.36
251,27306,255,2.14
251,29126,0,2.14
251,29126,26,2.14
251,29126,51,2.14
251,29126,77,2.14
251,29126,102,2.14
251,29126,128,3.71
251,29126,153,3.71
251,29126,179,3.71
251,29126,204,3.71
251,29126,230,3.71
251,29126,255,2.07
251,30947,0,2.07
251,30947,26,2.07
251,30947,51,2.07
251,30947,77,4.22
251,30947,102,4.22
251,30947,128,4.22
251,30947,153,4.22
251,30947,179,4.22
251,30947,204,2.57
251,30947,230,2.57
251,30947,255,2.57
251,32767,0,2.57
251,32767,26,2.57
251,32767,51,6.22
251,32767,77,6.22
251,32767,102,6.22
251,32767,128,6.22
251,32767,153,3.0
251,32767,179,3.0
251,32767,204,3.0
251,32767,230,3.0
251,32767,255,3.0
251,34588,0,5.43
251,34588,26,5.43
251,34588,51,5.43
251,34588,77,5.43
251,34588,102,5.43
251,34588,128,4.07
251,34588,153,4.07
251,34588,179,4.07
251,34588,204,4.07
251,34588,230,1.85
251,34588,255,1.85
251,36408,0,1.85
251,36408,26,1.85
251,36408,51,1.85
251,36408,77,1.85
251,36408,102,4.86
251,36408,128,4.86
251,36408,153,4.86
251,36408,179,4.86
251,36408,204,4.86
251,36408,230,1.78
251,36408,255,1.78
251,38228,0,1.78
251,38228,26,1.78
251,38228,51,6.58
251,38228,77,6.58
251,38228,102,6.58
251,38228,128,6.58
251,38228,153,6.58
251,38228,179,3.36
251,38228,204,3.36
251,38228,230,3.36
251,38228,255,3.36
251,40049,0,3.36
251,40049,26,6.72
251,40049,51,6.72
251,40049,77,6.72
251,40049,102,6.72
251,40049,128,6.72
251,40049,153,4.43
251,40049,179,4.43
251,40049,204,4.43
251,40049,230,4.43
251,40049,255,1.85
251,41869,0,1.85
251,41869,26,1.85
251,41869,51,1.85
251,41869,77,1.85
251,41869,102,5.93
251,41869,128,5.93
251,41869,153,5.93
251,41869,179,5.93
251,41869,204,5.93
251,41869,230,1.93
251,41869,255,1.93
251,43690,0,1.93
251,43690,26,1.93
251,43690,51,6.22
251,43690,77,6.22
251,43690,102,6.22
251,43690,128,6.22
251,43690,153,6.22
251,43690,179,4.14
251,43690,204,4.14
251,43690,230,4.14
251,43690,255,4.14
251,45510,0,4.14
251,45510,26,6.65
251,45510,51,6.65
251,45510,77,6.65
251,45510,102,6.65
251,45510,128,4.64
251,45510,153,4.64
251,45510,179,4.64
251,45510,204,4.64
251,45510,230,4.64
251,45510,255,2.14
251,47330,0,2.14
251,47330,26,2.14
251,47330,51,2.14
251,47330,77,2.14
251,47330,102,2.14
251,47330,128,4.93
251,47330,153,4.93
251,47330,179,4.93
251,47330,204,4.93
251,47330,230,2.78
251,47330,255,2.78
251,49151,0,2.78
251,49151,26,2.78
251,49151,51,2.78
251,49151,77,5.5
251,49151,102,5.5
251,49151,128,5.5
251,49151,153,5.5
251,49151,179,5.5
251,49151,204,3.29
251,49151,230,3.29
251,49151,255,3.29
251,50971,0,3.29
251,50971,26,3.29
251,50971,51,5.86
251,50971,77,5.86
251,50971,102,5.86
251,50971,128,5.86
251,50971,153,4.36
251,50971,179,4.36
251,50971,204,4.36
251,50971,230,4.36
251,50971,255,4.36
251,52792,0,2.28
251,52792,26,2.28
251,52792,51,2.28
251,52792,77,2.28
251,52792,102,2.28
251,52792,128,4.72
251,52792,153,4.72
251,52792,179,4.72
251,52792,204,4.72
251,52792,230,2.43
251,52792,255,2.43
251,54612,0,2.43
251,54612,26,2.43
251,54612,51,2.43
251,54612,77,5.36
251,54612,102,5.36
251,54612,128,5.36
251,54612,153,5.36
251,54612,179,5.36
251,54612,204,3.21
251,54612,230,3.21
251,54612,255,3.21
251,56432,0,3.21
251,56432,26,5.72
251,56432,51,5.72
251,56432,77,5.72
251,56432,102,5.72
251,56432,128,5.72
251,56432,153,4.07
251,56432,179,4.07
251,56432,204,4.07
251,56432,230,4.07
251,56432,255,4.07
251,58253,0,2.86
251,58253,26,2.86
251,58253,51,2.86
251,58253,77,2.86
251,58253,102,2.86
251,58253,128,2.86
251,58253,153,5.07
251,58253,179,5.07
251,58253,204,5.07
251,58253,230,3.07
251,58253,255,3.07
251,60073,0,3.07
251,60073,26,3.07
251,60073,51,3.07
251,60073,77,3.07
251,60073,102,5.57
251,60073,128,5.57
251,60073,153,5.57
251,60073,179,5.57
251,60073,204,5.57
251,60073,230,4.14
251,60073,255,4.14
251,61894,0,4.14
251,61894,26,4.14
251,61894,51,5.86
251,61894,77,5.86
251,61894,102,5.86
251,61894,128,5.86
251,61894,153,5.86
251,61894,179,4.86
251,61894,204,4.86
251,61894,230,4.86
251,61894,255,4.86
251,63714,0,4.86
251,63714,26,6.72
251,63714,51,6.72
251,63714,77,6.72
251,63714,102,6.72
251,63714,128,5.72
251,63714,153,5.72
251,63714,179,5.72
251,63714,204,5.72
251,63714,230,5.72
251,63714,255,3.79
251,65534,0,3.79
251,65534,26,3.79
251,65534,51,3.79
251,65534,77,3.79
251,65534,102,6.0
251,65534,128,6.0
251,65534,153,6.0
251,65534,179,6.0
251,65534,204,6.0
251,65534,230,3.86
251,65534,255,3.86
