bri,hue,sat,watt
1,0,0,1.07
1,0,26,1.07
1,0,51,1.07
1,0,77,1.07
1,0,102,1.07
1,0,128,1.07
1,0,153,1.07
1,0,179,1.07
1,0,204,1.07
1,0,230,1.07
1,0,255,1.07
1,1820,0,1.07
1,1820,26,1.07
1,1820,51,1.07
1,1820,77,1.07
1,1820,102,1.07
1,1820,128,1.07
1,1820,153,1.07
1,1820,179,1.07
1,1820,204,1.07
1,1820,230,1.07
1,1820,255,1.07
1,3641,0,1.07
1,3641,26,1.07
1,3641,51,1.07
1,3641,77,1.07
1,3641,102,1.07
1,3641,128,1.07
1,3641,153,1.07
1,3641,179,1.0
1,3641,204,1.0
1,3641,230,1.0
1,3641,255,1.0
1,5461,0,1.07
1,5461,26,1.07
1,5461,51,1.07
1,5461,77,1.07
1,5461,102,1.07
1,5461,128,1.07
1,5461,153,1.07
1,5461,179,1.07
1,5461,204,1.07
1,5461,230,1.07
1,5461,255,1.07
1,7282,0,1.07
1,7282,26,1.07
1,7282,51,1.07
1,7282,77,1.07
1,7282,102,1.07
1,7282,128,1.07
1,7282,153,1.07
1,7282,179,1.07
1,7282,204,1.07
1,7282,230,1.07
1,7282,255,1.07
1,9102,0,1.07
1,9102,26,1.07
1,9102,51,1.07
1,9102,77,1.07
1,9102,102,1.07
1,9102,128,1.07
1,9102,153,1.07
1,9102,179,1.07
1,9102,204,1.07
1,9102,230,1.07
1,9102,255,1.07
1,10922,0,1.07
1,10922,26,1.07
1,10922,51,1.07
1,10922,77,1.07
1,10922,102,1.07
1,10922,128,1.07
1,10922,153,1.07
1,10922,179,1.07
1,10922,204,1.07
1,10922,230,1.07
1,10922,255,1.07
1,12743,0,1.07
1,12743,26,1.07
1,12743,51,1.07
1,12743,77,1.07
1,12743,102,1.07
1,12743,128,1.07
1,12743,153,1.07
1,12743,179,1.07
1,12743,204,1.07
1,12743,230,1.07
1,12743,255,1.07
1,14563,0,1.07
1,14563,26,1.07
1,14563,51,1.14
1,14563,77,1.14
1,14563,102,1.14
1,14563,128,1.14
1,14563,153,1.14
1,14563,179,1.07
1,14563,204,1.07
1,14563,230,1.07
1,14563,255,1.07
1,16384,0,1.07
1,16384,26,1.07
1,16384,51,1.07
1,16384,77,1.07
1,16384,102,1.07
1,16384,128,1.07
1,16384,153,1.07
1,16384,179,1.07
1,16384,204,1.07
1,16384,230,1.07
1,16384,255,1.07
1,18204,0,1.07
1,18204,26,1.07
1,18204,51,1.07
1,18204,77,1.07
1,18204,102,1.07
1,18204,128,1.07
1,18204,153,1.07
1,18204,179,1.07
1,18204,204,1.07
1,18204,230,1.07
1,18204,255,1.07
1,20024,0,1.07
1,20024,26,1.07
1,20024,51,1.07
1,20024,77,1.07
1,20024,102,1.07
1,20024,128,1.07
1,20024,153,1.07
1,20024,179,1.07
1,20024,204,1.07
1,20024,230,1.07
1,20024,255,1.07
1,21845,0,1.07
1,21845,26,1.14
1,21845,51,1.14
1,21845,77,1.14
1,21845,102,1.14
1,21845,128,1.14
1,21845,153,1.07
1,21845,179,1.07
1,21845,204,1.07
1,21845,230,1.07
1,21845,255,1.07
1,23665,0,1.07
1,23665,26,1.07
1,23665,51,1.07
1,23665,77,1.07
1,23665,102,1.07
1,23665,128,1.07
1,23665,153,1.07
1,23665,179,1.07
1,23665,204,1.07
1,23665,230,1.14
1,23665,255,1.14
1,25486,0,1.14
1,25486,26,1.14
1,25486,51,1.14
1,25486,77,1.07
1,25486,102,1.07
1,25486,128,1.07
1,25486,153,1.07
1,25486,179,1.07
1,25486,204,1.07
1,25486,230,1.07
1,25486,255,1.07
1,27306,0,1.07
1,27306,26,1.07
1,27306,51,1.07
1,27306,77,1.07
1,27306,102,1.07
1,27306,128,1.07
1,27306,153,1.07
1,27306,179,1.07
1,27306,204,1.07
1,27306,230,1.07
1,27306,255,1.07
1,29126,0,1.07
1,29126,26,1.07
1,29126,51,1.07
1,29126,77,1.07
1,29126,102,1.07
1,29126,128,1.07
1,29126,153,1.07
1,29126,179,1.07
1,29126,204,1.07
1,29126,230,1.07
1,29126,255,1.07
1,30947,0,1.07
1,30947,26,1.07
1,30947,51,1.07
1,30947,77,1.14
1,30947,102,1.14
1,30947,128,1.14
1,30947,153,1.14
1,30947,179,1.14
1,30947,204,1.07
1,30947,230,1.07
1,30947,255,1.07
1,32767,0,1.07
1,32767,26,1.07
1,32767,51,1.07
1,32767,77,1.07
1,32767,102,1.07
1,32767,128,1.07
1,32767,153,1.07
1,32767,179,1.07
1,32767,204,1.07
1,32767,230,1.07
1,32767,255,1.07
1,34588,0,1.07
1,34588,26,1.07
1,34588,51,1.07
1,34588,77,1.07
1,34588,102,1.07
1,34588,128,1.07
1,34588,153,1.07
1,34588,179,1.07
1,34588,204,1.07
1,34588,230,1.07
1,34588,255,1.07
1,36408,0,1.07
1,36408,26,1.07
1,36408,51,1.07
1,36408,77,1.07
1,36408,102,1.07
1,36408,128,1.07
1,36408,153,1.07
1,36408,179,1.07
1,36408,204,1.07
1,36408,230,1.07
1,36408,255,1.07
1,38228,0,1.07
1,38228,26,1.07
1,38228,51,1.07
1,38228,77,1.07
1,38228,102,1.07
1,38228,128,1.07
1,38228,153,1.07
1,38228,179,1.07
1,38228,204,1.07
1,38228,230,1.07
1,38228,255,1.07
1,40049,0,1.07
1,40049,26,1.07
1,40049,51,1.07
1,40049,77,1.07
1,40049,102,1.07
1,40049,128,1.07
1,40049,153,1.07
1,40049,179,1.07
1,40049,204,1.07
1,40049,230,1.07
1,40049,255,1.07
1,41869,0,1.07
1,41869,26,1.07
1,41869,51,1.07
1,41869,77,1.07
1,41869,102,1.07
1,41869,128,1.07
1,41869,153,1.07
1,41869,179,1.07
1,41869,204,1.07
1,41869,230,1.07
1,41869,255,1.07
1,43690,0,1.07
1,43690,26,1.07
1,43690,51,1.07
1,43690,77,1.07
1,43690,102,1.07
1,43690,128,1.07
1,43690,153,1.07
1,43690,179,1.14
1,43690,204,1.14
1,43690,230,1.14
1,43690,255,1.14
1,45510,0,1.14
1,45510,26,1.14
1,45510,51,1.14
1,45510,77,1.14
1,45510,102,1.14
1,45510,128,1.07
1,45510,153,1.07
1,45510,179,1.07
1,45510,204,1.07
1,45510,230,1.07
1,45510,255,1.14
1,47330,0,1.14
1,47330,26,1.14
1,47330,51,1.14
1,47330,77,1.14
1,47330,102,1.07
1,47330,128,1.07
1,47330,153,1.07
1,47330,179,1.07
1,47330,204,1.07
1,47330,230,1.07
1,47330,255,1.07
1,49151,0,1.07
1,49151,26,1.07
1,49151,51,1.07
1,49151,77,1.07
1,49151,102,1.07
1,49151,128,1.07
1,49151,153,1.07
1,49151,179,1.07
1,49151,204,1.07
1,49151,230,1.07
1,49151,255,1.07
1,50971,0,1.07
1,50971,26,1.07
1,50971,51,1.14
1,50971,77,1.14
1,50971,102,1.14
1,50971,128,1.07
1,50971,153,1.07
1,50971,179,1.07
1,50971,204,1.07
1,50971,230,1.07
1,50971,255,1.07
1,52792,0,1.07
1,52792,26,1.07
1,52792,51,1.07
1,52792,77,1.07
1,52792,102,1.07
1,52792,128,1.14
1,52792,153,1.14
1,52792,179,1.14
1,52792,204,1.14
1,52792,230,1.07
1,52792,255,1.07
1,54612,0,1.07
1,54612,26,1.07
1,54612,51,1.07
1,54612,77,1.07
1,54612,102,1.07
1,54612,128,1.07
1,54612,153,1.07
1,54612,179,1.07
1,54612,204,1.07
1,54612,230,1.07
1,54612,255,1.07
1,56432,0,1.07
1,56432,26,1.07
1,56432,51,1.07
1,56432,77,1.07
1,56432,102,1.07
1,56432,128,1.07
1,56432,153,1.07
1,56432,179,1.07
1,56432,204,1.07
1,56432,230,1.07
1,56432,255,1.07
1,58253,0,1.07
1,58253,26,1.07
1,58253,51,1.07
1,58253,77,1.07
1,58253,102,1.07
1,58253,128,1.07
1,58253,153,1.07
1,58253,179,1.07
1,58253,204,1.07
1,58253,230,1.07
1,58253,255,1.07
1,60073,0,1.07
1,60073,26,1.07
1,60073,51,1.07
1,60073,77,1.07
1,60073,102,1.07
1,60073,128,1.07
1,60073,153,1.07
1,60073,179,1.07
1,60073,204,1.07
1,60073,230,1.07
1,60073,255,1.07
1,61894,0,1.07
1,61894,26,1.07
1,61894,51,1.07
1,61894,77,1.07
1,61894,102,1.07
1,61894,128,1.07
1,61894,153,1.07
1,61894,179,1.07
1,61894,204,1.07
1,61894,230,1.07
1,61894,255,1.07
1,63714,0,1.07
1,63714,26,1.07
1,63714,51,1.07
1,63714,77,1.07
1,63714,102,1.07
1,63714,128,1.14
1,63714,153,1.14
1,63714,179,1.14
1,63714,204,1.14
1,63714,230,1.14
1,63714,255,1.14
1,65534,0,1.14
1,65534,26,1.14
1,65534,51,1.14
1,65534,77,1.14
1,65534,102,1.14
1,65534,128,1.14
1,65534,153,1.14
1,65534,179,1.14
1,65534,204,1.14
1,65534,230,1.14
1,65534,255,1.14
11,0,0,1.14
11,0,26,1.14
11,0,51,1.07
11,0,77,1.07
11,0,102,1.07
11,0,128,1.07
11,0,153,1.07
11,0,179,1.07
11,0,204,1.07
11,0,230,1.07
11,0,255,1.07
11,1820,0,1.07
11,1820,26,1.07
11,1820,51,1.07
11,1820,77,1.07
11,1820,102,1.07
11,1820,128,1.14
11,1820,153,1.14
11,1820,179,1.14
11,1820,204,1.14
11,1820,230,1.14
11,1820,255,1.07
11,3641,0,1.07
11,3641,26,1.07
11,3641,51,1.07
11,3641,77,1.07
11,3641,102,1.07
11,3641,128,1.14
11,3641,153,1.14
11,3641,179,1.14
11,3641,204,1.07
11,3641,230,1.07
11,3641,255,1.07
11,5461,0,1.07
11,5461,26,1.07
11,5461,51,1.07
11,5461,77,1.14
11,5461,102,1.14
11,5461,128,1.14
11,5461,153,1.14
11,5461,179,1.14
11,5461,204,1.14
11,5461,230,1.14
11,5461,255,1.14
11,7282,0,1.14
11,7282,26,1.14
11,7282,51,1.14
11,7282,77,1.14
11,7282,102,1.14
11,7282,128,1.14
11,7282,153,1.07
11,7282,179,1.07
11,7282,204,1.07
11,7282,230,1.07
11,7282,255,1.07
11,9102,0,1.07
11,9102,26,1.07
11,9102,51,1.07
11,9102,77,1.07
11,9102,102,1.14
11,9102,128,1.14
11,9102,153,1.14
11,9102,179,1.14
11,9102,204,1.14
11,9102,230,1.14
11,9102,255,1.14
11,10922,0,1.14
11,10922,26,1.14
11,10922,51,1.14
11,10922,77,1.14
11,10922,102,1.14
11,10922,128,1.14
11,10922,153,1.14
11,10922,179,1.14
11,10922,204,1.14
11,10922,230,1.14
11,10922,255,1.14
11,12743,0,1.14
11,12743,26,1.07
11,12743,51,1.07
11,12743,77,1.07
11,12743,102,1.07
11,12743,128,1.07
11,12743,153,1.14
11,12743,179,1.14
11,12743,204,1.14
11,12743,230,1.14
11,12743,255,1.14
11,14563,0,1.14
11,14563,26,1.14
11,14563,51,1.14
11,14563,77,1.14
11,14563,102,1.07
11,14563,128,1.07
11,14563,153,1.07
11,14563,179,1.07
11,14563,204,1.07
11,14563,230,1.07
11,14563,255,1.07
11,16384,0,1.07
11,16384,26,1.07
11,16384,51,1.07
11,16384,77,1.14
11,16384,102,1.14
11,16384,128,1.14
11,16384,153,1.14
11,16384,179,1.14
11,16384,204,1.07
11,16384,230,1.07
11,16384,255,1.07
11,18204,0,1.07
11,18204,26,1.14
11,18204,51,1.14
11,18204,77,1.14
11,18204,102,1.14
11,18204,128,1.14
11,18204,153,1.07
11,18204,179,1.07
11,18204,204,1.07
11,18204,230,1.07
11,18204,255,1.07
11,20024,0,1.14
11,20024,26,1.14
11,20024,51,1.14
11,20024,77,1.14
11,20024,102,1.14
11,20024,128,1.07
11,20024,153,1.07
11,20024,179,1.07
11,20024,204,1.07
11,20024,230,1.07
11,20024,255,1.07
11,21845,0,1.07
11,21845,26,1.07
11,21845,51,1.07
11,21845,77,1.07
11,21845,102,1.07
11,21845,128,1.07
11,21845,153,1.07
11,21845,179,1.07
11,21845,204,1.07
11,21845,230,1.07
11,21845,255,1.07
11,23665,0,1.07
11,23665,26,1.14
11,23665,51,1.14
11,23665,77,1.14
11,23665,102,1.14
11,23665,128,1.14
11,23665,153,1.14
11,23665,179,1.14
11,23665,204,1.14
11,23665,230,1.14
11,23665,255,1.14
11,25486,0,1.14
11,25486,26,1.07
11,25486,51,1.07
11,25486,77,1.07
11,25486,102,1.07
11,25486,128,1.07
11,25486,153,1.07
11,25486,179,1.07
11,25486,204,1.07
11,25486,230,1.07
11,25486,255,1.14
11,27306,0,1.14
11,27306,26,1.14
11,27306,51,1.14
11,27306,77,1.14
11,27306,102,1.07
11,27306,128,1.07
11,27306,153,1.07
11,27306,179,1.07
11,27306,204,1.07
11,27306,230,1.07
11,27306,255,1.07
11,29126,0,1.07
11,29126,26,1.07
11,29126,51,1.14
11,29126,77,1.14
11,29126,102,1.14
11,29126,128,1.14
11,29126,153,1.14
11,29126,179,1.07
11,29126,204,1.07
11,29126,230,1.07
11,29126,255,1.07
11,30947,0,1.07
11,30947,26,1.14
11,30947,51,1.14
11,30947,77,1.14
11,30947,102,1.14
11,30947,128,1.07
11,30947,153,1.07
11,30947,179,1.07
11,30947,204,1.07
11,30947,230,1.07
11,30947,255,1.07
11,32767,0,1.07
11,32767,26,1.07
11,32767,51,1.07
11,32767,77,1.07
11,32767,102,1.07
11,32767,128,1.07
11,32767,153,1.07
11,32767,179,1.07
11,32767,204,1.07
11,32767,230,1.07
11,32767,255,1.07
11,34588,0,1.07
11,34588,26,1.07
11,34588,51,1.14
11,34588,77,1.14
11,34588,102,1.14
11,34588,128,1.14
11,34588,153,1.14
11,34588,179,1.07
11,34588,204,1.07
11,34588,230,1.07
11,34588,255,1.07
11,36408,0,1.07
11,36408,26,1.07
11,36408,51,1.07
11,36408,77,1.07
11,36408,102,1.07
11,36408,128,1.07
11,36408,153,1.07
11,36408,179,1.07
11,36408,204,1.07
11,36408,230,1.07
11,36408,255,1.07
11,38228,0,1.07
11,38228,26,1.07
11,38228,51,1.07
11,38228,77,1.07
11,38228,102,1.07
11,38228,128,1.14
11,38228,153,1.14
11,38228,179,1.14
11,38228,204,1.07
11,38228,230,1.07
11,38228,255,1.07
11,40049,0,1.07
11,40049,26,1.07
11,40049,51,1.07
11,40049,77,1.14
11,40049,102,1.14
11,40049,128,1.14
11,40049,153,1.14
11,40049,179,1.14
11,40049,204,1.07
11,40049,230,1.07
11,40049,255,1.07
11,41869,0,1.07
11,41869,26,1.14
11,41869,51,1.14
11,41869,77,1.14
11,41869,102,1.14
11,41869,128,1.14
11,41869,153,1.07
11,41869,179,1.07
11,41869,204,1.07
11,41869,230,1.07
11,41869,255,1.07
11,43690,0,1.07
11,43690,26,1.07
11,43690,51,1.07
11,43690,77,1.07
11,43690,102,1.07
11,43690,128,1.14
11,43690,153,1.14
11,43690,179,1.14
11,43690,204,1.14
11,43690,230,1.07
11,43690,255,1.07
11,45510,0,1.07
11,45510,26,1.07
11,45510,51,1.07
11,45510,77,1.14
11,45510,102,1.14
11,45510,128,1.14
11,45510,153,1.14
11,45510,179,1.14
11,45510,204,1.07
11,45510,230,1.07
11,45510,255,1.07
11,47330,0,1.07
11,47330,26,1.07
11,47330,51,1.21
11,47330,77,1.21
11,47330,102,1.21
11,47330,128,1.21
11,47330,153,1.14
11,47330,179,1.14
11,47330,204,1.14
11,47330,230,1.14
11,47330,255,1.14
11,49151,0,1.07
11,49151,26,1.07
11,49151,51,1.07
11,49151,77,1.07
11,49151,102,1.07
11,49151,128,1.14
11,49151,153,1.14
11,49151,179,1.14
11,49151,204,1.14
11,49151,230,1.07
11,49151,255,1.07
11,50971,0,1.07
11,50971,26,1.07
11,50971,51,1.07
11,50971,77,1.14
11,50971,102,1.14
11,50971,128,1.14
11,50971,153,1.14
11,50971,179,1.14
11,50971,204,1.14
11,50971,230,1.14
11,50971,255,1.14
11,52792,0,1.14
11,52792,26,1.14
11,52792,51,1.14
11,52792,77,1.14
11,52792,102,1.14
11,52792,128,1.14
11,52792,153,1.07
11,52792,179,1.07
11,52792,204,1.07
11,52792,230,1.07
11,52792,255,1.07
11,54612,0,1.07
11,54612,26,1.07
11,54612,51,1.07
11,54612,77,1.07
11,54612,102,1.07
11,54612,128,1.07
11,54612,153,1.14
11,54612,179,1.14
11,54612,204,1.14
11,54612,230,1.14
11,54612,255,1.14
11,56432,0,1.14
11,56432,26,1.14
11,56432,51,1.14
11,56432,77,1.14
11,56432,102,1.07
11,56432,128,1.07
11,56432,153,1.07
11,56432,179,1.07
11,56432,204,1.07
11,56432,230,1.07
11,56432,255,1.07
11,58253,0,1.07
11,58253,26,1.07
11,58253,51,1.14
11,58253,77,1.14
11,58253,102,1.14
11,58253,128,1.14
11,58253,153,1.14
11,58253,179,1.07
11,58253,204,1.07
11,58253,230,1.07
11,58253,255,1.07
11,60073,0,1.07
11,60073,26,1.07
11,60073,51,1.07
11,60073,77,1.07
11,60073,102,1.07
11,60073,128,1.14
11,60073,153,1.14
11,60073,179,1.14
11,60073,204,1.14
11,60073,230,1.14
11,60073,255,1.07
11,61894,0,1.07
11,61894,26,1.07
11,61894,51,1.07
11,61894,77,1.07
11,61894,102,1.07
11,61894,128,1.07
11,61894,153,1.07
11,61894,179,1.07
11,61894,204,1.07
11,61894,230,1.07
11,61894,255,1.07
11,63714,0,1.07
11,63714,26,1.07
11,63714,51,1.14
11,63714,77,1.14
11,63714,102,1.14
11,63714,128,1.14
11,63714,153,1.14
11,63714,179,1.14
11,63714,204,1.14
11,63714,230,1.14
11,63714,255,1.14
11,65534,0,1.14
11,65534,26,1.07
11,65534,51,1.07
11,65534,77,1.07
11,65534,102,1.07
11,65534,128,1.07
11,65534,153,1.07
11,65534,179,1.07
11,65534,204,1.07
11,65534,230,1.07
11,65534,255,1.07
21,0,0,1.07
21,0,26,1.07
21,0,51,1.07
21,0,77,1.07
21,0,102,1.14
21,0,128,1.14
21,0,153,1.14
21,0,179,1.14
21,0,204,1.14
21,0,230,1.14
21,0,255,1.14
21,1820,0,1.14
21,1820,26,1.14
21,1820,51,1.21
21,1820,77,1.21
21,1820,102,1.21
21,1820,128,1.21
21,1820,153,1.21
21,1820,179,1.14
21,1820,204,1.14
21,1820,230,1.14
21,1820,255,1.14
21,3641,0,1.14
21,3641,26,1.14
21,3641,51,1.28
21,3641,77,1.28
21,3641,102,1.28
21,3641,128,1.14
21,3641,153,1.14
21,3641,179,1.14
21,3641,204,1.14
21,3641,230,1.14
21,3641,255,1.14
21,5461,0,1.14
21,5461,26,1.14
21,5461,51,1.14
21,5461,77,1.14
21,5461,102,1.14
21,5461,128,1.28
21,5461,153,1.28
21,5461,179,1.28
21,5461,204,1.28
21,5461,230,1.28
21,5461,255,1.14
21,7282,0,1.14
21,7282,26,1.14
21,7282,51,1.14
21,7282,77,1.28
21,7282,102,1.28
21,7282,128,1.28
21,7282,153,1.28
21,7282,179,1.28
21,7282,204,1.28
21,7282,230,1.28
21,7282,255,1.28
21,9102,0,1.28
21,9102,26,1.28
21,9102,51,1.28
21,9102,77,1.28
21,9102,102,1.28
21,9102,128,1.28
21,9102,153,1.21
21,9102,179,1.21
21,9102,204,1.21
21,9102,230,1.21
21,9102,255,1.21
21,10922,0,1.14
21,10922,26,1.14
21,10922,51,1.14
21,10922,77,1.14
21,10922,102,1.14
21,10922,128,1.21
21,10922,153,1.21
21,10922,179,1.21
21,10922,204,1.21
21,10922,230,1.21
21,10922,255,1.14
21,12743,0,1.14
21,12743,26,1.14
21,12743,51,1.14
21,12743,77,1.21
21,12743,102,1.21
21,12743,128,1.21
21,12743,153,1.21
21,12743,179,1.21
21,12743,204,1.14
21,12743,230,1.14
21,12743,255,1.14
21,14563,0,1.14
21,14563,26,1.14
21,14563,51,1.28
21,14563,77,1.28
21,14563,102,1.28
21,14563,128,1.28
21,14563,153,1.28
21,14563,179,1.14
21,14563,204,1.14
21,14563,230,1.14
21,14563,255,1.14
21,16384,0,1.28
21,16384,26,1.28
21,16384,51,1.28
21,16384,77,1.28
21,16384,102,1.28
21,16384,128,1.14
21,16384,153,1.14
21,16384,179,1.14
21,16384,204,1.14
21,16384,230,1.14
21,16384,255,1.07
21,18204,0,1.07
21,18204,26,1.07
21,18204,51,1.07
21,18204,77,1.21
21,18204,102,1.21
21,18204,128,1.21
21,18204,153,1.21
21,18204,179,1.21
21,18204,204,1.14
21,18204,230,1.14
21,18204,255,1.14
21,20024,0,1.14
21,20024,26,1.14
21,20024,51,1.14
21,20024,77,1.28
21,20024,102,1.28
21,20024,128,1.28
21,20024,153,1.14
21,20024,179,1.14
21,20024,204,1.14
21,20024,230,1.14
21,20024,255,1.14
21,21845,0,1.14
21,21845,26,1.21
21,21845,51,1.21
21,21845,77,1.21
21,21845,102,1.21
21,21845,128,1.21
21,21845,153,1.07
21,21845,179,1.07
21,21845,204,1.07
21,21845,230,1.07
21,21845,255,1.07
21,23665,0,1.14
21,23665,26,1.14
21,23665,51,1.14
21,23665,77,1.14
21,23665,102,1.21
21,23665,128,1.21
21,23665,153,1.21
21,23665,179,1.21
21,23665,204,1.21
21,23665,230,1.07
21,23665,255,1.07
21,25486,0,1.07
21,25486,26,1.07
21,25486,51,1.07
21,25486,77,1.14
21,25486,102,1.14
21,25486,128,1.14
21,25486,153,1.14
21,25486,179,1.14
21,25486,204,1.14
21,25486,230,1.14
21,25486,255,1.14
21,27306,0,1.14
21,27306,26,1.21
21,27306,51,1.21
21,27306,77,1.21
21,27306,102,1.21
21,27306,128,1.21
21,27306,153,1.14
21,27306,179,1.14
21,27306,204,1.14
21,27306,230,1.14
21,27306,255,1.14
21,29126,0,1.14
21,29126,26,1.14
21,29126,51,1.14
21,29126,77,1.14
21,29126,102,1.14
21,29126,128,1.14
21,29126,153,1.14
21,29126,179,1.14
21,29126,204,1.14
21,29126,230,1.14
21,29126,255,1.14
21,30947,0,1.14
21,30947,26,1.14
21,30947,51,1.14
21,30947,77,1.21
21,30947,102,1.21
21,30947,128,1.21
21,30947,153,1.21
21,30947,179,1.14
21,30947,204,1.14
21,30947,230,1.14
21,30947,255,1.14
21,32767,0,1.14
21,32767,26,1.28
21,32767,51,1.28
21,32767,77,1.28
21,32767,102,1.28
21,32767,128,1.28
21,32767,153,1.14
21,32767,179,1.14
21,32767,204,1.14
21,32767,230,1.14
21,32767,255,1.14
21,34588,0,1.14
21,34588,26,1.07
21,34588,51,1.07
21,34588,77,1.07
21,34588,102,1.14
21,34588,128,1.14
21,34588,153,1.14
21,34588,179,1.14
21,34588,204,1.14
21,34588,230,1.14
21,34588,255,1.07
21,36408,0,1.07
21,36408,26,1.07
21,36408,51,1.07
21,36408,77,1.07
21,36408,102,1.21
21,36408,128,1.21
21,36408,153,1.21
21,36408,179,1.14
21,36408,204,1.14
21,36408,230,1.14
21,36408,255,1.14
21,38228,0,1.14
21,38228,26,1.14
21,38228,51,1.21
21,38228,77,1.21
21,38228,102,1.21
21,38228,128,1.21
21,38228,153,1.21
21,38228,179,1.14
21,38228,204,1.14
21,38228,230,1.14
21,38228,255,1.14
21,40049,0,1.14
21,40049,26,1.21
21,40049,51,1.21
21,40049,77,1.21
21,40049,102,1.21
21,40049,128,1.21
21,40049,153,1.21
21,40049,179,1.21
21,40049,204,1.21
21,40049,230,1.21
21,40049,255,1.14
21,41869,0,1.14
21,41869,26,1.14
21,41869,51,1.14
21,41869,77,1.14
21,41869,102,1.21
21,41869,128,1.21
21,41869,153,1.21
21,41869,179,1.21
21,41869,204,1.14
21,41869,230,1.14
21,41869,255,1.14
21,43690,0,1.14
21,43690,26,1.14
21,43690,51,1.21
21,43690,77,1.21
21,43690,102,1.21
21,43690,128,1.21
21,43690,153,1.21
21,43690,179,1.14
21,43690,204,1.14
21,43690,230,1.14
21,43690,255,1.14
21,45510,0,1.14
21,45510,26,1.21
21,45510,51,1.21
21,45510,77,1.21
21,45510,102,1.21
21,45510,128,1.14
21,45510,153,1.14
21,45510,179,1.14
21,45510,204,1.14
21,45510,230,1.14
21,45510,255,1.07
21,47330,0,1.07
21,47330,26,1.07
21,47330,51,1.07
21,47330,77,1.07
21,47330,102,1.21
21,47330,128,1.21
21,47330,153,1.21
21,47330,179,1.21
21,47330,204,1.14
21,47330,230,1.14
21,47330,255,1.14
21,49151,0,1.14
21,49151,26,1.14
21,49151,51,1.21
21,49151,77,1.21
21,49151,102,1.21
21,49151,128,1.21
21,49151,153,1.21
21,49151,179,1.21
21,49151,204,1.14
21,49151,230,1.14
21,49151,255,1.14
21,50971,0,1.21
21,50971,26,1.21
21,50971,51,1.21
21,50971,77,1.21
21,50971,102,1.21
21,50971,128,1.14
21,50971,153,1.14
21,50971,179,1.14
21,50971,204,1.14
21,50971,230,1.14
21,50971,255,1.14
21,52792,0,1.14
21,52792,26,1.14
21,52792,51,1.14
21,52792,77,1.14
21,52792,102,1.14
21,52792,128,1.14
21,52792,153,1.14
21,52792,179,1.14
21,52792,204,1.14
21,52792,230,1.14
21,52792,255,1.14
21,54612,0,1.14
21,54612,26,1.14
21,54612,51,1.14
21,54612,77,1.14
21,54612,102,1.14
21,54612,128,1.14
21,54612,153,1.14
21,54612,179,1.14
21,54612,204,1.14
21,54612,230,1.14
21,54612,255,1.14
21,56432,0,1.14
21,56432,26,1.14
21,56432,51,1.28
21,56432,77,1.28
21,56432,102,1.28
21,56432,128,1.28
21,56432,153,1.14
21,56432,179,1.14
21,56432,204,1.14
21,56432,230,1.14
21,56432,255,1.14
21,58253,0,1.07
21,58253,26,1.07
21,58253,51,1.07
21,58253,77,1.07
21,58253,102,1.07
21,58253,128,1.14
21,58253,153,1.14
21,58253,179,1.14
21,58253,204,1.14
21,58253,230,1.14
21,58253,255,1.14
21,60073,0,1.14
21,60073,26,1.14
21,60073,51,1.14
21,60073,77,1.21
21,60073,102,1.21
21,60073,128,1.21
21,60073,153,1.21
21,60073,179,1.21
21,60073,204,1.14
21,60073,230,1.14
21,60073,255,1.14
21,61894,0,1.14
21,61894,26,1.14
21,61894,51,1.21
21,61894,77,1.21
21,61894,102,1.21
21,61894,128,1.21
21,61894,153,1.07
21,61894,179,1.07
21,61894,204,1.07
21,61894,230,1.07
21,61894,255,1.07
21,63714,0,1.14
21,63714,26,1.14
21,63714,51,1.14
21,63714,77,1.14
21,63714,102,1.14
21,63714,128,1.14
21,63714,153,1.14
21,63714,179,1.14
21,63714,204,1.14
21,63714,230,1.14
21,63714,255,1.14
21,65534,0,1.14
21,65534,26,1.14
21,65534,51,1.14
21,65534,77,1.14
21,65534,102,1.14
21,65534,128,1.14
21,65534,153,1.14
21,65534,179,1.14
21,65534,204,1.14
21,65534,230,1.14
21,65534,255,1.14
31,0,0,1.14
31,0,26,1.35
31,0,51,1.35
31,0,77,1.35
31,0,102,1.35
31,0,128,1.35
31,0,153,1.21
31,0,179,1.21
31,0,204,1.21
31,0,230,1.21
31,0,255,1.21
31,1820,0,1.21
31,1820,26,1.43
31,1820,51,1.43
31,1820,77,1.43
31,1820,102,1.43
31,1820,128,1.43
31,1820,153,1.21
31,1820,179,1.21
31,1820,204,1.21
31,1820,230,1.21
31,1820,255,1.21
31,3641,0,1.21
31,3641,26,1.21
31,3641,51,1.21
31,3641,77,1.21
31,3641,102,1.35
31,3641,128,1.35
31,3641,153,1.35
31,3641,179,1.35
31,3641,204,1.35
31,3641,230,1.21
31,3641,255,1.21
31,5461,0,1.21
31,5461,26,1.21
31,5461,51,1.5
31,5461,77,1.5
31,5461,102,1.5
31,5461,128,1.5
31,5461,153,1.5
31,5461,179,1.43
31,5461,204,1.43
31,5461,230,1.43
31,5461,255,1.43
31,7282,0,1.43
31,7282,26,1.43
31,7282,51,1.43
31,7282,77,1.43
31,7282,102,1.43
31,7282,128,1.43
31,7282,153,1.43
31,7282,179,1.43
31,7282,204,1.43
31,7282,230,1.43
31,7282,255,1.21
31,9102,0,1.21
31,9102,26,1.21
31,9102,51,1.21
31,9102,77,1.21
31,9102,102,1.5
31,9102,128,1.5
31,9102,153,1.5
31,9102,179,1.5
31,9102,204,1.5
31,9102,230,1.21
31,9102,255,1.21
31,10922,0,1.21
31,10922,26,1.21
31,10922,51,1.43
31,10922,77,1.43
31,10922,102,1.43
31,10922,128,1.43
31,10922,153,1.43
31,10922,179,1.28
31,10922,204,1.28
31,10922,230,1.28
31,10922,255,1.28
31,12743,0,1.28
31,12743,26,1.35
31,12743,51,1.35
31,12743,77,1.35
31,12743,102,1.35
31,12743,128,1.35
31,12743,153,1.28
31,12743,179,1.28
31,12743,204,1.28
31,12743,230,1.28
31,12743,255,1.21
31,14563,0,1.21
31,14563,26,1.21
31,14563,51,1.21
31,14563,77,1.21
31,14563,102,1.21
31,14563,128,1.21
31,14563,153,1.21
31,14563,179,1.21
31,14563,204,1.21
31,14563,230,1.21
31,14563,255,1.21
31,16384,0,1.21
31,16384,26,1.21
31,16384,51,1.35
31,16384,77,1.35
31,16384,102,1.35
31,16384,128,1.35
31,16384,153,1.35
31,16384,179,1.14
31,16384,204,1.14
31,16384,230,1.14
31,16384,255,1.14
31,18204,0,1.14
31,18204,26,1.14
31,18204,51,1.5
31,18204,77,1.5
31,18204,102,1.5
31,18204,128,1.5
31,18204,153,1.5
31,18204,179,1.14
31,18204,204,1.14
31,18204,230,1.14
31,18204,255,1.14
31,20024,0,1.14
31,20024,26,1.14
31,20024,51,1.14
31,20024,77,1.14
31,20024,102,1.14
31,20024,128,1.21
31,20024,153,1.21
31,20024,179,1.21
31,20024,204,1.21
31,20024,230,1.21
31,20024,255,1.14
31,21845,0,1.14
31,21845,26,1.14
31,21845,51,1.14
31,21845,77,1.28
31,21845,102,1.28
31,21845,128,1.28
31,21845,153,1.28
31,21845,179,1.28
31,21845,204,1.14
31,21845,230,1.14
31,21845,255,1.14
31,23665,0,1.14
31,23665,26,1.14
31,23665,51,1.43
31,23665,77,1.43
31,23665,102,1.43
31,23665,128,1.43
31,23665,153,1.43
31,23665,179,1.14
31,23665,204,1.14
31,23665,230,1.14
31,23665,255,1.14
31,25486,0,1.21
31,25486,26,1.21
31,25486,51,1.21
31,25486,77,1.21
31,25486,102,1.21
31,25486,128,1.21
31,25486,153,1.21
31,25486,179,1.21
31,25486,204,1.21
31,25486,230,1.21
31,25486,255,1.14
31,27306,0,1.14
31,27306,26,1.14
31,27306,51,1.14
31,27306,77,1.28
31,27306,102,1.28
31,27306,128,1.28
31,27306,153,1.28
31,27306,179,1.28
31,27306,204,1.14
31,27306,230,1.14
31,27306,255,1.14
31,29126,0,1.14
31,29126,26,1.14
31,29126,51,1.5
31,29126,77,1.5
31,29126,102,1.5
31,29126,128,1.5
31,29126,153,1.5
31,29126,179,1.21
31,29126,204,1.21
31,29126,230,1.21
31,29126,255,1.21
31,30947,0,1.35
31,30947,26,1.35
31,30947,51,1.35
31,30947,77,1.35
31,30947,102,1.35
31,30947,128,1.21
31,30947,153,1.21
31,30947,179,1.21
31,30947,204,1.21
31,30947,230,1.21
31,30947,255,1.14
31,32767,0,1.14
31,32767,26,1.14
31,32767,51,1.14
31,32767,77,1.28
31,32767,102,1.28
31,32767,128,1.28
31,32767,153,1.28
31,32767,179,1.28
31,32767,204,1.21
31,32767,230,1.21
31,32767,255,1.21
31,34588,0,1.21
31,34588,26,1.21
31,34588,51,1.21
31,34588,77,1.43
31,34588,102,1.43
31,34588,128,1.43
31,34588,153,1.21
31,34588,179,1.21
31,34588,204,1.21
31,34588,230,1.21
31,34588,255,1.21
31,36408,0,1.21
31,36408,26,1.43
31,36408,51,1.43
31,36408,77,1.43
31,36408,102,1.43
31,36408,128,1.43
31,36408,153,1.21
31,36408,179,1.21
31,36408,204,1.21
31,36408,230,1.21
31,36408,255,1.21
31,38228,0,1.28
31,38228,26,1.28
31,38228,51,1.28
31,38228,77,1.28
31,38228,102,1.43
31,38228,128,1.43
31,38228,153,1.43
31,38228,179,1.43
31,38228,204,1.43
31,38228,230,1.21
31,38228,255,1.21
31,40049,0,1.21
31,40049,26,1.21
31,40049,51,1.21
31,40049,77,1.5
31,40049,102,1.5
31,40049,128,1.5
31,40049,153,1.5
31,40049,179,1.5
31,40049,204,1.21
31,40049,230,1.21
31,40049,255,1.21
31,41869,0,1.21
31,41869,26,1.43
31,41869,51,1.43
31,41869,77,1.43
31,41869,102,1.43
31,41869,128,1.43
31,41869,153,1.21
31,41869,179,1.21
31,41869,204,1.21
31,41869,230,1.21
31,41869,255,1.21
31,43690,0,1.21
31,43690,26,1.21
31,43690,51,1.21
31,43690,77,1.21
31,43690,102,1.21
31,43690,128,1.21
31,43690,153,1.21
31,43690,179,1.21
31,43690,204,1.21
31,43690,230,1.14
31,43690,255,1.14
31,45510,0,1.14
31,45510,26,1.14
31,45510,51,1.14
31,45510,77,1.43
31,45510,102,1.43
31,45510,128,1.43
31,45510,153,1.43
31,45510,179,1.43
31,45510,204,1.21
31,45510,230,1.21
31,45510,255,1.21
31,47330,0,1.21
31,47330,26,1.5
31,47330,51,1.5
31,47330,77,1.5
31,47330,102,1.5
31,47330,128,1.5
31,47330,153,1.21
31,47330,179,1.21
31,47330,204,1.21
31,47330,230,1.21
31,47330,255,1.21
31,49151,0,1.14
31,49151,26,1.14
31,49151,51,1.14
31,49151,77,1.14
31,49151,102,1.35
31,49151,128,1.35
31,49151,153,1.35
31,49151,179,1.35
31,49151,204,1.35
31,49151,230,1.21
31,49151,255,1.21
31,50971,0,1.21
31,50971,26,1.21
31,50971,51,1.21
31,50971,77,1.21
31,50971,102,1.35
31,50971,128,1.35
31,50971,153,1.35
31,50971,179,1.35
31,50971,204,1.35
31,50971,230,1.28
31,50971,255,1.28
31,52792,0,1.28
31,52792,26,1.28
31,52792,51,1.5
31,52792,77,1.5
31,52792,102,1.5
31,52792,128,1.5
31,52792,153,1.5
31,52792,179,1.21
31,52792,204,1.21
31,52792,230,1.21
31,52792,255,1.21
31,54612,0,1.21
31,54612,26,1.28
31,54612,51,1.28
31,54612,77,1.28
31,54612,102,1.28
31,54612,128,1.28
31,54612,153,1.28
31,54612,179,1.28
31,54612,204,1.28
31,54612,230,1.28
31,54612,255,1.21
31,56432,0,1.21
31,56432,26,1.21
31,56432,51,1.21
31,56432,77,1.21
31,56432,102,1.28
31,56432,128,1.28
31,56432,153,1.28
31,56432,179,1.28
31,56432,204,1.28
31,56432,230,1.21
31,56432,255,1.21
31,58253,0,1.21
31,58253,26,1.21
31,58253,51,1.43
31,58253,77,1.43
31,58253,102,1.43
31,58253,128,1.43
31,58253,153,1.43
31,58253,179,1.21
31,58253,204,1.21
31,58253,230,1.21
31,58253,255,1.21
31,60073,0,1.21
31,60073,26,1.43
31,60073,51,1.43
31,60073,77,1.43
31,60073,102,1.43
31,60073,128,1.21
31,60073,153,1.21
31,60073,179,1.21
31,60073,204,1.21
31,60073,230,1.21
31,60073,255,1.14
31,61894,0,1.14
31,61894,26,1.14
31,61894,51,1.14
31,61894,77,1.14
31,61894,102,1.21
31,61894,128,1.21
31,61894,153,1.21
31,61894,179,1.21
31,61894,204,1.14
31,61894,230,1.14
31,61894,255,1.14
31,63714,0,1.14
31,63714,26,1.14
31,63714,51,1.35
31,63714,77,1.35
31,63714,102,1.35
31,63714,128,1.35
31,63714,153,1.35
31,63714,179,1.21
31,63714,204,1.21
31,63714,230,1.21
31,63714,255,1.21
31,65534,0,1.21
31,65534,26,1.43
31,65534,51,1.43
31,65534,77,1.43
31,65534,102,1.43
31,65534,128,1.21
31,65534,153,1.21
31,65534,179,1.21
31,65534,204,1.21
31,65534,230,1.21
31,65534,255,1.14
41,0,0,1.14
41,0,26,1.14
41,0,51,1.14
41,0,77,1.14
41,0,102,1.14
41,0,128,1.35
41,0,153,1.35
41,0,179,1.35
41,0,204,1.21
41,0,230,1.21
41,0,255,1.21
41,1820,0,1.21
41,1820,26,1.21
41,1820,51,1.21
41,1820,77,1.5
41,1820,102,1.5
41,1820,128,1.5
41,1820,153,1.5
41,1820,179,1.5
41,1820,204,1.28
41,1820,230,1.28
41,1820,255,1.28
41,3641,0,1.28
41,3641,26,1.28
41,3641,51,1.64
41,3641,77,1.64
41,3641,102,1.64
41,3641,128,1.64
41,3641,153,1.43
41,3641,179,1.43
41,3641,204,1.43
41,3641,230,1.43
41,3641,255,1.43
41,5461,0,1.21
41,5461,26,1.21
41,5461,51,1.21
41,5461,77,1.21
41,5461,102,1.21
41,5461,128,1.78
41,5461,153,1.78
41,5461,179,1.78
41,5461,204,1.78
41,5461,230,1.28
41,5461,255,1.28
41,7282,0,1.28
41,7282,26,1.28
41,7282,51,1.28
41,7282,77,1.78
41,7282,102,1.78
41,7282,128,1.78
41,7282,153,1.78
41,7282,179,1.78
41,7282,204,1.64
41,7282,230,1.64
41,7282,255,1.64
41,9102,0,1.64
41,9102,26,1.64
41,9102,51,1.78
41,9102,77,1.78
41,9102,102,1.78
41,9102,128,1.78
41,9102,153,1.64
41,9102,179,1.64
41,9102,204,1.64
41,9102,230,1.64
41,9102,255,1.64
41,10922,0,1.35
41,10922,26,1.35
41,10922,51,1.35
41,10922,77,1.35
41,10922,102,1.35
41,10922,128,1.5
41,10922,153,1.5
41,10922,179,1.5
41,10922,204,1.5
41,10922,230,1.35
41,10922,255,1.35
41,12743,0,1.35
41,12743,26,1.35
41,12743,51,1.35
41,12743,77,1.57
41,12743,102,1.57
41,12743,128,1.57
41,12743,153,1.57
41,12743,179,1.57
41,12743,204,1.35
41,12743,230,1.35
41,12743,255,1.35
41,14563,0,1.35
41,14563,26,1.35
41,14563,51,1.85
41,14563,77,1.85
41,14563,102,1.85
41,14563,128,1.85
41,14563,153,1.28
41,14563,179,1.28
41,14563,204,1.28
41,14563,230,1.28
41,14563,255,1.28
41,16384,0,1.28
41,16384,26,1.28
41,16384,51,1.28
41,16384,77,1.28
41,16384,102,1.28
41,16384,128,1.28
41,16384,153,1.35
41,16384,179,1.35
41,16384,204,1.35
41,16384,230,1.28
41,16384,255,1.28
41,18204,0,1.28
41,18204,26,1.28
41,18204,51,1.28
41,18204,77,1.35
41,18204,102,1.35
41,18204,128,1.35
41,18204,153,1.35
41,18204,179,1.35
41,18204,204,1.35
41,18204,230,1.21
41,18204,255,1.21
41,20024,0,1.21
41,20024,26,1.71
41,20024,51,1.71
41,20024,77,1.71
41,20024,102,1.71
41,20024,128,1.71
41,20024,153,1.71
41,20024,179,1.28
41,20024,204,1.28
41,20024,230,1.28
41,20024,255,1.28
41,21845,0,1.28
41,21845,26,1.64
41,21845,51,1.64
41,21845,77,1.64
41,21845,102,1.64
41,21845,128,1.64
41,21845,153,1.28
41,21845,179,1.28
41,21845,204,1.28
41,21845,230,1.28
41,21845,255,1.28
41,23665,0,1.28
41,23665,26,1.28
41,23665,51,1.28
41,23665,77,1.28
41,23665,102,1.28
41,23665,128,1.28
41,23665,153,1.28
41,23665,179,1.28
41,23665,204,1.28
41,23665,230,1.21
41,23665,255,1.21
41,25486,0,1.21
41,25486,26,1.21
41,25486,51,1.71
41,25486,77,1.71
41,25486,102,1.71
41,25486,128,1.71
41,25486,153,1.71
41,25486,179,1.21
41,25486,204,1.21
41,25486,230,1.21
41,25486,255,1.21
41,27306,0,1.21
41,27306,26,1.64
41,27306,51,1.64
41,27306,77,1.64
41,27306,102,1.64
41,27306,128,1.35
41,27306,153,1.35
41,27306,179,1.35
41,27306,204,1.35
41,27306,230,1.35
41,27306,255,1.21
41,29126,0,1.21
41,29126,26,1.21
41,29126,51,1.21
41,29126,77,1.21
41,29126,102,1.43
41,29126,128,1.43
41,29126,153,1.43
41,29126,179,1.43
41,29126,204,1.28
41,29126,230,1.28
41,29126,255,1.28
41,30947,0,1.28
41,30947,26,1.28
41,30947,51,1.5
41,30947,77,1.5
41,30947,102,1.5
41,30947,128,1.5
41,30947,153,1.5
41,30947,179,1.28
41,30947,204,1.28
41,30947,230,1.28
41,30947,255,1.28
41,32767,0,1.28
41,32767,26,1.28
41,32767,51,1.64
41,32767,77,1.64
41,32767,102,1.64
41,32767,128,1.28
41,32767,153,1.28
41,32767,179,1.28
41,32767,204,1.28
41,32767,230,1.28
41,32767,255,1.28
41,34588,0,1.28
41,34588,26,1.28
41,34588,51,1.28
41,34588,77,1.28
41,34588,102,1.28
41,34588,128,1.5
41,34588,153,1.5
41,34588,179,1.5
41,34588,204,1.5
41,34588,230,1.5
41,34588,255,1.35
41,36408,0,1.35
41,36408,26,1.35
41,36408,51,1.71
41,36408,77,1.71
41,36408,102,1.71
41,36408,128,1.71
41,36408,153,1.71
41,36408,179,1.71
41,36408,204,1.35
41,36408,230,1.35
41,36408,255,1.35
41,38228,0,1.35
41,38228,26,1.35
41,38228,51,1.64
41,38228,77,1.64
41,38228,102,1.64
41,38228,128,1.64
41,38228,153,1.43
41,38228,179,1.43
41,38228,204,1.43
41,38228,230,1.43
41,38228,255,1.43
41,40049,0,1.28
41,40049,26,1.28
41,40049,51,1.28
41,40049,77,1.28
41,40049,102,1.28
41,40049,128,1.43
41,40049,153,1.43
41,40049,179,1.43
41,40049,204,1.43
41,40049,230,1.28
41,40049,255,1.28
41,41869,0,1.28
41,41869,26,1.28
41,41869,51,1.28
41,41869,77,1.71
41,41869,102,1.71
41,41869,128,1.71
41,41869,153,1.71
41,41869,179,1.71
41,41869,204,1.28
41,41869,230,1.28
41,41869,255,1.28
41,43690,0,1.28
41,43690,26,1.28
41,43690,51,1.71
41,43690,77,1.71
41,43690,102,1.71
41,43690,128,1.71
41,43690,153,1.35
41,43690,179,1.35
41,43690,204,1.35
41,43690,230,1.35
41,43690,255,1.35
41,45510,0,1.21
41,45510,26,1.21
41,45510,51,1.21
41,45510,77,1.21
41,45510,102,1.21
41,45510,128,1.43
41,45510,153,1.43
41,45510,179,1.43
41,45510,204,1.43
41,45510,230,1.43
41,45510,255,1.21
41,47330,0,1.21
41,47330,26,1.21
41,47330,51,1.21
41,47330,77,1.57
41,47330,102,1.57
41,47330,128,1.57
41,47330,153,1.57
41,47330,179,1.57
41,47330,204,1.28
41,47330,230,1.28
41,47330,255,1.28
41,49151,0,1.28
41,49151,26,1.28
41,49151,51,1.78
41,49151,77,1.78
41,49151,102,1.78
41,49151,128,1.78
41,49151,153,1.35
41,49151,179,1.35
41,49151,204,1.35
41,49151,230,1.35
41,49151,255,1.35
41,50971,0,1.64
41,50971,26,1.64
41,50971,51,1.64
41,50971,77,1.64
41,50971,102,1.64
41,50971,128,1.64
41,50971,153,1.43
41,50971,179,1.43
41,50971,204,1.43
41,50971,230,1.35
41,50971,255,1.35
41,52792,0,1.35
41,52792,26,1.35
41,52792,51,1.35
41,52792,77,1.43
41,52792,102,1.43
41,52792,128,1.43
41,52792,153,1.43
41,52792,179,1.43
41,52792,204,1.43
41,52792,230,1.35
41,52792,255,1.35
41,54612,0,1.35
41,54612,26,1.35
41,54612,51,1.35
41,54612,77,1.64
41,54612,102,1.64
41,54612,128,1.64
41,54612,153,1.64
41,54612,179,1.28
41,54612,204,1.28
41,54612,230,1.28
41,54612,255,1.28
41,56432,0,1.28
41,56432,26,1.57
41,56432,51,1.57
41,56432,77,1.57
41,56432,102,1.57
41,56432,128,1.57
41,56432,153,1.28
41,56432,179,1.28
41,56432,204,1.28
41,56432,230,1.28
41,56432,255,1.28
41,58253,0,1.28
41,58253,26,1.28
41,58253,51,1.28
41,58253,77,1.28
41,58253,102,1.35
41,58253,128,1.35
41,58253,153,1.35
41,58253,179,1.35
41,58253,204,1.35
41,58253,230,1.28
41,58253,255,1.28
41,60073,0,1.28
41,60073,26,1.28
41,60073,51,1.28
41,60073,77,1.43
41,60073,102,1.43
41,60073,128,1.43
41,60073,153,1.43
41,60073,179,1.28
41,60073,204,1.28
41,60073,230,1.28
41,60073,255,1.28
41,61894,0,1.28
41,61894,26,1.64
41,61894,51,1.64
41,61894,77,1.64
41,61894,102,1.64
41,61894,128,1.64
41,61894,153,1.28
41,61894,179,1.28
41,61894,204,1.28
41,61894,230,1.28
41,61894,255,1.21
41,63714,0,1.21
41,63714,26,1.21
41,63714,51,1.21
41,63714,77,1.21
41,63714,102,1.35
41,63714,128,1.35
41,63714,153,1.35
41,63714,179,1.35
41,63714,204,1.35
41,63714,230,1.21
41,63714,255,1.21
41,65534,0,1.21
41,65534,26,1.21
41,65534,51,1.43
41,65534,77,1.43
41,65534,102,1.43
41,65534,128,1.43
41,65534,153,1.43
41,65534,179,1.21
41,65534,204,1.21
41,65534,230,1.21
41,65534,255,1.21
51,0,0,1.21
51,0,26,1.93
51,0,51,1.93
51,0,77,1.93
51,0,102,1.93
51,0,128,1.93
51,0,153,1.35
51,0,179,1.35
51,0,204,1.35
51,0,230,1.35
51,0,255,1.35
51,1820,0,1.35
51,1820,26,1.35
51,1820,51,1.35
51,1820,77,1.35
51,1820,102,1.43
51,1820,128,1.43
51,1820,153,1.43
51,1820,179,1.43
51,1820,204,1.43
51,1820,230,1.43
51,1820,255,1.35
51,3641,0,1.35
51,3641,26,1.35
51,3641,51,2.21
51,3641,77,2.21
51,3641,102,2.21
51,3641,128,2.21
51,3641,153,2.21
51,3641,179,1.43
51,3641,204,1.43
51,3641,230,1.43
51,3641,255,1.43
51,5461,0,1.43
51,5461,26,1.43
51,5461,51,2.07
51,5461,77,2.07
51,5461,102,2.07
51,5461,128,2.07
51,5461,153,2.07
51,5461,179,2.07
51,5461,204,2.07
51,5461,230,2.07
51,5461,255,2.07
51,7282,0,1.35
51,7282,26,1.35
51,7282,51,1.35
51,7282,77,1.35
51,7282,102,1.35
51,7282,128,2.21
51,7282,153,2.21
51,7282,179,2.21
51,7282,204,2.21
51,7282,230,2.21
51,7282,255,1.43
51,9102,0,1.43
51,9102,26,1.43
51,9102,51,1.43
51,9102,77,2.21
51,9102,102,2.21
51,9102,128,2.21
51,9102,153,2.21
51,9102,179,2.21
51,9102,204,1.64
51,9102,230,1.64
51,9102,255,1.64
51,10922,0,1.64
51,10922,26,1.64
51,10922,51,2.21
51,10922,77,2.21
51,10922,102,2.21
51,10922,128,2.21
51,10922,153,2.21
51,10922,179,1.57
51,10922,204,1.57
51,10922,230,1.57
51,10922,255,1.57
51,12743,0,1.64
51,12743,26,1.64
51,12743,51,1.64
51,12743,77,1.64
51,12743,102,1.64
51,12743,128,1.57
51,12743,153,1.57
51,12743,179,1.57
51,12743,204,1.57
51,12743,230,1.57
51,12743,255,1.43
51,14563,0,1.43
51,14563,26,1.43
51,14563,51,1.43
51,14563,77,1.57
51,14563,102,1.57
51,14563,128,1.57
51,14563,153,1.57
51,14563,179,1.57
51,14563,204,1.43
51,14563,230,1.43
51,14563,255,1.43
51,16384,0,1.43
51,16384,26,1.43
51,16384,51,2.21
51,16384,77,2.21
51,16384,102,2.21
51,16384,128,2.21
51,16384,153,2.21
51,16384,179,1.35
51,16384,204,1.35
51,16384,230,1.35
51,16384,255,1.35
51,18204,0,1.93
51,18204,26,1.93
51,18204,51,1.93
51,18204,77,1.93
51,18204,102,1.93
51,18204,128,1.5
51,18204,153,1.5
51,18204,179,1.5
51,18204,204,1.5
51,18204,230,1.5
51,18204,255,1.5
51,20024,0,1.35
51,20024,26,1.35
51,20024,51,1.35
51,20024,77,1.5
51,20024,102,1.5
51,20024,128,1.5
51,20024,153,1.5
51,20024,179,1.5
51,20024,204,1.5
51,20024,230,1.28
51,20024,255,1.28
51,21845,0,1.28
51,21845,26,1.28
51,21845,51,1.28
51,21845,77,1.64
51,21845,102,1.64
51,21845,128,1.64
51,21845,153,1.64
51,21845,179,1.64
51,21845,204,1.28
51,21845,230,1.28
51,21845,255,1.28
51,23665,0,1.28
51,23665,26,1.93
51,23665,51,1.93
51,23665,77,1.93
51,23665,102,1.93
51,23665,128,1.93
51,23665,153,1.35
51,23665,179,1.35
51,23665,204,1.35
51,23665,230,1.35
51,23665,255,1.35
51,25486,0,1.28
51,25486,26,1.28
51,25486,51,1.28
51,25486,77,1.28
51,25486,102,1.43
51,25486,128,1.43
51,25486,153,1.43
51,25486,179,1.43
51,25486,204,1.43
51,25486,230,1.35
51,25486,255,1.35
51,27306,0,1.35
51,27306,26,1.35
51,27306,51,1.35
51,27306,77,1.71
51,27306,102,1.71
51,27306,128,1.71
51,27306,153,1.71
51,27306,179,1.35
51,27306,204,1.35
51,27306,230,1.35
51,27306,255,1.35
51,29126,0,1.35
51,29126,26,1.93
51,29126,51,1.93
51,29126,77,1.93
51,29126,102,1.93
51,29126,128,1.93
51,29126,153,1.43
51,29126,179,1.43
51,29126,204,1.43
51,29126,230,1.43
51,29126,255,1.43
51,30947,0,1.35
51,30947,26,1.35
51,30947,51,1.35
51,30947,77,1.35
51,30947,102,1.43
51,30947,128,1.43
51,30947,153,1.43
51,30947,179,1.43
51,30947,204,1.43
51,30947,230,1.35
51,30947,255,1.35
51,32767,0,1.35
51,32767,26,1.35
51,32767,51,1.35
51,32767,77,1.71
51,32767,102,1.71
51,32767,128,1.71
51,32767,153,1.71
51,32767,179,1.71
51,32767,204,1.43
51,32767,230,1.43
51,32767,255,1.43
51,34588,0,1.43
51,34588,26,2.0
51,34588,51,2.0
51,34588,77,2.0
51,34588,102,2.0
51,34588,128,2.0
51,34588,153,1.5
51,34588,179,1.5
51,34588,204,1.5
51,34588,230,1.5
51,34588,255,1.5
51,36408,0,1.5
51,36408,26,1.5
51,36408,51,1.5
51,36408,77,1.5
51,36408,102,1.64
51,36408,128,1.64
51,36408,153,1.64
51,36408,179,1.64
51,36408,204,1.64
51,36408,230,1.5
51,36408,255,1.5
51,38228,0,1.5
51,38228,26,1.5
51,38228,51,1.5
51,38228,77,2.14
51,38228,102,2.14
51,38228,128,2.14
51,38228,153,2.14
51,38228,179,2.14
51,38228,204,2.14
51,38228,230,1.5
51,38228,255,1.5
51,40049,0,1.5
51,40049,26,1.93
51,40049,51,1.93
51,40049,77,1.93
51,40049,102,1.93
51,40049,128,1.93
51,40049,153,1.5
51,40049,179,1.5
51,40049,204,1.5
51,40049,230,1.5
51,40049,255,1.5
51,41869,0,1.5
51,41869,26,1.28
51,41869,51,1.28
51,41869,77,1.28
51,41869,102,1.57
51,41869,128,1.57
51,41869,153,1.57
51,41869,179,1.57
51,41869,204,1.57
51,41869,230,1.57
51,41869,255,1.35
51,43690,0,1.35
51,43690,26,1.35
51,43690,51,1.35
51,43690,77,1.35
51,43690,102,1.64
51,43690,128,1.64
51,43690,153,1.64
51,43690,179,1.64
51,43690,204,1.64
51,43690,230,1.35
51,43690,255,1.35
51,45510,0,1.35
51,45510,26,1.35
51,45510,51,2.07
51,45510,77,2.07
51,45510,102,2.07
51,45510,128,2.07
51,45510,153,2.07
51,45510,179,1.43
51,45510,204,1.43
51,45510,230,1.43
51,45510,255,1.43
51,47330,0,1.43
51,47330,26,2.0
51,47330,51,2.0
51,47330,77,2.0
51,47330,102,2.0
51,47330,128,1.57
51,47330,153,1.57
51,47330,179,1.57
51,47330,204,1.57
51,47330,230,1.57
51,47330,255,1.35
51,49151,0,1.35
51,49151,26,1.35
51,49151,51,1.35
51,49151,77,1.35
51,49151,102,1.78
51,49151,128,1.78
51,49151,153,1.78
51,49151,179,1.78
51,49151,204,1.78
51,49151,230,1.5
51,49151,255,1.5
51,50971,0,1.5
51,50971,26,1.5
51,50971,51,1.93
51,50971,77,1.93
51,50971,102,1.93
51,50971,128,1.93
51,50971,153,1.93
51,50971,179,1.5
51,50971,204,1.5
51,50971,230,1.5
51,50971,255,1.5
51,52792,0,1.5
51,52792,26,1.93
51,52792,51,1.93
51,52792,77,1.93
51,52792,102,1.93
51,52792,128,1.93
51,52792,153,1.5
51,52792,179,1.5
51,52792,204,1.5
51,52792,230,1.5
51,52792,255,1.5
51,54612,0,1.5
51,54612,26,1.5
51,54612,51,1.5
51,54612,77,1.5
51,54612,102,1.5
51,54612,128,1.5
51,54612,153,1.5
51,54612,179,1.5
51,54612,204,1.5
51,54612,230,1.43
51,54612,255,1.43
51,56432,0,1.43
51,56432,26,1.43
51,56432,51,1.64
51,56432,77,1.64
51,56432,102,1.64
51,56432,128,1.64
51,56432,153,1.64
51,56432,179,1.43
51,56432,204,1.43
51,56432,230,1.43
51,56432,255,1.43
51,58253,0,1.43
51,58253,26,1.93
51,58253,51,1.93
51,58253,77,1.93
51,58253,102,1.93
51,58253,128,1.93
51,58253,153,1.43
51,58253,179,1.43
51,58253,204,1.43
51,58253,230,1.43
51,58253,255,1.35
51,60073,0,1.35
51,60073,26,1.35
51,60073,51,1.35
51,60073,77,1.35
51,60073,102,1.43
51,60073,128,1.43
51,60073,153,1.43
51,60073,179,1.43
51,60073,204,1.43
51,60073,230,1.43
51,60073,255,1.35
51,61894,0,1.35
51,61894,26,1.35
51,61894,51,1.64
51,61894,77,1.64
51,61894,102,1.64
51,61894,128,1.64
51,61894,153,1.64
51,61894,179,1.35
51,61894,204,1.35
51,61894,230,1.35
51,61894,255,1.35
51,63714,0,1.35
51,63714,26,1.35
51,63714,51,1.85
51,63714,77,1.85
51,63714,102,1.85
51,63714,128,1.85
51,63714,153,1.85
51,63714,179,1.35
51,63714,204,1.35
51,63714,230,1.35
51,63714,255,1.35
51,65534,0,1.28
51,65534,26,1.28
51,65534,51,1.28
51,65534,77,1.28
51,65534,102,1.28
51,65534,128,1.43
51,65534,153,1.43
51,65534,179,1.43
51,65534,204,1.43
51,65534,230,1.43
51,65534,255,1.28
61,0,0,1.28
61,0,26,1.28
61,0,51,1.28
61,0,77,1.78
61,0,102,1.78
61,0,128,1.78
61,0,153,1.78
61,0,179,1.78
61,0,204,1.43
61,0,230,1.43
61,0,255,1.43
61,1820,0,1.43
61,1820,26,1.43
61,1820,51,2.43
61,1820,77,2.43
61,1820,102,2.43
61,1820,128,2.43
61,1820,153,2.43
61,1820,179,1.5
61,1820,204,1.5
61,1820,230,1.5
61,1820,255,1.5
61,3641,0,1.35
61,3641,26,1.35
61,3641,51,1.35
61,3641,77,1.35
61,3641,102,1.35
61,3641,128,2.0
61,3641,153,2.0
61,3641,179,2.0
61,3641,204,2.0
61,3641,230,2.0
61,3641,255,1.43
61,5461,0,1.43
61,5461,26,1.43
61,5461,51,1.43
61,5461,77,1.43
61,5461,102,2.57
61,5461,128,2.57
61,5461,153,2.57
61,5461,179,2.57
61,5461,204,2.0
61,5461,230,2.0
61,5461,255,2.0
61,7282,0,2.0
61,7282,26,2.0
61,7282,51,2.43
61,7282,77,2.43
61,7282,102,2.43
61,7282,128,2.43
61,7282,153,2.43
61,7282,179,2.28
61,7282,204,2.28
61,7282,230,2.28
61,7282,255,2.28
61,9102,0,2.28
61,9102,26,2.28
61,9102,51,2.28
61,9102,77,2.28
61,9102,102,2.28
61,9102,128,2.28
61,9102,153,2.28
61,9102,179,2.28
61,9102,204,2.28
61,9102,230,2.28
61,9102,255,1.64
61,10922,0,1.64
61,10922,26,1.64
61,10922,51,1.64
61,10922,77,1.64
61,10922,102,2.07
61,10922,128,2.07
61,10922,153,2.07
61,10922,179,2.07
61,10922,204,1.64
61,10922,230,1.64
61,10922,255,1.64
61,12743,0,1.64
61,12743,26,1.64
61,12743,51,2.57
61,12743,77,2.57
61,12743,102,2.57
61,12743,128,2.57
61,12743,153,2.57
61,12743,179,1.64
61,12743,204,1.64
61,12743,230,1.64
61,12743,255,1.64
61,14563,0,2.28
61,14563,26,2.28
61,14563,51,2.28
61,14563,77,2.28
61,14563,102,2.28
61,14563,128,1.64
61,14563,153,1.64
61,14563,179,1.64
61,14563,204,1.64
61,14563,230,1.64
61,14563,255,1.5
61,16384,0,1.5
61,16384,26,1.5
61,16384,51,1.5
61,16384,77,1.5
61,16384,102,1.78
61,16384,128,1.78
61,16384,153,1.78
61,16384,179,1.78
61,16384,204,1.5
61,16384,230,1.5
61,16384,255,1.5
61,18204,0,1.5
61,18204,26,1.5
61,18204,51,2.28
61,18204,77,2.28
61,18204,102,2.28
61,18204,128,2.28
61,18204,153,2.28
61,18204,179,2.28
61,18204,204,1.5
61,18204,230,1.5
61,18204,255,1.5
61,20024,0,2.28
61,20024,26,2.28
61,20024,51,2.28
61,20024,77,2.28
61,20024,102,2.28
61,20024,128,2.28
61,20024,153,1.5
61,20024,179,1.5
61,20024,204,1.5
61,20024,230,1.5
61,20024,255,1.5
61,21845,0,1.43
61,21845,26,1.43
61,21845,51,1.43
61,21845,77,1.43
61,21845,102,1.43
61,21845,128,1.57
61,21845,153,1.57
61,21845,179,1.57
61,21845,204,1.57
61,21845,230,1.43
61,21845,255,1.43
61,23665,0,1.43
61,23665,26,1.43
61,23665,51,1.43
61,23665,77,1.85
61,23665,102,1.85
61,23665,128,1.85
61,23665,153,1.85
61,23665,179,1.85
61,23665,204,1.43
61,23665,230,1.43
61,23665,255,1.43
61,25486,0,1.43
61,25486,26,2.21
61,25486,51,2.21
61,25486,77,2.21
61,25486,102,2.21
61,25486,128,2.21
61,25486,153,1.43
61,25486,179,1.43
61,25486,204,1.43
61,25486,230,1.43
61,25486,255,1.43
61,27306,0,1.35
61,27306,26,1.35
61,27306,51,1.35
61,27306,77,1.35
61,27306,102,1.57
61,27306,128,1.57
61,27306,153,1.57
61,27306,179,1.57
61,27306,204,1.57
61,27306,230,1.43
61,27306,255,1.43
61,29126,0,1.43
61,29126,26,1.43
61,29126,51,1.43
61,29126,77,1.93
61,29126,102,1.93
61,29126,128,1.93
61,29126,153,1.93
61,29126,179,1.93
61,29126,204,1.5
61,29126,230,1.5
61,29126,255,1.5
61,30947,0,1.5
61,30947,26,2.36
61,30947,51,2.36
61,30947,77,2.36
61,30947,102,2.36
61,30947,128,2.36
61,30947,153,1.57
61,30947,179,1.57
61,30947,204,1.57
61,30947,230,1.57
61,30947,255,1.57
61,32767,0,1.57
61,32767,26,1.5
61,32767,51,1.5
61,32767,77,1.5
61,32767,102,1.64
61,32767,128,1.64
61,32767,153,1.64
61,32767,179,1.64
61,32767,204,1.64
61,32767,230,1.57
61,32767,255,1.57
61,34588,0,1.57
61,34588,26,1.57
61,34588,51,1.57
61,34588,77,1.85
61,34588,102,1.85
61,34588,128,1.85
61,34588,153,1.85
61,34588,179,1.85
61,34588,204,1.85
61,34588,230,1.57
61,34588,255,1.57
61,36408,0,1.57
61,36408,26,2.28
61,36408,51,2.28
61,36408,77,2.28
61,36408,102,2.28
61,36408,128,2.28
61,36408,153,1.71
61,36408,179,1.71
61,36408,204,1.71
61,36408,230,1.71
61,36408,255,1.71
61,38228,0,1.71
61,38228,26,2.21
61,38228,51,2.21
61,38228,77,2.21
61,38228,102,2.21
61,38228,128,2.21
61,38228,153,2.0
61,38228,179,2.0
61,38228,204,2.0
61,38228,230,2.0
61,38228,255,1.57
61,40049,0,1.57
61,40049,26,1.57
61,40049,51,1.57
61,40049,77,1.57
61,40049,102,2.07
61,40049,128,2.07
61,40049,153,2.07
61,40049,179,2.07
61,40049,204,2.07
61,40049,230,1.5
61,40049,255,1.5
61,41869,0,1.5
61,41869,26,1.5
61,41869,51,2.28
61,41869,77,2.28
61,41869,102,2.28
61,41869,128,2.28
61,41869,153,2.28
61,41869,179,1.57
61,41869,204,1.57
61,41869,230,1.57
61,41869,255,1.57
61,43690,0,1.57
61,43690,26,2.28
61,43690,51,2.28
61,43690,77,2.28
61,43690,102,2.28
61,43690,128,1.57
61,43690,153,1.57
61,43690,179,1.57
61,43690,204,1.57
61,43690,230,1.57
61,43690,255,1.43
61,45510,0,1.43
61,45510,26,1.43
61,45510,51,1.43
61,45510,77,1.43
61,45510,102,2.0
61,45510,128,2.0
61,45510,153,2.0
61,45510,179,2.0
61,45510,204,2.0
61,45510,230,1.5
61,45510,255,1.5
61,47330,0,1.5
61,47330,26,1.5
61,47330,51,2.36
61,47330,77,2.36
61,47330,102,2.36
61,47330,128,2.36
61,47330,153,2.36
61,47330,179,1.57
61,47330,204,1.57
61,47330,230,1.57
61,47330,255,1.57
61,49151,0,1.57
61,49151,26,2.21
61,49151,51,2.21
61,49151,77,2.21
61,49151,102,2.21
61,49151,128,2.21
61,49151,153,1.78
61,49151,179,1.78
61,49151,204,1.78
61,49151,230,1.78
61,49151,255,1.57
61,50971,0,1.57
61,50971,26,1.57
61,50971,51,1.57
61,50971,77,1.57
61,50971,102,1.78
61,50971,128,1.78
61,50971,153,1.78
61,50971,179,1.78
61,50971,204,1.78
61,50971,230,1.78
61,50971,255,1.71
61,52792,0,1.71
61,52792,26,1.71
61,52792,51,2.0
61,52792,77,2.0
61,52792,102,2.0
61,52792,128,2.0
61,52792,153,2.0
61,52792,179,1.64
61,52792,204,1.64
61,52792,230,1.64
61,52792,255,1.64
61,54612,0,1.64
61,54612,26,1.64
61,54612,51,2.21
61,54612,77,2.21
61,54612,102,2.21
61,54612,128,2.21
61,54612,153,2.21
61,54612,179,1.57
61,54612,204,1.57
61,54612,230,1.57
61,54612,255,1.57
61,56432,0,1.57
61,56432,26,1.57
61,56432,51,1.57
61,56432,77,1.57
61,56432,102,1.57
61,56432,128,1.64
61,56432,153,1.64
61,56432,179,1.64
61,56432,204,1.64
61,56432,230,1.64
61,56432,255,1.5
61,58253,0,1.5
61,58253,26,1.5
61,58253,51,1.5
61,58253,77,1.85
61,58253,102,1.85
61,58253,128,1.85
61,58253,153,1.85
61,58253,179,1.85
61,58253,204,1.5
61,58253,230,1.5
61,58253,255,1.5
61,60073,0,1.5
61,60073,26,1.5
61,60073,51,2.21
61,60073,77,2.21
61,60073,102,2.21
61,60073,128,2.21
61,60073,153,2.21
61,60073,179,1.5
61,60073,204,1.5
61,60073,230,1.5
61,60073,255,1.5
61,61894,0,1.64
61,61894,26,1.64
61,61894,51,1.64
61,61894,77,1.64
61,61894,102,1.64
61,61894,128,1.57
61,61894,153,1.57
61,61894,179,1.57
61,61894,204,1.57
61,61894,230,1.57
61,61894,255,1.43
61,63714,0,1.43
61,63714,26,1.43
61,63714,51,1.43
61,63714,77,1.64
61,63714,102,1.64
61,63714,128,1.64
61,63714,153,1.64
61,63714,179,1.64
61,63714,204,1.43
61,63714,230,1.43
61,63714,255,1.43
61,65534,0,1.43
61,65534,26,1.43
61,65534,51,2.21
61,65534,77,2.21
61,65534,102,2.21
61,65534,128,2.21
61,65534,153,1.43
61,65534,179,1.43
61,65534,204,1.43
61,65534,230,1.43
61,65534,255,1.43
71,0,0,2.5
71,0,26,2.5
71,0,51,2.5
71,0,77,2.5
71,0,102,2.5
71,0,128,1.57
71,0,153,1.57
71,0,179,1.57
71,0,204,1.57
71,0,230,1.57
71,0,255,1.57
71,1820,0,1.5
71,1820,26,1.5
71,1820,51,1.5
71,1820,77,1.5
71,1820,102,2.0
71,1820,128,2.0
71,1820,153,2.0
71,1820,179,2.0
71,1820,204,2.0
71,1820,230,1.57
71,1820,255,1.57
71,3641,0,1.57
71,3641,26,1.57
71,3641,51,1.57
71,3641,77,2.78
71,3641,102,2.78
71,3641,128,2.78
71,3641,153,2.78
71,3641,179,1.85
71,3641,204,1.85
71,3641,230,1.85
71,3641,255,1.85
71,5461,0,1.85
71,5461,26,2.5
71,5461,51,2.5
71,5461,77,2.5
71,5461,102,2.5
71,5461,128,2.5
71,5461,153,2.71
71,5461,179,2.71
71,5461,204,2.71
71,5461,230,2.71
71,5461,255,1.57
71,7282,0,1.57
71,7282,26,1.57
71,7282,51,1.57
71,7282,77,1.57
71,7282,102,2.78
71,7282,128,2.78
71,7282,153,2.78
71,7282,179,2.78
71,7282,204,2.78
71,7282,230,1.71
71,7282,255,1.71
71,9102,0,1.71
71,9102,26,1.71
71,9102,51,1.71
71,9102,77,2.78
71,9102,102,2.78
71,9102,128,2.78
71,9102,153,2.78
71,9102,179,2.07
71,9102,204,2.07
71,9102,230,2.07
71,9102,255,2.07
71,10922,0,2.07
71,10922,26,2.5
71,10922,51,2.5
71,10922,77,2.5
71,10922,102,2.5
71,10922,128,2.5
71,10922,153,2.07
71,10922,179,2.07
71,10922,204,2.07
71,10922,230,2.07
71,10922,255,2.07
71,12743,0,1.85
71,12743,26,1.85
71,12743,51,1.85
71,12743,77,1.85
71,12743,102,2.07
71,12743,128,2.07
71,12743,153,2.07
71,12743,179,2.07
71,12743,204,2.07
71,12743,230,1.78
71,12743,255,1.78
71,14563,0,1.78
71,14563,26,1.78
71,14563,51,1.78
71,14563,77,1.78
71,14563,102,2.36
71,14563,128,2.36
71,14563,153,2.36
71,14563,179,1.71
71,14563,204,1.71
71,14563,230,1.71
71,14563,255,1.71
71,16384,0,1.71
71,16384,26,2.78
71,16384,51,2.78
71,16384,77,2.78
71,16384,102,2.78
71,16384,128,2.78
71,16384,153,2.78
71,16384,179,1.71
71,16384,204,1.71
71,16384,230,1.71
71,16384,255,1.57
71,18204,0,1.57
71,18204,26,1.57
71,18204,51,1.57
71,18204,77,1.57
71,18204,102,1.57
71,18204,128,1.78
71,18204,153,1.78
71,18204,179,1.78
71,18204,204,1.78
71,18204,230,1.78
71,18204,255,1.5
71,20024,0,1.5
71,20024,26,1.5
71,20024,51,1.5
71,20024,77,1.5
71,20024,102,1.93
71,20024,128,1.93
71,20024,153,1.93
71,20024,179,1.93
71,20024,204,1.57
71,20024,230,1.57
71,20024,255,1.57
71,21845,0,1.57
71,21845,26,1.57
71,21845,51,2.57
71,21845,77,2.57
71,21845,102,2.57
71,21845,128,2.57
71,21845,153,2.57
71,21845,179,1.57
71,21845,204,1.57
71,21845,230,1.57
71,21845,255,1.57
71,23665,0,2.57
71,23665,26,2.57
71,23665,51,2.57
71,23665,77,2.57
71,23665,102,2.57
71,23665,128,1.71
71,23665,153,1.71
71,23665,179,1.71
71,23665,204,1.71
71,23665,230,1.71
71,23665,255,1.5
71,25486,0,1.5
71,25486,26,1.5
71,25486,51,1.5
71,25486,77,1.5
71,25486,102,1.85
71,25486,128,1.85
71,25486,153,1.85
71,25486,179,1.85
71,25486,204,1.57
71,25486,230,1.57
71,25486,255,1.57
71,27306,0,1.57
71,27306,26,1.57
71,27306,51,2.64
71,27306,77,2.64
71,27306,102,2.64
71,27306,128,2.64
71,27306,153,2.64
71,27306,179,1.57
71,27306,204,1.57
71,27306,230,1.57
71,27306,255,1.57
71,29126,0,2.5
71,29126,26,2.5
71,29126,51,2.5
71,29126,77,2.5
71,29126,102,2.5
71,29126,128,1.71
71,29126,153,1.71
71,29126,179,1.71
71,29126,204,1.71
71,29126,230,1.71
71,29126,255,1.64
71,30947,0,1.64
71,30947,26,1.64
71,30947,51,1.64
71,30947,77,2.0
71,30947,102,2.0
71,30947,128,2.0
71,30947,153,2.0
71,30947,179,2.0
71,30947,204,1.64
71,30947,230,1.64
71,30947,255,1.64
71,32767,0,1.64
71,32767,26,1.64
71,32767,51,1.64
71,32767,77,2.28
71,32767,102,2.28
71,32767,128,2.28
71,32767,153,2.28
71,32767,179,2.28
71,32767,204,1.71
71,32767,230,1.71
71,32767,255,1.71
71,34588,0,1.71
71,34588,26,2.5
71,34588,51,2.5
71,34588,77,2.5
71,34588,102,2.5
71,34588,128,2.5
71,34588,153,1.78
71,34588,179,1.78
71,34588,204,1.78
71,34588,230,1.78
71,34588,255,1.78
71,36408,0,1.78
71,36408,26,1.78
71,36408,51,1.78
71,36408,77,1.78
71,36408,102,2.28
71,36408,128,2.28
71,36408,153,2.28
71,36408,179,2.28
71,36408,204,2.28
71,36408,230,1.93
71,36408,255,1.93
71,38228,0,1.93
71,38228,26,1.93
71,38228,51,1.93
71,38228,77,2.71
71,38228,102,2.71
71,38228,128,2.71
71,38228,153,2.71
71,38228,179,1.85
71,38228,204,1.85
71,38228,230,1.85
71,38228,255,1.85
71,40049,0,1.85
71,40049,26,2.5
71,40049,51,2.5
71,40049,77,2.5
71,40049,102,2.5
71,40049,128,2.5
71,40049,153,1.93
71,40049,179,1.93
71,40049,204,1.93
71,40049,230,1.93
71,40049,255,1.93
71,41869,0,1.57
71,41869,26,1.57
71,41869,51,1.57
71,41869,77,1.57
71,41869,102,2.0
71,41869,128,2.0
71,41869,153,2.0
71,41869,179,2.0
71,41869,204,2.0
71,41869,230,1.57
71,41869,255,1.57
71,43690,0,1.57
71,43690,26,1.57
71,43690,51,1.57
71,43690,77,2.57
71,43690,102,2.57
71,43690,128,2.57
71,43690,153,2.57
71,43690,179,1.57
71,43690,204,1.57
71,43690,230,1.57
71,43690,255,1.57
71,45510,0,1.57
71,45510,26,2.71
71,45510,51,2.71
71,45510,77,2.71
71,45510,102,2.71
71,45510,128,2.71
71,45510,153,2.71
71,45510,179,1.78
71,45510,204,1.78
71,45510,230,1.78
71,45510,255,1.5
71,47330,0,1.5
71,47330,26,1.5
71,47330,51,1.5
71,47330,77,1.5
71,47330,102,1.5
71,47330,128,2.07
71,47330,153,2.07
71,47330,179,2.07
71,47330,204,2.07
71,47330,230,2.07
71,47330,255,1.64
71,49151,0,1.64
71,49151,26,1.64
71,49151,51,1.64
71,49151,77,1.64
71,49151,102,2.36
71,49151,128,2.36
71,49151,153,2.36
71,49151,179,2.36
71,49151,204,1.85
71,49151,230,1.85
71,49151,255,1.85
71,50971,0,1.85
71,50971,26,1.85
71,50971,51,2.71
71,50971,77,2.71
71,50971,102,2.71
71,50971,128,2.71
71,50971,153,2.71
71,50971,179,1.93
71,50971,204,1.93
71,50971,230,1.93
71,50971,255,1.93
71,52792,0,2.5
71,52792,26,2.5
71,52792,51,2.5
71,52792,77,2.5
71,52792,102,2.5
71,52792,128,1.93
71,52792,153,1.93
71,52792,179,1.93
71,52792,204,1.93
71,52792,230,1.93
71,52792,255,1.85
71,54612,0,1.85
71,54612,26,1.85
71,54612,51,1.85
71,54612,77,1.85
71,54612,102,2.0
71,54612,128,2.0
71,54612,153,2.0
71,54612,179,2.0
71,54612,204,1.71
71,54612,230,1.71
71,54612,255,1.71
71,56432,0,1.71
71,56432,26,1.71
71,56432,51,2.5
71,56432,77,2.5
71,56432,102,2.5
71,56432,128,2.5
71,56432,153,2.5
71,56432,179,1.71
71,56432,204,1.71
71,56432,230,1.71
71,56432,255,1.71
71,58253,0,2.5
71,58253,26,2.5
71,58253,51,2.5
71,58253,77,2.5
71,58253,102,2.5
71,58253,128,1.71
71,58253,153,1.71
71,58253,179,1.71
71,58253,204,1.71
71,58253,230,1.71
71,58253,255,1.71
71,60073,0,1.64
71,60073,26,1.64
71,60073,51,1.64
71,60073,77,1.64
71,60073,102,1.64
71,60073,128,1.85
71,60073,153,1.85
71,60073,179,1.85
71,60073,204,1.85
71,60073,230,1.64
71,60073,255,1.64
71,61894,0,1.64
71,61894,26,1.64
71,61894,51,1.64
71,61894,77,2.07
71,61894,102,2.07
71,61894,128,2.07
71,61894,153,2.07
71,61894,179,2.07
71,61894,204,1.57
71,61894,230,1.57
71,61894,255,1.57
71,63714,0,1.57
71,63714,26,2.5
71,63714,51,2.5
71,63714,77,2.5
71,63714,102,2.5
71,63714,128,2.5
71,63714,153,1.64
71,63714,179,1.64
71,63714,204,1.64
71,63714,230,1.64
71,63714,255,1.64
71,65534,0,1.5
71,65534,26,1.5
71,65534,51,1.5
71,65534,77,1.5
71,65534,102,1.71
71,65534,128,1.71
71,65534,153,1.71
71,65534,179,1.71
71,65534,204,1.71
71,65534,230,1.57
71,65534,255,1.57
81,0,0,1.57
81,0,26,1.57
81,0,51,1.57
81,0,77,2.21
81,0,102,2.21
81,0,128,2.21
81,0,153,2.21
81,0,179,2.21
81,0,204,1.71
81,0,230,1.71
81,0,255,1.71
81,1820,0,1.71
81,1820,26,3.07
81,1820,51,3.07
81,1820,77,3.07
81,1820,102,3.07
81,1820,128,3.07
81,1820,153,1.93
81,1820,179,1.93
81,1820,204,1.93
81,1820,230,1.93
81,1820,255,1.93
81,3641,0,1.64
81,3641,26,1.64
81,3641,51,1.64
81,3641,77,1.64
81,3641,102,2.5
81,3641,128,2.5
81,3641,153,2.5
81,3641,179,2.5
81,3641,204,2.5
81,3641,230,1.71
81,3641,255,1.71
81,5461,0,1.71
81,5461,26,1.71
81,5461,51,1.71
81,5461,77,1.71
81,5461,102,3.29
81,5461,128,3.29
81,5461,153,3.29
81,5461,179,2.57
81,5461,204,2.57
81,5461,230,2.57
81,5461,255,2.57
81,7282,0,2.57
81,7282,26,3.14
81,7282,51,3.14
81,7282,77,3.14
81,7282,102,3.14
81,7282,128,3.14
81,7282,153,3.14
81,7282,179,2.78
81,7282,204,2.78
81,7282,230,2.78
81,7282,255,2.78
81,9102,0,2.78
81,9102,26,1.85
81,9102,51,1.85
81,9102,77,1.85
81,9102,102,1.85
81,9102,128,2.78
81,9102,153,2.78
81,9102,179,2.78
81,9102,204,2.78
81,9102,230,2.78
81,9102,255,2.07
81,10922,0,2.07
81,10922,26,2.07
81,10922,51,2.07
81,10922,77,2.07
81,10922,102,2.64
81,10922,128,2.64
81,10922,153,2.64
81,10922,179,2.64
81,10922,204,2.07
81,10922,230,2.07
81,10922,255,2.07
81,12743,0,2.07
81,12743,26,2.07
81,12743,51,3.21
81,12743,77,3.21
81,12743,102,3.21
81,12743,128,3.21
81,12743,153,3.21
81,12743,179,2.07
81,12743,204,2.07
81,12743,230,2.07
81,12743,255,2.07
81,14563,0,2.07
81,14563,26,2.71
81,14563,51,2.71
81,14563,77,2.71
81,14563,102,2.71
81,14563,128,2.0
81,14563,153,2.0
81,14563,179,2.0
81,14563,204,2.0
81,14563,230,2.0
81,14563,255,1.78
81,16384,0,1.78
81,16384,26,1.78
81,16384,51,1.78
81,16384,77,1.78
81,16384,102,2.21
81,16384,128,2.21
81,16384,153,2.21
81,16384,179,2.21
81,16384,204,1.78
81,16384,230,1.78
81,16384,255,1.78
81,18204,0,1.78
81,18204,26,1.78
81,18204,51,2.36
81,18204,77,2.36
81,18204,102,2.36
81,18204,128,2.36
81,18204,153,2.36
81,18204,179,1.78
81,18204,204,1.78
81,18204,230,1.78
81,18204,255,1.78
81,20024,0,1.78
81,20024,26,2.78
81,20024,51,2.78
81,20024,77,2.78
81,20024,102,2.78
81,20024,128,1.78
81,20024,153,1.78
81,20024,179,1.78
81,20024,204,1.78
81,20024,230,1.78
81,20024,255,1.64
81,21845,0,1.64
81,21845,26,1.64
81,21845,51,1.64
81,21845,77,1.64
81,21845,102,1.64
81,21845,128,2.0
81,21845,153,2.0
81,21845,179,2.0
81,21845,204,1.64
81,21845,230,1.64
81,21845,255,1.64
81,23665,0,1.64
81,23665,26,1.64
81,23665,51,1.64
81,23665,77,2.36
81,23665,102,2.36
81,23665,128,2.36
81,23665,153,2.36
81,23665,179,2.36
81,23665,204,1.64
81,23665,230,1.64
81,23665,255,1.64
81,25486,0,1.64
81,25486,26,1.64
81,25486,51,2.71
81,25486,77,2.71
81,25486,102,2.71
81,25486,128,2.71
81,25486,153,1.78
81,25486,179,1.78
81,25486,204,1.78
81,25486,230,1.78
81,25486,255,1.78
81,27306,0,1.64
81,27306,26,1.64
81,27306,51,1.64
81,27306,77,1.64
81,27306,102,1.64
81,27306,128,1.93
81,27306,153,1.93
81,27306,179,1.93
81,27306,204,1.93
81,27306,230,1.71
81,27306,255,1.71
81,29126,0,1.71
81,29126,26,1.71
81,29126,51,1.71
81,29126,77,2.43
81,29126,102,2.43
81,29126,128,2.43
81,29126,153,2.43
81,29126,179,2.43
81,29126,204,1.78
81,29126,230,1.78
81,29126,255,1.78
81,30947,0,1.78
81,30947,26,1.78
81,30947,51,3.0
81,30947,77,3.0
81,30947,102,3.0
81,30947,128,3.0
81,30947,153,1.93
81,30947,179,1.93
81,30947,204,1.93
81,30947,230,1.93
81,30947,255,1.93
81,32767,0,1.78
81,32767,26,1.78
81,32767,51,1.78
81,32767,77,1.78
81,32767,102,1.78
81,32767,128,2.07
81,32767,153,2.07
81,32767,179,2.07
81,32767,204,2.07
81,32767,230,1.85
81,32767,255,1.85
81,34588,0,1.85
81,34588,26,1.85
81,34588,51,1.85
81,34588,77,2.36
81,34588,102,2.36
81,34588,128,2.36
81,34588,153,2.36
81,34588,179,2.36
81,34588,204,2.36
81,34588,230,2.0
81,34588,255,2.0
81,36408,0,2.0
81,36408,26,2.78
81,36408,51,2.78
81,36408,77,2.78
81,36408,102,2.78
81,36408,128,2.78
81,36408,153,2.78
81,36408,179,2.14
81,36408,204,2.14
81,36408,230,2.14
81,36408,255,2.14
81,38228,0,2.14
81,38228,26,2.78
81,38228,51,2.78
81,38228,77,2.78
81,38228,102,2.78
81,38228,128,2.5
81,38228,153,2.5
81,38228,179,2.5
81,38228,204,2.5
81,38228,230,2.5
81,38228,255,1.93
81,40049,0,1.93
81,40049,26,1.93
81,40049,51,1.93
81,40049,77,1.93
81,40049,102,2.64
81,40049,128,2.64
81,40049,153,2.64
81,40049,179,2.64
81,40049,204,2.64
81,40049,230,1.78
81,40049,255,1.78
81,41869,0,1.78
81,41869,26,1.78
81,41869,51,2.86
81,41869,77,2.86
81,41869,102,2.86
81,41869,128,2.86
81,41869,153,2.86
81,41869,179,1.85
81,41869,204,1.85
81,41869,230,1.85
81,41869,255,1.85
81,43690,0,1.85
81,43690,26,2.71
81,43690,51,2.71
81,43690,77,2.71
81,43690,102,2.71
81,43690,128,1.93
81,43690,153,1.93
81,43690,179,1.93
81,43690,204,1.93
81,43690,230,1.93
81,43690,255,1.64
81,45510,0,1.64
81,45510,26,1.64
81,45510,51,1.64
81,45510,77,1.64
81,45510,102,2.5
81,45510,128,2.5
81,45510,153,2.5
81,45510,179,2.5
81,45510,204,2.5
81,45510,230,1.71
81,45510,255,1.71
81,47330,0,1.71
81,47330,26,1.71
81,47330,51,3.0
81,47330,77,3.0
81,47330,102,3.0
81,47330,128,3.0
81,47330,153,3.0
81,47330,179,1.93
81,47330,204,1.93
81,47330,230,1.93
81,47330,255,1.93
81,49151,0,1.93
81,49151,26,1.93
81,49151,51,2.78
81,49151,77,2.78
81,49151,102,2.78
81,49151,128,2.28
81,49151,153,2.28
81,49151,179,2.28
81,49151,204,2.28
81,49151,230,2.28
81,49151,255,2.28
81,50971,0,1.85
81,50971,26,1.85
81,50971,51,1.85
81,50971,77,1.85
81,50971,102,1.85
81,50971,128,2.28
81,50971,153,2.28
81,50971,179,2.28
81,50971,204,2.28
81,50971,230,2.28
81,50971,255,2.14
81,52792,0,2.14
81,52792,26,2.14
81,52792,51,2.14
81,52792,77,2.5
81,52792,102,2.5
81,52792,128,2.5
81,52792,153,2.5
81,52792,179,2.5
81,52792,204,2.0
81,52792,230,2.0
81,52792,255,2.0
81,54612,0,2.0
81,54612,26,2.0
81,54612,51,2.71
81,54612,77,2.71
81,54612,102,2.71
81,54612,128,2.71
81,54612,153,2.0
81,54612,179,2.0
81,54612,204,2.0
81,54612,230,2.0
81,54612,255,2.0
81,56432,0,1.85
81,56432,26,1.85
81,56432,51,1.85
81,56432,77,1.85
81,56432,102,1.85
81,56432,128,2.0
81,56432,153,2.0
81,56432,179,2.0
81,56432,204,2.0
81,56432,230,1.85
81,56432,255,1.85
81,58253,0,1.85
81,58253,26,1.85
81,58253,51,1.85
81,58253,77,2.36
81,58253,102,2.36
81,58253,128,2.36
81,58253,153,2.36
81,58253,179,2.36
81,58253,204,1.78
81,58253,230,1.78
81,58253,255,1.78
81,60073,0,1.78
81,60073,26,1.78
81,60073,51,2.71
81,60073,77,2.71
81,60073,102,2.71
81,60073,128,2.71
81,60073,153,1.78
81,60073,179,1.78
81,60073,204,1.78
81,60073,230,1.78
81,60073,255,1.78
81,61894,0,1.71
81,61894,26,1.71
81,61894,51,1.71
81,61894,77,1.71
81,61894,102,1.71
81,61894,128,1.93
81,61894,153,1.93
81,61894,179,1.93
81,61894,204,1.93
81,61894,230,1.93
81,61894,255,1.64
81,63714,0,1.64
81,63714,26,1.64
81,63714,51,1.64
81,63714,77,2.0
81,63714,102,2.0
81,63714,128,2.0
81,63714,153,2.0
81,63714,179,2.0
81,63714,204,1.71
81,63714,230,1.71
81,63714,255,1.71
81,65534,0,1.71
81,65534,26,1.71
81,65534,51,1.71
81,65534,77,2.64
81,65534,102,2.64
81,65534,128,2.64
81,65534,153,1.71
81,65534,179,1.71
81,65534,204,1.71
81,65534,230,1.71
81,65534,255,1.71
91,0,0,1.71
91,0,26,3.14
91,0,51,3.14
91,0,77,3.14
91,0,102,3.14
91,0,128,3.14
91,0,153,2.0
91,0,179,2.0
91,0,204,2.0
91,0,230,2.0
91,0,255,1.78
91,1820,0,1.78
91,1820,26,1.78
91,1820,51,1.78
91,1820,77,1.78
91,1820,102,2.5
91,1820,128,2.5
91,1820,153,2.5
91,1820,179,2.5
91,1820,204,2.5
91,1820,230,1.85
91,1820,255,1.85
91,3641,0,1.85
91,3641,26,1.85
91,3641,51,3.71
91,3641,77,3.71
91,3641,102,3.71
91,3641,128,3.71
91,3641,153,3.71
91,3641,179,2.28
91,3641,204,2.28
91,3641,230,2.28
91,3641,255,2.28
91,5461,0,2.28
91,5461,26,3.14
91,5461,51,3.14
91,5461,77,3.14
91,5461,102,3.14
91,5461,128,3.14
91,5461,153,3.57
91,5461,179,3.57
91,5461,204,3.57
91,5461,230,3.57
91,5461,255,1.93
91,7282,0,1.93
91,7282,26,1.93
91,7282,51,1.93
91,7282,77,1.93
91,7282,102,3.79
91,7282,128,3.79
91,7282,153,3.79
91,7282,179,3.79
91,7282,204,3.79
91,7282,230,2.14
91,7282,255,2.14
91,9102,0,2.14
91,9102,26,2.14
91,9102,51,3.79
91,9102,77,3.79
91,9102,102,3.79
91,9102,128,3.79
91,9102,153,3.79
91,9102,179,2.57
91,9102,204,2.57
91,9102,230,2.57
91,9102,255,2.57
91,10922,0,2.57
91,10922,26,3.14
91,10922,51,3.14
91,10922,77,3.14
91,10922,102,3.14
91,10922,128,2.57
91,10922,153,2.57
91,10922,179,2.57
91,10922,204,2.57
91,10922,230,2.57
91,10922,255,2.57
91,12743,0,2.28
91,12743,26,2.28
91,12743,51,2.28
91,12743,77,2.28
91,12743,102,2.28
91,12743,128,2.5
91,12743,153,2.5
91,12743,179,2.5
91,12743,204,2.5
91,12743,230,2.14
91,12743,255,2.14
91,14563,0,2.14
91,14563,26,2.14
91,14563,51,2.14
91,14563,77,2.86
91,14563,102,2.86
91,14563,128,2.86
91,14563,153,2.86
91,14563,179,2.86
91,14563,204,2.07
91,14563,230,2.07
91,14563,255,2.07
91,16384,0,2.07
91,16384,26,2.07
91,16384,51,3.71
91,16384,77,3.71
91,16384,102,3.71
91,16384,128,3.71
91,16384,153,2.07
91,16384,179,2.07
91,16384,204,2.07
91,16384,230,2.07
91,16384,255,2.07
91,18204,0,1.85
91,18204,26,1.85
91,18204,51,1.85
91,18204,77,1.85
91,18204,102,1.85
91,18204,128,2.14
91,18204,153,2.14
91,18204,179,2.14
91,18204,204,2.14
91,18204,230,1.78
91,18204,255,1.78
91,20024,0,1.78
91,20024,26,1.78
91,20024,51,1.78
91,20024,77,2.43
91,20024,102,2.43
91,20024,128,2.43
91,20024,153,2.43
91,20024,179,2.43
91,20024,204,1.85
91,20024,230,1.85
91,20024,255,1.85
91,21845,0,1.85
91,21845,26,1.85
91,21845,51,3.29
91,21845,77,3.29
91,21845,102,3.29
91,21845,128,3.29
91,21845,153,1.78
91,21845,179,1.78
91,21845,204,1.78
91,21845,230,1.78
91,21845,255,1.78
91,23665,0,3.07
91,23665,26,3.07
91,23665,51,3.07
91,23665,77,3.07
91,23665,102,3.07
91,23665,128,3.07
91,23665,153,2.0
91,23665,179,2.0
91,23665,204,2.0
91,23665,230,1.78
91,23665,255,1.78
91,25486,0,1.78
91,25486,26,1.78
91,25486,51,1.78
91,25486,77,2.28
91,25486,102,2.28
91,25486,128,2.28
91,25486,153,2.28
91,25486,179,2.28
91,25486,204,2.28
91,25486,230,1.85
91,25486,255,1.85
91,27306,0,1.85
91,27306,26,1.85
91,27306,51,1.85
91,27306,77,3.29
91,27306,102,3.29
91,27306,128,3.29
91,27306,153,3.29
91,27306,179,1.93
91,27306,204,1.93
91,27306,230,1.93
91,27306,255,1.93
91,29126,0,1.93
91,29126,26,3.14
91,29126,51,3.14
91,29126,77,3.14
91,29126,102,3.14
91,29126,128,3.14
91,29126,153,2.07
91,29126,179,2.07
91,29126,204,2.07
91,29126,230,2.07
91,29126,255,1.85
91,30947,0,1.85
91,30947,26,1.85
91,30947,51,1.85
91,30947,77,1.85
91,30947,102,2.36
91,30947,128,2.36
91,30947,153,2.36
91,30947,179,2.36
91,30947,204,2.36
91,30947,230,1.93
91,30947,255,1.93
91,32767,0,1.93
91,32767,26,1.93
91,32767,51,1.93
91,32767,77,2.71
91,32767,102,2.71
91,32767,128,2.71
91,32767,153,2.71
91,32767,179,2.07
91,32767,204,2.07
91,32767,230,2.07
91,32767,255,2.07
91,34588,0,2.07
91,34588,26,3.14
91,34588,51,3.14
91,34588,77,3.14
91,34588,102,3.14
91,34588,128,3.14
91,34588,153,2.36
91,34588,179,2.36
91,34588,204,2.36
91,34588,230,2.36
91,34588,255,2.21
91,36408,0,2.21
91,36408,26,2.21
91,36408,51,2.21
91,36408,77,2.21
91,36408,102,2.71
91,36408,128,2.71
91,36408,153,2.71
91,36408,179,2.71
91,36408,204,2.71
91,36408,230,2.36
91,36408,255,2.36
91,38228,0,2.36
91,38228,26,2.36
91,38228,51,3.71
91,38228,77,3.71
91,38228,102,3.71
91,38228,128,3.71
91,38228,153,3.71
91,38228,179,2.28
91,38228,204,2.28
91,38228,230,2.28
91,38228,255,2.28
91,40049,0,2.28
91,40049,26,3.14
91,40049,51,3.14
91,40049,77,3.14
91,40049,102,3.14
91,40049,128,3.14
91,40049,153,3.14
91,40049,179,2.36
91,40049,204,2.36
91,40049,230,2.36
91,40049,255,1.78
91,41869,0,1.78
91,41869,26,1.78
91,41869,51,1.78
91,41869,77,1.78
91,41869,102,2.43
91,41869,128,2.43
91,41869,153,2.43
91,41869,179,2.43
91,41869,204,2.43
91,41869,230,2.43
91,41869,255,1.85
91,43690,0,1.85
91,43690,26,1.85
91,43690,51,3.21
91,43690,77,3.21
91,43690,102,3.21
91,43690,128,3.21
91,43690,153,3.21
91,43690,179,3.21
91,43690,204,1.85
91,43690,230,1.85
91,43690,255,1.85
91,45510,0,1.85
91,45510,26,1.85
91,45510,51,3.43
91,45510,77,3.43
91,45510,102,3.43
91,45510,128,3.43
91,45510,153,3.43
91,45510,179,2.21
91,45510,204,2.21
91,45510,230,2.21
91,45510,255,2.21
91,47330,0,1.78
91,47330,26,1.78
91,47330,51,1.78
91,47330,77,1.78
91,47330,102,1.78
91,47330,128,2.57
91,47330,153,2.57
91,47330,179,2.57
91,47330,204,2.57
91,47330,230,2.57
91,47330,255,1.93
91,49151,0,1.93
91,49151,26,1.93
91,49151,51,1.93
91,49151,77,2.86
91,49151,102,2.86
91,49151,128,2.86
91,49151,153,2.86
91,49151,179,2.86
91,49151,204,2.28
91,49151,230,2.28
91,49151,255,2.28
91,50971,0,2.28
91,50971,26,2.28
91,50971,51,3.57
91,50971,77,3.57
91,50971,102,3.57
91,50971,128,3.57
91,50971,153,3.57
91,50971,179,2.36
91,50971,204,2.36
91,50971,230,2.36
91,50971,255,2.36
91,52792,0,3.14
91,52792,26,3.14
91,52792,51,3.14
91,52792,77,3.14
91,52792,102,3.14
91,52792,128,2.36
91,52792,153,2.36
91,52792,179,2.36
91,52792,204,2.36
91,52792,230,2.36
91,52792,255,2.21
91,54612,0,2.21
91,54612,26,2.21
91,54612,51,2.21
91,54612,77,2.21
91,54612,102,2.43
91,54612,128,2.43
91,54612,153,2.43
91,54612,179,2.43
91,54612,204,2.07
91,54612,230,2.07
91,54612,255,2.07
91,56432,0,2.07
91,56432,26,2.07
91,56432,51,3.0
91,56432,77,3.0
91,56432,102,3.0
91,56432,128,3.0
91,56432,153,3.0
91,56432,179,2.07
91,56432,204,2.07
91,56432,230,2.07
91,56432,255,2.07
91,58253,0,3.14
91,58253,26,3.14
91,58253,51,3.14
91,58253,77,3.14
91,58253,102,3.14
91,58253,128,3.14
91,58253,153,2.07
91,58253,179,2.07
91,58253,204,2.07
91,58253,230,2.07
91,58253,255,2.07
91,60073,0,1.93
91,60073,26,1.93
91,60073,51,1.93
91,60073,77,1.93
91,60073,102,2.28
91,60073,128,2.28
91,60073,153,2.28
91,60073,179,2.28
91,60073,204,2.28
91,60073,230,1.85
91,60073,255,1.85
91,61894,0,1.85
91,61894,26,1.85
91,61894,51,1.85
91,61894,77,2.57
91,61894,102,2.57
91,61894,128,2.57
91,61894,153,2.57
91,61894,179,1.93
91,61894,204,1.93
91,61894,230,1.93
91,61894,255,1.93
91,63714,0,1.93
91,63714,26,3.14
91,63714,51,3.14
91,63714,77,3.14
91,63714,102,3.14
91,63714,128,3.14
91,63714,153,1.93
91,63714,179,1.93
91,63714,204,1.93
91,63714,230,1.93
91,63714,255,1.93
91,65534,0,1.71
91,65534,26,1.71
91,65534,51,1.71
91,65534,77,1.71
91,65534,102,2.21
91,65534,128,2.21
91,65534,153,2.21
91,65534,179,2.21
91,65534,204,2.21
91,65534,230,1.78
91,65534,255,1.78
101,0,0,1.78
101,0,26,1.78
101,0,51,1.78
101,0,77,2.71
101,0,102,2.71
101,0,128,2.71
101,0,153,2.71
101,0,179,2.0
101,0,204,2.0
101,0,230,2.0
101,0,255,2.0
101,1820,0,2.0
101,1820,26,3.57
101,1820,51,3.57
101,1820,77,3.57
101,1820,102,3.57
101,1820,128,3.57
101,1820,153,2.28
101,1820,179,2.28
101,1820,204,2.28
101,1820,230,2.28
101,1820,255,2.28
101,3641,0,1.93
101,3641,26,1.93
101,3641,51,1.93
101,3641,77,1.93
101,3641,102,2.93
101,3641,128,2.93
101,3641,153,2.93
101,3641,179,2.93
101,3641,204,2.93
101,3641,230,2.21
101,3641,255,2.21
101,5461,0,2.21
101,5461,26,2.21
101,5461,51,2.21
101,5461,77,4.43
101,5461,102,4.43
101,5461,128,4.43
101,5461,153,4.43
101,5461,179,3.07
101,5461,204,3.07
101,5461,230,3.07
101,5461,255,3.07
101,7282,0,3.07
101,7282,26,4.07
101,7282,51,4.07
101,7282,77,4.07
101,7282,102,4.07
101,7282,128,4.07
101,7282,153,3.93
101,7282,179,3.93
101,7282,204,3.93
101,7282,230,3.93
101,7282,255,3.93
101,9102,0,2.28
101,9102,26,2.28
101,9102,51,2.28
101,9102,77,2.28
101,9102,102,3.57
101,9102,128,3.57
101,9102,153,3.57
101,9102,179,3.57
101,9102,204,3.57
101,9102,230,2.43
101,9102,255,2.43
101,10922,0,2.43
101,10922,26,2.43
101,10922,51,2.43
101,10922,77,2.43
101,10922,102,3.86
101,10922,128,3.86
101,10922,153,3.86
101,10922,179,3.86
101,10922,204,3.86
101,10922,230,2.5
101,10922,255,2.5
101,12743,0,2.5
101,12743,26,4.36
101,12743,51,4.36
101,12743,77,4.36
101,12743,102,4.36
101,12743,128,4.36
101,12743,153,4.36
101,12743,179,2.5
101,12743,204,2.5
101,12743,230,2.5
101,12743,255,2.5
101,14563,0,2.5
101,14563,26,3.57
101,14563,51,3.57
101,14563,77,3.57
101,14563,102,3.57
101,14563,128,2.57
101,14563,153,2.57
101,14563,179,2.57
101,14563,204,2.57
101,14563,230,2.57
101,14563,255,2.21
101,16384,0,2.21
101,16384,26,2.21
101,16384,51,2.21
101,16384,77,2.21
101,16384,102,2.71
101,16384,128,2.71
101,16384,153,2.71
101,16384,179,2.71
101,16384,204,2.14
101,16384,230,2.14
101,16384,255,2.14
101,18204,0,2.14
101,18204,26,2.14
101,18204,51,4.22
101,18204,77,4.22
101,18204,102,4.22
101,18204,128,4.22
101,18204,153,4.22
101,18204,179,2.14
101,18204,204,2.14
101,18204,230,2.14
101,18204,255,2.14
101,20024,0,2.14
101,20024,26,3.57
101,20024,51,3.57
101,20024,77,3.57
101,20024,102,3.57
101,20024,128,2.14
101,20024,153,2.14
101,20024,179,2.14
101,20024,204,2.14
101,20024,230,2.14
101,20024,255,1.93
101,21845,0,1.93
101,21845,26,1.93
101,21845,51,1.93
101,21845,77,1.93
101,21845,102,2.36
101,21845,128,2.36
101,21845,153,2.36
101,21845,179,2.36
101,21845,204,1.93
101,21845,230,1.93
101,21845,255,1.93
101,23665,0,1.93
101,23665,26,1.93
101,23665,51,2.71
101,23665,77,2.71
101,23665,102,2.71
101,23665,128,2.71
101,23665,153,2.71
101,23665,179,2.07
101,23665,204,2.07
101,23665,230,2.07
101,23665,255,2.07
101,25486,0,2.07
101,25486,26,2.07
101,25486,51,3.5
101,25486,77,3.5
101,25486,102,3.5
101,25486,128,2.14
101,25486,153,2.14
101,25486,179,2.14
101,25486,204,2.14
101,25486,230,2.14
101,25486,255,1.93
101,27306,0,1.93
101,27306,26,1.93
101,27306,51,1.93
101,27306,77,1.93
101,27306,102,1.93
101,27306,128,2.5
101,27306,153,2.5
101,27306,179,2.5
101,27306,204,2.0
101,27306,230,2.0
101,27306,255,2.0
101,29126,0,2.0
101,29126,26,2.0
101,29126,51,2.0
101,29126,77,2.93
101,29126,102,2.93
101,29126,128,2.93
101,29126,153,2.93
101,29126,179,2.93
101,29126,204,2.07
101,29126,230,2.07
101,29126,255,2.07
101,30947,0,2.07
101,30947,26,2.07
101,30947,51,3.79
101,30947,77,3.79
101,30947,102,3.79
101,30947,128,3.79
101,30947,153,2.36
101,30947,179,2.36
101,30947,204,2.36
101,30947,230,2.36
101,30947,255,2.36
101,32767,0,2.07
101,32767,26,2.07
101,32767,51,2.07
101,32767,77,2.07
101,32767,102,2.07
101,32767,128,2.43
101,32767,153,2.43
101,32767,179,2.43
101,32767,204,2.43
101,32767,230,2.43
101,32767,255,2.21
101,34588,0,2.21
101,34588,26,2.21
101,34588,51,2.21
101,34588,77,3.36
101,34588,102,3.36
101,34588,128,3.36
101,34588,153,3.36
101,34588,179,3.36
101,34588,204,2.43
101,34588,230,2.43
101,34588,255,2.43
101,36408,0,2.43
101,36408,26,2.43
101,36408,51,3.71
101,36408,77,3.71
101,36408,102,3.71
101,36408,128,3.71
101,36408,153,2.57
101,36408,179,2.57
101,36408,204,2.57
101,36408,230,2.57
101,36408,255,2.57
101,38228,0,2.5
101,38228,26,2.5
101,38228,51,2.5
101,38228,77,2.5
101,38228,102,2.5
101,38228,128,3.0
101,38228,153,3.0
101,38228,179,3.0
101,38228,204,3.0
101,38228,230,2.36
101,38228,255,2.36
101,40049,0,2.36
101,40049,26,2.36
101,40049,51,2.36
101,40049,77,3.21
101,40049,102,3.21
101,40049,128,3.21
101,40049,153,3.21
101,40049,179,3.21
101,40049,204,2.36
101,40049,230,2.36
101,40049,255,2.36
101,41869,0,2.36
101,41869,26,3.64
101,41869,51,3.64
101,41869,77,3.64
101,41869,102,3.64
101,41869,128,3.64
101,41869,153,2.28
101,41869,179,2.28
101,41869,204,2.28
101,41869,230,2.28
101,41869,255,2.28
101,43690,0,2.28
101,43690,26,3.57
101,43690,51,3.57
101,43690,77,3.57
101,43690,102,3.57
101,43690,128,3.57
101,43690,153,2.5
101,43690,179,2.5
101,43690,204,2.5
101,43690,230,2.0
101,43690,255,2.0
101,45510,0,2.0
101,45510,26,2.0
101,45510,51,2.0
101,45510,77,2.0
101,45510,102,3.0
101,45510,128,3.0
101,45510,153,3.0
101,45510,179,3.0
101,45510,204,3.0
101,45510,230,2.07
101,45510,255,2.07
101,47330,0,2.07
101,47330,26,2.07
101,47330,51,2.07
101,47330,77,4.0
101,47330,102,4.0
101,47330,128,4.0
101,47330,153,4.0
101,47330,179,2.43
101,47330,204,2.43
101,47330,230,2.43
101,47330,255,2.43
101,49151,0,2.43
101,49151,26,3.57
101,49151,51,3.57
101,49151,77,3.57
101,49151,102,3.57
101,49151,128,3.57
101,49151,153,2.71
101,49151,179,2.71
101,49151,204,2.71
101,49151,230,2.71
101,49151,255,2.36
101,50971,0,2.36
101,50971,26,2.36
101,50971,51,2.36
101,50971,77,2.36
101,50971,102,2.86
101,50971,128,2.86
101,50971,153,2.86
101,50971,179,2.86
101,50971,204,2.86
101,50971,230,2.57
101,50971,255,2.57
101,52792,0,2.57
101,52792,26,2.57
101,52792,51,2.57
101,52792,77,3.0
101,52792,102,3.0
101,52792,128,3.0
101,52792,153,3.0
101,52792,179,2.36
101,52792,204,2.36
101,52792,230,2.36
101,52792,255,2.36
101,54612,0,2.36
101,54612,26,3.57
101,54612,51,3.57
101,54612,77,3.57
101,54612,102,3.57
101,54612,128,3.57
101,54612,153,2.36
101,54612,179,2.36
101,54612,204,2.36
101,54612,230,2.36
101,54612,255,2.36
101,56432,0,2.28
101,56432,26,2.28
101,56432,51,2.28
101,56432,77,2.28
101,56432,102,2.43
101,56432,128,2.43
101,56432,153,2.43
101,56432,179,2.43
101,56432,204,2.43
101,56432,230,2.14
101,56432,255,2.14
101,58253,0,2.14
101,58253,26,2.14
101,58253,51,2.14
101,58253,77,2.71
101,58253,102,2.71
101,58253,128,2.71
101,58253,153,2.71
101,58253,179,2.21
101,58253,204,2.21
101,58253,230,2.21
101,58253,255,2.21
101,60073,0,2.21
101,60073,26,3.36
101,60073,51,3.36
101,60073,77,3.36
101,60073,102,3.36
101,60073,128,3.36
101,60073,153,3.36
101,60073,179,2.21
101,60073,204,2.21
101,60073,230,2.21
101,60073,255,2.07
101,61894,0,2.07
101,61894,26,2.07
101,61894,51,2.07
101,61894,77,2.07
101,61894,102,2.07
101,61894,128,2.36
101,61894,153,2.36
101,61894,179,2.36
101,61894,204,2.36
101,61894,230,2.36
101,61894,255,2.0
101,63714,0,2.0
101,63714,26,2.0
101,63714,51,2.0
101,63714,77,2.0
101,63714,102,2.71
101,63714,128,2.71
101,63714,153,2.71
101,63714,179,2.71
101,63714,204,2.07
101,63714,230,2.07
101,63714,255,2.07
101,65534,0,2.07
101,65534,26,2.07
101,65534,51,3.5
101,65534,77,3.5
101,65534,102,3.5
101,65534,128,3.5
101,65534,153,3.5
101,65534,179,2.07
101,65534,204,2.07
101,65534,230,2.07
101,65534,255,2.07
111,0,0,2.0
111,0,26,2.0
111,0,51,2.0
111,0,77,2.0
111,0,102,2.0
111,0,128,2.43
111,0,153,2.43
111,0,179,2.43
111,0,204,2.43
111,0,230,2.43
111,0,255,2.14
111,1820,0,2.14
111,1820,26,2.14
111,1820,51,2.14
111,1820,77,2.14
111,1820,102,2.86
111,1820,128,2.86
111,1820,153,2.86
111,1820,179,2.86
111,1820,204,2.28
111,1820,230,2.28
111,1820,255,2.28
111,3641,0,2.28
111,3641,26,2.28
111,3641,51,4.64
111,3641,77,4.64
111,3641,102,4.64
111,3641,128,4.64
111,3641,153,4.64
111,3641,179,2.71
111,3641,204,2.71
111,3641,230,2.71
111,3641,255,2.71
111,5461,0,4.07
111,5461,26,4.07
111,5461,51,4.07
111,5461,77,4.07
111,5461,102,4.07
111,5461,128,4.72
111,5461,153,4.72
111,5461,179,4.72
111,5461,204,4.72
111,5461,230,4.72
111,5461,255,4.72
111,7282,0,2.36
111,7282,26,2.36
111,7282,51,2.36
111,7282,77,5.0
111,7282,102,5.0
111,7282,128,5.0
111,7282,153,5.0
111,7282,179,5.0
111,7282,204,2.57
111,7282,230,2.57
111,7282,255,2.57
111,9102,0,2.57
111,9102,26,2.57
111,9102,51,4.93
111,9102,77,4.93
111,9102,102,4.93
111,9102,128,4.93
111,9102,153,4.93
111,9102,179,4.93
111,9102,204,3.64
111,9102,230,3.64
111,9102,255,3.64
111,10922,0,4.0
111,10922,26,4.0
111,10922,51,4.0
111,10922,77,4.0
111,10922,102,4.0
111,10922,128,4.0
111,10922,153,3.07
111,10922,179,3.07
111,10922,204,3.07
111,10922,230,3.07
111,10922,255,3.07
111,12743,0,2.71
111,12743,26,2.71
111,12743,51,2.71
111,12743,77,2.71
111,12743,102,3.21
111,12743,128,3.21
111,12743,153,3.21
111,12743,179,3.21
111,12743,204,3.21
111,12743,230,2.57
111,12743,255,2.57
111,14563,0,2.57
111,14563,26,2.57
111,14563,51,2.57
111,14563,77,3.64
111,14563,102,3.64
111,14563,128,3.64
111,14563,153,3.64
111,14563,179,3.64
111,14563,204,2.5
111,14563,230,2.5
111,14563,255,2.5
111,16384,0,2.5
111,16384,26,4.07
111,16384,51,4.07
111,16384,77,4.07
111,16384,102,4.07
111,16384,128,4.07
111,16384,153,2.57
111,16384,179,2.57
111,16384,204,2.57
111,16384,230,2.57
111,16384,255,2.57
111,18204,0,2.21
111,18204,26,2.21
111,18204,51,2.21
111,18204,77,2.21
111,18204,102,2.5
111,18204,128,2.5
111,18204,153,2.5
111,18204,179,2.5
111,18204,204,2.5
111,18204,230,2.21
111,18204,255,2.21
111,20024,0,2.21
111,20024,26,2.21
111,20024,51,2.21
111,20024,77,3.0
111,20024,102,3.0
111,20024,128,3.0
111,20024,153,3.0
111,20024,179,2.14
111,20024,204,2.14
111,20024,230,2.14
111,20024,255,2.14
111,21845,0,2.14
111,21845,26,4.29
111,21845,51,4.29
111,21845,77,4.29
111,21845,102,4.29
111,21845,128,4.29
111,21845,153,2.28
111,21845,179,2.28
111,21845,204,2.28
111,21845,230,2.28
111,21845,255,2.28
111,23665,0,2.07
111,23665,26,2.07
111,23665,51,2.07
111,23665,77,2.07
111,23665,102,2.43
111,23665,128,2.43
111,23665,153,2.43
111,23665,179,2.43
111,23665,204,2.43
111,23665,230,2.07
111,23665,255,2.07
111,25486,0,2.07
111,25486,26,2.07
111,25486,51,2.07
111,25486,77,2.07
111,25486,102,2.71
111,25486,128,2.71
111,25486,153,2.71
111,25486,179,2.71
111,25486,204,2.71
111,25486,230,2.14
111,25486,255,2.14
111,27306,0,2.14
111,27306,26,2.14
111,27306,51,4.29
111,27306,77,4.29
111,27306,102,4.29
111,27306,128,4.29
111,27306,153,4.29
111,27306,179,2.36
111,27306,204,2.36
111,27306,230,2.36
111,27306,255,2.36
111,29126,0,2.36
111,29126,26,4.07
111,29126,51,4.07
111,29126,77,4.07
111,29126,102,4.07
111,29126,128,2.57
111,29126,153,2.57
111,29126,179,2.57
111,29126,204,2.57
111,29126,230,2.57
111,29126,255,2.21
111,30947,0,2.21
111,30947,26,2.21
111,30947,51,2.21
111,30947,77,2.21
111,30947,102,2.78
111,30947,128,2.78
111,30947,153,2.78
111,30947,179,2.78
111,30947,204,2.28
111,30947,230,2.28
111,30947,255,2.28
111,32767,0,2.28
111,32767,26,2.28
111,32767,51,4.43
111,32767,77,4.43
111,32767,102,4.43
111,32767,128,4.43
111,32767,153,4.43
111,32767,179,2.5
111,32767,204,2.5
111,32767,230,2.5
111,32767,255,2.5
111,34588,0,2.5
111,34588,26,4.07
111,34588,51,4.07
111,34588,77,4.07
111,34588,102,4.07
111,34588,128,2.71
111,34588,153,2.71
111,34588,179,2.71
111,34588,204,2.71
111,34588,230,2.71
111,34588,255,2.57
111,36408,0,2.57
111,36408,26,2.57
111,36408,51,2.57
111,36408,77,2.57
111,36408,102,3.43
111,36408,128,3.43
111,36408,153,3.43
111,36408,179,3.43
111,36408,204,3.43
111,36408,230,2.78
111,36408,255,2.78
111,38228,0,2.78
111,38228,26,2.78
111,38228,51,4.93
111,38228,77,4.93
111,38228,102,4.93
111,38228,128,4.93
111,38228,153,4.93
111,38228,179,2.71
111,38228,204,2.71
111,38228,230,2.71
111,38228,255,2.71
111,40049,0,4.0
111,40049,26,4.0
111,40049,51,4.0
111,40049,77,4.0
111,40049,102,4.0
111,40049,128,4.0
111,40049,153,2.78
111,40049,179,2.78
111,40049,204,2.78
111,40049,230,2.78
111,40049,255,2.78
111,41869,0,2.14
111,41869,26,2.14
111,41869,51,2.14
111,41869,77,2.14
111,41869,102,2.14
111,41869,128,3.29
111,41869,153,3.29
111,41869,179,3.29
111,41869,204,3.29
111,41869,230,2.21
111,41869,255,2.21
111,43690,0,2.21
111,43690,26,2.21
111,43690,51,2.21
111,43690,77,4.14
111,43690,102,4.14
111,43690,128,4.14
111,43690,153,4.14
111,43690,179,4.14
111,43690,204,2.21
111,43690,230,2.21
111,43690,255,2.21
111,45510,0,2.21
111,45510,26,4.29
111,45510,51,4.29
111,45510,77,4.29
111,45510,102,4.29
111,45510,128,4.29
111,45510,153,2.64
111,45510,179,2.64
111,45510,204,2.64
111,45510,230,2.64
111,45510,255,2.64
111,47330,0,2.14
111,47330,26,2.14
111,47330,51,2.14
111,47330,77,2.14
111,47330,102,2.14
111,47330,128,3.0
111,47330,153,3.0
111,47330,179,3.0
111,47330,204,3.0
111,47330,230,2.36
111,47330,255,2.36
111,49151,0,2.36
111,49151,26,2.36
111,49151,51,2.36
111,49151,77,4.07
111,49151,102,4.07
111,49151,128,4.07
111,49151,153,4.07
111,49151,179,4.07
111,49151,204,2.71
111,49151,230,2.71
111,49151,255,2.71
111,50971,0,2.71
111,50971,26,4.72
111,50971,51,4.72
111,50971,77,4.72
111,50971,102,4.72
111,50971,128,4.72
111,50971,153,2.78
111,50971,179,2.78
111,50971,204,2.78
111,50971,230,2.78
111,50971,255,2.78
111,52792,0,2.64
111,52792,26,2.64
111,52792,51,2.64
111,52792,77,2.64
111,52792,102,2.64
111,52792,128,2.71
111,52792,153,2.71
111,52792,179,2.71
111,52792,204,2.71
111,52792,230,2.57
111,52792,255,2.57
111,54612,0,2.57
111,54612,26,2.57
111,54612,51,2.57
111,54612,77,2.78
111,54612,102,2.78
111,54612,128,2.78
111,54612,153,2.78
111,54612,179,2.78
111,54612,204,2.5
111,54612,230,2.5
111,54612,255,2.5
111,56432,0,2.5
111,56432,26,2.5
111,56432,51,3.86
111,56432,77,3.86
111,56432,102,3.86
111,56432,128,3.86
111,56432,153,2.43
111,56432,179,2.43
111,56432,204,2.43
111,56432,230,2.43
111,56432,255,2.43
111,58253,0,4.07
111,58253,26,4.07
111,58253,51,4.07
111,58253,77,4.07
111,58253,102,4.07
111,58253,128,4.07
111,58253,153,2.57
111,58253,179,2.57
111,58253,204,2.57
111,58253,230,2.36
111,58253,255,2.36
111,60073,0,2.36
111,60073,26,2.36
111,60073,51,2.36
111,60073,77,2.36
111,60073,102,2.71
111,60073,128,2.71
111,60073,153,2.71
111,60073,179,2.71
111,60073,204,2.71
111,60073,230,2.21
111,60073,255,2.21
111,61894,0,2.21
111,61894,26,2.21
111,61894,51,3.71
111,61894,77,3.71
111,61894,102,3.71
111,61894,128,3.71
111,61894,153,3.71
111,61894,179,2.36
111,61894,204,2.36
111,61894,230,2.36
111,61894,255,2.36
111,63714,0,2.36
111,63714,26,4.07
111,63714,51,4.07
111,63714,77,4.07
111,63714,102,4.07
111,63714,128,2.36
111,63714,153,2.36
111,63714,179,2.36
111,63714,204,2.36
111,63714,230,2.36
111,63714,255,2.14
111,65534,0,2.14
111,65534,26,2.14
111,65534,51,2.14
111,65534,77,2.14
111,65534,102,2.57
111,65534,128,2.57
111,65534,153,2.57
111,65534,179,2.57
111,65534,204,2.57
111,65534,230,2.14
111,65534,255,2.14
121,0,0,2.14
121,0,26,2.14
121,0,51,3.21
121,0,77,3.21
121,0,102,3.21
121,0,128,3.21
121,0,153,3.21
121,0,179,2.36
121,0,204,2.36
121,0,230,2.36
121,0,255,2.36
121,1820,0,2.36
121,1820,26,4.57
121,1820,51,4.57
121,1820,77,4.57
121,1820,102,4.57
121,1820,128,2.71
121,1820,153,2.71
121,1820,179,2.71
121,1820,204,2.71
121,1820,230,2.71
121,1820,255,2.28
121,3641,0,2.28
121,3641,26,2.28
121,3641,51,2.28
121,3641,77,2.28
121,3641,102,4.14
121,3641,128,4.14
121,3641,153,4.14
121,3641,179,4.14
121,3641,204,4.14
121,3641,230,4.14
121,3641,255,2.57
121,5461,0,2.57
121,5461,26,2.57
121,5461,51,5.57
121,5461,77,5.57
121,5461,102,5.57
121,5461,128,5.57
121,5461,153,5.57
121,5461,179,5.57
121,5461,204,3.86
121,5461,230,3.86
121,5461,255,3.86
121,7282,0,3.86
121,7282,26,3.86
121,7282,51,5.43
121,7282,77,5.43
121,7282,102,5.43
121,7282,128,5.07
121,7282,153,5.07
121,7282,179,5.07
121,7282,204,5.07
121,7282,230,5.07
121,7282,255,5.07
121,9102,0,2.64
121,9102,26,2.64
121,9102,51,2.64
121,9102,77,2.64
121,9102,102,2.64
121,9102,128,4.57
121,9102,153,4.57
121,9102,179,4.57
121,9102,204,4.57
121,9102,230,4.57
121,9102,255,2.78
121,10922,0,2.78
121,10922,26,2.78
121,10922,51,2.78
121,10922,77,5.07
121,10922,102,5.07
121,10922,128,5.07
121,10922,153,5.07
121,10922,179,5.07
121,10922,204,2.93
121,10922,230,2.93
121,10922,255,2.93
121,12743,0,2.93
121,12743,26,2.93
121,12743,51,5.65
121,12743,77,5.65
121,12743,102,5.65
121,12743,128,5.65
121,12743,153,2.86
121,12743,179,2.86
121,12743,204,2.86
121,12743,230,2.86
121,12743,255,2.86
121,14563,0,2.71
121,14563,26,2.71
121,14563,51,2.71
121,14563,77,2.71
121,14563,102,2.71
121,14563,128,2.93
121,14563,153,2.93
121,14563,179,2.93
121,14563,204,2.93
121,14563,230,2.93
121,14563,255,2.57
121,16384,0,2.57
121,16384,26,2.57
121,16384,51,2.57
121,16384,77,3.14
121,16384,102,3.14
121,16384,128,3.14
121,16384,153,3.14
121,16384,179,3.14
121,16384,204,2.5
121,16384,230,2.5
121,16384,255,2.5
121,18204,0,2.5
121,18204,26,2.5
121,18204,51,5.5
121,18204,77,5.5
121,18204,102,5.5
121,18204,128,5.5
121,18204,153,2.43
121,18204,179,2.43
121,18204,204,2.43
121,18204,230,2.43
121,18204,255,2.43
121,20024,0,4.57
121,20024,26,4.57
121,20024,51,4.57
121,20024,77,4.57
121,20024,102,4.57
121,20024,128,2.57
121,20024,153,2.57
121,20024,179,2.57
121,20024,204,2.57
121,20024,230,2.57
121,20024,255,2.28
121,21845,0,2.28
121,21845,26,2.28
121,21845,51,2.28
121,21845,77,2.78
121,21845,102,2.78
121,21845,128,2.78
121,21845,153,2.78
121,21845,179,2.78
121,21845,204,2.28
121,21845,230,2.28
121,21845,255,2.28
121,23665,0,2.28
121,23665,26,2.28
121,23665,51,5.07
121,23665,77,5.07
121,23665,102,5.07
121,23665,128,5.07
121,23665,153,5.07
121,23665,179,5.07
121,23665,204,2.36
121,23665,230,2.36
121,23665,255,2.36
121,25486,0,4.57
121,25486,26,4.57
121,25486,51,4.57
121,25486,77,4.57
121,25486,102,4.57
121,25486,128,2.5
121,25486,153,2.5
121,25486,179,2.5
121,25486,204,2.5
121,25486,230,2.5
121,25486,255,2.5
121,27306,0,2.28
121,27306,26,2.28
121,27306,51,2.28
121,27306,77,2.86
121,27306,102,2.86
121,27306,128,2.86
121,27306,153,2.86
121,27306,179,2.86
121,27306,204,2.86
121,27306,230,2.36
121,27306,255,2.36
121,29126,0,2.36
121,29126,26,2.36
121,29126,51,2.36
121,29126,77,3.57
121,29126,102,3.57
121,29126,128,3.57
121,29126,153,3.57
121,29126,179,2.5
121,29126,204,2.5
121,29126,230,2.5
121,29126,255,2.5
121,30947,0,2.5
121,30947,26,4.57
121,30947,51,4.57
121,30947,77,4.57
121,30947,102,4.57
121,30947,128,4.57
121,30947,153,2.71
121,30947,179,2.71
121,30947,204,2.71
121,30947,230,2.71
121,30947,255,2.71
121,32767,0,2.5
121,32767,26,2.5
121,32767,51,2.5
121,32767,77,2.5
121,32767,102,3.14
121,32767,128,3.14
121,32767,153,3.14
121,32767,179,3.14
121,32767,204,3.14
121,32767,230,2.64
121,32767,255,2.64
121,34588,0,2.64
121,34588,26,2.64
121,34588,51,2.64
121,34588,77,4.29
121,34588,102,4.29
121,34588,128,4.29
121,34588,153,4.29
121,34588,179,2.78
121,34588,204,2.78
121,34588,230,2.78
121,34588,255,2.78
121,36408,0,2.78
121,36408,26,4.57
121,36408,51,4.57
121,36408,77,4.57
121,36408,102,4.57
121,36408,128,4.57
121,36408,153,3.14
121,36408,179,3.14
121,36408,204,3.14
121,36408,230,3.14
121,36408,255,3.14
121,38228,0,2.86
121,38228,26,2.86
121,38228,51,2.86
121,38228,77,2.86
121,38228,102,3.71
121,38228,128,3.71
121,38228,153,3.71
121,38228,179,3.71
121,38228,204,3.71
121,38228,230,2.71
121,38228,255,2.71
121,40049,0,2.71
121,40049,26,2.71
121,40049,51,2.71
121,40049,77,5.29
121,40049,102,5.29
121,40049,128,5.29
121,40049,153,5.29
121,40049,179,2.64
121,40049,204,2.64
121,40049,230,2.64
121,40049,255,2.64
121,41869,0,2.64
121,41869,26,4.72
121,41869,51,4.72
121,41869,77,4.72
121,41869,102,4.72
121,41869,128,4.72
121,41869,153,4.72
121,41869,179,2.64
121,41869,204,2.64
121,41869,230,2.64
121,41869,255,2.64
121,43690,0,2.64
121,43690,26,2.28
121,43690,51,2.28
121,43690,77,2.28
121,43690,102,2.28
121,43690,128,2.93
121,43690,153,2.93
121,43690,179,2.93
121,43690,204,2.93
121,43690,230,2.93
121,43690,255,2.28
121,45510,0,2.28
121,45510,26,2.28
121,45510,51,2.28
121,45510,77,2.28
121,45510,102,3.64
121,45510,128,3.64
121,45510,153,3.64
121,45510,179,3.64
121,45510,204,2.5
121,45510,230,2.5
121,45510,255,2.5
121,47330,0,2.5
121,47330,26,2.5
121,47330,51,5.22
121,47330,77,5.22
121,47330,102,5.22
121,47330,128,5.22
121,47330,153,5.22
121,47330,179,2.78
121,47330,204,2.78
121,47330,230,2.78
121,47330,255,2.78
121,49151,0,4.57
121,49151,26,4.57
121,49151,51,4.57
121,49151,77,4.57
121,49151,102,4.57
121,49151,128,3.57
121,49151,153,3.57
121,49151,179,3.57
121,49151,204,3.57
121,49151,230,3.57
121,49151,255,2.71
121,50971,0,2.71
121,50971,26,2.71
121,50971,51,2.71
121,50971,77,2.71
121,50971,102,3.57
121,50971,128,3.57
121,50971,153,3.57
121,50971,179,3.57
121,50971,204,2.93
121,50971,230,2.93
121,50971,255,2.93
121,52792,0,2.93
121,52792,26,2.93
121,52792,51,4.93
121,52792,77,4.93
121,52792,102,4.93
121,52792,128,4.93
121,52792,153,4.93
121,52792,179,2.71
121,52792,204,2.71
121,52792,230,2.71
121,52792,255,2.71
121,54612,0,4.57
121,54612,26,4.57
121,54612,51,4.57
121,54612,77,4.57
121,54612,102,4.57
121,54612,128,2.78
121,54612,153,2.78
121,54612,179,2.78
121,54612,204,2.78
121,54612,230,2.78
121,54612,255,2.64
121,56432,0,2.64
121,56432,26,2.64
121,56432,51,2.64
121,56432,77,2.93
121,56432,102,2.93
121,56432,128,2.93
121,56432,153,2.93
121,56432,179,2.93
121,56432,204,2.57
121,56432,230,2.57
121,56432,255,2.57
121,58253,0,2.57
121,58253,26,2.57
121,58253,51,2.57
121,58253,77,3.36
121,58253,102,3.36
121,58253,128,3.36
121,58253,153,3.36
121,58253,179,2.57
121,58253,204,2.57
121,58253,230,2.57
121,58253,255,2.57
121,60073,0,2.57
121,60073,26,4.57
121,60073,51,4.57
121,60073,77,4.57
121,60073,102,4.57
121,60073,128,4.57
121,60073,153,2.57
121,60073,179,2.57
121,60073,204,2.57
121,60073,230,2.57
121,60073,255,2.57
121,61894,0,2.36
121,61894,26,2.36
121,61894,51,2.36
121,61894,77,2.36
121,61894,102,2.78
121,61894,128,2.78
121,61894,153,2.78
121,61894,179,2.78
121,61894,204,2.78
121,61894,230,2.36
121,61894,255,2.36
121,63714,0,2.36
121,63714,26,2.36
121,63714,51,2.36
121,63714,77,3.14
121,63714,102,3.14
121,63714,128,3.14
121,63714,153,3.14
121,63714,179,2.36
121,63714,204,2.36
121,63714,230,2.36
121,63714,255,2.36
121,65534,0,2.36
121,65534,26,4.64
121,65534,51,4.64
121,65534,77,4.64
121,65534,102,4.64
121,65534,128,4.64
121,65534,153,2.5
121,65534,179,2.5
121,65534,204,2.5
121,65534,230,2.5
121,65534,255,2.5
131,0,0,2.28
131,0,26,2.28
131,0,51,2.28
131,0,77,2.28
131,0,102,2.78
131,0,128,2.78
131,0,153,2.78
131,0,179,2.78
131,0,204,2.78
131,0,230,2.43
131,0,255,2.43
131,1820,0,2.43
131,1820,26,2.43
131,1820,51,2.43
131,1820,77,4.14
131,1820,102,4.14
131,1820,128,4.14
131,1820,153,4.14
131,1820,179,2.64
131,1820,204,2.64
131,1820,230,2.64
131,1820,255,2.64
131,3641,0,2.64
131,3641,26,6.0
131,3641,51,6.0
131,3641,77,6.0
131,3641,102,6.0
131,3641,128,6.0
131,3641,153,3.5
131,3641,179,3.5
131,3641,204,3.5
131,3641,230,3.5
131,3641,255,3.5
131,5461,0,3.5
131,5461,26,2.5
131,5461,51,2.5
131,5461,77,2.5
131,5461,102,6.36
131,5461,128,6.36
131,5461,153,6.36
131,5461,179,6.36
131,5461,204,6.36
131,5461,230,6.36
131,5461,255,2.64
131,7282,0,2.64
131,7282,26,2.64
131,7282,51,2.64
131,7282,77,2.64
131,7282,102,6.29
131,7282,128,6.29
131,7282,153,6.29
131,7282,179,4.93
131,7282,204,4.93
131,7282,230,4.93
131,7282,255,4.93
131,9102,0,4.93
131,9102,26,4.93
131,9102,51,6.22
131,9102,77,6.22
131,9102,102,6.22
131,9102,128,6.22
131,9102,153,6.22
131,9102,179,4.57
131,9102,204,4.57
131,9102,230,4.57
131,9102,255,4.57
131,10922,0,4.57
131,10922,26,3.29
131,10922,51,3.29
131,10922,77,3.29
131,10922,102,3.29
131,10922,128,3.93
131,10922,153,3.93
131,10922,179,3.93
131,10922,204,3.93
131,10922,230,3.93
131,10922,255,3.14
131,12743,0,3.14
131,12743,26,3.14
131,12743,51,3.14
131,12743,77,3.14
131,12743,102,3.93
131,12743,128,3.93
131,12743,153,3.93
131,12743,179,3.93
131,12743,204,2.93
131,12743,230,2.93
131,12743,255,2.93
131,14563,0,2.93
131,14563,26,2.93
131,14563,51,6.36
131,14563,77,6.36
131,14563,102,6.36
131,14563,128,6.36
131,14563,153,6.36
131,14563,179,2.93
131,14563,204,2.93
131,14563,230,2.93
131,14563,255,2.93
131,16384,0,5.07
131,16384,26,5.07
131,16384,51,5.07
131,16384,77,5.07
131,16384,102,5.07
131,16384,128,2.93
131,16384,153,2.93
131,16384,179,2.93
131,16384,204,2.93
131,16384,230,2.93
131,16384,255,2.64
131,18204,0,2.64
131,18204,26,2.64
131,18204,51,2.64
131,18204,77,2.64
131,18204,102,3.14
131,18204,128,3.14
131,18204,153,3.14
131,18204,179,3.14
131,18204,204,2.5
131,18204,230,2.5
131,18204,255,2.5
131,20024,0,2.5
131,20024,26,2.5
131,20024,51,3.64
131,20024,77,3.64
131,20024,102,3.64
131,20024,128,3.64
131,20024,153,3.64
131,20024,179,2.57
131,20024,204,2.57
131,20024,230,2.57
131,20024,255,2.57
131,21845,0,5.14
131,21845,26,5.14
131,21845,51,5.14
131,21845,77,5.14
131,21845,102,5.14
131,21845,128,5.14
131,21845,153,2.57
131,21845,179,2.57
131,21845,204,2.57
131,21845,230,2.57
131,21845,255,2.57
131,23665,0,2.36
131,23665,26,2.36
131,23665,51,2.36
131,23665,77,2.36
131,23665,102,2.36
131,23665,128,2.93
131,23665,153,2.93
131,23665,179,2.93
131,23665,204,2.93
131,23665,230,2.43
131,23665,255,2.43
131,25486,0,2.43
131,25486,26,2.43
131,25486,51,2.43
131,25486,77,3.79
131,25486,102,3.79
131,25486,128,3.79
131,25486,153,3.79
131,25486,179,3.79
131,25486,204,2.5
131,25486,230,2.5
131,25486,255,2.5
131,27306,0,2.5
131,27306,26,5.14
131,27306,51,5.14
131,27306,77,5.14
131,27306,102,5.14
131,27306,128,5.14
131,27306,153,2.78
131,27306,179,2.78
131,27306,204,2.78
131,27306,230,2.78
131,27306,255,2.78
131,29126,0,2.43
131,29126,26,2.43
131,29126,51,2.43
131,29126,77,2.43
131,29126,102,2.93
131,29126,128,2.93
131,29126,153,2.93
131,29126,179,2.93
131,29126,204,2.93
131,29126,230,2.57
131,29126,255,2.57
131,30947,0,2.57
131,30947,26,2.57
131,30947,51,2.57
131,30947,77,4.0
131,30947,102,4.0
131,30947,128,4.0
131,30947,153,4.0
131,30947,179,2.71
131,30947,204,2.71
131,30947,230,2.71
131,30947,255,2.71
131,32767,0,2.71
131,32767,26,5.65
131,32767,51,5.65
131,32767,77,5.65
131,32767,102,5.65
131,32767,128,5.65
131,32767,153,5.65
131,32767,179,2.86
131,32767,204,2.86
131,32767,230,2.86
131,32767,255,2.86
131,34588,0,2.86
131,34588,26,2.78
131,34588,51,2.78
131,34588,77,2.78
131,34588,102,2.78
131,34588,128,3.36
131,34588,153,3.36
131,34588,179,3.36
131,34588,204,3.36
131,34588,230,3.36
131,34588,255,2.86
131,36408,0,2.86
131,36408,26,2.86
131,36408,51,2.86
131,36408,77,2.86
131,36408,102,4.29
131,36408,128,4.29
131,36408,153,4.29
131,36408,179,4.29
131,36408,204,3.21
131,36408,230,3.21
131,36408,255,3.21
131,38228,0,3.21
131,38228,26,3.21
131,38228,51,5.22
131,38228,77,5.22
131,38228,102,5.22
131,38228,128,5.22
131,38228,153,5.22
131,38228,179,3.29
131,38228,204,3.29
131,38228,230,3.29
131,38228,255,3.29
131,40049,0,3.29
131,40049,26,5.14
131,40049,51,5.14
131,40049,77,5.14
131,40049,102,5.14
131,40049,128,3.64
131,40049,153,3.64
131,40049,179,3.64
131,40049,204,3.64
131,40049,230,3.64
131,40049,255,2.57
131,41869,0,2.57
131,41869,26,2.57
131,41869,51,2.57
131,41869,77,2.57
131,41869,102,4.14
131,41869,128,4.14
131,41869,153,4.14
131,41869,179,4.14
131,41869,204,2.5
131,41869,230,2.5
131,41869,255,2.5
131,43690,0,2.5
131,43690,26,2.5
131,43690,51,5.5
131,43690,77,5.5
131,43690,102,5.5
131,43690,128,5.5
131,43690,153,5.5
131,43690,179,2.71
131,43690,204,2.71
131,43690,230,2.71
131,43690,255,2.71
131,45510,0,2.71
131,45510,26,5.14
131,45510,51,5.14
131,45510,77,5.14
131,45510,102,5.14
131,45510,128,3.0
131,45510,153,3.0
131,45510,179,3.0
131,45510,204,3.0
131,45510,230,3.0
131,45510,255,2.43
131,47330,0,2.43
131,47330,26,2.43
131,47330,51,2.43
131,47330,77,2.43
131,47330,102,4.36
131,47330,128,4.36
131,47330,153,4.36
131,47330,179,4.36
131,47330,204,2.71
131,47330,230,2.71
131,47330,255,2.71
131,49151,0,2.71
131,49151,26,2.71
131,49151,51,5.22
131,49151,77,5.22
131,49151,102,5.22
131,49151,128,5.22
131,49151,153,5.22
131,49151,179,5.22
131,49151,204,3.14
131,49151,230,3.14
131,49151,255,3.14
131,50971,0,3.14
131,50971,26,3.14
131,50971,51,5.14
131,50971,77,5.14
131,50971,102,5.14
131,50971,128,5.14
131,50971,153,3.29
131,50971,179,3.29
131,50971,204,3.29
131,50971,230,3.29
131,50971,255,3.29
131,52792,0,3.0
131,52792,26,3.0
131,52792,51,3.0
131,52792,77,3.0
131,52792,102,3.0
131,52792,128,3.29
131,52792,153,3.29
131,52792,179,3.29
131,52792,204,3.29
131,52792,230,2.93
131,52792,255,2.93
131,54612,0,2.93
131,54612,26,2.93
131,54612,51,2.93
131,54612,77,3.79
131,54612,102,3.79
131,54612,128,3.79
131,54612,153,3.79
131,54612,179,3.79
131,54612,204,2.86
131,54612,230,2.86
131,54612,255,2.86
131,56432,0,2.86
131,56432,26,4.86
131,56432,51,4.86
131,56432,77,4.86
131,56432,102,4.86
131,56432,128,4.86
131,56432,153,2.86
131,56432,179,2.86
131,56432,204,2.86
131,56432,230,2.86
131,56432,255,2.86
131,58253,0,2.71
131,58253,26,2.71
131,58253,51,2.71
131,58253,77,2.71
131,58253,102,2.86
131,58253,128,2.86
131,58253,153,2.86
131,58253,179,2.86
131,58253,204,2.86
131,58253,230,2.64
131,58253,255,2.64
131,60073,0,2.64
131,60073,26,2.64
131,60073,51,2.64
131,60073,77,3.64
131,60073,102,3.64
131,60073,128,3.64
131,60073,153,3.64
131,60073,179,3.64
131,60073,204,3.64
131,60073,230,2.64
131,60073,255,2.64
131,61894,0,2.64
131,61894,26,4.72
131,61894,51,4.72
131,61894,77,4.72
131,61894,102,4.72
131,61894,128,4.72
131,61894,153,2.64
131,61894,179,2.64
131,61894,204,2.64
131,61894,230,2.64
131,61894,255,2.64
131,63714,0,2.64
131,63714,26,2.5
131,63714,51,2.5
131,63714,77,2.5
131,63714,102,2.86
131,63714,128,2.86
131,63714,153,2.86
131,63714,179,2.86
131,63714,204,2.86
131,63714,230,2.43
131,63714,255,2.43
131,65534,0,2.43
131,65534,26,2.43
131,65534,51,2.43
131,65534,77,2.43
131,65534,102,2.93
131,65534,128,2.93
131,65534,153,2.93
131,65534,179,2.93
131,65534,204,2.93
131,65534,230,2.5
131,65534,255,2.5
141,0,0,2.5
141,0,26,2.5
141,0,51,5.57
141,0,77,5.57
141,0,102,5.57
141,0,128,5.57
141,0,153,5.57
141,0,179,2.71
141,0,204,2.71
141,0,230,2.71
141,0,255,2.71
141,1820,0,2.71
141,1820,26,5.79
141,1820,51,5.79
141,1820,77,5.79
141,1820,102,5.79
141,1820,128,3.29
141,1820,153,3.29
141,1820,179,3.29
141,1820,204,3.29
141,1820,230,3.29
141,1820,255,2.64
141,3641,0,2.64
141,3641,26,2.64
141,3641,51,2.64
141,3641,77,2.64
141,3641,102,5.57
141,3641,128,5.57
141,3641,153,5.57
141,3641,179,5.57
141,3641,204,5.57
141,3641,230,3.0
141,3641,255,3.0
141,5461,0,3.0
141,5461,26,3.0
141,5461,51,7.15
141,5461,77,7.15
141,5461,102,7.15
141,5461,128,7.15
141,5461,153,7.15
141,5461,179,6.07
141,5461,204,6.07
141,5461,230,6.07
141,5461,255,6.07
141,7282,0,6.07
141,7282,26,5.79
141,7282,51,5.79
141,7282,77,5.79
141,7282,102,5.79
141,7282,128,6.43
141,7282,153,6.43
141,7282,179,6.43
141,7282,204,6.43
141,7282,230,6.43
141,7282,255,3.0
141,9102,0,3.0
141,9102,26,3.0
141,9102,51,3.0
141,9102,77,3.0
141,9102,102,6.58
141,9102,128,6.58
141,9102,153,6.58
141,9102,179,6.58
141,9102,204,6.58
141,9102,230,6.58
141,9102,255,3.36
141,10922,0,3.36
141,10922,26,3.36
141,10922,51,6.43
141,10922,77,6.43
141,10922,102,6.43
141,10922,128,6.43
141,10922,153,6.43
141,10922,179,3.43
141,10922,204,3.43
141,10922,230,3.43
141,10922,255,3.43
141,12743,0,3.43
141,12743,26,3.43
141,12743,51,5.79
141,12743,77,5.79
141,12743,102,5.79
141,12743,128,3.57
141,12743,153,3.57
141,12743,179,3.57
141,12743,204,3.57
141,12743,230,3.57
141,12743,255,3.07
141,14563,0,3.07
141,14563,26,3.07
141,14563,51,3.07
141,14563,77,3.07
141,14563,102,3.07
141,14563,128,3.5
141,14563,153,3.5
141,14563,179,3.5
141,14563,204,3.5
141,14563,230,3.5
141,14563,255,2.93
141,16384,0,2.93
141,16384,26,2.93
141,16384,51,2.93
141,16384,77,4.64
141,16384,102,4.64
141,16384,128,4.64
141,16384,153,4.64
141,16384,179,4.64
141,16384,204,2.93
141,16384,230,2.93
141,16384,255,2.93
141,18204,0,2.93
141,18204,26,2.93
141,18204,51,7.0
141,18204,77,7.0
141,18204,102,7.0
141,18204,128,7.0
141,18204,153,3.0
141,18204,179,3.0
141,18204,204,3.0
141,18204,230,3.0
141,18204,255,3.0
141,20024,0,2.64
141,20024,26,2.64
141,20024,51,2.64
141,20024,77,2.64
141,20024,102,2.64
141,20024,128,3.07
141,20024,153,3.07
141,20024,179,3.07
141,20024,204,3.07
141,20024,230,3.07
141,20024,255,2.57
141,21845,0,2.57
141,21845,26,2.57
141,21845,51,2.57
141,21845,77,3.43
141,21845,102,3.43
141,21845,128,3.43
141,21845,153,3.43
141,21845,179,3.43
141,21845,204,2.57
141,21845,230,2.57
141,21845,255,2.57
141,23665,0,2.57
141,23665,26,2.57
141,23665,51,6.5
141,23665,77,6.5
141,23665,102,6.5
141,23665,128,6.5
141,23665,153,2.71
141,23665,179,2.71
141,23665,204,2.71
141,23665,230,2.71
141,23665,255,2.71
141,25486,0,5.43
141,25486,26,5.43
141,25486,51,5.43
141,25486,77,5.43
141,25486,102,5.43
141,25486,128,3.07
141,25486,153,3.07
141,25486,179,3.07
141,25486,204,3.07
141,25486,230,3.07
141,25486,255,3.07
141,27306,0,2.57
141,27306,26,2.57
141,27306,51,2.57
141,27306,77,3.43
141,27306,102,3.43
141,27306,128,3.43
141,27306,153,3.43
141,27306,179,3.43
141,27306,204,3.43
141,27306,230,2.71
141,27306,255,2.71
141,29126,0,2.71
141,29126,26,6.22
141,29126,51,6.22
141,29126,77,6.22
141,29126,102,6.22
141,29126,128,6.22
141,29126,153,6.22
141,29126,179,2.93
141,29126,204,2.93
141,29126,230,2.93
141,29126,255,2.93
141,30947,0,2.93
141,30947,26,5.79
141,30947,51,5.79
141,30947,77,5.79
141,30947,102,5.79
141,30947,128,5.79
141,30947,153,3.07
141,30947,179,3.07
141,30947,204,3.07
141,30947,230,3.07
141,30947,255,2.86
141,32767,0,2.86
141,32767,26,2.86
141,32767,51,2.86
141,32767,77,2.86
141,32767,102,3.71
141,32767,128,3.71
141,32767,153,3.71
141,32767,179,3.71
141,32767,204,3.71
141,32767,230,3.0
141,32767,255,3.0
141,34588,0,3.0
141,34588,26,3.0
141,34588,51,3.0
141,34588,77,5.36
141,34588,102,5.36
141,34588,128,5.36
141,34588,153,5.36
141,34588,179,3.29
141,34588,204,3.29
141,34588,230,3.29
141,34588,255,3.29
141,36408,0,3.29
141,36408,26,5.79
141,36408,51,5.79
141,36408,77,5.79
141,36408,102,5.79
141,36408,128,5.79
141,36408,153,3.79
141,36408,179,3.79
141,36408,204,3.79
141,36408,230,3.79
141,36408,255,3.36
141,38228,0,3.36
141,38228,26,3.36
141,38228,51,3.36
141,38228,77,3.36
141,38228,102,5.57
141,38228,128,5.57
141,38228,153,5.57
141,38228,179,5.57
141,38228,204,5.57
141,38228,230,3.14
141,38228,255,3.14
141,40049,0,3.14
141,40049,26,3.14
141,40049,51,6.65
141,40049,77,6.65
141,40049,102,6.65
141,40049,128,6.65
141,40049,153,6.65
141,40049,179,3.0
141,40049,204,3.0
141,40049,230,3.0
141,40049,255,3.0
141,41869,0,3.0
141,41869,26,5.86
141,41869,51,5.86
141,41869,77,5.86
141,41869,102,5.86
141,41869,128,5.86
141,41869,153,5.86
141,41869,179,3.21
141,41869,204,3.21
141,41869,230,3.21
141,41869,255,2.57
141,43690,0,2.57
141,43690,26,2.57
141,43690,51,2.57
141,43690,77,2.57
141,43690,102,2.57
141,43690,128,3.5
141,43690,153,3.5
141,43690,179,3.5
141,43690,204,3.5
141,43690,230,3.5
141,43690,255,2.64
141,45510,0,2.64
141,45510,26,2.64
141,45510,51,6.29
141,45510,77,6.29
141,45510,102,6.29
141,45510,128,6.29
141,45510,153,6.29
141,45510,179,6.29
141,45510,204,2.93
141,45510,230,2.93
141,45510,255,2.93
141,47330,0,2.93
141,47330,26,2.93
141,47330,51,6.58
141,47330,77,6.58
141,47330,102,6.58
141,47330,128,6.58
141,47330,153,6.58
141,47330,179,3.21
141,47330,204,3.21
141,47330,230,3.21
141,47330,255,3.21
141,49151,0,2.71
141,49151,26,2.71
141,49151,51,2.71
141,49151,77,2.71
141,49151,102,2.71
141,49151,128,4.43
141,49151,153,4.43
141,49151,179,4.43
141,49151,204,4.43
141,49151,230,4.43
141,49151,255,3.0
141,50971,0,3.0
141,50971,26,3.0
141,50971,51,3.0
141,50971,77,4.36
141,50971,102,4.36
141,50971,128,4.36
141,50971,153,4.36
141,50971,179,4.36
141,50971,204,3.5
141,50971,230,3.5
141,50971,255,3.5
141,52792,0,3.5
141,52792,26,3.5
141,52792,51,6.22
141,52792,77,6.22
141,52792,102,6.22
141,52792,128,6.22
141,52792,153,6.22
141,52792,179,3.29
141,52792,204,3.29
141,52792,230,3.29
141,52792,255,3.29
141,54612,0,5.79
141,54612,26,5.79
141,54612,51,5.79
141,54612,77,5.79
141,54612,102,5.79
141,54612,128,3.36
141,54612,153,3.36
141,54612,179,3.36
141,54612,204,3.36
141,54612,230,3.36
141,54612,255,3.0
141,56432,0,3.0
141,56432,26,3.0
141,56432,51,3.0
141,56432,77,3.57
141,56432,102,3.57
141,56432,128,3.57
141,56432,153,3.57
141,56432,179,3.57
141,56432,204,2.93
141,56432,230,2.93
141,56432,255,2.93
141,58253,0,2.93
141,58253,26,2.93
141,58253,51,5.43
141,58253,77,5.43
141,58253,102,5.43
141,58253,128,5.43
141,58253,153,5.43
141,58253,179,5.43
141,58253,204,3.0
141,58253,230,3.0
141,58253,255,3.0
141,60073,0,5.79
141,60073,26,5.79
141,60073,51,5.79
141,60073,77,5.79
141,60073,102,5.79
141,60073,128,3.0
141,60073,153,3.0
141,60073,179,3.0
141,60073,204,3.0
141,60073,230,3.0
141,60073,255,3.0
141,61894,0,2.71
141,61894,26,2.71
141,61894,51,2.71
141,61894,77,2.71
141,61894,102,3.36
141,61894,128,3.36
141,61894,153,3.36
141,61894,179,3.36
141,61894,204,3.36
141,61894,230,2.71
141,61894,255,2.71
141,63714,0,2.71
141,63714,26,2.71
141,63714,51,2.71
141,63714,77,3.86
141,63714,102,3.86
141,63714,128,3.86
141,63714,153,3.86
141,63714,179,3.86
141,63714,204,2.71
141,63714,230,2.71
141,63714,255,2.71
141,65534,0,2.71
141,65534,26,5.79
141,65534,51,5.79
141,65534,77,5.79
141,65534,102,5.79
141,65534,128,5.79
141,65534,153,2.78
141,65534,179,2.78
141,65534,204,2.78
141,65534,230,2.78
141,65534,255,2.78
151,0,0,2.64
151,0,26,2.64
151,0,51,2.64
151,0,77,2.64
151,0,102,3.21
151,0,128,3.21
151,0,153,3.21
151,0,179,3.21
151,0,204,3.21
151,0,230,2.78
151,0,255,2.78
151,1820,0,2.78
151,1820,26,2.78
151,1820,51,2.78
151,1820,77,5.22
151,1820,102,5.22
151,1820,128,5.22
151,1820,153,5.22
151,1820,179,3.07
151,1820,204,3.07
151,1820,230,3.07
151,1820,255,3.07
151,3641,0,3.07
151,3641,26,7.65
151,3641,51,7.65
151,3641,77,7.65
151,3641,102,7.65
151,3641,128,7.65
151,3641,153,4.29
151,3641,179,4.29
151,3641,204,4.29
151,3641,230,4.29
151,3641,255,4.29
151,5461,0,4.29
151,5461,26,2.86
151,5461,51,2.86
151,5461,77,2.86
151,5461,102,8.29
151,5461,128,8.29
151,5461,153,8.29
151,5461,179,8.29
151,5461,204,8.29
151,5461,230,8.29
151,5461,255,3.14
151,7282,0,3.14
151,7282,26,3.14
151,7282,51,3.14
151,7282,77,3.14
151,7282,102,8.15
151,7282,128,8.15
151,7282,153,8.15
151,7282,179,8.15
151,7282,204,6.15
151,7282,230,6.15
151,7282,255,6.15
151,9102,0,6.15
151,9102,26,6.15
151,9102,51,7.93
151,9102,77,7.93
151,9102,102,7.93
151,9102,128,7.93
151,9102,153,7.93
151,9102,179,5.72
151,9102,204,5.72
151,9102,230,5.72
151,9102,255,5.72
151,10922,0,3.57
151,10922,26,3.57
151,10922,51,3.57
151,10922,77,3.57
151,10922,102,3.57
151,10922,128,4.93
151,10922,153,4.93
151,10922,179,4.93
151,10922,204,4.93
151,10922,230,4.93
151,10922,255,3.79
151,12743,0,3.79
151,12743,26,3.79
151,12743,51,3.79
151,12743,77,4.93
151,12743,102,4.93
151,12743,128,4.93
151,12743,153,4.93
151,12743,179,4.93
151,12743,204,3.5
151,12743,230,3.5
151,12743,255,3.5
151,14563,0,3.5
151,14563,26,3.5
151,14563,51,8.22
151,14563,77,8.22
151,14563,102,8.22
151,14563,128,8.22
151,14563,153,3.36
151,14563,179,3.36
151,14563,204,3.36
151,14563,230,3.36
151,14563,255,3.36
151,16384,0,6.5
151,16384,26,6.5
151,16384,51,6.5
151,16384,77,6.5
151,16384,102,6.5
151,16384,128,3.36
151,16384,153,3.36
151,16384,179,3.36
151,16384,204,3.36
151,16384,230,3.36
151,16384,255,3.36
151,18204,0,3.0
151,18204,26,3.0
151,18204,51,3.0
151,18204,77,3.86
151,18204,102,3.86
151,18204,128,3.86
151,18204,153,3.86
151,18204,179,3.86
151,18204,204,3.86
151,18204,230,2.93
151,18204,255,2.93
151,20024,0,2.93
151,20024,26,2.93
151,20024,51,2.93
151,20024,77,4.5
151,20024,102,4.5
151,20024,128,4.5
151,20024,153,4.5
151,20024,179,4.5
151,20024,204,2.93
151,20024,230,2.93
151,20024,255,2.93
151,21845,0,2.93
151,21845,26,6.5
151,21845,51,6.5
151,21845,77,6.5
151,21845,102,6.5
151,21845,128,6.5
151,21845,153,3.0
151,21845,179,3.0
151,21845,204,3.0
151,21845,230,3.0
151,21845,255,3.0
151,23665,0,2.71
151,23665,26,2.71
151,23665,51,2.71
151,23665,77,2.71
151,23665,102,3.57
151,23665,128,3.57
151,23665,153,3.57
151,23665,179,3.57
151,23665,204,3.57
151,23665,230,2.71
151,23665,255,2.71
151,25486,0,2.71
151,25486,26,2.71
151,25486,51,2.71
151,25486,77,4.64
151,25486,102,4.64
151,25486,128,4.64
151,25486,153,4.64
151,25486,179,4.64
151,25486,204,2.93
151,25486,230,2.93
151,25486,255,2.93
151,27306,0,2.93
151,27306,26,6.5
151,27306,51,6.5
151,27306,77,6.5
151,27306,102,6.5
151,27306,128,6.5
151,27306,153,3.14
151,27306,179,3.14
151,27306,204,3.14
151,27306,230,3.14
151,27306,255,3.14
151,29126,0,2.86
151,29126,26,2.86
151,29126,51,2.86
151,29126,77,2.86
151,29126,102,3.5
151,29126,128,3.5
151,29126,153,3.5
151,29126,179,3.5
151,29126,204,3.5
151,29126,230,3.0
151,29126,255,3.0
151,30947,0,3.0
151,30947,26,3.0
151,30947,51,3.0
151,30947,77,5.0
151,30947,102,5.0
151,30947,128,5.0
151,30947,153,5.0
151,30947,179,3.14
151,30947,204,3.14
151,30947,230,3.14
151,30947,255,3.14
151,32767,0,3.14
151,32767,26,7.22
151,32767,51,7.22
151,32767,77,7.22
151,32767,102,7.22
151,32767,128,7.22
151,32767,153,3.43
151,32767,179,3.43
151,32767,204,3.43
151,32767,230,3.43
151,32767,255,3.43
151,34588,0,3.43
151,34588,26,3.21
151,34588,51,3.21
151,34588,77,3.21
151,34588,102,4.07
151,34588,128,4.07
151,34588,153,4.07
151,34588,179,4.07
151,34588,204,4.07
151,34588,230,4.07
151,34588,255,3.43
151,36408,0,3.43
151,36408,26,3.43
151,36408,51,3.43
151,36408,77,3.43
151,36408,102,6.22
151,36408,128,6.22
151,36408,153,6.22
151,36408,179,6.22
151,36408,204,3.86
151,36408,230,3.86
151,36408,255,3.86
151,38228,0,3.86
151,38228,26,3.86
151,38228,51,6.58
151,38228,77,6.58
151,38228,102,6.58
151,38228,128,6.58
151,38228,153,6.58
151,38228,179,4.07
151,38228,204,4.07
151,38228,230,4.07
151,38228,255,4.07
151,40049,0,4.07
151,40049,26,6.22
151,40049,51,6.22
151,40049,77,6.22
151,40049,102,6.22
151,40049,128,4.57
151,40049,153,4.57
151,40049,179,4.57
151,40049,204,4.57
151,40049,230,4.57
151,40049,255,3.0
151,41869,0,3.0
151,41869,26,3.0
151,41869,51,3.0
151,41869,77,3.0
151,41869,102,5.07
151,41869,128,5.07
151,41869,153,5.07
151,41869,179,5.07
151,41869,204,2.86
151,41869,230,2.86
151,41869,255,2.86
151,43690,0,2.86
151,43690,26,2.86
151,43690,51,7.0
151,43690,77,7.0
151,43690,102,7.0
151,43690,128,7.0
151,43690,153,7.0
151,43690,179,3.07
151,43690,204,3.07
151,43690,230,3.07
151,43690,255,3.07
151,45510,0,3.07
151,45510,26,6.5
151,45510,51,6.5
151,45510,77,6.5
151,45510,102,6.5
151,45510,128,3.57
151,45510,153,3.57
151,45510,179,3.57
151,45510,204,3.57
151,45510,230,3.57
151,45510,255,2.78
151,47330,0,2.78
151,47330,26,2.78
151,47330,51,2.78
151,47330,77,2.78
151,47330,102,5.36
151,47330,128,5.36
151,47330,153,5.36
151,47330,179,5.36
151,47330,204,3.07
151,47330,230,3.07
151,47330,255,3.07
151,49151,0,3.07
151,49151,26,3.07
151,49151,51,6.5
151,49151,77,6.5
151,49151,102,6.5
151,49151,128,6.5
151,49151,153,6.5
151,49151,179,3.93
151,49151,204,3.93
151,49151,230,3.93
151,49151,255,3.93
151,50971,0,3.93
151,50971,26,6.5
151,50971,51,6.5
151,50971,77,6.5
151,50971,102,6.5
151,50971,128,4.07
151,50971,153,4.07
151,50971,179,4.07
151,50971,204,4.07
151,50971,230,4.07
151,50971,255,3.64
151,52792,0,3.64
151,52792,26,3.64
151,52792,51,3.64
151,52792,77,3.64
151,52792,102,3.64
151,52792,128,4.36
151,52792,153,4.36
151,52792,179,4.36
151,52792,204,3.43
151,52792,230,3.43
151,52792,255,3.43
151,54612,0,3.43
151,54612,26,3.43
151,54612,51,4.64
151,54612,77,4.64
151,54612,102,4.64
151,54612,128,4.64
151,54612,153,4.64
151,54612,179,4.64
151,54612,204,3.21
151,54612,230,3.21
151,54612,255,3.21
151,56432,0,3.21
151,56432,26,6.5
151,56432,51,6.5
151,56432,77,6.5
151,56432,102,6.5
151,56432,128,6.5
151,56432,153,3.36
151,56432,179,3.36
151,56432,204,3.36
151,56432,230,3.36
151,56432,255,3.36
151,58253,0,3.14
151,58253,26,3.14
151,58253,51,3.14
151,58253,77,3.14
151,58253,102,3.14
151,58253,128,3.5
151,58253,153,3.5
151,58253,179,3.5
151,58253,204,3.5
151,58253,230,3.0
151,58253,255,3.0
151,60073,0,3.0
151,60073,26,3.0
151,60073,51,3.0
151,60073,77,4.43
151,60073,102,4.43
151,60073,128,4.43
151,60073,153,4.43
151,60073,179,4.43
151,60073,204,3.0
151,60073,230,3.0
151,60073,255,3.0
151,61894,0,3.0
151,61894,26,5.93
151,61894,51,5.93
151,61894,77,5.93
151,61894,102,5.93
151,61894,128,5.93
151,61894,153,3.07
151,61894,179,3.07
151,61894,204,3.07
151,61894,230,3.07
151,61894,255,3.07
151,63714,0,2.86
151,63714,26,2.86
151,63714,51,2.86
151,63714,77,2.86
151,63714,102,2.86
151,63714,128,3.29
151,63714,153,3.29
151,63714,179,3.29
151,63714,204,3.29
151,63714,230,2.78
151,63714,255,2.78
151,65534,0,2.78
151,65534,26,2.78
151,65534,51,2.78
151,65534,77,3.64
151,65534,102,3.64
151,65534,128,3.64
151,65534,153,3.64
151,65534,179,3.64
151,65534,204,2.86
151,65534,230,2.86
151,65534,255,2.86
161,0,0,2.86
161,0,26,7.08
161,0,51,7.08
161,0,77,7.08
161,0,102,7.08
161,0,128,7.08
161,0,153,3.14
161,0,179,3.14
161,0,204,3.14
161,0,230,3.14
161,0,255,3.14
161,1820,0,3.14
161,1820,26,6.65
161,1820,51,6.65
161,1820,77,6.65
161,1820,102,6.65
161,1820,128,6.65
161,1820,153,4.07
161,1820,179,4.07
161,1820,204,4.07
161,1820,230,4.07
161,1820,255,3.0
161,3641,0,3.0
161,3641,26,3.0
161,3641,51,3.0
161,3641,77,3.0
161,3641,102,6.93
161,3641,128,6.93
161,3641,153,6.93
161,3641,179,6.93
161,3641,204,6.93
161,3641,230,3.5
161,3641,255,3.5
161,5461,0,3.5
161,5461,26,3.5
161,5461,51,8.51
161,5461,77,8.51
161,5461,102,8.51
161,5461,128,8.51
161,5461,153,8.51
161,5461,179,7.72
161,5461,204,7.72
161,5461,230,7.72
161,5461,255,7.72
161,7282,0,7.72
161,7282,26,7.29
161,7282,51,7.29
161,7282,77,7.29
161,7282,102,7.29
161,7282,128,8.15
161,7282,153,8.15
161,7282,179,8.15
161,7282,204,8.15
161,7282,230,8.15
161,7282,255,3.57
161,9102,0,3.57
161,9102,26,3.57
161,9102,51,3.57
161,9102,77,3.57
161,9102,102,8.29
161,9102,128,8.29
161,9102,153,8.29
161,9102,179,8.29
161,9102,204,4.0
161,9102,230,4.0
161,9102,255,4.0
161,10922,0,4.0
161,10922,26,4.0
161,10922,51,8.08
161,10922,77,8.08
161,10922,102,8.08
161,10922,128,8.08
161,10922,153,8.08
161,10922,179,4.79
161,10922,204,4.79
161,10922,230,4.79
161,10922,255,4.79
161,12743,0,4.79
161,12743,26,4.79
161,12743,51,7.22
161,12743,77,7.22
161,12743,102,7.22
161,12743,128,4.43
161,12743,153,4.43
161,12743,179,4.43
161,12743,204,4.43
161,12743,230,4.43
161,12743,255,3.64
161,14563,0,3.64
161,14563,26,3.64
161,14563,51,3.64
161,14563,77,3.64
161,14563,102,3.64
161,14563,128,4.93
161,14563,153,4.93
161,14563,179,4.93
161,14563,204,3.43
161,14563,230,3.43
161,14563,255,3.43
161,16384,0,3.43
161,16384,26,3.43
161,16384,51,3.43
161,16384,77,5.72
161,16384,102,5.72
161,16384,128,5.72
161,16384,153,5.72
161,16384,179,5.72
161,16384,204,3.43
161,16384,230,3.43
161,16384,255,3.43
161,18204,0,3.43
161,18204,26,3.43
161,18204,51,7.22
161,18204,77,7.22
161,18204,102,7.22
161,18204,128,7.22
161,18204,153,3.5
161,18204,179,3.5
161,18204,204,3.5
161,18204,230,3.5
161,18204,255,3.5
161,20024,0,3.0
161,20024,26,3.0
161,20024,51,3.0
161,20024,77,3.0
161,20024,102,3.0
161,20024,128,3.57
161,20024,153,3.57
161,20024,179,3.57
161,20024,204,3.57
161,20024,230,3.0
161,20024,255,3.0
161,21845,0,3.0
161,21845,26,3.0
161,21845,51,3.0
161,21845,77,7.65
161,21845,102,7.65
161,21845,128,7.65
161,21845,153,7.65
161,21845,179,7.65
161,21845,204,3.07
161,21845,230,3.07
161,21845,255,3.07
161,23665,0,3.07
161,23665,26,8.15
161,23665,51,8.15
161,23665,77,8.15
161,23665,102,8.15
161,23665,128,8.15
161,23665,153,3.21
161,23665,179,3.21
161,23665,204,3.21
161,23665,230,3.21
161,23665,255,3.21
161,25486,0,2.93
161,25486,26,2.93
161,25486,51,2.93
161,25486,77,2.93
161,25486,102,2.93
161,25486,128,3.64
161,25486,153,3.64
161,25486,179,3.64
161,25486,204,3.64
161,25486,230,3.0
161,25486,255,3.0
161,27306,0,3.0
161,27306,26,3.0
161,27306,51,3.0
161,27306,77,4.22
161,27306,102,4.22
161,27306,128,4.22
161,27306,153,4.22
161,27306,179,4.22
161,27306,204,3.14
161,27306,230,3.14
161,27306,255,3.14
161,29126,0,3.14
161,29126,26,7.79
161,29126,51,7.79
161,29126,77,7.79
161,29126,102,7.79
161,29126,128,7.79
161,29126,153,3.43
161,29126,179,3.43
161,29126,204,3.43
161,29126,230,3.43
161,29126,255,3.43
161,30947,0,3.43
161,30947,26,7.22
161,30947,51,7.22
161,30947,77,7.22
161,30947,102,7.22
161,30947,128,7.22
161,30947,153,3.93
161,30947,179,3.93
161,30947,204,3.93
161,30947,230,3.93
161,30947,255,3.29
161,32767,0,3.29
161,32767,26,3.29
161,32767,51,3.29
161,32767,77,3.29
161,32767,102,4.64
161,32767,128,4.64
161,32767,153,4.64
161,32767,179,4.64
161,32767,204,4.64
161,32767,230,3.5
161,32767,255,3.5
161,34588,0,3.5
161,34588,26,3.5
161,34588,51,7.79
161,34588,77,7.79
161,34588,102,7.79
161,34588,128,7.79
161,34588,153,7.79
161,34588,179,3.86
161,34588,204,3.86
161,34588,230,3.86
161,34588,255,3.86
161,36408,0,3.86
161,36408,26,7.22
161,36408,51,7.22
161,36408,77,7.22
161,36408,102,7.22
161,36408,128,4.64
161,36408,153,4.64
161,36408,179,4.64
161,36408,204,4.64
161,36408,230,4.64
161,36408,255,4.36
161,38228,0,4.36
161,38228,26,4.36
161,38228,51,4.36
161,38228,77,4.36
161,38228,102,6.93
161,38228,128,6.93
161,38228,153,6.93
161,38228,179,6.93
161,38228,204,6.93
161,38228,230,3.79
161,38228,255,3.79
161,40049,0,3.79
161,40049,26,3.79
161,40049,51,8.44
161,40049,77,8.44
161,40049,102,8.44
161,40049,128,8.44
161,40049,153,8.44
161,40049,179,3.57
161,40049,204,3.57
161,40049,230,3.57
161,40049,255,3.57
161,41869,0,3.57
161,41869,26,7.22
161,41869,51,7.22
161,41869,77,7.22
161,41869,102,7.22
161,41869,128,3.93
161,41869,153,3.93
161,41869,179,3.93
161,41869,204,3.93
161,41869,230,3.93
161,41869,255,3.0
161,43690,0,3.0
161,43690,26,3.0
161,43690,51,3.0
161,43690,77,3.0
161,43690,102,4.22
161,43690,128,4.22
161,43690,153,4.22
161,43690,179,4.22
161,43690,204,4.22
161,43690,230,4.22
161,43690,255,3.0
161,45510,0,3.0
161,45510,26,3.0
161,45510,51,7.93
161,45510,77,7.93
161,45510,102,7.93
161,45510,128,7.93
161,45510,153,7.93
161,45510,179,7.93
161,45510,204,3.36
161,45510,230,3.36
161,45510,255,3.36
161,47330,0,3.36
161,47330,26,3.36
161,47330,51,8.44
161,47330,77,8.44
161,47330,102,8.44
161,47330,128,8.44
161,47330,153,4.36
161,47330,179,4.36
161,47330,204,4.36
161,47330,230,4.36
161,47330,255,4.36
161,49151,0,3.07
161,49151,26,3.07
161,49151,51,3.07
161,49151,77,3.07
161,49151,102,3.07
161,49151,128,5.5
161,49151,153,5.5
161,49151,179,5.5
161,49151,204,5.5
161,49151,230,5.5
161,49151,255,3.57
161,50971,0,3.57
161,50971,26,3.57
161,50971,51,3.57
161,50971,77,6.22
161,50971,102,6.22
161,50971,128,6.22
161,50971,153,6.22
161,50971,179,6.22
161,50971,204,4.22
161,50971,230,4.22
161,50971,255,4.22
161,52792,0,4.22
161,52792,26,4.22
161,52792,51,7.86
161,52792,77,7.86
161,52792,102,7.86
161,52792,128,7.86
161,52792,153,3.86
161,52792,179,3.86
161,52792,204,3.86
161,52792,230,3.86
161,52792,255,3.86
161,54612,0,3.86
161,54612,26,3.86
161,54612,51,3.86
161,54612,77,3.86
161,54612,102,3.86
161,54612,128,4.07
161,54612,153,4.07
161,54612,179,4.07
161,54612,204,4.07
161,54612,230,4.07
161,54612,255,3.5
161,56432,0,3.5
161,56432,26,3.5
161,56432,51,3.5
161,56432,77,4.36
161,56432,102,4.36
161,56432,128,4.36
161,56432,153,4.36
161,56432,179,4.36
161,56432,204,3.43
161,56432,230,3.43
161,56432,255,3.43
161,58253,0,3.43
161,58253,26,3.43
161,58253,51,6.79
161,58253,77,6.79
161,58253,102,6.79
161,58253,128,6.79
161,58253,153,3.43
161,58253,179,3.43
161,58253,204,3.43
161,58253,230,3.43
161,58253,255,3.43
161,60073,0,7.29
161,60073,26,7.29
161,60073,51,7.29
161,60073,77,7.29
161,60073,102,7.29
161,60073,128,3.79
161,60073,153,3.79
161,60073,179,3.79
161,60073,204,3.79
161,60073,230,3.79
161,60073,255,3.79
161,61894,0,3.14
161,61894,26,3.14
161,61894,51,3.14
161,61894,77,4.07
161,61894,102,4.07
161,61894,128,4.07
161,61894,153,4.07
161,61894,179,4.07
161,61894,204,4.07
161,61894,230,3.07
161,61894,255,3.07
161,63714,0,3.07
161,63714,26,3.07
161,63714,51,3.07
161,63714,77,6.65
161,63714,102,6.65
161,63714,128,6.65
161,63714,153,6.65
161,63714,179,3.21
161,63714,204,3.21
161,63714,230,3.21
161,63714,255,3.21
161,65534,0,3.21
161,65534,26,7.29
161,65534,51,7.29
161,65534,77,7.29
161,65534,102,7.29
161,65534,128,7.29
161,65534,153,3.29
161,65534,179,3.29
161,65534,204,3.29
161,65534,230,3.29
161,65534,255,3.0
171,0,0,3.0
171,0,26,3.0
171,0,51,3.0
171,0,77,3.0
171,0,102,4.29
171,0,128,4.29
171,0,153,4.29
171,0,179,4.29
171,0,204,4.29
171,0,230,3.14
171,0,255,3.14
171,1820,0,3.14
171,1820,26,3.14
171,1820,51,3.14
171,1820,77,6.43
171,1820,102,6.43
171,1820,128,6.43
171,1820,153,6.43
171,1820,179,3.71
171,1820,204,3.71
171,1820,230,3.71
171,1820,255,3.71
171,3641,0,3.71
171,3641,26,8.08
171,3641,51,8.08
171,3641,77,8.08
171,3641,102,8.08
171,3641,128,8.08
171,3641,153,5.22
171,3641,179,5.22
171,3641,204,5.22
171,3641,230,5.22
171,3641,255,3.29
171,5461,0,3.29
171,5461,26,3.29
171,5461,51,3.29
171,5461,77,3.29
171,5461,102,10.44
171,5461,128,10.44
171,5461,153,10.44
171,5461,179,10.44
171,5461,204,10.44
171,5461,230,10.44
171,5461,255,3.93
171,7282,0,3.93
171,7282,26,3.93
171,7282,51,10.29
171,7282,77,10.29
171,7282,102,10.29
171,7282,128,10.29
171,7282,153,10.29
171,7282,179,10.29
171,7282,204,7.65
171,7282,230,7.65
171,7282,255,7.65
171,9102,0,7.65
171,9102,26,7.65
171,9102,51,10.08
171,9102,77,10.08
171,9102,102,10.08
171,9102,128,10.08
171,9102,153,7.51
171,9102,179,7.51
171,9102,204,7.51
171,9102,230,7.51
171,9102,255,7.51
171,10922,0,4.36
171,10922,26,4.36
171,10922,51,4.36
171,10922,77,4.36
171,10922,102,4.36
171,10922,128,6.15
171,10922,153,6.15
171,10922,179,6.15
171,10922,204,6.15
171,10922,230,4.57
171,10922,255,4.57
171,12743,0,4.57
171,12743,26,4.57
171,12743,51,4.57
171,12743,77,7.72
171,12743,102,7.72
171,12743,128,7.72
171,12743,153,7.72
171,12743,179,7.72
171,12743,204,4.22
171,12743,230,4.22
171,12743,255,4.22
171,14563,0,4.22
171,14563,26,4.22
171,14563,51,10.37
171,14563,77,10.37
171,14563,102,10.37
171,14563,128,10.37
171,14563,153,4.14
171,14563,179,4.14
171,14563,204,4.14
171,14563,230,4.14
171,14563,255,4.14
171,16384,0,3.71
171,16384,26,3.71
171,16384,51,3.71
171,16384,77,3.71
171,16384,102,3.71
171,16384,128,4.43
171,16384,153,4.43
171,16384,179,4.43
171,16384,204,4.43
171,16384,230,3.5
171,16384,255,3.5
171,18204,0,3.5
171,18204,26,3.5
171,18204,51,3.5
171,18204,77,4.72
171,18204,102,4.72
171,18204,128,4.72
171,18204,153,4.72
171,18204,179,4.72
171,18204,204,4.72
171,18204,230,3.5
171,18204,255,3.5
171,20024,0,3.5
171,20024,26,9.08
171,20024,51,9.08
171,20024,77,9.08
171,20024,102,9.08
171,20024,128,9.08
171,20024,153,9.08
171,20024,179,3.43
171,20024,204,3.43
171,20024,230,3.43
171,20024,255,3.43
171,21845,0,3.43
171,21845,26,8.08
171,21845,51,8.08
171,21845,77,8.08
171,21845,102,8.08
171,21845,128,8.08
171,21845,153,3.79
171,21845,179,3.79
171,21845,204,3.79
171,21845,230,3.79
171,21845,255,3.14
171,23665,0,3.14
171,23665,26,3.14
171,23665,51,3.14
171,23665,77,3.14
171,23665,102,4.43
171,23665,128,4.43
171,23665,153,4.43
171,23665,179,4.43
171,23665,204,4.43
171,23665,230,3.14
171,23665,255,3.14
171,25486,0,3.14
171,25486,26,3.14
171,25486,51,7.58
171,25486,77,7.58
171,25486,102,7.58
171,25486,128,7.58
171,25486,153,7.58
171,25486,179,3.43
171,25486,204,3.43
171,25486,230,3.43
171,25486,255,3.43
171,27306,0,3.43
171,27306,26,8.08
171,27306,51,8.08
171,27306,77,8.08
171,27306,102,8.08
171,27306,128,8.08
171,27306,153,3.79
171,27306,179,3.79
171,27306,204,3.79
171,27306,230,3.79
171,27306,255,3.29
171,29126,0,3.29
171,29126,26,3.29
171,29126,51,3.29
171,29126,77,3.29
171,29126,102,4.86
171,29126,128,4.86
171,29126,153,4.86
171,29126,179,4.86
171,29126,204,4.86
171,29126,230,3.43
171,29126,255,3.43
171,30947,0,3.43
171,30947,26,3.43
171,30947,51,6.15
171,30947,77,6.15
171,30947,102,6.15
171,30947,128,6.15
171,30947,153,6.15
171,30947,179,3.79
171,30947,204,3.79
171,30947,230,3.79
171,30947,255,3.79
171,32767,0,3.79
171,32767,26,8.08
171,32767,51,8.08
171,32767,77,8.08
171,32767,102,8.08
171,32767,128,8.08
171,32767,153,4.22
171,32767,179,4.22
171,32767,204,4.22
171,32767,230,4.22
171,32767,255,3.86
171,34588,0,3.86
171,34588,26,3.86
171,34588,51,3.86
171,34588,77,3.86
171,34588,102,5.07
171,34588,128,5.07
171,34588,153,5.07
171,34588,179,5.07
171,34588,204,5.07
171,34588,230,5.07
171,34588,255,4.14
171,36408,0,4.14
171,36408,26,4.14
171,36408,51,4.14
171,36408,77,8.86
171,36408,102,8.86
171,36408,128,8.86
171,36408,153,8.86
171,36408,179,8.86
171,36408,204,4.79
171,36408,230,4.79
171,36408,255,4.79
171,38228,0,4.79
171,38228,26,4.79
171,38228,51,8.22
171,38228,77,8.22
171,38228,102,8.22
171,38228,128,8.22
171,38228,153,5.57
171,38228,179,5.57
171,38228,204,5.57
171,38228,230,5.57
171,38228,255,5.57
171,40049,0,3.79
171,40049,26,3.79
171,40049,51,3.79
171,40049,77,3.79
171,40049,102,3.79
171,40049,128,5.57
171,40049,153,5.57
171,40049,179,5.57
171,40049,204,5.57
171,40049,230,5.57
171,40049,255,3.43
171,41869,0,3.43
171,41869,26,3.43
171,41869,51,3.43
171,41869,77,9.08
171,41869,102,9.08
171,41869,128,9.08
171,41869,153,9.08
171,41869,179,9.08
171,41869,204,3.57
171,41869,230,3.57
171,41869,255,3.57
171,43690,0,3.57
171,43690,26,3.57
171,43690,51,8.79
171,43690,77,8.79
171,43690,102,8.79
171,43690,128,8.79
171,43690,153,3.64
171,43690,179,3.64
171,43690,204,3.64
171,43690,230,3.64
171,43690,255,3.64
171,45510,0,3.21
171,45510,26,3.21
171,45510,51,3.21
171,45510,77,3.21
171,45510,102,3.21
171,45510,128,5.07
171,45510,153,5.07
171,45510,179,5.07
171,45510,204,5.07
171,45510,230,5.07
171,45510,255,3.21
171,47330,0,3.21
171,47330,26,3.21
171,47330,51,3.21
171,47330,77,6.72
171,47330,102,6.72
171,47330,128,6.72
171,47330,153,6.72
171,47330,179,6.72
171,47330,204,3.93
171,47330,230,3.93
171,47330,255,3.93
171,49151,0,3.93
171,49151,26,3.93
171,49151,51,3.93
171,49151,77,9.65
171,49151,102,9.65
171,49151,128,9.65
171,49151,153,4.79
171,49151,179,4.79
171,49151,204,4.79
171,49151,230,4.79
171,49151,255,4.79
171,50971,0,8.15
171,50971,26,8.15
171,50971,51,8.15
171,50971,77,8.15
171,50971,102,8.15
171,50971,128,8.15
171,50971,153,5.29
171,50971,179,5.29
171,50971,204,5.29
171,50971,230,5.29
171,50971,255,5.29
171,52792,0,4.57
171,52792,26,4.57
171,52792,51,4.57
171,52792,77,4.57
171,52792,102,5.29
171,52792,128,5.29
171,52792,153,5.29
171,52792,179,5.29
171,52792,204,5.29
171,52792,230,4.14
171,52792,255,4.14
171,54612,0,4.14
171,54612,26,4.14
171,54612,51,4.14
171,54612,77,6.07
171,54612,102,6.07
171,54612,128,6.07
171,54612,153,6.07
171,54612,179,4.07
171,54612,204,4.07
171,54612,230,4.07
171,54612,255,4.07
171,56432,0,4.07
171,56432,26,8.15
171,56432,51,8.15
171,56432,77,8.15
171,56432,102,8.15
171,56432,128,8.15
171,56432,153,4.07
171,56432,179,4.07
171,56432,204,4.07
171,56432,230,4.07
171,56432,255,4.07
171,58253,0,3.64
171,58253,26,3.64
171,58253,51,3.64
171,58253,77,3.64
171,58253,102,4.72
171,58253,128,4.72
171,58253,153,4.72
171,58253,179,4.72
171,58253,204,4.72
171,58253,230,3.57
171,58253,255,3.57
171,60073,0,3.57
171,60073,26,3.57
171,60073,51,3.57
171,60073,77,5.43
171,60073,102,5.43
171,60073,128,5.43
171,60073,153,5.43
171,60073,179,3.5
171,60073,204,3.5
171,60073,230,3.5
171,60073,255,3.5
171,61894,0,3.5
171,61894,26,8.15
171,61894,51,8.15
171,61894,77,8.15
171,61894,102,8.15
171,61894,128,8.15
171,61894,153,3.79
171,61894,179,3.79
171,61894,204,3.79
171,61894,230,3.79
171,61894,255,3.21
171,63714,0,3.21
171,63714,26,3.21
171,63714,51,3.21
171,63714,77,3.21
171,63714,102,3.93
171,63714,128,3.93
171,63714,153,3.93
171,63714,179,3.93
171,63714,204,3.93
171,63714,230,3.21
171,63714,255,3.21
171,65534,0,3.21
171,65534,26,3.21
171,65534,51,3.21
171,65534,77,3.21
171,65534,102,5.22
171,65534,128,5.22
171,65534,153,5.22
171,65534,179,3.21
171,65534,204,3.21
171,65534,230,3.21
171,65534,255,3.21
181,0,0,3.21
181,0,26,8.86
181,0,51,8.86
181,0,77,8.86
181,0,102,8.86
181,0,128,8.86
181,0,153,8.86
181,0,179,3.86
181,0,204,3.86
181,0,230,3.86
181,0,255,3.86
181,1820,0,3.36
181,1820,26,3.36
181,1820,51,3.36
181,1820,77,3.36
181,1820,102,3.36
181,1820,128,4.86
181,1820,153,4.86
181,1820,179,4.86
181,1820,204,4.86
181,1820,230,4.86
181,1820,255,3.5
181,3641,0,3.5
181,3641,26,3.5
181,3641,51,3.5
181,3641,77,11.65
181,3641,102,11.65
181,3641,128,11.65
181,3641,153,11.65
181,3641,179,11.65
181,3641,204,4.5
181,3641,230,4.5
181,3641,255,4.5
181,5461,0,4.5
181,5461,26,4.5
181,5461,51,10.58
181,5461,77,10.58
181,5461,102,10.58
181,5461,128,10.58
181,5461,153,10.58
181,5461,179,9.58
181,5461,204,9.58
181,5461,230,9.58
181,5461,255,9.58
181,7282,0,7.43
181,7282,26,7.43
181,7282,51,7.43
181,7282,77,7.43
181,7282,102,7.43
181,7282,128,11.58
181,7282,153,11.58
181,7282,179,11.58
181,7282,204,11.58
181,7282,230,11.58
181,7282,255,4.36
181,9102,0,4.36
181,9102,26,4.36
181,9102,51,4.36
181,9102,77,10.44
181,9102,102,10.44
181,9102,128,10.44
181,9102,153,10.44
181,9102,179,10.44
181,9102,204,5.36
181,9102,230,5.36
181,9102,255,5.36
181,10922,0,5.36
181,10922,26,5.36
181,10922,51,5.36
181,10922,77,11.65
181,10922,102,11.65
181,10922,128,11.65
181,10922,153,5.86
181,10922,179,5.86
181,10922,204,5.86
181,10922,230,5.86
181,10922,255,5.86
181,12743,0,9.01
181,12743,26,9.01
181,12743,51,9.01
181,12743,77,9.01
181,12743,102,9.01
181,12743,128,9.01
181,12743,153,5.36
181,12743,179,5.36
181,12743,204,5.36
181,12743,230,5.36
181,12743,255,5.36
181,14563,0,4.43
181,14563,26,4.43
181,14563,51,4.43
181,14563,77,4.43
181,14563,102,6.07
181,14563,128,6.07
181,14563,153,6.07
181,14563,179,6.07
181,14563,204,6.07
181,14563,230,4.22
181,14563,255,4.22
181,16384,0,4.22
181,16384,26,4.22
181,16384,51,4.22
181,16384,77,7.08
181,16384,102,7.08
181,16384,128,7.08
181,16384,153,7.08
181,16384,179,4.14
181,16384,204,4.14
181,16384,230,4.14
181,16384,255,4.14
181,18204,0,4.14
181,18204,26,9.01
181,18204,51,9.01
181,18204,77,9.01
181,18204,102,9.01
181,18204,128,9.01
181,18204,153,4.14
181,18204,179,4.14
181,18204,204,4.14
181,18204,230,4.14
181,18204,255,3.43
181,20024,0,3.43
181,20024,26,3.43
181,20024,51,3.43
181,20024,77,3.43
181,20024,102,4.86
181,20024,128,4.86
181,20024,153,4.86
181,20024,179,4.86
181,20024,204,4.86
181,20024,230,3.5
181,20024,255,3.5
181,21845,0,3.5
181,21845,26,3.5
181,21845,51,3.5
181,21845,77,5.79
181,21845,102,5.79
181,21845,128,5.79
181,21845,153,5.79
181,21845,179,3.43
181,21845,204,3.43
181,21845,230,3.43
181,21845,255,3.43
181,23665,0,3.43
181,23665,26,9.79
181,23665,51,9.79
181,23665,77,9.79
181,23665,102,9.79
181,23665,128,9.79
181,23665,153,3.93
181,23665,179,3.93
181,23665,204,3.93
181,23665,230,3.93
181,23665,255,3.43
181,25486,0,3.43
181,25486,26,3.43
181,25486,51,3.43
181,25486,77,3.43
181,25486,102,4.36
181,25486,128,4.36
181,25486,153,4.36
181,25486,179,4.36
181,25486,204,4.36
181,25486,230,4.36
181,25486,255,3.43
181,27306,0,3.43
181,27306,26,3.43
181,27306,51,6.58
181,27306,77,6.58
181,27306,102,6.58
181,27306,128,6.58
181,27306,153,6.58
181,27306,179,6.58
181,27306,204,3.71
181,27306,230,3.71
181,27306,255,3.71
181,29126,0,3.71
181,29126,26,3.71
181,29126,51,9.72
181,29126,77,9.72
181,29126,102,9.72
181,29126,128,9.72
181,29126,153,9.72
181,29126,179,4.0
181,29126,204,4.0
181,29126,230,4.0
181,29126,255,4.0
181,30947,0,3.71
181,30947,26,3.71
181,30947,51,3.71
181,30947,77,3.71
181,30947,102,3.71
181,30947,128,4.72
181,30947,153,4.72
181,30947,179,4.72
181,30947,204,4.72
181,30947,230,4.72
181,30947,255,3.93
181,32767,0,3.93
181,32767,26,3.93
181,32767,51,3.93
181,32767,77,5.57
181,32767,102,5.57
181,32767,128,5.57
181,32767,153,5.57
181,32767,179,5.57
181,32767,204,4.29
181,32767,230,4.29
181,32767,255,4.29
181,34588,0,4.29
181,34588,26,4.29
181,34588,51,9.65
181,34588,77,9.65
181,34588,102,9.65
181,34588,128,9.65
181,34588,153,9.65
181,34588,179,4.79
181,34588,204,4.79
181,34588,230,4.79
181,34588,255,4.79
181,36408,0,9.01
181,36408,26,9.01
181,36408,51,9.01
181,36408,77,9.01
181,36408,102,9.01
181,36408,128,6.29
181,36408,153,6.29
181,36408,179,6.29
181,36408,204,6.29
181,36408,230,6.29
181,36408,255,5.22
181,38228,0,5.22
181,38228,26,5.22
181,38228,51,5.22
181,38228,77,8.65
181,38228,102,8.65
181,38228,128,8.65
181,38228,153,8.65
181,38228,179,8.65
181,38228,204,4.64
181,38228,230,4.64
181,38228,255,4.64
181,40049,0,4.64
181,40049,26,4.64
181,40049,51,4.64
181,40049,77,9.22
181,40049,102,9.22
181,40049,128,9.22
181,40049,153,9.22
181,40049,179,9.22
181,40049,204,4.72
181,40049,230,4.72
181,40049,255,4.72
181,41869,0,4.72
181,41869,26,9.01
181,41869,51,9.01
181,41869,77,9.01
181,41869,102,9.01
181,41869,128,9.01
181,41869,153,4.64
181,41869,179,4.64
181,41869,204,4.64
181,41869,230,4.64
181,41869,255,4.64
181,43690,0,3.43
181,43690,26,3.43
181,43690,51,3.43
181,43690,77,3.43
181,43690,102,6.43
181,43690,128,6.43
181,43690,153,6.43
181,43690,179,6.43
181,43690,204,6.43
181,43690,230,3.43
181,43690,255,3.43
181,45510,0,3.43
181,45510,26,3.43
181,45510,51,3.43
181,45510,77,9.87
181,45510,102,9.87
181,45510,128,9.87
181,45510,153,9.87
181,45510,179,9.87
181,45510,204,3.93
181,45510,230,3.93
181,45510,255,3.93
181,47330,0,3.93
181,47330,26,9.01
181,47330,51,9.01
181,47330,77,9.01
181,47330,102,9.01
181,47330,128,9.01
181,47330,153,5.22
181,47330,179,5.22
181,47330,204,5.22
181,47330,230,5.22
181,47330,255,5.22
181,49151,0,3.64
181,49151,26,3.64
181,49151,51,3.64
181,49151,77,3.64
181,49151,102,6.72
181,49151,128,6.72
181,49151,153,6.72
181,49151,179,6.72
181,49151,204,6.72
181,49151,230,4.57
181,49151,255,4.57
181,50971,0,4.57
181,50971,26,4.57
181,50971,51,4.57
181,50971,77,7.65
181,50971,102,7.65
181,50971,128,7.65
181,50971,153,7.65
181,50971,179,7.65
181,50971,204,5.14
181,50971,230,5.14
181,50971,255,5.14
181,52792,0,5.14
181,52792,26,9.79
181,52792,51,9.79
181,52792,77,9.79
181,52792,102,9.79
181,52792,128,9.79
181,52792,153,5.0
181,52792,179,5.0
181,52792,204,5.0
181,52792,230,5.0
181,52792,255,5.0
181,54612,0,4.72
181,54612,26,4.72
181,54612,51,4.72
181,54612,77,4.72
181,54612,102,4.93
181,54612,128,4.93
181,54612,153,4.93
181,54612,179,4.93
181,54612,204,4.93
181,54612,230,4.29
181,54612,255,4.29
181,56432,0,4.29
181,56432,26,4.29
181,56432,51,4.29
181,56432,77,4.29
181,56432,102,6.22
181,56432,128,6.22
181,56432,153,6.22
181,56432,179,6.22
181,56432,204,4.07
181,56432,230,4.07
181,56432,255,4.07
181,58253,0,4.07
181,58253,26,4.07
181,58253,51,8.36
181,58253,77,8.36
181,58253,102,8.36
181,58253,128,8.36
181,58253,153,8.36
181,58253,179,4.07
181,58253,204,4.07
181,58253,230,4.07
181,58253,255,4.07
181,60073,0,3.79
181,60073,26,3.79
181,60073,51,3.79
181,60073,77,3.79
181,60073,102,3.79
181,60073,128,4.5
181,60073,153,4.5
181,60073,179,4.5
181,60073,204,4.5
181,60073,230,4.5
181,60073,255,3.57
181,61894,0,3.57
181,61894,26,3.57
181,61894,51,3.57
181,61894,77,3.57
181,61894,102,4.86
181,61894,128,4.86
181,61894,153,4.86
181,61894,179,4.86
181,61894,204,3.71
181,61894,230,3.71
181,61894,255,3.71
181,63714,0,3.71
181,63714,26,3.71
181,63714,51,8.15
181,63714,77,8.15
181,63714,102,8.15
181,63714,128,8.15
181,63714,153,8.15
181,63714,179,3.71
181,63714,204,3.71
181,63714,230,3.71
181,63714,255,3.71
181,65534,0,9.01
181,65534,26,9.01
181,65534,51,9.01
181,65534,77,9.01
181,65534,102,9.01
181,65534,128,4.14
181,65534,153,4.14
181,65534,179,4.14
181,65534,204,4.14
181,65534,230,4.14
181,65534,255,3.43
191,0,0,3.43
191,0,26,3.43
191,0,51,3.43
191,0,77,5.07
191,0,102,5.07
191,0,128,5.07
191,0,153,5.07
191,0,179,5.07
191,0,204,3.64
191,0,230,3.64
191,0,255,3.64
191,1820,0,3.64
191,1820,26,3.64
191,1820,51,7.86
191,1820,77,7.86
191,1820,102,7.86
191,1820,128,7.86
191,1820,153,7.86
191,1820,179,7.86
191,1820,204,4.36
191,1820,230,4.36
191,1820,255,4.36
191,3641,0,9.94
191,3641,26,9.94
191,3641,51,9.94
191,3641,77,9.94
191,3641,102,9.94
191,3641,128,9.94
191,3641,153,6.22
191,3641,179,6.22
191,3641,204,6.22
191,3641,230,6.22
191,3641,255,6.22
191,5461,0,3.79
191,5461,26,3.79
191,5461,51,3.79
191,5461,77,3.79
191,5461,102,12.87
191,5461,128,12.87
191,5461,153,12.87
191,5461,179,12.87
191,5461,204,12.87
191,5461,230,4.64
191,5461,255,4.64
191,7282,0,4.64
191,7282,26,4.64
191,7282,51,4.64
191,7282,77,12.8
191,7282,102,12.8
191,7282,128,12.8
191,7282,153,12.8
191,7282,179,12.8
191,7282,204,9.36
191,7282,230,9.36
191,7282,255,9.36
191,9102,0,9.36
191,9102,26,9.94
191,9102,51,9.94
191,9102,77,9.94
191,9102,102,9.94
191,9102,128,9.94
191,9102,153,9.22
191,9102,179,9.22
191,9102,204,9.22
191,9102,230,9.22
191,9102,255,9.22
191,10922,0,5.22
191,10922,26,5.22
191,10922,51,5.22
191,10922,77,5.22
191,10922,102,7.36
191,10922,128,7.36
191,10922,153,7.36
191,10922,179,7.36
191,10922,204,7.36
191,10922,230,5.5
191,10922,255,5.5
191,12743,0,5.5
191,12743,26,5.5
191,12743,51,5.5
191,12743,77,9.51
191,12743,102,9.51
191,12743,128,9.51
191,12743,153,9.51
191,12743,179,5.07
191,12743,204,5.07
191,12743,230,5.07
191,12743,255,5.07
191,14563,0,5.07
191,14563,26,12.73
191,14563,51,12.73
191,14563,77,12.73
191,14563,102,12.73
191,14563,128,12.73
191,14563,153,5.14
191,14563,179,5.14
191,14563,204,5.14
191,14563,230,5.14
191,14563,255,5.14
191,16384,0,5.14
191,16384,26,4.36
191,16384,51,4.36
191,16384,77,4.36
191,16384,102,5.29
191,16384,128,5.29
191,16384,153,5.29
191,16384,179,5.29
191,16384,204,5.29
191,16384,230,4.07
191,16384,255,4.07
191,18204,0,4.07
191,18204,26,4.07
191,18204,51,4.07
191,18204,77,4.07
191,18204,102,5.65
191,18204,128,5.65
191,18204,153,5.65
191,18204,179,5.65
191,18204,204,5.65
191,18204,230,4.07
191,18204,255,4.07
191,20024,0,4.07
191,20024,26,4.07
191,20024,51,11.15
191,20024,77,11.15
191,20024,102,11.15
191,20024,128,11.15
191,20024,153,11.15
191,20024,179,4.0
191,20024,204,4.0
191,20024,230,4.0
191,20024,255,4.0
191,21845,0,4.0
191,21845,26,3.64
191,21845,51,3.64
191,21845,77,3.64
191,21845,102,3.64
191,21845,128,4.43
191,21845,153,4.43
191,21845,179,4.43
191,21845,204,4.43
191,21845,230,4.43
191,21845,255,3.57
191,23665,0,3.57
191,23665,26,3.57
191,23665,51,3.57
191,23665,77,3.57
191,23665,102,5.22
191,23665,128,5.22
191,23665,153,5.22
191,23665,179,5.22
191,23665,204,3.71
191,23665,230,3.71
191,23665,255,3.71
191,25486,0,3.71
191,25486,26,3.71
191,25486,51,11.15
191,25486,77,11.15
191,25486,102,11.15
191,25486,128,11.15
191,25486,153,11.15
191,25486,179,4.07
191,25486,204,4.07
191,25486,230,4.07
191,25486,255,4.07
191,27306,0,9.94
191,27306,26,9.94
191,27306,51,9.94
191,27306,77,9.94
191,27306,102,9.94
191,27306,128,4.43
191,27306,153,4.43
191,27306,179,4.43
191,27306,204,4.43
191,27306,230,4.43
191,27306,255,3.79
191,29126,0,3.79
191,29126,26,3.79
191,29126,51,3.79
191,29126,77,3.79
191,29126,102,5.65
191,29126,128,5.65
191,29126,153,5.65
191,29126,179,5.65
191,29126,204,4.07
191,29126,230,4.07
191,29126,255,4.07
191,30947,0,4.07
191,30947,26,4.07
191,30947,51,7.51
191,30947,77,7.51
191,30947,102,7.51
191,30947,128,7.51
191,30947,153,7.51
191,30947,179,4.5
191,30947,204,4.5
191,30947,230,4.5
191,30947,255,4.5
191,32767,0,9.94
191,32767,26,9.94
191,32767,51,9.94
191,32767,77,9.94
191,32767,102,9.94
191,32767,128,9.94
191,32767,153,5.0
191,32767,179,5.0
191,32767,204,5.0
191,32767,230,5.0
191,32767,255,5.0
191,34588,0,4.5
191,34588,26,4.5
191,34588,51,4.5
191,34588,77,4.5
191,34588,102,4.5
191,34588,128,6.93
191,34588,153,6.93
191,34588,179,6.93
191,34588,204,6.93
191,34588,230,4.93
191,34588,255,4.93
191,36408,0,4.93
191,36408,26,4.93
191,36408,51,4.93
191,36408,77,10.94
191,36408,102,10.94
191,36408,128,10.94
191,36408,153,10.94
191,36408,179,10.94
191,36408,204,5.72
191,36408,230,5.72
191,36408,255,5.72
191,38228,0,5.72
191,38228,26,10.01
191,38228,51,10.01
191,38228,77,10.01
191,38228,102,10.01
191,38228,128,10.01
191,38228,153,6.65
191,38228,179,6.65
191,38228,204,6.65
191,38228,230,6.65
191,38228,255,6.65
191,40049,0,4.43
191,40049,26,4.43
191,40049,51,4.43
191,40049,77,4.43
191,40049,102,4.43
191,40049,128,6.72
191,40049,153,6.72
191,40049,179,6.72
191,40049,204,6.72
191,40049,230,4.36
191,40049,255,4.36
191,41869,0,4.36
191,41869,26,4.36
191,41869,51,4.36
191,41869,77,11.15
191,41869,102,11.15
191,41869,128,11.15
191,41869,153,11.15
191,41869,179,11.15
191,41869,204,4.14
191,41869,230,4.14
191,41869,255,4.14
191,43690,0,4.14
191,43690,26,10.8
191,43690,51,10.8
191,43690,77,10.8
191,43690,102,10.8
191,43690,128,10.8
191,43690,153,4.72
191,43690,179,4.72
191,43690,204,4.72
191,43690,230,4.72
191,43690,255,4.72
191,45510,0,3.64
191,45510,26,3.64
191,45510,51,3.64
191,45510,77,3.64
191,45510,102,6.07
191,45510,128,6.07
191,45510,153,6.07
191,45510,179,6.07
191,45510,204,6.07
191,45510,230,3.71
191,45510,255,3.71
191,47330,0,3.71
191,47330,26,3.71
191,47330,51,3.71
191,47330,77,8.22
191,47330,102,8.22
191,47330,128,8.22
191,47330,153,8.22
191,47330,179,8.22
191,47330,204,8.22
191,47330,230,4.64
191,47330,255,4.64
191,49151,0,4.64
191,49151,26,11.87
191,49151,51,11.87
191,49151,77,11.87
191,49151,102,11.87
191,49151,128,11.87
191,49151,153,11.87
191,49151,179,5.79
191,49151,204,5.79
191,49151,230,5.79
191,49151,255,5.79
191,50971,0,5.79
191,50971,26,9.94
191,50971,51,9.94
191,50971,77,9.94
191,50971,102,9.94
191,50971,128,9.94
191,50971,153,6.36
191,50971,179,6.36
191,50971,204,6.36
191,50971,230,6.36
191,50971,255,5.43
191,52792,0,5.43
191,52792,26,5.43
191,52792,51,5.43
191,52792,77,5.43
191,52792,102,6.36
191,52792,128,6.36
191,52792,153,6.36
191,52792,179,6.36
191,52792,204,6.36
191,52792,230,4.93
191,52792,255,4.93
191,54612,0,4.93
191,54612,26,4.93
191,54612,51,9.51
191,54612,77,9.51
191,54612,102,9.51
191,54612,128,9.51
191,54612,153,9.51
191,54612,179,4.79
191,54612,204,4.79
191,54612,230,4.79
191,54612,255,4.79
191,56432,0,4.79
191,56432,26,9.94
191,56432,51,9.94
191,56432,77,9.94
191,56432,102,9.94
191,56432,128,4.79
191,56432,153,4.79
191,56432,179,4.79
191,56432,204,4.79
191,56432,230,4.79
191,56432,255,4.29
191,58253,0,4.29
191,58253,26,4.29
191,58253,51,4.29
191,58253,77,4.29
191,58253,102,5.5
191,58253,128,5.5
191,58253,153,5.5
191,58253,179,5.5
191,58253,204,5.5
191,58253,230,4.14
191,58253,255,4.14
191,60073,0,4.14
191,60073,26,4.14
191,60073,51,6.5
191,60073,77,6.5
191,60073,102,6.5
191,60073,128,6.5
191,60073,153,6.5
191,60073,179,4.22
191,60073,204,4.22
191,60073,230,4.22
191,60073,255,4.22
191,61894,0,4.22
191,61894,26,9.94
191,61894,51,9.94
191,61894,77,9.94
191,61894,102,9.94
191,61894,128,4.36
191,61894,153,4.36
191,61894,179,4.36
191,61894,204,4.36
191,61894,230,4.36
191,61894,255,3.71
191,63714,0,3.71
191,63714,26,3.71
191,63714,51,3.71
191,63714,77,3.71
191,63714,102,5.14
191,63714,128,5.14
191,63714,153,5.14
191,63714,179,5.14
191,63714,204,5.14
191,63714,230,5.14
191,63714,255,3.71
191,65534,0,3.71
191,65534,26,3.71
191,65534,51,6.29
191,65534,77,6.29
191,65534,102,6.29
191,65534,128,6.29
191,65534,153,6.29
191,65534,179,6.29
191,65534,204,3.71
191,65534,230,3.71
191,65534,255,3.71
201,0,0,3.71
201,0,26,3.71
201,0,51,10.87
201,0,77,10.87
201,0,102,10.87
201,0,128,4.43
201,0,153,4.43
201,0,179,4.43
201,0,204,4.43
201,0,230,4.43
201,0,255,4.43
201,1820,0,3.86
201,1820,26,3.86
201,1820,51,3.86
201,1820,77,3.86
201,1820,102,3.86
201,1820,128,5.65
201,1820,153,5.65
201,1820,179,5.65
201,1820,204,5.65
201,1820,230,5.65
201,1820,255,4.07
201,3641,0,4.07
201,3641,26,4.07
201,3641,51,4.07
201,3641,77,14.16
201,3641,102,14.16
201,3641,128,14.16
201,3641,153,14.16
201,3641,179,14.16
201,3641,204,5.22
201,3641,230,5.22
201,3641,255,5.22
201,5461,0,5.22
201,5461,26,10.94
201,5461,51,10.94
201,5461,77,10.94
201,5461,102,10.94
201,5461,128,10.94
201,5461,153,13.08
201,5461,179,13.08
201,5461,204,13.08
201,5461,230,13.08
201,5461,255,13.08
201,7282,0,4.43
201,7282,26,4.43
201,7282,51,4.43
201,7282,77,4.43
201,7282,102,14.09
201,7282,128,14.09
201,7282,153,14.09
201,7282,179,14.09
201,7282,204,14.09
201,7282,230,5.22
201,7282,255,5.22
201,9102,0,5.22
201,9102,26,5.22
201,9102,51,5.22
201,9102,77,14.09
201,9102,102,14.09
201,9102,128,14.09
201,9102,153,14.09
201,9102,179,14.09
201,9102,204,7.43
201,9102,230,7.43
201,9102,255,7.43
201,10922,0,7.43
201,10922,26,14.16
201,10922,51,14.16
201,10922,77,14.16
201,10922,102,14.16
201,10922,128,14.16
201,10922,153,7.36
201,10922,179,7.36
201,10922,204,7.36
201,10922,230,7.36
201,10922,255,7.36
201,12743,0,6.0
201,12743,26,6.0
201,12743,51,6.0
201,12743,77,6.0
201,12743,102,6.0
201,12743,128,6.93
201,12743,153,6.93
201,12743,179,6.93
201,12743,204,6.93
201,12743,230,5.36
201,12743,255,5.36
201,14563,0,5.36
201,14563,26,5.36
201,14563,51,5.36
201,14563,77,9.36
201,14563,102,9.36
201,14563,128,9.36
201,14563,153,9.36
201,14563,179,9.36
201,14563,204,5.0
201,14563,230,5.0
201,14563,255,5.0
201,16384,0,5.0
201,16384,26,14.01
201,16384,51,14.01
201,16384,77,14.01
201,16384,102,14.01
201,16384,128,14.01
201,16384,153,4.79
201,16384,179,4.79
201,16384,204,4.79
201,16384,230,4.79
201,16384,255,4.79
201,18204,0,4.79
201,18204,26,6.93
201,18204,51,6.93
201,18204,77,6.93
201,18204,102,5.22
201,18204,128,5.22
201,18204,153,5.22
201,18204,179,5.22
201,18204,204,5.22
201,18204,230,5.22
201,18204,255,4.07
201,20024,0,4.07
201,20024,26,4.07
201,20024,51,4.07
201,20024,77,4.07
201,20024,102,5.72
201,20024,128,5.72
201,20024,153,5.72
201,20024,179,5.72
201,20024,204,5.72
201,20024,230,4.07
201,20024,255,4.07
201,21845,0,4.07
201,21845,26,4.07
201,21845,51,11.51
201,21845,77,11.51
201,21845,102,11.51
201,21845,128,11.51
201,21845,153,11.51
201,21845,179,4.14
201,21845,204,4.14
201,21845,230,4.14
201,21845,255,4.14
201,23665,0,4.14
201,23665,26,10.94
201,23665,51,10.94
201,23665,77,10.94
201,23665,102,10.94
201,23665,128,4.5
201,23665,153,4.5
201,23665,179,4.5
201,23665,204,4.5
201,23665,230,4.5
201,23665,255,3.86
201,25486,0,3.86
201,25486,26,3.86
201,25486,51,3.86
201,25486,77,3.86
201,25486,102,5.79
201,25486,128,5.79
201,25486,153,5.79
201,25486,179,5.79
201,25486,204,5.79
201,25486,230,4.0
201,25486,255,4.0
201,27306,0,4.0
201,27306,26,4.0
201,27306,51,7.86
201,27306,77,7.86
201,27306,102,7.86
201,27306,128,7.86
201,27306,153,7.86
201,27306,179,4.5
201,27306,204,4.5
201,27306,230,4.5
201,27306,255,4.5
201,29126,0,4.5
201,29126,26,10.94
201,29126,51,10.94
201,29126,77,10.94
201,29126,102,10.94
201,29126,128,4.93
201,29126,153,4.93
201,29126,179,4.93
201,29126,204,4.93
201,29126,230,4.93
201,29126,255,4.22
201,30947,0,4.22
201,30947,26,4.22
201,30947,51,4.22
201,30947,77,4.22
201,30947,102,4.22
201,30947,128,6.36
201,30947,153,6.36
201,30947,179,6.36
201,30947,204,4.57
201,30947,230,4.57
201,30947,255,4.57
201,32767,0,4.57
201,32767,26,4.57
201,32767,51,8.51
201,32767,77,8.51
201,32767,102,8.51
201,32767,128,8.51
201,32767,153,8.51
201,32767,179,8.51
201,32767,204,5.0
201,32767,230,5.0
201,32767,255,5.0
201,34588,0,5.0
201,34588,26,5.0
201,34588,51,10.94
201,34588,77,10.94
201,34588,102,10.94
201,34588,128,10.94
201,34588,153,5.93
201,34588,179,5.93
201,34588,204,5.93
201,34588,230,5.93
201,34588,255,5.93
201,36408,0,5.57
201,36408,26,5.57
201,36408,51,5.57
201,36408,77,5.57
201,36408,102,5.57
201,36408,128,7.43
201,36408,153,7.43
201,36408,179,7.43
201,36408,204,7.43
201,36408,230,6.29
201,36408,255,6.29
201,38228,0,6.29
201,38228,26,6.29
201,38228,51,6.29
201,38228,77,13.73
201,38228,102,13.73
201,38228,128,13.73
201,38228,153,13.73
201,38228,179,13.73
201,38228,204,5.93
201,38228,230,5.93
201,38228,255,5.93
201,40049,0,5.93
201,40049,26,10.65
201,40049,51,10.65
201,40049,77,10.65
201,40049,102,10.65
201,40049,128,10.65
201,40049,153,5.43
201,40049,179,5.43
201,40049,204,5.43
201,40049,230,5.43
201,40049,255,5.43
201,41869,0,4.0
201,41869,26,4.0
201,41869,51,4.0
201,41869,77,4.0
201,41869,102,4.0
201,41869,128,6.5
201,41869,153,6.5
201,41869,179,6.5
201,41869,204,6.5
201,41869,230,4.0
201,41869,255,4.0
201,43690,0,4.0
201,43690,26,4.0
201,43690,51,4.0
201,43690,77,7.65
201,43690,102,7.65
201,43690,128,7.65
201,43690,153,7.65
201,43690,179,7.65
201,43690,204,4.14
201,43690,230,4.14
201,43690,255,4.14
201,45510,0,4.14
201,45510,26,12.23
201,45510,51,12.23
201,45510,77,12.23
201,45510,102,12.23
201,45510,128,12.23
201,45510,153,4.93
201,45510,179,4.93
201,45510,204,4.93
201,45510,230,4.93
201,45510,255,4.93
201,47330,0,4.93
201,47330,26,10.94
201,47330,51,10.94
201,47330,77,10.94
201,47330,102,10.94
201,47330,128,10.94
201,47330,153,6.15
201,47330,179,6.15
201,47330,204,6.15
201,47330,230,6.15
201,47330,255,6.15
201,49151,0,4.36
201,49151,26,4.36
201,49151,51,4.36
201,49151,77,4.36
201,49151,102,9.01
201,49151,128,9.01
201,49151,153,9.01
201,49151,179,9.01
201,49151,204,9.01
201,49151,230,5.36
201,49151,255,5.36
201,50971,0,5.36
201,50971,26,5.36
201,50971,51,5.36
201,50971,77,9.22
201,50971,102,9.22
201,50971,128,9.22
201,50971,153,9.22
201,50971,179,6.15
201,50971,204,6.15
201,50971,230,6.15
201,50971,255,6.15
201,52792,0,6.15
201,52792,26,10.94
201,52792,51,10.94
201,52792,77,10.94
201,52792,102,10.94
201,52792,128,10.94
201,52792,153,5.79
201,52792,179,5.79
201,52792,204,5.79
201,52792,230,5.79
201,52792,255,5.5
201,54612,0,5.5
201,54612,26,5.5
201,54612,51,5.5
201,54612,77,5.5
201,54612,102,5.72
201,54612,128,5.72
201,54612,153,5.72
201,54612,179,5.72
201,54612,204,5.72
201,54612,230,4.93
201,54612,255,4.93
201,56432,0,4.93
201,56432,26,4.93
201,56432,51,7.29
201,56432,77,7.29
201,56432,102,7.29
201,56432,128,7.29
201,56432,153,7.29
201,56432,179,4.72
201,56432,204,4.72
201,56432,230,4.72
201,56432,255,4.72
201,58253,0,4.72
201,58253,26,4.72
201,58253,51,10.58
201,58253,77,10.58
201,58253,102,10.58
201,58253,128,10.58
201,58253,153,10.58
201,58253,179,4.93
201,58253,204,4.93
201,58253,230,4.93
201,58253,255,4.29
201,60073,0,4.29
201,60073,26,4.29
201,60073,51,4.29
201,60073,77,4.29
201,60073,102,4.29
201,60073,128,5.14
201,60073,153,5.14
201,60073,179,5.14
201,60073,204,5.14
201,60073,230,5.14
201,60073,255,4.14
201,61894,0,4.14
201,61894,26,4.14
201,61894,51,4.14
201,61894,77,4.14
201,61894,102,6.93
201,61894,128,6.93
201,61894,153,6.93
201,61894,179,6.93
201,61894,204,4.22
201,61894,230,4.22
201,61894,255,4.22
201,63714,0,4.22
201,63714,26,4.22
201,63714,51,9.87
201,63714,77,9.87
201,63714,102,9.87
201,63714,128,9.87
201,63714,153,9.87
201,63714,179,4.29
201,63714,204,4.29
201,63714,230,4.29
201,63714,255,4.29
201,65534,0,3.86
201,65534,26,3.86
201,65534,51,3.86
201,65534,77,3.86
201,65534,102,3.86
201,65534,128,4.79
201,65534,153,4.79
201,65534,179,4.79
201,65534,204,4.79
201,65534,230,4.79
201,65534,255,3.86
211,0,0,3.86
211,0,26,3.86
211,0,51,3.86
211,0,77,3.86
211,0,102,5.86
211,0,128,5.86
211,0,153,5.86
211,0,179,5.86
211,0,204,4.36
211,0,230,4.36
211,0,255,4.36
211,1820,0,4.36
211,1820,26,4.36
211,1820,51,14.59
211,1820,77,14.59
211,1820,102,14.59
211,1820,128,14.59
211,1820,153,5.43
211,1820,179,5.43
211,1820,204,5.43
211,1820,230,5.43
211,1820,255,5.43
211,3641,0,4.22
211,3641,26,14.23
211,3641,51,14.23
211,3641,77,14.23
211,3641,102,14.23
211,3641,128,14.23
211,3641,153,6.22
211,3641,179,6.22
211,3641,204,6.22
211,3641,230,6.22
211,3641,255,6.22
211,5461,0,4.36
211,5461,26,4.36
211,5461,51,4.36
211,5461,77,15.52
211,5461,102,15.52
211,5461,128,15.52
211,5461,153,15.52
211,5461,179,12.66
211,5461,204,12.66
211,5461,230,12.66
211,5461,255,12.66
211,7282,0,12.66
211,7282,26,12.01
211,7282,51,12.01
211,7282,77,12.01
211,7282,102,12.01
211,7282,128,12.01
211,7282,153,13.44
211,7282,179,13.44
211,7282,204,13.44
211,7282,230,13.44
211,7282,255,5.22
211,9102,0,5.22
211,9102,26,5.22
211,9102,51,5.22
211,9102,77,15.37
211,9102,102,15.37
211,9102,128,15.37
211,9102,153,15.37
211,9102,179,10.51
211,9102,204,10.51
211,9102,230,10.51
211,9102,255,10.51
211,10922,0,10.51
211,10922,26,12.01
211,10922,51,12.01
211,10922,77,12.01
211,10922,102,12.01
211,10922,128,12.01
211,10922,153,8.22
211,10922,179,8.22
211,10922,204,8.22
211,10922,230,8.22
211,10922,255,6.5
211,12743,0,6.5
211,12743,26,6.5
211,12743,51,6.5
211,12743,77,6.5
211,12743,102,8.72
211,12743,128,8.72
211,12743,153,8.72
211,12743,179,8.72
211,12743,204,8.72
211,12743,230,5.79
211,12743,255,5.79
211,14563,0,5.79
211,14563,26,5.79
211,14563,51,5.79
211,14563,77,10.65
211,14563,102,10.65
211,14563,128,10.65
211,14563,153,10.65
211,14563,179,5.65
211,14563,204,5.65
211,14563,230,5.65
211,14563,255,5.65
211,16384,0,5.65
211,16384,26,12.01
211,16384,51,12.01
211,16384,77,12.01
211,16384,102,12.01
211,16384,128,12.01
211,16384,153,5.5
211,16384,179,5.5
211,16384,204,5.5
211,16384,230,5.5
211,16384,255,4.64
211,18204,0,4.64
211,18204,26,14.66
211,18204,51,14.66
211,18204,77,14.66
211,18204,102,14.66
211,18204,128,14.66
211,18204,153,14.66
211,18204,179,5.22
211,18204,204,5.22
211,18204,230,5.22
211,18204,255,4.29
211,20024,0,4.29
211,20024,26,4.29
211,20024,51,4.29
211,20024,77,4.29
211,20024,102,4.29
211,20024,128,5.29
211,20024,153,5.29
211,20024,179,5.29
211,20024,204,5.29
211,20024,230,5.29
211,20024,255,4.22
211,21845,0,4.22
211,21845,26,4.22
211,21845,51,4.22
211,21845,77,7.43
211,21845,102,7.43
211,21845,128,7.43
211,21845,153,7.43
211,21845,179,7.43
211,21845,204,4.29
211,21845,230,4.29
211,21845,255,4.29
211,23665,0,4.29
211,23665,26,4.29
211,23665,51,13.44
211,23665,77,13.44
211,23665,102,13.44
211,23665,128,13.44
211,23665,153,13.44
211,23665,179,4.57
211,23665,204,4.57
211,23665,230,4.57
211,23665,255,4.57
211,25486,0,4.22
211,25486,26,4.22
211,25486,51,4.22
211,25486,77,4.22
211,25486,102,4.22
211,25486,128,5.43
211,25486,153,5.43
211,25486,179,5.43
211,25486,204,5.43
211,25486,230,5.43
211,25486,255,4.22
211,27306,0,4.22
211,27306,26,4.22
211,27306,51,4.22
211,27306,77,6.43
211,27306,102,6.43
211,27306,128,6.43
211,27306,153,6.43
211,27306,179,6.43
211,27306,204,4.64
211,27306,230,4.64
211,27306,255,4.64
211,29126,0,4.64
211,29126,26,4.64
211,29126,51,12.87
211,29126,77,12.87
211,29126,102,12.87
211,29126,128,12.87
211,29126,153,5.0
211,29126,179,5.0
211,29126,204,5.0
211,29126,230,5.0
211,29126,255,5.0
211,30947,0,11.94
211,30947,26,11.94
211,30947,51,11.94
211,30947,77,11.94
211,30947,102,11.94
211,30947,128,11.94
211,30947,153,5.93
211,30947,179,5.93
211,30947,204,5.93
211,30947,230,5.93
211,30947,255,5.93
211,32767,0,4.79
211,32767,26,4.79
211,32767,51,4.79
211,32767,77,4.79
211,32767,102,7.15
211,32767,128,7.15
211,32767,153,7.15
211,32767,179,7.15
211,32767,204,7.15
211,32767,230,5.22
211,32767,255,5.22
211,34588,0,5.22
211,34588,26,5.22
211,34588,51,5.22
211,34588,77,12.15
211,34588,102,12.15
211,34588,128,12.15
211,34588,153,12.15
211,34588,179,6.07
211,34588,204,6.07
211,34588,230,6.07
211,34588,255,6.07
211,36408,0,6.07
211,36408,26,11.94
211,36408,51,11.94
211,36408,77,11.94
211,36408,102,11.94
211,36408,128,11.94
211,36408,153,7.36
211,36408,179,7.36
211,36408,204,7.36
211,36408,230,7.36
211,36408,255,6.43
211,38228,0,6.43
211,38228,26,6.43
211,38228,51,6.43
211,38228,77,6.43
211,38228,102,11.51
211,38228,128,11.51
211,38228,153,11.51
211,38228,179,11.51
211,38228,204,11.51
211,38228,230,5.86
211,38228,255,5.86
211,40049,0,5.86
211,40049,26,5.86
211,40049,51,5.86
211,40049,77,14.01
211,40049,102,14.01
211,40049,128,14.01
211,40049,153,14.01
211,40049,179,5.36
211,40049,204,5.36
211,40049,230,5.36
211,40049,255,5.36
211,41869,0,5.36
211,41869,26,12.01
211,41869,51,12.01
211,41869,77,12.01
211,41869,102,12.01
211,41869,128,12.01
211,41869,153,5.86
211,41869,179,5.86
211,41869,204,5.86
211,41869,230,5.86
211,41869,255,4.14
211,43690,0,4.14
211,43690,26,4.14
211,43690,51,4.14
211,43690,77,4.14
211,43690,102,6.43
211,43690,128,6.43
211,43690,153,6.43
211,43690,179,6.43
211,43690,204,6.43
211,43690,230,6.43
211,43690,255,4.29
211,45510,0,4.29
211,45510,26,4.29
211,45510,51,13.16
211,45510,77,13.16
211,45510,102,13.16
211,45510,128,13.16
211,45510,153,13.16
211,45510,179,13.16
211,45510,204,4.86
211,45510,230,4.86
211,45510,255,4.86
211,47330,0,4.86
211,47330,26,4.86
211,47330,51,13.87
211,47330,77,13.87
211,47330,102,13.87
211,47330,128,13.87
211,47330,153,13.87
211,47330,179,6.72
211,47330,204,6.72
211,47330,230,6.72
211,47330,255,6.72
211,49151,0,4.5
211,49151,26,4.5
211,49151,51,4.5
211,49151,77,4.5
211,49151,102,4.5
211,49151,128,8.79
211,49151,153,8.79
211,49151,179,8.79
211,49151,204,8.79
211,49151,230,8.79
211,49151,255,5.36
211,50971,0,5.36
211,50971,26,5.36
211,50971,51,5.36
211,50971,77,10.08
211,50971,102,10.08
211,50971,128,10.08
211,50971,153,10.08
211,50971,179,10.08
211,50971,204,6.58
211,50971,230,6.58
211,50971,255,6.58
211,52792,0,6.58
211,52792,26,6.58
211,52792,51,13.01
211,52792,77,13.01
211,52792,102,13.01
211,52792,128,13.01
211,52792,153,13.01
211,52792,179,6.0
211,52792,204,6.0
211,52792,230,6.0
211,52792,255,6.0
211,54612,0,6.0
211,54612,26,6.0
211,54612,51,6.0
211,54612,77,6.0
211,54612,102,6.0
211,54612,128,6.15
211,54612,153,6.15
211,54612,179,6.15
211,54612,204,6.15
211,54612,230,6.15
211,54612,255,5.29
211,56432,0,5.29
211,56432,26,5.29
211,56432,51,5.29
211,56432,77,6.65
211,56432,102,6.65
211,56432,128,6.65
211,56432,153,6.65
211,56432,179,6.65
211,56432,204,5.07
211,56432,230,5.07
211,56432,255,5.07
211,58253,0,5.07
211,58253,26,5.07
211,58253,51,11.01
211,58253,77,11.01
211,58253,102,11.01
211,58253,128,11.01
211,58253,153,5.0
211,58253,179,5.0
211,58253,204,5.0
211,58253,230,5.0
211,58253,255,5.0
211,60073,0,11.94
211,60073,26,11.94
211,60073,51,11.94
211,60073,77,11.94
211,60073,102,11.94
211,60073,128,5.14
211,60073,153,5.14
211,60073,179,5.14
211,60073,204,5.14
211,60073,230,5.14
211,60073,255,5.14
211,61894,0,4.43
211,61894,26,4.43
211,61894,51,4.43
211,61894,77,6.07
211,61894,102,6.07
211,61894,128,6.07
211,61894,153,6.07
211,61894,179,6.07
211,61894,204,6.07
211,61894,230,4.36
211,61894,255,4.36
211,63714,0,4.36
211,63714,26,4.36
211,63714,51,4.36
211,63714,77,7.29
211,63714,102,7.29
211,63714,128,7.29
211,63714,153,7.29
211,63714,179,4.64
211,63714,204,4.64
211,63714,230,4.64
211,63714,255,4.64
211,65534,0,4.64
211,65534,26,12.01
211,65534,51,12.01
211,65534,77,12.01
211,65534,102,12.01
211,65534,128,12.01
211,65534,153,4.79
211,65534,179,4.79
211,65534,204,4.79
211,65534,230,4.79
211,65534,255,4.14
221,0,0,4.14
221,0,26,4.14
221,0,51,4.14
221,0,77,4.14
221,0,102,6.29
221,0,128,6.29
221,0,153,6.29
221,0,179,6.29
221,0,204,6.29
221,0,230,4.5
221,0,255,4.5
221,1820,0,4.5
221,1820,26,4.5
221,1820,51,16.02
221,1820,77,16.02
221,1820,102,16.02
221,1820,128,16.02
221,1820,153,5.79
221,1820,179,5.79
221,1820,204,5.79
221,1820,230,5.79
221,1820,255,4.57
221,3641,0,4.57
221,3641,26,15.59
221,3641,51,15.59
221,3641,77,15.59
221,3641,102,15.59
221,3641,128,15.59
221,3641,153,7.0
221,3641,179,7.0
221,3641,204,7.0
221,3641,230,7.0
221,3641,255,7.0
221,5461,0,4.72
221,5461,26,4.72
221,5461,51,15.3
221,5461,77,15.3
221,5461,102,15.3
221,5461,128,15.3
221,5461,153,15.3
221,5461,179,13.87
221,5461,204,13.87
221,5461,230,13.87
221,5461,255,13.87
221,7282,0,5.07
221,7282,26,15.87
221,7282,51,15.87
221,7282,77,15.87
221,7282,102,15.87
221,7282,128,15.87
221,7282,153,14.59
221,7282,179,14.59
221,7282,204,14.59
221,7282,230,14.59
221,7282,255,14.59
221,9102,0,5.72
221,9102,26,16.45
221,9102,51,16.45
221,9102,77,16.45
221,9102,102,16.45
221,9102,128,16.45
221,9102,153,11.87
221,9102,179,11.87
221,9102,204,11.87
221,9102,230,11.87
221,9102,255,11.87
221,10922,0,11.87
221,10922,26,6.58
221,10922,51,17.02
221,10922,77,17.02
221,10922,102,17.02
221,10922,128,17.02
221,10922,153,17.02
221,10922,179,8.08
221,10922,204,8.08
221,10922,230,8.08
221,10922,255,8.08
221,12743,0,7.08
221,12743,26,17.09
221,12743,51,17.09
221,12743,77,17.09
221,12743,102,17.09
221,12743,128,17.09
221,12743,153,6.86
221,12743,179,6.86
221,12743,204,6.86
221,12743,230,6.86
221,12743,255,6.86
221,14563,0,6.07
221,14563,26,6.07
221,14563,51,16.95
221,14563,77,16.95
221,14563,102,16.95
221,14563,128,16.95
221,14563,153,6.5
221,14563,179,6.5
221,14563,204,6.5
221,14563,230,6.5
221,14563,255,6.5
221,16384,0,5.5
221,16384,26,16.95
221,16384,51,16.95
221,16384,77,16.95
221,16384,102,16.95
221,16384,128,6.58
221,16384,153,6.58
221,16384,179,6.58
221,16384,204,6.58
221,16384,230,6.58
221,16384,255,5.0
221,18204,0,5.0
221,18204,26,16.09
221,18204,51,16.09
221,18204,77,16.09
221,18204,102,16.09
221,18204,128,5.57
221,18204,153,5.57
221,18204,179,5.57
221,18204,204,5.57
221,18204,230,5.57
221,18204,255,4.57
221,20024,0,4.57
221,20024,26,14.59
221,20024,51,14.59
221,20024,77,14.59
221,20024,102,14.59
221,20024,128,14.59
221,20024,153,5.29
221,20024,179,5.29
221,20024,204,5.29
221,20024,230,5.29
221,20024,255,5.29
221,21845,0,4.43
221,21845,26,4.43
221,21845,51,4.43
221,21845,77,4.43
221,21845,102,4.43
221,21845,128,5.5
221,21845,153,5.5
221,21845,179,5.5
221,21845,204,5.5
221,21845,230,4.43
221,21845,255,4.43
221,23665,0,4.43
221,23665,26,4.43
221,23665,51,14.73
221,23665,77,14.73
221,23665,102,14.73
221,23665,128,14.73
221,23665,153,5.0
221,23665,179,5.0
221,23665,204,5.0
221,23665,230,5.0
221,23665,255,5.0
221,25486,0,4.43
221,25486,26,14.73
221,25486,51,14.73
221,25486,77,14.73
221,25486,102,14.73
221,25486,128,14.73
221,25486,153,5.0
221,25486,179,5.0
221,25486,204,5.0
221,25486,230,5.0
221,25486,255,5.0
221,27306,0,4.5
221,27306,26,4.5
221,27306,51,4.5
221,27306,77,4.5
221,27306,102,6.07
221,27306,128,6.07
221,27306,153,6.07
221,27306,179,6.07
221,27306,204,6.07
221,27306,230,6.07
221,27306,255,4.72
221,29126,0,4.72
221,29126,26,4.72
221,29126,51,4.72
221,29126,77,4.72
221,29126,102,7.15
221,29126,128,7.15
221,29126,153,7.15
221,29126,179,7.15
221,29126,204,7.15
221,29126,230,5.14
221,29126,255,5.14
221,30947,0,5.14
221,30947,26,5.14
221,30947,51,14.44
221,30947,77,14.44
221,30947,102,14.44
221,30947,128,14.44
221,30947,153,14.44
221,30947,179,5.65
221,30947,204,5.65
221,30947,230,5.65
221,30947,255,5.65
221,32767,0,5.65
221,32767,26,13.01
221,32767,51,13.01
221,32767,77,13.01
221,32767,102,13.01
221,32767,128,6.79
221,32767,153,6.79
221,32767,179,6.79
221,32767,204,6.79
221,32767,230,6.79
221,32767,255,5.65
221,34588,0,5.65
221,34588,26,5.65
221,34588,51,5.65
221,34588,77,5.65
221,34588,102,8.79
221,34588,128,8.79
221,34588,153,8.79
221,34588,179,8.79
221,34588,204,6.29
221,34588,230,6.29
221,34588,255,6.29
221,36408,0,6.29
221,36408,26,6.29
221,36408,51,14.51
221,36408,77,14.51
221,36408,102,14.51
221,36408,128,14.51
221,36408,153,14.51
221,36408,179,7.58
221,36408,204,7.58
221,36408,230,7.58
221,36408,255,7.58
221,38228,0,7.58
221,38228,26,13.01
221,38228,51,13.01
221,38228,77,13.01
221,38228,102,13.01
221,38228,128,8.58
221,38228,153,8.58
221,38228,179,8.58
221,38228,204,8.58
221,38228,230,8.58
221,38228,255,5.65
221,40049,0,5.65
221,40049,26,5.65
221,40049,51,5.65
221,40049,77,5.65
221,40049,102,11.01
221,40049,128,11.01
221,40049,153,11.01
221,40049,179,11.01
221,40049,204,5.36
221,40049,230,5.36
221,40049,255,5.36
221,41869,0,5.36
221,41869,26,5.36
221,41869,51,14.59
221,41869,77,14.59
221,41869,102,14.59
221,41869,128,14.59
221,41869,153,14.59
221,41869,179,5.07
221,41869,204,5.07
221,41869,230,5.07
221,41869,255,5.07
221,43690,0,5.07
221,43690,26,5.07
221,43690,51,13.08
221,43690,77,13.08
221,43690,102,13.08
221,43690,128,5.79
221,43690,153,5.79
221,43690,179,5.79
221,43690,204,5.79
221,43690,230,5.79
221,43690,255,5.79
221,45510,0,4.5
221,45510,26,4.5
221,45510,51,14.59
221,45510,77,14.59
221,45510,102,14.59
221,45510,128,14.59
221,45510,153,5.65
221,45510,179,5.65
221,45510,204,5.65
221,45510,230,5.65
221,45510,255,5.65
221,47330,0,4.5
221,47330,26,15.16
221,47330,51,15.16
221,47330,77,15.16
221,47330,102,15.16
221,47330,128,15.16
221,47330,153,7.22
221,47330,179,7.22
221,47330,204,7.22
221,47330,230,7.22
221,47330,255,4.79
221,49151,0,4.79
221,49151,26,4.79
221,49151,51,15.66
221,49151,77,15.66
221,49151,102,15.66
221,49151,128,15.66
221,49151,153,8.22
221,49151,179,8.22
221,49151,204,8.22
221,49151,230,8.22
221,49151,255,8.22
221,50971,0,5.5
221,50971,26,15.8
221,50971,51,15.8
221,50971,77,15.8
221,50971,102,15.8
221,50971,128,15.8
221,50971,153,7.29
221,50971,179,7.29
221,50971,204,7.29
221,50971,230,7.29
221,50971,255,7.29
221,52792,0,6.72
221,52792,26,6.72
221,52792,51,6.72
221,52792,77,6.72
221,52792,102,7.29
221,52792,128,7.29
221,52792,153,7.29
221,52792,179,7.29
221,52792,204,7.29
221,52792,230,6.36
221,52792,255,6.36
221,54612,0,6.36
221,54612,26,6.36
221,54612,51,6.36
221,54612,77,7.36
221,54612,102,7.36
221,54612,128,7.36
221,54612,153,7.36
221,54612,179,7.36
221,54612,204,7.36
221,54612,230,5.72
221,54612,255,5.72
221,56432,0,5.72
221,56432,26,12.08
221,56432,51,12.08
221,56432,77,12.08
221,56432,102,12.08
221,56432,128,12.08
221,56432,153,12.08
221,56432,179,5.65
221,56432,204,5.65
221,56432,230,5.65
221,56432,255,5.65
221,58253,0,5.65
221,58253,26,13.01
221,58253,51,13.01
221,58253,77,13.01
221,58253,102,13.01
221,58253,128,6.15
221,58253,153,6.15
221,58253,179,6.15
221,58253,204,6.15
221,58253,230,6.15
221,58253,255,5.0
221,60073,0,5.0
221,60073,26,5.0
221,60073,51,5.0
221,60073,77,5.0
221,60073,102,6.72
221,60073,128,6.72
221,60073,153,6.72
221,60073,179,6.72
221,60073,204,4.86
221,60073,230,4.86
221,60073,255,4.86
221,61894,0,4.86
221,61894,26,4.86
221,61894,51,11.73
221,61894,77,11.73
221,61894,102,11.73
221,61894,128,11.73
221,61894,153,11.73
221,61894,179,5.07
221,61894,204,5.07
221,61894,230,5.07
221,61894,255,5.07
221,63714,0,5.07
221,63714,26,13.01
221,63714,51,13.01
221,63714,77,13.01
221,63714,102,13.01
221,63714,128,5.22
221,63714,153,5.22
221,63714,179,5.22
221,63714,204,5.22
221,63714,230,5.22
221,63714,255,4.43
221,65534,0,4.43
221,65534,26,4.43
221,65534,51,4.43
221,65534,77,4.43
221,65534,102,6.29
221,65534,128,6.29
221,65534,153,6.29
221,65534,179,6.29
221,65534,204,6.29
221,65534,230,4.5
221,65534,255,4.5
231,0,0,4.5
231,0,26,4.5
231,0,51,8.58
231,0,77,8.58
231,0,102,8.58
231,0,128,8.58
231,0,153,8.58
231,0,179,5.14
231,0,204,5.14
231,0,230,5.14
231,0,255,5.14
231,1820,0,5.14
231,1820,26,14.16
231,1820,51,14.16
231,1820,77,14.16
231,1820,102,14.16
231,1820,128,6.22
231,1820,153,6.22
231,1820,179,6.22
231,1820,204,6.22
231,1820,230,6.22
231,1820,255,4.72
231,3641,0,4.72
231,3641,26,4.72
231,3641,51,16.95
231,3641,77,16.95
231,3641,102,16.95
231,3641,128,16.95
231,3641,153,8.51
231,3641,179,8.51
231,3641,204,8.51
231,3641,230,8.51
231,3641,255,8.51
231,5461,0,5.0
231,5461,26,16.66
231,5461,51,16.66
231,5461,77,16.66
231,5461,102,16.66
231,5461,128,16.66
231,5461,153,15.16
231,5461,179,15.16
231,5461,204,15.16
231,5461,230,15.16
231,5461,255,15.16
231,7282,0,5.36
231,7282,26,5.36
231,7282,51,15.73
231,7282,77,15.73
231,7282,102,15.73
231,7282,128,15.87
231,7282,153,15.87
231,7282,179,15.87
231,7282,204,15.87
231,7282,230,15.87
231,7282,255,15.87
231,9102,0,6.0
231,9102,26,17.8
231,9102,51,17.8
231,9102,77,17.8
231,9102,102,17.8
231,9102,128,17.8
231,9102,153,13.16
231,9102,179,13.16
231,9102,204,13.16
231,9102,230,13.16
231,9102,255,13.16
231,10922,0,7.0
231,10922,26,18.59
231,10922,51,18.59
231,10922,77,18.59
231,10922,102,18.59
231,10922,128,18.59
231,10922,153,9.36
231,10922,179,9.36
231,10922,204,9.36
231,10922,230,9.36
231,10922,255,9.36
231,12743,0,9.36
231,12743,26,7.58
231,12743,51,18.59
231,12743,77,18.59
231,12743,102,18.59
231,12743,128,18.59
231,12743,153,7.93
231,12743,179,7.93
231,12743,204,7.93
231,12743,230,7.93
231,12743,255,7.93
231,14563,0,6.65
231,14563,26,18.52
231,14563,51,18.52
231,14563,77,18.52
231,14563,102,18.52
231,14563,128,7.79
231,14563,153,7.79
231,14563,179,7.79
231,14563,204,7.79
231,14563,230,6.07
231,14563,255,6.07
231,16384,0,6.07
231,16384,26,6.07
231,16384,51,18.45
231,16384,77,8.22
231,16384,102,8.22
231,16384,128,8.22
231,16384,153,8.22
231,16384,179,8.22
231,16384,204,5.72
231,16384,230,5.72
231,16384,255,5.72
231,18204,0,5.72
231,18204,26,17.45
231,18204,51,17.45
231,18204,77,17.45
231,18204,102,17.45
231,18204,128,6.58
231,18204,153,6.58
231,18204,179,6.58
231,18204,204,6.58
231,18204,230,6.58
231,18204,255,5.07
231,20024,0,5.07
231,20024,26,15.87
231,20024,51,15.87
231,20024,77,15.87
231,20024,102,15.87
231,20024,128,5.57
231,20024,153,5.57
231,20024,179,5.57
231,20024,204,5.57
231,20024,230,5.57
231,20024,255,4.79
231,21845,0,4.79
231,21845,26,4.79
231,21845,51,14.87
231,21845,77,14.87
231,21845,102,14.87
231,21845,128,14.87
231,21845,153,5.14
231,21845,179,5.14
231,21845,204,5.14
231,21845,230,5.14
231,21845,255,5.14
231,23665,0,4.79
231,23665,26,15.87
231,23665,51,15.87
231,23665,77,15.87
231,23665,102,15.87
231,23665,128,5.5
231,23665,153,5.5
231,23665,179,5.5
231,23665,204,5.5
231,23665,230,5.5
231,23665,255,4.79
231,25486,0,4.79
231,25486,26,4.79
231,25486,51,16.09
231,25486,77,16.09
231,25486,102,16.09
231,25486,128,16.09
231,25486,153,5.72
231,25486,179,5.72
231,25486,204,5.72
231,25486,230,5.72
231,25486,255,4.79
231,27306,0,4.79
231,27306,26,15.44
231,27306,51,15.44
231,27306,77,15.44
231,27306,102,15.44
231,27306,128,15.44
231,27306,153,5.5
231,27306,179,5.5
231,27306,204,5.5
231,27306,230,5.5
231,27306,255,5.5
231,29126,0,5.5
231,29126,26,4.93
231,29126,51,15.23
231,29126,77,15.23
231,29126,102,15.23
231,29126,128,15.23
231,29126,153,6.07
231,29126,179,6.07
231,29126,204,6.07
231,29126,230,6.07
231,29126,255,6.07
231,30947,0,5.29
231,30947,26,15.66
231,30947,51,15.66
231,30947,77,15.66
231,30947,102,15.66
231,30947,128,15.66
231,30947,153,6.36
231,30947,179,6.36
231,30947,204,6.36
231,30947,230,6.36
231,30947,255,6.36
231,32767,0,6.36
231,32767,26,5.5
231,32767,51,15.87
231,32767,77,15.87
231,32767,102,15.87
231,32767,128,15.87
231,32767,153,15.87
231,32767,179,6.43
231,32767,204,6.43
231,32767,230,6.43
231,32767,255,6.43
231,34588,0,6.0
231,34588,26,6.0
231,34588,51,6.0
231,34588,77,6.0
231,34588,102,6.0
231,34588,128,8.22
231,34588,153,8.22
231,34588,179,8.22
231,34588,204,8.22
231,34588,230,8.22
231,34588,255,6.86
231,36408,0,6.86
231,36408,26,6.86
231,36408,51,6.86
231,36408,77,11.3
231,36408,102,11.3
231,36408,128,11.3
231,36408,153,11.3
231,36408,179,11.3
231,36408,204,7.86
231,36408,230,7.86
231,36408,255,7.86
231,38228,0,7.86
231,38228,26,7.86
231,38228,51,14.23
231,38228,77,14.23
231,38228,102,14.23
231,38228,128,14.23
231,38228,153,8.15
231,38228,179,8.15
231,38228,204,8.15
231,38228,230,8.15
231,38228,255,8.15
231,40049,0,14.09
231,40049,26,14.09
231,40049,51,14.09
231,40049,77,14.09
231,40049,102,14.09
231,40049,128,9.22
231,40049,153,9.22
231,40049,179,9.22
231,40049,204,9.22
231,40049,230,9.22
231,40049,255,9.22
231,41869,0,5.22
231,41869,26,5.22
231,41869,51,15.8
231,41869,77,15.8
231,41869,102,15.8
231,41869,128,15.8
231,41869,153,15.8
231,41869,179,5.43
231,41869,204,5.43
231,41869,230,5.43
231,41869,255,5.43
231,43690,0,5.43
231,43690,26,14.16
231,43690,51,14.16
231,43690,77,14.16
231,43690,102,14.16
231,43690,128,14.16
231,43690,153,14.16
231,43690,179,6.22
231,43690,204,6.22
231,43690,230,6.22
231,43690,255,4.79
231,45510,0,4.79
231,45510,26,4.79
231,45510,51,15.8
231,45510,77,15.8
231,45510,102,15.8
231,45510,128,15.8
231,45510,153,6.07
231,45510,179,6.07
231,45510,204,6.07
231,45510,230,6.07
231,45510,255,6.07
231,47330,0,4.79
231,47330,26,16.45
231,47330,51,16.45
231,47330,77,16.45
231,47330,102,16.45
231,47330,128,16.45
231,47330,153,7.79
231,47330,179,7.79
231,47330,204,7.79
231,47330,230,7.79
231,47330,255,7.79
231,49151,0,5.07
231,49151,26,5.07
231,49151,51,17.09
231,49151,77,17.09
231,49151,102,17.09
231,49151,128,17.09
231,49151,153,8.86
231,49151,179,8.86
231,49151,204,8.86
231,49151,230,8.86
231,49151,255,8.86
231,50971,0,5.86
231,50971,26,17.16
231,50971,51,17.16
231,50971,77,17.16
231,50971,102,17.16
231,50971,128,17.16
231,50971,153,7.79
231,50971,179,7.79
231,50971,204,7.79
231,50971,230,7.79
231,50971,255,7.79
231,52792,0,7.22
231,52792,26,7.22
231,52792,51,7.22
231,52792,77,7.22
231,52792,102,7.22
231,52792,128,7.79
231,52792,153,7.79
231,52792,179,7.79
231,52792,204,7.79
231,52792,230,6.86
231,52792,255,6.86
231,54612,0,6.86
231,54612,26,6.86
231,54612,51,6.86
231,54612,77,6.86
231,54612,102,7.86
231,54612,128,7.86
231,54612,153,7.86
231,54612,179,7.86
231,54612,204,7.86
231,54612,230,6.22
231,54612,255,6.22
231,56432,0,6.22
231,56432,26,6.22
231,56432,51,13.08
231,56432,77,13.08
231,56432,102,13.08
231,56432,128,13.08
231,56432,153,13.08
231,56432,179,6.07
231,56432,204,6.07
231,56432,230,6.07
231,56432,255,6.07
231,58253,0,6.07
231,58253,26,14.09
231,58253,51,14.09
231,58253,77,14.09
231,58253,102,14.09
231,58253,128,6.65
231,58253,153,6.65
231,58253,179,6.65
231,58253,204,6.65
231,58253,230,6.65
231,58253,255,5.36
231,60073,0,5.36
231,60073,26,5.36
231,60073,51,5.36
231,60073,77,5.36
231,60073,102,7.22
231,60073,128,7.22
231,60073,153,7.22
231,60073,179,7.22
231,60073,204,7.22
231,60073,230,5.22
231,60073,255,5.22
231,61894,0,5.22
231,61894,26,5.22
231,61894,51,12.58
231,61894,77,12.58
231,61894,102,12.58
231,61894,128,12.58
231,61894,153,12.58
231,61894,179,5.43
231,61894,204,5.43
231,61894,230,5.43
231,61894,255,5.43
231,63714,0,5.43
231,63714,26,14.09
231,63714,51,14.09
231,63714,77,14.09
231,63714,102,14.09
231,63714,128,5.5
231,63714,153,5.5
231,63714,179,5.5
231,63714,204,5.5
231,63714,230,5.5
231,63714,255,4.79
231,65534,0,4.79
231,65534,26,4.79
231,65534,51,4.79
231,65534,77,4.79
231,65534,102,6.79
231,65534,128,6.79
231,65534,153,6.79
231,65534,179,6.79
231,65534,204,6.79
231,65534,230,4.79
231,65534,255,4.79
241,0,0,4.79
241,0,26,15.3
241,0,51,15.3
241,0,77,15.3
241,0,102,15.3
241,0,128,5.79
241,0,153,5.79
241,0,179,5.79
241,0,204,5.79
241,0,230,5.79
241,0,255,5.07
241,1820,0,15.3
241,1820,26,15.3
241,1820,51,15.3
241,1820,77,15.3
241,1820,102,15.3
241,1820,128,6.65
241,1820,153,6.65
241,1820,179,6.65
241,1820,204,6.65
241,1820,230,6.65
241,1820,255,5.29
241,3641,0,5.29
241,3641,26,15.3
241,3641,51,15.3
241,3641,77,15.3
241,3641,102,15.3
241,3641,128,15.3
241,3641,153,9.15
241,3641,179,9.15
241,3641,204,9.15
241,3641,230,9.15
241,3641,255,5.5
241,5461,0,5.5
241,5461,26,15.52
241,5461,51,15.52
241,5461,77,15.52
241,5461,102,15.52
241,5461,128,15.52
241,5461,153,18.52
241,5461,179,18.52
241,5461,204,18.52
241,5461,230,6.58
241,5461,255,6.58
241,7282,0,6.58
241,7282,26,6.58
241,7282,51,18.73
241,7282,77,18.73
241,7282,102,18.73
241,7282,128,18.73
241,7282,153,17.23
241,7282,179,17.23
241,7282,204,6.93
241,7282,230,6.93
241,7282,255,6.93
241,9102,0,6.93
241,9102,26,19.38
241,9102,51,19.38
241,9102,77,19.38
241,9102,102,19.38
241,9102,128,19.38
241,9102,153,13.94
241,9102,179,13.94
241,9102,204,13.94
241,9102,230,13.94
241,9102,255,13.94
241,10922,0,7.58
241,10922,26,7.58
241,10922,51,20.24
241,10922,77,20.24
241,10922,102,20.24
241,10922,128,10.08
241,10922,153,10.08
241,10922,179,10.08
241,10922,204,10.08
241,10922,230,10.08
241,10922,255,10.08
241,12743,0,8.15
241,12743,26,20.17
241,12743,51,20.17
241,12743,77,20.17
241,12743,102,20.17
241,12743,128,9.51
241,12743,153,9.51
241,12743,179,9.51
241,12743,204,9.51
241,12743,230,9.51
241,12743,255,7.29
241,14563,0,7.29
241,14563,26,20.17
241,14563,51,20.17
241,14563,77,20.17
241,14563,102,9.72
241,14563,128,9.72
241,14563,153,9.72
241,14563,179,9.72
241,14563,204,6.72
241,14563,230,6.72
241,14563,255,6.72
241,16384,0,6.72
241,16384,26,6.72
241,16384,51,20.17
241,16384,77,8.86
241,16384,102,8.86
241,16384,128,8.86
241,16384,153,8.86
241,16384,179,8.86
241,16384,204,6.07
241,16384,230,6.07
241,16384,255,6.07
241,18204,0,6.07
241,18204,26,18.88
241,18204,51,18.88
241,18204,77,18.88
241,18204,102,8.22
241,18204,128,8.22
241,18204,153,8.22
241,18204,179,8.22
241,18204,204,8.22
241,18204,230,5.57
241,18204,255,5.57
241,20024,0,5.57
241,20024,26,5.57
241,20024,51,17.23
241,20024,77,17.23
241,20024,102,6.58
241,20024,128,6.58
241,20024,153,6.58
241,20024,179,6.58
241,20024,204,6.58
241,20024,230,5.36
241,20024,255,5.36
241,21845,0,5.36
241,21845,26,15.37
241,21845,51,15.37
241,21845,77,15.37
241,21845,102,15.37
241,21845,128,5.79
241,21845,153,5.79
241,21845,179,5.79
241,21845,204,5.79
241,21845,230,5.79
241,21845,255,5.07
241,23665,0,15.3
241,23665,26,15.3
241,23665,51,15.3
241,23665,77,15.3
241,23665,102,15.3
241,23665,128,5.86
241,23665,153,5.86
241,23665,179,5.86
241,23665,204,5.86
241,23665,230,5.86
241,23665,255,5.86
241,25486,0,5.14
241,25486,26,15.23
241,25486,51,15.23
241,25486,77,15.23
241,25486,102,15.23
241,25486,128,6.72
241,25486,153,6.72
241,25486,179,6.72
241,25486,204,6.72
241,25486,230,6.72
241,25486,255,5.22
241,27306,0,15.3
241,27306,26,15.3
241,27306,51,15.3
241,27306,77,15.3
241,27306,102,15.3
241,27306,128,6.65
241,27306,153,6.65
241,27306,179,6.65
241,27306,204,6.65
241,27306,230,6.65
241,27306,255,5.43
241,29126,0,5.43
241,29126,26,5.43
241,29126,51,16.59
241,29126,77,16.59
241,29126,102,16.59
241,29126,128,16.59
241,29126,153,6.5
241,29126,179,6.5
241,29126,204,6.5
241,29126,230,6.5
241,29126,255,5.65
241,30947,0,5.65
241,30947,26,17.02
241,30947,51,17.02
241,30947,77,17.02
241,30947,102,17.02
241,30947,128,6.79
241,30947,153,6.79
241,30947,179,6.79
241,30947,204,6.79
241,30947,230,6.79
241,30947,255,5.93
241,32767,0,5.93
241,32767,26,5.93
241,32767,51,17.23
241,32767,77,17.23
241,32767,102,17.23
241,32767,128,17.23
241,32767,153,7.22
241,32767,179,7.22
241,32767,204,7.22
241,32767,230,7.22
241,32767,255,7.22
241,34588,0,6.43
241,34588,26,6.43
241,34588,51,6.43
241,34588,77,6.43
241,34588,102,10.22
241,34588,128,10.22
241,34588,153,10.22
241,34588,179,10.22
241,34588,204,10.22
241,34588,230,7.22
241,34588,255,7.22
241,36408,0,7.22
241,36408,26,7.22
241,36408,51,7.22
241,36408,77,17.02
241,36408,102,17.02
241,36408,128,17.02
241,36408,153,17.02
241,36408,179,17.02
241,36408,204,8.44
241,36408,230,8.44
241,36408,255,8.44
241,38228,0,8.44
241,38228,26,15.37
241,38228,51,15.37
241,38228,77,15.37
241,38228,102,15.37
241,38228,128,15.37
241,38228,153,9.87
241,38228,179,9.87
241,38228,204,9.87
241,38228,230,9.87
241,38228,255,9.87
241,40049,0,6.29
241,40049,26,6.29
241,40049,51,6.29
241,40049,77,18.02
241,40049,102,18.02
241,40049,128,18.02
241,40049,153,18.02
241,40049,179,7.36
241,40049,204,7.36
241,40049,230,7.36
241,40049,255,7.36
241,41869,0,7.36
241,41869,26,15.3
241,41869,51,15.3
241,41869,77,15.3
241,41869,102,15.3
241,41869,128,15.3
241,41869,153,7.22
241,41869,179,7.22
241,41869,204,7.22
241,41869,230,7.22
241,41869,255,5.22
241,43690,0,15.3
241,43690,26,15.3
241,43690,51,15.3
241,43690,77,15.3
241,43690,102,15.3
241,43690,128,6.65
241,43690,153,6.65
241,43690,179,6.65
241,43690,204,6.65
241,43690,230,6.65
241,43690,255,5.07
241,45510,0,5.07
241,45510,26,15.3
241,45510,51,15.3
241,45510,77,15.3
241,45510,102,15.3
241,45510,128,8.79
241,45510,153,8.79
241,45510,179,8.79
241,45510,204,8.79
241,45510,230,8.79
241,45510,255,5.22
241,47330,0,15.3
241,47330,26,15.3
241,47330,51,15.3
241,47330,77,15.3
241,47330,102,15.3
241,47330,128,9.79
241,47330,153,9.79
241,47330,179,9.79
241,47330,204,9.79
241,47330,230,9.79
241,47330,255,5.65
241,49151,0,5.65
241,49151,26,5.65
241,49151,51,18.45
241,49151,77,18.45
241,49151,102,18.45
241,49151,128,18.45
241,49151,153,9.51
241,49151,179,9.51
241,49151,204,9.51
241,49151,230,9.51
241,49151,255,9.51
241,50971,0,6.29
241,50971,26,18.52
241,50971,51,18.52
241,50971,77,18.52
241,50971,102,18.52
241,50971,128,18.52
241,50971,153,8.72
241,50971,179,8.72
241,50971,204,8.72
241,50971,230,8.72
241,50971,255,8.72
241,52792,0,7.79
241,52792,26,7.79
241,52792,51,7.79
241,52792,77,7.79
241,52792,102,7.79
241,52792,128,8.36
241,52792,153,8.36
241,52792,179,8.36
241,52792,204,8.36
241,52792,230,7.36
241,52792,255,7.36
241,54612,0,7.36
241,54612,26,7.36
241,54612,51,7.36
241,54612,77,8.94
241,54612,102,8.94
241,54612,128,8.94
241,54612,153,8.94
241,54612,179,8.94
241,54612,204,8.94
241,54612,230,6.58
241,54612,255,6.58
241,56432,0,6.58
241,56432,26,14.23
241,56432,51,14.23
241,56432,77,14.23
241,56432,102,14.23
241,56432,128,14.23
241,56432,153,14.23
241,56432,179,6.5
241,56432,204,6.5
241,56432,230,6.5
241,56432,255,6.5
241,58253,0,6.5
241,58253,26,15.3
241,58253,51,15.3
241,58253,77,15.3
241,58253,102,15.3
241,58253,128,15.3
241,58253,153,7.08
241,58253,179,7.08
241,58253,204,7.08
241,58253,230,7.08
241,58253,255,5.65
241,60073,0,5.65
241,60073,26,5.65
241,60073,51,5.65
241,60073,77,5.65
241,60073,102,7.72
241,60073,128,7.72
241,60073,153,7.72
241,60073,179,7.72
241,60073,204,7.72
241,60073,230,5.57
241,60073,255,5.57
241,61894,0,5.57
241,61894,26,5.57
241,61894,51,13.73
241,61894,77,13.73
241,61894,102,13.73
241,61894,128,13.73
241,61894,153,13.73
241,61894,179,5.79
241,61894,204,5.79
241,61894,230,5.79
241,61894,255,5.79
241,63714,0,5.79
241,63714,26,15.3
241,63714,51,15.3
241,63714,77,15.3
241,63714,102,15.3
241,63714,128,5.93
241,63714,153,5.93
241,63714,179,5.93
241,63714,204,5.93
241,63714,230,5.93
241,63714,255,5.07
241,65534,0,15.3
241,65534,26,15.3
241,65534,51,15.3
241,65534,77,15.3
241,65534,102,15.3
241,65534,128,6.29
241,65534,153,6.29
241,65534,179,6.29
241,65534,204,6.29
241,65534,230,6.29
241,65534,255,5.07
251,0,0,5.07
251,0,26,16.52
251,0,51,16.52
251,0,77,16.52
251,0,102,16.52
251,0,128,16.52
251,0,153,6.15
251,0,179,6.15
251,0,204,6.15
251,0,230,6.15
251,0,255,5.5
251,1820,0,5.5
251,1820,26,16.59
251,1820,51,16.59
251,1820,77,16.59
251,1820,102,16.59
251,1820,128,7.08
251,1820,153,7.08
251,1820,179,7.08
251,1820,204,7.08
251,1820,230,7.08
251,1820,255,5.72
251,3641,0,5.72
251,3641,26,16.52
251,3641,51,16.52
251,3641,77,16.52
251,3641,102,16.52
251,3641,128,16.52
251,3641,153,11.94
251,3641,179,11.94
251,3641,204,11.94
251,3641,230,11.94
251,3641,255,6.0
251,5461,0,16.59
251,5461,26,16.59
251,5461,51,16.59
251,5461,77,16.59
251,5461,102,16.59
251,5461,128,21.31
251,5461,153,21.31
251,5461,179,21.31
251,5461,204,21.31
251,5461,230,7.0
251,5461,255,7.0
251,7282,0,7.0
251,7282,26,7.0
251,7282,51,20.38
251,7282,77,20.38
251,7282,102,20.38
251,7282,128,20.38
251,7282,153,20.38
251,7282,179,18.66
251,7282,204,7.36
251,7282,230,7.36
251,7282,255,7.36
251,9102,0,7.36
251,9102,26,21.02
251,9102,51,21.02
251,9102,77,21.02
251,9102,102,21.02
251,9102,128,21.02
251,9102,153,15.3
251,9102,179,15.3
251,9102,204,15.3
251,9102,230,15.3
251,9102,255,15.3
251,10922,0,8.15
251,10922,26,21.81
251,10922,51,21.81
251,10922,77,21.81
251,10922,102,21.81
251,10922,128,10.87
251,10922,153,10.87
251,10922,179,10.87
251,10922,204,10.87
251,10922,230,10.87
251,10922,255,8.79
251,12743,0,8.79
251,12743,26,8.79
251,12743,51,21.88
251,12743,77,21.88
251,12743,102,21.88
251,12743,128,10.15
251,12743,153,10.15
251,12743,179,10.15
251,12743,204,10.15
251,12743,230,10.15
251,12743,255,7.72
251,14563,0,7.72
251,14563,26,21.81
251,14563,51,21.81
251,14563,77,21.81
251,14563,102,10.44
251,14563,128,10.44
251,14563,153,10.44
251,14563,179,10.44
251,14563,204,7.22
251,14563,230,7.22
251,14563,255,7.22
251,16384,0,7.22
251,16384,26,7.22
251,16384,51,21.81
251,16384,77,9.51
251,16384,102,9.51
251,16384,128,9.51
251,16384,153,9.51
251,16384,179,9.51
251,16384,204,6.58
251,16384,230,6.58
251,16384,255,6.58
251,18204,0,16.59
251,18204,26,16.59
251,18204,51,16.59
251,18204,77,16.59
251,18204,102,16.59
251,18204,128,7.58
251,18204,153,7.58
251,18204,179,7.58
251,18204,204,7.58
251,18204,230,7.58
251,18204,255,5.86
251,20024,0,16.59
251,20024,26,16.59
251,20024,51,16.59
251,20024,77,16.59
251,20024,102,16.59
251,20024,128,7.08
251,20024,153,7.08
251,20024,179,7.08
251,20024,204,7.08
251,20024,230,7.08
251,20024,255,7.08
251,21845,0,5.57
251,21845,26,16.52
251,21845,51,16.52
251,21845,77,16.52
251,21845,102,16.52
251,21845,128,16.52
251,21845,153,6.58
251,21845,179,6.58
251,21845,204,6.58
251,21845,230,6.58
251,21845,255,5.5
251,23665,0,16.59
251,23665,26,16.59
251,23665,51,16.59
251,23665,77,16.59
251,23665,102,16.59
251,23665,128,6.36
251,23665,153,6.36
251,23665,179,6.36
251,23665,204,6.36
251,23665,230,6.36
251,23665,255,5.57
251,25486,0,5.57
251,25486,26,16.52
251,25486,51,16.52
251,25486,77,16.52
251,25486,102,16.52
251,25486,128,16.52
251,25486,153,6.58
251,25486,179,6.58
251,25486,204,6.58
251,25486,230,6.58
251,25486,255,5.65
251,27306,0,16.52
251,27306,26,16.52
251,27306,51,16.52
251,27306,77,16.52
251,27306,102,16.52
251,27306,128,7.51
251,27306,153,7.51
251,27306,179,7.51
251,27306,204,7.51
251,27306,230,7.51
251,27306,255,5.86
251,29126,0,5.86
251,29126,26,16.52
251,29126,51,16.52
251,29126,77,16.52
251,29126,102,16.52
251,29126,128,16.52
251,29126,153,7.65
251,29126,179,7.65
251,29126,204,7.65
251,29126,230,7.65
251,29126,255,6.15
251,30947,0,6.15
251,30947,26,16.52
251,30947,51,16.52
251,30947,77,16.52
251,30947,102,16.52
251,30947,128,7.36
251,30947,153,7.36
251,30947,179,7.36
251,30947,204,7.36
251,30947,230,7.36
251,30947,255,6.43
251,32767,0,16.59
251,32767,26,16.59
251,32767,51,16.59
251,32767,77,16.59
251,32767,102,16.59
251,32767,128,16.59
251,32767,153,7.79
251,32767,179,7.79
251,32767,204,7.79
251,32767,230,7.79
251,32767,255,7.79
251,34588,0,6.93
251,34588,26,17.59
251,34588,51,17.59
251,34588,77,17.59
251,34588,102,17.59
251,34588,128,17.59
251,34588,153,8.15
251,34588,179,8.15
251,34588,204,8.15
251,34588,230,8.15
251,34588,255,8.15
251,36408,0,8.08
251,36408,26,8.08
251,36408,51,8.08
251,36408,77,18.45
251,36408,102,18.45
251,36408,128,18.45
251,36408,153,18.45
251,36408,179,9.08
251,36408,204,9.08
251,36408,230,9.08
251,36408,255,9.08
251,38228,0,9.08
251,38228,26,16.59
251,38228,51,16.59
251,38228,77,16.59
251,38228,102,16.59
251,38228,128,16.59
251,38228,153,10.65
251,38228,179,10.65
251,38228,204,10.65
251,38228,230,10.65
251,38228,255,10.65
251,40049,0,6.72
251,40049,26,6.72
251,40049,51,6.72
251,40049,77,18.52
251,40049,102,18.52
251,40049,128,18.52
251,40049,153,18.52
251,40049,179,8.01
251,40049,204,8.01
251,40049,230,8.01
251,40049,255,8.01
251,41869,0,8.01
251,41869,26,16.59
251,41869,51,16.59
251,41869,77,16.59
251,41869,102,16.59
251,41869,128,16.59
251,41869,153,9.44
251,41869,179,9.44
251,41869,204,9.44
251,41869,230,9.44
251,41869,255,5.65
251,43690,0,16.59
251,43690,26,16.59
251,43690,51,16.59
251,43690,77,16.59
251,43690,102,16.59
251,43690,128,7.15
251,43690,153,7.15
251,43690,179,7.15
251,43690,204,7.15
251,43690,230,7.15
251,43690,255,5.5
251,45510,0,5.5
251,45510,26,16.59
251,45510,51,16.59
251,45510,77,16.59
251,45510,102,16.59
251,45510,128,16.59
251,45510,153,7.93
251,45510,179,7.93
251,45510,204,7.93
251,45510,230,7.93
251,45510,255,5.65
251,47330,0,16.59
251,47330,26,16.59
251,47330,51,16.59
251,47330,77,16.59
251,47330,102,16.59
251,47330,128,10.58
251,47330,153,10.58
251,47330,179,10.58
251,47330,204,10.58
251,47330,230,10.58
251,47330,255,6.22
251,49151,0,6.22
251,49151,26,16.59
251,49151,51,16.59
251,49151,77,16.59
251,49151,102,16.59
251,49151,128,16.59
251,49151,153,11.8
251,49151,179,11.8
251,49151,204,11.8
251,49151,230,7.15
251,49151,255,7.15
251,50971,0,7.15
251,50971,26,19.95
251,50971,51,19.95
251,50971,77,19.95
251,50971,102,19.95
251,50971,128,9.44
251,50971,153,9.44
251,50971,179,9.44
251,50971,204,9.44
251,50971,230,9.44
251,50971,255,8.65
251,52792,0,8.65
251,52792,26,8.65
251,52792,51,8.65
251,52792,77,8.65
251,52792,102,10.01
251,52792,128,10.01
251,52792,153,10.01
251,52792,179,10.01
251,52792,204,7.65
251,52792,230,7.65
251,52792,255,7.65
251,54612,0,7.65
251,54612,26,7.65
251,54612,51,10.87
251,54612,77,10.87
251,54612,102,10.87
251,54612,128,10.87
251,54612,153,10.87
251,54612,179,7.29
251,54612,204,7.29
251,54612,230,7.29
251,54612,255,7.29
251,56432,0,7.29
251,56432,26,16.59
251,56432,51,16.59
251,56432,77,16.59
251,56432,102,16.59
251,56432,128,7.29
251,56432,153,7.29
251,56432,179,7.29
251,56432,204,7.29
251,56432,230,7.29
251,56432,255,6.5
251,58253,0,6.5
251,58253,26,16.59
251,58253,51,16.59
251,58253,77,16.59
251,58253,102,16.59
251,58253,128,16.59
251,58253,153,7.0
251,58253,179,7.0
251,58253,204,7.0
251,58253,230,7.0
251,58253,255,6.15
251,60073,0,16.59
251,60073,26,16.59
251,60073,51,16.59
251,60073,77,16.59
251,60073,102,16.59
251,60073,128,7.36
251,60073,153,7.36
251,60073,179,7.36
251,60073,204,7.36
251,60073,230,7.36
251,60073,255,5.86
251,61894,0,16.59
251,61894,26,16.59
251,61894,51,16.59
251,61894,77,16.59
251,61894,102,16.59
251,61894,128,16.59
251,61894,153,7.15
251,61894,179,7.15
251,61894,204,7.15
251,61894,230,5.65
251,61894,255,5.65
251,63714,0,5.65
251,63714,26,16.59
251,63714,51,16.59
251,63714,77,16.59
251,63714,102,16.59
251,63714,128,6.36
251,63714,153,6.36
251,63714,179,6.36
251,63714,204,6.36
251,63714,230,6.36
251,63714,255,5.5
251,65534,0,16.59
251,65534,26,16.59
251,65534,51,16.59
251,65534,77,16.59
251,65534,102,16.59
251,65534,128,6.22
251,65534,153,6.22
251,65534,179,6.22
251,65534,204,6.22
251,65534,230,6.22
251,65534,255,6.22
