bri,hue,sat,watt
1,1,1,0.35
1,2001,1,0.35
1,4001,1,0.35
1,6001,1,0.35
1,8001,1,0.35
1,10001,1,0.35
1,12001,1,0.35
1,14001,1,0.35
1,16001,1,0.35
1,18001,1,0.35
1,20001,1,0.35
1,22001,1,0.35
1,24001,1,0.35
1,26001,1,0.35
1,28001,1,0.35
1,30001,1,0.35
1,32001,1,0.35
1,34001,1,0.35
1,36001,1,0.35
1,38001,1,0.35
1,40001,1,0.35
1,42001,1,0.35
1,44001,1,0.35
1,46001,1,0.35
1,48001,1,0.35
1,50001,1,0.35
1,52001,1,0.35
1,54001,1,0.35
1,56001,1,0.35
1,58001,1,0.35
1,60001,1,0.35
1,62001,1,0.35
1,64001,1,0.35
1,65535,1,0.35
1,1,11,0.35
1,2001,11,0.35
1,4001,11,0.35
1,6001,11,0.35
1,8001,11,0.35
1,10001,11,0.35
1,12001,11,0.35
1,14001,11,0.35
1,16001,11,0.35
1,18001,11,0.35
1,20001,11,0.35
1,22001,11,0.35
1,24001,11,0.35
1,26001,11,0.35
1,28001,11,0.35
1,30001,11,0.35
1,32001,11,0.35
1,34001,11,0.35
1,36001,11,0.35
1,38001,11,0.35
1,40001,11,0.35
1,42001,11,0.35
1,44001,11,0.35
1,46001,11,0.35
1,48001,11,0.35
1,50001,11,0.35
1,52001,11,0.35
1,54001,11,0.35
1,56001,11,0.35
1,58001,11,0.35
1,60001,11,0.35
1,62001,11,0.35
1,64001,11,0.35
1,65535,11,0.35
1,1,21,0.35
1,2001,21,0.35
1,4001,21,0.35
1,6001,21,0.35
1,8001,21,0.35
1,10001,21,0.35
1,12001,21,0.35
1,14001,21,0.35
1,16001,21,0.35
1,18001,21,0.35
1,20001,21,0.35
1,22001,21,0.35
1,24001,21,0.35
1,26001,21,0.35
1,28001,21,0.35
1,30001,21,0.35
1,32001,21,0.35
1,34001,21,0.35
1,36001,21,0.35
1,38001,21,0.35
1,40001,21,0.35
1,42001,21,0.35
1,44001,21,0.35
1,46001,21,0.35
1,48001,21,0.35
1,50001,21,0.35
1,52001,21,0.35
1,54001,21,0.35
1,56001,21,0.35
1,58001,21,0.35
1,60001,21,0.35
1,62001,21,0.35
1,64001,21,0.35
1,65535,21,0.35
1,1,31,0.35
1,2001,31,0.35
1,4001,31,0.35
1,6001,31,0.35
1,8001,31,0.35
1,10001,31,0.35
1,12001,31,0.35
1,14001,31,0.35
1,16001,31,0.35
1,18001,31,0.35
1,20001,31,0.35
1,22001,31,0.35
1,24001,31,0.35
1,26001,31,0.35
1,28001,31,0.35
1,30001,31,0.35
1,32001,31,0.35
1,34001,31,0.35
1,36001,31,0.35
1,38001,31,0.35
1,40001,31,0.35
1,42001,31,0.35
1,44001,31,0.35
1,46001,31,0.35
1,48001,31,0.35
1,50001,31,0.35
1,52001,31,0.35
1,54001,31,0.35
1,56001,31,0.35
1,58001,31,0.35
1,60001,31,0.35
1,62001,31,0.35
1,64001,31,0.35
1,65535,31,0.35
1,1,41,0.35
1,2001,41,0.35
1,4001,41,0.35
1,6001,41,0.35
1,8001,41,0.35
1,10001,41,0.35
1,12001,41,0.35
1,14001,41,0.35
1,16001,41,0.35
1,18001,41,0.35
1,20001,41,0.35
1,22001,41,0.35
1,24001,41,0.35
1,26001,41,0.35
1,28001,41,0.35
1,30001,41,0.35
1,32001,41,0.35
1,34001,41,0.35
1,36001,41,0.35
1,38001,41,0.35
1,40001,41,0.35
1,42001,41,0.35
1,44001,41,0.35
1,46001,41,0.35
1,48001,41,0.35
1,50001,41,0.35
1,52001,41,0.35
1,54001,41,0.35
1,56001,41,0.35
1,58001,41,0.35
1,60001,41,0.35
1,62001,41,0.35
1,64001,41,0.35
1,65535,41,0.35
1,1,51,0.35
1,2001,51,0.35
1,4001,51,0.35
1,6001,51,0.35
1,8001,51,0.35
1,10001,51,0.35
1,12001,51,0.35
1,14001,51,0.35
1,16001,51,0.35
1,18001,51,0.35
1,20001,51,0.35
1,22001,51,0.35
1,24001,51,0.35
1,26001,51,0.35
1,28001,51,0.35
1,30001,51,0.35
1,32001,51,0.35
1,34001,51,0.35
1,36001,51,0.35
1,38001,51,0.35
1,40001,51,0.35
1,42001,51,0.35
1,44001,51,0.35
1,46001,51,0.35
1,48001,51,0.35
1,50001,51,0.35
1,52001,51,0.35
1,54001,51,0.35
1,56001,51,0.35
1,58001,51,0.35
1,60001,51,0.35
1,62001,51,0.35
1,64001,51,0.35
1,65535,51,0.35
1,1,61,0.35
1,2001,61,0.35
1,4001,61,0.35
1,6001,61,0.35
1,8001,61,0.35
1,10001,61,0.35
1,12001,61,0.35
1,14001,61,0.35
1,16001,61,0.35
1,18001,61,0.35
1,20001,61,0.35
1,22001,61,0.35
1,24001,61,0.35
1,26001,61,0.35
1,28001,61,0.35
1,30001,61,0.35
1,32001,61,0.35
1,34001,61,0.35
1,36001,61,0.35
1,38001,61,0.35
1,40001,61,0.35
1,42001,61,0.35
1,44001,61,0.35
1,46001,61,0.35
1,48001,61,0.35
1,50001,61,0.35
1,52001,61,0.35
1,54001,61,0.35
1,56001,61,0.35
1,58001,61,0.35
1,60001,61,0.35
1,62001,61,0.35
1,64001,61,0.35
1,65535,61,0.35
1,1,71,0.35
1,2001,71,0.35
1,4001,71,0.35
1,6001,71,0.35
1,8001,71,0.35
1,10001,71,0.35
1,12001,71,0.35
1,14001,71,0.35
1,16001,71,0.35
1,18001,71,0.35
1,20001,71,0.35
1,22001,71,0.35
1,24001,71,0.35
1,26001,71,0.35
1,28001,71,0.35
1,30001,71,0.35
1,32001,71,0.35
1,34001,71,0.35
1,36001,71,0.35
1,38001,71,0.35
1,40001,71,0.35
1,42001,71,0.35
1,44001,71,0.35
1,46001,71,0.35
1,48001,71,0.35
1,50001,71,0.35
1,52001,71,0.35
1,54001,71,0.35
1,56001,71,0.35
1,58001,71,0.35
1,60001,71,0.35
1,62001,71,0.35
1,64001,71,0.35
1,65535,71,0.35
1,1,81,0.35
1,2001,81,0.35
1,4001,81,0.35
1,6001,81,0.35
1,8001,81,0.35
1,10001,81,0.35
1,12001,81,0.35
1,14001,81,0.35
1,16001,81,0.35
1,18001,81,0.35
1,20001,81,0.35
1,22001,81,0.35
1,24001,81,0.35
1,26001,81,0.35
1,28001,81,0.35
1,30001,81,0.35
1,32001,81,0.35
1,34001,81,0.35
1,36001,81,0.35
1,38001,81,0.35
1,40001,81,0.35
1,42001,81,0.35
1,44001,81,0.35
1,46001,81,0.35
1,48001,81,0.35
1,50001,81,0.35
1,52001,81,0.35
1,54001,81,0.35
1,56001,81,0.35
1,58001,81,0.35
1,60001,81,0.35
1,62001,81,0.35
1,64001,81,0.35
1,65535,81,0.35
1,1,91,0.35
1,2001,91,0.35
1,4001,91,0.35
1,6001,91,0.35
1,8001,91,0.35
1,10001,91,0.35
1,12001,91,0.35
1,14001,91,0.35
1,16001,91,0.35
1,18001,91,0.35
1,20001,91,0.35
1,22001,91,0.35
1,24001,91,0.35
1,26001,91,0.35
1,28001,91,0.35
1,30001,91,0.35
1,32001,91,0.35
1,34001,91,0.35
1,36001,91,0.35
1,38001,91,0.35
1,40001,91,0.35
1,42001,91,0.35
1,44001,91,0.35
1,46001,91,0.35
1,48001,91,0.35
1,50001,91,0.35
1,52001,91,0.35
1,54001,91,0.35
1,56001,91,0.35
1,58001,91,0.35
1,60001,91,0.35
1,62001,91,0.35
1,64001,91,0.35
1,65535,91,0.35
1,1,101,0.35
1,2001,101,0.35
1,4001,101,0.35
1,6001,101,0.35
1,8001,101,0.35
1,10001,101,0.35
1,12001,101,0.35
1,14001,101,0.35
1,16001,101,0.35
1,18001,101,0.35
1,20001,101,0.35
1,22001,101,0.35
1,24001,101,0.35
1,26001,101,0.35
1,28001,101,0.35
1,30001,101,0.35
1,32001,101,0.35
1,34001,101,0.35
1,36001,101,0.35
1,38001,101,0.35
1,40001,101,0.35
1,42001,101,0.35
1,44001,101,0.35
1,46001,101,0.35
1,48001,101,0.35
1,50001,101,0.35
1,52001,101,0.35
1,54001,101,0.35
1,56001,101,0.35
1,58001,101,0.35
1,60001,101,0.35
1,62001,101,0.35
1,64001,101,0.35
1,65535,101,0.35
1,1,111,0.35
1,2001,111,0.35
1,4001,111,0.35
1,6001,111,0.35
1,8001,111,0.35
1,10001,111,0.35
1,12001,111,0.35
1,14001,111,0.35
1,16001,111,0.35
1,18001,111,0.35
1,20001,111,0.35
1,22001,111,0.35
1,24001,111,0.35
1,26001,111,0.35
1,28001,111,0.35
1,30001,111,0.35
1,32001,111,0.35
1,34001,111,0.35
1,36001,111,0.35
1,38001,111,0.35
1,40001,111,0.35
1,42001,111,0.35
1,44001,111,0.35
1,46001,111,0.35
1,48001,111,0.35
1,50001,111,0.35
1,52001,111,0.35
1,54001,111,0.35
1,56001,111,0.35
1,58001,111,0.35
1,60001,111,0.35
1,62001,111,0.35
1,64001,111,0.35
1,65535,111,0.35
1,1,121,0.35
1,2001,121,0.35
1,4001,121,0.35
1,6001,121,0.35
1,8001,121,0.35
1,10001,121,0.35
1,12001,121,0.35
1,14001,121,0.35
1,16001,121,0.35
1,18001,121,0.35
1,20001,121,0.35
1,22001,121,0.35
1,24001,121,0.35
1,26001,121,0.35
1,28001,121,0.35
1,30001,121,0.35
1,32001,121,0.35
1,34001,121,0.35
1,36001,121,0.35
1,38001,121,0.35
1,40001,121,0.35
1,42001,121,0.35
1,44001,121,0.35
1,46001,121,0.35
1,48001,121,0.35
1,50001,121,0.35
1,52001,121,0.35
1,54001,121,0.35
1,56001,121,0.35
1,58001,121,0.35
1,60001,121,0.35
1,62001,121,0.35
1,64001,121,0.35
1,65535,121,0.35
1,1,131,0.35
1,2001,131,0.35
1,4001,131,0.35
1,6001,131,0.35
1,8001,131,0.35
1,10001,131,0.35
1,12001,131,0.35
1,14001,131,0.35
1,16001,131,0.35
1,18001,131,0.35
1,20001,131,0.35
1,22001,131,0.35
1,24001,131,0.35
1,26001,131,0.35
1,28001,131,0.35
1,30001,131,0.35
1,32001,131,0.35
1,34001,131,0.35
1,36001,131,0.35
1,38001,131,0.35
1,40001,131,0.35
1,42001,131,0.35
1,44001,131,0.35
1,46001,131,0.35
1,48001,131,0.35
1,50001,131,0.35
1,52001,131,0.35
1,54001,131,0.35
1,56001,131,0.35
1,58001,131,0.35
1,60001,131,0.35
1,62001,131,0.35
1,64001,131,0.35
1,65535,131,0.35
1,1,141,0.35
1,2001,141,0.35
1,4001,141,0.35
1,6001,141,0.35
1,8001,141,0.35
1,10001,141,0.35
1,12001,141,0.35
1,14001,141,0.35
1,16001,141,0.35
1,18001,141,0.35
1,20001,141,0.35
1,22001,141,0.35
1,24001,141,0.35
1,26001,141,0.35
1,28001,141,0.35
1,30001,141,0.35
1,32001,141,0.35
1,34001,141,0.35
1,36001,141,0.35
1,38001,141,0.35
1,40001,141,0.35
1,42001,141,0.35
1,44001,141,0.35
1,46001,141,0.35
1,48001,141,0.35
1,50001,141,0.35
1,52001,141,0.35
1,54001,141,0.35
1,56001,141,0.35
1,58001,141,0.35
1,60001,141,0.35
1,62001,141,0.35
1,64001,141,0.35
1,65535,141,0.35
1,1,151,0.35
1,2001,151,0.35
1,4001,151,0.35
1,6001,151,0.35
1,8001,151,0.35
1,10001,151,0.35
1,12001,151,0.35
1,14001,151,0.35
1,16001,151,0.35
1,18001,151,0.35
1,20001,151,0.35
1,22001,151,0.35
1,24001,151,0.35
1,26001,151,0.35
1,28001,151,0.35
1,30001,151,0.35
1,32001,151,0.35
1,34001,151,0.35
1,36001,151,0.35
1,38001,151,0.35
1,40001,151,0.35
1,42001,151,0.35
1,44001,151,0.35
1,46001,151,0.35
1,48001,151,0.35
1,50001,151,0.35
1,52001,151,0.35
1,54001,151,0.35
1,56001,151,0.35
1,58001,151,0.35
1,60001,151,0.35
1,62001,151,0.35
1,64001,151,0.35
1,65535,151,0.35
1,1,161,0.35
1,2001,161,0.35
1,4001,161,0.35
1,6001,161,0.35
1,8001,161,0.35
1,10001,161,0.35
1,12001,161,0.35
1,14001,161,0.35
1,16001,161,0.35
1,18001,161,0.35
1,20001,161,0.35
1,22001,161,0.35
1,24001,161,0.35
1,26001,161,0.35
1,28001,161,0.35
1,30001,161,0.35
1,32001,161,0.35
1,34001,161,0.35
1,36001,161,0.35
1,38001,161,0.35
1,40001,161,0.35
1,42001,161,0.35
1,44001,161,0.35
1,46001,161,0.35
1,48001,161,0.35
1,50001,161,0.35
1,52001,161,0.35
1,54001,161,0.35
1,56001,161,0.35
1,58001,161,0.35
1,60001,161,0.35
1,62001,161,0.35
1,64001,161,0.35
1,65535,161,0.35
1,1,171,0.35
1,2001,171,0.35
1,4001,171,0.35
1,6001,171,0.35
1,8001,171,0.35
1,10001,171,0.35
1,12001,171,0.35
1,14001,171,0.35
1,16001,171,0.35
1,18001,171,0.35
1,20001,171,0.35
1,22001,171,0.35
1,24001,171,0.35
1,26001,171,0.35
1,28001,171,0.35
1,30001,171,0.35
1,32001,171,0.35
1,34001,171,0.35
1,36001,171,0.35
1,38001,171,0.35
1,40001,171,0.35
1,42001,171,0.35
1,44001,171,0.35
1,46001,171,0.35
1,48001,171,0.35
1,50001,171,0.35
1,52001,171,0.35
1,54001,171,0.35
1,56001,171,0.35
1,58001,171,0.35
1,60001,171,0.35
1,62001,171,0.35
1,64001,171,0.35
1,65535,171,0.35
1,1,181,0.35
1,2001,181,0.35
1,4001,181,0.35
1,6001,181,0.35
1,8001,181,0.35
1,10001,181,0.35
1,12001,181,0.35
1,14001,181,0.35
1,16001,181,0.35
1,18001,181,0.35
1,20001,181,0.35
1,22001,181,0.35
1,24001,181,0.35
1,26001,181,0.35
1,28001,181,0.35
1,30001,181,0.35
1,32001,181,0.35
1,34001,181,0.35
1,36001,181,0.35
1,38001,181,0.35
1,40001,181,0.35
1,42001,181,0.35
1,44001,181,0.35
1,46001,181,0.35
1,48001,181,0.35
1,50001,181,0.35
1,52001,181,0.35
1,54001,181,0.35
1,56001,181,0.35
1,58001,181,0.35
1,60001,181,0.35
1,62001,181,0.35
1,64001,181,0.35
1,65535,181,0.35
1,1,191,0.35
1,2001,191,0.35
1,4001,191,0.35
1,6001,191,0.35
1,8001,191,0.35
1,10001,191,0.35
1,12001,191,0.35
1,14001,191,0.35
1,16001,191,0.35
1,18001,191,0.35
1,20001,191,0.35
1,22001,191,0.35
1,24001,191,0.35
1,26001,191,0.35
1,28001,191,0.35
1,30001,191,0.35
1,32001,191,0.35
1,34001,191,0.35
1,36001,191,0.35
1,38001,191,0.35
1,40001,191,0.35
1,42001,191,0.35
1,44001,191,0.35
1,46001,191,0.35
1,48001,191,0.35
1,50001,191,0.35
1,52001,191,0.35
1,54001,191,0.35
1,56001,191,0.35
1,58001,191,0.35
1,60001,191,0.35
1,62001,191,0.35
1,64001,191,0.35
1,65535,191,0.35
1,1,201,0.35
1,2001,201,0.35
1,4001,201,0.35
1,6001,201,0.35
1,8001,201,0.35
1,10001,201,0.35
1,12001,201,0.35
1,14001,201,0.35
1,16001,201,0.35
1,18001,201,0.35
1,20001,201,0.35
1,22001,201,0.35
1,24001,201,0.35
1,26001,201,0.35
1,28001,201,0.35
1,30001,201,0.35
1,32001,201,0.35
1,34001,201,0.35
1,36001,201,0.35
1,38001,201,0.35
1,40001,201,0.35
1,42001,201,0.35
1,44001,201,0.35
1,46001,201,0.35
1,48001,201,0.35
1,50001,201,0.35
1,52001,201,0.35
1,54001,201,0.35
1,56001,201,0.35
1,58001,201,0.35
1,60001,201,0.35
1,62001,201,0.35
1,64001,201,0.35
1,65535,201,0.35
1,1,211,0.35
1,2001,211,0.35
1,4001,211,0.35
1,6001,211,0.35
1,8001,211,0.35
1,10001,211,0.35
1,12001,211,0.35
1,14001,211,0.35
1,16001,211,0.35
1,18001,211,0.35
1,20001,211,0.35
1,22001,211,0.35
1,24001,211,0.35
1,26001,211,0.35
1,28001,211,0.35
1,30001,211,0.35
1,32001,211,0.35
1,34001,211,0.35
1,36001,211,0.35
1,38001,211,0.35
1,40001,211,0.35
1,42001,211,0.35
1,44001,211,0.35
1,46001,211,0.35
1,48001,211,0.35
1,50001,211,0.35
1,52001,211,0.35
1,54001,211,0.35
1,56001,211,0.35
1,58001,211,0.35
1,60001,211,0.35
1,62001,211,0.35
1,64001,211,0.35
1,65535,211,0.35
1,1,221,0.35
1,2001,221,0.35
1,4001,221,0.35
1,6001,221,0.35
1,8001,221,0.35
1,10001,221,0.35
1,12001,221,0.35
1,14001,221,0.35
1,16001,221,0.35
1,18001,221,0.35
1,20001,221,0.35
1,22001,221,0.35
1,24001,221,0.35
1,26001,221,0.35
1,28001,221,0.35
1,30001,221,0.35
1,32001,221,0.35
1,34001,221,0.35
1,36001,221,0.35
1,38001,221,0.35
1,40001,221,0.35
1,42001,221,0.35
1,44001,221,0.35
1,46001,221,0.35
1,48001,221,0.35
1,50001,221,0.35
1,52001,221,0.35
1,54001,221,0.35
1,56001,221,0.35
1,58001,221,0.35
1,60001,221,0.35
1,62001,221,0.35
1,64001,221,0.35
1,65535,221,0.35
1,1,231,0.35
1,2001,231,0.35
1,4001,231,0.35
1,6001,231,0.35
1,8001,231,0.35
1,10001,231,0.35
1,12001,231,0.35
1,14001,231,0.35
1,16001,231,0.35
1,18001,231,0.35
1,20001,231,0.35
1,22001,231,0.35
1,24001,231,0.35
1,26001,231,0.35
1,28001,231,0.35
1,30001,231,0.35
1,32001,231,0.35
1,34001,231,0.35
1,36001,231,0.35
1,38001,231,0.35
1,40001,231,0.35
1,42001,231,0.35
1,44001,231,0.35
1,46001,231,0.35
1,48001,231,0.35
1,50001,231,0.35
1,52001,231,0.35
1,54001,231,0.35
1,56001,231,0.35
1,58001,231,0.35
1,60001,231,0.35
1,62001,231,0.35
1,64001,231,0.35
1,65535,231,0.35
1,1,241,0.35
1,2001,241,0.35
1,4001,241,0.35
1,6001,241,0.35
1,8001,241,0.35
1,10001,241,0.35
1,12001,241,0.35
1,14001,241,0.35
1,16001,241,0.35
1,18001,241,0.35
1,20001,241,0.35
1,22001,241,0.35
1,24001,241,0.35
1,26001,241,0.35
1,28001,241,0.35
1,30001,241,0.35
1,32001,241,0.35
1,34001,241,0.35
1,36001,241,0.35
1,38001,241,0.35
1,40001,241,0.35
1,42001,241,0.35
1,44001,241,0.35
1,46001,241,0.35
1,48001,241,0.35
1,50001,241,0.35
1,52001,241,0.35
1,54001,241,0.35
1,56001,241,0.35
1,58001,241,0.35
1,60001,241,0.35
1,62001,241,0.35
1,64001,241,0.35
1,65535,241,0.35
1,1,251,0.35
1,2001,251,0.35
1,4001,251,0.35
1,6001,251,0.35
1,8001,251,0.35
1,10001,251,0.35
1,12001,251,0.35
1,14001,251,0.35
1,16001,251,0.35
1,18001,251,0.35
1,20001,251,0.35
1,22001,251,0.35
1,24001,251,0.35
1,26001,251,0.35
1,28001,251,0.35
1,30001,251,0.35
1,32001,251,0.35
1,34001,251,0.35
1,36001,251,0.35
1,38001,251,0.35
1,40001,251,0.35
1,42001,251,0.35
1,44001,251,0.35
1,46001,251,0.35
1,48001,251,0.35
1,50001,251,0.35
1,52001,251,0.35
1,54001,251,0.35
1,56001,251,0.35
1,58001,251,0.35
1,60001,251,0.35
1,62001,251,0.35
1,64001,251,0.35
1,65535,251,0.35
1,1,254,0.35
1,2001,254,0.35
1,4001,254,0.35
1,6001,254,0.35
1,8001,254,0.35
1,10001,254,0.35
1,12001,254,0.35
1,14001,254,0.35
1,16001,254,0.35
1,18001,254,0.35
1,20001,254,0.35
1,22001,254,0.35
1,24001,254,0.35
1,26001,254,0.35
1,28001,254,0.35
1,30001,254,0.35
1,32001,254,0.35
1,34001,254,0.35
1,36001,254,0.35
1,38001,254,0.35
1,40001,254,0.35
1,42001,254,0.35
1,44001,254,0.35
1,46001,254,0.35
1,48001,254,0.35
1,50001,254,0.35
1,52001,254,0.35
1,54001,254,0.35
1,56001,254,0.35
1,58001,254,0.35
1,60001,254,0.35
1,62001,254,0.35
1,64001,254,0.35
1,65535,254,0.35
11,1,1,0.35
11,2001,1,0.35
11,4001,1,0.35
11,6001,1,0.35
11,8001,1,0.35
11,10001,1,0.35
11,12001,1,0.35
11,14001,1,0.35
11,16001,1,0.35
11,18001,1,0.35
11,20001,1,0.35
11,22001,1,0.35
11,24001,1,0.35
11,26001,1,0.35
11,28001,1,0.35
11,30001,1,0.35
11,32001,1,0.35
11,34001,1,0.35
11,36001,1,0.35
11,38001,1,0.35
11,40001,1,0.35
11,42001,1,0.35
11,44001,1,0.35
11,46001,1,0.35
11,48001,1,0.35
11,50001,1,0.35
11,52001,1,0.35
11,54001,1,0.35
11,56001,1,0.35
11,58001,1,0.35
11,60001,1,0.35
11,62001,1,0.35
11,64001,1,0.35
11,65535,1,0.35
11,1,11,0.35
11,2001,11,0.35
11,4001,11,0.35
11,6001,11,0.35
11,8001,11,0.35
11,10001,11,0.35
11,12001,11,0.35
11,14001,11,0.35
11,16001,11,0.35
11,18001,11,0.35
11,20001,11,0.35
11,22001,11,0.35
11,24001,11,0.35
11,26001,11,0.35
11,28001,11,0.35
11,30001,11,0.35
11,32001,11,0.35
11,34001,11,0.35
11,36001,11,0.35
11,38001,11,0.35
11,40001,11,0.35
11,42001,11,0.35
11,44001,11,0.35
11,46001,11,0.35
11,48001,11,0.35
11,50001,11,0.35
11,52001,11,0.35
11,54001,11,0.35
11,56001,11,0.35
11,58001,11,0.35
11,60001,11,0.35
11,62001,11,0.35
11,64001,11,0.35
11,65535,11,0.35
11,1,21,0.35
11,2001,21,0.35
11,4001,21,0.35
11,6001,21,0.35
11,8001,21,0.35
11,10001,21,0.35
11,12001,21,0.35
11,14001,21,0.35
11,16001,21,0.35
11,18001,21,0.35
11,20001,21,0.35
11,22001,21,0.35
11,24001,21,0.35
11,26001,21,0.35
11,28001,21,0.35
11,30001,21,0.35
11,32001,21,0.35
11,34001,21,0.35
11,36001,21,0.35
11,38001,21,0.35
11,40001,21,0.35
11,42001,21,0.35
11,44001,21,0.35
11,46001,21,0.35
11,48001,21,0.35
11,50001,21,0.35
11,52001,21,0.35
11,54001,21,0.35
11,56001,21,0.35
11,58001,21,0.35
11,60001,21,0.35
11,62001,21,0.35
11,64001,21,0.35
11,65535,21,0.35
11,1,31,0.35
11,2001,31,0.35
11,4001,31,0.35
11,6001,31,0.35
11,8001,31,0.35
11,10001,31,0.35
11,12001,31,0.35
11,14001,31,0.35
11,16001,31,0.35
11,18001,31,0.35
11,20001,31,0.35
11,22001,31,0.35
11,24001,31,0.35
11,26001,31,0.35
11,28001,31,0.35
11,30001,31,0.35
11,32001,31,0.35
11,34001,31,0.35
11,36001,31,0.35
11,38001,31,0.35
11,40001,31,0.35
11,42001,31,0.35
11,44001,31,0.35
11,46001,31,0.35
11,48001,31,0.35
11,50001,31,0.35
11,52001,31,0.35
11,54001,31,0.35
11,56001,31,0.35
11,58001,31,0.35
11,60001,31,0.35
11,62001,31,0.35
11,64001,31,0.35
11,65535,31,0.35
11,1,41,0.35
11,2001,41,0.35
11,4001,41,0.35
11,6001,41,0.35
11,8001,41,0.35
11,10001,41,0.35
11,12001,41,0.35
11,14001,41,0.35
11,16001,41,0.35
11,18001,41,0.35
11,20001,41,0.35
11,22001,41,0.35
11,24001,41,0.35
11,26001,41,0.35
11,28001,41,0.35
11,30001,41,0.35
11,32001,41,0.35
11,34001,41,0.35
11,36001,41,0.35
11,38001,41,0.35
11,40001,41,0.35
11,42001,41,0.35
11,44001,41,0.35
11,46001,41,0.35
11,48001,41,0.35
11,50001,41,0.35
11,52001,41,0.35
11,54001,41,0.35
11,56001,41,0.35
11,58001,41,0.35
11,60001,41,0.35
11,62001,41,0.35
11,64001,41,0.35
11,65535,41,0.35
11,1,51,0.35
11,2001,51,0.35
11,4001,51,0.35
11,6001,51,0.35
11,8001,51,0.35
11,10001,51,0.35
11,12001,51,0.35
11,14001,51,0.35
11,16001,51,0.35
11,18001,51,0.35
11,20001,51,0.35
11,22001,51,0.35
11,24001,51,0.35
11,26001,51,0.35
11,28001,51,0.35
11,30001,51,0.35
11,32001,51,0.35
11,34001,51,0.35
11,36001,51,0.35
11,38001,51,0.35
11,40001,51,0.35
11,42001,51,0.35
11,44001,51,0.35
11,46001,51,0.35
11,48001,51,0.35
11,50001,51,0.35
11,52001,51,0.35
11,54001,51,0.35
11,56001,51,0.35
11,58001,51,0.35
11,60001,51,0.35
11,62001,51,0.35
11,64001,51,0.35
11,65535,51,0.35
11,1,61,0.35
11,2001,61,0.35
11,4001,61,0.35
11,6001,61,0.35
11,8001,61,0.35
11,10001,61,0.35
11,12001,61,0.35
11,14001,61,0.35
11,16001,61,0.35
11,18001,61,0.35
11,20001,61,0.35
11,22001,61,0.35
11,24001,61,0.35
11,26001,61,0.35
11,28001,61,0.35
11,30001,61,0.35
11,32001,61,0.35
11,34001,61,0.35
11,36001,61,0.35
11,38001,61,0.35
11,40001,61,0.35
11,42001,61,0.35
11,44001,61,0.35
11,46001,61,0.35
11,48001,61,0.35
11,50001,61,0.35
11,52001,61,0.35
11,54001,61,0.35
11,56001,61,0.35
11,58001,61,0.35
11,60001,61,0.35
11,62001,61,0.35
11,64001,61,0.35
11,65535,61,0.35
11,1,71,0.35
11,2001,71,0.35
11,4001,71,0.35
11,6001,71,0.35
11,8001,71,0.35
11,10001,71,0.35
11,12001,71,0.35
11,14001,71,0.35
11,16001,71,0.35
11,18001,71,0.35
11,20001,71,0.35
11,22001,71,0.35
11,24001,71,0.35
11,26001,71,0.35
11,28001,71,0.35
11,30001,71,0.35
11,32001,71,0.35
11,34001,71,0.35
11,36001,71,0.35
11,38001,71,0.35
11,40001,71,0.35
11,42001,71,0.35
11,44001,71,0.35
11,46001,71,0.35
11,48001,71,0.35
11,50001,71,0.35
11,52001,71,0.35
11,54001,71,0.35
11,56001,71,0.35
11,58001,71,0.35
11,60001,71,0.35
11,62001,71,0.35
11,64001,71,0.35
11,65535,71,0.35
11,1,81,0.35
11,2001,81,0.35
11,4001,81,0.35
11,6001,81,0.35
11,8001,81,0.35
11,10001,81,0.35
11,12001,81,0.35
11,14001,81,0.35
11,16001,81,0.35
11,18001,81,0.35
11,20001,81,0.35
11,22001,81,0.35
11,24001,81,0.35
11,26001,81,0.35
11,28001,81,0.35
11,30001,81,0.35
11,32001,81,0.35
11,34001,81,0.35
11,36001,81,0.35
11,38001,81,0.35
11,40001,81,0.35
11,42001,81,0.35
11,44001,81,0.35
11,46001,81,0.35
11,48001,81,0.35
11,50001,81,0.35
11,52001,81,0.35
11,54001,81,0.35
11,56001,81,0.35
11,58001,81,0.35
11,60001,81,0.35
11,62001,81,0.35
11,64001,81,0.35
11,65535,81,0.35
11,1,91,0.35
11,2001,91,0.35
11,4001,91,0.35
11,6001,91,0.35
11,8001,91,0.35
11,10001,91,0.35
11,12001,91,0.35
11,14001,91,0.35
11,16001,91,0.35
11,18001,91,0.35
11,20001,91,0.35
11,22001,91,0.35
11,24001,91,0.35
11,26001,91,0.35
11,28001,91,0.35
11,30001,91,0.35
11,32001,91,0.35
11,34001,91,0.35
11,36001,91,0.35
11,38001,91,0.35
11,40001,91,0.35
11,42001,91,0.35
11,44001,91,0.35
11,46001,91,0.35
11,48001,91,0.35
11,50001,91,0.35
11,52001,91,0.35
11,54001,91,0.35
11,56001,91,0.35
11,58001,91,0.35
11,60001,91,0.35
11,62001,91,0.35
11,64001,91,0.35
11,65535,91,0.35
11,1,101,0.35
11,2001,101,0.35
11,4001,101,0.35
11,6001,101,0.35
11,8001,101,0.35
11,10001,101,0.35
11,12001,101,0.35
11,14001,101,0.35
11,16001,101,0.35
11,18001,101,0.35
11,20001,101,0.35
11,22001,101,0.35
11,24001,101,0.35
11,26001,101,0.35
11,28001,101,0.35
11,30001,101,0.35
11,32001,101,0.35
11,34001,101,0.35
11,36001,101,0.35
11,38001,101,0.35
11,40001,101,0.35
11,42001,101,0.35
11,44001,101,0.35
11,46001,101,0.35
11,48001,101,0.35
11,50001,101,0.35
11,52001,101,0.35
11,54001,101,0.35
11,56001,101,0.35
11,58001,101,0.35
11,60001,101,0.35
11,62001,101,0.35
11,64001,101,0.35
11,65535,101,0.35
11,1,111,0.35
11,2001,111,0.35
11,4001,111,0.35
11,6001,111,0.35
11,8001,111,0.35
11,10001,111,0.35
11,12001,111,0.35
11,14001,111,0.35
11,16001,111,0.35
11,18001,111,0.35
11,20001,111,0.35
11,22001,111,0.35
11,24001,111,0.35
11,26001,111,0.35
11,28001,111,0.35
11,30001,111,0.35
11,32001,111,0.35
11,34001,111,0.35
11,36001,111,0.35
11,38001,111,0.35
11,40001,111,0.35
11,42001,111,0.35
11,44001,111,0.35
11,46001,111,0.35
11,48001,111,0.35
11,50001,111,0.35
11,52001,111,0.35
11,54001,111,0.35
11,56001,111,0.35
11,58001,111,0.35
11,60001,111,0.35
11,62001,111,0.35
11,64001,111,0.35
11,65535,111,0.35
11,1,121,0.35
11,2001,121,0.35
11,4001,121,0.35
11,6001,121,0.35
11,8001,121,0.35
11,10001,121,0.35
11,12001,121,0.35
11,14001,121,0.35
11,16001,121,0.35
11,18001,121,0.35
11,20001,121,0.35
11,22001,121,0.35
11,24001,121,0.35
11,26001,121,0.35
11,28001,121,0.35
11,30001,121,0.35
11,32001,121,0.35
11,34001,121,0.35
11,36001,121,0.35
11,38001,121,0.35
11,40001,121,0.35
11,42001,121,0.35
11,44001,121,0.35
11,46001,121,0.35
11,48001,121,0.35
11,50001,121,0.35
11,52001,121,0.35
11,54001,121,0.35
11,56001,121,0.35
11,58001,121,0.35
11,60001,121,0.35
11,62001,121,0.35
11,64001,121,0.35
11,65535,121,0.35
11,1,131,0.35
11,2001,131,0.35
11,4001,131,0.35
11,6001,131,0.35
11,8001,131,0.35
11,10001,131,0.35
11,12001,131,0.35
11,14001,131,0.35
11,16001,131,0.35
11,18001,131,0.35
11,20001,131,0.35
11,22001,131,0.35
11,24001,131,0.35
11,26001,131,0.35
11,28001,131,0.35
11,30001,131,0.35
11,32001,131,0.35
11,34001,131,0.35
11,36001,131,0.35
11,38001,131,0.35
11,40001,131,0.35
11,42001,131,0.35
11,44001,131,0.35
11,46001,131,0.35
11,48001,131,0.35
11,50001,131,0.35
11,52001,131,0.35
11,54001,131,0.35
11,56001,131,0.35
11,58001,131,0.35
11,60001,131,0.35
11,62001,131,0.35
11,64001,131,0.35
11,65535,131,0.35
11,1,141,0.35
11,2001,141,0.35
11,4001,141,0.35
11,6001,141,0.35
11,8001,141,0.35
11,10001,141,0.35
11,12001,141,0.35
11,14001,141,0.35
11,16001,141,0.35
11,18001,141,0.35
11,20001,141,0.35
11,22001,141,0.35
11,24001,141,0.35
11,26001,141,0.35
11,28001,141,0.35
11,30001,141,0.35
11,32001,141,0.35
11,34001,141,0.35
11,36001,141,0.35
11,38001,141,0.35
11,40001,141,0.35
11,42001,141,0.35
11,44001,141,0.35
11,46001,141,0.35
11,48001,141,0.35
11,50001,141,0.35
11,52001,141,0.35
11,54001,141,0.35
11,56001,141,0.35
11,58001,141,0.35
11,60001,141,0.35
11,62001,141,0.35
11,64001,141,0.35
11,65535,141,0.35
11,1,151,0.35
11,2001,151,0.35
11,4001,151,0.35
11,6001,151,0.35
11,8001,151,0.35
11,10001,151,0.35
11,12001,151,0.35
11,14001,151,0.35
11,16001,151,0.35
11,18001,151,0.35
11,20001,151,0.35
11,22001,151,0.35
11,24001,151,0.35
11,26001,151,0.35
11,28001,151,0.35
11,30001,151,0.35
11,32001,151,0.35
11,34001,151,0.35
11,36001,151,0.35
11,38001,151,0.35
11,40001,151,0.35
11,42001,151,0.35
11,44001,151,0.35
11,46001,151,0.35
11,48001,151,0.35
11,50001,151,0.35
11,52001,151,0.35
11,54001,151,0.35
11,56001,151,0.35
11,58001,151,0.35
11,60001,151,0.35
11,62001,151,0.35
11,64001,151,0.35
11,65535,151,0.35
11,1,161,0.35
11,2001,161,0.35
11,4001,161,0.35
11,6001,161,0.35
11,8001,161,0.35
11,10001,161,0.35
11,12001,161,0.35
11,14001,161,0.35
11,16001,161,0.35
11,18001,161,0.35
11,20001,161,0.35
11,22001,161,0.35
11,24001,161,0.35
11,26001,161,0.35
11,28001,161,0.35
11,30001,161,0.35
11,32001,161,0.35
11,34001,161,0.35
11,36001,161,0.35
11,38001,161,0.35
11,40001,161,0.35
11,42001,161,0.35
11,44001,161,0.35
11,46001,161,0.35
11,48001,161,0.35
11,50001,161,0.35
11,52001,161,0.35
11,54001,161,0.35
11,56001,161,0.35
11,58001,161,0.35
11,60001,161,0.35
11,62001,161,0.35
11,64001,161,0.35
11,65535,161,0.35
11,1,171,0.35
11,2001,171,0.35
11,4001,171,0.35
11,6001,171,0.35
11,8001,171,0.35
11,10001,171,0.35
11,12001,171,0.35
11,14001,171,0.35
11,16001,171,0.35
11,18001,171,0.35
11,20001,171,0.35
11,22001,171,0.35
11,24001,171,0.35
11,26001,171,0.35
11,28001,171,0.35
11,30001,171,0.35
11,32001,171,0.35
11,34001,171,0.35
11,36001,171,0.35
11,38001,171,0.35
11,40001,171,0.35
11,42001,171,0.35
11,44001,171,0.35
11,46001,171,0.35
11,48001,171,0.35
11,50001,171,0.35
11,52001,171,0.35
11,54001,171,0.35
11,56001,171,0.35
11,58001,171,0.35
11,60001,171,0.35
11,62001,171,0.35
11,64001,171,0.35
11,65535,171,0.35
11,1,181,0.35
11,2001,181,0.35
11,4001,181,0.35
11,6001,181,0.35
11,8001,181,0.35
11,10001,181,0.35
11,12001,181,0.35
11,14001,181,0.35
11,16001,181,0.35
11,18001,181,0.35
11,20001,181,0.35
11,22001,181,0.35
11,24001,181,0.35
11,26001,181,0.35
11,28001,181,0.35
11,30001,181,0.35
11,32001,181,0.35
11,34001,181,0.35
11,36001,181,0.35
11,38001,181,0.35
11,40001,181,0.35
11,42001,181,0.35
11,44001,181,0.35
11,46001,181,0.35
11,48001,181,0.35
11,50001,181,0.35
11,52001,181,0.35
11,54001,181,0.35
11,56001,181,0.35
11,58001,181,0.35
11,60001,181,0.35
11,62001,181,0.35
11,64001,181,0.35
11,65535,181,0.35
11,1,191,0.35
11,2001,191,0.35
11,4001,191,0.35
11,6001,191,0.35
11,8001,191,0.35
11,10001,191,0.35
11,12001,191,0.35
11,14001,191,0.35
11,16001,191,0.35
11,18001,191,0.35
11,20001,191,0.35
11,22001,191,0.35
11,24001,191,0.35
11,26001,191,0.35
11,28001,191,0.35
11,30001,191,0.35
11,32001,191,0.35
11,34001,191,0.35
11,36001,191,0.35
11,38001,191,0.35
11,40001,191,0.35
11,42001,191,0.35
11,44001,191,0.35
11,46001,191,0.35
11,48001,191,0.35
11,50001,191,0.35
11,52001,191,0.35
11,54001,191,0.35
11,56001,191,0.35
11,58001,191,0.35
11,60001,191,0.35
11,62001,191,0.35
11,64001,191,0.35
11,65535,191,0.35
11,1,201,0.35
11,2001,201,0.35
11,4001,201,0.35
11,6001,201,0.35
11,8001,201,0.35
11,10001,201,0.35
11,12001,201,0.35
11,14001,201,0.35
11,16001,201,0.35
11,18001,201,0.35
11,20001,201,0.35
11,22001,201,0.35
11,24001,201,0.35
11,26001,201,0.35
11,28001,201,0.35
11,30001,201,0.35
11,32001,201,0.35
11,34001,201,0.35
11,36001,201,0.35
11,38001,201,0.35
11,40001,201,0.35
11,42001,201,0.35
11,44001,201,0.35
11,46001,201,0.35
11,48001,201,0.35
11,50001,201,0.35
11,52001,201,0.35
11,54001,201,0.35
11,56001,201,0.35
11,58001,201,0.35
11,60001,201,0.35
11,62001,201,0.35
11,64001,201,0.35
11,65535,201,0.35
11,1,211,0.35
11,2001,211,0.35
11,4001,211,0.35
11,6001,211,0.35
11,8001,211,0.35
11,10001,211,0.35
11,12001,211,0.35
11,14001,211,0.35
11,16001,211,0.35
11,18001,211,0.35
11,20001,211,0.35
11,22001,211,0.35
11,24001,211,0.35
11,26001,211,0.35
11,28001,211,0.35
11,30001,211,0.35
11,32001,211,0.35
11,34001,211,0.35
11,36001,211,0.35
11,38001,211,0.35
11,40001,211,0.35
11,42001,211,0.35
11,44001,211,0.35
11,46001,211,0.35
11,48001,211,0.35
11,50001,211,0.35
11,52001,211,0.35
11,54001,211,0.35
11,56001,211,0.35
11,58001,211,0.35
11,60001,211,0.35
11,62001,211,0.35
11,64001,211,0.35
11,65535,211,0.35
11,1,221,0.35
11,2001,221,0.35
11,4001,221,0.35
11,6001,221,0.35
11,8001,221,0.35
11,10001,221,0.35
11,12001,221,0.35
11,14001,221,0.35
11,16001,221,0.35
11,18001,221,0.35
11,20001,221,0.35
11,22001,221,0.35
11,24001,221,0.35
11,26001,221,0.35
11,28001,221,0.35
11,30001,221,0.35
11,32001,221,0.35
11,34001,221,0.35
11,36001,221,0.35
11,38001,221,0.35
11,40001,221,0.35
11,42001,221,0.35
11,44001,221,0.35
11,46001,221,0.35
11,48001,221,0.35
11,50001,221,0.35
11,52001,221,0.35
11,54001,221,0.35
11,56001,221,0.35
11,58001,221,0.35
11,60001,221,0.35
11,62001,221,0.35
11,64001,221,0.35
11,65535,221,0.35
11,1,231,0.35
11,2001,231,0.35
11,4001,231,0.35
11,6001,231,0.35
11,8001,231,0.35
11,10001,231,0.35
11,12001,231,0.35
11,14001,231,0.35
11,16001,231,0.35
11,18001,231,0.35
11,20001,231,0.35
11,22001,231,0.35
11,24001,231,0.35
11,26001,231,0.35
11,28001,231,0.35
11,30001,231,0.35
11,32001,231,0.35
11,34001,231,0.35
11,36001,231,0.35
11,38001,231,0.35
11,40001,231,0.35
11,42001,231,0.35
11,44001,231,0.35
11,46001,231,0.35
11,48001,231,0.35
11,50001,231,0.35
11,52001,231,0.35
11,54001,231,0.35
11,56001,231,0.35
11,58001,231,0.35
11,60001,231,0.35
11,62001,231,0.35
11,64001,231,0.35
11,65535,231,0.35
11,1,241,0.35
11,2001,241,0.35
11,4001,241,0.35
11,6001,241,0.35
11,8001,241,0.35
11,10001,241,0.35
11,12001,241,0.35
11,14001,241,0.35
11,16001,241,0.35
11,18001,241,0.35
11,20001,241,0.35
11,22001,241,0.35
11,24001,241,0.35
11,26001,241,0.35
11,28001,241,0.35
11,30001,241,0.35
11,32001,241,0.35
11,34001,241,0.35
11,36001,241,0.35
11,38001,241,0.35
11,40001,241,0.35
11,42001,241,0.35
11,44001,241,0.35
11,46001,241,0.35
11,48001,241,0.35
11,50001,241,0.35
11,52001,241,0.35
11,54001,241,0.35
11,56001,241,0.35
11,58001,241,0.35
11,60001,241,0.35
11,62001,241,0.35
11,64001,241,0.35
11,65535,241,0.35
11,1,251,0.35
11,2001,251,0.35
11,4001,251,0.35
11,6001,251,0.35
11,8001,251,0.35
11,10001,251,0.35
11,12001,251,0.35
11,14001,251,0.35
11,16001,251,0.35
11,18001,251,0.35
11,20001,251,0.35
11,22001,251,0.35
11,24001,251,0.35
11,26001,251,0.35
11,28001,251,0.35
11,30001,251,0.35
11,32001,251,0.35
11,34001,251,0.35
11,36001,251,0.35
11,38001,251,0.35
11,40001,251,0.35
11,42001,251,0.35
11,44001,251,0.35
11,46001,251,0.35
11,48001,251,0.35
11,50001,251,0.35
11,52001,251,0.35
11,54001,251,0.35
11,56001,251,0.35
11,58001,251,0.35
11,60001,251,0.35
11,62001,251,0.35
11,64001,251,0.35
11,65535,251,0.35
11,1,254,0.35
11,2001,254,0.35
11,4001,254,0.35
11,6001,254,0.35
11,8001,254,0.35
11,10001,254,0.35
11,12001,254,0.35
11,14001,254,0.35
11,16001,254,0.35
11,18001,254,0.35
11,20001,254,0.35
11,22001,254,0.35
11,24001,254,0.35
11,26001,254,0.35
11,28001,254,0.35
11,30001,254,0.35
11,32001,254,0.35
11,34001,254,0.35
11,36001,254,0.35
11,38001,254,0.35
11,40001,254,0.35
11,42001,254,0.35
11,44001,254,0.35
11,46001,254,0.35
11,48001,254,0.35
11,50001,254,0.35
11,52001,254,0.35
11,54001,254,0.35
11,56001,254,0.35
11,58001,254,0.35
11,60001,254,0.35
11,62001,254,0.35
11,64001,254,0.35
11,65535,254,0.35
21,1,1,0.35
21,2001,1,0.35
21,4001,1,0.35
21,6001,1,0.35
21,8001,1,0.35
21,10001,1,0.35
21,12001,1,0.35
21,14001,1,0.35
21,16001,1,0.35
21,18001,1,0.35
21,20001,1,0.35
21,22001,1,0.35
21,24001,1,0.35
21,26001,1,0.35
21,28001,1,0.35
21,30001,1,0.35
21,32001,1,0.35
21,34001,1,0.35
21,36001,1,0.35
21,38001,1,0.35
21,40001,1,0.35
21,42001,1,0.35
21,44001,1,0.35
21,46001,1,0.35
21,48001,1,0.35
21,50001,1,0.35
21,52001,1,0.35
21,54001,1,0.35
21,56001,1,0.35
21,58001,1,0.35
21,60001,1,0.35
21,62001,1,0.35
21,64001,1,0.35
21,65535,1,0.35
21,1,11,0.35
21,2001,11,0.35
21,4001,11,0.35
21,6001,11,0.35
21,8001,11,0.35
21,10001,11,0.35
21,12001,11,0.35
21,14001,11,0.35
21,16001,11,0.35
21,18001,11,0.35
21,20001,11,0.35
21,22001,11,0.35
21,24001,11,0.35
21,26001,11,0.35
21,28001,11,0.35
21,30001,11,0.35
21,32001,11,0.35
21,34001,11,0.35
21,36001,11,0.35
21,38001,11,0.35
21,40001,11,0.35
21,42001,11,0.35
21,44001,11,0.35
21,46001,11,0.35
21,48001,11,0.35
21,50001,11,0.35
21,52001,11,0.35
21,54001,11,0.35
21,56001,11,0.35
21,58001,11,0.35
21,60001,11,0.35
21,62001,11,0.35
21,64001,11,0.35
21,65535,11,0.35
21,1,21,0.35
21,2001,21,0.35
21,4001,21,0.35
21,6001,21,0.35
21,8001,21,0.35
21,10001,21,0.35
21,12001,21,0.35
21,14001,21,0.35
21,16001,21,0.35
21,18001,21,0.35
21,20001,21,0.35
21,22001,21,0.35
21,24001,21,0.35
21,26001,21,0.35
21,28001,21,0.35
21,30001,21,0.35
21,32001,21,0.35
21,34001,21,0.35
21,36001,21,0.35
21,38001,21,0.35
21,40001,21,0.35
21,42001,21,0.35
21,44001,21,0.35
21,46001,21,0.35
21,48001,21,0.35
21,50001,21,0.35
21,52001,21,0.35
21,54001,21,0.35
21,56001,21,0.35
21,58001,21,0.35
21,60001,21,0.35
21,62001,21,0.35
21,64001,21,0.35
21,65535,21,0.35
21,1,31,0.35
21,2001,31,0.35
21,4001,31,0.35
21,6001,31,0.35
21,8001,31,0.35
21,10001,31,0.35
21,12001,31,0.35
21,14001,31,0.35
21,16001,31,0.35
21,18001,31,0.35
21,20001,31,0.35
21,22001,31,0.35
21,24001,31,0.35
21,26001,31,0.35
21,28001,31,0.35
21,30001,31,0.35
21,32001,31,0.35
21,34001,31,0.35
21,36001,31,0.35
21,38001,31,0.35
21,40001,31,0.35
21,42001,31,0.35
21,44001,31,0.35
21,46001,31,0.35
21,48001,31,0.35
21,50001,31,0.35
21,52001,31,0.35
21,54001,31,0.35
21,56001,31,0.35
21,58001,31,0.35
21,60001,31,0.35
21,62001,31,0.35
21,64001,31,0.35
21,65535,31,0.35
21,1,41,0.35
21,2001,41,0.35
21,4001,41,0.35
21,6001,41,0.35
21,8001,41,0.35
21,10001,41,0.35
21,12001,41,0.35
21,14001,41,0.35
21,16001,41,0.35
21,18001,41,0.35
21,20001,41,0.35
21,22001,41,0.35
21,24001,41,0.35
21,26001,41,0.35
21,28001,41,0.35
21,30001,41,0.35
21,32001,41,0.35
21,34001,41,0.35
21,36001,41,0.35
21,38001,41,0.35
21,40001,41,0.35
21,42001,41,0.35
21,44001,41,0.35
21,46001,41,0.35
21,48001,41,0.35
21,50001,41,0.35
21,52001,41,0.35
21,54001,41,0.35
21,56001,41,0.35
21,58001,41,0.35
21,60001,41,0.35
21,62001,41,0.35
21,64001,41,0.35
21,65535,41,0.35
21,1,51,0.35
21,2001,51,0.35
21,4001,51,0.35
21,6001,51,0.35
21,8001,51,0.35
21,10001,51,0.35
21,12001,51,0.35
21,14001,51,0.35
21,16001,51,0.35
21,18001,51,0.35
21,20001,51,0.35
21,22001,51,0.35
21,24001,51,0.35
21,26001,51,0.35
21,28001,51,0.35
21,30001,51,0.35
21,32001,51,0.35
21,34001,51,0.35
21,36001,51,0.35
21,38001,51,0.35
21,40001,51,0.35
21,42001,51,0.35
21,44001,51,0.35
21,46001,51,0.35
21,48001,51,0.35
21,50001,51,0.35
21,52001,51,0.35
21,54001,51,0.35
21,56001,51,0.35
21,58001,51,0.35
21,60001,51,0.35
21,62001,51,0.35
21,64001,51,0.35
21,65535,51,0.35
21,1,61,0.35
21,2001,61,0.35
21,4001,61,0.35
21,6001,61,0.35
21,8001,61,0.35
21,10001,61,0.35
21,12001,61,0.35
21,14001,61,0.35
21,16001,61,0.35
21,18001,61,0.35
21,20001,61,0.35
21,22001,61,0.35
21,24001,61,0.35
21,26001,61,0.35
21,28001,61,0.35
21,30001,61,0.35
21,32001,61,0.35
21,34001,61,0.35
21,36001,61,0.35
21,38001,61,0.35
21,40001,61,0.35
21,42001,61,0.35
21,44001,61,0.35
21,46001,61,0.35
21,48001,61,0.35
21,50001,61,0.35
21,52001,61,0.35
21,54001,61,0.35
21,56001,61,0.35
21,58001,61,0.35
21,60001,61,0.35
21,62001,61,0.35
21,64001,61,0.35
21,65535,61,0.35
21,1,71,0.35
21,2001,71,0.35
21,4001,71,0.35
21,6001,71,0.35
21,8001,71,0.35
21,10001,71,0.35
21,12001,71,0.35
21,14001,71,0.35
21,16001,71,0.35
21,18001,71,0.35
21,20001,71,0.35
21,22001,71,0.35
21,24001,71,0.35
21,26001,71,0.35
21,28001,71,0.35
21,30001,71,0.35
21,32001,71,0.35
21,34001,71,0.35
21,36001,71,0.35
21,38001,71,0.35
21,40001,71,0.35
21,42001,71,0.35
21,44001,71,0.35
21,46001,71,0.35
21,48001,71,0.35
21,50001,71,0.35
21,52001,71,0.35
21,54001,71,0.35
21,56001,71,0.35
21,58001,71,0.35
21,60001,71,0.35
21,62001,71,0.35
21,64001,71,0.35
21,65535,71,0.35
21,1,81,0.35
21,2001,81,0.35
21,4001,81,0.35
21,6001,81,0.35
21,8001,81,0.35
21,10001,81,0.35
21,12001,81,0.35
21,14001,81,0.35
21,16001,81,0.35
21,18001,81,0.35
21,20001,81,0.35
21,22001,81,0.35
21,24001,81,0.35
21,26001,81,0.35
21,28001,81,0.35
21,30001,81,0.35
21,32001,81,0.35
21,34001,81,0.35
21,36001,81,0.35
21,38001,81,0.35
21,40001,81,0.35
21,42001,81,0.35
21,44001,81,0.35
21,46001,81,0.35
21,48001,81,0.35
21,50001,81,0.35
21,52001,81,0.35
21,54001,81,0.35
21,56001,81,0.35
21,58001,81,0.35
21,60001,81,0.35
21,62001,81,0.35
21,64001,81,0.35
21,65535,81,0.35
21,1,91,0.35
21,2001,91,0.35
21,4001,91,0.35
21,6001,91,0.35
21,8001,91,0.35
21,10001,91,0.35
21,12001,91,0.35
21,14001,91,0.35
21,16001,91,0.35
21,18001,91,0.35
21,20001,91,0.35
21,22001,91,0.35
21,24001,91,0.35
21,26001,91,0.35
21,28001,91,0.35
21,30001,91,0.35
21,32001,91,0.35
21,34001,91,0.35
21,36001,91,0.35
21,38001,91,0.35
21,40001,91,0.35
21,42001,91,0.35
21,44001,91,0.35
21,46001,91,0.35
21,48001,91,0.35
21,50001,91,0.35
21,52001,91,0.35
21,54001,91,0.35
21,56001,91,0.35
21,58001,91,0.35
21,60001,91,0.35
21,62001,91,0.35
21,64001,91,0.35
21,65535,91,0.35
21,1,101,0.35
21,2001,101,0.35
21,4001,101,0.35
21,6001,101,0.35
21,8001,101,0.35
21,10001,101,0.35
21,12001,101,0.35
21,14001,101,0.35
21,16001,101,0.35
21,18001,101,0.35
21,20001,101,0.35
21,22001,101,0.35
21,24001,101,0.35
21,26001,101,0.35
21,28001,101,0.35
21,30001,101,0.35
21,32001,101,0.35
21,34001,101,0.35
21,36001,101,0.35
21,38001,101,0.35
21,40001,101,0.35
21,42001,101,0.35
21,44001,101,0.35
21,46001,101,0.35
21,48001,101,0.35
21,50001,101,0.35
21,52001,101,0.35
21,54001,101,0.35
21,56001,101,0.35
21,58001,101,0.35
21,60001,101,0.35
21,62001,101,0.35
21,64001,101,0.35
21,65535,101,0.35
21,1,111,0.35
21,2001,111,0.35
21,4001,111,0.35
21,6001,111,0.35
21,8001,111,0.35
21,10001,111,0.35
21,12001,111,0.35
21,14001,111,0.35
21,16001,111,0.35
21,18001,111,0.35
21,20001,111,0.35
21,22001,111,0.35
21,24001,111,0.35
21,26001,111,0.35
21,28001,111,0.35
21,30001,111,0.35
21,32001,111,0.35
21,34001,111,0.35
21,36001,111,0.35
21,38001,111,0.35
21,40001,111,0.35
21,42001,111,0.35
21,44001,111,0.35
21,46001,111,0.35
21,48001,111,0.35
21,50001,111,0.35
21,52001,111,0.35
21,54001,111,0.35
21,56001,111,0.35
21,58001,111,0.35
21,60001,111,0.35
21,62001,111,0.35
21,64001,111,0.35
21,65535,111,0.35
21,1,121,0.35
21,2001,121,0.35
21,4001,121,0.35
21,6001,121,0.35
21,8001,121,0.35
21,10001,121,0.35
21,12001,121,0.35
21,14001,121,0.35
21,16001,121,0.35
21,18001,121,0.35
21,20001,121,0.35
21,22001,121,0.35
21,24001,121,0.35
21,26001,121,0.35
21,28001,121,0.35
21,30001,121,0.35
21,32001,121,0.35
21,34001,121,0.35
21,36001,121,0.35
21,38001,121,0.35
21,40001,121,0.35
21,42001,121,0.35
21,44001,121,0.35
21,46001,121,0.35
21,48001,121,0.35
21,50001,121,0.35
21,52001,121,0.35
21,54001,121,0.35
21,56001,121,0.35
21,58001,121,0.35
21,60001,121,0.35
21,62001,121,0.35
21,64001,121,0.35
21,65535,121,0.35
21,1,131,0.35
21,2001,131,0.35
21,4001,131,0.35
21,6001,131,0.35
21,8001,131,0.35
21,10001,131,0.35
21,12001,131,0.35
21,14001,131,0.35
21,16001,131,0.35
21,18001,131,0.35
21,20001,131,0.35
21,22001,131,0.35
21,24001,131,0.35
21,26001,131,0.35
21,28001,131,0.35
21,30001,131,0.35
21,32001,131,0.35
21,34001,131,0.35
21,36001,131,0.35
21,38001,131,0.35
21,40001,131,0.35
21,42001,131,0.35
21,44001,131,0.35
21,46001,131,0.35
21,48001,131,0.35
21,50001,131,0.35
21,52001,131,0.35
21,54001,131,0.35
21,56001,131,0.35
21,58001,131,0.35
21,60001,131,0.35
21,62001,131,0.35
21,64001,131,0.35
21,65535,131,0.35
21,1,141,0.35
21,2001,141,0.35
21,4001,141,0.35
21,6001,141,0.35
21,8001,141,0.35
21,10001,141,0.35
21,12001,141,0.35
21,14001,141,0.35
21,16001,141,0.35
21,18001,141,0.35
21,20001,141,0.35
21,22001,141,0.35
21,24001,141,0.35
21,26001,141,0.35
21,28001,141,0.35
21,30001,141,0.35
21,32001,141,0.35
21,34001,141,0.35
21,36001,141,0.35
21,38001,141,0.35
21,40001,141,0.35
21,42001,141,0.35
21,44001,141,0.35
21,46001,141,0.35
21,48001,141,0.35
21,50001,141,0.35
21,52001,141,0.35
21,54001,141,0.35
21,56001,141,0.35
21,58001,141,0.35
21,60001,141,0.35
21,62001,141,0.35
21,64001,141,0.35
21,65535,141,0.35
21,1,151,0.35
21,2001,151,0.35
21,4001,151,0.35
21,6001,151,0.35
21,8001,151,0.35
21,10001,151,0.35
21,12001,151,0.35
21,14001,151,0.35
21,16001,151,0.35
21,18001,151,0.35
21,20001,151,0.35
21,22001,151,0.35
21,24001,151,0.35
21,26001,151,0.35
21,28001,151,0.35
21,30001,151,0.35
21,32001,151,0.35
21,34001,151,0.35
21,36001,151,0.35
21,38001,151,0.35
21,40001,151,0.35
21,42001,151,0.35
21,44001,151,0.35
21,46001,151,0.35
21,48001,151,0.35
21,50001,151,0.35
21,52001,151,0.35
21,54001,151,0.35
21,56001,151,0.35
21,58001,151,0.35
21,60001,151,0.35
21,62001,151,0.35
21,64001,151,0.35
21,65535,151,0.35
21,1,161,0.35
21,2001,161,0.35
21,4001,161,0.35
21,6001,161,0.35
21,8001,161,0.35
21,10001,161,0.35
21,12001,161,0.35
21,14001,161,0.35
21,16001,161,0.35
21,18001,161,0.35
21,20001,161,0.35
21,22001,161,0.35
21,24001,161,0.35
21,26001,161,0.35
21,28001,161,0.35
21,30001,161,0.35
21,32001,161,0.35
21,34001,161,0.35
21,36001,161,0.35
21,38001,161,0.35
21,40001,161,0.35
21,42001,161,0.35
21,44001,161,0.35
21,46001,161,0.35
21,48001,161,0.35
21,50001,161,0.35
21,52001,161,0.35
21,54001,161,0.35
21,56001,161,0.35
21,58001,161,0.35
21,60001,161,0.35
21,62001,161,0.35
21,64001,161,0.35
21,65535,161,0.35
21,1,171,0.35
21,2001,171,0.35
21,4001,171,0.35
21,6001,171,0.35
21,8001,171,0.35
21,10001,171,0.35
21,12001,171,0.35
21,14001,171,0.35
21,16001,171,0.35
21,18001,171,0.35
21,20001,171,0.35
21,22001,171,0.35
21,24001,171,0.35
21,26001,171,0.35
21,28001,171,0.35
21,30001,171,0.35
21,32001,171,0.35
21,34001,171,0.35
21,36001,171,0.35
21,38001,171,0.35
21,40001,171,0.35
21,42001,171,0.35
21,44001,171,0.35
21,46001,171,0.35
21,48001,171,0.35
21,50001,171,0.35
21,52001,171,0.35
21,54001,171,0.35
21,56001,171,0.35
21,58001,171,0.35
21,60001,171,0.35
21,62001,171,0.35
21,64001,171,0.35
21,65535,171,0.35
21,1,181,0.35
21,2001,181,0.35
21,4001,181,0.35
21,6001,181,0.35
21,8001,181,0.35
21,10001,181,0.35
21,12001,181,0.35
21,14001,181,0.35
21,16001,181,0.35
21,18001,181,0.35
21,20001,181,0.35
21,22001,181,0.35
21,24001,181,0.35
21,26001,181,0.35
21,28001,181,0.35
21,30001,181,0.35
21,32001,181,0.35
21,34001,181,0.35
21,36001,181,0.35
21,38001,181,0.35
21,40001,181,0.35
21,42001,181,0.35
21,44001,181,0.35
21,46001,181,0.35
21,48001,181,0.35
21,50001,181,0.35
21,52001,181,0.35
21,54001,181,0.35
21,56001,181,0.35
21,58001,181,0.35
21,60001,181,0.35
21,62001,181,0.35
21,64001,181,0.35
21,65535,181,0.35
21,1,191,0.35
21,2001,191,0.35
21,4001,191,0.35
21,6001,191,0.35
21,8001,191,0.35
21,10001,191,0.35
21,12001,191,0.35
21,14001,191,0.35
21,16001,191,0.35
21,18001,191,0.35
21,20001,191,0.35
21,22001,191,0.35
21,24001,191,0.35
21,26001,191,0.35
21,28001,191,0.35
21,30001,191,0.35
21,32001,191,0.35
21,34001,191,0.35
21,36001,191,0.35
21,38001,191,0.35
21,40001,191,0.35
21,42001,191,0.35
21,44001,191,0.35
21,46001,191,0.35
21,48001,191,0.35
21,50001,191,0.35
21,52001,191,0.35
21,54001,191,0.35
21,56001,191,0.35
21,58001,191,0.35
21,60001,191,0.35
21,62001,191,0.35
21,64001,191,0.35
21,65535,191,0.35
21,1,201,0.35
21,2001,201,0.35
21,4001,201,0.35
21,6001,201,0.35
21,8001,201,0.35
21,10001,201,0.35
21,12001,201,0.35
21,14001,201,0.35
21,16001,201,0.35
21,18001,201,0.35
21,20001,201,0.35
21,22001,201,0.35
21,24001,201,0.35
21,26001,201,0.35
21,28001,201,0.35
21,30001,201,0.35
21,32001,201,0.35
21,34001,201,0.35
21,36001,201,0.35
21,38001,201,0.35
21,40001,201,0.35
21,42001,201,0.35
21,44001,201,0.35
21,46001,201,0.35
21,48001,201,0.35
21,50001,201,0.35
21,52001,201,0.35
21,54001,201,0.35
21,56001,201,0.35
21,58001,201,0.35
21,60001,201,0.35
21,62001,201,0.35
21,64001,201,0.35
21,65535,201,0.35
21,1,211,0.35
21,2001,211,0.35
21,4001,211,0.35
21,6001,211,0.35
21,8001,211,0.35
21,10001,211,0.35
21,12001,211,0.35
21,14001,211,0.35
21,16001,211,0.35
21,18001,211,0.35
21,20001,211,0.35
21,22001,211,0.35
21,24001,211,0.35
21,26001,211,0.35
21,28001,211,0.35
21,30001,211,0.35
21,32001,211,0.35
21,34001,211,0.35
21,36001,211,0.35
21,38001,211,0.35
21,40001,211,0.35
21,42001,211,0.35
21,44001,211,0.35
21,46001,211,0.35
21,48001,211,0.35
21,50001,211,0.35
21,52001,211,0.35
21,54001,211,0.35
21,56001,211,0.35
21,58001,211,0.35
21,60001,211,0.35
21,62001,211,0.35
21,64001,211,0.35
21,65535,211,0.35
21,1,221,0.35
21,2001,221,0.35
21,4001,221,0.35
21,6001,221,0.35
21,8001,221,0.35
21,10001,221,0.35
21,12001,221,0.35
21,14001,221,0.35
21,16001,221,0.35
21,18001,221,0.35
21,20001,221,0.35
21,22001,221,0.35
21,24001,221,0.35
21,26001,221,0.35
21,28001,221,0.35
21,30001,221,0.35
21,32001,221,0.35
21,34001,221,0.35
21,36001,221,0.35
21,38001,221,0.35
21,40001,221,0.35
21,42001,221,0.35
21,44001,221,0.35
21,46001,221,0.35
21,48001,221,0.35
21,50001,221,0.35
21,52001,221,0.35
21,54001,221,0.35
21,56001,221,0.35
21,58001,221,0.35
21,60001,221,0.35
21,62001,221,0.35
21,64001,221,0.35
21,65535,221,0.35
21,1,231,0.35
21,2001,231,0.35
21,4001,231,0.35
21,6001,231,0.35
21,8001,231,0.35
21,10001,231,0.35
21,12001,231,0.35
21,14001,231,0.35
21,16001,231,0.35
21,18001,231,0.35
21,20001,231,0.35
21,22001,231,0.35
21,24001,231,0.35
21,26001,231,0.35
21,28001,231,0.35
21,30001,231,0.35
21,32001,231,0.35
21,34001,231,0.35
21,36001,231,0.35
21,38001,231,0.35
21,40001,231,0.35
21,42001,231,0.35
21,44001,231,0.35
21,46001,231,0.35
21,48001,231,0.35
21,50001,231,0.35
21,52001,231,0.35
21,54001,231,0.35
21,56001,231,0.35
21,58001,231,0.35
21,60001,231,0.35
21,62001,231,0.35
21,64001,231,0.35
21,65535,231,0.35
21,1,241,0.35
21,2001,241,0.35
21,4001,241,0.35
21,6001,241,0.35
21,8001,241,0.35
21,10001,241,0.35
21,12001,241,0.35
21,14001,241,0.35
21,16001,241,0.35
21,18001,241,0.35
21,20001,241,0.35
21,22001,241,0.35
21,24001,241,0.35
21,26001,241,0.35
21,28001,241,0.35
21,30001,241,0.35
21,32001,241,0.35
21,34001,241,0.35
21,36001,241,0.35
21,38001,241,0.35
21,40001,241,0.35
21,42001,241,0.35
21,44001,241,0.35
21,46001,241,0.35
21,48001,241,0.35
21,50001,241,0.35
21,52001,241,0.35
21,54001,241,0.35
21,56001,241,0.35
21,58001,241,0.35
21,60001,241,0.35
21,62001,241,0.35
21,64001,241,0.35
21,65535,241,0.35
21,1,251,0.35
21,2001,251,0.35
21,4001,251,0.35
21,6001,251,0.35
21,8001,251,0.35
21,10001,251,0.35
21,12001,251,0.35
21,14001,251,0.35
21,16001,251,0.35
21,18001,251,0.35
21,20001,251,0.35
21,22001,251,0.35
21,24001,251,0.35
21,26001,251,0.35
21,28001,251,0.35
21,30001,251,0.35
21,32001,251,0.35
21,34001,251,0.35
21,36001,251,0.35
21,38001,251,0.35
21,40001,251,0.35
21,42001,251,0.35
21,44001,251,0.35
21,46001,251,0.35
21,48001,251,0.35
21,50001,251,0.35
21,52001,251,0.35
21,54001,251,0.35
21,56001,251,0.35
21,58001,251,0.35
21,60001,251,0.35
21,62001,251,0.35
21,64001,251,0.35
21,65535,251,0.35
21,1,254,0.35
21,2001,254,0.35
21,4001,254,0.35
21,6001,254,0.35
21,8001,254,0.35
21,10001,254,0.35
21,12001,254,0.35
21,14001,254,0.35
21,16001,254,0.35
21,18001,254,0.35
21,20001,254,0.35
21,22001,254,0.35
21,24001,254,0.35
21,26001,254,0.35
21,28001,254,0.35
21,30001,254,0.35
21,32001,254,0.35
21,34001,254,0.35
21,36001,254,0.35
21,38001,254,0.35
21,40001,254,0.35
21,42001,254,0.35
21,44001,254,0.35
21,46001,254,0.35
21,48001,254,0.35
21,50001,254,0.35
21,52001,254,0.35
21,54001,254,0.35
21,56001,254,0.35
21,58001,254,0.35
21,60001,254,0.35
21,62001,254,0.35
21,64001,254,0.35
21,65535,254,0.35
31,1,1,0.35
31,2001,1,0.35
31,4001,1,0.35
31,6001,1,0.35
31,8001,1,0.35
31,10001,1,0.35
31,12001,1,0.35
31,14001,1,0.35
31,16001,1,0.35
31,18001,1,0.35
31,20001,1,0.35
31,22001,1,0.35
31,24001,1,0.35
31,26001,1,0.35
31,28001,1,0.35
31,30001,1,0.35
31,32001,1,0.35
31,34001,1,0.35
31,36001,1,0.35
31,38001,1,0.35
31,40001,1,0.35
31,42001,1,0.35
31,44001,1,0.35
31,46001,1,0.35
31,48001,1,0.35
31,50001,1,0.35
31,52001,1,0.35
31,54001,1,0.35
31,56001,1,0.35
31,58001,1,0.35
31,60001,1,0.35
31,62001,1,0.35
31,64001,1,0.35
31,65535,1,0.35
31,1,11,0.35
31,2001,11,0.35
31,4001,11,0.35
31,6001,11,0.35
31,8001,11,0.35
31,10001,11,0.35
31,12001,11,0.35
31,14001,11,0.35
31,16001,11,0.35
31,18001,11,0.35
31,20001,11,0.35
31,22001,11,0.35
31,24001,11,0.35
31,26001,11,0.35
31,28001,11,0.35
31,30001,11,0.35
31,32001,11,0.35
31,34001,11,0.35
31,36001,11,0.35
31,38001,11,0.35
31,40001,11,0.35
31,42001,11,0.35
31,44001,11,0.35
31,46001,11,0.35
31,48001,11,0.35
31,50001,11,0.35
31,52001,11,0.35
31,54001,11,0.35
31,56001,11,0.35
31,58001,11,0.35
31,60001,11,0.35
31,62001,11,0.35
31,64001,11,0.35
31,65535,11,0.35
31,1,21,0.35
31,2001,21,0.35
31,4001,21,0.35
31,6001,21,0.35
31,8001,21,0.35
31,10001,21,0.35
31,12001,21,0.35
31,14001,21,0.35
31,16001,21,0.35
31,18001,21,0.35
31,20001,21,0.35
31,22001,21,0.35
31,24001,21,0.35
31,26001,21,0.35
31,28001,21,0.35
31,30001,21,0.35
31,32001,21,0.35
31,34001,21,0.35
31,36001,21,0.35
31,38001,21,0.35
31,40001,21,0.35
31,42001,21,0.35
31,44001,21,0.35
31,46001,21,0.35
31,48001,21,0.35
31,50001,21,0.35
31,52001,21,0.35
31,54001,21,0.35
31,56001,21,0.35
31,58001,21,0.35
31,60001,21,0.35
31,62001,21,0.35
31,64001,21,0.35
31,65535,21,0.35
31,1,31,0.35
31,2001,31,0.35
31,4001,31,0.35
31,6001,31,0.35
31,8001,31,0.35
31,10001,31,0.35
31,12001,31,0.35
31,14001,31,0.35
31,16001,31,0.35
31,18001,31,0.35
31,20001,31,0.35
31,22001,31,0.35
31,24001,31,0.35
31,26001,31,0.35
31,28001,31,0.35
31,30001,31,0.35
31,32001,31,0.35
31,34001,31,0.35
31,36001,31,0.35
31,38001,31,0.35
31,40001,31,0.35
31,42001,31,0.35
31,44001,31,0.35
31,46001,31,0.35
31,48001,31,0.35
31,50001,31,0.35
31,52001,31,0.35
31,54001,31,0.35
31,56001,31,0.35
31,58001,31,0.35
31,60001,31,0.35
31,62001,31,0.35
31,64001,31,0.35
31,65535,31,0.35
31,1,41,0.35
31,2001,41,0.35
31,4001,41,0.35
31,6001,41,0.35
31,8001,41,0.35
31,10001,41,0.35
31,12001,41,0.35
31,14001,41,0.35
31,16001,41,0.35
31,18001,41,0.35
31,20001,41,0.35
31,22001,41,0.35
31,24001,41,0.35
31,26001,41,0.35
31,28001,41,0.35
31,30001,41,0.35
31,32001,41,0.35
31,34001,41,0.35
31,36001,41,0.35
31,38001,41,0.35
31,40001,41,0.35
31,42001,41,0.35
31,44001,41,0.35
31,46001,41,0.35
31,48001,41,0.35
31,50001,41,0.35
31,52001,41,0.35
31,54001,41,0.35
31,56001,41,0.35
31,58001,41,0.35
31,60001,41,0.35
31,62001,41,0.35
31,64001,41,0.35
31,65535,41,0.35
31,1,51,0.35
31,2001,51,0.35
31,4001,51,0.35
31,6001,51,0.35
31,8001,51,0.35
31,10001,51,0.35
31,12001,51,0.35
31,14001,51,0.35
31,16001,51,0.35
31,18001,51,0.35
31,20001,51,0.35
31,22001,51,0.35
31,24001,51,0.35
31,26001,51,0.35
31,28001,51,0.35
31,30001,51,0.35
31,32001,51,0.35
31,34001,51,0.35
31,36001,51,0.35
31,38001,51,0.35
31,40001,51,0.35
31,42001,51,0.35
31,44001,51,0.35
31,46001,51,0.35
31,48001,51,0.35
31,50001,51,0.35
31,52001,51,0.35
31,54001,51,0.35
31,56001,51,0.35
31,58001,51,0.35
31,60001,51,0.35
31,62001,51,0.35
31,64001,51,0.35
31,65535,51,0.35
31,1,61,0.35
31,2001,61,0.35
31,4001,61,0.35
31,6001,61,0.35
31,8001,61,0.35
31,10001,61,0.35
31,12001,61,0.35
31,14001,61,0.35
31,16001,61,0.35
31,18001,61,0.35
31,20001,61,0.35
31,22001,61,0.35
31,24001,61,0.35
31,26001,61,0.35
31,28001,61,0.35
31,30001,61,0.35
31,32001,61,0.35
31,34001,61,0.35
31,36001,61,0.35
31,38001,61,0.35
31,40001,61,0.35
31,42001,61,0.35
31,44001,61,0.35
31,46001,61,0.35
31,48001,61,0.35
31,50001,61,0.35
31,52001,61,0.35
31,54001,61,0.35
31,56001,61,0.35
31,58001,61,0.35
31,60001,61,0.35
31,62001,61,0.35
31,64001,61,0.35
31,65535,61,0.35
31,1,71,0.35
31,2001,71,0.35
31,4001,71,0.35
31,6001,71,0.35
31,8001,71,0.35
31,10001,71,0.35
31,12001,71,0.35
31,14001,71,0.35
31,16001,71,0.35
31,18001,71,0.35
31,20001,71,0.35
31,22001,71,0.35
31,24001,71,0.35
31,26001,71,0.35
31,28001,71,0.35
31,30001,71,0.35
31,32001,71,0.35
31,34001,71,0.35
31,36001,71,0.35
31,38001,71,0.35
31,40001,71,0.35
31,42001,71,0.35
31,44001,71,0.35
31,46001,71,0.35
31,48001,71,0.35
31,50001,71,0.35
31,52001,71,0.35
31,54001,71,0.35
31,56001,71,0.35
31,58001,71,0.35
31,60001,71,0.35
31,62001,71,0.35
31,64001,71,0.35
31,65535,71,0.35
31,1,81,0.35
31,2001,81,0.35
31,4001,81,0.35
31,6001,81,0.35
31,8001,81,0.35
31,10001,81,0.35
31,12001,81,0.35
31,14001,81,0.35
31,16001,81,0.35
31,18001,81,0.35
31,20001,81,0.35
31,22001,81,0.35
31,24001,81,0.35
31,26001,81,0.35
31,28001,81,0.35
31,30001,81,0.35
31,32001,81,0.35
31,34001,81,0.35
31,36001,81,0.35
31,38001,81,0.35
31,40001,81,0.35
31,42001,81,0.35
31,44001,81,0.35
31,46001,81,0.35
31,48001,81,0.35
31,50001,81,0.35
31,52001,81,0.35
31,54001,81,0.35
31,56001,81,0.35
31,58001,81,0.35
31,60001,81,0.35
31,62001,81,0.35
31,64001,81,0.35
31,65535,81,0.35
31,1,91,0.35
31,2001,91,0.35
31,4001,91,0.35
31,6001,91,0.35
31,8001,91,0.35
31,10001,91,0.35
31,12001,91,0.35
31,14001,91,0.35
31,16001,91,0.35
31,18001,91,0.35
31,20001,91,0.35
31,22001,91,0.35
31,24001,91,0.35
31,26001,91,0.35
31,28001,91,0.35
31,30001,91,0.35
31,32001,91,0.35
31,34001,91,0.35
31,36001,91,0.35
31,38001,91,0.35
31,40001,91,0.35
31,42001,91,0.35
31,44001,91,0.35
31,46001,91,0.35
31,48001,91,0.35
31,50001,91,0.35
31,52001,91,0.35
31,54001,91,0.35
31,56001,91,0.35
31,58001,91,0.35
31,60001,91,0.35
31,62001,91,0.35
31,64001,91,0.35
31,65535,91,0.35
31,1,101,0.35
31,2001,101,0.35
31,4001,101,0.35
31,6001,101,0.35
31,8001,101,0.35
31,10001,101,0.35
31,12001,101,0.35
31,14001,101,0.35
31,16001,101,0.35
31,18001,101,0.35
31,20001,101,0.35
31,22001,101,0.35
31,24001,101,0.35
31,26001,101,0.35
31,28001,101,0.35
31,30001,101,0.35
31,32001,101,0.35
31,34001,101,0.35
31,36001,101,0.35
31,38001,101,0.35
31,40001,101,0.35
31,42001,101,0.35
31,44001,101,0.35
31,46001,101,0.35
31,48001,101,0.35
31,50001,101,0.35
31,52001,101,0.35
31,54001,101,0.35
31,56001,101,0.35
31,58001,101,0.35
31,60001,101,0.35
31,62001,101,0.35
31,64001,101,0.35
31,65535,101,0.35
31,1,111,0.35
31,2001,111,0.35
31,4001,111,0.35
31,6001,111,0.35
31,8001,111,0.35
31,10001,111,0.35
31,12001,111,0.35
31,14001,111,0.35
31,16001,111,0.35
31,18001,111,0.35
31,20001,111,0.35
31,22001,111,0.35
31,24001,111,0.35
31,26001,111,0.35
31,28001,111,0.35
31,30001,111,0.35
31,32001,111,0.35
31,34001,111,0.35
31,36001,111,0.35
31,38001,111,0.35
31,40001,111,0.35
31,42001,111,0.35
31,44001,111,0.35
31,46001,111,0.35
31,48001,111,0.35
31,50001,111,0.35
31,52001,111,0.35
31,54001,111,0.35
31,56001,111,0.35
31,58001,111,0.35
31,60001,111,0.35
31,62001,111,0.35
31,64001,111,0.35
31,65535,111,0.35
31,1,121,0.35
31,2001,121,0.35
31,4001,121,0.35
31,6001,121,0.35
31,8001,121,0.35
31,10001,121,0.35
31,12001,121,0.35
31,14001,121,0.35
31,16001,121,0.35
31,18001,121,0.35
31,20001,121,0.35
31,22001,121,0.35
31,24001,121,0.35
31,26001,121,0.35
31,28001,121,0.35
31,30001,121,0.35
31,32001,121,0.35
31,34001,121,0.35
31,36001,121,0.35
31,38001,121,0.35
31,40001,121,0.35
31,42001,121,0.35
31,44001,121,0.35
31,46001,121,0.35
31,48001,121,0.35
31,50001,121,0.35
31,52001,121,0.35
31,54001,121,0.35
31,56001,121,0.35
31,58001,121,0.35
31,60001,121,0.35
31,62001,121,0.35
31,64001,121,0.35
31,65535,121,0.35
31,1,131,0.35
31,2001,131,0.35
31,4001,131,0.35
31,6001,131,0.35
31,8001,131,0.35
31,10001,131,0.35
31,12001,131,0.35
31,14001,131,0.35
31,16001,131,0.35
31,18001,131,0.35
31,20001,131,0.35
31,22001,131,0.35
31,24001,131,0.35
31,26001,131,0.35
31,28001,131,0.35
31,30001,131,0.35
31,32001,131,0.35
31,34001,131,0.35
31,36001,131,0.35
31,38001,131,0.35
31,40001,131,0.35
31,42001,131,0.35
31,44001,131,0.35
31,46001,131,0.35
31,48001,131,0.35
31,50001,131,0.35
31,52001,131,0.35
31,54001,131,0.35
31,56001,131,0.35
31,58001,131,0.35
31,60001,131,0.35
31,62001,131,0.35
31,64001,131,0.35
31,65535,131,0.35
31,1,141,0.35
31,2001,141,0.35
31,4001,141,0.35
31,6001,141,0.35
31,8001,141,0.35
31,10001,141,0.35
31,12001,141,0.35
31,14001,141,0.35
31,16001,141,0.35
31,18001,141,0.35
31,20001,141,0.35
31,22001,141,0.35
31,24001,141,0.35
31,26001,141,0.35
31,28001,141,0.35
31,30001,141,0.35
31,32001,141,0.35
31,34001,141,0.35
31,36001,141,0.35
31,38001,141,0.35
31,40001,141,0.35
31,42001,141,0.35
31,44001,141,0.35
31,46001,141,0.35
31,48001,141,0.35
31,50001,141,0.35
31,52001,141,0.35
31,54001,141,0.35
31,56001,141,0.35
31,58001,141,0.35
31,60001,141,0.35
31,62001,141,0.35
31,64001,141,0.35
31,65535,141,0.35
31,1,151,0.35
31,2001,151,0.35
31,4001,151,0.35
31,6001,151,0.35
31,8001,151,0.35
31,10001,151,0.35
31,12001,151,0.35
31,14001,151,0.35
31,16001,151,0.35
31,18001,151,0.35
31,20001,151,0.35
31,22001,151,0.35
31,24001,151,0.35
31,26001,151,0.35
31,28001,151,0.35
31,30001,151,0.35
31,32001,151,0.35
31,34001,151,0.35
31,36001,151,0.35
31,38001,151,0.35
31,40001,151,0.35
31,42001,151,0.35
31,44001,151,0.35
31,46001,151,0.35
31,48001,151,0.35
31,50001,151,0.35
31,52001,151,0.35
31,54001,151,0.35
31,56001,151,0.35
31,58001,151,0.35
31,60001,151,0.35
31,62001,151,0.35
31,64001,151,0.35
31,65535,151,0.35
31,1,161,0.35
31,2001,161,0.35
31,4001,161,0.35
31,6001,161,0.35
31,8001,161,0.35
31,10001,161,0.35
31,12001,161,0.35
31,14001,161,0.35
31,16001,161,0.35
31,18001,161,0.35
31,20001,161,0.35
31,22001,161,0.35
31,24001,161,0.35
31,26001,161,0.35
31,28001,161,0.35
31,30001,161,0.35
31,32001,161,0.35
31,34001,161,0.35
31,36001,161,0.35
31,38001,161,0.35
31,40001,161,0.35
31,42001,161,0.35
31,44001,161,0.35
31,46001,161,0.35
31,48001,161,0.35
31,50001,161,0.35
31,52001,161,0.35
31,54001,161,0.35
31,56001,161,0.35
31,58001,161,0.35
31,60001,161,0.35
31,62001,161,0.35
31,64001,161,0.35
31,65535,161,0.35
31,1,171,0.35
31,2001,171,0.35
31,4001,171,0.35
31,6001,171,0.35
31,8001,171,0.35
31,10001,171,0.35
31,12001,171,0.35
31,14001,171,0.35
31,16001,171,0.35
31,18001,171,0.35
31,20001,171,0.35
31,22001,171,0.35
31,24001,171,0.35
31,26001,171,0.35
31,28001,171,0.35
31,30001,171,0.35
31,32001,171,0.35
31,34001,171,0.35
31,36001,171,0.35
31,38001,171,0.35
31,40001,171,0.35
31,42001,171,0.35
31,44001,171,0.35
31,46001,171,0.35
31,48001,171,0.35
31,50001,171,0.35
31,52001,171,0.35
31,54001,171,0.35
31,56001,171,0.35
31,58001,171,0.35
31,60001,171,0.35
31,62001,171,0.35
31,64001,171,0.35
31,65535,171,0.35
31,1,181,0.35
31,2001,181,0.35
31,4001,181,0.35
31,6001,181,0.35
31,8001,181,0.35
31,10001,181,0.35
31,12001,181,0.35
31,14001,181,0.35
31,16001,181,0.35
31,18001,181,0.35
31,20001,181,0.35
31,22001,181,0.35
31,24001,181,0.35
31,26001,181,0.35
31,28001,181,0.35
31,30001,181,0.35
31,32001,181,0.35
31,34001,181,0.35
31,36001,181,0.35
31,38001,181,0.35
31,40001,181,0.35
31,42001,181,0.35
31,44001,181,0.35
31,46001,181,0.35
31,48001,181,0.35
31,50001,181,0.35
31,52001,181,0.35
31,54001,181,0.35
31,56001,181,0.35
31,58001,181,0.35
31,60001,181,0.35
31,62001,181,0.35
31,64001,181,0.35
31,65535,181,0.35
31,1,191,0.35
31,2001,191,0.35
31,4001,191,0.35
31,6001,191,0.35
31,8001,191,0.35
31,10001,191,0.35
31,12001,191,0.35
31,14001,191,0.35
31,16001,191,0.35
31,18001,191,0.35
31,20001,191,0.35
31,22001,191,0.35
31,24001,191,0.35
31,26001,191,0.35
31,28001,191,0.35
31,30001,191,0.35
31,32001,191,0.35
31,34001,191,0.35
31,36001,191,0.35
31,38001,191,0.35
31,40001,191,0.35
31,42001,191,0.35
31,44001,191,0.35
31,46001,191,0.35
31,48001,191,0.35
31,50001,191,0.35
31,52001,191,0.35
31,54001,191,0.35
31,56001,191,0.35
31,58001,191,0.35
31,60001,191,0.35
31,62001,191,0.35
31,64001,191,0.35
31,65535,191,0.35
31,1,201,0.35
31,2001,201,0.35
31,4001,201,0.35
31,6001,201,0.35
31,8001,201,0.35
31,10001,201,0.35
31,12001,201,0.35
31,14001,201,0.35
31,16001,201,0.35
31,18001,201,0.35
31,20001,201,0.35
31,22001,201,0.35
31,24001,201,0.35
31,26001,201,0.35
31,28001,201,0.35
31,30001,201,0.35
31,32001,201,0.35
31,34001,201,0.35
31,36001,201,0.35
31,38001,201,0.35
31,40001,201,0.35
31,42001,201,0.35
31,44001,201,0.35
31,46001,201,0.35
31,48001,201,0.35
31,50001,201,0.35
31,52001,201,0.35
31,54001,201,0.35
31,56001,201,0.35
31,58001,201,0.35
31,60001,201,0.35
31,62001,201,0.35
31,64001,201,0.35
31,65535,201,0.35
31,1,211,0.35
31,2001,211,0.35
31,4001,211,0.35
31,6001,211,0.35
31,8001,211,0.35
31,10001,211,0.35
31,12001,211,0.35
31,14001,211,0.35
31,16001,211,0.35
31,18001,211,0.35
31,20001,211,0.35
31,22001,211,0.35
31,24001,211,0.35
31,26001,211,0.35
31,28001,211,0.35
31,30001,211,0.35
31,32001,211,0.35
31,34001,211,0.35
31,36001,211,0.35
31,38001,211,0.35
31,40001,211,0.35
31,42001,211,0.35
31,44001,211,0.35
31,46001,211,0.35
31,48001,211,0.35
31,50001,211,0.35
31,52001,211,0.35
31,54001,211,0.35
31,56001,211,0.35
31,58001,211,0.35
31,60001,211,0.35
31,62001,211,0.35
31,64001,211,0.35
31,65535,211,0.35
31,1,221,0.35
31,2001,221,0.35
31,4001,221,0.35
31,6001,221,0.35
31,8001,221,0.35
31,10001,221,0.35
31,12001,221,0.35
31,14001,221,0.35
31,16001,221,0.35
31,18001,221,0.35
31,20001,221,0.35
31,22001,221,0.35
31,24001,221,0.35
31,26001,221,0.35
31,28001,221,0.35
31,30001,221,0.35
31,32001,221,0.35
31,34001,221,0.35
31,36001,221,0.35
31,38001,221,0.35
31,40001,221,0.35
31,42001,221,0.35
31,44001,221,0.35
31,46001,221,0.35
31,48001,221,0.35
31,50001,221,0.35
31,52001,221,0.35
31,54001,221,0.35
31,56001,221,0.35
31,58001,221,0.35
31,60001,221,0.35
31,62001,221,0.35
31,64001,221,0.35
31,65535,221,0.35
31,1,231,0.35
31,2001,231,0.35
31,4001,231,0.35
31,6001,231,0.35
31,8001,231,0.35
31,10001,231,0.35
31,12001,231,0.35
31,14001,231,0.35
31,16001,231,0.35
31,18001,231,0.35
31,20001,231,0.35
31,22001,231,0.35
31,24001,231,0.35
31,26001,231,0.35
31,28001,231,0.35
31,30001,231,0.35
31,32001,231,0.35
31,34001,231,0.35
31,36001,231,0.35
31,38001,231,0.35
31,40001,231,0.35
31,42001,231,0.35
31,44001,231,0.35
31,46001,231,0.35
31,48001,231,0.35
31,50001,231,0.35
31,52001,231,0.35
31,54001,231,0.35
31,56001,231,0.35
31,58001,231,0.35
31,60001,231,0.35
31,62001,231,0.35
31,64001,231,0.35
31,65535,231,0.35
31,1,241,0.35
31,2001,241,0.35
31,4001,241,0.35
31,6001,241,0.35
31,8001,241,0.35
31,10001,241,0.35
31,12001,241,0.35
31,14001,241,0.35
31,16001,241,0.35
31,18001,241,0.35
31,20001,241,0.35
31,22001,241,0.35
31,24001,241,0.35
31,26001,241,0.35
31,28001,241,0.35
31,30001,241,0.35
31,32001,241,0.35
31,34001,241,0.35
31,36001,241,0.35
31,38001,241,0.35
31,40001,241,0.35
31,42001,241,0.35
31,44001,241,0.35
31,46001,241,0.35
31,48001,241,0.35
31,50001,241,0.35
31,52001,241,0.35
31,54001,241,0.35
31,56001,241,0.35
31,58001,241,0.35
31,60001,241,0.35
31,62001,241,0.35
31,64001,241,0.35
31,65535,241,0.35
31,1,251,0.35
31,2001,251,0.35
31,4001,251,0.35
31,6001,251,0.35
31,8001,251,0.35
31,10001,251,0.35
31,12001,251,0.35
31,14001,251,0.35
31,16001,251,0.35
31,18001,251,0.35
31,20001,251,0.35
31,22001,251,0.35
31,24001,251,0.35
31,26001,251,0.35
31,28001,251,0.35
31,30001,251,0.35
31,32001,251,0.35
31,34001,251,0.35
31,36001,251,0.35
31,38001,251,0.35
31,40001,251,0.35
31,42001,251,0.35
31,44001,251,0.35
31,46001,251,0.35
31,48001,251,0.35
31,50001,251,0.35
31,52001,251,0.35
31,54001,251,0.35
31,56001,251,0.35
31,58001,251,0.35
31,60001,251,0.35
31,62001,251,0.35
31,64001,251,0.35
31,65535,251,0.35
31,1,254,0.35
31,2001,254,0.35
31,4001,254,0.35
31,6001,254,0.35
31,8001,254,0.35
31,10001,254,0.35
31,12001,254,0.35
31,14001,254,0.35
31,16001,254,0.35
31,18001,254,0.35
31,20001,254,0.35
31,22001,254,0.35
31,24001,254,0.35
31,26001,254,0.35
31,28001,254,0.35
31,30001,254,0.35
31,32001,254,0.35
31,34001,254,0.35
31,36001,254,0.35
31,38001,254,0.35
31,40001,254,0.35
31,42001,254,0.35
31,44001,254,0.35
31,46001,254,0.35
31,48001,254,0.35
31,50001,254,0.35
31,52001,254,0.35
31,54001,254,0.35
31,56001,254,0.35
31,58001,254,0.35
31,60001,254,0.35
31,62001,254,0.35
31,64001,254,0.35
31,65535,254,0.35
41,1,1,0.36
41,2001,1,0.39
41,4001,1,0.44
41,6001,1,0.41
41,8001,1,0.42
41,10001,1,0.34
41,12001,1,0.35
41,14001,1,0.38
41,16001,1,0.33
41,18001,1,0.4
41,20001,1,0.37
41,22001,1,0.4
41,24001,1,0.35
41,26001,1,0.41
41,28001,1,0.41
41,30001,1,0.35
41,32001,1,0.35
41,34001,1,0.35
41,36001,1,0.35
41,38001,1,0.35
41,40001,1,0.35
41,42001,1,0.35
41,44001,1,0.35
41,46001,1,0.35
41,48001,1,0.35
41,50001,1,0.41
41,52001,1,0.37
41,54001,1,0.42
41,56001,1,0.35
41,58001,1,0.35
41,60001,1,0.51
41,62001,1,0.38
41,64001,1,0.35
41,65535,1,0.35
41,1,11,0.38
41,2001,11,0.44
41,4001,11,0.4
41,6001,11,0.38
41,8001,11,0.41
41,10001,11,0.42
41,12001,11,0.37
41,14001,11,0.4
41,16001,11,0.4
41,18001,11,0.42
41,20001,11,0.41
41,22001,11,0.41
41,24001,11,0.4
41,26001,11,0.33
41,28001,11,0.35
41,30001,11,0.35
41,32001,11,0.35
41,34001,11,0.35
41,36001,11,0.38
41,38001,11,0.34
41,40001,11,0.34
41,42001,11,0.41
41,44001,11,0.35
41,46001,11,0.38
41,48001,11,0.4
41,50001,11,0.34
41,52001,11,0.39
41,54001,11,0.5
41,56001,11,0.43
41,58001,11,0.47
41,60001,11,0.35
41,62001,11,0.43
41,64001,11,0.39
41,65535,11,0.35
41,1,21,0.46
41,2001,21,0.37
41,4001,21,0.43
41,6001,21,0.47
41,8001,21,0.48
41,10001,21,0.47
41,12001,21,0.48
41,14001,21,0.46
41,16001,21,0.43
41,18001,21,0.42
41,20001,21,0.43
41,22001,21,0.48
41,24001,21,0.41
41,26001,21,0.38
41,28001,21,0.49
41,30001,21,0.47
41,32001,21,0.4
41,34001,21,0.35
41,36001,21,0.35
41,38001,21,0.38
41,40001,21,0.41
41,42001,21,0.43
41,44001,21,0.44
41,46001,21,0.43
41,48001,21,0.42
41,50001,21,0.41
41,52001,21,0.4
41,54001,21,0.42
41,56001,21,0.51
41,58001,21,0.47
41,60001,21,0.35
41,62001,21,0.46
41,64001,21,0.47
41,65535,21,0.45
41,1,31,0.35
41,2001,31,0.36
41,4001,31,0.45
41,6001,31,0.48
41,8001,31,0.49
41,10001,31,0.47
41,12001,31,0.6
41,14001,31,0.46
41,16001,31,0.57
41,18001,31,0.47
41,20001,31,0.37
41,22001,31,0.38
41,24001,31,0.35
41,26001,31,0.45
41,28001,31,0.43
41,30001,31,0.37
41,32001,31,0.44
41,34001,31,0.47
41,36001,31,0.46
41,38001,31,0.43
41,40001,31,0.43
41,42001,31,0.48
41,44001,31,0.44
41,46001,31,0.45
41,48001,31,0.44
41,50001,31,0.5
41,52001,31,0.48
41,54001,31,0.38
41,56001,31,0.34
41,58001,31,0.35
41,60001,31,0.35
41,62001,31,0.35
41,64001,31,0.35
41,65535,31,0.35
41,1,41,0.35
41,2001,41,0.35
41,4001,41,0.35
41,6001,41,0.52
41,8001,41,0.62
41,10001,41,0.62
41,12001,41,0.55
41,14001,41,0.47
41,16001,41,0.36
41,18001,41,0.33
41,20001,41,0.35
41,22001,41,0.35
41,24001,41,0.35
41,26001,41,0.35
41,28001,41,0.35
41,30001,41,0.35
41,32001,41,0.35
41,34001,41,0.35
41,36001,41,0.36
41,38001,41,0.47
41,40001,41,0.51
41,42001,41,0.4
41,44001,41,0.46
41,46001,41,0.44
41,48001,41,0.43
41,50001,41,0.49
41,52001,41,0.4
41,54001,41,0.35
41,56001,41,0.35
41,58001,41,0.35
41,60001,41,0.35
41,62001,41,0.35
41,64001,41,0.35
41,65535,41,0.35
41,1,51,0.35
41,2001,51,0.35
41,4001,51,0.35
41,6001,51,0.6
41,8001,51,0.6
41,10001,51,0.65
41,12001,51,0.59
41,14001,51,0.38
41,16001,51,0.43
41,18001,51,0.35
41,20001,51,0.35
41,22001,51,0.35
41,24001,51,0.35
41,26001,51,0.35
41,28001,51,0.35
41,30001,51,0.35
41,32001,51,0.35
41,34001,51,0.35
41,36001,51,0.35
41,38001,51,0.47
41,40001,51,0.47
41,42001,51,0.72
41,44001,51,0.4
41,46001,51,0.41
41,48001,51,0.41
41,50001,51,0.4
41,52001,51,0.4
41,54001,51,0.35
41,56001,51,0.35
41,58001,51,0.35
41,60001,51,0.35
41,62001,51,0.35
41,64001,51,0.35
41,65535,51,0.35
41,1,61,0.35
41,2001,61,0.35
41,4001,61,0.35
41,6001,61,0.5
41,8001,61,0.54
41,10001,61,0.46
41,12001,61,0.36
41,14001,61,0.35
41,16001,61,0.35
41,18001,61,0.35
41,20001,61,0.35
41,22001,61,0.35
41,24001,61,0.35
41,26001,61,0.35
41,28001,61,0.35
41,30001,61,0.35
41,32001,61,0.35
41,34001,61,0.35
41,36001,61,0.35
41,38001,61,0.35
41,40001,61,0.46
41,42001,61,0.45
41,44001,61,0.35
41,46001,61,0.34
41,48001,61,0.35
41,50001,61,0.35
41,52001,61,0.35
41,54001,61,0.35
41,56001,61,0.35
41,58001,61,0.35
41,60001,61,0.35
41,62001,61,0.35
41,64001,61,0.35
41,65535,61,0.35
41,1,71,0.35
41,2001,71,0.35
41,4001,71,0.35
41,6001,71,0.49
41,8001,71,0.69
41,10001,71,0.52
41,12001,71,0.35
41,14001,71,0.35
41,16001,71,0.35
41,18001,71,0.35
41,20001,71,0.35
41,22001,71,0.35
41,24001,71,0.35
41,26001,71,0.35
41,28001,71,0.35
41,30001,71,0.35
41,32001,71,0.35
41,34001,71,0.35
41,36001,71,0.35
41,38001,71,0.35
41,40001,71,0.4
41,42001,71,0.35
41,44001,71,0.35
41,46001,71,0.35
41,48001,71,0.35
41,50001,71,0.35
41,52001,71,0.35
41,54001,71,0.35
41,56001,71,0.35
41,58001,71,0.35
41,60001,71,0.35
41,62001,71,0.35
41,64001,71,0.35
41,65535,71,0.35
41,1,81,0.35
41,2001,81,0.35
41,4001,81,0.35
41,6001,81,0.35
41,8001,81,0.53
41,10001,81,0.47
41,12001,81,0.35
41,14001,81,0.35
41,16001,81,0.35
41,18001,81,0.35
41,20001,81,0.35
41,22001,81,0.35
41,24001,81,0.35
41,26001,81,0.35
41,28001,81,0.35
41,30001,81,0.35
41,32001,81,0.35
41,34001,81,0.35
41,36001,81,0.35
41,38001,81,0.35
41,40001,81,0.35
41,42001,81,0.35
41,44001,81,0.35
41,46001,81,0.35
41,48001,81,0.35
41,50001,81,0.35
41,52001,81,0.35
41,54001,81,0.35
41,56001,81,0.35
41,58001,81,0.35
41,60001,81,0.35
41,62001,81,0.35
41,64001,81,0.35
41,65535,81,0.35
41,1,91,0.35
41,2001,91,0.35
41,4001,91,0.35
41,6001,91,0.35
41,8001,91,0.59
41,10001,91,0.51
41,12001,91,0.35
41,14001,91,0.35
41,16001,91,0.35
41,18001,91,0.35
41,20001,91,0.35
41,22001,91,0.35
41,24001,91,0.35
41,26001,91,0.35
41,28001,91,0.35
41,30001,91,0.35
41,32001,91,0.35
41,34001,91,0.35
41,36001,91,0.35
41,38001,91,0.35
41,40001,91,0.35
41,42001,91,0.35
41,44001,91,0.35
41,46001,91,0.35
41,48001,91,0.35
41,50001,91,0.35
41,52001,91,0.35
41,54001,91,0.35
41,56001,91,0.35
41,58001,91,0.35
41,60001,91,0.35
41,62001,91,0.35
41,64001,91,0.35
41,65535,91,0.35
41,1,101,0.35
41,2001,101,0.35
41,4001,101,0.35
41,6001,101,0.35
41,8001,101,0.57
41,10001,101,0.4
41,12001,101,0.35
41,14001,101,0.35
41,16001,101,0.35
41,18001,101,0.35
41,20001,101,0.35
41,22001,101,0.35
41,24001,101,0.35
41,26001,101,0.35
41,28001,101,0.35
41,30001,101,0.35
41,32001,101,0.35
41,34001,101,0.35
41,36001,101,0.35
41,38001,101,0.35
41,40001,101,0.35
41,42001,101,0.35
41,44001,101,0.35
41,46001,101,0.35
41,48001,101,0.35
41,50001,101,0.35
41,52001,101,0.35
41,54001,101,0.35
41,56001,101,0.35
41,58001,101,0.35
41,60001,101,0.35
41,62001,101,0.35
41,64001,101,0.35
41,65535,101,0.35
41,1,111,0.35
41,2001,111,0.35
41,4001,111,0.35
41,6001,111,0.35
41,8001,111,0.5
41,10001,111,0.48
41,12001,111,0.35
41,14001,111,0.35
41,16001,111,0.35
41,18001,111,0.35
41,20001,111,0.35
41,22001,111,0.35
41,24001,111,0.35
41,26001,111,0.35
41,28001,111,0.35
41,30001,111,0.35
41,32001,111,0.35
41,34001,111,0.35
41,36001,111,0.35
41,38001,111,0.35
41,40001,111,0.35
41,42001,111,0.35
41,44001,111,0.35
41,46001,111,0.35
41,48001,111,0.35
41,50001,111,0.35
41,52001,111,0.35
41,54001,111,0.35
41,56001,111,0.35
41,58001,111,0.35
41,60001,111,0.35
41,62001,111,0.35
41,64001,111,0.35
41,65535,111,0.35
41,1,121,0.35
41,2001,121,0.35
41,4001,121,0.35
41,6001,121,0.35
41,8001,121,0.44
41,10001,121,0.43
41,12001,121,0.35
41,14001,121,0.35
41,16001,121,0.35
41,18001,121,0.35
41,20001,121,0.35
41,22001,121,0.35
41,24001,121,0.35
41,26001,121,0.35
41,28001,121,0.35
41,30001,121,0.35
41,32001,121,0.35
41,34001,121,0.35
41,36001,121,0.35
41,38001,121,0.35
41,40001,121,0.35
41,42001,121,0.35
41,44001,121,0.35
41,46001,121,0.35
41,48001,121,0.35
41,50001,121,0.35
41,52001,121,0.35
41,54001,121,0.35
41,56001,121,0.35
41,58001,121,0.35
41,60001,121,0.35
41,62001,121,0.35
41,64001,121,0.35
41,65535,121,0.35
41,1,131,0.35
41,2001,131,0.35
41,4001,131,0.35
41,6001,131,0.35
41,8001,131,0.49
41,10001,131,0.36
41,12001,131,0.35
41,14001,131,0.35
41,16001,131,0.35
41,18001,131,0.35
41,20001,131,0.35
41,22001,131,0.35
41,24001,131,0.35
41,26001,131,0.35
41,28001,131,0.35
41,30001,131,0.35
41,32001,131,0.35
41,34001,131,0.35
41,36001,131,0.35
41,38001,131,0.35
41,40001,131,0.35
41,42001,131,0.35
41,44001,131,0.35
41,46001,131,0.35
41,48001,131,0.35
41,50001,131,0.35
41,52001,131,0.35
41,54001,131,0.35
41,56001,131,0.35
41,58001,131,0.35
41,60001,131,0.35
41,62001,131,0.35
41,64001,131,0.35
41,65535,131,0.35
41,1,141,0.35
41,2001,141,0.35
41,4001,141,0.35
41,6001,141,0.35
41,8001,141,0.53
41,10001,141,0.35
41,12001,141,0.35
41,14001,141,0.35
41,16001,141,0.35
41,18001,141,0.35
41,20001,141,0.35
41,22001,141,0.35
41,24001,141,0.35
41,26001,141,0.35
41,28001,141,0.35
41,30001,141,0.35
41,32001,141,0.35
41,34001,141,0.35
41,36001,141,0.35
41,38001,141,0.35
41,40001,141,0.35
41,42001,141,0.35
41,44001,141,0.35
41,46001,141,0.35
41,48001,141,0.35
41,50001,141,0.35
41,52001,141,0.35
41,54001,141,0.35
41,56001,141,0.35
41,58001,141,0.35
41,60001,141,0.35
41,62001,141,0.35
41,64001,141,0.35
41,65535,141,0.35
41,1,151,0.35
41,2001,151,0.35
41,4001,151,0.35
41,6001,151,0.35
41,8001,151,0.53
41,10001,151,0.36
41,12001,151,0.35
41,14001,151,0.35
41,16001,151,0.35
41,18001,151,0.35
41,20001,151,0.35
41,22001,151,0.35
41,24001,151,0.35
41,26001,151,0.35
41,28001,151,0.35
41,30001,151,0.35
41,32001,151,0.35
41,34001,151,0.35
41,36001,151,0.35
41,38001,151,0.35
41,40001,151,0.35
41,42001,151,0.35
41,44001,151,0.35
41,46001,151,0.35
41,48001,151,0.35
41,50001,151,0.35
41,52001,151,0.35
41,54001,151,0.35
41,56001,151,0.35
41,58001,151,0.35
41,60001,151,0.35
41,62001,151,0.35
41,64001,151,0.35
41,65535,151,0.35
41,1,161,0.35
41,2001,161,0.35
41,4001,161,0.35
41,6001,161,0.35
41,8001,161,0.4
41,10001,161,0.44
41,12001,161,0.35
41,14001,161,0.35
41,16001,161,0.35
41,18001,161,0.35
41,20001,161,0.35
41,22001,161,0.35
41,24001,161,0.35
41,26001,161,0.35
41,28001,161,0.35
41,30001,161,0.35
41,32001,161,0.35
41,34001,161,0.35
41,36001,161,0.35
41,38001,161,0.35
41,40001,161,0.35
41,42001,161,0.35
41,44001,161,0.35
41,46001,161,0.35
41,48001,161,0.35
41,50001,161,0.35
41,52001,161,0.35
41,54001,161,0.35
41,56001,161,0.35
41,58001,161,0.35
41,60001,161,0.35
41,62001,161,0.35
41,64001,161,0.35
41,65535,161,0.35
41,1,171,0.35
41,2001,171,0.35
41,4001,171,0.35
41,6001,171,0.35
41,8001,171,0.46
41,10001,171,0.35
41,12001,171,0.35
41,14001,171,0.35
41,16001,171,0.35
41,18001,171,0.35
41,20001,171,0.35
41,22001,171,0.35
41,24001,171,0.35
41,26001,171,0.35
41,28001,171,0.35
41,30001,171,0.35
41,32001,171,0.35
41,34001,171,0.35
41,36001,171,0.35
41,38001,171,0.35
41,40001,171,0.35
41,42001,171,0.35
41,44001,171,0.35
41,46001,171,0.35
41,48001,171,0.35
41,50001,171,0.35
41,52001,171,0.35
41,54001,171,0.35
41,56001,171,0.35
41,58001,171,0.35
41,60001,171,0.35
41,62001,171,0.35
41,64001,171,0.35
41,65535,171,0.35
41,1,181,0.35
41,2001,181,0.35
41,4001,181,0.35
41,6001,181,0.35
41,8001,181,0.35
41,10001,181,0.35
41,12001,181,0.35
41,14001,181,0.35
41,16001,181,0.35
41,18001,181,0.35
41,20001,181,0.35
41,22001,181,0.35
41,24001,181,0.35
41,26001,181,0.35
41,28001,181,0.35
41,30001,181,0.35
41,32001,181,0.35
41,34001,181,0.35
41,36001,181,0.35
41,38001,181,0.35
41,40001,181,0.35
41,42001,181,0.35
41,44001,181,0.35
41,46001,181,0.35
41,48001,181,0.35
41,50001,181,0.35
41,52001,181,0.35
41,54001,181,0.35
41,56001,181,0.35
41,58001,181,0.35
41,60001,181,0.35
41,62001,181,0.35
41,64001,181,0.35
41,65535,181,0.35
41,1,191,0.35
41,2001,191,0.35
41,4001,191,0.35
41,6001,191,0.35
41,8001,191,0.35
41,10001,191,0.35
41,12001,191,0.35
41,14001,191,0.35
41,16001,191,0.35
41,18001,191,0.35
41,20001,191,0.35
41,22001,191,0.35
41,24001,191,0.35
41,26001,191,0.35
41,28001,191,0.35
41,30001,191,0.35
41,32001,191,0.35
41,34001,191,0.35
41,36001,191,0.35
41,38001,191,0.35
41,40001,191,0.35
41,42001,191,0.35
41,44001,191,0.35
41,46001,191,0.35
41,48001,191,0.35
41,50001,191,0.35
41,52001,191,0.35
41,54001,191,0.35
41,56001,191,0.35
41,58001,191,0.35
41,60001,191,0.35
41,62001,191,0.35
41,64001,191,0.35
41,65535,191,0.35
41,1,201,0.35
41,2001,201,0.35
41,4001,201,0.35
41,6001,201,0.35
41,8001,201,0.35
41,10001,201,0.35
41,12001,201,0.35
41,14001,201,0.35
41,16001,201,0.35
41,18001,201,0.35
41,20001,201,0.35
41,22001,201,0.35
41,24001,201,0.35
41,26001,201,0.35
41,28001,201,0.35
41,30001,201,0.35
41,32001,201,0.35
41,34001,201,0.35
41,36001,201,0.35
41,38001,201,0.35
41,40001,201,0.35
41,42001,201,0.35
41,44001,201,0.35
41,46001,201,0.35
41,48001,201,0.35
41,50001,201,0.35
41,52001,201,0.35
41,54001,201,0.35
41,56001,201,0.35
41,58001,201,0.35
41,60001,201,0.35
41,62001,201,0.35
41,64001,201,0.35
41,65535,201,0.35
41,1,211,0.35
41,2001,211,0.35
41,4001,211,0.35
41,6001,211,0.35
41,8001,211,0.35
41,10001,211,0.35
41,12001,211,0.35
41,14001,211,0.35
41,16001,211,0.35
41,18001,211,0.35
41,20001,211,0.35
41,22001,211,0.35
41,24001,211,0.35
41,26001,211,0.35
41,28001,211,0.35
41,30001,211,0.35
41,32001,211,0.35
41,34001,211,0.35
41,36001,211,0.35
41,38001,211,0.35
41,40001,211,0.35
41,42001,211,0.35
41,44001,211,0.35
41,46001,211,0.35
41,48001,211,0.35
41,50001,211,0.35
41,52001,211,0.35
41,54001,211,0.35
41,56001,211,0.35
41,58001,211,0.35
41,60001,211,0.35
41,62001,211,0.35
41,64001,211,0.35
41,65535,211,0.35
41,1,221,0.35
41,2001,221,0.35
41,4001,221,0.35
41,6001,221,0.35
41,8001,221,0.35
41,10001,221,0.35
41,12001,221,0.35
41,14001,221,0.35
41,16001,221,0.35
41,18001,221,0.35
41,20001,221,0.35
41,22001,221,0.35
41,24001,221,0.35
41,26001,221,0.35
41,28001,221,0.35
41,30001,221,0.35
41,32001,221,0.35
41,34001,221,0.35
41,36001,221,0.35
41,38001,221,0.35
41,40001,221,0.35
41,42001,221,0.35
41,44001,221,0.35
41,46001,221,0.35
41,48001,221,0.35
41,50001,221,0.35
41,52001,221,0.35
41,54001,221,0.35
41,56001,221,0.35
41,58001,221,0.35
41,60001,221,0.35
41,62001,221,0.35
41,64001,221,0.35
41,65535,221,0.35
41,1,231,0.35
41,2001,231,0.35
41,4001,231,0.35
41,6001,231,0.35
41,8001,231,0.35
41,10001,231,0.35
41,12001,231,0.35
41,14001,231,0.35
41,16001,231,0.35
41,18001,231,0.35
41,20001,231,0.35
41,22001,231,0.35
41,24001,231,0.35
41,26001,231,0.35
41,28001,231,0.35
41,30001,231,0.35
41,32001,231,0.35
41,34001,231,0.35
41,36001,231,0.35
41,38001,231,0.35
41,40001,231,0.35
41,42001,231,0.35
41,44001,231,0.35
41,46001,231,0.35
41,48001,231,0.35
41,50001,231,0.35
41,52001,231,0.35
41,54001,231,0.35
41,56001,231,0.35
41,58001,231,0.35
41,60001,231,0.35
41,62001,231,0.35
41,64001,231,0.35
41,65535,231,0.35
41,1,241,0.35
41,2001,241,0.35
41,4001,241,0.35
41,6001,241,0.35
41,8001,241,0.35
41,10001,241,0.35
41,12001,241,0.35
41,14001,241,0.35
41,16001,241,0.35
41,18001,241,0.35
41,20001,241,0.35
41,22001,241,0.35
41,24001,241,0.35
41,26001,241,0.35
41,28001,241,0.35
41,30001,241,0.35
41,32001,241,0.35
41,34001,241,0.35
41,36001,241,0.35
41,38001,241,0.35
41,40001,241,0.35
41,42001,241,0.35
41,44001,241,0.35
41,46001,241,0.35
41,48001,241,0.35
41,50001,241,0.35
41,52001,241,0.35
41,54001,241,0.35
41,56001,241,0.35
41,58001,241,0.35
41,60001,241,0.35
41,62001,241,0.35
41,64001,241,0.35
41,65535,241,0.35
41,1,251,0.35
41,2001,251,0.35
41,4001,251,0.35
41,6001,251,0.35
41,8001,251,0.35
41,10001,251,0.35
41,12001,251,0.35
41,14001,251,0.35
41,16001,251,0.35
41,18001,251,0.35
41,20001,251,0.35
41,22001,251,0.35
41,24001,251,0.35
41,26001,251,0.35
41,28001,251,0.35
41,30001,251,0.35
41,32001,251,0.35
41,34001,251,0.35
41,36001,251,0.35
41,38001,251,0.35
41,40001,251,0.35
41,42001,251,0.35
41,44001,251,0.35
41,46001,251,0.35
41,48001,251,0.35
41,50001,251,0.35
41,52001,251,0.35
41,54001,251,0.35
41,56001,251,0.35
41,58001,251,0.35
41,60001,251,0.35
41,62001,251,0.35
41,64001,251,0.35
41,65535,251,0.35
41,1,254,0.35
41,2001,254,0.35
41,4001,254,0.35
41,6001,254,0.35
41,8001,254,0.35
41,10001,254,0.35
41,12001,254,0.35
41,14001,254,0.35
41,16001,254,0.35
41,18001,254,0.35
41,20001,254,0.35
41,22001,254,0.35
41,24001,254,0.35
41,26001,254,0.35
41,28001,254,0.35
41,30001,254,0.35
41,32001,254,0.35
41,34001,254,0.35
41,36001,254,0.35
41,38001,254,0.35
41,40001,254,0.35
41,42001,254,0.35
41,44001,254,0.35
41,46001,254,0.35
41,48001,254,0.35
41,50001,254,0.35
41,52001,254,0.35
41,54001,254,0.35
41,56001,254,0.35
41,58001,254,0.35
41,60001,254,0.35
41,62001,254,0.35
41,64001,254,0.35
41,65535,254,0.35
51,1,1,0.64
51,2001,1,0.62
51,4001,1,0.68
51,6001,1,0.63
51,8001,1,0.61
51,10001,1,0.64
51,12001,1,0.55
51,14001,1,0.52
51,16001,1,0.58
51,18001,1,0.63
51,20001,1,0.59
51,22001,1,0.57
51,24001,1,0.58
51,26001,1,0.73
51,28001,1,0.56
51,30001,1,0.62
51,32001,1,0.65
51,34001,1,0.61
51,36001,1,0.63
51,38001,1,0.74
51,40001,1,0.64
51,42001,1,0.62
51,44001,1,0.58
51,46001,1,0.61
51,48001,1,0.66
51,50001,1,0.65
51,52001,1,0.54
51,54001,1,0.62
51,56001,1,0.5
51,58001,1,0.57
51,60001,1,0.64
51,62001,1,0.59
51,64001,1,0.55
51,65535,1,0.59
51,1,11,0.76
51,2001,11,0.59
51,4001,11,0.69
51,6001,11,0.54
51,8001,11,0.57
51,10001,11,0.67
51,12001,11,0.68
51,14001,11,0.57
51,16001,11,0.62
51,18001,11,0.64
51,20001,11,0.63
51,22001,11,0.64
51,24001,11,0.63
51,26001,11,0.66
51,28001,11,0.62
51,30001,11,0.59
51,32001,11,0.44
51,34001,11,0.66
51,36001,11,0.6
51,38001,11,0.61
51,40001,11,0.57
51,42001,11,0.63
51,44001,11,0.58
51,46001,11,0.61
51,48001,11,0.65
51,50001,11,0.6
51,52001,11,0.67
51,54001,11,0.65
51,56001,11,0.69
51,58001,11,0.71
51,60001,11,0.67
51,62001,11,0.71
51,64001,11,0.68
51,65535,11,0.7
51,1,21,0.67
51,2001,21,0.69
51,4001,21,0.71
51,6001,21,0.69
51,8001,21,0.69
51,10001,21,0.82
51,12001,21,0.7
51,14001,21,0.74
51,16001,21,0.76
51,18001,21,0.76
51,20001,21,0.68
51,22001,21,0.7
51,24001,21,0.74
51,26001,21,0.65
51,28001,21,0.66
51,30001,21,0.63
51,32001,21,0.77
51,34001,21,0.62
51,36001,21,0.61
51,38001,21,0.66
51,40001,21,0.63
51,42001,21,0.6
51,44001,21,0.63
51,46001,21,0.59
51,48001,21,0.69
51,50001,21,0.81
51,52001,21,0.8
51,54001,21,0.73
51,56001,21,0.76
51,58001,21,0.73
51,60001,21,0.68
51,62001,21,0.75
51,64001,21,0.67
51,65535,21,0.75
51,1,31,0.52
51,2001,31,0.55
51,4001,31,0.74
51,6001,31,0.71
51,8001,31,0.73
51,10001,31,0.85
51,12001,31,0.83
51,14001,31,0.82
51,16001,31,0.73
51,18001,31,0.77
51,20001,31,0.64
51,22001,31,0.59
51,24001,31,0.61
51,26001,31,0.67
51,28001,31,0.75
51,30001,31,0.79
51,32001,31,0.66
51,34001,31,0.74
51,36001,31,0.65
51,38001,31,0.63
51,40001,31,0.64
51,42001,31,0.59
51,44001,31,0.71
51,46001,31,0.72
51,48001,31,0.74
51,50001,31,0.85
51,52001,31,0.62
51,54001,31,0.61
51,56001,31,0.62
51,58001,31,0.58
51,60001,31,0.57
51,62001,31,0.51
51,64001,31,0.49
51,65535,31,0.48
51,1,41,0.41
51,2001,41,0.52
51,4001,41,0.75
51,6001,41,0.79
51,8001,41,0.94
51,10001,41,0.9
51,12001,41,0.83
51,14001,41,0.79
51,16001,41,0.59
51,18001,41,0.6
51,20001,41,0.5
51,22001,41,0.45
51,24001,41,0.44
51,26001,41,0.54
51,28001,41,0.64
51,30001,41,0.44
51,32001,41,0.68
51,34001,41,0.63
51,36001,41,0.74
51,38001,41,0.71
51,40001,41,0.73
51,42001,41,0.79
51,44001,41,0.64
51,46001,41,0.65
51,48001,41,0.79
51,50001,41,0.67
51,52001,41,0.62
51,54001,41,0.58
51,56001,41,0.51
51,58001,41,0.43
51,60001,41,0.51
51,62001,41,0.4
51,64001,41,0.39
51,65535,41,0.35
51,1,51,0.37
51,2001,51,0.39
51,4001,51,0.88
51,6001,51,0.88
51,8001,51,0.83
51,10001,51,0.83
51,12001,51,0.79
51,14001,51,0.67
51,16001,51,0.57
51,18001,51,0.46
51,20001,51,0.32
51,22001,51,0.42
51,24001,51,0.49
51,26001,51,0.35
51,28001,51,0.35
51,30001,51,0.5
51,32001,51,0.42
51,34001,51,0.41
51,36001,51,0.68
51,38001,51,0.77
51,40001,51,0.83
51,42001,51,0.68
51,44001,51,0.67
51,46001,51,0.67
51,48001,51,0.74
51,50001,51,0.69
51,52001,51,0.55
51,54001,51,0.5
51,56001,51,0.37
51,58001,51,0.35
51,60001,51,0.38
51,62001,51,0.35
51,64001,51,0.35
51,65535,51,0.38
51,1,61,0.36
51,2001,61,0.41
51,4001,61,0.76
51,6001,61,0.89
51,8001,61,0.86
51,10001,61,0.8
51,12001,61,0.75
51,14001,61,0.55
51,16001,61,0.43
51,18001,61,0.39
51,20001,61,0.35
51,22001,61,0.35
51,24001,61,0.35
51,26001,61,0.35
51,28001,61,0.35
51,30001,61,0.35
51,32001,61,0.35
51,34001,61,0.35
51,36001,61,0.35
51,38001,61,0.71
51,40001,61,0.66
51,42001,61,0.64
51,44001,61,0.54
51,46001,61,0.51
51,48001,61,0.53
51,50001,61,0.54
51,52001,61,0.49
51,54001,61,0.44
51,56001,61,0.33
51,58001,61,0.35
51,60001,61,0.35
51,62001,61,0.35
51,64001,61,0.35
51,65535,61,0.35
51,1,71,0.35
51,2001,71,0.35
51,4001,71,0.57
51,6001,71,0.84
51,8001,71,0.87
51,10001,71,0.7
51,12001,71,0.65
51,14001,71,0.5
51,16001,71,0.5
51,18001,71,0.35
51,20001,71,0.35
51,22001,71,0.35
51,24001,71,0.35
51,26001,71,0.35
51,28001,71,0.35
51,30001,71,0.32
51,32001,71,0.35
51,34001,71,0.35
51,36001,71,0.47
51,38001,71,0.56
51,40001,71,0.57
51,42001,71,0.47
51,44001,71,0.52
51,46001,71,0.48
51,48001,71,0.49
51,50001,71,0.49
51,52001,71,0.45
51,54001,71,0.35
51,56001,71,0.35
51,58001,71,0.35
51,60001,71,0.35
51,62001,71,0.35
51,64001,71,0.35
51,65535,71,0.35
51,1,81,0.35
51,2001,81,0.35
51,4001,81,0.35
51,6001,81,0.68
51,8001,81,0.95
51,10001,81,0.77
51,12001,81,0.52
51,14001,81,0.45
51,16001,81,0.35
51,18001,81,0.35
51,20001,81,0.35
51,22001,81,0.35
51,24001,81,0.35
51,26001,81,0.35
51,28001,81,0.35
51,30001,81,0.35
51,32001,81,0.35
51,34001,81,0.35
51,36001,81,0.35
51,38001,81,0.51
51,40001,81,0.55
51,42001,81,0.48
51,44001,81,0.45
51,46001,81,0.35
51,48001,81,0.35
51,50001,81,0.46
51,52001,81,0.35
51,54001,81,0.35
51,56001,81,0.35
51,58001,81,0.35
51,60001,81,0.35
51,62001,81,0.35
51,64001,81,0.35
51,65535,81,0.35
51,1,91,0.35
51,2001,91,0.35
51,4001,91,0.35
51,6001,91,0.71
51,8001,91,0.86
51,10001,91,0.69
51,12001,91,0.54
51,14001,91,0.42
51,16001,91,0.36
51,18001,91,0.35
51,20001,91,0.35
51,22001,91,0.35
51,24001,91,0.35
51,26001,91,0.35
51,28001,91,0.35
51,30001,91,0.35
51,32001,91,0.35
51,34001,91,0.35
51,36001,91,0.35
51,38001,91,0.45
51,40001,91,0.43
51,42001,91,0.36
51,44001,91,0.5
51,46001,91,0.35
51,48001,91,0.36
51,50001,91,0.49
51,52001,91,0.4
51,54001,91,0.35
51,56001,91,0.35
51,58001,91,0.35
51,60001,91,0.35
51,62001,91,0.35
51,64001,91,0.35
51,65535,91,0.35
51,1,101,0.35
51,2001,101,0.35
51,4001,101,0.35
51,6001,101,0.66
51,8001,101,0.93
51,10001,101,0.7
51,12001,101,0.58
51,14001,101,0.35
51,16001,101,0.35
51,18001,101,0.35
51,20001,101,0.35
51,22001,101,0.35
51,24001,101,0.35
51,26001,101,0.35
51,28001,101,0.35
51,30001,101,0.35
51,32001,101,0.35
51,34001,101,0.35
51,36001,101,0.35
51,38001,101,0.32
51,40001,101,0.39
51,42001,101,0.36
51,44001,101,0.35
51,46001,101,0.35
51,48001,101,0.35
51,50001,101,0.35
51,52001,101,0.35
51,54001,101,0.35
51,56001,101,0.35
51,58001,101,0.35
51,60001,101,0.35
51,62001,101,0.35
51,64001,101,0.35
51,65535,101,0.35
51,1,111,0.35
51,2001,111,0.35
51,4001,111,0.35
51,6001,111,0.79
51,8001,111,0.78
51,10001,111,0.6
51,12001,111,0.49
51,14001,111,0.33
51,16001,111,0.35
51,18001,111,0.35
51,20001,111,0.35
51,22001,111,0.35
51,24001,111,0.35
51,26001,111,0.35
51,28001,111,0.35
51,30001,111,0.35
51,32001,111,0.35
51,34001,111,0.35
51,36001,111,0.35
51,38001,111,0.33
51,40001,111,0.34
51,42001,111,0.35
51,44001,111,0.35
51,46001,111,0.35
51,48001,111,0.35
51,50001,111,0.35
51,52001,111,0.35
51,54001,111,0.35
51,56001,111,0.35
51,58001,111,0.35
51,60001,111,0.35
51,62001,111,0.35
51,64001,111,0.35
51,65535,111,0.35
51,1,121,0.35
51,2001,121,0.35
51,4001,121,0.35
51,6001,121,0.56
51,8001,121,0.72
51,10001,121,0.67
51,12001,121,0.43
51,14001,121,0.49
51,16001,121,0.35
51,18001,121,0.35
51,20001,121,0.35
51,22001,121,0.35
51,24001,121,0.35
51,26001,121,0.35
51,28001,121,0.35
51,30001,121,0.35
51,32001,121,0.35
51,34001,121,0.35
51,36001,121,0.35
51,38001,121,0.35
51,40001,121,0.35
51,42001,121,0.35
51,44001,121,0.35
51,46001,121,0.35
51,48001,121,0.35
51,50001,121,0.35
51,52001,121,0.35
51,54001,121,0.35
51,56001,121,0.35
51,58001,121,0.35
51,60001,121,0.35
51,62001,121,0.35
51,64001,121,0.35
51,65535,121,0.35
51,1,131,0.35
51,2001,131,0.35
51,4001,131,0.35
51,6001,131,0.35
51,8001,131,0.77
51,10001,131,0.54
51,12001,131,0.46
51,14001,131,0.35
51,16001,131,0.35
51,18001,131,0.35
51,20001,131,0.35
51,22001,131,0.35
51,24001,131,0.35
51,26001,131,0.35
51,28001,131,0.35
51,30001,131,0.35
51,32001,131,0.35
51,34001,131,0.35
51,36001,131,0.35
51,38001,131,0.35
51,40001,131,0.35
51,42001,131,0.35
51,44001,131,0.35
51,46001,131,0.35
51,48001,131,0.35
51,50001,131,0.35
51,52001,131,0.35
51,54001,131,0.35
51,56001,131,0.35
51,58001,131,0.35
51,60001,131,0.35
51,62001,131,0.35
51,64001,131,0.35
51,65535,131,0.35
51,1,141,0.35
51,2001,141,0.35
51,4001,141,0.35
51,6001,141,0.35
51,8001,141,0.71
51,10001,141,0.57
51,12001,141,0.37
51,14001,141,0.35
51,16001,141,0.35
51,18001,141,0.35
51,20001,141,0.35
51,22001,141,0.35
51,24001,141,0.35
51,26001,141,0.35
51,28001,141,0.35
51,30001,141,0.35
51,32001,141,0.35
51,34001,141,0.35
51,36001,141,0.35
51,38001,141,0.35
51,40001,141,0.42
51,42001,141,0.35
51,44001,141,0.35
51,46001,141,0.35
51,48001,141,0.35
51,50001,141,0.35
51,52001,141,0.35
51,54001,141,0.35
51,56001,141,0.35
51,58001,141,0.35
51,60001,141,0.35
51,62001,141,0.35
51,64001,141,0.35
51,65535,141,0.35
51,1,151,0.35
51,2001,151,0.35
51,4001,151,0.35
51,6001,151,0.35
51,8001,151,0.68
51,10001,151,0.71
51,12001,151,0.43
51,14001,151,0.35
51,16001,151,0.35
51,18001,151,0.35
51,20001,151,0.35
51,22001,151,0.35
51,24001,151,0.35
51,26001,151,0.35
51,28001,151,0.35
51,30001,151,0.35
51,32001,151,0.35
51,34001,151,0.35
51,36001,151,0.35
51,38001,151,0.35
51,40001,151,0.35
51,42001,151,0.35
51,44001,151,0.35
51,46001,151,0.35
51,48001,151,0.35
51,50001,151,0.35
51,52001,151,0.35
51,54001,151,0.35
51,56001,151,0.35
51,58001,151,0.35
51,60001,151,0.35
51,62001,151,0.35
51,64001,151,0.35
51,65535,151,0.35
51,1,161,0.35
51,2001,161,0.35
51,4001,161,0.35
51,6001,161,0.35
51,8001,161,0.75
51,10001,161,0.62
51,12001,161,0.38
51,14001,161,0.35
51,16001,161,0.35
51,18001,161,0.35
51,20001,161,0.35
51,22001,161,0.35
51,24001,161,0.35
51,26001,161,0.35
51,28001,161,0.35
51,30001,161,0.35
51,32001,161,0.35
51,34001,161,0.35
51,36001,161,0.35
51,38001,161,0.35
51,40001,161,0.35
51,42001,161,0.35
51,44001,161,0.35
51,46001,161,0.35
51,48001,161,0.35
51,50001,161,0.35
51,52001,161,0.35
51,54001,161,0.35
51,56001,161,0.35
51,58001,161,0.35
51,60001,161,0.35
51,62001,161,0.35
51,64001,161,0.35
51,65535,161,0.35
51,1,171,0.35
51,2001,171,0.35
51,4001,171,0.35
51,6001,171,0.35
51,8001,171,0.72
51,10001,171,0.63
51,12001,171,0.35
51,14001,171,0.35
51,16001,171,0.35
51,18001,171,0.35
51,20001,171,0.35
51,22001,171,0.35
51,24001,171,0.35
51,26001,171,0.35
51,28001,171,0.35
51,30001,171,0.35
51,32001,171,0.35
51,34001,171,0.35
51,36001,171,0.35
51,38001,171,0.35
51,40001,171,0.35
51,42001,171,0.35
51,44001,171,0.35
51,46001,171,0.35
51,48001,171,0.35
51,50001,171,0.35
51,52001,171,0.35
51,54001,171,0.35
51,56001,171,0.35
51,58001,171,0.35
51,60001,171,0.35
51,62001,171,0.35
51,64001,171,0.35
51,65535,171,0.35
51,1,181,0.35
51,2001,181,0.35
51,4001,181,0.35
51,6001,181,0.35
51,8001,181,0.54
51,10001,181,0.35
51,12001,181,0.35
51,14001,181,0.35
51,16001,181,0.35
51,18001,181,0.35
51,20001,181,0.35
51,22001,181,0.35
51,24001,181,0.35
51,26001,181,0.35
51,28001,181,0.35
51,30001,181,0.35
51,32001,181,0.35
51,34001,181,0.35
51,36001,181,0.35
51,38001,181,0.35
51,40001,181,0.35
51,42001,181,0.35
51,44001,181,0.35
51,46001,181,0.35
51,48001,181,0.35
51,50001,181,0.35
51,52001,181,0.35
51,54001,181,0.35
51,56001,181,0.35
51,58001,181,0.35
51,60001,181,0.35
51,62001,181,0.35
51,64001,181,0.35
51,65535,181,0.35
51,1,191,0.35
51,2001,191,0.35
51,4001,191,0.35
51,6001,191,0.35
51,8001,191,0.35
51,10001,191,0.35
51,12001,191,0.35
51,14001,191,0.35
51,16001,191,0.35
51,18001,191,0.35
51,20001,191,0.35
51,22001,191,0.35
51,24001,191,0.35
51,26001,191,0.35
51,28001,191,0.35
51,30001,191,0.35
51,32001,191,0.35
51,34001,191,0.35
51,36001,191,0.35
51,38001,191,0.35
51,40001,191,0.35
51,42001,191,0.35
51,44001,191,0.35
51,46001,191,0.35
51,48001,191,0.35
51,50001,191,0.35
51,52001,191,0.35
51,54001,191,0.35
51,56001,191,0.35
51,58001,191,0.35
51,60001,191,0.35
51,62001,191,0.35
51,64001,191,0.35
51,65535,191,0.35
51,1,201,0.35
51,2001,201,0.35
51,4001,201,0.35
51,6001,201,0.35
51,8001,201,0.35
51,10001,201,0.35
51,12001,201,0.35
51,14001,201,0.35
51,16001,201,0.35
51,18001,201,0.35
51,20001,201,0.35
51,22001,201,0.35
51,24001,201,0.35
51,26001,201,0.35
51,28001,201,0.35
51,30001,201,0.35
51,32001,201,0.35
51,34001,201,0.35
51,36001,201,0.35
51,38001,201,0.35
51,40001,201,0.35
51,42001,201,0.35
51,44001,201,0.35
51,46001,201,0.35
51,48001,201,0.35
51,50001,201,0.35
51,52001,201,0.35
51,54001,201,0.35
51,56001,201,0.35
51,58001,201,0.35
51,60001,201,0.35
51,62001,201,0.35
51,64001,201,0.35
51,65535,201,0.35
51,1,211,0.35
51,2001,211,0.35
51,4001,211,0.35
51,6001,211,0.35
51,8001,211,0.35
51,10001,211,0.35
51,12001,211,0.35
51,14001,211,0.35
51,16001,211,0.35
51,18001,211,0.35
51,20001,211,0.35
51,22001,211,0.35
51,24001,211,0.35
51,26001,211,0.35
51,28001,211,0.35
51,30001,211,0.35
51,32001,211,0.35
51,34001,211,0.35
51,36001,211,0.35
51,38001,211,0.35
51,40001,211,0.35
51,42001,211,0.35
51,44001,211,0.35
51,46001,211,0.35
51,48001,211,0.35
51,50001,211,0.35
51,52001,211,0.35
51,54001,211,0.35
51,56001,211,0.35
51,58001,211,0.35
51,60001,211,0.35
51,62001,211,0.35
51,64001,211,0.35
51,65535,211,0.35
51,1,221,0.35
51,2001,221,0.35
51,4001,221,0.35
51,6001,221,0.35
51,8001,221,0.35
51,10001,221,0.35
51,12001,221,0.35
51,14001,221,0.35
51,16001,221,0.35
51,18001,221,0.35
51,20001,221,0.35
51,22001,221,0.35
51,24001,221,0.35
51,26001,221,0.35
51,28001,221,0.35
51,30001,221,0.35
51,32001,221,0.35
51,34001,221,0.35
51,36001,221,0.35
51,38001,221,0.35
51,40001,221,0.35
51,42001,221,0.35
51,44001,221,0.35
51,46001,221,0.35
51,48001,221,0.35
51,50001,221,0.35
51,52001,221,0.35
51,54001,221,0.35
51,56001,221,0.35
51,58001,221,0.35
51,60001,221,0.35
51,62001,221,0.35
51,64001,221,0.35
51,65535,221,0.35
51,1,231,0.35
51,2001,231,0.35
51,4001,231,0.35
51,6001,231,0.35
51,8001,231,0.35
51,10001,231,0.35
51,12001,231,0.35
51,14001,231,0.35
51,16001,231,0.35
51,18001,231,0.35
51,20001,231,0.35
51,22001,231,0.35
51,24001,231,0.35
51,26001,231,0.35
51,28001,231,0.35
51,30001,231,0.35
51,32001,231,0.35
51,34001,231,0.35
51,36001,231,0.35
51,38001,231,0.35
51,40001,231,0.35
51,42001,231,0.35
51,44001,231,0.35
51,46001,231,0.35
51,48001,231,0.35
51,50001,231,0.35
51,52001,231,0.35
51,54001,231,0.35
51,56001,231,0.35
51,58001,231,0.35
51,60001,231,0.35
51,62001,231,0.35
51,64001,231,0.35
51,65535,231,0.35
51,1,241,0.35
51,2001,241,0.35
51,4001,241,0.35
51,6001,241,0.35
51,8001,241,0.35
51,10001,241,0.35
51,12001,241,0.35
51,14001,241,0.35
51,16001,241,0.35
51,18001,241,0.35
51,20001,241,0.35
51,22001,241,0.35
51,24001,241,0.35
51,26001,241,0.35
51,28001,241,0.35
51,30001,241,0.35
51,32001,241,0.35
51,34001,241,0.35
51,36001,241,0.35
51,38001,241,0.35
51,40001,241,0.35
51,42001,241,0.35
51,44001,241,0.35
51,46001,241,0.35
51,48001,241,0.35
51,50001,241,0.35
51,52001,241,0.35
51,54001,241,0.35
51,56001,241,0.35
51,58001,241,0.35
51,60001,241,0.35
51,62001,241,0.35
51,64001,241,0.35
51,65535,241,0.35
51,1,251,0.35
51,2001,251,0.35
51,4001,251,0.35
51,6001,251,0.35
51,8001,251,0.35
51,10001,251,0.35
51,12001,251,0.35
51,14001,251,0.35
51,16001,251,0.35
51,18001,251,0.35
51,20001,251,0.35
51,22001,251,0.35
51,24001,251,0.35
51,26001,251,0.35
51,28001,251,0.35
51,30001,251,0.35
51,32001,251,0.35
51,34001,251,0.35
51,36001,251,0.35
51,38001,251,0.35
51,40001,251,0.35
51,42001,251,0.35
51,44001,251,0.35
51,46001,251,0.35
51,48001,251,0.35
51,50001,251,0.35
51,52001,251,0.35
51,54001,251,0.35
51,56001,251,0.35
51,58001,251,0.35
51,60001,251,0.35
51,62001,251,0.35
51,64001,251,0.35
51,65535,251,0.35
51,1,254,0.35
51,2001,254,0.35
51,4001,254,0.35
51,6001,254,0.35
51,8001,254,0.35
51,10001,254,0.35
51,12001,254,0.35
51,14001,254,0.35
51,16001,254,0.35
51,18001,254,0.35
51,20001,254,0.35
51,22001,254,0.35
51,24001,254,0.35
51,26001,254,0.35
51,28001,254,0.35
51,30001,254,0.35
51,32001,254,0.35
51,34001,254,0.35
51,36001,254,0.35
51,38001,254,0.35
51,40001,254,0.35
51,42001,254,0.35
51,44001,254,0.35
51,46001,254,0.35
51,48001,254,0.35
51,50001,254,0.35
51,52001,254,0.35
51,54001,254,0.35
51,56001,254,0.35
51,58001,254,0.35
51,60001,254,0.35
51,62001,254,0.35
51,64001,254,0.35
51,65535,254,0.35
61,1,1,0.86
61,2001,1,0.9
61,4001,1,0.93
61,6001,1,0.86
61,8001,1,0.98
61,10001,1,0.9
61,12001,1,0.88
61,14001,1,0.92
61,16001,1,0.71
61,18001,1,0.77
61,20001,1,0.87
61,22001,1,0.82
61,24001,1,0.78
61,26001,1,0.9
61,28001,1,0.84
61,30001,1,0.75
61,32001,1,0.88
61,34001,1,0.82
61,36001,1,0.85
61,38001,1,0.84
61,40001,1,0.89
61,42001,1,0.96
61,44001,1,0.9
61,46001,1,0.84
61,48001,1,0.91
61,50001,1,0.8
61,52001,1,0.79
61,54001,1,0.82
61,56001,1,0.96
61,58001,1,0.85
61,60001,1,0.84
61,62001,1,0.81
61,64001,1,0.86
61,65535,1,0.82
61,1,11,0.97
61,2001,11,0.96
61,4001,11,0.85
61,6001,11,0.94
61,8001,11,0.96
61,10001,11,0.88
61,12001,11,0.93
61,14001,11,0.97
61,16001,11,0.88
61,18001,11,0.93
61,20001,11,0.92
61,22001,11,0.88
61,24001,11,0.95
61,26001,11,0.86
61,28001,11,0.85
61,30001,11,0.8
61,32001,11,0.96
61,34001,11,0.95
61,36001,11,0.85
61,38001,11,0.81
61,40001,11,0.83
61,42001,11,0.93
61,44001,11,0.84
61,46001,11,0.96
61,48001,11,0.87
61,50001,11,0.98
61,52001,11,0.93
61,54001,11,0.99
61,56001,11,1.0
61,58001,11,0.96
61,60001,11,0.94
61,62001,11,0.95
61,64001,11,1.0
61,65535,11,0.87
61,1,21,0.97
61,2001,21,0.91
61,4001,21,1.0
61,6001,21,1.04
61,8001,21,1.02
61,10001,21,0.99
61,12001,21,1.06
61,14001,21,1.03
61,16001,21,1.04
61,18001,21,1.1
61,20001,21,1.02
61,22001,21,0.95
61,24001,21,0.91
61,26001,21,0.82
61,28001,21,0.92
61,30001,21,0.91
61,32001,21,0.99
61,34001,21,0.9
61,36001,21,0.93
61,38001,21,0.87
61,40001,21,0.78
61,42001,21,0.84
61,44001,21,0.86
61,46001,21,1.06
61,48001,21,1.05
61,50001,21,0.96
61,52001,21,1.07
61,54001,21,0.96
61,56001,21,1.03
61,58001,21,1.04
61,60001,21,1.09
61,62001,21,1.08
61,64001,21,1.06
61,65535,21,0.97
61,1,31,0.8
61,2001,31,0.88
61,4001,31,1.12
61,6001,31,1.07
61,8001,31,1.04
61,10001,31,1.15
61,12001,31,1.17
61,14001,31,1.18
61,16001,31,1.2
61,18001,31,0.95
61,20001,31,0.9
61,22001,31,0.83
61,24001,31,0.94
61,26001,31,0.97
61,28001,31,1.05
61,30001,31,1.02
61,32001,31,1.08
61,34001,31,0.98
61,36001,31,0.95
61,38001,31,0.92
61,40001,31,0.95
61,42001,31,0.82
61,44001,31,0.9
61,46001,31,1.03
61,48001,31,0.97
61,50001,31,1.13
61,52001,31,0.96
61,54001,31,0.79
61,56001,31,0.8
61,58001,31,0.85
61,60001,31,0.8
61,62001,31,0.87
61,64001,31,0.82
61,65535,31,0.65
61,1,41,0.62
61,2001,41,0.74
61,4001,41,1.12
61,6001,41,1.13
61,8001,41,1.25
61,10001,41,1.27
61,12001,41,1.12
61,14001,41,1.02
61,16001,41,0.85
61,18001,41,0.85
61,20001,41,0.79
61,22001,41,0.63
61,24001,41,0.61
61,26001,41,0.77
61,28001,41,0.84
61,30001,41,0.85
61,32001,41,0.79
61,34001,41,0.89
61,36001,41,1.04
61,38001,41,1.07
61,40001,41,1.05
61,42001,41,0.91
61,44001,41,1.06
61,46001,41,1.02
61,48001,41,1.13
61,50001,41,0.99
61,52001,41,0.81
61,54001,41,0.77
61,56001,41,0.7
61,58001,41,0.61
61,60001,41,0.61
61,62001,41,0.66
61,64001,41,0.64
61,65535,41,0.59
61,1,51,0.54
61,2001,51,0.66
61,4001,51,1.12
61,6001,51,1.3
61,8001,51,1.3
61,10001,51,1.28
61,12001,51,0.93
61,14001,51,0.86
61,16001,51,0.78
61,18001,51,0.74
61,20001,51,0.57
61,22001,51,0.53
61,24001,51,0.46
61,26001,51,0.57
61,28001,51,0.71
61,30001,51,0.6
61,32001,51,0.66
61,34001,51,0.71
61,36001,51,0.96
61,38001,51,1.2
61,40001,51,1.1
61,42001,51,0.99
61,44001,51,0.91
61,46001,51,0.92
61,48001,51,1.03
61,50001,51,0.76
61,52001,51,0.74
61,54001,51,0.64
61,56001,51,0.57
61,58001,51,0.64
61,60001,51,0.58
61,62001,51,0.49
61,64001,51,0.58
61,65535,51,0.5
61,1,61,0.42
61,2001,61,0.5
61,4001,61,1.09
61,6001,61,1.34
61,8001,61,1.24
61,10001,61,1.15
61,12001,61,0.8
61,14001,61,0.82
61,16001,61,0.73
61,18001,61,0.63
61,20001,61,0.61
61,22001,61,0.55
61,24001,61,0.48
61,26001,61,0.5
61,28001,61,0.48
61,30001,61,0.65
61,32001,61,0.49
61,34001,61,0.66
61,36001,61,0.79
61,38001,61,1.09
61,40001,61,0.97
61,42001,61,0.85
61,44001,61,0.66
61,46001,61,0.73
61,48001,61,0.83
61,50001,61,0.75
61,52001,61,0.65
61,54001,61,0.61
61,56001,61,0.5
61,58001,61,0.64
61,60001,61,0.53
61,62001,61,0.47
61,64001,61,0.38
61,65535,61,0.5
61,1,71,0.39
61,2001,71,0.57
61,4001,71,0.89
61,6001,71,1.28
61,8001,71,1.23
61,10001,71,0.83
61,12001,71,0.73
61,14001,71,0.66
61,16001,71,0.6
61,18001,71,0.45
61,20001,71,0.46
61,22001,71,0.49
61,24001,71,0.42
61,26001,71,0.41
61,28001,71,0.46
61,30001,71,0.44
61,32001,71,0.4
61,34001,71,0.49
61,36001,71,0.66
61,38001,71,0.92
61,40001,71,0.74
61,42001,71,0.68
61,44001,71,0.75
61,46001,71,0.79
61,48001,71,0.75
61,50001,71,0.7
61,52001,71,0.61
61,54001,71,0.56
61,56001,71,0.45
61,58001,71,0.36
61,60001,71,0.39
61,62001,71,0.42
61,64001,71,0.34
61,65535,71,0.37
61,1,81,0.32
61,2001,81,0.35
61,4001,81,0.74
61,6001,81,1.3
61,8001,81,1.27
61,10001,81,0.8
61,12001,81,0.67
61,14001,81,0.67
61,16001,81,0.53
61,18001,81,0.43
61,20001,81,0.35
61,22001,81,0.35
61,24001,81,0.41
61,26001,81,0.39
61,28001,81,0.34
61,30001,81,0.39
61,32001,81,0.44
61,34001,81,0.44
61,36001,81,0.43
61,38001,81,0.64
61,40001,81,0.8
61,42001,81,0.72
61,44001,81,0.52
61,46001,81,0.61
61,48001,81,0.75
61,50001,81,0.77
61,52001,81,0.59
61,54001,81,0.44
61,56001,81,0.41
61,58001,81,0.44
61,60001,81,0.35
61,62001,81,0.35
61,64001,81,0.34
61,65535,81,0.35
61,1,91,0.35
61,2001,91,0.35
61,4001,91,0.61
61,6001,91,1.17
61,8001,91,1.16
61,10001,91,0.85
61,12001,91,0.72
61,14001,91,0.55
61,16001,91,0.59
61,18001,91,0.41
61,20001,91,0.44
61,22001,91,0.35
61,24001,91,0.39
61,26001,91,0.35
61,28001,91,0.36
61,30001,91,0.37
61,32001,91,0.37
61,34001,91,0.41
61,36001,91,0.46
61,38001,91,0.72
61,40001,91,0.72
61,42001,91,0.61
61,44001,91,0.44
61,46001,91,0.42
61,48001,91,0.57
61,50001,91,0.55
61,52001,91,0.6
61,54001,91,0.45
61,56001,91,0.48
61,58001,91,0.35
61,60001,91,0.35
61,62001,91,0.35
61,64001,91,0.34
61,65535,91,0.35
61,1,101,0.35
61,2001,101,0.35
61,4001,101,0.35
61,6001,101,1.14
61,8001,101,1.18
61,10001,101,0.87
61,12001,101,0.61
61,14001,101,0.46
61,16001,101,0.46
61,18001,101,0.38
61,20001,101,0.35
61,22001,101,0.35
61,24001,101,0.35
61,26001,101,0.35
61,28001,101,0.35
61,30001,101,0.35
61,32001,101,0.36
61,34001,101,0.43
61,36001,101,0.44
61,38001,101,0.68
61,40001,101,0.6
61,42001,101,0.46
61,44001,101,0.4
61,46001,101,0.4
61,48001,101,0.49
61,50001,101,0.63
61,52001,101,0.62
61,54001,101,0.4
61,56001,101,0.34
61,58001,101,0.43
61,60001,101,0.35
61,62001,101,0.35
61,64001,101,0.35
61,65535,101,0.35
61,1,111,0.35
61,2001,111,0.35
61,4001,111,0.35
61,6001,111,1.05
61,8001,111,1.05
61,10001,111,0.72
61,12001,111,0.53
61,14001,111,0.58
61,16001,111,0.43
61,18001,111,0.39
61,20001,111,0.35
61,22001,111,0.35
61,24001,111,0.35
61,26001,111,0.35
61,28001,111,0.35
61,30001,111,0.42
61,32001,111,0.37
61,34001,111,0.34
61,36001,111,0.53
61,38001,111,0.64
61,40001,111,0.59
61,42001,111,0.5
61,44001,111,0.34
61,46001,111,0.36
61,48001,111,0.46
61,50001,111,0.49
61,52001,111,0.48
61,54001,111,0.42
61,56001,111,0.36
61,58001,111,0.36
61,60001,111,0.35
61,62001,111,0.35
61,64001,111,0.35
61,65535,111,0.35
61,1,121,0.35
61,2001,121,0.35
61,4001,121,0.48
61,6001,121,1.0
61,8001,121,1.0
61,10001,121,0.81
61,12001,121,0.67
61,14001,121,0.49
61,16001,121,0.41
61,18001,121,0.35
61,20001,121,0.35
61,22001,121,0.35
61,24001,121,0.35
61,26001,121,0.35
61,28001,121,0.35
61,30001,121,0.33
61,32001,121,0.35
61,34001,121,0.35
61,36001,121,0.48
61,38001,121,0.46
61,40001,121,0.5
61,42001,121,0.38
61,44001,121,0.35
61,46001,121,0.35
61,48001,121,0.35
61,50001,121,0.46
61,52001,121,0.47
61,54001,121,0.36
61,56001,121,0.35
61,58001,121,0.35
61,60001,121,0.3
61,62001,121,0.35
61,64001,121,0.35
61,65535,121,0.35
61,1,131,0.35
61,2001,131,0.35
61,4001,131,0.35
61,6001,131,0.91
61,8001,131,1.13
61,10001,131,1.03
61,12001,131,0.53
61,14001,131,0.51
61,16001,131,0.35
61,18001,131,0.35
61,20001,131,0.35
61,22001,131,0.35
61,24001,131,0.35
61,26001,131,0.35
61,28001,131,0.35
61,30001,131,0.35
61,32001,131,0.35
61,34001,131,0.35
61,36001,131,0.35
61,38001,131,0.35
61,40001,131,0.56
61,42001,131,0.37
61,44001,131,0.34
61,46001,131,0.35
61,48001,131,0.35
61,50001,131,0.47
61,52001,131,0.41
61,54001,131,0.39
61,56001,131,0.35
61,58001,131,0.35
61,60001,131,0.35
61,62001,131,0.35
61,64001,131,0.35
61,65535,131,0.35
61,1,141,0.35
61,2001,141,0.35
61,4001,141,0.35
61,6001,141,0.69
61,8001,141,1.0
61,10001,141,0.96
61,12001,141,0.56
61,14001,141,0.44
61,16001,141,0.36
61,18001,141,0.35
61,20001,141,0.35
61,22001,141,0.35
61,24001,141,0.35
61,26001,141,0.35
61,28001,141,0.35
61,30001,141,0.35
61,32001,141,0.35
61,34001,141,0.35
61,36001,141,0.35
61,38001,141,0.43
61,40001,141,0.35
61,42001,141,0.37
61,44001,141,0.35
61,46001,141,0.35
61,48001,141,0.35
61,50001,141,0.43
61,52001,141,0.5
61,54001,141,0.44
61,56001,141,0.35
61,58001,141,0.35
61,60001,141,0.35
61,62001,141,0.35
61,64001,141,0.35
61,65535,141,0.35
61,1,151,0.35
61,2001,151,0.35
61,4001,151,0.35
61,6001,151,0.78
61,8001,151,0.93
61,10001,151,0.85
61,12001,151,0.5
61,14001,151,0.42
61,16001,151,0.38
61,18001,151,0.35
61,20001,151,0.35
61,22001,151,0.35
61,24001,151,0.35
61,26001,151,0.35
61,28001,151,0.35
61,30001,151,0.35
61,32001,151,0.35
61,34001,151,0.35
61,36001,151,0.35
61,38001,151,0.44
61,40001,151,0.37
61,42001,151,0.35
61,44001,151,0.35
61,46001,151,0.35
61,48001,151,0.35
61,50001,151,0.36
61,52001,151,0.44
61,54001,151,0.38
61,56001,151,0.35
61,58001,151,0.35
61,60001,151,0.35
61,62001,151,0.35
61,64001,151,0.35
61,65535,151,0.35
61,1,161,0.35
61,2001,161,0.35
61,4001,161,0.35
61,6001,161,0.78
61,8001,161,0.85
61,10001,161,0.77
61,12001,161,0.63
61,14001,161,0.46
61,16001,161,0.35
61,18001,161,0.35
61,20001,161,0.35
61,22001,161,0.35
61,24001,161,0.35
61,26001,161,0.35
61,28001,161,0.35
61,30001,161,0.35
61,32001,161,0.35
61,34001,161,0.35
61,36001,161,0.35
61,38001,161,0.4
61,40001,161,0.4
61,42001,161,0.35
61,44001,161,0.35
61,46001,161,0.35
61,48001,161,0.35
61,50001,161,0.35
61,52001,161,0.35
61,54001,161,0.38
61,56001,161,0.35
61,58001,161,0.35
61,60001,161,0.35
61,62001,161,0.35
61,64001,161,0.35
61,65535,161,0.35
61,1,171,0.35
61,2001,171,0.35
61,4001,171,0.35
61,6001,171,0.88
61,8001,171,0.97
61,10001,171,0.78
61,12001,171,0.42
61,14001,171,0.33
61,16001,171,0.35
61,18001,171,0.35
61,20001,171,0.35
61,22001,171,0.35
61,24001,171,0.35
61,26001,171,0.35
61,28001,171,0.35
61,30001,171,0.35
61,32001,171,0.35
61,34001,171,0.35
61,36001,171,0.35
61,38001,171,0.42
61,40001,171,0.35
61,42001,171,0.35
61,44001,171,0.35
61,46001,171,0.35
61,48001,171,0.35
61,50001,171,0.35
61,52001,171,0.35
61,54001,171,0.35
61,56001,171,0.35
61,58001,171,0.35
61,60001,171,0.35
61,62001,171,0.35
61,64001,171,0.35
61,65535,171,0.35
61,1,181,0.35
61,2001,181,0.35
61,4001,181,0.35
61,6001,181,0.35
61,8001,181,0.48
61,10001,181,0.49
61,12001,181,0.51
61,14001,181,0.44
61,16001,181,0.35
61,18001,181,0.35
61,20001,181,0.35
61,22001,181,0.35
61,24001,181,0.35
61,26001,181,0.35
61,28001,181,0.35
61,30001,181,0.35
61,32001,181,0.35
61,34001,181,0.32
61,36001,181,0.35
61,38001,181,0.35
61,40001,181,0.35
61,42001,181,0.35
61,44001,181,0.35
61,46001,181,0.35
61,48001,181,0.35
61,50001,181,0.35
61,52001,181,0.35
61,54001,181,0.35
61,56001,181,0.35
61,58001,181,0.35
61,60001,181,0.35
61,62001,181,0.35
61,64001,181,0.35
61,65535,181,0.35
61,1,191,0.35
61,2001,191,0.35
61,4001,191,0.35
61,6001,191,0.35
61,8001,191,0.39
61,10001,191,0.43
61,12001,191,0.35
61,14001,191,0.35
61,16001,191,0.35
61,18001,191,0.35
61,20001,191,0.35
61,22001,191,0.35
61,24001,191,0.35
61,26001,191,0.35
61,28001,191,0.35
61,30001,191,0.35
61,32001,191,0.35
61,34001,191,0.35
61,36001,191,0.35
61,38001,191,0.41
61,40001,191,0.35
61,42001,191,0.35
61,44001,191,0.35
61,46001,191,0.35
61,48001,191,0.35
61,50001,191,0.35
61,52001,191,0.35
61,54001,191,0.35
61,56001,191,0.35
61,58001,191,0.35
61,60001,191,0.35
61,62001,191,0.35
61,64001,191,0.35
61,65535,191,0.35
61,1,201,0.35
61,2001,201,0.35
61,4001,201,0.35
61,6001,201,0.35
61,8001,201,0.35
61,10001,201,0.41
61,12001,201,0.43
61,14001,201,0.35
61,16001,201,0.35
61,18001,201,0.35
61,20001,201,0.35
61,22001,201,0.35
61,24001,201,0.35
61,26001,201,0.35
61,28001,201,0.35
61,30001,201,0.35
61,32001,201,0.35
61,34001,201,0.35
61,36001,201,0.35
61,38001,201,0.36
61,40001,201,0.33
61,42001,201,0.35
61,44001,201,0.35
61,46001,201,0.35
61,48001,201,0.35
61,50001,201,0.35
61,52001,201,0.35
61,54001,201,0.35
61,56001,201,0.35
61,58001,201,0.35
61,60001,201,0.35
61,62001,201,0.35
61,64001,201,0.35
61,65535,201,0.35
61,1,211,0.35
61,2001,211,0.35
61,4001,211,0.35
61,6001,211,0.35
61,8001,211,0.35
61,10001,211,0.35
61,12001,211,0.36
61,14001,211,0.35
61,16001,211,0.35
61,18001,211,0.35
61,20001,211,0.35
61,22001,211,0.35
61,24001,211,0.35
61,26001,211,0.35
61,28001,211,0.35
61,30001,211,0.35
61,32001,211,0.35
61,34001,211,0.35
61,36001,211,0.35
61,38001,211,0.35
61,40001,211,0.35
61,42001,211,0.35
61,44001,211,0.35
61,46001,211,0.35
61,48001,211,0.35
61,50001,211,0.35
61,52001,211,0.35
61,54001,211,0.35
61,56001,211,0.35
61,58001,211,0.35
61,60001,211,0.35
61,62001,211,0.35
61,64001,211,0.35
61,65535,211,0.35
61,1,221,0.35
61,2001,221,0.35
61,4001,221,0.35
61,6001,221,0.35
61,8001,221,0.35
61,10001,221,0.35
61,12001,221,0.37
61,14001,221,0.36
61,16001,221,0.35
61,18001,221,0.35
61,20001,221,0.35
61,22001,221,0.35
61,24001,221,0.35
61,26001,221,0.35
61,28001,221,0.35
61,30001,221,0.35
61,32001,221,0.35
61,34001,221,0.35
61,36001,221,0.37
61,38001,221,0.35
61,40001,221,0.35
61,42001,221,0.35
61,44001,221,0.35
61,46001,221,0.35
61,48001,221,0.35
61,50001,221,0.35
61,52001,221,0.35
61,54001,221,0.47
61,56001,221,0.35
61,58001,221,0.35
61,60001,221,0.35
61,62001,221,0.35
61,64001,221,0.35
61,65535,221,0.35
61,1,231,0.35
61,2001,231,0.35
61,4001,231,0.35
61,6001,231,0.35
61,8001,231,0.35
61,10001,231,0.35
61,12001,231,0.35
61,14001,231,0.35
61,16001,231,0.35
61,18001,231,0.35
61,20001,231,0.35
61,22001,231,0.35
61,24001,231,0.35
61,26001,231,0.35
61,28001,231,0.35
61,30001,231,0.35
61,32001,231,0.35
61,34001,231,0.35
61,36001,231,0.35
61,38001,231,0.35
61,40001,231,0.35
61,42001,231,0.35
61,44001,231,0.35
61,46001,231,0.35
61,48001,231,0.35
61,50001,231,0.35
61,52001,231,0.35
61,54001,231,0.37
61,56001,231,0.35
61,58001,231,0.35
61,60001,231,0.35
61,62001,231,0.35
61,64001,231,0.35
61,65535,231,0.35
61,1,241,0.35
61,2001,241,0.35
61,4001,241,0.35
61,6001,241,0.35
61,8001,241,0.35
61,10001,241,0.35
61,12001,241,0.35
61,14001,241,0.37
61,16001,241,0.35
61,18001,241,0.35
61,20001,241,0.35
61,22001,241,0.35
61,24001,241,0.35
61,26001,241,0.35
61,28001,241,0.35
61,30001,241,0.35
61,32001,241,0.35
61,34001,241,0.35
61,36001,241,0.35
61,38001,241,0.35
61,40001,241,0.35
61,42001,241,0.35
61,44001,241,0.35
61,46001,241,0.35
61,48001,241,0.35
61,50001,241,0.35
61,52001,241,0.35
61,54001,241,0.35
61,56001,241,0.35
61,58001,241,0.35
61,60001,241,0.35
61,62001,241,0.35
61,64001,241,0.35
61,65535,241,0.35
61,1,251,0.35
61,2001,251,0.35
61,4001,251,0.35
61,6001,251,0.35
61,8001,251,0.35
61,10001,251,0.35
61,12001,251,0.35
61,14001,251,0.35
61,16001,251,0.35
61,18001,251,0.35
61,20001,251,0.35
61,22001,251,0.35
61,24001,251,0.35
61,26001,251,0.35
61,28001,251,0.35
61,30001,251,0.35
61,32001,251,0.35
61,34001,251,0.35
61,36001,251,0.35
61,38001,251,0.43
61,40001,251,0.35
61,42001,251,0.35
61,44001,251,0.35
61,46001,251,0.35
61,48001,251,0.35
61,50001,251,0.35
61,52001,251,0.35
61,54001,251,0.35
61,56001,251,0.35
61,58001,251,0.35
61,60001,251,0.35
61,62001,251,0.35
61,64001,251,0.35
61,65535,251,0.35
61,1,254,0.35
61,2001,254,0.35
61,4001,254,0.35
61,6001,254,0.35
61,8001,254,0.35
61,10001,254,0.35
61,12001,254,0.34
61,14001,254,0.39
61,16001,254,0.35
61,18001,254,0.35
61,20001,254,0.35
61,22001,254,0.35
61,24001,254,0.35
61,26001,254,0.35
61,28001,254,0.35
61,30001,254,0.35
61,32001,254,0.35
61,34001,254,0.35
61,36001,254,0.42
61,38001,254,0.35
61,40001,254,0.35
61,42001,254,0.35
61,44001,254,0.35
61,46001,254,0.35
61,48001,254,0.35
61,50001,254,0.35
61,52001,254,0.35
61,54001,254,0.35
61,56001,254,0.35
61,58001,254,0.35
61,60001,254,0.35
61,62001,254,0.35
61,64001,254,0.35
61,65535,254,0.35
71,1,1,1.11
71,2001,1,1.11
71,4001,1,1.11
71,6001,1,1.1
71,8001,1,1.16
71,10001,1,1.14
71,12001,1,1.21
71,14001,1,1.09
71,16001,1,1.14
71,18001,1,1.12
71,20001,1,1.2
71,22001,1,1.13
71,24001,1,1.22
71,26001,1,1.1
71,28001,1,1.08
71,30001,1,1.09
71,32001,1,1.11
71,34001,1,1.27
71,36001,1,1.17
71,38001,1,1.15
71,40001,1,1.09
71,42001,1,1.08
71,44001,1,1.26
71,46001,1,1.14
71,48001,1,1.1
71,50001,1,1.09
71,52001,1,1.16
71,54001,1,1.27
71,56001,1,1.09
71,58001,1,1.24
71,60001,1,1.17
71,62001,1,1.22
71,64001,1,1.14
71,65535,1,1.2
71,1,11,1.22
71,2001,11,1.12
71,4001,11,1.35
71,6001,11,1.15
71,8001,11,1.2
71,10001,11,1.17
71,12001,11,1.3
71,14001,11,1.23
71,16001,11,1.21
71,18001,11,1.23
71,20001,11,1.22
71,22001,11,1.32
71,24001,11,1.17
71,26001,11,1.18
71,28001,11,1.12
71,30001,11,1.13
71,32001,11,1.14
71,34001,11,1.15
71,36001,11,1.16
71,38001,11,1.06
71,40001,11,1.14
71,42001,11,1.14
71,44001,11,1.14
71,46001,11,1.19
71,48001,11,1.29
71,50001,11,1.26
71,52001,11,1.3
71,54001,11,1.15
71,56001,11,1.22
71,58001,11,1.25
71,60001,11,1.18
71,62001,11,1.14
71,64001,11,1.28
71,65535,11,1.24
71,1,21,1.29
71,2001,21,1.29
71,4001,21,1.3
71,6001,21,1.34
71,8001,21,1.3
71,10001,21,1.37
71,12001,21,1.32
71,14001,21,1.35
71,16001,21,1.36
71,18001,21,1.37
71,20001,21,1.3
71,22001,21,1.48
71,24001,21,1.25
71,26001,21,1.18
71,28001,21,1.17
71,30001,21,1.25
71,32001,21,1.24
71,34001,21,1.3
71,36001,21,1.14
71,38001,21,1.11
71,40001,21,1.14
71,42001,21,1.19
71,44001,21,1.15
71,46001,21,1.24
71,48001,21,1.25
71,50001,21,1.3
71,52001,21,1.38
71,54001,21,1.38
71,56001,21,1.28
71,58001,21,1.26
71,60001,21,1.34
71,62001,21,1.31
71,64001,21,1.32
71,65535,21,1.25
71,1,31,0.86
71,2001,31,1.25
71,4001,31,1.3
71,6001,31,1.4
71,8001,31,1.5
71,10001,31,1.6
71,12001,31,1.64
71,14001,31,1.55
71,16001,31,1.63
71,18001,31,1.35
71,20001,31,1.23
71,22001,31,1.17
71,24001,31,1.2
71,26001,31,1.22
71,28001,31,1.28
71,30001,31,1.41
71,32001,31,1.46
71,34001,31,1.42
71,36001,31,1.29
71,38001,31,1.24
71,40001,31,1.25
71,42001,31,1.21
71,44001,31,1.33
71,46001,31,1.26
71,48001,31,1.45
71,50001,31,1.4
71,52001,31,1.33
71,54001,31,1.05
71,56001,31,1.11
71,58001,31,1.06
71,60001,31,0.98
71,62001,31,1.11
71,64001,31,1.07
71,65535,31,1.01
71,1,41,0.8
71,2001,41,0.88
71,4001,41,1.46
71,6001,41,1.47
71,8001,41,1.62
71,10001,41,1.77
71,12001,41,1.53
71,14001,41,1.32
71,16001,41,1.2
71,18001,41,1.04
71,20001,41,0.96
71,22001,41,0.91
71,24001,41,0.95
71,26001,41,0.93
71,28001,41,0.93
71,30001,41,0.99
71,32001,41,1.05
71,34001,41,1.22
71,36001,41,1.41
71,38001,41,1.39
71,40001,41,1.21
71,42001,41,1.25
71,44001,41,1.28
71,46001,41,1.41
71,48001,41,1.49
71,50001,41,1.3
71,52001,41,1.08
71,54001,41,0.97
71,56001,41,0.91
71,58001,41,0.86
71,60001,41,0.89
71,62001,41,0.89
71,64001,41,0.73
71,65535,41,0.89
71,1,51,0.73
71,2001,51,0.88
71,4001,51,1.59
71,6001,51,1.63
71,8001,51,1.73
71,10001,51,1.69
71,12001,51,1.21
71,14001,51,1.09
71,16001,51,0.95
71,18001,51,0.84
71,20001,51,0.81
71,22001,51,0.73
71,24001,51,0.72
71,26001,51,0.78
71,28001,51,0.85
71,30001,51,0.88
71,32001,51,0.74
71,34001,51,1.01
71,36001,51,1.23
71,38001,51,1.46
71,40001,51,1.27
71,42001,51,1.27
71,44001,51,1.14
71,46001,51,1.25
71,48001,51,1.34
71,50001,51,1.1
71,52001,51,0.91
71,54001,51,0.88
71,56001,51,0.83
71,58001,51,0.79
71,60001,51,0.77
71,62001,51,0.63
71,64001,51,0.78
71,65535,51,0.66
71,1,61,0.59
71,2001,61,0.72
71,4001,61,1.47
71,6001,61,1.76
71,8001,61,1.62
71,10001,61,1.49
71,12001,61,1.3
71,14001,61,0.9
71,16001,61,0.78
71,18001,61,0.8
71,20001,61,0.69
71,22001,61,0.63
71,24001,61,0.62
71,26001,61,0.75
71,28001,61,0.75
71,30001,61,0.69
71,32001,61,0.65
71,34001,61,0.86
71,36001,61,0.91
71,38001,61,1.31
71,40001,61,1.24
71,42001,61,1.21
71,44001,61,1.01
71,46001,61,1.0
71,48001,61,1.07
71,50001,61,1.06
71,52001,61,0.87
71,54001,61,0.73
71,56001,61,0.74
71,58001,61,0.73
71,60001,61,0.68
71,62001,61,0.67
71,64001,61,0.65
71,65535,61,0.66
71,1,71,0.58
71,2001,71,0.65
71,4001,71,1.28
71,6001,71,1.67
71,8001,71,1.58
71,10001,71,1.22
71,12001,71,1.0
71,14001,71,0.94
71,16001,71,0.75
71,18001,71,0.61
71,20001,71,0.55
71,22001,71,0.65
71,24001,71,0.58
71,26001,71,0.52
71,28001,71,0.61
71,30001,71,0.59
71,32001,71,0.7
71,34001,71,0.83
71,36001,71,0.91
71,38001,71,1.16
71,40001,71,1.04
71,42001,71,0.96
71,44001,71,0.8
71,46001,71,0.88
71,48001,71,0.93
71,50001,71,0.95
71,52001,71,0.8
71,54001,71,0.68
71,56001,71,0.68
71,58001,71,0.56
71,60001,71,0.61
71,62001,71,0.61
71,64001,71,0.54
71,65535,71,0.55
71,1,81,0.48
71,2001,81,0.58
71,4001,81,1.16
71,6001,81,1.61
71,8001,81,1.64
71,10001,81,1.13
71,12001,81,0.97
71,14001,81,0.82
71,16001,81,0.67
71,18001,81,0.63
71,20001,81,0.58
71,22001,81,0.51
71,24001,81,0.51
71,26001,81,0.55
71,28001,81,0.58
71,30001,81,0.64
71,32001,81,0.63
71,34001,81,0.74
71,36001,81,0.86
71,38001,81,1.09
71,40001,81,0.93
71,42001,81,0.87
71,44001,81,0.71
71,46001,81,0.89
71,48001,81,0.81
71,50001,81,0.89
71,52001,81,0.75
71,54001,81,0.7
71,56001,81,0.6
71,58001,81,0.56
71,60001,81,0.57
71,62001,81,0.49
71,64001,81,0.45
71,65535,81,0.48
71,1,91,0.42
71,2001,91,0.49
71,4001,91,1.06
71,6001,91,1.53
71,8001,91,1.64
71,10001,91,1.16
71,12001,91,0.88
71,14001,91,0.78
71,16001,91,0.67
71,18001,91,0.64
71,20001,91,0.56
71,22001,91,0.44
71,24001,91,0.47
71,26001,91,0.45
71,28001,91,0.5
71,30001,91,0.5
71,32001,91,0.56
71,34001,91,0.56
71,36001,91,0.62
71,38001,91,0.95
71,40001,91,0.9
71,42001,91,0.82
71,44001,91,0.62
71,46001,91,0.66
71,48001,91,0.76
71,50001,91,0.81
71,52001,91,0.69
71,54001,91,0.71
71,56001,91,0.59
71,58001,91,0.49
71,60001,91,0.51
71,62001,91,0.47
71,64001,91,0.52
71,65535,91,0.42
71,1,101,0.43
71,2001,101,0.49
71,4001,101,0.91
71,6001,101,1.43
71,8001,101,1.61
71,10001,101,1.2
71,12001,101,0.9
71,14001,101,0.67
71,16001,101,0.62
71,18001,101,0.57
71,20001,101,0.42
71,22001,101,0.43
71,24001,101,0.45
71,26001,101,0.47
71,28001,101,0.46
71,30001,101,0.5
71,32001,101,0.58
71,34001,101,0.63
71,36001,101,0.7
71,38001,101,0.82
71,40001,101,0.79
71,42001,101,0.74
71,44001,101,0.61
71,46001,101,0.5
71,48001,101,0.66
71,50001,101,0.72
71,52001,101,0.68
71,54001,101,0.53
71,56001,101,0.56
71,58001,101,0.53
71,60001,101,0.47
71,62001,101,0.52
71,64001,101,0.41
71,65535,101,0.34
71,1,111,0.38
71,2001,111,0.42
71,4001,111,0.61
71,6001,111,1.36
71,8001,111,1.49
71,10001,111,1.04
71,12001,111,0.8
71,14001,111,0.59
71,16001,111,0.54
71,18001,111,0.5
71,20001,111,0.49
71,22001,111,0.45
71,24001,111,0.46
71,26001,111,0.37
71,28001,111,0.39
71,30001,111,0.42
71,32001,111,0.52
71,34001,111,0.51
71,36001,111,0.51
71,38001,111,0.73
71,40001,111,0.7
71,42001,111,0.61
71,44001,111,0.55
71,46001,111,0.64
71,48001,111,0.62
71,50001,111,0.65
71,52001,111,0.69
71,54001,111,0.61
71,56001,111,0.51
71,58001,111,0.51
71,60001,111,0.48
71,62001,111,0.41
71,64001,111,0.35
71,65535,111,0.34
71,1,121,0.39
71,2001,121,0.37
71,4001,121,0.52
71,6001,121,1.2
71,8001,121,1.43
71,10001,121,1.19
71,12001,121,0.66
71,14001,121,0.74
71,16001,121,0.64
71,18001,121,0.43
71,20001,121,0.4
71,22001,121,0.36
71,24001,121,0.34
71,26001,121,0.35
71,28001,121,0.32
71,30001,121,0.41
71,32001,121,0.53
71,34001,121,0.53
71,36001,121,0.58
71,38001,121,0.69
71,40001,121,0.68
71,42001,121,0.61
71,44001,121,0.59
71,46001,121,0.41
71,48001,121,0.64
71,50001,121,0.64
71,52001,121,0.68
71,54001,121,0.49
71,56001,121,0.46
71,58001,121,0.45
71,60001,121,0.39
71,62001,121,0.33
71,64001,121,0.36
71,65535,121,0.4
71,1,131,0.35
71,2001,131,0.35
71,4001,131,0.51
71,6001,131,1.25
71,8001,131,1.36
71,10001,131,0.92
71,12001,131,0.82
71,14001,131,0.53
71,16001,131,0.48
71,18001,131,0.46
71,20001,131,0.35
71,22001,131,0.35
71,24001,131,0.35
71,26001,131,0.35
71,28001,131,0.35
71,30001,131,0.44
71,32001,131,0.43
71,34001,131,0.5
71,36001,131,0.47
71,38001,131,0.74
71,40001,131,0.56
71,42001,131,0.47
71,44001,131,0.42
71,46001,131,0.44
71,48001,131,0.59
71,50001,131,0.53
71,52001,131,0.66
71,54001,131,0.58
71,56001,131,0.47
71,58001,131,0.4
71,60001,131,0.4
71,62001,131,0.35
71,64001,131,0.35
71,65535,131,0.4
71,1,141,0.35
71,2001,141,0.35
71,4001,141,0.5
71,6001,141,1.27
71,8001,141,1.31
71,10001,141,0.96
71,12001,141,0.78
71,14001,141,0.67
71,16001,141,0.41
71,18001,141,0.43
71,20001,141,0.38
71,22001,141,0.38
71,24001,141,0.35
71,26001,141,0.35
71,28001,141,0.35
71,30001,141,0.35
71,32001,141,0.35
71,34001,141,0.42
71,36001,141,0.47
71,38001,141,0.49
71,40001,141,0.58
71,42001,141,0.46
71,44001,141,0.47
71,46001,141,0.35
71,48001,141,0.46
71,50001,141,0.56
71,52001,141,0.64
71,54001,141,0.46
71,56001,141,0.41
71,58001,141,0.38
71,60001,141,0.39
71,62001,141,0.41
71,64001,141,0.35
71,65535,141,0.35
71,1,151,0.35
71,2001,151,0.51
71,4001,151,0.62
71,6001,151,1.25
71,8001,151,1.24
71,10001,151,0.88
71,12001,151,0.71
71,14001,151,0.63
71,16001,151,0.52
71,18001,151,0.48
71,20001,151,0.35
71,22001,151,0.35
71,24001,151,0.35
71,26001,151,0.35
71,28001,151,0.4
71,30001,151,0.38
71,32001,151,0.35
71,34001,151,0.47
71,36001,151,0.44
71,38001,151,0.59
71,40001,151,0.61
71,42001,151,0.6
71,44001,151,0.38
71,46001,151,0.47
71,48001,151,0.48
71,50001,151,0.62
71,52001,151,0.51
71,54001,151,0.52
71,56001,151,0.45
71,58001,151,0.37
71,60001,151,0.36
71,62001,151,0.35
71,64001,151,0.35
71,65535,151,0.35
71,1,161,0.35
71,2001,161,0.35
71,4001,161,0.35
71,6001,161,1.21
71,8001,161,1.3
71,10001,161,0.84
71,12001,161,0.69
71,14001,161,0.55
71,16001,161,0.47
71,18001,161,0.36
71,20001,161,0.35
71,22001,161,0.35
71,24001,161,0.35
71,26001,161,0.35
71,28001,161,0.35
71,30001,161,0.35
71,32001,161,0.38
71,34001,161,0.39
71,36001,161,0.49
71,38001,161,0.65
71,40001,161,0.42
71,42001,161,0.44
71,44001,161,0.35
71,46001,161,0.35
71,48001,161,0.42
71,50001,161,0.49
71,52001,161,0.52
71,54001,161,0.43
71,56001,161,0.46
71,58001,161,0.34
71,60001,161,0.35
71,62001,161,0.35
71,64001,161,0.35
71,65535,161,0.35
71,1,171,0.35
71,2001,171,0.35
71,4001,171,0.39
71,6001,171,1.2
71,8001,171,1.19
71,10001,171,0.76
71,12001,171,0.7
71,14001,171,0.49
71,16001,171,0.43
71,18001,171,0.35
71,20001,171,0.35
71,22001,171,0.45
71,24001,171,0.35
71,26001,171,0.35
71,28001,171,0.35
71,30001,171,0.35
71,32001,171,0.33
71,34001,171,0.44
71,36001,171,0.47
71,38001,171,0.55
71,40001,171,0.64
71,42001,171,0.4
71,44001,171,0.35
71,46001,171,0.35
71,48001,171,0.35
71,50001,171,0.44
71,52001,171,0.57
71,54001,171,0.55
71,56001,171,0.46
71,58001,171,0.45
71,60001,171,0.36
71,62001,171,0.35
71,64001,171,0.35
71,65535,171,0.35
71,1,181,0.35
71,2001,181,0.35
71,4001,181,0.35
71,6001,181,0.8
71,8001,181,0.77
71,10001,181,0.67
71,12001,181,0.48
71,14001,181,0.39
71,16001,181,0.37
71,18001,181,0.35
71,20001,181,0.35
71,22001,181,0.37
71,24001,181,0.35
71,26001,181,0.35
71,28001,181,0.35
71,30001,181,0.36
71,32001,181,0.4
71,34001,181,0.45
71,36001,181,0.4
71,38001,181,0.53
71,40001,181,0.55
71,42001,181,0.46
71,44001,181,0.35
71,46001,181,0.35
71,48001,181,0.35
71,50001,181,0.48
71,52001,181,0.48
71,54001,181,0.47
71,56001,181,0.38
71,58001,181,0.35
71,60001,181,0.35
71,62001,181,0.35
71,64001,181,0.35
71,65535,181,0.35
71,1,191,0.35
71,2001,191,0.35
71,4001,191,0.35
71,6001,191,0.58
71,8001,191,0.61
71,10001,191,0.59
71,12001,191,0.48
71,14001,191,0.42
71,16001,191,0.39
71,18001,191,0.35
71,20001,191,0.35
71,22001,191,0.35
71,24001,191,0.35
71,26001,191,0.35
71,28001,191,0.35
71,30001,191,0.35
71,32001,191,0.35
71,34001,191,0.43
71,36001,191,0.53
71,38001,191,0.51
71,40001,191,0.45
71,42001,191,0.35
71,44001,191,0.35
71,46001,191,0.35
71,48001,191,0.35
71,50001,191,0.35
71,52001,191,0.46
71,54001,191,0.5
71,56001,191,0.38
71,58001,191,0.4
71,60001,191,0.35
71,62001,191,0.35
71,64001,191,0.35
71,65535,191,0.35
71,1,201,0.35
71,2001,201,0.35
71,4001,201,0.35
71,6001,201,0.43
71,8001,201,0.39
71,10001,201,0.5
71,12001,201,0.6
71,14001,201,0.42
71,16001,201,0.36
71,18001,201,0.44
71,20001,201,0.35
71,22001,201,0.35
71,24001,201,0.35
71,26001,201,0.35
71,28001,201,0.35
71,30001,201,0.36
71,32001,201,0.35
71,34001,201,0.47
71,36001,201,0.5
71,38001,201,0.45
71,40001,201,0.49
71,42001,201,0.35
71,44001,201,0.35
71,46001,201,0.35
71,48001,201,0.35
71,50001,201,0.35
71,52001,201,0.43
71,54001,201,0.43
71,56001,201,0.41
71,58001,201,0.35
71,60001,201,0.35
71,62001,201,0.35
71,64001,201,0.35
71,65535,201,0.35
71,1,211,0.35
71,2001,211,0.35
71,4001,211,0.35
71,6001,211,0.38
71,8001,211,0.4
71,10001,211,0.55
71,12001,211,0.59
71,14001,211,0.51
71,16001,211,0.35
71,18001,211,0.35
71,20001,211,0.35
71,22001,211,0.34
71,24001,211,0.35
71,26001,211,0.35
71,28001,211,0.35
71,30001,211,0.35
71,32001,211,0.35
71,34001,211,0.37
71,36001,211,0.48
71,38001,211,0.5
71,40001,211,0.51
71,42001,211,0.35
71,44001,211,0.35
71,46001,211,0.35
71,48001,211,0.35
71,50001,211,0.35
71,52001,211,0.35
71,54001,211,0.54
71,56001,211,0.39
71,58001,211,0.33
71,60001,211,0.35
71,62001,211,0.35
71,64001,211,0.35
71,65535,211,0.35
71,1,221,0.35
71,2001,221,0.35
71,4001,221,0.35
71,6001,221,0.35
71,8001,221,0.44
71,10001,221,0.52
71,12001,221,0.56
71,14001,221,0.39
71,16001,221,0.38
71,18001,221,0.35
71,20001,221,0.35
71,22001,221,0.35
71,24001,221,0.35
71,26001,221,0.35
71,28001,221,0.35
71,30001,221,0.35
71,32001,221,0.35
71,34001,221,0.35
71,36001,221,0.5
71,38001,221,0.52
71,40001,221,0.41
71,42001,221,0.35
71,44001,221,0.35
71,46001,221,0.35
71,48001,221,0.35
71,50001,221,0.41
71,52001,221,0.47
71,54001,221,0.46
71,56001,221,0.49
71,58001,221,0.35
71,60001,221,0.32
71,62001,221,0.35
71,64001,221,0.35
71,65535,221,0.35
71,1,231,0.35
71,2001,231,0.35
71,4001,231,0.35
71,6001,231,0.35
71,8001,231,0.4
71,10001,231,0.37
71,12001,231,0.6
71,14001,231,0.46
71,16001,231,0.35
71,18001,231,0.35
71,20001,231,0.34
71,22001,231,0.35
71,24001,231,0.35
71,26001,231,0.35
71,28001,231,0.35
71,30001,231,0.35
71,32001,231,0.35
71,34001,231,0.38
71,36001,231,0.41
71,38001,231,0.43
71,40001,231,0.36
71,42001,231,0.35
71,44001,231,0.35
71,46001,231,0.35
71,48001,231,0.35
71,50001,231,0.35
71,52001,231,0.44
71,54001,231,0.5
71,56001,231,0.47
71,58001,231,0.35
71,60001,231,0.35
71,62001,231,0.35
71,64001,231,0.35
71,65535,231,0.35
71,1,241,0.35
71,2001,241,0.35
71,4001,241,0.35
71,6001,241,0.35
71,8001,241,0.46
71,10001,241,0.49
71,12001,241,0.6
71,14001,241,0.43
71,16001,241,0.46
71,18001,241,0.44
71,20001,241,0.35
71,22001,241,0.35
71,24001,241,0.35
71,26001,241,0.35
71,28001,241,0.35
71,30001,241,0.35
71,32001,241,0.35
71,34001,241,0.35
71,36001,241,0.48
71,38001,241,0.62
71,40001,241,0.35
71,42001,241,0.35
71,44001,241,0.35
71,46001,241,0.35
71,48001,241,0.35
71,50001,241,0.35
71,52001,241,0.43
71,54001,241,0.43
71,56001,241,0.42
71,58001,241,0.33
71,60001,241,0.35
71,62001,241,0.35
71,64001,241,0.35
71,65535,241,0.35
71,1,251,0.35
71,2001,251,0.35
71,4001,251,0.35
71,6001,251,0.35
71,8001,251,0.35
71,10001,251,0.51
71,12001,251,0.46
71,14001,251,0.49
71,16001,251,0.45
71,18001,251,0.35
71,20001,251,0.35
71,22001,251,0.35
71,24001,251,0.35
71,26001,251,0.35
71,28001,251,0.35
71,30001,251,0.35
71,32001,251,0.35
71,34001,251,0.35
71,36001,251,0.53
71,38001,251,0.47
71,40001,251,0.35
71,42001,251,0.35
71,44001,251,0.35
71,46001,251,0.35
71,48001,251,0.35
71,50001,251,0.35
71,52001,251,0.38
71,54001,251,0.44
71,56001,251,0.45
71,58001,251,0.36
71,60001,251,0.35
71,62001,251,0.35
71,64001,251,0.35
71,65535,251,0.35
71,1,254,0.35
71,2001,254,0.35
71,4001,254,0.35
71,6001,254,0.35
71,8001,254,0.35
71,10001,254,0.4
71,12001,254,0.43
71,14001,254,0.4
71,16001,254,0.36
71,18001,254,0.35
71,20001,254,0.35
71,22001,254,0.35
71,24001,254,0.35
71,26001,254,0.35
71,28001,254,0.35
71,30001,254,0.41
71,32001,254,0.34
71,34001,254,0.38
71,36001,254,0.51
71,38001,254,0.45
71,40001,254,0.35
71,42001,254,0.35
71,44001,254,0.35
71,46001,254,0.35
71,48001,254,0.35
71,50001,254,0.35
71,52001,254,0.46
71,54001,254,0.5
71,56001,254,0.47
71,58001,254,0.34
71,60001,254,0.35
71,62001,254,0.35
71,64001,254,0.35
71,65535,254,0.35
81,1,1,1.5
81,2001,1,1.47
81,4001,1,1.39
81,6001,1,1.61
81,8001,1,1.48
81,10001,1,1.44
81,12001,1,1.52
81,14001,1,1.39
81,16001,1,1.39
81,18001,1,1.39
81,20001,1,1.49
81,22001,1,1.48
81,24001,1,1.46
81,26001,1,1.48
81,28001,1,1.46
81,30001,1,1.37
81,32001,1,1.48
81,34001,1,1.47
81,36001,1,1.42
81,38001,1,1.43
81,40001,1,1.44
81,42001,1,1.41
81,44001,1,1.52
81,46001,1,1.52
81,48001,1,1.49
81,50001,1,1.49
81,52001,1,1.42
81,54001,1,1.46
81,56001,1,1.49
81,58001,1,1.45
81,60001,1,1.38
81,62001,1,1.45
81,64001,1,1.43
81,65535,1,1.5
81,1,11,1.55
81,2001,11,1.6
81,4001,11,1.47
81,6001,11,1.63
81,8001,11,1.6
81,10001,11,1.51
81,12001,11,1.61
81,14001,11,1.63
81,16001,11,1.5
81,18001,11,1.52
81,20001,11,1.61
81,22001,11,1.46
81,24001,11,1.51
81,26001,11,1.49
81,28001,11,1.43
81,30001,11,1.43
81,32001,11,1.53
81,34001,11,1.41
81,36001,11,1.47
81,38001,11,1.51
81,40001,11,1.48
81,42001,11,1.49
81,44001,11,1.58
81,46001,11,1.52
81,48001,11,1.54
81,50001,11,1.56
81,52001,11,1.67
81,54001,11,1.64
81,56001,11,1.71
81,58001,11,1.57
81,60001,11,1.71
81,62001,11,1.48
81,64001,11,1.54
81,65535,11,1.61
81,1,21,1.68
81,2001,21,1.68
81,4001,21,1.76
81,6001,21,1.74
81,8001,21,1.6
81,10001,21,1.82
81,12001,21,1.73
81,14001,21,1.74
81,16001,21,1.65
81,18001,21,1.74
81,20001,21,1.7
81,22001,21,1.7
81,24001,21,1.58
81,26001,21,1.48
81,28001,21,1.54
81,30001,21,1.54
81,32001,21,1.62
81,34001,21,1.59
81,36001,21,1.46
81,38001,21,1.48
81,40001,21,1.46
81,42001,21,1.53
81,44001,21,1.51
81,46001,21,1.55
81,48001,21,1.65
81,50001,21,1.72
81,52001,21,1.73
81,54001,21,1.8
81,56001,21,1.73
81,58001,21,1.77
81,60001,21,1.65
81,62001,21,1.62
81,64001,21,1.52
81,65535,21,1.66
81,1,31,1.21
81,2001,31,1.6
81,4001,31,1.78
81,6001,31,1.78
81,8001,31,1.82
81,10001,31,1.91
81,12001,31,2.01
81,14001,31,2.07
81,16001,31,2.01
81,18001,31,1.64
81,20001,31,1.53
81,22001,31,1.45
81,24001,31,1.65
81,26001,31,1.82
81,28001,31,1.69
81,30001,31,1.83
81,32001,31,1.83
81,34001,31,1.79
81,36001,31,1.69
81,38001,31,1.64
81,40001,31,1.59
81,42001,31,1.47
81,44001,31,1.58
81,46001,31,1.79
81,48001,31,1.78
81,50001,31,1.79
81,52001,31,1.62
81,54001,31,1.46
81,56001,31,1.35
81,58001,31,1.36
81,60001,31,1.38
81,62001,31,1.28
81,64001,31,1.26
81,65535,31,1.42
81,1,41,1.0
81,2001,41,1.3
81,4001,41,1.91
81,6001,41,1.9
81,8001,41,2.1
81,10001,41,2.34
81,12001,41,1.96
81,14001,41,1.67
81,16001,41,1.52
81,18001,41,1.28
81,20001,41,1.23
81,22001,41,1.07
81,24001,41,1.28
81,26001,41,1.28
81,28001,41,1.35
81,30001,41,1.32
81,32001,41,1.43
81,34001,41,1.66
81,36001,41,1.87
81,38001,41,1.8
81,40001,41,1.64
81,42001,41,1.66
81,44001,41,1.7
81,46001,41,1.76
81,48001,41,1.92
81,50001,41,1.62
81,52001,41,1.36
81,54001,41,1.25
81,56001,41,1.17
81,58001,41,1.1
81,60001,41,1.08
81,62001,41,1.03
81,64001,41,1.19
81,65535,41,1.0
81,1,51,0.88
81,2001,51,1.17
81,4001,51,2.2
81,6001,51,2.13
81,8001,51,2.05
81,10001,51,2.13
81,12001,51,1.52
81,14001,51,1.33
81,16001,51,1.2
81,18001,51,1.07
81,20001,51,1.02
81,22001,51,0.94
81,24001,51,0.98
81,26001,51,1.0
81,28001,51,1.02
81,30001,51,1.07
81,32001,51,1.12
81,34001,51,1.29
81,36001,51,1.6
81,38001,51,1.87
81,40001,51,1.81
81,42001,51,1.63
81,44001,51,1.44
81,46001,51,1.66
81,48001,51,1.71
81,50001,51,1.48
81,52001,51,1.21
81,54001,51,1.14
81,56001,51,1.02
81,58001,51,0.93
81,60001,51,0.95
81,62001,51,0.82
81,64001,51,0.85
81,65535,51,0.86
81,1,61,0.81
81,2001,61,1.03
81,4001,61,1.77
81,6001,61,2.21
81,8001,61,2.03
81,10001,61,1.87
81,12001,61,1.3
81,14001,61,1.3
81,16001,61,1.02
81,18001,61,0.91
81,20001,61,0.88
81,22001,61,0.85
81,24001,61,0.84
81,26001,61,1.03
81,28001,61,1.0
81,30001,61,1.0
81,32001,61,0.95
81,34001,61,1.08
81,36001,61,1.33
81,38001,61,1.8
81,40001,61,1.59
81,42001,61,1.44
81,44001,61,1.21
81,46001,61,1.34
81,48001,61,1.29
81,50001,61,1.33
81,52001,61,1.21
81,54001,61,0.9
81,56001,61,0.8
81,58001,61,0.89
81,60001,61,0.83
81,62001,61,0.82
81,64001,61,0.84
81,65535,61,0.75
81,1,71,0.71
81,2001,71,0.85
81,4001,71,1.75
81,6001,71,2.09
81,8001,71,2.08
81,10001,71,1.57
81,12001,71,1.31
81,14001,71,1.06
81,16001,71,0.9
81,18001,71,0.93
81,20001,71,0.81
81,22001,71,0.77
81,24001,71,0.89
81,26001,71,0.75
81,28001,71,0.84
81,30001,71,0.97
81,32001,71,0.9
81,34001,71,0.99
81,36001,71,1.27
81,38001,71,1.49
81,40001,71,1.34
81,42001,71,1.16
81,44001,71,1.18
81,46001,71,1.19
81,48001,71,1.24
81,50001,71,1.19
81,52001,71,1.01
81,54001,71,0.83
81,56001,71,0.89
81,58001,71,0.73
81,60001,71,0.81
81,62001,71,0.74
81,64001,71,0.77
81,65535,71,0.78
81,1,81,0.7
81,2001,81,0.74
81,4001,81,1.56
81,6001,81,2.2
81,8001,81,2.1
81,10001,81,1.51
81,12001,81,1.2
81,14001,81,0.98
81,16001,81,0.94
81,18001,81,0.7
81,20001,81,0.76
81,22001,81,0.83
81,24001,81,0.71
81,26001,81,0.73
81,28001,81,0.72
81,30001,81,0.81
81,32001,81,0.72
81,34001,81,0.81
81,36001,81,1.04
81,38001,81,1.31
81,40001,81,1.19
81,42001,81,1.08
81,44001,81,0.87
81,46001,81,0.94
81,48001,81,1.04
81,50001,81,1.18
81,52001,81,1.01
81,54001,81,0.87
81,56001,81,0.73
81,58001,81,0.82
81,60001,81,0.74
81,62001,81,0.68
81,64001,81,0.69
81,65535,81,0.58
81,1,91,0.57
81,2001,91,0.69
81,4001,91,1.41
81,6001,91,1.99
81,8001,91,1.99
81,10001,91,1.36
81,12001,91,1.09
81,14001,91,0.92
81,16001,91,0.8
81,18001,91,0.75
81,20001,91,0.7
81,22001,91,0.62
81,24001,91,0.67
81,26001,91,0.57
81,28001,91,0.67
81,30001,91,0.68
81,32001,91,0.71
81,34001,91,0.84
81,36001,91,0.89
81,38001,91,1.26
81,40001,91,1.03
81,42001,91,0.93
81,44001,91,0.8
81,46001,91,0.88
81,48001,91,0.98
81,50001,91,1.02
81,52001,91,0.8
81,54001,91,0.81
81,56001,91,0.76
81,58001,91,0.69
81,60001,91,0.6
81,62001,91,0.66
81,64001,91,0.6
81,65535,91,0.57
81,1,101,0.53
81,2001,101,0.8
81,4001,101,1.19
81,6001,101,1.84
81,8001,101,2.08
81,10001,101,1.26
81,12001,101,1.0
81,14001,101,0.95
81,16001,101,0.79
81,18001,101,0.8
81,20001,101,0.81
81,22001,101,0.7
81,24001,101,0.6
81,26001,101,0.59
81,28001,101,0.6
81,30001,101,0.67
81,32001,101,0.79
81,34001,101,0.68
81,36001,101,0.92
81,38001,101,1.15
81,40001,101,0.94
81,42001,101,0.86
81,44001,101,0.8
81,46001,101,0.89
81,48001,101,0.89
81,50001,101,0.99
81,52001,101,0.85
81,54001,101,0.74
81,56001,101,0.6
81,58001,101,0.68
81,60001,101,0.63
81,62001,101,0.61
81,64001,101,0.51
81,65535,101,0.6
81,1,111,0.47
81,2001,111,0.66
81,4001,111,1.23
81,6001,111,1.77
81,8001,111,1.78
81,10001,111,1.21
81,12001,111,0.99
81,14001,111,0.85
81,16001,111,0.69
81,18001,111,0.68
81,20001,111,0.61
81,22001,111,0.5
81,24001,111,0.46
81,26001,111,0.55
81,28001,111,0.55
81,30001,111,0.53
81,32001,111,0.78
81,34001,111,0.76
81,36001,111,0.88
81,38001,111,1.01
81,40001,111,0.96
81,42001,111,0.83
81,44001,111,0.73
81,46001,111,0.67
81,48001,111,0.67
81,50001,111,0.86
81,52001,111,0.73
81,54001,111,0.81
81,56001,111,0.67
81,58001,111,0.71
81,60001,111,0.55
81,62001,111,0.51
81,64001,111,0.52
81,65535,111,0.46
81,1,121,0.43
81,2001,121,0.49
81,4001,121,0.94
81,6001,121,1.68
81,8001,121,1.76
81,10001,121,1.26
81,12001,121,0.97
81,14001,121,0.8
81,16001,121,0.62
81,18001,121,0.7
81,20001,121,0.5
81,22001,121,0.52
81,24001,121,0.52
81,26001,121,0.6
81,28001,121,0.49
81,30001,121,0.61
81,32001,121,0.5
81,34001,121,0.7
81,36001,121,0.85
81,38001,121,0.96
81,40001,121,0.8
81,42001,121,0.64
81,44001,121,0.61
81,46001,121,0.56
81,48001,121,0.71
81,50001,121,0.97
81,52001,121,0.81
81,54001,121,0.6
81,56001,121,0.6
81,58001,121,0.64
81,60001,121,0.61
81,62001,121,0.44
81,64001,121,0.44
81,65535,121,0.47
81,1,131,0.53
81,2001,131,0.48
81,4001,131,0.92
81,6001,131,1.64
81,8001,131,1.81
81,10001,131,1.17
81,12001,131,0.96
81,14001,131,0.75
81,16001,131,0.67
81,18001,131,0.57
81,20001,131,0.61
81,22001,131,0.56
81,24001,131,0.4
81,26001,131,0.43
81,28001,131,0.53
81,30001,131,0.67
81,32001,131,0.59
81,34001,131,0.6
81,36001,131,0.82
81,38001,131,0.87
81,40001,131,0.81
81,42001,131,0.63
81,44001,131,0.64
81,46001,131,0.6
81,48001,131,0.78
81,50001,131,0.83
81,52001,131,0.76
81,54001,131,0.66
81,56001,131,0.66
81,58001,131,0.5
81,60001,131,0.48
81,62001,131,0.53
81,64001,131,0.53
81,65535,131,0.54
81,1,141,0.45
81,2001,141,0.55
81,4001,141,0.78
81,6001,141,1.53
81,8001,141,1.69
81,10001,141,1.1
81,12001,141,0.81
81,14001,141,0.73
81,16001,141,0.69
81,18001,141,0.57
81,20001,141,0.58
81,22001,141,0.38
81,24001,141,0.55
81,26001,141,0.51
81,28001,141,0.51
81,30001,141,0.64
81,32001,141,0.55
81,34001,141,0.68
81,36001,141,0.69
81,38001,141,0.88
81,40001,141,0.81
81,42001,141,0.61
81,44001,141,0.6
81,46001,141,0.44
81,48001,141,0.57
81,50001,141,0.78
81,52001,141,0.78
81,54001,141,0.69
81,56001,141,0.53
81,58001,141,0.55
81,60001,141,0.61
81,62001,141,0.41
81,64001,141,0.34
81,65535,141,0.42
81,1,151,0.33
81,2001,151,0.45
81,4001,151,0.75
81,6001,151,1.53
81,8001,151,1.67
81,10001,151,1.07
81,12001,151,0.87
81,14001,151,0.71
81,16001,151,0.59
81,18001,151,0.56
81,20001,151,0.49
81,22001,151,0.55
81,24001,151,0.51
81,26001,151,0.45
81,28001,151,0.48
81,30001,151,0.45
81,32001,151,0.62
81,34001,151,0.59
81,36001,151,0.63
81,38001,151,0.83
81,40001,151,0.83
81,42001,151,0.5
81,44001,151,0.48
81,46001,151,0.53
81,48001,151,0.55
81,50001,151,0.65
81,52001,151,0.69
81,54001,151,0.57
81,56001,151,0.58
81,58001,151,0.52
81,60001,151,0.47
81,62001,151,0.42
81,64001,151,0.43
81,65535,151,0.47
81,1,161,0.39
81,2001,161,0.45
81,4001,161,0.58
81,6001,161,1.53
81,8001,161,1.6
81,10001,161,1.11
81,12001,161,0.87
81,14001,161,0.71
81,16001,161,0.7
81,18001,161,0.45
81,20001,161,0.65
81,22001,161,0.35
81,24001,161,0.35
81,26001,161,0.44
81,28001,161,0.4
81,30001,161,0.49
81,32001,161,0.55
81,34001,161,0.54
81,36001,161,0.63
81,38001,161,0.75
81,40001,161,0.77
81,42001,161,0.63
81,44001,161,0.47
81,46001,161,0.45
81,48001,161,0.47
81,50001,161,0.73
81,52001,161,0.67
81,54001,161,0.66
81,56001,161,0.51
81,58001,161,0.52
81,60001,161,0.48
81,62001,161,0.5
81,64001,161,0.41
81,65535,161,0.35
81,1,171,0.42
81,2001,171,0.35
81,4001,171,0.68
81,6001,171,1.61
81,8001,171,1.58
81,10001,171,1.03
81,12001,171,0.82
81,14001,171,0.74
81,16001,171,0.58
81,18001,171,0.54
81,20001,171,0.51
81,22001,171,0.52
81,24001,171,0.49
81,26001,171,0.38
81,28001,171,0.51
81,30001,171,0.42
81,32001,171,0.55
81,34001,171,0.53
81,36001,171,0.62
81,38001,171,0.88
81,40001,171,0.53
81,42001,171,0.48
81,44001,171,0.44
81,46001,171,0.4
81,48001,171,0.41
81,50001,171,0.61
81,52001,171,0.71
81,54001,171,0.67
81,56001,171,0.56
81,58001,171,0.5
81,60001,171,0.5
81,62001,171,0.41
81,64001,171,0.37
81,65535,171,0.36
81,1,181,0.4
81,2001,181,0.38
81,4001,181,0.56
81,6001,181,1.24
81,8001,181,0.94
81,10001,181,0.81
81,12001,181,0.72
81,14001,181,0.55
81,16001,181,0.5
81,18001,181,0.54
81,20001,181,0.38
81,22001,181,0.36
81,24001,181,0.41
81,26001,181,0.48
81,28001,181,0.43
81,30001,181,0.51
81,32001,181,0.6
81,34001,181,0.6
81,36001,181,0.68
81,38001,181,0.73
81,40001,181,0.7
81,42001,181,0.63
81,44001,181,0.35
81,46001,181,0.35
81,48001,181,0.48
81,50001,181,0.55
81,52001,181,0.64
81,54001,181,0.58
81,56001,181,0.49
81,58001,181,0.46
81,60001,181,0.45
81,62001,181,0.45
81,64001,181,0.39
81,65535,181,0.43
81,1,191,0.3
81,2001,191,0.35
81,4001,191,0.56
81,6001,191,0.67
81,8001,191,0.79
81,10001,191,0.74
81,12001,191,0.69
81,14001,191,0.65
81,16001,191,0.46
81,18001,191,0.46
81,20001,191,0.44
81,22001,191,0.36
81,24001,191,0.42
81,26001,191,0.35
81,28001,191,0.35
81,30001,191,0.43
81,32001,191,0.42
81,34001,191,0.53
81,36001,191,0.54
81,38001,191,0.63
81,40001,191,0.55
81,42001,191,0.53
81,44001,191,0.35
81,46001,191,0.35
81,48001,191,0.41
81,50001,191,0.49
81,52001,191,0.61
81,54001,191,0.58
81,56001,191,0.53
81,58001,191,0.59
81,60001,191,0.42
81,62001,191,0.41
81,64001,191,0.4
81,65535,191,0.41
81,1,201,0.38
81,2001,201,0.32
81,4001,201,0.49
81,6001,201,0.56
81,8001,201,0.57
81,10001,201,0.76
81,12001,201,0.7
81,14001,201,0.53
81,16001,201,0.46
81,18001,201,0.51
81,20001,201,0.45
81,22001,201,0.44
81,24001,201,0.35
81,26001,201,0.35
81,28001,201,0.37
81,30001,201,0.52
81,32001,201,0.54
81,34001,201,0.53
81,36001,201,0.64
81,38001,201,0.69
81,40001,201,0.66
81,42001,201,0.39
81,44001,201,0.34
81,46001,201,0.41
81,48001,201,0.44
81,50001,201,0.53
81,52001,201,0.79
81,54001,201,0.65
81,56001,201,0.56
81,58001,201,0.6
81,60001,201,0.45
81,62001,201,0.35
81,64001,201,0.35
81,65535,201,0.35
81,1,211,0.35
81,2001,211,0.35
81,4001,211,0.63
81,6001,211,0.55
81,8001,211,0.59
81,10001,211,0.78
81,12001,211,0.73
81,14001,211,0.63
81,16001,211,0.51
81,18001,211,0.45
81,20001,211,0.35
81,22001,211,0.4
81,24001,211,0.43
81,26001,211,0.37
81,28001,211,0.33
81,30001,211,0.51
81,32001,211,0.47
81,34001,211,0.51
81,36001,211,0.75
81,38001,211,0.63
81,40001,211,0.48
81,42001,211,0.46
81,44001,211,0.35
81,46001,211,0.35
81,48001,211,0.43
81,50001,211,0.6
81,52001,211,0.62
81,54001,211,0.51
81,56001,211,0.68
81,58001,211,0.42
81,60001,211,0.41
81,62001,211,0.44
81,64001,211,0.4
81,65535,211,0.39
81,1,221,0.36
81,2001,221,0.33
81,4001,221,0.36
81,6001,221,0.49
81,8001,221,0.65
81,10001,221,0.7
81,12001,221,0.67
81,14001,221,0.58
81,16001,221,0.54
81,18001,221,0.53
81,20001,221,0.39
81,22001,221,0.44
81,24001,221,0.36
81,26001,221,0.39
81,28001,221,0.35
81,30001,221,0.35
81,32001,221,0.47
81,34001,221,0.49
81,36001,221,0.73
81,38001,221,0.58
81,40001,221,0.55
81,42001,221,0.35
81,44001,221,0.35
81,46001,221,0.35
81,48001,221,0.35
81,50001,221,0.59
81,52001,221,0.63
81,54001,221,0.58
81,56001,221,0.52
81,58001,221,0.45
81,60001,221,0.41
81,62001,221,0.35
81,64001,221,0.35
81,65535,221,0.35
81,1,231,0.35
81,2001,231,0.35
81,4001,231,0.36
81,6001,231,0.43
81,8001,231,0.47
81,10001,231,0.6
81,12001,231,0.75
81,14001,231,0.65
81,16001,231,0.43
81,18001,231,0.35
81,20001,231,0.5
81,22001,231,0.33
81,24001,231,0.35
81,26001,231,0.49
81,28001,231,0.42
81,30001,231,0.45
81,32001,231,0.55
81,34001,231,0.57
81,36001,231,0.68
81,38001,231,0.71
81,40001,231,0.58
81,42001,231,0.35
81,44001,231,0.35
81,46001,231,0.35
81,48001,231,0.35
81,50001,231,0.63
81,52001,231,0.68
81,54001,231,0.51
81,56001,231,0.45
81,58001,231,0.42
81,60001,231,0.39
81,62001,231,0.37
81,64001,231,0.35
81,65535,231,0.35
81,1,241,0.38
81,2001,241,0.35
81,4001,241,0.35
81,6001,241,0.35
81,8001,241,0.52
81,10001,241,0.72
81,12001,241,0.68
81,14001,241,0.64
81,16001,241,0.59
81,18001,241,0.47
81,20001,241,0.35
81,22001,241,0.35
81,24001,241,0.35
81,26001,241,0.35
81,28001,241,0.36
81,30001,241,0.44
81,32001,241,0.55
81,34001,241,0.58
81,36001,241,0.56
81,38001,241,0.64
81,40001,241,0.52
81,42001,241,0.45
81,44001,241,0.38
81,46001,241,0.35
81,48001,241,0.35
81,50001,241,0.39
81,52001,241,0.64
81,54001,241,0.59
81,56001,241,0.59
81,58001,241,0.4
81,60001,241,0.44
81,62001,241,0.38
81,64001,241,0.34
81,65535,241,0.35
81,1,251,0.35
81,2001,251,0.35
81,4001,251,0.35
81,6001,251,0.37
81,8001,251,0.65
81,10001,251,0.68
81,12001,251,0.69
81,14001,251,0.53
81,16001,251,0.52
81,18001,251,0.46
81,20001,251,0.47
81,22001,251,0.37
81,24001,251,0.35
81,26001,251,0.35
81,28001,251,0.4
81,30001,251,0.44
81,32001,251,0.47
81,34001,251,0.37
81,36001,251,0.79
81,38001,251,0.62
81,40001,251,0.44
81,42001,251,0.36
81,44001,251,0.35
81,46001,251,0.35
81,48001,251,0.38
81,50001,251,0.45
81,52001,251,0.57
81,54001,251,0.65
81,56001,251,0.5
81,58001,251,0.42
81,60001,251,0.46
81,62001,251,0.35
81,64001,251,0.35
81,65535,251,0.38
81,1,254,0.35
81,2001,254,0.32
81,4001,254,0.35
81,6001,254,0.35
81,8001,254,0.49
81,10001,254,0.65
81,12001,254,0.68
81,14001,254,0.67
81,16001,254,0.42
81,18001,254,0.49
81,20001,254,0.39
81,22001,254,0.39
81,24001,254,0.48
81,26001,254,0.45
81,28001,254,0.43
81,30001,254,0.42
81,32001,254,0.51
81,34001,254,0.43
81,36001,254,0.59
81,38001,254,0.68
81,40001,254,0.5
81,42001,254,0.35
81,44001,254,0.35
81,46001,254,0.35
81,48001,254,0.35
81,50001,254,0.46
81,52001,254,0.62
81,54001,254,0.68
81,56001,254,0.56
81,58001,254,0.53
81,60001,254,0.4
81,62001,254,0.4
81,64001,254,0.42
81,65535,254,0.38
91,1,1,1.79
91,2001,1,1.73
91,4001,1,1.8
91,6001,1,1.84
91,8001,1,1.77
91,10001,1,1.85
91,12001,1,1.67
91,14001,1,1.83
91,16001,1,1.66
91,18001,1,1.71
91,20001,1,1.7
91,22001,1,1.85
91,24001,1,1.74
91,26001,1,1.68
91,28001,1,1.79
91,30001,1,1.82
91,32001,1,1.8
91,34001,1,1.75
91,36001,1,1.81
91,38001,1,1.79
91,40001,1,1.79
91,42001,1,1.87
91,44001,1,1.8
91,46001,1,1.85
91,48001,1,1.79
91,50001,1,1.75
91,52001,1,1.78
91,54001,1,1.81
91,56001,1,1.88
91,58001,1,1.82
91,60001,1,1.88
91,62001,1,1.89
91,64001,1,1.79
91,65535,1,1.9
91,1,11,1.9
91,2001,11,1.94
91,4001,11,1.89
91,6001,11,1.94
91,8001,11,1.98
91,10001,11,1.91
91,12001,11,1.98
91,14001,11,2.03
91,16001,11,1.87
91,18001,11,1.9
91,20001,11,1.88
91,22001,11,1.96
91,24001,11,1.72
91,26001,11,1.86
91,28001,11,1.75
91,30001,11,1.67
91,32001,11,1.77
91,34001,11,1.71
91,36001,11,1.75
91,38001,11,1.79
91,40001,11,1.81
91,42001,11,1.89
91,44001,11,1.9
91,46001,11,1.92
91,48001,11,1.97
91,50001,11,1.97
91,52001,11,1.94
91,54001,11,2.02
91,56001,11,1.98
91,58001,11,2.0
91,60001,11,2.06
91,62001,11,1.94
91,64001,11,1.95
91,65535,11,2.06
91,1,21,1.92
91,2001,21,2.11
91,4001,21,2.09
91,6001,21,1.99
91,8001,21,2.09
91,10001,21,2.09
91,12001,21,2.28
91,14001,21,2.36
91,16001,21,2.26
91,18001,21,2.22
91,20001,21,2.13
91,22001,21,2.28
91,24001,21,2.02
91,26001,21,1.91
91,28001,21,1.88
91,30001,21,1.96
91,32001,21,1.95
91,34001,21,1.92
91,36001,21,1.81
91,38001,21,1.79
91,40001,21,1.79
91,42001,21,1.9
91,44001,21,2.13
91,46001,21,2.0
91,48001,21,2.05
91,50001,21,2.07
91,52001,21,2.14
91,54001,21,2.31
91,56001,21,2.19
91,58001,21,2.09
91,60001,21,2.14
91,62001,21,2.12
91,64001,21,2.01
91,65535,21,1.9
91,1,31,1.62
91,2001,31,1.9
91,4001,31,2.34
91,6001,31,2.22
91,8001,31,2.38
91,10001,31,2.48
91,12001,31,2.58
91,14001,31,2.62
91,16001,31,2.4
91,18001,31,2.11
91,20001,31,1.84
91,22001,31,1.77
91,24001,31,1.95
91,26001,31,2.15
91,28001,31,2.27
91,30001,31,2.23
91,32001,31,2.31
91,34001,31,2.21
91,36001,31,2.11
91,38001,31,2.0
91,40001,31,1.83
91,42001,31,1.92
91,44001,31,2.02
91,46001,31,2.1
91,48001,31,2.21
91,50001,31,2.3
91,52001,31,2.1
91,54001,31,1.79
91,56001,31,1.67
91,58001,31,1.66
91,60001,31,1.63
91,62001,31,1.65
91,64001,31,1.57
91,65535,31,1.56
91,1,41,1.3
91,2001,41,1.67
91,4001,41,2.51
91,6001,41,2.42
91,8001,41,2.7
91,10001,41,2.75
91,12001,41,2.5
91,14001,41,2.15
91,16001,41,1.96
91,18001,41,1.63
91,20001,41,1.52
91,22001,41,1.38
91,24001,41,1.46
91,26001,41,1.65
91,28001,41,1.74
91,30001,41,1.74
91,32001,41,1.73
91,34001,41,1.97
91,36001,41,2.28
91,38001,41,2.19
91,40001,41,2.04
91,42001,41,2.1
91,44001,41,2.22
91,46001,41,2.22
91,48001,41,2.37
91,50001,41,1.95
91,52001,41,1.66
91,54001,41,1.54
91,56001,41,1.36
91,58001,41,1.35
91,60001,41,1.48
91,62001,41,1.29
91,64001,41,1.41
91,65535,41,1.32
91,1,51,1.05
91,2001,51,1.41
91,4001,51,2.68
91,6001,51,2.65
91,8001,51,2.71
91,10001,51,2.73
91,12001,51,1.94
91,14001,51,1.72
91,16001,51,1.55
91,18001,51,1.38
91,20001,51,1.14
91,22001,51,1.16
91,24001,51,1.23
91,26001,51,1.35
91,28001,51,1.37
91,30001,51,1.38
91,32001,51,1.37
91,34001,51,1.57
91,36001,51,1.97
91,38001,51,2.44
91,40001,51,2.21
91,42001,51,2.14
91,44001,51,1.91
91,46001,51,1.96
91,48001,51,2.13
91,50001,51,1.71
91,52001,51,1.46
91,54001,51,1.31
91,56001,51,1.21
91,58001,51,1.15
91,60001,51,1.11
91,62001,51,1.14
91,64001,51,1.14
91,65535,51,1.08
91,1,61,0.95
91,2001,61,1.21
91,4001,61,2.33
91,6001,61,2.7
91,8001,61,2.68
91,10001,61,2.39
91,12001,61,1.73
91,14001,61,1.5
91,16001,61,1.35
91,18001,61,1.24
91,20001,61,1.06
91,22001,61,1.16
91,24001,61,1.11
91,26001,61,1.19
91,28001,61,1.17
91,30001,61,1.24
91,32001,61,1.15
91,34001,61,1.43
91,36001,61,1.75
91,38001,61,2.25
91,40001,61,1.87
91,42001,61,1.65
91,44001,61,1.61
91,46001,61,1.87
91,48001,61,1.87
91,50001,61,1.71
91,52001,61,1.4
91,54001,61,1.21
91,56001,61,1.14
91,58001,61,1.01
91,60001,61,1.1
91,62001,61,1.12
91,64001,61,1.07
91,65535,61,1.03
91,1,71,0.95
91,2001,71,1.12
91,4001,71,2.13
91,6001,71,2.86
91,8001,71,2.68
91,10001,71,2.07
91,12001,71,1.53
91,14001,71,1.52
91,16001,71,1.16
91,18001,71,1.01
91,20001,71,0.94
91,22001,71,0.92
91,24001,71,0.87
91,26001,71,1.03
91,28001,71,1.01
91,30001,71,0.98
91,32001,71,1.1
91,34001,71,1.16
91,36001,71,1.49
91,38001,71,1.83
91,40001,71,1.62
91,42001,71,1.4
91,44001,71,1.22
91,46001,71,1.4
91,48001,71,1.63
91,50001,71,1.45
91,52001,71,1.24
91,54001,71,1.04
91,56001,71,1.03
91,58001,71,0.92
91,60001,71,1.08
91,62001,71,0.94
91,64001,71,0.9
91,65535,71,0.89
91,1,81,0.78
91,2001,81,1.02
91,4001,81,1.8
91,6001,81,2.81
91,8001,81,2.5
91,10001,81,2.05
91,12001,81,1.31
91,14001,81,1.32
91,16001,81,1.07
91,18001,81,0.94
91,20001,81,0.86
91,22001,81,0.9
91,24001,81,0.86
91,26001,81,0.86
91,28001,81,0.99
91,30001,81,0.9
91,32001,81,0.98
91,34001,81,1.1
91,36001,81,1.31
91,38001,81,1.68
91,40001,81,1.38
91,42001,81,1.27
91,44001,81,1.18
91,46001,81,1.27
91,48001,81,1.37
91,50001,81,1.35
91,52001,81,1.14
91,54001,81,0.94
91,56001,81,0.96
91,58001,81,0.92
91,60001,81,0.84
91,62001,81,0.81
91,64001,81,0.83
91,65535,81,0.84
91,1,91,0.81
91,2001,91,0.96
91,4001,91,1.77
91,6001,91,2.62
91,8001,91,2.53
91,10001,91,1.66
91,12001,91,1.37
91,14001,91,1.01
91,16001,91,0.94
91,18001,91,0.86
91,20001,91,0.81
91,22001,91,0.8
91,24001,91,0.79
91,26001,91,0.82
91,28001,91,0.75
91,30001,91,0.83
91,32001,91,0.86
91,34001,91,1.01
91,36001,91,1.22
91,38001,91,1.58
91,40001,91,1.23
91,42001,91,1.08
91,44001,91,1.01
91,46001,91,1.08
91,48001,91,1.23
91,50001,91,1.31
91,52001,91,0.99
91,54001,91,0.98
91,56001,91,0.88
91,58001,91,0.8
91,60001,91,0.82
91,62001,91,0.72
91,64001,91,0.77
91,65535,91,0.7
91,1,101,0.72
91,2001,101,0.85
91,4001,101,1.38
91,6001,101,2.22
91,8001,101,2.64
91,10001,101,1.62
91,12001,101,1.17
91,14001,101,1.01
91,16001,101,0.98
91,18001,101,0.78
91,20001,101,0.73
91,22001,101,0.7
91,24001,101,0.71
91,26001,101,0.78
91,28001,101,0.74
91,30001,101,0.84
91,32001,101,0.84
91,34001,101,0.86
91,36001,101,1.14
91,38001,101,1.51
91,40001,101,1.18
91,42001,101,1.06
91,44001,101,0.95
91,46001,101,0.97
91,48001,101,1.07
91,50001,101,1.18
91,52001,101,1.03
91,54001,101,0.86
91,56001,101,0.79
91,58001,101,0.84
91,60001,101,0.8
91,62001,101,0.65
91,64001,101,0.71
91,65535,101,0.7
91,1,111,0.6
91,2001,111,0.85
91,4001,111,1.41
91,6001,111,2.21
91,8001,111,2.53
91,10001,111,1.42
91,12001,111,1.24
91,14001,111,0.98
91,16001,111,0.9
91,18001,111,0.8
91,20001,111,0.77
91,22001,111,0.67
91,24001,111,0.63
91,26001,111,0.66
91,28001,111,0.76
91,30001,111,0.87
91,32001,111,0.95
91,34001,111,0.88
91,36001,111,1.17
91,38001,111,1.3
91,40001,111,1.06
91,42001,111,0.99
91,44001,111,0.9
91,46001,111,0.96
91,48001,111,1.06
91,50001,111,1.16
91,52001,111,1.02
91,54001,111,0.93
91,56001,111,0.75
91,58001,111,0.83
91,60001,111,0.73
91,62001,111,0.72
91,64001,111,0.57
91,65535,111,0.67
91,1,121,0.62
91,2001,121,0.68
91,4001,121,1.28
91,6001,121,2.06
91,8001,121,2.37
91,10001,121,1.47
91,12001,121,1.13
91,14001,121,0.95
91,16001,121,0.88
91,18001,121,0.83
91,20001,121,0.65
91,22001,121,0.66
91,24001,121,0.58
91,26001,121,0.69
91,28001,121,0.74
91,30001,121,0.73
91,32001,121,0.82
91,34001,121,0.84
91,36001,121,0.98
91,38001,121,1.21
91,40001,121,1.04
91,42001,121,0.89
91,44001,121,0.79
91,46001,121,0.92
91,48001,121,0.88
91,50001,121,1.09
91,52001,121,1.02
91,54001,121,0.92
91,56001,121,0.9
91,58001,121,0.81
91,60001,121,0.71
91,62001,121,0.66
91,64001,121,0.59
91,65535,121,0.61
91,1,131,0.67
91,2001,131,0.53
91,4001,131,1.11
91,6001,131,2.09
91,8001,131,2.21
91,10001,131,1.46
91,12001,131,1.08
91,14001,131,0.95
91,16001,131,0.84
91,18001,131,0.73
91,20001,131,0.64
91,22001,131,0.58
91,24001,131,0.68
91,26001,131,0.58
91,28001,131,0.69
91,30001,131,0.77
91,32001,131,0.74
91,34001,131,0.83
91,36001,131,0.86
91,38001,131,1.08
91,40001,131,0.84
91,42001,131,0.92
91,44001,131,0.78
91,46001,131,0.75
91,48001,131,0.82
91,50001,131,1.04
91,52001,131,0.9
91,54001,131,0.75
91,56001,131,0.76
91,58001,131,0.67
91,60001,131,0.62
91,62001,131,0.67
91,64001,131,0.6
91,65535,131,0.54
91,1,141,0.65
91,2001,141,0.54
91,4001,141,1.12
91,6001,141,1.95
91,8001,141,2.13
91,10001,141,1.37
91,12001,141,1.04
91,14001,141,0.92
91,16001,141,0.81
91,18001,141,0.8
91,20001,141,0.69
91,22001,141,0.55
91,24001,141,0.53
91,26001,141,0.62
91,28001,141,0.57
91,30001,141,0.68
91,32001,141,0.61
91,34001,141,0.82
91,36001,141,0.92
91,38001,141,1.01
91,40001,141,0.88
91,42001,141,0.78
91,44001,141,0.63
91,46001,141,0.53
91,48001,141,0.81
91,50001,141,0.97
91,52001,141,0.89
91,54001,141,0.77
91,56001,141,0.78
91,58001,141,0.72
91,60001,141,0.65
91,62001,141,0.59
91,64001,141,0.47
91,65535,141,0.52
91,1,151,0.52
91,2001,151,0.63
91,4001,151,0.79
91,6001,151,1.93
91,8001,151,2.0
91,10001,151,1.28
91,12001,151,1.0
91,14001,151,0.77
91,16001,151,0.77
91,18001,151,0.67
91,20001,151,0.69
91,22001,151,0.55
91,24001,151,0.61
91,26001,151,0.61
91,28001,151,0.52
91,30001,151,0.66
91,32001,151,0.67
91,34001,151,0.87
91,36001,151,0.89
91,38001,151,0.96
91,40001,151,0.85
91,42001,151,0.7
91,44001,151,0.71
91,46001,151,0.71
91,48001,151,0.8
91,50001,151,0.93
91,52001,151,0.85
91,54001,151,0.73
91,56001,151,0.7
91,58001,151,0.64
91,60001,151,0.69
91,62001,151,0.59
91,64001,151,0.6
91,65535,151,0.61
91,1,161,0.52
91,2001,161,0.68
91,4001,161,0.88
91,6001,161,1.89
91,8001,161,1.91
91,10001,161,1.22
91,12001,161,1.11
91,14001,161,0.85
91,16001,161,0.73
91,18001,161,0.64
91,20001,161,0.65
91,22001,161,0.55
91,24001,161,0.58
91,26001,161,0.61
91,28001,161,0.54
91,30001,161,0.7
91,32001,161,0.77
91,34001,161,0.87
91,36001,161,0.88
91,38001,161,0.99
91,40001,161,0.77
91,42001,161,0.67
91,44001,161,0.53
91,46001,161,0.55
91,48001,161,0.68
91,50001,161,0.97
91,52001,161,0.79
91,54001,161,0.73
91,56001,161,0.75
91,58001,161,0.69
91,60001,161,0.55
91,62001,161,0.57
91,64001,161,0.51
91,65535,161,0.5
91,1,171,0.5
91,2001,171,0.51
91,4001,171,0.92
91,6001,171,2.04
91,8001,171,2.03
91,10001,171,1.08
91,12001,171,0.88
91,14001,171,0.77
91,16001,171,0.74
91,18001,171,0.74
91,20001,171,0.55
91,22001,171,0.6
91,24001,171,0.58
91,26001,171,0.45
91,28001,171,0.63
91,30001,171,0.58
91,32001,171,0.59
91,34001,171,0.66
91,36001,171,0.92
91,38001,171,0.88
91,40001,171,0.78
91,42001,171,0.66
91,44001,171,0.59
91,46001,171,0.53
91,48001,171,0.79
91,50001,171,0.81
91,52001,171,0.86
91,54001,171,0.75
91,56001,171,0.75
91,58001,171,0.62
91,60001,171,0.61
91,62001,171,0.56
91,64001,171,0.45
91,65535,171,0.52
91,1,181,0.52
91,2001,181,0.52
91,4001,181,0.71
91,6001,181,1.51
91,8001,181,1.19
91,10001,181,0.95
91,12001,181,0.92
91,14001,181,0.67
91,16001,181,0.66
91,18001,181,0.62
91,20001,181,0.65
91,22001,181,0.53
91,24001,181,0.53
91,26001,181,0.59
91,28001,181,0.62
91,30001,181,0.72
91,32001,181,0.68
91,34001,181,0.72
91,36001,181,0.85
91,38001,181,0.92
91,40001,181,0.79
91,42001,181,0.64
91,44001,181,0.59
91,46001,181,0.46
91,48001,181,0.63
91,50001,181,0.78
91,52001,181,0.88
91,54001,181,0.8
91,56001,181,0.67
91,58001,181,0.62
91,60001,181,0.62
91,62001,181,0.57
91,64001,181,0.48
91,65535,181,0.49
91,1,191,0.43
91,2001,191,0.52
91,4001,191,0.74
91,6001,191,0.97
91,8001,191,0.94
91,10001,191,0.96
91,12001,191,0.81
91,14001,191,0.76
91,16001,191,0.66
91,18001,191,0.55
91,20001,191,0.55
91,22001,191,0.62
91,24001,191,0.49
91,26001,191,0.53
91,28001,191,0.51
91,30001,191,0.7
91,32001,191,0.71
91,34001,191,0.73
91,36001,191,0.85
91,38001,191,0.79
91,40001,191,0.66
91,42001,191,0.65
91,44001,191,0.62
91,46001,191,0.49
91,48001,191,0.66
91,50001,191,0.69
91,52001,191,0.75
91,54001,191,0.85
91,56001,191,0.71
91,58001,191,0.56
91,60001,191,0.53
91,62001,191,0.52
91,64001,191,0.5
91,65535,191,0.49
91,1,201,0.45
91,2001,201,0.55
91,4001,201,0.74
91,6001,201,0.7
91,8001,201,0.73
91,10001,201,0.98
91,12001,201,0.85
91,14001,201,0.85
91,16001,201,0.56
91,18001,201,0.52
91,20001,201,0.57
91,22001,201,0.52
91,24001,201,0.48
91,26001,201,0.58
91,28001,201,0.58
91,30001,201,0.56
91,32001,201,0.62
91,34001,201,0.71
91,36001,201,0.82
91,38001,201,0.88
91,40001,201,0.65
91,42001,201,0.57
91,44001,201,0.4
91,46001,201,0.49
91,48001,201,0.55
91,50001,201,0.73
91,52001,201,0.83
91,54001,201,0.74
91,56001,201,0.71
91,58001,201,0.6
91,60001,201,0.58
91,62001,201,0.52
91,64001,201,0.51
91,65535,201,0.57
91,1,211,0.48
91,2001,211,0.46
91,4001,211,0.6
91,6001,211,0.65
91,8001,211,0.73
91,10001,211,0.9
91,12001,211,0.82
91,14001,211,0.62
91,16001,211,0.76
91,18001,211,0.66
91,20001,211,0.52
91,22001,211,0.51
91,24001,211,0.52
91,26001,211,0.54
91,28001,211,0.6
91,30001,211,0.53
91,32001,211,0.62
91,34001,211,0.72
91,36001,211,0.88
91,38001,211,0.83
91,40001,211,0.67
91,42001,211,0.55
91,44001,211,0.43
91,46001,211,0.38
91,48001,211,0.62
91,50001,211,0.66
91,52001,211,0.85
91,54001,211,0.77
91,56001,211,0.7
91,58001,211,0.56
91,60001,211,0.6
91,62001,211,0.5
91,64001,211,0.48
91,65535,211,0.47
91,1,221,0.46
91,2001,221,0.46
91,4001,221,0.54
91,6001,221,0.63
91,8001,221,0.76
91,10001,221,0.88
91,12001,221,0.89
91,14001,221,0.72
91,16001,221,0.69
91,18001,221,0.57
91,20001,221,0.59
91,22001,221,0.55
91,24001,221,0.43
91,26001,221,0.47
91,28001,221,0.53
91,30001,221,0.58
91,32001,221,0.62
91,34001,221,0.69
91,36001,221,0.79
91,38001,221,0.88
91,40001,221,0.72
91,42001,221,0.54
91,44001,221,0.48
91,46001,221,0.4
91,48001,221,0.62
91,50001,221,0.73
91,52001,221,0.78
91,54001,221,0.7
91,56001,221,0.58
91,58001,221,0.63
91,60001,221,0.51
91,62001,221,0.51
91,64001,221,0.5
91,65535,221,0.51
91,1,231,0.4
91,2001,231,0.46
91,4001,231,0.53
91,6001,231,0.64
91,8001,231,0.69
91,10001,231,0.88
91,12001,231,0.99
91,14001,231,0.7
91,16001,231,0.65
91,18001,231,0.59
91,20001,231,0.49
91,22001,231,0.51
91,24001,231,0.49
91,26001,231,0.51
91,28001,231,0.4
91,30001,231,0.54
91,32001,231,0.6
91,34001,231,0.62
91,36001,231,0.93
91,38001,231,0.72
91,40001,231,0.62
91,42001,231,0.48
91,44001,231,0.45
91,46001,231,0.36
91,48001,231,0.51
91,50001,231,0.68
91,52001,231,0.75
91,54001,231,0.69
91,56001,231,0.65
91,58001,231,0.64
91,60001,231,0.61
91,62001,231,0.48
91,64001,231,0.5
91,65535,231,0.5
91,1,241,0.5
91,2001,241,0.5
91,4001,241,0.47
91,6001,241,0.44
91,8001,241,0.73
91,10001,241,0.88
91,12001,241,0.79
91,14001,241,0.75
91,16001,241,0.71
91,18001,241,0.5
91,20001,241,0.59
91,22001,241,0.45
91,24001,241,0.5
91,26001,241,0.52
91,28001,241,0.53
91,30001,241,0.63
91,32001,241,0.52
91,34001,241,0.71
91,36001,241,0.88
91,38001,241,0.9
91,40001,241,0.67
91,42001,241,0.4
91,44001,241,0.54
91,46001,241,0.4
91,48001,241,0.51
91,50001,241,0.54
91,52001,241,0.91
91,54001,241,0.72
91,56001,241,0.67
91,58001,241,0.6
91,60001,241,0.52
91,62001,241,0.45
91,64001,241,0.52
91,65535,241,0.49
91,1,251,0.5
91,2001,251,0.43
91,4001,251,0.48
91,6001,251,0.54
91,8001,251,0.6
91,10001,251,0.83
91,12001,251,0.82
91,14001,251,0.75
91,16001,251,0.65
91,18001,251,0.57
91,20001,251,0.5
91,22001,251,0.57
91,24001,251,0.44
91,26001,251,0.52
91,28001,251,0.5
91,30001,251,0.69
91,32001,251,0.63
91,34001,251,0.68
91,36001,251,0.93
91,38001,251,0.66
91,40001,251,0.62
91,42001,251,0.5
91,44001,251,0.51
91,46001,251,0.37
91,48001,251,0.41
91,50001,251,0.69
91,52001,251,1.0
91,54001,251,0.76
91,56001,251,0.71
91,58001,251,0.54
91,60001,251,0.52
91,62001,251,0.6
91,64001,251,0.46
91,65535,251,0.45
91,1,254,0.56
91,2001,254,0.5
91,4001,254,0.48
91,6001,254,0.74
91,8001,254,0.72
91,10001,254,0.82
91,12001,254,0.83
91,14001,254,0.69
91,16001,254,0.58
91,18001,254,0.61
91,20001,254,0.38
91,22001,254,0.44
91,24001,254,0.57
91,26001,254,0.51
91,28001,254,0.59
91,30001,254,0.65
91,32001,254,0.67
91,34001,254,0.68
91,36001,254,1.01
91,38001,254,0.73
91,40001,254,0.71
91,42001,254,0.58
91,44001,254,0.42
91,46001,254,0.41
91,48001,254,0.46
91,50001,254,0.6
91,52001,254,0.91
91,54001,254,0.75
91,56001,254,0.62
91,58001,254,0.57
91,60001,254,0.45
91,62001,254,0.38
91,64001,254,0.51
91,65535,254,0.35
101,1,1,2.36
101,2001,1,2.23
101,4001,1,2.27
101,6001,1,2.11
101,8001,1,2.31
101,10001,1,2.3
101,12001,1,2.05
101,14001,1,2.21
101,16001,1,2.2
101,18001,1,2.19
101,20001,1,2.15
101,22001,1,2.15
101,24001,1,2.21
101,26001,1,2.24
101,28001,1,2.23
101,30001,1,2.22
101,32001,1,2.23
101,34001,1,2.18
101,36001,1,2.22
101,38001,1,2.18
101,40001,1,2.27
101,42001,1,2.15
101,44001,1,2.21
101,46001,1,2.24
101,48001,1,2.2
101,50001,1,2.25
101,52001,1,2.21
101,54001,1,2.23
101,56001,1,2.23
101,58001,1,2.21
101,60001,1,2.22
101,62001,1,2.2
101,64001,1,2.23
101,65535,1,2.33
101,1,11,2.44
101,2001,11,2.42
101,4001,11,2.4
101,6001,11,2.35
101,8001,11,2.35
101,10001,11,2.34
101,12001,11,2.39
101,14001,11,2.39
101,16001,11,2.43
101,18001,11,2.25
101,20001,11,2.3
101,22001,11,2.32
101,24001,11,2.35
101,26001,11,2.29
101,28001,11,2.2
101,30001,11,2.23
101,32001,11,2.12
101,34001,11,2.18
101,36001,11,2.16
101,38001,11,2.23
101,40001,11,2.16
101,42001,11,2.21
101,44001,11,2.18
101,46001,11,2.47
101,48001,11,2.42
101,50001,11,2.34
101,52001,11,2.49
101,54001,11,2.51
101,56001,11,2.53
101,58001,11,2.51
101,60001,11,2.51
101,62001,11,2.4
101,64001,11,2.45
101,65535,11,2.46
101,1,21,2.41
101,2001,21,2.72
101,4001,21,2.55
101,6001,21,2.53
101,8001,21,2.59
101,10001,21,2.74
101,12001,21,2.67
101,14001,21,2.77
101,16001,21,2.7
101,18001,21,2.67
101,20001,21,2.66
101,22001,21,2.73
101,24001,21,2.56
101,26001,21,2.43
101,28001,21,2.36
101,30001,21,2.36
101,32001,21,2.44
101,34001,21,2.34
101,36001,21,2.25
101,38001,21,2.14
101,40001,21,2.26
101,42001,21,2.27
101,44001,21,2.41
101,46001,21,2.44
101,48001,21,2.56
101,50001,21,2.58
101,52001,21,2.62
101,54001,21,2.82
101,56001,21,2.65
101,58001,21,2.58
101,60001,21,2.57
101,62001,21,2.58
101,64001,21,2.62
101,65535,21,2.49
101,1,31,1.94
101,2001,31,2.4
101,4001,31,2.75
101,6001,31,2.69
101,8001,31,2.84
101,10001,31,3.06
101,12001,31,3.2
101,14001,31,3.08
101,16001,31,2.96
101,18001,31,2.77
101,20001,31,2.37
101,22001,31,2.11
101,24001,31,2.44
101,26001,31,2.81
101,28001,31,2.48
101,30001,31,2.63
101,32001,31,2.78
101,34001,31,2.74
101,36001,31,2.6
101,38001,31,2.45
101,40001,31,2.34
101,42001,31,2.36
101,44001,31,2.51
101,46001,31,2.71
101,48001,31,2.76
101,50001,31,2.85
101,52001,31,2.51
101,54001,31,2.27
101,56001,31,2.0
101,58001,31,1.97
101,60001,31,1.92
101,62001,31,1.97
101,64001,31,1.95
101,65535,31,1.98
101,1,41,1.52
101,2001,41,2.03
101,4001,41,2.96
101,6001,41,3.05
101,8001,41,3.27
101,10001,41,3.36
101,12001,41,2.86
101,14001,41,2.63
101,16001,41,2.37
101,18001,41,2.11
101,20001,41,1.81
101,22001,41,1.85
101,24001,41,1.73
101,26001,41,1.96
101,28001,41,1.94
101,30001,41,1.96
101,32001,41,2.12
101,34001,41,2.44
101,36001,41,2.95
101,38001,41,2.62
101,40001,41,2.43
101,42001,41,2.38
101,44001,41,2.66
101,46001,41,2.79
101,48001,41,2.98
101,50001,41,2.48
101,52001,41,2.34
101,54001,41,1.96
101,56001,41,1.7
101,58001,41,1.65
101,60001,41,1.63
101,62001,41,1.61
101,64001,41,1.52
101,65535,41,1.53
101,1,51,1.32
101,2001,51,1.83
101,4001,51,3.37
101,6001,51,3.36
101,8001,51,3.29
101,10001,51,3.3
101,12001,51,2.35
101,14001,51,2.15
101,16001,51,1.79
101,18001,51,1.62
101,20001,51,1.54
101,22001,51,1.4
101,24001,51,1.6
101,26001,51,1.55
101,28001,51,1.61
101,30001,51,1.68
101,32001,51,1.72
101,34001,51,1.9
101,36001,51,2.47
101,38001,51,2.94
101,40001,51,2.71
101,42001,51,2.58
101,44001,51,2.46
101,46001,51,2.59
101,48001,51,2.7
101,50001,51,2.2
101,52001,51,1.8
101,54001,51,1.56
101,56001,51,1.44
101,58001,51,1.44
101,60001,51,1.4
101,62001,51,1.52
101,64001,51,1.41
101,65535,51,1.38
101,1,61,1.2
101,2001,61,1.51
101,4001,61,2.88
101,6001,61,3.29
101,8001,61,3.28
101,10001,61,2.81
101,12001,61,2.15
101,14001,61,1.78
101,16001,61,1.61
101,18001,61,1.45
101,20001,61,1.35
101,22001,61,1.27
101,24001,61,1.38
101,26001,61,1.42
101,28001,61,1.41
101,30001,61,1.46
101,32001,61,1.53
101,34001,61,1.68
101,36001,61,1.93
101,38001,61,2.62
101,40001,61,2.4
101,42001,61,2.2
101,44001,61,1.89
101,46001,61,2.04
101,48001,61,2.22
101,50001,61,2.02
101,52001,61,1.63
101,54001,61,1.26
101,56001,61,1.39
101,58001,61,1.32
101,60001,61,1.2
101,62001,61,1.27
101,64001,61,1.24
101,65535,61,1.21
101,1,71,1.03
101,2001,71,1.42
101,4001,71,2.65
101,6001,71,3.3
101,8001,71,3.37
101,10001,71,2.43
101,12001,71,1.87
101,14001,71,1.64
101,16001,71,1.3
101,18001,71,1.35
101,20001,71,1.18
101,22001,71,1.11
101,24001,71,1.2
101,26001,71,1.26
101,28001,71,1.25
101,30001,71,1.28
101,32001,71,1.32
101,34001,71,1.43
101,36001,71,1.79
101,38001,71,2.34
101,40001,71,1.91
101,42001,71,1.88
101,44001,71,1.64
101,46001,71,1.73
101,48001,71,1.95
101,50001,71,1.87
101,52001,71,1.58
101,54001,71,1.36
101,56001,71,1.14
101,58001,71,1.12
101,60001,71,1.06
101,62001,71,1.04
101,64001,71,1.03
101,65535,71,1.09
101,1,81,0.91
101,2001,81,1.23
101,4001,81,2.25
101,6001,81,3.32
101,8001,81,3.19
101,10001,81,2.29
101,12001,81,1.73
101,14001,81,1.4
101,16001,81,1.29
101,18001,81,1.16
101,20001,81,1.03
101,22001,81,1.06
101,24001,81,1.01
101,26001,81,1.2
101,28001,81,1.14
101,30001,81,1.24
101,32001,81,1.16
101,34001,81,1.33
101,36001,81,1.67
101,38001,81,2.07
101,40001,81,1.86
101,42001,81,1.61
101,44001,81,1.35
101,46001,81,1.52
101,48001,81,1.75
101,50001,81,1.65
101,52001,81,1.42
101,54001,81,1.11
101,56001,81,1.1
101,58001,81,1.21
101,60001,81,1.06
101,62001,81,0.99
101,64001,81,0.89
101,65535,81,0.95
101,1,91,0.92
101,2001,91,1.13
101,4001,91,2.13
101,6001,91,3.05
101,8001,91,3.09
101,10001,91,2.11
101,12001,91,1.56
101,14001,91,1.36
101,16001,91,1.14
101,18001,91,1.01
101,20001,91,1.04
101,22001,91,0.85
101,24001,91,0.92
101,26001,91,1.01
101,28001,91,0.99
101,30001,91,1.03
101,32001,91,1.08
101,34001,91,1.26
101,36001,91,1.35
101,38001,91,1.81
101,40001,91,1.59
101,42001,91,1.3
101,44001,91,1.21
101,46001,91,1.49
101,48001,91,1.51
101,50001,91,1.52
101,52001,91,1.28
101,54001,91,1.16
101,56001,91,1.03
101,58001,91,1.01
101,60001,91,1.0
101,62001,91,1.0
101,64001,91,0.96
101,65535,91,0.86
101,1,101,0.82
101,2001,101,1.09
101,4001,101,1.8
101,6001,101,2.8
101,8001,101,3.13
101,10001,101,1.96
101,12001,101,1.49
101,14001,101,1.39
101,16001,101,1.12
101,18001,101,1.02
101,20001,101,0.94
101,22001,101,0.93
101,24001,101,0.84
101,26001,101,0.88
101,28001,101,1.0
101,30001,101,0.93
101,32001,101,1.13
101,34001,101,1.07
101,36001,101,1.42
101,38001,101,1.7
101,40001,101,1.46
101,42001,101,1.17
101,44001,101,1.08
101,46001,101,1.24
101,48001,101,1.41
101,50001,101,1.59
101,52001,101,1.28
101,54001,101,1.1
101,56001,101,0.95
101,58001,101,1.08
101,60001,101,0.96
101,62001,101,0.89
101,64001,101,0.91
101,65535,101,0.9
101,1,111,0.68
101,2001,111,0.92
101,4001,111,1.84
101,6001,111,2.76
101,8001,111,3.02
101,10001,111,1.86
101,12001,111,1.49
101,14001,111,1.15
101,16001,111,0.97
101,18001,111,0.93
101,20001,111,0.87
101,22001,111,0.8
101,24001,111,0.85
101,26001,111,0.98
101,28001,111,0.86
101,30001,111,1.03
101,32001,111,0.95
101,34001,111,1.08
101,36001,111,1.28
101,38001,111,1.47
101,40001,111,1.36
101,42001,111,1.23
101,44001,111,0.9
101,46001,111,1.13
101,48001,111,1.28
101,50001,111,1.4
101,52001,111,1.17
101,54001,111,0.96
101,56001,111,1.03
101,58001,111,0.96
101,60001,111,0.93
101,62001,111,0.88
101,64001,111,0.86
101,65535,111,0.82
101,1,121,0.77
101,2001,121,0.8
101,4001,121,1.48
101,6001,121,2.54
101,8001,121,2.99
101,10001,121,1.75
101,12001,121,1.46
101,14001,121,1.17
101,16001,121,0.94
101,18001,121,0.92
101,20001,121,0.91
101,22001,121,0.74
101,24001,121,0.8
101,26001,121,0.93
101,28001,121,0.77
101,30001,121,0.95
101,32001,121,0.91
101,34001,121,1.09
101,36001,121,1.12
101,38001,121,1.45
101,40001,121,1.23
101,42001,121,0.94
101,44001,121,1.01
101,46001,121,1.0
101,48001,121,1.12
101,50001,121,1.42
101,52001,121,1.06
101,54001,121,0.95
101,56001,121,0.85
101,58001,121,0.95
101,60001,121,0.87
101,62001,121,0.7
101,64001,121,0.8
101,65535,121,0.81
101,1,131,0.73
101,2001,131,0.95
101,4001,131,1.41
101,6001,131,2.46
101,8001,131,2.7
101,10001,131,1.74
101,12001,131,1.3
101,14001,131,1.12
101,16001,131,1.02
101,18001,131,0.82
101,20001,131,0.87
101,22001,131,0.81
101,24001,131,0.82
101,26001,131,0.76
101,28001,131,0.91
101,30001,131,0.86
101,32001,131,0.97
101,34001,131,0.93
101,36001,131,1.2
101,38001,131,1.27
101,40001,131,1.12
101,42001,131,0.94
101,44001,131,0.85
101,46001,131,0.97
101,48001,131,1.1
101,50001,131,1.29
101,52001,131,1.18
101,54001,131,0.97
101,56001,131,0.91
101,58001,131,0.85
101,60001,131,0.86
101,62001,131,0.74
101,64001,131,0.7
101,65535,131,0.73
101,1,141,0.68
101,2001,141,0.89
101,4001,141,1.33
101,6001,141,2.4
101,8001,141,2.69
101,10001,141,1.66
101,12001,141,1.22
101,14001,141,0.9
101,16001,141,0.94
101,18001,141,0.87
101,20001,141,0.77
101,22001,141,0.75
101,24001,141,0.8
101,26001,141,0.68
101,28001,141,0.81
101,30001,141,0.92
101,32001,141,0.95
101,34001,141,0.99
101,36001,141,1.13
101,38001,141,1.26
101,40001,141,1.1
101,42001,141,0.77
101,44001,141,0.83
101,46001,141,0.82
101,48001,141,1.03
101,50001,141,1.18
101,52001,141,1.09
101,54001,141,0.9
101,56001,141,0.87
101,58001,141,0.9
101,60001,141,0.74
101,62001,141,0.8
101,64001,141,0.76
101,65535,141,0.69
101,1,151,0.7
101,2001,151,0.78
101,4001,151,1.06
101,6001,151,2.36
101,8001,151,2.51
101,10001,151,1.66
101,12001,151,1.41
101,14001,151,1.05
101,16001,151,0.85
101,18001,151,0.79
101,20001,151,0.72
101,22001,151,0.69
101,24001,151,0.73
101,26001,151,0.81
101,28001,151,0.71
101,30001,151,0.81
101,32001,151,0.84
101,34001,151,0.96
101,36001,151,1.1
101,38001,151,1.4
101,40001,151,1.06
101,42001,151,0.73
101,44001,151,0.71
101,46001,151,0.85
101,48001,151,0.99
101,50001,151,1.13
101,52001,151,1.02
101,54001,151,0.8
101,56001,151,0.88
101,58001,151,0.86
101,60001,151,0.81
101,62001,151,0.69
101,64001,151,0.75
101,65535,151,0.69
101,1,161,0.68
101,2001,161,0.64
101,4001,161,0.95
101,6001,161,2.33
101,8001,161,2.41
101,10001,161,1.58
101,12001,161,1.2
101,14001,161,0.98
101,16001,161,0.92
101,18001,161,0.8
101,20001,161,0.76
101,22001,161,0.62
101,24001,161,0.63
101,26001,161,0.71
101,28001,161,0.75
101,30001,161,0.79
101,32001,161,0.83
101,34001,161,1.0
101,36001,161,1.13
101,38001,161,1.22
101,40001,161,0.92
101,42001,161,0.76
101,44001,161,0.69
101,46001,161,0.82
101,48001,161,0.94
101,50001,161,1.08
101,52001,161,1.14
101,54001,161,0.94
101,56001,161,0.91
101,58001,161,0.71
101,60001,161,0.61
101,62001,161,0.75
101,64001,161,0.64
101,65535,161,0.6
101,1,171,0.63
101,2001,171,0.7
101,4001,171,0.9
101,6001,171,2.32
101,8001,171,2.4
101,10001,171,1.22
101,12001,171,1.11
101,14001,171,0.9
101,16001,171,0.86
101,18001,171,0.76
101,20001,171,0.79
101,22001,171,0.69
101,24001,171,0.63
101,26001,171,0.68
101,28001,171,0.75
101,30001,171,0.92
101,32001,171,0.87
101,34001,171,0.91
101,36001,171,0.89
101,38001,171,1.06
101,40001,171,1.08
101,42001,171,0.69
101,44001,171,0.67
101,46001,171,0.7
101,48001,171,1.01
101,50001,171,1.08
101,52001,171,0.9
101,54001,171,0.81
101,56001,171,0.81
101,58001,171,0.8
101,60001,171,0.69
101,62001,171,0.65
101,64001,171,0.74
101,65535,171,0.68
101,1,181,0.6
101,2001,181,0.7
101,4001,181,0.93
101,6001,181,1.83
101,8001,181,1.5
101,10001,181,1.25
101,12001,181,0.99
101,14001,181,0.9
101,16001,181,0.78
101,18001,181,0.75
101,20001,181,0.8
101,22001,181,0.58
101,24001,181,0.72
101,26001,181,0.66
101,28001,181,0.67
101,30001,181,0.72
101,32001,181,0.84
101,34001,181,0.92
101,36001,181,1.07
101,38001,181,1.05
101,40001,181,0.83
101,42001,181,0.8
101,44001,181,0.75
101,46001,181,0.69
101,48001,181,0.91
101,50001,181,1.02
101,52001,181,1.0
101,54001,181,0.88
101,56001,181,0.84
101,58001,181,0.71
101,60001,181,0.75
101,62001,181,0.66
101,64001,181,0.73
101,65535,181,0.72
101,1,191,0.61
101,2001,191,0.64
101,4001,191,0.72
101,6001,191,1.19
101,8001,191,1.15
101,10001,191,1.13
101,12001,191,1.03
101,14001,191,0.87
101,16001,191,0.82
101,18001,191,0.78
101,20001,191,0.68
101,22001,191,0.62
101,24001,191,0.61
101,26001,191,0.57
101,28001,191,0.69
101,30001,191,0.75
101,32001,191,0.72
101,34001,191,0.92
101,36001,191,1.03
101,38001,191,0.99
101,40001,191,0.89
101,42001,191,0.68
101,44001,191,0.55
101,46001,191,0.69
101,48001,191,0.8
101,50001,191,1.04
101,52001,191,1.0
101,54001,191,1.0
101,56001,191,0.66
101,58001,191,0.79
101,60001,191,0.62
101,62001,191,0.62
101,64001,191,0.74
101,65535,191,0.56
101,1,201,0.58
101,2001,201,0.56
101,4001,201,0.95
101,6001,201,1.03
101,8001,201,0.88
101,10001,201,1.16
101,12001,201,1.03
101,14001,201,0.9
101,16001,201,0.86
101,18001,201,0.72
101,20001,201,0.65
101,22001,201,0.7
101,24001,201,0.67
101,26001,201,0.76
101,28001,201,0.66
101,30001,201,0.69
101,32001,201,0.82
101,34001,201,0.92
101,36001,201,1.06
101,38001,201,1.1
101,40001,201,0.87
101,42001,201,0.75
101,44001,201,0.59
101,46001,201,0.57
101,48001,201,0.75
101,50001,201,1.05
101,52001,201,1.06
101,54001,201,0.79
101,56001,201,0.78
101,58001,201,0.75
101,60001,201,0.72
101,62001,201,0.62
101,64001,201,0.59
101,65535,201,0.53
101,1,211,0.59
101,2001,211,0.58
101,4001,211,0.62
101,6001,211,0.87
101,8001,211,0.83
101,10001,211,1.09
101,12001,211,0.95
101,14001,211,0.78
101,16001,211,0.81
101,18001,211,0.68
101,20001,211,0.62
101,22001,211,0.68
101,24001,211,0.62
101,26001,211,0.73
101,28001,211,0.8
101,30001,211,0.62
101,32001,211,0.88
101,34001,211,0.85
101,36001,211,1.02
101,38001,211,0.92
101,40001,211,0.8
101,42001,211,0.7
101,44001,211,0.47
101,46001,211,0.61
101,48001,211,0.67
101,50001,211,0.86
101,52001,211,1.0
101,54001,211,0.84
101,56001,211,0.72
101,58001,211,0.77
101,60001,211,0.75
101,62001,211,0.65
101,64001,211,0.6
101,65535,211,0.51
101,1,221,0.55
101,2001,221,0.56
101,4001,221,0.65
101,6001,221,0.79
101,8001,221,0.85
101,10001,221,1.11
101,12001,221,0.98
101,14001,221,0.82
101,16001,221,0.77
101,18001,221,0.69
101,20001,221,0.65
101,22001,221,0.63
101,24001,221,0.65
101,26001,221,0.63
101,28001,221,0.67
101,30001,221,0.73
101,32001,221,0.82
101,34001,221,0.81
101,36001,221,1.0
101,38001,221,1.04
101,40001,221,0.7
101,42001,221,0.6
101,44001,221,0.65
101,46001,221,0.53
101,48001,221,0.62
101,50001,221,0.93
101,52001,221,1.08
101,54001,221,0.83
101,56001,221,0.69
101,58001,221,0.74
101,60001,221,0.62
101,62001,221,0.54
101,64001,221,0.63
101,65535,221,0.61
101,1,231,0.55
101,2001,231,0.6
101,4001,231,0.75
101,6001,231,0.82
101,8001,231,0.94
101,10001,231,1.21
101,12001,231,0.96
101,14001,231,0.8
101,16001,231,0.68
101,18001,231,0.75
101,20001,231,0.66
101,22001,231,0.6
101,24001,231,0.62
101,26001,231,0.58
101,28001,231,0.66
101,30001,231,0.68
101,32001,231,0.8
101,34001,231,0.95
101,36001,231,1.18
101,38001,231,0.89
101,40001,231,0.67
101,42001,231,0.59
101,44001,231,0.55
101,46001,231,0.57
101,48001,231,0.62
101,50001,231,0.84
101,52001,231,0.98
101,54001,231,0.95
101,56001,231,0.67
101,58001,231,0.71
101,60001,231,0.64
101,62001,231,0.66
101,64001,231,0.66
101,65535,231,0.54
101,1,241,0.58
101,2001,241,0.59
101,4001,241,0.63
101,6001,241,0.76
101,8001,241,0.78
101,10001,241,1.2
101,12001,241,0.98
101,14001,241,0.79
101,16001,241,0.71
101,18001,241,0.63
101,20001,241,0.67
101,22001,241,0.62
101,24001,241,0.64
101,26001,241,0.66
101,28001,241,0.62
101,30001,241,0.82
101,32001,241,0.78
101,34001,241,0.77
101,36001,241,1.19
101,38001,241,0.89
101,40001,241,0.85
101,42001,241,0.53
101,44001,241,0.47
101,46001,241,0.5
101,48001,241,0.66
101,50001,241,0.83
101,52001,241,1.02
101,54001,241,0.81
101,56001,241,0.82
101,58001,241,0.67
101,60001,241,0.74
101,62001,241,0.59
101,64001,241,0.61
101,65535,241,0.64
101,1,251,0.56
101,2001,251,0.62
101,4001,251,0.62
101,6001,251,0.74
101,8001,251,0.81
101,10001,251,1.03
101,12001,251,0.91
101,14001,251,0.73
101,16001,251,0.72
101,18001,251,0.71
101,20001,251,0.6
101,22001,251,0.64
101,24001,251,0.6
101,26001,251,0.57
101,28001,251,0.59
101,30001,251,0.7
101,32001,251,0.84
101,34001,251,0.85
101,36001,251,1.21
101,38001,251,0.88
101,40001,251,0.74
101,42001,251,0.59
101,44001,251,0.49
101,46001,251,0.63
101,48001,251,0.66
101,50001,251,0.68
101,52001,251,1.1
101,54001,251,0.88
101,56001,251,0.94
101,58001,251,0.72
101,60001,251,0.67
101,62001,251,0.59
101,64001,251,0.51
101,65535,251,0.48
101,1,254,0.66
101,2001,254,0.55
101,4001,254,0.71
101,6001,254,0.68
101,8001,254,0.88
101,10001,254,1.19
101,12001,254,0.93
101,14001,254,0.92
101,16001,254,0.77
101,18001,254,0.63
101,20001,254,0.59
101,22001,254,0.62
101,24001,254,0.55
101,26001,254,0.56
101,28001,254,0.66
101,30001,254,0.69
101,32001,254,0.73
101,34001,254,0.92
101,36001,254,1.22
101,38001,254,0.95
101,40001,254,0.65
101,42001,254,0.52
101,44001,254,0.53
101,46001,254,0.55
101,48001,254,0.45
101,50001,254,0.72
101,52001,254,0.94
101,54001,254,1.0
101,56001,254,0.76
101,58001,254,0.73
101,60001,254,0.72
101,62001,254,0.63
101,64001,254,0.57
101,65535,254,0.64
111,1,1,2.61
111,2001,1,2.63
111,4001,1,2.67
111,6001,1,2.69
111,8001,1,2.71
111,10001,1,2.74
111,12001,1,2.66
111,14001,1,2.66
111,16001,1,2.59
111,18001,1,2.61
111,20001,1,2.74
111,22001,1,2.7
111,24001,1,2.63
111,26001,1,2.72
111,28001,1,2.7
111,30001,1,2.57
111,32001,1,2.64
111,34001,1,2.64
111,36001,1,2.65
111,38001,1,2.63
111,40001,1,2.67
111,42001,1,2.72
111,44001,1,2.6
111,46001,1,2.71
111,48001,1,2.6
111,50001,1,2.7
111,52001,1,2.66
111,54001,1,2.68
111,56001,1,2.71
111,58001,1,2.7
111,60001,1,2.64
111,62001,1,2.75
111,64001,1,2.74
111,65535,1,2.65
111,1,11,2.9
111,2001,11,2.87
111,4001,11,2.87
111,6001,11,2.79
111,8001,11,2.78
111,10001,11,2.88
111,12001,11,2.99
111,14001,11,2.93
111,16001,11,2.88
111,18001,11,2.87
111,20001,11,2.78
111,22001,11,2.88
111,24001,11,2.75
111,26001,11,2.6
111,28001,11,2.53
111,30001,11,2.55
111,32001,11,2.62
111,34001,11,2.6
111,36001,11,2.54
111,38001,11,2.63
111,40001,11,2.78
111,42001,11,2.85
111,44001,11,2.73
111,46001,11,2.81
111,48001,11,2.79
111,50001,11,2.9
111,52001,11,2.93
111,54001,11,2.91
111,56001,11,2.97
111,58001,11,3.07
111,60001,11,2.96
111,62001,11,2.69
111,64001,11,2.89
111,65535,11,2.83
111,1,21,3.13
111,2001,21,3.01
111,4001,21,3.03
111,6001,21,3.07
111,8001,21,3.18
111,10001,21,3.27
111,12001,21,3.26
111,14001,21,3.25
111,16001,21,3.18
111,18001,21,3.29
111,20001,21,3.18
111,22001,21,3.12
111,24001,21,2.98
111,26001,21,2.85
111,28001,21,2.7
111,30001,21,2.9
111,32001,21,2.9
111,34001,21,2.71
111,36001,21,2.76
111,38001,21,2.75
111,40001,21,2.75
111,42001,21,2.84
111,44001,21,2.91
111,46001,21,2.95
111,48001,21,3.12
111,50001,21,3.16
111,52001,21,3.11
111,54001,21,3.37
111,56001,21,3.11
111,58001,21,3.24
111,60001,21,2.91
111,62001,21,3.0
111,64001,21,3.0
111,65535,21,2.95
111,1,31,2.26
111,2001,31,2.88
111,4001,31,3.27
111,6001,31,3.3
111,8001,31,3.46
111,10001,31,3.76
111,12001,31,3.89
111,14001,31,3.82
111,16001,31,3.46
111,18001,31,3.15
111,20001,31,2.84
111,22001,31,2.81
111,24001,31,2.95
111,26001,31,3.15
111,28001,31,3.12
111,30001,31,3.26
111,32001,31,3.21
111,34001,31,3.19
111,36001,31,3.09
111,38001,31,2.83
111,40001,31,2.69
111,42001,31,2.93
111,44001,31,3.07
111,46001,31,3.06
111,48001,31,3.2
111,50001,31,3.48
111,52001,31,3.02
111,54001,31,2.52
111,56001,31,2.42
111,58001,31,2.42
111,60001,31,2.34
111,62001,31,2.43
111,64001,31,2.43
111,65535,31,2.29
111,1,41,1.87
111,2001,41,2.45
111,4001,41,3.78
111,6001,41,3.62
111,8001,41,3.89
111,10001,41,3.81
111,12001,41,3.58
111,14001,41,3.1
111,16001,41,2.57
111,18001,41,2.41
111,20001,41,2.18
111,22001,41,1.99
111,24001,41,2.13
111,26001,41,2.23
111,28001,41,2.45
111,30001,41,2.4
111,32001,41,2.6
111,34001,41,2.91
111,36001,41,3.33
111,38001,41,3.21
111,40001,41,2.93
111,42001,41,2.95
111,44001,41,3.18
111,46001,41,3.29
111,48001,41,3.62
111,50001,41,3.0
111,52001,41,2.4
111,54001,41,2.19
111,56001,41,2.0
111,58001,41,2.03
111,60001,41,1.87
111,62001,41,1.91
111,64001,41,1.85
111,65535,41,1.81
111,1,51,1.51
111,2001,51,2.02
111,4001,51,3.94
111,6001,51,4.04
111,8001,51,4.15
111,10001,51,4.0
111,12001,51,2.86
111,14001,51,2.58
111,16001,51,2.22
111,18001,51,1.89
111,20001,51,1.89
111,22001,51,1.81
111,24001,51,1.86
111,26001,51,1.91
111,28001,51,1.97
111,30001,51,1.97
111,32001,51,2.06
111,34001,51,2.34
111,36001,51,2.93
111,38001,51,3.45
111,40001,51,3.27
111,42001,51,3.05
111,44001,51,2.72
111,46001,51,2.89
111,48001,51,3.07
111,50001,51,2.55
111,52001,51,2.11
111,54001,51,1.91
111,56001,51,1.75
111,58001,51,1.75
111,60001,51,1.85
111,62001,51,1.63
111,64001,51,1.58
111,65535,51,1.57
111,1,61,1.47
111,2001,61,1.81
111,4001,61,3.45
111,6001,61,4.03
111,8001,61,4.03
111,10001,61,3.49
111,12001,61,2.55
111,14001,61,2.18
111,16001,61,2.01
111,18001,61,1.71
111,20001,61,1.53
111,22001,61,1.49
111,24001,61,1.53
111,26001,61,1.69
111,28001,61,1.63
111,30001,61,1.73
111,32001,61,1.74
111,34001,61,2.11
111,36001,61,2.55
111,38001,61,3.15
111,40001,61,2.93
111,42001,61,2.54
111,44001,61,2.34
111,46001,61,2.45
111,48001,61,2.7
111,50001,61,2.23
111,52001,61,1.93
111,54001,61,1.68
111,56001,61,1.42
111,58001,61,1.62
111,60001,61,1.64
111,62001,61,1.61
111,64001,61,1.39
111,65535,61,1.37
111,1,71,1.29
111,2001,71,1.7
111,4001,71,3.06
111,6001,71,3.96
111,8001,71,3.86
111,10001,71,3.04
111,12001,71,2.32
111,14001,71,1.93
111,16001,71,1.73
111,18001,71,1.5
111,20001,71,1.4
111,22001,71,1.33
111,24001,71,1.32
111,26001,71,1.5
111,28001,71,1.46
111,30001,71,1.44
111,32001,71,1.65
111,34001,71,1.76
111,36001,71,2.26
111,38001,71,2.71
111,40001,71,2.46
111,42001,71,2.07
111,44001,71,1.99
111,46001,71,2.18
111,48001,71,2.33
111,50001,71,2.1
111,52001,71,1.68
111,54001,71,1.5
111,56001,71,1.54
111,58001,71,1.43
111,60001,71,1.42
111,62001,71,1.43
111,64001,71,1.22
111,65535,71,1.3
111,1,81,1.2
111,2001,81,1.36
111,4001,81,2.63
111,6001,81,3.98
111,8001,81,3.92
111,10001,81,2.68
111,12001,81,2.05
111,14001,81,1.74
111,16001,81,1.59
111,18001,81,1.46
111,20001,81,1.22
111,22001,81,1.16
111,24001,81,1.31
111,26001,81,1.24
111,28001,81,1.46
111,30001,81,1.42
111,32001,81,1.46
111,34001,81,1.67
111,36001,81,1.86
111,38001,81,2.49
111,40001,81,2.18
111,42001,81,1.83
111,44001,81,1.66
111,46001,81,1.87
111,48001,81,1.95
111,50001,81,1.9
111,52001,81,1.56
111,54001,81,1.53
111,56001,81,1.44
111,58001,81,1.32
111,60001,81,1.35
111,62001,81,1.19
111,64001,81,1.12
111,65535,81,1.12
111,1,91,1.11
111,2001,91,1.34
111,4001,91,2.56
111,6001,91,3.6
111,8001,91,3.83
111,10001,91,2.43
111,12001,91,1.95
111,14001,91,1.6
111,16001,91,1.34
111,18001,91,1.28
111,20001,91,1.25
111,22001,91,1.14
111,24001,91,1.2
111,26001,91,1.1
111,28001,91,1.32
111,30001,91,1.32
111,32001,91,1.28
111,34001,91,1.49
111,36001,91,1.75
111,38001,91,2.15
111,40001,91,1.91
111,42001,91,1.7
111,44001,91,1.53
111,46001,91,1.59
111,48001,91,1.69
111,50001,91,1.87
111,52001,91,1.5
111,54001,91,1.35
111,56001,91,1.31
111,58001,91,1.18
111,60001,91,1.09
111,62001,91,1.07
111,64001,91,1.08
111,65535,91,1.14
111,1,101,1.08
111,2001,101,1.24
111,4001,101,2.22
111,6001,101,3.31
111,8001,101,3.84
111,10001,101,2.45
111,12001,101,1.81
111,14001,101,1.64
111,16001,101,1.28
111,18001,101,1.25
111,20001,101,1.2
111,22001,101,0.97
111,24001,101,1.03
111,26001,101,1.09
111,28001,101,1.12
111,30001,101,1.23
111,32001,101,1.2
111,34001,101,1.42
111,36001,101,1.66
111,38001,101,2.17
111,40001,101,1.78
111,42001,101,1.44
111,44001,101,1.35
111,46001,101,1.42
111,48001,101,1.64
111,50001,101,1.78
111,52001,101,1.53
111,54001,101,1.24
111,56001,101,1.32
111,58001,101,1.17
111,60001,101,1.11
111,62001,101,1.07
111,64001,101,1.01
111,65535,101,1.0
111,1,111,0.92
111,2001,111,1.15
111,4001,111,1.96
111,6001,111,3.18
111,8001,111,3.53
111,10001,111,2.23
111,12001,111,1.8
111,14001,111,1.35
111,16001,111,1.19
111,18001,111,1.13
111,20001,111,0.98
111,22001,111,1.04
111,24001,111,0.98
111,26001,111,1.11
111,28001,111,1.18
111,30001,111,1.17
111,32001,111,1.24
111,34001,111,1.38
111,36001,111,1.53
111,38001,111,1.88
111,40001,111,1.59
111,42001,111,1.42
111,44001,111,1.28
111,46001,111,1.32
111,48001,111,1.51
111,50001,111,1.78
111,52001,111,1.44
111,54001,111,1.47
111,56001,111,1.24
111,58001,111,1.1
111,60001,111,1.05
111,62001,111,1.02
111,64001,111,1.03
111,65535,111,0.99
111,1,121,0.93
111,2001,121,1.15
111,4001,121,1.86
111,6001,121,2.91
111,8001,121,3.37
111,10001,121,2.13
111,12001,121,1.66
111,14001,121,1.56
111,16001,121,1.25
111,18001,121,1.05
111,20001,121,0.86
111,22001,121,0.94
111,24001,121,0.97
111,26001,121,0.93
111,28001,121,0.92
111,30001,121,1.12
111,32001,121,1.16
111,34001,121,1.25
111,36001,121,1.49
111,38001,121,1.78
111,40001,121,1.46
111,42001,121,1.16
111,44001,121,1.12
111,46001,121,1.12
111,48001,121,1.53
111,50001,121,1.54
111,52001,121,1.37
111,54001,121,1.21
111,56001,121,1.11
111,58001,121,1.04
111,60001,121,0.98
111,62001,121,0.94
111,64001,121,1.01
111,65535,121,0.97
111,1,131,0.82
111,2001,131,1.14
111,4001,131,1.66
111,6001,131,3.01
111,8001,131,3.24
111,10001,131,1.97
111,12001,131,1.55
111,14001,131,1.49
111,16001,131,1.21
111,18001,131,1.22
111,20001,131,0.98
111,22001,131,0.94
111,24001,131,1.0
111,26001,131,0.98
111,28001,131,1.08
111,30001,131,1.12
111,32001,131,1.03
111,34001,131,1.24
111,36001,131,1.4
111,38001,131,1.59
111,40001,131,1.34
111,42001,131,1.1
111,44001,131,0.98
111,46001,131,1.25
111,48001,131,1.36
111,50001,131,1.46
111,52001,131,1.36
111,54001,131,1.17
111,56001,131,1.13
111,58001,131,1.04
111,60001,131,1.0
111,62001,131,0.93
111,64001,131,0.85
111,65535,131,0.88
111,1,141,0.83
111,2001,141,1.17
111,4001,141,1.58
111,6001,141,2.87
111,8001,141,3.09
111,10001,141,1.93
111,12001,141,1.6
111,14001,141,1.33
111,16001,141,1.04
111,18001,141,0.99
111,20001,141,0.85
111,22001,141,0.84
111,24001,141,0.86
111,26001,141,0.9
111,28001,141,0.97
111,30001,141,0.96
111,32001,141,1.23
111,34001,141,1.2
111,36001,141,1.26
111,38001,141,1.61
111,40001,141,1.27
111,42001,141,1.0
111,44001,141,0.98
111,46001,141,1.1
111,48001,141,1.17
111,50001,141,1.51
111,52001,141,1.19
111,54001,141,1.23
111,56001,141,1.02
111,58001,141,0.96
111,60001,141,1.05
111,62001,141,0.89
111,64001,141,0.81
111,65535,141,0.73
111,1,151,0.74
111,2001,151,0.92
111,4001,151,1.52
111,6001,151,2.82
111,8001,151,2.97
111,10001,151,1.97
111,12001,151,1.43
111,14001,151,1.28
111,16001,151,1.07
111,18001,151,0.91
111,20001,151,0.87
111,22001,151,0.87
111,24001,151,0.86
111,26001,151,0.95
111,28001,151,0.89
111,30001,151,0.94
111,32001,151,1.02
111,34001,151,1.1
111,36001,151,1.28
111,38001,151,1.45
111,40001,151,1.15
111,42001,151,1.07
111,44001,151,0.98
111,46001,151,0.87
111,48001,151,1.21
111,50001,151,1.4
111,52001,151,1.29
111,54001,151,1.03
111,56001,151,0.86
111,58001,151,0.89
111,60001,151,0.91
111,62001,151,0.83
111,64001,151,0.75
111,65535,151,0.78
111,1,161,0.77
111,2001,161,0.89
111,4001,161,1.24
111,6001,161,2.88
111,8001,161,2.9
111,10001,161,1.9
111,12001,161,1.36
111,14001,161,1.16
111,16001,161,1.07
111,18001,161,0.94
111,20001,161,0.9
111,22001,161,0.94
111,24001,161,0.88
111,26001,161,0.87
111,28001,161,1.02
111,30001,161,1.02
111,32001,161,1.05
111,34001,161,1.14
111,36001,161,1.38
111,38001,161,1.45
111,40001,161,1.15
111,42001,161,0.97
111,44001,161,0.87
111,46001,161,0.93
111,48001,161,1.24
111,50001,161,1.28
111,52001,161,1.15
111,54001,161,1.09
111,56001,161,1.02
111,58001,161,1.0
111,60001,161,0.83
111,62001,161,0.87
111,64001,161,0.89
111,65535,161,0.74
111,1,171,0.79
111,2001,171,0.97
111,4001,171,1.12
111,6001,171,2.75
111,8001,171,2.79
111,10001,171,1.6
111,12001,171,1.32
111,14001,171,1.12
111,16001,171,1.13
111,18001,171,0.9
111,20001,171,0.87
111,22001,171,0.95
111,24001,171,0.77
111,26001,171,0.84
111,28001,171,0.81
111,30001,171,0.92
111,32001,171,1.05
111,34001,171,1.15
111,36001,171,1.27
111,38001,171,1.27
111,40001,171,1.05
111,42001,171,0.84
111,44001,171,0.74
111,46001,171,0.84
111,48001,171,0.99
111,50001,171,1.32
111,52001,171,1.13
111,54001,171,1.07
111,56001,171,0.91
111,58001,171,0.97
111,60001,171,0.85
111,62001,171,0.77
111,64001,171,0.82
111,65535,171,0.76
111,1,181,0.71
111,2001,181,0.85
111,4001,181,1.12
111,6001,181,2.29
111,8001,181,1.72
111,10001,181,1.31
111,12001,181,1.26
111,14001,181,0.99
111,16001,181,0.93
111,18001,181,0.93
111,20001,181,0.89
111,22001,181,0.83
111,24001,181,0.86
111,26001,181,0.8
111,28001,181,0.82
111,30001,181,0.98
111,32001,181,1.0
111,34001,181,1.06
111,36001,181,1.23
111,38001,181,1.25
111,40001,181,1.06
111,42001,181,0.89
111,44001,181,0.73
111,46001,181,0.88
111,48001,181,1.03
111,50001,181,1.27
111,52001,181,1.15
111,54001,181,0.99
111,56001,181,1.02
111,58001,181,0.89
111,60001,181,0.85
111,62001,181,0.82
111,64001,181,0.77
111,65535,181,0.79
111,1,191,0.68
111,2001,191,0.75
111,4001,191,1.08
111,6001,191,1.54
111,8001,191,1.35
111,10001,191,1.3
111,12001,191,1.12
111,14001,191,1.14
111,16001,191,0.92
111,18001,191,0.88
111,20001,191,0.78
111,22001,191,0.77
111,24001,191,0.82
111,26001,191,0.81
111,28001,191,0.76
111,30001,191,0.91
111,32001,191,1.07
111,34001,191,1.1
111,36001,191,1.07
111,38001,191,1.22
111,40001,191,0.97
111,42001,191,0.85
111,44001,191,0.75
111,46001,191,0.76
111,48001,191,0.91
111,50001,191,1.21
111,52001,191,1.12
111,54001,191,1.02
111,56001,191,0.95
111,58001,191,0.79
111,60001,191,0.87
111,62001,191,0.83
111,64001,191,0.71
111,65535,191,0.75
111,1,201,0.69
111,2001,201,0.79
111,4001,201,0.98
111,6001,201,1.08
111,8001,201,1.07
111,10001,201,1.38
111,12001,201,1.16
111,14001,201,1.07
111,16001,201,0.93
111,18001,201,0.91
111,20001,201,0.85
111,22001,201,0.73
111,24001,201,0.72
111,26001,201,0.79
111,28001,201,0.93
111,30001,201,0.84
111,32001,201,1.0
111,34001,201,1.02
111,36001,201,1.25
111,38001,201,1.14
111,40001,201,0.94
111,42001,201,0.78
111,44001,201,0.73
111,46001,201,0.75
111,48001,201,0.86
111,50001,201,1.09
111,52001,201,1.13
111,54001,201,1.06
111,56001,201,0.89
111,58001,201,0.89
111,60001,201,0.82
111,62001,201,0.86
111,64001,201,0.71
111,65535,201,0.71
111,1,211,0.67
111,2001,211,0.78
111,4001,211,0.88
111,6001,211,0.94
111,8001,211,1.1
111,10001,211,1.37
111,12001,211,1.22
111,14001,211,1.02
111,16001,211,0.96
111,18001,211,0.9
111,20001,211,0.79
111,22001,211,0.71
111,24001,211,0.79
111,26001,211,0.73
111,28001,211,0.89
111,30001,211,0.88
111,32001,211,0.97
111,34001,211,1.1
111,36001,211,1.31
111,38001,211,1.08
111,40001,211,0.92
111,42001,211,0.74
111,44001,211,0.66
111,46001,211,0.76
111,48001,211,0.86
111,50001,211,1.09
111,52001,211,1.13
111,54001,211,0.92
111,56001,211,0.86
111,58001,211,0.86
111,60001,211,0.76
111,62001,211,0.77
111,64001,211,0.79
111,65535,211,0.69
111,1,221,0.73
111,2001,221,0.75
111,4001,221,0.8
111,6001,221,1.05
111,8001,221,1.15
111,10001,221,1.44
111,12001,221,1.26
111,14001,221,0.97
111,16001,221,0.93
111,18001,221,0.89
111,20001,221,0.77
111,22001,221,0.72
111,24001,221,0.79
111,26001,221,0.73
111,28001,221,0.78
111,30001,221,0.72
111,32001,221,0.86
111,34001,221,1.05
111,36001,221,1.3
111,38001,221,1.07
111,40001,221,0.86
111,42001,221,0.73
111,44001,221,0.66
111,46001,221,0.76
111,48001,221,0.86
111,50001,221,0.98
111,52001,221,1.22
111,54001,221,1.05
111,56001,221,0.96
111,58001,221,0.89
111,60001,221,0.76
111,62001,221,0.82
111,64001,221,0.8
111,65535,221,0.76
111,1,231,0.74
111,2001,231,0.75
111,4001,231,0.72
111,6001,231,0.91
111,8001,231,1.16
111,10001,231,1.44
111,12001,231,1.2
111,14001,231,1.16
111,16001,231,0.91
111,18001,231,0.89
111,20001,231,0.72
111,22001,231,0.83
111,24001,231,0.72
111,26001,231,0.77
111,28001,231,0.68
111,30001,231,0.87
111,32001,231,0.98
111,34001,231,1.07
111,36001,231,1.3
111,38001,231,1.03
111,40001,231,0.85
111,42001,231,0.82
111,44001,231,0.69
111,46001,231,0.74
111,48001,231,0.74
111,50001,231,1.02
111,52001,231,1.14
111,54001,231,0.94
111,56001,231,0.92
111,58001,231,0.8
111,60001,231,0.8
111,62001,231,0.8
111,64001,231,0.68
111,65535,231,0.62
111,1,241,0.74
111,2001,241,0.75
111,4001,241,0.74
111,6001,241,0.98
111,8001,241,1.06
111,10001,241,1.45
111,12001,241,1.09
111,14001,241,0.99
111,16001,241,0.88
111,18001,241,0.81
111,20001,241,0.79
111,22001,241,0.76
111,24001,241,0.76
111,26001,241,0.79
111,28001,241,0.89
111,30001,241,0.78
111,32001,241,0.96
111,34001,241,1.2
111,36001,241,1.34
111,38001,241,1.15
111,40001,241,0.86
111,42001,241,0.72
111,44001,241,0.67
111,46001,241,0.7
111,48001,241,0.69
111,50001,241,0.95
111,52001,241,1.21
111,54001,241,1.03
111,56001,241,0.94
111,58001,241,0.86
111,60001,241,0.75
111,62001,241,0.75
111,64001,241,0.7
111,65535,241,0.67
111,1,251,0.82
111,2001,251,0.69
111,4001,251,0.78
111,6001,251,0.79
111,8001,251,0.98
111,10001,251,1.27
111,12001,251,1.1
111,14001,251,1.08
111,16001,251,0.88
111,18001,251,0.79
111,20001,251,0.75
111,22001,251,0.68
111,24001,251,0.75
111,26001,251,0.79
111,28001,251,0.8
111,30001,251,0.95
111,32001,251,1.03
111,34001,251,1.16
111,36001,251,1.29
111,38001,251,1.1
111,40001,251,0.75
111,42001,251,0.68
111,44001,251,0.69
111,46001,251,0.69
111,48001,251,0.56
111,50001,251,1.16
111,52001,251,1.11
111,54001,251,1.04
111,56001,251,0.85
111,58001,251,0.8
111,60001,251,0.78
111,62001,251,0.7
111,64001,251,0.74
111,65535,251,0.67
111,1,254,0.71
111,2001,254,0.72
111,4001,254,0.77
111,6001,254,0.88
111,8001,254,1.06
111,10001,254,1.29
111,12001,254,1.11
111,14001,254,0.93
111,16001,254,0.89
111,18001,254,0.77
111,20001,254,0.74
111,22001,254,0.64
111,24001,254,0.71
111,26001,254,0.83
111,28001,254,0.66
111,30001,254,0.85
111,32001,254,0.89
111,34001,254,1.18
111,36001,254,1.36
111,38001,254,1.06
111,40001,254,0.97
111,42001,254,0.76
111,44001,254,0.55
111,46001,254,0.63
111,48001,254,0.81
111,50001,254,0.79
111,52001,254,1.27
111,54001,254,0.98
111,56001,254,0.84
111,58001,254,0.76
111,60001,254,0.7
111,62001,254,0.75
111,64001,254,0.74
111,65535,254,0.66
121,1,1,3.1
121,2001,1,3.23
121,4001,1,3.1
121,6001,1,3.14
121,8001,1,3.15
121,10001,1,3.14
121,12001,1,3.14
121,14001,1,3.13
121,16001,1,3.19
121,18001,1,3.07
121,20001,1,3.12
121,22001,1,3.12
121,24001,1,3.09
121,26001,1,3.04
121,28001,1,3.0
121,30001,1,3.08
121,32001,1,3.13
121,34001,1,3.18
121,36001,1,3.16
121,38001,1,3.04
121,40001,1,3.21
121,42001,1,3.15
121,44001,1,3.07
121,46001,1,3.13
121,48001,1,3.08
121,50001,1,3.15
121,52001,1,3.09
121,54001,1,3.09
121,56001,1,3.14
121,58001,1,3.2
121,60001,1,3.31
121,62001,1,3.17
121,64001,1,3.15
121,65535,1,3.09
121,1,11,3.4
121,2001,11,3.32
121,4001,11,3.49
121,6001,11,3.3
121,8001,11,3.28
121,10001,11,3.35
121,12001,11,3.51
121,14001,11,3.4
121,16001,11,3.35
121,18001,11,3.41
121,20001,11,3.38
121,22001,11,3.32
121,24001,11,3.21
121,26001,11,3.14
121,28001,11,3.02
121,30001,11,2.97
121,32001,11,3.01
121,34001,11,2.96
121,36001,11,3.08
121,38001,11,3.0
121,40001,11,3.16
121,42001,11,3.3
121,44001,11,3.29
121,46001,11,3.26
121,48001,11,3.31
121,50001,11,3.46
121,52001,11,3.41
121,54001,11,3.41
121,56001,11,3.41
121,58001,11,3.48
121,60001,11,3.48
121,62001,11,3.33
121,64001,11,3.35
121,65535,11,3.42
121,1,21,3.57
121,2001,21,3.69
121,4001,21,3.57
121,6001,21,3.61
121,8001,21,3.8
121,10001,21,3.88
121,12001,21,3.94
121,14001,21,3.77
121,16001,21,3.85
121,18001,21,3.92
121,20001,21,3.75
121,22001,21,3.71
121,24001,21,3.45
121,26001,21,3.44
121,28001,21,3.34
121,30001,21,3.27
121,32001,21,3.55
121,34001,21,3.3
121,36001,21,3.35
121,38001,21,3.16
121,40001,21,3.1
121,42001,21,3.24
121,44001,21,3.4
121,46001,21,3.47
121,48001,21,3.53
121,50001,21,3.62
121,52001,21,3.82
121,54001,21,3.86
121,56001,21,3.8
121,58001,21,3.55
121,60001,21,3.51
121,62001,21,3.66
121,64001,21,3.42
121,65535,21,3.38
121,1,31,2.69
121,2001,31,3.48
121,4001,31,3.93
121,6001,31,3.94
121,8001,31,4.09
121,10001,31,4.33
121,12001,31,4.45
121,14001,31,4.44
121,16001,31,4.12
121,18001,31,3.77
121,20001,31,3.39
121,22001,31,3.07
121,24001,31,3.45
121,26001,31,3.68
121,28001,31,3.72
121,30001,31,3.83
121,32001,31,3.85
121,34001,31,3.89
121,36001,31,3.63
121,38001,31,3.43
121,40001,31,3.21
121,42001,31,3.39
121,44001,31,3.52
121,46001,31,3.82
121,48001,31,3.92
121,50001,31,4.02
121,52001,31,3.55
121,54001,31,2.93
121,56001,31,2.86
121,58001,31,2.83
121,60001,31,2.82
121,62001,31,2.74
121,64001,31,2.8
121,65535,31,2.71
121,1,41,2.31
121,2001,41,2.93
121,4001,41,4.26
121,6001,41,4.33
121,8001,41,4.54
121,10001,41,4.92
121,12001,41,4.32
121,14001,41,3.57
121,16001,41,3.28
121,18001,41,2.96
121,20001,41,2.52
121,22001,41,2.52
121,24001,41,2.72
121,26001,41,2.75
121,28001,41,2.71
121,30001,41,2.86
121,32001,41,2.95
121,34001,41,3.32
121,36001,41,3.97
121,38001,41,3.78
121,40001,41,3.53
121,42001,41,3.35
121,44001,41,3.75
121,46001,41,3.88
121,48001,41,4.18
121,50001,41,3.45
121,52001,41,2.94
121,54001,41,2.57
121,56001,41,2.45
121,58001,41,2.3
121,60001,41,2.24
121,62001,41,2.29
121,64001,41,2.23
121,65535,41,2.22
121,1,51,2.03
121,2001,51,2.54
121,4001,51,4.76
121,6001,51,4.8
121,8001,51,4.74
121,10001,51,4.78
121,12001,51,3.4
121,14001,51,3.08
121,16001,51,2.7
121,18001,51,2.27
121,20001,51,2.22
121,22001,51,1.97
121,24001,51,2.19
121,26001,51,2.18
121,28001,51,2.23
121,30001,51,2.37
121,32001,51,2.34
121,34001,51,2.77
121,36001,51,3.45
121,38001,51,4.17
121,40001,51,3.89
121,42001,51,3.52
121,44001,51,3.2
121,46001,51,3.57
121,48001,51,3.72
121,50001,51,3.13
121,52001,51,2.57
121,54001,51,2.32
121,56001,51,2.09
121,58001,51,2.13
121,60001,51,2.02
121,62001,51,1.98
121,64001,51,1.96
121,65535,51,1.91
121,1,61,1.63
121,2001,61,2.19
121,4001,61,4.15
121,6001,61,4.75
121,8001,61,4.64
121,10001,61,4.08
121,12001,61,2.99
121,14001,61,2.54
121,16001,61,2.3
121,18001,61,2.02
121,20001,61,1.82
121,22001,61,1.72
121,24001,61,1.97
121,26001,61,1.96
121,28001,61,2.02
121,30001,61,1.88
121,32001,61,2.17
121,34001,61,2.39
121,36001,61,2.83
121,38001,61,3.86
121,40001,61,3.46
121,42001,61,2.99
121,44001,61,2.77
121,46001,61,2.91
121,48001,61,3.18
121,50001,61,2.73
121,52001,61,2.42
121,54001,61,1.98
121,56001,61,1.87
121,58001,61,1.9
121,60001,61,1.65
121,62001,61,1.76
121,64001,61,1.76
121,65535,61,1.61
121,1,71,1.52
121,2001,71,2.05
121,4001,71,3.76
121,6001,71,4.62
121,8001,71,4.48
121,10001,71,3.48
121,12001,71,2.69
121,14001,71,2.31
121,16001,71,1.94
121,18001,71,1.81
121,20001,71,1.66
121,22001,71,1.37
121,24001,71,1.65
121,26001,71,1.5
121,28001,71,1.69
121,30001,71,1.73
121,32001,71,1.85
121,34001,71,2.11
121,36001,71,2.6
121,38001,71,3.25
121,40001,71,2.86
121,42001,71,2.38
121,44001,71,2.33
121,46001,71,2.5
121,48001,71,2.75
121,50001,71,2.47
121,52001,71,1.99
121,54001,71,1.84
121,56001,71,1.68
121,58001,71,1.63
121,60001,71,1.58
121,62001,71,1.52
121,64001,71,1.57
121,65535,71,1.52
121,1,81,1.37
121,2001,81,1.75
121,4001,81,3.37
121,6001,81,4.7
121,8001,81,4.55
121,10001,81,3.16
121,12001,81,2.43
121,14001,81,2.07
121,16001,81,1.88
121,18001,81,1.61
121,20001,81,1.45
121,22001,81,1.43
121,24001,81,1.48
121,26001,81,1.51
121,28001,81,1.6
121,30001,81,1.65
121,32001,81,1.67
121,34001,81,1.96
121,36001,81,2.29
121,38001,81,2.88
121,40001,81,2.52
121,42001,81,2.13
121,44001,81,1.97
121,46001,81,2.19
121,48001,81,2.41
121,50001,81,2.38
121,52001,81,1.93
121,54001,81,1.76
121,56001,81,1.66
121,58001,81,1.55
121,60001,81,1.49
121,62001,81,1.48
121,64001,81,1.39
121,65535,81,1.35
121,1,91,1.29
121,2001,91,1.62
121,4001,91,3.05
121,6001,91,4.34
121,8001,91,4.4
121,10001,91,2.88
121,12001,91,2.34
121,14001,91,1.87
121,16001,91,1.59
121,18001,91,1.49
121,20001,91,1.38
121,22001,91,1.31
121,24001,91,1.34
121,26001,91,1.4
121,28001,91,1.47
121,30001,91,1.38
121,32001,91,1.49
121,34001,91,1.84
121,36001,91,2.07
121,38001,91,2.7
121,40001,91,2.2
121,42001,91,1.95
121,44001,91,1.72
121,46001,91,1.94
121,48001,91,2.21
121,50001,91,2.19
121,52001,91,1.82
121,54001,91,1.64
121,56001,91,1.41
121,58001,91,1.41
121,60001,91,1.45
121,62001,91,1.34
121,64001,91,1.31
121,65535,91,1.34
121,1,101,1.23
121,2001,101,1.51
121,4001,101,2.5
121,6001,101,4.08
121,8001,101,4.58
121,10001,101,2.84
121,12001,101,2.08
121,14001,101,1.76
121,16001,101,1.6
121,18001,101,1.41
121,20001,101,1.34
121,22001,101,1.25
121,24001,101,1.22
121,26001,101,1.28
121,28001,101,1.32
121,30001,101,1.46
121,32001,101,1.5
121,34001,101,1.78
121,36001,101,1.88
121,38001,101,2.44
121,40001,101,2.06
121,42001,101,1.61
121,44001,101,1.57
121,46001,101,1.66
121,48001,101,1.93
121,50001,101,2.0
121,52001,101,1.7
121,54001,101,1.55
121,56001,101,1.44
121,58001,101,1.44
121,60001,101,1.29
121,62001,101,1.19
121,64001,101,1.13
121,65535,101,1.13
121,1,111,1.06
121,2001,111,1.41
121,4001,111,2.33
121,6001,111,3.86
121,8001,111,4.35
121,10001,111,2.77
121,12001,111,2.09
121,14001,111,1.67
121,16001,111,1.54
121,18001,111,1.3
121,20001,111,1.21
121,22001,111,1.14
121,24001,111,1.16
121,26001,111,1.24
121,28001,111,1.37
121,30001,111,1.4
121,32001,111,1.57
121,34001,111,1.45
121,36001,111,1.77
121,38001,111,2.25
121,40001,111,1.78
121,42001,111,1.61
121,44001,111,1.43
121,46001,111,1.55
121,48001,111,1.89
121,50001,111,2.05
121,52001,111,1.57
121,54001,111,1.48
121,56001,111,1.37
121,58001,111,1.32
121,60001,111,1.25
121,62001,111,1.2
121,64001,111,1.14
121,65535,111,1.11
121,1,121,1.07
121,2001,121,1.26
121,4001,121,2.19
121,6001,121,3.69
121,8001,121,4.04
121,10001,121,2.68
121,12001,121,1.82
121,14001,121,1.7
121,16001,121,1.34
121,18001,121,1.29
121,20001,121,1.17
121,22001,121,1.05
121,24001,121,1.16
121,26001,121,1.38
121,28001,121,1.19
121,30001,121,1.3
121,32001,121,1.33
121,34001,121,1.51
121,36001,121,1.62
121,38001,121,2.01
121,40001,121,1.7
121,42001,121,1.5
121,44001,121,1.17
121,46001,121,1.41
121,48001,121,1.79
121,50001,121,1.87
121,52001,121,1.59
121,54001,121,1.37
121,56001,121,1.29
121,58001,121,1.28
121,60001,121,1.26
121,62001,121,1.03
121,64001,121,1.01
121,65535,121,1.14
121,1,131,1.02
121,2001,131,1.27
121,4001,131,1.93
121,6001,131,3.52
121,8001,131,3.97
121,10001,131,2.5
121,12001,131,1.85
121,14001,131,1.64
121,16001,131,1.29
121,18001,131,1.22
121,20001,131,1.21
121,22001,131,1.1
121,24001,131,1.11
121,26001,131,1.07
121,28001,131,1.2
121,30001,131,1.19
121,32001,131,1.3
121,34001,131,1.38
121,36001,131,1.62
121,38001,131,1.85
121,40001,131,1.57
121,42001,131,1.31
121,44001,131,1.16
121,46001,131,1.32
121,48001,131,1.5
121,50001,131,1.87
121,52001,131,1.5
121,54001,131,1.38
121,56001,131,1.31
121,58001,131,1.3
121,60001,131,1.1
121,62001,131,1.07
121,64001,131,1.11
121,65535,131,0.96
121,1,141,0.89
121,2001,141,1.11
121,4001,141,1.82
121,6001,141,3.34
121,8001,141,3.67
121,10001,141,2.37
121,12001,141,1.72
121,14001,141,1.53
121,16001,141,1.21
121,18001,141,1.18
121,20001,141,1.0
121,22001,141,1.11
121,24001,141,1.02
121,26001,141,1.12
121,28001,141,1.02
121,30001,141,1.13
121,32001,141,1.29
121,34001,141,1.53
121,36001,141,1.47
121,38001,141,1.76
121,40001,141,1.56
121,42001,141,1.24
121,44001,141,1.09
121,46001,141,1.22
121,48001,141,1.54
121,50001,141,1.74
121,52001,141,1.52
121,54001,141,1.28
121,56001,141,1.23
121,58001,141,1.16
121,60001,141,1.09
121,62001,141,1.04
121,64001,141,1.03
121,65535,141,1.03
121,1,151,0.99
121,2001,151,1.09
121,4001,151,1.84
121,6001,151,3.43
121,8001,151,3.6
121,10001,151,2.3
121,12001,151,1.69
121,14001,151,1.34
121,16001,151,1.21
121,18001,151,1.14
121,20001,151,1.05
121,22001,151,0.99
121,24001,151,1.04
121,26001,151,1.1
121,28001,151,1.21
121,30001,151,1.19
121,32001,151,1.43
121,34001,151,1.28
121,36001,151,1.5
121,38001,151,1.75
121,40001,151,1.45
121,42001,151,0.97
121,44001,151,1.0
121,46001,151,1.18
121,48001,151,1.36
121,50001,151,1.58
121,52001,151,1.4
121,54001,151,1.3
121,56001,151,1.23
121,58001,151,1.11
121,60001,151,1.05
121,62001,151,0.91
121,64001,151,0.98
121,65535,151,0.94
121,1,161,1.02
121,2001,161,0.98
121,4001,161,1.53
121,6001,161,3.38
121,8001,161,3.42
121,10001,161,2.18
121,12001,161,1.57
121,14001,161,1.36
121,16001,161,1.22
121,18001,161,1.01
121,20001,161,1.04
121,22001,161,0.93
121,24001,161,0.96
121,26001,161,0.99
121,28001,161,1.1
121,30001,161,1.1
121,32001,161,1.21
121,34001,161,1.31
121,36001,161,1.51
121,38001,161,1.59
121,40001,161,1.32
121,42001,161,1.13
121,44001,161,0.98
121,46001,161,1.02
121,48001,161,1.23
121,50001,161,1.53
121,52001,161,1.38
121,54001,161,1.29
121,56001,161,1.16
121,58001,161,0.97
121,60001,161,1.01
121,62001,161,1.06
121,64001,161,0.92
121,65535,161,0.83
121,1,171,0.92
121,2001,171,1.15
121,4001,171,1.45
121,6001,171,3.4
121,8001,171,3.26
121,10001,171,1.68
121,12001,171,1.48
121,14001,171,1.23
121,16001,171,1.19
121,18001,171,1.08
121,20001,171,0.97
121,22001,171,0.99
121,24001,171,0.98
121,26001,171,1.0
121,28001,171,1.01
121,30001,171,1.12
121,32001,171,1.18
121,34001,171,1.3
121,36001,171,1.46
121,38001,171,1.56
121,40001,171,1.29
121,42001,171,1.03
121,44001,171,0.91
121,46001,171,1.01
121,48001,171,1.3
121,50001,171,1.45
121,52001,171,1.4
121,54001,171,1.18
121,56001,171,1.16
121,58001,171,1.09
121,60001,171,1.06
121,62001,171,0.99
121,64001,171,0.96
121,65535,171,0.88
121,1,181,0.87
121,2001,181,0.99
121,4001,181,1.36
121,6001,181,2.62
121,8001,181,2.05
121,10001,181,1.56
121,12001,181,1.48
121,14001,181,1.25
121,16001,181,1.08
121,18001,181,1.12
121,20001,181,1.0
121,22001,181,0.95
121,24001,181,0.96
121,26001,181,0.83
121,28001,181,1.06
121,30001,181,1.11
121,32001,181,1.02
121,34001,181,1.28
121,36001,181,1.53
121,38001,181,1.53
121,40001,181,1.09
121,42001,181,1.03
121,44001,181,0.91
121,46001,181,0.91
121,48001,181,1.14
121,50001,181,1.38
121,52001,181,1.34
121,54001,181,1.21
121,56001,181,1.21
121,58001,181,1.03
121,60001,181,1.0
121,62001,181,1.08
121,64001,181,0.95
121,65535,181,0.76
121,1,191,0.84
121,2001,191,0.98
121,4001,191,1.26
121,6001,191,1.74
121,8001,191,1.55
121,10001,191,1.73
121,12001,191,1.35
121,14001,191,1.17
121,16001,191,1.12
121,18001,191,1.03
121,20001,191,0.88
121,22001,191,0.9
121,24001,191,0.99
121,26001,191,0.99
121,28001,191,1.02
121,30001,191,1.15
121,32001,191,1.11
121,34001,191,1.29
121,36001,191,1.43
121,38001,191,1.47
121,40001,191,1.19
121,42001,191,0.91
121,44001,191,0.98
121,46001,191,0.99
121,48001,191,1.09
121,50001,191,1.36
121,52001,191,1.41
121,54001,191,1.2
121,56001,191,1.1
121,58001,191,1.05
121,60001,191,0.97
121,62001,191,0.92
121,64001,191,0.85
121,65535,191,0.85
121,1,201,0.84
121,2001,201,0.89
121,4001,201,1.24
121,6001,201,1.3
121,8001,201,1.35
121,10001,201,1.6
121,12001,201,1.4
121,14001,201,1.12
121,16001,201,1.05
121,18001,201,0.96
121,20001,201,0.97
121,22001,201,0.71
121,24001,201,0.94
121,26001,201,0.93
121,28001,201,0.97
121,30001,201,0.99
121,32001,201,1.12
121,34001,201,1.31
121,36001,201,1.6
121,38001,201,1.43
121,40001,201,1.23
121,42001,201,0.89
121,44001,201,0.85
121,46001,201,0.88
121,48001,201,1.07
121,50001,201,1.39
121,52001,201,1.39
121,54001,201,1.18
121,56001,201,1.14
121,58001,201,0.97
121,60001,201,0.96
121,62001,201,0.84
121,64001,201,0.87
121,65535,201,0.87
121,1,211,0.8
121,2001,211,0.91
121,4001,211,1.08
121,6001,211,1.22
121,8001,211,1.32
121,10001,211,1.61
121,12001,211,1.45
121,14001,211,1.3
121,16001,211,1.15
121,18001,211,1.06
121,20001,211,0.96
121,22001,211,0.94
121,24001,211,0.89
121,26001,211,0.99
121,28001,211,0.95
121,30001,211,1.04
121,32001,211,1.11
121,34001,211,1.19
121,36001,211,1.53
121,38001,211,1.29
121,40001,211,1.07
121,42001,211,0.78
121,44001,211,0.83
121,46001,211,0.87
121,48001,211,1.05
121,50001,211,1.25
121,52001,211,1.33
121,54001,211,1.22
121,56001,211,1.09
121,58001,211,0.96
121,60001,211,0.88
121,62001,211,0.91
121,64001,211,0.83
121,65535,211,0.82
121,1,221,0.8
121,2001,221,0.82
121,4001,221,0.95
121,6001,221,1.1
121,8001,221,1.34
121,10001,221,1.53
121,12001,221,1.4
121,14001,221,1.24
121,16001,221,1.16
121,18001,221,0.99
121,20001,221,1.02
121,22001,221,0.87
121,24001,221,0.9
121,26001,221,0.82
121,28001,221,0.96
121,30001,221,1.05
121,32001,221,1.09
121,34001,221,1.27
121,36001,221,1.45
121,38001,221,1.25
121,40001,221,1.01
121,42001,221,0.88
121,44001,221,0.81
121,46001,221,0.79
121,48001,221,0.89
121,50001,221,1.23
121,52001,221,1.34
121,54001,221,1.14
121,56001,221,1.12
121,58001,221,1.04
121,60001,221,0.86
121,62001,221,0.88
121,64001,221,0.85
121,65535,221,0.82
121,1,231,0.69
121,2001,231,0.92
121,4001,231,0.93
121,6001,231,1.12
121,8001,231,1.32
121,10001,231,1.47
121,12001,231,1.39
121,14001,231,1.18
121,16001,231,1.08
121,18001,231,0.92
121,20001,231,0.97
121,22001,231,0.86
121,24001,231,0.85
121,26001,231,0.84
121,28001,231,1.01
121,30001,231,1.09
121,32001,231,1.03
121,34001,231,1.35
121,36001,231,1.44
121,38001,231,1.37
121,40001,231,1.01
121,42001,231,0.82
121,44001,231,0.82
121,46001,231,0.86
121,48001,231,0.97
121,50001,231,1.09
121,52001,231,1.38
121,54001,231,1.23
121,56001,231,0.95
121,58001,231,1.08
121,60001,231,0.98
121,62001,231,0.84
121,64001,231,0.88
121,65535,231,0.86
121,1,241,0.82
121,2001,241,0.79
121,4001,241,0.95
121,6001,241,1.05
121,8001,241,1.3
121,10001,241,1.53
121,12001,241,1.39
121,14001,241,1.2
121,16001,241,1.14
121,18001,241,0.89
121,20001,241,0.84
121,22001,241,0.84
121,24001,241,0.82
121,26001,241,0.84
121,28001,241,0.93
121,30001,241,1.01
121,32001,241,1.08
121,34001,241,1.16
121,36001,241,1.62
121,38001,241,1.21
121,40001,241,0.83
121,42001,241,0.88
121,44001,241,0.83
121,46001,241,0.72
121,48001,241,0.96
121,50001,241,1.05
121,52001,241,1.43
121,54001,241,1.22
121,56001,241,1.31
121,58001,241,1.01
121,60001,241,0.94
121,62001,241,0.81
121,64001,241,0.8
121,65535,241,0.78
121,1,251,0.82
121,2001,251,0.88
121,4001,251,0.87
121,6001,251,0.94
121,8001,251,1.32
121,10001,251,1.57
121,12001,251,1.33
121,14001,251,1.2
121,16001,251,1.03
121,18001,251,1.0
121,20001,251,0.96
121,22001,251,0.85
121,24001,251,1.0
121,26001,251,0.89
121,28001,251,0.9
121,30001,251,1.06
121,32001,251,1.12
121,34001,251,1.19
121,36001,251,1.56
121,38001,251,1.12
121,40001,251,0.83
121,42001,251,0.77
121,44001,251,0.76
121,46001,251,0.88
121,48001,251,0.9
121,50001,251,1.15
121,52001,251,1.41
121,54001,251,1.26
121,56001,251,1.17
121,58001,251,0.98
121,60001,251,0.89
121,62001,251,0.9
121,64001,251,0.77
121,65535,251,0.8
121,1,254,0.76
121,2001,254,0.88
121,4001,254,0.86
121,6001,254,0.98
121,8001,254,1.31
121,10001,254,1.58
121,12001,254,1.29
121,14001,254,1.13
121,16001,254,0.99
121,18001,254,0.93
121,20001,254,0.92
121,22001,254,0.98
121,24001,254,0.89
121,26001,254,0.97
121,28001,254,0.96
121,30001,254,1.01
121,32001,254,1.14
121,34001,254,1.24
121,36001,254,1.57
121,38001,254,1.07
121,40001,254,0.96
121,42001,254,0.79
121,44001,254,0.71
121,46001,254,0.71
121,48001,254,0.85
121,50001,254,1.17
121,52001,254,1.49
121,54001,254,1.21
121,56001,254,1.05
121,58001,254,0.97
121,60001,254,0.97
121,62001,254,0.87
121,64001,254,0.81
121,65535,254,0.83
131,1,1,3.72
131,2001,1,3.79
131,4001,1,3.55
131,6001,1,3.71
131,8001,1,3.57
131,10001,1,3.59
131,12001,1,3.53
131,14001,1,3.56
131,16001,1,3.6
131,18001,1,3.48
131,20001,1,3.68
131,22001,1,3.59
131,24001,1,3.56
131,26001,1,3.61
131,28001,1,3.54
131,30001,1,3.54
131,32001,1,3.6
131,34001,1,3.59
131,36001,1,3.59
131,38001,1,3.59
131,40001,1,3.69
131,42001,1,3.65
131,44001,1,3.63
131,46001,1,3.56
131,48001,1,3.52
131,50001,1,3.62
131,52001,1,3.7
131,54001,1,3.68
131,56001,1,3.7
131,58001,1,3.58
131,60001,1,3.63
131,62001,1,3.63
131,64001,1,3.55
131,65535,1,3.57
131,1,11,4.02
131,2001,11,3.92
131,4001,11,3.82
131,6001,11,3.85
131,8001,11,3.85
131,10001,11,3.95
131,12001,11,3.93
131,14001,11,3.92
131,16001,11,3.88
131,18001,11,3.91
131,20001,11,3.86
131,22001,11,3.93
131,24001,11,3.74
131,26001,11,3.61
131,28001,11,3.52
131,30001,11,3.44
131,32001,11,3.3
131,34001,11,3.38
131,36001,11,3.46
131,38001,11,3.61
131,40001,11,3.54
131,42001,11,3.72
131,44001,11,3.75
131,46001,11,3.75
131,48001,11,3.9
131,50001,11,4.02
131,52001,11,4.0
131,54001,11,4.0
131,56001,11,3.98
131,58001,11,4.04
131,60001,11,3.95
131,62001,11,3.97
131,64001,11,3.9
131,65535,11,4.05
131,1,21,3.95
131,2001,21,4.16
131,4001,21,4.15
131,6001,21,4.15
131,8001,21,4.22
131,10001,21,4.43
131,12001,21,4.56
131,14001,21,4.42
131,16001,21,4.39
131,18001,21,4.41
131,20001,21,4.43
131,22001,21,4.36
131,24001,21,4.09
131,26001,21,3.91
131,28001,21,3.84
131,30001,21,3.74
131,32001,21,3.91
131,34001,21,3.91
131,36001,21,3.74
131,38001,21,3.57
131,40001,21,3.66
131,42001,21,3.67
131,44001,21,3.83
131,46001,21,3.98
131,48001,21,4.09
131,50001,21,4.35
131,52001,21,4.39
131,54001,21,4.55
131,56001,21,4.21
131,58001,21,4.17
131,60001,21,4.15
131,62001,21,4.06
131,64001,21,4.1
131,65535,21,4.02
131,1,31,3.08
131,2001,31,3.94
131,4001,31,4.57
131,6001,31,4.72
131,8001,31,4.71
131,10001,31,5.12
131,12001,31,5.14
131,14001,31,5.21
131,16001,31,4.89
131,18001,31,4.26
131,20001,31,3.91
131,22001,31,3.47
131,24001,31,4.14
131,26001,31,4.28
131,28001,31,4.37
131,30001,31,4.37
131,32001,31,4.43
131,34001,31,4.39
131,36001,31,4.09
131,38001,31,3.98
131,40001,31,3.78
131,42001,31,3.82
131,44001,31,4.13
131,46001,31,4.27
131,48001,31,4.48
131,50001,31,4.66
131,52001,31,3.98
131,54001,31,3.75
131,56001,31,3.21
131,58001,31,3.18
131,60001,31,3.12
131,62001,31,3.35
131,64001,31,3.18
131,65535,31,3.17
131,1,41,2.44
131,2001,41,3.33
131,4001,41,5.02
131,6001,41,4.98
131,8001,41,5.39
131,10001,41,5.69
131,12001,41,4.99
131,14001,41,4.17
131,16001,41,3.6
131,18001,41,3.27
131,20001,41,3.02
131,22001,41,2.8
131,24001,41,2.96
131,26001,41,3.29
131,28001,41,3.4
131,30001,41,3.46
131,32001,41,3.45
131,34001,41,3.95
131,36001,41,4.52
131,38001,41,4.37
131,40001,41,3.94
131,42001,41,3.93
131,44001,41,4.22
131,46001,41,4.49
131,48001,41,4.76
131,50001,41,4.07
131,52001,41,3.49
131,54001,41,2.9
131,56001,41,2.84
131,58001,41,2.76
131,60001,41,2.62
131,62001,41,2.49
131,64001,41,2.59
131,65535,41,2.55
131,1,51,2.16
131,2001,51,2.84
131,4001,51,5.57
131,6001,51,5.48
131,8001,51,5.4
131,10001,51,5.33
131,12001,51,4.02
131,14001,51,3.45
131,16001,51,2.97
131,18001,51,2.73
131,20001,51,2.5
131,22001,51,2.34
131,24001,51,2.35
131,26001,51,2.69
131,28001,51,2.69
131,30001,51,2.77
131,32001,51,2.76
131,34001,51,3.09
131,36001,51,4.02
131,38001,51,4.71
131,40001,51,4.45
131,42001,51,4.24
131,44001,51,3.79
131,46001,51,4.08
131,48001,51,4.32
131,50001,51,3.47
131,52001,51,3.01
131,54001,51,2.69
131,56001,51,2.33
131,58001,51,2.34
131,60001,51,2.19
131,62001,51,2.31
131,64001,51,2.19
131,65535,51,2.13
131,1,61,1.98
131,2001,61,2.47
131,4001,61,4.64
131,6001,61,5.49
131,8001,61,5.55
131,10001,61,4.78
131,12001,61,3.45
131,14001,61,2.87
131,16001,61,2.62
131,18001,61,2.37
131,20001,61,2.1
131,22001,61,1.97
131,24001,61,2.08
131,26001,61,2.12
131,28001,61,2.34
131,30001,61,2.28
131,32001,61,2.5
131,34001,61,2.77
131,36001,61,3.41
131,38001,61,4.31
131,40001,61,3.91
131,42001,61,3.5
131,44001,61,3.14
131,46001,61,3.38
131,48001,61,3.64
131,50001,61,3.21
131,52001,61,2.63
131,54001,61,2.28
131,56001,61,2.17
131,58001,61,2.17
131,60001,61,2.07
131,62001,61,2.04
131,64001,61,1.93
131,65535,61,1.9
131,1,71,1.73
131,2001,71,2.22
131,4001,71,4.23
131,6001,71,5.33
131,8001,71,5.16
131,10001,71,3.98
131,12001,71,3.13
131,14001,71,2.67
131,16001,71,2.26
131,18001,71,2.12
131,20001,71,1.85
131,22001,71,1.81
131,24001,71,1.79
131,26001,71,1.94
131,28001,71,1.89
131,30001,71,2.09
131,32001,71,2.11
131,34001,71,2.43
131,36001,71,3.01
131,38001,71,3.81
131,40001,71,3.3
131,42001,71,2.89
131,44001,71,2.61
131,46001,71,2.87
131,48001,71,3.07
131,50001,71,2.89
131,52001,71,2.44
131,54001,71,2.01
131,56001,71,1.89
131,58001,71,1.84
131,60001,71,1.87
131,62001,71,1.82
131,64001,71,1.63
131,65535,71,1.66
131,1,81,1.6
131,2001,81,2.06
131,4001,81,3.67
131,6001,81,5.54
131,8001,81,5.3
131,10001,81,3.63
131,12001,81,2.71
131,14001,81,2.44
131,16001,81,2.12
131,18001,81,1.91
131,20001,81,1.76
131,22001,81,1.61
131,24001,81,1.62
131,26001,81,1.78
131,28001,81,1.77
131,30001,81,1.89
131,32001,81,1.99
131,34001,81,2.14
131,36001,81,2.56
131,38001,81,3.33
131,40001,81,2.92
131,42001,81,2.61
131,44001,81,2.36
131,46001,81,2.5
131,48001,81,2.78
131,50001,81,2.61
131,52001,81,2.23
131,54001,81,1.86
131,56001,81,1.9
131,58001,81,1.75
131,60001,81,1.69
131,62001,81,1.66
131,64001,81,1.59
131,65535,81,1.57
131,1,91,1.49
131,2001,91,1.65
131,4001,91,3.47
131,6001,91,4.89
131,8001,91,5.24
131,10001,91,3.38
131,12001,91,2.49
131,14001,91,2.24
131,16001,91,1.86
131,18001,91,1.72
131,20001,91,1.57
131,22001,91,1.49
131,24001,91,1.66
131,26001,91,1.56
131,28001,91,1.7
131,30001,91,1.86
131,32001,91,1.83
131,34001,91,2.01
131,36001,91,2.34
131,38001,91,3.04
131,40001,91,2.53
131,42001,91,2.19
131,44001,91,1.95
131,46001,91,2.32
131,48001,91,2.49
131,50001,91,2.6
131,52001,91,2.13
131,54001,91,1.78
131,56001,91,1.72
131,58001,91,1.76
131,60001,91,1.61
131,62001,91,1.63
131,64001,91,1.38
131,65535,91,1.43
131,1,101,1.25
131,2001,101,1.73
131,4001,101,2.96
131,6001,101,4.57
131,8001,101,5.31
131,10001,101,3.23
131,12001,101,2.34
131,14001,101,2.09
131,16001,101,1.74
131,18001,101,1.59
131,20001,101,1.55
131,22001,101,1.43
131,24001,101,1.4
131,26001,101,1.48
131,28001,101,1.6
131,30001,101,1.64
131,32001,101,1.77
131,34001,101,1.94
131,36001,101,2.26
131,38001,101,2.73
131,40001,101,2.5
131,42001,101,1.87
131,44001,101,1.79
131,46001,101,2.13
131,48001,101,2.25
131,50001,101,2.51
131,52001,101,1.93
131,54001,101,1.66
131,56001,101,1.49
131,58001,101,1.59
131,60001,101,1.48
131,62001,101,1.41
131,64001,101,1.38
131,65535,101,1.36
131,1,111,1.23
131,2001,111,1.68
131,4001,111,2.78
131,6001,111,4.29
131,8001,111,4.9
131,10001,111,3.12
131,12001,111,2.24
131,14001,111,2.02
131,16001,111,1.65
131,18001,111,1.48
131,20001,111,1.44
131,22001,111,1.33
131,24001,111,1.42
131,26001,111,1.43
131,28001,111,1.41
131,30001,111,1.64
131,32001,111,1.57
131,34001,111,1.71
131,36001,111,2.05
131,38001,111,2.54
131,40001,111,2.11
131,42001,111,1.78
131,44001,111,1.54
131,46001,111,1.67
131,48001,111,2.02
131,50001,111,2.3
131,52001,111,1.89
131,54001,111,1.55
131,56001,111,1.58
131,58001,111,1.46
131,60001,111,1.42
131,62001,111,1.43
131,64001,111,1.27
131,65535,111,1.27
131,1,121,1.21
131,2001,121,1.48
131,4001,121,2.41
131,6001,121,4.1
131,8001,121,4.6
131,10001,121,2.93
131,12001,121,2.24
131,14001,121,1.86
131,16001,121,1.57
131,18001,121,1.42
131,20001,121,1.31
131,22001,121,1.25
131,24001,121,1.33
131,26001,121,1.29
131,28001,121,1.4
131,30001,121,1.51
131,32001,121,1.43
131,34001,121,1.7
131,36001,121,2.04
131,38001,121,2.42
131,40001,121,1.95
131,42001,121,1.57
131,44001,121,1.51
131,46001,121,1.69
131,48001,121,1.98
131,50001,121,2.18
131,52001,121,1.86
131,54001,121,1.58
131,56001,121,1.48
131,58001,121,1.37
131,60001,121,1.44
131,62001,121,1.27
131,64001,121,1.24
131,65535,121,1.11
131,1,131,1.2
131,2001,131,1.36
131,4001,131,2.22
131,6001,131,4.13
131,8001,131,4.45
131,10001,131,2.82
131,12001,131,2.12
131,14001,131,1.71
131,16001,131,1.5
131,18001,131,1.37
131,20001,131,1.29
131,22001,131,1.27
131,24001,131,1.21
131,26001,131,1.43
131,28001,131,1.31
131,30001,131,1.39
131,32001,131,1.43
131,34001,131,1.69
131,36001,131,1.98
131,38001,131,2.28
131,40001,131,1.74
131,42001,131,1.52
131,44001,131,1.42
131,46001,131,1.51
131,48001,131,1.81
131,50001,131,2.13
131,52001,131,1.78
131,54001,131,1.54
131,56001,131,1.51
131,58001,131,1.48
131,60001,131,1.18
131,62001,131,1.28
131,64001,131,1.16
131,65535,131,1.07
131,1,141,1.15
131,2001,141,1.23
131,4001,141,2.07
131,6001,141,3.91
131,8001,141,4.18
131,10001,141,2.64
131,12001,141,1.92
131,14001,141,1.74
131,16001,141,1.46
131,18001,141,1.31
131,20001,141,1.18
131,22001,141,1.14
131,24001,141,1.21
131,26001,141,1.15
131,28001,141,1.24
131,30001,141,1.28
131,32001,141,1.66
131,34001,141,1.5
131,36001,141,1.72
131,38001,141,2.07
131,40001,141,1.76
131,42001,141,1.43
131,44001,141,1.22
131,46001,141,1.42
131,48001,141,1.63
131,50001,141,1.91
131,52001,141,1.68
131,54001,141,1.5
131,56001,141,1.38
131,58001,141,1.28
131,60001,141,1.21
131,62001,141,1.2
131,64001,141,1.11
131,65535,141,1.08
131,1,151,1.1
131,2001,151,1.32
131,4001,151,1.85
131,6001,151,3.86
131,8001,151,4.03
131,10001,151,2.7
131,12001,151,1.97
131,14001,151,1.6
131,16001,151,1.44
131,18001,151,1.31
131,20001,151,1.22
131,22001,151,1.08
131,24001,151,1.27
131,26001,151,1.13
131,28001,151,1.22
131,30001,151,1.36
131,32001,151,1.33
131,34001,151,1.65
131,36001,151,1.84
131,38001,151,2.01
131,40001,151,1.51
131,42001,151,1.27
131,44001,151,1.18
131,46001,151,1.34
131,48001,151,1.58
131,50001,151,1.88
131,52001,151,1.73
131,54001,151,1.46
131,56001,151,1.36
131,58001,151,1.29
131,60001,151,1.18
131,62001,151,1.16
131,64001,151,1.02
131,65535,151,1.1
131,1,161,0.94
131,2001,161,1.19
131,4001,161,1.77
131,6001,161,3.94
131,8001,161,3.97
131,10001,161,2.59
131,12001,161,1.87
131,14001,161,1.6
131,16001,161,1.35
131,18001,161,1.38
131,20001,161,1.16
131,22001,161,1.12
131,24001,161,1.1
131,26001,161,1.18
131,28001,161,1.21
131,30001,161,1.31
131,32001,161,1.39
131,34001,161,1.61
131,36001,161,1.74
131,38001,161,1.84
131,40001,161,1.48
131,42001,161,1.18
131,44001,161,1.05
131,46001,161,1.35
131,48001,161,1.48
131,50001,161,1.84
131,52001,161,1.6
131,54001,161,1.41
131,56001,161,1.37
131,58001,161,1.27
131,60001,161,1.28
131,62001,161,1.22
131,64001,161,1.08
131,65535,161,1.08
131,1,171,0.92
131,2001,171,1.15
131,4001,171,1.71
131,6001,171,3.83
131,8001,171,3.67
131,10001,171,2.13
131,12001,171,1.78
131,14001,171,1.47
131,16001,171,1.28
131,18001,171,1.22
131,20001,171,1.06
131,22001,171,1.02
131,24001,171,1.12
131,26001,171,1.14
131,28001,171,1.19
131,30001,171,1.24
131,32001,171,1.33
131,34001,171,1.53
131,36001,171,1.79
131,38001,171,1.71
131,40001,171,1.46
131,42001,171,1.19
131,44001,171,1.04
131,46001,171,1.26
131,48001,171,1.4
131,50001,171,1.76
131,52001,171,1.6
131,54001,171,1.33
131,56001,171,1.27
131,58001,171,1.25
131,60001,171,1.12
131,62001,171,1.13
131,64001,171,1.09
131,65535,171,1.15
131,1,181,0.99
131,2001,181,1.13
131,4001,181,1.57
131,6001,181,2.95
131,8001,181,2.25
131,10001,181,1.91
131,12001,181,1.61
131,14001,181,1.42
131,16001,181,1.22
131,18001,181,1.16
131,20001,181,1.13
131,22001,181,1.07
131,24001,181,1.05
131,26001,181,1.11
131,28001,181,1.17
131,30001,181,1.3
131,32001,181,1.33
131,34001,181,1.52
131,36001,181,1.63
131,38001,181,1.73
131,40001,181,1.26
131,42001,181,1.0
131,44001,181,0.93
131,46001,181,1.07
131,48001,181,1.39
131,50001,181,1.72
131,52001,181,1.67
131,54001,181,1.36
131,56001,181,1.23
131,58001,181,1.16
131,60001,181,1.13
131,62001,181,1.07
131,64001,181,1.0
131,65535,181,0.99
131,1,191,1.09
131,2001,191,1.1
131,4001,191,1.46
131,6001,191,1.84
131,8001,191,1.81
131,10001,191,1.84
131,12001,191,1.66
131,14001,191,1.31
131,16001,191,1.28
131,18001,191,1.1
131,20001,191,0.93
131,22001,191,0.85
131,24001,191,1.1
131,26001,191,1.15
131,28001,191,1.21
131,30001,191,1.25
131,32001,191,1.36
131,34001,191,1.55
131,36001,191,1.76
131,38001,191,1.7
131,40001,191,1.3
131,42001,191,1.11
131,44001,191,1.07
131,46001,191,1.06
131,48001,191,1.29
131,50001,191,1.56
131,52001,191,1.5
131,54001,191,1.45
131,56001,191,1.21
131,58001,191,1.21
131,60001,191,1.11
131,62001,191,1.01
131,64001,191,1.01
131,65535,191,0.96
131,1,201,1.0
131,2001,201,1.11
131,4001,201,1.43
131,6001,201,1.5
131,8001,201,1.57
131,10001,201,1.88
131,12001,201,1.55
131,14001,201,1.49
131,16001,201,1.17
131,18001,201,1.2
131,20001,201,1.08
131,22001,201,1.01
131,24001,201,0.97
131,26001,201,1.07
131,28001,201,1.11
131,30001,201,1.22
131,32001,201,1.3
131,34001,201,1.32
131,36001,201,1.71
131,38001,201,1.59
131,40001,201,1.19
131,42001,201,1.0
131,44001,201,0.99
131,46001,201,0.91
131,48001,201,1.27
131,50001,201,1.59
131,52001,201,1.5
131,54001,201,1.32
131,56001,201,1.23
131,58001,201,1.2
131,60001,201,1.07
131,62001,201,1.15
131,64001,201,1.0
131,65535,201,0.91
131,1,211,0.97
131,2001,211,1.09
131,4001,211,1.21
131,6001,211,1.29
131,8001,211,1.57
131,10001,211,1.94
131,12001,211,1.57
131,14001,211,1.43
131,16001,211,1.27
131,18001,211,1.07
131,20001,211,1.06
131,22001,211,1.05
131,24001,211,1.05
131,26001,211,0.99
131,28001,211,1.13
131,30001,211,1.21
131,32001,211,1.31
131,34001,211,1.44
131,36001,211,1.63
131,38001,211,1.51
131,40001,211,1.17
131,42001,211,0.97
131,44001,211,0.88
131,46001,211,0.93
131,48001,211,1.25
131,50001,211,1.62
131,52001,211,1.55
131,54001,211,1.34
131,56001,211,1.25
131,58001,211,1.25
131,60001,211,1.04
131,62001,211,1.02
131,64001,211,0.99
131,65535,211,0.97
131,1,221,0.92
131,2001,221,0.94
131,4001,221,1.22
131,6001,221,1.27
131,8001,221,1.48
131,10001,221,1.75
131,12001,221,1.53
131,14001,221,1.46
131,16001,221,1.3
131,18001,221,1.11
131,20001,221,0.98
131,22001,221,0.98
131,24001,221,0.91
131,26001,221,1.04
131,28001,221,1.21
131,30001,221,1.27
131,32001,221,1.33
131,34001,221,1.47
131,36001,221,1.76
131,38001,221,1.44
131,40001,221,1.04
131,42001,221,0.94
131,44001,221,0.95
131,46001,221,0.95
131,48001,221,1.2
131,50001,221,1.43
131,52001,221,1.56
131,54001,221,1.34
131,56001,221,1.22
131,58001,221,1.28
131,60001,221,1.09
131,62001,221,1.0
131,64001,221,0.97
131,65535,221,0.95
131,1,231,0.92
131,2001,231,1.03
131,4001,231,0.95
131,6001,231,1.28
131,8001,231,1.34
131,10001,231,1.77
131,12001,231,1.54
131,14001,231,1.41
131,16001,231,1.21
131,18001,231,1.15
131,20001,231,1.02
131,22001,231,1.01
131,24001,231,1.01
131,26001,231,1.03
131,28001,231,1.11
131,30001,231,1.15
131,32001,231,1.28
131,34001,231,1.51
131,36001,231,1.85
131,38001,231,1.47
131,40001,231,1.07
131,42001,231,0.93
131,44001,231,0.91
131,46001,231,0.9
131,48001,231,1.13
131,50001,231,1.47
131,52001,231,1.71
131,54001,231,1.3
131,56001,231,1.46
131,58001,231,1.12
131,60001,231,1.12
131,62001,231,0.98
131,64001,231,0.96
131,65535,231,0.94
131,1,241,0.9
131,2001,241,0.94
131,4001,241,0.98
131,6001,241,1.21
131,8001,241,1.46
131,10001,241,1.91
131,12001,241,1.58
131,14001,241,1.31
131,16001,241,1.2
131,18001,241,1.13
131,20001,241,0.99
131,22001,241,0.99
131,24001,241,0.95
131,26001,241,1.09
131,28001,241,1.11
131,30001,241,1.13
131,32001,241,1.22
131,34001,241,1.45
131,36001,241,1.77
131,38001,241,1.4
131,40001,241,1.09
131,42001,241,0.87
131,44001,241,0.89
131,46001,241,0.95
131,48001,241,1.16
131,50001,241,1.44
131,52001,241,1.58
131,54001,241,1.36
131,56001,241,1.26
131,58001,241,1.13
131,60001,241,1.19
131,62001,241,0.97
131,64001,241,0.98
131,65535,241,0.89
131,1,251,0.92
131,2001,251,0.86
131,4001,251,1.14
131,6001,251,1.21
131,8001,251,1.56
131,10001,251,1.78
131,12001,251,1.6
131,14001,251,1.38
131,16001,251,1.17
131,18001,251,1.07
131,20001,251,1.01
131,22001,251,0.94
131,24001,251,1.0
131,26001,251,1.03
131,28001,251,1.17
131,30001,251,1.22
131,32001,251,1.31
131,34001,251,1.48
131,36001,251,1.88
131,38001,251,1.25
131,40001,251,1.04
131,42001,251,0.92
131,44001,251,0.95
131,46001,251,0.94
131,48001,251,1.01
131,50001,251,1.36
131,52001,251,1.72
131,54001,251,1.27
131,56001,251,1.26
131,58001,251,1.07
131,60001,251,1.03
131,62001,251,0.98
131,64001,251,0.96
131,65535,251,1.0
131,1,254,1.01
131,2001,254,0.94
131,4001,254,0.95
131,6001,254,1.11
131,8001,254,1.52
131,10001,254,1.77
131,12001,254,1.51
131,14001,254,1.3
131,16001,254,1.22
131,18001,254,1.04
131,20001,254,1.04
131,22001,254,0.97
131,24001,254,0.99
131,26001,254,1.08
131,28001,254,1.03
131,30001,254,1.14
131,32001,254,1.28
131,34001,254,1.41
131,36001,254,1.87
131,38001,254,1.32
131,40001,254,0.95
131,42001,254,0.99
131,44001,254,0.96
131,46001,254,0.88
131,48001,254,1.01
131,50001,254,1.25
131,52001,254,1.77
131,54001,254,1.46
131,56001,254,1.21
131,58001,254,1.18
131,60001,254,1.06
131,62001,254,0.93
131,64001,254,0.91
131,65535,254,0.91
141,1,1,4.21
141,2001,1,4.25
141,4001,1,4.29
141,6001,1,4.18
141,8001,1,4.22
141,10001,1,4.13
141,12001,1,4.07
141,14001,1,4.23
141,16001,1,4.07
141,18001,1,4.03
141,20001,1,4.11
141,22001,1,4.13
141,24001,1,4.2
141,26001,1,4.15
141,28001,1,4.02
141,30001,1,4.16
141,32001,1,4.06
141,34001,1,4.09
141,36001,1,4.1
141,38001,1,4.13
141,40001,1,4.19
141,42001,1,4.21
141,44001,1,4.22
141,46001,1,4.21
141,48001,1,4.14
141,50001,1,4.17
141,52001,1,4.23
141,54001,1,4.19
141,56001,1,4.17
141,58001,1,4.11
141,60001,1,4.19
141,62001,1,4.28
141,64001,1,4.22
141,65535,1,4.23
141,1,11,4.64
141,2001,11,4.51
141,4001,11,4.39
141,6001,11,4.46
141,8001,11,4.41
141,10001,11,4.71
141,12001,11,4.58
141,14001,11,4.64
141,16001,11,4.49
141,18001,11,4.54
141,20001,11,4.62
141,22001,11,4.52
141,24001,11,4.36
141,26001,11,4.23
141,28001,11,4.23
141,30001,11,3.96
141,32001,11,4.06
141,34001,11,3.89
141,36001,11,3.96
141,38001,11,4.08
141,40001,11,4.15
141,42001,11,4.32
141,44001,11,4.39
141,46001,11,4.32
141,48001,11,4.56
141,50001,11,4.47
141,52001,11,4.58
141,54001,11,4.77
141,56001,11,4.67
141,58001,11,4.67
141,60001,11,4.67
141,62001,11,4.49
141,64001,11,4.57
141,65535,11,4.58
141,1,21,4.64
141,2001,21,4.8
141,4001,21,4.83
141,6001,21,4.75
141,8001,21,4.89
141,10001,21,5.17
141,12001,21,5.07
141,14001,21,5.15
141,16001,21,5.2
141,18001,21,5.22
141,20001,21,5.04
141,22001,21,5.1
141,24001,21,4.79
141,26001,21,4.62
141,28001,21,4.38
141,30001,21,4.57
141,32001,21,4.59
141,34001,21,4.47
141,36001,21,4.42
141,38001,21,4.2
141,40001,21,4.15
141,42001,21,4.4
141,44001,21,4.52
141,46001,21,4.76
141,48001,21,4.92
141,50001,21,4.91
141,52001,21,5.14
141,54001,21,5.23
141,56001,21,4.83
141,58001,21,4.78
141,60001,21,4.71
141,62001,21,4.78
141,64001,21,4.71
141,65535,21,4.66
141,1,31,3.57
141,2001,31,4.52
141,4001,31,5.18
141,6001,31,5.38
141,8001,31,5.55
141,10001,31,5.89
141,12001,31,6.06
141,14001,31,5.87
141,16001,31,5.57
141,18001,31,4.93
141,20001,31,4.67
141,22001,31,4.02
141,24001,31,4.68
141,26001,31,4.94
141,28001,31,5.09
141,30001,31,5.05
141,32001,31,5.23
141,34001,31,4.95
141,36001,31,4.82
141,38001,31,4.55
141,40001,31,4.51
141,42001,31,4.44
141,44001,31,4.78
141,46001,31,4.92
141,48001,31,5.3
141,50001,31,5.47
141,52001,31,4.62
141,54001,31,4.0
141,56001,31,4.06
141,58001,31,3.88
141,60001,31,3.73
141,62001,31,3.62
141,64001,31,3.58
141,65535,31,3.34
141,1,41,2.98
141,2001,41,4.02
141,4001,41,5.77
141,6001,41,5.79
141,8001,41,6.29
141,10001,41,6.4
141,12001,41,5.69
141,14001,41,4.8
141,16001,41,4.17
141,18001,41,3.77
141,20001,41,3.41
141,22001,41,3.17
141,24001,41,3.4
141,26001,41,3.71
141,28001,41,3.78
141,30001,41,3.81
141,32001,41,3.88
141,34001,41,4.53
141,36001,41,5.29
141,38001,41,5.1
141,40001,41,4.67
141,42001,41,4.66
141,44001,41,5.0
141,46001,41,5.29
141,48001,41,5.5
141,50001,41,4.64
141,52001,41,3.94
141,54001,41,3.38
141,56001,41,3.01
141,58001,41,3.05
141,60001,41,3.19
141,62001,41,3.06
141,64001,41,3.05
141,65535,41,3.02
141,1,51,2.45
141,2001,51,3.45
141,4001,51,6.41
141,6001,51,6.4
141,8001,51,6.16
141,10001,51,6.34
141,12001,51,4.63
141,14001,51,4.07
141,16001,51,3.47
141,18001,51,3.1
141,20001,51,2.88
141,22001,51,2.64
141,24001,51,2.95
141,26001,51,3.0
141,28001,51,2.98
141,30001,51,3.13
141,32001,51,3.29
141,34001,51,3.59
141,36001,51,4.78
141,38001,51,5.48
141,40001,51,5.09
141,42001,51,4.66
141,44001,51,4.4
141,46001,51,4.72
141,48001,51,5.06
141,50001,51,4.19
141,52001,51,3.52
141,54001,51,2.95
141,56001,51,2.86
141,58001,51,2.75
141,60001,51,2.58
141,62001,51,2.61
141,64001,51,2.56
141,65535,51,2.43
141,1,61,2.19
141,2001,61,2.89
141,4001,61,5.44
141,6001,61,6.11
141,8001,61,6.17
141,10001,61,5.5
141,12001,61,4.0
141,14001,61,3.43
141,16001,61,2.85
141,18001,61,2.66
141,20001,61,2.55
141,22001,61,2.27
141,24001,61,2.53
141,26001,61,2.55
141,28001,61,2.62
141,30001,61,2.77
141,32001,61,2.73
141,34001,61,3.05
141,36001,61,3.96
141,38001,61,5.07
141,40001,61,4.51
141,42001,61,4.06
141,44001,61,3.64
141,46001,61,3.77
141,48001,61,4.16
141,50001,61,3.63
141,52001,61,3.1
141,54001,61,2.59
141,56001,61,2.64
141,58001,61,2.47
141,60001,61,2.42
141,62001,61,2.12
141,64001,61,2.26
141,65535,61,2.25
141,1,71,1.97
141,2001,71,2.62
141,4001,71,5.1
141,6001,71,6.0
141,8001,71,5.97
141,10001,71,4.51
141,12001,71,3.5
141,14001,71,2.98
141,16001,71,2.62
141,18001,71,2.36
141,20001,71,2.16
141,22001,71,1.99
141,24001,71,2.23
141,26001,71,2.26
141,28001,71,2.39
141,30001,71,2.37
141,32001,71,2.37
141,34001,71,2.84
141,36001,71,3.3
141,38001,71,4.31
141,40001,71,3.69
141,42001,71,3.4
141,44001,71,3.15
141,46001,71,3.34
141,48001,71,3.77
141,50001,71,3.26
141,52001,71,2.81
141,54001,71,2.22
141,56001,71,2.34
141,58001,71,2.16
141,60001,71,2.12
141,62001,71,2.03
141,64001,71,2.06
141,65535,71,1.98
141,1,81,1.73
141,2001,81,2.31
141,4001,81,4.32
141,6001,81,6.31
141,8001,81,5.91
141,10001,81,4.25
141,12001,81,3.22
141,14001,81,2.79
141,16001,81,2.48
141,18001,81,2.24
141,20001,81,1.98
141,22001,81,1.89
141,24001,81,1.93
141,26001,81,2.07
141,28001,81,2.13
141,30001,81,2.14
141,32001,81,2.2
141,34001,81,2.51
141,36001,81,2.9
141,38001,81,3.94
141,40001,81,3.47
141,42001,81,2.82
141,44001,81,2.68
141,46001,81,2.9
141,48001,81,3.14
141,50001,81,3.15
141,52001,81,2.56
141,54001,81,2.28
141,56001,81,2.1
141,58001,81,2.05
141,60001,81,1.97
141,62001,81,1.83
141,64001,81,1.98
141,65535,81,1.78
141,1,91,1.54
141,2001,91,2.11
141,4001,91,4.07
141,6001,91,5.63
141,8001,91,5.8
141,10001,91,3.8
141,12001,91,2.87
141,14001,91,2.58
141,16001,91,2.26
141,18001,91,1.95
141,20001,91,1.86
141,22001,91,1.75
141,24001,91,1.77
141,26001,91,1.85
141,28001,91,1.95
141,30001,91,2.05
141,32001,91,1.99
141,34001,91,2.24
141,36001,91,2.84
141,38001,91,3.49
141,40001,91,2.93
141,42001,91,2.58
141,44001,91,2.37
141,46001,91,2.45
141,48001,91,2.86
141,50001,91,2.89
141,52001,91,2.37
141,54001,91,2.08
141,56001,91,2.07
141,58001,91,1.86
141,60001,91,1.78
141,62001,91,1.72
141,64001,91,1.7
141,65535,91,1.68
141,1,101,1.53
141,2001,101,1.79
141,4001,101,3.32
141,6001,101,5.32
141,8001,101,5.96
141,10001,101,3.7
141,12001,101,2.86
141,14001,101,2.29
141,16001,101,2.07
141,18001,101,1.81
141,20001,101,1.81
141,22001,101,1.59
141,24001,101,1.79
141,26001,101,1.77
141,28001,101,1.99
141,30001,101,1.87
141,32001,101,2.02
141,34001,101,2.29
141,36001,101,2.62
141,38001,101,3.16
141,40001,101,2.64
141,42001,101,2.3
141,44001,101,1.98
141,46001,101,2.22
141,48001,101,2.61
141,50001,101,2.72
141,52001,101,2.29
141,54001,101,2.14
141,56001,101,1.87
141,58001,101,1.91
141,60001,101,1.58
141,62001,101,1.64
141,64001,101,1.59
141,65535,101,1.5
141,1,111,1.53
141,2001,111,1.93
141,4001,111,2.95
141,6001,111,4.98
141,8001,111,5.8
141,10001,111,3.58
141,12001,111,2.65
141,14001,111,2.26
141,16001,111,1.97
141,18001,111,1.77
141,20001,111,1.58
141,22001,111,1.5
141,24001,111,1.66
141,26001,111,1.48
141,28001,111,1.63
141,30001,111,1.7
141,32001,111,1.84
141,34001,111,2.08
141,36001,111,2.53
141,38001,111,2.96
141,40001,111,2.41
141,42001,111,2.09
141,44001,111,1.84
141,46001,111,1.99
141,48001,111,2.37
141,50001,111,2.65
141,52001,111,2.21
141,54001,111,1.74
141,56001,111,1.79
141,58001,111,1.77
141,60001,111,1.5
141,62001,111,1.56
141,64001,111,1.52
141,65535,111,1.41
141,1,121,1.43
141,2001,121,1.79
141,4001,121,2.76
141,6001,121,4.93
141,8001,121,5.55
141,10001,121,3.26
141,12001,121,2.59
141,14001,121,2.08
141,16001,121,1.84
141,18001,121,1.54
141,20001,121,1.54
141,22001,121,1.39
141,24001,121,1.51
141,26001,121,1.51
141,28001,121,1.54
141,30001,121,1.82
141,32001,121,1.74
141,34001,121,1.98
141,36001,121,2.28
141,38001,121,2.72
141,40001,121,2.23
141,42001,121,1.91
141,44001,121,1.66
141,46001,121,1.95
141,48001,121,2.27
141,50001,121,2.54
141,52001,121,2.09
141,54001,121,1.87
141,56001,121,1.65
141,58001,121,1.64
141,60001,121,1.6
141,62001,121,1.44
141,64001,121,1.44
141,65535,121,1.28
141,1,131,1.29
141,2001,131,1.63
141,4001,131,2.47
141,6001,131,4.76
141,8001,131,5.07
141,10001,131,3.3
141,12001,131,2.41
141,14001,131,2.08
141,16001,131,1.7
141,18001,131,1.58
141,20001,131,1.4
141,22001,131,1.34
141,24001,131,1.4
141,26001,131,1.37
141,28001,131,1.63
141,30001,131,1.61
141,32001,131,1.72
141,34001,131,1.88
141,36001,131,2.24
141,38001,131,2.45
141,40001,131,2.1
141,42001,131,1.75
141,44001,131,1.57
141,46001,131,1.72
141,48001,131,2.09
141,50001,131,2.36
141,52001,131,2.07
141,54001,131,1.77
141,56001,131,1.67
141,58001,131,1.64
141,60001,131,1.53
141,62001,131,1.37
141,64001,131,1.39
141,65535,131,1.3
141,1,141,1.3
141,2001,141,1.54
141,4001,141,2.47
141,6001,141,4.48
141,8001,141,4.95
141,10001,141,3.14
141,12001,141,2.37
141,14001,141,1.9
141,16001,141,1.75
141,18001,141,1.52
141,20001,141,1.38
141,22001,141,1.32
141,24001,141,1.36
141,26001,141,1.37
141,28001,141,1.44
141,30001,141,1.62
141,32001,141,1.67
141,34001,141,1.85
141,36001,141,2.06
141,38001,141,2.42
141,40001,141,1.97
141,42001,141,1.52
141,44001,141,1.42
141,46001,141,1.64
141,48001,141,1.91
141,50001,141,2.23
141,52001,141,2.01
141,54001,141,1.71
141,56001,141,1.66
141,58001,141,1.43
141,60001,141,1.47
141,62001,141,1.38
141,64001,141,1.43
141,65535,141,1.27
141,1,151,1.13
141,2001,151,1.46
141,4001,151,2.06
141,6001,151,4.55
141,8001,151,4.67
141,10001,151,2.99
141,12001,151,2.3
141,14001,151,1.79
141,16001,151,1.6
141,18001,151,1.39
141,20001,151,1.35
141,22001,151,1.25
141,24001,151,1.28
141,26001,151,1.49
141,28001,151,1.47
141,30001,151,1.51
141,32001,151,1.59
141,34001,151,1.78
141,36001,151,2.0
141,38001,151,2.25
141,40001,151,1.83
141,42001,151,1.5
141,44001,151,1.43
141,46001,151,1.53
141,48001,151,1.91
141,50001,151,2.08
141,52001,151,1.97
141,54001,151,1.55
141,56001,151,1.56
141,58001,151,1.35
141,60001,151,1.4
141,62001,151,1.37
141,64001,151,1.36
141,65535,151,1.31
141,1,161,1.23
141,2001,161,1.43
141,4001,161,2.05
141,6001,161,4.55
141,8001,161,4.4
141,10001,161,3.05
141,12001,161,2.26
141,14001,161,1.81
141,16001,161,1.61
141,18001,161,1.43
141,20001,161,1.34
141,22001,161,1.18
141,24001,161,1.36
141,26001,161,1.39
141,28001,161,1.39
141,30001,161,1.42
141,32001,161,1.65
141,34001,161,1.72
141,36001,161,1.98
141,38001,161,2.1
141,40001,161,1.77
141,42001,161,1.46
141,44001,161,1.24
141,46001,161,1.51
141,48001,161,1.79
141,50001,161,2.04
141,52001,161,1.87
141,54001,161,1.72
141,56001,161,1.48
141,58001,161,1.46
141,60001,161,1.39
141,62001,161,1.27
141,64001,161,1.25
141,65535,161,1.23
141,1,171,1.2
141,2001,171,1.31
141,4001,171,1.91
141,6001,171,4.41
141,8001,171,4.32
141,10001,171,2.35
141,12001,171,1.91
141,14001,171,1.76
141,16001,171,1.54
141,18001,171,1.34
141,20001,171,1.15
141,22001,171,1.22
141,24001,171,1.24
141,26001,171,1.33
141,28001,171,1.27
141,30001,171,1.33
141,32001,171,1.57
141,34001,171,1.77
141,36001,171,1.93
141,38001,171,2.04
141,40001,171,1.59
141,42001,171,1.27
141,44001,171,1.16
141,46001,171,1.34
141,48001,171,1.67
141,50001,171,1.95
141,52001,171,1.87
141,54001,171,1.63
141,56001,171,1.48
141,58001,171,1.35
141,60001,171,1.37
141,62001,171,1.32
141,64001,171,1.2
141,65535,171,1.09
141,1,181,1.21
141,2001,181,1.43
141,4001,181,1.78
141,6001,181,3.36
141,8001,181,2.73
141,10001,181,2.18
141,12001,181,1.77
141,14001,181,1.67
141,16001,181,1.55
141,18001,181,1.43
141,20001,181,1.24
141,22001,181,1.18
141,24001,181,1.23
141,26001,181,1.26
141,28001,181,1.37
141,30001,181,1.52
141,32001,181,1.5
141,34001,181,1.64
141,36001,181,1.88
141,38001,181,1.96
141,40001,181,1.54
141,42001,181,1.25
141,44001,181,1.18
141,46001,181,1.4
141,48001,181,1.54
141,50001,181,1.86
141,52001,181,1.8
141,54001,181,1.56
141,56001,181,1.49
141,58001,181,1.39
141,60001,181,1.33
141,62001,181,1.23
141,64001,181,1.08
141,65535,181,1.1
141,1,191,1.18
141,2001,191,1.22
141,4001,191,1.72
141,6001,191,2.23
141,8001,191,1.9
141,10001,191,2.09
141,12001,191,1.96
141,14001,191,1.7
141,16001,191,1.5
141,18001,191,1.33
141,20001,191,1.28
141,22001,191,1.21
141,24001,191,1.27
141,26001,191,1.29
141,28001,191,1.4
141,30001,191,1.36
141,32001,191,1.47
141,34001,191,1.6
141,36001,191,1.93
141,38001,191,1.93
141,40001,191,1.4
141,42001,191,1.22
141,44001,191,1.13
141,46001,191,1.26
141,48001,191,1.51
141,50001,191,1.77
141,52001,191,1.8
141,54001,191,1.55
141,56001,191,1.59
141,58001,191,1.25
141,60001,191,1.3
141,62001,191,1.2
141,64001,191,1.04
141,65535,191,1.1
141,1,201,1.14
141,2001,201,1.19
141,4001,201,1.6
141,6001,201,1.81
141,8001,201,1.85
141,10001,201,2.19
141,12001,201,1.9
141,14001,201,1.55
141,16001,201,1.42
141,18001,201,1.29
141,20001,201,1.27
141,22001,201,1.2
141,24001,201,1.25
141,26001,201,1.27
141,28001,201,1.3
141,30001,201,1.49
141,32001,201,1.49
141,34001,201,1.66
141,36001,201,1.91
141,38001,201,1.83
141,40001,201,1.35
141,42001,201,1.06
141,44001,201,1.13
141,46001,201,1.29
141,48001,201,1.49
141,50001,201,1.81
141,52001,201,1.79
141,54001,201,1.57
141,56001,201,1.36
141,58001,201,1.28
141,60001,201,1.2
141,62001,201,1.11
141,64001,201,1.12
141,65535,201,1.09
141,1,211,1.05
141,2001,211,1.14
141,4001,211,1.54
141,6001,211,1.36
141,8001,211,1.71
141,10001,211,1.89
141,12001,211,1.63
141,14001,211,1.68
141,16001,211,1.39
141,18001,211,1.33
141,20001,211,1.26
141,22001,211,1.19
141,24001,211,1.25
141,26001,211,1.19
141,28001,211,1.25
141,30001,211,1.34
141,32001,211,1.52
141,34001,211,1.63
141,36001,211,2.02
141,38001,211,1.7
141,40001,211,1.33
141,42001,211,1.14
141,44001,211,1.08
141,46001,211,1.21
141,48001,211,1.4
141,50001,211,1.65
141,52001,211,1.82
141,54001,211,1.56
141,56001,211,1.39
141,58001,211,1.32
141,60001,211,1.18
141,62001,211,1.28
141,64001,211,1.14
141,65535,211,1.06
141,1,221,1.11
141,2001,221,1.23
141,4001,221,1.38
141,6001,221,1.49
141,8001,221,1.7
141,10001,221,2.16
141,12001,221,1.92
141,14001,221,1.68
141,16001,221,1.38
141,18001,221,1.11
141,20001,221,1.15
141,22001,221,1.17
141,24001,221,1.17
141,26001,221,1.2
141,28001,221,1.22
141,30001,221,1.33
141,32001,221,1.5
141,34001,221,1.6
141,36001,221,2.03
141,38001,221,1.75
141,40001,221,1.33
141,42001,221,1.13
141,44001,221,0.97
141,46001,221,1.1
141,48001,221,1.35
141,50001,221,1.73
141,52001,221,1.94
141,54001,221,1.58
141,56001,221,1.42
141,58001,221,1.3
141,60001,221,1.25
141,62001,221,1.1
141,64001,221,1.17
141,65535,221,1.13
141,1,231,1.05
141,2001,231,1.08
141,4001,231,1.33
141,6001,231,1.4
141,8001,231,1.68
141,10001,231,2.1
141,12001,231,1.84
141,14001,231,1.51
141,16001,231,1.42
141,18001,231,1.21
141,20001,231,1.14
141,22001,231,1.08
141,24001,231,1.21
141,26001,231,1.23
141,28001,231,1.25
141,30001,231,1.32
141,32001,231,1.44
141,34001,231,1.64
141,36001,231,2.11
141,38001,231,1.72
141,40001,231,1.21
141,42001,231,1.04
141,44001,231,1.13
141,46001,231,1.12
141,48001,231,1.26
141,50001,231,1.59
141,52001,231,1.9
141,54001,231,1.59
141,56001,231,1.33
141,58001,231,1.26
141,60001,231,1.21
141,62001,231,1.14
141,64001,231,1.09
141,65535,231,1.04
141,1,241,1.08
141,2001,241,1.13
141,4001,241,1.23
141,6001,241,1.52
141,8001,241,1.67
141,10001,241,2.03
141,12001,241,1.92
141,14001,241,1.48
141,16001,241,1.3
141,18001,241,1.29
141,20001,241,1.18
141,22001,241,1.21
141,24001,241,1.23
141,26001,241,1.19
141,28001,241,1.2
141,30001,241,1.31
141,32001,241,1.48
141,34001,241,1.6
141,36001,241,2.16
141,38001,241,1.52
141,40001,241,1.21
141,42001,241,1.05
141,44001,241,0.99
141,46001,241,1.08
141,48001,241,1.24
141,50001,241,1.51
141,52001,241,1.89
141,54001,241,1.54
141,56001,241,1.34
141,58001,241,1.27
141,60001,241,1.19
141,62001,241,1.11
141,64001,241,1.04
141,65535,241,1.11
141,1,251,1.19
141,2001,251,1.1
141,4001,251,1.22
141,6001,251,1.53
141,8001,251,1.68
141,10001,251,2.21
141,12001,251,1.76
141,14001,251,1.5
141,16001,251,1.23
141,18001,251,1.16
141,20001,251,1.17
141,22001,251,1.17
141,24001,251,1.12
141,26001,251,1.23
141,28001,251,1.26
141,30001,251,1.4
141,32001,251,1.52
141,34001,251,1.79
141,36001,251,2.26
141,38001,251,1.52
141,40001,251,1.14
141,42001,251,0.99
141,44001,251,0.99
141,46001,251,0.98
141,48001,251,1.24
141,50001,251,1.51
141,52001,251,1.87
141,54001,251,1.52
141,56001,251,1.36
141,58001,251,1.27
141,60001,251,1.13
141,62001,251,1.2
141,64001,251,1.19
141,65535,251,1.1
141,1,254,1.08
141,2001,254,1.1
141,4001,254,1.28
141,6001,254,1.39
141,8001,254,1.64
141,10001,254,1.93
141,12001,254,1.75
141,14001,254,1.54
141,16001,254,1.36
141,18001,254,1.16
141,20001,254,1.12
141,22001,254,1.14
141,24001,254,1.16
141,26001,254,1.2
141,28001,254,1.24
141,30001,254,1.47
141,32001,254,1.49
141,34001,254,1.72
141,36001,254,2.04
141,38001,254,1.52
141,40001,254,1.17
141,42001,254,1.02
141,44001,254,1.05
141,46001,254,1.03
141,48001,254,1.17
141,50001,254,1.55
141,52001,254,1.88
141,54001,254,1.58
141,56001,254,1.38
141,58001,254,1.22
141,60001,254,1.06
141,62001,254,1.02
141,64001,254,1.09
141,65535,254,1.05
151,1,1,4.87
151,2001,1,4.82
151,4001,1,4.74
151,6001,1,4.82
151,8001,1,4.81
151,10001,1,4.79
151,12001,1,4.8
151,14001,1,4.72
151,16001,1,4.82
151,18001,1,4.83
151,20001,1,4.75
151,22001,1,4.76
151,24001,1,4.76
151,26001,1,4.72
151,28001,1,4.77
151,30001,1,4.84
151,32001,1,4.72
151,34001,1,4.8
151,36001,1,4.85
151,38001,1,4.79
151,40001,1,4.79
151,42001,1,4.85
151,44001,1,4.75
151,46001,1,4.82
151,48001,1,4.92
151,50001,1,4.78
151,52001,1,4.78
151,54001,1,4.64
151,56001,1,4.83
151,58001,1,4.7
151,60001,1,4.69
151,62001,1,4.73
151,64001,1,4.86
151,65535,1,4.75
151,1,11,5.28
151,2001,11,5.17
151,4001,11,5.32
151,6001,11,5.21
151,8001,11,4.97
151,10001,11,5.18
151,12001,11,5.31
151,14001,11,5.18
151,16001,11,5.29
151,18001,11,5.14
151,20001,11,5.19
151,22001,11,5.18
151,24001,11,4.95
151,26001,11,4.88
151,28001,11,4.78
151,30001,11,4.66
151,32001,11,4.64
151,34001,11,4.6
151,36001,11,4.65
151,38001,11,4.56
151,40001,11,4.64
151,42001,11,4.83
151,44001,11,4.99
151,46001,11,5.0
151,48001,11,5.17
151,50001,11,5.18
151,52001,11,5.36
151,54001,11,5.37
151,56001,11,5.4
151,58001,11,5.22
151,60001,11,5.26
151,62001,11,5.25
151,64001,11,5.22
151,65535,11,5.22
151,1,21,5.25
151,2001,21,5.57
151,4001,21,5.55
151,6001,21,5.55
151,8001,21,5.73
151,10001,21,5.9
151,12001,21,5.99
151,14001,21,5.91
151,16001,21,6.01
151,18001,21,5.88
151,20001,21,5.82
151,22001,21,5.85
151,24001,21,5.49
151,26001,21,5.19
151,28001,21,4.96
151,30001,21,5.18
151,32001,21,5.18
151,34001,21,5.09
151,36001,21,4.88
151,38001,21,4.75
151,40001,21,4.76
151,42001,21,5.13
151,44001,21,5.18
151,46001,21,5.25
151,48001,21,5.58
151,50001,21,5.56
151,52001,21,5.82
151,54001,21,5.86
151,56001,21,5.53
151,58001,21,5.53
151,60001,21,5.42
151,62001,21,5.44
151,64001,21,5.44
151,65535,21,5.35
151,1,31,4.16
151,2001,31,5.27
151,4001,31,6.05
151,6001,31,6.04
151,8001,31,6.34
151,10001,31,6.91
151,12001,31,6.88
151,14001,31,6.8
151,16001,31,6.37
151,18001,31,5.64
151,20001,31,5.14
151,22001,31,4.67
151,24001,31,5.26
151,26001,31,5.68
151,28001,31,5.74
151,30001,31,5.72
151,32001,31,5.85
151,34001,31,5.76
151,36001,31,5.48
151,38001,31,5.39
151,40001,31,5.02
151,42001,31,5.12
151,44001,31,5.46
151,46001,31,5.59
151,48001,31,5.87
151,50001,31,6.16
151,52001,31,5.37
151,54001,31,4.57
151,56001,31,4.44
151,58001,31,4.36
151,60001,31,4.29
151,62001,31,4.19
151,64001,31,4.05
151,65535,31,4.15
151,1,41,3.37
151,2001,41,4.45
151,4001,41,6.52
151,6001,41,6.6
151,8001,41,7.14
151,10001,41,7.46
151,12001,41,6.43
151,14001,41,5.41
151,16001,41,4.92
151,18001,41,4.33
151,20001,41,3.95
151,22001,41,3.69
151,24001,41,3.95
151,26001,41,4.12
151,28001,41,4.43
151,30001,41,4.36
151,32001,41,4.57
151,34001,41,5.2
151,36001,41,6.12
151,38001,41,5.79
151,40001,41,5.27
151,42001,41,5.27
151,44001,41,5.6
151,46001,41,6.01
151,48001,41,6.44
151,50001,41,5.36
151,52001,41,4.42
151,54001,41,3.83
151,56001,41,3.66
151,58001,41,3.66
151,60001,41,3.62
151,62001,41,3.42
151,64001,41,3.35
151,65535,41,3.4
151,1,51,2.83
151,2001,51,3.87
151,4001,51,7.14
151,6001,51,7.17
151,8001,51,7.28
151,10001,51,7.15
151,12001,51,5.27
151,14001,51,4.5
151,16001,51,4.07
151,18001,51,3.49
151,20001,51,3.15
151,22001,51,3.0
151,24001,51,3.28
151,26001,51,3.44
151,28001,51,3.46
151,30001,51,3.61
151,32001,51,3.48
151,34001,51,4.21
151,36001,51,5.1
151,38001,51,6.23
151,40001,51,5.87
151,42001,51,5.52
151,44001,51,5.07
151,46001,51,5.5
151,48001,51,5.77
151,50001,51,4.69
151,52001,51,3.93
151,54001,51,3.32
151,56001,51,3.26
151,58001,51,3.13
151,60001,51,3.03
151,62001,51,3.0
151,64001,51,2.89
151,65535,51,2.85
151,1,61,2.55
151,2001,61,3.24
151,4001,61,6.41
151,6001,61,7.33
151,8001,61,7.27
151,10001,61,6.24
151,12001,61,4.59
151,14001,61,3.97
151,16001,61,3.41
151,18001,61,3.04
151,20001,61,2.78
151,22001,61,2.66
151,24001,61,2.76
151,26001,61,2.88
151,28001,61,3.03
151,30001,61,3.04
151,32001,61,3.13
151,34001,61,3.49
151,36001,61,4.4
151,38001,61,5.89
151,40001,61,5.28
151,42001,61,4.37
151,44001,61,4.1
151,46001,61,4.38
151,48001,61,4.8
151,50001,61,4.19
151,52001,61,3.52
151,54001,61,3.1
151,56001,61,2.94
151,58001,61,2.75
151,60001,61,2.61
151,62001,61,2.62
151,64001,61,2.58
151,65535,61,2.52
151,1,71,2.32
151,2001,71,3.06
151,4001,71,5.78
151,6001,71,7.24
151,8001,71,7.11
151,10001,71,5.24
151,12001,71,4.09
151,14001,71,3.53
151,16001,71,3.04
151,18001,71,2.78
151,20001,71,2.56
151,22001,71,2.41
151,24001,71,2.42
151,26001,71,2.66
151,28001,71,2.74
151,30001,71,2.82
151,32001,71,2.92
151,34001,71,3.16
151,36001,71,3.8
151,38001,71,4.96
151,40001,71,4.33
151,42001,71,3.73
151,44001,71,3.54
151,46001,71,3.8
151,48001,71,4.19
151,50001,71,3.65
151,52001,71,3.23
151,54001,71,2.74
151,56001,71,2.55
151,58001,71,2.64
151,60001,71,2.56
151,62001,71,2.27
151,64001,71,2.22
151,65535,71,2.2
151,1,81,2.01
151,2001,81,2.69
151,4001,81,4.89
151,6001,81,7.24
151,8001,81,7.14
151,10001,81,4.86
151,12001,81,3.66
151,14001,81,3.13
151,16001,81,2.65
151,18001,81,2.49
151,20001,81,2.29
151,22001,81,2.13
151,24001,81,2.26
151,26001,81,2.31
151,28001,81,2.38
151,30001,81,2.58
151,32001,81,2.64
151,34001,81,2.88
151,36001,81,3.47
151,38001,81,4.4
151,40001,81,3.75
151,42001,81,3.32
151,44001,81,3.08
151,46001,81,3.34
151,48001,81,3.65
151,50001,81,3.57
151,52001,81,2.94
151,54001,81,2.43
151,56001,81,2.49
151,58001,81,2.25
151,60001,81,2.14
151,62001,81,2.22
151,64001,81,1.99
151,65535,81,2.06
151,1,91,1.96
151,2001,91,2.5
151,4001,91,4.55
151,6001,91,6.59
151,8001,91,7.37
151,10001,91,4.51
151,12001,91,3.51
151,14001,91,2.95
151,16001,91,2.58
151,18001,91,2.19
151,20001,91,1.99
151,22001,91,1.95
151,24001,91,2.22
151,26001,91,2.11
151,28001,91,2.21
151,30001,91,2.32
151,32001,91,2.29
151,34001,91,2.63
151,36001,91,3.15
151,38001,91,3.94
151,40001,91,3.48
151,42001,91,2.95
151,44001,91,2.7
151,46001,91,2.88
151,48001,91,3.16
151,50001,91,3.28
151,52001,91,2.77
151,54001,91,2.39
151,56001,91,2.22
151,58001,91,2.15
151,60001,91,2.06
151,62001,91,1.96
151,64001,91,1.94
151,65535,91,1.89
151,1,101,1.81
151,2001,101,2.28
151,4001,101,3.95
151,6001,101,6.0
151,8001,101,6.93
151,10001,101,4.19
151,12001,101,3.28
151,14001,101,2.59
151,16001,101,2.36
151,18001,101,2.12
151,20001,101,1.99
151,22001,101,1.86
151,24001,101,1.86
151,26001,101,2.01
151,28001,101,2.04
151,30001,101,2.11
151,32001,101,2.19
151,34001,101,2.53
151,36001,101,2.97
151,38001,101,3.64
151,40001,101,3.11
151,42001,101,2.49
151,44001,101,2.29
151,46001,101,2.68
151,48001,101,2.97
151,50001,101,3.19
151,52001,101,2.6
151,54001,101,2.23
151,56001,101,2.1
151,58001,101,1.93
151,60001,101,1.95
151,62001,101,1.81
151,64001,101,1.83
151,65535,101,1.82
151,1,111,1.62
151,2001,111,2.2
151,4001,111,3.6
151,6001,111,5.85
151,8001,111,6.5
151,10001,111,4.04
151,12001,111,3.06
151,14001,111,2.69
151,16001,111,2.27
151,18001,111,1.99
151,20001,111,1.77
151,22001,111,1.72
151,24001,111,1.74
151,26001,111,1.98
151,28001,111,1.96
151,30001,111,2.07
151,32001,111,2.13
151,34001,111,2.25
151,36001,111,2.75
151,38001,111,3.4
151,40001,111,2.76
151,42001,111,2.47
151,44001,111,2.29
151,46001,111,2.34
151,48001,111,2.73
151,50001,111,2.9
151,52001,111,2.6
151,54001,111,2.14
151,56001,111,1.98
151,58001,111,1.92
151,60001,111,1.83
151,62001,111,1.83
151,64001,111,1.6
151,65535,111,1.72
151,1,121,1.47
151,2001,121,1.96
151,4001,121,3.21
151,6001,121,5.55
151,8001,121,6.16
151,10001,121,3.83
151,12001,121,2.8
151,14001,121,2.45
151,16001,121,2.21
151,18001,121,1.92
151,20001,121,1.7
151,22001,121,1.68
151,24001,121,1.75
151,26001,121,1.71
151,28001,121,1.83
151,30001,121,2.02
151,32001,121,2.02
151,34001,121,2.26
151,36001,121,2.68
151,38001,121,3.22
151,40001,121,2.57
151,42001,121,2.16
151,44001,121,1.96
151,46001,121,2.21
151,48001,121,2.45
151,50001,121,2.88
151,52001,121,2.32
151,54001,121,2.09
151,56001,121,2.1
151,58001,121,1.84
151,60001,121,1.78
151,62001,121,1.62
151,64001,121,1.6
151,65535,121,1.63
151,1,131,1.51
151,2001,131,1.97
151,4001,131,2.89
151,6001,131,5.37
151,8001,131,5.91
151,10001,131,3.75
151,12001,131,2.79
151,14001,131,2.34
151,16001,131,1.85
151,18001,131,1.85
151,20001,131,1.65
151,22001,131,1.48
151,24001,131,1.74
151,26001,131,1.7
151,28001,131,1.73
151,30001,131,1.79
151,32001,131,1.97
151,34001,131,2.15
151,36001,131,2.63
151,38001,131,2.98
151,40001,131,2.32
151,42001,131,2.03
151,44001,131,1.69
151,46001,131,2.05
151,48001,131,2.39
151,50001,131,2.73
151,52001,131,2.3
151,54001,131,2.03
151,56001,131,1.88
151,58001,131,1.88
151,60001,131,1.65
151,62001,131,1.58
151,64001,131,1.47
151,65535,131,1.55
151,1,141,1.41
151,2001,141,1.66
151,4001,141,2.78
151,6001,141,5.04
151,8001,141,5.6
151,10001,141,3.64
151,12001,141,2.61
151,14001,141,2.3
151,16001,141,1.97
151,18001,141,1.61
151,20001,141,1.54
151,22001,141,1.59
151,24001,141,1.54
151,26001,141,1.7
151,28001,141,1.76
151,30001,141,1.77
151,32001,141,1.84
151,34001,141,2.03
151,36001,141,2.33
151,38001,141,2.82
151,40001,141,2.24
151,42001,141,1.67
151,44001,141,1.69
151,46001,141,1.83
151,48001,141,2.15
151,50001,141,2.57
151,52001,141,2.1
151,54001,141,2.03
151,56001,141,1.84
151,58001,141,1.78
151,60001,141,1.56
151,62001,141,1.4
151,64001,141,1.46
151,65535,141,1.45
151,1,151,1.29
151,2001,151,1.71
151,4001,151,2.64
151,6001,151,5.21
151,8001,151,5.33
151,10001,151,3.49
151,12001,151,2.65
151,14001,151,2.14
151,16001,151,1.76
151,18001,151,1.71
151,20001,151,1.57
151,22001,151,1.45
151,24001,151,1.55
151,26001,151,1.5
151,28001,151,1.65
151,30001,151,1.67
151,32001,151,1.82
151,34001,151,2.01
151,36001,151,2.38
151,38001,151,2.69
151,40001,151,2.16
151,42001,151,1.7
151,44001,151,1.61
151,46001,151,1.75
151,48001,151,2.13
151,50001,151,2.53
151,52001,151,2.17
151,54001,151,1.99
151,56001,151,1.76
151,58001,151,1.69
151,60001,151,1.54
151,62001,151,1.53
151,64001,151,1.46
151,65535,151,1.38
151,1,161,1.39
151,2001,161,1.59
151,4001,161,2.3
151,6001,161,5.08
151,8001,161,5.05
151,10001,161,3.4
151,12001,161,2.56
151,14001,161,2.13
151,16001,161,1.71
151,18001,161,1.6
151,20001,161,1.59
151,22001,161,1.41
151,24001,161,1.46
151,26001,161,1.5
151,28001,161,1.57
151,30001,161,1.76
151,32001,161,1.89
151,34001,161,1.92
151,36001,161,2.26
151,38001,161,2.43
151,40001,161,1.94
151,42001,161,1.68
151,44001,161,1.46
151,46001,161,1.64
151,48001,161,2.04
151,50001,161,2.44
151,52001,161,2.17
151,54001,161,1.88
151,56001,161,1.73
151,58001,161,1.63
151,60001,161,1.45
151,62001,161,1.31
151,64001,161,1.42
151,65535,161,1.38
151,1,171,1.27
151,2001,171,1.53
151,4001,171,2.13
151,6001,171,4.95
151,8001,171,4.97
151,10001,171,2.77
151,12001,171,2.23
151,14001,171,2.17
151,16001,171,1.73
151,18001,171,1.72
151,20001,171,1.46
151,22001,171,1.36
151,24001,171,1.5
151,26001,171,1.51
151,28001,171,1.51
151,30001,171,1.69
151,32001,171,1.79
151,34001,171,1.97
151,36001,171,2.33
151,38001,171,2.32
151,40001,171,1.97
151,42001,171,1.45
151,44001,171,1.34
151,46001,171,1.55
151,48001,171,1.8
151,50001,171,2.15
151,52001,171,2.12
151,54001,171,1.81
151,56001,171,1.66
151,58001,171,1.56
151,60001,171,1.45
151,62001,171,1.39
151,64001,171,1.26
151,65535,171,1.38
151,1,181,1.36
151,2001,181,1.55
151,4001,181,1.88
151,6001,181,3.96
151,8001,181,3.02
151,10001,181,2.71
151,12001,181,2.2
151,14001,181,1.86
151,16001,181,1.53
151,18001,181,1.55
151,20001,181,1.53
151,22001,181,1.4
151,24001,181,1.46
151,26001,181,1.58
151,28001,181,1.44
151,30001,181,1.65
151,32001,181,1.78
151,34001,181,2.01
151,36001,181,2.22
151,38001,181,2.29
151,40001,181,1.74
151,42001,181,1.51
151,44001,181,1.38
151,46001,181,1.53
151,48001,181,1.84
151,50001,181,2.04
151,52001,181,2.03
151,54001,181,1.79
151,56001,181,1.74
151,58001,181,1.56
151,60001,181,1.39
151,62001,181,1.33
151,64001,181,1.3
151,65535,181,1.39
151,1,191,1.29
151,2001,191,1.35
151,4001,191,1.88
151,6001,191,2.44
151,8001,191,2.25
151,10001,191,2.52
151,12001,191,2.15
151,14001,191,1.9
151,16001,191,1.65
151,18001,191,1.59
151,20001,191,1.37
151,22001,191,1.44
151,24001,191,1.41
151,26001,191,1.41
151,28001,191,1.54
151,30001,191,1.6
151,32001,191,1.74
151,34001,191,1.96
151,36001,191,2.21
151,38001,191,2.16
151,40001,191,1.73
151,42001,191,1.37
151,44001,191,1.25
151,46001,191,1.5
151,48001,191,1.69
151,50001,191,1.89
151,52001,191,2.06
151,54001,191,1.81
151,56001,191,1.64
151,58001,191,1.67
151,60001,191,1.52
151,62001,191,1.34
151,64001,191,1.24
151,65535,191,1.23
151,1,201,1.17
151,2001,201,1.39
151,4001,201,1.95
151,6001,201,1.91
151,8001,201,2.05
151,10001,201,2.46
151,12001,201,2.07
151,14001,201,1.84
151,16001,201,1.62
151,18001,201,1.43
151,20001,201,1.45
151,22001,201,1.36
151,24001,201,1.43
151,26001,201,1.4
151,28001,201,1.48
151,30001,201,1.61
151,32001,201,1.72
151,34001,201,1.86
151,36001,201,2.15
151,38001,201,2.05
151,40001,201,1.5
151,42001,201,1.38
151,44001,201,1.14
151,46001,201,1.35
151,48001,201,1.66
151,50001,201,1.97
151,52001,201,2.11
151,54001,201,1.74
151,56001,201,1.59
151,58001,201,1.52
151,60001,201,1.39
151,62001,201,1.36
151,64001,201,1.29
151,65535,201,1.22
151,1,211,1.23
151,2001,211,1.35
151,4001,211,1.62
151,6001,211,1.73
151,8001,211,2.01
151,10001,211,2.41
151,12001,211,2.08
151,14001,211,1.82
151,16001,211,1.65
151,18001,211,1.52
151,20001,211,1.39
151,22001,211,1.31
151,24001,211,1.31
151,26001,211,1.52
151,28001,211,1.48
151,30001,211,1.51
151,32001,211,1.73
151,34001,211,1.86
151,36001,211,2.25
151,38001,211,1.9
151,40001,211,1.5
151,42001,211,1.24
151,44001,211,1.13
151,46001,211,1.28
151,48001,211,1.48
151,50001,211,1.9
151,52001,211,2.09
151,54001,211,1.77
151,56001,211,1.53
151,58001,211,1.42
151,60001,211,1.38
151,62001,211,1.28
151,64001,211,1.17
151,65535,211,1.29
151,1,221,1.19
151,2001,221,1.34
151,4001,221,1.41
151,6001,221,1.7
151,8001,221,1.98
151,10001,221,2.36
151,12001,221,2.07
151,14001,221,1.75
151,16001,221,1.57
151,18001,221,1.51
151,20001,221,1.43
151,22001,221,1.19
151,24001,221,1.29
151,26001,221,1.44
151,28001,221,1.41
151,30001,221,1.58
151,32001,221,1.64
151,34001,221,1.88
151,36001,221,2.36
151,38001,221,1.94
151,40001,221,1.59
151,42001,221,1.26
151,44001,221,1.14
151,46001,221,1.33
151,48001,221,1.5
151,50001,221,1.86
151,52001,221,2.05
151,54001,221,1.79
151,56001,221,1.56
151,58001,221,1.49
151,60001,221,1.25
151,62001,221,1.3
151,64001,221,1.26
151,65535,221,1.19
151,1,231,1.29
151,2001,231,1.36
151,4001,231,1.35
151,6001,231,1.6
151,8001,231,2.0
151,10001,231,2.39
151,12001,231,2.07
151,14001,231,1.71
151,16001,231,1.62
151,18001,231,1.48
151,20001,231,1.45
151,22001,231,1.25
151,24001,231,1.35
151,26001,231,1.32
151,28001,231,1.41
151,30001,231,1.59
151,32001,231,1.61
151,34001,231,1.99
151,36001,231,2.24
151,38001,231,1.94
151,40001,231,1.26
151,42001,231,1.12
151,44001,231,1.14
151,46001,231,1.2
151,48001,231,1.43
151,50001,231,1.86
151,52001,231,2.11
151,54001,231,1.78
151,56001,231,1.53
151,58001,231,1.52
151,60001,231,1.31
151,62001,231,1.23
151,64001,231,1.25
151,65535,231,1.2
151,1,241,1.26
151,2001,241,1.25
151,4001,241,1.27
151,6001,241,1.6
151,8001,241,1.95
151,10001,241,2.35
151,12001,241,1.99
151,14001,241,1.83
151,16001,241,1.44
151,18001,241,1.43
151,20001,241,1.33
151,22001,241,1.37
151,24001,241,1.36
151,26001,241,1.32
151,28001,241,1.45
151,30001,241,1.55
151,32001,241,1.76
151,34001,241,2.03
151,36001,241,2.28
151,38001,241,1.8
151,40001,241,1.29
151,42001,241,1.19
151,44001,241,1.21
151,46001,241,1.27
151,48001,241,1.4
151,50001,241,1.86
151,52001,241,2.07
151,54001,241,1.76
151,56001,241,1.62
151,58001,241,1.44
151,60001,241,1.24
151,62001,241,1.13
151,64001,241,1.31
151,65535,241,1.17
151,1,251,1.21
151,2001,251,1.19
151,4001,251,1.28
151,6001,251,1.66
151,8001,251,1.93
151,10001,251,2.38
151,12001,251,2.06
151,14001,251,1.77
151,16001,251,1.49
151,18001,251,1.51
151,20001,251,1.27
151,22001,251,1.34
151,24001,251,1.29
151,26001,251,1.34
151,28001,251,1.5
151,30001,251,1.58
151,32001,251,1.68
151,34001,251,1.96
151,36001,251,2.43
151,38001,251,1.75
151,40001,251,1.29
151,42001,251,1.12
151,44001,251,1.21
151,46001,251,1.14
151,48001,251,1.36
151,50001,251,1.85
151,52001,251,2.35
151,54001,251,1.87
151,56001,251,1.66
151,58001,251,1.55
151,60001,251,1.33
151,62001,251,1.2
151,64001,251,1.27
151,65535,251,1.27
151,1,254,1.17
151,2001,254,1.25
151,4001,254,1.64
151,6001,254,1.52
151,8001,254,1.95
151,10001,254,2.24
151,12001,254,1.93
151,14001,254,1.78
151,16001,254,1.48
151,18001,254,1.37
151,20001,254,1.34
151,22001,254,1.31
151,24001,254,1.25
151,26001,254,1.34
151,28001,254,1.41
151,30001,254,1.49
151,32001,254,1.74
151,34001,254,1.89
151,36001,254,2.46
151,38001,254,1.65
151,40001,254,1.32
151,42001,254,1.26
151,44001,254,1.11
151,46001,254,1.12
151,48001,254,1.36
151,50001,254,1.78
151,52001,254,2.14
151,54001,254,1.83
151,56001,254,1.52
151,58001,254,1.44
151,60001,254,1.22
151,62001,254,1.26
151,64001,254,1.26
151,65535,254,1.22
161,1,1,5.47
161,2001,1,5.42
161,4001,1,5.48
161,6001,1,5.55
161,8001,1,5.46
161,10001,1,5.54
161,12001,1,5.45
161,14001,1,5.34
161,16001,1,5.41
161,18001,1,5.43
161,20001,1,5.38
161,22001,1,5.4
161,24001,1,5.4
161,26001,1,5.58
161,28001,1,5.37
161,30001,1,5.38
161,32001,1,5.51
161,34001,1,5.36
161,36001,1,5.43
161,38001,1,5.32
161,40001,1,5.44
161,42001,1,5.56
161,44001,1,5.46
161,46001,1,5.5
161,48001,1,5.42
161,50001,1,5.49
161,52001,1,5.34
161,54001,1,5.4
161,56001,1,5.36
161,58001,1,5.44
161,60001,1,5.41
161,62001,1,5.43
161,64001,1,5.51
161,65535,1,5.52
161,1,11,5.89
161,2001,11,5.83
161,4001,11,5.84
161,6001,11,5.83
161,8001,11,5.92
161,10001,11,5.88
161,12001,11,5.92
161,14001,11,6.05
161,16001,11,6.04
161,18001,11,5.84
161,20001,11,5.85
161,22001,11,5.89
161,24001,11,5.73
161,26001,11,5.6
161,28001,11,5.33
161,30001,11,5.2
161,32001,11,5.25
161,34001,11,5.12
161,36001,11,5.23
161,38001,11,5.42
161,40001,11,5.45
161,42001,11,5.46
161,44001,11,5.64
161,46001,11,5.62
161,48001,11,5.9
161,50001,11,5.9
161,52001,11,6.18
161,54001,11,6.12
161,56001,11,6.09
161,58001,11,6.08
161,60001,11,5.99
161,62001,11,5.87
161,64001,11,5.96
161,65535,11,6.02
161,1,21,5.91
161,2001,21,6.35
161,4001,21,6.39
161,6001,21,6.22
161,8001,21,6.55
161,10001,21,6.82
161,12001,21,6.77
161,14001,21,6.77
161,16001,21,6.75
161,18001,21,6.7
161,20001,21,6.67
161,22001,21,6.56
161,24001,21,6.25
161,26001,21,5.98
161,28001,21,5.76
161,30001,21,5.97
161,32001,21,5.98
161,34001,21,5.85
161,36001,21,5.63
161,38001,21,5.35
161,40001,21,5.52
161,42001,21,5.7
161,44001,21,5.84
161,46001,21,5.95
161,48001,21,6.37
161,50001,21,6.53
161,52001,21,6.5
161,54001,21,6.73
161,56001,21,6.34
161,58001,21,6.15
161,60001,21,6.11
161,62001,21,6.21
161,64001,21,6.06
161,65535,21,5.97
161,1,31,4.64
161,2001,31,6.12
161,4001,31,6.96
161,6001,31,6.86
161,8001,31,7.27
161,10001,31,7.55
161,12001,31,7.93
161,14001,31,7.89
161,16001,31,7.2
161,18001,31,6.45
161,20001,31,5.86
161,22001,31,5.29
161,24001,31,5.9
161,26001,31,6.49
161,28001,31,6.59
161,30001,31,6.58
161,32001,31,6.73
161,34001,31,6.52
161,36001,31,6.27
161,38001,31,5.97
161,40001,31,5.76
161,42001,31,5.84
161,44001,31,6.17
161,46001,31,6.39
161,48001,31,6.72
161,50001,31,6.96
161,52001,31,6.07
161,54001,31,5.29
161,56001,31,4.89
161,58001,31,4.92
161,60001,31,4.81
161,62001,31,4.83
161,64001,31,4.66
161,65535,31,4.53
161,1,41,3.76
161,2001,41,5.21
161,4001,41,7.56
161,6001,41,7.51
161,8001,41,8.16
161,10001,41,8.67
161,12001,41,7.33
161,14001,41,6.31
161,16001,41,5.57
161,18001,41,5.07
161,20001,41,4.41
161,22001,41,4.08
161,24001,41,4.52
161,26001,41,4.88
161,28001,41,4.95
161,30001,41,5.02
161,32001,41,5.21
161,34001,41,5.95
161,36001,41,6.83
161,38001,41,6.52
161,40001,41,6.0
161,42001,41,6.14
161,44001,41,6.4
161,46001,41,6.73
161,48001,41,7.38
161,50001,41,6.05
161,52001,41,4.99
161,54001,41,4.42
161,56001,41,4.04
161,58001,41,3.96
161,60001,41,4.0
161,62001,41,3.97
161,64001,41,3.89
161,65535,41,3.7
161,1,51,3.26
161,2001,51,4.44
161,4001,51,8.19
161,6001,51,8.37
161,8001,51,8.47
161,10001,51,8.19
161,12001,51,5.98
161,14001,51,5.2
161,16001,51,4.49
161,18001,51,3.99
161,20001,51,3.65
161,22001,51,3.39
161,24001,51,3.72
161,26001,51,3.92
161,28001,51,4.01
161,30001,51,4.13
161,32001,51,4.2
161,34001,51,4.64
161,36001,51,6.12
161,38001,51,7.18
161,40001,51,6.6
161,42001,51,6.3
161,44001,51,5.76
161,46001,51,6.2
161,48001,51,6.48
161,50001,51,5.25
161,52001,51,4.36
161,54001,51,3.96
161,56001,51,3.56
161,58001,51,3.55
161,60001,51,3.34
161,62001,51,3.37
161,64001,51,3.32
161,65535,51,3.21
161,1,61,2.78
161,2001,61,3.88
161,4001,61,7.17
161,6001,61,8.35
161,8001,61,8.21
161,10001,61,7.08
161,12001,61,5.2
161,14001,61,4.44
161,16001,61,3.89
161,18001,61,3.61
161,20001,61,3.24
161,22001,61,2.9
161,24001,61,3.14
161,26001,61,3.22
161,28001,61,3.46
161,30001,61,3.47
161,32001,61,3.59
161,34001,61,4.01
161,36001,61,5.13
161,38001,61,6.64
161,40001,61,5.97
161,42001,61,5.25
161,44001,61,4.65
161,46001,61,5.02
161,48001,61,5.57
161,50001,61,4.59
161,52001,61,3.98
161,54001,61,3.43
161,56001,61,3.21
161,58001,61,3.09
161,60001,61,3.06
161,62001,61,2.91
161,64001,61,2.84
161,65535,61,2.91
161,1,71,2.56
161,2001,71,3.34
161,4001,71,6.57
161,6001,71,8.19
161,8001,71,8.21
161,10001,71,6.1
161,12001,71,4.68
161,14001,71,3.94
161,16001,71,3.46
161,18001,71,3.19
161,20001,71,2.97
161,22001,71,2.72
161,24001,71,2.91
161,26001,71,2.97
161,28001,71,2.99
161,30001,71,3.08
161,32001,71,3.17
161,34001,71,3.64
161,36001,71,4.43
161,38001,71,5.73
161,40001,71,4.89
161,42001,71,4.22
161,44001,71,4.16
161,46001,71,4.31
161,48001,71,4.77
161,50001,71,4.19
161,52001,71,3.63
161,54001,71,3.17
161,56001,71,2.99
161,58001,71,2.81
161,60001,71,2.73
161,62001,71,2.69
161,64001,71,2.62
161,65535,71,2.57
161,1,81,2.36
161,2001,81,3.02
161,4001,81,5.59
161,6001,81,8.24
161,8001,81,8.06
161,10001,81,5.61
161,12001,81,4.24
161,14001,81,3.66
161,16001,81,3.15
161,18001,81,2.81
161,20001,81,2.62
161,22001,81,2.43
161,24001,81,2.51
161,26001,81,2.67
161,28001,81,2.76
161,30001,81,2.87
161,32001,81,2.92
161,34001,81,3.24
161,36001,81,3.95
161,38001,81,4.99
161,40001,81,4.45
161,42001,81,3.6
161,44001,81,3.38
161,46001,81,3.69
161,48001,81,4.17
161,50001,81,4.04
161,52001,81,3.34
161,54001,81,3.01
161,56001,81,2.68
161,58001,81,2.66
161,60001,81,2.56
161,62001,81,2.44
161,64001,81,2.38
161,65535,81,2.28
161,1,91,2.01
161,2001,91,2.74
161,4001,91,5.22
161,6001,91,7.33
161,8001,91,8.35
161,10001,91,5.16
161,12001,91,3.87
161,14001,91,3.31
161,16001,91,2.9
161,18001,91,2.66
161,20001,91,2.46
161,22001,91,2.22
161,24001,91,2.24
161,26001,91,2.4
161,28001,91,2.59
161,30001,91,2.67
161,32001,91,2.77
161,34001,91,2.98
161,36001,91,3.56
161,38001,91,4.51
161,40001,91,3.82
161,42001,91,3.31
161,44001,91,2.96
161,46001,91,3.29
161,48001,91,3.76
161,50001,91,3.72
161,52001,91,3.11
161,54001,91,2.72
161,56001,91,2.54
161,58001,91,2.36
161,60001,91,2.38
161,62001,91,2.3
161,64001,91,2.21
161,65535,91,2.09
161,1,101,2.01
161,2001,101,2.56
161,4001,101,4.29
161,6001,101,6.75
161,8001,101,7.75
161,10001,101,4.79
161,12001,101,3.78
161,14001,101,3.08
161,16001,101,2.76
161,18001,101,2.36
161,20001,101,2.19
161,22001,101,2.06
161,24001,101,2.04
161,26001,101,2.35
161,28001,101,2.35
161,30001,101,2.51
161,32001,101,2.6
161,34001,101,2.86
161,36001,101,3.29
161,38001,101,4.15
161,40001,101,3.59
161,42001,101,2.91
161,44001,101,2.64
161,46001,101,2.98
161,48001,101,3.39
161,50001,101,3.52
161,52001,101,2.84
161,54001,101,2.54
161,56001,101,2.54
161,58001,101,2.39
161,60001,101,2.25
161,62001,101,2.18
161,64001,101,2.1
161,65535,101,2.02
161,1,111,1.92
161,2001,111,2.4
161,4001,111,4.04
161,6001,111,6.56
161,8001,111,7.48
161,10001,111,4.54
161,12001,111,3.51
161,14001,111,2.84
161,16001,111,2.52
161,18001,111,2.3
161,20001,111,2.06
161,22001,111,1.9
161,24001,111,1.99
161,26001,111,2.13
161,28001,111,2.18
161,30001,111,2.33
161,32001,111,2.45
161,34001,111,2.78
161,36001,111,3.08
161,38001,111,3.96
161,40001,111,3.17
161,42001,111,2.64
161,44001,111,2.39
161,46001,111,2.7
161,48001,111,3.02
161,50001,111,3.35
161,52001,111,2.87
161,54001,111,2.59
161,56001,111,2.43
161,58001,111,2.16
161,60001,111,2.17
161,62001,111,1.9
161,64001,111,1.98
161,65535,111,1.97
161,1,121,1.78
161,2001,121,2.12
161,4001,121,3.75
161,6001,121,6.22
161,8001,121,6.97
161,10001,121,4.44
161,12001,121,3.23
161,14001,121,2.71
161,16001,121,2.43
161,18001,121,2.16
161,20001,121,1.88
161,22001,121,1.82
161,24001,121,1.92
161,26001,121,2.04
161,28001,121,2.12
161,30001,121,2.17
161,32001,121,2.24
161,34001,121,2.59
161,36001,121,3.04
161,38001,121,3.53
161,40001,121,2.85
161,42001,121,2.38
161,44001,121,2.24
161,46001,121,2.4
161,48001,121,2.86
161,50001,121,3.23
161,52001,121,2.64
161,54001,121,2.53
161,56001,121,2.19
161,58001,121,2.09
161,60001,121,2.07
161,62001,121,1.87
161,64001,121,1.91
161,65535,121,1.75
161,1,131,1.7
161,2001,131,2.09
161,4001,131,3.31
161,6001,131,6.06
161,8001,131,6.62
161,10001,131,4.26
161,12001,131,3.07
161,14001,131,2.58
161,16001,131,2.23
161,18001,131,2.01
161,20001,131,1.8
161,22001,131,1.78
161,24001,131,1.82
161,26001,131,1.95
161,28001,131,2.06
161,30001,131,2.19
161,32001,131,2.21
161,34001,131,2.64
161,36001,131,2.84
161,38001,131,3.36
161,40001,131,2.71
161,42001,131,2.16
161,44001,131,2.03
161,46001,131,2.28
161,48001,131,2.67
161,50001,131,3.17
161,52001,131,2.67
161,54001,131,2.28
161,56001,131,2.13
161,58001,131,2.11
161,60001,131,1.9
161,62001,131,1.78
161,64001,131,1.7
161,65535,131,1.82
161,1,141,1.68
161,2001,141,1.96
161,4001,141,3.15
161,6001,141,5.78
161,8001,141,6.32
161,10001,141,4.04
161,12001,141,3.06
161,14001,141,2.44
161,16001,141,2.38
161,18001,141,1.96
161,20001,141,1.97
161,22001,141,1.89
161,24001,141,1.76
161,26001,141,1.89
161,28001,141,1.98
161,30001,141,2.05
161,32001,141,2.13
161,34001,141,2.41
161,36001,141,2.72
161,38001,141,3.14
161,40001,141,2.49
161,42001,141,1.99
161,44001,141,1.9
161,46001,141,2.11
161,48001,141,2.5
161,50001,141,2.96
161,52001,141,2.49
161,54001,141,2.16
161,56001,141,2.11
161,58001,141,1.96
161,60001,141,1.77
161,62001,141,1.82
161,64001,141,1.65
161,65535,141,1.6
161,1,151,1.45
161,2001,151,1.77
161,4001,151,2.92
161,6001,151,5.82
161,8001,151,6.13
161,10001,151,4.05
161,12001,151,3.0
161,14001,151,2.53
161,16001,151,2.02
161,18001,151,1.99
161,20001,151,1.73
161,22001,151,1.75
161,24001,151,1.78
161,26001,151,1.83
161,28001,151,1.83
161,30001,151,1.98
161,32001,151,2.08
161,34001,151,2.2
161,36001,151,2.72
161,38001,151,2.96
161,40001,151,2.47
161,42001,151,1.86
161,44001,151,1.81
161,46001,151,2.06
161,48001,151,2.26
161,50001,151,2.76
161,52001,151,2.45
161,54001,151,2.27
161,56001,151,2.08
161,58001,151,1.88
161,60001,151,1.76
161,62001,151,1.78
161,64001,151,1.55
161,65535,151,1.71
161,1,161,1.6
161,2001,161,1.85
161,4001,161,2.64
161,6001,161,5.7
161,8001,161,5.82
161,10001,161,3.77
161,12001,161,2.95
161,14001,161,2.52
161,16001,161,2.05
161,18001,161,1.84
161,20001,161,1.72
161,22001,161,1.66
161,24001,161,1.71
161,26001,161,1.7
161,28001,161,1.8
161,30001,161,1.98
161,32001,161,2.03
161,34001,161,2.27
161,36001,161,2.49
161,38001,161,2.93
161,40001,161,2.3
161,42001,161,1.76
161,44001,161,1.6
161,46001,161,1.91
161,48001,161,2.27
161,50001,161,2.69
161,52001,161,2.45
161,54001,161,2.22
161,56001,161,2.03
161,58001,161,1.82
161,60001,161,1.72
161,62001,161,1.59
161,64001,161,1.58
161,65535,161,1.36
161,1,171,1.6
161,2001,171,1.76
161,4001,171,2.44
161,6001,171,5.83
161,8001,171,5.49
161,10001,171,3.1
161,12001,171,2.6
161,14001,171,2.24
161,16001,171,1.86
161,18001,171,1.76
161,20001,171,1.64
161,22001,171,1.65
161,24001,171,1.58
161,26001,171,1.8
161,28001,171,1.76
161,30001,171,1.77
161,32001,171,2.1
161,34001,171,2.27
161,36001,171,2.42
161,38001,171,2.63
161,40001,171,1.93
161,42001,171,1.68
161,44001,171,1.6
161,46001,171,1.72
161,48001,171,2.17
161,50001,171,2.57
161,52001,171,2.39
161,54001,171,2.12
161,56001,171,1.89
161,58001,171,1.79
161,60001,171,1.65
161,62001,171,1.6
161,64001,171,1.43
161,65535,171,1.6
161,1,181,1.38
161,2001,181,1.68
161,4001,181,2.38
161,6001,181,4.43
161,8001,181,3.51
161,10001,181,2.87
161,12001,181,2.44
161,14001,181,2.25
161,16001,181,1.93
161,18001,181,1.74
161,20001,181,1.71
161,22001,181,1.72
161,24001,181,1.59
161,26001,181,1.74
161,28001,181,1.75
161,30001,181,1.86
161,32001,181,1.99
161,34001,181,2.21
161,36001,181,2.62
161,38001,181,2.6
161,40001,181,1.92
161,42001,181,1.6
161,44001,181,1.4
161,46001,181,1.74
161,48001,181,2.09
161,50001,181,2.36
161,52001,181,2.26
161,54001,181,1.93
161,56001,181,1.84
161,58001,181,1.59
161,60001,181,1.57
161,62001,181,1.52
161,64001,181,1.59
161,65535,181,1.41
161,1,191,1.47
161,2001,191,1.66
161,4001,191,2.14
161,6001,191,2.68
161,8001,191,2.76
161,10001,191,2.79
161,12001,191,2.41
161,14001,191,2.16
161,16001,191,1.94
161,18001,191,1.66
161,20001,191,1.65
161,22001,191,1.44
161,24001,191,1.62
161,26001,191,1.58
161,28001,191,1.75
161,30001,191,1.77
161,32001,191,1.98
161,34001,191,2.12
161,36001,191,2.53
161,38001,191,2.5
161,40001,191,1.91
161,42001,191,1.63
161,44001,191,1.48
161,46001,191,1.69
161,48001,191,1.92
161,50001,191,2.36
161,52001,191,2.31
161,54001,191,2.08
161,56001,191,1.74
161,58001,191,1.76
161,60001,191,1.57
161,62001,191,1.48
161,64001,191,1.34
161,65535,191,1.54
161,1,201,1.37
161,2001,201,1.46
161,4001,201,2.22
161,6001,201,2.16
161,8001,201,2.33
161,10001,201,2.73
161,12001,201,2.43
161,14001,201,2.09
161,16001,201,1.88
161,18001,201,1.76
161,20001,201,1.56
161,22001,201,1.53
161,24001,201,1.58
161,26001,201,1.6
161,28001,201,1.72
161,30001,201,1.86
161,32001,201,1.88
161,34001,201,2.12
161,36001,201,2.58
161,38001,201,2.32
161,40001,201,1.82
161,42001,201,1.55
161,44001,201,1.24
161,46001,201,1.54
161,48001,201,1.73
161,50001,201,2.27
161,52001,201,2.3
161,54001,201,1.96
161,56001,201,1.84
161,58001,201,1.69
161,60001,201,1.61
161,62001,201,1.41
161,64001,201,1.42
161,65535,201,1.44
161,1,211,1.5
161,2001,211,1.45
161,4001,211,1.95
161,6001,211,1.89
161,8001,211,2.36
161,10001,211,2.81
161,12001,211,2.46
161,14001,211,2.09
161,16001,211,1.82
161,18001,211,1.61
161,20001,211,1.58
161,22001,211,1.56
161,24001,211,1.46
161,26001,211,1.56
161,28001,211,1.74
161,30001,211,1.84
161,32001,211,1.9
161,34001,211,2.11
161,36001,211,2.54
161,38001,211,2.19
161,40001,211,1.67
161,42001,211,1.44
161,44001,211,1.35
161,46001,211,1.42
161,48001,211,1.79
161,50001,211,1.99
161,52001,211,2.25
161,54001,211,2.0
161,56001,211,1.86
161,58001,211,1.59
161,60001,211,1.65
161,62001,211,1.47
161,64001,211,1.37
161,65535,211,1.4
161,1,221,1.32
161,2001,221,1.51
161,4001,221,1.66
161,6001,221,1.93
161,8001,221,2.43
161,10001,221,2.77
161,12001,221,2.3
161,14001,221,1.92
161,16001,221,1.83
161,18001,221,1.57
161,20001,221,1.55
161,22001,221,1.45
161,24001,221,1.55
161,26001,221,1.61
161,28001,221,1.51
161,30001,221,1.75
161,32001,221,1.86
161,34001,221,2.15
161,36001,221,2.69
161,38001,221,2.22
161,40001,221,1.67
161,42001,221,1.28
161,44001,221,1.33
161,46001,221,1.39
161,48001,221,1.67
161,50001,221,2.07
161,52001,221,2.3
161,54001,221,2.14
161,56001,221,1.77
161,58001,221,1.71
161,60001,221,1.51
161,62001,221,1.47
161,64001,221,1.33
161,65535,221,1.38
161,1,231,1.39
161,2001,231,1.33
161,4001,231,1.61
161,6001,231,1.87
161,8001,231,2.12
161,10001,231,2.75
161,12001,231,2.36
161,14001,231,2.01
161,16001,231,1.8
161,18001,231,1.73
161,20001,231,1.45
161,22001,231,1.39
161,24001,231,1.43
161,26001,231,1.66
161,28001,231,1.63
161,30001,231,1.64
161,32001,231,1.81
161,34001,231,2.18
161,36001,231,2.63
161,38001,231,2.01
161,40001,231,1.5
161,42001,231,1.32
161,44001,231,1.33
161,46001,231,1.38
161,48001,231,1.57
161,50001,231,2.13
161,52001,231,2.34
161,54001,231,2.11
161,56001,231,1.67
161,58001,231,1.79
161,60001,231,1.5
161,62001,231,1.51
161,64001,231,1.44
161,65535,231,1.37
161,1,241,1.39
161,2001,241,1.4
161,4001,241,1.56
161,6001,241,1.72
161,8001,241,2.23
161,10001,241,2.77
161,12001,241,2.41
161,14001,241,2.02
161,16001,241,1.68
161,18001,241,1.54
161,20001,241,1.53
161,22001,241,1.43
161,24001,241,1.37
161,26001,241,1.51
161,28001,241,1.62
161,30001,241,1.72
161,32001,241,1.93
161,34001,241,2.23
161,36001,241,2.73
161,38001,241,1.98
161,40001,241,1.5
161,42001,241,1.27
161,44001,241,1.29
161,46001,241,1.36
161,48001,241,1.71
161,50001,241,1.99
161,52001,241,2.51
161,54001,241,2.16
161,56001,241,1.81
161,58001,241,1.69
161,60001,241,1.52
161,62001,241,1.43
161,64001,241,1.45
161,65535,241,1.41
161,1,251,1.35
161,2001,251,1.36
161,4001,251,1.55
161,6001,251,1.77
161,8001,251,2.15
161,10001,251,2.57
161,12001,251,2.31
161,14001,251,1.93
161,16001,251,1.76
161,18001,251,1.56
161,20001,251,1.44
161,22001,251,1.56
161,24001,251,1.41
161,26001,251,1.63
161,28001,251,1.66
161,30001,251,1.68
161,32001,251,1.96
161,34001,251,2.22
161,36001,251,2.75
161,38001,251,1.88
161,40001,251,1.44
161,42001,251,1.22
161,44001,251,1.31
161,46001,251,1.37
161,48001,251,1.61
161,50001,251,1.93
161,52001,251,2.45
161,54001,251,2.1
161,56001,251,1.74
161,58001,251,1.53
161,60001,251,1.43
161,62001,251,1.46
161,64001,251,1.42
161,65535,251,1.34
161,1,254,1.33
161,2001,254,1.38
161,4001,254,1.48
161,6001,254,1.75
161,8001,254,2.19
161,10001,254,2.8
161,12001,254,2.37
161,14001,254,1.91
161,16001,254,1.79
161,18001,254,1.48
161,20001,254,1.46
161,22001,254,1.48
161,24001,254,1.49
161,26001,254,1.65
161,28001,254,1.6
161,30001,254,1.7
161,32001,254,1.8
161,34001,254,2.26
161,36001,254,2.66
161,38001,254,1.89
161,40001,254,1.51
161,42001,254,1.28
161,44001,254,1.3
161,46001,254,1.41
161,48001,254,1.57
161,50001,254,1.99
161,52001,254,2.46
161,54001,254,2.05
161,56001,254,1.85
161,58001,254,1.71
161,60001,254,1.5
161,62001,254,1.46
161,64001,254,1.34
161,65535,254,1.41
171,1,1,6.09
171,2001,1,6.05
171,4001,1,6.13
171,6001,1,6.28
171,8001,1,6.21
171,10001,1,6.27
171,12001,1,6.11
171,14001,1,6.08
171,16001,1,6.08
171,18001,1,6.11
171,20001,1,6.12
171,22001,1,6.15
171,24001,1,6.1
171,26001,1,6.1
171,28001,1,6.17
171,30001,1,6.13
171,32001,1,6.16
171,34001,1,6.17
171,36001,1,6.23
171,38001,1,6.23
171,40001,1,6.2
171,42001,1,6.05
171,44001,1,6.21
171,46001,1,6.19
171,48001,1,6.13
171,50001,1,6.23
171,52001,1,6.03
171,54001,1,6.13
171,56001,1,6.13
171,58001,1,6.25
171,60001,1,6.08
171,62001,1,6.12
171,64001,1,6.23
171,65535,1,6.38
171,1,11,6.67
171,2001,11,6.56
171,4001,11,6.68
171,6001,11,6.63
171,8001,11,6.64
171,10001,11,6.71
171,12001,11,6.73
171,14001,11,6.72
171,16001,11,6.75
171,18001,11,6.71
171,20001,11,6.56
171,22001,11,6.6
171,24001,11,6.47
171,26001,11,6.2
171,28001,11,6.26
171,30001,11,5.84
171,32001,11,5.87
171,34001,11,5.89
171,36001,11,5.85
171,38001,11,6.05
171,40001,11,6.15
171,42001,11,6.31
171,44001,11,6.4
171,46001,11,6.65
171,48001,11,6.53
171,50001,11,6.58
171,52001,11,6.72
171,54001,11,6.86
171,56001,11,6.82
171,58001,11,6.8
171,60001,11,6.83
171,62001,11,6.63
171,64001,11,6.65
171,65535,11,6.68
171,1,21,6.74
171,2001,21,7.22
171,4001,21,7.29
171,6001,21,7.19
171,8001,21,7.26
171,10001,21,7.69
171,12001,21,7.63
171,14001,21,7.72
171,16001,21,7.6
171,18001,21,7.53
171,20001,21,7.59
171,22001,21,7.49
171,24001,21,7.01
171,26001,21,6.74
171,28001,21,6.54
171,30001,21,6.66
171,32001,21,6.61
171,34001,21,6.45
171,36001,21,6.31
171,38001,21,5.94
171,40001,21,6.12
171,42001,21,6.51
171,44001,21,6.55
171,46001,21,6.88
171,48001,21,7.03
171,50001,21,7.31
171,52001,21,7.39
171,54001,21,7.58
171,56001,21,7.08
171,58001,21,7.05
171,60001,21,7.0
171,62001,21,6.89
171,64001,21,6.81
171,65535,21,6.77
171,1,31,5.18
171,2001,31,6.96
171,4001,31,7.87
171,6001,31,7.9
171,8001,31,8.19
171,10001,31,8.75
171,12001,31,8.87
171,14001,31,8.86
171,16001,31,8.09
171,18001,31,7.14
171,20001,31,6.61
171,22001,31,6.07
171,24001,31,6.67
171,26001,31,7.26
171,28001,31,7.36
171,30001,31,7.5
171,32001,31,7.6
171,34001,31,7.48
171,36001,31,7.11
171,38001,31,6.74
171,40001,31,6.35
171,42001,31,6.59
171,44001,31,6.89
171,46001,31,7.19
171,48001,31,7.61
171,50001,31,7.92
171,52001,31,6.72
171,54001,31,5.84
171,56001,31,5.6
171,58001,31,5.46
171,60001,31,5.46
171,62001,31,5.31
171,64001,31,5.19
171,65535,31,5.25
171,1,41,4.24
171,2001,41,5.82
171,4001,41,8.69
171,6001,41,8.66
171,8001,41,9.26
171,10001,41,9.5
171,12001,41,8.14
171,14001,41,7.13
171,16001,41,6.24
171,18001,41,5.62
171,20001,41,5.05
171,22001,41,4.7
171,24001,41,5.1
171,26001,41,5.33
171,28001,41,5.64
171,30001,41,5.67
171,32001,41,5.69
171,34001,41,6.63
171,36001,41,7.7
171,38001,41,7.57
171,40001,41,6.76
171,42001,41,6.7
171,44001,41,7.32
171,46001,41,7.75
171,48001,41,8.17
171,50001,41,6.81
171,52001,41,5.58
171,54001,41,5.08
171,56001,41,4.62
171,58001,41,4.53
171,60001,41,4.43
171,62001,41,4.46
171,64001,41,4.37
171,65535,41,4.3
171,1,51,3.59
171,2001,51,4.87
171,4001,51,9.22
171,6001,51,9.29
171,8001,51,9.42
171,10001,51,9.03
171,12001,51,6.8
171,14001,51,5.79
171,16001,51,5.15
171,18001,51,4.51
171,20001,51,4.05
171,22001,51,3.77
171,24001,51,4.24
171,26001,51,4.37
171,28001,51,4.44
171,30001,51,4.76
171,32001,51,4.78
171,34001,51,5.28
171,36001,51,6.95
171,38001,51,8.1
171,40001,51,7.47
171,42001,51,6.91
171,44001,51,6.28
171,46001,51,6.94
171,48001,51,7.38
171,50001,51,5.89
171,52001,51,5.02
171,54001,51,4.33
171,56001,51,4.12
171,58001,51,3.97
171,60001,51,3.85
171,62001,51,3.73
171,64001,51,3.68
171,65535,51,3.7
171,1,61,3.22
171,2001,61,4.22
171,4001,61,8.16
171,6001,61,9.42
171,8001,61,9.57
171,10001,61,7.86
171,12001,61,5.93
171,14001,61,4.91
171,16001,61,4.36
171,18001,61,3.96
171,20001,61,3.64
171,22001,61,3.21
171,24001,61,3.59
171,26001,61,3.69
171,28001,61,3.8
171,30001,61,3.97
171,32001,61,4.15
171,34001,61,4.6
171,36001,61,5.8
171,38001,61,7.59
171,40001,61,6.67
171,42001,61,5.98
171,44001,61,5.24
171,46001,61,5.64
171,48001,61,6.15
171,50001,61,5.43
171,52001,61,4.54
171,54001,61,3.88
171,56001,61,3.63
171,58001,61,3.51
171,60001,61,3.34
171,62001,61,3.46
171,64001,61,3.27
171,65535,61,3.23
171,1,71,2.82
171,2001,71,3.81
171,4001,71,7.41
171,6001,71,9.27
171,8001,71,9.21
171,10001,71,6.81
171,12001,71,5.27
171,14001,71,4.5
171,16001,71,3.8
171,18001,71,3.46
171,20001,71,3.14
171,22001,71,3.03
171,24001,71,3.29
171,26001,71,3.24
171,28001,71,3.34
171,30001,71,3.46
171,32001,71,3.77
171,34001,71,4.22
171,36001,71,4.9
171,38001,71,6.46
171,40001,71,5.39
171,42001,71,4.76
171,44001,71,4.44
171,46001,71,4.9
171,48001,71,5.21
171,50001,71,4.75
171,52001,71,3.97
171,54001,71,3.49
171,56001,71,3.35
171,58001,71,3.21
171,60001,71,3.07
171,62001,71,2.95
171,64001,71,2.95
171,65535,71,2.82
171,1,81,2.63
171,2001,81,3.38
171,4001,81,6.15
171,6001,81,9.36
171,8001,81,8.95
171,10001,81,6.15
171,12001,81,4.72
171,14001,81,4.01
171,16001,81,3.55
171,18001,81,3.25
171,20001,81,2.89
171,22001,81,2.69
171,24001,81,2.87
171,26001,81,3.0
171,28001,81,3.08
171,30001,81,3.16
171,32001,81,3.3
171,34001,81,3.67
171,36001,81,4.38
171,38001,81,5.75
171,40001,81,4.9
171,42001,81,4.18
171,44001,81,3.95
171,46001,81,4.16
171,48001,81,4.64
171,50001,81,4.43
171,52001,81,3.75
171,54001,81,3.39
171,56001,81,3.03
171,58001,81,3.01
171,60001,81,2.9
171,62001,81,2.82
171,64001,81,2.74
171,65535,81,2.64
171,1,91,2.45
171,2001,91,3.2
171,4001,91,5.95
171,6001,91,8.34
171,8001,91,9.47
171,10001,91,5.7
171,12001,91,4.45
171,14001,91,3.55
171,16001,91,3.22
171,18001,91,2.88
171,20001,91,2.65
171,22001,91,2.47
171,24001,91,2.48
171,26001,91,2.72
171,28001,91,2.81
171,30001,91,2.86
171,32001,91,3.03
171,34001,91,3.36
171,36001,91,4.03
171,38001,91,5.0
171,40001,91,4.37
171,42001,91,3.68
171,44001,91,3.38
171,46001,91,3.8
171,48001,91,4.18
171,50001,91,4.19
171,52001,91,3.57
171,54001,91,3.06
171,56001,91,2.88
171,58001,91,2.75
171,60001,91,2.66
171,62001,91,2.48
171,64001,91,2.42
171,65535,91,2.51
171,1,101,2.11
171,2001,101,2.9
171,4001,101,4.89
171,6001,101,7.72
171,8001,101,8.82
171,10001,101,5.42
171,12001,101,4.11
171,14001,101,3.48
171,16001,101,3.1
171,18001,101,2.72
171,20001,101,2.53
171,22001,101,2.33
171,24001,101,2.47
171,26001,101,2.55
171,28001,101,2.62
171,30001,101,2.73
171,32001,101,2.98
171,34001,101,3.05
171,36001,101,3.74
171,38001,101,4.67
171,40001,101,3.89
171,42001,101,3.37
171,44001,101,2.91
171,46001,101,3.39
171,48001,101,3.84
171,50001,101,3.96
171,52001,101,3.31
171,54001,101,2.98
171,56001,101,2.73
171,58001,101,2.7
171,60001,101,2.45
171,62001,101,2.3
171,64001,101,2.3
171,65535,101,2.2
171,1,111,2.07
171,2001,111,2.63
171,4001,111,4.54
171,6001,111,7.37
171,8001,111,8.3
171,10001,111,5.17
171,12001,111,3.84
171,14001,111,3.29
171,16001,111,2.86
171,18001,111,2.5
171,20001,111,2.35
171,22001,111,2.17
171,24001,111,2.32
171,26001,111,2.43
171,28001,111,2.56
171,30001,111,2.5
171,32001,111,2.7
171,34001,111,3.05
171,36001,111,3.6
171,38001,111,4.26
171,40001,111,3.63
171,42001,111,2.92
171,44001,111,2.77
171,46001,111,3.12
171,48001,111,3.43
171,50001,111,3.86
171,52001,111,3.1
171,54001,111,2.77
171,56001,111,2.58
171,58001,111,2.44
171,60001,111,2.26
171,62001,111,2.19
171,64001,111,2.18
171,65535,111,2.18
171,1,121,2.01
171,2001,121,2.51
171,4001,121,4.18
171,6001,121,6.99
171,8001,121,7.89
171,10001,121,4.94
171,12001,121,3.74
171,14001,121,3.06
171,16001,121,2.63
171,18001,121,2.4
171,20001,121,2.21
171,22001,121,2.09
171,24001,121,2.16
171,26001,121,2.25
171,28001,121,2.28
171,30001,121,2.43
171,32001,121,2.68
171,34001,121,2.8
171,36001,121,3.28
171,38001,121,4.01
171,40001,121,3.32
171,42001,121,2.75
171,44001,121,2.45
171,46001,121,2.84
171,48001,121,3.13
171,50001,121,3.72
171,52001,121,3.55
171,54001,121,2.61
171,56001,121,2.52
171,58001,121,2.29
171,60001,121,2.25
171,62001,121,2.21
171,64001,121,2.03
171,65535,121,1.92
171,1,131,1.91
171,2001,131,2.42
171,4001,131,3.82
171,6001,131,6.83
171,8001,131,7.58
171,10001,131,4.71
171,12001,131,3.68
171,14001,131,3.04
171,16001,131,2.45
171,18001,131,2.34
171,20001,131,2.07
171,22001,131,1.99
171,24001,131,2.08
171,26001,131,2.21
171,28001,131,2.2
171,30001,131,2.24
171,32001,131,2.52
171,34001,131,2.82
171,36001,131,3.26
171,38001,131,3.85
171,40001,131,2.99
171,42001,131,2.51
171,44001,131,2.24
171,46001,131,2.54
171,48001,131,3.04
171,50001,131,3.51
171,52001,131,2.96
171,54001,131,2.68
171,56001,131,2.35
171,58001,131,2.21
171,60001,131,2.11
171,62001,131,1.98
171,64001,131,1.91
171,65535,131,1.82
171,1,141,1.76
171,2001,141,2.23
171,4001,141,3.62
171,6001,141,6.58
171,8001,141,7.17
171,10001,141,4.59
171,12001,141,3.52
171,14001,141,2.86
171,16001,141,2.44
171,18001,141,2.27
171,20001,141,2.07
171,22001,141,1.92
171,24001,141,1.83
171,26001,141,2.12
171,28001,141,2.13
171,30001,141,2.29
171,32001,141,2.52
171,34001,141,2.67
171,36001,141,3.23
171,38001,141,3.54
171,40001,141,2.84
171,42001,141,2.3
171,44001,141,2.1
171,46001,141,2.29
171,48001,141,2.74
171,50001,141,3.25
171,52001,141,2.85
171,54001,141,2.63
171,56001,141,2.26
171,58001,141,2.14
171,60001,141,2.06
171,62001,141,1.89
171,64001,141,1.81
171,65535,141,1.91
171,1,151,1.87
171,2001,151,2.07
171,4001,151,3.24
171,6001,151,6.61
171,8001,151,6.79
171,10001,151,4.52
171,12001,151,3.36
171,14001,151,2.87
171,16001,151,2.37
171,18001,151,2.15
171,20001,151,1.96
171,22001,151,1.91
171,24001,151,1.94
171,26001,151,2.01
171,28001,151,2.12
171,30001,151,2.23
171,32001,151,2.51
171,34001,151,2.55
171,36001,151,3.1
171,38001,151,3.33
171,40001,151,2.52
171,42001,151,2.17
171,44001,151,1.94
171,46001,151,2.25
171,48001,151,2.59
171,50001,151,3.1
171,52001,151,2.86
171,54001,151,2.39
171,56001,151,2.2
171,58001,151,2.12
171,60001,151,2.01
171,62001,151,1.87
171,64001,151,1.84
171,65535,151,1.84
171,1,161,1.8
171,2001,161,1.98
171,4001,161,3.14
171,6001,161,6.47
171,8001,161,6.65
171,10001,161,4.24
171,12001,161,3.22
171,14001,161,2.62
171,16001,161,2.52
171,18001,161,2.08
171,20001,161,1.91
171,22001,161,1.79
171,24001,161,1.86
171,26001,161,2.0
171,28001,161,2.09
171,30001,161,2.23
171,32001,161,2.32
171,34001,161,2.6
171,36001,161,3.04
171,38001,161,3.06
171,40001,161,2.59
171,42001,161,2.02
171,44001,161,1.91
171,46001,161,2.13
171,48001,161,2.48
171,50001,161,2.94
171,52001,161,2.69
171,54001,161,2.43
171,56001,161,2.1
171,58001,161,2.12
171,60001,161,1.82
171,62001,161,1.83
171,64001,161,1.73
171,65535,161,1.7
171,1,171,1.67
171,2001,171,1.96
171,4001,171,2.75
171,6001,171,6.76
171,8001,171,6.33
171,10001,171,3.52
171,12001,171,2.93
171,14001,171,2.48
171,16001,171,2.23
171,18001,171,2.19
171,20001,171,1.86
171,22001,171,1.77
171,24001,171,1.77
171,26001,171,1.89
171,28001,171,2.0
171,30001,171,2.06
171,32001,171,2.25
171,34001,171,2.55
171,36001,171,2.98
171,38001,171,2.99
171,40001,171,2.45
171,42001,171,1.93
171,44001,171,1.77
171,46001,171,1.95
171,48001,171,2.4
171,50001,171,2.92
171,52001,171,2.62
171,54001,171,2.45
171,56001,171,2.13
171,58001,171,1.98
171,60001,171,1.87
171,62001,171,1.89
171,64001,171,1.66
171,65535,171,1.61
171,1,181,1.68
171,2001,181,1.92
171,4001,181,2.64
171,6001,181,4.92
171,8001,181,3.87
171,10001,181,3.27
171,12001,181,2.81
171,14001,181,2.38
171,16001,181,2.15
171,18001,181,1.91
171,20001,181,1.86
171,22001,181,1.68
171,24001,181,1.87
171,26001,181,1.82
171,28001,181,1.92
171,30001,181,2.11
171,32001,181,2.22
171,34001,181,2.49
171,36001,181,2.96
171,38001,181,2.82
171,40001,181,2.17
171,42001,181,1.85
171,44001,181,1.65
171,46001,181,1.86
171,48001,181,2.28
171,50001,181,2.76
171,52001,181,2.74
171,54001,181,2.31
171,56001,181,2.11
171,58001,181,1.96
171,60001,181,1.82
171,62001,181,1.66
171,64001,181,1.59
171,65535,181,1.59
171,1,191,1.68
171,2001,191,1.85
171,4001,191,2.49
171,6001,191,3.35
171,8001,191,3.12
171,10001,191,3.03
171,12001,191,2.8
171,14001,191,2.28
171,16001,191,2.17
171,18001,191,1.97
171,20001,191,1.84
171,22001,191,1.76
171,24001,191,1.84
171,26001,191,1.88
171,28001,191,1.93
171,30001,191,2.05
171,32001,191,2.18
171,34001,191,2.52
171,36001,191,2.81
171,38001,191,2.82
171,40001,191,2.27
171,42001,191,1.7
171,44001,191,1.57
171,46001,191,1.72
171,48001,191,2.16
171,50001,191,2.73
171,52001,191,2.62
171,54001,191,2.27
171,56001,191,2.07
171,58001,191,1.93
171,60001,191,1.69
171,62001,191,1.74
171,64001,191,1.69
171,65535,191,1.62
171,1,201,1.48
171,2001,201,1.7
171,4001,201,2.3
171,6001,201,2.48
171,8001,201,2.67
171,10001,201,3.17
171,12001,201,2.74
171,14001,201,2.25
171,16001,201,2.11
171,18001,201,2.0
171,20001,201,1.73
171,22001,201,1.72
171,24001,201,1.68
171,26001,201,1.82
171,28001,201,1.9
171,30001,201,1.98
171,32001,201,2.19
171,34001,201,2.42
171,36001,201,2.92
171,38001,201,2.68
171,40001,201,2.02
171,42001,201,1.59
171,44001,201,1.6
171,46001,201,1.63
171,48001,201,2.22
171,50001,201,2.57
171,52001,201,2.61
171,54001,201,2.21
171,56001,201,2.12
171,58001,201,1.93
171,60001,201,1.82
171,62001,201,1.67
171,64001,201,1.53
171,65535,201,1.54
171,1,211,1.75
171,2001,211,1.64
171,4001,211,2.13
171,6001,211,2.2
171,8001,211,2.6
171,10001,211,3.14
171,12001,211,2.68
171,14001,211,2.34
171,16001,211,1.99
171,18001,211,1.95
171,20001,211,1.72
171,22001,211,1.76
171,24001,211,1.8
171,26001,211,1.75
171,28001,211,1.81
171,30001,211,1.97
171,32001,211,2.21
171,34001,211,2.46
171,36001,211,2.87
171,38001,211,2.56
171,40001,211,1.96
171,42001,211,1.54
171,44001,211,1.47
171,46001,211,1.69
171,48001,211,2.02
171,50001,211,2.53
171,52001,211,2.63
171,54001,211,2.24
171,56001,211,2.06
171,58001,211,1.93
171,60001,211,1.78
171,62001,211,1.67
171,64001,211,1.54
171,65535,211,1.68
171,1,221,1.6
171,2001,221,1.64
171,4001,221,1.91
171,6001,221,2.12
171,8001,221,2.51
171,10001,221,3.04
171,12001,221,2.69
171,14001,221,2.27
171,16001,221,1.99
171,18001,221,1.72
171,20001,221,1.7
171,22001,221,1.7
171,24001,221,1.71
171,26001,221,1.75
171,28001,221,1.86
171,30001,221,1.95
171,32001,221,2.06
171,34001,221,2.47
171,36001,221,2.92
171,38001,221,2.63
171,40001,221,1.89
171,42001,221,1.56
171,44001,221,1.53
171,46001,221,1.58
171,48001,221,1.91
171,50001,221,2.49
171,52001,221,2.67
171,54001,221,2.33
171,56001,221,2.06
171,58001,221,1.84
171,60001,221,1.66
171,62001,221,1.58
171,64001,221,1.51
171,65535,221,1.5
171,1,231,1.55
171,2001,231,1.45
171,4001,231,1.81
171,6001,231,2.03
171,8001,231,2.44
171,10001,231,3.08
171,12001,231,2.56
171,14001,231,2.3
171,16001,231,2.05
171,18001,231,1.9
171,20001,231,1.64
171,22001,231,1.68
171,24001,231,1.72
171,26001,231,1.69
171,28001,231,1.79
171,30001,231,2.07
171,32001,231,2.08
171,34001,231,2.45
171,36001,231,2.81
171,38001,231,2.41
171,40001,231,1.8
171,42001,231,1.53
171,44001,231,1.48
171,46001,231,1.52
171,48001,231,1.94
171,50001,231,2.33
171,52001,231,2.79
171,54001,231,2.2
171,56001,231,2.03
171,58001,231,1.89
171,60001,231,1.69
171,62001,231,1.57
171,64001,231,1.52
171,65535,231,1.53
171,1,241,1.45
171,2001,241,1.57
171,4001,241,1.76
171,6001,241,2.0
171,8001,241,2.32
171,10001,241,3.03
171,12001,241,2.58
171,14001,241,2.11
171,16001,241,1.89
171,18001,241,1.77
171,20001,241,1.72
171,22001,241,1.71
171,24001,241,1.77
171,26001,241,1.71
171,28001,241,1.75
171,30001,241,1.95
171,32001,241,2.07
171,34001,241,2.42
171,36001,241,3.08
171,38001,241,2.27
171,40001,241,1.67
171,42001,241,1.54
171,44001,241,1.36
171,46001,241,1.43
171,48001,241,1.76
171,50001,241,2.29
171,52001,241,2.66
171,54001,241,2.28
171,56001,241,2.22
171,58001,241,1.8
171,60001,241,1.64
171,62001,241,1.52
171,64001,241,1.52
171,65535,241,1.48
171,1,251,1.49
171,2001,251,1.57
171,4001,251,1.77
171,6001,251,1.99
171,8001,251,2.5
171,10001,251,3.03
171,12001,251,2.69
171,14001,251,2.18
171,16001,251,2.04
171,18001,251,1.78
171,20001,251,1.78
171,22001,251,1.57
171,24001,251,1.75
171,26001,251,1.67
171,28001,251,1.74
171,30001,251,2.06
171,32001,251,2.1
171,34001,251,2.49
171,36001,251,3.08
171,38001,251,2.24
171,40001,251,1.66
171,42001,251,1.42
171,44001,251,1.5
171,46001,251,1.42
171,48001,251,1.71
171,50001,251,2.37
171,52001,251,2.86
171,54001,251,2.32
171,56001,251,1.98
171,58001,251,1.82
171,60001,251,1.64
171,62001,251,1.56
171,64001,251,1.49
171,65535,251,1.47
171,1,254,1.55
171,2001,254,1.52
171,4001,254,1.62
171,6001,254,2.01
171,8001,254,2.43
171,10001,254,3.04
171,12001,254,2.55
171,14001,254,2.18
171,16001,254,1.93
171,18001,254,1.82
171,20001,254,1.69
171,22001,254,1.7
171,24001,254,1.65
171,26001,254,1.64
171,28001,254,1.78
171,30001,254,2.01
171,32001,254,2.15
171,34001,254,2.5
171,36001,254,3.02
171,38001,254,2.13
171,40001,254,1.59
171,42001,254,1.53
171,44001,254,1.38
171,46001,254,1.51
171,48001,254,1.76
171,50001,254,2.38
171,52001,254,2.81
171,54001,254,2.41
171,56001,254,2.1
171,58001,254,1.79
171,60001,254,1.69
171,62001,254,1.61
171,64001,254,1.47
171,65535,254,1.52
181,1,1,6.9
181,2001,1,6.9
181,4001,1,6.94
181,6001,1,6.99
181,8001,1,6.86
181,10001,1,6.88
181,12001,1,6.83
181,14001,1,6.82
181,16001,1,6.83
181,18001,1,6.81
181,20001,1,6.9
181,22001,1,6.75
181,24001,1,6.77
181,26001,1,6.85
181,28001,1,6.84
181,30001,1,6.75
181,32001,1,6.88
181,34001,1,6.9
181,36001,1,6.79
181,38001,1,6.86
181,40001,1,6.87
181,42001,1,6.68
181,44001,1,6.82
181,46001,1,6.75
181,48001,1,6.81
181,50001,1,6.97
181,52001,1,6.84
181,54001,1,6.89
181,56001,1,6.86
181,58001,1,6.89
181,60001,1,6.91
181,62001,1,6.87
181,64001,1,7.01
181,65535,1,6.84
181,1,11,7.54
181,2001,11,7.52
181,4001,11,7.46
181,6001,11,7.5
181,8001,11,7.32
181,10001,11,7.65
181,12001,11,7.58
181,14001,11,7.57
181,16001,11,7.69
181,18001,11,7.49
181,20001,11,7.54
181,22001,11,7.61
181,24001,11,7.17
181,26001,11,7.1
181,28001,11,6.88
181,30001,11,6.79
181,32001,11,6.48
181,34001,11,6.52
181,36001,11,6.46
181,38001,11,6.76
181,40001,11,6.81
181,42001,11,6.87
181,44001,11,7.12
181,46001,11,7.29
181,48001,11,7.28
181,50001,11,7.43
181,52001,11,7.61
181,54001,11,7.63
181,56001,11,7.73
181,58001,11,7.52
181,60001,11,7.61
181,62001,11,7.64
181,64001,11,7.52
181,65535,11,7.49
181,1,21,7.58
181,2001,21,8.12
181,4001,21,8.03
181,6001,21,7.97
181,8001,21,8.14
181,10001,21,8.56
181,12001,21,8.75
181,14001,21,8.66
181,16001,21,8.65
181,18001,21,8.56
181,20001,21,8.43
181,22001,21,8.46
181,24001,21,7.89
181,26001,21,7.53
181,28001,21,7.36
181,30001,21,7.4
181,32001,21,7.55
181,34001,21,7.28
181,36001,21,7.14
181,38001,21,6.65
181,40001,21,6.85
181,42001,21,7.18
181,44001,21,7.49
181,46001,21,7.62
181,48001,21,7.88
181,50001,21,8.06
181,52001,21,8.3
181,54001,21,8.39
181,56001,21,7.89
181,58001,21,7.78
181,60001,21,7.78
181,62001,21,7.79
181,64001,21,7.58
181,65535,21,7.41
181,1,31,5.81
181,2001,31,7.67
181,4001,31,8.81
181,6001,31,8.82
181,8001,31,9.32
181,10001,31,9.77
181,12001,31,9.94
181,14001,31,9.98
181,16001,31,8.98
181,18001,31,8.17
181,20001,31,7.43
181,22001,31,6.88
181,24001,31,7.5
181,26001,31,8.19
181,28001,31,8.31
181,30001,31,8.37
181,32001,31,8.48
181,34001,31,8.4
181,36001,31,7.87
181,38001,31,7.61
181,40001,31,7.25
181,42001,31,7.35
181,44001,31,7.79
181,46001,31,8.09
181,48001,31,8.48
181,50001,31,8.88
181,52001,31,7.66
181,54001,31,6.57
181,56001,31,6.12
181,58001,31,6.04
181,60001,31,6.04
181,62001,31,5.93
181,64001,31,5.94
181,65535,31,5.9
181,1,41,4.77
181,2001,41,6.53
181,4001,41,9.55
181,6001,41,9.69
181,8001,41,10.42
181,10001,41,10.96
181,12001,41,9.25
181,14001,41,7.88
181,16001,41,6.99
181,18001,41,6.23
181,20001,41,5.55
181,22001,41,5.11
181,24001,41,5.52
181,26001,41,6.27
181,28001,41,6.28
181,30001,41,6.4
181,32001,41,6.59
181,34001,41,7.59
181,36001,41,8.73
181,38001,41,8.29
181,40001,41,7.49
181,42001,41,7.58
181,44001,41,8.17
181,46001,41,8.67
181,48001,41,9.15
181,50001,41,7.52
181,52001,41,6.23
181,54001,41,5.57
181,56001,41,5.17
181,58001,41,5.23
181,60001,41,5.0
181,62001,41,4.92
181,64001,41,4.77
181,65535,41,4.81
181,1,51,4.14
181,2001,51,5.58
181,4001,51,10.72
181,6001,51,10.52
181,8001,51,10.53
181,10001,51,10.19
181,12001,51,7.59
181,14001,51,6.44
181,16001,51,5.72
181,18001,51,5.09
181,20001,51,4.52
181,22001,51,4.16
181,24001,51,4.63
181,26001,51,5.0
181,28001,51,4.93
181,30001,51,5.21
181,32001,51,5.3
181,34001,51,5.95
181,36001,51,7.78
181,38001,51,9.03
181,40001,51,8.39
181,42001,51,8.0
181,44001,51,7.15
181,46001,51,7.77
181,48001,51,8.27
181,50001,51,6.6
181,52001,51,5.54
181,54001,51,4.8
181,56001,51,4.51
181,58001,51,4.44
181,60001,51,4.3
181,62001,51,4.24
181,64001,51,4.13
181,65535,51,4.04
181,1,61,3.55
181,2001,61,4.78
181,4001,61,9.21
181,6001,61,10.64
181,8001,61,10.51
181,10001,61,8.93
181,12001,61,6.69
181,14001,61,5.58
181,16001,61,5.0
181,18001,61,4.34
181,20001,61,3.97
181,22001,61,3.72
181,24001,61,4.03
181,26001,61,4.12
181,28001,61,4.26
181,30001,61,4.42
181,32001,61,4.49
181,34001,61,5.12
181,36001,61,6.35
181,38001,61,8.48
181,40001,61,7.52
181,42001,61,6.68
181,44001,61,5.92
181,46001,61,6.32
181,48001,61,6.98
181,50001,61,5.84
181,52001,61,5.01
181,54001,61,4.32
181,56001,61,4.06
181,58001,61,3.97
181,60001,61,3.76
181,62001,61,3.66
181,64001,61,3.57
181,65535,61,3.64
181,1,71,3.28
181,2001,71,4.22
181,4001,71,8.22
181,6001,71,10.44
181,8001,71,10.18
181,10001,71,7.69
181,12001,71,5.86
181,14001,71,5.0
181,16001,71,4.15
181,18001,71,3.85
181,20001,71,3.53
181,22001,71,3.43
181,24001,71,3.51
181,26001,71,3.65
181,28001,71,3.68
181,30001,71,3.97
181,32001,71,3.97
181,34001,71,4.64
181,36001,71,5.56
181,38001,71,7.21
181,40001,71,6.2
181,42001,71,5.34
181,44001,71,4.96
181,46001,71,5.47
181,48001,71,5.86
181,50001,71,5.4
181,52001,71,4.51
181,54001,71,3.93
181,56001,71,3.68
181,58001,71,3.62
181,60001,71,3.47
181,62001,71,3.3
181,64001,71,3.23
181,65535,71,3.17
181,1,81,2.88
181,2001,81,3.77
181,4001,81,7.02
181,6001,81,10.47
181,8001,81,10.36
181,10001,81,6.97
181,12001,81,5.44
181,14001,81,4.6
181,16001,81,3.91
181,18001,81,3.5
181,20001,81,2.96
181,22001,81,3.05
181,24001,81,3.18
181,26001,81,3.34
181,28001,81,3.4
181,30001,81,3.53
181,32001,81,3.71
181,34001,81,4.19
181,36001,81,5.05
181,38001,81,6.46
181,40001,81,5.41
181,42001,81,4.65
181,44001,81,4.32
181,46001,81,4.74
181,48001,81,5.26
181,50001,81,5.11
181,52001,81,4.29
181,54001,81,3.63
181,56001,81,3.39
181,58001,81,3.32
181,60001,81,3.25
181,62001,81,3.12
181,64001,81,2.99
181,65535,81,2.99
181,1,91,2.68
181,2001,91,3.46
181,4001,91,6.7
181,6001,91,9.33
181,8001,91,10.65
181,10001,91,6.47
181,12001,91,5.01
181,14001,91,4.15
181,16001,91,3.46
181,18001,91,3.29
181,20001,91,3.06
181,22001,91,2.85
181,24001,91,3.04
181,26001,91,3.1
181,28001,91,3.22
181,30001,91,3.29
181,32001,91,3.47
181,34001,91,3.8
181,36001,91,4.52
181,38001,91,5.73
181,40001,91,4.75
181,42001,91,4.06
181,44001,91,3.73
181,46001,91,4.19
181,48001,91,4.61
181,50001,91,4.65
181,52001,91,3.73
181,54001,91,3.36
181,56001,91,3.17
181,58001,91,3.02
181,60001,91,2.94
181,62001,91,2.81
181,64001,91,2.85
181,65535,91,2.65
181,1,101,2.55
181,2001,101,3.35
181,4001,101,5.37
181,6001,101,8.69
181,8001,101,10.02
181,10001,101,6.11
181,12001,101,4.7
181,14001,101,3.99
181,16001,101,3.33
181,18001,101,2.97
181,20001,101,2.83
181,22001,101,2.62
181,24001,101,2.75
181,26001,101,2.89
181,28001,101,2.95
181,30001,101,2.97
181,32001,101,3.24
181,34001,101,3.62
181,36001,101,4.24
181,38001,101,5.21
181,40001,101,4.43
181,42001,101,3.7
181,44001,101,3.24
181,46001,101,3.78
181,48001,101,4.3
181,50001,101,4.47
181,52001,101,3.83
181,54001,101,3.35
181,56001,101,3.0
181,58001,101,2.91
181,60001,101,2.73
181,62001,101,2.65
181,64001,101,2.5
181,65535,101,2.46
181,1,111,2.27
181,2001,111,3.01
181,4001,111,5.22
181,6001,111,8.22
181,8001,111,9.34
181,10001,111,5.85
181,12001,111,4.31
181,14001,111,3.67
181,16001,111,3.22
181,18001,111,2.96
181,20001,111,2.6
181,22001,111,2.42
181,24001,111,2.52
181,26001,111,2.59
181,28001,111,2.77
181,30001,111,3.04
181,32001,111,3.14
181,34001,111,3.49
181,36001,111,3.94
181,38001,111,4.74
181,40001,111,3.97
181,42001,111,3.31
181,44001,111,3.1
181,46001,111,3.43
181,48001,111,3.81
181,50001,111,4.24
181,52001,111,3.52
181,54001,111,3.03
181,56001,111,2.92
181,58001,111,2.71
181,60001,111,2.55
181,62001,111,2.52
181,64001,111,2.47
181,65535,111,2.32
181,1,121,2.16
181,2001,121,2.81
181,4001,121,4.58
181,6001,121,7.86
181,8001,121,8.87
181,10001,121,5.52
181,12001,121,4.19
181,14001,121,3.46
181,16001,121,3.03
181,18001,121,2.66
181,20001,121,2.43
181,22001,121,2.35
181,24001,121,2.45
181,26001,121,2.53
181,28001,121,2.58
181,30001,121,2.74
181,32001,121,3.04
181,34001,121,3.17
181,36001,121,3.87
181,38001,121,4.46
181,40001,121,3.58
181,42001,121,2.96
181,44001,121,2.7
181,46001,121,3.06
181,48001,121,3.54
181,50001,121,3.98
181,52001,121,3.44
181,54001,121,2.98
181,56001,121,2.8
181,58001,121,2.62
181,60001,121,2.43
181,62001,121,2.45
181,64001,121,2.26
181,65535,121,2.23
181,1,131,2.08
181,2001,131,2.73
181,4001,131,4.14
181,6001,131,7.69
181,8001,131,8.45
181,10001,131,5.22
181,12001,131,3.9
181,14001,131,3.27
181,16001,131,2.85
181,18001,131,2.58
181,20001,131,2.58
181,22001,131,2.21
181,24001,131,2.31
181,26001,131,2.32
181,28001,131,2.48
181,30001,131,2.67
181,32001,131,2.79
181,34001,131,3.09
181,36001,131,3.67
181,38001,131,4.15
181,40001,131,3.36
181,42001,131,2.84
181,44001,131,2.51
181,46001,131,2.89
181,48001,131,3.46
181,50001,131,3.94
181,52001,131,3.21
181,54001,131,2.86
181,56001,131,2.75
181,58001,131,2.43
181,60001,131,2.35
181,62001,131,2.36
181,64001,131,2.25
181,65535,131,2.1
181,1,141,2.08
181,2001,141,2.47
181,4001,141,3.67
181,6001,141,7.28
181,8001,141,8.23
181,10001,141,5.06
181,12001,141,3.88
181,14001,141,3.38
181,16001,141,2.7
181,18001,141,2.45
181,20001,141,2.25
181,22001,141,2.17
181,24001,141,2.24
181,26001,141,2.35
181,28001,141,2.48
181,30001,141,2.54
181,32001,141,2.61
181,34001,141,2.95
181,36001,141,3.45
181,38001,141,3.95
181,40001,141,3.17
181,42001,141,2.49
181,44001,141,2.39
181,46001,141,2.69
181,48001,141,3.05
181,50001,141,3.67
181,52001,141,3.19
181,54001,141,2.72
181,56001,141,2.43
181,58001,141,2.4
181,60001,141,2.26
181,62001,141,2.2
181,64001,141,2.17
181,65535,141,2.06
181,1,151,1.95
181,2001,151,2.39
181,4001,151,3.58
181,6001,151,7.4
181,8001,151,7.67
181,10001,151,5.02
181,12001,151,3.58
181,14001,151,3.11
181,16001,151,2.65
181,18001,151,2.57
181,20001,151,2.25
181,22001,151,2.17
181,24001,151,2.14
181,26001,151,2.29
181,28001,151,2.35
181,30001,151,2.55
181,32001,151,2.58
181,34001,151,2.87
181,36001,151,3.42
181,38001,151,3.72
181,40001,151,2.89
181,42001,151,2.45
181,44001,151,2.23
181,46001,151,2.52
181,48001,151,2.95
181,50001,151,3.51
181,52001,151,3.03
181,54001,151,2.72
181,56001,151,2.53
181,58001,151,2.42
181,60001,151,2.2
181,62001,151,2.03
181,64001,151,2.04
181,65535,151,1.92
181,1,161,1.85
181,2001,161,2.28
181,4001,161,3.37
181,6001,161,7.28
181,8001,161,7.42
181,10001,161,4.8
181,12001,161,3.49
181,14001,161,2.99
181,16001,161,2.67
181,18001,161,2.33
181,20001,161,2.15
181,22001,161,2.14
181,24001,161,1.99
181,26001,161,2.18
181,28001,161,2.16
181,30001,161,2.49
181,32001,161,2.61
181,34001,161,2.86
181,36001,161,3.35
181,38001,161,3.5
181,40001,161,2.74
181,42001,161,2.26
181,44001,161,2.16
181,46001,161,2.41
181,48001,161,2.82
181,50001,161,3.09
181,52001,161,2.97
181,54001,161,2.77
181,56001,161,2.46
181,58001,161,2.32
181,60001,161,2.1
181,62001,161,2.01
181,64001,161,1.98
181,65535,161,1.85
181,1,171,1.9
181,2001,171,2.12
181,4001,171,3.1
181,6001,171,7.46
181,8001,171,6.91
181,10001,171,4.0
181,12001,171,3.2
181,14001,171,2.68
181,16001,171,2.44
181,18001,171,2.29
181,20001,171,2.11
181,22001,171,2.03
181,24001,171,2.1
181,26001,171,2.11
181,28001,171,2.21
181,30001,171,2.39
181,32001,171,2.59
181,34001,171,2.83
181,36001,171,3.32
181,38001,171,3.36
181,40001,171,2.61
181,42001,171,2.11
181,44001,171,1.97
181,46001,171,2.23
181,48001,171,2.74
181,50001,171,3.18
181,52001,171,2.95
181,54001,171,2.64
181,56001,171,2.42
181,58001,171,2.32
181,60001,171,2.09
181,62001,171,2.0
181,64001,171,1.9
181,65535,171,1.84
181,1,181,1.74
181,2001,181,2.05
181,4001,181,2.93
181,6001,181,5.25
181,8001,181,4.3
181,10001,181,3.54
181,12001,181,3.07
181,14001,181,2.75
181,16001,181,2.46
181,18001,181,2.16
181,20001,181,2.07
181,22001,181,1.93
181,24001,181,2.03
181,26001,181,2.04
181,28001,181,2.21
181,30001,181,2.4
181,32001,181,2.45
181,34001,181,2.64
181,36001,181,3.18
181,38001,181,3.19
181,40001,181,2.45
181,42001,181,2.0
181,44001,181,1.78
181,46001,181,2.1
181,48001,181,2.46
181,50001,181,3.05
181,52001,181,3.01
181,54001,181,2.63
181,56001,181,2.39
181,58001,181,2.2
181,60001,181,2.12
181,62001,181,1.98
181,64001,181,1.9
181,65535,181,1.86
181,1,191,1.67
181,2001,191,2.0
181,4001,191,2.85
181,6001,191,3.56
181,8001,191,3.41
181,10001,191,3.47
181,12001,191,2.92
181,14001,191,2.63
181,16001,191,2.3
181,18001,191,2.17
181,20001,191,1.99
181,22001,191,1.91
181,24001,191,1.96
181,26001,191,2.04
181,28001,191,2.22
181,30001,191,2.19
181,32001,191,2.49
181,34001,191,2.74
181,36001,191,3.21
181,38001,191,3.16
181,40001,191,2.33
181,42001,191,1.9
181,44001,191,1.67
181,46001,191,2.02
181,48001,191,2.41
181,50001,191,2.84
181,52001,191,2.89
181,54001,191,2.6
181,56001,191,2.35
181,58001,191,2.17
181,60001,191,2.03
181,62001,191,2.03
181,64001,191,1.89
181,65535,191,1.83
181,1,201,1.7
181,2001,201,2.09
181,4001,201,2.64
181,6001,201,2.74
181,8001,201,2.83
181,10001,201,3.35
181,12001,201,2.88
181,14001,201,2.62
181,16001,201,2.5
181,18001,201,2.12
181,20001,201,2.05
181,22001,201,1.83
181,24001,201,1.85
181,26001,201,2.03
181,28001,201,2.01
181,30001,201,2.25
181,32001,201,2.47
181,34001,201,2.74
181,36001,201,3.18
181,38001,201,2.95
181,40001,201,2.2
181,42001,201,1.85
181,44001,201,1.64
181,46001,201,1.98
181,48001,201,2.42
181,50001,201,2.88
181,52001,201,2.93
181,54001,201,2.58
181,56001,201,2.16
181,58001,201,2.1
181,60001,201,1.92
181,62001,201,1.84
181,64001,201,1.83
181,65535,201,1.66
181,1,211,1.7
181,2001,211,1.79
181,4001,211,2.37
181,6001,211,2.56
181,8001,211,2.83
181,10001,211,3.57
181,12001,211,3.01
181,14001,211,2.54
181,16001,211,2.36
181,18001,211,1.95
181,20001,211,1.95
181,22001,211,1.93
181,24001,211,1.88
181,26001,211,1.9
181,28001,211,2.15
181,30001,211,2.31
181,32001,211,2.43
181,34001,211,2.63
181,36001,211,3.15
181,38001,211,2.93
181,40001,211,2.12
181,42001,211,1.72
181,44001,211,1.74
181,46001,211,1.84
181,48001,211,2.29
181,50001,211,2.82
181,52001,211,2.91
181,54001,211,2.49
181,56001,211,2.13
181,58001,211,2.11
181,60001,211,1.89
181,62001,211,1.8
181,64001,211,1.8
181,65535,211,1.8
181,1,221,1.76
181,2001,221,1.84
181,4001,221,2.13
181,6001,221,2.35
181,8001,221,2.77
181,10001,221,3.31
181,12001,221,2.89
181,14001,221,2.55
181,16001,221,2.33
181,18001,221,2.12
181,20001,221,1.87
181,22001,221,1.86
181,24001,221,1.84
181,26001,221,1.93
181,28001,221,1.89
181,30001,221,2.19
181,32001,221,2.42
181,34001,221,2.62
181,36001,221,3.3
181,38001,221,2.75
181,40001,221,2.15
181,42001,221,1.64
181,44001,221,1.7
181,46001,221,1.81
181,48001,221,2.16
181,50001,221,2.66
181,52001,221,3.01
181,54001,221,2.46
181,56001,221,2.28
181,58001,221,2.17
181,60001,221,1.99
181,62001,221,1.75
181,64001,221,1.79
181,65535,221,1.68
181,1,231,1.8
181,2001,231,1.85
181,4001,231,2.05
181,6001,231,2.31
181,8001,231,2.69
181,10001,231,3.41
181,12001,231,2.87
181,14001,231,2.47
181,16001,231,2.27
181,18001,231,2.02
181,20001,231,1.98
181,22001,231,1.84
181,24001,231,1.8
181,26001,231,1.93
181,28001,231,2.06
181,30001,231,2.2
181,32001,231,2.44
181,34001,231,2.76
181,36001,231,3.43
181,38001,231,2.72
181,40001,231,1.98
181,42001,231,1.7
181,44001,231,1.71
181,46001,231,1.9
181,48001,231,2.09
181,50001,231,2.56
181,52001,231,3.11
181,54001,231,2.56
181,56001,231,2.26
181,58001,231,2.11
181,60001,231,2.0
181,62001,231,1.71
181,64001,231,1.7
181,65535,231,1.68
181,1,241,1.72
181,2001,241,1.84
181,4001,241,1.99
181,6001,241,2.21
181,8001,241,2.72
181,10001,241,3.36
181,12001,241,3.01
181,14001,241,2.54
181,16001,241,2.32
181,18001,241,2.03
181,20001,241,1.85
181,22001,241,1.91
181,24001,241,1.82
181,26001,241,1.93
181,28001,241,1.99
181,30001,241,2.15
181,32001,241,2.42
181,34001,241,2.71
181,36001,241,3.53
181,38001,241,2.55
181,40001,241,1.87
181,42001,241,1.6
181,44001,241,1.65
181,46001,241,1.61
181,48001,241,2.01
181,50001,241,2.45
181,52001,241,2.97
181,54001,241,2.59
181,56001,241,2.23
181,58001,241,2.03
181,60001,241,1.93
181,62001,241,1.75
181,64001,241,1.68
181,65535,241,1.77
181,1,251,1.58
181,2001,251,1.75
181,4001,251,1.94
181,6001,251,2.24
181,8001,251,2.72
181,10001,251,3.33
181,12001,251,2.92
181,14001,251,2.49
181,16001,251,2.17
181,18001,251,1.98
181,20001,251,1.86
181,22001,251,1.76
181,24001,251,1.85
181,26001,251,1.89
181,28001,251,2.04
181,30001,251,2.1
181,32001,251,2.43
181,34001,251,2.73
181,36001,251,3.56
181,38001,251,2.41
181,40001,251,1.88
181,42001,251,1.62
181,44001,251,1.66
181,46001,251,1.6
181,48001,251,1.95
181,50001,251,2.51
181,52001,251,3.08
181,54001,251,2.58
181,56001,251,2.26
181,58001,251,2.1
181,60001,251,1.85
181,62001,251,1.84
181,64001,251,1.76
181,65535,251,1.69
181,1,254,1.72
181,2001,254,1.73
181,4001,254,1.96
181,6001,254,2.07
181,8001,254,2.61
181,10001,254,3.39
181,12001,254,2.98
181,14001,254,2.41
181,16001,254,2.17
181,18001,254,1.93
181,20001,254,1.93
181,22001,254,1.89
181,24001,254,1.91
181,26001,254,1.86
181,28001,254,1.92
181,30001,254,2.18
181,32001,254,2.31
181,34001,254,2.74
181,36001,254,3.46
181,38001,254,2.39
181,40001,254,1.76
181,42001,254,1.62
181,44001,254,1.6
181,46001,254,1.66
181,48001,254,1.98
181,50001,254,2.47
181,52001,254,3.05
181,54001,254,2.65
181,56001,254,2.2
181,58001,254,1.98
181,60001,254,1.96
181,62001,254,1.77
181,64001,254,1.74
181,65535,254,1.78
191,1,1,7.68
191,2001,1,7.81
191,4001,1,7.8
191,6001,1,7.65
191,8001,1,7.85
191,10001,1,7.75
191,12001,1,7.64
191,14001,1,7.66
191,16001,1,7.64
191,18001,1,7.66
191,20001,1,7.54
191,22001,1,7.66
191,24001,1,7.68
191,26001,1,7.7
191,28001,1,7.53
191,30001,1,7.67
191,32001,1,7.64
191,34001,1,7.67
191,36001,1,7.56
191,38001,1,7.57
191,40001,1,7.75
191,42001,1,7.72
191,44001,1,7.64
191,46001,1,7.49
191,48001,1,7.59
191,50001,1,7.65
191,52001,1,7.65
191,54001,1,7.64
191,56001,1,7.76
191,58001,1,7.8
191,60001,1,7.8
191,62001,1,7.71
191,64001,1,7.75
191,65535,1,7.84
191,1,11,8.37
191,2001,11,8.48
191,4001,11,8.29
191,6001,11,8.16
191,8001,11,8.26
191,10001,11,8.5
191,12001,11,8.41
191,14001,11,8.52
191,16001,11,8.48
191,18001,11,8.43
191,20001,11,8.31
191,22001,11,8.32
191,24001,11,8.16
191,26001,11,7.8
191,28001,11,7.73
191,30001,11,7.34
191,32001,11,7.23
191,34001,11,7.27
191,36001,11,7.43
191,38001,11,7.51
191,40001,11,7.63
191,42001,11,7.79
191,44001,11,7.78
191,46001,11,8.03
191,48001,11,8.28
191,50001,11,8.33
191,52001,11,8.43
191,54001,11,8.52
191,56001,11,8.5
191,58001,11,8.6
191,60001,11,8.36
191,62001,11,8.31
191,64001,11,8.34
191,65535,11,8.44
191,1,21,8.33
191,2001,21,9.11
191,4001,21,8.91
191,6001,21,8.99
191,8001,21,9.17
191,10001,21,9.65
191,12001,21,9.67
191,14001,21,9.75
191,16001,21,9.68
191,18001,21,9.75
191,20001,21,9.3
191,22001,21,9.43
191,24001,21,8.81
191,26001,21,8.49
191,28001,21,8.14
191,30001,21,8.36
191,32001,21,8.26
191,34001,21,8.11
191,36001,21,7.77
191,38001,21,7.61
191,40001,21,7.51
191,42001,21,7.9
191,44001,21,8.31
191,46001,21,8.63
191,48001,21,8.74
191,50001,21,8.92
191,52001,21,9.28
191,54001,21,9.26
191,56001,21,8.89
191,58001,21,8.73
191,60001,21,8.61
191,62001,21,8.58
191,64001,21,8.44
191,65535,21,8.38
191,1,31,6.48
191,2001,31,8.66
191,4001,31,9.95
191,6001,31,9.83
191,8001,31,10.31
191,10001,31,10.9
191,12001,31,11.27
191,14001,31,11.25
191,16001,31,10.07
191,18001,31,8.95
191,20001,31,8.23
191,22001,31,7.53
191,24001,31,8.31
191,26001,31,9.13
191,28001,31,9.19
191,30001,31,9.3
191,32001,31,9.31
191,34001,31,9.2
191,36001,31,8.97
191,38001,31,8.38
191,40001,31,7.87
191,42001,31,8.25
191,44001,31,8.69
191,46001,31,8.97
191,48001,31,9.63
191,50001,31,9.89
191,52001,31,8.34
191,54001,31,7.21
191,56001,31,6.88
191,58001,31,6.85
191,60001,31,6.71
191,62001,31,6.71
191,64001,31,6.47
191,65535,31,6.51
191,1,41,5.31
191,2001,41,7.29
191,4001,41,10.86
191,6001,41,10.68
191,8001,41,11.59
191,10001,41,12.04
191,12001,41,10.19
191,14001,41,8.71
191,16001,41,7.8
191,18001,41,6.96
191,20001,41,6.22
191,22001,41,5.89
191,24001,41,6.44
191,26001,41,6.76
191,28001,41,7.07
191,30001,41,7.06
191,32001,41,7.34
191,34001,41,8.58
191,36001,41,9.7
191,38001,41,9.17
191,40001,41,8.44
191,42001,41,8.34
191,44001,41,9.2
191,46001,41,9.64
191,48001,41,10.1
191,50001,41,8.49
191,52001,41,6.81
191,54001,41,6.14
191,56001,41,5.76
191,58001,41,5.69
191,60001,41,5.51
191,62001,41,5.45
191,64001,41,5.31
191,65535,41,5.34
191,1,51,4.39
191,2001,51,6.18
191,4001,51,12.09
191,6001,51,11.92
191,8001,51,11.85
191,10001,51,11.39
191,12001,51,8.44
191,14001,51,7.49
191,16001,51,6.31
191,18001,51,5.67
191,20001,51,5.22
191,22001,51,4.64
191,24001,51,5.37
191,26001,51,5.46
191,28001,51,5.52
191,30001,51,5.78
191,32001,51,5.99
191,34001,51,6.6
191,36001,51,8.58
191,38001,51,10.09
191,40001,51,9.29
191,42001,51,8.73
191,44001,51,8.06
191,46001,51,8.68
191,48001,51,9.27
191,50001,51,7.32
191,52001,51,6.1
191,54001,51,5.28
191,56001,51,5.03
191,58001,51,4.85
191,60001,51,4.75
191,62001,51,4.71
191,64001,51,4.46
191,65535,51,4.55
191,1,61,4.0
191,2001,61,5.32
191,4001,61,10.42
191,6001,61,11.72
191,8001,61,11.61
191,10001,61,9.93
191,12001,61,7.38
191,14001,61,6.2
191,16001,61,5.52
191,18001,61,4.93
191,20001,61,4.31
191,22001,61,4.11
191,24001,61,4.41
191,26001,61,4.61
191,28001,61,4.83
191,30001,61,4.78
191,32001,61,5.18
191,34001,61,5.63
191,36001,61,7.18
191,38001,61,9.35
191,40001,61,8.43
191,42001,61,7.42
191,44001,61,6.58
191,46001,61,7.05
191,48001,61,7.64
191,50001,61,6.53
191,52001,61,5.47
191,54001,61,4.78
191,56001,61,4.34
191,58001,61,4.3
191,60001,61,4.34
191,62001,61,4.15
191,64001,61,4.1
191,65535,61,3.89
191,1,71,3.53
191,2001,71,4.64
191,4001,71,9.18
191,6001,71,11.55
191,8001,71,11.34
191,10001,71,8.61
191,12001,71,6.62
191,14001,71,5.54
191,16001,71,4.78
191,18001,71,4.38
191,20001,71,3.89
191,22001,71,3.74
191,24001,71,3.9
191,26001,71,4.1
191,28001,71,4.16
191,30001,71,4.35
191,32001,71,4.63
191,34001,71,5.06
191,36001,71,6.21
191,38001,71,8.03
191,40001,71,7.05
191,42001,71,5.89
191,44001,71,5.71
191,46001,71,5.94
191,48001,71,6.11
191,50001,71,6.01
191,52001,71,4.99
191,54001,71,4.35
191,56001,71,4.09
191,58001,71,3.9
191,60001,71,3.83
191,62001,71,3.8
191,64001,71,3.56
191,65535,71,3.46
191,1,81,3.18
191,2001,81,4.15
191,4001,81,7.92
191,6001,81,11.51
191,8001,81,11.47
191,10001,81,7.85
191,12001,81,6.01
191,14001,81,5.11
191,16001,81,4.38
191,18001,81,4.0
191,20001,81,3.63
191,22001,81,3.3
191,24001,81,3.51
191,26001,81,3.63
191,28001,81,3.78
191,30001,81,3.95
191,32001,81,4.09
191,34001,81,4.57
191,36001,81,5.39
191,38001,81,7.22
191,40001,81,5.93
191,42001,81,5.23
191,44001,81,4.85
191,46001,81,5.32
191,48001,81,5.77
191,50001,81,5.65
191,52001,81,4.67
191,54001,81,4.2
191,56001,81,3.87
191,58001,81,3.7
191,60001,81,3.58
191,62001,81,3.35
191,64001,81,3.26
191,65535,81,3.24
191,1,91,2.97
191,2001,91,3.87
191,4001,91,7.45
191,6001,91,10.47
191,8001,91,11.97
191,10001,91,7.19
191,12001,91,5.44
191,14001,91,4.69
191,16001,91,4.14
191,18001,91,3.67
191,20001,91,3.39
191,22001,91,3.0
191,24001,91,3.14
191,26001,91,3.41
191,28001,91,3.33
191,30001,91,3.58
191,32001,91,3.88
191,34001,91,4.19
191,36001,91,4.88
191,38001,91,6.5
191,40001,91,5.32
191,42001,91,4.6
191,44001,91,4.11
191,46001,91,4.65
191,48001,91,5.19
191,50001,91,5.15
191,52001,91,4.36
191,54001,91,3.86
191,56001,91,3.54
191,58001,91,3.36
191,60001,91,3.23
191,62001,91,3.15
191,64001,91,3.05
191,65535,91,3.02
191,1,101,2.78
191,2001,101,3.6
191,4001,101,6.26
191,6001,101,9.69
191,8001,101,11.28
191,10001,101,6.82
191,12001,101,5.07
191,14001,101,4.23
191,16001,101,3.79
191,18001,101,3.4
191,20001,101,3.12
191,22001,101,2.95
191,24001,101,3.11
191,26001,101,3.23
191,28001,101,3.25
191,30001,101,3.51
191,32001,101,3.43
191,34001,101,3.98
191,36001,101,4.74
191,38001,101,5.76
191,40001,101,4.93
191,42001,101,4.13
191,44001,101,3.7
191,46001,101,4.14
191,48001,101,4.83
191,50001,101,5.02
191,52001,101,4.22
191,54001,101,3.62
191,56001,101,3.33
191,58001,101,3.26
191,60001,101,3.08
191,62001,101,2.81
191,64001,101,2.85
191,65535,101,2.74
191,1,111,2.59
191,2001,111,3.28
191,4001,111,5.63
191,6001,111,9.14
191,8001,111,10.51
191,10001,111,6.41
191,12001,111,4.74
191,14001,111,4.05
191,16001,111,3.48
191,18001,111,3.25
191,20001,111,2.94
191,22001,111,2.71
191,24001,111,2.96
191,26001,111,3.01
191,28001,111,3.13
191,30001,111,3.19
191,32001,111,3.53
191,34001,111,3.74
191,36001,111,4.47
191,38001,111,5.31
191,40001,111,4.49
191,42001,111,3.7
191,44001,111,3.35
191,46001,111,3.82
191,48001,111,4.3
191,50001,111,4.67
191,52001,111,3.95
191,54001,111,3.39
191,56001,111,3.16
191,58001,111,3.0
191,60001,111,2.89
191,62001,111,2.84
191,64001,111,2.64
191,65535,111,2.65
191,1,121,2.55
191,2001,121,3.16
191,4001,121,5.2
191,6001,121,8.66
191,8001,121,9.9
191,10001,121,6.21
191,12001,121,4.61
191,14001,121,3.79
191,16001,121,3.48
191,18001,121,2.95
191,20001,121,2.71
191,22001,121,2.55
191,24001,121,2.7
191,26001,121,2.77
191,28001,121,2.94
191,30001,121,2.93
191,32001,121,3.39
191,34001,121,3.65
191,36001,121,4.29
191,38001,121,4.97
191,40001,121,4.07
191,42001,121,3.39
191,44001,121,3.03
191,46001,121,3.39
191,48001,121,4.03
191,50001,121,3.97
191,52001,121,3.69
191,54001,121,3.29
191,56001,121,3.06
191,58001,121,2.94
191,60001,121,2.8
191,62001,121,2.74
191,64001,121,2.5
191,65535,121,2.45
191,1,131,2.34
191,2001,131,2.98
191,4001,131,4.68
191,6001,131,8.82
191,8001,131,9.36
191,10001,131,6.01
191,12001,131,4.35
191,14001,131,3.83
191,16001,131,3.3
191,18001,131,3.06
191,20001,131,2.65
191,22001,131,2.52
191,24001,131,2.64
191,26001,131,2.69
191,28001,131,2.9
191,30001,131,3.0
191,32001,131,3.0
191,34001,131,3.44
191,36001,131,4.03
191,38001,131,4.64
191,40001,131,3.77
191,42001,131,3.03
191,44001,131,2.68
191,46001,131,3.18
191,48001,131,3.81
191,50001,131,4.29
191,52001,131,3.6
191,54001,131,3.22
191,56001,131,2.93
191,58001,131,2.8
191,60001,131,2.6
191,62001,131,2.51
191,64001,131,2.41
191,65535,131,2.29
191,1,141,2.26
191,2001,141,2.71
191,4001,141,4.22
191,6001,141,8.07
191,8001,141,8.99
191,10001,141,5.71
191,12001,141,4.26
191,14001,141,3.5
191,16001,141,3.08
191,18001,141,2.77
191,20001,141,2.65
191,22001,141,2.32
191,24001,141,2.52
191,26001,141,2.64
191,28001,141,2.68
191,30001,141,2.89
191,32001,141,3.11
191,34001,141,3.33
191,36001,141,3.78
191,38001,141,4.43
191,40001,141,3.49
191,42001,141,2.85
191,44001,141,2.62
191,46001,141,2.91
191,48001,141,3.54
191,50001,141,4.13
191,52001,141,3.55
191,54001,141,3.1
191,56001,141,2.77
191,58001,141,2.66
191,60001,141,2.54
191,62001,141,2.38
191,64001,141,2.25
191,65535,141,2.17
191,1,151,2.13
191,2001,151,2.7
191,4001,151,3.97
191,6001,151,8.2
191,8001,151,8.62
191,10001,151,5.59
191,12001,151,4.16
191,14001,151,3.54
191,16001,151,2.88
191,18001,151,2.72
191,20001,151,2.45
191,22001,151,2.38
191,24001,151,2.44
191,26001,151,2.38
191,28001,151,2.71
191,30001,151,2.88
191,32001,151,2.93
191,34001,151,3.22
191,36001,151,3.75
191,38001,151,4.19
191,40001,151,3.26
191,42001,151,2.58
191,44001,151,2.53
191,46001,151,2.75
191,48001,151,3.39
191,50001,151,3.88
191,52001,151,3.55
191,54001,151,2.81
191,56001,151,2.68
191,58001,151,2.57
191,60001,151,2.51
191,62001,151,2.28
191,64001,151,2.26
191,65535,151,2.16
191,1,161,2.08
191,2001,161,2.46
191,4001,161,3.63
191,6001,161,8.12
191,8001,161,8.19
191,10001,161,5.41
191,12001,161,4.13
191,14001,161,3.22
191,16001,161,3.01
191,18001,161,2.62
191,20001,161,2.28
191,22001,161,2.28
191,24001,161,2.35
191,26001,161,2.36
191,28001,161,2.64
191,30001,161,2.8
191,32001,161,2.86
191,34001,161,3.22
191,36001,161,3.68
191,38001,161,4.14
191,40001,161,3.24
191,42001,161,2.55
191,44001,161,2.32
191,46001,161,2.53
191,48001,161,3.19
191,50001,161,3.73
191,52001,161,3.39
191,54001,161,3.01
191,56001,161,2.71
191,58001,161,2.67
191,60001,161,2.33
191,62001,161,2.29
191,64001,161,2.14
191,65535,161,2.03
191,1,171,2.16
191,2001,171,2.36
191,4001,171,3.56
191,6001,171,8.13
191,8001,171,7.77
191,10001,171,4.28
191,12001,171,3.7
191,14001,171,3.14
191,16001,171,2.82
191,18001,171,2.59
191,20001,171,2.33
191,22001,171,2.15
191,24001,171,2.3
191,26001,171,2.46
191,28001,171,2.56
191,30001,171,2.55
191,32001,171,2.85
191,34001,171,3.12
191,36001,171,3.51
191,38001,171,3.81
191,40001,171,2.87
191,42001,171,2.39
191,44001,171,2.17
191,46001,171,2.4
191,48001,171,2.91
191,50001,171,3.57
191,52001,171,3.41
191,54001,171,2.91
191,56001,171,2.65
191,58001,171,2.53
191,60001,171,2.36
191,62001,171,2.15
191,64001,171,2.11
191,65535,171,2.03
191,1,181,1.97
191,2001,181,2.4
191,4001,181,3.23
191,6001,181,5.87
191,8001,181,4.73
191,10001,181,3.97
191,12001,181,3.49
191,14001,181,3.05
191,16001,181,2.62
191,18001,181,2.49
191,20001,181,2.29
191,22001,181,2.1
191,24001,181,2.2
191,26001,181,2.33
191,28001,181,2.44
191,30001,181,2.6
191,32001,181,2.82
191,34001,181,3.06
191,36001,181,3.68
191,38001,181,3.61
191,40001,181,2.8
191,42001,181,2.27
191,44001,181,2.1
191,46001,181,2.32
191,48001,181,2.83
191,50001,181,3.4
191,52001,181,3.34
191,54001,181,2.84
191,56001,181,2.57
191,58001,181,2.4
191,60001,181,2.14
191,62001,181,2.15
191,64001,181,2.15
191,65535,181,1.87
191,1,191,1.93
191,2001,191,2.23
191,4001,191,2.98
191,6001,191,3.81
191,8001,191,3.88
191,10001,191,3.83
191,12001,191,3.38
191,14001,191,2.91
191,16001,191,2.8
191,18001,191,2.45
191,20001,191,2.22
191,22001,191,2.26
191,24001,191,2.34
191,26001,191,2.3
191,28001,191,2.4
191,30001,191,2.49
191,32001,191,2.7
191,34001,191,3.04
191,36001,191,3.67
191,38001,191,3.45
191,40001,191,2.62
191,42001,191,2.17
191,44001,191,1.9
191,46001,191,2.26
191,48001,191,2.7
191,50001,191,3.28
191,52001,191,3.24
191,54001,191,2.85
191,56001,191,2.58
191,58001,191,2.34
191,60001,191,2.22
191,62001,191,2.12
191,64001,191,2.07
191,65535,191,1.99
191,1,201,1.93
191,2001,201,2.08
191,4001,201,2.89
191,6001,201,3.2
191,8001,201,3.3
191,10001,201,3.82
191,12001,201,3.4
191,14001,201,2.96
191,16001,201,2.61
191,18001,201,2.45
191,20001,201,2.24
191,22001,201,2.18
191,24001,201,2.15
191,26001,201,2.25
191,28001,201,2.36
191,30001,201,2.59
191,32001,201,2.6
191,34001,201,3.09
191,36001,201,3.47
191,38001,201,3.28
191,40001,201,2.55
191,42001,201,1.95
191,44001,201,1.9
191,46001,201,2.1
191,48001,201,2.56
191,50001,201,3.23
191,52001,201,3.32
191,54001,201,2.9
191,56001,201,2.45
191,58001,201,2.37
191,60001,201,2.14
191,62001,201,2.21
191,64001,201,2.02
191,65535,201,1.96
191,1,211,1.8
191,2001,211,2.17
191,4001,211,2.57
191,6001,211,2.78
191,8001,211,3.2
191,10001,211,3.79
191,12001,211,3.39
191,14001,211,2.94
191,16001,211,2.52
191,18001,211,2.43
191,20001,211,2.08
191,22001,211,2.17
191,24001,211,2.11
191,26001,211,2.04
191,28001,211,2.34
191,30001,211,2.38
191,32001,211,2.75
191,34001,211,3.12
191,36001,211,3.69
191,38001,211,3.24
191,40001,211,2.38
191,42001,211,1.97
191,44001,211,1.82
191,46001,211,1.97
191,48001,211,2.52
191,50001,211,3.11
191,52001,211,3.28
191,54001,211,2.81
191,56001,211,2.63
191,58001,211,2.34
191,60001,211,2.19
191,62001,211,2.0
191,64001,211,1.99
191,65535,211,1.97
191,1,221,1.91
191,2001,221,1.97
191,4001,221,2.47
191,6001,221,2.66
191,8001,221,3.09
191,10001,221,3.78
191,12001,221,3.16
191,14001,221,2.93
191,16001,221,2.46
191,18001,221,2.41
191,20001,221,2.18
191,22001,221,2.04
191,24001,221,2.07
191,26001,221,2.23
191,28001,221,2.23
191,30001,221,2.41
191,32001,221,2.7
191,34001,221,3.03
191,36001,221,3.76
191,38001,221,3.02
191,40001,221,2.34
191,42001,221,1.81
191,44001,221,1.76
191,46001,221,1.94
191,48001,221,2.39
191,50001,221,2.95
191,52001,221,3.35
191,54001,221,2.79
191,56001,221,2.52
191,58001,221,2.28
191,60001,221,2.16
191,62001,221,2.06
191,64001,221,1.87
191,65535,221,1.94
191,1,231,1.82
191,2001,231,2.06
191,4001,231,2.21
191,6001,231,2.52
191,8001,231,3.01
191,10001,231,3.68
191,12001,231,3.24
191,14001,231,2.88
191,16001,231,2.55
191,18001,231,2.25
191,20001,231,2.14
191,22001,231,2.06
191,24001,231,2.12
191,26001,231,2.13
191,28001,231,2.28
191,30001,231,2.62
191,32001,231,2.51
191,34001,231,3.03
191,36001,231,3.76
191,38001,231,2.93
191,40001,231,2.09
191,42001,231,1.89
191,44001,231,1.78
191,46001,231,1.87
191,48001,231,2.32
191,50001,231,2.95
191,52001,231,3.43
191,54001,231,2.86
191,56001,231,2.58
191,58001,231,2.24
191,60001,231,2.25
191,62001,231,1.93
191,64001,231,2.0
191,65535,231,1.89
191,1,241,1.92
191,2001,241,1.97
191,4001,241,2.21
191,6001,241,2.54
191,8001,241,3.0
191,10001,241,3.82
191,12001,241,3.26
191,14001,241,2.7
191,16001,241,2.54
191,18001,241,2.17
191,20001,241,2.01
191,22001,241,2.08
191,24001,241,2.12
191,26001,241,2.13
191,28001,241,2.28
191,30001,241,2.44
191,32001,241,2.7
191,34001,241,3.07
191,36001,241,3.81
191,38001,241,2.8
191,40001,241,2.06
191,42001,241,1.88
191,44001,241,1.81
191,46001,241,1.72
191,48001,241,2.3
191,50001,241,2.83
191,52001,241,3.4
191,54001,241,2.9
191,56001,241,2.42
191,58001,241,2.22
191,60001,241,2.15
191,62001,241,1.9
191,64001,241,1.83
191,65535,241,1.86
191,1,251,1.9
191,2001,251,1.89
191,4001,251,2.04
191,6001,251,2.42
191,8001,251,2.85
191,10001,251,3.69
191,12001,251,3.23
191,14001,251,2.73
191,16001,251,2.4
191,18001,251,2.21
191,20001,251,2.13
191,22001,251,2.05
191,24001,251,2.13
191,26001,251,2.06
191,28001,251,2.18
191,30001,251,2.44
191,32001,251,2.66
191,34001,251,3.14
191,36001,251,3.94
191,38001,251,2.71
191,40001,251,2.2
191,42001,251,1.86
191,44001,251,1.83
191,46001,251,1.82
191,48001,251,2.27
191,50001,251,2.79
191,52001,251,3.47
191,54001,251,2.91
191,56001,251,2.48
191,58001,251,2.26
191,60001,251,2.06
191,62001,251,1.96
191,64001,251,1.87
191,65535,251,1.85
191,1,254,1.88
191,2001,254,1.94
191,4001,254,2.1
191,6001,254,2.45
191,8001,254,3.01
191,10001,254,3.76
191,12001,254,3.26
191,14001,254,2.75
191,16001,254,2.48
191,18001,254,2.23
191,20001,254,2.09
191,22001,254,2.09
191,24001,254,2.0
191,26001,254,2.15
191,28001,254,2.21
191,30001,254,2.32
191,32001,254,2.66
191,34001,254,3.2
191,36001,254,3.94
191,38001,254,2.71
191,40001,254,1.99
191,42001,254,1.85
191,44001,254,1.8
191,46001,254,1.83
191,48001,254,2.18
191,50001,254,2.81
191,52001,254,3.54
191,54001,254,2.94
191,56001,254,2.47
191,58001,254,2.26
191,60001,254,2.06
191,62001,254,1.9
191,64001,254,1.96
191,65535,254,1.91
201,1,1,8.61
201,2001,1,8.62
201,4001,1,8.69
201,6001,1,8.57
201,8001,1,8.51
201,10001,1,8.51
201,12001,1,8.42
201,14001,1,8.5
201,16001,1,8.45
201,18001,1,8.48
201,20001,1,8.49
201,22001,1,8.42
201,24001,1,8.48
201,26001,1,8.61
201,28001,1,8.6
201,30001,1,8.49
201,32001,1,8.52
201,34001,1,8.45
201,36001,1,8.38
201,38001,1,8.44
201,40001,1,8.46
201,42001,1,8.62
201,44001,1,8.54
201,46001,1,8.42
201,48001,1,8.58
201,50001,1,8.55
201,52001,1,8.55
201,54001,1,8.5
201,56001,1,8.67
201,58001,1,8.65
201,60001,1,8.53
201,62001,1,8.59
201,64001,1,8.63
201,65535,1,8.61
201,1,11,9.26
201,2001,11,9.34
201,4001,11,9.28
201,6001,11,9.12
201,8001,11,9.19
201,10001,11,9.39
201,12001,11,9.4
201,14001,11,9.53
201,16001,11,9.51
201,18001,11,9.24
201,20001,11,9.26
201,22001,11,9.37
201,24001,11,8.99
201,26001,11,8.73
201,28001,11,8.38
201,30001,11,8.31
201,32001,11,8.1
201,34001,11,7.87
201,36001,11,8.1
201,38001,11,8.4
201,40001,11,8.44
201,42001,11,8.67
201,44001,11,8.78
201,46001,11,8.82
201,48001,11,9.08
201,50001,11,9.28
201,52001,11,9.35
201,54001,11,9.49
201,56001,11,9.53
201,58001,11,9.38
201,60001,11,9.44
201,62001,11,9.31
201,64001,11,9.25
201,65535,11,9.22
201,1,21,9.33
201,2001,21,9.96
201,4001,21,10.13
201,6001,21,9.82
201,8001,21,10.25
201,10001,21,10.77
201,12001,21,10.98
201,14001,21,10.73
201,16001,21,10.74
201,18001,21,10.65
201,20001,21,10.44
201,22001,21,10.58
201,24001,21,9.95
201,26001,21,9.56
201,28001,21,9.02
201,30001,21,9.16
201,32001,21,9.28
201,34001,21,8.93
201,36001,21,8.66
201,38001,21,8.28
201,40001,21,8.39
201,42001,21,8.83
201,44001,21,9.05
201,46001,21,9.3
201,48001,21,9.73
201,50001,21,10.01
201,52001,21,10.14
201,54001,21,10.28
201,56001,21,9.69
201,58001,21,9.54
201,60001,21,9.46
201,62001,21,9.47
201,64001,21,9.32
201,65535,21,9.38
201,1,31,7.08
201,2001,31,9.43
201,4001,31,10.99
201,6001,31,10.98
201,8001,31,11.43
201,10001,31,12.21
201,12001,31,12.6
201,14001,31,12.49
201,16001,31,11.11
201,18001,31,9.83
201,20001,31,9.09
201,22001,31,8.35
201,24001,31,9.23
201,26001,31,10.09
201,28001,31,10.19
201,30001,31,10.24
201,32001,31,10.4
201,34001,31,10.25
201,36001,31,9.81
201,38001,31,9.28
201,40001,31,8.76
201,42001,31,9.04
201,44001,31,9.66
201,46001,31,9.93
201,48001,31,10.52
201,50001,31,10.87
201,52001,31,9.29
201,54001,31,7.87
201,56001,31,7.68
201,58001,31,7.44
201,60001,31,7.32
201,62001,31,7.38
201,64001,31,7.29
201,65535,31,7.16
201,1,41,5.85
201,2001,41,8.03
201,4001,41,11.98
201,6001,41,12.01
201,8001,41,13.01
201,10001,41,13.17
201,12001,41,11.21
201,14001,41,9.73
201,16001,41,8.49
201,18001,41,7.64
201,20001,41,6.91
201,22001,41,6.44
201,24001,41,6.92
201,26001,41,7.55
201,28001,41,7.61
201,30001,41,7.74
201,32001,41,8.07
201,34001,41,9.35
201,36001,41,10.85
201,38001,41,10.08
201,40001,41,9.34
201,42001,41,9.31
201,44001,41,10.18
201,46001,41,10.73
201,48001,41,11.23
201,50001,41,9.11
201,52001,41,7.58
201,54001,41,6.76
201,56001,41,6.37
201,58001,41,6.32
201,60001,41,6.06
201,62001,41,6.0
201,64001,41,6.02
201,65535,41,5.84
201,1,51,4.96
201,2001,51,6.78
201,4001,51,13.02
201,6001,51,13.11
201,8001,51,13.09
201,10001,51,12.59
201,12001,51,9.2
201,14001,51,7.95
201,16001,51,7.07
201,18001,51,6.3
201,20001,51,5.67
201,22001,51,5.33
201,24001,51,5.74
201,26001,51,6.06
201,28001,51,6.13
201,30001,51,6.47
201,32001,51,6.52
201,34001,51,7.43
201,36001,51,9.62
201,38001,51,11.11
201,40001,51,10.43
201,42001,51,9.72
201,44001,51,8.95
201,46001,51,9.59
201,48001,51,10.15
201,50001,51,7.88
201,52001,51,6.81
201,54001,51,6.0
201,56001,51,5.54
201,58001,51,5.41
201,60001,51,5.3
201,62001,51,5.24
201,64001,51,5.08
201,65535,51,5.02
201,1,61,4.52
201,2001,61,5.81
201,4001,61,11.56
201,6001,61,12.95
201,8001,61,12.81
201,10001,61,10.95
201,12001,61,8.17
201,14001,61,6.78
201,16001,61,6.08
201,18001,61,5.51
201,20001,61,4.94
201,22001,61,4.55
201,24001,61,4.95
201,26001,61,5.11
201,28001,61,5.31
201,30001,61,5.42
201,32001,61,5.71
201,34001,61,6.32
201,36001,61,8.01
201,38001,61,10.29
201,40001,61,9.3
201,42001,61,8.2
201,44001,61,7.39
201,46001,61,7.74
201,48001,61,8.57
201,50001,61,7.22
201,52001,61,6.03
201,54001,61,5.3
201,56001,61,4.94
201,58001,61,4.81
201,60001,61,4.54
201,62001,61,4.54
201,64001,61,4.35
201,65535,61,4.39
201,1,71,3.77
201,2001,71,5.24
201,4001,71,10.32
201,6001,71,12.83
201,8001,71,12.42
201,10001,71,9.38
201,12001,71,7.23
201,14001,71,6.09
201,16001,71,5.34
201,18001,71,4.82
201,20001,71,4.38
201,22001,71,4.15
201,24001,71,4.36
201,26001,71,4.47
201,28001,71,4.68
201,30001,71,4.78
201,32001,71,5.21
201,34001,71,5.83
201,36001,71,6.96
201,38001,71,8.8
201,40001,71,7.74
201,42001,71,6.59
201,44001,71,6.29
201,46001,71,6.74
201,48001,71,7.35
201,50001,71,6.49
201,52001,71,5.66
201,54001,71,4.77
201,56001,71,3.42
201,58001,71,4.43
201,60001,71,4.12
201,62001,71,4.06
201,64001,71,4.02
201,65535,71,3.89
201,1,81,3.53
201,2001,81,4.55
201,4001,81,8.81
201,6001,81,12.62
201,8001,81,12.68
201,10001,81,8.58
201,12001,81,6.64
201,14001,81,5.63
201,16001,81,4.93
201,18001,81,4.44
201,20001,81,4.02
201,22001,81,3.77
201,24001,81,3.94
201,26001,81,4.04
201,28001,81,4.19
201,30001,81,4.46
201,32001,81,4.56
201,34001,81,5.02
201,36001,81,6.07
201,38001,81,7.87
201,40001,81,6.74
201,42001,81,5.75
201,44001,81,5.34
201,46001,81,5.89
201,48001,81,6.38
201,50001,81,6.21
201,52001,81,5.29
201,54001,81,4.43
201,56001,81,4.05
201,58001,81,3.99
201,60001,81,3.86
201,62001,81,3.73
201,64001,81,3.49
201,65535,81,3.62
201,1,91,3.33
201,2001,91,4.25
201,4001,91,8.03
201,6001,91,11.59
201,8001,91,13.03
201,10001,91,7.99
201,12001,91,6.16
201,14001,91,5.32
201,16001,91,4.51
201,18001,91,4.07
201,20001,91,3.66
201,22001,91,3.4
201,24001,91,3.62
201,26001,91,3.66
201,28001,91,3.87
201,30001,91,4.04
201,32001,91,4.21
201,34001,91,4.78
201,36001,91,5.44
201,38001,91,7.03
201,40001,91,5.93
201,42001,91,5.03
201,44001,91,4.68
201,46001,91,5.23
201,48001,91,5.77
201,50001,91,5.63
201,52001,91,4.69
201,54001,91,4.25
201,56001,91,3.92
201,58001,91,3.7
201,60001,91,3.52
201,62001,91,3.52
201,64001,91,3.44
201,65535,91,3.18
201,1,101,3.05
201,2001,101,3.98
201,4001,101,6.64
201,6001,101,10.66
201,8001,101,12.32
201,10001,101,7.6
201,12001,101,5.76
201,14001,101,4.79
201,16001,101,4.17
201,18001,101,3.72
201,20001,101,3.54
201,22001,101,3.15
201,24001,101,3.37
201,26001,101,3.45
201,28001,101,3.68
201,30001,101,3.77
201,32001,101,3.96
201,34001,101,4.49
201,36001,101,5.24
201,38001,101,6.49
201,40001,101,5.29
201,42001,101,4.51
201,44001,101,4.04
201,46001,101,4.62
201,48001,101,5.14
201,50001,101,5.56
201,52001,101,4.56
201,54001,101,4.06
201,56001,101,3.78
201,58001,101,3.5
201,60001,101,3.36
201,62001,101,3.26
201,64001,101,3.08
201,65535,101,3.0
201,1,111,2.88
201,2001,111,3.72
201,4001,111,6.31
201,6001,111,10.21
201,8001,111,11.69
201,10001,111,7.22
201,12001,111,5.34
201,14001,111,4.56
201,16001,111,4.08
201,18001,111,3.57
201,20001,111,3.27
201,22001,111,2.95
201,24001,111,3.1
201,26001,111,3.17
201,28001,111,3.4
201,30001,111,3.7
201,32001,111,3.87
201,34001,111,4.2
201,36001,111,5.0
201,38001,111,5.81
201,40001,111,5.01
201,42001,111,4.1
201,44001,111,3.69
201,46001,111,4.38
201,48001,111,4.77
201,50001,111,5.19
201,52001,111,4.47
201,54001,111,3.85
201,56001,111,3.54
201,58001,111,3.53
201,60001,111,3.26
201,62001,111,3.13
201,64001,111,2.87
201,65535,111,2.92
201,1,121,2.75
201,2001,121,3.54
201,4001,121,5.68
201,6001,121,9.7
201,8001,121,10.97
201,10001,121,6.93
201,12001,121,4.96
201,14001,121,4.28
201,16001,121,3.62
201,18001,121,3.32
201,20001,121,3.05
201,22001,121,2.79
201,24001,121,3.08
201,26001,121,3.09
201,28001,121,3.23
201,30001,121,3.5
201,32001,121,3.55
201,34001,121,4.14
201,36001,121,4.68
201,38001,121,5.56
201,40001,121,4.45
201,42001,121,3.69
201,44001,121,3.42
201,46001,121,3.67
201,48001,121,4.35
201,50001,121,5.06
201,52001,121,4.18
201,54001,121,3.66
201,56001,121,3.46
201,58001,121,3.17
201,60001,121,3.03
201,62001,121,2.75
201,64001,121,2.8
201,65535,121,2.89
201,1,131,2.62
201,2001,131,3.24
201,4001,131,5.16
201,6001,131,9.56
201,8001,131,10.42
201,10001,131,6.56
201,12001,131,4.94
201,14001,131,4.12
201,16001,131,3.52
201,18001,131,3.2
201,20001,131,3.04
201,22001,131,2.71
201,24001,131,2.71
201,26001,131,3.07
201,28001,131,2.99
201,30001,131,3.21
201,32001,131,3.49
201,34001,131,3.85
201,36001,131,4.46
201,38001,131,5.14
201,40001,131,4.23
201,42001,131,3.54
201,44001,131,3.14
201,46001,131,3.44
201,48001,131,4.16
201,50001,131,4.84
201,52001,131,3.97
201,54001,131,3.53
201,56001,131,3.18
201,58001,131,3.08
201,60001,131,2.92
201,62001,131,2.78
201,64001,131,2.7
201,65535,131,2.58
201,1,141,2.49
201,2001,141,3.1
201,4001,141,4.71
201,6001,141,9.04
201,8001,141,9.96
201,10001,141,6.38
201,12001,141,4.83
201,14001,141,3.91
201,16001,141,3.49
201,18001,141,3.12
201,20001,141,2.81
201,22001,141,2.59
201,24001,141,2.67
201,26001,141,2.92
201,28001,141,3.01
201,30001,141,3.18
201,32001,141,3.28
201,34001,141,3.68
201,36001,141,4.18
201,38001,141,4.83
201,40001,141,3.87
201,42001,141,3.1
201,44001,141,2.76
201,46001,141,3.39
201,48001,141,3.8
201,50001,141,4.45
201,52001,141,3.79
201,54001,141,3.35
201,56001,141,3.1
201,58001,141,2.95
201,60001,141,2.76
201,62001,141,2.68
201,64001,141,2.58
201,65535,141,2.54
201,1,151,2.39
201,2001,151,2.99
201,4001,151,4.41
201,6001,151,9.16
201,8001,151,9.52
201,10001,151,6.23
201,12001,151,4.65
201,14001,151,3.84
201,16001,151,3.3
201,18001,151,2.96
201,20001,151,2.71
201,22001,151,2.62
201,24001,151,2.73
201,26001,151,2.79
201,28001,151,2.93
201,30001,151,3.14
201,32001,151,3.29
201,34001,151,3.61
201,36001,151,4.23
201,38001,151,4.59
201,40001,151,3.61
201,42001,151,2.97
201,44001,151,2.78
201,46001,151,3.11
201,48001,151,3.67
201,50001,151,4.33
201,52001,151,3.8
201,54001,151,3.26
201,56001,151,3.02
201,58001,151,2.81
201,60001,151,2.69
201,62001,151,2.54
201,64001,151,2.42
201,65535,151,2.42
201,1,161,2.35
201,2001,161,2.77
201,4001,161,3.93
201,6001,161,8.95
201,8001,161,9.16
201,10001,161,5.98
201,12001,161,4.63
201,14001,161,3.78
201,16001,161,3.18
201,18001,161,2.85
201,20001,161,2.65
201,22001,161,2.31
201,24001,161,2.68
201,26001,161,2.74
201,28001,161,2.72
201,30001,161,2.96
201,32001,161,3.18
201,34001,161,3.57
201,36001,161,4.05
201,38001,161,4.4
201,40001,161,3.45
201,42001,161,2.75
201,44001,161,2.52
201,46001,161,2.86
201,48001,161,3.42
201,50001,161,4.12
201,52001,161,3.64
201,54001,161,3.24
201,56001,161,3.11
201,58001,161,2.84
201,60001,161,2.6
201,62001,161,2.47
201,64001,161,2.47
201,65535,161,2.36
201,1,171,2.19
201,2001,171,2.61
201,4001,171,3.97
201,6001,171,9.07
201,8001,171,8.61
201,10001,171,4.95
201,12001,171,4.1
201,14001,171,3.51
201,16001,171,3.1
201,18001,171,2.87
201,20001,171,2.54
201,22001,171,2.37
201,24001,171,2.55
201,26001,171,2.57
201,28001,171,2.76
201,30001,171,3.01
201,32001,171,3.15
201,34001,171,3.42
201,36001,171,4.08
201,38001,171,4.18
201,40001,171,3.17
201,42001,171,2.61
201,44001,171,2.36
201,46001,171,2.7
201,48001,171,3.28
201,50001,171,3.82
201,52001,171,3.67
201,54001,171,3.21
201,56001,171,2.94
201,58001,171,2.67
201,60001,171,2.49
201,62001,171,2.21
201,64001,171,2.31
201,65535,171,2.25
201,1,181,2.22
201,2001,181,2.52
201,4001,181,3.67
201,6001,181,6.51
201,8001,181,5.23
201,10001,181,4.34
201,12001,181,3.71
201,14001,181,3.24
201,16001,181,3.03
201,18001,181,2.68
201,20001,181,2.56
201,22001,181,2.43
201,24001,181,2.46
201,26001,181,2.55
201,28001,181,2.64
201,30001,181,2.79
201,32001,181,3.07
201,34001,181,3.36
201,36001,181,4.05
201,38001,181,3.88
201,40001,181,3.04
201,42001,181,2.5
201,44001,181,2.28
201,46001,181,2.68
201,48001,181,3.18
201,50001,181,3.76
201,52001,181,3.62
201,54001,181,3.16
201,56001,181,2.93
201,58001,181,2.66
201,60001,181,2.6
201,62001,181,2.38
201,64001,181,2.25
201,65535,181,2.27
201,1,191,2.21
201,2001,191,2.42
201,4001,191,3.53
201,6001,191,4.31
201,8001,191,4.28
201,10001,191,4.32
201,12001,191,3.73
201,14001,191,3.33
201,16001,191,2.97
201,18001,191,2.61
201,20001,191,2.37
201,22001,191,2.35
201,24001,191,2.53
201,26001,191,2.44
201,28001,191,2.63
201,30001,191,2.75
201,32001,191,2.95
201,34001,191,3.43
201,36001,191,3.96
201,38001,191,3.84
201,40001,191,2.98
201,42001,191,2.32
201,44001,191,2.23
201,46001,191,2.47
201,48001,191,2.92
201,50001,191,3.69
201,52001,191,3.56
201,54001,191,3.09
201,56001,191,2.82
201,58001,191,2.6
201,60001,191,2.46
201,62001,191,2.28
201,64001,191,2.26
201,65535,191,2.16
201,1,201,2.09
201,2001,201,2.38
201,4001,201,3.25
201,6001,201,3.38
201,8001,201,3.52
201,10001,201,4.22
201,12001,201,3.73
201,14001,201,3.39
201,16001,201,2.86
201,18001,201,2.65
201,20001,201,2.39
201,22001,201,2.17
201,24001,201,2.35
201,26001,201,2.51
201,28001,201,2.52
201,30001,201,2.87
201,32001,201,3.04
201,34001,201,3.22
201,36001,201,3.94
201,38001,201,3.67
201,40001,201,2.84
201,42001,201,2.31
201,44001,201,2.15
201,46001,201,2.34
201,48001,201,2.88
201,50001,201,3.55
201,52001,201,3.57
201,54001,201,3.05
201,56001,201,2.84
201,58001,201,2.6
201,60001,201,2.44
201,62001,201,2.26
201,64001,201,2.23
201,65535,201,2.18
201,1,211,2.07
201,2001,211,2.37
201,4001,211,2.93
201,6001,211,3.0
201,8001,211,3.51
201,10001,211,4.21
201,12001,211,3.72
201,14001,211,3.14
201,16001,211,2.87
201,18001,211,2.68
201,20001,211,2.43
201,22001,211,2.23
201,24001,211,2.32
201,26001,211,2.37
201,28001,211,2.47
201,30001,211,2.83
201,32001,211,3.03
201,34001,211,3.41
201,36001,211,3.98
201,38001,211,3.52
201,40001,211,2.66
201,42001,211,2.07
201,44001,211,1.99
201,46001,211,2.26
201,48001,211,2.72
201,50001,211,3.44
201,52001,211,3.53
201,54001,211,3.02
201,56001,211,2.88
201,58001,211,2.52
201,60001,211,2.42
201,62001,211,2.31
201,64001,211,2.21
201,65535,211,2.1
201,1,221,2.04
201,2001,221,2.27
201,4001,221,2.65
201,6001,221,2.87
201,8001,221,3.49
201,10001,221,4.21
201,12001,221,3.64
201,14001,221,3.24
201,16001,221,2.81
201,18001,221,2.42
201,20001,221,2.38
201,22001,221,2.26
201,24001,221,2.3
201,26001,221,2.35
201,28001,221,2.54
201,30001,221,2.66
201,32001,221,3.01
201,34001,221,3.34
201,36001,221,3.97
201,38001,221,3.35
201,40001,221,2.53
201,42001,221,2.15
201,44001,221,1.98
201,46001,221,2.3
201,48001,221,2.68
201,50001,221,3.31
201,52001,221,3.7
201,54001,221,3.13
201,56001,221,2.78
201,58001,221,2.54
201,60001,221,2.37
201,62001,221,2.23
201,64001,221,2.25
201,65535,221,2.17
201,1,231,2.1
201,2001,231,2.27
201,4001,231,2.53
201,6001,231,2.78
201,8001,231,3.47
201,10001,231,4.27
201,12001,231,3.53
201,14001,231,3.19
201,16001,231,2.66
201,18001,231,2.49
201,20001,231,2.36
201,22001,231,2.37
201,24001,231,2.35
201,26001,231,2.38
201,28001,231,2.58
201,30001,231,2.68
201,32001,231,2.88
201,34001,231,3.33
201,36001,231,4.09
201,38001,231,3.26
201,40001,231,2.33
201,42001,231,2.05
201,44001,231,1.97
201,46001,231,2.12
201,48001,231,2.55
201,50001,231,3.23
201,52001,231,3.73
201,54001,231,3.09
201,56001,231,2.84
201,58001,231,2.5
201,60001,231,2.4
201,62001,231,2.08
201,64001,231,2.14
201,65535,231,2.04
201,1,241,2.11
201,2001,241,2.19
201,4001,241,2.35
201,6001,241,2.73
201,8001,241,3.37
201,10001,241,4.08
201,12001,241,3.63
201,14001,241,3.08
201,16001,241,2.69
201,18001,241,2.49
201,20001,241,2.36
201,22001,241,2.37
201,24001,241,2.28
201,26001,241,2.38
201,28001,241,2.54
201,30001,241,2.67
201,32001,241,2.9
201,34001,241,3.38
201,36001,241,4.3
201,38001,241,3.12
201,40001,241,2.33
201,42001,241,2.07
201,44001,241,2.02
201,46001,241,1.95
201,48001,241,2.4
201,50001,241,3.09
201,52001,241,3.86
201,54001,241,3.18
201,56001,241,2.81
201,58001,241,2.52
201,60001,241,2.37
201,62001,241,2.15
201,64001,241,2.05
201,65535,241,2.19
201,1,251,2.17
201,2001,251,2.1
201,4001,251,2.38
201,6001,251,2.73
201,8001,251,3.23
201,10001,251,4.18
201,12001,251,3.6
201,14001,251,2.97
201,16001,251,2.61
201,18001,251,2.44
201,20001,251,2.28
201,22001,251,2.23
201,24001,251,2.27
201,26001,251,2.32
201,28001,251,2.61
201,30001,251,2.65
201,32001,251,3.0
201,34001,251,3.39
201,36001,251,4.3
201,38001,251,2.99
201,40001,251,2.15
201,42001,251,2.07
201,44001,251,2.09
201,46001,251,1.97
201,48001,251,2.41
201,50001,251,2.94
201,52001,251,3.86
201,54001,251,3.14
201,56001,251,2.77
201,58001,251,2.46
201,60001,251,2.28
201,62001,251,2.14
201,64001,251,1.99
201,65535,251,2.13
201,1,254,2.05
201,2001,254,2.09
201,4001,254,2.34
201,6001,254,2.8
201,8001,254,3.32
201,10001,254,4.22
201,12001,254,3.56
201,14001,254,3.1
201,16001,254,2.7
201,18001,254,2.39
201,20001,254,2.28
201,22001,254,2.31
201,24001,254,2.32
201,26001,254,2.29
201,28001,254,2.55
201,30001,254,2.63
201,32001,254,2.93
201,34001,254,3.47
201,36001,254,4.28
201,38001,254,3.04
201,40001,254,2.12
201,42001,254,2.07
201,44001,254,1.9
201,46001,254,2.15
201,48001,254,2.43
201,50001,254,3.11
201,52001,254,3.82
201,54001,254,3.13
201,56001,254,2.73
201,58001,254,2.47
201,60001,254,2.28
201,62001,254,2.2
201,64001,254,2.07
201,65535,254,2.04
211,1,1,9.54
211,2001,1,9.45
211,4001,1,9.51
211,6001,1,9.49
211,8001,1,9.41
211,10001,1,9.52
211,12001,1,9.42
211,14001,1,9.41
211,16001,1,9.39
211,18001,1,9.48
211,20001,1,9.46
211,22001,1,9.23
211,24001,1,9.41
211,26001,1,9.44
211,28001,1,9.41
211,30001,1,9.46
211,32001,1,9.36
211,34001,1,9.24
211,36001,1,9.44
211,38001,1,9.47
211,40001,1,9.24
211,42001,1,9.42
211,44001,1,9.4
211,46001,1,9.43
211,48001,1,9.38
211,50001,1,9.42
211,52001,1,9.3
211,54001,1,9.43
211,56001,1,9.45
211,58001,1,9.42
211,60001,1,9.38
211,62001,1,9.47
211,64001,1,9.4
211,65535,1,9.52
211,1,11,10.47
211,2001,11,10.32
211,4001,11,10.26
211,6001,11,10.2
211,8001,11,10.12
211,10001,11,10.51
211,12001,11,10.55
211,14001,11,10.27
211,16001,11,10.5
211,18001,11,10.41
211,20001,11,10.27
211,22001,11,10.34
211,24001,11,10.0
211,26001,11,9.69
211,28001,11,9.47
211,30001,11,9.18
211,32001,11,9.03
211,34001,11,8.71
211,36001,11,8.99
211,38001,11,8.96
211,40001,11,9.34
211,42001,11,9.52
211,44001,11,9.58
211,46001,11,9.72
211,48001,11,10.08
211,50001,11,10.22
211,52001,11,10.34
211,54001,11,10.42
211,56001,11,10.3
211,58001,11,10.33
211,60001,11,10.45
211,62001,11,10.19
211,64001,11,10.27
211,65535,11,10.22
211,1,21,10.36
211,2001,21,11.06
211,4001,21,11.17
211,6001,21,10.96
211,8001,21,11.48
211,10001,21,11.91
211,12001,21,11.94
211,14001,21,12.12
211,16001,21,12.07
211,18001,21,11.54
211,20001,21,11.61
211,22001,21,11.7
211,24001,21,10.89
211,26001,21,10.38
211,28001,21,10.07
211,30001,21,10.05
211,32001,21,10.17
211,34001,21,9.94
211,36001,21,9.55
211,38001,21,9.15
211,40001,21,9.19
211,42001,21,9.64
211,44001,21,10.08
211,46001,21,10.41
211,48001,21,10.74
211,50001,21,11.09
211,52001,21,11.29
211,54001,21,11.14
211,56001,21,10.66
211,58001,21,10.49
211,60001,21,10.43
211,62001,21,10.21
211,64001,21,10.34
211,65535,21,10.46
211,1,31,7.83
211,2001,31,10.77
211,4001,31,12.03
211,6001,31,12.12
211,8001,31,12.71
211,10001,31,13.64
211,12001,31,13.77
211,14001,31,13.86
211,16001,31,12.23
211,18001,31,10.87
211,20001,31,9.92
211,22001,31,9.29
211,24001,31,10.11
211,26001,31,11.19
211,28001,31,11.32
211,30001,31,11.32
211,32001,31,11.36
211,34001,31,11.34
211,36001,31,10.93
211,38001,31,10.2
211,40001,31,9.83
211,42001,31,9.97
211,44001,31,10.56
211,46001,31,11.05
211,48001,31,11.62
211,50001,31,11.95
211,52001,31,10.09
211,54001,31,8.83
211,56001,31,8.26
211,58001,31,8.31
211,60001,31,8.05
211,62001,31,8.07
211,64001,31,7.88
211,65535,31,7.84
211,1,41,6.38
211,2001,41,8.97
211,4001,41,13.17
211,6001,41,13.24
211,8001,41,14.19
211,10001,41,14.67
211,12001,41,12.32
211,14001,41,10.64
211,16001,41,9.45
211,18001,41,8.42
211,20001,41,7.51
211,22001,41,7.15
211,24001,41,7.68
211,26001,41,8.32
211,28001,41,8.55
211,30001,41,8.71
211,32001,41,8.93
211,34001,41,10.21
211,36001,41,11.9
211,38001,41,11.32
211,40001,41,10.4
211,42001,41,10.2
211,44001,41,11.17
211,46001,41,11.8
211,48001,41,12.19
211,50001,41,10.11
211,52001,41,8.23
211,54001,41,7.51
211,56001,41,6.84
211,58001,41,6.83
211,60001,41,6.77
211,62001,41,6.74
211,64001,41,6.53
211,65535,41,6.44
211,1,51,5.5
211,2001,51,7.59
211,4001,51,14.41
211,6001,51,14.31
211,8001,51,14.41
211,10001,51,13.82
211,12001,51,10.16
211,14001,51,8.79
211,16001,51,7.76
211,18001,51,6.78
211,20001,51,6.38
211,22001,51,5.89
211,24001,51,6.34
211,26001,51,6.72
211,28001,51,6.86
211,30001,51,7.03
211,32001,51,7.18
211,34001,51,8.15
211,36001,51,10.47
211,38001,51,12.29
211,40001,51,11.57
211,42001,51,10.75
211,44001,51,9.94
211,46001,51,10.55
211,48001,51,11.04
211,50001,51,8.76
211,52001,51,7.46
211,54001,51,6.4
211,56001,51,6.09
211,58001,51,5.94
211,60001,51,5.7
211,62001,51,5.68
211,64001,51,5.62
211,65535,51,5.46
211,1,61,4.82
211,2001,61,6.39
211,4001,61,12.75
211,6001,61,13.86
211,8001,61,14.08
211,10001,61,12.09
211,12001,61,9.0
211,14001,61,7.44
211,16001,61,6.7
211,18001,61,5.98
211,20001,61,5.42
211,22001,61,5.06
211,24001,61,5.46
211,26001,61,5.69
211,28001,61,5.83
211,30001,61,5.97
211,32001,61,6.24
211,34001,61,6.91
211,36001,61,8.73
211,38001,61,11.61
211,40001,61,10.16
211,42001,61,8.96
211,44001,61,8.04
211,46001,61,8.69
211,48001,61,9.42
211,50001,61,8.01
211,52001,61,6.64
211,54001,61,5.82
211,56001,61,5.42
211,58001,61,5.29
211,60001,61,5.2
211,62001,61,4.97
211,64001,61,4.93
211,65535,61,4.82
211,1,71,4.28
211,2001,71,5.93
211,4001,71,11.38
211,6001,71,14.11
211,8001,71,14.02
211,10001,71,10.42
211,12001,71,7.76
211,14001,71,6.81
211,16001,71,5.85
211,18001,71,5.36
211,20001,71,4.77
211,22001,71,4.53
211,24001,71,4.84
211,26001,71,4.96
211,28001,71,5.11
211,30001,71,5.31
211,32001,71,5.55
211,34001,71,6.39
211,36001,71,7.69
211,38001,71,9.77
211,40001,71,8.55
211,42001,71,7.3
211,44001,71,6.85
211,46001,71,7.51
211,48001,71,8.18
211,50001,71,7.24
211,52001,71,6.05
211,54001,71,5.22
211,56001,71,4.95
211,58001,71,4.78
211,60001,71,4.63
211,62001,71,4.55
211,64001,71,4.34
211,65535,71,4.32
211,1,81,3.8
211,2001,81,5.08
211,4001,81,9.62
211,6001,81,13.97
211,8001,81,13.94
211,10001,81,9.43
211,12001,81,7.32
211,14001,81,6.16
211,16001,81,5.4
211,18001,81,4.6
211,20001,81,4.31
211,22001,81,4.02
211,24001,81,4.36
211,26001,81,4.55
211,28001,81,4.76
211,30001,81,4.91
211,32001,81,4.92
211,34001,81,5.67
211,36001,81,6.72
211,38001,81,8.65
211,40001,81,7.43
211,42001,81,6.36
211,44001,81,5.76
211,46001,81,6.3
211,48001,81,7.0
211,50001,81,6.77
211,52001,81,5.62
211,54001,81,5.1
211,56001,81,4.57
211,58001,81,4.42
211,60001,81,4.32
211,62001,81,4.14
211,64001,81,4.06
211,65535,81,3.97
211,1,91,3.61
211,2001,91,4.9
211,4001,91,8.98
211,6001,91,12.7
211,8001,91,14.54
211,10001,91,8.71
211,12001,91,6.63
211,14001,91,5.64
211,16001,91,4.87
211,18001,91,4.32
211,20001,91,4.02
211,22001,91,3.76
211,24001,91,3.95
211,26001,91,4.08
211,28001,91,4.17
211,30001,91,4.37
211,32001,91,4.57
211,34001,91,5.19
211,36001,91,6.18
211,38001,91,7.77
211,40001,91,6.53
211,42001,91,5.6
211,44001,91,5.15
211,46001,91,5.55
211,48001,91,6.32
211,50001,91,6.35
211,52001,91,5.17
211,54001,91,4.74
211,56001,91,4.24
211,58001,91,4.21
211,60001,91,3.89
211,62001,91,3.78
211,64001,91,3.61
211,65535,91,3.66
211,1,101,3.32
211,2001,101,4.27
211,4001,101,7.35
211,6001,101,11.81
211,8001,101,13.66
211,10001,101,8.25
211,12001,101,6.3
211,14001,101,5.3
211,16001,101,4.47
211,18001,101,4.21
211,20001,101,3.71
211,22001,101,3.43
211,24001,101,3.68
211,26001,101,3.78
211,28001,101,4.0
211,30001,101,4.32
211,32001,101,4.36
211,34001,101,4.9
211,36001,101,5.73
211,38001,101,7.16
211,40001,101,5.98
211,42001,101,4.96
211,44001,101,4.5
211,46001,101,5.23
211,48001,101,5.66
211,50001,101,5.92
211,52001,101,5.01
211,54001,101,4.33
211,56001,101,4.03
211,58001,101,3.88
211,60001,101,3.8
211,62001,101,3.64
211,64001,101,3.41
211,65535,101,3.3
211,1,111,3.18
211,2001,111,4.06
211,4001,111,6.85
211,6001,111,11.19
211,8001,111,12.85
211,10001,111,7.95
211,12001,111,5.92
211,14001,111,4.85
211,16001,111,4.32
211,18001,111,3.85
211,20001,111,3.52
211,22001,111,3.3
211,24001,111,3.5
211,26001,111,3.64
211,28001,111,3.78
211,30001,111,3.99
211,32001,111,4.11
211,34001,111,4.58
211,36001,111,5.47
211,38001,111,6.66
211,40001,111,5.47
211,42001,111,4.48
211,44001,111,4.12
211,46001,111,4.66
211,48001,111,5.24
211,50001,111,5.71
211,52001,111,4.75
211,54001,111,4.19
211,56001,111,3.92
211,58001,111,3.59
211,60001,111,3.45
211,62001,111,3.3
211,64001,111,3.19
211,65535,111,3.17
211,1,121,3.02
211,2001,121,3.76
211,4001,121,6.29
211,6001,121,10.58
211,8001,121,12.25
211,10001,121,7.55
211,12001,121,5.77
211,14001,121,4.64
211,16001,121,4.17
211,18001,121,3.65
211,20001,121,3.41
211,22001,121,3.1
211,24001,121,3.4
211,26001,121,3.38
211,28001,121,3.6
211,30001,121,3.71
211,32001,121,3.98
211,34001,121,4.49
211,36001,121,5.11
211,38001,121,6.1
211,40001,121,4.94
211,42001,121,4.04
211,44001,121,3.77
211,46001,121,4.32
211,48001,121,4.95
211,50001,121,5.5
211,52001,121,4.51
211,54001,121,4.08
211,56001,121,3.91
211,58001,121,3.59
211,60001,121,3.38
211,62001,121,3.14
211,64001,121,3.03
211,65535,121,3.0
211,1,131,2.92
211,2001,131,3.52
211,4001,131,5.58
211,6001,131,10.57
211,8001,131,11.55
211,10001,131,7.3
211,12001,131,5.46
211,14001,131,4.54
211,16001,131,3.92
211,18001,131,3.43
211,20001,131,3.21
211,22001,131,3.11
211,24001,131,3.1
211,26001,131,3.2
211,28001,131,3.4
211,30001,131,3.66
211,32001,131,3.84
211,34001,131,4.17
211,36001,131,4.95
211,38001,131,5.71
211,40001,131,4.57
211,42001,131,3.78
211,44001,131,3.44
211,46001,131,3.85
211,48001,131,4.51
211,50001,131,5.27
211,52001,131,4.42
211,54001,131,3.88
211,56001,131,3.56
211,58001,131,3.31
211,60001,131,3.19
211,62001,131,3.05
211,64001,131,2.89
211,65535,131,2.9
211,1,141,2.74
211,2001,141,3.37
211,4001,141,5.23
211,6001,141,9.92
211,8001,141,10.92
211,10001,141,7.03
211,12001,141,5.22
211,14001,141,4.29
211,16001,141,3.65
211,18001,141,3.34
211,20001,141,3.13
211,22001,141,2.98
211,24001,141,3.09
211,26001,141,3.15
211,28001,141,3.2
211,30001,141,3.51
211,32001,141,3.71
211,34001,141,4.08
211,36001,141,4.72
211,38001,141,5.32
211,40001,141,4.32
211,42001,141,3.38
211,44001,141,3.18
211,46001,141,3.57
211,48001,141,4.14
211,50001,141,4.95
211,52001,141,4.22
211,54001,141,3.79
211,56001,141,3.51
211,58001,141,3.18
211,60001,141,3.21
211,62001,141,2.87
211,64001,141,2.74
211,65535,141,2.76
211,1,151,2.61
211,2001,151,3.25
211,4001,151,4.89
211,6001,151,9.95
211,8001,151,10.54
211,10001,151,6.82
211,12001,151,5.05
211,14001,151,4.18
211,16001,151,3.63
211,18001,151,3.24
211,20001,151,2.95
211,22001,151,2.82
211,24001,151,2.99
211,26001,151,3.05
211,28001,151,3.26
211,30001,151,3.35
211,32001,151,3.59
211,34001,151,4.0
211,36001,151,4.7
211,38001,151,5.08
211,40001,151,3.97
211,42001,151,3.34
211,44001,151,2.99
211,46001,151,3.38
211,48001,151,3.98
211,50001,151,4.71
211,52001,151,4.18
211,54001,151,3.64
211,56001,151,3.43
211,58001,151,3.25
211,60001,151,3.09
211,62001,151,2.91
211,64001,151,2.84
211,65535,151,2.73
211,1,161,2.65
211,2001,161,2.97
211,4001,161,4.44
211,6001,161,9.97
211,8001,161,10.11
211,10001,161,6.61
211,12001,161,4.88
211,14001,161,3.96
211,16001,161,3.61
211,18001,161,3.02
211,20001,161,2.88
211,22001,161,2.68
211,24001,161,2.77
211,26001,161,2.87
211,28001,161,3.14
211,30001,161,3.27
211,32001,161,3.38
211,34001,161,3.97
211,36001,161,4.49
211,38001,161,4.86
211,40001,161,3.76
211,42001,161,3.01
211,44001,161,2.81
211,46001,161,3.15
211,48001,161,3.85
211,50001,161,4.49
211,52001,161,4.04
211,54001,161,3.58
211,56001,161,3.24
211,58001,161,3.03
211,60001,161,2.94
211,62001,161,2.76
211,64001,161,2.67
211,65535,161,2.59
211,1,171,2.51
211,2001,171,2.88
211,4001,171,4.17
211,6001,171,9.85
211,8001,171,9.43
211,10001,171,5.43
211,12001,171,4.37
211,14001,171,3.79
211,16001,171,3.42
211,18001,171,3.07
211,20001,171,2.85
211,22001,171,2.71
211,24001,171,2.84
211,26001,171,2.86
211,28001,171,3.17
211,30001,171,3.23
211,32001,171,3.5
211,34001,171,3.76
211,36001,171,4.45
211,38001,171,4.66
211,40001,171,3.57
211,42001,171,2.87
211,44001,171,2.61
211,46001,171,3.04
211,48001,171,3.61
211,50001,171,4.36
211,52001,171,3.99
211,54001,171,3.54
211,56001,171,3.19
211,58001,171,2.97
211,60001,171,2.81
211,62001,171,2.68
211,64001,171,2.54
211,65535,171,2.5
211,1,181,2.42
211,2001,181,2.85
211,4001,181,3.96
211,6001,181,7.02
211,8001,181,5.74
211,10001,181,4.84
211,12001,181,4.06
211,14001,181,3.66
211,16001,181,3.27
211,18001,181,2.97
211,20001,181,2.78
211,22001,181,2.67
211,24001,181,2.69
211,26001,181,2.95
211,28001,181,2.99
211,30001,181,3.2
211,32001,181,3.39
211,34001,181,3.7
211,36001,181,4.38
211,38001,181,4.4
211,40001,181,3.39
211,42001,181,2.69
211,44001,181,2.35
211,46001,181,2.87
211,48001,181,3.45
211,50001,181,4.14
211,52001,181,4.02
211,54001,181,3.57
211,56001,181,3.15
211,58001,181,2.91
211,60001,181,2.72
211,62001,181,2.63
211,64001,181,2.44
211,65535,181,2.44
211,1,191,2.39
211,2001,191,2.7
211,4001,191,3.75
211,6001,191,4.76
211,8001,191,4.49
211,10001,191,4.6
211,12001,191,4.13
211,14001,191,3.48
211,16001,191,3.25
211,18001,191,2.86
211,20001,191,2.72
211,22001,191,2.6
211,24001,191,2.74
211,26001,191,2.74
211,28001,191,3.0
211,30001,191,3.12
211,32001,191,3.39
211,34001,191,3.72
211,36001,191,4.32
211,38001,191,4.12
211,40001,191,3.29
211,42001,191,2.57
211,44001,191,2.43
211,46001,191,2.76
211,48001,191,3.39
211,50001,191,4.05
211,52001,191,3.86
211,54001,191,3.47
211,56001,191,3.1
211,58001,191,2.91
211,60001,191,2.8
211,62001,191,2.61
211,64001,191,2.41
211,65535,191,2.43
211,1,201,2.33
211,2001,201,2.56
211,4001,201,3.46
211,6001,201,3.75
211,8001,201,3.91
211,10001,201,4.7
211,12001,201,4.24
211,14001,201,3.66
211,16001,201,3.18
211,18001,201,2.99
211,20001,201,2.69
211,22001,201,2.7
211,24001,201,2.6
211,26001,201,2.81
211,28001,201,2.87
211,30001,201,3.06
211,32001,201,3.31
211,34001,201,3.63
211,36001,201,4.27
211,38001,201,3.95
211,40001,201,3.07
211,42001,201,2.43
211,44001,201,2.39
211,46001,201,2.63
211,48001,201,3.05
211,50001,201,3.76
211,52001,201,3.88
211,54001,201,3.41
211,56001,201,3.04
211,58001,201,2.85
211,60001,201,2.75
211,62001,201,2.52
211,64001,201,2.44
211,65535,201,2.36
211,1,211,2.27
211,2001,211,2.48
211,4001,211,3.27
211,6001,211,3.37
211,8001,211,3.87
211,10001,211,4.6
211,12001,211,4.12
211,14001,211,3.53
211,16001,211,3.02
211,18001,211,2.86
211,20001,211,2.67
211,22001,211,2.45
211,24001,211,2.57
211,26001,211,2.68
211,28001,211,3.01
211,30001,211,2.99
211,32001,211,3.31
211,34001,211,3.72
211,36001,211,4.32
211,38001,211,3.83
211,40001,211,2.98
211,42001,211,2.34
211,44001,211,2.23
211,46001,211,2.47
211,48001,211,2.98
211,50001,211,3.72
211,52001,211,4.06
211,54001,211,3.33
211,56001,211,3.01
211,58001,211,2.84
211,60001,211,2.52
211,62001,211,2.51
211,64001,211,2.41
211,65535,211,2.3
211,1,221,2.29
211,2001,221,2.45
211,4001,221,2.81
211,6001,221,3.18
211,8001,221,3.76
211,10001,221,4.64
211,12001,221,4.01
211,14001,221,3.5
211,16001,221,3.06
211,18001,221,2.76
211,20001,221,2.54
211,22001,221,2.47
211,24001,221,2.57
211,26001,221,2.62
211,28001,221,2.84
211,30001,221,3.01
211,32001,221,3.28
211,34001,221,3.69
211,36001,221,4.48
211,38001,221,3.73
211,40001,221,2.73
211,42001,221,2.25
211,44001,221,2.16
211,46001,221,2.43
211,48001,221,2.78
211,50001,221,3.51
211,52001,221,4.0
211,54001,221,3.39
211,56001,221,3.09
211,58001,221,2.75
211,60001,221,2.56
211,62001,221,2.48
211,64001,221,2.41
211,65535,221,2.26
211,1,231,2.36
211,2001,231,2.41
211,4001,231,2.71
211,6001,231,3.11
211,8001,231,3.91
211,10001,231,4.68
211,12001,231,4.06
211,14001,231,3.32
211,16001,231,3.03
211,18001,231,2.73
211,20001,231,2.56
211,22001,231,2.68
211,24001,231,2.45
211,26001,231,2.64
211,28001,231,2.81
211,30001,231,2.92
211,32001,231,3.32
211,34001,231,3.64
211,36001,231,4.61
211,38001,231,3.55
211,40001,231,2.68
211,42001,231,2.26
211,44001,231,2.19
211,46001,231,2.37
211,48001,231,2.75
211,50001,231,3.49
211,52001,231,4.12
211,54001,231,3.41
211,56001,231,3.06
211,58001,231,2.75
211,60001,231,2.64
211,62001,231,2.32
211,64001,231,2.34
211,65535,231,2.39
211,1,241,2.42
211,2001,241,2.33
211,4001,241,2.53
211,6001,241,3.14
211,8001,241,3.68
211,10001,241,4.62
211,12001,241,4.03
211,14001,241,3.35
211,16001,241,3.03
211,18001,241,2.74
211,20001,241,2.55
211,22001,241,2.58
211,24001,241,2.64
211,26001,241,2.51
211,28001,241,2.68
211,30001,241,3.05
211,32001,241,3.24
211,34001,241,3.71
211,36001,241,4.74
211,38001,241,3.42
211,40001,241,2.48
211,42001,241,2.26
211,44001,241,2.21
211,46001,241,2.29
211,48001,241,2.63
211,50001,241,3.43
211,52001,241,4.11
211,54001,241,3.36
211,56001,241,3.02
211,58001,241,2.83
211,60001,241,2.52
211,62001,241,2.38
211,64001,241,2.31
211,65535,241,2.21
211,1,251,2.34
211,2001,251,2.34
211,4001,251,2.53
211,6001,251,3.23
211,8001,251,3.63
211,10001,251,4.54
211,12001,251,4.03
211,14001,251,3.43
211,16001,251,2.9
211,18001,251,2.65
211,20001,251,2.47
211,22001,251,2.64
211,24001,251,2.52
211,26001,251,2.62
211,28001,251,2.72
211,30001,251,2.91
211,32001,251,3.27
211,34001,251,3.78
211,36001,251,4.75
211,38001,251,3.28
211,40001,251,2.42
211,42001,251,2.17
211,44001,251,2.25
211,46001,251,2.1
211,48001,251,2.74
211,50001,251,3.34
211,52001,251,4.13
211,54001,251,3.53
211,56001,251,3.12
211,58001,251,2.64
211,60001,251,2.44
211,62001,251,2.33
211,64001,251,2.3
211,65535,251,2.3
211,1,254,2.22
211,2001,254,2.38
211,4001,254,2.45
211,6001,254,2.92
211,8001,254,3.75
211,10001,254,4.57
211,12001,254,3.93
211,14001,254,3.23
211,16001,254,2.91
211,18001,254,2.56
211,20001,254,2.59
211,22001,254,2.48
211,24001,254,2.62
211,26001,254,2.63
211,28001,254,2.73
211,30001,254,2.89
211,32001,254,3.19
211,34001,254,3.84
211,36001,254,4.62
211,38001,254,3.19
211,40001,254,2.44
211,42001,254,2.27
211,44001,254,2.15
211,46001,254,2.19
211,48001,254,2.56
211,50001,254,3.28
211,52001,254,4.19
211,54001,254,3.51
211,56001,254,2.98
211,58001,254,2.74
211,60001,254,2.41
211,62001,254,2.47
211,64001,254,2.22
211,65535,254,2.31
221,1,1,10.44
221,2001,1,10.49
221,4001,1,10.56
221,6001,1,10.53
221,8001,1,10.58
221,10001,1,10.56
221,12001,1,10.35
221,14001,1,10.29
221,16001,1,10.33
221,18001,1,10.48
221,20001,1,10.33
221,22001,1,10.44
221,24001,1,10.39
221,26001,1,10.43
221,28001,1,10.36
221,30001,1,10.36
221,32001,1,10.4
221,34001,1,10.32
221,36001,1,10.45
221,38001,1,10.33
221,40001,1,10.37
221,42001,1,10.36
221,44001,1,10.32
221,46001,1,10.42
221,48001,1,10.46
221,50001,1,10.41
221,52001,1,10.51
221,54001,1,10.46
221,56001,1,10.49
221,58001,1,10.52
221,60001,1,10.46
221,62001,1,10.48
221,64001,1,10.48
221,65535,1,10.58
221,1,11,11.4
221,2001,11,11.35
221,4001,11,11.09
221,6001,11,11.23
221,8001,11,11.32
221,10001,11,11.48
221,12001,11,11.69
221,14001,11,11.62
221,16001,11,11.54
221,18001,11,11.36
221,20001,11,11.32
221,22001,11,11.4
221,24001,11,11.07
221,26001,11,10.77
221,28001,11,10.45
221,30001,11,10.23
221,32001,11,9.94
221,34001,11,9.53
221,36001,11,9.97
221,38001,11,10.03
221,40001,11,10.27
221,42001,11,10.48
221,44001,11,10.65
221,46001,11,10.87
221,48001,11,11.07
221,50001,11,11.16
221,52001,11,11.26
221,54001,11,11.38
221,56001,11,11.46
221,58001,11,11.41
221,60001,11,11.34
221,62001,11,11.19
221,64001,11,11.24
221,65535,11,11.3
221,1,21,11.52
221,2001,21,12.23
221,4001,21,12.17
221,6001,21,12.08
221,8001,21,12.52
221,10001,21,13.02
221,12001,21,13.3
221,14001,21,13.28
221,16001,21,13.09
221,18001,21,13.09
221,20001,21,12.87
221,22001,21,12.82
221,24001,21,12.09
221,26001,21,11.56
221,28001,21,11.2
221,30001,21,11.13
221,32001,21,11.11
221,34001,21,10.9
221,36001,21,10.57
221,38001,21,10.13
221,40001,21,10.19
221,42001,21,10.75
221,44001,21,11.07
221,46001,21,11.61
221,48001,21,11.84
221,50001,21,12.25
221,52001,21,12.41
221,54001,21,12.25
221,56001,21,11.73
221,58001,21,11.46
221,60001,21,11.45
221,62001,21,11.3
221,64001,21,11.14
221,65535,21,11.54
221,1,31,8.52
221,2001,31,11.88
221,4001,31,13.15
221,6001,31,13.38
221,8001,31,14.01
221,10001,31,14.79
221,12001,31,15.31
221,14001,31,15.25
221,16001,31,13.32
221,18001,31,11.92
221,20001,31,11.13
221,22001,31,9.94
221,24001,31,11.13
221,26001,31,12.2
221,28001,31,12.33
221,30001,31,12.45
221,32001,31,12.55
221,34001,31,12.32
221,36001,31,11.95
221,38001,31,11.2
221,40001,31,10.78
221,42001,31,11.06
221,44001,31,11.58
221,46001,31,12.14
221,48001,31,12.8
221,50001,31,13.14
221,52001,31,11.05
221,54001,31,9.45
221,56001,31,9.1
221,58001,31,8.87
221,60001,31,8.83
221,62001,31,8.87
221,64001,31,8.61
221,65535,31,8.5
221,1,41,6.96
221,2001,41,9.86
221,4001,41,14.56
221,6001,41,14.49
221,8001,41,16.03
221,10001,41,15.86
221,12001,41,13.7
221,14001,41,11.79
221,16001,41,10.35
221,18001,41,9.38
221,20001,41,8.34
221,22001,41,7.71
221,24001,41,8.39
221,26001,41,9.13
221,28001,41,9.33
221,30001,41,9.43
221,32001,41,9.54
221,34001,41,11.36
221,36001,41,12.89
221,38001,41,12.36
221,40001,41,11.37
221,42001,41,11.37
221,44001,41,12.49
221,46001,41,13.04
221,48001,41,13.4
221,50001,41,10.88
221,52001,41,9.16
221,54001,41,8.06
221,56001,41,7.6
221,58001,41,7.5
221,60001,41,7.27
221,62001,41,7.22
221,64001,41,7.18
221,65535,41,6.93
221,1,51,5.95
221,2001,51,8.26
221,4001,51,15.54
221,6001,51,15.65
221,8001,51,15.83
221,10001,51,15.06
221,12001,51,11.28
221,14001,51,9.65
221,16001,51,8.47
221,18001,51,7.51
221,20001,51,6.76
221,22001,51,6.49
221,24001,51,6.95
221,26001,51,7.26
221,28001,51,7.49
221,30001,51,7.68
221,32001,51,7.92
221,34001,51,8.96
221,36001,51,11.63
221,38001,51,13.47
221,40001,51,12.43
221,42001,51,11.92
221,44001,51,10.91
221,46001,51,11.83
221,48001,51,12.01
221,50001,51,9.45
221,52001,51,8.23
221,54001,51,7.23
221,56001,51,6.66
221,58001,51,6.64
221,60001,51,6.33
221,62001,51,6.16
221,64001,51,6.04
221,65535,51,5.85
221,1,61,5.22
221,2001,61,7.14
221,4001,61,14.3
221,6001,61,15.61
221,8001,61,15.62
221,10001,61,13.23
221,12001,61,9.77
221,14001,61,8.35
221,16001,61,7.32
221,18001,61,6.51
221,20001,61,5.86
221,22001,61,5.57
221,24001,61,6.02
221,26001,61,6.23
221,28001,61,6.53
221,30001,61,6.5
221,32001,61,6.84
221,34001,61,7.65
221,36001,61,9.66
221,38001,61,12.85
221,40001,61,11.45
221,42001,61,10.04
221,44001,61,8.89
221,46001,61,9.44
221,48001,61,10.45
221,50001,61,8.7
221,52001,61,7.23
221,54001,61,6.3
221,56001,61,6.08
221,58001,61,5.78
221,60001,61,5.54
221,62001,61,5.39
221,64001,61,5.31
221,65535,61,5.2
221,1,71,4.79
221,2001,71,6.32
221,4001,71,12.57
221,6001,71,15.24
221,8001,71,15.4
221,10001,71,11.41
221,12001,71,8.66
221,14001,71,7.42
221,16001,71,6.46
221,18001,71,5.87
221,20001,71,5.19
221,22001,71,5.02
221,24001,71,5.31
221,26001,71,5.53
221,28001,71,5.68
221,30001,71,5.84
221,32001,71,6.14
221,34001,71,6.91
221,36001,71,8.4
221,38001,71,10.73
221,40001,71,9.46
221,42001,71,8.15
221,44001,71,7.4
221,46001,71,8.17
221,48001,71,8.87
221,50001,71,7.92
221,52001,71,6.57
221,54001,71,5.79
221,56001,71,5.38
221,58001,71,5.18
221,60001,71,5.04
221,62001,71,4.97
221,64001,71,4.85
221,65535,71,4.59
221,1,81,4.21
221,2001,81,5.62
221,4001,81,10.64
221,6001,81,15.31
221,8001,81,15.28
221,10001,81,10.47
221,12001,81,7.95
221,14001,81,6.72
221,16001,81,5.81
221,18001,81,5.33
221,20001,81,4.72
221,22001,81,4.42
221,24001,81,4.82
221,26001,81,4.9
221,28001,81,5.02
221,30001,81,5.26
221,32001,81,5.56
221,34001,81,6.26
221,36001,81,7.42
221,38001,81,9.43
221,40001,81,8.14
221,42001,81,6.99
221,44001,81,6.42
221,46001,81,7.02
221,48001,81,7.67
221,50001,81,7.36
221,52001,81,6.02
221,54001,81,5.48
221,56001,81,4.97
221,58001,81,4.86
221,60001,81,4.7
221,62001,81,4.6
221,64001,81,4.28
221,65535,81,4.28
221,1,91,4.0
221,2001,91,5.15
221,4001,91,9.91
221,6001,91,13.84
221,8001,91,14.87
221,10001,91,9.44
221,12001,91,7.26
221,14001,91,6.28
221,16001,91,5.41
221,18001,91,4.87
221,20001,91,4.4
221,22001,91,4.02
221,24001,91,4.51
221,26001,91,4.49
221,28001,91,4.75
221,30001,91,4.81
221,32001,91,5.08
221,34001,91,5.73
221,36001,91,6.66
221,38001,91,8.54
221,40001,91,7.29
221,42001,91,5.98
221,44001,91,5.45
221,46001,91,6.23
221,48001,91,6.87
221,50001,91,6.78
221,52001,91,5.78
221,54001,91,5.06
221,56001,91,4.69
221,58001,91,4.5
221,60001,91,4.28
221,62001,91,4.12
221,64001,91,3.96
221,65535,91,4.06
221,1,101,3.63
221,2001,101,4.66
221,4001,101,8.05
221,6001,101,13.05
221,8001,101,15.03
221,10001,101,9.0
221,12001,101,6.93
221,14001,101,5.77
221,16001,101,4.99
221,18001,101,4.46
221,20001,101,4.09
221,22001,101,3.9
221,24001,101,4.09
221,26001,101,4.21
221,28001,101,4.4
221,30001,101,4.66
221,32001,101,4.71
221,34001,101,5.36
221,36001,101,6.48
221,38001,101,7.67
221,40001,101,6.6
221,42001,101,5.41
221,44001,101,4.88
221,46001,101,5.72
221,48001,101,6.26
221,50001,101,6.49
221,52001,101,5.49
221,54001,101,4.84
221,56001,101,4.46
221,58001,101,4.24
221,60001,101,4.28
221,62001,101,3.94
221,64001,101,3.85
221,65535,101,3.67
221,1,111,3.48
221,2001,111,4.44
221,4001,111,7.53
221,6001,111,12.31
221,8001,111,14.1
221,10001,111,8.6
221,12001,111,6.57
221,14001,111,5.53
221,16001,111,4.76
221,18001,111,4.32
221,20001,111,3.94
221,22001,111,3.56
221,24001,111,3.79
221,26001,111,3.93
221,28001,111,4.16
221,30001,111,4.34
221,32001,111,4.51
221,34001,111,5.07
221,36001,111,5.91
221,38001,111,7.14
221,40001,111,5.79
221,42001,111,4.91
221,44001,111,4.38
221,46001,111,5.1
221,48001,111,5.75
221,50001,111,6.2
221,52001,111,5.19
221,54001,111,4.47
221,56001,111,4.34
221,58001,111,3.97
221,60001,111,3.87
221,62001,111,3.65
221,64001,111,3.54
221,65535,111,3.56
221,1,121,3.34
221,2001,121,4.18
221,4001,121,6.83
221,6001,121,11.76
221,8001,121,13.34
221,10001,121,8.22
221,12001,121,6.2
221,14001,121,5.19
221,16001,121,4.6
221,18001,121,4.02
221,20001,121,3.67
221,22001,121,3.47
221,24001,121,3.65
221,26001,121,3.81
221,28001,121,3.86
221,30001,121,4.13
221,32001,121,4.43
221,34001,121,4.81
221,36001,121,5.81
221,38001,121,6.6
221,40001,121,5.38
221,42001,121,4.47
221,44001,121,4.01
221,46001,121,4.58
221,48001,121,5.22
221,50001,121,5.92
221,52001,121,4.97
221,54001,121,4.42
221,56001,121,4.02
221,58001,121,3.92
221,60001,121,3.76
221,62001,121,3.53
221,64001,121,3.38
221,65535,121,3.31
221,1,131,3.18
221,2001,131,3.84
221,4001,131,6.08
221,6001,131,11.49
221,8001,131,12.75
221,10001,131,8.09
221,12001,131,5.86
221,14001,131,5.02
221,16001,131,4.28
221,18001,131,3.87
221,20001,131,3.62
221,22001,131,3.36
221,24001,131,3.39
221,26001,131,3.63
221,28001,131,3.7
221,30001,131,4.09
221,32001,131,4.2
221,34001,131,4.67
221,36001,131,5.37
221,38001,131,6.18
221,40001,131,5.06
221,42001,131,4.1
221,44001,131,3.65
221,46001,131,4.29
221,48001,131,4.98
221,50001,131,5.74
221,52001,131,4.83
221,54001,131,4.29
221,56001,131,4.0
221,58001,131,3.7
221,60001,131,3.54
221,62001,131,3.33
221,64001,131,3.19
221,65535,131,3.1
221,1,141,3.01
221,2001,141,3.62
221,4001,141,5.78
221,6001,141,10.89
221,8001,141,11.99
221,10001,141,7.57
221,12001,141,5.7
221,14001,141,4.81
221,16001,141,4.09
221,18001,141,3.67
221,20001,141,3.42
221,22001,141,3.24
221,24001,141,3.34
221,26001,141,3.45
221,28001,141,3.65
221,30001,141,3.91
221,32001,141,3.98
221,34001,141,4.43
221,36001,141,5.11
221,38001,141,5.89
221,40001,141,4.51
221,42001,141,3.74
221,44001,141,3.46
221,46001,141,4.01
221,48001,141,4.6
221,50001,141,5.5
221,52001,141,4.8
221,54001,141,4.13
221,56001,141,3.69
221,58001,141,3.51
221,60001,141,3.39
221,62001,141,3.16
221,64001,141,3.1
221,65535,141,3.08
221,1,151,2.92
221,2001,151,3.52
221,4001,151,5.26
221,6001,151,11.07
221,8001,151,11.62
221,10001,151,7.48
221,12001,151,5.47
221,14001,151,4.56
221,16001,151,3.91
221,18001,151,3.43
221,20001,151,3.27
221,22001,151,3.15
221,24001,151,3.27
221,26001,151,3.37
221,28001,151,3.46
221,30001,151,3.69
221,32001,151,3.89
221,34001,151,4.4
221,36001,151,5.16
221,38001,151,5.44
221,40001,151,4.37
221,42001,151,3.61
221,44001,151,3.26
221,46001,151,3.67
221,48001,151,4.4
221,50001,151,5.51
221,52001,151,4.61
221,54001,151,4.01
221,56001,151,3.67
221,58001,151,3.38
221,60001,151,3.22
221,62001,151,3.1
221,64001,151,2.92
221,65535,151,2.93
221,1,161,2.82
221,2001,161,3.25
221,4001,161,4.79
221,6001,161,10.95
221,8001,161,11.16
221,10001,161,7.1
221,12001,161,5.34
221,14001,161,4.46
221,16001,161,3.76
221,18001,161,3.31
221,20001,161,3.27
221,22001,161,3.08
221,24001,161,3.04
221,26001,161,3.27
221,28001,161,3.4
221,30001,161,3.66
221,32001,161,4.09
221,34001,161,4.25
221,36001,161,4.97
221,38001,161,5.16
221,40001,161,4.16
221,42001,161,3.32
221,44001,161,2.98
221,46001,161,3.52
221,48001,161,4.21
221,50001,161,4.96
221,52001,161,4.46
221,54001,161,3.93
221,56001,161,3.68
221,58001,161,3.38
221,60001,161,3.13
221,62001,161,3.03
221,64001,161,2.91
221,65535,161,2.78
221,1,171,2.84
221,2001,171,3.19
221,4001,171,4.67
221,6001,171,10.88
221,8001,171,10.35
221,10001,171,5.97
221,12001,171,4.79
221,14001,171,4.18
221,16001,171,3.63
221,18001,171,3.42
221,20001,171,3.2
221,22001,171,2.99
221,24001,171,3.05
221,26001,171,3.24
221,28001,171,3.35
221,30001,171,3.57
221,32001,171,3.77
221,34001,171,4.28
221,36001,171,4.81
221,38001,171,5.09
221,40001,171,3.92
221,42001,171,3.17
221,44001,171,2.84
221,46001,171,3.36
221,48001,171,3.93
221,50001,171,4.68
221,52001,171,4.42
221,54001,171,3.88
221,56001,171,3.54
221,58001,171,3.27
221,60001,171,3.16
221,62001,171,2.87
221,64001,171,2.82
221,65535,171,2.74
221,1,181,2.73
221,2001,181,3.1
221,4001,181,4.3
221,6001,181,7.57
221,8001,181,6.23
221,10001,181,5.43
221,12001,181,4.64
221,14001,181,4.05
221,16001,181,3.56
221,18001,181,3.38
221,20001,181,2.97
221,22001,181,2.89
221,24001,181,2.97
221,26001,181,3.14
221,28001,181,3.27
221,30001,181,3.55
221,32001,181,3.65
221,34001,181,4.16
221,36001,181,4.65
221,38001,181,4.74
221,40001,181,3.77
221,42001,181,2.96
221,44001,181,2.66
221,46001,181,3.24
221,48001,181,3.84
221,50001,181,4.5
221,52001,181,4.27
221,54001,181,3.75
221,56001,181,3.42
221,58001,181,3.26
221,60001,181,3.02
221,62001,181,2.93
221,64001,181,2.74
221,65535,181,2.69
221,1,191,2.62
221,2001,191,2.9
221,4001,191,4.1
221,6001,191,5.22
221,8001,191,4.99
221,10001,191,5.16
221,12001,191,4.56
221,14001,191,3.98
221,16001,191,3.56
221,18001,191,3.31
221,20001,191,3.04
221,22001,191,2.74
221,24001,191,2.88
221,26001,191,3.01
221,28001,191,3.21
221,30001,191,3.41
221,32001,191,3.75
221,34001,191,4.11
221,36001,191,4.78
221,38001,191,4.52
221,40001,191,3.63
221,42001,191,2.7
221,44001,191,2.63
221,46001,191,2.96
221,48001,191,3.68
221,50001,191,4.43
221,52001,191,4.32
221,54001,191,3.57
221,56001,191,3.36
221,58001,191,3.09
221,60001,191,2.94
221,62001,191,2.83
221,64001,191,2.69
221,65535,191,2.69
221,1,201,2.55
221,2001,201,2.75
221,4001,201,3.81
221,6001,201,4.06
221,8001,201,4.24
221,10001,201,5.13
221,12001,201,4.45
221,14001,201,3.94
221,16001,201,3.4
221,18001,201,3.15
221,20001,201,2.88
221,22001,201,2.84
221,24001,201,2.93
221,26001,201,3.18
221,28001,201,3.15
221,30001,201,3.24
221,32001,201,3.66
221,34001,201,3.93
221,36001,201,4.81
221,38001,201,4.48
221,40001,201,3.28
221,42001,201,2.66
221,44001,201,2.49
221,46001,201,2.88
221,48001,201,3.53
221,50001,201,4.25
221,52001,201,4.29
221,54001,201,3.69
221,56001,201,3.34
221,58001,201,3.13
221,60001,201,3.04
221,62001,201,2.92
221,64001,201,2.61
221,65535,201,2.49
221,1,211,2.63
221,2001,211,2.83
221,4001,211,3.42
221,6001,211,3.48
221,8001,211,4.08
221,10001,211,4.96
221,12001,211,4.33
221,14001,211,3.79
221,16001,211,3.38
221,18001,211,3.11
221,20001,211,2.96
221,22001,211,2.78
221,24001,211,2.83
221,26001,211,2.92
221,28001,211,3.11
221,30001,211,3.36
221,32001,211,3.54
221,34001,211,3.99
221,36001,211,4.99
221,38001,211,4.28
221,40001,211,3.12
221,42001,211,2.63
221,44001,211,2.45
221,46001,211,2.78
221,48001,211,3.19
221,50001,211,4.14
221,52001,211,4.35
221,54001,211,3.75
221,56001,211,3.35
221,58001,211,3.12
221,60001,211,2.91
221,62001,211,2.68
221,64001,211,2.76
221,65535,211,2.66
221,1,221,2.58
221,2001,221,2.77
221,4001,221,3.15
221,6001,221,3.48
221,8001,221,4.2
221,10001,221,5.19
221,12001,221,4.42
221,14001,221,3.82
221,16001,221,3.39
221,18001,221,3.0
221,20001,221,2.84
221,22001,221,2.8
221,24001,221,2.74
221,26001,221,2.9
221,28001,221,3.1
221,30001,221,3.22
221,32001,221,3.63
221,34001,221,4.05
221,36001,221,4.87
221,38001,221,4.06
221,40001,221,2.99
221,42001,221,2.56
221,44001,221,2.4
221,46001,221,2.62
221,48001,221,3.25
221,50001,221,4.01
221,52001,221,4.45
221,54001,221,3.82
221,56001,221,3.31
221,58001,221,3.05
221,60001,221,2.72
221,62001,221,2.62
221,64001,221,2.65
221,65535,221,2.58
221,1,231,2.49
221,2001,231,2.71
221,4001,231,3.12
221,6001,231,3.45
221,8001,231,4.07
221,10001,231,4.94
221,12001,231,4.41
221,14001,231,3.72
221,16001,231,3.43
221,18001,231,2.82
221,20001,231,2.84
221,22001,231,2.86
221,24001,231,2.82
221,26001,231,2.88
221,28001,231,3.04
221,30001,231,3.35
221,32001,231,3.5
221,34001,231,4.09
221,36001,231,5.09
221,38001,231,3.89
221,40001,231,2.84
221,42001,231,2.41
221,44001,231,2.4
221,46001,231,2.61
221,48001,231,3.14
221,50001,231,3.92
221,52001,231,4.36
221,54001,231,3.78
221,56001,231,3.29
221,58001,231,3.01
221,60001,231,2.76
221,62001,231,2.63
221,64001,231,2.52
221,65535,231,2.45
221,1,241,2.51
221,2001,241,2.62
221,4001,241,2.87
221,6001,241,3.3
221,8001,241,4.02
221,10001,241,4.96
221,12001,241,4.28
221,14001,241,3.78
221,16001,241,3.33
221,18001,241,2.91
221,20001,241,2.77
221,22001,241,2.8
221,24001,241,2.83
221,26001,241,2.84
221,28001,241,2.94
221,30001,241,3.29
221,32001,241,3.56
221,34001,241,3.99
221,36001,241,5.21
221,38001,241,3.7
221,40001,241,2.79
221,42001,241,2.48
221,44001,241,2.46
221,46001,241,2.43
221,48001,241,3.14
221,50001,241,3.78
221,52001,241,4.53
221,54001,241,3.9
221,56001,241,3.32
221,58001,241,2.97
221,60001,241,2.73
221,62001,241,2.59
221,64001,241,2.59
221,65535,241,2.53
221,1,251,2.58
221,2001,251,2.56
221,4001,251,2.93
221,6001,251,3.28
221,8001,251,3.97
221,10001,251,4.86
221,12001,251,4.45
221,14001,251,3.78
221,16001,251,3.16
221,18001,251,2.82
221,20001,251,2.88
221,22001,251,2.71
221,24001,251,2.65
221,26001,251,2.95
221,28001,251,3.06
221,30001,251,3.06
221,32001,251,3.65
221,34001,251,3.97
221,36001,251,5.16
221,38001,251,3.69
221,40001,251,2.77
221,42001,251,2.27
221,44001,251,2.49
221,46001,251,2.46
221,48001,251,2.91
221,50001,251,3.61
221,52001,251,4.66
221,54001,251,3.92
221,56001,251,3.28
221,58001,251,2.91
221,60001,251,2.75
221,62001,251,2.65
221,64001,251,2.45
221,65535,251,2.53
221,1,254,2.6
221,2001,254,2.6
221,4001,254,2.8
221,6001,254,3.23
221,8001,254,3.9
221,10001,254,4.97
221,12001,254,4.25
221,14001,254,3.79
221,16001,254,3.12
221,18001,254,2.84
221,20001,254,2.85
221,22001,254,2.81
221,24001,254,2.71
221,26001,254,2.83
221,28001,254,2.89
221,30001,254,3.26
221,32001,254,3.59
221,34001,254,4.08
221,36001,254,5.11
221,38001,254,3.53
221,40001,254,2.6
221,42001,254,2.47
221,44001,254,2.49
221,46001,254,2.47
221,48001,254,2.86
221,50001,254,3.63
221,52001,254,4.56
221,54001,254,3.84
221,56001,254,3.33
221,58001,254,3.08
221,60001,254,2.79
221,62001,254,2.54
221,64001,254,2.57
221,65535,254,2.56
231,1,1,11.39
231,2001,1,11.46
231,4001,1,11.42
231,6001,1,11.44
231,8001,1,11.5
231,10001,1,11.41
231,12001,1,11.39
231,14001,1,11.37
231,16001,1,11.45
231,18001,1,11.33
231,20001,1,11.24
231,22001,1,11.35
231,24001,1,11.33
231,26001,1,11.42
231,28001,1,11.35
231,30001,1,11.37
231,32001,1,11.27
231,34001,1,11.2
231,36001,1,11.33
231,38001,1,11.2
231,40001,1,11.33
231,42001,1,11.35
231,44001,1,11.26
231,46001,1,11.36
231,48001,1,11.34
231,50001,1,11.28
231,52001,1,11.27
231,54001,1,11.42
231,56001,1,11.59
231,58001,1,11.6
231,60001,1,11.43
231,62001,1,11.42
231,64001,1,11.31
231,65535,1,11.53
231,1,11,12.41
231,2001,11,12.42
231,4001,11,12.25
231,6001,11,12.4
231,8001,11,12.34
231,10001,11,12.63
231,12001,11,12.81
231,14001,11,12.72
231,16001,11,12.57
231,18001,11,12.45
231,20001,11,12.46
231,22001,11,12.52
231,24001,11,12.16
231,26001,11,11.65
231,28001,11,11.32
231,30001,11,11.24
231,32001,11,10.94
231,34001,11,10.64
231,36001,11,10.92
231,38001,11,10.79
231,40001,11,11.3
231,42001,11,11.47
231,44001,11,11.52
231,46001,11,11.79
231,48001,11,11.99
231,50001,11,12.25
231,52001,11,12.41
231,54001,11,12.54
231,56001,11,12.49
231,58001,11,12.51
231,60001,11,12.43
231,62001,11,12.32
231,64001,11,12.19
231,65535,11,12.42
231,1,21,12.59
231,2001,21,13.34
231,4001,21,13.55
231,6001,21,13.09
231,8001,21,13.76
231,10001,21,14.31
231,12001,21,14.6
231,14001,21,14.47
231,16001,21,14.48
231,18001,21,14.17
231,20001,21,14.18
231,22001,21,14.08
231,24001,21,13.21
231,26001,21,12.64
231,28001,21,12.09
231,30001,21,12.02
231,32001,21,12.09
231,34001,21,11.85
231,36001,21,11.47
231,38001,21,11.02
231,40001,21,11.2
231,42001,21,11.65
231,44001,21,12.24
231,46001,21,12.47
231,48001,21,12.88
231,50001,21,13.25
231,52001,21,13.47
231,54001,21,13.34
231,56001,21,12.55
231,58001,21,12.57
231,60001,21,12.49
231,62001,21,12.3
231,64001,21,12.08
231,65535,21,12.74
231,1,31,9.28
231,2001,31,13.02
231,4001,31,14.51
231,6001,31,14.52
231,8001,31,15.32
231,10001,31,16.33
231,12001,31,16.8
231,14001,31,16.55
231,16001,31,14.44
231,18001,31,12.93
231,20001,31,11.91
231,22001,31,10.79
231,24001,31,12.15
231,26001,31,13.34
231,28001,31,13.56
231,30001,31,13.62
231,32001,31,13.64
231,34001,31,13.49
231,36001,31,12.91
231,38001,31,12.34
231,40001,31,11.61
231,42001,31,11.95
231,44001,31,12.7
231,46001,31,13.32
231,48001,31,13.91
231,50001,31,14.43
231,52001,31,11.97
231,54001,31,10.23
231,56001,31,9.94
231,58001,31,9.64
231,60001,31,9.55
231,62001,31,9.67
231,64001,31,9.42
231,65535,31,9.31
231,1,41,7.61
231,2001,41,10.69
231,4001,41,15.81
231,6001,41,15.91
231,8001,41,16.83
231,10001,41,17.07
231,12001,41,14.78
231,14001,41,12.8
231,16001,41,11.37
231,18001,41,10.04
231,20001,41,9.0
231,22001,41,8.48
231,24001,41,9.18
231,26001,41,9.93
231,28001,41,10.28
231,30001,41,10.27
231,32001,41,10.56
231,34001,41,12.28
231,36001,41,14.04
231,38001,41,13.35
231,40001,41,12.33
231,42001,41,12.33
231,44001,41,13.55
231,46001,41,14.3
231,48001,41,14.57
231,50001,41,12.04
231,52001,41,9.92
231,54001,41,8.76
231,56001,41,8.22
231,58001,41,8.21
231,60001,41,7.94
231,62001,41,7.83
231,64001,41,7.68
231,65535,41,7.51
231,1,51,6.53
231,2001,51,9.09
231,4001,51,17.07
231,6001,51,16.77
231,8001,51,17.08
231,10001,51,16.42
231,12001,51,12.19
231,14001,51,10.58
231,16001,51,9.24
231,18001,51,8.25
231,20001,51,7.52
231,22001,51,6.99
231,24001,51,7.68
231,26001,51,8.06
231,28001,51,8.09
231,30001,51,8.56
231,32001,51,8.67
231,34001,51,9.7
231,36001,51,12.78
231,38001,51,14.63
231,40001,51,13.75
231,42001,51,12.88
231,44001,51,11.98
231,46001,51,12.83
231,48001,51,13.09
231,50001,51,10.3
231,52001,51,8.87
231,54001,51,7.73
231,56001,51,7.26
231,58001,51,7.05
231,60001,51,6.91
231,62001,51,6.82
231,64001,51,6.58
231,65535,51,6.43
231,1,61,5.71
231,2001,61,7.78
231,4001,61,15.65
231,6001,61,16.98
231,8001,61,16.93
231,10001,61,14.3
231,12001,61,10.65
231,14001,61,9.14
231,16001,61,7.91
231,18001,61,7.24
231,20001,61,6.56
231,22001,61,6.09
231,24001,61,6.54
231,26001,61,6.81
231,28001,61,6.98
231,30001,61,7.19
231,32001,61,7.57
231,34001,61,8.33
231,36001,61,10.45
231,38001,61,14.12
231,40001,61,12.47
231,42001,61,11.03
231,44001,61,9.66
231,46001,61,10.3
231,48001,61,11.12
231,50001,61,9.33
231,52001,61,7.84
231,54001,61,6.89
231,56001,61,6.55
231,58001,61,6.31
231,60001,61,6.12
231,62001,61,5.9
231,64001,61,5.68
231,65535,61,5.77
231,1,71,5.12
231,2001,71,6.9
231,4001,71,13.81
231,6001,71,16.77
231,8001,71,16.65
231,10001,71,12.35
231,12001,71,9.49
231,14001,71,8.09
231,16001,71,7.11
231,18001,71,6.45
231,20001,71,5.64
231,22001,71,5.47
231,24001,71,5.66
231,26001,71,6.05
231,28001,71,6.18
231,30001,71,6.35
231,32001,71,6.6
231,34001,71,7.55
231,36001,71,9.22
231,38001,71,11.77
231,40001,71,10.19
231,42001,71,8.86
231,44001,71,8.19
231,46001,71,8.92
231,48001,71,9.74
231,50001,71,8.65
231,52001,71,7.19
231,54001,71,6.31
231,56001,71,5.98
231,58001,71,5.74
231,60001,71,5.54
231,62001,71,5.3
231,64001,71,5.28
231,65535,71,5.12
231,1,81,4.71
231,2001,81,6.09
231,4001,81,11.56
231,6001,81,16.66
231,8001,81,16.46
231,10001,81,11.21
231,12001,81,8.75
231,14001,81,7.35
231,16001,81,6.4
231,18001,81,5.76
231,20001,81,5.29
231,22001,81,4.81
231,24001,81,5.26
231,26001,81,5.39
231,28001,81,5.56
231,30001,81,5.73
231,32001,81,6.06
231,34001,81,6.84
231,36001,81,8.01
231,38001,81,10.3
231,40001,81,8.88
231,42001,81,7.71
231,44001,81,7.12
231,46001,81,7.57
231,48001,81,8.31
231,50001,81,7.96
231,52001,81,6.68
231,54001,81,5.82
231,56001,81,5.43
231,58001,81,5.21
231,60001,81,5.13
231,62001,81,5.05
231,64001,81,4.54
231,65535,81,4.65
231,1,91,4.23
231,2001,91,5.7
231,4001,91,10.86
231,6001,91,15.08
231,8001,91,17.29
231,10001,91,10.41
231,12001,91,8.15
231,14001,91,6.82
231,16001,91,5.82
231,18001,91,5.28
231,20001,91,4.79
231,22001,91,4.51
231,24001,91,4.69
231,26001,91,4.87
231,28001,91,5.12
231,30001,91,5.28
231,32001,91,5.44
231,34001,91,6.25
231,36001,91,7.32
231,38001,91,9.29
231,40001,91,7.87
231,42001,91,6.58
231,44001,91,6.02
231,46001,91,6.74
231,48001,91,7.52
231,50001,91,7.42
231,52001,91,6.12
231,54001,91,5.35
231,56001,91,4.92
231,58001,91,4.81
231,60001,91,4.73
231,62001,91,4.47
231,64001,91,4.39
231,65535,91,4.3
231,1,101,3.94
231,2001,101,5.19
231,4001,101,8.8
231,6001,101,14.1
231,8001,101,16.26
231,10001,101,9.99
231,12001,101,7.65
231,14001,101,6.48
231,16001,101,5.55
231,18001,101,4.91
231,20001,101,4.48
231,22001,101,4.32
231,24001,101,4.44
231,26001,101,4.58
231,28001,101,4.85
231,30001,101,4.97
231,32001,101,5.26
231,34001,101,5.76
231,36001,101,6.98
231,38001,101,8.45
231,40001,101,7.08
231,42001,101,5.87
231,44001,101,5.46
231,46001,101,6.18
231,48001,101,6.94
231,50001,101,7.1
231,52001,101,6.01
231,54001,101,5.37
231,56001,101,4.8
231,58001,101,4.59
231,60001,101,4.57
231,62001,101,4.26
231,64001,101,4.24
231,65535,101,3.97
231,1,111,3.82
231,2001,111,4.82
231,4001,111,8.32
231,6001,111,13.31
231,8001,111,15.39
231,10001,111,9.47
231,12001,111,7.23
231,14001,111,6.01
231,16001,111,5.17
231,18001,111,4.73
231,20001,111,4.27
231,22001,111,3.97
231,24001,111,4.13
231,26001,111,4.41
231,28001,111,4.43
231,30001,111,4.73
231,32001,111,5.07
231,34001,111,5.49
231,36001,111,6.41
231,38001,111,7.7
231,40001,111,6.55
231,42001,111,5.33
231,44001,111,4.82
231,46001,111,5.56
231,48001,111,6.18
231,50001,111,6.78
231,52001,111,5.64
231,54001,111,5.04
231,56001,111,4.54
231,58001,111,4.42
231,60001,111,4.27
231,62001,111,4.02
231,64001,111,3.87
231,65535,111,3.71
231,1,121,3.58
231,2001,121,4.44
231,4001,121,7.41
231,6001,121,12.76
231,8001,121,14.63
231,10001,121,9.12
231,12001,121,6.76
231,14001,121,5.61
231,16001,121,4.89
231,18001,121,4.28
231,20001,121,4.14
231,22001,121,3.85
231,24001,121,3.92
231,26001,121,4.17
231,28001,121,4.22
231,30001,121,4.5
231,32001,121,4.61
231,34001,121,5.29
231,36001,121,6.16
231,38001,121,7.31
231,40001,121,5.85
231,42001,121,4.85
231,44001,121,4.45
231,46001,121,4.94
231,48001,121,5.92
231,50001,121,6.61
231,52001,121,5.38
231,54001,121,4.81
231,56001,121,4.38
231,58001,121,4.19
231,60001,121,4.06
231,62001,121,3.8
231,64001,121,3.73
231,65535,121,3.51
231,1,131,3.35
231,2001,131,4.21
231,4001,131,6.73
231,6001,131,12.55
231,8001,131,13.93
231,10001,131,8.67
231,12001,131,6.43
231,14001,131,5.51
231,16001,131,4.69
231,18001,131,4.15
231,20001,131,3.82
231,22001,131,3.79
231,24001,131,3.75
231,26001,131,3.94
231,28001,131,4.18
231,30001,131,4.4
231,32001,131,4.53
231,34001,131,5.15
231,36001,131,6.02
231,38001,131,6.73
231,40001,131,5.56
231,42001,131,4.41
231,44001,131,4.0
231,46001,131,4.58
231,48001,131,5.41
231,50001,131,6.28
231,52001,131,5.25
231,54001,131,4.63
231,56001,131,4.29
231,58001,131,3.97
231,60001,131,3.85
231,62001,131,3.68
231,64001,131,3.39
231,65535,131,3.31
231,1,141,3.05
231,2001,141,3.99
231,4001,141,6.28
231,6001,141,11.95
231,8001,141,13.28
231,10001,141,8.39
231,12001,141,6.27
231,14001,141,5.13
231,16001,141,4.51
231,18001,141,4.07
231,20001,141,3.59
231,22001,141,3.49
231,24001,141,3.63
231,26001,141,3.83
231,28001,141,4.06
231,30001,141,4.29
231,32001,141,4.44
231,34001,141,4.94
231,36001,141,5.67
231,38001,141,6.31
231,40001,141,5.13
231,42001,141,4.15
231,44001,141,3.77
231,46001,141,4.28
231,48001,141,5.03
231,50001,141,6.04
231,52001,141,5.05
231,54001,141,4.47
231,56001,141,4.13
231,58001,141,3.78
231,60001,141,3.75
231,62001,141,3.55
231,64001,141,3.4
231,65535,141,3.32
231,1,151,3.12
231,2001,151,3.72
231,4001,151,5.79
231,6001,151,12.07
231,8001,151,12.6
231,10001,151,8.19
231,12001,151,6.0
231,14001,151,5.04
231,16001,151,4.39
231,18001,151,3.87
231,20001,151,3.6
231,22001,151,3.41
231,24001,151,3.61
231,26001,151,3.69
231,28001,151,3.88
231,30001,151,4.05
231,32001,151,4.37
231,34001,151,4.82
231,36001,151,5.52
231,38001,151,6.06
231,40001,151,4.59
231,42001,151,3.82
231,44001,151,3.57
231,46001,151,4.07
231,48001,151,4.8
231,50001,151,5.75
231,52001,151,4.98
231,54001,151,4.4
231,56001,151,4.02
231,58001,151,3.8
231,60001,151,3.53
231,62001,151,3.4
231,64001,151,3.25
231,65535,151,3.19
231,1,161,3.07
231,2001,161,3.64
231,4001,161,5.27
231,6001,161,11.87
231,8001,161,12.1
231,10001,161,7.93
231,12001,161,5.85
231,14001,161,4.9
231,16001,161,4.14
231,18001,161,3.72
231,20001,161,3.49
231,22001,161,3.39
231,24001,161,3.39
231,26001,161,3.5
231,28001,161,3.78
231,30001,161,4.01
231,32001,161,4.25
231,34001,161,4.68
231,36001,161,5.48
231,38001,161,5.74
231,40001,161,4.5
231,42001,161,3.55
231,44001,161,3.39
231,46001,161,3.74
231,48001,161,4.54
231,50001,161,5.44
231,52001,161,4.84
231,54001,161,4.3
231,56001,161,3.97
231,58001,161,3.77
231,60001,161,3.39
231,62001,161,3.33
231,64001,161,3.1
231,65535,161,3.14
231,1,171,3.0
231,2001,171,3.4
231,4001,171,5.05
231,6001,171,12.14
231,8001,171,11.17
231,10001,171,6.54
231,12001,171,5.26
231,14001,171,4.58
231,16001,171,4.05
231,18001,171,3.63
231,20001,171,3.52
231,22001,171,3.25
231,24001,171,3.33
231,26001,171,3.53
231,28001,171,3.7
231,30001,171,3.89
231,32001,171,4.28
231,34001,171,4.65
231,36001,171,5.41
231,38001,171,5.39
231,40001,171,4.25
231,42001,171,3.42
231,44001,171,3.07
231,46001,171,3.71
231,48001,171,4.26
231,50001,171,5.27
231,52001,171,4.74
231,54001,171,4.2
231,56001,171,3.73
231,58001,171,3.6
231,60001,171,3.45
231,62001,171,3.2
231,64001,171,3.15
231,65535,171,3.01
231,1,181,2.87
231,2001,181,3.35
231,4001,181,4.8
231,6001,181,8.22
231,8001,181,6.89
231,10001,181,5.92
231,12001,181,4.98
231,14001,181,4.46
231,16001,181,3.92
231,18001,181,3.61
231,20001,181,3.42
231,22001,181,3.23
231,24001,181,3.23
231,26001,181,3.29
231,28001,181,3.59
231,30001,181,3.77
231,32001,181,4.07
231,34001,181,4.54
231,36001,181,5.28
231,38001,181,5.17
231,40001,181,4.05
231,42001,181,3.27
231,44001,181,2.97
231,46001,181,3.33
231,48001,181,4.18
231,50001,181,4.99
231,52001,181,4.77
231,54001,181,4.05
231,56001,181,3.81
231,58001,181,3.49
231,60001,181,3.2
231,62001,181,3.09
231,64001,181,2.92
231,65535,181,2.96
231,1,191,2.85
231,2001,191,3.22
231,4001,191,4.41
231,6001,191,5.58
231,8001,191,5.61
231,10001,191,5.57
231,12001,191,4.87
231,14001,191,4.46
231,16001,191,3.86
231,18001,191,3.63
231,20001,191,3.24
231,22001,191,3.16
231,24001,191,3.26
231,26001,191,3.41
231,28001,191,3.53
231,30001,191,3.77
231,32001,191,4.06
231,34001,191,4.6
231,36001,191,5.2
231,38001,191,4.99
231,40001,191,3.9
231,42001,191,3.08
231,44001,191,2.82
231,46001,191,3.28
231,48001,191,3.93
231,50001,191,4.72
231,52001,191,4.64
231,54001,191,4.11
231,56001,191,3.64
231,58001,191,3.5
231,60001,191,3.12
231,62001,191,3.04
231,64001,191,3.12
231,65535,191,2.81
231,1,201,2.75
231,2001,201,3.04
231,4001,201,4.24
231,6001,201,4.47
231,8001,201,4.61
231,10001,201,5.59
231,12001,201,4.83
231,14001,201,4.27
231,16001,201,3.85
231,18001,201,3.43
231,20001,201,3.34
231,22001,201,3.15
231,24001,201,3.18
231,26001,201,3.33
231,28001,201,3.52
231,30001,201,3.7
231,32001,201,3.98
231,34001,201,4.37
231,36001,201,5.21
231,38001,201,4.78
231,40001,201,3.7
231,42001,201,2.99
231,44001,201,2.71
231,46001,201,3.22
231,48001,201,3.7
231,50001,201,4.66
231,52001,201,4.73
231,54001,201,4.05
231,56001,201,3.73
231,58001,201,3.32
231,60001,201,3.08
231,62001,201,3.01
231,64001,201,2.92
231,65535,201,2.8
231,1,211,2.75
231,2001,211,3.07
231,4001,211,3.7
231,6001,211,3.88
231,8001,211,4.55
231,10001,211,5.56
231,12001,211,4.88
231,14001,211,4.25
231,16001,211,3.73
231,18001,211,3.47
231,20001,211,3.28
231,22001,211,3.1
231,24001,211,3.03
231,26001,211,3.26
231,28001,211,3.37
231,30001,211,3.52
231,32001,211,3.95
231,34001,211,4.45
231,36001,211,5.3
231,38001,211,4.58
231,40001,211,3.5
231,42001,211,2.76
231,44001,211,2.62
231,46001,211,3.0
231,48001,211,3.69
231,50001,211,4.4
231,52001,211,4.73
231,54001,211,4.12
231,56001,211,3.81
231,58001,211,3.28
231,60001,211,3.16
231,62001,211,2.97
231,64001,211,2.74
231,65535,211,2.79
231,1,221,2.75
231,2001,221,3.02
231,4001,221,3.34
231,6001,221,3.75
231,8001,221,4.45
231,10001,221,5.49
231,12001,221,4.95
231,14001,221,4.27
231,16001,221,3.6
231,18001,221,3.34
231,20001,221,3.11
231,22001,221,3.1
231,24001,221,3.09
231,26001,221,3.18
231,28001,221,3.35
231,30001,221,3.58
231,32001,221,4.02
231,34001,221,4.45
231,36001,221,5.47
231,38001,221,4.4
231,40001,221,3.27
231,42001,221,2.81
231,44001,221,2.66
231,46001,221,2.83
231,48001,221,3.52
231,50001,221,4.37
231,52001,221,4.74
231,54001,221,4.12
231,56001,221,3.68
231,58001,221,3.22
231,60001,221,3.14
231,62001,221,2.89
231,64001,221,2.85
231,65535,221,2.78
231,1,231,2.73
231,2001,231,2.85
231,4001,231,3.21
231,6001,231,3.66
231,8001,231,4.28
231,10001,231,5.46
231,12001,231,4.84
231,14001,231,4.14
231,16001,231,3.67
231,18001,231,3.23
231,20001,231,3.09
231,22001,231,3.0
231,24001,231,3.06
231,26001,231,3.09
231,28001,231,3.35
231,30001,231,3.55
231,32001,231,3.9
231,34001,231,4.54
231,36001,231,5.5
231,38001,231,4.21
231,40001,231,3.21
231,42001,231,2.67
231,44001,231,2.61
231,46001,231,2.94
231,48001,231,3.29
231,50001,231,4.26
231,52001,231,4.97
231,54001,231,4.14
231,56001,231,3.64
231,58001,231,3.33
231,60001,231,3.03
231,62001,231,2.85
231,64001,231,2.8
231,65535,231,2.7
231,1,241,2.8
231,2001,241,2.84
231,4001,241,2.98
231,6001,241,3.51
231,8001,241,4.34
231,10001,241,5.51
231,12001,241,4.84
231,14001,241,4.23
231,16001,241,3.6
231,18001,241,3.21
231,20001,241,3.09
231,22001,241,3.0
231,24001,241,3.06
231,26001,241,3.01
231,28001,241,3.2
231,30001,241,3.51
231,32001,241,3.95
231,34001,241,4.57
231,36001,241,5.47
231,38001,241,4.09
231,40001,241,2.93
231,42001,241,2.79
231,44001,241,2.68
231,46001,241,2.7
231,48001,241,3.16
231,50001,241,4.09
231,52001,241,4.93
231,54001,241,4.1
231,56001,241,3.65
231,58001,241,3.32
231,60001,241,2.95
231,62001,241,2.78
231,64001,241,2.77
231,65535,241,2.75
231,1,251,2.62
231,2001,251,2.78
231,4001,251,3.06
231,6001,251,3.59
231,8001,251,4.36
231,10001,251,5.4
231,12001,251,4.82
231,14001,251,4.19
231,16001,251,3.51
231,18001,251,3.19
231,20001,251,3.18
231,22001,251,3.13
231,24001,251,3.09
231,26001,251,3.05
231,28001,251,3.41
231,30001,251,3.61
231,32001,251,3.91
231,34001,251,4.54
231,36001,251,5.71
231,38001,251,3.9
231,40001,251,2.99
231,42001,251,2.62
231,44001,251,2.62
231,46001,251,2.61
231,48001,251,3.0
231,50001,251,4.08
231,52001,251,5.01
231,54001,251,4.23
231,56001,251,3.56
231,58001,251,3.24
231,60001,251,2.98
231,62001,251,2.84
231,64001,251,2.71
231,65535,251,2.7
231,1,254,2.82
231,2001,254,2.73
231,4001,254,3.11
231,6001,254,3.62
231,8001,254,4.43
231,10001,254,5.43
231,12001,254,4.75
231,14001,254,4.1
231,16001,254,3.48
231,18001,254,3.11
231,20001,254,3.0
231,22001,254,3.07
231,24001,254,2.97
231,26001,254,3.12
231,28001,254,3.35
231,30001,254,3.43
231,32001,254,3.9
231,34001,254,4.55
231,36001,254,5.52
231,38001,254,3.88
231,40001,254,2.85
231,42001,254,2.59
231,44001,254,2.68
231,46001,254,2.71
231,48001,254,3.12
231,50001,254,3.95
231,52001,254,4.98
231,54001,254,4.12
231,56001,254,3.59
231,58001,254,3.25
231,60001,254,2.95
231,62001,254,2.94
231,64001,254,2.69
231,65535,254,2.65
241,1,1,12.56
241,2001,1,12.55
241,4001,1,12.45
241,6001,1,12.55
241,8001,1,12.5
241,10001,1,12.57
241,12001,1,12.48
241,14001,1,12.39
241,16001,1,12.38
241,18001,1,12.29
241,20001,1,12.36
241,22001,1,12.36
241,24001,1,12.38
241,26001,1,12.47
241,28001,1,12.44
241,30001,1,12.31
241,32001,1,12.45
241,34001,1,12.52
241,36001,1,12.4
241,38001,1,12.4
241,40001,1,12.38
241,42001,1,12.27
241,44001,1,12.39
241,46001,1,12.32
241,48001,1,12.4
241,50001,1,12.43
241,52001,1,12.29
241,54001,1,12.38
241,56001,1,12.45
241,58001,1,12.59
241,60001,1,12.5
241,62001,1,12.52
241,64001,1,12.47
241,65535,1,12.6
241,1,11,13.56
241,2001,11,13.56
241,4001,11,13.45
241,6001,11,13.45
241,8001,11,13.5
241,10001,11,13.72
241,12001,11,13.88
241,14001,11,13.83
241,16001,11,13.81
241,18001,11,13.67
241,20001,11,13.54
241,22001,11,13.58
241,24001,11,13.15
241,26001,11,12.87
241,28001,11,12.54
241,30001,11,12.22
241,32001,11,11.82
241,34001,11,11.52
241,36001,11,11.71
241,38001,11,11.83
241,40001,11,12.0
241,42001,11,12.58
241,44001,11,12.68
241,46001,11,12.86
241,48001,11,13.06
241,50001,11,13.31
241,52001,11,13.47
241,54001,11,13.52
241,56001,11,13.62
241,58001,11,13.45
241,60001,11,13.4
241,62001,11,13.36
241,64001,11,13.28
241,65535,11,13.51
241,1,21,13.9
241,2001,21,14.64
241,4001,21,14.54
241,6001,21,14.42
241,8001,21,14.99
241,10001,21,15.72
241,12001,21,15.87
241,14001,21,15.81
241,16001,21,15.53
241,18001,21,15.64
241,20001,21,15.4
241,22001,21,15.39
241,24001,21,14.25
241,26001,21,14.14
241,28001,21,13.09
241,30001,21,13.12
241,32001,21,13.25
241,34001,21,12.87
241,36001,21,12.41
241,38001,21,12.09
241,40001,21,12.15
241,42001,21,12.88
241,44001,21,13.2
241,46001,21,13.53
241,48001,21,14.09
241,50001,21,14.47
241,52001,21,14.62
241,54001,21,14.39
241,56001,21,13.64
241,58001,21,13.64
241,60001,21,13.47
241,62001,21,13.29
241,64001,21,13.25
241,65535,21,13.96
241,1,31,10.19
241,2001,31,14.49
241,4001,31,15.85
241,6001,31,15.77
241,8001,31,16.69
241,10001,31,17.77
241,12001,31,18.17
241,14001,31,17.91
241,16001,31,15.72
241,18001,31,14.14
241,20001,31,12.96
241,22001,31,11.91
241,24001,31,12.9
241,26001,31,14.45
241,28001,31,14.64
241,30001,31,14.77
241,32001,31,14.86
241,34001,31,14.58
241,36001,31,14.02
241,38001,31,13.32
241,40001,31,12.69
241,42001,31,12.96
241,44001,31,13.71
241,46001,31,14.37
241,48001,31,15.12
241,50001,31,15.51
241,52001,31,12.82
241,54001,31,11.2
241,56001,31,10.61
241,58001,31,10.49
241,60001,31,10.45
241,62001,31,10.45
241,64001,31,10.1
241,65535,31,10.3
241,1,41,8.32
241,2001,41,11.69
241,4001,41,17.26
241,6001,41,17.37
241,8001,41,18.19
241,10001,41,18.61
241,12001,41,15.9
241,14001,41,13.86
241,16001,41,12.27
241,18001,41,10.95
241,20001,41,9.82
241,22001,41,9.32
241,24001,41,10.07
241,26001,41,10.84
241,28001,41,11.28
241,30001,41,11.28
241,32001,41,11.6
241,34001,41,13.55
241,36001,41,15.32
241,38001,41,14.74
241,40001,41,13.43
241,42001,41,13.45
241,44001,41,14.55
241,46001,41,15.55
241,48001,41,15.67
241,50001,41,12.85
241,52001,41,10.71
241,54001,41,9.55
241,56001,41,8.83
241,58001,41,8.85
241,60001,41,8.81
241,62001,41,8.43
241,64001,41,8.45
241,65535,41,8.08
241,1,51,7.14
241,2001,51,10.0
241,4001,51,18.33
241,6001,51,18.46
241,8001,51,18.82
241,10001,51,17.66
241,12001,51,13.28
241,14001,51,11.39
241,16001,51,10.05
241,18001,51,8.91
241,20001,51,8.31
241,22001,51,7.53
241,24001,51,8.22
241,26001,51,8.67
241,28001,51,8.83
241,30001,51,9.23
241,32001,51,9.46
241,34001,51,10.6
241,36001,51,13.99
241,38001,51,15.81
241,40001,51,14.84
241,42001,51,14.14
241,44001,51,12.83
241,46001,51,14.09
241,48001,51,14.17
241,50001,51,11.18
241,52001,51,9.7
241,54001,51,8.27
241,56001,51,7.81
241,58001,51,7.71
241,60001,51,7.44
241,62001,51,7.24
241,64001,51,7.1
241,65535,51,7.03
241,1,61,6.2
241,2001,61,8.43
241,4001,61,17.1
241,6001,61,18.13
241,8001,61,18.29
241,10001,61,15.65
241,12001,61,11.68
241,14001,61,9.95
241,16001,61,8.8
241,18001,61,7.68
241,20001,61,7.04
241,22001,61,6.55
241,24001,61,7.24
241,26001,61,7.2
241,28001,61,7.68
241,30001,61,7.79
241,32001,61,8.17
241,34001,61,9.07
241,36001,61,11.36
241,38001,61,15.29
241,40001,61,13.69
241,42001,61,12.05
241,44001,61,10.58
241,46001,61,11.26
241,48001,61,12.3
241,50001,61,10.09
241,52001,61,8.47
241,54001,61,7.34
241,56001,61,7.02
241,58001,61,6.97
241,60001,61,6.66
241,62001,61,6.52
241,64001,61,6.26
241,65535,61,6.2
241,1,71,5.58
241,2001,71,7.57
241,4001,71,15.09
241,6001,71,17.96
241,8001,71,17.92
241,10001,71,13.37
241,12001,71,10.39
241,14001,71,8.82
241,16001,71,7.71
241,18001,71,6.92
241,20001,71,6.31
241,22001,71,5.94
241,24001,71,6.1
241,26001,71,6.47
241,28001,71,6.85
241,30001,71,6.94
241,32001,71,7.1
241,34001,71,8.21
241,36001,71,9.85
241,38001,71,12.71
241,40001,71,11.12
241,42001,71,9.48
241,44001,71,8.95
241,46001,71,9.7
241,48001,71,10.61
241,50001,71,9.29
241,52001,71,7.64
241,54001,71,6.65
241,56001,71,6.36
241,58001,71,6.15
241,60001,71,6.04
241,62001,71,5.82
241,64001,71,5.77
241,65535,71,5.61
241,1,81,5.17
241,2001,81,6.59
241,4001,81,12.68
241,6001,81,17.94
241,8001,81,17.95
241,10001,81,12.38
241,12001,81,9.47
241,14001,81,7.91
241,16001,81,7.03
241,18001,81,6.22
241,20001,81,5.64
241,22001,81,5.33
241,24001,81,5.61
241,26001,81,5.84
241,28001,81,6.02
241,30001,81,6.23
241,32001,81,6.65
241,34001,81,7.3
241,36001,81,8.68
241,38001,81,11.28
241,40001,81,9.7
241,42001,81,8.36
241,44001,81,7.54
241,46001,81,8.25
241,48001,81,9.3
241,50001,81,8.7
241,52001,81,7.24
241,54001,81,6.39
241,56001,81,5.83
241,58001,81,5.78
241,60001,81,5.58
241,62001,81,5.34
241,64001,81,5.16
241,65535,81,5.13
241,1,91,4.68
241,2001,91,6.27
241,4001,91,11.86
241,6001,91,16.38
241,8001,91,17.56
241,10001,91,11.07
241,12001,91,8.73
241,14001,91,7.45
241,16001,91,6.35
241,18001,91,5.69
241,20001,91,5.33
241,22001,91,4.94
241,24001,91,5.2
241,26001,91,5.37
241,28001,91,5.48
241,30001,91,5.78
241,32001,91,6.08
241,34001,91,6.84
241,36001,91,7.95
241,38001,91,10.18
241,40001,91,8.45
241,42001,91,7.27
241,44001,91,6.58
241,46001,91,7.38
241,48001,91,8.23
241,50001,91,8.14
241,52001,91,6.79
241,54001,91,5.99
241,56001,91,5.44
241,58001,91,5.3
241,60001,91,5.1
241,62001,91,4.97
241,64001,91,4.82
241,65535,91,4.63
241,1,101,4.39
241,2001,101,5.56
241,4001,101,9.55
241,6001,101,15.29
241,8001,101,17.65
241,10001,101,10.83
241,12001,101,8.18
241,14001,101,6.9
241,16001,101,6.04
241,18001,101,5.45
241,20001,101,5.02
241,22001,101,4.61
241,24001,101,4.78
241,26001,101,5.07
241,28001,101,5.25
241,30001,101,5.39
241,32001,101,5.66
241,34001,101,6.37
241,36001,101,7.44
241,38001,101,9.24
241,40001,101,7.8
241,42001,101,6.47
241,44001,101,5.87
241,46001,101,6.78
241,48001,101,7.48
241,50001,101,7.78
241,52001,101,6.45
241,54001,101,5.72
241,56001,101,5.23
241,58001,101,4.93
241,60001,101,4.9
241,62001,101,4.57
241,64001,101,4.47
241,65535,101,4.32
241,1,111,4.15
241,2001,111,5.27
241,4001,111,9.0
241,6001,111,14.37
241,8001,111,16.73
241,10001,111,10.36
241,12001,111,7.72
241,14001,111,6.37
241,16001,111,5.69
241,18001,111,5.03
241,20001,111,4.68
241,22001,111,4.44
241,24001,111,4.53
241,26001,111,4.77
241,28001,111,4.89
241,30001,111,5.23
241,32001,111,5.54
241,34001,111,6.03
241,36001,111,7.18
241,38001,111,8.41
241,40001,111,6.99
241,42001,111,5.78
241,44001,111,5.27
241,46001,111,6.1
241,48001,111,6.94
241,50001,111,7.29
241,52001,111,6.12
241,54001,111,5.35
241,56001,111,4.99
241,58001,111,4.71
241,60001,111,4.71
241,62001,111,4.4
241,64001,111,4.26
241,65535,111,4.15
241,1,121,3.86
241,2001,121,4.84
241,4001,121,8.13
241,6001,121,13.75
241,8001,121,15.83
241,10001,121,9.92
241,12001,121,7.3
241,14001,121,6.1
241,16001,121,5.25
241,18001,121,4.86
241,20001,121,4.51
241,22001,121,4.05
241,24001,121,4.21
241,26001,121,4.48
241,28001,121,4.68
241,30001,121,4.86
241,32001,121,5.27
241,34001,121,5.77
241,36001,121,6.78
241,38001,121,7.89
241,40001,121,6.32
241,42001,121,5.38
241,44001,121,4.88
241,46001,121,5.45
241,48001,121,6.32
241,50001,121,7.16
241,52001,121,5.87
241,54001,121,5.26
241,56001,121,4.79
241,58001,121,4.64
241,60001,121,4.29
241,62001,121,4.15
241,64001,121,3.95
241,65535,121,3.87
241,1,131,3.71
241,2001,131,4.76
241,4001,131,7.28
241,6001,131,13.57
241,8001,131,15.09
241,10001,131,9.57
241,12001,131,7.16
241,14001,131,5.88
241,16001,131,5.11
241,18001,131,4.48
241,20001,131,4.25
241,22001,131,3.99
241,24001,131,4.1
241,26001,131,4.19
241,28001,131,4.47
241,30001,131,4.77
241,32001,131,5.05
241,34001,131,5.58
241,36001,131,6.49
241,38001,131,7.4
241,40001,131,6.03
241,42001,131,4.89
241,44001,131,4.38
241,46001,131,5.09
241,48001,131,5.82
241,50001,131,6.86
241,52001,131,5.64
241,54001,131,4.85
241,56001,131,4.65
241,58001,131,4.36
241,60001,131,4.2
241,62001,131,3.92
241,64001,131,3.76
241,65535,131,3.66
241,1,141,3.53
241,2001,141,4.34
241,4001,141,6.94
241,6001,141,13.16
241,8001,141,14.39
241,10001,141,8.93
241,12001,141,6.84
241,14001,141,5.65
241,16001,141,4.82
241,18001,141,4.47
241,20001,141,4.02
241,22001,141,3.96
241,24001,141,3.92
241,26001,141,4.2
241,28001,141,4.36
241,30001,141,4.62
241,32001,141,4.89
241,34001,141,5.31
241,36001,141,6.27
241,38001,141,6.82
241,40001,141,5.53
241,42001,141,4.39
241,44001,141,4.05
241,46001,141,4.65
241,48001,141,5.42
241,50001,141,6.46
241,52001,141,5.6
241,54001,141,4.76
241,56001,141,4.54
241,58001,141,4.18
241,60001,141,3.98
241,62001,141,3.76
241,64001,141,3.61
241,65535,141,3.62
241,1,151,3.39
241,2001,151,4.16
241,4001,151,6.53
241,6001,151,13.14
241,8001,151,13.84
241,10001,151,8.99
241,12001,151,6.57
241,14001,151,5.66
241,16001,151,4.77
241,18001,151,4.35
241,20001,151,3.92
241,22001,151,3.81
241,24001,151,3.81
241,26001,151,4.01
241,28001,151,4.16
241,30001,151,4.43
241,32001,151,4.73
241,34001,151,5.19
241,36001,151,6.08
241,38001,151,6.61
241,40001,151,5.34
241,42001,151,4.14
241,44001,151,3.78
241,46001,151,4.38
241,48001,151,5.29
241,50001,151,6.25
241,52001,151,5.19
241,54001,151,4.75
241,56001,151,4.31
241,58001,151,4.17
241,60001,151,3.78
241,62001,151,3.72
241,64001,151,3.48
241,65535,151,3.37
241,1,161,3.41
241,2001,161,4.03
241,4001,161,5.74
241,6001,161,12.73
241,8001,161,13.4
241,10001,161,8.53
241,12001,161,6.34
241,14001,161,5.26
241,16001,161,4.64
241,18001,161,4.04
241,20001,161,3.81
241,22001,161,3.69
241,24001,161,3.82
241,26001,161,3.92
241,28001,161,4.09
241,30001,161,4.34
241,32001,161,4.56
241,34001,161,5.03
241,36001,161,5.96
241,38001,161,6.35
241,40001,161,4.94
241,42001,161,3.98
241,44001,161,3.58
241,46001,161,4.06
241,48001,161,5.03
241,50001,161,5.98
241,52001,161,5.3
241,54001,161,4.64
241,56001,161,4.36
241,58001,161,3.93
241,60001,161,3.89
241,62001,161,3.42
241,64001,161,3.4
241,65535,161,3.42
241,1,171,3.21
241,2001,171,3.76
241,4001,171,5.54
241,6001,171,13.05
241,8001,171,12.12
241,10001,171,7.04
241,12001,171,5.74
241,14001,171,5.09
241,16001,171,4.39
241,18001,171,4.1
241,20001,171,3.67
241,22001,171,3.54
241,24001,171,3.7
241,26001,171,3.79
241,28001,171,3.97
241,30001,171,4.22
241,32001,171,4.52
241,34001,171,5.08
241,36001,171,5.95
241,38001,171,6.01
241,40001,171,4.54
241,42001,171,3.77
241,44001,171,3.35
241,46001,171,3.87
241,48001,171,4.69
241,50001,171,5.73
241,52001,171,5.18
241,54001,171,4.45
241,56001,171,4.11
241,58001,171,3.83
241,60001,171,3.59
241,62001,171,3.51
241,64001,171,3.12
241,65535,171,3.26
241,1,181,3.16
241,2001,181,3.63
241,4001,181,5.21
241,6001,181,8.8
241,8001,181,7.41
241,10001,181,6.53
241,12001,181,5.46
241,14001,181,4.88
241,16001,181,4.33
241,18001,181,3.94
241,20001,181,3.66
241,22001,181,3.38
241,24001,181,3.57
241,26001,181,3.68
241,28001,181,3.8
241,30001,181,4.2
241,32001,181,4.5
241,34001,181,4.87
241,36001,181,5.72
241,38001,181,5.72
241,40001,181,4.46
241,42001,181,3.61
241,44001,181,3.25
241,46001,181,3.66
241,48001,181,4.45
241,50001,181,5.47
241,52001,181,5.16
241,54001,181,4.49
241,56001,181,4.11
241,58001,181,3.86
241,60001,181,3.51
241,62001,181,3.34
241,64001,181,3.23
241,65535,181,3.11
241,1,191,3.04
241,2001,191,3.54
241,4001,191,4.85
241,6001,191,6.19
241,8001,191,5.9
241,10001,191,6.11
241,12001,191,5.43
241,14001,191,4.81
241,16001,191,4.2
241,18001,191,3.78
241,20001,191,3.61
241,22001,191,3.37
241,24001,191,3.54
241,26001,191,3.64
241,28001,191,3.82
241,30001,191,4.07
241,32001,191,4.47
241,34001,191,4.84
241,36001,191,5.7
241,38001,191,5.4
241,40001,191,4.09
241,42001,191,3.26
241,44001,191,3.1
241,46001,191,3.62
241,48001,191,4.24
241,50001,191,5.19
241,52001,191,5.02
241,54001,191,4.42
241,56001,191,3.94
241,58001,191,3.85
241,60001,191,3.5
241,62001,191,3.31
241,64001,191,3.1
241,65535,191,3.22
241,1,201,3.04
241,2001,201,3.59
241,4001,201,4.59
241,6001,201,4.93
241,8001,201,5.04
241,10001,201,6.2
241,12001,201,5.23
241,14001,201,4.61
241,16001,201,4.16
241,18001,201,3.78
241,20001,201,3.53
241,22001,201,3.43
241,24001,201,3.45
241,26001,201,3.53
241,28001,201,3.73
241,30001,201,3.89
241,32001,201,4.41
241,34001,201,4.84
241,36001,201,5.74
241,38001,201,5.12
241,40001,201,4.04
241,42001,201,3.17
241,44001,201,2.94
241,46001,201,3.4
241,48001,201,4.05
241,50001,201,5.01
241,52001,201,5.08
241,54001,201,4.47
241,56001,201,3.93
241,58001,201,3.77
241,60001,201,3.39
241,62001,201,3.23
241,64001,201,3.08
241,65535,201,3.1
241,1,211,3.02
241,2001,211,3.34
241,4001,211,4.13
241,6001,211,4.25
241,8001,211,5.01
241,10001,211,6.16
241,12001,211,5.42
241,14001,211,4.51
241,16001,211,4.06
241,18001,211,3.75
241,20001,211,3.44
241,22001,211,3.34
241,24001,211,3.35
241,26001,211,3.63
241,28001,211,3.71
241,30001,211,4.02
241,32001,211,4.34
241,34001,211,4.9
241,36001,211,5.79
241,38001,211,5.07
241,40001,211,3.81
241,42001,211,3.07
241,44001,211,2.87
241,46001,211,3.29
241,48001,211,3.97
241,50001,211,4.82
241,52001,211,5.23
241,54001,211,4.45
241,56001,211,4.0
241,58001,211,3.7
241,60001,211,3.43
241,62001,211,3.21
241,64001,211,2.98
241,65535,211,2.91
241,1,221,3.06
241,2001,221,3.24
241,4001,221,3.45
241,6001,221,4.17
241,8001,221,4.91
241,10001,221,6.02
241,12001,221,5.33
241,14001,221,4.54
241,16001,221,4.12
241,18001,221,3.51
241,20001,221,3.43
241,22001,221,3.3
241,24001,221,3.42
241,26001,221,3.45
241,28001,221,3.78
241,30001,221,3.95
241,32001,221,4.38
241,34001,221,4.93
241,36001,221,6.1
241,38001,221,4.89
241,40001,221,3.6
241,42001,221,2.88
241,44001,221,2.89
241,46001,221,2.99
241,48001,221,3.84
241,50001,221,4.58
241,52001,221,5.18
241,54001,221,4.38
241,56001,221,3.94
241,58001,221,3.62
241,60001,221,3.35
241,62001,221,3.28
241,64001,221,3.1
241,65535,221,3.11
241,1,231,2.96
241,2001,231,3.18
241,4001,231,3.51
241,6001,231,4.12
241,8001,231,4.65
241,10001,231,6.08
241,12001,231,5.33
241,14001,231,4.67
241,16001,231,4.06
241,18001,231,3.58
241,20001,231,3.32
241,22001,231,3.37
241,24001,231,3.37
241,26001,231,3.3
241,28001,231,3.56
241,30001,231,3.86
241,32001,231,4.25
241,34001,231,4.91
241,36001,231,5.88
241,38001,231,4.54
241,40001,231,3.42
241,42001,231,2.97
241,44001,231,2.88
241,46001,231,2.93
241,48001,231,3.66
241,50001,231,4.63
241,52001,231,5.36
241,54001,231,4.45
241,56001,231,4.05
241,58001,231,3.59
241,60001,231,3.25
241,62001,231,3.13
241,64001,231,3.1
241,65535,231,3.01
241,1,241,3.04
241,2001,241,3.21
241,4001,241,3.48
241,6001,241,4.1
241,8001,241,4.79
241,10001,241,5.96
241,12001,241,5.17
241,14001,241,4.5
241,16001,241,3.92
241,18001,241,3.48
241,20001,241,3.38
241,22001,241,3.28
241,24001,241,3.31
241,26001,241,3.37
241,28001,241,3.59
241,30001,241,3.82
241,32001,241,4.33
241,34001,241,4.92
241,36001,241,6.28
241,38001,241,4.42
241,40001,241,3.28
241,42001,241,2.98
241,44001,241,2.93
241,46001,241,2.99
241,48001,241,3.6
241,50001,241,4.49
241,52001,241,5.31
241,54001,241,4.42
241,56001,241,4.01
241,58001,241,3.47
241,60001,241,3.33
241,62001,241,3.09
241,64001,241,3.06
241,65535,241,2.91
241,1,251,2.93
241,2001,251,3.13
241,4001,251,3.4
241,6001,251,3.84
241,8001,251,4.6
241,10001,251,5.93
241,12001,251,5.18
241,14001,251,4.43
241,16001,251,3.8
241,18001,251,3.61
241,20001,251,3.27
241,22001,251,3.26
241,24001,251,3.22
241,26001,251,3.35
241,28001,251,3.65
241,30001,251,3.84
241,32001,251,4.24
241,34001,251,4.81
241,36001,251,6.13
241,38001,251,4.21
241,40001,251,3.15
241,42001,251,2.89
241,44001,251,2.95
241,46001,251,2.91
241,48001,251,3.38
241,50001,251,4.29
241,52001,251,5.46
241,54001,251,4.3
241,56001,251,3.96
241,58001,251,3.6
241,60001,251,3.38
241,62001,251,3.05
241,64001,251,2.99
241,65535,251,3.0
241,1,254,3.0
241,2001,254,3.02
241,4001,254,3.28
241,6001,254,3.78
241,8001,254,4.74
241,10001,254,5.97
241,12001,254,5.1
241,14001,254,4.39
241,16001,254,3.82
241,18001,254,3.5
241,20001,254,3.41
241,22001,254,3.34
241,24001,254,3.32
241,26001,254,3.41
241,28001,254,3.62
241,30001,254,3.82
241,32001,254,4.19
241,34001,254,4.86
241,36001,254,6.12
241,38001,254,4.26
241,40001,254,3.07
241,42001,254,2.78
241,44001,254,2.85
241,46001,254,2.93
241,48001,254,3.31
241,50001,254,4.3
241,52001,254,5.5
241,54001,254,4.48
241,56001,254,3.86
241,58001,254,3.52
241,60001,254,3.28
241,62001,254,3.26
241,64001,254,3.03
241,65535,254,2.92
251,1,1,13.57
251,2001,1,13.66
251,4001,1,13.59
251,6001,1,13.54
251,8001,1,13.56
251,10001,1,13.63
251,12001,1,13.46
251,14001,1,13.39
251,16001,1,13.36
251,18001,1,13.41
251,20001,1,13.46
251,22001,1,13.43
251,24001,1,13.37
251,26001,1,13.46
251,28001,1,13.51
251,30001,1,13.57
251,32001,1,13.48
251,34001,1,13.38
251,36001,1,13.54
251,38001,1,13.43
251,40001,1,13.44
251,42001,1,13.49
251,44001,1,13.33
251,46001,1,13.45
251,48001,1,13.34
251,50001,1,13.31
251,52001,1,13.47
251,54001,1,13.49
251,56001,1,13.65
251,58001,1,13.59
251,60001,1,13.6
251,62001,1,13.56
251,64001,1,13.72
251,65535,1,13.53
251,1,11,14.77
251,2001,11,14.69
251,4001,11,14.63
251,6001,11,14.56
251,8001,11,14.66
251,10001,11,15.02
251,12001,11,15.16
251,14001,11,15.14
251,16001,11,14.89
251,18001,11,14.71
251,20001,11,14.74
251,22001,11,14.93
251,24001,11,14.46
251,26001,11,14.03
251,28001,11,13.57
251,30001,11,13.2
251,32001,11,12.87
251,34001,11,12.55
251,36001,11,12.68
251,38001,11,12.89
251,40001,11,13.18
251,42001,11,13.45
251,44001,11,13.65
251,46001,11,13.95
251,48001,11,14.15
251,50001,11,14.34
251,52001,11,14.5
251,54001,11,14.76
251,56001,11,14.74
251,58001,11,14.77
251,60001,11,14.4
251,62001,11,14.37
251,64001,11,14.68
251,65535,11,14.68
251,1,21,15.28
251,2001,21,15.94
251,4001,21,15.82
251,6001,21,15.62
251,8001,21,16.43
251,10001,21,16.87
251,12001,21,17.25
251,14001,21,17.11
251,16001,21,17.0
251,18001,21,16.87
251,20001,21,16.65
251,22001,21,16.78
251,24001,21,15.68
251,26001,21,15.12
251,28001,21,14.39
251,30001,21,14.31
251,32001,21,14.33
251,34001,21,14.06
251,36001,21,13.59
251,38001,21,12.93
251,40001,21,13.11
251,42001,21,13.83
251,44001,21,14.33
251,46001,21,14.72
251,48001,21,15.33
251,50001,21,15.62
251,52001,21,16.05
251,54001,21,15.55
251,56001,21,14.78
251,58001,21,14.5
251,60001,21,14.44
251,62001,21,14.38
251,64001,21,14.51
251,65535,21,15.29
251,1,31,11.1
251,2001,31,15.76
251,4001,31,17.22
251,6001,31,17.2
251,8001,31,18.06
251,10001,31,19.47
251,12001,31,19.84
251,14001,31,19.25
251,16001,31,16.84
251,18001,31,15.13
251,20001,31,14.08
251,22001,31,13.09
251,24001,31,14.3
251,26001,31,15.53
251,28001,31,15.89
251,30001,31,16.1
251,32001,31,16.33
251,34001,31,15.83
251,36001,31,15.22
251,38001,31,14.41
251,40001,31,13.78
251,42001,31,14.21
251,44001,31,14.99
251,46001,31,15.6
251,48001,31,16.47
251,50001,31,16.79
251,52001,31,13.98
251,54001,31,11.97
251,56001,31,11.56
251,58001,31,11.36
251,60001,31,11.35
251,62001,31,11.15
251,64001,31,10.99
251,65535,31,11.18
251,1,41,8.9
251,2001,41,12.91
251,4001,41,18.72
251,6001,41,18.84
251,8001,41,20.19
251,10001,41,20.38
251,12001,41,17.21
251,14001,41,15.04
251,16001,41,13.22
251,18001,41,11.85
251,20001,41,10.6
251,22001,41,9.95
251,24001,41,10.84
251,26001,41,11.74
251,28001,41,12.18
251,30001,41,12.3
251,32001,41,12.48
251,34001,41,14.71
251,36001,41,16.7
251,38001,41,15.8
251,40001,41,14.53
251,42001,41,14.6
251,44001,41,16.0
251,46001,41,16.78
251,48001,41,16.89
251,50001,41,14.07
251,52001,41,11.71
251,54001,41,10.45
251,56001,41,9.54
251,58001,41,9.54
251,60001,41,9.34
251,62001,41,9.06
251,64001,41,9.03
251,65535,41,8.93
251,1,51,7.54
251,2001,51,10.69
251,4001,51,19.81
251,6001,51,19.87
251,8001,51,19.99
251,10001,51,19.01
251,12001,51,14.31
251,14001,51,12.41
251,16001,51,11.01
251,18001,51,9.67
251,20001,51,8.99
251,22001,51,8.25
251,24001,51,8.9
251,26001,51,9.36
251,28001,51,9.65
251,30001,51,10.13
251,32001,51,10.17
251,34001,51,11.54
251,36001,51,15.22
251,38001,51,17.34
251,40001,51,16.0
251,42001,51,15.28
251,44001,51,14.18
251,46001,51,15.27
251,48001,51,15.32
251,50001,51,11.99
251,52001,51,10.38
251,54001,51,8.92
251,56001,51,8.47
251,58001,51,8.27
251,60001,51,7.95
251,62001,51,7.82
251,64001,51,7.63
251,65535,51,7.64
251,1,61,6.78
251,2001,61,9.14
251,4001,61,18.7
251,6001,61,19.67
251,8001,61,19.93
251,10001,61,16.81
251,12001,61,12.64
251,14001,61,10.73
251,16001,61,9.52
251,18001,61,8.45
251,20001,61,7.68
251,22001,61,7.07
251,24001,61,7.69
251,26001,61,7.97
251,28001,61,8.26
251,30001,61,8.58
251,32001,61,8.83
251,34001,61,9.79
251,36001,61,12.38
251,38001,61,16.64
251,40001,61,14.75
251,42001,61,13.11
251,44001,61,11.49
251,46001,61,12.39
251,48001,61,13.4
251,50001,61,10.82
251,52001,61,9.23
251,54001,61,8.06
251,56001,61,7.66
251,58001,61,7.39
251,60001,61,7.13
251,62001,61,6.99
251,64001,61,6.76
251,65535,61,6.76
251,1,71,5.99
251,2001,71,8.04
251,4001,71,16.36
251,6001,71,19.77
251,8001,71,19.61
251,10001,71,14.56
251,12001,71,11.33
251,14001,71,9.44
251,16001,71,8.33
251,18001,71,7.49
251,20001,71,6.91
251,22001,71,6.46
251,24001,71,6.82
251,26001,71,7.14
251,28001,71,7.18
251,30001,71,7.43
251,32001,71,7.76
251,34001,71,8.92
251,36001,71,10.9
251,38001,71,13.86
251,40001,71,12.16
251,42001,71,10.3
251,44001,71,9.66
251,46001,71,10.63
251,48001,71,11.66
251,50001,71,10.01
251,52001,71,8.45
251,54001,71,7.4
251,56001,71,6.9
251,58001,71,6.67
251,60001,71,6.5
251,62001,71,6.24
251,64001,71,6.01
251,65535,71,6.06
251,1,81,5.59
251,2001,81,7.12
251,4001,81,13.7
251,6001,81,19.4
251,8001,81,19.55
251,10001,81,13.47
251,12001,81,10.16
251,14001,81,8.86
251,16001,81,7.64
251,18001,81,6.74
251,20001,81,6.2
251,22001,81,5.73
251,24001,81,6.16
251,26001,81,6.4
251,28001,81,6.49
251,30001,81,6.86
251,32001,81,7.1
251,34001,81,8.05
251,36001,81,9.53
251,38001,81,12.13
251,40001,81,10.52
251,42001,81,8.94
251,44001,81,8.26
251,46001,81,8.97
251,48001,81,10.08
251,50001,81,9.27
251,52001,81,7.8
251,54001,81,6.88
251,56001,81,6.36
251,58001,81,6.15
251,60001,81,5.93
251,62001,81,5.87
251,64001,81,5.62
251,65535,81,5.49
251,1,91,5.09
251,2001,91,6.68
251,4001,91,12.8
251,6001,91,17.74
251,8001,91,20.4
251,10001,91,12.25
251,12001,91,9.42
251,14001,91,8.04
251,16001,91,6.94
251,18001,91,6.16
251,20001,91,5.75
251,22001,91,5.19
251,24001,91,5.46
251,26001,91,5.8
251,28001,91,6.07
251,30001,91,6.27
251,32001,91,6.51
251,34001,91,7.32
251,36001,91,8.69
251,38001,91,10.93
251,40001,91,9.33
251,42001,91,7.92
251,44001,91,7.09
251,46001,91,8.04
251,48001,91,8.86
251,50001,91,8.78
251,52001,91,7.36
251,54001,91,6.44
251,56001,91,5.96
251,58001,91,5.73
251,60001,91,5.47
251,62001,91,5.26
251,64001,91,5.0
251,65535,91,4.95
251,1,101,4.74
251,2001,101,6.1
251,4001,101,10.39
251,6001,101,16.56
251,8001,101,19.03
251,10001,101,11.79
251,12001,101,8.9
251,14001,101,7.42
251,16001,101,6.64
251,18001,101,5.79
251,20001,101,5.4
251,22001,101,5.01
251,24001,101,5.13
251,26001,101,5.42
251,28001,101,5.55
251,30001,101,5.92
251,32001,101,6.14
251,34001,101,6.83
251,36001,101,8.12
251,38001,101,9.94
251,40001,101,8.39
251,42001,101,6.94
251,44001,101,6.4
251,46001,101,7.21
251,48001,101,8.16
251,50001,101,8.26
251,52001,101,7.0
251,54001,101,6.14
251,56001,101,5.74
251,58001,101,5.37
251,60001,101,5.2
251,62001,101,5.01
251,64001,101,4.84
251,65535,101,4.67
251,1,111,4.45
251,2001,111,5.72
251,4001,111,9.63
251,6001,111,15.36
251,8001,111,18.02
251,10001,111,11.12
251,12001,111,8.53
251,14001,111,6.98
251,16001,111,6.02
251,18001,111,5.45
251,20001,111,4.96
251,22001,111,4.75
251,24001,111,4.99
251,26001,111,5.1
251,28001,111,5.46
251,30001,111,5.63
251,32001,111,5.92
251,34001,111,6.53
251,36001,111,7.7
251,38001,111,9.12
251,40001,111,7.48
251,42001,111,6.34
251,44001,111,5.82
251,46001,111,6.62
251,48001,111,7.36
251,50001,111,7.97
251,52001,111,6.76
251,54001,111,5.8
251,56001,111,5.45
251,58001,111,5.19
251,60001,111,5.03
251,62001,111,4.7
251,64001,111,4.48
251,65535,111,4.42
251,1,121,4.25
251,2001,121,5.33
251,4001,121,8.69
251,6001,121,14.81
251,8001,121,17.03
251,10001,121,10.8
251,12001,121,7.95
251,14001,121,6.68
251,16001,121,5.74
251,18001,121,5.24
251,20001,121,4.77
251,22001,121,4.49
251,24001,121,4.71
251,26001,121,4.86
251,28001,121,5.1
251,30001,121,5.2
251,32001,121,5.66
251,34001,121,6.23
251,36001,121,7.27
251,38001,121,8.5
251,40001,121,6.82
251,42001,121,5.74
251,44001,121,5.2
251,46001,121,5.84
251,48001,121,7.01
251,50001,121,7.62
251,52001,121,6.38
251,54001,121,5.6
251,56001,121,5.3
251,58001,121,4.91
251,60001,121,4.7
251,62001,121,4.56
251,64001,121,4.36
251,65535,121,4.19
251,1,131,3.98
251,2001,131,5.01
251,4001,131,7.85
251,6001,131,14.65
251,8001,131,16.25
251,10001,131,10.37
251,12001,131,7.68
251,14001,131,6.39
251,16001,131,5.53
251,18001,131,4.97
251,20001,131,4.6
251,22001,131,4.26
251,24001,131,4.52
251,26001,131,4.68
251,28001,131,4.87
251,30001,131,5.2
251,32001,131,5.42
251,34001,131,6.06
251,36001,131,7.12
251,38001,131,7.99
251,40001,131,6.42
251,42001,131,5.24
251,44001,131,4.69
251,46001,131,5.43
251,48001,131,6.45
251,50001,131,7.25
251,52001,131,6.22
251,54001,131,5.3
251,56001,131,4.96
251,58001,131,4.67
251,60001,131,4.55
251,62001,131,4.25
251,64001,131,4.08
251,65535,131,3.96
251,1,141,3.92
251,2001,141,4.72
251,4001,141,7.42
251,6001,141,14.01
251,8001,141,15.59
251,10001,141,9.95
251,12001,141,7.34
251,14001,141,6.01
251,16001,141,5.41
251,18001,141,4.82
251,20001,141,4.32
251,22001,141,4.03
251,24001,141,4.34
251,26001,141,4.45
251,28001,141,4.71
251,30001,141,4.78
251,32001,141,5.31
251,34001,141,5.81
251,36001,141,6.71
251,38001,141,7.49
251,40001,141,5.93
251,42001,141,4.93
251,44001,141,4.42
251,46001,141,5.18
251,48001,141,6.06
251,50001,141,7.04
251,52001,141,5.75
251,54001,141,5.21
251,56001,141,4.85
251,58001,141,4.55
251,60001,141,4.31
251,62001,141,4.09
251,64001,141,3.87
251,65535,141,3.85
251,1,151,3.65
251,2001,151,4.43
251,4001,151,6.9
251,6001,151,14.17
251,8001,151,14.99
251,10001,151,9.59
251,12001,151,7.15
251,14001,151,5.92
251,16001,151,5.12
251,18001,151,4.61
251,20001,151,4.3
251,22001,151,4.07
251,24001,151,4.1
251,26001,151,4.24
251,28001,151,4.52
251,30001,151,4.8
251,32001,151,5.07
251,34001,151,5.65
251,36001,151,6.63
251,38001,151,7.06
251,40001,151,5.65
251,42001,151,4.63
251,44001,151,4.07
251,46001,151,4.78
251,48001,151,5.56
251,50001,151,6.76
251,52001,151,5.83
251,54001,151,5.11
251,56001,151,4.69
251,58001,151,4.54
251,60001,151,4.04
251,62001,151,3.94
251,64001,151,3.89
251,65535,151,3.64
251,1,161,3.57
251,2001,161,4.3
251,4001,161,6.23
251,6001,161,13.96
251,8001,161,14.43
251,10001,161,9.11
251,12001,161,6.85
251,14001,161,5.78
251,16001,161,5.06
251,18001,161,4.46
251,20001,161,4.05
251,22001,161,3.99
251,24001,161,4.01
251,26001,161,4.2
251,28001,161,4.34
251,30001,161,4.61
251,32001,161,4.89
251,34001,161,5.67
251,36001,161,6.37
251,38001,161,6.7
251,40001,161,5.34
251,42001,161,4.21
251,44001,161,3.92
251,46001,161,4.46
251,48001,161,5.3
251,50001,161,6.41
251,52001,161,5.74
251,54001,161,5.03
251,56001,161,4.66
251,58001,161,4.33
251,60001,161,4.08
251,62001,161,3.91
251,64001,161,3.66
251,65535,161,3.62
251,1,171,3.5
251,2001,171,4.07
251,4001,171,5.75
251,6001,171,14.1
251,8001,171,13.26
251,10001,171,7.64
251,12001,171,6.21
251,14001,171,5.49
251,16001,171,4.81
251,18001,171,4.26
251,20001,171,4.08
251,22001,171,3.87
251,24001,171,3.91
251,26001,171,4.1
251,28001,171,4.32
251,30001,171,4.63
251,32001,171,4.92
251,34001,171,5.49
251,36001,171,6.36
251,38001,171,6.61
251,40001,171,4.88
251,42001,171,4.07
251,44001,171,3.68
251,46001,171,4.29
251,48001,171,4.97
251,50001,171,6.05
251,52001,171,5.63
251,54001,171,4.95
251,56001,171,4.48
251,58001,171,4.32
251,60001,171,3.91
251,62001,171,3.73
251,64001,171,3.66
251,65535,171,3.59
251,1,181,3.33
251,2001,181,4.02
251,4001,181,5.51
251,6001,181,9.34
251,8001,181,8.02
251,10001,181,7.05
251,12001,181,5.95
251,14001,181,5.15
251,16001,181,4.6
251,18001,181,4.31
251,20001,181,3.93
251,22001,181,3.76
251,24001,181,3.97
251,26001,181,4.05
251,28001,181,4.13
251,30001,181,4.56
251,32001,181,4.85
251,34001,181,5.33
251,36001,181,6.17
251,38001,181,6.11
251,40001,181,4.79
251,42001,181,3.82
251,44001,181,3.37
251,46001,181,4.09
251,48001,181,4.88
251,50001,181,5.88
251,52001,181,5.67
251,54001,181,4.92
251,56001,181,4.51
251,58001,181,4.06
251,60001,181,3.9
251,62001,181,3.64
251,64001,181,3.48
251,65535,181,3.47
251,1,191,3.42
251,2001,191,3.75
251,4001,191,5.26
251,6001,191,6.59
251,8001,191,6.55
251,10001,191,6.57
251,12001,191,5.91
251,14001,191,5.09
251,16001,191,4.54
251,18001,191,4.17
251,20001,191,3.97
251,22001,191,3.7
251,24001,191,3.81
251,26001,191,3.96
251,28001,191,4.15
251,30001,191,4.43
251,32001,191,4.72
251,34001,191,5.23
251,36001,191,6.25
251,38001,191,5.9
251,40001,191,4.49
251,42001,191,3.66
251,44001,191,3.37
251,46001,191,3.9
251,48001,191,4.66
251,50001,191,5.84
251,52001,191,5.45
251,54001,191,4.71
251,56001,191,4.33
251,58001,191,4.01
251,60001,191,3.73
251,62001,191,3.63
251,64001,191,3.51
251,65535,191,3.42
251,1,201,3.3
251,2001,201,3.73
251,4001,201,4.98
251,6001,201,5.32
251,8001,201,5.56
251,10001,201,6.59
251,12001,201,5.8
251,14001,201,5.17
251,16001,201,4.47
251,18001,201,4.07
251,20001,201,3.85
251,22001,201,3.78
251,24001,201,3.69
251,26001,201,3.9
251,28001,201,4.1
251,30001,201,4.51
251,32001,201,4.64
251,34001,201,5.11
251,36001,201,6.12
251,38001,201,5.65
251,40001,201,4.58
251,42001,201,3.55
251,44001,201,3.27
251,46001,201,3.62
251,48001,201,4.35
251,50001,201,5.45
251,52001,201,5.54
251,54001,201,4.68
251,56001,201,4.45
251,58001,201,3.95
251,60001,201,3.67
251,62001,201,3.51
251,64001,201,3.33
251,65535,201,3.23
251,1,211,3.24
251,2001,211,3.58
251,4001,211,4.39
251,6001,211,4.75
251,8001,211,5.28
251,10001,211,6.48
251,12001,211,5.78
251,14001,211,5.08
251,16001,211,4.46
251,18001,211,4.05
251,20001,211,3.75
251,22001,211,3.56
251,24001,211,3.65
251,26001,211,3.82
251,28001,211,4.07
251,30001,211,4.37
251,32001,211,4.72
251,34001,211,5.26
251,36001,211,6.34
251,38001,211,5.41
251,40001,211,4.16
251,42001,211,3.29
251,44001,211,3.2
251,46001,211,3.44
251,48001,211,4.19
251,50001,211,5.21
251,52001,211,5.49
251,54001,211,4.83
251,56001,211,4.35
251,58001,211,4.06
251,60001,211,3.6
251,62001,211,3.4
251,64001,211,3.28
251,65535,211,3.35
251,1,221,3.19
251,2001,221,3.47
251,4001,221,4.0
251,6001,221,4.49
251,8001,221,5.29
251,10001,221,6.53
251,12001,221,5.74
251,14001,221,5.08
251,16001,221,4.47
251,18001,221,4.02
251,20001,221,3.63
251,22001,221,3.51
251,24001,221,3.68
251,26001,221,3.81
251,28001,221,3.96
251,30001,221,4.19
251,32001,221,4.65
251,34001,221,5.33
251,36001,221,6.55
251,38001,221,5.21
251,40001,221,3.95
251,42001,221,3.25
251,44001,221,3.15
251,46001,221,3.34
251,48001,221,4.24
251,50001,221,5.08
251,52001,221,5.55
251,54001,221,4.72
251,56001,221,4.24
251,58001,221,3.97
251,60001,221,3.5
251,62001,221,3.43
251,64001,221,3.3
251,65535,221,3.19
251,1,231,3.13
251,2001,231,3.39
251,4001,231,3.63
251,6001,231,4.32
251,8001,231,5.22
251,10001,231,6.42
251,12001,231,5.71
251,14001,231,4.94
251,16001,231,4.31
251,18001,231,3.77
251,20001,231,3.74
251,22001,231,3.68
251,24001,231,3.74
251,26001,231,3.77
251,28001,231,3.98
251,30001,231,4.2
251,32001,231,4.55
251,34001,231,5.27
251,36001,231,6.54
251,38001,231,5.08
251,40001,231,3.73
251,42001,231,3.23
251,44001,231,3.1
251,46001,231,3.32
251,48001,231,3.9
251,50001,231,5.02
251,52001,231,5.84
251,54001,231,4.73
251,56001,231,4.1
251,58001,231,3.94
251,60001,231,3.52
251,62001,231,3.37
251,64001,231,3.31
251,65535,231,3.18
251,1,241,3.14
251,2001,241,3.36
251,4001,241,3.63
251,6001,241,4.27
251,8001,241,5.18
251,10001,241,6.28
251,12001,241,5.79
251,14001,241,4.88
251,16001,241,4.2
251,18001,241,3.83
251,20001,241,3.66
251,22001,241,3.48
251,24001,241,3.72
251,26001,241,3.79
251,28001,241,3.78
251,30001,241,4.23
251,32001,241,4.7
251,34001,241,5.2
251,36001,241,6.68
251,38001,241,4.79
251,40001,241,3.58
251,42001,241,3.13
251,44001,241,3.09
251,46001,241,3.11
251,48001,241,3.83
251,50001,241,4.78
251,52001,241,5.65
251,54001,241,4.82
251,56001,241,4.2
251,58001,241,3.87
251,60001,241,3.52
251,62001,241,3.34
251,64001,241,3.16
251,65535,241,3.21
251,1,251,3.25
251,2001,251,3.29
251,4001,251,3.64
251,6001,251,4.16
251,8001,251,5.07
251,10001,251,6.47
251,12001,251,5.66
251,14001,251,4.84
251,16001,251,4.15
251,18001,251,3.78
251,20001,251,3.68
251,22001,251,3.55
251,24001,251,3.6
251,26001,251,3.68
251,28001,251,3.8
251,30001,251,4.16
251,32001,251,4.68
251,34001,251,5.43
251,36001,251,6.6
251,38001,251,4.61
251,40001,251,3.45
251,42001,251,3.02
251,44001,251,3.11
251,46001,251,3.15
251,48001,251,3.68
251,50001,251,4.66
251,52001,251,5.79
251,54001,251,4.74
251,56001,251,4.2
251,58001,251,3.77
251,60001,251,3.65
251,62001,251,3.4
251,64001,251,3.27
251,65535,251,3.17
251,1,254,3.27
251,2001,254,3.29
251,4001,254,3.53
251,6001,254,4.12
251,8001,254,5.17
251,10001,254,6.47
251,12001,254,5.63
251,14001,254,4.79
251,16001,254,4.41
251,18001,254,3.73
251,20001,254,3.66
251,22001,254,3.69
251,24001,254,3.56
251,26001,254,3.63
251,28001,254,3.91
251,30001,254,4.18
251,32001,254,4.74
251,34001,254,5.27
251,36001,254,6.54
251,38001,254,4.47
251,40001,254,3.2
251,42001,254,3.1
251,44001,254,3.11
251,46001,254,3.07
251,48001,254,3.64
251,50001,254,4.71
251,52001,254,5.91
251,54001,254,4.84
251,56001,254,4.3
251,58001,254,3.77
251,60001,254,3.45
251,62001,254,3.29
251,64001,254,3.16
251,65535,254,3.2
255,1,1,14.1
255,2001,1,14.0
255,4001,1,14.01
255,6001,1,14.13
255,8001,1,14.11
255,10001,1,14.06
255,12001,1,13.92
255,14001,1,13.95
255,16001,1,13.89
255,18001,1,13.9
255,20001,1,13.89
255,22001,1,13.94
255,24001,1,13.95
255,26001,1,13.79
255,28001,1,13.81
255,30001,1,13.91
255,32001,1,13.83
255,34001,1,13.92
255,36001,1,13.86
255,38001,1,13.91
255,40001,1,13.97
255,42001,1,13.88
255,44001,1,13.81
255,46001,1,13.82
255,48001,1,14.01
255,50001,1,13.82
255,52001,1,13.91
255,54001,1,13.86
255,56001,1,14.13
255,58001,1,14.07
255,60001,1,14.13
255,62001,1,14.06
255,64001,1,14.03
255,65535,1,14.03
255,1,11,15.18
255,2001,11,15.15
255,4001,11,15.02
255,6001,11,14.94
255,8001,11,15.22
255,10001,11,15.42
255,12001,11,15.55
255,14001,11,15.51
255,16001,11,15.42
255,18001,11,15.32
255,20001,11,15.21
255,22001,11,15.51
255,24001,11,14.87
255,26001,11,14.27
255,28001,11,14.1
255,30001,11,13.81
255,32001,11,13.53
255,34001,11,13.01
255,36001,11,13.1
255,38001,11,13.25
255,40001,11,13.63
255,42001,11,13.99
255,44001,11,14.06
255,46001,11,14.36
255,48001,11,14.63
255,50001,11,14.87
255,52001,11,15.13
255,54001,11,15.09
255,56001,11,15.25
255,58001,11,15.23
255,60001,11,14.95
255,62001,11,15.0
255,64001,11,15.15
255,65535,11,15.29
255,1,21,15.75
255,2001,21,16.38
255,4001,21,16.33
255,6001,21,16.24
255,8001,21,16.77
255,10001,21,17.61
255,12001,21,17.83
255,14001,21,17.79
255,16001,21,17.61
255,18001,21,17.48
255,20001,21,17.26
255,22001,21,17.32
255,24001,21,16.22
255,26001,21,15.76
255,28001,21,14.97
255,30001,21,14.67
255,32001,21,14.8
255,34001,21,14.37
255,36001,21,13.88
255,38001,21,13.41
255,40001,21,13.6
255,42001,21,14.21
255,44001,21,14.78
255,46001,21,15.25
255,48001,21,15.69
255,50001,21,16.24
255,52001,21,16.51
255,54001,21,15.89
255,56001,21,15.22
255,58001,21,14.98
255,60001,21,14.89
255,62001,21,14.74
255,64001,21,15.03
255,65535,21,15.97
255,1,31,11.51
255,2001,31,16.28
255,4001,31,17.81
255,6001,31,17.83
255,8001,31,18.72
255,10001,31,20.1
255,12001,31,20.61
255,14001,31,19.81
255,16001,31,17.39
255,18001,31,15.63
255,20001,31,14.4
255,22001,31,13.41
255,24001,31,14.7
255,26001,31,16.11
255,28001,31,16.32
255,30001,31,16.54
255,32001,31,16.7
255,34001,31,16.48
255,36001,31,15.63
255,38001,31,14.77
255,40001,31,14.25
255,42001,31,14.54
255,44001,31,15.53
255,46001,31,16.17
255,48001,31,16.99
255,50001,31,17.28
255,52001,31,14.47
255,54001,31,12.44
255,56001,31,11.87
255,58001,31,11.68
255,60001,31,11.67
255,62001,31,11.44
255,64001,31,11.24
255,65535,31,11.59
255,1,41,9.11
255,2001,41,13.24
255,4001,41,19.39
255,6001,41,19.59
255,8001,41,20.64
255,10001,41,20.88
255,12001,41,17.72
255,14001,41,15.52
255,16001,41,13.72
255,18001,41,12.17
255,20001,41,11.02
255,22001,41,10.43
255,24001,41,11.18
255,26001,41,12.07
255,28001,41,12.62
255,30001,41,12.63
255,32001,41,13.07
255,34001,41,15.22
255,36001,41,17.25
255,38001,41,16.33
255,40001,41,15.1
255,42001,41,15.05
255,44001,41,16.45
255,46001,41,17.28
255,48001,41,17.44
255,50001,41,14.34
255,52001,41,11.91
255,54001,41,10.61
255,56001,41,9.83
255,58001,41,9.87
255,60001,41,9.5
255,62001,41,9.39
255,64001,41,9.29
255,65535,41,9.14
255,1,51,7.87
255,2001,51,11.12
255,4001,51,20.45
255,6001,51,20.65
255,8001,51,20.93
255,10001,51,19.62
255,12001,51,14.77
255,14001,51,12.76
255,16001,51,11.38
255,18001,51,10.02
255,20001,51,9.19
255,22001,51,8.44
255,24001,51,9.22
255,26001,51,9.74
255,28001,51,10.03
255,30001,51,10.49
255,32001,51,10.52
255,34001,51,11.88
255,36001,51,15.83
255,38001,51,17.82
255,40001,51,16.6
255,42001,51,15.87
255,44001,51,14.75
255,46001,51,15.92
255,48001,51,15.62
255,50001,51,12.36
255,52001,51,10.66
255,54001,51,9.24
255,56001,51,8.66
255,58001,51,8.48
255,60001,51,8.27
255,62001,51,8.08
255,64001,51,7.95
255,65535,51,7.86
255,1,61,6.97
255,2001,61,9.48
255,4001,61,19.35
255,6001,61,20.41
255,8001,61,20.58
255,10001,61,17.28
255,12001,61,12.92
255,14001,61,10.99
255,16001,61,9.83
255,18001,61,8.72
255,20001,61,7.7
255,22001,61,7.33
255,24001,61,7.91
255,26001,61,8.34
255,28001,61,8.47
255,30001,61,8.84
255,32001,61,8.99
255,34001,61,10.04
255,36001,61,12.65
255,38001,61,17.27
255,40001,61,15.27
255,42001,61,13.58
255,44001,61,11.99
255,46001,61,12.78
255,48001,61,13.85
255,50001,61,11.15
255,52001,61,9.53
255,54001,61,8.28
255,56001,61,7.88
255,58001,61,7.54
255,60001,61,7.28
255,62001,61,7.22
255,64001,61,6.88
255,65535,61,6.92
255,1,71,6.25
255,2001,71,8.38
255,4001,71,16.74
255,6001,71,20.27
255,8001,71,20.15
255,10001,71,15.05
255,12001,71,11.57
255,14001,71,9.8
255,16001,71,8.59
255,18001,71,7.75
255,20001,71,7.03
255,22001,71,6.44
255,24001,71,7.18
255,26001,71,7.19
255,28001,71,7.48
255,30001,71,7.84
255,32001,71,8.21
255,34001,71,9.07
255,36001,71,11.08
255,38001,71,14.33
255,40001,71,12.54
255,42001,71,10.71
255,44001,71,9.98
255,46001,71,10.87
255,48001,71,11.89
255,50001,71,10.27
255,52001,71,8.61
255,54001,71,7.62
255,56001,71,7.13
255,58001,71,6.85
255,60001,71,6.54
255,62001,71,6.39
255,64001,71,6.31
255,65535,71,6.19
255,1,81,5.74
255,2001,81,7.46
255,4001,81,14.16
255,6001,81,20.17
255,8001,81,19.99
255,10001,81,13.99
255,12001,81,10.5
255,14001,81,9.12
255,16001,81,7.88
255,18001,81,6.94
255,20001,81,6.54
255,22001,81,5.98
255,24001,81,6.41
255,26001,81,6.5
255,28001,81,6.8
255,30001,81,7.05
255,32001,81,7.23
255,34001,81,8.21
255,36001,81,9.7
255,38001,81,12.71
255,40001,81,10.84
255,42001,81,9.35
255,44001,81,8.42
255,46001,81,9.18
255,48001,81,10.39
255,50001,81,9.57
255,52001,81,8.22
255,54001,81,7.03
255,56001,81,6.58
255,58001,81,6.41
255,60001,81,6.1
255,62001,81,5.93
255,64001,81,5.82
255,65535,81,5.68
255,1,91,5.17
255,2001,91,6.99
255,4001,91,13.26
255,6001,91,18.14
255,8001,91,19.42
255,10001,91,12.41
255,12001,91,9.7
255,14001,91,8.43
255,16001,91,7.25
255,18001,91,6.48
255,20001,91,6.05
255,22001,91,5.5
255,24001,91,5.81
255,26001,91,6.02
255,28001,91,6.21
255,30001,91,6.43
255,32001,91,6.83
255,34001,91,7.5
255,36001,91,8.92
255,38001,91,11.33
255,40001,91,9.52
255,42001,91,8.08
255,44001,91,7.38
255,46001,91,8.2
255,48001,91,9.33
255,50001,91,8.95
255,52001,91,7.36
255,54001,91,6.53
255,56001,91,6.15
255,58001,91,5.94
255,60001,91,5.71
255,62001,91,5.49
255,64001,91,5.39
255,65535,91,5.17
255,1,101,4.83
255,2001,101,6.16
255,4001,101,10.63
255,6001,101,16.98
255,8001,101,19.7
255,10001,101,12.04
255,12001,101,9.18
255,14001,101,7.76
255,16001,101,6.78
255,18001,101,5.99
255,20001,101,5.56
255,22001,101,5.19
255,24001,101,5.53
255,26001,101,5.59
255,28001,101,5.86
255,30001,101,6.32
255,32001,101,6.4
255,34001,101,7.26
255,36001,101,8.46
255,38001,101,10.33
255,40001,101,8.71
255,42001,101,7.21
255,44001,101,6.58
255,46001,101,7.53
255,48001,101,8.21
255,50001,101,8.6
255,52001,101,7.15
255,54001,101,6.16
255,56001,101,5.91
255,58001,101,5.48
255,60001,101,5.37
255,62001,101,4.99
255,64001,101,5.09
255,65535,101,4.88
255,1,111,4.58
255,2001,111,5.88
255,4001,111,10.01
255,6001,111,15.97
255,8001,111,18.55
255,10001,111,11.57
255,12001,111,8.6
255,14001,111,7.39
255,16001,111,6.34
255,18001,111,5.81
255,20001,111,5.15
255,22001,111,4.74
255,24001,111,5.13
255,26001,111,5.17
255,28001,111,5.53
255,30001,111,5.62
255,32001,111,5.99
255,34001,111,6.71
255,36001,111,8.07
255,38001,111,9.47
255,40001,111,7.79
255,42001,111,6.45
255,44001,111,5.94
255,46001,111,6.77
255,48001,111,7.61
255,50001,111,8.26
255,52001,111,6.78
255,54001,111,6.07
255,56001,111,5.6
255,58001,111,5.28
255,60001,111,5.01
255,62001,111,4.8
255,64001,111,4.59
255,65535,111,4.61
255,1,121,4.38
255,2001,121,5.46
255,4001,121,9.03
255,6001,121,15.35
255,8001,121,17.7
255,10001,121,11.06
255,12001,121,8.17
255,14001,121,6.97
255,16001,121,5.96
255,18001,121,5.38
255,20001,121,4.98
255,22001,121,4.75
255,24001,121,4.87
255,26001,121,5.08
255,28001,121,5.25
255,30001,121,5.44
255,32001,121,5.93
255,34001,121,6.5
255,36001,121,7.51
255,38001,121,8.83
255,40001,121,7.11
255,42001,121,5.92
255,44001,121,5.34
255,46001,121,6.04
255,48001,121,7.06
255,50001,121,7.86
255,52001,121,6.66
255,54001,121,5.85
255,56001,121,5.47
255,58001,121,5.08
255,60001,121,4.92
255,62001,121,4.57
255,64001,121,4.46
255,65535,121,4.43
255,1,131,4.06
255,2001,131,4.94
255,4001,131,8.09
255,6001,131,15.09
255,8001,131,16.89
255,10001,131,10.59
255,12001,131,7.89
255,14001,131,6.5
255,16001,131,5.59
255,18001,131,5.14
255,20001,131,4.75
255,22001,131,4.39
255,24001,131,4.67
255,26001,131,4.88
255,28001,131,5.2
255,30001,131,5.25
255,32001,131,5.58
255,34001,131,6.16
255,36001,131,7.36
255,38001,131,8.24
255,40001,131,6.62
255,42001,131,5.6
255,44001,131,4.95
255,46001,131,5.62
255,48001,131,6.5
255,50001,131,7.68
255,52001,131,6.41
255,54001,131,5.69
255,56001,131,5.21
255,58001,131,4.8
255,60001,131,4.64
255,62001,131,4.47
255,64001,131,4.29
255,65535,131,4.18
255,1,141,3.99
255,2001,141,4.8
255,4001,141,7.6
255,6001,141,14.39
255,8001,141,16.15
255,10001,141,10.2
255,12001,141,7.55
255,14001,141,6.32
255,16001,141,5.47
255,18001,141,4.98
255,20001,141,4.54
255,22001,141,4.26
255,24001,141,4.36
255,26001,141,4.65
255,28001,141,4.84
255,30001,141,5.09
255,32001,141,5.43
255,34001,141,6.01
255,36001,141,7.0
255,38001,141,7.69
255,40001,141,6.17
255,42001,141,4.99
255,44001,141,4.49
255,46001,141,5.28
255,48001,141,6.07
255,50001,141,7.22
255,52001,141,6.1
255,54001,141,5.35
255,56001,141,4.98
255,58001,141,4.68
255,60001,141,4.42
255,62001,141,4.19
255,64001,141,4.15
255,65535,141,3.97
255,1,151,3.74
255,2001,151,4.63
255,4001,151,7.1
255,6001,151,14.65
255,8001,151,15.52
255,10001,151,9.96
255,12001,151,7.42
255,14001,151,6.01
255,16001,151,5.31
255,18001,151,4.7
255,20001,151,4.46
255,22001,151,4.23
255,24001,151,4.24
255,26001,151,4.47
255,28001,151,4.76
255,30001,151,4.92
255,32001,151,5.24
255,34001,151,5.89
255,36001,151,6.91
255,38001,151,7.34
255,40001,151,5.81
255,42001,151,4.61
255,44001,151,4.31
255,46001,151,4.95
255,48001,151,5.84
255,50001,151,7.07
255,52001,151,5.96
255,54001,151,5.44
255,56001,151,4.87
255,58001,151,4.54
255,60001,151,4.33
255,62001,151,4.06
255,64001,151,3.89
255,65535,151,3.85
255,1,161,3.69
255,2001,161,4.39
255,4001,161,6.55
255,6001,161,14.32
255,8001,161,14.87
255,10001,161,9.3
255,12001,161,7.04
255,14001,161,5.93
255,16001,161,5.11
255,18001,161,4.54
255,20001,161,4.27
255,22001,161,4.13
255,24001,161,4.25
255,26001,161,4.34
255,28001,161,4.64
255,30001,161,4.79
255,32001,161,5.1
255,34001,161,5.74
255,36001,161,6.58
255,38001,161,7.02
255,40001,161,5.48
255,42001,161,4.39
255,44001,161,3.91
255,46001,161,4.7
255,48001,161,5.57
255,50001,161,6.58
255,52001,161,5.98
255,54001,161,5.22
255,56001,161,4.69
255,58001,161,4.39
255,60001,161,4.02
255,62001,161,3.98
255,64001,161,3.8
255,65535,161,3.8
255,1,171,3.65
255,2001,171,4.21
255,4001,171,6.11
255,6001,171,14.54
255,8001,171,13.6
255,10001,171,7.99
255,12001,171,6.48
255,14001,171,5.57
255,16001,171,5.03
255,18001,171,4.49
255,20001,171,4.23
255,22001,171,4.07
255,24001,171,4.08
255,26001,171,4.27
255,28001,171,4.57
255,30001,171,4.66
255,32001,171,5.07
255,34001,171,5.59
255,36001,171,6.54
255,38001,171,6.64
255,40001,171,5.18
255,42001,171,4.16
255,44001,171,3.63
255,46001,171,4.36
255,48001,171,5.13
255,50001,171,6.27
255,52001,171,5.79
255,54001,171,5.06
255,56001,171,4.72
255,58001,171,4.3
255,60001,171,4.07
255,62001,171,3.89
255,64001,171,3.74
255,65535,171,3.72
255,1,181,3.54
255,2001,181,4.03
255,4001,181,5.81
255,6001,181,9.84
255,8001,181,8.41
255,10001,181,7.22
255,12001,181,6.1
255,14001,181,5.43
255,16001,181,4.81
255,18001,181,4.36
255,20001,181,4.06
255,22001,181,3.88
255,24001,181,3.95
255,26001,181,4.16
255,28001,181,4.23
255,30001,181,4.6
255,32001,181,4.94
255,34001,181,5.49
255,36001,181,6.46
255,38001,181,6.42
255,40001,181,4.86
255,42001,181,3.99
255,44001,181,3.57
255,46001,181,4.2
255,48001,181,4.95
255,50001,181,6.08
255,52001,181,5.67
255,54001,181,4.99
255,56001,181,4.58
255,58001,181,4.26
255,60001,181,3.87
255,62001,181,3.77
255,64001,181,3.72
255,65535,181,3.56
255,1,191,3.52
255,2001,191,3.92
255,4001,191,5.25
255,6001,191,6.8
255,8001,191,6.68
255,10001,191,6.92
255,12001,191,6.11
255,14001,191,5.37
255,16001,191,4.73
255,18001,191,4.36
255,20001,191,4.07
255,22001,191,3.84
255,24001,191,3.93
255,26001,191,4.29
255,28001,191,4.31
255,30001,191,4.68
255,32001,191,4.83
255,34001,191,5.5
255,36001,191,6.31
255,38001,191,6.16
255,40001,191,4.6
255,42001,191,3.65
255,44001,191,3.46
255,46001,191,3.86
255,48001,191,4.71
255,50001,191,5.86
255,52001,191,5.67
255,54001,191,4.91
255,56001,191,4.53
255,58001,191,4.16
255,60001,191,3.95
255,62001,191,3.72
255,64001,191,3.55
255,65535,191,3.44
255,1,201,3.32
255,2001,201,3.82
255,4001,201,4.99
255,6001,201,5.41
255,8001,201,5.58
255,10001,201,6.77
255,12001,201,6.14
255,14001,201,5.23
255,16001,201,4.7
255,18001,201,4.27
255,20001,201,3.99
255,22001,201,3.69
255,24001,201,4.0
255,26001,201,4.05
255,28001,201,4.13
255,30001,201,4.52
255,32001,201,4.83
255,34001,201,5.33
255,36001,201,6.34
255,38001,201,5.84
255,40001,201,4.52
255,42001,201,3.52
255,44001,201,3.33
255,46001,201,3.84
255,48001,201,4.55
255,50001,201,5.67
255,52001,201,5.73
255,54001,201,5.03
255,56001,201,4.34
255,58001,201,4.13
255,60001,201,3.77
255,62001,201,3.54
255,64001,201,3.44
255,65535,201,3.32
255,1,211,3.37
255,2001,211,3.64
255,4001,211,4.45
255,6001,211,4.75
255,8001,211,5.58
255,10001,211,6.84
255,12001,211,6.0
255,14001,211,5.37
255,16001,211,4.59
255,18001,211,4.19
255,20001,211,3.88
255,22001,211,3.78
255,24001,211,3.63
255,26001,211,3.96
255,28001,211,4.16
255,30001,211,4.43
255,32001,211,4.85
255,34001,211,5.41
255,36001,211,6.57
255,38001,211,5.54
255,40001,211,4.39
255,42001,211,3.26
255,44001,211,3.2
255,46001,211,3.66
255,48001,211,4.31
255,50001,211,5.58
255,52001,211,5.76
255,54001,211,4.94
255,56001,211,4.36
255,58001,211,3.98
255,60001,211,3.74
255,62001,211,3.61
255,64001,211,3.5
255,65535,211,3.39
255,1,221,3.32
255,2001,221,3.7
255,4001,221,4.15
255,6001,221,4.51
255,8001,221,5.57
255,10001,221,6.93
255,12001,221,6.0
255,14001,221,5.19
255,16001,221,4.33
255,18001,221,4.07
255,20001,221,3.71
255,22001,221,3.78
255,24001,221,3.76
255,26001,221,3.82
255,28001,221,4.16
255,30001,221,4.47
255,32001,221,4.74
255,34001,221,5.42
255,36001,221,6.69
255,38001,221,5.32
255,40001,221,3.98
255,42001,221,3.37
255,44001,221,3.26
255,46001,221,3.54
255,48001,221,4.21
255,50001,221,5.26
255,52001,221,5.71
255,54001,221,5.02
255,56001,221,4.45
255,58001,221,4.03
255,60001,221,3.7
255,62001,221,3.46
255,64001,221,3.43
255,65535,221,3.38
255,1,231,3.38
255,2001,231,3.56
255,4001,231,3.83
255,6001,231,4.5
255,8001,231,5.46
255,10001,231,6.64
255,12001,231,5.89
255,14001,231,4.95
255,16001,231,4.38
255,18001,231,4.02
255,20001,231,3.74
255,22001,231,3.6
255,24001,231,3.8
255,26001,231,3.87
255,28001,231,4.05
255,30001,231,4.39
255,32001,231,4.77
255,34001,231,5.51
255,36001,231,6.83
255,38001,231,5.1
255,40001,231,3.82
255,42001,231,3.35
255,44001,231,3.24
255,46001,231,3.36
255,48001,231,4.08
255,50001,231,5.05
255,52001,231,5.89
255,54001,231,4.87
255,56001,231,4.41
255,58001,231,4.05
255,60001,231,3.85
255,62001,231,3.5
255,64001,231,3.31
255,65535,231,3.26
255,1,241,3.37
255,2001,241,3.53
255,4001,241,3.76
255,6001,241,4.44
255,8001,241,5.32
255,10001,241,6.67
255,12001,241,5.86
255,14001,241,4.97
255,16001,241,4.36
255,18001,241,4.11
255,20001,241,3.78
255,22001,241,3.71
255,24001,241,3.75
255,26001,241,3.84
255,28001,241,4.0
255,30001,241,4.32
255,32001,241,4.76
255,34001,241,5.39
255,36001,241,6.89
255,38001,241,4.93
255,40001,241,3.6
255,42001,241,3.33
255,44001,241,3.12
255,46001,241,3.47
255,48001,241,3.93
255,50001,241,5.01
255,52001,241,5.94
255,54001,241,4.93
255,56001,241,4.41
255,58001,241,4.05
255,60001,241,3.65
255,62001,241,3.5
255,64001,241,3.41
255,65535,241,3.37
255,1,251,3.2
255,2001,251,3.43
255,4001,251,3.73
255,6001,251,4.26
255,8001,251,5.19
255,10001,251,6.57
255,12001,251,5.96
255,14001,251,4.96
255,16001,251,4.4
255,18001,251,3.93
255,20001,251,3.72
255,22001,251,3.73
255,24001,251,3.69
255,26001,251,3.87
255,28001,251,4.08
255,30001,251,4.41
255,32001,251,4.8
255,34001,251,5.56
255,36001,251,6.88
255,38001,251,4.77
255,40001,251,3.53
255,42001,251,3.42
255,44001,251,3.22
255,46001,251,3.25
255,48001,251,4.0
255,50001,251,4.78
255,52001,251,6.04
255,54001,251,5.07
255,56001,251,4.38
255,58001,251,4.0
255,60001,251,3.7
255,62001,251,3.48
255,64001,251,3.42
255,65535,251,3.3
255,1,254,3.36
255,2001,254,3.37
255,4001,254,3.8
255,6001,254,4.38
255,8001,254,5.34
255,10001,254,6.68
255,12001,254,5.86
255,14001,254,4.82
255,16001,254,4.39
255,18001,254,3.92
255,20001,254,3.74
255,22001,254,3.67
255,24001,254,3.82
255,26001,254,3.84
255,28001,254,4.01
255,30001,254,4.36
255,32001,254,4.9
255,34001,254,5.6
255,36001,254,6.81
255,38001,254,4.69
255,40001,254,3.53
255,42001,254,3.09
255,44001,254,3.24
255,46001,254,3.27
255,48001,254,3.71
255,50001,254,4.77
255,52001,254,6.06
255,54001,254,5.12
255,56001,254,4.42
255,58001,254,3.85
255,60001,254,3.6
255,62001,254,3.46
255,64001,254,3.3
255,65535,254,3.33
