bri,hue,sat,watt
1,1,1,1.35
1,2001,1,1.4
1,4001,1,1.34
1,6001,1,1.4
1,8001,1,1.41
1,10001,1,1.36
1,12001,1,1.4
1,14001,1,1.44
1,16001,1,1.31
1,18001,1,1.37
1,20001,1,1.32
1,22001,1,1.36
1,24001,1,1.41
1,26001,1,1.31
1,28001,1,1.43
1,30001,1,1.37
1,32001,1,1.44
1,34001,1,1.45
1,36001,1,1.38
1,38001,1,1.39
1,40001,1,1.4
1,42001,1,1.4
1,44001,1,1.37
1,46001,1,1.32
1,48001,1,1.34
1,50001,1,1.42
1,52001,1,1.3
1,54001,1,1.41
1,56001,1,1.45
1,58001,1,1.4
1,60001,1,1.36
1,62001,1,1.36
1,64001,1,1.41
1,65535,1,1.46
1,1,11,1.41
1,2001,11,1.53
1,4001,11,1.28
1,6001,11,1.36
1,8001,11,1.35
1,10001,11,1.38
1,12001,11,1.41
1,14001,11,1.39
1,16001,11,1.39
1,18001,11,1.38
1,20001,11,1.38
1,22001,11,1.39
1,24001,11,1.33
1,26001,11,1.4
1,28001,11,1.38
1,30001,11,1.29
1,32001,11,1.37
1,34001,11,1.3
1,36001,11,1.32
1,38001,11,1.35
1,40001,11,1.33
1,42001,11,1.41
1,44001,11,1.33
1,46001,11,1.35
1,48001,11,1.36
1,50001,11,1.32
1,52001,11,1.44
1,54001,11,1.35
1,56001,11,1.34
1,58001,11,1.41
1,60001,11,1.35
1,62001,11,1.42
1,64001,11,1.28
1,65535,11,1.41
1,1,21,1.35
1,2001,21,1.37
1,4001,21,1.43
1,6001,21,1.3
1,8001,21,1.4
1,10001,21,1.29
1,12001,21,1.36
1,14001,21,1.4
1,16001,21,1.43
1,18001,21,1.34
1,20001,21,1.32
1,22001,21,1.35
1,24001,21,1.42
1,26001,21,1.32
1,28001,21,1.33
1,30001,21,1.3
1,32001,21,1.41
1,34001,21,1.3
1,36001,21,1.41
1,38001,21,1.38
1,40001,21,1.34
1,42001,21,1.31
1,44001,21,1.36
1,46001,21,1.41
1,48001,21,1.37
1,50001,21,1.32
1,52001,21,1.33
1,54001,21,1.36
1,56001,21,1.32
1,58001,21,1.4
1,60001,21,1.39
1,62001,21,1.37
1,64001,21,1.36
1,65535,21,1.37
1,1,31,1.35
1,2001,31,1.45
1,4001,31,1.35
1,6001,31,1.38
1,8001,31,1.4
1,10001,31,1.36
1,12001,31,1.48
1,14001,31,1.3
1,16001,31,1.43
1,18001,31,1.35
1,20001,31,1.42
1,22001,31,1.33
1,24001,31,1.39
1,26001,31,1.39
1,28001,31,1.27
1,30001,31,1.33
1,32001,31,1.33
1,34001,31,1.36
1,36001,31,1.39
1,38001,31,1.37
1,40001,31,1.44
1,42001,31,1.36
1,44001,31,1.37
1,46001,31,1.38
1,48001,31,1.32
1,50001,31,1.44
1,52001,31,1.42
1,54001,31,1.41
1,56001,31,1.3
1,58001,31,1.33
1,60001,31,1.44
1,62001,31,1.36
1,64001,31,1.26
1,65535,31,1.36
1,1,41,1.37
1,2001,41,1.33
1,4001,41,1.45
1,6001,41,1.38
1,8001,41,1.41
1,10001,41,1.45
1,12001,41,1.41
1,14001,41,1.38
1,16001,41,1.29
1,18001,41,1.29
1,20001,41,1.35
1,22001,41,1.36
1,24001,41,1.39
1,26001,41,1.38
1,28001,41,1.41
1,30001,41,1.28
1,32001,41,1.35
1,34001,41,1.3
1,36001,41,1.29
1,38001,41,1.35
1,40001,41,1.31
1,42001,41,1.38
1,44001,41,1.35
1,46001,41,1.36
1,48001,41,1.42
1,50001,41,1.3
1,52001,41,1.3
1,54001,41,1.35
1,56001,41,1.41
1,58001,41,1.46
1,60001,41,1.4
1,62001,41,1.39
1,64001,41,1.37
1,65535,41,1.41
1,1,51,1.3
1,2001,51,1.37
1,4001,51,1.34
1,6001,51,1.31
1,8001,51,1.31
1,10001,51,1.17
1,12001,51,1.38
1,14001,51,1.36
1,16001,51,1.28
1,18001,51,1.33
1,20001,51,1.41
1,22001,51,1.37
1,24001,51,1.31
1,26001,51,1.34
1,28001,51,1.31
1,30001,51,1.29
1,32001,51,1.34
1,34001,51,1.38
1,36001,51,1.33
1,38001,51,1.38
1,40001,51,1.34
1,42001,51,1.32
1,44001,51,1.31
1,46001,51,1.38
1,48001,51,1.38
1,50001,51,1.35
1,52001,51,1.31
1,54001,51,1.42
1,56001,51,1.42
1,58001,51,1.39
1,60001,51,1.35
1,62001,51,1.37
1,64001,51,1.39
1,65535,51,1.29
1,1,61,1.41
1,2001,61,1.31
1,4001,61,1.31
1,6001,61,1.32
1,8001,61,1.44
1,10001,61,1.37
1,12001,61,1.39
1,14001,61,1.4
1,16001,61,1.32
1,18001,61,1.32
1,20001,61,1.32
1,22001,61,1.36
1,24001,61,1.41
1,26001,61,1.28
1,28001,61,1.3
1,30001,61,1.32
1,32001,61,1.33
1,34001,61,1.38
1,36001,61,1.33
1,38001,61,1.31
1,40001,61,1.38
1,42001,61,1.32
1,44001,61,1.3
1,46001,61,1.42
1,48001,61,1.26
1,50001,61,1.31
1,52001,61,1.26
1,54001,61,1.33
1,56001,61,1.26
1,58001,61,1.35
1,60001,61,1.39
1,62001,61,1.37
1,64001,61,1.36
1,65535,61,1.23
1,1,71,1.3
1,2001,71,1.3
1,4001,71,1.39
1,6001,71,1.32
1,8001,71,1.39
1,10001,71,1.36
1,12001,71,1.36
1,14001,71,1.32
1,16001,71,1.35
1,18001,71,1.3
1,20001,71,1.36
1,22001,71,1.29
1,24001,71,1.28
1,26001,71,1.42
1,28001,71,1.29
1,30001,71,1.38
1,32001,71,1.37
1,34001,71,1.28
1,36001,71,1.26
1,38001,71,1.32
1,40001,71,1.31
1,42001,71,1.4
1,44001,71,1.25
1,46001,71,1.3
1,48001,71,1.25
1,50001,71,1.29
1,52001,71,1.31
1,54001,71,1.4
1,56001,71,1.32
1,58001,71,1.36
1,60001,71,1.36
1,62001,71,1.39
1,64001,71,1.37
1,65535,71,1.34
1,1,81,1.37
1,2001,81,1.36
1,4001,81,1.36
1,6001,81,1.28
1,8001,81,1.36
1,10001,81,1.24
1,12001,81,1.28
1,14001,81,1.36
1,16001,81,1.32
1,18001,81,1.39
1,20001,81,1.32
1,22001,81,1.31
1,24001,81,1.25
1,26001,81,1.26
1,28001,81,1.3
1,30001,81,1.24
1,32001,81,1.29
1,34001,81,1.33
1,36001,81,1.34
1,38001,81,1.26
1,40001,81,1.27
1,42001,81,1.28
1,44001,81,1.28
1,46001,81,1.33
1,48001,81,1.32
1,50001,81,1.35
1,52001,81,1.29
1,54001,81,1.34
1,56001,81,1.38
1,58001,81,1.3
1,60001,81,1.36
1,62001,81,1.43
1,64001,81,1.31
1,65535,81,1.3
1,1,91,1.38
1,2001,91,1.37
1,4001,91,1.34
1,6001,91,1.47
1,8001,91,1.36
1,10001,91,1.33
1,12001,91,1.18
1,14001,91,1.34
1,16001,91,1.24
1,18001,91,1.31
1,20001,91,1.27
1,22001,91,1.28
1,24001,91,1.23
1,26001,91,1.25
1,28001,91,1.34
1,30001,91,1.33
1,32001,91,1.34
1,34001,91,1.31
1,36001,91,1.36
1,38001,91,1.24
1,40001,91,1.27
1,42001,91,1.33
1,44001,91,1.26
1,46001,91,1.29
1,48001,91,1.34
1,50001,91,1.34
1,52001,91,1.35
1,54001,91,1.42
1,56001,91,1.22
1,58001,91,1.35
1,60001,91,1.47
1,62001,91,1.26
1,64001,91,1.39
1,65535,91,1.29
1,1,101,1.34
1,2001,101,1.37
1,4001,101,1.34
1,6001,101,1.29
1,8001,101,1.33
1,10001,101,1.28
1,12001,101,1.32
1,14001,101,1.38
1,16001,101,1.28
1,18001,101,1.32
1,20001,101,1.31
1,22001,101,1.26
1,24001,101,1.14
1,26001,101,1.27
1,28001,101,1.19
1,30001,101,1.2
1,32001,101,1.31
1,34001,101,1.24
1,36001,101,1.24
1,38001,101,1.32
1,40001,101,1.29
1,42001,101,1.3
1,44001,101,1.23
1,46001,101,1.3
1,48001,101,1.3
1,50001,101,1.3
1,52001,101,1.36
1,54001,101,1.39
1,56001,101,1.3
1,58001,101,1.34
1,60001,101,1.32
1,62001,101,1.31
1,64001,101,1.38
1,65535,101,1.43
1,1,111,1.25
1,2001,111,1.31
1,4001,111,1.37
1,6001,111,1.34
1,8001,111,1.34
1,10001,111,1.31
1,12001,111,1.4
1,14001,111,1.25
1,16001,111,1.41
1,18001,111,1.21
1,20001,111,1.22
1,22001,111,1.31
1,24001,111,1.29
1,26001,111,1.29
1,28001,111,1.27
1,30001,111,1.34
1,32001,111,1.23
1,34001,111,1.3
1,36001,111,1.29
1,38001,111,1.32
1,40001,111,1.3
1,42001,111,1.29
1,44001,111,1.33
1,46001,111,1.3
1,48001,111,1.27
1,50001,111,1.3
1,52001,111,1.34
1,54001,111,1.38
1,56001,111,1.22
1,58001,111,1.36
1,60001,111,1.35
1,62001,111,1.37
1,64001,111,1.36
1,65535,111,1.27
1,1,121,1.28
1,2001,121,1.29
1,4001,121,1.37
1,6001,121,1.33
1,8001,121,1.41
1,10001,121,1.26
1,12001,121,1.35
1,14001,121,1.49
1,16001,121,1.37
1,18001,121,1.3
1,20001,121,1.21
1,22001,121,1.2
1,24001,121,1.23
1,26001,121,1.26
1,28001,121,1.26
1,30001,121,1.24
1,32001,121,1.37
1,34001,121,1.25
1,36001,121,1.27
1,38001,121,1.24
1,40001,121,1.24
1,42001,121,1.19
1,44001,121,1.21
1,46001,121,1.2
1,48001,121,1.15
1,50001,121,1.4
1,52001,121,1.36
1,54001,121,1.28
1,56001,121,1.36
1,58001,121,1.21
1,60001,121,1.3
1,62001,121,1.23
1,64001,121,1.36
1,65535,121,1.33
1,1,131,1.34
1,2001,131,1.24
1,4001,131,1.26
1,6001,131,1.28
1,8001,131,1.23
1,10001,131,1.36
1,12001,131,1.32
1,14001,131,1.37
1,16001,131,1.31
1,18001,131,1.36
1,20001,131,1.36
1,22001,131,1.27
1,24001,131,1.21
1,26001,131,1.29
1,28001,131,1.29
1,30001,131,1.23
1,32001,131,1.21
1,34001,131,1.3
1,36001,131,1.16
1,38001,131,1.3
1,40001,131,1.24
1,42001,131,1.38
1,44001,131,1.3
1,46001,131,1.2
1,48001,131,1.22
1,50001,131,1.28
1,52001,131,1.23
1,54001,131,1.33
1,56001,131,1.42
1,58001,131,1.32
1,60001,131,1.31
1,62001,131,1.34
1,64001,131,1.24
1,65535,131,1.25
1,1,141,1.46
1,2001,141,1.27
1,4001,141,1.28
1,6001,141,1.23
1,8001,141,1.24
1,10001,141,1.35
1,12001,141,1.33
1,14001,141,1.37
1,16001,141,1.3
1,18001,141,1.28
1,20001,141,1.28
1,22001,141,1.29
1,24001,141,1.2
1,26001,141,1.22
1,28001,141,1.23
1,30001,141,1.27
1,32001,141,1.23
1,34001,141,1.24
1,36001,141,1.22
1,38001,141,1.28
1,40001,141,1.21
1,42001,141,1.23
1,44001,141,1.22
1,46001,141,1.23
1,48001,141,1.25
1,50001,141,1.26
1,52001,141,1.28
1,54001,141,1.32
1,56001,141,1.34
1,58001,141,1.34
1,60001,141,1.3
1,62001,141,1.37
1,64001,141,1.26
1,65535,141,1.24
1,1,151,1.31
1,2001,151,1.32
1,4001,151,1.21
1,6001,151,1.36
1,8001,151,1.33
1,10001,151,1.35
1,12001,151,1.27
1,14001,151,1.4
1,16001,151,1.26
1,18001,151,1.28
1,20001,151,1.18
1,22001,151,1.23
1,24001,151,1.17
1,26001,151,1.15
1,28001,151,1.25
1,30001,151,1.19
1,32001,151,1.22
1,34001,151,1.24
1,36001,151,1.26
1,38001,151,1.23
1,40001,151,1.22
1,42001,151,1.18
1,44001,151,1.21
1,46001,151,1.18
1,48001,151,1.28
1,50001,151,1.27
1,52001,151,1.27
1,54001,151,1.39
1,56001,151,1.32
1,58001,151,1.34
1,60001,151,1.37
1,62001,151,1.26
1,64001,151,1.36
1,65535,151,1.28
1,1,161,1.24
1,2001,161,1.42
1,4001,161,1.34
1,6001,161,1.26
1,8001,161,1.37
1,10001,161,1.4
1,12001,161,1.41
1,14001,161,1.36
1,16001,161,1.28
1,18001,161,1.21
1,20001,161,1.26
1,22001,161,1.23
1,24001,161,1.18
1,26001,161,1.2
1,28001,161,1.24
1,30001,161,1.27
1,32001,161,1.15
1,34001,161,1.18
1,36001,161,1.28
1,38001,161,1.24
1,40001,161,1.2
1,42001,161,1.28
1,44001,161,1.21
1,46001,161,1.13
1,48001,161,1.25
1,50001,161,1.29
1,52001,161,1.34
1,54001,161,1.27
1,56001,161,1.39
1,58001,161,1.31
1,60001,161,1.37
1,62001,161,1.31
1,64001,161,1.22
1,65535,161,1.29
1,1,171,1.39
1,2001,171,1.28
1,4001,171,1.28
1,6001,171,1.29
1,8001,171,1.33
1,10001,171,1.35
1,12001,171,1.25
1,14001,171,1.41
1,16001,171,1.25
1,18001,171,1.35
1,20001,171,1.17
1,22001,171,1.24
1,24001,171,1.21
1,26001,171,1.2
1,28001,171,1.3
1,30001,171,1.15
1,32001,171,1.27
1,34001,171,1.23
1,36001,171,1.26
1,38001,171,1.22
1,40001,171,1.28
1,42001,171,1.24
1,44001,171,1.28
1,46001,171,1.17
1,48001,171,1.23
1,50001,171,1.22
1,52001,171,1.26
1,54001,171,1.34
1,56001,171,1.36
1,58001,171,1.34
1,60001,171,1.27
1,62001,171,1.28
1,64001,171,1.3
1,65535,171,1.28
1,1,181,1.25
1,2001,181,1.36
1,4001,181,1.29
1,6001,181,1.25
1,8001,181,1.31
1,10001,181,1.29
1,12001,181,1.29
1,14001,181,1.4
1,16001,181,1.35
1,18001,181,1.28
1,20001,181,1.29
1,22001,181,1.27
1,24001,181,1.11
1,26001,181,1.22
1,28001,181,1.17
1,30001,181,1.32
1,32001,181,1.22
1,34001,181,1.21
1,36001,181,1.25
1,38001,181,1.09
1,40001,181,1.18
1,42001,181,1.15
1,44001,181,1.25
1,46001,181,1.17
1,48001,181,1.21
1,50001,181,1.22
1,52001,181,1.26
1,54001,181,1.37
1,56001,181,1.37
1,58001,181,1.35
1,60001,181,1.3
1,62001,181,1.34
1,64001,181,1.27
1,65535,181,1.37
1,1,191,1.34
1,2001,191,1.34
1,4001,191,1.29
1,6001,191,1.43
1,8001,191,1.31
1,10001,191,1.5
1,12001,191,1.39
1,14001,191,1.29
1,16001,191,1.35
1,18001,191,1.22
1,20001,191,1.25
1,22001,191,1.22
1,24001,191,1.18
1,26001,191,1.23
1,28001,191,1.19
1,30001,191,1.17
1,32001,191,1.24
1,34001,191,1.24
1,36001,191,1.17
1,38001,191,1.2
1,40001,191,1.17
1,42001,191,1.16
1,44001,191,1.22
1,46001,191,1.18
1,48001,191,1.25
1,50001,191,1.25
1,52001,191,1.28
1,54001,191,1.3
1,56001,191,1.48
1,58001,191,1.35
1,60001,191,1.42
1,62001,191,1.36
1,64001,191,1.25
1,65535,191,1.37
1,1,201,1.3
1,2001,201,1.28
1,4001,201,1.37
1,6001,201,1.3
1,8001,201,1.36
1,10001,201,1.28
1,12001,201,1.35
1,14001,201,1.3
1,16001,201,1.32
1,18001,201,1.18
1,20001,201,1.23
1,22001,201,1.22
1,24001,201,1.16
1,26001,201,1.24
1,28001,201,1.12
1,30001,201,1.24
1,32001,201,1.23
1,34001,201,1.18
1,36001,201,1.25
1,38001,201,1.23
1,40001,201,1.1
1,42001,201,1.27
1,44001,201,1.16
1,46001,201,1.17
1,48001,201,1.24
1,50001,201,1.26
1,52001,201,1.29
1,54001,201,1.42
1,56001,201,1.35
1,58001,201,1.32
1,60001,201,1.25
1,62001,201,1.3
1,64001,201,1.37
1,65535,201,1.31
1,1,211,1.31
1,2001,211,1.33
1,4001,211,1.25
1,6001,211,1.28
1,8001,211,1.35
1,10001,211,1.28
1,12001,211,1.32
1,14001,211,1.3
1,16001,211,1.24
1,18001,211,1.25
1,20001,211,1.25
1,22001,211,1.22
1,24001,211,1.29
1,26001,211,1.14
1,28001,211,1.17
1,30001,211,1.21
1,32001,211,1.14
1,34001,211,1.24
1,36001,211,1.24
1,38001,211,1.22
1,40001,211,1.2
1,42001,211,1.2
1,44001,211,1.09
1,46001,211,1.18
1,48001,211,1.23
1,50001,211,1.12
1,52001,211,1.24
1,54001,211,1.27
1,56001,211,1.34
1,58001,211,1.27
1,60001,211,1.35
1,62001,211,1.33
1,64001,211,1.29
1,65535,211,1.32
1,1,221,1.27
1,2001,221,1.31
1,4001,221,1.28
1,6001,221,1.3
1,8001,221,1.36
1,10001,221,1.36
1,12001,221,1.43
1,14001,221,1.35
1,16001,221,1.26
1,18001,221,1.22
1,20001,221,1.22
1,22001,221,1.17
1,24001,221,1.17
1,26001,221,1.24
1,28001,221,1.24
1,30001,221,1.22
1,32001,221,1.24
1,34001,221,1.19
1,36001,221,1.17
1,38001,221,1.2
1,40001,221,1.24
1,42001,221,1.19
1,44001,221,1.11
1,46001,221,1.21
1,48001,221,1.19
1,50001,221,1.25
1,52001,221,1.25
1,54001,221,1.34
1,56001,221,1.29
1,58001,221,1.34
1,60001,221,1.4
1,62001,221,1.33
1,64001,221,1.29
1,65535,221,1.26
1,1,231,1.39
1,2001,231,1.39
1,4001,231,1.32
1,6001,231,1.36
1,8001,231,1.31
1,10001,231,1.4
1,12001,231,1.3
1,14001,231,1.31
1,16001,231,1.27
1,18001,231,1.27
1,20001,231,1.14
1,22001,231,1.23
1,24001,231,1.19
1,26001,231,1.17
1,28001,231,1.29
1,30001,231,1.2
1,32001,231,1.18
1,34001,231,1.18
1,36001,231,1.2
1,38001,231,1.16
1,40001,231,1.17
1,42001,231,1.18
1,44001,231,1.27
1,46001,231,1.19
1,48001,231,1.26
1,50001,231,1.2
1,52001,231,1.24
1,54001,231,1.3
1,56001,231,1.34
1,58001,231,1.3
1,60001,231,1.27
1,62001,231,1.27
1,64001,231,1.33
1,65535,231,1.44
1,1,241,1.32
1,2001,241,1.31
1,4001,241,1.35
1,6001,241,1.4
1,8001,241,1.33
1,10001,241,1.33
1,12001,241,1.28
1,14001,241,1.33
1,16001,241,1.13
1,18001,241,1.26
1,20001,241,1.19
1,22001,241,1.02
1,24001,241,1.19
1,26001,241,1.17
1,28001,241,1.24
1,30001,241,1.23
1,32001,241,1.18
1,34001,241,1.17
1,36001,241,1.2
1,38001,241,1.23
1,40001,241,1.16
1,42001,241,1.14
1,44001,241,1.28
1,46001,241,1.17
1,48001,241,1.14
1,50001,241,1.21
1,52001,241,1.3
1,54001,241,1.24
1,56001,241,1.34
1,58001,241,1.32
1,60001,241,1.32
1,62001,241,1.38
1,64001,241,1.26
1,65535,241,1.35
1,1,251,1.3
1,2001,251,1.27
1,4001,251,1.33
1,6001,251,1.43
1,8001,251,1.4
1,10001,251,1.32
1,12001,251,1.3
1,14001,251,1.27
1,16001,251,1.34
1,18001,251,1.23
1,20001,251,1.2
1,22001,251,1.11
1,24001,251,1.13
1,26001,251,1.19
1,28001,251,1.19
1,30001,251,1.17
1,32001,251,1.17
1,34001,251,1.22
1,36001,251,1.25
1,38001,251,1.13
1,40001,251,1.17
1,42001,251,1.14
1,44001,251,1.23
1,46001,251,1.14
1,48001,251,1.24
1,50001,251,1.24
1,52001,251,1.29
1,54001,251,1.31
1,56001,251,1.36
1,58001,251,1.31
1,60001,251,1.33
1,62001,251,1.31
1,64001,251,1.26
1,65535,251,1.28
1,1,254,1.41
1,2001,254,1.3
1,4001,254,1.24
1,6001,254,1.34
1,8001,254,1.31
1,10001,254,1.26
1,12001,254,1.45
1,14001,254,1.27
1,16001,254,1.35
1,18001,254,1.22
1,20001,254,1.32
1,22001,254,1.11
1,24001,254,1.17
1,26001,254,1.03
1,28001,254,1.13
1,30001,254,1.22
1,32001,254,1.31
1,34001,254,1.18
1,36001,254,1.25
1,38001,254,1.16
1,40001,254,1.13
1,42001,254,1.25
1,44001,254,1.21
1,46001,254,1.18
1,48001,254,1.13
1,50001,254,1.2
1,52001,254,1.28
1,54001,254,1.3
1,56001,254,1.39
1,58001,254,1.33
1,60001,254,1.32
1,62001,254,1.37
1,64001,254,1.27
1,65535,254,1.28
11,1,1,1.5
11,2001,1,1.46
11,4001,1,1.53
11,6001,1,1.5
11,8001,1,1.57
11,10001,1,1.61
11,12001,1,1.45
11,14001,1,1.46
11,16001,1,1.54
11,18001,1,1.56
11,20001,1,1.42
11,22001,1,1.58
11,24001,1,1.47
11,26001,1,1.57
11,28001,1,1.54
11,30001,1,1.52
11,32001,1,1.57
11,34001,1,1.56
11,36001,1,1.49
11,38001,1,1.54
11,40001,1,1.5
11,42001,1,1.46
11,44001,1,1.56
11,46001,1,1.55
11,48001,1,1.49
11,50001,1,1.57
11,52001,1,1.66
11,54001,1,1.52
11,56001,1,1.54
11,58001,1,1.54
11,60001,1,1.53
11,62001,1,1.57
11,64001,1,1.51
11,65535,1,1.55
11,1,11,1.47
11,2001,11,1.4
11,4001,11,1.51
11,6001,11,1.48
11,8001,11,1.42
11,10001,11,1.45
11,12001,11,1.51
11,14001,11,1.53
11,16001,11,1.49
11,18001,11,1.48
11,20001,11,1.56
11,22001,11,1.48
11,24001,11,1.42
11,26001,11,1.49
11,28001,11,1.55
11,30001,11,1.46
11,32001,11,1.51
11,34001,11,1.47
11,36001,11,1.5
11,38001,11,1.56
11,40001,11,1.54
11,42001,11,1.44
11,44001,11,1.44
11,46001,11,1.45
11,48001,11,1.46
11,50001,11,1.49
11,52001,11,1.5
11,54001,11,1.47
11,56001,11,1.54
11,58001,11,1.5
11,60001,11,1.52
11,62001,11,1.41
11,64001,11,1.54
11,65535,11,1.54
11,1,21,1.51
11,2001,21,1.59
11,4001,21,1.56
11,6001,21,1.45
11,8001,21,1.52
11,10001,21,1.55
11,12001,21,1.53
11,14001,21,1.52
11,16001,21,1.44
11,18001,21,1.44
11,20001,21,1.48
11,22001,21,1.53
11,24001,21,1.47
11,26001,21,1.42
11,28001,21,1.48
11,30001,21,1.51
11,32001,21,1.51
11,34001,21,1.45
11,36001,21,1.55
11,38001,21,1.46
11,40001,21,1.48
11,42001,21,1.5
11,44001,21,1.34
11,46001,21,1.43
11,48001,21,1.49
11,50001,21,1.53
11,52001,21,1.46
11,54001,21,1.53
11,56001,21,1.41
11,58001,21,1.52
11,60001,21,1.45
11,62001,21,1.51
11,64001,21,1.4
11,65535,21,1.44
11,1,31,1.5
11,2001,31,1.52
11,4001,31,1.46
11,6001,31,1.47
11,8001,31,1.53
11,10001,31,1.46
11,12001,31,1.55
11,14001,31,1.56
11,16001,31,1.46
11,18001,31,1.46
11,20001,31,1.44
11,22001,31,1.45
11,24001,31,1.42
11,26001,31,1.46
11,28001,31,1.47
11,30001,31,1.43
11,32001,31,1.41
11,34001,31,1.38
11,36001,31,1.45
11,38001,31,1.48
11,40001,31,1.46
11,42001,31,1.52
11,44001,31,1.44
11,46001,31,1.55
11,48001,31,1.46
11,50001,31,1.42
11,52001,31,1.56
11,54001,31,1.44
11,56001,31,1.37
11,58001,31,1.44
11,60001,31,1.49
11,62001,31,1.42
11,64001,31,1.54
11,65535,31,1.49
11,1,41,1.48
11,2001,41,1.5
11,4001,41,1.51
11,6001,41,1.52
11,8001,41,1.56
11,10001,41,1.5
11,12001,41,1.46
11,14001,41,1.49
11,16001,41,1.5
11,18001,41,1.45
11,20001,41,1.53
11,22001,41,1.5
11,24001,41,1.4
11,26001,41,1.45
11,28001,41,1.44
11,30001,41,1.42
11,32001,41,1.45
11,34001,41,1.43
11,36001,41,1.42
11,38001,41,1.4
11,40001,41,1.43
11,42001,41,1.4
11,44001,41,1.49
11,46001,41,1.38
11,48001,41,1.49
11,50001,41,1.42
11,52001,41,1.56
11,54001,41,1.42
11,56001,41,1.48
11,58001,41,1.46
11,60001,41,1.46
11,62001,41,1.5
11,64001,41,1.56
11,65535,41,1.46
11,1,51,1.53
11,2001,51,1.45
11,4001,51,1.45
11,6001,51,1.42
11,8001,51,1.45
11,10001,51,1.49
11,12001,51,1.48
11,14001,51,1.45
11,16001,51,1.49
11,18001,51,1.41
11,20001,51,1.43
11,22001,51,1.47
11,24001,51,1.38
11,26001,51,1.45
11,28001,51,1.43
11,30001,51,1.5
11,32001,51,1.44
11,34001,51,1.53
11,36001,51,1.39
11,38001,51,1.47
11,40001,51,1.35
11,42001,51,1.36
11,44001,51,1.52
11,46001,51,1.44
11,48001,51,1.43
11,50001,51,1.44
11,52001,51,1.47
11,54001,51,1.45
11,56001,51,1.53
11,58001,51,1.55
11,60001,51,1.47
11,62001,51,1.45
11,64001,51,1.4
11,65535,51,1.42
11,1,61,1.4
11,2001,61,1.48
11,4001,61,1.5
11,6001,61,1.44
11,8001,61,1.42
11,10001,61,1.43
11,12001,61,1.4
11,14001,61,1.41
11,16001,61,1.46
11,18001,61,1.4
11,20001,61,1.39
11,22001,61,1.4
11,24001,61,1.42
11,26001,61,1.43
11,28001,61,1.41
11,30001,61,1.38
11,32001,61,1.45
11,34001,61,1.45
11,36001,61,1.46
11,38001,61,1.37
11,40001,61,1.4
11,42001,61,1.31
11,44001,61,1.33
11,46001,61,1.42
11,48001,61,1.43
11,50001,61,1.47
11,52001,61,1.51
11,54001,61,1.5
11,56001,61,1.44
11,58001,61,1.51
11,60001,61,1.53
11,62001,61,1.46
11,64001,61,1.49
11,65535,61,1.47
11,1,71,1.41
11,2001,71,1.4
11,4001,71,1.42
11,6001,71,1.44
11,8001,71,1.45
11,10001,71,1.49
11,12001,71,1.43
11,14001,71,1.38
11,16001,71,1.42
11,18001,71,1.46
11,20001,71,1.39
11,22001,71,1.37
11,24001,71,1.33
11,26001,71,1.38
11,28001,71,1.41
11,30001,71,1.4
11,32001,71,1.43
11,34001,71,1.44
11,36001,71,1.39
11,38001,71,1.43
11,40001,71,1.43
11,42001,71,1.51
11,44001,71,1.46
11,46001,71,1.42
11,48001,71,1.38
11,50001,71,1.36
11,52001,71,1.42
11,54001,71,1.45
11,56001,71,1.43
11,58001,71,1.49
11,60001,71,1.48
11,62001,71,1.46
11,64001,71,1.48
11,65535,71,1.43
11,1,81,1.47
11,2001,81,1.42
11,4001,81,1.46
11,6001,81,1.37
11,8001,81,1.35
11,10001,81,1.47
11,12001,81,1.53
11,14001,81,1.51
11,16001,81,1.48
11,18001,81,1.39
11,20001,81,1.35
11,22001,81,1.37
11,24001,81,1.38
11,26001,81,1.39
11,28001,81,1.35
11,30001,81,1.44
11,32001,81,1.39
11,34001,81,1.4
11,36001,81,1.41
11,38001,81,1.36
11,40001,81,1.45
11,42001,81,1.31
11,44001,81,1.32
11,46001,81,1.34
11,48001,81,1.43
11,50001,81,1.34
11,52001,81,1.34
11,54001,81,1.47
11,56001,81,1.51
11,58001,81,1.49
11,60001,81,1.44
11,62001,81,1.45
11,64001,81,1.35
11,65535,81,1.42
11,1,91,1.39
11,2001,91,1.42
11,4001,91,1.52
11,6001,91,1.4
11,8001,91,1.43
11,10001,91,1.38
11,12001,91,1.48
11,14001,91,1.57
11,16001,91,1.45
11,18001,91,1.43
11,20001,91,1.44
11,22001,91,1.36
11,24001,91,1.36
11,26001,91,1.41
11,28001,91,1.42
11,30001,91,1.35
11,32001,91,1.42
11,34001,91,1.4
11,36001,91,1.34
11,38001,91,1.36
11,40001,91,1.39
11,42001,91,1.33
11,44001,91,1.47
11,46001,91,1.44
11,48001,91,1.48
11,50001,91,1.46
11,52001,91,1.48
11,54001,91,1.38
11,56001,91,1.42
11,58001,91,1.5
11,60001,91,1.48
11,62001,91,1.48
11,64001,91,1.39
11,65535,91,1.36
11,1,101,1.36
11,2001,101,1.35
11,4001,101,1.48
11,6001,101,1.33
11,8001,101,1.39
11,10001,101,1.47
11,12001,101,1.51
11,14001,101,1.45
11,16001,101,1.41
11,18001,101,1.41
11,20001,101,1.46
11,22001,101,1.34
11,24001,101,1.43
11,26001,101,1.38
11,28001,101,1.33
11,30001,101,1.32
11,32001,101,1.36
11,34001,101,1.39
11,36001,101,1.38
11,38001,101,1.36
11,40001,101,1.33
11,42001,101,1.38
11,44001,101,1.3
11,46001,101,1.31
11,48001,101,1.25
11,50001,101,1.36
11,52001,101,1.46
11,54001,101,1.45
11,56001,101,1.37
11,58001,101,1.46
11,60001,101,1.44
11,62001,101,1.45
11,64001,101,1.36
11,65535,101,1.46
11,1,111,1.37
11,2001,111,1.36
11,4001,111,1.39
11,6001,111,1.45
11,8001,111,1.48
11,10001,111,1.47
11,12001,111,1.46
11,14001,111,1.43
11,16001,111,1.48
11,18001,111,1.38
11,20001,111,1.3
11,22001,111,1.35
11,24001,111,1.33
11,26001,111,1.36
11,28001,111,1.26
11,30001,111,1.31
11,32001,111,1.3
11,34001,111,1.38
11,36001,111,1.35
11,38001,111,1.38
11,40001,111,1.38
11,42001,111,1.31
11,44001,111,1.38
11,46001,111,1.41
11,48001,111,1.36
11,50001,111,1.33
11,52001,111,1.35
11,54001,111,1.49
11,56001,111,1.4
11,58001,111,1.45
11,60001,111,1.47
11,62001,111,1.48
11,64001,111,1.42
11,65535,111,1.39
11,1,121,1.48
11,2001,121,1.33
11,4001,121,1.43
11,6001,121,1.48
11,8001,121,1.52
11,10001,121,1.4
11,12001,121,1.54
11,14001,121,1.49
11,16001,121,1.43
11,18001,121,1.38
11,20001,121,1.35
11,22001,121,1.39
11,24001,121,1.36
11,26001,121,1.25
11,28001,121,1.33
11,30001,121,1.36
11,32001,121,1.37
11,34001,121,1.3
11,36001,121,1.34
11,38001,121,1.32
11,40001,121,1.42
11,42001,121,1.31
11,44001,121,1.33
11,46001,121,1.25
11,48001,121,1.42
11,50001,121,1.37
11,52001,121,1.41
11,54001,121,1.33
11,56001,121,1.45
11,58001,121,1.45
11,60001,121,1.47
11,62001,121,1.4
11,64001,121,1.46
11,65535,121,1.37
11,1,131,1.42
11,2001,131,1.39
11,4001,131,1.34
11,6001,131,1.41
11,8001,131,1.45
11,10001,131,1.45
11,12001,131,1.34
11,14001,131,1.45
11,16001,131,1.41
11,18001,131,1.35
11,20001,131,1.32
11,22001,131,1.34
11,24001,131,1.26
11,26001,131,1.3
11,28001,131,1.32
11,30001,131,1.35
11,32001,131,1.39
11,34001,131,1.32
11,36001,131,1.31
11,38001,131,1.35
11,40001,131,1.37
11,42001,131,1.29
11,44001,131,1.27
11,46001,131,1.33
11,48001,131,1.32
11,50001,131,1.38
11,52001,131,1.4
11,54001,131,1.46
11,56001,131,1.45
11,58001,131,1.41
11,60001,131,1.42
11,62001,131,1.42
11,64001,131,1.41
11,65535,131,1.51
11,1,141,1.41
11,2001,141,1.41
11,4001,141,1.46
11,6001,141,1.5
11,8001,141,1.44
11,10001,141,1.44
11,12001,141,1.5
11,14001,141,1.45
11,16001,141,1.32
11,18001,141,1.3
11,20001,141,1.32
11,22001,141,1.3
11,24001,141,1.27
11,26001,141,1.32
11,28001,141,1.29
11,30001,141,1.32
11,32001,141,1.35
11,34001,141,1.27
11,36001,141,1.41
11,38001,141,1.38
11,40001,141,1.41
11,42001,141,1.31
11,44001,141,1.27
11,46001,141,1.21
11,48001,141,1.3
11,50001,141,1.35
11,52001,141,1.42
11,54001,141,1.43
11,56001,141,1.41
11,58001,141,1.37
11,60001,141,1.4
11,62001,141,1.44
11,64001,141,1.41
11,65535,141,1.32
11,1,151,1.31
11,2001,151,1.44
11,4001,151,1.33
11,6001,151,1.46
11,8001,151,1.41
11,10001,151,1.38
11,12001,151,1.45
11,14001,151,1.43
11,16001,151,1.41
11,18001,151,1.38
11,20001,151,1.36
11,22001,151,1.26
11,24001,151,1.31
11,26001,151,1.32
11,28001,151,1.31
11,30001,151,1.27
11,32001,151,1.33
11,34001,151,1.27
11,36001,151,1.29
11,38001,151,1.38
11,40001,151,1.28
11,42001,151,1.29
11,44001,151,1.27
11,46001,151,1.33
11,48001,151,1.23
11,50001,151,1.33
11,52001,151,1.32
11,54001,151,1.34
11,56001,151,1.39
11,58001,151,1.35
11,60001,151,1.42
11,62001,151,1.45
11,64001,151,1.48
11,65535,151,1.35
11,1,161,1.3
11,2001,161,1.38
11,4001,161,1.38
11,6001,161,1.5
11,8001,161,1.33
11,10001,161,1.45
11,12001,161,1.53
11,14001,161,1.45
11,16001,161,1.38
11,18001,161,1.38
11,20001,161,1.35
11,22001,161,1.32
11,24001,161,1.22
11,26001,161,1.27
11,28001,161,1.38
11,30001,161,1.35
11,32001,161,1.3
11,34001,161,1.29
11,36001,161,1.27
11,38001,161,1.24
11,40001,161,1.34
11,42001,161,1.31
11,44001,161,1.29
11,46001,161,1.27
11,48001,161,1.33
11,50001,161,1.34
11,52001,161,1.36
11,54001,161,1.42
11,56001,161,1.42
11,58001,161,1.35
11,60001,161,1.44
11,62001,161,1.42
11,64001,161,1.43
11,65535,161,1.29
11,1,171,1.34
11,2001,171,1.48
11,4001,171,1.45
11,6001,171,1.37
11,8001,171,1.37
11,10001,171,1.49
11,12001,171,1.46
11,14001,171,1.52
11,16001,171,1.42
11,18001,171,1.4
11,20001,171,1.33
11,22001,171,1.26
11,24001,171,1.3
11,26001,171,1.28
11,28001,171,1.29
11,30001,171,1.33
11,32001,171,1.32
11,34001,171,1.28
11,36001,171,1.29
11,38001,171,1.23
11,40001,171,1.32
11,42001,171,1.22
11,44001,171,1.28
11,46001,171,1.28
11,48001,171,1.27
11,50001,171,1.26
11,52001,171,1.32
11,54001,171,1.47
11,56001,171,1.4
11,58001,171,1.47
11,60001,171,1.43
11,62001,171,1.41
11,64001,171,1.43
11,65535,171,1.34
11,1,181,1.35
11,2001,181,1.39
11,4001,181,1.43
11,6001,181,1.34
11,8001,181,1.43
11,10001,181,1.38
11,12001,181,1.42
11,14001,181,1.38
11,16001,181,1.32
11,18001,181,1.24
11,20001,181,1.3
11,22001,181,1.27
11,24001,181,1.24
11,26001,181,1.29
11,28001,181,1.29
11,30001,181,1.2
11,32001,181,1.28
11,34001,181,1.25
11,36001,181,1.3
11,38001,181,1.28
11,40001,181,1.35
11,42001,181,1.2
11,44001,181,1.15
11,46001,181,1.17
11,48001,181,1.27
11,50001,181,1.29
11,52001,181,1.38
11,54001,181,1.41
11,56001,181,1.5
11,58001,181,1.39
11,60001,181,1.36
11,62001,181,1.4
11,64001,181,1.39
11,65535,181,1.37
11,1,191,1.44
11,2001,191,1.33
11,4001,191,1.33
11,6001,191,1.3
11,8001,191,1.43
11,10001,191,1.49
11,12001,191,1.43
11,14001,191,1.44
11,16001,191,1.3
11,18001,191,1.27
11,20001,191,1.33
11,22001,191,1.24
11,24001,191,1.23
11,26001,191,1.22
11,28001,191,1.2
11,30001,191,1.28
11,32001,191,1.34
11,34001,191,1.31
11,36001,191,1.28
11,38001,191,1.22
11,40001,191,1.25
11,42001,191,1.27
11,44001,191,1.29
11,46001,191,1.31
11,48001,191,1.27
11,50001,191,1.3
11,52001,191,1.43
11,54001,191,1.33
11,56001,191,1.45
11,58001,191,1.43
11,60001,191,1.42
11,62001,191,1.46
11,64001,191,1.4
11,65535,191,1.37
11,1,201,1.44
11,2001,201,1.39
11,4001,201,1.35
11,6001,201,1.45
11,8001,201,1.37
11,10001,201,1.41
11,12001,201,1.5
11,14001,201,1.4
11,16001,201,1.36
11,18001,201,1.37
11,20001,201,1.29
11,22001,201,1.18
11,24001,201,1.2
11,26001,201,1.26
11,28001,201,1.26
11,30001,201,1.28
11,32001,201,1.36
11,34001,201,1.29
11,36001,201,1.21
11,38001,201,1.14
11,40001,201,1.32
11,42001,201,1.24
11,44001,201,1.23
11,46001,201,1.24
11,48001,201,1.3
11,50001,201,1.29
11,52001,201,1.39
11,54001,201,1.39
11,56001,201,1.5
11,58001,201,1.4
11,60001,201,1.48
11,62001,201,1.38
11,64001,201,1.43
11,65535,201,1.44
11,1,211,1.36
11,2001,211,1.38
11,4001,211,1.36
11,6001,211,1.39
11,8001,211,1.34
11,10001,211,1.39
11,12001,211,1.36
11,14001,211,1.38
11,16001,211,1.33
11,18001,211,1.25
11,20001,211,1.28
11,22001,211,1.23
11,24001,211,1.25
11,26001,211,1.17
11,28001,211,1.17
11,30001,211,1.18
11,32001,211,1.2
11,34001,211,1.29
11,36001,211,1.26
11,38001,211,1.23
11,40001,211,1.28
11,42001,211,1.2
11,44001,211,1.19
11,46001,211,1.21
11,48001,211,1.38
11,50001,211,1.26
11,52001,211,1.36
11,54001,211,1.53
11,56001,211,1.46
11,58001,211,1.34
11,60001,211,1.51
11,62001,211,1.44
11,64001,211,1.44
11,65535,211,1.42
11,1,221,1.41
11,2001,221,1.32
11,4001,221,1.39
11,6001,221,1.4
11,8001,221,1.39
11,10001,221,1.37
11,12001,221,1.49
11,14001,221,1.38
11,16001,221,1.44
11,18001,221,1.31
11,20001,221,1.22
11,22001,221,1.17
11,24001,221,1.2
11,26001,221,1.22
11,28001,221,1.2
11,30001,221,1.22
11,32001,221,1.32
11,34001,221,1.26
11,36001,221,1.28
11,38001,221,1.28
11,40001,221,1.13
11,42001,221,1.09
11,44001,221,1.21
11,46001,221,1.27
11,48001,221,1.38
11,50001,221,1.32
11,52001,221,1.36
11,54001,221,1.47
11,56001,221,1.48
11,58001,221,1.33
11,60001,221,1.46
11,62001,221,1.41
11,64001,221,1.43
11,65535,221,1.32
11,1,231,1.34
11,2001,231,1.42
11,4001,231,1.4
11,6001,231,1.38
11,8001,231,1.42
11,10001,231,1.33
11,12001,231,1.42
11,14001,231,1.46
11,16001,231,1.29
11,18001,231,1.35
11,20001,231,1.37
11,22001,231,1.22
11,24001,231,1.32
11,26001,231,1.05
11,28001,231,1.23
11,30001,231,1.26
11,32001,231,1.18
11,34001,231,1.18
11,36001,231,1.19
11,38001,231,1.32
11,40001,231,1.19
11,42001,231,1.16
11,44001,231,1.14
11,46001,231,1.36
11,48001,231,1.22
11,50001,231,1.27
11,52001,231,1.31
11,54001,231,1.45
11,56001,231,1.37
11,58001,231,1.45
11,60001,231,1.43
11,62001,231,1.37
11,64001,231,1.38
11,65535,231,1.36
11,1,241,1.36
11,2001,241,1.46
11,4001,241,1.37
11,6001,241,1.46
11,8001,241,1.42
11,10001,241,1.44
11,12001,241,1.4
11,14001,241,1.35
11,16001,241,1.29
11,18001,241,1.33
11,20001,241,1.28
11,22001,241,1.22
11,24001,241,1.21
11,26001,241,1.23
11,28001,241,1.17
11,30001,241,1.17
11,32001,241,1.14
11,34001,241,1.24
11,36001,241,1.27
11,38001,241,1.22
11,40001,241,1.31
11,42001,241,1.26
11,44001,241,1.12
11,46001,241,1.23
11,48001,241,1.27
11,50001,241,1.37
11,52001,241,1.26
11,54001,241,1.45
11,56001,241,1.54
11,58001,241,1.42
11,60001,241,1.51
11,62001,241,1.38
11,64001,241,1.38
11,65535,241,1.41
11,1,251,1.33
11,2001,251,1.33
11,4001,251,1.34
11,6001,251,1.41
11,8001,251,1.33
11,10001,251,1.46
11,12001,251,1.44
11,14001,251,1.45
11,16001,251,1.31
11,18001,251,1.34
11,20001,251,1.27
11,22001,251,1.24
11,24001,251,1.17
11,26001,251,1.16
11,28001,251,1.19
11,30001,251,1.29
11,32001,251,1.26
11,34001,251,1.29
11,36001,251,1.2
11,38001,251,1.26
11,40001,251,1.23
11,42001,251,1.2
11,44001,251,1.23
11,46001,251,1.29
11,48001,251,1.28
11,50001,251,1.27
11,52001,251,1.27
11,54001,251,1.41
11,56001,251,1.53
11,58001,251,1.4
11,60001,251,1.48
11,62001,251,1.35
11,64001,251,1.33
11,65535,251,1.43
11,1,254,1.43
11,2001,254,1.43
11,4001,254,1.32
11,6001,254,1.45
11,8001,254,1.39
11,10001,254,1.37
11,12001,254,1.45
11,14001,254,1.38
11,16001,254,1.35
11,18001,254,1.27
11,20001,254,1.25
11,22001,254,1.21
11,24001,254,1.28
11,26001,254,1.21
11,28001,254,1.17
11,30001,254,1.18
11,32001,254,1.19
11,34001,254,1.33
11,36001,254,1.25
11,38001,254,1.2
11,40001,254,1.21
11,42001,254,1.24
11,44001,254,1.16
11,46001,254,1.3
11,48001,254,1.28
11,50001,254,1.27
11,52001,254,1.33
11,54001,254,1.41
11,56001,254,1.41
11,58001,254,1.49
11,60001,254,1.38
11,62001,254,1.4
11,64001,254,1.44
11,65535,254,1.36
21,1,1,1.71
21,2001,1,1.67
21,4001,1,1.68
21,6001,1,1.56
21,8001,1,1.7
21,10001,1,1.76
21,12001,1,1.67
21,14001,1,1.69
21,16001,1,1.62
21,18001,1,1.63
21,20001,1,1.72
21,22001,1,1.73
21,24001,1,1.73
21,26001,1,1.66
21,28001,1,1.64
21,30001,1,1.59
21,32001,1,1.7
21,34001,1,1.68
21,36001,1,1.74
21,38001,1,1.67
21,40001,1,1.62
21,42001,1,1.76
21,44001,1,1.66
21,46001,1,1.72
21,48001,1,1.67
21,50001,1,1.72
21,52001,1,1.71
21,54001,1,1.69
21,56001,1,1.72
21,58001,1,1.77
21,60001,1,1.7
21,62001,1,1.66
21,64001,1,1.61
21,65535,1,1.62
21,1,11,1.63
21,2001,11,1.65
21,4001,11,1.71
21,6001,11,1.63
21,8001,11,1.75
21,10001,11,1.65
21,12001,11,1.72
21,14001,11,1.64
21,16001,11,1.63
21,18001,11,1.68
21,20001,11,1.55
21,22001,11,1.67
21,24001,11,1.59
21,26001,11,1.69
21,28001,11,1.66
21,30001,11,1.64
21,32001,11,1.67
21,34001,11,1.53
21,36001,11,1.65
21,38001,11,1.74
21,40001,11,1.61
21,42001,11,1.65
21,44001,11,1.68
21,46001,11,1.78
21,48001,11,1.7
21,50001,11,1.54
21,52001,11,1.71
21,54001,11,1.78
21,56001,11,1.69
21,58001,11,1.63
21,60001,11,1.75
21,62001,11,1.72
21,64001,11,1.65
21,65535,11,1.6
21,1,21,1.7
21,2001,21,1.65
21,4001,21,1.71
21,6001,21,1.69
21,8001,21,1.77
21,10001,21,1.74
21,12001,21,1.67
21,14001,21,1.62
21,16001,21,1.69
21,18001,21,1.61
21,20001,21,1.55
21,22001,21,1.53
21,24001,21,1.56
21,26001,21,1.64
21,28001,21,1.7
21,30001,21,1.6
21,32001,21,1.64
21,34001,21,1.66
21,36001,21,1.62
21,38001,21,1.67
21,40001,21,1.56
21,42001,21,1.61
21,44001,21,1.63
21,46001,21,1.62
21,48001,21,1.69
21,50001,21,1.67
21,52001,21,1.69
21,54001,21,1.69
21,56001,21,1.68
21,58001,21,1.71
21,60001,21,1.57
21,62001,21,1.65
21,64001,21,1.62
21,65535,21,1.55
21,1,31,1.69
21,2001,31,1.64
21,4001,31,1.72
21,6001,31,1.68
21,8001,31,1.62
21,10001,31,1.67
21,12001,31,1.72
21,14001,31,1.66
21,16001,31,1.7
21,18001,31,1.67
21,20001,31,1.6
21,22001,31,1.57
21,24001,31,1.63
21,26001,31,1.6
21,28001,31,1.69
21,30001,31,1.58
21,32001,31,1.63
21,34001,31,1.57
21,36001,31,1.67
21,38001,31,1.69
21,40001,31,1.67
21,42001,31,1.78
21,44001,31,1.64
21,46001,31,1.6
21,48001,31,1.64
21,50001,31,1.75
21,52001,31,1.55
21,54001,31,1.66
21,56001,31,1.56
21,58001,31,1.68
21,60001,31,1.69
21,62001,31,1.79
21,64001,31,1.59
21,65535,31,1.69
21,1,41,1.67
21,2001,41,1.54
21,4001,41,1.63
21,6001,41,1.62
21,8001,41,1.65
21,10001,41,1.59
21,12001,41,1.65
21,14001,41,1.55
21,16001,41,1.67
21,18001,41,1.67
21,20001,41,1.6
21,22001,41,1.53
21,24001,41,1.59
21,26001,41,1.54
21,28001,41,1.66
21,30001,41,1.65
21,32001,41,1.67
21,34001,41,1.59
21,36001,41,1.64
21,38001,41,1.62
21,40001,41,1.62
21,42001,41,1.64
21,44001,41,1.53
21,46001,41,1.61
21,48001,41,1.58
21,50001,41,1.59
21,52001,41,1.7
21,54001,41,1.67
21,56001,41,1.7
21,58001,41,1.55
21,60001,41,1.67
21,62001,41,1.63
21,64001,41,1.55
21,65535,41,1.6
21,1,51,1.53
21,2001,51,1.64
21,4001,51,1.62
21,6001,51,1.62
21,8001,51,1.71
21,10001,51,1.6
21,12001,51,1.57
21,14001,51,1.64
21,16001,51,1.64
21,18001,51,1.53
21,20001,51,1.56
21,22001,51,1.55
21,24001,51,1.57
21,26001,51,1.66
21,28001,51,1.69
21,30001,51,1.59
21,32001,51,1.63
21,34001,51,1.58
21,36001,51,1.61
21,38001,51,1.56
21,40001,51,1.6
21,42001,51,1.53
21,44001,51,1.56
21,46001,51,1.59
21,48001,51,1.54
21,50001,51,1.51
21,52001,51,1.75
21,54001,51,1.58
21,56001,51,1.69
21,58001,51,1.55
21,60001,51,1.68
21,62001,51,1.63
21,64001,51,1.63
21,65535,51,1.61
21,1,61,1.63
21,2001,61,1.61
21,4001,61,1.63
21,6001,61,1.57
21,8001,61,1.59
21,10001,61,1.6
21,12001,61,1.68
21,14001,61,1.68
21,16001,61,1.59
21,18001,61,1.5
21,20001,61,1.54
21,22001,61,1.49
21,24001,61,1.48
21,26001,61,1.68
21,28001,61,1.66
21,30001,61,1.58
21,32001,61,1.54
21,34001,61,1.61
21,36001,61,1.62
21,38001,61,1.55
21,40001,61,1.59
21,42001,61,1.57
21,44001,61,1.57
21,46001,61,1.56
21,48001,61,1.59
21,50001,61,1.69
21,52001,61,1.57
21,54001,61,1.6
21,56001,61,1.55
21,58001,61,1.64
21,60001,61,1.58
21,62001,61,1.65
21,64001,61,1.64
21,65535,61,1.62
21,1,71,1.53
21,2001,71,1.57
21,4001,71,1.61
21,6001,71,1.5
21,8001,71,1.7
21,10001,71,1.62
21,12001,71,1.64
21,14001,71,1.61
21,16001,71,1.62
21,18001,71,1.54
21,20001,71,1.52
21,22001,71,1.57
21,24001,71,1.51
21,26001,71,1.5
21,28001,71,1.51
21,30001,71,1.48
21,32001,71,1.55
21,34001,71,1.61
21,36001,71,1.6
21,38001,71,1.52
21,40001,71,1.65
21,42001,71,1.61
21,44001,71,1.52
21,46001,71,1.55
21,48001,71,1.54
21,50001,71,1.55
21,52001,71,1.65
21,54001,71,1.62
21,56001,71,1.64
21,58001,71,1.67
21,60001,71,1.61
21,62001,71,1.67
21,64001,71,1.55
21,65535,71,1.64
21,1,81,1.48
21,2001,81,1.53
21,4001,81,1.67
21,6001,81,1.61
21,8001,81,1.66
21,10001,81,1.59
21,12001,81,1.64
21,14001,81,1.6
21,16001,81,1.53
21,18001,81,1.55
21,20001,81,1.59
21,22001,81,1.48
21,24001,81,1.51
21,26001,81,1.43
21,28001,81,1.53
21,30001,81,1.53
21,32001,81,1.54
21,34001,81,1.56
21,36001,81,1.56
21,38001,81,1.6
21,40001,81,1.53
21,42001,81,1.57
21,44001,81,1.52
21,46001,81,1.55
21,48001,81,1.51
21,50001,81,1.62
21,52001,81,1.58
21,54001,81,1.6
21,56001,81,1.68
21,58001,81,1.63
21,60001,81,1.67
21,62001,81,1.58
21,64001,81,1.59
21,65535,81,1.57
21,1,91,1.52
21,2001,91,1.52
21,4001,91,1.56
21,6001,91,1.69
21,8001,91,1.56
21,10001,91,1.56
21,12001,91,1.69
21,14001,91,1.55
21,16001,91,1.53
21,18001,91,1.51
21,20001,91,1.43
21,22001,91,1.42
21,24001,91,1.43
21,26001,91,1.57
21,28001,91,1.46
21,30001,91,1.48
21,32001,91,1.59
21,34001,91,1.56
21,36001,91,1.49
21,38001,91,1.6
21,40001,91,1.55
21,42001,91,1.55
21,44001,91,1.44
21,46001,91,1.48
21,48001,91,1.54
21,50001,91,1.6
21,52001,91,1.62
21,54001,91,1.53
21,56001,91,1.59
21,58001,91,1.54
21,60001,91,1.67
21,62001,91,1.61
21,64001,91,1.62
21,65535,91,1.67
21,1,101,1.57
21,2001,101,1.64
21,4001,101,1.53
21,6001,101,1.63
21,8001,101,1.66
21,10001,101,1.55
21,12001,101,1.63
21,14001,101,1.59
21,16001,101,1.53
21,18001,101,1.62
21,20001,101,1.48
21,22001,101,1.54
21,24001,101,1.49
21,26001,101,1.39
21,28001,101,1.49
21,30001,101,1.49
21,32001,101,1.47
21,34001,101,1.58
21,36001,101,1.47
21,38001,101,1.46
21,40001,101,1.44
21,42001,101,1.48
21,44001,101,1.43
21,46001,101,1.5
21,48001,101,1.46
21,50001,101,1.57
21,52001,101,1.61
21,54001,101,1.67
21,56001,101,1.65
21,58001,101,1.6
21,60001,101,1.6
21,62001,101,1.47
21,64001,101,1.54
21,65535,101,1.57
21,1,111,1.53
21,2001,111,1.54
21,4001,111,1.51
21,6001,111,1.57
21,8001,111,1.67
21,10001,111,1.64
21,12001,111,1.5
21,14001,111,1.48
21,16001,111,1.63
21,18001,111,1.56
21,20001,111,1.52
21,22001,111,1.42
21,24001,111,1.38
21,26001,111,1.44
21,28001,111,1.38
21,30001,111,1.48
21,32001,111,1.54
21,34001,111,1.5
21,36001,111,1.48
21,38001,111,1.48
21,40001,111,1.46
21,42001,111,1.39
21,44001,111,1.49
21,46001,111,1.44
21,48001,111,1.41
21,50001,111,1.49
21,52001,111,1.57
21,54001,111,1.63
21,56001,111,1.6
21,58001,111,1.6
21,60001,111,1.59
21,62001,111,1.59
21,64001,111,1.49
21,65535,111,1.65
21,1,121,1.61
21,2001,121,1.62
21,4001,121,1.52
21,6001,121,1.55
21,8001,121,1.52
21,10001,121,1.62
21,12001,121,1.54
21,14001,121,1.62
21,16001,121,1.46
21,18001,121,1.42
21,20001,121,1.51
21,22001,121,1.34
21,24001,121,1.38
21,26001,121,1.38
21,28001,121,1.42
21,30001,121,1.43
21,32001,121,1.42
21,34001,121,1.45
21,36001,121,1.47
21,38001,121,1.43
21,40001,121,1.41
21,42001,121,1.44
21,44001,121,1.36
21,46001,121,1.56
21,48001,121,1.4
21,50001,121,1.59
21,52001,121,1.53
21,54001,121,1.67
21,56001,121,1.6
21,58001,121,1.57
21,60001,121,1.54
21,62001,121,1.55
21,64001,121,1.59
21,65535,121,1.54
21,1,131,1.53
21,2001,131,1.52
21,4001,131,1.56
21,6001,131,1.55
21,8001,131,1.51
21,10001,131,1.58
21,12001,131,1.53
21,14001,131,1.53
21,16001,131,1.47
21,18001,131,1.37
21,20001,131,1.39
21,22001,131,1.39
21,24001,131,1.45
21,26001,131,1.48
21,28001,131,1.38
21,30001,131,1.47
21,32001,131,1.54
21,34001,131,1.48
21,36001,131,1.46
21,38001,131,1.48
21,40001,131,1.52
21,42001,131,1.46
21,44001,131,1.4
21,46001,131,1.4
21,48001,131,1.48
21,50001,131,1.5
21,52001,131,1.51
21,54001,131,1.65
21,56001,131,1.59
21,58001,131,1.55
21,60001,131,1.63
21,62001,131,1.58
21,64001,131,1.6
21,65535,131,1.57
21,1,141,1.49
21,2001,141,1.44
21,4001,141,1.51
21,6001,141,1.52
21,8001,141,1.5
21,10001,141,1.58
21,12001,141,1.63
21,14001,141,1.5
21,16001,141,1.54
21,18001,141,1.51
21,20001,141,1.46
21,22001,141,1.38
21,24001,141,1.37
21,26001,141,1.39
21,28001,141,1.45
21,30001,141,1.4
21,32001,141,1.46
21,34001,141,1.4
21,36001,141,1.4
21,38001,141,1.46
21,40001,141,1.4
21,42001,141,1.35
21,44001,141,1.42
21,46001,141,1.37
21,48001,141,1.44
21,50001,141,1.44
21,52001,141,1.45
21,54001,141,1.59
21,56001,141,1.55
21,58001,141,1.57
21,60001,141,1.55
21,62001,141,1.57
21,64001,141,1.6
21,65535,141,1.51
21,1,151,1.43
21,2001,151,1.48
21,4001,151,1.55
21,6001,151,1.55
21,8001,151,1.56
21,10001,151,1.63
21,12001,151,1.51
21,14001,151,1.55
21,16001,151,1.45
21,18001,151,1.49
21,20001,151,1.39
21,22001,151,1.44
21,24001,151,1.34
21,26001,151,1.36
21,28001,151,1.42
21,30001,151,1.41
21,32001,151,1.4
21,34001,151,1.41
21,36001,151,1.43
21,38001,151,1.44
21,40001,151,1.39
21,42001,151,1.32
21,44001,151,1.41
21,46001,151,1.32
21,48001,151,1.5
21,50001,151,1.48
21,52001,151,1.47
21,54001,151,1.5
21,56001,151,1.69
21,58001,151,1.56
21,60001,151,1.63
21,62001,151,1.6
21,64001,151,1.54
21,65535,151,1.49
21,1,161,1.5
21,2001,161,1.5
21,4001,161,1.55
21,6001,161,1.66
21,8001,161,1.5
21,10001,161,1.49
21,12001,161,1.59
21,14001,161,1.44
21,16001,161,1.39
21,18001,161,1.47
21,20001,161,1.47
21,22001,161,1.4
21,24001,161,1.4
21,26001,161,1.37
21,28001,161,1.36
21,30001,161,1.42
21,32001,161,1.35
21,34001,161,1.35
21,36001,161,1.33
21,38001,161,1.42
21,40001,161,1.3
21,42001,161,1.32
21,44001,161,1.4
21,46001,161,1.39
21,48001,161,1.44
21,50001,161,1.39
21,52001,161,1.47
21,54001,161,1.58
21,56001,161,1.52
21,58001,161,1.61
21,60001,161,1.52
21,62001,161,1.61
21,64001,161,1.53
21,65535,161,1.55
21,1,171,1.59
21,2001,171,1.49
21,4001,171,1.47
21,6001,171,1.54
21,8001,171,1.57
21,10001,171,1.62
21,12001,171,1.56
21,14001,171,1.48
21,16001,171,1.5
21,18001,171,1.53
21,20001,171,1.44
21,22001,171,1.27
21,24001,171,1.32
21,26001,171,1.3
21,28001,171,1.27
21,30001,171,1.37
21,32001,171,1.35
21,34001,171,1.37
21,36001,171,1.38
21,38001,171,1.33
21,40001,171,1.38
21,42001,171,1.39
21,44001,171,1.38
21,46001,171,1.43
21,48001,171,1.31
21,50001,171,1.49
21,52001,171,1.46
21,54001,171,1.56
21,56001,171,1.55
21,58001,171,1.53
21,60001,171,1.48
21,62001,171,1.5
21,64001,171,1.52
21,65535,171,1.42
21,1,181,1.57
21,2001,181,1.48
21,4001,181,1.44
21,6001,181,1.53
21,8001,181,1.5
21,10001,181,1.57
21,12001,181,1.55
21,14001,181,1.43
21,16001,181,1.53
21,18001,181,1.38
21,20001,181,1.39
21,22001,181,1.29
21,24001,181,1.32
21,26001,181,1.31
21,28001,181,1.43
21,30001,181,1.4
21,32001,181,1.37
21,34001,181,1.41
21,36001,181,1.41
21,38001,181,1.4
21,40001,181,1.37
21,42001,181,1.31
21,44001,181,1.36
21,46001,181,1.24
21,48001,181,1.43
21,50001,181,1.5
21,52001,181,1.45
21,54001,181,1.57
21,56001,181,1.52
21,58001,181,1.57
21,60001,181,1.49
21,62001,181,1.48
21,64001,181,1.6
21,65535,181,1.56
21,1,191,1.41
21,2001,191,1.46
21,4001,191,1.56
21,6001,191,1.51
21,8001,191,1.49
21,10001,191,1.47
21,12001,191,1.58
21,14001,191,1.58
21,16001,191,1.46
21,18001,191,1.41
21,20001,191,1.35
21,22001,191,1.27
21,24001,191,1.21
21,26001,191,1.4
21,28001,191,1.37
21,30001,191,1.4
21,32001,191,1.31
21,34001,191,1.37
21,36001,191,1.26
21,38001,191,1.3
21,40001,191,1.38
21,42001,191,1.33
21,44001,191,1.28
21,46001,191,1.38
21,48001,191,1.43
21,50001,191,1.39
21,52001,191,1.48
21,54001,191,1.57
21,56001,191,1.47
21,58001,191,1.56
21,60001,191,1.61
21,62001,191,1.49
21,64001,191,1.5
21,65535,191,1.48
21,1,201,1.5
21,2001,201,1.47
21,4001,201,1.51
21,6001,201,1.52
21,8001,201,1.55
21,10001,201,1.57
21,12001,201,1.51
21,14001,201,1.52
21,16001,201,1.45
21,18001,201,1.42
21,20001,201,1.36
21,22001,201,1.39
21,24001,201,1.2
21,26001,201,1.32
21,28001,201,1.35
21,30001,201,1.29
21,32001,201,1.44
21,34001,201,1.39
21,36001,201,1.35
21,38001,201,1.3
21,40001,201,1.38
21,42001,201,1.35
21,44001,201,1.23
21,46001,201,1.27
21,48001,201,1.34
21,50001,201,1.39
21,52001,201,1.45
21,54001,201,1.54
21,56001,201,1.55
21,58001,201,1.63
21,60001,201,1.59
21,62001,201,1.51
21,64001,201,1.51
21,65535,201,1.43
21,1,211,1.43
21,2001,211,1.48
21,4001,211,1.45
21,6001,211,1.49
21,8001,211,1.52
21,10001,211,1.55
21,12001,211,1.49
21,14001,211,1.51
21,16001,211,1.42
21,18001,211,1.39
21,20001,211,1.34
21,22001,211,1.29
21,24001,211,1.27
21,26001,211,1.39
21,28001,211,1.32
21,30001,211,1.33
21,32001,211,1.36
21,34001,211,1.34
21,36001,211,1.31
21,38001,211,1.32
21,40001,211,1.31
21,42001,211,1.36
21,44001,211,1.28
21,46001,211,1.26
21,48001,211,1.45
21,50001,211,1.29
21,52001,211,1.42
21,54001,211,1.51
21,56001,211,1.56
21,58001,211,1.55
21,60001,211,1.53
21,62001,211,1.51
21,64001,211,1.49
21,65535,211,1.47
21,1,221,1.47
21,2001,221,1.42
21,4001,221,1.46
21,6001,221,1.43
21,8001,221,1.57
21,10001,221,1.62
21,12001,221,1.55
21,14001,221,1.4
21,16001,221,1.38
21,18001,221,1.38
21,20001,221,1.26
21,22001,221,1.26
21,24001,221,1.18
21,26001,221,1.26
21,28001,221,1.19
21,30001,221,1.35
21,32001,221,1.35
21,34001,221,1.32
21,36001,221,1.39
21,38001,221,1.32
21,40001,221,1.25
21,42001,221,1.34
21,44001,221,1.33
21,46001,221,1.3
21,48001,221,1.29
21,50001,221,1.38
21,52001,221,1.48
21,54001,221,1.49
21,56001,221,1.66
21,58001,221,1.53
21,60001,221,1.44
21,62001,221,1.49
21,64001,221,1.51
21,65535,221,1.47
21,1,231,1.52
21,2001,231,1.42
21,4001,231,1.45
21,6001,231,1.5
21,8001,231,1.63
21,10001,231,1.64
21,12001,231,1.6
21,14001,231,1.48
21,16001,231,1.49
21,18001,231,1.34
21,20001,231,1.3
21,22001,231,1.3
21,24001,231,1.3
21,26001,231,1.27
21,28001,231,1.27
21,30001,231,1.31
21,32001,231,1.27
21,34001,231,1.36
21,36001,231,1.34
21,38001,231,1.26
21,40001,231,1.17
21,42001,231,1.27
21,44001,231,1.23
21,46001,231,1.25
21,48001,231,1.36
21,50001,231,1.38
21,52001,231,1.41
21,54001,231,1.5
21,56001,231,1.57
21,58001,231,1.51
21,60001,231,1.48
21,62001,231,1.5
21,64001,231,1.52
21,65535,231,1.47
21,1,241,1.53
21,2001,241,1.46
21,4001,241,1.45
21,6001,241,1.47
21,8001,241,1.51
21,10001,241,1.64
21,12001,241,1.54
21,14001,241,1.5
21,16001,241,1.42
21,18001,241,1.4
21,20001,241,1.25
21,22001,241,1.31
21,24001,241,1.24
21,26001,241,1.25
21,28001,241,1.28
21,30001,241,1.31
21,32001,241,1.3
21,34001,241,1.37
21,36001,241,1.34
21,38001,241,1.27
21,40001,241,1.33
21,42001,241,1.32
21,44001,241,1.2
21,46001,241,1.26
21,48001,241,1.34
21,50001,241,1.46
21,52001,241,1.46
21,54001,241,1.53
21,56001,241,1.57
21,58001,241,1.61
21,60001,241,1.5
21,62001,241,1.54
21,64001,241,1.53
21,65535,241,1.48
21,1,251,1.5
21,2001,251,1.45
21,4001,251,1.53
21,6001,251,1.51
21,8001,251,1.52
21,10001,251,1.63
21,12001,251,1.54
21,14001,251,1.44
21,16001,251,1.44
21,18001,251,1.45
21,20001,251,1.29
21,22001,251,1.29
21,24001,251,1.27
21,26001,251,1.26
21,28001,251,1.19
21,30001,251,1.3
21,32001,251,1.36
21,34001,251,1.35
21,36001,251,1.37
21,38001,251,1.21
21,40001,251,1.26
21,42001,251,1.29
21,44001,251,1.22
21,46001,251,1.27
21,48001,251,1.25
21,50001,251,1.36
21,52001,251,1.39
21,54001,251,1.55
21,56001,251,1.57
21,58001,251,1.5
21,60001,251,1.58
21,62001,251,1.47
21,64001,251,1.53
21,65535,251,1.42
21,1,254,1.48
21,2001,254,1.43
21,4001,254,1.49
21,6001,254,1.53
21,8001,254,1.56
21,10001,254,1.63
21,12001,254,1.61
21,14001,254,1.53
21,16001,254,1.4
21,18001,254,1.43
21,20001,254,1.23
21,22001,254,1.24
21,24001,254,1.22
21,26001,254,1.22
21,28001,254,1.27
21,30001,254,1.29
21,32001,254,1.22
21,34001,254,1.28
21,36001,254,1.31
21,38001,254,1.27
21,40001,254,1.18
21,42001,254,1.27
21,44001,254,1.26
21,46001,254,1.32
21,48001,254,1.38
21,50001,254,1.37
21,52001,254,1.5
21,54001,254,1.48
21,56001,254,1.54
21,58001,254,1.62
21,60001,254,1.53
21,62001,254,1.49
21,64001,254,1.49
21,65535,254,1.55
31,1,1,1.94
31,2001,1,1.86
31,4001,1,1.89
31,6001,1,1.89
31,8001,1,1.88
31,10001,1,1.93
31,12001,1,1.8
31,14001,1,1.88
31,16001,1,1.83
31,18001,1,1.9
31,20001,1,1.91
31,22001,1,1.97
31,24001,1,1.82
31,26001,1,1.83
31,28001,1,1.9
31,30001,1,1.89
31,32001,1,1.93
31,34001,1,1.86
31,36001,1,1.93
31,38001,1,1.8
31,40001,1,1.94
31,42001,1,1.92
31,44001,1,1.87
31,46001,1,1.9
31,48001,1,1.94
31,50001,1,1.86
31,52001,1,1.8
31,54001,1,1.88
31,56001,1,1.86
31,58001,1,1.87
31,60001,1,2.04
31,62001,1,1.88
31,64001,1,1.83
31,65535,1,1.91
31,1,11,1.86
31,2001,11,1.94
31,4001,11,1.9
31,6001,11,1.92
31,8001,11,1.85
31,10001,11,1.92
31,12001,11,1.86
31,14001,11,1.87
31,16001,11,1.8
31,18001,11,1.85
31,20001,11,1.83
31,22001,11,1.79
31,24001,11,1.79
31,26001,11,1.78
31,28001,11,1.9
31,30001,11,1.92
31,32001,11,1.84
31,34001,11,1.88
31,36001,11,1.9
31,38001,11,1.9
31,40001,11,1.77
31,42001,11,1.75
31,44001,11,1.87
31,46001,11,1.93
31,48001,11,1.93
31,50001,11,1.85
31,52001,11,1.83
31,54001,11,1.88
31,56001,11,1.94
31,58001,11,1.8
31,60001,11,1.84
31,62001,11,1.81
31,64001,11,1.84
31,65535,11,1.83
31,1,21,1.81
31,2001,21,1.77
31,4001,21,1.92
31,6001,21,1.88
31,8001,21,1.85
31,10001,21,1.86
31,12001,21,1.83
31,14001,21,1.88
31,16001,21,1.88
31,18001,21,1.88
31,20001,21,1.82
31,22001,21,1.86
31,24001,21,1.79
31,26001,21,1.75
31,28001,21,1.87
31,30001,21,1.78
31,32001,21,1.92
31,34001,21,1.9
31,36001,21,1.82
31,38001,21,1.85
31,40001,21,1.78
31,42001,21,1.78
31,44001,21,1.81
31,46001,21,1.86
31,48001,21,1.82
31,50001,21,1.87
31,52001,21,1.82
31,54001,21,1.83
31,56001,21,1.87
31,58001,21,1.76
31,60001,21,1.9
31,62001,21,1.83
31,64001,21,1.86
31,65535,21,1.84
31,1,31,1.77
31,2001,31,1.76
31,4001,31,1.74
31,6001,31,1.78
31,8001,31,1.84
31,10001,31,1.85
31,12001,31,1.91
31,14001,31,1.82
31,16001,31,1.85
31,18001,31,1.84
31,20001,31,1.73
31,22001,31,1.83
31,24001,31,1.77
31,26001,31,1.68
31,28001,31,1.74
31,30001,31,1.76
31,32001,31,1.86
31,34001,31,1.72
31,36001,31,1.71
31,38001,31,1.85
31,40001,31,1.89
31,42001,31,1.67
31,44001,31,1.83
31,46001,31,1.76
31,48001,31,1.83
31,50001,31,1.85
31,52001,31,1.83
31,54001,31,1.83
31,56001,31,1.83
31,58001,31,1.81
31,60001,31,1.83
31,62001,31,1.76
31,64001,31,1.95
31,65535,31,1.85
31,1,41,1.88
31,2001,41,1.78
31,4001,41,1.88
31,6001,41,1.86
31,8001,41,1.7
31,10001,41,1.89
31,12001,41,1.83
31,14001,41,1.8
31,16001,41,1.84
31,18001,41,1.77
31,20001,41,1.75
31,22001,41,1.7
31,24001,41,1.8
31,26001,41,1.73
31,28001,41,1.7
31,30001,41,1.75
31,32001,41,1.85
31,34001,41,1.84
31,36001,41,1.77
31,38001,41,1.81
31,40001,41,1.73
31,42001,41,1.79
31,44001,41,1.77
31,46001,41,1.75
31,48001,41,1.75
31,50001,41,1.83
31,52001,41,1.78
31,54001,41,1.83
31,56001,41,1.82
31,58001,41,1.85
31,60001,41,1.9
31,62001,41,1.85
31,64001,41,1.92
31,65535,41,1.73
31,1,51,1.76
31,2001,51,1.81
31,4001,51,1.96
31,6001,51,1.82
31,8001,51,1.82
31,10001,51,1.89
31,12001,51,1.88
31,14001,51,1.86
31,16001,51,1.84
31,18001,51,1.79
31,20001,51,1.78
31,22001,51,1.69
31,24001,51,1.83
31,26001,51,1.75
31,28001,51,1.68
31,30001,51,1.78
31,32001,51,1.7
31,34001,51,1.73
31,36001,51,1.83
31,38001,51,1.88
31,40001,51,1.74
31,42001,51,1.81
31,44001,51,1.78
31,46001,51,1.65
31,48001,51,1.68
31,50001,51,1.81
31,52001,51,1.78
31,54001,51,1.8
31,56001,51,1.86
31,58001,51,1.73
31,60001,51,1.78
31,62001,51,1.91
31,64001,51,1.82
31,65535,51,1.73
31,1,61,1.76
31,2001,61,1.77
31,4001,61,1.69
31,6001,61,1.7
31,8001,61,1.81
31,10001,61,1.87
31,12001,61,1.78
31,14001,61,1.77
31,16001,61,1.76
31,18001,61,1.73
31,20001,61,1.73
31,22001,61,1.72
31,24001,61,1.72
31,26001,61,1.74
31,28001,61,1.69
31,30001,61,1.73
31,32001,61,1.65
31,34001,61,1.75
31,36001,61,1.7
31,38001,61,1.82
31,40001,61,1.81
31,42001,61,1.72
31,44001,61,1.71
31,46001,61,1.69
31,48001,61,1.78
31,50001,61,1.79
31,52001,61,1.83
31,54001,61,1.78
31,56001,61,1.91
31,58001,61,1.88
31,60001,61,1.81
31,62001,61,1.83
31,64001,61,1.79
31,65535,61,1.73
31,1,71,1.73
31,2001,71,1.75
31,4001,71,1.69
31,6001,71,1.81
31,8001,71,1.79
31,10001,71,1.86
31,12001,71,1.8
31,14001,71,1.77
31,16001,71,1.81
31,18001,71,1.9
31,20001,71,1.77
31,22001,71,1.65
31,24001,71,1.65
31,26001,71,1.64
31,28001,71,1.71
31,30001,71,1.76
31,32001,71,1.66
31,34001,71,1.75
31,36001,71,1.7
31,38001,71,1.65
31,40001,71,1.69
31,42001,71,1.71
31,44001,71,1.72
31,46001,71,1.66
31,48001,71,1.79
31,50001,71,1.65
31,52001,71,1.77
31,54001,71,1.76
31,56001,71,1.78
31,58001,71,1.76
31,60001,71,1.75
31,62001,71,1.78
31,64001,71,1.72
31,65535,71,1.83
31,1,81,1.75
31,2001,81,1.82
31,4001,81,1.78
31,6001,81,1.68
31,8001,81,1.73
31,10001,81,1.83
31,12001,81,1.77
31,14001,81,1.73
31,16001,81,1.83
31,18001,81,1.73
31,20001,81,1.67
31,22001,81,1.57
31,24001,81,1.63
31,26001,81,1.67
31,28001,81,1.63
31,30001,81,1.7
31,32001,81,1.71
31,34001,81,1.59
31,36001,81,1.66
31,38001,81,1.74
31,40001,81,1.7
31,42001,81,1.72
31,44001,81,1.66
31,46001,81,1.57
31,48001,81,1.8
31,50001,81,1.71
31,52001,81,1.73
31,54001,81,1.82
31,56001,81,1.78
31,58001,81,1.83
31,60001,81,1.77
31,62001,81,1.7
31,64001,81,1.77
31,65535,81,1.75
31,1,91,1.74
31,2001,91,1.79
31,4001,91,1.72
31,6001,91,1.67
31,8001,91,1.73
31,10001,91,1.8
31,12001,91,1.71
31,14001,91,1.74
31,16001,91,1.67
31,18001,91,1.74
31,20001,91,1.56
31,22001,91,1.64
31,24001,91,1.59
31,26001,91,1.71
31,28001,91,1.65
31,30001,91,1.63
31,32001,91,1.67
31,34001,91,1.81
31,36001,91,1.81
31,38001,91,1.66
31,40001,91,1.68
31,42001,91,1.58
31,44001,91,1.7
31,46001,91,1.66
31,48001,91,1.61
31,50001,91,1.71
31,52001,91,1.75
31,54001,91,1.79
31,56001,91,1.77
31,58001,91,1.76
31,60001,91,1.79
31,62001,91,1.76
31,64001,91,1.7
31,65535,91,1.74
31,1,101,1.68
31,2001,101,1.81
31,4001,101,1.72
31,6001,101,1.79
31,8001,101,1.72
31,10001,101,1.85
31,12001,101,1.73
31,14001,101,1.82
31,16001,101,1.74
31,18001,101,1.7
31,20001,101,1.62
31,22001,101,1.58
31,24001,101,1.54
31,26001,101,1.56
31,28001,101,1.66
31,30001,101,1.7
31,32001,101,1.65
31,34001,101,1.6
31,36001,101,1.68
31,38001,101,1.67
31,40001,101,1.67
31,42001,101,1.56
31,44001,101,1.57
31,46001,101,1.76
31,48001,101,1.6
31,50001,101,1.73
31,52001,101,1.67
31,54001,101,1.79
31,56001,101,1.68
31,58001,101,1.66
31,60001,101,1.76
31,62001,101,1.79
31,64001,101,1.72
31,65535,101,1.72
31,1,111,1.63
31,2001,111,1.63
31,4001,111,1.73
31,6001,111,1.81
31,8001,111,1.69
31,10001,111,1.73
31,12001,111,1.75
31,14001,111,1.75
31,16001,111,1.74
31,18001,111,1.63
31,20001,111,1.6
31,22001,111,1.51
31,24001,111,1.56
31,26001,111,1.56
31,28001,111,1.65
31,30001,111,1.63
31,32001,111,1.65
31,34001,111,1.67
31,36001,111,1.64
31,38001,111,1.61
31,40001,111,1.48
31,42001,111,1.61
31,44001,111,1.59
31,46001,111,1.57
31,48001,111,1.71
31,50001,111,1.6
31,52001,111,1.77
31,54001,111,1.77
31,56001,111,1.73
31,58001,111,1.75
31,60001,111,1.81
31,62001,111,1.78
31,64001,111,1.66
31,65535,111,1.69
31,1,121,1.68
31,2001,121,1.57
31,4001,121,1.64
31,6001,121,1.72
31,8001,121,1.66
31,10001,121,1.75
31,12001,121,1.78
31,14001,121,1.72
31,16001,121,1.72
31,18001,121,1.65
31,20001,121,1.56
31,22001,121,1.53
31,24001,121,1.62
31,26001,121,1.57
31,28001,121,1.56
31,30001,121,1.59
31,32001,121,1.67
31,34001,121,1.55
31,36001,121,1.57
31,38001,121,1.5
31,40001,121,1.63
31,42001,121,1.51
31,44001,121,1.52
31,46001,121,1.49
31,48001,121,1.6
31,50001,121,1.69
31,52001,121,1.7
31,54001,121,1.76
31,56001,121,1.77
31,58001,121,1.86
31,60001,121,1.75
31,62001,121,1.7
31,64001,121,1.76
31,65535,121,1.67
31,1,131,1.67
31,2001,131,1.62
31,4001,131,1.66
31,6001,131,1.69
31,8001,131,1.69
31,10001,131,1.78
31,12001,131,1.84
31,14001,131,1.7
31,16001,131,1.63
31,18001,131,1.53
31,20001,131,1.54
31,22001,131,1.61
31,24001,131,1.52
31,26001,131,1.47
31,28001,131,1.51
31,30001,131,1.58
31,32001,131,1.52
31,34001,131,1.64
31,36001,131,1.6
31,38001,131,1.51
31,40001,131,1.46
31,42001,131,1.53
31,44001,131,1.46
31,46001,131,1.56
31,48001,131,1.49
31,50001,131,1.63
31,52001,131,1.66
31,54001,131,1.68
31,56001,131,1.7
31,58001,131,1.71
31,60001,131,1.74
31,62001,131,1.71
31,64001,131,1.69
31,65535,131,1.66
31,1,141,1.65
31,2001,141,1.66
31,4001,141,1.66
31,6001,141,1.69
31,8001,141,1.71
31,10001,141,1.7
31,12001,141,1.73
31,14001,141,1.69
31,16001,141,1.7
31,18001,141,1.65
31,20001,141,1.52
31,22001,141,1.5
31,24001,141,1.53
31,26001,141,1.54
31,28001,141,1.58
31,30001,141,1.51
31,32001,141,1.54
31,34001,141,1.61
31,36001,141,1.64
31,38001,141,1.48
31,40001,141,1.46
31,42001,141,1.51
31,44001,141,1.48
31,46001,141,1.46
31,48001,141,1.63
31,50001,141,1.64
31,52001,141,1.7
31,54001,141,1.83
31,56001,141,1.74
31,58001,141,1.74
31,60001,141,1.74
31,62001,141,1.76
31,64001,141,1.6
31,65535,141,1.6
31,1,151,1.57
31,2001,151,1.61
31,4001,151,1.62
31,6001,151,1.72
31,8001,151,1.74
31,10001,151,1.8
31,12001,151,1.65
31,14001,151,1.75
31,16001,151,1.65
31,18001,151,1.55
31,20001,151,1.51
31,22001,151,1.47
31,24001,151,1.47
31,26001,151,1.46
31,28001,151,1.46
31,30001,151,1.49
31,32001,151,1.57
31,34001,151,1.64
31,36001,151,1.57
31,38001,151,1.5
31,40001,151,1.53
31,42001,151,1.5
31,44001,151,1.51
31,46001,151,1.45
31,48001,151,1.6
31,50001,151,1.54
31,52001,151,1.64
31,54001,151,1.67
31,56001,151,1.68
31,58001,151,1.67
31,60001,151,1.73
31,62001,151,1.77
31,64001,151,1.71
31,65535,151,1.59
31,1,161,1.64
31,2001,161,1.69
31,4001,161,1.58
31,6001,161,1.68
31,8001,161,1.74
31,10001,161,1.72
31,12001,161,1.72
31,14001,161,1.78
31,16001,161,1.61
31,18001,161,1.53
31,20001,161,1.54
31,22001,161,1.42
31,24001,161,1.4
31,26001,161,1.42
31,28001,161,1.48
31,30001,161,1.43
31,32001,161,1.55
31,34001,161,1.56
31,36001,161,1.49
31,38001,161,1.43
31,40001,161,1.45
31,42001,161,1.47
31,44001,161,1.47
31,46001,161,1.42
31,48001,161,1.48
31,50001,161,1.53
31,52001,161,1.6
31,54001,161,1.68
31,56001,161,1.76
31,58001,161,1.73
31,60001,161,1.68
31,62001,161,1.68
31,64001,161,1.65
31,65535,161,1.56
31,1,171,1.57
31,2001,171,1.52
31,4001,171,1.64
31,6001,171,1.66
31,8001,171,1.67
31,10001,171,1.71
31,12001,171,1.76
31,14001,171,1.74
31,16001,171,1.62
31,18001,171,1.54
31,20001,171,1.59
31,22001,171,1.45
31,24001,171,1.43
31,26001,171,1.41
31,28001,171,1.52
31,30001,171,1.5
31,32001,171,1.6
31,34001,171,1.57
31,36001,171,1.53
31,38001,171,1.37
31,40001,171,1.44
31,42001,171,1.36
31,44001,171,1.41
31,46001,171,1.43
31,48001,171,1.53
31,50001,171,1.5
31,52001,171,1.67
31,54001,171,1.66
31,56001,171,1.7
31,58001,171,1.68
31,60001,171,1.63
31,62001,171,1.61
31,64001,171,1.61
31,65535,171,1.74
31,1,181,1.63
31,2001,181,1.01
31,4001,181,1.74
31,6001,181,1.64
31,8001,181,1.63
31,10001,181,1.69
31,12001,181,1.78
31,14001,181,1.7
31,16001,181,1.59
31,18001,181,1.5
31,20001,181,1.42
31,22001,181,1.38
31,24001,181,1.39
31,26001,181,1.49
31,28001,181,1.38
31,30001,181,1.45
31,32001,181,1.49
31,34001,181,1.49
31,36001,181,1.52
31,38001,181,1.5
31,40001,181,1.42
31,42001,181,1.45
31,44001,181,1.39
31,46001,181,1.46
31,48001,181,1.54
31,50001,181,1.58
31,52001,181,1.64
31,54001,181,1.67
31,56001,181,1.62
31,58001,181,1.66
31,60001,181,1.7
31,62001,181,1.64
31,64001,181,1.66
31,65535,181,1.65
31,1,191,1.6
31,2001,191,1.67
31,4001,191,1.59
31,6001,191,1.65
31,8001,191,1.65
31,10001,191,1.67
31,12001,191,1.71
31,14001,191,1.64
31,16001,191,1.53
31,18001,191,1.59
31,20001,191,1.57
31,22001,191,1.35
31,24001,191,1.41
31,26001,191,1.33
31,28001,191,1.5
31,30001,191,1.4
31,32001,191,1.5
31,34001,191,1.51
31,36001,191,1.5
31,38001,191,1.4
31,40001,191,1.41
31,42001,191,1.37
31,44001,191,1.38
31,46001,191,1.37
31,48001,191,1.44
31,50001,191,1.4
31,52001,191,1.64
31,54001,191,1.66
31,56001,191,1.72
31,58001,191,1.66
31,60001,191,1.67
31,62001,191,1.61
31,64001,191,1.59
31,65535,191,1.57
31,1,201,1.6
31,2001,201,1.65
31,4001,201,1.61
31,6001,201,1.62
31,8001,201,1.64
31,10001,201,1.71
31,12001,201,1.73
31,14001,201,1.65
31,16001,201,1.63
31,18001,201,1.43
31,20001,201,1.48
31,22001,201,1.42
31,24001,201,1.27
31,26001,201,1.33
31,28001,201,1.44
31,30001,201,1.55
31,32001,201,1.46
31,34001,201,1.54
31,36001,201,1.47
31,38001,201,1.37
31,40001,201,1.35
31,42001,201,1.42
31,44001,201,1.32
31,46001,201,1.38
31,48001,201,1.46
31,50001,201,1.47
31,52001,201,1.59
31,54001,201,1.64
31,56001,201,1.66
31,58001,201,1.75
31,60001,201,1.65
31,62001,201,1.64
31,64001,201,1.6
31,65535,201,1.6
31,1,211,1.6
31,2001,211,1.63
31,4001,211,1.6
31,6001,211,1.66
31,8001,211,1.68
31,10001,211,1.66
31,12001,211,1.7
31,14001,211,1.66
31,16001,211,1.58
31,18001,211,1.5
31,20001,211,1.43
31,22001,211,1.37
31,24001,211,1.32
31,26001,211,1.37
31,28001,211,1.35
31,30001,211,1.47
31,32001,211,1.34
31,34001,211,1.63
31,36001,211,1.36
31,38001,211,1.41
31,40001,211,1.37
31,42001,211,1.35
31,44001,211,1.28
31,46001,211,1.47
31,48001,211,1.49
31,50001,211,1.53
31,52001,211,1.57
31,54001,211,1.63
31,56001,211,1.74
31,58001,211,1.71
31,60001,211,1.63
31,62001,211,1.57
31,64001,211,1.56
31,65535,211,1.6
31,1,221,1.59
31,2001,221,1.64
31,4001,221,1.74
31,6001,221,1.56
31,8001,221,1.62
31,10001,221,1.67
31,12001,221,1.67
31,14001,221,1.61
31,16001,221,1.62
31,18001,221,1.47
31,20001,221,1.46
31,22001,221,1.41
31,24001,221,1.32
31,26001,221,1.46
31,28001,221,1.29
31,30001,221,1.43
31,32001,221,1.32
31,34001,221,1.49
31,36001,221,1.49
31,38001,221,1.41
31,40001,221,1.37
31,42001,221,1.39
31,44001,221,1.27
31,46001,221,1.46
31,48001,221,1.45
31,50001,221,1.44
31,52001,221,1.59
31,54001,221,1.74
31,56001,221,1.68
31,58001,221,1.72
31,60001,221,1.78
31,62001,221,1.59
31,64001,221,1.58
31,65535,221,1.55
31,1,231,1.53
31,2001,231,1.61
31,4001,231,1.67
31,6001,231,1.59
31,8001,231,1.68
31,10001,231,1.64
31,12001,231,1.63
31,14001,231,1.67
31,16001,231,1.6
31,18001,231,1.52
31,20001,231,1.36
31,22001,231,1.46
31,24001,231,1.29
31,26001,231,1.28
31,28001,231,1.29
31,30001,231,1.29
31,32001,231,1.37
31,34001,231,1.52
31,36001,231,1.42
31,38001,231,1.3
31,40001,231,1.4
31,42001,231,1.33
31,44001,231,1.25
31,46001,231,1.28
31,48001,231,1.43
31,50001,231,1.52
31,52001,231,1.45
31,54001,231,1.72
31,56001,231,1.74
31,58001,231,1.79
31,60001,231,1.64
31,62001,231,1.62
31,64001,231,1.58
31,65535,231,1.56
31,1,241,1.57
31,2001,241,1.54
31,4001,241,1.59
31,6001,241,1.57
31,8001,241,1.66
31,10001,241,1.59
31,12001,241,1.66
31,14001,241,1.63
31,16001,241,1.6
31,18001,241,1.52
31,20001,241,1.41
31,22001,241,1.37
31,24001,241,1.3
31,26001,241,1.23
31,28001,241,1.32
31,30001,241,1.36
31,32001,241,1.44
31,34001,241,1.39
31,36001,241,1.36
31,38001,241,1.36
31,40001,241,1.35
31,42001,241,1.32
31,44001,241,1.28
31,46001,241,1.31
31,48001,241,1.42
31,50001,241,1.53
31,52001,241,1.55
31,54001,241,1.64
31,56001,241,1.7
31,58001,241,1.69
31,60001,241,1.57
31,62001,241,1.64
31,64001,241,1.68
31,65535,241,1.52
31,1,251,1.6
31,2001,251,1.49
31,4001,251,1.55
31,6001,251,1.61
31,8001,251,1.62
31,10001,251,1.7
31,12001,251,1.66
31,14001,251,1.55
31,16001,251,1.58
31,18001,251,1.42
31,20001,251,1.44
31,22001,251,1.35
31,24001,251,1.37
31,26001,251,1.26
31,28001,251,1.32
31,30001,251,1.24
31,32001,251,1.48
31,34001,251,1.43
31,36001,251,1.41
31,38001,251,1.3
31,40001,251,1.31
31,42001,251,1.35
31,44001,251,1.33
31,46001,251,1.27
31,48001,251,1.34
31,50001,251,1.43
31,52001,251,1.47
31,54001,251,1.6
31,56001,251,1.69
31,58001,251,1.76
31,60001,251,1.68
31,62001,251,1.73
31,64001,251,1.52
31,65535,251,1.59
31,1,254,1.54
31,2001,254,1.62
31,4001,254,1.52
31,6001,254,1.62
31,8001,254,1.71
31,10001,254,1.71
31,12001,254,1.66
31,14001,254,1.61
31,16001,254,1.58
31,18001,254,1.39
31,20001,254,1.36
31,22001,254,1.36
31,24001,254,1.26
31,26001,254,1.21
31,28001,254,1.33
31,30001,254,1.35
31,32001,254,1.36
31,34001,254,1.34
31,36001,254,1.38
31,38001,254,1.29
31,40001,254,1.34
31,42001,254,1.35
31,44001,254,1.29
31,46001,254,1.29
31,48001,254,1.41
31,50001,254,1.42
31,52001,254,1.63
31,54001,254,1.63
31,56001,254,1.7
31,58001,254,1.59
31,60001,254,1.66
31,62001,254,1.67
31,64001,254,1.64
31,65535,254,1.59
41,1,1,2.04
41,2001,1,2.09
41,4001,1,2.08
41,6001,1,2.07
41,8001,1,2.08
41,10001,1,2.12
41,12001,1,2.14
41,14001,1,2.15
41,16001,1,2.2
41,18001,1,2.11
41,20001,1,2.12
41,22001,1,2.07
41,24001,1,2.12
41,26001,1,2.06
41,28001,1,2.05
41,30001,1,2.15
41,32001,1,2.09
41,34001,1,2.07
41,36001,1,2.11
41,38001,1,2.12
41,40001,1,2.13
41,42001,1,2.11
41,44001,1,2.11
41,46001,1,2.06
41,48001,1,2.02
41,50001,1,2.1
41,52001,1,2.14
41,54001,1,2.06
41,56001,1,2.15
41,58001,1,2.12
41,60001,1,2.13
41,62001,1,2.09
41,64001,1,2.15
41,65535,1,2.14
41,1,11,2.05
41,2001,11,2.09
41,4001,11,2.04
41,6001,11,2.02
41,8001,11,2.07
41,10001,11,2.17
41,12001,11,2.12
41,14001,11,2.08
41,16001,11,1.98
41,18001,11,2.04
41,20001,11,2.09
41,22001,11,2.07
41,24001,11,2.07
41,26001,11,1.99
41,28001,11,2.07
41,30001,11,2.08
41,32001,11,2.04
41,34001,11,2.0
41,36001,11,2.05
41,38001,11,2.11
41,40001,11,2.07
41,42001,11,2.05
41,44001,11,2.01
41,46001,11,2.04
41,48001,11,2.08
41,50001,11,1.94
41,52001,11,2.04
41,54001,11,2.1
41,56001,11,2.14
41,58001,11,2.15
41,60001,11,2.04
41,62001,11,2.03
41,64001,11,2.06
41,65535,11,2.17
41,1,21,2.08
41,2001,21,2.01
41,4001,21,1.98
41,6001,21,2.04
41,8001,21,2.08
41,10001,21,2.1
41,12001,21,2.05
41,14001,21,2.07
41,16001,21,1.94
41,18001,21,2.07
41,20001,21,2.02
41,22001,21,2.01
41,24001,21,1.96
41,26001,21,1.95
41,28001,21,1.92
41,30001,21,2.04
41,32001,21,2.19
41,34001,21,2.06
41,36001,21,2.04
41,38001,21,1.96
41,40001,21,1.91
41,42001,21,2.01
41,44001,21,2.0
41,46001,21,2.17
41,48001,21,1.99
41,50001,21,2.04
41,52001,21,2.0
41,54001,21,2.04
41,56001,21,2.06
41,58001,21,2.07
41,60001,21,1.98
41,62001,21,2.08
41,64001,21,2.01
41,65535,21,2.08
41,1,31,2.1
41,2001,31,2.03
41,4001,31,2.02
41,6001,31,1.97
41,8001,31,1.99
41,10001,31,2.04
41,12001,31,2.09
41,14001,31,2.03
41,16001,31,2.03
41,18001,31,2.03
41,20001,31,2.02
41,22001,31,1.91
41,24001,31,1.9
41,26001,31,2.04
41,28001,31,2.0
41,30001,31,2.03
41,32001,31,2.05
41,34001,31,2.01
41,36001,31,1.93
41,38001,31,1.92
41,40001,31,2.08
41,42001,31,1.95
41,44001,31,1.88
41,46001,31,2.02
41,48001,31,1.96
41,50001,31,1.98
41,52001,31,2.06
41,54001,31,2.01
41,56001,31,2.03
41,58001,31,2.04
41,60001,31,2.01
41,62001,31,2.04
41,64001,31,2.0
41,65535,31,2.09
41,1,41,2.06
41,2001,41,2.02
41,4001,41,2.01
41,6001,41,2.07
41,8001,41,2.07
41,10001,41,2.04
41,12001,41,2.07
41,14001,41,2.0
41,16001,41,2.02
41,18001,41,2.05
41,20001,41,1.98
41,22001,41,1.91
41,24001,41,1.88
41,26001,41,2.0
41,28001,41,2.0
41,30001,41,1.98
41,32001,41,1.95
41,34001,41,2.02
41,36001,41,1.97
41,38001,41,1.9
41,40001,41,2.0
41,42001,41,1.92
41,44001,41,1.9
41,46001,41,2.05
41,48001,41,2.04
41,50001,41,1.95
41,52001,41,1.93
41,54001,41,1.97
41,56001,41,2.06
41,58001,41,2.0
41,60001,41,1.86
41,62001,41,1.98
41,64001,41,1.97
41,65535,41,2.0
41,1,51,2.02
41,2001,51,2.02
41,4001,51,1.93
41,6001,51,2.02
41,8001,51,1.95
41,10001,51,2.08
41,12001,51,2.04
41,14001,51,1.91
41,16001,51,1.97
41,18001,51,1.94
41,20001,51,1.91
41,22001,51,1.92
41,24001,51,1.87
41,26001,51,1.95
41,28001,51,1.92
41,30001,51,1.93
41,32001,51,1.95
41,34001,51,1.99
41,36001,51,1.97
41,38001,51,1.86
41,40001,51,1.91
41,42001,51,1.96
41,44001,51,1.92
41,46001,51,1.86
41,48001,51,1.94
41,50001,51,1.93
41,52001,51,1.9
41,54001,51,2.03
41,56001,51,1.99
41,58001,51,2.03
41,60001,51,2.11
41,62001,51,2.06
41,64001,51,1.86
41,65535,51,1.88
41,1,61,1.9
41,2001,61,1.96
41,4001,61,1.91
41,6001,61,1.97
41,8001,61,1.98
41,10001,61,2.02
41,12001,61,1.99
41,14001,61,2.0
41,16001,61,1.93
41,18001,61,1.9
41,20001,61,1.9
41,22001,61,1.9
41,24001,61,1.89
41,26001,61,1.87
41,28001,61,1.88
41,30001,61,1.89
41,32001,61,1.95
41,34001,61,1.89
41,36001,61,1.95
41,38001,61,1.88
41,40001,61,1.83
41,42001,61,1.94
41,44001,61,1.91
41,46001,61,1.95
41,48001,61,1.89
41,50001,61,1.9
41,52001,61,1.99
41,54001,61,1.95
41,56001,61,2.09
41,58001,61,2.07
41,60001,61,1.95
41,62001,61,2.02
41,64001,61,1.88
41,65535,61,2.03
41,1,71,1.94
41,2001,71,1.82
41,4001,71,2.01
41,6001,71,1.91
41,8001,71,2.02
41,10001,71,2.0
41,12001,71,2.02
41,14001,71,1.97
41,16001,71,1.93
41,18001,71,1.92
41,20001,71,1.87
41,22001,71,1.89
41,24001,71,1.85
41,26001,71,1.9
41,28001,71,1.87
41,30001,71,2.0
41,32001,71,1.95
41,34001,71,1.87
41,36001,71,1.83
41,38001,71,1.87
41,40001,71,1.9
41,42001,71,1.8
41,44001,71,1.8
41,46001,71,1.81
41,48001,71,1.86
41,50001,71,1.88
41,52001,71,1.98
41,54001,71,1.99
41,56001,71,2.01
41,58001,71,1.96
41,60001,71,2.01
41,62001,71,1.9
41,64001,71,2.02
41,65535,71,1.89
41,1,81,1.94
41,2001,81,1.84
41,4001,81,1.87
41,6001,81,2.01
41,8001,81,2.01
41,10001,81,1.96
41,12001,81,1.95
41,14001,81,1.98
41,16001,81,1.93
41,18001,81,1.9
41,20001,81,1.79
41,22001,81,1.81
41,24001,81,1.78
41,26001,81,1.85
41,28001,81,1.78
41,30001,81,1.86
41,32001,81,1.91
41,34001,81,1.95
41,36001,81,1.84
41,38001,81,1.78
41,40001,81,1.82
41,42001,81,1.86
41,44001,81,1.8
41,46001,81,1.87
41,48001,81,1.81
41,50001,81,1.82
41,52001,81,1.95
41,54001,81,1.97
41,56001,81,2.06
41,58001,81,1.99
41,60001,81,1.88
41,62001,81,1.86
41,64001,81,1.97
41,65535,81,1.91
41,1,91,1.85
41,2001,91,1.91
41,4001,91,1.88
41,6001,91,1.93
41,8001,91,1.95
41,10001,91,1.96
41,12001,91,1.91
41,14001,91,1.89
41,16001,91,1.84
41,18001,91,1.87
41,20001,91,1.77
41,22001,91,1.81
41,24001,91,1.79
41,26001,91,1.84
41,28001,91,1.82
41,30001,91,1.9
41,32001,91,1.85
41,34001,91,1.86
41,36001,91,1.84
41,38001,91,1.77
41,40001,91,1.82
41,42001,91,1.72
41,44001,91,1.75
41,46001,91,1.87
41,48001,91,1.78
41,50001,91,1.89
41,52001,91,1.89
41,54001,91,2.01
41,56001,91,1.95
41,58001,91,1.99
41,60001,91,2.0
41,62001,91,1.89
41,64001,91,1.79
41,65535,91,1.89
41,1,101,1.78
41,2001,101,1.83
41,4001,101,1.87
41,6001,101,1.93
41,8001,101,1.92
41,10001,101,1.97
41,12001,101,1.96
41,14001,101,1.91
41,16001,101,1.81
41,18001,101,1.76
41,20001,101,1.84
41,22001,101,1.76
41,24001,101,1.71
41,26001,101,1.81
41,28001,101,1.63
41,30001,101,1.72
41,32001,101,1.84
41,34001,101,1.84
41,36001,101,1.84
41,38001,101,1.76
41,40001,101,1.71
41,42001,101,1.67
41,44001,101,1.68
41,46001,101,1.72
41,48001,101,1.8
41,50001,101,1.83
41,52001,101,1.92
41,54001,101,1.87
41,56001,101,1.94
41,58001,101,1.92
41,60001,101,1.86
41,62001,101,1.92
41,64001,101,1.84
41,65535,101,1.79
41,1,111,1.83
41,2001,111,1.92
41,4001,111,1.87
41,6001,111,1.93
41,8001,111,1.92
41,10001,111,2.03
41,12001,111,2.02
41,14001,111,1.87
41,16001,111,1.84
41,18001,111,1.86
41,20001,111,1.82
41,22001,111,1.75
41,24001,111,1.71
41,26001,111,1.64
41,28001,111,1.78
41,30001,111,1.74
41,32001,111,1.76
41,34001,111,1.86
41,36001,111,1.82
41,38001,111,1.68
41,40001,111,1.73
41,42001,111,1.76
41,44001,111,1.78
41,46001,111,1.74
41,48001,111,1.76
41,50001,111,1.8
41,52001,111,1.85
41,54001,111,1.9
41,56001,111,1.94
41,58001,111,1.91
41,60001,111,1.83
41,62001,111,1.93
41,64001,111,1.94
41,65535,111,1.88
41,1,121,1.77
41,2001,121,1.81
41,4001,121,1.87
41,6001,121,1.95
41,8001,121,1.84
41,10001,121,1.97
41,12001,121,1.94
41,14001,121,1.88
41,16001,121,1.89
41,18001,121,1.69
41,20001,121,1.73
41,22001,121,1.67
41,24001,121,1.7
41,26001,121,1.71
41,28001,121,1.7
41,30001,121,1.68
41,32001,121,1.71
41,34001,121,1.75
41,36001,121,1.72
41,38001,121,1.67
41,40001,121,1.69
41,42001,121,1.69
41,44001,121,1.63
41,46001,121,1.66
41,48001,121,1.83
41,50001,121,1.76
41,52001,121,1.84
41,54001,121,1.91
41,56001,121,1.93
41,58001,121,1.94
41,60001,121,1.85
41,62001,121,1.88
41,64001,121,1.83
41,65535,121,1.93
41,1,131,1.82
41,2001,131,1.83
41,4001,131,1.78
41,6001,131,1.91
41,8001,131,1.9
41,10001,131,1.82
41,12001,131,2.0
41,14001,131,1.84
41,16001,131,1.8
41,18001,131,1.74
41,20001,131,1.66
41,22001,131,1.63
41,24001,131,1.62
41,26001,131,1.67
41,28001,131,1.63
41,30001,131,1.61
41,32001,131,1.72
41,34001,131,1.77
41,36001,131,1.7
41,38001,131,1.76
41,40001,131,1.63
41,42001,131,1.64
41,44001,131,1.61
41,46001,131,1.55
41,48001,131,1.76
41,50001,131,1.81
41,52001,131,1.88
41,54001,131,1.97
41,56001,131,1.94
41,58001,131,1.85
41,60001,131,1.94
41,62001,131,1.82
41,64001,131,1.86
41,65535,131,1.76
41,1,141,1.66
41,2001,141,1.81
41,4001,141,1.73
41,6001,141,1.85
41,8001,141,1.91
41,10001,141,1.9
41,12001,141,1.93
41,14001,141,1.85
41,16001,141,1.77
41,18001,141,1.74
41,20001,141,1.68
41,22001,141,1.59
41,24001,141,1.6
41,26001,141,1.56
41,28001,141,1.67
41,30001,141,1.66
41,32001,141,1.81
41,34001,141,1.71
41,36001,141,1.68
41,38001,141,1.79
41,40001,141,1.68
41,42001,141,1.66
41,44001,141,1.72
41,46001,141,1.58
41,48001,141,1.63
41,50001,141,1.65
41,52001,141,1.75
41,54001,141,1.81
41,56001,141,1.92
41,58001,141,1.99
41,60001,141,1.9
41,62001,141,1.85
41,64001,141,1.87
41,65535,141,1.76
41,1,151,1.84
41,2001,151,1.77
41,4001,151,1.69
41,6001,151,1.91
41,8001,151,1.83
41,10001,151,1.94
41,12001,151,1.96
41,14001,151,1.8
41,16001,151,1.73
41,18001,151,1.66
41,20001,151,1.68
41,22001,151,1.6
41,24001,151,1.54
41,26001,151,1.57
41,28001,151,1.73
41,30001,151,1.59
41,32001,151,1.75
41,34001,151,1.75
41,36001,151,1.78
41,38001,151,1.63
41,40001,151,1.55
41,42001,151,1.53
41,44001,151,1.57
41,46001,151,1.57
41,48001,151,1.58
41,50001,151,1.76
41,52001,151,1.78
41,54001,151,1.85
41,56001,151,1.9
41,58001,151,1.89
41,60001,151,1.82
41,62001,151,1.84
41,64001,151,1.81
41,65535,151,1.79
41,1,161,1.75
41,2001,161,1.79
41,4001,161,1.76
41,6001,161,1.83
41,8001,161,1.87
41,10001,161,1.78
41,12001,161,1.86
41,14001,161,1.76
41,16001,161,1.69
41,18001,161,1.7
41,20001,161,1.55
41,22001,161,1.59
41,24001,161,1.56
41,26001,161,1.65
41,28001,161,1.48
41,30001,161,1.66
41,32001,161,1.66
41,34001,161,1.73
41,36001,161,1.65
41,38001,161,1.6
41,40001,161,1.64
41,42001,161,1.61
41,44001,161,1.51
41,46001,161,1.54
41,48001,161,1.58
41,50001,161,1.79
41,52001,161,1.7
41,54001,161,1.84
41,56001,161,1.89
41,58001,161,1.92
41,60001,161,1.84
41,62001,161,1.83
41,64001,161,1.8
41,65535,161,1.72
41,1,171,1.81
41,2001,171,1.76
41,4001,171,1.8
41,6001,171,1.91
41,8001,171,1.76
41,10001,171,1.99
41,12001,171,1.91
41,14001,171,1.85
41,16001,171,1.83
41,18001,171,1.56
41,20001,171,1.63
41,22001,171,1.47
41,24001,171,1.46
41,26001,171,1.6
41,28001,171,1.51
41,30001,171,1.65
41,32001,171,1.6
41,34001,171,1.68
41,36001,171,1.62
41,38001,171,1.5
41,40001,171,1.52
41,42001,171,1.52
41,44001,171,1.55
41,46001,171,1.49
41,48001,171,1.55
41,50001,171,1.62
41,52001,171,1.71
41,54001,171,1.74
41,56001,171,1.9
41,58001,171,1.89
41,60001,171,1.82
41,62001,171,1.81
41,64001,171,1.77
41,65535,171,1.68
41,1,181,1.7
41,2001,181,1.77
41,4001,181,1.7
41,6001,181,1.74
41,8001,181,1.82
41,10001,181,1.82
41,12001,181,1.81
41,14001,181,1.87
41,16001,181,1.79
41,18001,181,1.66
41,20001,181,1.61
41,22001,181,1.42
41,24001,181,1.5
41,26001,181,1.57
41,28001,181,1.48
41,30001,181,1.56
41,32001,181,1.58
41,34001,181,1.64
41,36001,181,1.54
41,38001,181,1.61
41,40001,181,1.48
41,42001,181,1.57
41,44001,181,1.43
41,46001,181,1.47
41,48001,181,1.49
41,50001,181,1.63
41,52001,181,1.76
41,54001,181,1.78
41,56001,181,1.83
41,58001,181,1.86
41,60001,181,1.85
41,62001,181,1.72
41,64001,181,1.72
41,65535,181,1.83
41,1,191,1.71
41,2001,191,1.7
41,4001,191,1.74
41,6001,191,1.85
41,8001,191,1.75
41,10001,191,1.88
41,12001,191,1.86
41,14001,191,1.79
41,16001,191,1.74
41,18001,191,1.58
41,20001,191,1.56
41,22001,191,1.48
41,24001,191,1.43
41,26001,191,1.43
41,28001,191,1.49
41,30001,191,1.56
41,32001,191,1.61
41,34001,191,1.57
41,36001,191,1.64
41,38001,191,1.51
41,40001,191,1.43
41,42001,191,1.5
41,44001,191,1.47
41,46001,191,1.41
41,48001,191,1.57
41,50001,191,1.62
41,52001,191,1.8
41,54001,191,1.82
41,56001,191,1.9
41,58001,191,1.84
41,60001,191,1.72
41,62001,191,1.76
41,64001,191,1.72
41,65535,191,1.81
41,1,201,1.7
41,2001,201,1.71
41,4001,201,1.78
41,6001,201,1.81
41,8001,201,1.73
41,10001,201,1.84
41,12001,201,1.82
41,14001,201,1.79
41,16001,201,1.67
41,18001,201,1.62
41,20001,201,1.68
41,22001,201,1.38
41,24001,201,1.45
41,26001,201,1.49
41,28001,201,1.53
41,30001,201,1.53
41,32001,201,1.51
41,34001,201,1.62
41,36001,201,1.61
41,38001,201,1.66
41,40001,201,1.52
41,42001,201,1.44
41,44001,201,1.42
41,46001,201,1.51
41,48001,201,1.56
41,50001,201,1.67
41,52001,201,1.73
41,54001,201,1.76
41,56001,201,1.88
41,58001,201,1.81
41,60001,201,1.84
41,62001,201,1.74
41,64001,201,1.75
41,65535,201,1.79
41,1,211,1.63
41,2001,211,1.7
41,4001,211,1.62
41,6001,211,1.63
41,8001,211,1.85
41,10001,211,1.88
41,12001,211,1.9
41,14001,211,1.78
41,16001,211,1.71
41,18001,211,1.59
41,20001,211,1.52
41,22001,211,1.46
41,24001,211,1.38
41,26001,211,1.44
41,28001,211,1.41
41,30001,211,1.44
41,32001,211,1.59
41,34001,211,1.57
41,36001,211,1.52
41,38001,211,1.37
41,40001,211,1.49
41,42001,211,1.39
41,44001,211,1.45
41,46001,211,1.42
41,48001,211,1.51
41,50001,211,1.65
41,52001,211,1.7
41,54001,211,1.72
41,56001,211,1.83
41,58001,211,1.84
41,60001,211,1.76
41,62001,211,1.75
41,64001,211,1.65
41,65535,211,1.68
41,1,221,1.65
41,2001,221,1.68
41,4001,221,1.77
41,6001,221,1.71
41,8001,221,1.74
41,10001,221,1.93
41,12001,221,1.81
41,14001,221,1.79
41,16001,221,1.65
41,18001,221,1.54
41,20001,221,1.32
41,22001,221,1.36
41,24001,221,1.32
41,26001,221,1.4
41,28001,221,1.48
41,30001,221,1.46
41,32001,221,1.52
41,34001,221,1.55
41,36001,221,1.43
41,38001,221,1.56
41,40001,221,1.42
41,42001,221,1.43
41,44001,221,1.4
41,46001,221,1.29
41,48001,221,1.55
41,50001,221,1.48
41,52001,221,1.83
41,54001,221,1.8
41,56001,221,1.95
41,58001,221,1.77
41,60001,221,1.83
41,62001,221,1.72
41,64001,221,1.73
41,65535,221,1.59
41,1,231,1.67
41,2001,231,1.74
41,4001,231,1.79
41,6001,231,1.73
41,8001,231,1.81
41,10001,231,1.86
41,12001,231,1.76
41,14001,231,1.64
41,16001,231,1.65
41,18001,231,1.56
41,20001,231,1.41
41,22001,231,1.36
41,24001,231,1.29
41,26001,231,1.4
41,28001,231,1.38
41,30001,231,1.45
41,32001,231,1.5
41,34001,231,1.47
41,36001,231,1.55
41,38001,231,1.47
41,40001,231,1.36
41,42001,231,1.38
41,44001,231,1.35
41,46001,231,1.39
41,48001,231,1.44
41,50001,231,1.66
41,52001,231,1.74
41,54001,231,1.74
41,56001,231,1.78
41,58001,231,1.78
41,60001,231,1.81
41,62001,231,1.71
41,64001,231,1.63
41,65535,231,1.76
41,1,241,1.68
41,2001,241,1.65
41,4001,241,1.66
41,6001,241,1.7
41,8001,241,1.85
41,10001,241,1.83
41,12001,241,1.82
41,14001,241,1.68
41,16001,241,1.77
41,18001,241,1.62
41,20001,241,1.54
41,22001,241,1.32
41,24001,241,1.28
41,26001,241,1.35
41,28001,241,1.43
41,30001,241,1.44
41,32001,241,1.51
41,34001,241,1.41
41,36001,241,1.5
41,38001,241,1.48
41,40001,241,1.38
41,42001,241,1.26
41,44001,241,1.35
41,46001,241,1.35
41,48001,241,1.55
41,50001,241,1.62
41,52001,241,1.64
41,54001,241,1.75
41,56001,241,1.89
41,58001,241,1.81
41,60001,241,1.86
41,62001,241,1.67
41,64001,241,1.79
41,65535,241,1.73
41,1,251,1.75
41,2001,251,1.71
41,4001,251,1.71
41,6001,251,1.74
41,8001,251,1.8
41,10001,251,1.74
41,12001,251,1.84
41,14001,251,1.85
41,16001,251,1.63
41,18001,251,1.6
41,20001,251,1.47
41,22001,251,1.26
41,24001,251,1.35
41,26001,251,1.37
41,28001,251,1.36
41,30001,251,1.37
41,32001,251,1.48
41,34001,251,1.45
41,36001,251,1.51
41,38001,251,1.4
41,40001,251,1.35
41,42001,251,1.37
41,44001,251,1.43
41,46001,251,1.35
41,48001,251,1.46
41,50001,251,1.58
41,52001,251,1.62
41,54001,251,1.75
41,56001,251,1.82
41,58001,251,1.85
41,60001,251,1.72
41,62001,251,1.87
41,64001,251,1.75
41,65535,251,1.71
41,1,254,1.62
41,2001,254,1.64
41,4001,254,1.68
41,6001,254,1.6
41,8001,254,1.83
41,10001,254,1.79
41,12001,254,1.87
41,14001,254,1.75
41,16001,254,1.72
41,18001,254,1.61
41,20001,254,1.43
41,22001,254,1.32
41,24001,254,1.35
41,26001,254,1.27
41,28001,254,1.39
41,30001,254,1.43
41,32001,254,1.45
41,34001,254,1.56
41,36001,254,1.41
41,38001,254,1.47
41,40001,254,1.34
41,42001,254,1.36
41,44001,254,1.29
41,46001,254,1.36
41,48001,254,1.49
41,50001,254,1.56
41,52001,254,1.65
41,54001,254,1.75
41,56001,254,1.82
41,58001,254,1.81
41,60001,254,1.76
41,62001,254,1.68
41,64001,254,1.77
41,65535,254,1.61
51,1,1,2.3
51,2001,1,2.35
51,4001,1,2.38
51,6001,1,2.32
51,8001,1,2.36
51,10001,1,2.28
51,12001,1,2.32
51,14001,1,2.24
51,16001,1,2.35
51,18001,1,2.39
51,20001,1,2.22
51,22001,1,2.39
51,24001,1,2.22
51,26001,1,2.33
51,28001,1,2.29
51,30001,1,2.36
51,32001,1,2.28
51,34001,1,2.45
51,36001,1,2.33
51,38001,1,2.31
51,40001,1,2.36
51,42001,1,2.35
51,44001,1,2.28
51,46001,1,2.25
51,48001,1,2.37
51,50001,1,2.32
51,52001,1,2.38
51,54001,1,2.36
51,56001,1,2.32
51,58001,1,2.34
51,60001,1,2.35
51,62001,1,2.32
51,64001,1,2.37
51,65535,1,2.34
51,1,11,2.31
51,2001,11,2.35
51,4001,11,2.25
51,6001,11,2.23
51,8001,11,2.29
51,10001,11,2.29
51,12001,11,2.33
51,14001,11,2.28
51,16001,11,2.37
51,18001,11,2.33
51,20001,11,2.28
51,22001,11,2.25
51,24001,11,2.28
51,26001,11,2.2
51,28001,11,2.34
51,30001,11,2.3
51,32001,11,2.2
51,34001,11,2.29
51,36001,11,2.27
51,38001,11,2.35
51,40001,11,2.15
51,42001,11,2.26
51,44001,11,2.28
51,46001,11,2.25
51,48001,11,2.27
51,50001,11,2.22
51,52001,11,2.36
51,54001,11,2.29
51,56001,11,2.2
51,58001,11,2.16
51,60001,11,2.43
51,62001,11,2.32
51,64001,11,2.29
51,65535,11,2.28
51,1,21,2.24
51,2001,21,2.34
51,4001,21,2.25
51,6001,21,2.22
51,8001,21,2.27
51,10001,21,2.24
51,12001,21,2.17
51,14001,21,2.31
51,16001,21,2.33
51,18001,21,2.27
51,20001,21,2.14
51,22001,21,2.17
51,24001,21,2.15
51,26001,21,2.2
51,28001,21,2.18
51,30001,21,2.25
51,32001,21,2.2
51,34001,21,2.27
51,36001,21,2.25
51,38001,21,2.19
51,40001,21,2.19
51,42001,21,2.19
51,44001,21,2.27
51,46001,21,2.21
51,48001,21,2.21
51,50001,21,2.32
51,52001,21,2.29
51,54001,21,2.35
51,56001,21,2.23
51,58001,21,2.31
51,60001,21,2.35
51,62001,21,2.33
51,64001,21,2.25
51,65535,21,2.17
51,1,31,2.2
51,2001,31,2.19
51,4001,31,2.28
51,6001,31,2.24
51,8001,31,2.3
51,10001,31,2.23
51,12001,31,2.19
51,14001,31,2.17
51,16001,31,2.17
51,18001,31,2.18
51,20001,31,2.14
51,22001,31,2.11
51,24001,31,2.14
51,26001,31,2.2
51,28001,31,2.25
51,30001,31,2.25
51,32001,31,2.24
51,34001,31,2.27
51,36001,31,2.23
51,38001,31,2.12
51,40001,31,2.11
51,42001,31,2.21
51,44001,31,2.22
51,46001,31,2.31
51,48001,31,2.28
51,50001,31,2.13
51,52001,31,2.19
51,54001,31,2.25
51,56001,31,2.31
51,58001,31,2.16
51,60001,31,2.28
51,62001,31,2.22
51,64001,31,2.2
51,65535,31,2.16
51,1,41,2.17
51,2001,41,2.23
51,4001,41,2.17
51,6001,41,2.16
51,8001,41,2.22
51,10001,41,2.22
51,12001,41,2.21
51,14001,41,2.27
51,16001,41,2.24
51,18001,41,2.09
51,20001,41,2.16
51,22001,41,2.16
51,24001,41,2.07
51,26001,41,2.16
51,28001,41,2.11
51,30001,41,2.18
51,32001,41,2.17
51,34001,41,2.23
51,36001,41,2.2
51,38001,41,2.18
51,40001,41,2.12
51,42001,41,2.19
51,44001,41,2.21
51,46001,41,2.16
51,48001,41,2.09
51,50001,41,2.2
51,52001,41,2.15
51,54001,41,2.29
51,56001,41,2.29
51,58001,41,2.26
51,60001,41,2.18
51,62001,41,2.27
51,64001,41,2.18
51,65535,41,2.13
51,1,51,2.21
51,2001,51,2.11
51,4001,51,2.28
51,6001,51,2.15
51,8001,51,2.14
51,10001,51,2.14
51,12001,51,2.17
51,14001,51,2.19
51,16001,51,2.18
51,18001,51,2.18
51,20001,51,2.14
51,22001,51,2.09
51,24001,51,2.14
51,26001,51,2.05
51,28001,51,2.14
51,30001,51,2.14
51,32001,51,2.17
51,34001,51,2.13
51,36001,51,2.18
51,38001,51,2.16
51,40001,51,2.07
51,42001,51,2.1
51,44001,51,2.08
51,46001,51,2.11
51,48001,51,2.11
51,50001,51,2.08
51,52001,51,2.24
51,54001,51,2.25
51,56001,51,2.3
51,58001,51,2.19
51,60001,51,2.18
51,62001,51,2.17
51,64001,51,2.23
51,65535,51,2.15
51,1,61,2.19
51,2001,61,2.22
51,4001,61,2.19
51,6001,61,2.16
51,8001,61,2.19
51,10001,61,2.16
51,12001,61,2.18
51,14001,61,2.21
51,16001,61,2.12
51,18001,61,2.03
51,20001,61,2.09
51,22001,61,2.05
51,24001,61,2.16
51,26001,61,2.04
51,28001,61,2.11
51,30001,61,2.09
51,32001,61,2.13
51,34001,61,2.08
51,36001,61,2.14
51,38001,61,2.14
51,40001,61,2.04
51,42001,61,2.16
51,44001,61,2.11
51,46001,61,2.08
51,48001,61,2.15
51,50001,61,2.12
51,52001,61,2.2
51,54001,61,2.15
51,56001,61,2.19
51,58001,61,2.24
51,60001,61,2.17
51,62001,61,2.2
51,64001,61,2.2
51,65535,61,2.14
51,1,71,2.11
51,2001,71,2.15
51,4001,71,2.11
51,6001,71,2.13
51,8001,71,2.11
51,10001,71,2.24
51,12001,71,2.14
51,14001,71,2.14
51,16001,71,2.11
51,18001,71,2.07
51,20001,71,2.08
51,22001,71,1.93
51,24001,71,1.97
51,26001,71,2.08
51,28001,71,2.09
51,30001,71,1.99
51,32001,71,2.04
51,34001,71,2.16
51,36001,71,2.04
51,38001,71,2.07
51,40001,71,2.07
51,42001,71,2.04
51,44001,71,2.04
51,46001,71,2.05
51,48001,71,2.11
51,50001,71,2.15
51,52001,71,2.15
51,54001,71,2.11
51,56001,71,2.17
51,58001,71,2.25
51,60001,71,2.19
51,62001,71,2.16
51,64001,71,2.16
51,65535,71,2.11
51,1,81,2.05
51,2001,81,2.02
51,4001,81,2.02
51,6001,81,2.16
51,8001,81,2.2
51,10001,81,2.15
51,12001,81,2.16
51,14001,81,2.08
51,16001,81,1.98
51,18001,81,2.03
51,20001,81,2.03
51,22001,81,2.02
51,24001,81,2.07
51,26001,81,1.95
51,28001,81,1.99
51,30001,81,1.99
51,32001,81,2.0
51,34001,81,2.09
51,36001,81,2.08
51,38001,81,2.04
51,40001,81,1.99
51,42001,81,2.08
51,44001,81,1.95
51,46001,81,1.9
51,48001,81,2.12
51,50001,81,2.03
51,52001,81,2.17
51,54001,81,2.08
51,56001,81,2.16
51,58001,81,2.19
51,60001,81,2.12
51,62001,81,2.05
51,64001,81,2.1
51,65535,81,2.14
51,1,91,2.07
51,2001,91,2.06
51,4001,91,2.07
51,6001,91,2.06
51,8001,91,2.14
51,10001,91,2.18
51,12001,91,2.17
51,14001,91,2.13
51,16001,91,2.06
51,18001,91,1.98
51,20001,91,2.03
51,22001,91,1.94
51,24001,91,1.9
51,26001,91,1.88
51,28001,91,1.99
51,30001,91,1.91
51,32001,91,1.99
51,34001,91,2.01
51,36001,91,2.04
51,38001,91,2.0
51,40001,91,1.83
51,42001,91,1.99
51,44001,91,1.78
51,46001,91,1.95
51,48001,91,2.0
51,50001,91,2.02
51,52001,91,2.08
51,54001,91,2.04
51,56001,91,2.19
51,58001,91,2.1
51,60001,91,2.11
51,62001,91,2.13
51,64001,91,1.96
51,65535,91,2.09
51,1,101,2.06
51,2001,101,1.98
51,4001,101,1.97
51,6001,101,2.03
51,8001,101,2.15
51,10001,101,2.09
51,12001,101,2.14
51,14001,101,2.02
51,16001,101,1.95
51,18001,101,1.93
51,20001,101,1.93
51,22001,101,1.77
51,24001,101,1.91
51,26001,101,1.91
51,28001,101,1.87
51,30001,101,1.88
51,32001,101,1.97
51,34001,101,2.05
51,36001,101,1.97
51,38001,101,1.96
51,40001,101,1.93
51,42001,101,1.86
51,44001,101,1.9
51,46001,101,1.91
51,48001,101,1.95
51,50001,101,2.03
51,52001,101,2.1
51,54001,101,2.15
51,56001,101,2.1
51,58001,101,2.19
51,60001,101,2.12
51,62001,101,2.16
51,64001,101,2.13
51,65535,101,1.98
51,1,111,1.95
51,2001,111,2.02
51,4001,111,2.03
51,6001,111,2.06
51,8001,111,2.11
51,10001,111,2.06
51,12001,111,2.12
51,14001,111,2.09
51,16001,111,2.03
51,18001,111,1.88
51,20001,111,1.86
51,22001,111,1.83
51,24001,111,1.95
51,26001,111,1.91
51,28001,111,1.78
51,30001,111,1.8
51,32001,111,1.96
51,34001,111,2.0
51,36001,111,1.91
51,38001,111,1.9
51,40001,111,1.93
51,42001,111,1.83
51,44001,111,1.84
51,46001,111,1.8
51,48001,111,1.84
51,50001,111,1.97
51,52001,111,2.05
51,54001,111,2.06
51,56001,111,2.22
51,58001,111,2.12
51,60001,111,2.15
51,62001,111,2.06
51,64001,111,2.17
51,65535,111,2.09
51,1,121,1.94
51,2001,121,1.86
51,4001,121,1.86
51,6001,121,2.02
51,8001,121,2.11
51,10001,121,2.04
51,12001,121,2.02
51,14001,121,2.01
51,16001,121,1.96
51,18001,121,1.91
51,20001,121,1.79
51,22001,121,1.8
51,24001,121,1.79
51,26001,121,1.77
51,28001,121,1.89
51,30001,121,1.9
51,32001,121,2.04
51,34001,121,2.01
51,36001,121,1.92
51,38001,121,1.85
51,40001,121,1.84
51,42001,121,1.78
51,44001,121,1.73
51,46001,121,1.71
51,48001,121,1.87
51,50001,121,1.95
51,52001,121,2.04
51,54001,121,2.05
51,56001,121,2.1
51,58001,121,2.05
51,60001,121,1.98
51,62001,121,2.06
51,64001,121,1.94
51,65535,121,1.98
51,1,131,1.98
51,2001,131,1.92
51,4001,131,2.05
51,6001,131,1.97
51,8001,131,2.05
51,10001,131,2.08
51,12001,131,2.17
51,14001,131,2.06
51,16001,131,1.96
51,18001,131,1.89
51,20001,131,1.76
51,22001,131,1.83
51,24001,131,1.74
51,26001,131,1.79
51,28001,131,1.71
51,30001,131,1.92
51,32001,131,1.8
51,34001,131,1.82
51,36001,131,1.89
51,38001,131,1.82
51,40001,131,1.76
51,42001,131,1.7
51,44001,131,1.72
51,46001,131,1.81
51,48001,131,1.82
51,50001,131,1.88
51,52001,131,1.89
51,54001,131,2.07
51,56001,131,2.07
51,58001,131,2.08
51,60001,131,2.04
51,62001,131,2.02
51,64001,131,1.95
51,65535,131,1.98
51,1,141,1.83
51,2001,141,1.93
51,4001,141,1.95
51,6001,141,1.9
51,8001,141,2.05
51,10001,141,2.02
51,12001,141,2.14
51,14001,141,1.94
51,16001,141,1.96
51,18001,141,1.88
51,20001,141,1.79
51,22001,141,1.71
51,24001,141,1.64
51,26001,141,1.63
51,28001,141,1.81
51,30001,141,1.8
51,32001,141,1.9
51,34001,141,1.95
51,36001,141,1.92
51,38001,141,1.97
51,40001,141,1.73
51,42001,141,1.78
51,44001,141,1.72
51,46001,141,1.65
51,48001,141,1.9
51,50001,141,1.83
51,52001,141,1.98
51,54001,141,1.92
51,56001,141,2.06
51,58001,141,2.03
51,60001,141,2.02
51,62001,141,1.94
51,64001,141,1.96
51,65535,141,1.89
51,1,151,1.88
51,2001,151,1.94
51,4001,151,1.9
51,6001,151,1.95
51,8001,151,1.97
51,10001,151,2.1
51,12001,151,2.05
51,14001,151,2.06
51,16001,151,1.96
51,18001,151,1.87
51,20001,151,1.74
51,22001,151,1.69
51,24001,151,1.73
51,26001,151,1.69
51,28001,151,1.77
51,30001,151,1.8
51,32001,151,1.78
51,34001,151,1.84
51,36001,151,1.85
51,38001,151,1.76
51,40001,151,1.64
51,42001,151,1.64
51,44001,151,1.65
51,46001,151,1.79
51,48001,151,1.9
51,50001,151,1.85
51,52001,151,1.97
51,54001,151,1.94
51,56001,151,2.0
51,58001,151,2.04
51,60001,151,2.08
51,62001,151,2.09
51,64001,151,1.96
51,65535,151,1.95
51,1,161,1.91
51,2001,161,1.96
51,4001,161,1.95
51,6001,161,1.96
51,8001,161,1.98
51,10001,161,2.05
51,12001,161,2.16
51,14001,161,1.9
51,16001,161,1.94
51,18001,161,1.7
51,20001,161,1.68
51,22001,161,1.76
51,24001,161,1.65
51,26001,161,1.66
51,28001,161,1.75
51,30001,161,1.68
51,32001,161,1.83
51,34001,161,1.81
51,36001,161,1.75
51,38001,161,1.74
51,40001,161,1.68
51,42001,161,1.62
51,44001,161,1.62
51,46001,161,1.6
51,48001,161,1.84
51,50001,161,1.75
51,52001,161,1.94
51,54001,161,1.93
51,56001,161,2.09
51,58001,161,2.03
51,60001,161,2.05
51,62001,161,1.92
51,64001,161,1.96
51,65535,161,1.93
51,1,171,1.85
51,2001,171,1.84
51,4001,171,1.86
51,6001,171,1.92
51,8001,171,1.92
51,10001,171,2.07
51,12001,171,2.02
51,14001,171,1.99
51,16001,171,1.85
51,18001,171,1.73
51,20001,171,1.72
51,22001,171,1.64
51,24001,171,1.63
51,26001,171,1.65
51,28001,171,1.7
51,30001,171,1.75
51,32001,171,1.76
51,34001,171,1.8
51,36001,171,1.68
51,38001,171,1.69
51,40001,171,1.57
51,42001,171,1.59
51,44001,171,1.63
51,46001,171,1.74
51,48001,171,1.66
51,50001,171,1.89
51,52001,171,1.83
51,54001,171,2.11
51,56001,171,2.02
51,58001,171,2.02
51,60001,171,2.1
51,62001,171,2.01
51,64001,171,1.94
51,65535,171,1.78
51,1,181,1.86
51,2001,181,1.86
51,4001,181,1.85
51,6001,181,1.89
51,8001,181,2.03
51,10001,181,2.0
51,12001,181,2.03
51,14001,181,1.96
51,16001,181,1.94
51,18001,181,1.84
51,20001,181,1.69
51,22001,181,1.6
51,24001,181,1.56
51,26001,181,1.64
51,28001,181,1.72
51,30001,181,1.74
51,32001,181,1.73
51,34001,181,1.74
51,36001,181,1.81
51,38001,181,1.66
51,40001,181,1.74
51,42001,181,1.59
51,44001,181,1.6
51,46001,181,1.7
51,48001,181,1.64
51,50001,181,1.86
51,52001,181,1.91
51,54001,181,2.05
51,56001,181,2.09
51,58001,181,2.0
51,60001,181,1.98
51,62001,181,1.93
51,64001,181,1.93
51,65535,181,1.79
51,1,191,1.8
51,2001,191,1.83
51,4001,191,1.91
51,6001,191,1.91
51,8001,191,1.87
51,10001,191,2.06
51,12001,191,1.98
51,14001,191,2.0
51,16001,191,1.77
51,18001,191,1.79
51,20001,191,1.6
51,22001,191,1.58
51,24001,191,1.54
51,26001,191,1.49
51,28001,191,1.58
51,30001,191,1.55
51,32001,191,1.72
51,34001,191,1.82
51,36001,191,1.67
51,38001,191,1.72
51,40001,191,1.66
51,42001,191,1.6
51,44001,191,1.58
51,46001,191,1.58
51,48001,191,1.74
51,50001,191,1.7
51,52001,191,1.87
51,54001,191,1.96
51,56001,191,2.1
51,58001,191,2.07
51,60001,191,1.98
51,62001,191,1.9
51,64001,191,1.81
51,65535,191,1.87
51,1,201,1.86
51,2001,201,1.87
51,4001,201,1.87
51,6001,201,1.91
51,8001,201,1.84
51,10001,201,1.98
51,12001,201,2.08
51,14001,201,1.99
51,16001,201,1.74
51,18001,201,1.74
51,20001,201,1.65
51,22001,201,1.61
51,24001,201,1.5
51,26001,201,1.42
51,28001,201,1.46
51,30001,201,1.58
51,32001,201,1.69
51,34001,201,1.68
51,36001,201,1.74
51,38001,201,1.65
51,40001,201,1.62
51,42001,201,1.56
51,44001,201,1.43
51,46001,201,1.65
51,48001,201,1.66
51,50001,201,1.75
51,52001,201,1.91
51,54001,201,1.98
51,56001,201,2.05
51,58001,201,1.98
51,60001,201,1.95
51,62001,201,1.94
51,64001,201,1.83
51,65535,201,1.71
51,1,211,1.75
51,2001,211,1.82
51,4001,211,1.95
51,6001,211,1.84
51,8001,211,1.9
51,10001,211,1.99
51,12001,211,2.02
51,14001,211,1.9
51,16001,211,1.82
51,18001,211,1.71
51,20001,211,1.7
51,22001,211,1.5
51,24001,211,1.5
51,26001,211,1.36
51,28001,211,1.48
51,30001,211,1.62
51,32001,211,1.67
51,34001,211,1.71
51,36001,211,1.7
51,38001,211,1.56
51,40001,211,1.58
51,42001,211,1.56
51,44001,211,1.52
51,46001,211,1.62
51,48001,211,1.65
51,50001,211,1.65
51,52001,211,1.82
51,54001,211,2.03
51,56001,211,1.98
51,58001,211,1.93
51,60001,211,1.88
51,62001,211,1.84
51,64001,211,1.85
51,65535,211,1.9
51,1,221,1.76
51,2001,221,1.77
51,4001,221,1.79
51,6001,221,1.9
51,8001,221,1.91
51,10001,221,1.92
51,12001,221,2.01
51,14001,221,1.93
51,16001,221,1.82
51,18001,221,1.66
51,20001,221,1.46
51,22001,221,1.47
51,24001,221,1.48
51,26001,221,1.43
51,28001,221,1.54
51,30001,221,1.6
51,32001,221,1.66
51,34001,221,1.74
51,36001,221,1.67
51,38001,221,1.62
51,40001,221,1.56
51,42001,221,1.53
51,44001,221,1.51
51,46001,221,1.46
51,48001,221,1.7
51,50001,221,1.68
51,52001,221,1.83
51,54001,221,1.99
51,56001,221,1.94
51,58001,221,1.93
51,60001,221,1.94
51,62001,221,1.9
51,64001,221,1.78
51,65535,221,1.81
51,1,231,1.84
51,2001,231,1.73
51,4001,231,1.88
51,6001,231,1.84
51,8001,231,1.94
51,10001,231,1.93
51,12001,231,2.01
51,14001,231,1.88
51,16001,231,1.67
51,18001,231,1.64
51,20001,231,1.6
51,22001,231,1.45
51,24001,231,1.4
51,26001,231,1.42
51,28001,231,1.49
51,30001,231,1.61
51,32001,231,1.61
51,34001,231,1.59
51,36001,231,1.63
51,38001,231,1.51
51,40001,231,1.5
51,42001,231,1.51
51,44001,231,1.42
51,46001,231,1.61
51,48001,231,1.61
51,50001,231,1.73
51,52001,231,1.89
51,54001,231,1.98
51,56001,231,2.07
51,58001,231,1.97
51,60001,231,1.94
51,62001,231,1.84
51,64001,231,1.87
51,65535,231,1.77
51,1,241,1.82
51,2001,241,1.77
51,4001,241,1.75
51,6001,241,1.92
51,8001,241,1.85
51,10001,241,2.1
51,12001,241,1.94
51,14001,241,1.8
51,16001,241,1.8
51,18001,241,1.62
51,20001,241,1.58
51,22001,241,1.47
51,24001,241,1.37
51,26001,241,1.48
51,28001,241,1.37
51,30001,241,1.46
51,32001,241,1.46
51,34001,241,1.66
51,36001,241,1.63
51,38001,241,1.49
51,40001,241,1.51
51,42001,241,1.45
51,44001,241,1.52
51,46001,241,1.45
51,48001,241,1.52
51,50001,241,1.67
51,52001,241,1.79
51,54001,241,1.93
51,56001,241,1.97
51,58001,241,2.0
51,60001,241,1.9
51,62001,241,1.79
51,64001,241,1.86
51,65535,241,1.78
51,1,251,1.78
51,2001,251,1.73
51,4001,251,1.76
51,6001,251,1.88
51,8001,251,1.89
51,10001,251,1.91
51,12001,251,1.97
51,14001,251,1.91
51,16001,251,1.75
51,18001,251,1.66
51,20001,251,1.55
51,22001,251,1.38
51,24001,251,1.37
51,26001,251,1.32
51,28001,251,1.48
51,30001,251,1.49
51,32001,251,1.6
51,34001,251,1.63
51,36001,251,1.56
51,38001,251,1.52
51,40001,251,1.45
51,42001,251,1.47
51,44001,251,1.47
51,46001,251,1.5
51,48001,251,1.47
51,50001,251,1.63
51,52001,251,1.83
51,54001,251,1.97
51,56001,251,1.97
51,58001,251,1.92
51,60001,251,1.73
51,62001,251,1.79
51,64001,251,1.82
51,65535,251,1.78
51,1,254,1.79
51,2001,254,1.79
51,4001,254,1.81
51,6001,254,1.82
51,8001,254,1.88
51,10001,254,1.95
51,12001,254,1.91
51,14001,254,1.87
51,16001,254,1.73
51,18001,254,1.72
51,20001,254,1.44
51,22001,254,1.41
51,24001,254,1.49
51,26001,254,1.39
51,28001,254,1.47
51,30001,254,1.6
51,32001,254,1.6
51,34001,254,1.58
51,36001,254,1.58
51,38001,254,1.55
51,40001,254,1.45
51,42001,254,1.44
51,44001,254,1.44
51,46001,254,1.46
51,48001,254,1.52
51,50001,254,1.7
51,52001,254,1.9
51,54001,254,1.96
51,56001,254,2.12
51,58001,254,2.02
51,60001,254,1.91
51,62001,254,1.79
51,64001,254,1.81
51,65535,254,1.72
61,1,1,2.57
61,2001,1,2.57
61,4001,1,2.61
61,6001,1,2.46
61,8001,1,2.5
61,10001,1,2.56
61,12001,1,2.56
61,14001,1,2.5
61,16001,1,2.45
61,18001,1,2.63
61,20001,1,2.53
61,22001,1,2.6
61,24001,1,2.47
61,26001,1,2.54
61,28001,1,2.46
61,30001,1,2.52
61,32001,1,2.6
61,34001,1,2.51
61,36001,1,2.57
61,38001,1,2.51
61,40001,1,2.52
61,42001,1,2.51
61,44001,1,2.52
61,46001,1,2.47
61,48001,1,2.65
61,50001,1,2.4
61,52001,1,2.46
61,54001,1,2.59
61,56001,1,2.54
61,58001,1,2.57
61,60001,1,2.61
61,62001,1,2.56
61,64001,1,2.63
61,65535,1,2.58
61,1,11,2.52
61,2001,11,2.43
61,4001,11,2.61
61,6001,11,2.53
61,8001,11,2.54
61,10001,11,2.58
61,12001,11,2.55
61,14001,11,2.6
61,16001,11,2.4
61,18001,11,2.47
61,20001,11,2.44
61,22001,11,2.54
61,24001,11,2.47
61,26001,11,2.5
61,28001,11,2.48
61,30001,11,2.51
61,32001,11,2.52
61,34001,11,2.51
61,36001,11,2.45
61,38001,11,2.53
61,40001,11,2.56
61,42001,11,2.37
61,44001,11,2.55
61,46001,11,2.53
61,48001,11,2.51
61,50001,11,2.51
61,52001,11,2.58
61,54001,11,2.5
61,56001,11,2.57
61,58001,11,2.57
61,60001,11,2.47
61,62001,11,2.51
61,64001,11,2.49
61,65535,11,2.53
61,1,21,2.47
61,2001,21,2.37
61,4001,21,2.48
61,6001,21,2.49
61,8001,21,2.42
61,10001,21,2.53
61,12001,21,2.42
61,14001,21,2.43
61,16001,21,2.42
61,18001,21,2.39
61,20001,21,2.37
61,22001,21,2.48
61,24001,21,2.44
61,26001,21,2.48
61,28001,21,2.41
61,30001,21,2.5
61,32001,21,2.46
61,34001,21,2.41
61,36001,21,2.44
61,38001,21,2.35
61,40001,21,2.42
61,42001,21,2.47
61,44001,21,2.43
61,46001,21,2.43
61,48001,21,2.44
61,50001,21,2.49
61,52001,21,2.46
61,54001,21,2.48
61,56001,21,2.47
61,58001,21,2.58
61,60001,21,2.45
61,62001,21,2.55
61,64001,21,2.45
61,65535,21,2.47
61,1,31,2.41
61,2001,31,2.46
61,4001,31,2.45
61,6001,31,2.46
61,8001,31,2.42
61,10001,31,2.43
61,12001,31,2.46
61,14001,31,2.53
61,16001,31,2.45
61,18001,31,2.39
61,20001,31,2.38
61,22001,31,2.42
61,24001,31,2.33
61,26001,31,2.32
61,28001,31,2.36
61,30001,31,2.41
61,32001,31,2.43
61,34001,31,2.45
61,36001,31,2.43
61,38001,31,2.48
61,40001,31,2.33
61,42001,31,2.48
61,44001,31,2.33
61,46001,31,2.41
61,48001,31,2.36
61,50001,31,2.43
61,52001,31,2.37
61,54001,31,2.47
61,56001,31,2.45
61,58001,31,2.59
61,60001,31,2.52
61,62001,31,2.45
61,64001,31,2.45
61,65535,31,2.39
61,1,41,2.38
61,2001,41,2.31
61,4001,41,2.39
61,6001,41,2.46
61,8001,41,2.33
61,10001,41,2.4
61,12001,41,2.55
61,14001,41,2.43
61,16001,41,2.36
61,18001,41,2.37
61,20001,41,2.43
61,22001,41,2.33
61,24001,41,2.38
61,26001,41,2.34
61,28001,41,2.41
61,30001,41,2.31
61,32001,41,2.47
61,34001,41,2.36
61,36001,41,2.38
61,38001,41,2.31
61,40001,41,2.41
61,42001,41,2.44
61,44001,41,2.33
61,46001,41,2.31
61,48001,41,2.34
61,50001,41,2.28
61,52001,41,2.39
61,54001,41,2.47
61,56001,41,2.44
61,58001,41,2.41
61,60001,41,2.44
61,62001,41,2.41
61,64001,41,2.41
61,65535,41,2.38
61,1,51,2.39
61,2001,51,2.25
61,4001,51,2.38
61,6001,51,2.27
61,8001,51,2.44
61,10001,51,2.5
61,12001,51,2.36
61,14001,51,2.33
61,16001,51,2.42
61,18001,51,2.34
61,20001,51,2.28
61,22001,51,2.27
61,24001,51,2.21
61,26001,51,2.33
61,28001,51,2.19
61,30001,51,2.38
61,32001,51,2.33
61,34001,51,2.29
61,36001,51,2.33
61,38001,51,2.23
61,40001,51,2.29
61,42001,51,2.28
61,44001,51,2.28
61,46001,51,2.19
61,48001,51,2.31
61,50001,51,2.18
61,52001,51,2.38
61,54001,51,2.28
61,56001,51,2.42
61,58001,51,2.38
61,60001,51,2.39
61,62001,51,2.36
61,64001,51,2.33
61,65535,51,2.39
61,1,61,2.26
61,2001,61,2.23
61,4001,61,2.38
61,6001,61,2.27
61,8001,61,2.42
61,10001,61,2.41
61,12001,61,2.31
61,14001,61,2.36
61,16001,61,2.28
61,18001,61,2.3
61,20001,61,2.23
61,22001,61,2.24
61,24001,61,2.18
61,26001,61,2.25
61,28001,61,2.2
61,30001,61,2.39
61,32001,61,2.3
61,34001,61,2.25
61,36001,61,2.34
61,38001,61,2.24
61,40001,61,2.15
61,42001,61,2.21
61,44001,61,2.27
61,46001,61,2.15
61,48001,61,2.28
61,50001,61,2.31
61,52001,61,2.41
61,54001,61,2.29
61,56001,61,2.49
61,58001,61,2.37
61,60001,61,2.35
61,62001,61,2.3
61,64001,61,2.23
61,65535,61,2.28
61,1,71,2.29
61,2001,71,2.3
61,4001,71,2.37
61,6001,71,2.35
61,8001,71,2.31
61,10001,71,2.51
61,12001,71,2.32
61,14001,71,2.46
61,16001,71,2.33
61,18001,71,2.3
61,20001,71,2.26
61,22001,71,2.19
61,24001,71,2.23
61,26001,71,2.18
61,28001,71,2.21
61,30001,71,2.27
61,32001,71,2.21
61,34001,71,2.31
61,36001,71,2.2
61,38001,71,2.25
61,40001,71,2.19
61,42001,71,2.16
61,44001,71,2.15
61,46001,71,2.14
61,48001,71,2.3
61,50001,71,2.31
61,52001,71,2.26
61,54001,71,2.43
61,56001,71,2.33
61,58001,71,2.39
61,60001,71,2.31
61,62001,71,2.27
61,64001,71,2.37
61,65535,71,2.32
61,1,81,2.24
61,2001,81,2.22
61,4001,81,2.36
61,6001,81,2.4
61,8001,81,2.3
61,10001,81,2.33
61,12001,81,2.38
61,14001,81,2.27
61,16001,81,2.29
61,18001,81,2.28
61,20001,81,2.19
61,22001,81,2.14
61,24001,81,2.15
61,26001,81,2.13
61,28001,81,2.18
61,30001,81,2.24
61,32001,81,2.34
61,34001,81,2.26
61,36001,81,2.19
61,38001,81,2.2
61,40001,81,2.19
61,42001,81,2.17
61,44001,81,2.27
61,46001,81,2.12
61,48001,81,2.11
61,50001,81,2.33
61,52001,81,2.28
61,54001,81,2.38
61,56001,81,2.34
61,58001,81,2.32
61,60001,81,2.36
61,62001,81,2.27
61,64001,81,2.26
61,65535,81,2.18
61,1,91,2.21
61,2001,91,2.14
61,4001,91,2.16
61,6001,91,2.25
61,8001,91,2.35
61,10001,91,2.29
61,12001,91,2.39
61,14001,91,2.3
61,16001,91,2.26
61,18001,91,2.22
61,20001,91,2.12
61,22001,91,2.08
61,24001,91,2.02
61,26001,91,2.05
61,28001,91,2.17
61,30001,91,2.08
61,32001,91,2.17
61,34001,91,2.19
61,36001,91,2.14
61,38001,91,2.21
61,40001,91,2.15
61,42001,91,2.08
61,44001,91,2.08
61,46001,91,2.11
61,48001,91,2.18
61,50001,91,2.17
61,52001,91,2.3
61,54001,91,2.37
61,56001,91,2.35
61,58001,91,2.24
61,60001,91,2.28
61,62001,91,2.22
61,64001,91,2.31
61,65535,91,2.27
61,1,101,2.19
61,2001,101,2.17
61,4001,101,2.24
61,6001,101,2.33
61,8001,101,2.34
61,10001,101,2.3
61,12001,101,2.28
61,14001,101,2.44
61,16001,101,2.13
61,18001,101,2.21
61,20001,101,2.15
61,22001,101,2.11
61,24001,101,1.89
61,26001,101,2.12
61,28001,101,2.18
61,30001,101,2.02
61,32001,101,2.12
61,34001,101,2.07
61,36001,101,2.18
61,38001,101,2.14
61,40001,101,2.19
61,42001,101,2.11
61,44001,101,2.03
61,46001,101,2.05
61,48001,101,2.13
61,50001,101,2.19
61,52001,101,2.24
61,54001,101,2.33
61,56001,101,2.36
61,58001,101,2.33
61,60001,101,2.36
61,62001,101,2.2
61,64001,101,2.25
61,65535,101,2.18
61,1,111,2.18
61,2001,111,2.12
61,4001,111,2.21
61,6001,111,2.16
61,8001,111,2.32
61,10001,111,2.24
61,12001,111,2.29
61,14001,111,2.27
61,16001,111,2.18
61,18001,111,2.18
61,20001,111,1.97
61,22001,111,1.94
61,24001,111,1.89
61,26001,111,2.02
61,28001,111,2.08
61,30001,111,2.03
61,32001,111,2.11
61,34001,111,2.13
61,36001,111,2.09
61,38001,111,1.96
61,40001,111,1.97
61,42001,111,1.97
61,44001,111,1.97
61,46001,111,2.06
61,48001,111,2.01
61,50001,111,2.21
61,52001,111,2.25
61,54001,111,2.38
61,56001,111,2.36
61,58001,111,2.29
61,60001,111,2.3
61,62001,111,2.3
61,64001,111,2.15
61,65535,111,2.15
61,1,121,2.0
61,2001,121,2.09
61,4001,121,2.08
61,6001,121,2.15
61,8001,121,2.21
61,10001,121,2.16
61,12001,121,2.27
61,14001,121,2.27
61,16001,121,2.16
61,18001,121,2.02
61,20001,121,1.99
61,22001,121,1.84
61,24001,121,1.95
61,26001,121,1.98
61,28001,121,2.0
61,30001,121,2.09
61,32001,121,1.96
61,34001,121,2.05
61,36001,121,2.01
61,38001,121,1.94
61,40001,121,1.93
61,42001,121,1.9
61,44001,121,1.85
61,46001,121,1.96
61,48001,121,2.01
61,50001,121,2.02
61,52001,121,2.22
61,54001,121,2.25
61,56001,121,2.28
61,58001,121,2.2
61,60001,121,2.26
61,62001,121,2.15
61,64001,121,2.07
61,65535,121,2.1
61,1,131,1.99
61,2001,131,2.05
61,4001,131,2.1
61,6001,131,2.19
61,8001,131,2.15
61,10001,131,2.31
61,12001,131,2.29
61,14001,131,2.16
61,16001,131,2.12
61,18001,131,2.02
61,20001,131,1.95
61,22001,131,1.9
61,24001,131,1.86
61,26001,131,1.95
61,28001,131,1.88
61,30001,131,1.98
61,32001,131,2.01
61,34001,131,2.09
61,36001,131,2.03
61,38001,131,1.9
61,40001,131,1.97
61,42001,131,1.97
61,44001,131,1.94
61,46001,131,1.87
61,48001,131,1.92
61,50001,131,2.09
61,52001,131,2.2
61,54001,131,2.31
61,56001,131,2.31
61,58001,131,2.25
61,60001,131,2.24
61,62001,131,2.12
61,64001,131,2.15
61,65535,131,2.05
61,1,141,2.06
61,2001,141,2.07
61,4001,141,2.07
61,6001,141,2.15
61,8001,141,2.26
61,10001,141,2.22
61,12001,141,2.13
61,14001,141,2.06
61,16001,141,2.02
61,18001,141,2.07
61,20001,141,1.93
61,22001,141,1.94
61,24001,141,1.8
61,26001,141,1.75
61,28001,141,1.82
61,30001,141,1.93
61,32001,141,1.94
61,34001,141,2.08
61,36001,141,1.91
61,38001,141,1.99
61,40001,141,1.89
61,42001,141,1.86
61,44001,141,1.82
61,46001,141,1.89
61,48001,141,2.02
61,50001,141,2.04
61,52001,141,2.02
61,54001,141,2.25
61,56001,141,2.26
61,58001,141,2.21
61,60001,141,2.12
61,62001,141,2.19
61,64001,141,2.08
61,65535,141,2.07
61,1,151,2.02
61,2001,151,2.14
61,4001,151,2.04
61,6001,151,2.11
61,8001,151,2.08
61,10001,151,2.28
61,12001,151,2.14
61,14001,151,2.21
61,16001,151,2.07
61,18001,151,1.96
61,20001,151,1.93
61,22001,151,1.73
61,24001,151,1.77
61,26001,151,1.85
61,28001,151,1.79
61,30001,151,1.95
61,32001,151,2.04
61,34001,151,2.03
61,36001,151,1.9
61,38001,151,1.9
61,40001,151,1.86
61,42001,151,1.74
61,44001,151,1.81
61,46001,151,1.77
61,48001,151,2.05
61,50001,151,1.89
61,52001,151,2.19
61,54001,151,2.23
61,56001,151,2.26
61,58001,151,2.22
61,60001,151,2.13
61,62001,151,2.13
61,64001,151,2.04
61,65535,151,2.04
61,1,161,1.96
61,2001,161,2.09
61,4001,161,2.0
61,6001,161,2.11
61,8001,161,2.16
61,10001,161,2.19
61,12001,161,2.23
61,14001,161,2.14
61,16001,161,2.05
61,18001,161,2.0
61,20001,161,1.77
61,22001,161,1.73
61,24001,161,1.79
61,26001,161,1.85
61,28001,161,1.82
61,30001,161,1.94
61,32001,161,2.0
61,34001,161,2.01
61,36001,161,1.97
61,38001,161,1.94
61,40001,161,1.75
61,42001,161,1.78
61,44001,161,1.76
61,46001,161,1.72
61,48001,161,1.9
61,50001,161,1.98
61,52001,161,2.04
61,54001,161,2.22
61,56001,161,2.18
61,58001,161,2.1
61,60001,161,2.15
61,62001,161,2.01
61,64001,161,2.0
61,65535,161,2.02
61,1,171,1.96
61,2001,171,2.02
61,4001,171,2.03
61,6001,171,2.06
61,8001,171,2.12
61,10001,171,2.12
61,12001,171,2.23
61,14001,171,2.13
61,16001,171,1.93
61,18001,171,1.98
61,20001,171,1.81
61,22001,171,1.74
61,24001,171,1.67
61,26001,171,1.73
61,28001,171,1.78
61,30001,171,1.78
61,32001,171,1.92
61,34001,171,1.96
61,36001,171,1.79
61,38001,171,1.75
61,40001,171,1.86
61,42001,171,1.79
61,44001,171,1.73
61,46001,171,1.76
61,48001,171,1.82
61,50001,171,1.82
61,52001,171,2.09
61,54001,171,2.22
61,56001,171,2.27
61,58001,171,2.23
61,60001,171,2.21
61,62001,171,2.05
61,64001,171,2.02
61,65535,171,1.92
61,1,181,1.96
61,2001,181,1.95
61,4001,181,1.99
61,6001,181,2.08
61,8001,181,2.25
61,10001,181,2.07
61,12001,181,2.13
61,14001,181,2.12
61,16001,181,2.06
61,18001,181,1.89
61,20001,181,1.72
61,22001,181,1.7
61,24001,181,1.66
61,26001,181,1.75
61,28001,181,1.77
61,30001,181,1.79
61,32001,181,1.83
61,34001,181,1.93
61,36001,181,1.94
61,38001,181,1.74
61,40001,181,1.79
61,42001,181,1.74
61,44001,181,1.64
61,46001,181,1.74
61,48001,181,1.78
61,50001,181,1.78
61,52001,181,1.99
61,54001,181,2.13
61,56001,181,2.23
61,58001,181,2.07
61,60001,181,2.15
61,62001,181,2.08
61,64001,181,1.9
61,65535,181,1.99
61,1,191,2.0
61,2001,191,1.95
61,4001,191,1.95
61,6001,191,1.96
61,8001,191,1.99
61,10001,191,2.21
61,12001,191,2.25
61,14001,191,2.03
61,16001,191,2.03
61,18001,191,1.87
61,20001,191,1.85
61,22001,191,1.64
61,24001,191,1.67
61,26001,191,1.7
61,28001,191,1.72
61,30001,191,1.74
61,32001,191,1.87
61,34001,191,1.93
61,36001,191,1.87
61,38001,191,1.81
61,40001,191,1.75
61,42001,191,1.7
61,44001,191,1.65
61,46001,191,1.74
61,48001,191,1.76
61,50001,191,1.98
61,52001,191,2.1
61,54001,191,2.23
61,56001,191,2.21
61,58001,191,2.22
61,60001,191,2.06
61,62001,191,2.15
61,64001,191,1.96
61,65535,191,1.92
61,1,201,1.96
61,2001,201,1.89
61,4001,201,2.01
61,6001,201,2.02
61,8001,201,1.98
61,10001,201,2.24
61,12001,201,2.2
61,14001,201,2.01
61,16001,201,1.89
61,18001,201,1.86
61,20001,201,1.7
61,22001,201,1.55
61,24001,201,1.56
61,26001,201,1.64
61,28001,201,1.7
61,30001,201,1.71
61,32001,201,1.85
61,34001,201,1.79
61,36001,201,1.74
61,38001,201,1.72
61,40001,201,1.61
61,42001,201,1.67
61,44001,201,1.58
61,46001,201,1.63
61,48001,201,1.82
61,50001,201,1.83
61,52001,201,2.01
61,54001,201,2.06
61,56001,201,2.2
61,58001,201,2.08
61,60001,201,2.04
61,62001,201,2.05
61,64001,201,1.96
61,65535,201,1.92
61,1,211,1.97
61,2001,211,1.93
61,4001,211,1.92
61,6001,211,1.97
61,8001,211,2.06
61,10001,211,2.03
61,12001,211,2.2
61,14001,211,2.07
61,16001,211,1.88
61,18001,211,1.84
61,20001,211,1.63
61,22001,211,1.56
61,24001,211,1.63
61,26001,211,1.61
61,28001,211,1.65
61,30001,211,1.8
61,32001,211,1.77
61,34001,211,1.85
61,36001,211,1.78
61,38001,211,1.66
61,40001,211,1.68
61,42001,211,1.63
61,44001,211,1.66
61,46001,211,1.64
61,48001,211,1.62
61,50001,211,1.98
61,52001,211,1.94
61,54001,211,2.2
61,56001,211,2.24
61,58001,211,2.18
61,60001,211,2.05
61,62001,211,1.99
61,64001,211,1.93
61,65535,211,1.91
61,1,221,1.88
61,2001,221,1.88
61,4001,221,1.96
61,6001,221,1.96
61,8001,221,2.01
61,10001,221,2.11
61,12001,221,2.15
61,14001,221,2.02
61,16001,221,1.78
61,18001,221,1.78
61,20001,221,1.72
61,22001,221,1.52
61,24001,221,1.48
61,26001,221,1.5
61,28001,221,1.56
61,30001,221,1.62
61,32001,221,1.81
61,34001,221,1.84
61,36001,221,1.71
61,38001,221,1.6
61,40001,221,1.56
61,42001,221,1.5
61,44001,221,1.66
61,46001,221,1.54
61,48001,221,1.76
61,50001,221,1.8
61,52001,221,1.9
61,54001,221,2.17
61,56001,221,2.17
61,58001,221,2.15
61,60001,221,2.11
61,62001,221,1.88
61,64001,221,1.97
61,65535,221,1.84
61,1,231,1.97
61,2001,231,1.9
61,4001,231,1.94
61,6001,231,2.03
61,8001,231,1.94
61,10001,231,2.1
61,12001,231,2.18
61,14001,231,1.95
61,16001,231,1.96
61,18001,231,1.79
61,20001,231,1.72
61,22001,231,1.54
61,24001,231,1.5
61,26001,231,1.58
61,28001,231,1.47
61,30001,231,1.59
61,32001,231,1.73
61,34001,231,1.73
61,36001,231,1.8
61,38001,231,1.68
61,40001,231,1.62
61,42001,231,1.5
61,44001,231,1.5
61,46001,231,1.63
61,48001,231,1.68
61,50001,231,1.77
61,52001,231,1.98
61,54001,231,2.16
61,56001,231,2.14
61,58001,231,1.98
61,60001,231,2.13
61,62001,231,2.01
61,64001,231,2.04
61,65535,231,1.88
61,1,241,1.81
61,2001,241,1.82
61,4001,241,1.92
61,6001,241,2.01
61,8001,241,2.06
61,10001,241,2.14
61,12001,241,2.16
61,14001,241,2.1
61,16001,241,1.9
61,18001,241,1.76
61,20001,241,1.6
61,22001,241,1.6
61,24001,241,1.49
61,26001,241,1.45
61,28001,241,1.55
61,30001,241,1.62
61,32001,241,1.7
61,34001,241,1.72
61,36001,241,1.72
61,38001,241,1.72
61,40001,241,1.62
61,42001,241,1.52
61,44001,241,1.49
61,46001,241,1.58
61,48001,241,1.66
61,50001,241,1.84
61,52001,241,1.96
61,54001,241,2.08
61,56001,241,2.22
61,58001,241,2.21
61,60001,241,2.04
61,62001,241,1.92
61,64001,241,1.87
61,65535,241,1.83
61,1,251,1.87
61,2001,251,1.95
61,4001,251,1.91
61,6001,251,2.0
61,8001,251,2.03
61,10001,251,2.11
61,12001,251,2.21
61,14001,251,2.01
61,16001,251,1.85
61,18001,251,1.8
61,20001,251,1.72
61,22001,251,1.45
61,24001,251,1.5
61,26001,251,1.38
61,28001,251,1.52
61,30001,251,1.57
61,32001,251,1.79
61,34001,251,1.69
61,36001,251,1.68
61,38001,251,1.59
61,40001,251,1.54
61,42001,251,1.42
61,44001,251,1.48
61,46001,251,1.47
61,48001,251,1.61
61,50001,251,1.77
61,52001,251,1.96
61,54001,251,2.0
61,56001,251,2.2
61,58001,251,2.1
61,60001,251,2.02
61,62001,251,1.98
61,64001,251,1.93
61,65535,251,1.91
61,1,254,1.93
61,2001,254,1.88
61,4001,254,1.9
61,6001,254,1.95
61,8001,254,2.0
61,10001,254,2.19
61,12001,254,2.14
61,14001,254,1.97
61,16001,254,1.93
61,18001,254,1.73
61,20001,254,1.65
61,22001,254,1.54
61,24001,254,1.44
61,26001,254,1.49
61,28001,254,1.6
61,30001,254,1.59
61,32001,254,1.61
61,34001,254,1.76
61,36001,254,1.72
61,38001,254,1.63
61,40001,254,1.62
61,42001,254,1.53
61,44001,254,1.46
61,46001,254,1.53
61,48001,254,1.55
61,50001,254,1.81
61,52001,254,1.96
61,54001,254,2.11
61,56001,254,2.1
61,58001,254,2.11
61,60001,254,2.08
61,62001,254,1.94
61,64001,254,1.87
61,65535,254,1.86
71,1,1,2.71
71,2001,1,2.69
71,4001,1,2.74
71,6001,1,2.78
71,8001,1,2.79
71,10001,1,2.85
71,12001,1,2.81
71,14001,1,2.79
71,16001,1,2.73
71,18001,1,2.83
71,20001,1,2.94
71,22001,1,2.81
71,24001,1,2.81
71,26001,1,2.83
71,28001,1,2.76
71,30001,1,2.75
71,32001,1,2.78
71,34001,1,2.77
71,36001,1,2.73
71,38001,1,2.76
71,40001,1,2.73
71,42001,1,2.61
71,44001,1,2.75
71,46001,1,2.82
71,48001,1,2.73
71,50001,1,2.68
71,52001,1,2.78
71,54001,1,2.82
71,56001,1,2.73
71,58001,1,2.71
71,60001,1,2.8
71,62001,1,2.8
71,64001,1,2.78
71,65535,1,2.8
71,1,11,2.79
71,2001,11,2.74
71,4001,11,2.84
71,6001,11,2.8
71,8001,11,2.67
71,10001,11,2.74
71,12001,11,2.71
71,14001,11,2.7
71,16001,11,2.75
71,18001,11,2.64
71,20001,11,2.72
71,22001,11,2.68
71,24001,11,2.73
71,26001,11,2.75
71,28001,11,2.72
71,30001,11,2.67
71,32001,11,2.81
71,34001,11,2.61
71,36001,11,2.83
71,38001,11,2.79
71,40001,11,2.77
71,42001,11,2.76
71,44001,11,2.75
71,46001,11,2.69
71,48001,11,2.76
71,50001,11,2.7
71,52001,11,2.75
71,54001,11,2.8
71,56001,11,2.66
71,58001,11,2.74
71,60001,11,2.75
71,62001,11,2.88
71,64001,11,2.7
71,65535,11,2.76
71,1,21,2.68
71,2001,21,2.64
71,4001,21,2.63
71,6001,21,2.63
71,8001,21,2.75
71,10001,21,2.71
71,12001,21,2.74
71,14001,21,2.69
71,16001,21,2.63
71,18001,21,2.65
71,20001,21,2.73
71,22001,21,2.62
71,24001,21,2.75
71,26001,21,2.5
71,28001,21,2.67
71,30001,21,2.73
71,32001,21,2.71
71,34001,21,2.62
71,36001,21,2.71
71,38001,21,2.74
71,40001,21,2.61
71,42001,21,2.63
71,44001,21,2.67
71,46001,21,2.62
71,48001,21,2.65
71,50001,21,2.71
71,52001,21,2.81
71,54001,21,2.74
71,56001,21,2.76
71,58001,21,2.81
71,60001,21,2.76
71,62001,21,2.69
71,64001,21,2.69
71,65535,21,2.68
71,1,31,2.59
71,2001,31,2.73
71,4001,31,2.6
71,6001,31,2.6
71,8001,31,2.61
71,10001,31,2.69
71,12001,31,2.72
71,14001,31,2.67
71,16001,31,2.67
71,18001,31,2.61
71,20001,31,2.53
71,22001,31,2.57
71,24001,31,2.59
71,26001,31,2.64
71,28001,31,2.63
71,30001,31,2.71
71,32001,31,2.63
71,34001,31,2.69
71,36001,31,2.65
71,38001,31,2.55
71,40001,31,2.59
71,42001,31,2.65
71,44001,31,2.61
71,46001,31,2.48
71,48001,31,2.66
71,50001,31,2.62
71,52001,31,2.71
71,54001,31,2.71
71,56001,31,2.56
71,58001,31,2.65
71,60001,31,2.68
71,62001,31,2.59
71,64001,31,2.61
71,65535,31,2.54
71,1,41,2.69
71,2001,41,2.6
71,4001,41,2.57
71,6001,41,2.56
71,8001,41,2.55
71,10001,41,2.56
71,12001,41,2.67
71,14001,41,2.68
71,16001,41,2.67
71,18001,41,2.54
71,20001,41,2.66
71,22001,41,2.5
71,24001,41,2.43
71,26001,41,2.6
71,28001,41,2.49
71,30001,41,2.6
71,32001,41,2.73
71,34001,41,2.62
71,36001,41,2.52
71,38001,41,2.71
71,40001,41,2.6
71,42001,41,2.55
71,44001,41,2.54
71,46001,41,2.53
71,48001,41,2.62
71,50001,41,2.58
71,52001,41,2.62
71,54001,41,2.55
71,56001,41,2.56
71,58001,41,2.69
71,60001,41,2.62
71,62001,41,2.61
71,64001,41,2.56
71,65535,41,2.67
71,1,51,2.52
71,2001,51,2.62
71,4001,51,2.53
71,6001,51,2.51
71,8001,51,2.56
71,10001,51,2.56
71,12001,51,2.56
71,14001,51,2.64
71,16001,51,2.54
71,18001,51,2.53
71,20001,51,2.57
71,22001,51,2.51
71,24001,51,2.42
71,26001,51,2.49
71,28001,51,2.52
71,30001,51,2.57
71,32001,51,2.55
71,34001,51,2.62
71,36001,51,2.58
71,38001,51,2.48
71,40001,51,2.45
71,42001,51,2.45
71,44001,51,2.49
71,46001,51,2.41
71,48001,51,2.57
71,50001,51,2.47
71,52001,51,2.62
71,54001,51,2.64
71,56001,51,2.6
71,58001,51,2.59
71,60001,51,2.54
71,62001,51,2.56
71,64001,51,2.46
71,65535,51,2.56
71,1,61,2.46
71,2001,61,2.54
71,4001,61,2.57
71,6001,61,2.54
71,8001,61,2.48
71,10001,61,2.56
71,12001,61,2.69
71,14001,61,2.6
71,16001,61,2.47
71,18001,61,2.57
71,20001,61,2.49
71,22001,61,2.38
71,24001,61,2.38
71,26001,61,2.42
71,28001,61,2.41
71,30001,61,2.41
71,32001,61,2.55
71,34001,61,2.53
71,36001,61,2.55
71,38001,61,2.45
71,40001,61,2.39
71,42001,61,2.41
71,44001,61,2.28
71,46001,61,2.47
71,48001,61,2.53
71,50001,61,2.59
71,52001,61,2.58
71,54001,61,2.57
71,56001,61,2.63
71,58001,61,2.65
71,60001,61,2.56
71,62001,61,2.48
71,64001,61,2.42
71,65535,61,2.49
71,1,71,2.47
71,2001,71,2.43
71,4001,71,2.48
71,6001,71,2.4
71,8001,71,2.56
71,10001,71,2.53
71,12001,71,2.53
71,14001,71,2.57
71,16001,71,2.43
71,18001,71,2.37
71,20001,71,2.38
71,22001,71,2.28
71,24001,71,2.33
71,26001,71,2.32
71,28001,71,2.45
71,30001,71,2.44
71,32001,71,2.44
71,34001,71,2.43
71,36001,71,2.46
71,38001,71,2.46
71,40001,71,2.41
71,42001,71,2.3
71,44001,71,2.35
71,46001,71,2.45
71,48001,71,2.34
71,50001,71,2.44
71,52001,71,2.56
71,54001,71,2.57
71,56001,71,2.63
71,58001,71,2.55
71,60001,71,2.49
71,62001,71,2.49
71,64001,71,2.5
71,65535,71,2.47
71,1,81,2.41
71,2001,81,2.35
71,4001,81,2.47
71,6001,81,2.48
71,8001,81,2.51
71,10001,81,2.62
71,12001,81,2.56
71,14001,81,2.49
71,16001,81,2.52
71,18001,81,2.45
71,20001,81,2.46
71,22001,81,2.22
71,24001,81,2.31
71,26001,81,2.31
71,28001,81,2.36
71,30001,81,2.37
71,32001,81,2.38
71,34001,81,2.47
71,36001,81,2.4
71,38001,81,2.33
71,40001,81,2.37
71,42001,81,2.25
71,44001,81,2.29
71,46001,81,2.33
71,48001,81,2.39
71,50001,81,2.47
71,52001,81,2.39
71,54001,81,2.49
71,56001,81,2.52
71,58001,81,2.57
71,60001,81,2.51
71,62001,81,2.44
71,64001,81,2.44
71,65535,81,2.43
71,1,91,2.46
71,2001,91,2.36
71,4001,91,2.42
71,6001,91,2.58
71,8001,91,2.44
71,10001,91,2.54
71,12001,91,2.53
71,14001,91,2.58
71,16001,91,2.42
71,18001,91,2.34
71,20001,91,2.2
71,22001,91,2.24
71,24001,91,2.17
71,26001,91,2.28
71,28001,91,2.3
71,30001,91,2.36
71,32001,91,2.39
71,34001,91,2.37
71,36001,91,2.38
71,38001,91,2.34
71,40001,91,2.27
71,42001,91,2.33
71,44001,91,2.29
71,46001,91,2.29
71,48001,91,2.28
71,50001,91,2.48
71,52001,91,2.51
71,54001,91,2.55
71,56001,91,2.56
71,58001,91,2.47
71,60001,91,2.52
71,62001,91,2.46
71,64001,91,2.44
71,65535,91,2.31
71,1,101,2.29
71,2001,101,2.22
71,4001,101,2.38
71,6001,101,2.51
71,8001,101,2.53
71,10001,101,2.45
71,12001,101,2.45
71,14001,101,2.48
71,16001,101,2.39
71,18001,101,2.33
71,20001,101,2.23
71,22001,101,2.1
71,24001,101,2.11
71,26001,101,2.22
71,28001,101,2.22
71,30001,101,2.3
71,32001,101,2.33
71,34001,101,2.41
71,36001,101,2.43
71,38001,101,2.33
71,40001,101,2.23
71,42001,101,2.19
71,44001,101,2.17
71,46001,101,2.19
71,48001,101,2.37
71,50001,101,2.31
71,52001,101,2.38
71,54001,101,2.44
71,56001,101,2.61
71,58001,101,2.47
71,60001,101,2.4
71,62001,101,2.5
71,64001,101,2.37
71,65535,101,2.24
71,1,111,2.31
71,2001,111,2.2
71,4001,111,2.28
71,6001,111,2.44
71,8001,111,2.39
71,10001,111,2.53
71,12001,111,2.48
71,14001,111,2.36
71,16001,111,2.31
71,18001,111,2.29
71,20001,111,2.17
71,22001,111,2.1
71,24001,111,2.1
71,26001,111,2.12
71,28001,111,2.27
71,30001,111,2.13
71,32001,111,2.25
71,34001,111,2.28
71,36001,111,2.23
71,38001,111,2.15
71,40001,111,2.11
71,42001,111,2.23
71,44001,111,2.07
71,46001,111,2.16
71,48001,111,2.19
71,50001,111,2.32
71,52001,111,2.41
71,54001,111,2.37
71,56001,111,2.51
71,58001,111,2.53
71,60001,111,2.43
71,62001,111,2.37
71,64001,111,2.32
71,65535,111,2.27
71,1,121,2.24
71,2001,121,2.36
71,4001,121,2.31
71,6001,121,2.29
71,8001,121,2.36
71,10001,121,2.45
71,12001,121,2.4
71,14001,121,2.49
71,16001,121,2.3
71,18001,121,2.32
71,20001,121,2.25
71,22001,121,2.07
71,24001,121,1.98
71,26001,121,2.1
71,28001,121,2.21
71,30001,121,2.24
71,32001,121,2.27
71,34001,121,2.23
71,36001,121,2.17
71,38001,121,2.28
71,40001,121,2.16
71,42001,121,2.02
71,44001,121,2.01
71,46001,121,2.09
71,48001,121,2.18
71,50001,121,2.25
71,52001,121,2.33
71,54001,121,2.52
71,56001,121,2.45
71,58001,121,2.41
71,60001,121,2.29
71,62001,121,2.29
71,64001,121,2.28
71,65535,121,2.29
71,1,131,2.25
71,2001,131,2.26
71,4001,131,2.2
71,6001,131,2.43
71,8001,131,2.41
71,10001,131,2.44
71,12001,131,2.42
71,14001,131,2.41
71,16001,131,2.33
71,18001,131,2.16
71,20001,131,2.08
71,22001,131,1.99
71,24001,131,2.03
71,26001,131,2.04
71,28001,131,2.17
71,30001,131,2.14
71,32001,131,2.24
71,34001,131,2.21
71,36001,131,2.05
71,38001,131,2.19
71,40001,131,2.02
71,42001,131,1.99
71,44001,131,2.06
71,46001,131,2.07
71,48001,131,2.28
71,50001,131,2.29
71,52001,131,2.41
71,54001,131,2.38
71,56001,131,2.45
71,58001,131,2.5
71,60001,131,2.42
71,62001,131,2.41
71,64001,131,2.2
71,65535,131,2.21
71,1,141,2.24
71,2001,141,2.13
71,4001,141,2.16
71,6001,141,2.27
71,8001,141,2.32
71,10001,141,2.37
71,12001,141,2.39
71,14001,141,2.31
71,16001,141,2.34
71,18001,141,2.08
71,20001,141,2.06
71,22001,141,2.02
71,24001,141,2.0
71,26001,141,1.96
71,28001,141,1.97
71,30001,141,2.1
71,32001,141,2.18
71,34001,141,2.13
71,36001,141,2.13
71,38001,141,2.06
71,40001,141,2.02
71,42001,141,1.78
71,44001,141,1.92
71,46001,141,2.02
71,48001,141,2.15
71,50001,141,2.17
71,52001,141,2.19
71,54001,141,2.47
71,56001,141,2.47
71,58001,141,2.37
71,60001,141,2.3
71,62001,141,2.29
71,64001,141,2.17
71,65535,141,2.16
71,1,151,2.15
71,2001,151,2.19
71,4001,151,2.2
71,6001,151,2.14
71,8001,151,2.36
71,10001,151,2.25
71,12001,151,2.38
71,14001,151,2.5
71,16001,151,2.16
71,18001,151,2.16
71,20001,151,1.99
71,22001,151,1.83
71,24001,151,1.95
71,26001,151,1.89
71,28001,151,1.91
71,30001,151,2.09
71,32001,151,2.04
71,34001,151,2.11
71,36001,151,2.05
71,38001,151,2.01
71,40001,151,2.01
71,42001,151,1.93
71,44001,151,1.9
71,46001,151,1.95
71,48001,151,1.98
71,50001,151,2.21
71,52001,151,2.27
71,54001,151,2.45
71,56001,151,2.5
71,58001,151,2.37
71,60001,151,2.36
71,62001,151,2.31
71,64001,151,2.2
71,65535,151,2.16
71,1,161,2.13
71,2001,161,2.09
71,4001,161,2.08
71,6001,161,2.2
71,8001,161,2.25
71,10001,161,2.35
71,12001,161,2.35
71,14001,161,2.3
71,16001,161,2.15
71,18001,161,2.02
71,20001,161,2.02
71,22001,161,1.82
71,24001,161,1.81
71,26001,161,1.93
71,28001,161,1.97
71,30001,161,2.0
71,32001,161,2.16
71,34001,161,2.17
71,36001,161,2.06
71,38001,161,2.03
71,40001,161,1.96
71,42001,161,1.86
71,44001,161,1.94
71,46001,161,1.91
71,48001,161,2.11
71,50001,161,2.17
71,52001,161,2.28
71,54001,161,2.41
71,56001,161,2.46
71,58001,161,2.37
71,60001,161,2.45
71,62001,161,2.22
71,64001,161,2.2
71,65535,161,2.15
71,1,171,2.02
71,2001,171,2.13
71,4001,171,2.08
71,6001,171,2.19
71,8001,171,2.41
71,10001,171,2.43
71,12001,171,2.3
71,14001,171,2.21
71,16001,171,2.05
71,18001,171,2.02
71,20001,171,1.93
71,22001,171,1.79
71,24001,171,1.77
71,26001,171,1.9
71,28001,171,1.95
71,30001,171,1.94
71,32001,171,1.98
71,34001,171,2.05
71,36001,171,1.99
71,38001,171,1.93
71,40001,171,1.8
71,42001,171,1.86
71,44001,171,1.88
71,46001,171,1.85
71,48001,171,1.92
71,50001,171,1.95
71,52001,171,2.18
71,54001,171,2.4
71,56001,171,2.34
71,58001,171,2.26
71,60001,171,2.25
71,62001,171,2.14
71,64001,171,2.14
71,65535,171,2.04
71,1,181,2.17
71,2001,181,2.12
71,4001,181,2.1
71,6001,181,2.26
71,8001,181,2.23
71,10001,181,2.37
71,12001,181,2.36
71,14001,181,2.23
71,16001,181,2.18
71,18001,181,1.99
71,20001,181,1.97
71,22001,181,1.75
71,24001,181,1.81
71,26001,181,1.82
71,28001,181,1.85
71,30001,181,2.02
71,32001,181,2.06
71,34001,181,2.02
71,36001,181,2.04
71,38001,181,1.94
71,40001,181,1.84
71,42001,181,1.86
71,44001,181,1.92
71,46001,181,1.81
71,48001,181,1.98
71,50001,181,2.1
71,52001,181,2.23
71,54001,181,2.43
71,56001,181,2.38
71,58001,181,2.37
71,60001,181,2.27
71,62001,181,2.22
71,64001,181,2.1
71,65535,181,2.11
71,1,191,2.03
71,2001,191,2.06
71,4001,191,2.19
71,6001,191,2.14
71,8001,191,2.39
71,10001,191,2.39
71,12001,191,2.4
71,14001,191,2.24
71,16001,191,2.14
71,18001,191,2.03
71,20001,191,1.79
71,22001,191,1.83
71,24001,191,1.65
71,26001,191,1.71
71,28001,191,1.75
71,30001,191,2.03
71,32001,191,1.92
71,34001,191,2.02
71,36001,191,2.0
71,38001,191,1.84
71,40001,191,1.8
71,42001,191,1.83
71,44001,191,1.71
71,46001,191,1.77
71,48001,191,1.96
71,50001,191,2.1
71,52001,191,2.21
71,54001,191,2.31
71,56001,191,2.35
71,58001,191,2.2
71,60001,191,2.2
71,62001,191,2.1
71,64001,191,2.14
71,65535,191,2.09
71,1,201,1.99
71,2001,201,1.99
71,4001,201,2.09
71,6001,201,2.18
71,8001,201,2.19
71,10001,201,2.21
71,12001,201,2.24
71,14001,201,2.29
71,16001,201,2.03
71,18001,201,1.99
71,20001,201,1.79
71,22001,201,1.74
71,24001,201,1.69
71,26001,201,1.77
71,28001,201,1.78
71,30001,201,1.88
71,32001,201,2.0
71,34001,201,1.94
71,36001,201,1.95
71,38001,201,1.77
71,40001,201,1.85
71,42001,201,1.68
71,44001,201,1.66
71,46001,201,1.77
71,48001,201,1.85
71,50001,201,2.13
71,52001,201,2.18
71,54001,201,2.4
71,56001,201,2.49
71,58001,201,2.29
71,60001,201,2.29
71,62001,201,2.15
71,64001,201,2.1
71,65535,201,2.03
71,1,211,2.03
71,2001,211,2.04
71,4001,211,2.09
71,6001,211,2.14
71,8001,211,2.19
71,10001,211,2.27
71,12001,211,2.43
71,14001,211,2.25
71,16001,211,2.01
71,18001,211,1.9
71,20001,211,1.8
71,22001,211,1.57
71,24001,211,1.64
71,26001,211,1.71
71,28001,211,1.82
71,30001,211,1.92
71,32001,211,2.0
71,34001,211,1.95
71,36001,211,2.07
71,38001,211,1.79
71,40001,211,1.85
71,42001,211,1.69
71,44001,211,1.68
71,46001,211,1.83
71,48001,211,1.93
71,50001,211,2.12
71,52001,211,2.14
71,54001,211,2.42
71,56001,211,2.39
71,58001,211,2.29
71,60001,211,2.24
71,62001,211,2.12
71,64001,211,2.16
71,65535,211,1.97
71,1,221,1.96
71,2001,221,1.98
71,4001,221,2.07
71,6001,221,2.19
71,8001,221,2.26
71,10001,221,2.34
71,12001,221,2.29
71,14001,221,2.22
71,16001,221,2.06
71,18001,221,2.02
71,20001,221,1.84
71,22001,221,1.56
71,24001,221,1.67
71,26001,221,1.71
71,28001,221,1.76
71,30001,221,1.9
71,32001,221,1.82
71,34001,221,1.84
71,36001,221,1.79
71,38001,221,1.81
71,40001,221,1.69
71,42001,221,1.6
71,44001,221,1.55
71,46001,221,1.79
71,48001,221,1.84
71,50001,221,1.96
71,52001,221,2.15
71,54001,221,2.35
71,56001,221,2.29
71,58001,221,2.28
71,60001,221,2.14
71,62001,221,2.08
71,64001,221,2.06
71,65535,221,2.04
71,1,231,2.01
71,2001,231,2.03
71,4001,231,2.06
71,6001,231,2.23
71,8001,231,2.31
71,10001,231,2.4
71,12001,231,2.3
71,14001,231,2.2
71,16001,231,2.04
71,18001,231,1.87
71,20001,231,1.73
71,22001,231,1.71
71,24001,231,1.61
71,26001,231,1.62
71,28001,231,1.8
71,30001,231,1.76
71,32001,231,2.01
71,34001,231,1.87
71,36001,231,1.85
71,38001,231,1.83
71,40001,231,1.59
71,42001,231,1.66
71,44001,231,1.58
71,46001,231,1.64
71,48001,231,1.75
71,50001,231,2.01
71,52001,231,2.11
71,54001,231,2.32
71,56001,231,2.37
71,58001,231,2.24
71,60001,231,1.95
71,62001,231,2.11
71,64001,231,2.03
71,65535,231,2.0
71,1,241,2.0
71,2001,241,2.04
71,4001,241,1.98
71,6001,241,2.11
71,8001,241,2.25
71,10001,241,2.3
71,12001,241,2.22
71,14001,241,2.21
71,16001,241,2.15
71,18001,241,1.84
71,20001,241,1.68
71,22001,241,1.57
71,24001,241,1.51
71,26001,241,1.61
71,28001,241,1.7
71,30001,241,1.68
71,32001,241,1.86
71,34001,241,1.89
71,36001,241,1.77
71,38001,241,1.86
71,40001,241,1.6
71,42001,241,1.73
71,44001,241,1.54
71,46001,241,1.6
71,48001,241,1.8
71,50001,241,2.01
71,52001,241,2.17
71,54001,241,2.33
71,56001,241,2.43
71,58001,241,2.22
71,60001,241,2.13
71,62001,241,2.11
71,64001,241,2.07
71,65535,241,2.0
71,1,251,1.94
71,2001,251,1.91
71,4001,251,2.07
71,6001,251,2.14
71,8001,251,2.15
71,10001,251,2.19
71,12001,251,2.36
71,14001,251,2.22
71,16001,251,2.06
71,18001,251,1.81
71,20001,251,1.67
71,22001,251,1.51
71,24001,251,1.54
71,26001,251,1.56
71,28001,251,1.67
71,30001,251,1.76
71,32001,251,1.82
71,34001,251,1.75
71,36001,251,1.7
71,38001,251,1.73
71,40001,251,1.61
71,42001,251,1.56
71,44001,251,1.64
71,46001,251,1.51
71,48001,251,1.71
71,50001,251,1.93
71,52001,251,2.22
71,54001,251,2.42
71,56001,251,2.44
71,58001,251,2.25
71,60001,251,2.17
71,62001,251,2.09
71,64001,251,1.97
71,65535,251,1.94
71,1,254,1.95
71,2001,254,1.99
71,4001,254,1.99
71,6001,254,2.19
71,8001,254,2.1
71,10001,254,2.26
71,12001,254,2.33
71,14001,254,2.15
71,16001,254,2.08
71,18001,254,1.79
71,20001,254,1.76
71,22001,254,1.51
71,24001,254,1.5
71,26001,254,1.58
71,28001,254,1.59
71,30001,254,1.85
71,32001,254,1.67
71,34001,254,1.9
71,36001,254,1.9
71,38001,254,1.66
71,40001,254,1.72
71,42001,254,1.67
71,44001,254,1.5
71,46001,254,1.62
71,48001,254,1.79
71,50001,254,2.04
71,52001,254,2.03
71,54001,254,2.51
71,56001,254,2.41
71,58001,254,2.3
71,60001,254,2.26
71,62001,254,2.04
71,64001,254,1.97
71,65535,254,1.99
81,1,1,3.08
81,2001,1,3.16
81,4001,1,3.13
81,6001,1,3.08
81,8001,1,3.16
81,10001,1,3.16
81,12001,1,3.13
81,14001,1,3.14
81,16001,1,3.18
81,18001,1,3.1
81,20001,1,3.15
81,22001,1,3.13
81,24001,1,3.12
81,26001,1,3.18
81,28001,1,3.18
81,30001,1,3.14
81,32001,1,3.18
81,34001,1,3.19
81,36001,1,3.12
81,38001,1,3.05
81,40001,1,3.14
81,42001,1,3.05
81,44001,1,3.04
81,46001,1,3.12
81,48001,1,3.02
81,50001,1,3.07
81,52001,1,3.07
81,54001,1,3.1
81,56001,1,3.1
81,58001,1,3.14
81,60001,1,3.13
81,62001,1,3.19
81,64001,1,3.16
81,65535,1,3.13
81,1,11,3.04
81,2001,11,2.97
81,4001,11,3.07
81,6001,11,3.01
81,8001,11,3.02
81,10001,11,3.05
81,12001,11,3.08
81,14001,11,3.01
81,16001,11,2.9
81,18001,11,2.9
81,20001,11,2.98
81,22001,11,3.0
81,24001,11,3.03
81,26001,11,2.89
81,28001,11,2.95
81,30001,11,2.9
81,32001,11,3.03
81,34001,11,3.03
81,36001,11,2.93
81,38001,11,2.94
81,40001,11,2.91
81,42001,11,2.91
81,44001,11,3.01
81,46001,11,2.97
81,48001,11,3.0
81,50001,11,3.06
81,52001,11,3.03
81,54001,11,3.01
81,56001,11,3.01
81,58001,11,3.0
81,60001,11,2.94
81,62001,11,2.96
81,64001,11,2.98
81,65535,11,3.1
81,1,21,2.89
81,2001,21,2.9
81,4001,21,2.99
81,6001,21,3.0
81,8001,21,2.95
81,10001,21,2.88
81,12001,21,3.01
81,14001,21,2.98
81,16001,21,2.96
81,18001,21,2.91
81,20001,21,2.89
81,22001,21,2.92
81,24001,21,2.93
81,26001,21,2.95
81,28001,21,2.93
81,30001,21,2.98
81,32001,21,2.94
81,34001,21,2.96
81,36001,21,2.92
81,38001,21,2.98
81,40001,21,2.86
81,42001,21,2.85
81,44001,21,2.93
81,46001,21,2.83
81,48001,21,3.0
81,50001,21,2.9
81,52001,21,3.02
81,54001,21,2.98
81,56001,21,3.06
81,58001,21,2.97
81,60001,21,2.9
81,62001,21,3.0
81,64001,21,2.98
81,65535,21,2.87
81,1,31,2.95
81,2001,31,2.96
81,4001,31,2.93
81,6001,31,2.87
81,8001,31,2.91
81,10001,31,2.94
81,12001,31,2.93
81,14001,31,2.89
81,16001,31,2.9
81,18001,31,2.79
81,20001,31,2.82
81,22001,31,2.84
81,24001,31,2.84
81,26001,31,2.77
81,28001,31,2.91
81,30001,31,2.84
81,32001,31,2.91
81,34001,31,2.93
81,36001,31,2.93
81,38001,31,2.89
81,40001,31,2.74
81,42001,31,2.81
81,44001,31,2.82
81,46001,31,2.85
81,48001,31,2.87
81,50001,31,2.9
81,52001,31,2.92
81,54001,31,2.94
81,56001,31,2.95
81,58001,31,2.95
81,60001,31,3.03
81,62001,31,2.92
81,64001,31,2.83
81,65535,31,2.75
81,1,41,2.84
81,2001,41,2.7
81,4001,41,2.84
81,6001,41,2.86
81,8001,41,2.89
81,10001,41,2.9
81,12001,41,2.86
81,14001,41,2.85
81,16001,41,2.85
81,18001,41,2.8
81,20001,41,2.81
81,22001,41,2.67
81,24001,41,2.74
81,26001,41,2.71
81,28001,41,2.81
81,30001,41,2.68
81,32001,41,2.85
81,34001,41,2.81
81,36001,41,2.88
81,38001,41,2.81
81,40001,41,2.66
81,42001,41,2.72
81,44001,41,2.71
81,46001,41,2.76
81,48001,41,2.8
81,50001,41,2.82
81,52001,41,2.89
81,54001,41,2.9
81,56001,41,2.94
81,58001,41,2.91
81,60001,41,2.77
81,62001,41,2.79
81,64001,41,2.85
81,65535,41,2.82
81,1,51,2.75
81,2001,51,2.75
81,4001,51,2.74
81,6001,51,2.84
81,8001,51,2.88
81,10001,51,2.92
81,12001,51,2.91
81,14001,51,2.74
81,16001,51,2.87
81,18001,51,2.7
81,20001,51,2.61
81,22001,51,2.68
81,24001,51,2.71
81,26001,51,2.68
81,28001,51,2.72
81,30001,51,2.72
81,32001,51,2.72
81,34001,51,2.82
81,36001,51,2.78
81,38001,51,2.76
81,40001,51,2.71
81,42001,51,2.73
81,44001,51,2.62
81,46001,51,2.6
81,48001,51,2.79
81,50001,51,2.75
81,52001,51,2.85
81,54001,51,2.85
81,56001,51,2.95
81,58001,51,2.88
81,60001,51,2.85
81,62001,51,2.79
81,64001,51,2.8
81,65535,51,2.76
81,1,61,2.7
81,2001,61,2.65
81,4001,61,2.8
81,6001,61,2.87
81,8001,61,2.86
81,10001,61,2.88
81,12001,61,2.87
81,14001,61,2.64
81,16001,61,2.71
81,18001,61,2.75
81,20001,61,2.61
81,22001,61,2.53
81,24001,61,2.59
81,26001,61,2.64
81,28001,61,2.64
81,30001,61,2.69
81,32001,61,2.76
81,34001,61,2.76
81,36001,61,2.8
81,38001,61,2.67
81,40001,61,2.7
81,42001,61,2.58
81,44001,61,2.56
81,46001,61,2.62
81,48001,61,2.81
81,50001,61,2.83
81,52001,61,2.83
81,54001,61,2.89
81,56001,61,2.85
81,58001,61,2.8
81,60001,61,2.82
81,62001,61,2.77
81,64001,61,2.76
81,65535,61,2.61
81,1,71,2.72
81,2001,71,2.6
81,4001,71,2.71
81,6001,71,2.63
81,8001,71,2.8
81,10001,71,2.73
81,12001,71,2.83
81,14001,71,2.77
81,16001,71,2.76
81,18001,71,2.69
81,20001,71,2.67
81,22001,71,2.49
81,24001,71,2.57
81,26001,71,2.62
81,28001,71,2.73
81,30001,71,2.7
81,32001,71,2.71
81,34001,71,2.77
81,36001,71,2.69
81,38001,71,2.62
81,40001,71,2.63
81,42001,71,2.51
81,44001,71,2.55
81,46001,71,2.49
81,48001,71,2.6
81,50001,71,2.55
81,52001,71,2.72
81,54001,71,2.78
81,56001,71,2.77
81,58001,71,2.82
81,60001,71,2.8
81,62001,71,2.66
81,64001,71,2.68
81,65535,71,2.63
81,1,81,2.6
81,2001,81,2.68
81,4001,81,2.67
81,6001,81,2.73
81,8001,81,2.72
81,10001,81,2.78
81,12001,81,2.78
81,14001,81,2.73
81,16001,81,2.72
81,18001,81,2.6
81,20001,81,2.58
81,22001,81,2.48
81,24001,81,2.49
81,26001,81,2.58
81,28001,81,2.58
81,30001,81,2.53
81,32001,81,2.56
81,34001,81,2.76
81,36001,81,2.61
81,38001,81,2.54
81,40001,81,2.53
81,42001,81,2.45
81,44001,81,2.45
81,46001,81,2.52
81,48001,81,2.52
81,50001,81,2.6
81,52001,81,2.68
81,54001,81,2.92
81,56001,81,2.71
81,58001,81,2.8
81,60001,81,2.69
81,62001,81,2.64
81,64001,81,2.7
81,65535,81,2.61
81,1,91,2.53
81,2001,91,2.54
81,4001,91,2.67
81,6001,91,2.71
81,8001,91,2.78
81,10001,91,2.79
81,12001,91,2.69
81,14001,91,2.73
81,16001,91,2.58
81,18001,91,2.48
81,20001,91,2.46
81,22001,91,2.39
81,24001,91,2.51
81,26001,91,2.44
81,28001,91,2.43
81,30001,91,2.56
81,32001,91,2.71
81,34001,91,2.63
81,36001,91,2.64
81,38001,91,2.4
81,40001,91,2.47
81,42001,91,2.42
81,44001,91,2.47
81,46001,91,2.62
81,48001,91,2.55
81,50001,91,2.66
81,52001,91,2.71
81,54001,91,2.78
81,56001,91,2.86
81,58001,91,2.71
81,60001,91,2.71
81,62001,91,2.63
81,64001,91,2.58
81,65535,91,2.57
81,1,101,2.53
81,2001,101,2.53
81,4001,101,2.62
81,6001,101,2.6
81,8001,101,2.66
81,10001,101,2.74
81,12001,101,2.76
81,14001,101,2.67
81,16001,101,2.57
81,18001,101,2.45
81,20001,101,2.4
81,22001,101,2.33
81,24001,101,2.39
81,26001,101,2.35
81,28001,101,2.49
81,30001,101,2.56
81,32001,101,2.43
81,34001,101,2.62
81,36001,101,2.55
81,38001,101,2.5
81,40001,101,2.37
81,42001,101,2.39
81,44001,101,2.31
81,46001,101,2.52
81,48001,101,2.47
81,50001,101,2.56
81,52001,101,2.68
81,54001,101,2.7
81,56001,101,2.72
81,58001,101,2.65
81,60001,101,2.68
81,62001,101,2.65
81,64001,101,2.7
81,65535,101,2.66
81,1,111,2.48
81,2001,111,2.55
81,4001,111,2.5
81,6001,111,2.57
81,8001,111,2.69
81,10001,111,2.73
81,12001,111,2.74
81,14001,111,2.61
81,16001,111,2.5
81,18001,111,2.4
81,20001,111,2.41
81,22001,111,2.29
81,24001,111,2.16
81,26001,111,2.3
81,28001,111,2.33
81,30001,111,2.47
81,32001,111,2.43
81,34001,111,2.53
81,36001,111,2.54
81,38001,111,2.4
81,40001,111,2.4
81,42001,111,2.23
81,44001,111,2.27
81,46001,111,2.28
81,48001,111,2.37
81,50001,111,2.49
81,52001,111,2.62
81,54001,111,2.76
81,56001,111,2.76
81,58001,111,2.65
81,60001,111,2.68
81,62001,111,2.59
81,64001,111,2.43
81,65535,111,2.43
81,1,121,2.41
81,2001,121,2.37
81,4001,121,2.49
81,6001,121,2.54
81,8001,121,2.65
81,10001,121,2.6
81,12001,121,2.74
81,14001,121,2.66
81,16001,121,2.54
81,18001,121,2.45
81,20001,121,2.33
81,22001,121,2.26
81,24001,121,2.26
81,26001,121,2.27
81,28001,121,2.32
81,30001,121,2.39
81,32001,121,2.54
81,34001,121,2.46
81,36001,121,2.44
81,38001,121,2.35
81,40001,121,2.38
81,42001,121,2.28
81,44001,121,2.13
81,46001,121,2.24
81,48001,121,2.4
81,50001,121,2.55
81,52001,121,2.51
81,54001,121,2.65
81,56001,121,2.73
81,58001,121,2.61
81,60001,121,2.63
81,62001,121,2.55
81,64001,121,2.43
81,65535,121,2.48
81,1,131,2.3
81,2001,131,2.34
81,4001,131,2.48
81,6001,131,2.49
81,8001,131,2.48
81,10001,131,2.68
81,12001,131,2.81
81,14001,131,2.63
81,16001,131,2.53
81,18001,131,2.3
81,20001,131,2.26
81,22001,131,2.14
81,24001,131,2.05
81,26001,131,2.18
81,28001,131,2.25
81,30001,131,2.32
81,32001,131,2.35
81,34001,131,2.35
81,36001,131,2.44
81,38001,131,2.25
81,40001,131,2.25
81,42001,131,2.14
81,44001,131,2.2
81,46001,131,2.18
81,48001,131,2.24
81,50001,131,2.36
81,52001,131,2.52
81,54001,131,2.69
81,56001,131,2.7
81,58001,131,2.58
81,60001,131,2.59
81,62001,131,2.49
81,64001,131,2.49
81,65535,131,2.38
81,1,141,2.32
81,2001,141,2.33
81,4001,141,2.42
81,6001,141,2.41
81,8001,141,2.57
81,10001,141,2.76
81,12001,141,2.75
81,14001,141,2.51
81,16001,141,2.56
81,18001,141,2.28
81,20001,141,2.19
81,22001,141,2.14
81,24001,141,2.11
81,26001,141,2.19
81,28001,141,2.33
81,30001,141,2.26
81,32001,141,2.35
81,34001,141,2.4
81,36001,141,2.28
81,38001,141,2.29
81,40001,141,2.15
81,42001,141,2.02
81,44001,141,2.12
81,46001,141,2.07
81,48001,141,2.22
81,50001,141,2.36
81,52001,141,2.56
81,54001,141,2.65
81,56001,141,2.64
81,58001,141,2.7
81,60001,141,2.53
81,62001,141,2.47
81,64001,141,2.35
81,65535,141,2.33
81,1,151,2.29
81,2001,151,2.27
81,4001,151,2.4
81,6001,151,2.47
81,8001,151,2.56
81,10001,151,2.56
81,12001,151,2.62
81,14001,151,2.59
81,16001,151,2.44
81,18001,151,2.3
81,20001,151,2.23
81,22001,151,1.92
81,24001,151,1.91
81,26001,151,2.13
81,28001,151,2.05
81,30001,151,2.27
81,32001,151,2.31
81,34001,151,2.37
81,36001,151,2.39
81,38001,151,2.25
81,40001,151,2.11
81,42001,151,2.13
81,44001,151,2.03
81,46001,151,2.19
81,48001,151,2.08
81,50001,151,2.29
81,52001,151,2.42
81,54001,151,2.52
81,56001,151,2.7
81,58001,151,2.51
81,60001,151,2.43
81,62001,151,2.36
81,64001,151,2.33
81,65535,151,2.38
81,1,161,2.3
81,2001,161,2.31
81,4001,161,2.4
81,6001,161,2.42
81,8001,161,2.44
81,10001,161,2.63
81,12001,161,2.59
81,14001,161,2.45
81,16001,161,2.37
81,18001,161,2.12
81,20001,161,2.08
81,22001,161,2.03
81,24001,161,1.98
81,26001,161,2.09
81,28001,161,2.08
81,30001,161,2.06
81,32001,161,2.21
81,34001,161,2.32
81,36001,161,2.28
81,38001,161,2.14
81,40001,161,2.09
81,42001,161,1.96
81,44001,161,2.04
81,46001,161,1.98
81,48001,161,2.22
81,50001,161,2.3
81,52001,161,2.48
81,54001,161,2.51
81,56001,161,2.55
81,58001,161,2.49
81,60001,161,2.55
81,62001,161,2.54
81,64001,161,2.38
81,65535,161,2.23
81,1,171,2.26
81,2001,171,2.3
81,4001,171,2.19
81,6001,171,2.34
81,8001,171,2.4
81,10001,171,2.54
81,12001,171,2.6
81,14001,171,2.51
81,16001,171,2.31
81,18001,171,2.42
81,20001,171,2.09
81,22001,171,2.01
81,24001,171,1.96
81,26001,171,1.86
81,28001,171,1.98
81,30001,171,2.03
81,32001,171,2.25
81,34001,171,2.27
81,36001,171,2.24
81,38001,171,2.06
81,40001,171,1.97
81,42001,171,1.92
81,44001,171,2.0
81,46001,171,1.96
81,48001,171,2.11
81,50001,171,2.3
81,52001,171,2.45
81,54001,171,2.54
81,56001,171,2.66
81,58001,171,2.48
81,60001,171,2.52
81,62001,171,2.41
81,64001,171,2.35
81,65535,171,2.27
81,1,181,2.21
81,2001,181,2.25
81,4001,181,2.27
81,6001,181,2.37
81,8001,181,2.49
81,10001,181,2.58
81,12001,181,2.43
81,14001,181,2.5
81,16001,181,2.33
81,18001,181,2.23
81,20001,181,1.98
81,22001,181,1.88
81,24001,181,1.8
81,26001,181,1.9
81,28001,181,2.02
81,30001,181,2.18
81,32001,181,2.21
81,34001,181,2.26
81,36001,181,2.17
81,38001,181,2.13
81,40001,181,1.99
81,42001,181,1.99
81,44001,181,1.84
81,46001,181,1.98
81,48001,181,2.19
81,50001,181,2.06
81,52001,181,2.42
81,54001,181,2.63
81,56001,181,2.52
81,58001,181,2.43
81,60001,181,2.39
81,62001,181,2.27
81,64001,181,2.35
81,65535,181,2.31
81,1,191,2.24
81,2001,191,2.23
81,4001,191,2.18
81,6001,191,2.43
81,8001,191,2.48
81,10001,191,2.53
81,12001,191,2.55
81,14001,191,2.51
81,16001,191,2.2
81,18001,191,2.08
81,20001,191,1.94
81,22001,191,1.82
81,24001,191,1.87
81,26001,191,1.94
81,28001,191,1.9
81,30001,191,2.06
81,32001,191,2.18
81,34001,191,2.29
81,36001,191,2.02
81,38001,191,1.94
81,40001,191,1.97
81,42001,191,1.96
81,44001,191,1.88
81,46001,191,1.85
81,48001,191,2.11
81,50001,191,2.13
81,52001,191,2.29
81,54001,191,2.56
81,56001,191,2.56
81,58001,191,2.48
81,60001,191,2.44
81,62001,191,2.31
81,64001,191,2.2
81,65535,191,2.26
81,1,201,2.16
81,2001,201,2.19
81,4001,201,2.28
81,6001,201,2.21
81,8001,201,2.3
81,10001,201,2.45
81,12001,201,2.34
81,14001,201,2.26
81,16001,201,2.2
81,18001,201,1.94
81,20001,201,2.01
81,22001,201,1.82
81,24001,201,1.7
81,26001,201,1.82
81,28001,201,1.96
81,30001,201,2.04
81,32001,201,2.17
81,34001,201,2.19
81,36001,201,2.04
81,38001,201,1.96
81,40001,201,1.96
81,42001,201,1.83
81,44001,201,1.75
81,46001,201,1.81
81,48001,201,2.05
81,50001,201,2.06
81,52001,201,2.43
81,54001,201,2.32
81,56001,201,2.56
81,58001,201,2.54
81,60001,201,2.33
81,62001,201,2.33
81,64001,201,2.21
81,65535,201,2.18
81,1,211,2.14
81,2001,211,2.13
81,4001,211,2.28
81,6001,211,2.3
81,8001,211,2.29
81,10001,211,2.49
81,12001,211,2.44
81,14001,211,2.42
81,16001,211,2.29
81,18001,211,2.17
81,20001,211,1.88
81,22001,211,1.85
81,24001,211,1.72
81,26001,211,1.79
81,28001,211,1.94
81,30001,211,1.84
81,32001,211,2.02
81,34001,211,2.2
81,36001,211,2.07
81,38001,211,2.06
81,40001,211,1.84
81,42001,211,1.82
81,44001,211,1.7
81,46001,211,1.83
81,48001,211,2.0
81,50001,211,2.17
81,52001,211,2.45
81,54001,211,2.46
81,56001,211,2.52
81,58001,211,2.53
81,60001,211,2.37
81,62001,211,2.32
81,64001,211,2.2
81,65535,211,2.09
81,1,221,2.11
81,2001,221,2.2
81,4001,221,2.15
81,6001,221,2.16
81,8001,221,2.46
81,10001,221,2.42
81,12001,221,2.44
81,14001,221,2.53
81,16001,221,2.1
81,18001,221,2.15
81,20001,221,1.8
81,22001,221,1.77
81,24001,221,1.69
81,26001,221,1.74
81,28001,221,1.8
81,30001,221,1.93
81,32001,221,2.03
81,34001,221,1.98
81,36001,221,1.97
81,38001,221,1.85
81,40001,221,1.85
81,42001,221,1.8
81,44001,221,1.78
81,46001,221,1.92
81,48001,221,1.95
81,50001,221,2.1
81,52001,221,2.37
81,54001,221,2.31
81,56001,221,2.56
81,58001,221,2.31
81,60001,221,2.35
81,62001,221,2.32
81,64001,221,2.26
81,65535,221,2.14
81,1,231,2.11
81,2001,231,2.11
81,4001,231,2.18
81,6001,231,2.32
81,8001,231,2.25
81,10001,231,2.46
81,12001,231,2.44
81,14001,231,2.37
81,16001,231,2.14
81,18001,231,1.9
81,20001,231,1.82
81,22001,231,1.74
81,24001,231,1.57
81,26001,231,1.69
81,28001,231,1.79
81,30001,231,1.91
81,32001,231,2.0
81,34001,231,2.03
81,36001,231,1.98
81,38001,231,1.92
81,40001,231,1.86
81,42001,231,1.7
81,44001,231,1.65
81,46001,231,1.88
81,48001,231,2.02
81,50001,231,2.11
81,52001,231,2.28
81,54001,231,2.58
81,56001,231,2.52
81,58001,231,2.41
81,60001,231,2.28
81,62001,231,2.4
81,64001,231,2.21
81,65535,231,2.13
81,1,241,2.13
81,2001,241,2.05
81,4001,241,2.22
81,6001,241,2.2
81,8001,241,2.39
81,10001,241,2.36
81,12001,241,2.5
81,14001,241,2.2
81,16001,241,2.1
81,18001,241,1.92
81,20001,241,1.8
81,22001,241,1.77
81,24001,241,1.7
81,26001,241,1.64
81,28001,241,1.71
81,30001,241,1.74
81,32001,241,2.01
81,34001,241,2.06
81,36001,241,1.97
81,38001,241,1.91
81,40001,241,1.76
81,42001,241,1.78
81,44001,241,1.63
81,46001,241,1.63
81,48001,241,1.8
81,50001,241,1.93
81,52001,241,1.95
81,54001,241,2.49
81,56001,241,2.56
81,58001,241,2.46
81,60001,241,2.31
81,62001,241,2.26
81,64001,241,2.23
81,65535,241,2.26
81,1,251,2.14
81,2001,251,2.13
81,4001,251,2.18
81,6001,251,2.27
81,8001,251,2.35
81,10001,251,2.39
81,12001,251,2.51
81,14001,251,2.37
81,16001,251,2.08
81,18001,251,2.0
81,20001,251,1.66
81,22001,251,1.72
81,24001,251,1.63
81,26001,251,1.58
81,28001,251,1.76
81,30001,251,1.78
81,32001,251,1.99
81,34001,251,2.09
81,36001,251,1.99
81,38001,251,1.89
81,40001,251,1.64
81,42001,251,1.56
81,44001,251,1.56
81,46001,251,1.69
81,48001,251,1.91
81,50001,251,2.05
81,52001,251,2.22
81,54001,251,2.51
81,56001,251,2.53
81,58001,251,2.33
81,60001,251,2.31
81,62001,251,2.26
81,64001,251,2.22
81,65535,251,2.2
81,1,254,2.06
81,2001,254,2.11
81,4001,254,2.18
81,6001,254,2.19
81,8001,254,2.37
81,10001,254,2.48
81,12001,254,2.45
81,14001,254,2.37
81,16001,254,2.2
81,18001,254,2.02
81,20001,254,1.82
81,22001,254,1.65
81,24001,254,1.58
81,26001,254,1.61
81,28001,254,1.71
81,30001,254,1.85
81,32001,254,1.93
81,34001,254,1.96
81,36001,254,1.92
81,38001,254,1.78
81,40001,254,1.78
81,42001,254,1.7
81,44001,254,1.58
81,46001,254,1.72
81,48001,254,1.87
81,50001,254,1.93
81,52001,254,2.41
81,54001,254,2.36
81,56001,254,2.5
81,58001,254,2.45
81,60001,254,2.44
81,62001,254,2.44
81,64001,254,2.38
81,65535,254,2.23
91,1,1,2.58
91,2001,1,3.14
91,4001,1,3.29
91,6001,1,3.26
91,8001,1,3.39
91,10001,1,3.31
91,12001,1,3.37
91,14001,1,3.3
91,16001,1,3.34
91,18001,1,3.33
91,20001,1,3.32
91,22001,1,3.35
91,24001,1,3.31
91,26001,1,3.3
91,28001,1,3.22
91,30001,1,3.27
91,32001,1,3.3
91,34001,1,3.4
91,36001,1,3.31
91,38001,1,3.42
91,40001,1,3.33
91,42001,1,3.26
91,44001,1,3.24
91,46001,1,3.35
91,48001,1,3.26
91,50001,1,3.28
91,52001,1,3.22
91,54001,1,3.29
91,56001,1,3.28
91,58001,1,3.35
91,60001,1,3.34
91,62001,1,3.19
91,64001,1,3.4
91,65535,1,3.18
91,1,11,3.24
91,2001,11,3.25
91,4001,11,3.3
91,6001,11,3.13
91,8001,11,3.36
91,10001,11,3.16
91,12001,11,3.33
91,14001,11,3.25
91,16001,11,3.26
91,18001,11,3.16
91,20001,11,3.25
91,22001,11,3.25
91,24001,11,3.26
91,26001,11,3.25
91,28001,11,3.22
91,30001,11,3.33
91,32001,11,3.24
91,34001,11,3.21
91,36001,11,3.17
91,38001,11,3.16
91,40001,11,3.31
91,42001,11,3.15
91,44001,11,3.15
91,46001,11,3.26
91,48001,11,3.17
91,50001,11,3.24
91,52001,11,3.34
91,54001,11,3.36
91,56001,11,3.24
91,58001,11,3.31
91,60001,11,3.22
91,62001,11,3.31
91,64001,11,3.3
91,65535,11,3.31
91,1,21,3.31
91,2001,21,3.25
91,4001,21,3.18
91,6001,21,3.16
91,8001,21,3.22
91,10001,21,3.22
91,12001,21,3.34
91,14001,21,3.15
91,16001,21,3.12
91,18001,21,3.18
91,20001,21,3.18
91,22001,21,3.1
91,24001,21,3.18
91,26001,21,3.14
91,28001,21,3.14
91,30001,21,3.1
91,32001,21,3.2
91,34001,21,3.14
91,36001,21,3.15
91,38001,21,3.18
91,40001,21,3.1
91,42001,21,3.07
91,44001,21,3.16
91,46001,21,3.16
91,48001,21,3.16
91,50001,21,3.17
91,52001,21,3.21
91,54001,21,3.27
91,56001,21,3.29
91,58001,21,3.18
91,60001,21,3.39
91,62001,21,3.13
91,64001,21,3.22
91,65535,21,3.25
91,1,31,3.12
91,2001,31,3.01
91,4001,31,3.08
91,6001,31,3.16
91,8001,31,3.2
91,10001,31,3.19
91,12001,31,3.12
91,14001,31,3.12
91,16001,31,3.22
91,18001,31,3.05
91,20001,31,3.07
91,22001,31,2.96
91,24001,31,3.01
91,26001,31,3.08
91,28001,31,3.16
91,30001,31,3.13
91,32001,31,3.18
91,34001,31,3.09
91,36001,31,3.15
91,38001,31,3.25
91,40001,31,3.02
91,42001,31,3.06
91,44001,31,3.09
91,46001,31,3.08
91,48001,31,3.08
91,50001,31,3.08
91,52001,31,3.14
91,54001,31,3.19
91,56001,31,3.16
91,58001,31,3.28
91,60001,31,3.1
91,62001,31,3.09
91,64001,31,3.2
91,65535,31,3.16
91,1,41,2.94
91,2001,41,3.08
91,4001,41,3.09
91,6001,41,3.09
91,8001,41,3.18
91,10001,41,3.17
91,12001,41,3.1
91,14001,41,3.16
91,16001,41,3.14
91,18001,41,3.02
91,20001,41,3.01
91,22001,41,2.93
91,24001,41,2.99
91,26001,41,2.99
91,28001,41,3.06
91,30001,41,3.09
91,32001,41,2.97
91,34001,41,3.14
91,36001,41,3.09
91,38001,41,3.0
91,40001,41,2.98
91,42001,41,3.02
91,44001,41,2.92
91,46001,41,2.99
91,48001,41,3.02
91,50001,41,3.04
91,52001,41,3.13
91,54001,41,3.13
91,56001,41,3.19
91,58001,41,3.15
91,60001,41,3.02
91,62001,41,3.08
91,64001,41,3.08
91,65535,41,3.06
91,1,51,2.97
91,2001,51,3.0
91,4001,51,2.99
91,6001,51,3.16
91,8001,51,3.02
91,10001,51,3.09
91,12001,51,3.13
91,14001,51,3.02
91,16001,51,3.05
91,18001,51,2.98
91,20001,51,3.0
91,22001,51,2.82
91,24001,51,2.81
91,26001,51,2.99
91,28001,51,2.91
91,30001,51,2.97
91,32001,51,3.04
91,34001,51,3.07
91,36001,51,2.96
91,38001,51,2.97
91,40001,51,2.99
91,42001,51,2.84
91,44001,51,2.91
91,46001,51,2.9
91,48001,51,2.92
91,50001,51,3.07
91,52001,51,3.14
91,54001,51,3.18
91,56001,51,3.14
91,58001,51,3.13
91,60001,51,3.16
91,62001,51,3.05
91,64001,51,2.92
91,65535,51,2.99
91,1,61,2.88
91,2001,61,2.91
91,4001,61,2.83
91,6001,61,3.05
91,8001,61,3.0
91,10001,61,3.06
91,12001,61,3.11
91,14001,61,3.03
91,16001,61,2.97
91,18001,61,2.87
91,20001,61,2.95
91,22001,61,2.77
91,24001,61,2.8
91,26001,61,2.89
91,28001,61,2.95
91,30001,61,2.87
91,32001,61,2.93
91,34001,61,3.06
91,36001,61,2.98
91,38001,61,2.82
91,40001,61,2.94
91,42001,61,2.85
91,44001,61,2.88
91,46001,61,2.87
91,48001,61,2.89
91,50001,61,2.99
91,52001,61,3.01
91,54001,61,3.06
91,56001,61,3.13
91,58001,61,3.0
91,60001,61,3.05
91,62001,61,3.1
91,64001,61,2.98
91,65535,61,2.95
91,1,71,2.84
91,2001,71,2.94
91,4001,71,2.88
91,6001,71,2.93
91,8001,71,3.0
91,10001,71,3.05
91,12001,71,3.0
91,14001,71,2.94
91,16001,71,2.91
91,18001,71,2.7
91,20001,71,2.77
91,22001,71,2.72
91,24001,71,2.8
91,26001,71,2.81
91,28001,71,2.8
91,30001,71,2.95
91,32001,71,2.88
91,34001,71,2.93
91,36001,71,2.99
91,38001,71,2.85
91,40001,71,2.87
91,42001,71,2.73
91,44001,71,2.79
91,46001,71,2.71
91,48001,71,2.8
91,50001,71,2.9
91,52001,71,2.98
91,54001,71,2.97
91,56001,71,3.1
91,58001,71,3.05
91,60001,71,2.91
91,62001,71,2.93
91,64001,71,2.85
91,65535,71,2.97
91,1,81,2.81
91,2001,81,2.83
91,4001,81,2.87
91,6001,81,2.94
91,8001,81,2.97
91,10001,81,2.97
91,12001,81,3.1
91,14001,81,2.92
91,16001,81,2.8
91,18001,81,2.82
91,20001,81,2.76
91,22001,81,2.62
91,24001,81,2.69
91,26001,81,2.78
91,28001,81,2.65
91,30001,81,2.9
91,32001,81,2.81
91,34001,81,2.88
91,36001,81,2.9
91,38001,81,2.85
91,40001,81,2.8
91,42001,81,2.62
91,44001,81,2.64
91,46001,81,2.8
91,48001,81,2.76
91,50001,81,2.73
91,52001,81,2.94
91,54001,81,3.01
91,56001,81,2.93
91,58001,81,3.03
91,60001,81,3.07
91,62001,81,2.81
91,64001,81,2.92
91,65535,81,2.82
91,1,91,2.8
91,2001,91,2.69
91,4001,91,2.78
91,6001,91,2.9
91,8001,91,2.84
91,10001,91,3.01
91,12001,91,2.96
91,14001,91,2.86
91,16001,91,2.93
91,18001,91,2.84
91,20001,91,2.71
91,22001,91,2.54
91,24001,91,2.61
91,26001,91,2.59
91,28001,91,2.67
91,30001,91,2.81
91,32001,91,2.77
91,34001,91,2.86
91,36001,91,2.86
91,38001,91,2.67
91,40001,91,2.64
91,42001,91,2.63
91,44001,91,2.64
91,46001,91,2.61
91,48001,91,2.7
91,50001,91,2.71
91,52001,91,2.8
91,54001,91,3.03
91,56001,91,2.95
91,58001,91,3.01
91,60001,91,2.89
91,62001,91,2.79
91,64001,91,2.83
91,65535,91,2.82
91,1,101,2.68
91,2001,101,2.61
91,4001,101,2.69
91,6001,101,2.88
91,8001,101,2.91
91,10001,101,2.84
91,12001,101,2.95
91,14001,101,2.91
91,16001,101,2.84
91,18001,101,2.66
91,20001,101,2.58
91,22001,101,2.42
91,24001,101,2.61
91,26001,101,2.65
91,28001,101,2.64
91,30001,101,2.6
91,32001,101,2.65
91,34001,101,2.67
91,36001,101,2.56
91,38001,101,2.75
91,40001,101,2.56
91,42001,101,2.52
91,44001,101,2.47
91,46001,101,2.57
91,48001,101,2.59
91,50001,101,2.79
91,52001,101,2.78
91,54001,101,2.81
91,56001,101,3.04
91,58001,101,2.89
91,60001,101,2.85
91,62001,101,2.93
91,64001,101,2.83
91,65535,101,2.69
91,1,111,2.61
91,2001,111,2.67
91,4001,111,2.73
91,6001,111,2.85
91,8001,111,2.83
91,10001,111,2.87
91,12001,111,2.96
91,14001,111,2.78
91,16001,111,2.79
91,18001,111,2.91
91,20001,111,2.6
91,22001,111,2.39
91,24001,111,2.55
91,26001,111,2.58
91,28001,111,2.7
91,30001,111,2.69
91,32001,111,2.73
91,34001,111,2.68
91,36001,111,2.75
91,38001,111,2.57
91,40001,111,2.54
91,42001,111,2.59
91,44001,111,2.6
91,46001,111,2.63
91,48001,111,2.71
91,50001,111,2.76
91,52001,111,2.88
91,54001,111,2.79
91,56001,111,2.74
91,58001,111,2.94
91,60001,111,2.9
91,62001,111,2.71
91,64001,111,2.69
91,65535,111,2.71
91,1,121,2.64
91,2001,121,2.79
91,4001,121,2.79
91,6001,121,2.76
91,8001,121,2.81
91,10001,121,2.73
91,12001,121,2.84
91,14001,121,2.73
91,16001,121,2.7
91,18001,121,2.73
91,20001,121,2.53
91,22001,121,2.57
91,24001,121,2.79
91,26001,121,2.61
91,28001,121,2.77
91,30001,121,2.76
91,32001,121,2.61
91,34001,121,2.72
91,36001,121,2.6
91,38001,121,2.52
91,40001,121,2.41
91,42001,121,2.46
91,44001,121,2.36
91,46001,121,2.48
91,48001,121,2.56
91,50001,121,2.55
91,52001,121,2.76
91,54001,121,2.82
91,56001,121,2.87
91,58001,121,2.94
91,60001,121,2.88
91,62001,121,2.82
91,64001,121,2.71
91,65535,121,2.64
91,1,131,2.72
91,2001,131,2.53
91,4001,131,2.71
91,6001,131,2.69
91,8001,131,2.85
91,10001,131,2.88
91,12001,131,2.88
91,14001,131,2.72
91,16001,131,2.62
91,18001,131,2.51
91,20001,131,2.38
91,22001,131,2.42
91,24001,131,2.34
91,26001,131,2.43
91,28001,131,2.37
91,30001,131,2.54
91,32001,131,2.54
91,34001,131,2.57
91,36001,131,2.52
91,38001,131,2.51
91,40001,131,2.47
91,42001,131,2.4
91,44001,131,2.29
91,46001,131,2.36
91,48001,131,2.51
91,50001,131,2.67
91,52001,131,2.86
91,54001,131,2.93
91,56001,131,2.9
91,58001,131,2.81
91,60001,131,2.81
91,62001,131,2.73
91,64001,131,2.58
91,65535,131,2.6
91,1,141,2.5
91,2001,141,2.49
91,4001,141,2.55
91,6001,141,2.59
91,8001,141,2.87
91,10001,141,2.83
91,12001,141,2.83
91,14001,141,2.69
91,16001,141,2.58
91,18001,141,2.49
91,20001,141,2.32
91,22001,141,2.28
91,24001,141,2.2
91,26001,141,1.57
91,28001,141,2.35
91,30001,141,2.43
91,32001,141,2.45
91,34001,141,2.67
91,36001,141,2.58
91,38001,141,2.39
91,40001,141,2.35
91,42001,141,2.26
91,44001,141,2.22
91,46001,141,2.39
91,48001,141,2.57
91,50001,141,2.58
91,52001,141,2.72
91,54001,141,2.85
91,56001,141,2.84
91,58001,141,2.72
91,60001,141,2.73
91,62001,141,2.66
91,64001,141,2.45
91,65535,141,2.51
91,1,151,2.37
91,2001,151,2.54
91,4001,151,2.52
91,6001,151,2.57
91,8001,151,2.71
91,10001,151,2.9
91,12001,151,2.78
91,14001,151,2.6
91,16001,151,2.66
91,18001,151,2.46
91,20001,151,2.26
91,22001,151,2.18
91,24001,151,2.15
91,26001,151,2.29
91,28001,151,2.31
91,30001,151,2.46
91,32001,151,2.39
91,34001,151,2.49
91,36001,151,2.5
91,38001,151,2.35
91,40001,151,2.35
91,42001,151,2.21
91,44001,151,2.18
91,46001,151,2.31
91,48001,151,2.28
91,50001,151,2.58
91,52001,151,2.67
91,54001,151,2.83
91,56001,151,2.85
91,58001,151,2.76
91,60001,151,2.63
91,62001,151,2.51
91,64001,151,2.47
91,65535,151,2.45
91,1,161,2.38
91,2001,161,2.44
91,4001,161,2.48
91,6001,161,2.56
91,8001,161,2.58
91,10001,161,2.75
91,12001,161,2.79
91,14001,161,2.73
91,16001,161,2.46
91,18001,161,2.39
91,20001,161,2.21
91,22001,161,2.08
91,24001,161,1.98
91,26001,161,2.14
91,28001,161,2.2
91,30001,161,2.35
91,32001,161,2.46
91,34001,161,2.43
91,36001,161,2.38
91,38001,161,2.28
91,40001,161,2.14
91,42001,161,2.14
91,44001,161,2.15
91,46001,161,2.12
91,48001,161,2.39
91,50001,161,2.43
91,52001,161,2.67
91,54001,161,2.8
91,56001,161,2.81
91,58001,161,2.64
91,60001,161,2.6
91,62001,161,2.63
91,64001,161,2.46
91,65535,161,2.41
91,1,171,2.36
91,2001,171,2.47
91,4001,171,2.49
91,6001,171,2.56
91,8001,171,2.67
91,10001,171,2.77
91,12001,171,2.73
91,14001,171,2.58
91,16001,171,2.49
91,18001,171,2.35
91,20001,171,2.24
91,22001,171,2.15
91,24001,171,1.96
91,26001,171,2.15
91,28001,171,2.15
91,30001,171,2.36
91,32001,171,2.48
91,34001,171,2.39
91,36001,171,2.25
91,38001,171,2.25
91,40001,171,2.18
91,42001,171,2.12
91,44001,171,2.04
91,46001,171,2.09
91,48001,171,2.28
91,50001,171,2.41
91,52001,171,2.57
91,54001,171,2.66
91,56001,171,2.76
91,58001,171,2.79
91,60001,171,2.66
91,62001,171,2.63
91,64001,171,2.38
91,65535,171,2.4
91,1,181,2.2
91,2001,181,2.42
91,4001,181,2.42
91,6001,181,2.56
91,8001,181,2.63
91,10001,181,2.64
91,12001,181,2.81
91,14001,181,2.59
91,16001,181,2.54
91,18001,181,2.23
91,20001,181,2.16
91,22001,181,1.88
91,24001,181,1.98
91,26001,181,2.06
91,28001,181,2.05
91,30001,181,2.14
91,32001,181,2.31
91,34001,181,2.31
91,36001,181,2.24
91,38001,181,2.13
91,40001,181,2.23
91,42001,181,2.07
91,44001,181,1.95
91,46001,181,2.15
91,48001,181,2.31
91,50001,181,2.35
91,52001,181,2.57
91,54001,181,2.79
91,56001,181,2.82
91,58001,181,2.7
91,60001,181,2.58
91,62001,181,2.52
91,64001,181,2.47
91,65535,181,2.35
91,1,191,2.38
91,2001,191,2.37
91,4001,191,2.41
91,6001,191,2.48
91,8001,191,2.62
91,10001,191,2.69
91,12001,191,2.77
91,14001,191,2.65
91,16001,191,2.44
91,18001,191,2.36
91,20001,191,2.03
91,22001,191,2.0
91,24001,191,1.96
91,26001,191,2.12
91,28001,191,2.06
91,30001,191,2.27
91,32001,191,2.25
91,34001,191,2.4
91,36001,191,2.29
91,38001,191,2.12
91,40001,191,2.05
91,42001,191,2.01
91,44001,191,1.97
91,46001,191,2.11
91,48001,191,2.25
91,50001,191,2.33
91,52001,191,2.66
91,54001,191,2.53
91,56001,191,2.71
91,58001,191,2.7
91,60001,191,2.54
91,62001,191,2.43
91,64001,191,2.39
91,65535,191,2.39
91,1,201,2.25
91,2001,201,2.41
91,4001,201,2.41
91,6001,201,2.39
91,8001,201,2.54
91,10001,201,2.69
91,12001,201,2.62
91,14001,201,2.57
91,16001,201,2.37
91,18001,201,2.28
91,20001,201,2.17
91,22001,201,1.74
91,24001,201,1.87
91,26001,201,1.88
91,28001,201,2.18
91,30001,201,2.23
91,32001,201,2.28
91,34001,201,2.31
91,36001,201,2.21
91,38001,201,2.19
91,40001,201,1.97
91,42001,201,2.08
91,44001,201,1.95
91,46001,201,1.92
91,48001,201,2.19
91,50001,201,2.12
91,52001,201,2.56
91,54001,201,2.53
91,56001,201,2.82
91,58001,201,2.6
91,60001,201,2.52
91,62001,201,2.55
91,64001,201,2.36
91,65535,201,2.38
91,1,211,2.22
91,2001,211,2.3
91,4001,211,2.38
91,6001,211,2.47
91,8001,211,2.58
91,10001,211,2.57
91,12001,211,2.7
91,14001,211,2.39
91,16001,211,2.54
91,18001,211,2.26
91,20001,211,2.01
91,22001,211,1.93
91,24001,211,1.84
91,26001,211,1.85
91,28001,211,2.01
91,30001,211,2.05
91,32001,211,2.36
91,34001,211,2.4
91,36001,211,2.15
91,38001,211,2.25
91,40001,211,1.94
91,42001,211,1.95
91,44001,211,1.92
91,46001,211,1.72
91,48001,211,2.1
91,50001,211,2.21
91,52001,211,2.5
91,54001,211,2.68
91,56001,211,2.8
91,58001,211,2.64
91,60001,211,2.54
91,62001,211,2.47
91,64001,211,2.33
91,65535,211,2.33
91,1,221,2.21
91,2001,221,2.24
91,4001,221,2.39
91,6001,221,2.4
91,8001,221,2.49
91,10001,221,2.67
91,12001,221,2.7
91,14001,221,2.6
91,16001,221,2.27
91,18001,221,2.26
91,20001,221,1.92
91,22001,221,1.86
91,24001,221,1.77
91,26001,221,1.81
91,28001,221,1.98
91,30001,221,2.05
91,32001,221,2.16
91,34001,221,2.25
91,36001,221,2.1
91,38001,221,1.92
91,40001,221,1.94
91,42001,221,1.82
91,44001,221,1.72
91,46001,221,1.93
91,48001,221,2.02
91,50001,221,2.12
91,52001,221,2.52
91,54001,221,2.55
91,56001,221,2.71
91,58001,221,2.65
91,60001,221,2.45
91,62001,221,2.35
91,64001,221,2.34
91,65535,221,2.22
91,1,231,2.34
91,2001,231,2.23
91,4001,231,2.17
91,6001,231,2.62
91,8001,231,2.54
91,10001,231,2.53
91,12001,231,2.65
91,14001,231,2.52
91,16001,231,2.31
91,18001,231,2.07
91,20001,231,1.9
91,22001,231,1.8
91,24001,231,1.74
91,26001,231,1.95
91,28001,231,1.84
91,30001,231,2.15
91,32001,231,2.08
91,34001,231,2.17
91,36001,231,2.21
91,38001,231,1.95
91,40001,231,1.89
91,42001,231,1.81
91,44001,231,1.75
91,46001,231,1.83
91,48001,231,2.05
91,50001,231,2.26
91,52001,231,2.34
91,54001,231,2.62
91,56001,231,2.74
91,58001,231,2.6
91,60001,231,2.48
91,62001,231,2.3
91,64001,231,2.32
91,65535,231,2.18
91,1,241,2.27
91,2001,241,2.24
91,4001,241,2.33
91,6001,241,2.38
91,8001,241,2.54
91,10001,241,2.7
91,12001,241,2.65
91,14001,241,2.48
91,16001,241,2.09
91,18001,241,2.02
91,20001,241,1.82
91,22001,241,1.76
91,24001,241,1.71
91,26001,241,1.74
91,28001,241,1.82
91,30001,241,2.01
91,32001,241,2.12
91,34001,241,2.15
91,36001,241,2.09
91,38001,241,1.88
91,40001,241,1.89
91,42001,241,1.85
91,44001,241,1.67
91,46001,241,1.83
91,48001,241,2.02
91,50001,241,2.25
91,52001,241,2.4
91,54001,241,2.66
91,56001,241,2.64
91,58001,241,2.63
91,60001,241,2.43
91,62001,241,2.27
91,64001,241,2.46
91,65535,241,2.22
91,1,251,2.26
91,2001,251,2.3
91,4001,251,2.31
91,6001,251,2.37
91,8001,251,2.58
91,10001,251,2.65
91,12001,251,2.74
91,14001,251,2.46
91,16001,251,2.29
91,18001,251,2.09
91,20001,251,1.94
91,22001,251,1.64
91,24001,251,1.58
91,26001,251,1.75
91,28001,251,1.87
91,30001,251,1.93
91,32001,251,2.09
91,34001,251,2.18
91,36001,251,2.14
91,38001,251,2.01
91,40001,251,1.88
91,42001,251,1.77
91,44001,251,1.77
91,46001,251,1.86
91,48001,251,1.85
91,50001,251,2.23
91,52001,251,2.43
91,54001,251,2.56
91,56001,251,2.7
91,58001,251,2.75
91,60001,251,2.46
91,62001,251,2.36
91,64001,251,2.29
91,65535,251,2.2
91,1,254,2.23
91,2001,254,2.27
91,4001,254,2.36
91,6001,254,2.3
91,8001,254,2.53
91,10001,254,2.63
91,12001,254,2.69
91,14001,254,2.46
91,16001,254,2.22
91,18001,254,2.08
91,20001,254,1.9
91,22001,254,1.75
91,24001,254,1.61
91,26001,254,1.71
91,28001,254,1.77
91,30001,254,2.0
91,32001,254,2.08
91,34001,254,2.12
91,36001,254,2.08
91,38001,254,1.97
91,40001,254,1.81
91,42001,254,1.71
91,44001,254,1.71
91,46001,254,1.6
91,48001,254,2.05
91,50001,254,2.18
91,52001,254,2.53
91,54001,254,2.6
91,56001,254,2.74
91,58001,254,2.64
91,60001,254,2.51
91,62001,254,2.37
91,64001,254,2.29
91,65535,254,2.24
101,1,1,2.37
101,2001,1,3.58
101,4001,1,3.64
101,6001,1,3.6
101,8001,1,3.58
101,10001,1,3.68
101,12001,1,3.64
101,14001,1,3.69
101,16001,1,3.58
101,18001,1,3.65
101,20001,1,3.68
101,22001,1,3.5
101,24001,1,3.65
101,26001,1,3.7
101,28001,1,3.63
101,30001,1,3.63
101,32001,1,3.64
101,34001,1,3.58
101,36001,1,3.62
101,38001,1,3.58
101,40001,1,3.56
101,42001,1,3.6
101,44001,1,3.68
101,46001,1,3.67
101,48001,1,3.64
101,50001,1,3.56
101,52001,1,3.62
101,54001,1,3.62
101,56001,1,3.61
101,58001,1,3.68
101,60001,1,3.63
101,62001,1,3.48
101,64001,1,3.52
101,65535,1,3.64
101,1,11,3.52
101,2001,11,3.56
101,4001,11,3.59
101,6001,11,3.51
101,8001,11,3.58
101,10001,11,3.6
101,12001,11,3.48
101,14001,11,3.54
101,16001,11,3.46
101,18001,11,3.49
101,20001,11,3.44
101,22001,11,3.47
101,24001,11,3.5
101,26001,11,3.49
101,28001,11,3.53
101,30001,11,3.49
101,32001,11,3.56
101,34001,11,3.63
101,36001,11,3.58
101,38001,11,3.57
101,40001,11,3.49
101,42001,11,3.54
101,44001,11,3.41
101,46001,11,3.44
101,48001,11,3.54
101,50001,11,3.56
101,52001,11,3.54
101,54001,11,3.55
101,56001,11,3.6
101,58001,11,3.6
101,60001,11,3.6
101,62001,11,3.47
101,64001,11,3.47
101,65535,11,3.46
101,1,21,3.4
101,2001,21,3.46
101,4001,21,3.41
101,6001,21,3.53
101,8001,21,3.49
101,10001,21,3.54
101,12001,21,3.53
101,14001,21,3.48
101,16001,21,3.47
101,18001,21,3.54
101,20001,21,3.5
101,22001,21,3.34
101,24001,21,3.41
101,26001,21,3.37
101,28001,21,3.48
101,30001,21,3.43
101,32001,21,3.41
101,34001,21,3.45
101,36001,21,3.43
101,38001,21,3.49
101,40001,21,3.47
101,42001,21,3.46
101,44001,21,3.46
101,46001,21,3.36
101,48001,21,3.45
101,50001,21,3.54
101,52001,21,3.41
101,54001,21,3.56
101,56001,21,3.41
101,58001,21,3.65
101,60001,21,3.5
101,62001,21,3.45
101,64001,21,3.53
101,65535,21,3.47
101,1,31,3.34
101,2001,31,3.33
101,4001,31,3.31
101,6001,31,3.32
101,8001,31,3.41
101,10001,31,3.42
101,12001,31,3.49
101,14001,31,3.4
101,16001,31,3.35
101,18001,31,3.3
101,20001,31,3.36
101,22001,31,3.28
101,24001,31,3.24
101,26001,31,3.32
101,28001,31,3.31
101,30001,31,3.49
101,32001,31,3.29
101,34001,31,3.42
101,36001,31,3.41
101,38001,31,3.34
101,40001,31,3.34
101,42001,31,3.36
101,44001,31,3.25
101,46001,31,3.33
101,48001,31,3.35
101,50001,31,3.4
101,52001,31,3.48
101,54001,31,3.43
101,56001,31,3.44
101,58001,31,3.37
101,60001,31,3.35
101,62001,31,3.27
101,64001,31,3.35
101,65535,31,3.34
101,1,41,3.24
101,2001,41,3.27
101,4001,41,3.3
101,6001,41,3.39
101,8001,41,3.35
101,10001,41,3.37
101,12001,41,3.47
101,14001,41,3.42
101,16001,41,3.19
101,18001,41,3.3
101,20001,41,3.21
101,22001,41,3.28
101,24001,41,3.18
101,26001,41,3.21
101,28001,41,3.3
101,30001,41,3.27
101,32001,41,3.29
101,34001,41,3.38
101,36001,41,3.31
101,38001,41,3.33
101,40001,41,3.29
101,42001,41,3.22
101,44001,41,3.26
101,46001,41,3.3
101,48001,41,3.4
101,50001,41,3.45
101,52001,41,3.49
101,54001,41,3.53
101,56001,41,3.38
101,58001,41,3.4
101,60001,41,3.36
101,62001,41,3.37
101,64001,41,3.32
101,65535,41,3.25
101,1,51,3.17
101,2001,51,3.29
101,4001,51,3.31
101,6001,51,3.32
101,8001,51,3.31
101,10001,51,3.43
101,12001,51,3.4
101,14001,51,3.35
101,16001,51,3.33
101,18001,51,3.15
101,20001,51,3.21
101,22001,51,3.15
101,24001,51,3.13
101,26001,51,3.04
101,28001,51,3.12
101,30001,51,3.2
101,32001,51,3.27
101,34001,51,3.35
101,36001,51,3.2
101,38001,51,3.28
101,40001,51,3.27
101,42001,51,3.19
101,44001,51,3.12
101,46001,51,3.26
101,48001,51,3.28
101,50001,51,3.2
101,52001,51,3.35
101,54001,51,3.52
101,56001,51,3.5
101,58001,51,3.32
101,60001,51,3.33
101,62001,51,3.22
101,64001,51,3.33
101,65535,51,3.25
101,1,61,3.08
101,2001,61,3.18
101,4001,61,3.22
101,6001,61,3.16
101,8001,61,3.29
101,10001,61,3.3
101,12001,61,3.29
101,14001,61,3.28
101,16001,61,3.23
101,18001,61,3.15
101,20001,61,3.08
101,22001,61,2.98
101,24001,61,3.06
101,26001,61,3.06
101,28001,61,3.18
101,30001,61,3.17
101,32001,61,3.27
101,34001,61,3.2
101,36001,61,3.21
101,38001,61,3.18
101,40001,61,3.12
101,42001,61,3.06
101,44001,61,3.03
101,46001,61,3.03
101,48001,61,3.17
101,50001,61,3.23
101,52001,61,3.25
101,54001,61,3.32
101,56001,61,3.41
101,58001,61,3.49
101,60001,61,3.35
101,62001,61,3.31
101,64001,61,3.2
101,65535,61,3.18
101,1,71,3.06
101,2001,71,3.03
101,4001,71,3.09
101,6001,71,3.1
101,8001,71,3.28
101,10001,71,3.31
101,12001,71,3.27
101,14001,71,3.2
101,16001,71,3.17
101,18001,71,3.12
101,20001,71,3.09
101,22001,71,3.0
101,24001,71,3.0
101,26001,71,3.04
101,28001,71,3.06
101,30001,71,3.08
101,32001,71,3.22
101,34001,71,3.1
101,36001,71,3.08
101,38001,71,3.12
101,40001,71,3.25
101,42001,71,3.0
101,44001,71,2.97
101,46001,71,3.05
101,48001,71,3.1
101,50001,71,3.15
101,52001,71,3.24
101,54001,71,3.43
101,56001,71,3.26
101,58001,71,3.35
101,60001,71,3.24
101,62001,71,3.21
101,64001,71,3.12
101,65535,71,3.14
101,1,81,2.95
101,2001,81,3.0
101,4001,81,3.05
101,6001,81,3.15
101,8001,81,3.25
101,10001,81,3.14
101,12001,81,3.32
101,14001,81,3.16
101,16001,81,3.1
101,18001,81,2.94
101,20001,81,2.83
101,22001,81,2.94
101,24001,81,2.89
101,26001,81,3.0
101,28001,81,3.04
101,30001,81,2.95
101,32001,81,3.19
101,34001,81,3.08
101,36001,81,3.1
101,38001,81,3.1
101,40001,81,3.05
101,42001,81,2.94
101,44001,81,2.93
101,46001,81,3.0
101,48001,81,3.04
101,50001,81,3.13
101,52001,81,3.33
101,54001,81,3.23
101,56001,81,3.32
101,58001,81,3.21
101,60001,81,3.2
101,62001,81,3.1
101,64001,81,3.04
101,65535,81,3.13
101,1,91,2.89
101,2001,91,2.96
101,4001,91,2.98
101,6001,91,2.99
101,8001,91,3.14
101,10001,91,3.21
101,12001,91,3.29
101,14001,91,3.1
101,16001,91,2.98
101,18001,91,2.96
101,20001,91,2.87
101,22001,91,2.78
101,24001,91,2.75
101,26001,91,2.79
101,28001,91,2.91
101,30001,91,3.0
101,32001,91,3.03
101,34001,91,3.14
101,36001,91,2.94
101,38001,91,2.96
101,40001,91,2.91
101,42001,91,2.85
101,44001,91,2.83
101,46001,91,2.93
101,48001,91,2.97
101,50001,91,3.16
101,52001,91,3.13
101,54001,91,3.15
101,56001,91,3.32
101,58001,91,3.26
101,60001,91,3.09
101,62001,91,3.04
101,64001,91,3.07
101,65535,91,3.02
101,1,101,2.92
101,2001,101,2.9
101,4001,101,3.01
101,6001,101,3.09
101,8001,101,3.13
101,10001,101,3.19
101,12001,101,3.22
101,14001,101,3.14
101,16001,101,2.92
101,18001,101,2.69
101,20001,101,2.78
101,22001,101,2.7
101,24001,101,2.8
101,26001,101,2.68
101,28001,101,2.83
101,30001,101,2.84
101,32001,101,2.99
101,34001,101,3.02
101,36001,101,2.97
101,38001,101,2.91
101,40001,101,3.0
101,42001,101,2.83
101,44001,101,2.87
101,46001,101,2.84
101,48001,101,2.88
101,50001,101,2.92
101,52001,101,3.08
101,54001,101,3.24
101,56001,101,3.33
101,58001,101,3.12
101,60001,101,3.04
101,62001,101,3.08
101,64001,101,2.83
101,65535,101,2.91
101,1,111,2.77
101,2001,111,2.83
101,4001,111,2.94
101,6001,111,3.05
101,8001,111,3.04
101,10001,111,3.09
101,12001,111,3.14
101,14001,111,3.14
101,16001,111,2.94
101,18001,111,2.77
101,20001,111,2.74
101,22001,111,2.64
101,24001,111,2.62
101,26001,111,2.76
101,28001,111,2.8
101,30001,111,2.82
101,32001,111,2.99
101,34001,111,2.97
101,36001,111,2.95
101,38001,111,2.79
101,40001,111,2.73
101,42001,111,2.63
101,44001,111,2.68
101,46001,111,2.67
101,48001,111,2.88
101,50001,111,2.99
101,52001,111,3.06
101,54001,111,3.22
101,56001,111,3.15
101,58001,111,3.14
101,60001,111,3.06
101,62001,111,2.97
101,64001,111,2.91
101,65535,111,2.9
101,1,121,2.76
101,2001,121,2.85
101,4001,121,2.81
101,6001,121,2.9
101,8001,121,3.1
101,10001,121,3.03
101,12001,121,3.21
101,14001,121,2.99
101,16001,121,2.85
101,18001,121,2.72
101,20001,121,2.75
101,22001,121,2.49
101,24001,121,2.61
101,26001,121,2.72
101,28001,121,2.72
101,30001,121,2.89
101,32001,121,2.9
101,34001,121,3.04
101,36001,121,2.92
101,38001,121,2.78
101,40001,121,2.63
101,42001,121,2.66
101,44001,121,2.62
101,46001,121,2.69
101,48001,121,2.86
101,50001,121,2.87
101,52001,121,3.1
101,54001,121,3.11
101,56001,121,3.04
101,58001,121,3.1
101,60001,121,2.89
101,62001,121,2.95
101,64001,121,2.76
101,65535,121,2.69
101,1,131,2.7
101,2001,131,2.66
101,4001,131,2.71
101,6001,131,2.91
101,8001,131,2.96
101,10001,131,3.09
101,12001,131,3.13
101,14001,131,2.88
101,16001,131,2.88
101,18001,131,2.78
101,20001,131,2.5
101,22001,131,2.39
101,24001,131,2.47
101,26001,131,2.55
101,28001,131,2.65
101,30001,131,2.64
101,32001,131,2.8
101,34001,131,2.77
101,36001,131,2.71
101,38001,131,2.63
101,40001,131,2.56
101,42001,131,2.53
101,44001,131,2.42
101,46001,131,2.62
101,48001,131,2.62
101,50001,131,2.83
101,52001,131,2.98
101,54001,131,3.18
101,56001,131,3.13
101,58001,131,3.1
101,60001,131,3.01
101,62001,131,2.94
101,64001,131,2.85
101,65535,131,2.71
101,1,141,2.72
101,2001,141,2.71
101,4001,141,2.82
101,6001,141,2.87
101,8001,141,2.98
101,10001,141,3.04
101,12001,141,3.0
101,14001,141,2.97
101,16001,141,2.81
101,18001,141,2.6
101,20001,141,2.54
101,22001,141,2.4
101,24001,141,2.41
101,26001,141,2.45
101,28001,141,2.53
101,30001,141,2.65
101,32001,141,2.73
101,34001,141,2.73
101,36001,141,2.73
101,38001,141,2.58
101,40001,141,2.54
101,42001,141,2.5
101,44001,141,2.42
101,46001,141,2.46
101,48001,141,2.63
101,50001,141,2.85
101,52001,141,2.69
101,54001,141,3.02
101,56001,141,3.2
101,58001,141,3.03
101,60001,141,2.91
101,62001,141,2.74
101,64001,141,2.69
101,65535,141,2.66
101,1,151,2.63
101,2001,151,2.65
101,4001,151,2.75
101,6001,151,2.9
101,8001,151,2.77
101,10001,151,3.06
101,12001,151,3.06
101,14001,151,2.91
101,16001,151,2.75
101,18001,151,2.57
101,20001,151,2.36
101,22001,151,2.27
101,24001,151,2.26
101,26001,151,2.37
101,28001,151,2.49
101,30001,151,2.61
101,32001,151,2.63
101,34001,151,2.68
101,36001,151,2.61
101,38001,151,2.55
101,40001,151,2.47
101,42001,151,2.37
101,44001,151,2.23
101,46001,151,2.52
101,48001,151,2.7
101,50001,151,2.77
101,52001,151,2.95
101,54001,151,3.07
101,56001,151,3.02
101,58001,151,2.91
101,60001,151,2.89
101,62001,151,2.74
101,64001,151,2.72
101,65535,151,2.69
101,1,161,2.52
101,2001,161,2.63
101,4001,161,2.74
101,6001,161,2.89
101,8001,161,2.91
101,10001,161,3.06
101,12001,161,2.97
101,14001,161,2.81
101,16001,161,2.62
101,18001,161,2.52
101,20001,161,2.43
101,22001,161,2.29
101,24001,161,2.38
101,26001,161,2.33
101,28001,161,2.37
101,30001,161,2.59
101,32001,161,2.7
101,34001,161,2.73
101,36001,161,2.68
101,38001,161,2.41
101,40001,161,2.42
101,42001,161,2.29
101,44001,161,2.4
101,46001,161,2.39
101,48001,161,2.44
101,50001,161,2.62
101,52001,161,2.89
101,54001,161,2.98
101,56001,161,2.99
101,58001,161,2.94
101,60001,161,2.78
101,62001,161,2.82
101,64001,161,2.7
101,65535,161,2.55
101,1,171,2.5
101,2001,171,2.6
101,4001,171,2.65
101,6001,171,2.69
101,8001,171,2.8
101,10001,171,3.01
101,12001,171,3.04
101,14001,171,2.77
101,16001,171,2.7
101,18001,171,2.62
101,20001,171,2.4
101,22001,171,2.22
101,24001,171,2.25
101,26001,171,2.23
101,28001,171,2.43
101,30001,171,2.46
101,32001,171,2.64
101,34001,171,2.52
101,36001,171,2.61
101,38001,171,2.5
101,40001,171,2.32
101,42001,171,2.27
101,44001,171,2.19
101,46001,171,2.41
101,48001,171,2.46
101,50001,171,2.58
101,52001,171,2.84
101,54001,171,2.84
101,56001,171,2.99
101,58001,171,2.89
101,60001,171,2.83
101,62001,171,2.75
101,64001,171,2.61
101,65535,171,2.57
101,1,181,2.48
101,2001,181,2.51
101,4001,181,2.6
101,6001,181,2.7
101,8001,181,2.83
101,10001,181,2.91
101,12001,181,2.96
101,14001,181,2.75
101,16001,181,2.61
101,18001,181,2.41
101,20001,181,2.33
101,22001,181,2.1
101,24001,181,2.2
101,26001,181,2.25
101,28001,181,2.28
101,30001,181,2.44
101,32001,181,2.59
101,34001,181,2.58
101,36001,181,2.45
101,38001,181,2.35
101,40001,181,2.31
101,42001,181,2.13
101,44001,181,2.08
101,46001,181,2.21
101,48001,181,2.4
101,50001,181,2.56
101,52001,181,2.73
101,54001,181,3.13
101,56001,181,2.93
101,58001,181,2.85
101,60001,181,2.82
101,62001,181,2.64
101,64001,181,2.56
101,65535,181,2.54
101,1,191,2.43
101,2001,191,2.48
101,4001,191,2.57
101,6001,191,2.7
101,8001,191,2.81
101,10001,191,2.89
101,12001,191,2.9
101,14001,191,2.76
101,16001,191,2.6
101,18001,191,2.31
101,20001,191,2.27
101,22001,191,1.94
101,24001,191,1.93
101,26001,191,2.19
101,28001,191,2.27
101,30001,191,2.44
101,32001,191,2.53
101,34001,191,2.61
101,36001,191,2.42
101,38001,191,2.27
101,40001,191,2.28
101,42001,191,2.08
101,44001,191,2.11
101,46001,191,2.16
101,48001,191,2.38
101,50001,191,2.6
101,52001,191,2.8
101,54001,191,2.83
101,56001,191,2.91
101,58001,191,2.81
101,60001,191,2.67
101,62001,191,2.63
101,64001,191,2.56
101,65535,191,2.51
101,1,201,2.35
101,2001,201,2.42
101,4001,201,2.53
101,6001,201,2.65
101,8001,201,2.78
101,10001,201,2.91
101,12001,201,2.93
101,14001,201,2.67
101,16001,201,2.49
101,18001,201,2.32
101,20001,201,2.17
101,22001,201,2.06
101,24001,201,1.98
101,26001,201,2.05
101,28001,201,2.1
101,30001,201,2.31
101,32001,201,2.53
101,34001,201,2.57
101,36001,201,2.48
101,38001,201,2.33
101,40001,201,2.2
101,42001,201,2.12
101,44001,201,2.07
101,46001,201,2.11
101,48001,201,2.4
101,50001,201,2.42
101,52001,201,2.83
101,54001,201,2.94
101,56001,201,2.95
101,58001,201,2.82
101,60001,201,2.72
101,62001,201,2.66
101,64001,201,2.5
101,65535,201,2.42
101,1,211,2.43
101,2001,211,2.35
101,4001,211,2.57
101,6001,211,2.56
101,8001,211,2.81
101,10001,211,2.79
101,12001,211,2.86
101,14001,211,2.76
101,16001,211,2.5
101,18001,211,2.21
101,20001,211,2.09
101,22001,211,1.95
101,24001,211,1.94
101,26001,211,2.12
101,28001,211,2.08
101,30001,211,2.32
101,32001,211,2.59
101,34001,211,2.37
101,36001,211,2.48
101,38001,211,2.17
101,40001,211,2.11
101,42001,211,2.03
101,44001,211,1.95
101,46001,211,2.12
101,48001,211,2.23
101,50001,211,2.38
101,52001,211,2.7
101,54001,211,2.72
101,56001,211,2.95
101,58001,211,2.85
101,60001,211,2.7
101,62001,211,2.59
101,64001,211,2.47
101,65535,211,2.4
101,1,221,2.35
101,2001,221,2.41
101,4001,221,2.53
101,6001,221,2.59
101,8001,221,2.73
101,10001,221,2.94
101,12001,221,2.84
101,14001,221,2.7
101,16001,221,2.48
101,18001,221,2.3
101,20001,221,2.16
101,22001,221,2.12
101,24001,221,1.94
101,26001,221,2.01
101,28001,221,2.0
101,30001,221,2.17
101,32001,221,2.32
101,34001,221,2.32
101,36001,221,2.35
101,38001,221,2.14
101,40001,221,2.15
101,42001,221,2.04
101,44001,221,1.95
101,46001,221,1.92
101,48001,221,2.22
101,50001,221,2.42
101,52001,221,2.69
101,54001,221,2.93
101,56001,221,2.93
101,58001,221,2.83
101,60001,221,2.62
101,62001,221,2.67
101,64001,221,2.47
101,65535,221,2.48
101,1,231,2.4
101,2001,231,2.36
101,4001,231,2.4
101,6001,231,2.6
101,8001,231,2.66
101,10001,231,2.83
101,12001,231,2.82
101,14001,231,2.64
101,16001,231,2.42
101,18001,231,2.14
101,20001,231,2.17
101,22001,231,1.82
101,24001,231,1.74
101,26001,231,1.9
101,28001,231,1.97
101,30001,231,2.18
101,32001,231,2.4
101,34001,231,2.44
101,36001,231,2.28
101,38001,231,2.05
101,40001,231,2.08
101,42001,231,1.91
101,44001,231,1.89
101,46001,231,2.1
101,48001,231,2.19
101,50001,231,2.48
101,52001,231,2.61
101,54001,231,3.01
101,56001,231,2.93
101,58001,231,2.8
101,60001,231,2.69
101,62001,231,2.48
101,64001,231,2.42
101,65535,231,2.32
101,1,241,2.4
101,2001,241,2.36
101,4001,241,2.49
101,6001,241,2.57
101,8001,241,2.69
101,10001,241,2.79
101,12001,241,2.81
101,14001,241,2.57
101,16001,241,2.32
101,18001,241,2.16
101,20001,241,2.0
101,22001,241,1.79
101,24001,241,1.79
101,26001,241,1.96
101,28001,241,2.02
101,30001,241,2.07
101,32001,241,2.3
101,34001,241,2.35
101,36001,241,2.2
101,38001,241,2.14
101,40001,241,2.08
101,42001,241,1.95
101,44001,241,1.94
101,46001,241,1.86
101,48001,241,2.24
101,50001,241,2.26
101,52001,241,2.7
101,54001,241,2.76
101,56001,241,2.87
101,58001,241,2.76
101,60001,241,2.59
101,62001,241,2.55
101,64001,241,2.38
101,65535,241,2.37
101,1,251,2.34
101,2001,251,2.44
101,4001,251,2.44
101,6001,251,2.63
101,8001,251,2.6
101,10001,251,2.77
101,12001,251,2.79
101,14001,251,2.65
101,16001,251,2.39
101,18001,251,2.22
101,20001,251,2.03
101,22001,251,1.81
101,24001,251,1.71
101,26001,251,1.83
101,28001,251,1.83
101,30001,251,2.02
101,32001,251,2.23
101,34001,251,2.33
101,36001,251,2.29
101,38001,251,2.05
101,40001,251,1.97
101,42001,251,1.88
101,44001,251,1.83
101,46001,251,1.86
101,48001,251,2.06
101,50001,251,2.26
101,52001,251,2.53
101,54001,251,2.89
101,56001,251,2.98
101,58001,251,2.67
101,60001,251,2.62
101,62001,251,2.44
101,64001,251,2.4
101,65535,251,2.37
101,1,254,2.31
101,2001,254,2.35
101,4001,254,2.41
101,6001,254,2.57
101,8001,254,2.65
101,10001,254,2.88
101,12001,254,2.86
101,14001,254,2.62
101,16001,254,2.38
101,18001,254,2.37
101,20001,254,1.91
101,22001,254,1.89
101,24001,254,1.71
101,26001,254,1.73
101,28001,254,1.98
101,30001,254,2.08
101,32001,254,2.18
101,34001,254,2.41
101,36001,254,2.12
101,38001,254,2.08
101,40001,254,1.88
101,42001,254,1.92
101,44001,254,1.8
101,46001,254,1.85
101,48001,254,2.13
101,50001,254,2.32
101,52001,254,2.56
101,54001,254,2.85
101,56001,254,2.89
101,58001,254,2.78
101,60001,254,2.56
101,62001,254,2.4
101,64001,254,2.39
101,65535,254,2.39
111,1,1,3.96
111,2001,1,3.91
111,4001,1,3.96
111,6001,1,3.87
111,8001,1,3.91
111,10001,1,3.92
111,12001,1,3.94
111,14001,1,3.87
111,16001,1,3.95
111,18001,1,3.85
111,20001,1,3.9
111,22001,1,3.99
111,24001,1,4.02
111,26001,1,4.02
111,28001,1,3.9
111,30001,1,4.03
111,32001,1,3.89
111,34001,1,3.83
111,36001,1,4.0
111,38001,1,3.95
111,40001,1,3.88
111,42001,1,3.91
111,44001,1,3.89
111,46001,1,3.9
111,48001,1,3.93
111,50001,1,3.98
111,52001,1,4.01
111,54001,1,3.88
111,56001,1,3.83
111,58001,1,3.87
111,60001,1,3.93
111,62001,1,3.89
111,64001,1,3.89
111,65535,1,3.97
111,1,11,3.73
111,2001,11,3.77
111,4001,11,3.89
111,6001,11,3.81
111,8001,11,3.78
111,10001,11,3.7
111,12001,11,3.92
111,14001,11,3.87
111,16001,11,3.79
111,18001,11,3.79
111,20001,11,3.76
111,22001,11,3.73
111,24001,11,3.81
111,26001,11,3.73
111,28001,11,3.86
111,30001,11,3.74
111,32001,11,3.86
111,34001,11,3.87
111,36001,11,3.91
111,38001,11,3.82
111,40001,11,3.78
111,42001,11,3.79
111,44001,11,3.75
111,46001,11,3.7
111,48001,11,3.84
111,50001,11,3.73
111,52001,11,3.75
111,54001,11,3.85
111,56001,11,3.87
111,58001,11,3.98
111,60001,11,3.82
111,62001,11,3.93
111,64001,11,3.84
111,65535,11,3.79
111,1,21,3.68
111,2001,21,3.81
111,4001,21,3.71
111,6001,21,3.74
111,8001,21,3.75
111,10001,21,3.83
111,12001,21,3.69
111,14001,21,3.69
111,16001,21,3.85
111,18001,21,3.67
111,20001,21,3.68
111,22001,21,3.64
111,24001,21,3.77
111,26001,21,3.71
111,28001,21,3.73
111,30001,21,3.88
111,32001,21,3.73
111,34001,21,3.73
111,36001,21,3.83
111,38001,21,3.79
111,40001,21,3.67
111,42001,21,3.74
111,44001,21,3.73
111,46001,21,3.74
111,48001,21,3.8
111,50001,21,3.73
111,52001,21,3.65
111,54001,21,3.77
111,56001,21,3.8
111,58001,21,3.81
111,60001,21,3.81
111,62001,21,3.72
111,64001,21,3.69
111,65535,21,3.81
111,1,31,3.59
111,2001,31,3.67
111,4001,31,3.61
111,6001,31,3.76
111,8001,31,3.82
111,10001,31,3.73
111,12001,31,3.81
111,14001,31,3.74
111,16001,31,3.7
111,18001,31,3.6
111,20001,31,3.59
111,22001,31,3.55
111,24001,31,3.59
111,26001,31,3.66
111,28001,31,3.57
111,30001,31,3.65
111,32001,31,3.65
111,34001,31,3.63
111,36001,31,3.69
111,38001,31,3.73
111,40001,31,3.64
111,42001,31,3.62
111,44001,31,3.51
111,46001,31,3.57
111,48001,31,3.63
111,50001,31,3.62
111,52001,31,3.66
111,54001,31,3.72
111,56001,31,3.71
111,58001,31,3.7
111,60001,31,3.68
111,62001,31,3.66
111,64001,31,3.57
111,65535,31,3.59
111,1,41,3.6
111,2001,41,3.53
111,4001,41,3.53
111,6001,41,3.58
111,8001,41,3.65
111,10001,41,3.73
111,12001,41,3.68
111,14001,41,3.7
111,16001,41,3.64
111,18001,41,3.51
111,20001,41,3.53
111,22001,41,3.41
111,24001,41,3.52
111,26001,41,3.48
111,28001,41,3.62
111,30001,41,3.57
111,32001,41,3.55
111,34001,41,3.6
111,36001,41,3.62
111,38001,41,3.52
111,40001,41,3.53
111,42001,41,3.53
111,44001,41,3.49
111,46001,41,3.39
111,48001,41,3.49
111,50001,41,3.6
111,52001,41,3.72
111,54001,41,3.74
111,56001,41,3.61
111,58001,41,3.59
111,60001,41,3.71
111,62001,41,3.59
111,64001,41,3.43
111,65535,41,3.54
111,1,51,3.49
111,2001,51,3.52
111,4001,51,3.51
111,6001,51,3.55
111,8001,51,3.66
111,10001,51,3.6
111,12001,51,3.71
111,14001,51,3.54
111,16001,51,3.62
111,18001,51,3.55
111,20001,51,3.45
111,22001,51,3.35
111,24001,51,3.34
111,26001,51,3.45
111,28001,51,3.5
111,30001,51,3.55
111,32001,51,3.44
111,34001,51,3.52
111,36001,51,3.51
111,38001,51,3.41
111,40001,51,3.35
111,42001,51,3.37
111,44001,51,3.28
111,46001,51,3.45
111,48001,51,3.44
111,50001,51,3.57
111,52001,51,3.62
111,54001,51,3.66
111,56001,51,3.65
111,58001,51,3.58
111,60001,51,3.62
111,62001,51,3.58
111,64001,51,3.59
111,65535,51,3.5
111,1,61,3.35
111,2001,61,3.52
111,4001,61,3.46
111,6001,61,3.65
111,8001,61,3.52
111,10001,61,3.65
111,12001,61,3.74
111,14001,61,3.55
111,16001,61,3.53
111,18001,61,3.41
111,20001,61,3.39
111,22001,61,3.24
111,24001,61,3.3
111,26001,61,3.26
111,28001,61,3.41
111,30001,61,3.47
111,32001,61,3.48
111,34001,61,3.47
111,36001,61,3.41
111,38001,61,3.4
111,40001,61,3.36
111,42001,61,3.28
111,44001,61,3.31
111,46001,61,3.35
111,48001,61,3.37
111,50001,61,3.55
111,52001,61,3.5
111,54001,61,3.63
111,56001,61,3.6
111,58001,61,3.53
111,60001,61,3.49
111,62001,61,3.42
111,64001,61,3.45
111,65535,61,3.45
111,1,71,3.4
111,2001,71,3.39
111,4001,71,3.36
111,6001,71,3.56
111,8001,71,3.41
111,10001,71,3.72
111,12001,71,3.48
111,14001,71,3.49
111,16001,71,3.36
111,18001,71,3.28
111,20001,71,3.3
111,22001,71,3.22
111,24001,71,3.17
111,26001,71,3.25
111,28001,71,3.34
111,30001,71,3.34
111,32001,71,3.4
111,34001,71,3.4
111,36001,71,3.37
111,38001,71,3.33
111,40001,71,3.37
111,42001,71,3.23
111,44001,71,3.21
111,46001,71,3.34
111,48001,71,3.34
111,50001,71,3.48
111,52001,71,3.63
111,54001,71,3.6
111,56001,71,3.6
111,58001,71,3.6
111,60001,71,3.46
111,62001,71,3.51
111,64001,71,3.4
111,65535,71,3.29
111,1,81,3.28
111,2001,81,3.38
111,4001,81,3.28
111,6001,81,3.36
111,8001,81,3.53
111,10001,81,3.53
111,12001,81,3.45
111,14001,81,3.46
111,16001,81,3.27
111,18001,81,3.34
111,20001,81,3.16
111,22001,81,3.16
111,24001,81,3.15
111,26001,81,3.21
111,28001,81,3.32
111,30001,81,3.25
111,32001,81,3.23
111,34001,81,3.47
111,36001,81,3.39
111,38001,81,3.32
111,40001,81,3.21
111,42001,81,3.18
111,44001,81,3.12
111,46001,81,3.07
111,48001,81,3.26
111,50001,81,3.42
111,52001,81,3.49
111,54001,81,3.54
111,56001,81,3.64
111,58001,81,3.46
111,60001,81,3.43
111,62001,81,3.29
111,64001,81,3.27
111,65535,81,3.32
111,1,91,3.09
111,2001,91,3.14
111,4001,91,3.31
111,6001,91,3.29
111,8001,91,3.3
111,10001,91,3.5
111,12001,91,3.51
111,14001,91,3.33
111,16001,91,3.25
111,18001,91,3.2
111,20001,91,3.13
111,22001,91,3.0
111,24001,91,2.96
111,26001,91,3.1
111,28001,91,3.23
111,30001,91,3.29
111,32001,91,3.36
111,34001,91,3.32
111,36001,91,3.31
111,38001,91,3.08
111,40001,91,3.08
111,42001,91,3.08
111,44001,91,2.92
111,46001,91,3.1
111,48001,91,3.22
111,50001,91,3.22
111,52001,91,3.34
111,54001,91,3.5
111,56001,91,3.59
111,58001,91,3.56
111,60001,91,3.39
111,62001,91,3.32
111,64001,91,3.23
111,65535,91,3.14
111,1,101,3.07
111,2001,101,3.0
111,4001,101,3.25
111,6001,101,3.3
111,8001,101,3.38
111,10001,101,3.4
111,12001,101,3.44
111,14001,101,3.4
111,16001,101,3.16
111,18001,101,3.16
111,20001,101,2.94
111,22001,101,3.02
111,24001,101,2.86
111,26001,101,2.91
111,28001,101,3.07
111,30001,101,3.13
111,32001,101,3.2
111,34001,101,3.2
111,36001,101,3.21
111,38001,101,3.12
111,40001,101,2.94
111,42001,101,2.97
111,44001,101,2.9
111,46001,101,3.0
111,48001,101,3.13
111,50001,101,3.22
111,52001,101,3.31
111,54001,101,3.34
111,56001,101,3.46
111,58001,101,3.37
111,60001,101,3.36
111,62001,101,3.27
111,64001,101,3.13
111,65535,101,3.16
111,1,111,3.07
111,2001,111,3.06
111,4001,111,3.1
111,6001,111,3.18
111,8001,111,3.27
111,10001,111,3.38
111,12001,111,3.53
111,14001,111,3.3
111,16001,111,3.23
111,18001,111,3.06
111,20001,111,2.86
111,22001,111,2.82
111,24001,111,2.95
111,26001,111,2.92
111,28001,111,3.01
111,30001,111,2.99
111,32001,111,3.22
111,34001,111,3.28
111,36001,111,3.16
111,38001,111,2.98
111,40001,111,2.96
111,42001,111,2.91
111,44001,111,2.82
111,46001,111,2.89
111,48001,111,3.12
111,50001,111,3.13
111,52001,111,3.26
111,54001,111,3.5
111,56001,111,3.39
111,58001,111,3.27
111,60001,111,3.25
111,62001,111,3.22
111,64001,111,3.06
111,65535,111,3.12
111,1,121,2.97
111,2001,121,2.97
111,4001,121,3.1
111,6001,121,3.12
111,8001,121,3.21
111,10001,121,3.36
111,12001,121,3.28
111,14001,121,3.25
111,16001,121,3.1
111,18001,121,2.84
111,20001,121,2.88
111,22001,121,2.69
111,24001,121,2.91
111,26001,121,2.84
111,28001,121,2.91
111,30001,121,3.04
111,32001,121,3.09
111,34001,121,3.09
111,36001,121,3.13
111,38001,121,2.98
111,40001,121,2.88
111,42001,121,2.76
111,44001,121,2.78
111,46001,121,2.87
111,48001,121,2.86
111,50001,121,3.15
111,52001,121,3.18
111,54001,121,3.36
111,56001,121,3.4
111,58001,121,3.25
111,60001,121,3.25
111,62001,121,3.08
111,64001,121,3.01
111,65535,121,2.9
111,1,131,2.82
111,2001,131,2.93
111,4001,131,3.07
111,6001,131,3.17
111,8001,131,3.15
111,10001,131,3.31
111,12001,131,3.3
111,14001,131,3.04
111,16001,131,3.08
111,18001,131,3.02
111,20001,131,2.74
111,22001,131,2.71
111,24001,131,2.73
111,26001,131,2.7
111,28001,131,2.84
111,30001,131,2.91
111,32001,131,3.18
111,34001,131,3.04
111,36001,131,2.92
111,38001,131,2.88
111,40001,131,2.72
111,42001,131,2.55
111,44001,131,2.61
111,46001,131,2.68
111,48001,131,2.93
111,50001,131,3.14
111,52001,131,3.25
111,54001,131,3.41
111,56001,131,3.33
111,58001,131,3.18
111,60001,131,3.25
111,62001,131,2.97
111,64001,131,2.94
111,65535,131,3.07
111,1,141,2.89
111,2001,141,2.94
111,4001,141,3.0
111,6001,141,3.02
111,8001,141,3.22
111,10001,141,3.24
111,12001,141,3.33
111,14001,141,3.24
111,16001,141,2.92
111,18001,141,3.04
111,20001,141,2.61
111,22001,141,2.64
111,24001,141,2.69
111,26001,141,2.47
111,28001,141,2.78
111,30001,141,2.8
111,32001,141,3.06
111,34001,141,2.92
111,36001,141,2.79
111,38001,141,2.79
111,40001,141,2.79
111,42001,141,2.57
111,44001,141,2.57
111,46001,141,2.75
111,48001,141,2.82
111,50001,141,3.05
111,52001,141,3.21
111,54001,141,3.3
111,56001,141,3.28
111,58001,141,3.19
111,60001,141,3.13
111,62001,141,3.11
111,64001,141,2.94
111,65535,141,2.89
111,1,151,2.85
111,2001,151,2.92
111,4001,151,2.96
111,6001,151,3.03
111,8001,151,3.16
111,10001,151,3.32
111,12001,151,3.19
111,14001,151,2.94
111,16001,151,2.97
111,18001,151,2.77
111,20001,151,2.64
111,22001,151,2.57
111,24001,151,2.54
111,26001,151,2.6
111,28001,151,2.75
111,30001,151,2.79
111,32001,151,2.97
111,34001,151,2.89
111,36001,151,2.82
111,38001,151,2.75
111,40001,151,2.67
111,42001,151,2.52
111,44001,151,2.46
111,46001,151,2.58
111,48001,151,2.85
111,50001,151,3.01
111,52001,151,3.2
111,54001,151,3.14
111,56001,151,3.25
111,58001,151,3.21
111,60001,151,3.04
111,62001,151,2.93
111,64001,151,2.85
111,65535,151,2.91
111,1,161,2.75
111,2001,161,2.81
111,4001,161,2.81
111,6001,161,2.87
111,8001,161,3.26
111,10001,161,3.12
111,12001,161,3.19
111,14001,161,3.14
111,16001,161,2.78
111,18001,161,2.72
111,20001,161,2.53
111,22001,161,2.3
111,24001,161,2.48
111,26001,161,2.41
111,28001,161,2.66
111,30001,161,2.71
111,32001,161,2.89
111,34001,161,2.86
111,36001,161,2.77
111,38001,161,2.76
111,40001,161,2.51
111,42001,161,2.46
111,44001,161,2.37
111,46001,161,2.45
111,48001,161,2.74
111,50001,161,2.75
111,52001,161,3.12
111,54001,161,3.1
111,56001,161,3.17
111,58001,161,3.14
111,60001,161,3.07
111,62001,161,2.89
111,64001,161,2.75
111,65535,161,2.74
111,1,171,2.58
111,2001,171,2.75
111,4001,171,2.72
111,6001,171,2.94
111,8001,171,3.02
111,10001,171,3.18
111,12001,171,3.16
111,14001,171,2.98
111,16001,171,2.69
111,18001,171,2.56
111,20001,171,2.5
111,22001,171,2.33
111,24001,171,2.33
111,26001,171,2.49
111,28001,171,2.58
111,30001,171,2.76
111,32001,171,2.84
111,34001,171,2.83
111,36001,171,2.76
111,38001,171,2.58
111,40001,171,2.66
111,42001,171,2.43
111,44001,171,2.28
111,46001,171,2.38
111,48001,171,2.63
111,50001,171,2.67
111,52001,171,2.92
111,54001,171,3.25
111,56001,171,3.2
111,58001,171,3.06
111,60001,171,2.93
111,62001,171,2.89
111,64001,171,2.77
111,65535,171,2.62
111,1,181,2.65
111,2001,181,2.69
111,4001,181,2.77
111,6001,181,2.94
111,8001,181,2.96
111,10001,181,3.09
111,12001,181,3.27
111,14001,181,2.95
111,16001,181,2.75
111,18001,181,2.6
111,20001,181,2.41
111,22001,181,2.29
111,24001,181,2.2
111,26001,181,2.39
111,28001,181,2.63
111,30001,181,2.68
111,32001,181,2.78
111,34001,181,2.71
111,36001,181,2.56
111,38001,181,2.52
111,40001,181,2.4
111,42001,181,2.19
111,44001,181,2.14
111,46001,181,2.45
111,48001,181,2.59
111,50001,181,2.8
111,52001,181,2.96
111,54001,181,3.16
111,56001,181,3.25
111,58001,181,3.06
111,60001,181,2.91
111,62001,181,2.78
111,64001,181,2.75
111,65535,181,2.71
111,1,191,2.59
111,2001,191,2.69
111,4001,191,2.79
111,6001,191,2.83
111,8001,191,2.95
111,10001,191,3.14
111,12001,191,3.23
111,14001,191,2.91
111,16001,191,2.61
111,18001,191,2.51
111,20001,191,2.35
111,22001,191,2.16
111,24001,191,2.18
111,26001,191,2.35
111,28001,191,2.46
111,30001,191,2.55
111,32001,191,2.7
111,34001,191,2.78
111,36001,191,2.55
111,38001,191,2.43
111,40001,191,2.32
111,42001,191,2.29
111,44001,191,2.14
111,46001,191,2.31
111,48001,191,2.55
111,50001,191,2.71
111,52001,191,2.98
111,54001,191,3.15
111,56001,191,3.21
111,58001,191,3.01
111,60001,191,2.92
111,62001,191,2.82
111,64001,191,2.69
111,65535,191,2.73
111,1,201,2.53
111,2001,201,2.6
111,4001,201,2.75
111,6001,201,2.73
111,8001,201,3.1
111,10001,201,3.1
111,12001,201,3.08
111,14001,201,2.98
111,16001,201,2.58
111,18001,201,2.59
111,20001,201,2.29
111,22001,201,2.17
111,24001,201,2.16
111,26001,201,2.25
111,28001,201,2.39
111,30001,201,2.54
111,32001,201,2.56
111,34001,201,2.67
111,36001,201,2.6
111,38001,201,2.42
111,40001,201,2.4
111,42001,201,2.13
111,44001,201,2.1
111,46001,201,2.2
111,48001,201,2.43
111,50001,201,2.69
111,52001,201,2.96
111,54001,201,3.17
111,56001,201,3.16
111,58001,201,3.09
111,60001,201,2.82
111,62001,201,2.68
111,64001,201,2.71
111,65535,201,2.59
111,1,211,2.55
111,2001,211,2.62
111,4001,211,2.69
111,6001,211,2.84
111,8001,211,2.94
111,10001,211,3.11
111,12001,211,3.15
111,14001,211,2.72
111,16001,211,2.74
111,18001,211,2.31
111,20001,211,2.36
111,22001,211,2.09
111,24001,211,2.01
111,26001,211,2.14
111,28001,211,2.27
111,30001,211,2.48
111,32001,211,2.53
111,34001,211,2.72
111,36001,211,2.42
111,38001,211,2.4
111,40001,211,2.31
111,42001,211,2.11
111,44001,211,2.14
111,46001,211,2.21
111,48001,211,2.39
111,50001,211,2.62
111,52001,211,2.82
111,54001,211,3.1
111,56001,211,3.24
111,58001,211,2.92
111,60001,211,2.84
111,62001,211,2.72
111,64001,211,2.7
111,65535,211,2.56
111,1,221,2.61
111,2001,221,2.61
111,4001,221,2.77
111,6001,221,2.7
111,8001,221,2.91
111,10001,221,3.02
111,12001,221,3.08
111,14001,221,2.88
111,16001,221,2.52
111,18001,221,2.37
111,20001,221,2.1
111,22001,221,1.93
111,24001,221,1.99
111,26001,221,2.11
111,28001,221,2.25
111,30001,221,2.44
111,32001,221,2.69
111,34001,221,2.59
111,36001,221,2.48
111,38001,221,2.32
111,40001,221,2.18
111,42001,221,2.13
111,44001,221,2.08
111,46001,221,2.2
111,48001,221,2.29
111,50001,221,2.57
111,52001,221,2.82
111,54001,221,3.04
111,56001,221,3.05
111,58001,221,2.98
111,60001,221,2.8
111,62001,221,2.69
111,64001,221,2.59
111,65535,221,2.59
111,1,231,2.54
111,2001,231,2.57
111,4001,231,2.64
111,6001,231,2.69
111,8001,231,2.88
111,10001,231,2.92
111,12001,231,3.06
111,14001,231,2.97
111,16001,231,2.54
111,18001,231,2.48
111,20001,231,2.21
111,22001,231,1.94
111,24001,231,1.96
111,26001,231,2.05
111,28001,231,2.18
111,30001,231,2.26
111,32001,231,2.44
111,34001,231,2.57
111,36001,231,2.29
111,38001,231,2.27
111,40001,231,2.09
111,42001,231,1.99
111,44001,231,1.96
111,46001,231,2.12
111,48001,231,2.28
111,50001,231,2.29
111,52001,231,2.76
111,54001,231,3.02
111,56001,231,3.09
111,58001,231,2.89
111,60001,231,2.79
111,62001,231,2.63
111,64001,231,2.55
111,65535,231,2.48
111,1,241,2.59
111,2001,241,2.53
111,4001,241,2.74
111,6001,241,2.86
111,8001,241,2.81
111,10001,241,3.15
111,12001,241,2.95
111,14001,241,2.79
111,16001,241,2.47
111,18001,241,2.3
111,20001,241,2.07
111,22001,241,1.94
111,24001,241,1.87
111,26001,241,1.9
111,28001,241,2.19
111,30001,241,2.23
111,32001,241,2.62
111,34001,241,2.36
111,36001,241,2.39
111,38001,241,2.24
111,40001,241,2.04
111,42001,241,1.9
111,44001,241,1.98
111,46001,241,2.08
111,48001,241,2.27
111,50001,241,2.52
111,52001,241,3.01
111,54001,241,3.0
111,56001,241,3.1
111,58001,241,2.99
111,60001,241,2.74
111,62001,241,2.68
111,64001,241,2.53
111,65535,241,2.41
111,1,251,2.48
111,2001,251,2.46
111,4001,251,2.62
111,6001,251,2.59
111,8001,251,2.89
111,10001,251,3.08
111,12001,251,3.15
111,14001,251,2.8
111,16001,251,2.56
111,18001,251,2.48
111,20001,251,2.01
111,22001,251,1.95
111,24001,251,1.85
111,26001,251,1.95
111,28001,251,2.09
111,30001,251,2.16
111,32001,251,2.49
111,34001,251,2.52
111,36001,251,2.35
111,38001,251,2.12
111,40001,251,2.04
111,42001,251,1.94
111,44001,251,1.9
111,46001,251,2.24
111,48001,251,2.27
111,50001,251,2.5
111,52001,251,2.71
111,54001,251,2.98
111,56001,251,3.13
111,58001,251,3.0
111,60001,251,2.82
111,62001,251,2.65
111,64001,251,2.52
111,65535,251,2.53
111,1,254,2.43
111,2001,254,2.49
111,4001,254,2.58
111,6001,254,2.68
111,8001,254,2.71
111,10001,254,3.01
111,12001,254,2.96
111,14001,254,2.85
111,16001,254,2.59
111,18001,254,2.25
111,20001,254,2.12
111,22001,254,1.89
111,24001,254,1.86
111,26001,254,1.99
111,28001,254,2.08
111,30001,254,2.19
111,32001,254,2.53
111,34001,254,2.48
111,36001,254,2.32
111,38001,254,2.27
111,40001,254,1.97
111,42001,254,1.94
111,44001,254,1.94
111,46001,254,2.0
111,48001,254,2.32
111,50001,254,2.47
111,52001,254,2.76
111,54001,254,3.11
111,56001,254,3.05
111,58001,254,2.84
111,60001,254,2.73
111,62001,254,2.67
111,64001,254,2.54
111,65535,254,2.47
121,1,1,4.2
121,2001,1,4.17
121,4001,1,4.15
121,6001,1,4.16
121,8001,1,4.11
121,10001,1,4.18
121,12001,1,4.19
121,14001,1,4.23
121,16001,1,4.21
121,18001,1,4.2
121,20001,1,4.11
121,22001,1,4.15
121,24001,1,4.18
121,26001,1,4.15
121,28001,1,4.28
121,30001,1,4.18
121,32001,1,4.12
121,34001,1,4.21
121,36001,1,4.1
121,38001,1,4.14
121,40001,1,4.13
121,42001,1,4.1
121,44001,1,4.24
121,46001,1,4.24
121,48001,1,4.14
121,50001,1,4.14
121,52001,1,4.2
121,54001,1,4.25
121,56001,1,4.12
121,58001,1,4.22
121,60001,1,4.28
121,62001,1,4.08
121,64001,1,4.11
121,65535,1,4.14
121,1,11,4.01
121,2001,11,4.04
121,4001,11,4.01
121,6001,11,4.05
121,8001,11,4.07
121,10001,11,4.16
121,12001,11,4.08
121,14001,11,4.17
121,16001,11,4.02
121,18001,11,4.03
121,20001,11,4.04
121,22001,11,4.09
121,24001,11,4.0
121,26001,11,4.19
121,28001,11,4.06
121,30001,11,4.1
121,32001,11,4.0
121,34001,11,4.07
121,36001,11,4.09
121,38001,11,4.0
121,40001,11,3.95
121,42001,11,3.98
121,44001,11,3.98
121,46001,11,3.99
121,48001,11,3.99
121,50001,11,4.01
121,52001,11,4.07
121,54001,11,3.95
121,56001,11,4.01
121,58001,11,4.01
121,60001,11,4.02
121,62001,11,4.0
121,64001,11,4.04
121,65535,11,4.04
121,1,21,3.84
121,2001,21,3.98
121,4001,21,3.93
121,6001,21,3.93
121,8001,21,3.95
121,10001,21,4.0
121,12001,21,4.04
121,14001,21,3.97
121,16001,21,3.9
121,18001,21,4.04
121,20001,21,3.93
121,22001,21,3.84
121,24001,21,3.96
121,26001,21,3.89
121,28001,21,3.91
121,30001,21,3.88
121,32001,21,3.98
121,34001,21,3.96
121,36001,21,4.02
121,38001,21,3.92
121,40001,21,3.92
121,42001,21,3.93
121,44001,21,3.89
121,46001,21,3.88
121,48001,21,3.97
121,50001,21,4.03
121,52001,21,3.9
121,54001,21,4.05
121,56001,21,3.99
121,58001,21,3.98
121,60001,21,4.04
121,62001,21,4.08
121,64001,21,3.99
121,65535,21,3.89
121,1,31,3.91
121,2001,31,3.84
121,4001,31,3.87
121,6001,31,3.94
121,8001,31,3.91
121,10001,31,3.94
121,12001,31,3.98
121,14001,31,3.94
121,16001,31,3.89
121,18001,31,3.84
121,20001,31,3.82
121,22001,31,3.75
121,24001,31,3.73
121,26001,31,3.85
121,28001,31,3.89
121,30001,31,4.04
121,32001,31,3.95
121,34001,31,3.87
121,36001,31,3.91
121,38001,31,3.98
121,40001,31,3.98
121,42001,31,3.8
121,44001,31,3.75
121,46001,31,3.76
121,48001,31,3.86
121,50001,31,3.84
121,52001,31,4.03
121,54001,31,4.0
121,56001,31,4.04
121,58001,31,3.98
121,60001,31,3.91
121,62001,31,3.94
121,64001,31,3.94
121,65535,31,3.84
121,1,41,3.73
121,2001,41,3.73
121,4001,41,3.81
121,6001,41,3.89
121,8001,41,3.87
121,10001,41,3.88
121,12001,41,3.98
121,14001,41,3.86
121,16001,41,3.82
121,18001,41,3.82
121,20001,41,3.76
121,22001,41,3.64
121,24001,41,3.74
121,26001,41,3.68
121,28001,41,3.76
121,30001,41,3.78
121,32001,41,3.89
121,34001,41,3.9
121,36001,41,3.79
121,38001,41,3.76
121,40001,41,3.76
121,42001,41,3.81
121,44001,41,3.64
121,46001,41,3.83
121,48001,41,3.77
121,50001,41,3.84
121,52001,41,3.91
121,54001,41,3.97
121,56001,41,3.93
121,58001,41,3.86
121,60001,41,3.82
121,62001,41,3.9
121,64001,41,3.83
121,65535,41,3.67
121,1,51,3.61
121,2001,51,3.65
121,4001,51,3.71
121,6001,51,3.69
121,8001,51,3.86
121,10001,51,3.9
121,12001,51,3.91
121,14001,51,3.78
121,16001,51,3.64
121,18001,51,3.6
121,20001,51,3.51
121,22001,51,3.49
121,24001,51,3.48
121,26001,51,3.66
121,28001,51,3.55
121,30001,51,3.76
121,32001,51,3.79
121,34001,51,3.76
121,36001,51,3.74
121,38001,51,3.59
121,40001,51,3.47
121,42001,51,3.61
121,44001,51,3.52
121,46001,51,3.66
121,48001,51,3.65
121,50001,51,3.7
121,52001,51,3.78
121,54001,51,3.83
121,56001,51,4.0
121,58001,51,3.88
121,60001,51,3.8
121,62001,51,3.77
121,64001,51,3.66
121,65535,51,3.74
121,1,61,3.57
121,2001,61,3.71
121,4001,61,3.68
121,6001,61,3.64
121,8001,61,3.84
121,10001,61,3.77
121,12001,61,3.87
121,14001,61,3.75
121,16001,61,3.71
121,18001,61,3.66
121,20001,61,3.47
121,22001,61,3.41
121,24001,61,3.51
121,26001,61,3.56
121,28001,61,3.65
121,30001,61,3.65
121,32001,61,3.74
121,34001,61,3.74
121,36001,61,3.69
121,38001,61,3.56
121,40001,61,3.55
121,42001,61,3.54
121,44001,61,3.51
121,46001,61,3.47
121,48001,61,3.64
121,50001,61,3.73
121,52001,61,3.7
121,54001,61,3.83
121,56001,61,3.8
121,58001,61,3.83
121,60001,61,3.74
121,62001,61,3.76
121,64001,61,3.59
121,65535,61,3.57
121,1,71,3.57
121,2001,71,3.59
121,4001,71,3.59
121,6001,71,3.61
121,8001,71,3.71
121,10001,71,3.75
121,12001,71,3.7
121,14001,71,3.62
121,16001,71,3.57
121,18001,71,3.54
121,20001,71,3.44
121,22001,71,3.37
121,24001,71,3.44
121,26001,71,3.58
121,28001,71,3.61
121,30001,71,3.62
121,32001,71,3.58
121,34001,71,3.61
121,36001,71,3.69
121,38001,71,3.57
121,40001,71,3.5
121,42001,71,3.52
121,44001,71,3.51
121,46001,71,3.44
121,48001,71,3.53
121,50001,71,3.66
121,52001,71,3.64
121,54001,71,3.79
121,56001,71,3.9
121,58001,71,3.72
121,60001,71,3.74
121,62001,71,3.7
121,64001,71,3.5
121,65535,71,3.57
121,1,81,3.46
121,2001,81,3.51
121,4001,81,3.59
121,6001,81,3.68
121,8001,81,3.71
121,10001,81,3.72
121,12001,81,3.76
121,14001,81,3.64
121,16001,81,3.52
121,18001,81,3.43
121,20001,81,3.34
121,22001,81,3.3
121,24001,81,3.23
121,26001,81,3.43
121,28001,81,3.37
121,30001,81,3.47
121,32001,81,3.52
121,34001,81,3.62
121,36001,81,3.53
121,38001,81,3.36
121,40001,81,3.37
121,42001,81,3.37
121,44001,81,3.3
121,46001,81,3.39
121,48001,81,3.49
121,50001,81,3.22
121,52001,81,3.64
121,54001,81,3.65
121,56001,81,3.7
121,58001,81,3.67
121,60001,81,3.56
121,62001,81,3.55
121,64001,81,3.45
121,65535,81,3.4
121,1,91,3.38
121,2001,91,3.33
121,4001,91,3.52
121,6001,91,3.53
121,8001,91,3.56
121,10001,91,3.71
121,12001,91,3.68
121,14001,91,3.64
121,16001,91,3.47
121,18001,91,3.42
121,20001,91,3.33
121,22001,91,3.21
121,24001,91,3.1
121,26001,91,3.37
121,28001,91,3.35
121,30001,91,3.37
121,32001,91,3.48
121,34001,91,3.52
121,36001,91,3.43
121,38001,91,3.45
121,40001,91,3.33
121,42001,91,3.26
121,44001,91,3.12
121,46001,91,3.14
121,48001,91,3.43
121,50001,91,3.43
121,52001,91,3.56
121,54001,91,3.64
121,56001,91,3.72
121,58001,91,3.61
121,60001,91,3.51
121,62001,91,3.5
121,64001,91,3.46
121,65535,91,3.32
121,1,101,3.29
121,2001,101,3.33
121,4001,101,3.42
121,6001,101,3.45
121,8001,101,3.64
121,10001,101,3.59
121,12001,101,3.57
121,14001,101,3.54
121,16001,101,3.35
121,18001,101,3.28
121,20001,101,3.15
121,22001,101,3.05
121,24001,101,3.12
121,26001,101,3.12
121,28001,101,3.27
121,30001,101,3.33
121,32001,101,3.39
121,34001,101,3.37
121,36001,101,3.31
121,38001,101,3.25
121,40001,101,3.2
121,42001,101,3.16
121,44001,101,3.03
121,46001,101,3.21
121,48001,101,3.29
121,50001,101,3.41
121,52001,101,3.51
121,54001,101,3.6
121,56001,101,3.7
121,58001,101,3.56
121,60001,101,3.49
121,62001,101,3.45
121,64001,101,3.43
121,65535,101,3.36
121,1,111,3.14
121,2001,111,3.2
121,4001,111,3.39
121,6001,111,3.36
121,8001,111,3.44
121,10001,111,3.63
121,12001,111,3.7
121,14001,111,3.41
121,16001,111,3.35
121,18001,111,3.17
121,20001,111,3.14
121,22001,111,2.96
121,24001,111,2.95
121,26001,111,3.04
121,28001,111,3.22
121,30001,111,3.36
121,32001,111,3.34
121,34001,111,3.36
121,36001,111,3.25
121,38001,111,3.23
121,40001,111,3.17
121,42001,111,3.04
121,44001,111,2.98
121,46001,111,3.18
121,48001,111,3.21
121,50001,111,3.43
121,52001,111,3.5
121,54001,111,3.68
121,56001,111,3.66
121,58001,111,3.62
121,60001,111,3.5
121,62001,111,3.36
121,64001,111,3.17
121,65535,111,3.28
121,1,121,3.21
121,2001,121,3.24
121,4001,121,3.26
121,6001,121,3.39
121,8001,121,3.55
121,10001,121,3.48
121,12001,121,3.53
121,14001,121,3.43
121,16001,121,3.38
121,18001,121,3.15
121,20001,121,2.91
121,22001,121,2.76
121,24001,121,2.94
121,26001,121,3.0
121,28001,121,2.99
121,30001,121,3.18
121,32001,121,3.24
121,34001,121,3.29
121,36001,121,3.18
121,38001,121,3.03
121,40001,121,3.17
121,42001,121,2.95
121,44001,121,2.93
121,46001,121,2.98
121,48001,121,3.1
121,50001,121,3.38
121,52001,121,3.44
121,54001,121,3.61
121,56001,121,3.65
121,58001,121,3.43
121,60001,121,3.34
121,62001,121,3.36
121,64001,121,3.18
121,65535,121,3.04
121,1,131,3.0
121,2001,131,3.12
121,4001,131,3.24
121,6001,131,3.21
121,8001,131,3.44
121,10001,131,3.48
121,12001,131,3.49
121,14001,131,3.42
121,16001,131,3.24
121,18001,131,3.12
121,20001,131,2.97
121,22001,131,2.84
121,24001,131,2.82
121,26001,131,2.79
121,28001,131,3.07
121,30001,131,3.07
121,32001,131,3.24
121,34001,131,3.25
121,36001,131,3.12
121,38001,131,3.0
121,40001,131,2.95
121,42001,131,2.83
121,44001,131,2.78
121,46001,131,2.99
121,48001,131,3.07
121,50001,131,3.19
121,52001,131,3.37
121,54001,131,3.61
121,56001,131,3.52
121,58001,131,3.38
121,60001,131,3.36
121,62001,131,3.17
121,64001,131,3.14
121,65535,131,3.05
121,1,141,2.94
121,2001,141,3.05
121,4001,141,3.07
121,6001,141,3.26
121,8001,141,3.37
121,10001,141,3.51
121,12001,141,3.43
121,14001,141,3.36
121,16001,141,3.14
121,18001,141,2.87
121,20001,141,2.85
121,22001,141,2.63
121,24001,141,2.69
121,26001,141,2.81
121,28001,141,2.83
121,30001,141,3.05
121,32001,141,3.15
121,34001,141,3.19
121,36001,141,3.03
121,38001,141,3.01
121,40001,141,2.97
121,42001,141,2.68
121,44001,141,2.79
121,46001,141,2.73
121,48001,141,3.01
121,50001,141,3.13
121,52001,141,3.27
121,54001,141,3.54
121,56001,141,3.66
121,58001,141,3.32
121,60001,141,3.24
121,62001,141,3.1
121,64001,141,3.06
121,65535,141,2.86
121,1,151,2.89
121,2001,151,3.1
121,4001,151,3.07
121,6001,151,3.17
121,8001,151,3.29
121,10001,151,3.53
121,12001,151,3.42
121,14001,151,3.17
121,16001,151,3.26
121,18001,151,2.78
121,20001,151,2.74
121,22001,151,2.56
121,24001,151,2.68
121,26001,151,2.74
121,28001,151,3.08
121,30001,151,2.99
121,32001,151,3.09
121,34001,151,3.15
121,36001,151,3.06
121,38001,151,2.85
121,40001,151,2.79
121,42001,151,2.75
121,44001,151,2.55
121,46001,151,2.89
121,48001,151,2.84
121,50001,151,3.08
121,52001,151,3.36
121,54001,151,3.52
121,56001,151,3.32
121,58001,151,3.32
121,60001,151,3.24
121,62001,151,3.0
121,64001,151,3.04
121,65535,151,2.91
121,1,161,2.79
121,2001,161,2.94
121,4001,161,3.04
121,6001,161,3.18
121,8001,161,3.3
121,10001,161,3.55
121,12001,161,3.44
121,14001,161,3.26
121,16001,161,3.04
121,18001,161,2.9
121,20001,161,2.61
121,22001,161,2.52
121,24001,161,2.52
121,26001,161,2.76
121,28001,161,2.79
121,30001,161,2.94
121,32001,161,3.1
121,34001,161,3.1
121,36001,161,2.91
121,38001,161,2.82
121,40001,161,2.73
121,42001,161,2.58
121,44001,161,2.51
121,46001,161,2.68
121,48001,161,2.74
121,50001,161,3.1
121,52001,161,3.14
121,54001,161,3.48
121,56001,161,3.56
121,58001,161,3.25
121,60001,161,3.23
121,62001,161,3.09
121,64001,161,2.92
121,65535,161,2.79
121,1,171,2.84
121,2001,171,2.88
121,4001,171,3.0
121,6001,171,3.0
121,8001,171,3.2
121,10001,171,3.43
121,12001,171,3.41
121,14001,171,3.16
121,16001,171,2.99
121,18001,171,2.88
121,20001,171,2.57
121,22001,171,2.44
121,24001,171,2.52
121,26001,171,2.39
121,28001,171,2.77
121,30001,171,2.88
121,32001,171,2.99
121,34001,171,2.91
121,36001,171,2.88
121,38001,171,2.72
121,40001,171,2.68
121,42001,171,2.46
121,44001,171,2.5
121,46001,171,2.62
121,48001,171,2.8
121,50001,171,3.02
121,52001,171,3.19
121,54001,171,3.33
121,56001,171,3.4
121,58001,171,3.34
121,60001,171,3.21
121,62001,171,3.0
121,64001,171,2.89
121,65535,171,2.78
121,1,181,2.7
121,2001,181,2.79
121,4001,181,2.96
121,6001,181,3.01
121,8001,181,3.18
121,10001,181,3.34
121,12001,181,3.29
121,14001,181,3.1
121,16001,181,2.91
121,18001,181,2.75
121,20001,181,2.57
121,22001,181,2.32
121,24001,181,2.41
121,26001,181,2.76
121,28001,181,2.55
121,30001,181,2.77
121,32001,181,2.89
121,34001,181,2.99
121,36001,181,2.77
121,38001,181,2.63
121,40001,181,2.55
121,42001,181,2.41
121,44001,181,2.36
121,46001,181,2.51
121,48001,181,2.79
121,50001,181,2.96
121,52001,181,3.12
121,54001,181,3.37
121,56001,181,3.37
121,58001,181,3.37
121,60001,181,3.12
121,62001,181,3.02
121,64001,181,2.82
121,65535,181,2.86
121,1,191,2.74
121,2001,191,2.87
121,4001,191,2.84
121,6001,191,3.0
121,8001,191,3.14
121,10001,191,3.3
121,12001,191,3.4
121,14001,191,3.12
121,16001,191,2.88
121,18001,191,2.73
121,20001,191,2.49
121,22001,191,2.28
121,24001,191,2.31
121,26001,191,2.4
121,28001,191,2.51
121,30001,191,2.68
121,32001,191,2.88
121,34001,191,2.8
121,36001,191,2.75
121,38001,191,2.52
121,40001,191,2.49
121,42001,191,2.4
121,44001,191,2.31
121,46001,191,2.49
121,48001,191,2.66
121,50001,191,2.9
121,52001,191,3.11
121,54001,191,3.45
121,56001,191,3.4
121,58001,191,3.26
121,60001,191,3.12
121,62001,191,2.83
121,64001,191,2.78
121,65535,191,2.74
121,1,201,2.59
121,2001,201,2.74
121,4001,201,2.85
121,6001,201,2.99
121,8001,201,3.24
121,10001,201,3.35
121,12001,201,3.29
121,14001,201,3.02
121,16001,201,2.85
121,18001,201,2.76
121,20001,201,2.36
121,22001,201,2.22
121,24001,201,2.32
121,26001,201,2.28
121,28001,201,2.43
121,30001,201,2.72
121,32001,201,3.01
121,34001,201,2.73
121,36001,201,2.7
121,38001,201,2.47
121,40001,201,2.43
121,42001,201,2.23
121,44001,201,2.19
121,46001,201,2.43
121,48001,201,2.7
121,50001,201,2.84
121,52001,201,3.04
121,54001,201,3.39
121,56001,201,3.29
121,58001,201,3.17
121,60001,201,3.06
121,62001,201,3.03
121,64001,201,2.77
121,65535,201,2.74
121,1,211,2.56
121,2001,211,2.69
121,4001,211,2.94
121,6001,211,2.92
121,8001,211,2.96
121,10001,211,3.3
121,12001,211,3.29
121,14001,211,2.99
121,16001,211,2.88
121,18001,211,2.55
121,20001,211,2.41
121,22001,211,2.16
121,24001,211,2.16
121,26001,211,2.33
121,28001,211,2.51
121,30001,211,2.65
121,32001,211,2.79
121,34001,211,2.81
121,36001,211,2.59
121,38001,211,2.42
121,40001,211,2.44
121,42001,211,2.19
121,44001,211,2.17
121,46001,211,2.34
121,48001,211,2.48
121,50001,211,2.74
121,52001,211,2.96
121,54001,211,3.42
121,56001,211,3.41
121,58001,211,3.18
121,60001,211,3.08
121,62001,211,2.85
121,64001,211,2.78
121,65535,211,2.75
121,1,221,2.58
121,2001,221,2.62
121,4001,221,2.82
121,6001,221,2.86
121,8001,221,3.09
121,10001,221,3.16
121,12001,221,3.19
121,14001,221,3.05
121,16001,221,2.82
121,18001,221,2.5
121,20001,221,2.28
121,22001,221,2.12
121,24001,221,2.09
121,26001,221,2.2
121,28001,221,2.38
121,30001,221,2.49
121,32001,221,2.78
121,34001,221,2.78
121,36001,221,2.67
121,38001,221,2.56
121,40001,221,2.31
121,42001,221,2.26
121,44001,221,2.13
121,46001,221,2.28
121,48001,221,2.51
121,50001,221,2.87
121,52001,221,3.06
121,54001,221,3.42
121,56001,221,3.27
121,58001,221,3.07
121,60001,221,2.87
121,62001,221,2.82
121,64001,221,2.81
121,65535,221,2.65
121,1,231,2.64
121,2001,231,2.61
121,4001,231,2.81
121,6001,231,2.96
121,8001,231,2.98
121,10001,231,3.23
121,12001,231,3.19
121,14001,231,2.89
121,16001,231,2.69
121,18001,231,2.4
121,20001,231,2.26
121,22001,231,2.03
121,24001,231,2.05
121,26001,231,2.07
121,28001,231,2.28
121,30001,231,2.38
121,32001,231,2.71
121,34001,231,2.76
121,36001,231,2.48
121,38001,231,2.41
121,40001,231,2.28
121,42001,231,2.13
121,44001,231,1.98
121,46001,231,2.27
121,48001,231,2.36
121,50001,231,2.73
121,52001,231,2.99
121,54001,231,3.34
121,56001,231,3.27
121,58001,231,3.15
121,60001,231,2.93
121,62001,231,2.76
121,64001,231,2.63
121,65535,231,2.59
121,1,241,2.57
121,2001,241,2.72
121,4001,241,2.85
121,6001,241,2.79
121,8001,241,3.06
121,10001,241,3.12
121,12001,241,3.29
121,14001,241,2.91
121,16001,241,2.75
121,18001,241,2.44
121,20001,241,2.26
121,22001,241,2.0
121,24001,241,2.02
121,26001,241,2.02
121,28001,241,2.23
121,30001,241,2.39
121,32001,241,2.65
121,34001,241,2.64
121,36001,241,2.46
121,38001,241,2.27
121,40001,241,2.19
121,42001,241,2.04
121,44001,241,1.99
121,46001,241,2.13
121,48001,241,2.34
121,50001,241,2.65
121,52001,241,2.96
121,54001,241,3.33
121,56001,241,3.23
121,58001,241,2.97
121,60001,241,2.83
121,62001,241,2.74
121,64001,241,2.69
121,65535,241,2.64
121,1,251,2.56
121,2001,251,2.68
121,4001,251,2.78
121,6001,251,2.88
121,8001,251,3.01
121,10001,251,3.29
121,12001,251,3.32
121,14001,251,2.94
121,16001,251,2.64
121,18001,251,2.46
121,20001,251,2.07
121,22001,251,2.0
121,24001,251,1.96
121,26001,251,2.01
121,28001,251,2.18
121,30001,251,2.37
121,32001,251,2.52
121,34001,251,2.58
121,36001,251,2.35
121,38001,251,2.3
121,40001,251,2.03
121,42001,251,2.08
121,44001,251,1.93
121,46001,251,2.14
121,48001,251,2.52
121,50001,251,2.65
121,52001,251,2.81
121,54001,251,3.39
121,56001,251,3.23
121,58001,251,3.11
121,60001,251,2.87
121,62001,251,2.86
121,64001,251,2.62
121,65535,251,2.67
121,1,254,2.55
121,2001,254,2.64
121,4001,254,2.58
121,6001,254,2.82
121,8001,254,3.07
121,10001,254,3.12
121,12001,254,3.28
121,14001,254,2.89
121,16001,254,2.62
121,18001,254,2.37
121,20001,254,2.17
121,22001,254,2.0
121,24001,254,2.0
121,26001,254,1.98
121,28001,254,2.18
121,30001,254,2.3
121,32001,254,2.48
121,34001,254,2.58
121,36001,254,2.51
121,38001,254,2.23
121,40001,254,2.13
121,42001,254,2.08
121,44001,254,2.01
121,46001,254,2.12
121,48001,254,2.37
121,50001,254,2.6
121,52001,254,2.93
121,54001,254,3.31
121,56001,254,3.25
121,58001,254,3.05
121,60001,254,2.95
121,62001,254,2.75
121,64001,254,2.7
121,65535,254,2.57
131,1,1,4.46
131,2001,1,4.51
131,4001,1,4.51
131,6001,1,4.41
131,8001,1,4.43
131,10001,1,4.37
131,12001,1,4.42
131,14001,1,4.45
131,16001,1,4.46
131,18001,1,4.51
131,20001,1,4.41
131,22001,1,4.39
131,24001,1,4.42
131,26001,1,4.54
131,28001,1,4.4
131,30001,1,4.43
131,32001,1,4.43
131,34001,1,4.35
131,36001,1,4.36
131,38001,1,4.41
131,40001,1,4.41
131,42001,1,4.4
131,44001,1,4.49
131,46001,1,4.4
131,48001,1,4.39
131,50001,1,4.47
131,52001,1,4.37
131,54001,1,4.44
131,56001,1,4.32
131,58001,1,4.45
131,60001,1,4.45
131,62001,1,4.44
131,64001,1,4.44
131,65535,1,4.39
131,1,11,4.44
131,2001,11,4.37
131,4001,11,4.36
131,6001,11,4.31
131,8001,11,4.31
131,10001,11,4.38
131,12001,11,4.45
131,14001,11,4.33
131,16001,11,4.41
131,18001,11,4.28
131,20001,11,4.26
131,22001,11,4.28
131,24001,11,4.39
131,26001,11,4.35
131,28001,11,4.29
131,30001,11,4.43
131,32001,11,4.34
131,34001,11,4.36
131,36001,11,4.37
131,38001,11,4.35
131,40001,11,4.37
131,42001,11,4.29
131,44001,11,4.36
131,46001,11,4.3
131,48001,11,4.33
131,50001,11,4.26
131,52001,11,4.34
131,54001,11,4.43
131,56001,11,4.37
131,58001,11,4.46
131,60001,11,4.37
131,62001,11,4.28
131,64001,11,4.46
131,65535,11,4.31
131,1,21,4.14
131,2001,21,4.22
131,4001,21,4.32
131,6001,21,4.34
131,8001,21,4.31
131,10001,21,4.32
131,12001,21,4.22
131,14001,21,4.22
131,16001,21,4.25
131,18001,21,4.15
131,20001,21,4.13
131,22001,21,4.19
131,24001,21,4.17
131,26001,21,4.23
131,28001,21,4.22
131,30001,21,4.3
131,32001,21,4.33
131,34001,21,4.35
131,36001,21,4.28
131,38001,21,4.18
131,40001,21,4.25
131,42001,21,4.06
131,44001,21,4.17
131,46001,21,4.24
131,48001,21,4.25
131,50001,21,4.12
131,52001,21,4.19
131,54001,21,4.32
131,56001,21,4.3
131,58001,21,4.31
131,60001,21,4.29
131,62001,21,4.25
131,64001,21,4.26
131,65535,21,4.2
131,1,31,4.13
131,2001,31,4.14
131,4001,31,4.09
131,6001,31,4.22
131,8001,31,4.26
131,10001,31,4.35
131,12001,31,4.26
131,14001,31,4.24
131,16001,31,4.22
131,18001,31,4.1
131,20001,31,4.2
131,22001,31,4.04
131,24001,31,4.1
131,26001,31,4.12
131,28001,31,4.21
131,30001,31,4.14
131,32001,31,4.3
131,34001,31,4.2
131,36001,31,4.13
131,38001,31,4.15
131,40001,31,4.06
131,42001,31,4.07
131,44001,31,4.01
131,46001,31,4.0
131,48001,31,4.16
131,50001,31,4.15
131,52001,31,4.18
131,54001,31,4.27
131,56001,31,4.22
131,58001,31,4.23
131,60001,31,4.22
131,62001,31,4.02
131,64001,31,4.2
131,65535,31,4.06
131,1,41,4.11
131,2001,41,4.06
131,4001,41,4.08
131,6001,41,4.09
131,8001,41,4.1
131,10001,41,4.18
131,12001,41,4.25
131,14001,41,4.19
131,16001,41,4.11
131,18001,41,4.05
131,20001,41,3.95
131,22001,41,3.86
131,24001,41,3.95
131,26001,41,3.93
131,28001,41,3.98
131,30001,41,4.04
131,32001,41,4.14
131,34001,41,4.28
131,36001,41,4.16
131,38001,41,4.03
131,40001,41,3.96
131,42001,41,3.97
131,44001,41,3.92
131,46001,41,4.05
131,48001,41,4.06
131,50001,41,4.13
131,52001,41,4.13
131,54001,41,4.31
131,56001,41,4.2
131,58001,41,4.17
131,60001,41,4.15
131,62001,41,4.04
131,64001,41,4.0
131,65535,41,3.94
131,1,51,3.87
131,2001,51,3.98
131,4001,51,3.98
131,6001,51,4.07
131,8001,51,4.17
131,10001,51,4.21
131,12001,51,4.1
131,14001,51,4.01
131,16001,51,4.0
131,18001,51,3.93
131,20001,51,3.86
131,22001,51,3.77
131,24001,51,3.86
131,26001,51,3.98
131,28001,51,3.9
131,30001,51,3.97
131,32001,51,4.08
131,34001,51,4.01
131,36001,51,3.97
131,38001,51,3.94
131,40001,51,3.89
131,42001,51,3.83
131,44001,51,3.88
131,46001,51,3.88
131,48001,51,3.89
131,50001,51,3.97
131,52001,51,3.96
131,54001,51,4.08
131,56001,51,4.12
131,58001,51,4.09
131,60001,51,4.05
131,62001,51,4.04
131,64001,51,4.01
131,65535,51,3.89
131,1,61,3.85
131,2001,61,3.91
131,4001,61,3.86
131,6001,61,3.97
131,8001,61,4.11
131,10001,61,4.15
131,12001,61,4.03
131,14001,61,3.96
131,16001,61,3.97
131,18001,61,3.81
131,20001,61,3.77
131,22001,61,3.72
131,24001,61,3.72
131,26001,61,3.82
131,28001,61,3.8
131,30001,61,3.95
131,32001,61,3.99
131,34001,61,3.96
131,36001,61,3.88
131,38001,61,3.8
131,40001,61,3.84
131,42001,61,3.68
131,44001,61,3.65
131,46001,61,3.81
131,48001,61,3.9
131,50001,61,3.95
131,52001,61,4.11
131,54001,61,4.14
131,56001,61,4.14
131,58001,61,4.06
131,60001,61,3.98
131,62001,61,3.87
131,64001,61,3.8
131,65535,61,3.7
131,1,71,3.64
131,2001,71,3.83
131,4001,71,3.83
131,6001,71,3.81
131,8001,71,3.9
131,10001,71,4.08
131,12001,71,4.03
131,14001,71,4.02
131,16001,71,3.89
131,18001,71,3.68
131,20001,71,3.73
131,22001,71,3.6
131,24001,71,3.62
131,26001,71,3.75
131,28001,71,3.8
131,30001,71,3.89
131,32001,71,3.92
131,34001,71,3.79
131,36001,71,3.93
131,38001,71,3.83
131,40001,71,3.66
131,42001,71,3.54
131,44001,71,3.55
131,46001,71,3.74
131,48001,71,3.69
131,50001,71,3.85
131,52001,71,3.99
131,54001,71,4.03
131,56001,71,4.13
131,58001,71,4.02
131,60001,71,3.98
131,62001,71,3.77
131,64001,71,3.81
131,65535,71,3.85
131,1,81,3.69
131,2001,81,3.72
131,4001,81,3.75
131,6001,81,3.82
131,8001,81,3.89
131,10001,81,4.01
131,12001,81,3.95
131,14001,81,3.89
131,16001,81,3.69
131,18001,81,3.64
131,20001,81,3.52
131,22001,81,3.49
131,24001,81,3.55
131,26001,81,3.58
131,28001,81,3.61
131,30001,81,3.65
131,32001,81,3.93
131,34001,81,3.81
131,36001,81,3.75
131,38001,81,3.65
131,40001,81,3.58
131,42001,81,3.57
131,44001,81,3.49
131,46001,81,3.58
131,48001,81,3.69
131,50001,81,3.82
131,52001,81,3.92
131,54001,81,4.0
131,56001,81,4.02
131,58001,81,3.93
131,60001,81,3.89
131,62001,81,3.79
131,64001,81,3.69
131,65535,81,3.73
131,1,91,3.46
131,2001,91,3.54
131,4001,91,3.71
131,6001,91,3.74
131,8001,91,3.81
131,10001,91,3.88
131,12001,91,3.93
131,14001,91,3.89
131,16001,91,3.68
131,18001,91,3.42
131,20001,91,3.52
131,22001,91,3.39
131,24001,91,3.45
131,26001,91,3.48
131,28001,91,3.54
131,30001,91,3.57
131,32001,91,3.7
131,34001,91,3.67
131,36001,91,3.66
131,38001,91,3.51
131,40001,91,3.46
131,42001,91,3.4
131,44001,91,3.44
131,46001,91,3.5
131,48001,91,3.59
131,50001,91,3.65
131,52001,91,3.84
131,54001,91,3.85
131,56001,91,3.94
131,58001,91,3.79
131,60001,91,3.84
131,62001,91,3.73
131,64001,91,3.56
131,65535,91,3.5
131,1,101,3.49
131,2001,101,3.46
131,4001,101,3.65
131,6001,101,3.7
131,8001,101,3.69
131,10001,101,3.84
131,12001,101,3.86
131,14001,101,3.67
131,16001,101,3.6
131,18001,101,3.53
131,20001,101,3.36
131,22001,101,3.16
131,24001,101,3.29
131,26001,101,3.43
131,28001,101,3.48
131,30001,101,3.52
131,32001,101,3.64
131,34001,101,3.61
131,36001,101,3.43
131,38001,101,3.45
131,40001,101,3.37
131,42001,101,3.37
131,44001,101,3.32
131,46001,101,3.32
131,48001,101,3.52
131,50001,101,3.65
131,52001,101,3.77
131,54001,101,4.04
131,56001,101,3.9
131,58001,101,3.79
131,60001,101,3.68
131,62001,101,3.65
131,64001,101,3.53
131,65535,101,3.55
131,1,111,3.4
131,2001,111,3.54
131,4001,111,3.61
131,6001,111,3.59
131,8001,111,3.7
131,10001,111,3.89
131,12001,111,3.9
131,14001,111,3.71
131,16001,111,3.7
131,18001,111,3.34
131,20001,111,3.33
131,22001,111,3.11
131,24001,111,3.19
131,26001,111,3.21
131,28001,111,3.42
131,30001,111,3.51
131,32001,111,3.6
131,34001,111,3.62
131,36001,111,3.48
131,38001,111,3.43
131,40001,111,3.36
131,42001,111,3.44
131,44001,111,3.1
131,46001,111,3.22
131,48001,111,3.4
131,50001,111,3.61
131,52001,111,3.73
131,54001,111,3.9
131,56001,111,3.8
131,58001,111,3.76
131,60001,111,3.64
131,62001,111,3.6
131,64001,111,3.51
131,65535,111,3.44
131,1,121,3.27
131,2001,121,3.36
131,4001,121,3.41
131,6001,121,3.46
131,8001,121,3.68
131,10001,121,3.75
131,12001,121,3.74
131,14001,121,3.68
131,16001,121,3.45
131,18001,121,3.32
131,20001,121,3.17
131,22001,121,3.01
131,24001,121,3.15
131,26001,121,3.19
131,28001,121,3.22
131,30001,121,3.38
131,32001,121,3.5
131,34001,121,3.56
131,36001,121,3.43
131,38001,121,3.33
131,40001,121,3.14
131,42001,121,3.12
131,44001,121,3.07
131,46001,121,3.24
131,48001,121,3.41
131,50001,121,3.56
131,52001,121,3.67
131,54001,121,3.82
131,56001,121,3.82
131,58001,121,3.85
131,60001,121,3.51
131,62001,121,3.58
131,64001,121,3.37
131,65535,121,3.21
131,1,131,3.22
131,2001,131,3.2
131,4001,131,3.5
131,6001,131,3.47
131,8001,131,3.72
131,10001,131,3.8
131,12001,131,3.73
131,14001,131,3.62
131,16001,131,3.46
131,18001,131,3.26
131,20001,131,2.93
131,22001,131,2.99
131,24001,131,2.96
131,26001,131,3.03
131,28001,131,3.15
131,30001,131,3.18
131,32001,131,3.45
131,34001,131,3.54
131,36001,131,3.3
131,38001,131,3.34
131,40001,131,3.04
131,42001,131,3.07
131,44001,131,2.96
131,46001,131,3.1
131,48001,131,3.25
131,50001,131,3.45
131,52001,131,3.63
131,54001,131,3.74
131,56001,131,3.75
131,58001,131,3.76
131,60001,131,3.46
131,62001,131,3.43
131,64001,131,3.3
131,65535,131,3.26
131,1,141,3.23
131,2001,141,3.28
131,4001,141,3.23
131,6001,141,3.48
131,8001,141,3.53
131,10001,141,3.65
131,12001,141,3.73
131,14001,141,3.51
131,16001,141,3.37
131,18001,141,3.15
131,20001,141,2.94
131,22001,141,2.76
131,24001,141,2.88
131,26001,141,2.94
131,28001,141,3.14
131,30001,141,3.19
131,32001,141,3.31
131,34001,141,3.41
131,36001,141,3.34
131,38001,141,3.24
131,40001,141,3.04
131,42001,141,3.05
131,44001,141,2.8
131,46001,141,2.91
131,48001,141,3.13
131,50001,141,3.35
131,52001,141,3.53
131,54001,141,3.67
131,56001,141,3.65
131,58001,141,3.54
131,60001,141,3.51
131,62001,141,3.3
131,64001,141,3.19
131,65535,141,3.17
131,1,151,3.03
131,2001,151,3.12
131,4001,151,3.26
131,6001,151,3.32
131,8001,151,3.51
131,10001,151,3.55
131,12001,151,3.59
131,14001,151,3.37
131,16001,151,3.32
131,18001,151,3.01
131,20001,151,2.97
131,22001,151,2.76
131,24001,151,2.7
131,26001,151,2.84
131,28001,151,2.98
131,30001,151,3.09
131,32001,151,3.33
131,34001,151,3.28
131,36001,151,3.19
131,38001,151,3.06
131,40001,151,2.96
131,42001,151,2.78
131,44001,151,2.74
131,46001,151,2.81
131,48001,151,3.12
131,50001,151,3.3
131,52001,151,3.45
131,54001,151,3.79
131,56001,151,3.71
131,58001,151,3.66
131,60001,151,3.35
131,62001,151,3.33
131,64001,151,3.21
131,65535,151,3.17
131,1,161,3.13
131,2001,161,3.08
131,4001,161,3.17
131,6001,161,3.39
131,8001,161,3.51
131,10001,161,3.67
131,12001,161,3.58
131,14001,161,3.34
131,16001,161,3.23
131,18001,161,3.12
131,20001,161,2.95
131,22001,161,2.55
131,24001,161,2.65
131,26001,161,2.84
131,28001,161,2.95
131,30001,161,3.01
131,32001,161,3.22
131,34001,161,3.26
131,36001,161,3.16
131,38001,161,2.93
131,40001,161,2.82
131,42001,161,2.73
131,44001,161,2.76
131,46001,161,2.86
131,48001,161,3.07
131,50001,161,3.15
131,52001,161,3.5
131,54001,161,3.74
131,56001,161,3.66
131,58001,161,3.49
131,60001,161,3.43
131,62001,161,3.25
131,64001,161,3.14
131,65535,161,3.09
131,1,171,2.9
131,2001,171,2.98
131,4001,171,3.22
131,6001,171,3.32
131,8001,171,3.43
131,10001,171,3.66
131,12001,171,3.6
131,14001,171,3.35
131,16001,171,3.13
131,18001,171,2.9
131,20001,171,2.71
131,22001,171,2.48
131,24001,171,2.53
131,26001,171,2.73
131,28001,171,2.83
131,30001,171,2.97
131,32001,171,3.17
131,34001,171,3.32
131,36001,171,3.03
131,38001,171,2.89
131,40001,171,2.8
131,42001,171,2.67
131,44001,171,2.59
131,46001,171,2.79
131,48001,171,3.01
131,50001,171,3.18
131,52001,171,3.42
131,54001,171,3.57
131,56001,171,3.55
131,58001,171,3.43
131,60001,171,3.33
131,62001,171,3.2
131,64001,171,3.04
131,65535,171,3.0
131,1,181,2.92
131,2001,181,3.07
131,4001,181,3.12
131,6001,181,3.32
131,8001,181,3.4
131,10001,181,3.64
131,12001,181,3.61
131,14001,181,3.35
131,16001,181,3.15
131,18001,181,2.88
131,20001,181,2.84
131,22001,181,2.48
131,24001,181,2.52
131,26001,181,2.6
131,28001,181,2.7
131,30001,181,2.92
131,32001,181,3.15
131,34001,181,3.14
131,36001,181,3.07
131,38001,181,2.95
131,40001,181,2.8
131,42001,181,2.6
131,44001,181,2.55
131,46001,181,2.61
131,48001,181,2.81
131,50001,181,3.19
131,52001,181,3.46
131,54001,181,3.71
131,56001,181,3.64
131,58001,181,3.36
131,60001,181,3.32
131,62001,181,3.26
131,64001,181,3.12
131,65535,181,2.95
131,1,191,2.91
131,2001,191,2.86
131,4001,191,3.1
131,6001,191,3.1
131,8001,191,3.38
131,10001,191,3.48
131,12001,191,3.56
131,14001,191,3.29
131,16001,191,3.03
131,18001,191,2.72
131,20001,191,2.67
131,22001,191,2.41
131,24001,191,2.35
131,26001,191,2.58
131,28001,191,2.65
131,30001,191,2.93
131,32001,191,2.96
131,34001,191,3.11
131,36001,191,2.94
131,38001,191,2.74
131,40001,191,2.57
131,42001,191,2.49
131,44001,191,2.39
131,46001,191,2.53
131,48001,191,2.83
131,50001,191,3.06
131,52001,191,3.3
131,54001,191,3.63
131,56001,191,3.51
131,58001,191,3.47
131,60001,191,3.22
131,62001,191,3.2
131,64001,191,2.98
131,65535,191,2.87
131,1,201,2.76
131,2001,201,2.82
131,4001,201,2.98
131,6001,201,3.25
131,8001,201,3.44
131,10001,201,3.38
131,12001,201,3.55
131,14001,201,3.09
131,16001,201,3.02
131,18001,201,2.74
131,20001,201,2.44
131,22001,201,2.44
131,24001,201,2.37
131,26001,201,2.46
131,28001,201,2.58
131,30001,201,2.81
131,32001,201,2.96
131,34001,201,3.05
131,36001,201,2.97
131,38001,201,2.71
131,40001,201,2.58
131,42001,201,2.48
131,44001,201,2.28
131,46001,201,2.53
131,48001,201,2.83
131,50001,201,2.98
131,52001,201,3.17
131,54001,201,3.48
131,56001,201,3.54
131,58001,201,3.29
131,60001,201,3.26
131,62001,201,3.1
131,64001,201,2.86
131,65535,201,2.9
131,1,211,2.84
131,2001,211,2.92
131,4001,211,2.98
131,6001,211,3.24
131,8001,211,3.38
131,10001,211,3.54
131,12001,211,3.38
131,14001,211,3.22
131,16001,211,2.88
131,18001,211,2.71
131,20001,211,2.47
131,22001,211,2.23
131,24001,211,2.36
131,26001,211,2.4
131,28001,211,2.63
131,30001,211,2.67
131,32001,211,2.99
131,34001,211,2.98
131,36001,211,2.74
131,38001,211,2.72
131,40001,211,2.37
131,42001,211,2.43
131,44001,211,2.3
131,46001,211,2.35
131,48001,211,2.63
131,50001,211,2.89
131,52001,211,3.32
131,54001,211,3.5
131,56001,211,3.64
131,58001,211,3.33
131,60001,211,3.16
131,62001,211,3.02
131,64001,211,2.9
131,65535,211,2.77
131,1,221,2.81
131,2001,221,2.77
131,4001,221,3.01
131,6001,221,3.11
131,8001,221,3.21
131,10001,221,3.46
131,12001,221,3.52
131,14001,221,3.24
131,16001,221,2.9
131,18001,221,2.54
131,20001,221,2.43
131,22001,221,2.2
131,24001,221,2.07
131,26001,221,2.32
131,28001,221,2.51
131,30001,221,2.66
131,32001,221,2.79
131,34001,221,2.96
131,36001,221,2.75
131,38001,221,2.5
131,40001,221,2.43
131,42001,221,2.25
131,44001,221,2.21
131,46001,221,2.39
131,48001,221,2.72
131,50001,221,2.92
131,52001,221,3.18
131,54001,221,3.51
131,56001,221,3.44
131,58001,221,3.3
131,60001,221,3.2
131,62001,221,2.9
131,64001,221,2.79
131,65535,221,2.79
131,1,231,2.75
131,2001,231,2.79
131,4001,231,2.94
131,6001,231,3.06
131,8001,231,3.3
131,10001,231,3.37
131,12001,231,3.41
131,14001,231,3.14
131,16001,231,2.86
131,18001,231,2.67
131,20001,231,2.2
131,22001,231,2.14
131,24001,231,2.14
131,26001,231,2.28
131,28001,231,2.37
131,30001,231,2.66
131,32001,231,2.77
131,34001,231,2.79
131,36001,231,2.69
131,38001,231,2.43
131,40001,231,2.28
131,42001,231,2.15
131,44001,231,2.2
131,46001,231,2.32
131,48001,231,2.64
131,50001,231,2.98
131,52001,231,3.17
131,54001,231,3.51
131,56001,231,3.47
131,58001,231,3.15
131,60001,231,3.05
131,62001,231,2.97
131,64001,231,2.88
131,65535,231,2.65
131,1,241,2.71
131,2001,241,2.77
131,4001,241,2.8
131,6001,241,3.11
131,8001,241,3.05
131,10001,241,3.39
131,12001,241,3.37
131,14001,241,3.08
131,16001,241,2.93
131,18001,241,2.51
131,20001,241,2.22
131,22001,241,2.03
131,24001,241,2.15
131,26001,241,2.15
131,28001,241,2.36
131,30001,241,2.54
131,32001,241,2.6
131,34001,241,2.83
131,36001,241,2.63
131,38001,241,2.39
131,40001,241,2.32
131,42001,241,2.13
131,44001,241,2.06
131,46001,241,2.34
131,48001,241,2.29
131,50001,241,2.85
131,52001,241,3.02
131,54001,241,3.5
131,56001,241,3.39
131,58001,241,3.25
131,60001,241,3.07
131,62001,241,2.81
131,64001,241,2.71
131,65535,241,2.75
131,1,251,2.75
131,2001,251,2.68
131,4001,251,2.86
131,6001,251,2.95
131,8001,251,3.23
131,10001,251,3.45
131,12001,251,3.37
131,14001,251,3.06
131,16001,251,2.77
131,18001,251,2.5
131,20001,251,2.15
131,22001,251,2.04
131,24001,251,2.03
131,26001,251,2.13
131,28001,251,2.25
131,30001,251,2.4
131,32001,251,2.65
131,34001,251,2.67
131,36001,251,2.63
131,38001,251,2.33
131,40001,251,2.2
131,42001,251,2.0
131,44001,251,2.2
131,46001,251,2.08
131,48001,251,2.49
131,50001,251,2.81
131,52001,251,3.0
131,54001,251,3.5
131,56001,251,3.46
131,58001,251,3.23
131,60001,251,3.01
131,62001,251,2.92
131,64001,251,2.63
131,65535,251,2.72
131,1,254,2.66
131,2001,254,2.7
131,4001,254,2.78
131,6001,254,2.96
131,8001,254,3.12
131,10001,254,3.32
131,12001,254,3.43
131,14001,254,3.03
131,16001,254,2.75
131,18001,254,2.52
131,20001,254,2.3
131,22001,254,1.99
131,24001,254,2.06
131,26001,254,2.1
131,28001,254,2.28
131,30001,254,2.34
131,32001,254,2.62
131,34001,254,2.69
131,36001,254,2.53
131,38001,254,2.37
131,40001,254,2.17
131,42001,254,2.05
131,44001,254,2.06
131,46001,254,2.22
131,48001,254,2.5
131,50001,254,2.6
131,52001,254,3.1
131,54001,254,3.48
131,56001,254,3.4
131,58001,254,3.15
131,60001,254,2.91
131,62001,254,2.81
131,64001,254,2.69
131,65535,254,2.62
141,1,1,4.29
141,2001,1,4.4
141,4001,1,4.5
141,6001,1,4.32
141,8001,1,4.42
141,10001,1,4.3
141,12001,1,4.4
141,14001,1,4.33
141,16001,1,4.33
141,18001,1,4.37
141,20001,1,4.34
141,22001,1,4.47
141,24001,1,4.37
141,26001,1,4.35
141,28001,1,4.31
141,30001,1,4.22
141,32001,1,4.38
141,34001,1,4.34
141,36001,1,4.43
141,38001,1,4.46
141,40001,1,4.46
141,42001,1,4.41
141,44001,1,4.37
141,46001,1,4.43
141,48001,1,4.36
141,50001,1,4.39
141,52001,1,4.44
141,54001,1,4.34
141,56001,1,4.43
141,58001,1,4.42
141,60001,1,4.49
141,62001,1,4.37
141,64001,1,4.4
141,65535,1,4.5
141,1,11,4.39
141,2001,11,4.34
141,4001,11,4.42
141,6001,11,4.3
141,8001,11,4.38
141,10001,11,4.39
141,12001,11,4.32
141,14001,11,4.41
141,16001,11,4.38
141,18001,11,4.39
141,20001,11,4.43
141,22001,11,4.45
141,24001,11,4.37
141,26001,11,4.23
141,28001,11,4.41
141,30001,11,4.42
141,32001,11,4.36
141,34001,11,4.47
141,36001,11,4.37
141,38001,11,4.38
141,40001,11,4.33
141,42001,11,4.41
141,44001,11,4.38
141,46001,11,4.34
141,48001,11,4.41
141,50001,11,4.37
141,52001,11,4.4
141,54001,11,4.39
141,56001,11,4.4
141,58001,11,4.46
141,60001,11,4.48
141,62001,11,4.48
141,64001,11,4.36
141,65535,11,4.43
141,1,21,4.34
141,2001,21,4.27
141,4001,21,4.36
141,6001,21,4.38
141,8001,21,4.45
141,10001,21,4.28
141,12001,21,4.4
141,14001,21,4.52
141,16001,21,4.34
141,18001,21,4.45
141,20001,21,4.35
141,22001,21,4.51
141,24001,21,4.41
141,26001,21,4.42
141,28001,21,4.48
141,30001,21,4.36
141,32001,21,4.3
141,34001,21,4.35
141,36001,21,4.44
141,38001,21,4.24
141,40001,21,4.3
141,42001,21,4.32
141,44001,21,4.37
141,46001,21,4.37
141,48001,21,4.42
141,50001,21,4.41
141,52001,21,4.38
141,54001,21,4.35
141,56001,21,4.35
141,58001,21,4.37
141,60001,21,4.42
141,62001,21,4.42
141,64001,21,4.35
141,65535,21,4.35
141,1,31,4.4
141,2001,31,4.34
141,4001,31,4.37
141,6001,31,4.37
141,8001,31,4.33
141,10001,31,4.31
141,12001,31,4.4
141,14001,31,4.37
141,16001,31,4.48
141,18001,31,4.39
141,20001,31,4.31
141,22001,31,4.37
141,24001,31,4.29
141,26001,31,4.39
141,28001,31,4.45
141,30001,31,4.3
141,32001,31,4.36
141,34001,31,4.33
141,36001,31,4.43
141,38001,31,4.31
141,40001,31,4.41
141,42001,31,4.36
141,44001,31,4.34
141,46001,31,4.41
141,48001,31,4.42
141,50001,31,4.38
141,52001,31,4.42
141,54001,31,4.4
141,56001,31,4.29
141,58001,31,4.4
141,60001,31,4.45
141,62001,31,4.42
141,64001,31,4.36
141,65535,31,4.41
141,1,41,4.36
141,2001,41,4.36
141,4001,41,4.37
141,6001,41,4.36
141,8001,41,4.44
141,10001,41,4.51
141,12001,41,4.34
141,14001,41,4.43
141,16001,41,4.27
141,18001,41,4.4
141,20001,41,4.32
141,22001,41,4.11
141,24001,41,4.21
141,26001,41,4.18
141,28001,41,4.14
141,30001,41,4.39
141,32001,41,4.36
141,34001,41,4.38
141,36001,41,4.34
141,38001,41,4.38
141,40001,41,4.4
141,42001,41,4.29
141,44001,41,4.2
141,46001,41,4.26
141,48001,41,4.24
141,50001,41,4.34
141,52001,41,4.33
141,54001,41,4.56
141,56001,41,4.36
141,58001,41,4.35
141,60001,41,4.36
141,62001,41,4.3
141,64001,41,4.31
141,65535,41,4.31
141,1,51,4.14
141,2001,51,4.32
141,4001,51,4.26
141,6001,51,4.22
141,8001,51,4.28
141,10001,51,4.35
141,12001,51,4.31
141,14001,51,4.31
141,16001,51,4.29
141,18001,51,4.22
141,20001,51,3.94
141,22001,51,4.02
141,24001,51,3.99
141,26001,51,4.21
141,28001,51,4.26
141,30001,51,4.19
141,32001,51,4.27
141,34001,51,4.25
141,36001,51,4.18
141,38001,51,4.19
141,40001,51,4.1
141,42001,51,3.98
141,44001,51,4.1
141,46001,51,4.23
141,48001,51,4.13
141,50001,51,4.26
141,52001,51,4.36
141,54001,51,4.49
141,56001,51,4.47
141,58001,51,4.29
141,60001,51,4.43
141,62001,51,4.21
141,64001,51,4.21
141,65535,51,4.12
141,1,61,4.07
141,2001,61,4.25
141,4001,61,4.17
141,6001,61,4.23
141,8001,61,4.21
141,10001,61,4.35
141,12001,61,4.34
141,14001,61,4.27
141,16001,61,4.18
141,18001,61,4.12
141,20001,61,3.99
141,22001,61,3.94
141,24001,61,4.05
141,26001,61,4.03
141,28001,61,4.15
141,30001,61,4.11
141,32001,61,4.26
141,34001,61,4.14
141,36001,61,4.17
141,38001,61,4.12
141,40001,61,4.13
141,42001,61,4.02
141,44001,61,3.95
141,46001,61,3.98
141,48001,61,4.08
141,50001,61,4.2
141,52001,61,4.26
141,54001,61,4.45
141,56001,61,4.37
141,58001,61,4.28
141,60001,61,4.29
141,62001,61,4.15
141,64001,61,4.13
141,65535,61,3.98
141,1,71,4.02
141,2001,71,4.01
141,4001,71,4.1
141,6001,71,4.12
141,8001,71,4.18
141,10001,71,4.27
141,12001,71,4.28
141,14001,71,4.13
141,16001,71,4.13
141,18001,71,3.96
141,20001,71,3.9
141,22001,71,3.85
141,24001,71,3.86
141,26001,71,3.88
141,28001,71,3.96
141,30001,71,4.05
141,32001,71,4.19
141,34001,71,4.11
141,36001,71,4.01
141,38001,71,4.01
141,40001,71,3.94
141,42001,71,3.78
141,44001,71,3.86
141,46001,71,3.83
141,48001,71,4.0
141,50001,71,4.22
141,52001,71,4.26
141,54001,71,4.29
141,56001,71,4.33
141,58001,71,4.22
141,60001,71,4.07
141,62001,71,4.08
141,64001,71,4.03
141,65535,71,3.93
141,1,81,3.83
141,2001,81,3.87
141,4001,81,3.98
141,6001,81,4.1
141,8001,81,4.12
141,10001,81,4.21
141,12001,81,4.2
141,14001,81,4.07
141,16001,81,3.88
141,18001,81,3.92
141,20001,81,3.71
141,22001,81,3.63
141,24001,81,3.71
141,26001,81,3.79
141,28001,81,3.89
141,30001,81,3.95
141,32001,81,4.1
141,34001,81,4.15
141,36001,81,3.94
141,38001,81,3.96
141,40001,81,3.89
141,42001,81,3.81
141,44001,81,3.7
141,46001,81,3.74
141,48001,81,3.91
141,50001,81,4.01
141,52001,81,4.13
141,54001,81,4.2
141,56001,81,4.17
141,58001,81,4.16
141,60001,81,4.03
141,62001,81,4.03
141,64001,81,3.87
141,65535,81,3.84
141,1,91,3.66
141,2001,91,3.71
141,4001,91,3.88
141,6001,91,3.92
141,8001,91,4.09
141,10001,91,4.2
141,12001,91,4.08
141,14001,91,4.05
141,16001,91,3.93
141,18001,91,3.86
141,20001,91,3.61
141,22001,91,3.63
141,24001,91,3.63
141,26001,91,3.68
141,28001,91,3.81
141,30001,91,3.88
141,32001,91,3.99
141,34001,91,4.07
141,36001,91,3.85
141,38001,91,3.68
141,40001,91,3.66
141,42001,91,3.66
141,44001,91,3.62
141,46001,91,3.67
141,48001,91,3.87
141,50001,91,3.85
141,52001,91,4.02
141,54001,91,4.15
141,56001,91,4.31
141,58001,91,4.13
141,60001,91,3.9
141,62001,91,3.97
141,64001,91,3.87
141,65535,91,3.69
141,1,101,3.64
141,2001,101,3.77
141,4001,101,3.77
141,6001,101,3.87
141,8001,101,4.0
141,10001,101,4.04
141,12001,101,4.11
141,14001,101,3.96
141,16001,101,3.67
141,18001,101,3.72
141,20001,101,3.53
141,22001,101,3.45
141,24001,101,3.6
141,26001,101,3.52
141,28001,101,3.6
141,30001,101,3.63
141,32001,101,3.91
141,34001,101,3.81
141,36001,101,3.79
141,38001,101,3.77
141,40001,101,3.64
141,42001,101,3.47
141,44001,101,3.36
141,46001,101,3.64
141,48001,101,3.66
141,50001,101,3.91
141,52001,101,4.01
141,54001,101,4.13
141,56001,101,4.11
141,58001,101,4.04
141,60001,101,4.01
141,62001,101,3.83
141,64001,101,3.67
141,65535,101,3.64
141,1,111,3.67
141,2001,111,3.59
141,4001,111,3.83
141,6001,111,3.84
141,8001,111,4.02
141,10001,111,3.98
141,12001,111,4.01
141,14001,111,3.97
141,16001,111,3.75
141,18001,111,3.64
141,20001,111,3.55
141,22001,111,3.38
141,24001,111,3.36
141,26001,111,3.49
141,28001,111,3.54
141,30001,111,3.62
141,32001,111,3.85
141,34001,111,3.85
141,36001,111,3.78
141,38001,111,3.68
141,40001,111,3.47
141,42001,111,3.41
141,44001,111,3.26
141,46001,111,3.44
141,48001,111,3.74
141,50001,111,3.7
141,52001,111,3.94
141,54001,111,4.09
141,56001,111,4.13
141,58001,111,3.98
141,60001,111,3.81
141,62001,111,3.71
141,64001,111,3.65
141,65535,111,3.51
141,1,121,3.55
141,2001,121,3.54
141,4001,121,3.68
141,6001,121,3.79
141,8001,121,3.95
141,10001,121,3.99
141,12001,121,3.93
141,14001,121,3.84
141,16001,121,3.66
141,18001,121,3.55
141,20001,121,3.3
141,22001,121,3.13
141,24001,121,3.23
141,26001,121,3.41
141,28001,121,3.49
141,30001,121,3.45
141,32001,121,3.75
141,34001,121,3.73
141,36001,121,3.76
141,38001,121,3.43
141,40001,121,3.43
141,42001,121,3.36
141,44001,121,3.24
141,46001,121,3.38
141,48001,121,3.48
141,50001,121,3.62
141,52001,121,3.97
141,54001,121,4.01
141,56001,121,3.96
141,58001,121,4.04
141,60001,121,3.71
141,62001,121,3.61
141,64001,121,3.52
141,65535,121,3.44
141,1,131,3.38
141,2001,131,3.47
141,4001,131,3.59
141,6001,131,3.7
141,8001,131,3.85
141,10001,131,3.91
141,12001,131,3.85
141,14001,131,3.8
141,16001,131,3.58
141,18001,131,3.43
141,20001,131,3.23
141,22001,131,3.03
141,24001,131,3.13
141,26001,131,3.32
141,28001,131,3.48
141,30001,131,3.48
141,32001,131,3.71
141,34001,131,3.68
141,36001,131,3.57
141,38001,131,3.38
141,40001,131,3.32
141,42001,131,3.15
141,44001,131,3.17
141,46001,131,3.27
141,48001,131,3.55
141,50001,131,3.51
141,52001,131,3.78
141,54001,131,3.96
141,56001,131,4.02
141,58001,131,3.88
141,60001,131,3.72
141,62001,131,3.58
141,64001,131,3.59
141,65535,131,3.35
141,1,141,3.24
141,2001,141,3.41
141,4001,141,3.52
141,6001,141,3.55
141,8001,141,3.77
141,10001,141,3.9
141,12001,141,3.93
141,14001,141,3.69
141,16001,141,3.55
141,18001,141,3.39
141,20001,141,3.18
141,22001,141,2.97
141,24001,141,3.01
141,26001,141,3.05
141,28001,141,3.3
141,30001,141,3.48
141,32001,141,3.43
141,34001,141,3.54
141,36001,141,3.43
141,38001,141,3.32
141,40001,141,3.18
141,42001,141,3.01
141,44001,141,3.01
141,46001,141,3.21
141,48001,141,3.44
141,50001,141,3.54
141,52001,141,3.81
141,54001,141,3.91
141,56001,141,3.93
141,58001,141,3.81
141,60001,141,3.65
141,62001,141,3.44
141,64001,141,3.45
141,65535,141,3.34
141,1,151,3.1
141,2001,151,3.27
141,4001,151,3.43
141,6001,151,3.6
141,8001,151,3.83
141,10001,151,3.91
141,12001,151,3.8
141,14001,151,3.72
141,16001,151,3.43
141,18001,151,3.31
141,20001,151,3.09
141,22001,151,2.76
141,24001,151,2.99
141,26001,151,3.05
141,28001,151,3.25
141,30001,151,3.4
141,32001,151,3.53
141,34001,151,3.55
141,36001,151,3.4
141,38001,151,3.29
141,40001,151,3.15
141,42001,151,3.06
141,44001,151,2.99
141,46001,151,3.04
141,48001,151,3.25
141,50001,151,3.46
141,52001,151,3.7
141,54001,151,4.03
141,56001,151,3.95
141,58001,151,3.77
141,60001,151,3.62
141,62001,151,3.49
141,64001,151,3.5
141,65535,151,3.27
141,1,161,3.2
141,2001,161,3.32
141,4001,161,3.39
141,6001,161,3.52
141,8001,161,3.63
141,10001,161,3.8
141,12001,161,3.77
141,14001,161,3.51
141,16001,161,3.38
141,18001,161,3.29
141,20001,161,2.86
141,22001,161,2.83
141,24001,161,2.87
141,26001,161,2.93
141,28001,161,3.12
141,30001,161,3.35
141,32001,161,3.44
141,34001,161,3.41
141,36001,161,3.22
141,38001,161,3.18
141,40001,161,3.07
141,42001,161,2.9
141,44001,161,2.77
141,46001,161,2.94
141,48001,161,3.24
141,50001,161,3.4
141,52001,161,3.67
141,54001,161,3.92
141,56001,161,3.84
141,58001,161,3.74
141,60001,161,3.52
141,62001,161,3.36
141,64001,161,3.35
141,65535,161,3.14
141,1,171,3.06
141,2001,171,3.17
141,4001,171,3.28
141,6001,171,3.44
141,8001,171,3.53
141,10001,171,3.82
141,12001,171,3.82
141,14001,171,3.67
141,16001,171,3.37
141,18001,171,3.11
141,20001,171,2.91
141,22001,171,2.57
141,24001,171,2.69
141,26001,171,2.85
141,28001,171,2.96
141,30001,171,3.21
141,32001,171,3.37
141,34001,171,3.35
141,36001,171,3.34
141,38001,171,3.05
141,40001,171,2.96
141,42001,171,2.85
141,44001,171,2.71
141,46001,171,2.89
141,48001,171,2.95
141,50001,171,3.44
141,52001,171,3.43
141,54001,171,3.84
141,56001,171,3.81
141,58001,171,3.64
141,60001,171,3.54
141,62001,171,3.35
141,64001,171,3.26
141,65535,171,3.09
141,1,181,3.04
141,2001,181,3.08
141,4001,181,3.35
141,6001,181,3.37
141,8001,181,3.55
141,10001,181,3.84
141,12001,181,3.87
141,14001,181,3.55
141,16001,181,3.4
141,18001,181,3.01
141,20001,181,2.84
141,22001,181,2.56
141,24001,181,2.68
141,26001,181,2.71
141,28001,181,2.94
141,30001,181,3.09
141,32001,181,3.27
141,34001,181,3.32
141,36001,181,3.29
141,38001,181,2.95
141,40001,181,2.92
141,42001,181,2.71
141,44001,181,2.65
141,46001,181,2.87
141,48001,181,2.98
141,50001,181,3.32
141,52001,181,3.31
141,54001,181,3.85
141,56001,181,3.81
141,58001,181,3.62
141,60001,181,3.47
141,62001,181,3.3
141,64001,181,3.11
141,65535,181,3.14
141,1,191,3.02
141,2001,191,3.06
141,4001,191,3.22
141,6001,191,3.29
141,8001,191,3.55
141,10001,191,3.72
141,12001,191,3.74
141,14001,191,3.58
141,16001,191,3.24
141,18001,191,3.02
141,20001,191,2.74
141,22001,191,2.53
141,24001,191,2.34
141,26001,191,2.57
141,28001,191,2.8
141,30001,191,3.14
141,32001,191,3.27
141,34001,191,3.33
141,36001,191,3.1
141,38001,191,2.9
141,40001,191,2.67
141,42001,191,2.73
141,44001,191,2.68
141,46001,191,2.71
141,48001,191,2.94
141,50001,191,3.22
141,52001,191,3.48
141,54001,191,3.65
141,56001,191,3.79
141,58001,191,3.66
141,60001,191,3.46
141,62001,191,3.18
141,64001,191,3.2
141,65535,191,3.05
141,1,201,2.97
141,2001,201,3.11
141,4001,201,3.11
141,6001,201,3.27
141,8001,201,3.34
141,10001,201,3.79
141,12001,201,3.72
141,14001,201,3.37
141,16001,201,3.13
141,18001,201,2.86
141,20001,201,2.72
141,22001,201,2.42
141,24001,201,2.46
141,26001,201,2.63
141,28001,201,2.77
141,30001,201,2.95
141,32001,201,3.19
141,34001,201,3.15
141,36001,201,3.03
141,38001,201,2.83
141,40001,201,2.63
141,42001,201,2.67
141,44001,201,2.42
141,46001,201,2.57
141,48001,201,2.83
141,50001,201,3.18
141,52001,201,3.29
141,54001,201,3.74
141,56001,201,3.65
141,58001,201,3.61
141,60001,201,3.45
141,62001,201,3.25
141,64001,201,3.07
141,65535,201,2.97
141,1,211,2.84
141,2001,211,3.11
141,4001,211,3.08
141,6001,211,3.32
141,8001,211,3.34
141,10001,211,3.64
141,12001,211,3.7
141,14001,211,3.44
141,16001,211,3.18
141,18001,211,2.65
141,20001,211,2.66
141,22001,211,2.45
141,24001,211,2.37
141,26001,211,2.6
141,28001,211,2.51
141,30001,211,2.8
141,32001,211,2.96
141,34001,211,3.13
141,36001,211,3.08
141,38001,211,2.7
141,40001,211,2.7
141,42001,211,2.47
141,44001,211,2.4
141,46001,211,2.66
141,48001,211,2.8
141,50001,211,3.03
141,52001,211,3.46
141,54001,211,3.77
141,56001,211,3.76
141,58001,211,3.48
141,60001,211,3.22
141,62001,211,3.14
141,64001,211,3.03
141,65535,211,2.89
141,1,221,2.83
141,2001,221,2.9
141,4001,221,3.06
141,6001,221,3.25
141,8001,221,3.51
141,10001,221,3.72
141,12001,221,3.71
141,14001,221,3.26
141,16001,221,3.04
141,18001,221,2.71
141,20001,221,2.34
141,22001,221,2.44
141,24001,221,2.26
141,26001,221,2.37
141,28001,221,2.57
141,30001,221,2.84
141,32001,221,3.09
141,34001,221,3.08
141,36001,221,2.86
141,38001,221,2.77
141,40001,221,2.57
141,42001,221,2.46
141,44001,221,2.25
141,46001,221,2.35
141,48001,221,2.8
141,50001,221,2.92
141,52001,221,3.39
141,54001,221,3.52
141,56001,221,3.55
141,58001,221,3.54
141,60001,221,3.39
141,62001,221,3.17
141,64001,221,2.96
141,65535,221,2.9
141,1,231,2.88
141,2001,231,3.01
141,4001,231,2.99
141,6001,231,3.24
141,8001,231,3.33
141,10001,231,3.66
141,12001,231,3.7
141,14001,231,3.36
141,16001,231,3.15
141,18001,231,2.69
141,20001,231,2.49
141,22001,231,2.04
141,24001,231,2.01
141,26001,231,2.46
141,28001,231,2.52
141,30001,231,2.71
141,32001,231,3.01
141,34001,231,3.08
141,36001,231,2.87
141,38001,231,2.61
141,40001,231,2.41
141,42001,231,2.4
141,44001,231,2.31
141,46001,231,2.44
141,48001,231,2.66
141,50001,231,3.0
141,52001,231,3.45
141,54001,231,3.5
141,56001,231,3.63
141,58001,231,3.39
141,60001,231,3.16
141,62001,231,3.03
141,64001,231,2.97
141,65535,231,2.85
141,1,241,2.79
141,2001,241,2.81
141,4001,241,2.92
141,6001,241,3.1
141,8001,241,3.35
141,10001,241,3.61
141,12001,241,3.54
141,14001,241,3.21
141,16001,241,3.05
141,18001,241,2.63
141,20001,241,2.37
141,22001,241,2.38
141,24001,241,2.08
141,26001,241,2.2
141,28001,241,2.54
141,30001,241,2.77
141,32001,241,2.93
141,34001,241,2.98
141,36001,241,2.86
141,38001,241,2.56
141,40001,241,2.35
141,42001,241,2.18
141,44001,241,2.17
141,46001,241,2.41
141,48001,241,2.65
141,50001,241,2.97
141,52001,241,3.37
141,54001,241,3.68
141,56001,241,3.64
141,58001,241,3.57
141,60001,241,3.2
141,62001,241,3.02
141,64001,241,2.95
141,65535,241,2.96
141,1,251,2.9
141,2001,251,2.84
141,4001,251,2.97
141,6001,251,3.1
141,8001,251,3.41
141,10001,251,3.41
141,12001,251,3.66
141,14001,251,3.18
141,16001,251,3.04
141,18001,251,2.65
141,20001,251,2.32
141,22001,251,2.18
141,24001,251,2.15
141,26001,251,2.29
141,28001,251,2.41
141,30001,251,2.69
141,32001,251,3.04
141,34001,251,2.98
141,36001,251,2.63
141,38001,251,2.51
141,40001,251,2.34
141,42001,251,2.21
141,44001,251,2.07
141,46001,251,2.18
141,48001,251,2.63
141,50001,251,2.91
141,52001,251,3.25
141,54001,251,3.71
141,56001,251,3.68
141,58001,251,3.33
141,60001,251,3.35
141,62001,251,3.07
141,64001,251,2.96
141,65535,251,2.87
141,1,254,2.86
141,2001,254,2.82
141,4001,254,2.99
141,6001,254,3.28
141,8001,254,3.29
141,10001,254,3.69
141,12001,254,3.44
141,14001,254,3.33
141,16001,254,2.99
141,18001,254,2.65
141,20001,254,2.29
141,22001,254,2.14
141,24001,254,2.14
141,26001,254,2.19
141,28001,254,2.24
141,30001,254,2.69
141,32001,254,2.72
141,34001,254,2.91
141,36001,254,2.69
141,38001,254,2.65
141,40001,254,2.32
141,42001,254,2.11
141,44001,254,2.11
141,46001,254,2.3
141,48001,254,2.58
141,50001,254,2.92
141,52001,254,3.32
141,54001,254,3.73
141,56001,254,3.64
141,58001,254,3.38
141,60001,254,3.16
141,62001,254,3.05
141,64001,254,2.82
141,65535,254,2.87
151,1,1,4.43
151,2001,1,4.43
151,4001,1,4.38
151,6001,1,4.42
151,8001,1,4.45
151,10001,1,4.39
151,12001,1,4.48
151,14001,1,4.36
151,16001,1,4.36
151,18001,1,4.36
151,20001,1,4.39
151,22001,1,4.38
151,24001,1,4.42
151,26001,1,4.33
151,28001,1,4.35
151,30001,1,4.41
151,32001,1,4.39
151,34001,1,4.39
151,36001,1,4.36
151,38001,1,4.4
151,40001,1,4.44
151,42001,1,4.39
151,44001,1,4.41
151,46001,1,4.4
151,48001,1,4.49
151,50001,1,4.3
151,52001,1,4.34
151,54001,1,4.38
151,56001,1,4.4
151,58001,1,4.38
151,60001,1,4.36
151,62001,1,4.44
151,64001,1,4.32
151,65535,1,4.33
151,1,11,4.36
151,2001,11,4.48
151,4001,11,4.54
151,6001,11,4.39
151,8001,11,4.39
151,10001,11,4.44
151,12001,11,4.37
151,14001,11,4.4
151,16001,11,4.48
151,18001,11,4.37
151,20001,11,4.44
151,22001,11,4.32
151,24001,11,4.49
151,26001,11,4.33
151,28001,11,4.39
151,30001,11,4.39
151,32001,11,4.42
151,34001,11,4.39
151,36001,11,4.45
151,38001,11,4.33
151,40001,11,4.36
151,42001,11,4.38
151,44001,11,4.33
151,46001,11,4.38
151,48001,11,4.29
151,50001,11,4.59
151,52001,11,4.28
151,54001,11,4.29
151,56001,11,4.46
151,58001,11,4.36
151,60001,11,4.38
151,62001,11,4.41
151,64001,11,4.52
151,65535,11,4.26
151,1,21,4.26
151,2001,21,4.41
151,4001,21,4.37
151,6001,21,4.34
151,8001,21,4.41
151,10001,21,4.51
151,12001,21,4.35
151,14001,21,4.35
151,16001,21,4.39
151,18001,21,4.39
151,20001,21,4.39
151,22001,21,4.32
151,24001,21,4.45
151,26001,21,4.4
151,28001,21,4.32
151,30001,21,4.35
151,32001,21,4.34
151,34001,21,4.45
151,36001,21,4.37
151,38001,21,4.38
151,40001,21,4.4
151,42001,21,4.32
151,44001,21,4.45
151,46001,21,4.44
151,48001,21,4.43
151,50001,21,4.46
151,52001,21,4.47
151,54001,21,4.35
151,56001,21,4.36
151,58001,21,4.32
151,60001,21,4.44
151,62001,21,4.4
151,64001,21,4.36
151,65535,21,4.31
151,1,31,4.39
151,2001,31,4.49
151,4001,31,4.3
151,6001,31,4.53
151,8001,31,4.36
151,10001,31,4.32
151,12001,31,4.41
151,14001,31,4.43
151,16001,31,4.34
151,18001,31,4.43
151,20001,31,4.45
151,22001,31,4.34
151,24001,31,4.35
151,26001,31,4.44
151,28001,31,4.48
151,30001,31,4.43
151,32001,31,4.37
151,34001,31,4.38
151,36001,31,4.44
151,38001,31,4.37
151,40001,31,4.39
151,42001,31,4.29
151,44001,31,4.38
151,46001,31,4.35
151,48001,31,4.44
151,50001,31,4.36
151,52001,31,4.39
151,54001,31,4.44
151,56001,31,4.39
151,58001,31,4.33
151,60001,31,4.38
151,62001,31,4.39
151,64001,31,4.48
151,65535,31,4.35
151,1,41,4.36
151,2001,41,4.44
151,4001,41,4.4
151,6001,41,4.42
151,8001,41,4.53
151,10001,41,4.51
151,12001,41,4.28
151,14001,41,4.45
151,16001,41,4.45
151,18001,41,4.41
151,20001,41,4.45
151,22001,41,4.33
151,24001,41,4.39
151,26001,41,4.4
151,28001,41,4.37
151,30001,41,4.38
151,32001,41,4.41
151,34001,41,4.43
151,36001,41,4.51
151,38001,41,4.32
151,40001,41,4.27
151,42001,41,4.35
151,44001,41,4.45
151,46001,41,4.43
151,48001,41,4.46
151,50001,41,4.41
151,52001,41,4.42
151,54001,41,4.35
151,56001,41,4.44
151,58001,41,4.34
151,60001,41,4.44
151,62001,41,4.37
151,64001,41,4.36
151,65535,41,4.45
151,1,51,4.35
151,2001,51,4.37
151,4001,51,4.38
151,6001,51,4.44
151,8001,51,4.33
151,10001,51,4.24
151,12001,51,4.38
151,14001,51,4.41
151,16001,51,4.37
151,18001,51,4.38
151,20001,51,4.35
151,22001,51,4.31
151,24001,51,4.36
151,26001,51,4.34
151,28001,51,4.38
151,30001,51,4.41
151,32001,51,4.39
151,34001,51,4.45
151,36001,51,4.52
151,38001,51,4.5
151,40001,51,4.41
151,42001,51,4.43
151,44001,51,4.32
151,46001,51,4.37
151,48001,51,4.35
151,50001,51,4.35
151,52001,51,4.45
151,54001,51,4.31
151,56001,51,4.46
151,58001,51,4.4
151,60001,51,4.4
151,62001,51,4.41
151,64001,51,4.46
151,65535,51,4.4
151,1,61,4.26
151,2001,61,4.4
151,4001,61,4.29
151,6001,61,4.33
151,8001,61,4.49
151,10001,61,4.37
151,12001,61,4.41
151,14001,61,4.46
151,16001,61,4.37
151,18001,61,4.33
151,20001,61,4.36
151,22001,61,4.09
151,24001,61,4.27
151,26001,61,4.28
151,28001,61,4.41
151,30001,61,4.37
151,32001,61,4.35
151,34001,61,4.32
151,36001,61,4.45
151,38001,61,4.33
151,40001,61,4.36
151,42001,61,4.26
151,44001,61,4.19
151,46001,61,4.26
151,48001,61,4.38
151,50001,61,4.38
151,52001,61,4.39
151,54001,61,4.3
151,56001,61,4.4
151,58001,61,4.42
151,60001,61,4.41
151,62001,61,4.37
151,64001,61,4.44
151,65535,61,4.39
151,1,71,4.21
151,2001,71,4.27
151,4001,71,4.33
151,6001,71,4.37
151,8001,71,4.34
151,10001,71,4.35
151,12001,71,4.4
151,14001,71,4.51
151,16001,71,4.42
151,18001,71,4.25
151,20001,71,4.23
151,22001,71,4.07
151,24001,71,4.13
151,26001,71,4.15
151,28001,71,4.28
151,30001,71,4.32
151,32001,71,4.42
151,34001,71,4.37
151,36001,71,4.41
151,38001,71,4.21
151,40001,71,4.17
151,42001,71,4.18
151,44001,71,4.1
151,46001,71,4.25
151,48001,71,4.37
151,50001,71,4.38
151,52001,71,4.39
151,54001,71,4.5
151,56001,71,4.29
151,58001,71,4.44
151,60001,71,4.4
151,62001,71,4.33
151,64001,71,4.29
151,65535,71,4.24
151,1,81,4.17
151,2001,81,4.07
151,4001,81,4.21
151,6001,81,4.33
151,8001,81,4.33
151,10001,81,4.46
151,12001,81,4.38
151,14001,81,4.37
151,16001,81,4.2
151,18001,81,4.13
151,20001,81,4.05
151,22001,81,3.85
151,24001,81,4.05
151,26001,81,4.11
151,28001,81,4.16
151,30001,81,4.2
151,32001,81,4.39
151,34001,81,4.28
151,36001,81,4.29
151,38001,81,4.11
151,40001,81,4.15
151,42001,81,3.99
151,44001,81,3.98
151,46001,81,4.11
151,48001,81,4.07
151,50001,81,4.41
151,52001,81,4.44
151,54001,81,4.4
151,56001,81,4.43
151,58001,81,4.36
151,60001,81,4.29
151,62001,81,4.3
151,64001,81,4.17
151,65535,81,4.07
151,1,91,4.0
151,2001,91,3.99
151,4001,91,3.96
151,6001,91,4.25
151,8001,91,4.25
151,10001,91,4.36
151,12001,91,4.43
151,14001,91,4.41
151,16001,91,4.19
151,18001,91,4.11
151,20001,91,3.9
151,22001,91,3.82
151,24001,91,3.86
151,26001,91,3.93
151,28001,91,3.93
151,30001,91,4.23
151,32001,91,4.25
151,34001,91,4.29
151,36001,91,4.24
151,38001,91,4.02
151,40001,91,3.97
151,42001,91,3.86
151,44001,91,3.8
151,46001,91,3.83
151,48001,91,4.01
151,50001,91,4.08
151,52001,91,4.31
151,54001,91,4.44
151,56001,91,4.39
151,58001,91,4.37
151,60001,91,4.29
151,62001,91,4.27
151,64001,91,4.17
151,65535,91,3.96
151,1,101,3.86
151,2001,101,3.89
151,4001,101,4.03
151,6001,101,4.05
151,8001,101,4.21
151,10001,101,4.36
151,12001,101,4.35
151,14001,101,4.18
151,16001,101,4.12
151,18001,101,4.0
151,20001,101,3.77
151,22001,101,3.68
151,24001,101,3.57
151,26001,101,3.75
151,28001,101,3.99
151,30001,101,4.02
151,32001,101,4.19
151,34001,101,4.22
151,36001,101,4.05
151,38001,101,3.98
151,40001,101,3.86
151,42001,101,3.77
151,44001,101,3.63
151,46001,101,3.81
151,48001,101,3.9
151,50001,101,4.11
151,52001,101,4.32
151,54001,101,4.35
151,56001,101,4.32
151,58001,101,4.33
151,60001,101,4.25
151,62001,101,4.17
151,64001,101,3.97
151,65535,101,3.91
151,1,111,3.78
151,2001,111,3.84
151,4001,111,3.93
151,6001,111,4.12
151,8001,111,4.15
151,10001,111,4.34
151,12001,111,4.33
151,14001,111,4.1
151,16001,111,3.86
151,18001,111,3.75
151,20001,111,3.57
151,22001,111,3.51
151,24001,111,3.58
151,26001,111,3.71
151,28001,111,3.8
151,30001,111,4.01
151,32001,111,4.05
151,34001,111,3.98
151,36001,111,3.94
151,38001,111,3.87
151,40001,111,3.72
151,42001,111,3.6
151,44001,111,3.6
151,46001,111,3.72
151,48001,111,3.86
151,50001,111,3.95
151,52001,111,4.07
151,54001,111,4.42
151,56001,111,4.47
151,58001,111,4.15
151,60001,111,4.1
151,62001,111,3.99
151,64001,111,3.97
151,65535,111,3.76
151,1,121,3.64
151,2001,121,3.87
151,4001,121,3.86
151,6001,121,4.03
151,8001,121,4.12
151,10001,121,4.29
151,12001,121,4.18
151,14001,121,4.06
151,16001,121,3.87
151,18001,121,3.69
151,20001,121,3.57
151,22001,121,3.42
151,24001,121,3.45
151,26001,121,3.64
151,28001,121,3.69
151,30001,121,3.79
151,32001,121,3.94
151,34001,121,4.03
151,36001,121,3.92
151,38001,121,3.85
151,40001,121,3.56
151,42001,121,3.46
151,44001,121,3.44
151,46001,121,3.63
151,48001,121,3.68
151,50001,121,3.99
151,52001,121,4.1
151,54001,121,4.36
151,56001,121,4.28
151,58001,121,4.2
151,60001,121,4.02
151,62001,121,3.87
151,64001,121,3.79
151,65535,121,3.8
151,1,131,3.58
151,2001,131,3.58
151,4001,131,3.87
151,6001,131,3.8
151,8001,131,4.05
151,10001,131,4.14
151,12001,131,4.23
151,14001,131,4.09
151,16001,131,3.86
151,18001,131,3.72
151,20001,131,3.52
151,22001,131,3.33
151,24001,131,3.31
151,26001,131,3.4
151,28001,131,3.68
151,30001,131,3.79
151,32001,131,3.95
151,34001,131,4.0
151,36001,131,3.78
151,38001,131,3.62
151,40001,131,3.47
151,42001,131,3.45
151,44001,131,3.33
151,46001,131,3.55
151,48001,131,3.69
151,50001,131,3.9
151,52001,131,4.12
151,54001,131,4.31
151,56001,131,4.25
151,58001,131,4.04
151,60001,131,4.0
151,62001,131,3.83
151,64001,131,3.67
151,65535,131,3.51
151,1,141,3.48
151,2001,141,3.54
151,4001,141,3.74
151,6001,141,3.77
151,8001,141,3.92
151,10001,141,4.03
151,12001,141,4.12
151,14001,141,4.07
151,16001,141,3.85
151,18001,141,3.47
151,20001,141,3.27
151,22001,141,3.08
151,24001,141,3.19
151,26001,141,3.39
151,28001,141,3.49
151,30001,141,3.67
151,32001,141,3.93
151,34001,141,3.83
151,36001,141,3.57
151,38001,141,3.48
151,40001,141,3.39
151,42001,141,3.3
151,44001,141,3.14
151,46001,141,3.34
151,48001,141,3.48
151,50001,141,3.73
151,52001,141,4.0
151,54001,141,4.22
151,56001,141,4.21
151,58001,141,4.08
151,60001,141,3.91
151,62001,141,3.67
151,64001,141,3.45
151,65535,141,3.5
151,1,151,3.46
151,2001,151,3.51
151,4001,151,3.59
151,6001,151,3.76
151,8001,151,3.95
151,10001,151,4.14
151,12001,151,4.08
151,14001,151,3.73
151,16001,151,3.62
151,18001,151,3.47
151,20001,151,3.25
151,22001,151,3.11
151,24001,151,3.13
151,26001,151,3.08
151,28001,151,3.46
151,30001,151,3.51
151,32001,151,3.73
151,34001,151,3.7
151,36001,151,3.55
151,38001,151,3.49
151,40001,151,3.23
151,42001,151,3.17
151,44001,151,3.06
151,46001,151,3.27
151,48001,151,3.38
151,50001,151,3.66
151,52001,151,3.83
151,54001,151,4.21
151,56001,151,4.16
151,58001,151,3.97
151,60001,151,3.74
151,62001,151,3.53
151,64001,151,3.42
151,65535,151,3.37
151,1,161,3.34
151,2001,161,3.49
151,4001,161,3.54
151,6001,161,3.74
151,8001,161,3.88
151,10001,161,4.02
151,12001,161,4.03
151,14001,161,3.8
151,16001,161,3.62
151,18001,161,3.29
151,20001,161,3.26
151,22001,161,2.83
151,24001,161,2.99
151,26001,161,3.27
151,28001,161,3.29
151,30001,161,3.5
151,32001,161,3.7
151,34001,161,3.6
151,36001,161,3.53
151,38001,161,3.28
151,40001,161,3.16
151,42001,161,2.95
151,44001,161,2.94
151,46001,161,3.03
151,48001,161,3.23
151,50001,161,3.5
151,52001,161,3.87
151,54001,161,4.1
151,56001,161,4.0
151,58001,161,3.86
151,60001,161,3.65
151,62001,161,3.58
151,64001,161,3.38
151,65535,161,3.31
151,1,171,3.24
151,2001,171,3.37
151,4001,171,3.37
151,6001,171,3.64
151,8001,171,3.73
151,10001,171,4.01
151,12001,171,4.03
151,14001,171,3.72
151,16001,171,3.46
151,18001,171,3.29
151,20001,171,2.87
151,22001,171,2.7
151,24001,171,2.84
151,26001,171,2.99
151,28001,171,3.16
151,30001,171,3.41
151,32001,171,3.54
151,34001,171,3.66
151,36001,171,3.35
151,38001,171,3.22
151,40001,171,3.09
151,42001,171,3.01
151,44001,171,2.9
151,46001,171,3.04
151,48001,171,3.16
151,50001,171,3.56
151,52001,171,3.87
151,54001,171,4.11
151,56001,171,4.11
151,58001,171,3.85
151,60001,171,3.61
151,62001,171,3.5
151,64001,171,3.33
151,65535,171,3.26
151,1,181,3.15
151,2001,181,3.26
151,4001,181,3.36
151,6001,181,3.69
151,8001,181,3.73
151,10001,181,4.02
151,12001,181,4.01
151,14001,181,3.67
151,16001,181,3.53
151,18001,181,3.11
151,20001,181,2.91
151,22001,181,2.64
151,24001,181,2.78
151,26001,181,2.94
151,28001,181,3.19
151,30001,181,3.35
151,32001,181,3.54
151,34001,181,3.56
151,36001,181,3.47
151,38001,181,3.23
151,40001,181,3.02
151,42001,181,2.94
151,44001,181,2.74
151,46001,181,2.98
151,48001,181,3.23
151,50001,181,3.46
151,52001,181,3.61
151,54001,181,4.2
151,56001,181,4.07
151,58001,181,3.82
151,60001,181,3.83
151,62001,181,3.47
151,64001,181,3.44
151,65535,181,3.26
151,1,191,3.15
151,2001,191,3.24
151,4001,191,3.43
151,6001,191,3.57
151,8001,191,3.73
151,10001,191,3.95
151,12001,191,3.86
151,14001,191,3.6
151,16001,191,3.38
151,18001,191,3.1
151,20001,191,2.81
151,22001,191,2.55
151,24001,191,2.65
151,26001,191,2.83
151,28001,191,3.03
151,30001,191,3.26
151,32001,191,3.49
151,34001,191,3.45
151,36001,191,3.31
151,38001,191,3.1
151,40001,191,2.95
151,42001,191,2.75
151,44001,191,2.76
151,46001,191,2.95
151,48001,191,3.18
151,50001,191,3.49
151,52001,191,3.71
151,54001,191,4.02
151,56001,191,4.02
151,58001,191,3.75
151,60001,191,3.51
151,62001,191,3.42
151,64001,191,3.2
151,65535,191,3.11
151,1,201,3.12
151,2001,201,3.24
151,4001,201,3.32
151,6001,201,3.45
151,8001,201,3.73
151,10001,201,3.82
151,12001,201,4.0
151,14001,201,3.64
151,16001,201,3.32
151,18001,201,3.06
151,20001,201,2.73
151,22001,201,2.53
151,24001,201,2.63
151,26001,201,2.78
151,28001,201,2.95
151,30001,201,3.18
151,32001,201,3.23
151,34001,201,3.32
151,36001,201,3.13
151,38001,201,2.94
151,40001,201,2.88
151,42001,201,2.64
151,44001,201,2.62
151,46001,201,2.77
151,48001,201,3.05
151,50001,201,3.43
151,52001,201,3.47
151,54001,201,4.12
151,56001,201,4.02
151,58001,201,3.75
151,60001,201,3.66
151,62001,201,3.36
151,64001,201,3.17
151,65535,201,3.15
151,1,211,2.97
151,2001,211,3.06
151,4001,211,3.23
151,6001,211,3.35
151,8001,211,3.57
151,10001,211,3.78
151,12001,211,3.89
151,14001,211,3.43
151,16001,211,3.25
151,18001,211,3.03
151,20001,211,2.73
151,22001,211,2.47
151,24001,211,2.48
151,26001,211,2.63
151,28001,211,2.77
151,30001,211,3.09
151,32001,211,3.34
151,34001,211,3.29
151,36001,211,3.18
151,38001,211,2.85
151,40001,211,2.82
151,42001,211,2.53
151,44001,211,2.43
151,46001,211,2.76
151,48001,211,3.02
151,50001,211,3.39
151,52001,211,3.58
151,54001,211,3.99
151,56001,211,3.99
151,58001,211,3.78
151,60001,211,3.45
151,62001,211,3.25
151,64001,211,3.15
151,65535,211,2.99
151,1,221,2.99
151,2001,221,3.04
151,4001,221,3.18
151,6001,221,3.36
151,8001,221,3.65
151,10001,221,3.82
151,12001,221,3.9
151,14001,221,3.53
151,16001,221,3.36
151,18001,221,2.79
151,20001,221,2.69
151,22001,221,2.25
151,24001,221,2.35
151,26001,221,2.56
151,28001,221,2.82
151,30001,221,3.06
151,32001,221,3.07
151,34001,221,3.39
151,36001,221,3.24
151,38001,221,2.8
151,40001,221,2.67
151,42001,221,2.57
151,44001,221,2.39
151,46001,221,2.5
151,48001,221,2.86
151,50001,221,3.16
151,52001,221,3.6
151,54001,221,3.9
151,56001,221,3.81
151,58001,221,3.62
151,60001,221,3.47
151,62001,221,3.28
151,64001,221,3.13
151,65535,221,2.96
151,1,231,2.89
151,2001,231,2.97
151,4001,231,3.19
151,6001,231,3.39
151,8001,231,3.59
151,10001,231,3.79
151,12001,231,3.8
151,14001,231,3.68
151,16001,231,3.09
151,18001,231,2.84
151,20001,231,2.56
151,22001,231,2.36
151,24001,231,2.25
151,26001,231,2.37
151,28001,231,2.56
151,30001,231,2.86
151,32001,231,3.15
151,34001,231,3.15
151,36001,231,3.0
151,38001,231,2.74
151,40001,231,2.72
151,42001,231,2.38
151,44001,231,2.41
151,46001,231,2.61
151,48001,231,2.85
151,50001,231,3.08
151,52001,231,3.53
151,54001,231,4.02
151,56001,231,3.89
151,58001,231,3.51
151,60001,231,3.35
151,62001,231,3.16
151,64001,231,3.03
151,65535,231,2.94
151,1,241,2.96
151,2001,241,2.9
151,4001,241,3.13
151,6001,241,3.22
151,8001,241,3.57
151,10001,241,3.68
151,12001,241,3.8
151,14001,241,3.61
151,16001,241,3.01
151,18001,241,2.81
151,20001,241,2.57
151,22001,241,2.29
151,24001,241,2.31
151,26001,241,2.45
151,28001,241,2.61
151,30001,241,2.84
151,32001,241,3.14
151,34001,241,3.25
151,36001,241,3.01
151,38001,241,2.63
151,40001,241,2.55
151,42001,241,2.4
151,44001,241,2.29
151,46001,241,2.56
151,48001,241,2.62
151,50001,241,3.15
151,52001,241,3.58
151,54001,241,3.94
151,56001,241,3.84
151,58001,241,3.73
151,60001,241,3.28
151,62001,241,3.27
151,64001,241,3.04
151,65535,241,3.01
151,1,251,2.94
151,2001,251,2.99
151,4001,251,3.06
151,6001,251,3.26
151,8001,251,3.48
151,10001,251,3.83
151,12001,251,3.85
151,14001,251,3.37
151,16001,251,3.2
151,18001,251,2.85
151,20001,251,2.44
151,22001,251,2.21
151,24001,251,2.21
151,26001,251,2.37
151,28001,251,2.58
151,30001,251,2.84
151,32001,251,3.12
151,34001,251,3.18
151,36001,251,2.85
151,38001,251,2.71
151,40001,251,2.46
151,42001,251,2.35
151,44001,251,2.22
151,46001,251,2.48
151,48001,251,2.85
151,50001,251,3.06
151,52001,251,3.53
151,54001,251,3.81
151,56001,251,3.84
151,58001,251,3.52
151,60001,251,3.38
151,62001,251,3.14
151,64001,251,2.96
151,65535,251,2.86
151,1,254,2.88
151,2001,254,2.99
151,4001,254,3.1
151,6001,254,3.26
151,8001,254,3.48
151,10001,254,3.74
151,12001,254,3.76
151,14001,254,3.61
151,16001,254,3.05
151,18001,254,2.8
151,20001,254,2.35
151,22001,254,2.29
151,24001,254,2.35
151,26001,254,2.32
151,28001,254,2.52
151,30001,254,2.84
151,32001,254,3.15
151,34001,254,3.09
151,36001,254,2.86
151,38001,254,2.63
151,40001,254,2.47
151,42001,254,2.35
151,44001,254,1.96
151,46001,254,2.42
151,48001,254,2.76
151,50001,254,3.06
151,52001,254,3.4
151,54001,254,3.8
151,56001,254,3.84
151,58001,254,3.57
151,60001,254,3.25
151,62001,254,3.22
151,64001,254,3.1
151,65535,254,2.97
161,1,1,4.5
161,2001,1,4.34
161,4001,1,4.46
161,6001,1,4.42
161,8001,1,4.38
161,10001,1,4.42
161,12001,1,4.41
161,14001,1,4.33
161,16001,1,4.31
161,18001,1,4.4
161,20001,1,4.44
161,22001,1,4.39
161,24001,1,4.44
161,26001,1,4.34
161,28001,1,4.47
161,30001,1,4.35
161,32001,1,4.39
161,34001,1,4.38
161,36001,1,4.44
161,38001,1,4.31
161,40001,1,4.36
161,42001,1,4.34
161,44001,1,4.25
161,46001,1,4.38
161,48001,1,4.47
161,50001,1,4.36
161,52001,1,4.33
161,54001,1,4.35
161,56001,1,4.45
161,58001,1,4.34
161,60001,1,4.34
161,62001,1,4.44
161,64001,1,4.4
161,65535,1,4.41
161,1,11,4.42
161,2001,11,4.37
161,4001,11,4.42
161,6001,11,4.32
161,8001,11,4.4
161,10001,11,4.39
161,12001,11,4.26
161,14001,11,4.39
161,16001,11,4.44
161,18001,11,4.4
161,20001,11,4.43
161,22001,11,4.38
161,24001,11,4.44
161,26001,11,4.39
161,28001,11,4.34
161,30001,11,4.38
161,32001,11,4.48
161,34001,11,4.41
161,36001,11,4.34
161,38001,11,4.44
161,40001,11,4.36
161,42001,11,4.39
161,44001,11,4.43
161,46001,11,4.38
161,48001,11,4.38
161,50001,11,4.38
161,52001,11,4.38
161,54001,11,4.33
161,56001,11,4.36
161,58001,11,4.4
161,60001,11,4.43
161,62001,11,4.47
161,64001,11,4.38
161,65535,11,4.4
161,1,21,4.36
161,2001,21,4.32
161,4001,21,4.38
161,6001,21,4.44
161,8001,21,4.33
161,10001,21,4.39
161,12001,21,4.34
161,14001,21,4.49
161,16001,21,4.4
161,18001,21,4.43
161,20001,21,4.3
161,22001,21,4.38
161,24001,21,4.23
161,26001,21,4.43
161,28001,21,4.4
161,30001,21,4.36
161,32001,21,4.33
161,34001,21,4.36
161,36001,21,4.46
161,38001,21,4.39
161,40001,21,4.31
161,42001,21,4.29
161,44001,21,4.41
161,46001,21,4.3
161,48001,21,4.48
161,50001,21,4.4
161,52001,21,4.36
161,54001,21,4.47
161,56001,21,4.39
161,58001,21,4.38
161,60001,21,4.41
161,62001,21,4.43
161,64001,21,4.37
161,65535,21,4.34
161,1,31,4.38
161,2001,31,4.34
161,4001,31,4.38
161,6001,31,4.45
161,8001,31,4.48
161,10001,31,4.33
161,12001,31,4.39
161,14001,31,4.39
161,16001,31,4.38
161,18001,31,4.6
161,20001,31,4.41
161,22001,31,4.37
161,24001,31,4.45
161,26001,31,4.34
161,28001,31,4.42
161,30001,31,4.35
161,32001,31,4.36
161,34001,31,4.33
161,36001,31,4.33
161,38001,31,4.41
161,40001,31,4.38
161,42001,31,4.46
161,44001,31,4.4
161,46001,31,4.3
161,48001,31,4.46
161,50001,31,4.45
161,52001,31,4.49
161,54001,31,4.44
161,56001,31,4.31
161,58001,31,4.43
161,60001,31,4.38
161,62001,31,4.43
161,64001,31,4.44
161,65535,31,4.36
161,1,41,4.33
161,2001,41,4.31
161,4001,41,4.47
161,6001,41,4.41
161,8001,41,4.41
161,10001,41,4.35
161,12001,41,4.39
161,14001,41,4.39
161,16001,41,4.34
161,18001,41,4.34
161,20001,41,4.41
161,22001,41,4.28
161,24001,41,4.39
161,26001,41,4.36
161,28001,41,4.24
161,30001,41,4.33
161,32001,41,4.43
161,34001,41,4.34
161,36001,41,4.37
161,38001,41,4.48
161,40001,41,4.37
161,42001,41,4.33
161,44001,41,4.38
161,46001,41,4.42
161,48001,41,4.28
161,50001,41,4.36
161,52001,41,4.35
161,54001,41,4.32
161,56001,41,4.32
161,58001,41,4.3
161,60001,41,4.3
161,62001,41,4.35
161,64001,41,4.39
161,65535,41,4.3
161,1,51,4.34
161,2001,51,4.33
161,4001,51,4.4
161,6001,51,4.32
161,8001,51,4.43
161,10001,51,4.36
161,12001,51,4.38
161,14001,51,4.41
161,16001,51,4.35
161,18001,51,4.35
161,20001,51,4.34
161,22001,51,4.35
161,24001,51,4.34
161,26001,51,4.39
161,28001,51,4.4
161,30001,51,4.33
161,32001,51,4.34
161,34001,51,4.45
161,36001,51,4.44
161,38001,51,4.37
161,40001,51,4.44
161,42001,51,4.45
161,44001,51,4.32
161,46001,51,4.52
161,48001,51,4.44
161,50001,51,4.34
161,52001,51,4.3
161,54001,51,4.39
161,56001,51,4.48
161,58001,51,4.42
161,60001,51,4.34
161,62001,51,4.51
161,64001,51,4.33
161,65535,51,4.41
161,1,61,4.39
161,2001,61,4.37
161,4001,61,4.37
161,6001,61,4.38
161,8001,61,4.37
161,10001,61,4.46
161,12001,61,4.32
161,14001,61,4.36
161,16001,61,4.35
161,18001,61,4.35
161,20001,61,4.34
161,22001,61,4.43
161,24001,61,4.42
161,26001,61,4.37
161,28001,61,4.38
161,30001,61,4.4
161,32001,61,4.36
161,34001,61,4.4
161,36001,61,4.38
161,38001,61,4.43
161,40001,61,4.43
161,42001,61,4.31
161,44001,61,4.49
161,46001,61,4.49
161,48001,61,4.45
161,50001,61,4.46
161,52001,61,4.51
161,54001,61,4.38
161,56001,61,4.35
161,58001,61,4.45
161,60001,61,4.39
161,62001,61,4.36
161,64001,61,4.43
161,65535,61,4.33
161,1,71,4.33
161,2001,71,4.31
161,4001,71,4.46
161,6001,71,4.45
161,8001,71,4.41
161,10001,71,4.45
161,12001,71,4.33
161,14001,71,4.42
161,16001,71,4.33
161,18001,71,4.39
161,20001,71,4.32
161,22001,71,4.39
161,24001,71,4.34
161,26001,71,4.4
161,28001,71,4.34
161,30001,71,4.34
161,32001,71,4.41
161,34001,71,4.38
161,36001,71,4.53
161,38001,71,4.38
161,40001,71,4.38
161,42001,71,4.39
161,44001,71,4.32
161,46001,71,4.38
161,48001,71,4.26
161,50001,71,4.34
161,52001,71,4.3
161,54001,71,4.5
161,56001,71,4.43
161,58001,71,4.31
161,60001,71,4.42
161,62001,71,4.37
161,64001,71,4.42
161,65535,71,4.41
161,1,81,4.26
161,2001,81,4.34
161,4001,81,4.36
161,6001,81,4.38
161,8001,81,4.43
161,10001,81,4.31
161,12001,81,4.34
161,14001,81,4.41
161,16001,81,4.38
161,18001,81,4.41
161,20001,81,4.25
161,22001,81,4.2
161,24001,81,4.14
161,26001,81,4.36
161,28001,81,4.44
161,30001,81,4.39
161,32001,81,4.33
161,34001,81,4.45
161,36001,81,4.46
161,38001,81,4.45
161,40001,81,4.24
161,42001,81,4.23
161,44001,81,4.15
161,46001,81,4.3
161,48001,81,4.41
161,50001,81,4.54
161,52001,81,4.48
161,54001,81,4.43
161,56001,81,4.31
161,58001,81,4.38
161,60001,81,4.45
161,62001,81,4.4
161,64001,81,4.5
161,65535,81,4.27
161,1,91,4.23
161,2001,91,4.35
161,4001,91,4.31
161,6001,91,4.35
161,8001,91,4.33
161,10001,91,4.38
161,12001,91,4.34
161,14001,91,4.43
161,16001,91,4.31
161,18001,91,4.39
161,20001,91,4.07
161,22001,91,4.03
161,24001,91,4.07
161,26001,91,4.2
161,28001,91,4.23
161,30001,91,4.35
161,32001,91,4.38
161,34001,91,4.42
161,36001,91,4.36
161,38001,91,4.3
161,40001,91,4.23
161,42001,91,4.1
161,44001,91,4.07
161,46001,91,4.16
161,48001,91,4.26
161,50001,91,4.41
161,52001,91,4.35
161,54001,91,4.38
161,56001,91,4.37
161,58001,91,4.4
161,60001,91,4.34
161,62001,91,4.31
161,64001,91,4.4
161,65535,91,4.27
161,1,101,4.1
161,2001,101,4.22
161,4001,101,4.26
161,6001,101,4.35
161,8001,101,4.34
161,10001,101,4.45
161,12001,101,4.38
161,14001,101,4.53
161,16001,101,4.38
161,18001,101,4.1
161,20001,101,4.1
161,22001,101,3.94
161,24001,101,3.83
161,26001,101,4.08
161,28001,101,4.13
161,30001,101,4.32
161,32001,101,4.34
161,34001,101,4.33
161,36001,101,4.37
161,38001,101,4.16
161,40001,101,4.06
161,42001,101,4.02
161,44001,101,3.81
161,46001,101,4.06
161,48001,101,4.26
161,50001,101,4.43
161,52001,101,4.38
161,54001,101,4.29
161,56001,101,4.27
161,58001,101,4.39
161,60001,101,4.37
161,62001,101,4.39
161,64001,101,4.14
161,65535,101,4.06
161,1,111,3.98
161,2001,111,4.0
161,4001,111,4.23
161,6001,111,4.25
161,8001,111,4.37
161,10001,111,4.48
161,12001,111,4.31
161,14001,111,4.37
161,16001,111,4.16
161,18001,111,4.02
161,20001,111,3.86
161,22001,111,3.76
161,24001,111,3.82
161,26001,111,3.96
161,28001,111,3.98
161,30001,111,4.14
161,32001,111,4.29
161,34001,111,4.29
161,36001,111,4.13
161,38001,111,4.03
161,40001,111,3.94
161,42001,111,3.84
161,44001,111,3.7
161,46001,111,4.06
161,48001,111,4.08
161,50001,111,4.23
161,52001,111,4.43
161,54001,111,4.45
161,56001,111,4.32
161,58001,111,4.4
161,60001,111,4.2
161,62001,111,4.18
161,64001,111,4.05
161,65535,111,4.0
161,1,121,3.84
161,2001,121,3.92
161,4001,121,4.11
161,6001,121,4.26
161,8001,121,4.36
161,10001,121,4.4
161,12001,121,4.25
161,14001,121,4.32
161,16001,121,4.07
161,18001,121,3.81
161,20001,121,3.74
161,22001,121,3.52
161,24001,121,3.73
161,26001,121,3.76
161,28001,121,3.97
161,30001,121,4.05
161,32001,121,4.14
161,34001,121,4.27
161,36001,121,4.2
161,38001,121,3.93
161,40001,121,3.87
161,42001,121,3.72
161,44001,121,3.63
161,46001,121,3.79
161,48001,121,3.97
161,50001,121,4.23
161,52001,121,4.47
161,54001,121,4.35
161,56001,121,4.37
161,58001,121,4.35
161,60001,121,4.22
161,62001,121,4.15
161,64001,121,4.06
161,65535,121,3.95
161,1,131,3.68
161,2001,131,3.92
161,4001,131,3.94
161,6001,131,4.25
161,8001,131,4.22
161,10001,131,4.43
161,12001,131,4.51
161,14001,131,4.3
161,16001,131,3.97
161,18001,131,3.88
161,20001,131,3.65
161,22001,131,3.58
161,24001,131,3.48
161,26001,131,3.66
161,28001,131,3.81
161,30001,131,3.91
161,32001,131,4.24
161,34001,131,4.18
161,36001,131,4.01
161,38001,131,3.96
161,40001,131,3.63
161,42001,131,3.69
161,44001,131,3.53
161,46001,131,3.66
161,48001,131,3.75
161,50001,131,4.07
161,52001,131,4.4
161,54001,131,4.4
161,56001,131,4.42
161,58001,131,4.24
161,60001,131,4.2
161,62001,131,3.99
161,64001,131,3.95
161,65535,131,3.77
161,1,141,3.79
161,2001,141,3.74
161,4001,141,3.96
161,6001,141,4.04
161,8001,141,4.27
161,10001,141,4.4
161,12001,141,4.37
161,14001,141,4.26
161,16001,141,3.95
161,18001,141,3.79
161,20001,141,3.55
161,22001,141,3.17
161,24001,141,3.51
161,26001,141,3.6
161,28001,141,3.75
161,30001,141,3.96
161,32001,141,4.1
161,34001,141,4.09
161,36001,141,3.85
161,38001,141,3.74
161,40001,141,3.6
161,42001,141,3.48
161,44001,141,3.35
161,46001,141,3.49
161,48001,141,3.79
161,50001,141,3.89
161,52001,141,4.29
161,54001,141,4.33
161,56001,141,4.34
161,58001,141,4.31
161,60001,141,4.12
161,62001,141,3.87
161,64001,141,3.82
161,65535,141,3.71
161,1,151,3.66
161,2001,151,3.71
161,4001,151,3.82
161,6001,151,3.98
161,8001,151,4.15
161,10001,151,4.39
161,12001,151,4.36
161,14001,151,4.19
161,16001,151,3.84
161,18001,151,3.6
161,20001,151,3.39
161,22001,151,3.21
161,24001,151,3.25
161,26001,151,3.45
161,28001,151,3.71
161,30001,151,3.69
161,32001,151,4.1
161,34001,151,3.98
161,36001,151,3.77
161,38001,151,3.66
161,40001,151,3.53
161,42001,151,3.55
161,44001,151,3.3
161,46001,151,3.45
161,48001,151,3.55
161,50001,151,3.85
161,52001,151,4.09
161,54001,151,4.33
161,56001,151,4.43
161,58001,151,4.29
161,60001,151,3.97
161,62001,151,3.89
161,64001,151,3.73
161,65535,151,3.63
161,1,161,3.51
161,2001,161,3.72
161,4001,161,3.65
161,6001,161,3.88
161,8001,161,3.97
161,10001,161,4.26
161,12001,161,4.16
161,14001,161,4.04
161,16001,161,3.89
161,18001,161,3.49
161,20001,161,3.43
161,22001,161,3.04
161,24001,161,3.18
161,26001,161,3.34
161,28001,161,3.43
161,30001,161,3.69
161,32001,161,3.83
161,34001,161,3.95
161,36001,161,3.75
161,38001,161,3.55
161,40001,161,3.41
161,42001,161,3.16
161,44001,161,3.08
161,46001,161,3.24
161,48001,161,3.67
161,50001,161,3.92
161,52001,161,4.03
161,54001,161,4.4
161,56001,161,4.37
161,58001,161,4.17
161,60001,161,3.92
161,62001,161,3.84
161,64001,161,3.7
161,65535,161,3.54
161,1,171,3.41
161,2001,171,3.5
161,4001,171,3.71
161,6001,171,3.78
161,8001,171,4.07
161,10001,171,4.17
161,12001,171,4.26
161,14001,171,4.05
161,16001,171,3.66
161,18001,171,3.53
161,20001,171,3.22
161,22001,171,3.12
161,24001,171,2.99
161,26001,171,3.11
161,28001,171,3.23
161,30001,171,3.53
161,32001,171,3.82
161,34001,171,3.8
161,36001,171,3.72
161,38001,171,3.5
161,40001,171,3.29
161,42001,171,3.16
161,44001,171,3.04
161,46001,171,3.24
161,48001,171,3.53
161,50001,171,3.79
161,52001,171,3.95
161,54001,171,4.4
161,56001,171,4.45
161,58001,171,4.15
161,60001,171,3.91
161,62001,171,3.59
161,64001,171,3.58
161,65535,171,3.37
161,1,181,3.42
161,2001,181,3.53
161,4001,181,3.49
161,6001,181,3.78
161,8001,181,3.84
161,10001,181,4.3
161,12001,181,4.2
161,14001,181,3.81
161,16001,181,3.74
161,18001,181,3.33
161,20001,181,3.07
161,22001,181,2.79
161,24001,181,2.95
161,26001,181,3.15
161,28001,181,3.35
161,30001,181,3.46
161,32001,181,3.77
161,34001,181,3.79
161,36001,181,3.61
161,38001,181,3.33
161,40001,181,3.3
161,42001,181,3.07
161,44001,181,2.9
161,46001,181,3.28
161,48001,181,3.5
161,50001,181,3.69
161,52001,181,4.03
161,54001,181,4.2
161,56001,181,4.16
161,58001,181,4.01
161,60001,181,3.88
161,62001,181,3.68
161,64001,181,3.49
161,65535,181,3.47
161,1,191,3.31
161,2001,191,3.36
161,4001,191,3.59
161,6001,191,3.72
161,8001,191,3.96
161,10001,191,4.13
161,12001,191,4.19
161,14001,191,3.91
161,16001,191,3.59
161,18001,191,3.3
161,20001,191,2.87
161,22001,191,2.92
161,24001,191,2.84
161,26001,191,2.97
161,28001,191,3.33
161,30001,191,3.24
161,32001,191,3.71
161,34001,191,3.7
161,36001,191,3.51
161,38001,191,3.4
161,40001,191,3.0
161,42001,191,3.03
161,44001,191,2.83
161,46001,191,3.05
161,48001,191,3.32
161,50001,191,3.45
161,52001,191,3.97
161,54001,191,4.09
161,56001,191,4.22
161,58001,191,3.98
161,60001,191,3.72
161,62001,191,3.64
161,64001,191,3.51
161,65535,191,3.35
161,1,201,3.12
161,2001,201,3.25
161,4001,201,3.52
161,6001,201,3.81
161,8001,201,3.95
161,10001,201,4.16
161,12001,201,4.11
161,14001,201,3.81
161,16001,201,3.55
161,18001,201,3.15
161,20001,201,2.92
161,22001,201,2.73
161,24001,201,2.8
161,26001,201,2.91
161,28001,201,3.14
161,30001,201,3.34
161,32001,201,3.66
161,34001,201,3.75
161,36001,201,3.39
161,38001,201,3.26
161,40001,201,2.99
161,42001,201,2.79
161,44001,201,2.65
161,46001,201,2.84
161,48001,201,3.26
161,50001,201,3.53
161,52001,201,3.93
161,54001,201,4.2
161,56001,201,4.16
161,58001,201,4.19
161,60001,201,3.66
161,62001,201,3.7
161,64001,201,3.38
161,65535,201,3.3
161,1,211,3.16
161,2001,211,3.28
161,4001,211,3.47
161,6001,211,3.6
161,8001,211,3.81
161,10001,211,4.23
161,12001,211,4.13
161,14001,211,3.88
161,16001,211,3.44
161,18001,211,3.25
161,20001,211,2.88
161,22001,211,2.65
161,24001,211,2.7
161,26001,211,2.87
161,28001,211,3.07
161,30001,211,3.17
161,32001,211,3.57
161,34001,211,3.62
161,36001,211,3.29
161,38001,211,3.13
161,40001,211,2.91
161,42001,211,2.89
161,44001,211,2.71
161,46001,211,2.92
161,48001,211,3.01
161,50001,211,3.48
161,52001,211,3.9
161,54001,211,4.18
161,56001,211,4.17
161,58001,211,3.96
161,60001,211,3.91
161,62001,211,3.46
161,64001,211,3.4
161,65535,211,3.19
161,1,221,3.21
161,2001,221,3.22
161,4001,221,3.39
161,6001,221,3.67
161,8001,221,3.82
161,10001,221,4.13
161,12001,221,3.99
161,14001,221,3.79
161,16001,221,3.53
161,18001,221,3.08
161,20001,221,2.77
161,22001,221,2.42
161,24001,221,2.56
161,26001,221,2.83
161,28001,221,3.07
161,30001,221,3.2
161,32001,221,3.43
161,34001,221,3.44
161,36001,221,2.7
161,38001,221,2.84
161,40001,221,2.84
161,42001,221,2.74
161,44001,221,2.56
161,46001,221,2.8
161,48001,221,3.19
161,50001,221,3.35
161,52001,221,3.86
161,54001,221,4.13
161,56001,221,4.12
161,58001,221,3.9
161,60001,221,3.56
161,62001,221,3.34
161,64001,221,3.42
161,65535,221,3.26
161,1,231,3.2
161,2001,231,3.28
161,4001,231,3.23
161,6001,231,3.56
161,8001,231,3.64
161,10001,231,4.02
161,12001,231,4.03
161,14001,231,3.64
161,16001,231,3.46
161,18001,231,3.12
161,20001,231,2.68
161,22001,231,2.49
161,24001,231,2.53
161,26001,231,2.65
161,28001,231,2.9
161,30001,231,3.18
161,32001,231,3.4
161,34001,231,3.5
161,36001,231,3.11
161,38001,231,3.06
161,40001,231,2.76
161,42001,231,2.57
161,44001,231,2.46
161,46001,231,2.7
161,48001,231,2.95
161,50001,231,3.29
161,52001,231,3.72
161,54001,231,4.19
161,56001,231,4.14
161,58001,231,3.85
161,60001,231,3.65
161,62001,231,3.44
161,64001,231,3.2
161,65535,231,3.2
161,1,241,3.11
161,2001,241,3.15
161,4001,241,3.35
161,6001,241,3.26
161,8001,241,3.74
161,10001,241,3.93
161,12001,241,3.97
161,14001,241,3.66
161,16001,241,3.27
161,18001,241,2.99
161,20001,241,2.7
161,22001,241,2.4
161,24001,241,2.36
161,26001,241,2.52
161,28001,241,2.72
161,30001,241,3.07
161,32001,241,3.38
161,34001,241,3.35
161,36001,241,2.98
161,38001,241,2.85
161,40001,241,2.6
161,42001,241,2.41
161,44001,241,2.47
161,46001,241,2.67
161,48001,241,2.95
161,50001,241,3.31
161,52001,241,3.84
161,54001,241,4.13
161,56001,241,4.09
161,58001,241,3.88
161,60001,241,3.61
161,62001,241,3.39
161,64001,241,3.25
161,65535,241,3.14
161,1,251,2.97
161,2001,251,3.19
161,4001,251,3.36
161,6001,251,3.46
161,8001,251,3.82
161,10001,251,4.0
161,12001,251,4.0
161,14001,251,3.62
161,16001,251,3.27
161,18001,251,2.96
161,20001,251,2.59
161,22001,251,2.36
161,24001,251,2.38
161,26001,251,2.47
161,28001,251,2.61
161,30001,251,2.99
161,32001,251,3.23
161,34001,251,3.29
161,36001,251,3.05
161,38001,251,2.67
161,40001,251,2.62
161,42001,251,2.47
161,44001,251,2.46
161,46001,251,2.57
161,48001,251,2.82
161,50001,251,3.33
161,52001,251,3.61
161,54001,251,4.03
161,56001,251,4.13
161,58001,251,3.72
161,60001,251,3.47
161,62001,251,3.32
161,64001,251,3.18
161,65535,251,3.16
161,1,254,3.1
161,2001,254,3.16
161,4001,254,3.29
161,6001,254,3.45
161,8001,254,3.82
161,10001,254,4.07
161,12001,254,3.98
161,14001,254,3.89
161,16001,254,3.11
161,18001,254,3.01
161,20001,254,2.54
161,22001,254,2.31
161,24001,254,2.28
161,26001,254,2.46
161,28001,254,2.6
161,30001,254,3.13
161,32001,254,3.34
161,34001,254,3.38
161,36001,254,2.96
161,38001,254,2.89
161,40001,254,2.65
161,42001,254,2.47
161,44001,254,2.31
161,46001,254,2.7
161,48001,254,2.84
161,50001,254,3.32
161,52001,254,3.48
161,54001,254,4.18
161,56001,254,4.08
161,58001,254,3.83
161,60001,254,3.56
161,62001,254,3.44
161,64001,254,3.22
161,65535,254,3.04
171,1,1,4.44
171,2001,1,4.45
171,4001,1,4.48
171,6001,1,4.38
171,8001,1,4.37
171,10001,1,4.35
171,12001,1,4.43
171,14001,1,4.43
171,16001,1,4.35
171,18001,1,4.52
171,20001,1,4.41
171,22001,1,4.48
171,24001,1,4.36
171,26001,1,4.32
171,28001,1,4.34
171,30001,1,4.37
171,32001,1,4.42
171,34001,1,4.34
171,36001,1,4.36
171,38001,1,4.41
171,40001,1,4.41
171,42001,1,4.43
171,44001,1,4.34
171,46001,1,4.46
171,48001,1,4.39
171,50001,1,4.41
171,52001,1,4.38
171,54001,1,4.4
171,56001,1,4.44
171,58001,1,4.43
171,60001,1,4.45
171,62001,1,4.42
171,64001,1,4.45
171,65535,1,4.47
171,1,11,4.36
171,2001,11,4.48
171,4001,11,4.4
171,6001,11,4.34
171,8001,11,4.41
171,10001,11,4.44
171,12001,11,4.46
171,14001,11,4.44
171,16001,11,4.38
171,18001,11,4.49
171,20001,11,4.32
171,22001,11,4.26
171,24001,11,4.38
171,26001,11,4.44
171,28001,11,4.33
171,30001,11,4.31
171,32001,11,4.35
171,34001,11,4.41
171,36001,11,4.45
171,38001,11,4.42
171,40001,11,4.43
171,42001,11,4.42
171,44001,11,4.33
171,46001,11,4.32
171,48001,11,4.45
171,50001,11,4.38
171,52001,11,4.37
171,54001,11,4.48
171,56001,11,4.32
171,58001,11,4.47
171,60001,11,4.3
171,62001,11,4.46
171,64001,11,4.5
171,65535,11,4.34
171,1,21,4.38
171,2001,21,4.4
171,4001,21,4.4
171,6001,21,4.38
171,8001,21,4.45
171,10001,21,4.37
171,12001,21,4.32
171,14001,21,4.35
171,16001,21,4.43
171,18001,21,4.44
171,20001,21,4.32
171,22001,21,4.42
171,24001,21,4.35
171,26001,21,4.35
171,28001,21,4.39
171,30001,21,4.38
171,32001,21,4.4
171,34001,21,4.43
171,36001,21,4.36
171,38001,21,4.32
171,40001,21,4.38
171,42001,21,4.43
171,44001,21,4.35
171,46001,21,4.35
171,48001,21,4.32
171,50001,21,4.39
171,52001,21,4.39
171,54001,21,4.37
171,56001,21,4.38
171,58001,21,4.43
171,60001,21,4.45
171,62001,21,4.38
171,64001,21,4.39
171,65535,21,4.38
171,1,31,4.32
171,2001,31,4.29
171,4001,31,4.41
171,6001,31,4.33
171,8001,31,4.44
171,10001,31,4.36
171,12001,31,4.4
171,14001,31,4.48
171,16001,31,4.42
171,18001,31,4.33
171,20001,31,4.34
171,22001,31,4.36
171,24001,31,4.26
171,26001,31,4.48
171,28001,31,4.34
171,30001,31,4.4
171,32001,31,4.49
171,34001,31,4.4
171,36001,31,4.45
171,38001,31,4.42
171,40001,31,4.49
171,42001,31,4.36
171,44001,31,4.41
171,46001,31,4.34
171,48001,31,4.41
171,50001,31,4.45
171,52001,31,4.51
171,54001,31,4.43
171,56001,31,4.45
171,58001,31,4.54
171,60001,31,4.4
171,62001,31,4.41
171,64001,31,4.39
171,65535,31,4.35
171,1,41,4.32
171,2001,41,4.44
171,4001,41,4.36
171,6001,41,4.36
171,8001,41,4.32
171,10001,41,4.42
171,12001,41,4.4
171,14001,41,4.38
171,16001,41,4.43
171,18001,41,4.38
171,20001,41,4.34
171,22001,41,4.41
171,24001,41,4.48
171,26001,41,4.36
171,28001,41,4.33
171,30001,41,4.32
171,32001,41,4.35
171,34001,41,4.42
171,36001,41,4.41
171,38001,41,4.38
171,40001,41,4.39
171,42001,41,4.44
171,44001,41,4.42
171,46001,41,4.29
171,48001,41,4.24
171,50001,41,4.42
171,52001,41,4.34
171,54001,41,4.39
171,56001,41,4.37
171,58001,41,4.44
171,60001,41,4.44
171,62001,41,4.41
171,64001,41,4.58
171,65535,41,4.49
171,1,51,4.36
171,2001,51,4.41
171,4001,51,4.42
171,6001,51,4.44
171,8001,51,4.46
171,10001,51,4.35
171,12001,51,4.41
171,14001,51,4.44
171,16001,51,4.46
171,18001,51,4.3
171,20001,51,4.36
171,22001,51,4.33
171,24001,51,4.34
171,26001,51,4.41
171,28001,51,4.42
171,30001,51,4.46
171,32001,51,4.43
171,34001,51,4.45
171,36001,51,4.4
171,38001,51,4.39
171,40001,51,4.37
171,42001,51,4.46
171,44001,51,4.3
171,46001,51,4.51
171,48001,51,4.44
171,50001,51,4.39
171,52001,51,4.34
171,54001,51,4.35
171,56001,51,4.4
171,58001,51,4.39
171,60001,51,4.39
171,62001,51,4.35
171,64001,51,4.36
171,65535,51,4.3
171,1,61,4.41
171,2001,61,4.37
171,4001,61,4.41
171,6001,61,4.36
171,8001,61,4.36
171,10001,61,4.39
171,12001,61,4.28
171,14001,61,4.34
171,16001,61,4.4
171,18001,61,4.32
171,20001,61,4.42
171,22001,61,4.42
171,24001,61,4.43
171,26001,61,4.42
171,28001,61,4.41
171,30001,61,4.36
171,32001,61,4.4
171,34001,61,4.41
171,36001,61,4.39
171,38001,61,4.37
171,40001,61,4.42
171,42001,61,4.44
171,44001,61,4.4
171,46001,61,4.35
171,48001,61,4.47
171,50001,61,4.39
171,52001,61,4.36
171,54001,61,4.34
171,56001,61,4.44
171,58001,61,4.46
171,60001,61,4.46
171,62001,61,4.4
171,64001,61,4.35
171,65535,61,4.37
171,1,71,4.38
171,2001,71,4.38
171,4001,71,4.45
171,6001,71,4.38
171,8001,71,4.41
171,10001,71,4.45
171,12001,71,4.34
171,14001,71,4.43
171,16001,71,4.44
171,18001,71,4.43
171,20001,71,4.33
171,22001,71,4.42
171,24001,71,4.35
171,26001,71,4.35
171,28001,71,4.28
171,30001,71,4.35
171,32001,71,4.35
171,34001,71,4.38
171,36001,71,4.41
171,38001,71,4.44
171,40001,71,4.37
171,42001,71,4.36
171,44001,71,4.42
171,46001,71,4.38
171,48001,71,4.43
171,50001,71,4.36
171,52001,71,4.41
171,54001,71,4.46
171,56001,71,4.32
171,58001,71,4.44
171,60001,71,4.34
171,62001,71,4.39
171,64001,71,4.36
171,65535,71,4.42
171,1,81,4.41
171,2001,81,4.43
171,4001,81,4.45
171,6001,81,4.36
171,8001,81,4.37
171,10001,81,4.3
171,12001,81,4.47
171,14001,81,4.4
171,16001,81,4.39
171,18001,81,4.27
171,20001,81,4.33
171,22001,81,4.31
171,24001,81,4.33
171,26001,81,4.34
171,28001,81,4.37
171,30001,81,4.34
171,32001,81,4.31
171,34001,81,4.32
171,36001,81,4.35
171,38001,81,4.47
171,40001,81,4.24
171,42001,81,4.43
171,44001,81,4.5
171,46001,81,4.37
171,48001,81,4.41
171,50001,81,4.47
171,52001,81,4.41
171,54001,81,4.39
171,56001,81,4.43
171,58001,81,4.46
171,60001,81,4.54
171,62001,81,4.43
171,64001,81,4.44
171,65535,81,4.4
171,1,91,4.39
171,2001,91,4.43
171,4001,91,4.39
171,6001,91,4.45
171,8001,91,4.46
171,10001,91,4.4
171,12001,91,4.39
171,14001,91,4.42
171,16001,91,4.42
171,18001,91,4.36
171,20001,91,4.44
171,22001,91,4.3
171,24001,91,4.23
171,26001,91,4.4
171,28001,91,4.41
171,30001,91,4.31
171,32001,91,4.32
171,34001,91,4.4
171,36001,91,4.49
171,38001,91,4.36
171,40001,91,4.46
171,42001,91,4.36
171,44001,91,4.32
171,46001,91,4.34
171,48001,91,4.45
171,50001,91,4.41
171,52001,91,4.38
171,54001,91,4.49
171,56001,91,4.4
171,58001,91,4.33
171,60001,91,4.44
171,62001,91,4.47
171,64001,91,4.39
171,65535,91,4.47
171,1,101,4.41
171,2001,101,4.48
171,4001,101,4.43
171,6001,101,4.38
171,8001,101,4.35
171,10001,101,4.45
171,12001,101,4.33
171,14001,101,4.37
171,16001,101,4.42
171,18001,101,4.46
171,20001,101,4.23
171,22001,101,4.02
171,24001,101,4.14
171,26001,101,4.26
171,28001,101,4.41
171,30001,101,4.3
171,32001,101,4.42
171,34001,101,4.32
171,36001,101,4.39
171,38001,101,4.46
171,40001,101,4.44
171,42001,101,4.24
171,44001,101,4.19
171,46001,101,4.37
171,48001,101,4.36
171,50001,101,4.36
171,52001,101,4.48
171,54001,101,4.38
171,56001,101,4.23
171,58001,101,4.38
171,60001,101,4.36
171,62001,101,4.43
171,64001,101,4.45
171,65535,101,4.3
171,1,111,4.23
171,2001,111,4.23
171,4001,111,4.36
171,6001,111,4.35
171,8001,111,4.4
171,10001,111,4.41
171,12001,111,4.48
171,14001,111,4.36
171,16001,111,4.31
171,18001,111,4.31
171,20001,111,4.09
171,22001,111,4.07
171,24001,111,4.1
171,26001,111,4.22
171,28001,111,4.27
171,30001,111,4.29
171,32001,111,4.33
171,34001,111,4.37
171,36001,111,4.44
171,38001,111,4.28
171,40001,111,4.22
171,42001,111,4.15
171,44001,111,4.12
171,46001,111,3.97
171,48001,111,4.45
171,50001,111,4.41
171,52001,111,4.45
171,54001,111,4.31
171,56001,111,4.34
171,58001,111,4.47
171,60001,111,4.37
171,62001,111,4.4
171,64001,111,4.22
171,65535,111,4.29
171,1,121,4.1
171,2001,121,4.21
171,4001,121,4.38
171,6001,121,4.43
171,8001,121,4.43
171,10001,121,4.4
171,12001,121,4.44
171,14001,121,4.36
171,16001,121,4.41
171,18001,121,4.17
171,20001,121,4.03
171,22001,121,3.75
171,24001,121,3.95
171,26001,121,3.98
171,28001,121,4.15
171,30001,121,4.42
171,32001,121,4.42
171,34001,121,4.43
171,36001,121,4.37
171,38001,121,4.13
171,40001,121,4.13
171,42001,121,3.99
171,44001,121,3.91
171,46001,121,4.12
171,48001,121,4.22
171,50001,121,4.43
171,52001,121,4.44
171,54001,121,4.37
171,56001,121,4.4
171,58001,121,4.37
171,60001,121,4.42
171,62001,121,4.34
171,64001,121,4.29
171,65535,121,4.07
171,1,131,3.95
171,2001,131,4.02
171,4001,131,4.34
171,6001,131,4.42
171,8001,131,4.47
171,10001,131,4.51
171,12001,131,4.31
171,14001,131,4.39
171,16001,131,4.36
171,18001,131,4.04
171,20001,131,3.8
171,22001,131,3.62
171,24001,131,3.85
171,26001,131,3.89
171,28001,131,4.07
171,30001,131,4.31
171,32001,131,4.39
171,34001,131,4.4
171,36001,131,4.22
171,38001,131,4.02
171,40001,131,4.01
171,42001,131,3.85
171,44001,131,3.77
171,46001,131,3.92
171,48001,131,4.2
171,50001,131,4.25
171,52001,131,4.44
171,54001,131,4.46
171,56001,131,4.44
171,58001,131,4.43
171,60001,131,4.4
171,62001,131,4.29
171,64001,131,4.05
171,65535,131,4.02
171,1,141,3.89
171,2001,141,4.03
171,4001,141,4.16
171,6001,141,4.27
171,8001,141,4.36
171,10001,141,4.48
171,12001,141,4.38
171,14001,141,4.37
171,16001,141,4.23
171,18001,141,3.94
171,20001,141,3.73
171,22001,141,3.45
171,24001,141,3.72
171,26001,141,3.76
171,28001,141,3.88
171,30001,141,4.3
171,32001,141,4.38
171,34001,141,4.36
171,36001,141,4.16
171,38001,141,4.02
171,40001,141,3.94
171,42001,141,3.75
171,44001,141,3.52
171,46001,141,3.63
171,48001,141,4.05
171,50001,141,4.13
171,52001,141,4.49
171,54001,141,4.44
171,56001,141,4.34
171,58001,141,4.34
171,60001,141,4.32
171,62001,141,4.2
171,64001,141,4.04
171,65535,141,3.93
171,1,151,3.79
171,2001,151,3.87
171,4001,151,4.12
171,6001,151,4.12
171,8001,151,4.4
171,10001,151,4.37
171,12001,151,4.48
171,14001,151,4.39
171,16001,151,4.25
171,18001,151,3.91
171,20001,151,3.66
171,22001,151,3.42
171,24001,151,3.44
171,26001,151,3.55
171,28001,151,3.94
171,30001,151,4.09
171,32001,151,4.25
171,34001,151,4.31
171,36001,151,4.08
171,38001,151,3.92
171,40001,151,3.7
171,42001,151,3.56
171,44001,151,3.43
171,46001,151,3.66
171,48001,151,3.82
171,50001,151,4.2
171,52001,151,4.45
171,54001,151,4.41
171,56001,151,4.33
171,58001,151,4.4
171,60001,151,4.35
171,62001,151,4.24
171,64001,151,4.0
171,65535,151,3.84
171,1,161,3.75
171,2001,161,3.73
171,4001,161,4.03
171,6001,161,4.18
171,8001,161,4.36
171,10001,161,4.46
171,12001,161,4.45
171,14001,161,4.27
171,16001,161,3.97
171,18001,161,3.66
171,20001,161,3.52
171,22001,161,3.23
171,24001,161,3.35
171,26001,161,3.46
171,28001,161,3.75
171,30001,161,3.99
171,32001,161,4.1
171,34001,161,4.15
171,36001,161,3.9
171,38001,161,3.82
171,40001,161,3.6
171,42001,161,3.44
171,44001,161,3.27
171,46001,161,3.53
171,48001,161,3.71
171,50001,161,4.09
171,52001,161,4.23
171,54001,161,4.44
171,56001,161,4.41
171,58001,161,4.4
171,60001,161,4.15
171,62001,161,4.04
171,64001,161,3.83
171,65535,161,3.73
171,1,171,3.61
171,2001,171,3.76
171,4001,171,3.82
171,6001,171,4.07
171,8001,171,4.36
171,10001,171,4.35
171,12001,171,4.41
171,14001,171,4.21
171,16001,171,4.13
171,18001,171,3.75
171,20001,171,3.53
171,22001,171,3.16
171,24001,171,3.17
171,26001,171,3.43
171,28001,171,3.64
171,30001,171,3.75
171,32001,171,4.12
171,34001,171,4.15
171,36001,171,3.94
171,38001,171,3.81
171,40001,171,3.51
171,42001,171,3.3
171,44001,171,3.17
171,46001,171,3.41
171,48001,171,3.61
171,50001,171,4.13
171,52001,171,4.3
171,54001,171,4.39
171,56001,171,4.45
171,58001,171,4.3
171,60001,171,4.12
171,62001,171,3.94
171,64001,171,3.88
171,65535,171,3.64
171,1,181,3.6
171,2001,181,3.72
171,4001,181,3.86
171,6001,181,3.99
171,8001,181,4.14
171,10001,181,4.31
171,12001,181,4.44
171,14001,181,4.34
171,16001,181,3.91
171,18001,181,3.6
171,20001,181,3.38
171,22001,181,3.1
171,24001,181,3.1
171,26001,181,3.28
171,28001,181,3.57
171,30001,181,3.79
171,32001,181,4.06
171,34001,181,3.95
171,36001,181,3.93
171,38001,181,3.68
171,40001,181,3.44
171,42001,181,3.26
171,44001,181,3.19
171,46001,181,3.36
171,48001,181,3.39
171,50001,181,4.05
171,52001,181,4.08
171,54001,181,4.43
171,56001,181,4.38
171,58001,181,4.47
171,60001,181,4.09
171,62001,181,3.87
171,64001,181,3.75
171,65535,181,3.55
171,1,191,3.57
171,2001,191,3.56
171,4001,191,3.82
171,6001,191,4.02
171,8001,191,4.15
171,10001,191,4.43
171,12001,191,4.29
171,14001,191,4.14
171,16001,191,4.14
171,18001,191,3.39
171,20001,191,3.18
171,22001,191,2.94
171,24001,191,3.1
171,26001,191,3.14
171,28001,191,3.52
171,30001,191,3.73
171,32001,191,3.9
171,34001,191,3.91
171,36001,191,3.76
171,38001,191,3.48
171,40001,191,3.28
171,42001,191,3.17
171,44001,191,2.94
171,46001,191,3.26
171,48001,191,3.53
171,50001,191,3.84
171,52001,191,4.16
171,54001,191,4.27
171,56001,191,4.55
171,58001,191,4.19
171,60001,191,3.96
171,62001,191,3.79
171,64001,191,3.52
171,65535,191,3.61
171,1,201,3.45
171,2001,201,3.53
171,4001,201,3.64
171,6001,201,4.03
171,8001,201,4.18
171,10001,201,4.34
171,12001,201,4.39
171,14001,201,4.05
171,16001,201,3.7
171,18001,201,3.42
171,20001,201,3.07
171,22001,201,2.91
171,24001,201,2.95
171,26001,201,3.18
171,28001,201,3.13
171,30001,201,3.58
171,32001,201,3.71
171,34001,201,3.92
171,36001,201,3.74
171,38001,201,3.41
171,40001,201,3.27
171,42001,201,3.06
171,44001,201,2.99
171,46001,201,3.3
171,48001,201,3.22
171,50001,201,3.8
171,52001,201,4.02
171,54001,201,4.36
171,56001,201,4.42
171,58001,201,4.27
171,60001,201,3.98
171,62001,201,3.85
171,64001,201,3.67
171,65535,201,3.47
171,1,211,3.36
171,2001,211,3.51
171,4001,211,3.62
171,6001,211,3.76
171,8001,211,4.0
171,10001,211,4.32
171,12001,211,4.4
171,14001,211,4.18
171,16001,211,3.65
171,18001,211,3.54
171,20001,211,2.95
171,22001,211,2.93
171,24001,211,2.81
171,26001,211,2.87
171,28001,211,3.22
171,30001,211,3.33
171,32001,211,3.93
171,34001,211,3.88
171,36001,211,3.49
171,38001,211,3.3
171,40001,211,3.02
171,42001,211,2.93
171,44001,211,2.83
171,46001,211,2.84
171,48001,211,3.47
171,50001,211,3.45
171,52001,211,4.15
171,54001,211,4.27
171,56001,211,4.49
171,58001,211,4.27
171,60001,211,3.96
171,62001,211,3.74
171,64001,211,3.58
171,65535,211,3.35
171,1,221,3.37
171,2001,221,3.46
171,4001,221,3.62
171,6001,221,3.75
171,8001,221,3.91
171,10001,221,4.08
171,12001,221,4.29
171,14001,221,4.05
171,16001,221,3.57
171,18001,221,3.29
171,20001,221,3.01
171,22001,221,2.71
171,24001,221,2.67
171,26001,221,2.81
171,28001,221,3.14
171,30001,221,3.36
171,32001,221,3.73
171,34001,221,3.77
171,36001,221,3.44
171,38001,221,3.12
171,40001,221,2.92
171,42001,221,2.77
171,44001,221,2.72
171,46001,221,3.06
171,48001,221,3.16
171,50001,221,3.61
171,52001,221,3.86
171,54001,221,4.48
171,56001,221,4.34
171,58001,221,4.12
171,60001,221,3.96
171,62001,221,3.68
171,64001,221,3.53
171,65535,221,3.26
171,1,231,3.37
171,2001,231,3.2
171,4001,231,3.51
171,6001,231,3.57
171,8001,231,3.98
171,10001,231,4.24
171,12001,231,4.35
171,14001,231,4.08
171,16001,231,3.56
171,18001,231,3.32
171,20001,231,2.94
171,22001,231,2.62
171,24001,231,2.53
171,26001,231,2.8
171,28001,231,3.09
171,30001,231,3.26
171,32001,231,3.63
171,34001,231,3.71
171,36001,231,3.42
171,38001,231,3.11
171,40001,231,2.9
171,42001,231,2.81
171,44001,231,2.75
171,46001,231,2.74
171,48001,231,3.05
171,50001,231,3.57
171,52001,231,3.75
171,54001,231,4.4
171,56001,231,4.43
171,58001,231,4.04
171,60001,231,4.02
171,62001,231,3.55
171,64001,231,3.35
171,65535,231,3.17
171,1,241,3.28
171,2001,241,3.36
171,4001,241,3.41
171,6001,241,3.68
171,8001,241,3.92
171,10001,241,4.21
171,12001,241,4.29
171,14001,241,3.92
171,16001,241,3.42
171,18001,241,3.07
171,20001,241,2.81
171,22001,241,2.37
171,24001,241,2.56
171,26001,241,2.67
171,28001,241,2.92
171,30001,241,3.33
171,32001,241,3.48
171,34001,241,3.66
171,36001,241,3.43
171,38001,241,2.9
171,40001,241,2.87
171,42001,241,2.78
171,44001,241,2.6
171,46001,241,2.83
171,48001,241,2.94
171,50001,241,3.46
171,52001,241,3.68
171,54001,241,4.46
171,56001,241,4.41
171,58001,241,3.95
171,60001,241,3.97
171,62001,241,3.48
171,64001,241,3.55
171,65535,241,3.21
171,1,251,3.23
171,2001,251,3.26
171,4001,251,3.53
171,6001,251,3.75
171,8001,251,3.96
171,10001,251,4.2
171,12001,251,4.24
171,14001,251,3.83
171,16001,251,3.45
171,18001,251,3.1
171,20001,251,2.67
171,22001,251,2.37
171,24001,251,2.56
171,26001,251,2.5
171,28001,251,2.93
171,30001,251,2.9
171,32001,251,3.52
171,34001,251,3.54
171,36001,251,3.2
171,38001,251,3.06
171,40001,251,2.8
171,42001,251,2.72
171,44001,251,2.52
171,46001,251,2.59
171,48001,251,2.84
171,50001,251,3.34
171,52001,251,3.83
171,54001,251,4.31
171,56001,251,4.35
171,58001,251,4.06
171,60001,251,3.75
171,62001,251,3.61
171,64001,251,3.39
171,65535,251,3.31
171,1,254,3.19
171,2001,254,3.23
171,4001,254,3.5
171,6001,254,3.63
171,8001,254,3.96
171,10001,254,4.27
171,12001,254,4.26
171,14001,254,3.78
171,16001,254,3.46
171,18001,254,3.03
171,20001,254,2.63
171,22001,254,2.58
171,24001,254,2.53
171,26001,254,2.51
171,28001,254,2.82
171,30001,254,3.18
171,32001,254,3.61
171,34001,254,3.56
171,36001,254,3.24
171,38001,254,2.83
171,40001,254,2.97
171,42001,254,2.56
171,44001,254,2.5
171,46001,254,2.71
171,48001,254,3.16
171,50001,254,3.53
171,52001,254,3.95
171,54001,254,4.42
171,56001,254,4.36
171,58001,254,4.0
171,60001,254,3.66
171,62001,254,3.49
171,64001,254,3.3
171,65535,254,3.27
181,1,1,4.42
181,2001,1,4.37
181,4001,1,4.42
181,6001,1,4.37
181,8001,1,4.47
181,10001,1,4.39
181,12001,1,4.39
181,14001,1,4.36
181,16001,1,4.38
181,18001,1,4.44
181,20001,1,4.29
181,22001,1,4.35
181,24001,1,4.37
181,26001,1,4.47
181,28001,1,4.48
181,30001,1,4.41
181,32001,1,4.38
181,34001,1,4.49
181,36001,1,4.4
181,38001,1,4.41
181,40001,1,4.38
181,42001,1,4.55
181,44001,1,4.27
181,46001,1,4.48
181,48001,1,4.38
181,50001,1,4.52
181,52001,1,4.37
181,54001,1,4.37
181,56001,1,4.41
181,58001,1,4.38
181,60001,1,4.31
181,62001,1,4.39
181,64001,1,4.46
181,65535,1,4.52
181,1,11,4.44
181,2001,11,4.46
181,4001,11,4.37
181,6001,11,4.37
181,8001,11,4.38
181,10001,11,4.34
181,12001,11,4.33
181,14001,11,4.54
181,16001,11,4.44
181,18001,11,4.32
181,20001,11,4.39
181,22001,11,4.41
181,24001,11,4.39
181,26001,11,4.39
181,28001,11,4.38
181,30001,11,4.44
181,32001,11,4.43
181,34001,11,4.45
181,36001,11,4.54
181,38001,11,4.43
181,40001,11,4.38
181,42001,11,4.35
181,44001,11,4.39
181,46001,11,4.41
181,48001,11,4.45
181,50001,11,4.47
181,52001,11,4.48
181,54001,11,4.5
181,56001,11,4.35
181,58001,11,4.41
181,60001,11,4.35
181,62001,11,4.34
181,64001,11,4.46
181,65535,11,4.4
181,1,21,4.38
181,2001,21,4.36
181,4001,21,4.45
181,6001,21,4.49
181,8001,21,4.48
181,10001,21,4.48
181,12001,21,4.42
181,14001,21,4.47
181,16001,21,4.36
181,18001,21,4.32
181,20001,21,4.35
181,22001,21,4.39
181,24001,21,4.43
181,26001,21,4.33
181,28001,21,4.34
181,30001,21,4.35
181,32001,21,4.48
181,34001,21,4.4
181,36001,21,4.5
181,38001,21,4.38
181,40001,21,4.3
181,42001,21,4.45
181,44001,21,4.48
181,46001,21,4.46
181,48001,21,4.27
181,50001,21,4.43
181,52001,21,4.44
181,54001,21,4.4
181,56001,21,4.39
181,58001,21,4.31
181,60001,21,4.41
181,62001,21,4.39
181,64001,21,4.39
181,65535,21,4.43
181,1,31,4.38
181,2001,31,4.47
181,4001,31,4.46
181,6001,31,4.44
181,8001,31,4.36
181,10001,31,4.49
181,12001,31,4.41
181,14001,31,4.4
181,16001,31,4.29
181,18001,31,4.4
181,20001,31,4.51
181,22001,31,4.38
181,24001,31,4.46
181,26001,31,4.47
181,28001,31,4.41
181,30001,31,4.36
181,32001,31,4.43
181,34001,31,4.39
181,36001,31,4.44
181,38001,31,4.41
181,40001,31,4.49
181,42001,31,4.4
181,44001,31,4.37
181,46001,31,4.34
181,48001,31,4.43
181,50001,31,4.36
181,52001,31,4.43
181,54001,31,4.39
181,56001,31,4.44
181,58001,31,4.28
181,60001,31,4.43
181,62001,31,4.37
181,64001,31,4.52
181,65535,31,4.47
181,1,41,4.34
181,2001,41,4.32
181,4001,41,4.48
181,6001,41,4.49
181,8001,41,4.4
181,10001,41,4.43
181,12001,41,4.44
181,14001,41,4.35
181,16001,41,4.4
181,18001,41,4.46
181,20001,41,4.36
181,22001,41,4.37
181,24001,41,4.36
181,26001,41,4.42
181,28001,41,4.26
181,30001,41,4.38
181,32001,41,4.46
181,34001,41,4.32
181,36001,41,4.41
181,38001,41,4.37
181,40001,41,4.45
181,42001,41,4.45
181,44001,41,4.31
181,46001,41,4.41
181,48001,41,4.39
181,50001,41,4.42
181,52001,41,4.41
181,54001,41,4.39
181,56001,41,4.37
181,58001,41,4.36
181,60001,41,4.41
181,62001,41,4.41
181,64001,41,4.35
181,65535,41,4.27
181,1,51,4.37
181,2001,51,4.34
181,4001,51,4.41
181,6001,51,4.43
181,8001,51,4.38
181,10001,51,4.35
181,12001,51,4.41
181,14001,51,4.35
181,16001,51,4.4
181,18001,51,4.44
181,20001,51,4.38
181,22001,51,4.47
181,24001,51,4.55
181,26001,51,4.48
181,28001,51,4.29
181,30001,51,4.46
181,32001,51,4.46
181,34001,51,4.33
181,36001,51,4.49
181,38001,51,4.33
181,40001,51,4.34
181,42001,51,4.41
181,44001,51,4.37
181,46001,51,4.44
181,48001,51,4.38
181,50001,51,4.42
181,52001,51,4.44
181,54001,51,4.42
181,56001,51,4.44
181,58001,51,4.39
181,60001,51,4.35
181,62001,51,4.41
181,64001,51,4.35
181,65535,51,4.47
181,1,61,4.38
181,2001,61,4.45
181,4001,61,4.38
181,6001,61,4.39
181,8001,61,4.42
181,10001,61,4.35
181,12001,61,4.49
181,14001,61,4.35
181,16001,61,4.44
181,18001,61,4.32
181,20001,61,4.44
181,22001,61,4.36
181,24001,61,4.42
181,26001,61,4.41
181,28001,61,4.49
181,30001,61,4.36
181,32001,61,4.42
181,34001,61,4.31
181,36001,61,4.28
181,38001,61,4.36
181,40001,61,4.4
181,42001,61,4.4
181,44001,61,4.35
181,46001,61,4.51
181,48001,61,4.5
181,50001,61,4.34
181,52001,61,4.37
181,54001,61,4.44
181,56001,61,4.43
181,58001,61,4.47
181,60001,61,4.45
181,62001,61,4.32
181,64001,61,4.41
181,65535,61,4.36
181,1,71,4.33
181,2001,71,4.41
181,4001,71,4.47
181,6001,71,4.47
181,8001,71,4.36
181,10001,71,4.37
181,12001,71,4.42
181,14001,71,4.45
181,16001,71,4.44
181,18001,71,4.37
181,20001,71,4.37
181,22001,71,4.4
181,24001,71,4.54
181,26001,71,4.4
181,28001,71,4.38
181,30001,71,4.39
181,32001,71,4.38
181,34001,71,4.35
181,36001,71,4.3
181,38001,71,4.36
181,40001,71,4.38
181,42001,71,4.6
181,44001,71,4.39
181,46001,71,4.38
181,48001,71,4.42
181,50001,71,4.49
181,52001,71,4.53
181,54001,71,4.37
181,56001,71,4.48
181,58001,71,4.33
181,60001,71,4.44
181,62001,71,4.32
181,64001,71,4.41
181,65535,71,4.46
181,1,81,4.51
181,2001,81,4.41
181,4001,81,4.39
181,6001,81,4.44
181,8001,81,4.37
181,10001,81,4.48
181,12001,81,4.4
181,14001,81,4.46
181,16001,81,4.29
181,18001,81,4.38
181,20001,81,4.32
181,22001,81,4.39
181,24001,81,4.38
181,26001,81,4.37
181,28001,81,4.32
181,30001,81,4.41
181,32001,81,4.43
181,34001,81,4.36
181,36001,81,4.41
181,38001,81,4.4
181,40001,81,4.33
181,42001,81,4.35
181,44001,81,4.39
181,46001,81,4.35
181,48001,81,4.44
181,50001,81,4.41
181,52001,81,4.51
181,54001,81,4.38
181,56001,81,4.42
181,58001,81,4.41
181,60001,81,4.37
181,62001,81,4.51
181,64001,81,4.49
181,65535,81,4.42
181,1,91,4.4
181,2001,91,4.46
181,4001,91,4.47
181,6001,91,4.41
181,8001,91,4.35
181,10001,91,4.46
181,12001,91,4.34
181,14001,91,4.44
181,16001,91,4.41
181,18001,91,4.3
181,20001,91,4.41
181,22001,91,4.32
181,24001,91,4.42
181,26001,91,4.35
181,28001,91,4.4
181,30001,91,4.49
181,32001,91,4.38
181,34001,91,4.41
181,36001,91,4.44
181,38001,91,4.36
181,40001,91,4.35
181,42001,91,4.38
181,44001,91,4.41
181,46001,91,4.4
181,48001,91,4.46
181,50001,91,4.4
181,52001,91,4.24
181,54001,91,4.47
181,56001,91,4.4
181,58001,91,4.37
181,60001,91,4.38
181,62001,91,4.38
181,64001,91,4.35
181,65535,91,4.41
181,1,101,4.47
181,2001,101,4.38
181,4001,101,4.35
181,6001,101,4.54
181,8001,101,4.48
181,10001,101,4.53
181,12001,101,4.35
181,14001,101,4.39
181,16001,101,4.34
181,18001,101,4.39
181,20001,101,4.55
181,22001,101,4.26
181,24001,101,4.42
181,26001,101,4.42
181,28001,101,4.45
181,30001,101,4.43
181,32001,101,4.4
181,34001,101,4.41
181,36001,101,4.34
181,38001,101,4.45
181,40001,101,4.37
181,42001,101,4.48
181,44001,101,4.3
181,46001,101,4.42
181,48001,101,4.47
181,50001,101,4.47
181,52001,101,4.3
181,54001,101,4.4
181,56001,101,4.4
181,58001,101,4.55
181,60001,101,4.52
181,62001,101,4.39
181,64001,101,4.39
181,65535,101,4.48
181,1,111,4.48
181,2001,111,4.44
181,4001,111,4.48
181,6001,111,4.44
181,8001,111,4.34
181,10001,111,4.38
181,12001,111,4.39
181,14001,111,4.41
181,16001,111,4.42
181,18001,111,4.36
181,20001,111,4.32
181,22001,111,4.16
181,24001,111,4.29
181,26001,111,4.39
181,28001,111,4.42
181,30001,111,4.35
181,32001,111,4.4
181,34001,111,4.34
181,36001,111,4.35
181,38001,111,4.35
181,40001,111,4.39
181,42001,111,4.25
181,44001,111,4.36
181,46001,111,4.36
181,48001,111,4.5
181,50001,111,4.44
181,52001,111,4.38
181,54001,111,4.34
181,56001,111,4.46
181,58001,111,4.53
181,60001,111,4.48
181,62001,111,4.47
181,64001,111,4.54
181,65535,111,4.38
181,1,121,4.35
181,2001,121,4.41
181,4001,121,4.37
181,6001,121,4.45
181,8001,121,4.34
181,10001,121,4.38
181,12001,121,4.29
181,14001,121,4.36
181,16001,121,4.45
181,18001,121,4.44
181,20001,121,4.35
181,22001,121,3.95
181,24001,121,4.06
181,26001,121,4.2
181,28001,121,4.39
181,30001,121,4.41
181,32001,121,4.29
181,34001,121,4.46
181,36001,121,4.45
181,38001,121,4.41
181,40001,121,4.33
181,42001,121,4.18
181,44001,121,4.07
181,46001,121,4.28
181,48001,121,4.43
181,50001,121,4.49
181,52001,121,4.45
181,54001,121,4.39
181,56001,121,4.43
181,58001,121,4.49
181,60001,121,4.54
181,62001,121,4.41
181,64001,121,4.46
181,65535,121,4.3
181,1,131,4.21
181,2001,131,4.35
181,4001,131,4.43
181,6001,131,4.44
181,8001,131,4.38
181,10001,131,4.5
181,12001,131,4.28
181,14001,131,4.49
181,16001,131,4.34
181,18001,131,4.23
181,20001,131,4.08
181,22001,131,3.73
181,24001,131,3.94
181,26001,131,4.09
181,28001,131,4.34
181,30001,131,4.38
181,32001,131,4.32
181,34001,131,4.4
181,36001,131,4.44
181,38001,131,4.44
181,40001,131,4.2
181,42001,131,4.01
181,44001,131,4.0
181,46001,131,4.12
181,48001,131,4.41
181,50001,131,4.34
181,52001,131,4.42
181,54001,131,4.39
181,56001,131,4.4
181,58001,131,4.46
181,60001,131,4.33
181,62001,131,4.48
181,64001,131,4.32
181,65535,131,4.28
181,1,141,4.18
181,2001,141,4.27
181,4001,141,4.4
181,6001,141,4.38
181,8001,141,4.42
181,10001,141,4.41
181,12001,141,4.38
181,14001,141,4.4
181,16001,141,4.37
181,18001,141,4.18
181,20001,141,3.96
181,22001,141,3.79
181,24001,141,3.76
181,26001,141,4.02
181,28001,141,4.3
181,30001,141,4.36
181,32001,141,4.38
181,34001,141,4.46
181,36001,141,4.43
181,38001,141,4.25
181,40001,141,4.12
181,42001,141,4.12
181,44001,141,3.89
181,46001,141,4.04
181,48001,141,4.21
181,50001,141,4.32
181,52001,141,4.48
181,54001,141,4.48
181,56001,141,4.32
181,58001,141,4.42
181,60001,141,4.39
181,62001,141,4.4
181,64001,141,4.23
181,65535,141,4.07
181,1,151,4.07
181,2001,151,4.06
181,4001,151,4.19
181,6001,151,4.23
181,8001,151,4.37
181,10001,151,4.44
181,12001,151,4.48
181,14001,151,4.34
181,16001,151,4.35
181,18001,151,4.07
181,20001,151,3.81
181,22001,151,3.72
181,24001,151,3.66
181,26001,151,3.72
181,28001,151,4.01
181,30001,151,4.26
181,32001,151,4.4
181,34001,151,4.26
181,36001,151,4.33
181,38001,151,4.11
181,40001,151,4.02
181,42001,151,3.71
181,44001,151,3.64
181,46001,151,3.9
181,48001,151,3.94
181,50001,151,4.53
181,52001,151,4.4
181,54001,151,4.39
181,56001,151,4.38
181,58001,151,4.39
181,60001,151,4.38
181,62001,151,4.31
181,64001,151,4.03
181,65535,151,3.98
181,1,161,3.94
181,2001,161,3.99
181,4001,161,4.17
181,6001,161,4.32
181,8001,161,4.31
181,10001,161,4.43
181,12001,161,4.42
181,14001,161,4.4
181,16001,161,4.2
181,18001,161,3.99
181,20001,161,3.86
181,22001,161,3.47
181,24001,161,3.46
181,26001,161,3.66
181,28001,161,3.91
181,30001,161,4.2
181,32001,161,4.36
181,34001,161,4.36
181,36001,161,4.32
181,38001,161,4.04
181,40001,161,3.81
181,42001,161,3.67
181,44001,161,3.51
181,46001,161,3.76
181,48001,161,3.96
181,50001,161,4.33
181,52001,161,4.38
181,54001,161,4.5
181,56001,161,4.39
181,58001,161,4.4
181,60001,161,4.4
181,62001,161,4.19
181,64001,161,4.04
181,65535,161,3.88
181,1,171,3.78
181,2001,171,4.0
181,4001,171,4.08
181,6001,171,4.22
181,8001,171,4.43
181,10001,171,4.35
181,12001,171,4.37
181,14001,171,4.51
181,16001,171,4.1
181,18001,171,3.85
181,20001,171,3.56
181,22001,171,3.36
181,24001,171,3.46
181,26001,171,3.6
181,28001,171,3.83
181,30001,171,4.1
181,32001,171,4.29
181,34001,171,4.3
181,36001,171,4.15
181,38001,171,3.9
181,40001,171,3.68
181,42001,171,3.63
181,44001,171,3.42
181,46001,171,3.55
181,48001,171,3.9
181,50001,171,4.26
181,52001,171,4.42
181,54001,171,4.38
181,56001,171,4.48
181,58001,171,4.44
181,60001,171,4.22
181,62001,171,4.09
181,64001,171,3.86
181,65535,171,3.81
181,1,181,3.73
181,2001,181,3.98
181,4001,181,3.89
181,6001,181,4.26
181,8001,181,4.42
181,10001,181,4.39
181,12001,181,4.41
181,14001,181,4.51
181,16001,181,3.99
181,18001,181,3.8
181,20001,181,3.63
181,22001,181,3.25
181,24001,181,3.04
181,26001,181,3.31
181,28001,181,3.57
181,30001,181,3.56
181,32001,181,4.14
181,34001,181,4.23
181,36001,181,4.1
181,38001,181,3.84
181,40001,181,3.71
181,42001,181,3.45
181,44001,181,3.27
181,46001,181,3.56
181,48001,181,3.78
181,50001,181,4.14
181,52001,181,4.39
181,54001,181,4.39
181,56001,181,4.41
181,58001,181,4.4
181,60001,181,4.26
181,62001,181,4.16
181,64001,181,3.89
181,65535,181,3.86
181,1,191,3.74
181,2001,191,3.7
181,4001,191,3.84
181,6001,191,4.29
181,8001,191,4.45
181,10001,191,4.45
181,12001,191,4.36
181,14001,191,4.46
181,16001,191,4.05
181,18001,191,3.72
181,20001,191,3.57
181,22001,191,3.12
181,24001,191,3.2
181,26001,191,3.36
181,28001,191,3.61
181,30001,191,3.89
181,32001,191,4.11
181,34001,191,4.15
181,36001,191,3.94
181,38001,191,3.64
181,40001,191,3.54
181,42001,191,3.2
181,44001,191,3.19
181,46001,191,3.3
181,48001,191,3.69
181,50001,191,4.03
181,52001,191,4.36
181,54001,191,4.42
181,56001,191,4.43
181,58001,191,4.39
181,60001,191,4.4
181,62001,191,3.89
181,64001,191,3.8
181,65535,191,3.77
181,1,201,3.49
181,2001,201,3.78
181,4001,201,3.93
181,6001,201,4.02
181,8001,201,4.33
181,10001,201,4.45
181,12001,201,4.38
181,14001,201,4.33
181,16001,201,3.78
181,18001,201,3.84
181,20001,201,3.21
181,22001,201,3.16
181,24001,201,3.0
181,26001,201,3.35
181,28001,201,3.43
181,30001,201,3.88
181,32001,201,4.03
181,34001,201,4.09
181,36001,201,3.98
181,38001,201,3.5
181,40001,201,3.54
181,42001,201,3.15
181,44001,201,3.08
181,46001,201,3.43
181,48001,201,3.53
181,50001,201,3.98
181,52001,201,4.08
181,54001,201,4.42
181,56001,201,4.37
181,58001,201,4.39
181,60001,201,4.35
181,62001,201,3.75
181,64001,201,3.76
181,65535,201,3.59
181,1,211,3.51
181,2001,211,3.68
181,4001,211,3.73
181,6001,211,3.97
181,8001,211,4.17
181,10001,211,4.49
181,12001,211,4.46
181,14001,211,4.25
181,16001,211,3.97
181,18001,211,3.56
181,20001,211,3.24
181,22001,211,2.8
181,24001,211,2.86
181,26001,211,3.14
181,28001,211,3.33
181,30001,211,3.58
181,32001,211,3.94
181,34001,211,4.0
181,36001,211,3.83
181,38001,211,3.61
181,40001,211,3.22
181,42001,211,3.17
181,44001,211,2.96
181,46001,211,3.08
181,48001,211,3.4
181,50001,211,4.03
181,52001,211,4.17
181,54001,211,4.43
181,56001,211,4.4
181,58001,211,4.34
181,60001,211,4.18
181,62001,211,3.79
181,64001,211,3.81
181,65535,211,3.53
181,1,221,3.53
181,2001,221,3.66
181,4001,221,3.79
181,6001,221,3.98
181,8001,221,4.21
181,10001,221,4.33
181,12001,221,4.36
181,14001,221,4.1
181,16001,221,3.72
181,18001,221,3.69
181,20001,221,2.98
181,22001,221,2.85
181,24001,221,2.93
181,26001,221,3.0
181,28001,221,3.26
181,30001,221,3.47
181,32001,221,3.93
181,34001,221,3.99
181,36001,221,3.68
181,38001,221,3.57
181,40001,221,3.1
181,42001,221,3.13
181,44001,221,2.86
181,46001,221,3.03
181,48001,221,3.54
181,50001,221,3.57
181,52001,221,4.35
181,54001,221,4.41
181,56001,221,4.37
181,58001,221,4.31
181,60001,221,4.01
181,62001,221,3.9
181,64001,221,3.59
181,65535,221,3.54
181,1,231,3.41
181,2001,231,3.5
181,4001,231,3.51
181,6001,231,3.93
181,8001,231,4.03
181,10001,231,4.42
181,12001,231,4.41
181,14001,231,4.06
181,16001,231,3.78
181,18001,231,3.52
181,20001,231,3.12
181,22001,231,2.78
181,24001,231,2.71
181,26001,231,2.93
181,28001,231,3.11
181,30001,231,3.56
181,32001,231,3.89
181,34001,231,3.82
181,36001,231,3.61
181,38001,231,3.17
181,40001,231,3.01
181,42001,231,2.86
181,44001,231,2.82
181,46001,231,3.08
181,48001,231,3.28
181,50001,231,3.8
181,52001,231,4.29
181,54001,231,4.34
181,56001,231,4.42
181,58001,231,4.25
181,60001,231,3.97
181,62001,231,3.67
181,64001,231,3.61
181,65535,231,3.44
181,1,241,3.39
181,2001,241,3.44
181,4001,241,3.61
181,6001,241,3.95
181,8001,241,4.35
181,10001,241,4.33
181,12001,241,4.55
181,14001,241,4.06
181,16001,241,3.69
181,18001,241,3.27
181,20001,241,2.82
181,22001,241,2.82
181,24001,241,2.71
181,26001,241,2.75
181,28001,241,3.14
181,30001,241,3.18
181,32001,241,3.89
181,34001,241,3.85
181,36001,241,3.54
181,38001,241,3.41
181,40001,241,3.03
181,42001,241,3.03
181,44001,241,2.69
181,46001,241,2.99
181,48001,241,3.53
181,50001,241,3.49
181,52001,241,4.16
181,54001,241,4.3
181,56001,241,4.43
181,58001,241,4.39
181,60001,241,3.9
181,62001,241,3.9
181,64001,241,3.53
181,65535,241,3.49
181,1,251,3.46
181,2001,251,3.44
181,4001,251,3.64
181,6001,251,3.81
181,8001,251,4.18
181,10001,251,4.43
181,12001,251,4.43
181,14001,251,4.05
181,16001,251,3.56
181,18001,251,3.18
181,20001,251,2.85
181,22001,251,2.5
181,24001,251,2.61
181,26001,251,2.8
181,28001,251,2.85
181,30001,251,3.46
181,32001,251,3.52
181,34001,251,3.83
181,36001,251,3.67
181,38001,251,3.09
181,40001,251,3.15
181,42001,251,2.75
181,44001,251,2.71
181,46001,251,2.73
181,48001,251,3.05
181,50001,251,3.57
181,52001,251,4.07
181,54001,251,4.29
181,56001,251,4.41
181,58001,251,4.32
181,60001,251,4.1
181,62001,251,3.76
181,64001,251,3.58
181,65535,251,3.36
181,1,254,3.34
181,2001,254,3.5
181,4001,254,3.53
181,6001,254,3.74
181,8001,254,4.03
181,10001,254,4.36
181,12001,254,4.54
181,14001,254,4.12
181,16001,254,3.64
181,18001,254,3.18
181,20001,254,2.84
181,22001,254,2.65
181,24001,254,2.64
181,26001,254,2.9
181,28001,254,2.8
181,30001,254,3.37
181,32001,254,3.43
181,34001,254,3.83
181,36001,254,3.65
181,38001,254,3.03
181,40001,254,3.05
181,42001,254,2.73
181,44001,254,2.71
181,46001,254,2.92
181,48001,254,2.96
181,50001,254,3.58
181,52001,254,4.07
181,54001,254,4.43
181,56001,254,4.46
181,58001,254,4.29
181,60001,254,3.93
181,62001,254,3.7
181,64001,254,3.43
181,65535,254,3.34
191,1,1,4.49
191,2001,1,4.42
191,4001,1,4.53
191,6001,1,4.45
191,8001,1,4.39
191,10001,1,4.48
191,12001,1,4.45
191,14001,1,4.45
191,16001,1,4.43
191,18001,1,4.44
191,20001,1,4.5
191,22001,1,4.43
191,24001,1,4.52
191,26001,1,4.51
191,28001,1,4.41
191,30001,1,4.5
191,32001,1,4.48
191,34001,1,4.4
191,36001,1,4.36
191,38001,1,4.49
191,40001,1,4.42
191,42001,1,4.47
191,44001,1,4.44
191,46001,1,4.43
191,48001,1,4.45
191,50001,1,4.39
191,52001,1,4.44
191,54001,1,4.38
191,56001,1,4.5
191,58001,1,4.47
191,60001,1,4.37
191,62001,1,4.41
191,64001,1,4.37
191,65535,1,4.51
191,1,11,4.51
191,2001,11,4.49
191,4001,11,4.46
191,6001,11,4.44
191,8001,11,4.39
191,10001,11,4.47
191,12001,11,4.48
191,14001,11,4.5
191,16001,11,4.47
191,18001,11,4.49
191,20001,11,4.42
191,22001,11,4.37
191,24001,11,4.32
191,26001,11,4.35
191,28001,11,4.47
191,30001,11,4.4
191,32001,11,4.36
191,34001,11,4.35
191,36001,11,4.54
191,38001,11,4.46
191,40001,11,4.47
191,42001,11,4.41
191,44001,11,4.47
191,46001,11,4.44
191,48001,11,4.39
191,50001,11,4.44
191,52001,11,4.51
191,54001,11,4.41
191,56001,11,4.51
191,58001,11,4.41
191,60001,11,4.37
191,62001,11,4.43
191,64001,11,4.41
191,65535,11,4.52
191,1,21,4.46
191,2001,21,4.42
191,4001,21,4.48
191,6001,21,4.48
191,8001,21,4.48
191,10001,21,4.5
191,12001,21,4.48
191,14001,21,4.5
191,16001,21,4.4
191,18001,21,4.43
191,20001,21,4.51
191,22001,21,4.38
191,24001,21,4.42
191,26001,21,4.43
191,28001,21,4.37
191,30001,21,4.37
191,32001,21,4.55
191,34001,21,4.39
191,36001,21,4.34
191,38001,21,4.36
191,40001,21,4.42
191,42001,21,4.45
191,44001,21,4.46
191,46001,21,4.53
191,48001,21,4.51
191,50001,21,4.45
191,52001,21,4.4
191,54001,21,4.44
191,56001,21,4.35
191,58001,21,4.43
191,60001,21,4.46
191,62001,21,4.47
191,64001,21,4.46
191,65535,21,4.44
191,1,31,4.49
191,2001,31,4.57
191,4001,31,4.55
191,6001,31,4.3
191,8001,31,4.49
191,10001,31,4.51
191,12001,31,4.41
191,14001,31,4.43
191,16001,31,4.43
191,18001,31,4.47
191,20001,31,4.39
191,22001,31,4.44
191,24001,31,4.51
191,26001,31,4.47
191,28001,31,4.56
191,30001,31,4.45
191,32001,31,4.4
191,34001,31,4.3
191,36001,31,4.5
191,38001,31,4.44
191,40001,31,4.34
191,42001,31,4.44
191,44001,31,4.44
191,46001,31,4.31
191,48001,31,4.4
191,50001,31,4.39
191,52001,31,4.43
191,54001,31,4.32
191,56001,31,4.43
191,58001,31,4.45
191,60001,31,4.43
191,62001,31,4.4
191,64001,31,4.32
191,65535,31,4.35
191,1,41,4.44
191,2001,41,4.49
191,4001,41,4.43
191,6001,41,4.36
191,8001,41,4.46
191,10001,41,4.41
191,12001,41,4.55
191,14001,41,4.5
191,16001,41,4.41
191,18001,41,4.39
191,20001,41,4.43
191,22001,41,4.48
191,24001,41,4.45
191,26001,41,4.46
191,28001,41,4.32
191,30001,41,4.4
191,32001,41,4.45
191,34001,41,4.41
191,36001,41,4.38
191,38001,41,4.44
191,40001,41,4.39
191,42001,41,4.36
191,44001,41,4.44
191,46001,41,4.44
191,48001,41,4.42
191,50001,41,4.48
191,52001,41,4.44
191,54001,41,4.46
191,56001,41,4.51
191,58001,41,4.41
191,60001,41,4.39
191,62001,41,4.49
191,64001,41,4.44
191,65535,41,4.42
191,1,51,4.41
191,2001,51,4.59
191,4001,51,4.34
191,6001,51,4.49
191,8001,51,4.33
191,10001,51,4.48
191,12001,51,4.35
191,14001,51,4.47
191,16001,51,4.39
191,18001,51,4.43
191,20001,51,4.4
191,22001,51,4.45
191,24001,51,4.46
191,26001,51,4.42
191,28001,51,4.55
191,30001,51,4.4
191,32001,51,4.42
191,34001,51,4.46
191,36001,51,4.45
191,38001,51,4.39
191,40001,51,4.44
191,42001,51,4.38
191,44001,51,4.4
191,46001,51,4.37
191,48001,51,4.41
191,50001,51,4.45
191,52001,51,4.53
191,54001,51,4.49
191,56001,51,4.44
191,58001,51,4.47
191,60001,51,4.48
191,62001,51,4.41
191,64001,51,4.4
191,65535,51,4.44
191,1,61,4.54
191,2001,61,4.45
191,4001,61,4.52
191,6001,61,4.39
191,8001,61,4.45
191,10001,61,4.4
191,12001,61,4.39
191,14001,61,4.45
191,16001,61,4.54
191,18001,61,4.37
191,20001,61,4.43
191,22001,61,4.52
191,24001,61,4.41
191,26001,61,4.47
191,28001,61,4.42
191,30001,61,4.37
191,32001,61,4.39
191,34001,61,4.42
191,36001,61,4.31
191,38001,61,4.44
191,40001,61,4.44
191,42001,61,4.41
191,44001,61,4.41
191,46001,61,4.36
191,48001,61,4.46
191,50001,61,4.41
191,52001,61,4.48
191,54001,61,4.39
191,56001,61,4.53
191,58001,61,4.36
191,60001,61,4.4
191,62001,61,4.43
191,64001,61,4.36
191,65535,61,4.41
191,1,71,4.47
191,2001,71,4.54
191,4001,71,4.41
191,6001,71,4.33
191,8001,71,4.5
191,10001,71,4.36
191,12001,71,4.45
191,14001,71,4.41
191,16001,71,4.5
191,18001,71,4.37
191,20001,71,4.42
191,22001,71,4.4
191,24001,71,4.42
191,26001,71,4.35
191,28001,71,4.38
191,30001,71,4.44
191,32001,71,4.41
191,34001,71,4.5
191,36001,71,4.48
191,38001,71,4.47
191,40001,71,4.42
191,42001,71,4.45
191,44001,71,4.44
191,46001,71,4.43
191,48001,71,4.32
191,50001,71,4.46
191,52001,71,4.49
191,54001,71,4.39
191,56001,71,4.39
191,58001,71,4.4
191,60001,71,4.44
191,62001,71,4.4
191,64001,71,4.51
191,65535,71,4.46
191,1,81,4.45
191,2001,81,4.56
191,4001,81,4.4
191,6001,81,4.44
191,8001,81,4.46
191,10001,81,4.46
191,12001,81,4.48
191,14001,81,4.3
191,16001,81,4.43
191,18001,81,4.42
191,20001,81,4.39
191,22001,81,4.48
191,24001,81,4.45
191,26001,81,4.41
191,28001,81,4.32
191,30001,81,4.4
191,32001,81,4.38
191,34001,81,4.5
191,36001,81,4.47
191,38001,81,4.47
191,40001,81,4.38
191,42001,81,4.43
191,44001,81,4.52
191,46001,81,4.39
191,48001,81,4.43
191,50001,81,4.45
191,52001,81,4.43
191,54001,81,4.42
191,56001,81,4.4
191,58001,81,4.53
191,60001,81,4.45
191,62001,81,4.39
191,64001,81,4.32
191,65535,81,4.4
191,1,91,4.33
191,2001,91,4.42
191,4001,91,4.43
191,6001,91,4.43
191,8001,91,4.46
191,10001,91,4.41
191,12001,91,4.44
191,14001,91,4.36
191,16001,91,4.42
191,18001,91,4.42
191,20001,91,4.32
191,22001,91,4.42
191,24001,91,4.39
191,26001,91,4.44
191,28001,91,4.51
191,30001,91,4.45
191,32001,91,4.42
191,34001,91,4.45
191,36001,91,4.44
191,38001,91,4.54
191,40001,91,4.44
191,42001,91,4.39
191,44001,91,4.47
191,46001,91,4.39
191,48001,91,4.4
191,50001,91,4.38
191,52001,91,4.52
191,54001,91,4.48
191,56001,91,4.3
191,58001,91,4.38
191,60001,91,4.33
191,62001,91,4.47
191,64001,91,4.36
191,65535,91,4.43
191,1,101,4.42
191,2001,101,4.42
191,4001,101,4.43
191,6001,101,4.47
191,8001,101,4.35
191,10001,101,4.3
191,12001,101,4.36
191,14001,101,4.48
191,16001,101,4.43
191,18001,101,4.51
191,20001,101,4.46
191,22001,101,4.5
191,24001,101,4.41
191,26001,101,4.43
191,28001,101,4.4
191,30001,101,4.38
191,32001,101,4.29
191,34001,101,4.45
191,36001,101,4.48
191,38001,101,4.48
191,40001,101,4.5
191,42001,101,4.37
191,44001,101,4.45
191,46001,101,4.42
191,48001,101,4.52
191,50001,101,4.47
191,52001,101,4.37
191,54001,101,4.4
191,56001,101,4.43
191,58001,101,4.42
191,60001,101,4.5
191,62001,101,4.38
191,64001,101,4.39
191,65535,101,4.42
191,1,111,4.41
191,2001,111,4.45
191,4001,111,4.49
191,6001,111,4.47
191,8001,111,4.38
191,10001,111,4.51
191,12001,111,4.42
191,14001,111,4.42
191,16001,111,4.34
191,18001,111,4.48
191,20001,111,4.45
191,22001,111,4.39
191,24001,111,4.55
191,26001,111,4.16
191,28001,111,4.52
191,30001,111,4.47
191,32001,111,4.53
191,34001,111,4.35
191,36001,111,4.4
191,38001,111,4.37
191,40001,111,4.51
191,42001,111,4.45
191,44001,111,4.42
191,46001,111,4.42
191,48001,111,4.48
191,50001,111,4.36
191,52001,111,4.42
191,54001,111,4.39
191,56001,111,4.45
191,58001,111,4.4
191,60001,111,4.38
191,62001,111,4.53
191,64001,111,4.43
191,65535,111,4.34
191,1,121,4.43
191,2001,121,4.42
191,4001,121,4.41
191,6001,121,4.45
191,8001,121,4.41
191,10001,121,4.37
191,12001,121,4.4
191,14001,121,4.37
191,16001,121,4.32
191,18001,121,4.46
191,20001,121,4.34
191,22001,121,4.41
191,24001,121,4.48
191,26001,121,4.32
191,28001,121,4.36
191,30001,121,4.42
191,32001,121,4.45
191,34001,121,4.47
191,36001,121,4.33
191,38001,121,4.36
191,40001,121,4.44
191,42001,121,4.45
191,44001,121,4.37
191,46001,121,4.46
191,48001,121,4.46
191,50001,121,4.4
191,52001,121,4.41
191,54001,121,4.47
191,56001,121,4.45
191,58001,121,4.52
191,60001,121,4.47
191,62001,121,4.33
191,64001,121,4.39
191,65535,121,4.31
191,1,131,4.41
191,2001,131,4.43
191,4001,131,4.41
191,6001,131,4.5
191,8001,131,4.35
191,10001,131,4.4
191,12001,131,4.46
191,14001,131,4.34
191,16001,131,4.42
191,18001,131,4.47
191,20001,131,4.34
191,22001,131,4.06
191,24001,131,4.2
191,26001,131,4.32
191,28001,131,4.44
191,30001,131,4.34
191,32001,131,4.4
191,34001,131,4.42
191,36001,131,4.44
191,38001,131,4.45
191,40001,131,4.5
191,42001,131,4.24
191,44001,131,4.12
191,46001,131,4.35
191,48001,131,4.35
191,50001,131,4.35
191,52001,131,4.4
191,54001,131,4.38
191,56001,131,4.44
191,58001,131,4.39
191,60001,131,4.47
191,62001,131,4.53
191,64001,131,4.36
191,65535,131,4.4
191,1,141,4.37
191,2001,141,4.44
191,4001,141,4.42
191,6001,141,4.4
191,8001,141,4.45
191,10001,141,4.49
191,12001,141,4.42
191,14001,141,4.4
191,16001,141,4.45
191,18001,141,4.38
191,20001,141,4.16
191,22001,141,4.0
191,24001,141,4.01
191,26001,141,4.19
191,28001,141,4.41
191,30001,141,4.34
191,32001,141,4.31
191,34001,141,4.29
191,36001,141,4.48
191,38001,141,4.38
191,40001,141,4.38
191,42001,141,4.08
191,44001,141,4.01
191,46001,141,4.24
191,48001,141,4.4
191,50001,141,4.39
191,52001,141,4.42
191,54001,141,4.44
191,56001,141,4.48
191,58001,141,4.46
191,60001,141,4.41
191,62001,141,4.4
191,64001,141,4.49
191,65535,141,4.25
191,1,151,4.16
191,2001,151,4.33
191,4001,151,4.51
191,6001,151,4.44
191,8001,151,4.44
191,10001,151,4.45
191,12001,151,4.42
191,14001,151,4.33
191,16001,151,4.48
191,18001,151,4.22
191,20001,151,4.1
191,22001,151,3.71
191,24001,151,3.88
191,26001,151,4.08
191,28001,151,4.14
191,30001,151,4.51
191,32001,151,4.41
191,34001,151,4.46
191,36001,151,4.36
191,38001,151,4.16
191,40001,151,4.16
191,42001,151,3.95
191,44001,151,3.92
191,46001,151,4.06
191,48001,151,4.31
191,50001,151,4.47
191,52001,151,4.37
191,54001,151,4.44
191,56001,151,4.47
191,58001,151,4.4
191,60001,151,4.36
191,62001,151,4.43
191,64001,151,4.3
191,65535,151,4.35
191,1,161,4.09
191,2001,161,4.22
191,4001,161,4.33
191,6001,161,4.5
191,8001,161,4.37
191,10001,161,4.41
191,12001,161,4.43
191,14001,161,4.42
191,16001,161,4.37
191,18001,161,4.25
191,20001,161,3.92
191,22001,161,3.64
191,24001,161,3.75
191,26001,161,3.93
191,28001,161,4.07
191,30001,161,4.44
191,32001,161,4.46
191,34001,161,4.47
191,36001,161,4.26
191,38001,161,4.37
191,40001,161,4.06
191,42001,161,3.93
191,44001,161,3.74
191,46001,161,3.87
191,48001,161,4.22
191,50001,161,4.43
191,52001,161,4.4
191,54001,161,4.47
191,56001,161,4.4
191,58001,161,4.41
191,60001,161,4.54
191,62001,161,4.44
191,64001,161,4.18
191,65535,161,4.15
191,1,171,3.95
191,2001,171,4.2
191,4001,171,4.27
191,6001,171,4.4
191,8001,171,4.33
191,10001,171,4.41
191,12001,171,4.48
191,14001,171,4.46
191,16001,171,4.32
191,18001,171,4.13
191,20001,171,3.89
191,22001,171,3.41
191,24001,171,3.55
191,26001,171,3.83
191,28001,171,3.92
191,30001,171,4.29
191,32001,171,4.4
191,34001,171,4.39
191,36001,171,4.41
191,38001,171,4.11
191,40001,171,3.98
191,42001,171,3.69
191,44001,171,3.56
191,46001,171,3.83
191,48001,171,4.1
191,50001,171,4.32
191,52001,171,4.35
191,54001,171,4.49
191,56001,171,4.5
191,58001,171,4.47
191,60001,171,4.35
191,62001,171,4.39
191,64001,171,4.11
191,65535,171,4.15
191,1,181,3.93
191,2001,181,3.93
191,4001,181,4.22
191,6001,181,4.28
191,8001,181,4.38
191,10001,181,4.48
191,12001,181,4.47
191,14001,181,4.41
191,16001,181,4.32
191,18001,181,4.08
191,20001,181,3.83
191,22001,181,3.33
191,24001,181,3.45
191,26001,181,3.45
191,28001,181,3.94
191,30001,181,4.03
191,32001,181,4.43
191,34001,181,4.38
191,36001,181,4.37
191,38001,181,4.1
191,40001,181,3.81
191,42001,181,3.56
191,44001,181,3.49
191,46001,181,3.68
191,48001,181,3.98
191,50001,181,4.26
191,52001,181,4.39
191,54001,181,4.44
191,56001,181,4.32
191,58001,181,4.38
191,60001,181,4.38
191,62001,181,4.3
191,64001,181,4.15
191,65535,181,3.88
191,1,191,3.89
191,2001,191,3.91
191,4001,191,4.21
191,6001,191,4.48
191,8001,191,4.39
191,10001,191,4.48
191,12001,191,4.44
191,14001,191,4.4
191,16001,191,4.32
191,18001,191,3.85
191,20001,191,3.54
191,22001,191,3.38
191,24001,191,3.34
191,26001,191,3.53
191,28001,191,3.76
191,30001,191,4.12
191,32001,191,4.38
191,34001,191,4.43
191,36001,191,4.22
191,38001,191,4.04
191,40001,191,3.72
191,42001,191,3.51
191,44001,191,3.33
191,46001,191,3.48
191,48001,191,3.88
191,50001,191,4.21
191,52001,191,4.4
191,54001,191,4.38
191,56001,191,4.42
191,58001,191,4.48
191,60001,191,4.4
191,62001,191,4.26
191,64001,191,4.11
191,65535,191,3.83
191,1,201,3.81
191,2001,201,3.9
191,4001,201,4.12
191,6001,201,4.42
191,8001,201,4.42
191,10001,201,4.43
191,12001,201,4.43
191,14001,201,4.47
191,16001,201,4.16
191,18001,201,3.99
191,20001,201,3.48
191,22001,201,3.36
191,24001,201,3.15
191,26001,201,3.4
191,28001,201,3.62
191,30001,201,3.95
191,32001,201,4.23
191,34001,201,4.36
191,36001,201,4.22
191,38001,201,3.98
191,40001,201,3.68
191,42001,201,3.48
191,44001,201,3.31
191,46001,201,3.36
191,48001,201,3.9
191,50001,201,3.99
191,52001,201,4.48
191,54001,201,4.48
191,56001,201,4.53
191,58001,201,4.36
191,60001,201,4.34
191,62001,201,4.23
191,64001,201,3.83
191,65535,201,3.74
191,1,211,3.7
191,2001,211,3.85
191,4001,211,4.0
191,6001,211,4.27
191,8001,211,4.48
191,10001,211,4.43
191,12001,211,4.3
191,14001,211,4.6
191,16001,211,4.13
191,18001,211,3.78
191,20001,211,3.35
191,22001,211,3.1
191,24001,211,3.12
191,26001,211,3.31
191,28001,211,3.58
191,30001,211,3.82
191,32001,211,4.18
191,34001,211,4.29
191,36001,211,4.05
191,38001,211,3.64
191,40001,211,3.62
191,42001,211,3.26
191,44001,211,3.07
191,46001,211,3.48
191,48001,211,3.52
191,50001,211,4.19
191,52001,211,4.45
191,54001,211,4.52
191,56001,211,4.47
191,58001,211,4.48
191,60001,211,4.41
191,62001,211,4.05
191,64001,211,3.98
191,65535,211,3.58
191,1,221,3.7
191,2001,221,3.79
191,4001,221,3.96
191,6001,221,4.23
191,8001,221,4.45
191,10001,221,4.39
191,12001,221,4.38
191,14001,221,4.52
191,16001,221,3.98
191,18001,221,3.91
191,20001,221,3.2
191,22001,221,3.21
191,24001,221,2.99
191,26001,221,3.05
191,28001,221,3.52
191,30001,221,3.41
191,32001,221,4.21
191,34001,221,4.19
191,36001,221,3.95
191,38001,221,3.69
191,40001,221,3.33
191,42001,221,3.24
191,44001,221,3.09
191,46001,221,3.1
191,48001,221,3.54
191,50001,221,3.85
191,52001,221,4.41
191,54001,221,4.36
191,56001,221,4.52
191,58001,221,4.42
191,60001,221,4.28
191,62001,221,3.91
191,64001,221,3.74
191,65535,221,3.65
191,1,231,3.65
191,2001,231,3.71
191,4001,231,3.84
191,6001,231,4.03
191,8001,231,4.47
191,10001,231,4.51
191,12001,231,4.43
191,14001,231,4.48
191,16001,231,3.97
191,18001,231,3.62
191,20001,231,3.23
191,22001,231,2.8
191,24001,231,2.87
191,26001,231,3.16
191,28001,231,3.33
191,30001,231,3.65
191,32001,231,3.93
191,34001,231,4.09
191,36001,231,3.81
191,38001,231,3.46
191,40001,231,3.29
191,42001,231,3.01
191,44001,231,2.89
191,46001,231,3.13
191,48001,231,3.59
191,50001,231,4.09
191,52001,231,4.45
191,54001,231,4.46
191,56001,231,4.46
191,58001,231,4.45
191,60001,231,4.24
191,62001,231,3.86
191,64001,231,3.87
191,65535,231,3.57
191,1,241,3.51
191,2001,241,3.6
191,4001,241,3.74
191,6001,241,3.98
191,8001,241,4.31
191,10001,241,4.36
191,12001,241,4.48
191,14001,241,4.22
191,16001,241,3.91
191,18001,241,3.53
191,20001,241,3.11
191,22001,241,2.81
191,24001,241,2.81
191,26001,241,3.01
191,28001,241,3.33
191,30001,241,3.63
191,32001,241,4.09
191,34001,241,4.1
191,36001,241,3.65
191,38001,241,3.46
191,40001,241,3.05
191,42001,241,3.0
191,44001,241,2.87
191,46001,241,3.04
191,48001,241,3.46
191,50001,241,3.92
191,52001,241,4.37
191,54001,241,4.44
191,56001,241,4.45
191,58001,241,4.32
191,60001,241,4.14
191,62001,241,3.9
191,64001,241,3.67
191,65535,241,3.59
191,1,251,3.61
191,2001,251,3.59
191,4001,251,3.79
191,6001,251,4.03
191,8001,251,4.37
191,10001,251,4.45
191,12001,251,4.52
191,14001,251,4.32
191,16001,251,3.66
191,18001,251,3.35
191,20001,251,3.11
191,22001,251,2.75
191,24001,251,2.53
191,26001,251,2.79
191,28001,251,3.01
191,30001,251,3.71
191,32001,251,3.7
191,34001,251,4.06
191,36001,251,3.79
191,38001,251,3.46
191,40001,251,3.08
191,42001,251,2.75
191,44001,251,2.74
191,46001,251,3.04
191,48001,251,3.39
191,50001,251,4.0
191,52001,251,4.34
191,54001,251,4.34
191,56001,251,4.42
191,58001,251,4.48
191,60001,251,4.17
191,62001,251,3.82
191,64001,251,3.61
191,65535,251,3.49
191,1,254,3.48
191,2001,254,3.58
191,4001,254,3.82
191,6001,254,4.07
191,8001,254,4.26
191,10001,254,4.45
191,12001,254,4.32
191,14001,254,4.32
191,16001,254,4.05
191,18001,254,3.57
191,20001,254,3.01
191,22001,254,2.67
191,24001,254,2.68
191,26001,254,3.04
191,28001,254,3.02
191,30001,254,3.61
191,32001,254,3.7
191,34001,254,4.05
191,36001,254,3.92
191,38001,254,3.21
191,40001,254,3.11
191,42001,254,2.92
191,44001,254,2.88
191,46001,254,2.95
191,48001,254,3.32
191,50001,254,3.81
191,52001,254,4.0
191,54001,254,4.51
191,56001,254,4.48
191,58001,254,4.49
191,60001,254,4.03
191,62001,254,4.05
191,64001,254,3.71
191,65535,254,3.56
201,1,1,4.47
201,2001,1,4.43
201,4001,1,4.5
201,6001,1,4.34
201,8001,1,4.45
201,10001,1,4.4
201,12001,1,4.55
201,14001,1,4.51
201,16001,1,4.51
201,18001,1,4.53
201,20001,1,4.39
201,22001,1,4.48
201,24001,1,4.55
201,26001,1,4.49
201,28001,1,4.53
201,30001,1,4.45
201,32001,1,4.36
201,34001,1,4.47
201,36001,1,4.51
201,38001,1,4.3
201,40001,1,4.52
201,42001,1,4.46
201,44001,1,4.39
201,46001,1,4.52
201,48001,1,4.38
201,50001,1,4.36
201,52001,1,4.39
201,54001,1,4.6
201,56001,1,4.39
201,58001,1,4.45
201,60001,1,4.4
201,62001,1,4.46
201,64001,1,4.44
201,65535,1,4.5
201,1,11,4.5
201,2001,11,4.31
201,4001,11,4.47
201,6001,11,4.35
201,8001,11,4.41
201,10001,11,4.45
201,12001,11,4.4
201,14001,11,4.48
201,16001,11,4.45
201,18001,11,4.51
201,20001,11,4.36
201,22001,11,4.4
201,24001,11,4.45
201,26001,11,4.5
201,28001,11,4.52
201,30001,11,4.4
201,32001,11,4.48
201,34001,11,4.35
201,36001,11,4.35
201,38001,11,4.38
201,40001,11,4.47
201,42001,11,4.43
201,44001,11,4.51
201,46001,11,4.4
201,48001,11,4.4
201,50001,11,4.42
201,52001,11,4.51
201,54001,11,4.49
201,56001,11,4.43
201,58001,11,4.44
201,60001,11,4.4
201,62001,11,4.44
201,64001,11,4.39
201,65535,11,4.42
201,1,21,4.38
201,2001,21,4.47
201,4001,21,4.48
201,6001,21,4.48
201,8001,21,4.5
201,10001,21,4.38
201,12001,21,4.47
201,14001,21,4.48
201,16001,21,4.47
201,18001,21,4.54
201,20001,21,4.34
201,22001,21,4.47
201,24001,21,4.47
201,26001,21,4.49
201,28001,21,4.44
201,30001,21,4.41
201,32001,21,4.49
201,34001,21,4.36
201,36001,21,4.41
201,38001,21,4.33
201,40001,21,4.38
201,42001,21,4.43
201,44001,21,4.49
201,46001,21,4.42
201,48001,21,4.39
201,50001,21,4.4
201,52001,21,4.38
201,54001,21,4.41
201,56001,21,4.37
201,58001,21,4.44
201,60001,21,4.43
201,62001,21,4.49
201,64001,21,4.41
201,65535,21,4.41
201,1,31,4.44
201,2001,31,4.42
201,4001,31,4.48
201,6001,31,4.49
201,8001,31,4.45
201,10001,31,4.41
201,12001,31,4.37
201,14001,31,4.41
201,16001,31,4.49
201,18001,31,4.38
201,20001,31,4.41
201,22001,31,4.37
201,24001,31,4.46
201,26001,31,4.41
201,28001,31,4.41
201,30001,31,4.42
201,32001,31,4.39
201,34001,31,4.36
201,36001,31,4.52
201,38001,31,4.38
201,40001,31,4.52
201,42001,31,4.48
201,44001,31,4.5
201,46001,31,4.54
201,48001,31,4.39
201,50001,31,4.46
201,52001,31,4.36
201,54001,31,4.46
201,56001,31,4.48
201,58001,31,4.53
201,60001,31,4.34
201,62001,31,4.33
201,64001,31,4.46
201,65535,31,4.45
201,1,41,4.4
201,2001,41,4.5
201,4001,41,4.41
201,6001,41,4.42
201,8001,41,4.44
201,10001,41,4.42
201,12001,41,4.38
201,14001,41,4.39
201,16001,41,4.45
201,18001,41,4.39
201,20001,41,4.41
201,22001,41,4.48
201,24001,41,4.43
201,26001,41,4.37
201,28001,41,4.43
201,30001,41,4.44
201,32001,41,4.4
201,34001,41,4.38
201,36001,41,4.33
201,38001,41,4.42
201,40001,41,4.34
201,42001,41,4.41
201,44001,41,4.39
201,46001,41,4.53
201,48001,41,4.42
201,50001,41,4.49
201,52001,41,4.47
201,54001,41,4.49
201,56001,41,4.42
201,58001,41,4.51
201,60001,41,4.38
201,62001,41,4.49
201,64001,41,4.4
201,65535,41,4.46
201,1,51,4.47
201,2001,51,4.46
201,4001,51,4.54
201,6001,51,4.4
201,8001,51,4.42
201,10001,51,4.53
201,12001,51,4.28
201,14001,51,4.49
201,16001,51,4.45
201,18001,51,4.41
201,20001,51,4.31
201,22001,51,4.43
201,24001,51,4.52
201,26001,51,4.39
201,28001,51,4.35
201,30001,51,4.38
201,32001,51,4.38
201,34001,51,4.56
201,36001,51,4.43
201,38001,51,4.48
201,40001,51,4.43
201,42001,51,4.4
201,44001,51,4.44
201,46001,51,4.45
201,48001,51,4.49
201,50001,51,4.29
201,52001,51,4.38
201,54001,51,4.42
201,56001,51,4.36
201,58001,51,4.38
201,60001,51,4.37
201,62001,51,4.45
201,64001,51,4.39
201,65535,51,4.39
201,1,61,4.36
201,2001,61,4.45
201,4001,61,4.43
201,6001,61,4.46
201,8001,61,4.5
201,10001,61,4.39
201,12001,61,4.5
201,14001,61,4.45
201,16001,61,4.46
201,18001,61,4.45
201,20001,61,4.44
201,22001,61,4.38
201,24001,61,4.45
201,26001,61,4.5
201,28001,61,4.4
201,30001,61,4.58
201,32001,61,4.32
201,34001,61,4.4
201,36001,61,4.4
201,38001,61,4.43
201,40001,61,4.43
201,42001,61,4.38
201,44001,61,4.38
201,46001,61,4.4
201,48001,61,4.47
201,50001,61,4.36
201,52001,61,4.41
201,54001,61,4.41
201,56001,61,4.36
201,58001,61,4.48
201,60001,61,4.44
201,62001,61,4.44
201,64001,61,4.47
201,65535,61,4.54
201,1,71,4.48
201,2001,71,4.46
201,4001,71,4.45
201,6001,71,4.45
201,8001,71,4.37
201,10001,71,4.55
201,12001,71,4.39
201,14001,71,4.44
201,16001,71,4.46
201,18001,71,4.4
201,20001,71,4.43
201,22001,71,4.43
201,24001,71,4.41
201,26001,71,4.51
201,28001,71,4.37
201,30001,71,4.43
201,32001,71,4.41
201,34001,71,4.47
201,36001,71,4.38
201,38001,71,4.36
201,40001,71,4.39
201,42001,71,4.46
201,44001,71,4.41
201,46001,71,4.39
201,48001,71,4.41
201,50001,71,4.45
201,52001,71,4.53
201,54001,71,4.42
201,56001,71,4.42
201,58001,71,4.49
201,60001,71,4.45
201,62001,71,4.51
201,64001,71,4.42
201,65535,71,4.38
201,1,81,4.43
201,2001,81,4.38
201,4001,81,4.45
201,6001,81,4.36
201,8001,81,4.48
201,10001,81,4.48
201,12001,81,4.49
201,14001,81,4.4
201,16001,81,4.43
201,18001,81,4.42
201,20001,81,4.43
201,22001,81,4.46
201,24001,81,4.43
201,26001,81,4.4
201,28001,81,4.36
201,30001,81,4.41
201,32001,81,4.48
201,34001,81,4.43
201,36001,81,4.45
201,38001,81,4.46
201,40001,81,4.48
201,42001,81,4.4
201,44001,81,4.46
201,46001,81,4.5
201,48001,81,4.46
201,50001,81,4.46
201,52001,81,4.49
201,54001,81,4.5
201,56001,81,4.44
201,58001,81,4.42
201,60001,81,4.46
201,62001,81,4.51
201,64001,81,4.42
201,65535,81,4.4
201,1,91,4.48
201,2001,91,4.59
201,4001,91,4.27
201,6001,91,4.39
201,8001,91,4.43
201,10001,91,4.39
201,12001,91,4.61
201,14001,91,4.39
201,16001,91,4.48
201,18001,91,4.45
201,20001,91,4.42
201,22001,91,4.42
201,24001,91,4.35
201,26001,91,4.36
201,28001,91,4.48
201,30001,91,4.37
201,32001,91,4.44
201,34001,91,4.49
201,36001,91,4.47
201,38001,91,4.51
201,40001,91,4.46
201,42001,91,4.41
201,44001,91,4.32
201,46001,91,4.42
201,48001,91,4.54
201,50001,91,4.48
201,52001,91,4.51
201,54001,91,4.42
201,56001,91,4.45
201,58001,91,4.46
201,60001,91,4.42
201,62001,91,4.47
201,64001,91,4.39
201,65535,91,4.4
201,1,101,4.41
201,2001,101,4.41
201,4001,101,4.39
201,6001,101,4.44
201,8001,101,4.45
201,10001,101,4.48
201,12001,101,4.49
201,14001,101,4.34
201,16001,101,4.4
201,18001,101,4.47
201,20001,101,4.44
201,22001,101,4.46
201,24001,101,4.38
201,26001,101,4.45
201,28001,101,4.41
201,30001,101,4.52
201,32001,101,4.33
201,34001,101,4.43
201,36001,101,4.27
201,38001,101,4.39
201,40001,101,4.46
201,42001,101,4.61
201,44001,101,4.4
201,46001,101,4.47
201,48001,101,4.46
201,50001,101,4.5
201,52001,101,4.39
201,54001,101,4.52
201,56001,101,4.52
201,58001,101,4.5
201,60001,101,4.47
201,62001,101,4.35
201,64001,101,4.43
201,65535,101,4.44
201,1,111,4.46
201,2001,111,4.52
201,4001,111,4.49
201,6001,111,4.52
201,8001,111,4.39
201,10001,111,4.44
201,12001,111,4.31
201,14001,111,4.41
201,16001,111,4.44
201,18001,111,4.43
201,20001,111,4.39
201,22001,111,4.39
201,24001,111,4.39
201,26001,111,4.36
201,28001,111,4.39
201,30001,111,4.28
201,32001,111,4.5
201,34001,111,4.42
201,36001,111,4.47
201,38001,111,4.46
201,40001,111,4.39
201,42001,111,4.45
201,44001,111,4.5
201,46001,111,4.5
201,48001,111,4.29
201,50001,111,4.33
201,52001,111,4.48
201,54001,111,4.47
201,56001,111,4.5
201,58001,111,4.39
201,60001,111,4.41
201,62001,111,4.42
201,64001,111,4.4
201,65535,111,4.49
201,1,121,4.52
201,2001,121,4.45
201,4001,121,4.34
201,6001,121,4.48
201,8001,121,4.37
201,10001,121,4.42
201,12001,121,4.47
201,14001,121,4.48
201,16001,121,4.57
201,18001,121,4.51
201,20001,121,4.45
201,22001,121,4.41
201,24001,121,4.46
201,26001,121,4.52
201,28001,121,4.41
201,30001,121,4.41
201,32001,121,4.45
201,34001,121,4.49
201,36001,121,4.46
201,38001,121,4.45
201,40001,121,4.47
201,42001,121,4.41
201,44001,121,4.4
201,46001,121,4.33
201,48001,121,4.42
201,50001,121,4.32
201,52001,121,4.45
201,54001,121,4.42
201,56001,121,4.48
201,58001,121,4.43
201,60001,121,4.38
201,62001,121,4.37
201,64001,121,4.51
201,65535,121,4.49
201,1,131,4.4
201,2001,131,4.46
201,4001,131,4.61
201,6001,131,4.38
201,8001,131,4.39
201,10001,131,4.31
201,12001,131,4.45
201,14001,131,4.43
201,16001,131,4.4
201,18001,131,4.38
201,20001,131,4.41
201,22001,131,4.26
201,24001,131,4.44
201,26001,131,4.39
201,28001,131,4.46
201,30001,131,4.45
201,32001,131,4.43
201,34001,131,4.39
201,36001,131,4.44
201,38001,131,4.44
201,40001,131,4.43
201,42001,131,4.47
201,44001,131,4.4
201,46001,131,4.37
201,48001,131,4.39
201,50001,131,4.38
201,52001,131,4.45
201,54001,131,4.4
201,56001,131,4.4
201,58001,131,4.49
201,60001,131,4.47
201,62001,131,4.56
201,64001,131,4.49
201,65535,131,4.49
201,1,141,4.42
201,2001,141,4.56
201,4001,141,4.39
201,6001,141,4.43
201,8001,141,4.44
201,10001,141,4.43
201,12001,141,4.36
201,14001,141,4.45
201,16001,141,4.49
201,18001,141,4.4
201,20001,141,4.39
201,22001,141,4.23
201,24001,141,4.22
201,26001,141,4.32
201,28001,141,4.5
201,30001,141,4.39
201,32001,141,4.4
201,34001,141,4.43
201,36001,141,4.42
201,38001,141,4.42
201,40001,141,4.48
201,42001,141,4.37
201,44001,141,4.23
201,46001,141,4.37
201,48001,141,4.44
201,50001,141,4.46
201,52001,141,4.46
201,54001,141,4.45
201,56001,141,4.43
201,58001,141,4.33
201,60001,141,4.57
201,62001,141,4.44
201,64001,141,4.42
201,65535,141,4.47
201,1,151,4.35
201,2001,151,4.58
201,4001,151,4.39
201,6001,151,4.48
201,8001,151,4.47
201,10001,151,4.4
201,12001,151,4.52
201,14001,151,4.42
201,16001,151,4.5
201,18001,151,4.44
201,20001,151,4.19
201,22001,151,4.04
201,24001,151,4.11
201,26001,151,4.42
201,28001,151,4.35
201,30001,151,4.48
201,32001,151,4.42
201,34001,151,4.39
201,36001,151,4.4
201,38001,151,4.41
201,40001,151,4.34
201,42001,151,4.21
201,44001,151,4.15
201,46001,151,4.38
201,48001,151,4.4
201,50001,151,4.58
201,52001,151,4.43
201,54001,151,4.47
201,56001,151,4.45
201,58001,151,4.45
201,60001,151,4.41
201,62001,151,4.42
201,64001,151,4.42
201,65535,151,4.31
201,1,161,4.32
201,2001,161,4.43
201,4001,161,4.53
201,6001,161,4.39
201,8001,161,4.47
201,10001,161,4.47
201,12001,161,4.48
201,14001,161,4.38
201,16001,161,4.45
201,18001,161,4.41
201,20001,161,4.12
201,22001,161,3.83
201,24001,161,3.92
201,26001,161,4.1
201,28001,161,4.41
201,30001,161,4.41
201,32001,161,4.39
201,34001,161,4.39
201,36001,161,4.41
201,38001,161,4.43
201,40001,161,4.3
201,42001,161,4.17
201,44001,161,3.97
201,46001,161,4.09
201,48001,161,4.28
201,50001,161,4.48
201,52001,161,4.41
201,54001,161,4.42
201,56001,161,4.39
201,58001,161,4.48
201,60001,161,4.49
201,62001,161,4.5
201,64001,161,4.34
201,65535,161,4.24
201,1,171,4.23
201,2001,171,4.25
201,4001,171,4.42
201,6001,171,4.44
201,8001,171,4.43
201,10001,171,4.43
201,12001,171,4.52
201,14001,171,4.45
201,16001,171,4.43
201,18001,171,4.31
201,20001,171,4.01
201,22001,171,3.67
201,24001,171,3.71
201,26001,171,3.95
201,28001,171,4.27
201,30001,171,4.45
201,32001,171,4.51
201,34001,171,4.43
201,36001,171,4.5
201,38001,171,4.28
201,40001,171,4.11
201,42001,171,3.92
201,44001,171,3.83
201,46001,171,4.02
201,48001,171,4.39
201,50001,171,4.47
201,52001,171,4.46
201,54001,171,4.51
201,56001,171,4.5
201,58001,171,4.39
201,60001,171,4.48
201,62001,171,4.36
201,64001,171,4.35
201,65535,171,4.25
201,1,181,4.12
201,2001,181,4.28
201,4001,181,4.38
201,6001,181,4.43
201,8001,181,4.46
201,10001,181,4.42
201,12001,181,4.51
201,14001,181,4.39
201,16001,181,4.36
201,18001,181,4.21
201,20001,181,3.85
201,22001,181,3.45
201,24001,181,3.71
201,26001,181,3.93
201,28001,181,4.11
201,30001,181,4.42
201,32001,181,4.34
201,34001,181,4.44
201,36001,181,4.37
201,38001,181,4.27
201,40001,181,4.07
201,42001,181,3.71
201,44001,181,3.65
201,46001,181,3.97
201,48001,181,4.33
201,50001,181,4.44
201,52001,181,4.46
201,54001,181,4.46
201,56001,181,4.48
201,58001,181,4.54
201,60001,181,4.51
201,62001,181,4.51
201,64001,181,4.32
201,65535,181,4.14
201,1,191,3.89
201,2001,191,4.22
201,4001,191,4.41
201,6001,191,4.51
201,8001,191,4.49
201,10001,191,4.43
201,12001,191,4.41
201,14001,191,4.43
201,16001,191,4.42
201,18001,191,4.23
201,20001,191,3.7
201,22001,191,3.42
201,24001,191,3.59
201,26001,191,3.79
201,28001,191,4.01
201,30001,191,4.46
201,32001,191,4.42
201,34001,191,4.55
201,36001,191,4.46
201,38001,191,4.19
201,40001,191,3.85
201,42001,191,3.66
201,44001,191,3.55
201,46001,191,3.86
201,48001,191,4.18
201,50001,191,4.34
201,52001,191,4.53
201,54001,191,4.47
201,56001,191,4.4
201,58001,191,4.47
201,60001,191,4.47
201,62001,191,4.42
201,64001,191,4.14
201,65535,191,4.05
201,1,201,3.97
201,2001,201,4.09
201,4001,201,4.35
201,6001,201,4.42
201,8001,201,4.34
201,10001,201,4.43
201,12001,201,4.36
201,14001,201,4.34
201,16001,201,4.27
201,18001,201,3.94
201,20001,201,3.78
201,22001,201,3.31
201,24001,201,3.35
201,26001,201,3.7
201,28001,201,3.94
201,30001,201,4.43
201,32001,201,4.48
201,34001,201,4.38
201,36001,201,4.28
201,38001,201,3.93
201,40001,201,3.75
201,42001,201,3.42
201,44001,201,3.39
201,46001,201,3.68
201,48001,201,4.12
201,50001,201,4.4
201,52001,201,4.44
201,54001,201,4.58
201,56001,201,4.54
201,58001,201,4.5
201,60001,201,4.44
201,62001,201,4.38
201,64001,201,4.19
201,65535,201,3.97
201,1,211,3.88
201,2001,211,4.01
201,4001,211,4.17
201,6001,211,4.48
201,8001,211,4.37
201,10001,211,4.4
201,12001,211,4.32
201,14001,211,4.58
201,16001,211,4.3
201,18001,211,3.99
201,20001,211,3.38
201,22001,211,3.17
201,24001,211,3.24
201,26001,211,3.45
201,28001,211,3.75
201,30001,211,4.1
201,32001,211,4.48
201,34001,211,4.34
201,36001,211,4.15
201,38001,211,3.84
201,40001,211,3.64
201,42001,211,3.55
201,44001,211,3.31
201,46001,211,3.41
201,48001,211,3.98
201,50001,211,4.35
201,52001,211,4.41
201,54001,211,4.51
201,56001,211,4.45
201,58001,211,4.62
201,60001,211,4.48
201,62001,211,4.39
201,64001,211,4.01
201,65535,211,3.84
201,1,221,3.8
201,2001,221,3.87
201,4001,221,4.1
201,6001,221,4.33
201,8001,221,4.5
201,10001,221,4.43
201,12001,221,4.52
201,14001,221,4.47
201,16001,221,4.24
201,18001,221,3.83
201,20001,221,3.5
201,22001,221,3.16
201,24001,221,3.17
201,26001,221,3.49
201,28001,221,3.64
201,30001,221,4.1
201,32001,221,4.36
201,34001,221,4.42
201,36001,221,4.08
201,38001,221,3.69
201,40001,221,3.54
201,42001,221,3.26
201,44001,221,3.1
201,46001,221,3.33
201,48001,221,3.88
201,50001,221,4.15
201,52001,221,4.55
201,54001,221,4.56
201,56001,221,4.47
201,58001,221,4.49
201,60001,221,4.27
201,62001,221,4.17
201,64001,221,4.02
201,65535,221,3.85
201,1,231,3.72
201,2001,231,3.86
201,4001,231,4.01
201,6001,231,4.27
201,8001,231,4.53
201,10001,231,4.4
201,12001,231,4.34
201,14001,231,4.38
201,16001,231,4.13
201,18001,231,3.74
201,20001,231,3.36
201,22001,231,2.85
201,24001,231,3.05
201,26001,231,3.27
201,28001,231,3.56
201,30001,231,4.02
201,32001,231,4.35
201,34001,231,4.34
201,36001,231,4.06
201,38001,231,3.66
201,40001,231,3.42
201,42001,231,3.16
201,44001,231,3.12
201,46001,231,3.38
201,48001,231,3.82
201,50001,231,4.26
201,52001,231,4.44
201,54001,231,4.49
201,56001,231,4.44
201,58001,231,4.45
201,60001,231,4.42
201,62001,231,4.11
201,64001,231,3.9
201,65535,231,3.88
201,1,241,3.73
201,2001,241,3.76
201,4001,241,3.94
201,6001,241,4.26
201,8001,241,4.51
201,10001,241,4.46
201,12001,241,4.54
201,14001,241,4.44
201,16001,241,4.02
201,18001,241,3.6
201,20001,241,3.25
201,22001,241,2.81
201,24001,241,2.8
201,26001,241,3.25
201,28001,241,3.51
201,30001,241,3.88
201,32001,241,4.29
201,34001,241,4.3
201,36001,241,3.97
201,38001,241,3.54
201,40001,241,3.36
201,42001,241,3.13
201,44001,241,2.95
201,46001,241,3.36
201,48001,241,3.77
201,50001,241,3.93
201,52001,241,4.55
201,54001,241,4.51
201,56001,241,4.47
201,58001,241,4.6
201,60001,241,4.41
201,62001,241,4.12
201,64001,241,3.76
201,65535,241,3.63
201,1,251,3.68
201,2001,251,3.79
201,4001,251,3.96
201,6001,251,4.22
201,8001,251,4.42
201,10001,251,4.45
201,12001,251,4.52
201,14001,251,4.42
201,16001,251,3.93
201,18001,251,3.46
201,20001,251,3.18
201,22001,251,2.69
201,24001,251,2.84
201,26001,251,2.81
201,28001,251,3.58
201,30001,251,3.51
201,32001,251,4.29
201,34001,251,4.24
201,36001,251,3.85
201,38001,251,3.47
201,40001,251,3.23
201,42001,251,3.07
201,44001,251,2.99
201,46001,251,3.23
201,48001,251,3.65
201,50001,251,4.1
201,52001,251,4.38
201,54001,251,4.6
201,56001,251,4.64
201,58001,251,4.39
201,60001,251,4.29
201,62001,251,3.93
201,64001,251,3.7
201,65535,251,3.77
201,1,254,3.73
201,2001,254,3.78
201,4001,254,3.96
201,6001,254,4.25
201,8001,254,4.43
201,10001,254,4.45
201,12001,254,4.47
201,14001,254,4.41
201,16001,254,3.97
201,18001,254,3.48
201,20001,254,3.12
201,22001,254,2.72
201,24001,254,2.85
201,26001,254,2.95
201,28001,254,3.25
201,30001,254,3.68
201,32001,254,4.17
201,34001,254,4.26
201,36001,254,3.96
201,38001,254,3.44
201,40001,254,3.13
201,42001,254,2.9
201,44001,254,2.95
201,46001,254,3.26
201,48001,254,3.65
201,50001,254,4.1
201,52001,254,4.49
201,54001,254,4.47
201,56001,254,4.54
201,58001,254,4.47
201,60001,254,4.3
201,62001,254,3.97
201,64001,254,3.77
201,65535,254,3.78
211,1,1,4.44
211,2001,1,4.46
211,4001,1,4.4
211,6001,1,4.57
211,8001,1,4.47
211,10001,1,4.41
211,12001,1,4.49
211,14001,1,4.54
211,16001,1,4.41
211,18001,1,4.39
211,20001,1,4.35
211,22001,1,4.51
211,24001,1,4.46
211,26001,1,4.39
211,28001,1,4.48
211,30001,1,4.49
211,32001,1,4.45
211,34001,1,4.39
211,36001,1,4.51
211,38001,1,4.41
211,40001,1,4.45
211,42001,1,4.28
211,44001,1,4.36
211,46001,1,4.45
211,48001,1,4.52
211,50001,1,4.46
211,52001,1,4.45
211,54001,1,4.52
211,56001,1,4.47
211,58001,1,4.46
211,60001,1,4.43
211,62001,1,4.44
211,64001,1,4.45
211,65535,1,4.39
211,1,11,4.51
211,2001,11,4.44
211,4001,11,4.39
211,6001,11,4.4
211,8001,11,4.44
211,10001,11,4.41
211,12001,11,4.45
211,14001,11,4.5
211,16001,11,4.43
211,18001,11,4.59
211,20001,11,4.4
211,22001,11,4.47
211,24001,11,4.46
211,26001,11,4.44
211,28001,11,4.5
211,30001,11,4.43
211,32001,11,4.51
211,34001,11,4.39
211,36001,11,4.44
211,38001,11,4.4
211,40001,11,4.47
211,42001,11,4.43
211,44001,11,4.4
211,46001,11,4.5
211,48001,11,4.5
211,50001,11,4.43
211,52001,11,4.42
211,54001,11,4.47
211,56001,11,4.44
211,58001,11,4.46
211,60001,11,4.45
211,62001,11,4.35
211,64001,11,4.43
211,65535,11,4.37
211,1,21,4.49
211,2001,21,4.42
211,4001,21,4.45
211,6001,21,4.51
211,8001,21,4.5
211,10001,21,4.46
211,12001,21,4.46
211,14001,21,4.42
211,16001,21,4.41
211,18001,21,4.5
211,20001,21,4.51
211,22001,21,4.4
211,24001,21,4.46
211,26001,21,4.46
211,28001,21,4.42
211,30001,21,4.45
211,32001,21,4.5
211,34001,21,4.34
211,36001,21,4.43
211,38001,21,4.37
211,40001,21,4.48
211,42001,21,4.53
211,44001,21,4.49
211,46001,21,4.52
211,48001,21,4.54
211,50001,21,4.43
211,52001,21,4.45
211,54001,21,4.47
211,56001,21,4.41
211,58001,21,4.37
211,60001,21,4.38
211,62001,21,4.32
211,64001,21,4.41
211,65535,21,4.44
211,1,31,4.47
211,2001,31,4.47
211,4001,31,4.47
211,6001,31,4.41
211,8001,31,4.38
211,10001,31,4.47
211,12001,31,4.42
211,14001,31,4.47
211,16001,31,4.35
211,18001,31,4.43
211,20001,31,4.52
211,22001,31,4.35
211,24001,31,4.45
211,26001,31,4.49
211,28001,31,4.48
211,30001,31,4.45
211,32001,31,4.45
211,34001,31,4.43
211,36001,31,4.4
211,38001,31,4.43
211,40001,31,4.45
211,42001,31,4.46
211,44001,31,4.45
211,46001,31,4.43
211,48001,31,4.36
211,50001,31,4.41
211,52001,31,4.42
211,54001,31,4.46
211,56001,31,4.43
211,58001,31,4.45
211,60001,31,4.41
211,62001,31,4.41
211,64001,31,4.43
211,65535,31,4.45
211,1,41,4.49
211,2001,41,4.47
211,4001,41,4.47
211,6001,41,4.45
211,8001,41,4.49
211,10001,41,4.51
211,12001,41,4.44
211,14001,41,4.38
211,16001,41,4.46
211,18001,41,4.45
211,20001,41,4.33
211,22001,41,4.37
211,24001,41,4.49
211,26001,41,4.43
211,28001,41,4.5
211,30001,41,4.48
211,32001,41,4.46
211,34001,41,4.35
211,36001,41,4.39
211,38001,41,4.45
211,40001,41,4.38
211,42001,41,4.5
211,44001,41,4.52
211,46001,41,4.5
211,48001,41,4.46
211,50001,41,4.37
211,52001,41,4.43
211,54001,41,4.39
211,56001,41,4.49
211,58001,41,4.48
211,60001,41,4.54
211,62001,41,4.42
211,64001,41,4.44
211,65535,41,4.43
211,1,51,4.45
211,2001,51,4.48
211,4001,51,4.4
211,6001,51,4.44
211,8001,51,4.45
211,10001,51,4.41
211,12001,51,4.46
211,14001,51,4.41
211,16001,51,4.44
211,18001,51,4.5
211,20001,51,4.35
211,22001,51,4.5
211,24001,51,4.63
211,26001,51,4.49
211,28001,51,4.57
211,30001,51,4.49
211,32001,51,4.42
211,34001,51,4.5
211,36001,51,4.43
211,38001,51,4.4
211,40001,51,4.47
211,42001,51,4.45
211,44001,51,4.44
211,46001,51,4.52
211,48001,51,4.44
211,50001,51,4.41
211,52001,51,4.47
211,54001,51,4.54
211,56001,51,4.54
211,58001,51,4.47
211,60001,51,4.48
211,62001,51,4.44
211,64001,51,4.45
211,65535,51,4.49
211,1,61,4.4
211,2001,61,4.44
211,4001,61,4.46
211,6001,61,4.35
211,8001,61,4.46
211,10001,61,4.39
211,12001,61,4.44
211,14001,61,4.51
211,16001,61,4.42
211,18001,61,4.46
211,20001,61,4.4
211,22001,61,4.39
211,24001,61,4.38
211,26001,61,4.4
211,28001,61,4.44
211,30001,61,4.45
211,32001,61,4.4
211,34001,61,4.43
211,36001,61,4.4
211,38001,61,4.43
211,40001,61,4.48
211,42001,61,4.48
211,44001,61,4.41
211,46001,61,4.49
211,48001,61,4.45
211,50001,61,4.48
211,52001,61,4.46
211,54001,61,4.41
211,56001,61,4.52
211,58001,61,4.38
211,60001,61,4.48
211,62001,61,4.42
211,64001,61,4.39
211,65535,61,4.51
211,1,71,4.48
211,2001,71,4.44
211,4001,71,4.36
211,6001,71,4.46
211,8001,71,4.53
211,10001,71,4.41
211,12001,71,4.36
211,14001,71,4.49
211,16001,71,4.34
211,18001,71,4.46
211,20001,71,4.4
211,22001,71,4.45
211,24001,71,4.47
211,26001,71,4.32
211,28001,71,4.41
211,30001,71,4.41
211,32001,71,4.46
211,34001,71,4.46
211,36001,71,4.42
211,38001,71,4.39
211,40001,71,4.43
211,42001,71,4.38
211,44001,71,4.5
211,46001,71,4.46
211,48001,71,4.42
211,50001,71,4.48
211,52001,71,4.45
211,54001,71,4.37
211,56001,71,4.54
211,58001,71,4.38
211,60001,71,4.42
211,62001,71,4.42
211,64001,71,4.44
211,65535,71,4.53
211,1,81,4.48
211,2001,81,4.46
211,4001,81,4.39
211,6001,81,4.43
211,8001,81,4.51
211,10001,81,4.36
211,12001,81,4.57
211,14001,81,4.5
211,16001,81,4.46
211,18001,81,4.4
211,20001,81,4.49
211,22001,81,4.44
211,24001,81,4.45
211,26001,81,4.41
211,28001,81,4.46
211,30001,81,4.59
211,32001,81,4.46
211,34001,81,4.53
211,36001,81,4.45
211,38001,81,4.4
211,40001,81,4.37
211,42001,81,4.38
211,44001,81,4.42
211,46001,81,4.4
211,48001,81,4.5
211,50001,81,4.46
211,52001,81,4.42
211,54001,81,4.46
211,56001,81,4.53
211,58001,81,4.46
211,60001,81,4.43
211,62001,81,4.38
211,64001,81,4.5
211,65535,81,4.37
211,1,91,4.5
211,2001,91,4.54
211,4001,91,4.42
211,6001,91,4.36
211,8001,91,4.38
211,10001,91,4.42
211,12001,91,4.31
211,14001,91,4.49
211,16001,91,4.35
211,18001,91,4.49
211,20001,91,4.48
211,22001,91,4.46
211,24001,91,4.36
211,26001,91,4.34
211,28001,91,4.51
211,30001,91,4.37
211,32001,91,4.4
211,34001,91,4.47
211,36001,91,4.48
211,38001,91,4.45
211,40001,91,4.45
211,42001,91,4.48
211,44001,91,4.41
211,46001,91,4.45
211,48001,91,4.52
211,50001,91,4.42
211,52001,91,4.47
211,54001,91,4.4
211,56001,91,4.43
211,58001,91,4.4
211,60001,91,4.42
211,62001,91,4.52
211,64001,91,4.48
211,65535,91,4.57
211,1,101,4.5
211,2001,101,4.47
211,4001,101,4.47
211,6001,101,4.4
211,8001,101,4.37
211,10001,101,4.36
211,12001,101,4.44
211,14001,101,4.46
211,16001,101,4.42
211,18001,101,4.49
211,20001,101,4.45
211,22001,101,4.36
211,24001,101,4.42
211,26001,101,4.43
211,28001,101,4.45
211,30001,101,4.39
211,32001,101,4.5
211,34001,101,4.35
211,36001,101,4.51
211,38001,101,4.38
211,40001,101,4.55
211,42001,101,4.33
211,44001,101,4.36
211,46001,101,4.53
211,48001,101,4.42
211,50001,101,4.41
211,52001,101,4.45
211,54001,101,4.46
211,56001,101,4.53
211,58001,101,4.51
211,60001,101,4.5
211,62001,101,4.37
211,64001,101,4.3
211,65535,101,4.43
211,1,111,4.46
211,2001,111,4.42
211,4001,111,4.47
211,6001,111,4.48
211,8001,111,4.56
211,10001,111,4.45
211,12001,111,4.36
211,14001,111,4.45
211,16001,111,4.37
211,18001,111,4.42
211,20001,111,4.42
211,22001,111,4.58
211,24001,111,4.33
211,26001,111,4.39
211,28001,111,4.45
211,30001,111,4.35
211,32001,111,4.47
211,34001,111,4.37
211,36001,111,4.41
211,38001,111,4.43
211,40001,111,4.38
211,42001,111,4.48
211,44001,111,4.4
211,46001,111,4.43
211,48001,111,4.48
211,50001,111,4.4
211,52001,111,4.44
211,54001,111,4.48
211,56001,111,4.46
211,58001,111,4.59
211,60001,111,4.53
211,62001,111,4.53
211,64001,111,4.35
211,65535,111,4.5
211,1,121,4.43
211,2001,121,4.46
211,4001,121,4.41
211,6001,121,4.36
211,8001,121,4.42
211,10001,121,4.35
211,12001,121,4.4
211,14001,121,4.44
211,16001,121,4.43
211,18001,121,4.38
211,20001,121,4.37
211,22001,121,4.4
211,24001,121,4.59
211,26001,121,4.4
211,28001,121,4.44
211,30001,121,4.48
211,32001,121,4.38
211,34001,121,4.47
211,36001,121,4.42
211,38001,121,4.45
211,40001,121,4.39
211,42001,121,4.4
211,44001,121,4.56
211,46001,121,4.39
211,48001,121,4.38
211,50001,121,4.47
211,52001,121,4.47
211,54001,121,4.41
211,56001,121,4.48
211,58001,121,4.45
211,60001,121,4.53
211,62001,121,4.42
211,64001,121,4.39
211,65535,121,4.45
211,1,131,4.44
211,2001,131,4.37
211,4001,131,4.55
211,6001,131,4.41
211,8001,131,4.44
211,10001,131,4.46
211,12001,131,4.4
211,14001,131,4.4
211,16001,131,4.47
211,18001,131,4.49
211,20001,131,4.35
211,22001,131,4.44
211,24001,131,4.37
211,26001,131,4.36
211,28001,131,4.4
211,30001,131,4.52
211,32001,131,4.43
211,34001,131,4.5
211,36001,131,4.4
211,38001,131,4.33
211,40001,131,4.4
211,42001,131,4.42
211,44001,131,4.44
211,46001,131,4.4
211,48001,131,4.49
211,50001,131,4.49
211,52001,131,4.42
211,54001,131,4.51
211,56001,131,4.4
211,58001,131,4.5
211,60001,131,4.45
211,62001,131,4.59
211,64001,131,4.32
211,65535,131,4.29
211,1,141,4.47
211,2001,141,4.37
211,4001,141,4.46
211,6001,141,4.51
211,8001,141,4.49
211,10001,141,4.34
211,12001,141,4.36
211,14001,141,4.53
211,16001,141,4.35
211,18001,141,4.35
211,20001,141,4.49
211,22001,141,4.31
211,24001,141,4.34
211,26001,141,4.4
211,28001,141,4.36
211,30001,141,4.35
211,32001,141,4.48
211,34001,141,4.47
211,36001,141,4.41
211,38001,141,4.43
211,40001,141,4.44
211,42001,141,4.37
211,44001,141,4.36
211,46001,141,4.38
211,48001,141,4.42
211,50001,141,4.36
211,52001,141,4.41
211,54001,141,4.42
211,56001,141,4.49
211,58001,141,4.49
211,60001,141,4.31
211,62001,141,4.45
211,64001,141,4.44
211,65535,141,4.39
211,1,151,4.44
211,2001,151,4.47
211,4001,151,4.53
211,6001,151,4.42
211,8001,151,4.31
211,10001,151,4.45
211,12001,151,4.43
211,14001,151,4.5
211,16001,151,4.44
211,18001,151,4.44
211,20001,151,4.42
211,22001,151,4.19
211,24001,151,4.21
211,26001,151,4.5
211,28001,151,4.31
211,30001,151,4.38
211,32001,151,4.36
211,34001,151,4.47
211,36001,151,4.41
211,38001,151,4.41
211,40001,151,4.41
211,42001,151,4.35
211,44001,151,4.2
211,46001,151,4.44
211,48001,151,4.34
211,50001,151,4.4
211,52001,151,4.54
211,54001,151,4.43
211,56001,151,4.51
211,58001,151,4.44
211,60001,151,4.36
211,62001,151,4.54
211,64001,151,4.35
211,65535,151,4.5
211,1,161,4.37
211,2001,161,4.44
211,4001,161,4.5
211,6001,161,4.39
211,8001,161,4.38
211,10001,161,4.4
211,12001,161,4.39
211,14001,161,4.48
211,16001,161,4.47
211,18001,161,4.39
211,20001,161,4.19
211,22001,161,3.98
211,24001,161,4.13
211,26001,161,4.3
211,28001,161,4.42
211,30001,161,4.49
211,32001,161,4.49
211,34001,161,4.39
211,36001,161,4.46
211,38001,161,4.42
211,40001,161,4.37
211,42001,161,4.33
211,44001,161,4.11
211,46001,161,4.38
211,48001,161,4.39
211,50001,161,4.45
211,52001,161,4.56
211,54001,161,4.37
211,56001,161,4.52
211,58001,161,4.4
211,60001,161,4.44
211,62001,161,4.37
211,64001,161,4.49
211,65535,161,4.46
211,1,171,4.27
211,2001,171,4.41
211,4001,171,4.47
211,6001,171,4.44
211,8001,171,4.38
211,10001,171,4.46
211,12001,171,4.44
211,14001,171,4.47
211,16001,171,4.39
211,18001,171,4.42
211,20001,171,4.1
211,22001,171,3.8
211,24001,171,4.09
211,26001,171,4.32
211,28001,171,4.44
211,30001,171,4.42
211,32001,171,4.38
211,34001,171,4.4
211,36001,171,4.44
211,38001,171,4.4
211,40001,171,4.34
211,42001,171,4.15
211,44001,171,3.97
211,46001,171,3.98
211,48001,171,4.5
211,50001,171,4.42
211,52001,171,4.52
211,54001,171,4.49
211,56001,171,4.54
211,58001,171,4.45
211,60001,171,4.44
211,62001,171,4.43
211,64001,171,4.48
211,65535,171,4.33
211,1,181,4.21
211,2001,181,4.44
211,4001,181,4.58
211,6001,181,4.4
211,8001,181,4.47
211,10001,181,4.35
211,12001,181,4.65
211,14001,181,4.45
211,16001,181,4.42
211,18001,181,4.37
211,20001,181,4.09
211,22001,181,3.72
211,24001,181,3.89
211,26001,181,3.97
211,28001,181,4.4
211,30001,181,4.39
211,32001,181,4.42
211,34001,181,4.33
211,36001,181,4.5
211,38001,181,4.41
211,40001,181,4.08
211,42001,181,4.1
211,44001,181,3.86
211,46001,181,4.0
211,48001,181,4.47
211,50001,181,4.44
211,52001,181,4.52
211,54001,181,4.54
211,56001,181,4.5
211,58001,181,4.49
211,60001,181,4.38
211,62001,181,4.48
211,64001,181,4.45
211,65535,181,4.29
211,1,191,4.22
211,2001,191,4.33
211,4001,191,4.38
211,6001,191,4.48
211,8001,191,4.51
211,10001,191,4.38
211,12001,191,4.37
211,14001,191,4.5
211,16001,191,4.5
211,18001,191,4.21
211,20001,191,3.76
211,22001,191,3.78
211,24001,191,3.68
211,26001,191,4.0
211,28001,191,4.4
211,30001,191,4.42
211,32001,191,4.53
211,34001,191,4.47
211,36001,191,4.46
211,38001,191,4.32
211,40001,191,3.92
211,42001,191,3.86
211,44001,191,3.66
211,46001,191,3.81
211,48001,191,4.38
211,50001,191,4.44
211,52001,191,4.51
211,54001,191,4.45
211,56001,191,4.42
211,58001,191,4.48
211,60001,191,4.5
211,62001,191,4.47
211,64001,191,4.38
211,65535,191,4.17
211,1,201,4.12
211,2001,201,4.36
211,4001,201,4.4
211,6001,201,4.47
211,8001,201,4.39
211,10001,201,4.38
211,12001,201,4.35
211,14001,201,4.51
211,16001,201,4.38
211,18001,201,4.13
211,20001,201,3.8
211,22001,201,3.41
211,24001,201,3.53
211,26001,201,3.9
211,28001,201,4.1
211,30001,201,4.42
211,32001,201,4.48
211,34001,201,4.48
211,36001,201,4.45
211,38001,201,4.31
211,40001,201,3.94
211,42001,201,3.63
211,44001,201,3.56
211,46001,201,4.01
211,48001,201,4.1
211,50001,201,4.47
211,52001,201,4.5
211,54001,201,4.38
211,56001,201,4.52
211,58001,201,4.47
211,60001,201,4.42
211,62001,201,4.49
211,64001,201,4.36
211,65535,201,4.05
211,1,211,3.93
211,2001,211,4.16
211,4001,211,4.37
211,6001,211,4.55
211,8001,211,4.39
211,10001,211,4.4
211,12001,211,4.39
211,14001,211,4.41
211,16001,211,4.42
211,18001,211,4.02
211,20001,211,3.84
211,22001,211,3.25
211,24001,211,3.26
211,26001,211,3.66
211,28001,211,3.82
211,30001,211,4.42
211,32001,211,4.44
211,34001,211,4.41
211,36001,211,4.41
211,38001,211,4.19
211,40001,211,3.96
211,42001,211,3.55
211,44001,211,3.49
211,46001,211,3.86
211,48001,211,3.96
211,50001,211,4.4
211,52001,211,4.46
211,54001,211,4.48
211,56001,211,4.45
211,58001,211,4.35
211,60001,211,4.45
211,62001,211,4.46
211,64001,211,4.07
211,65535,211,3.97
211,1,221,3.94
211,2001,221,4.15
211,4001,221,4.28
211,6001,221,4.45
211,8001,221,4.35
211,10001,221,4.43
211,12001,221,4.5
211,14001,221,4.4
211,16001,221,4.31
211,18001,221,4.03
211,20001,221,3.59
211,22001,221,3.11
211,24001,221,3.4
211,26001,221,3.55
211,28001,221,3.9
211,30001,221,4.35
211,32001,221,4.39
211,34001,221,4.44
211,36001,221,4.25
211,38001,221,4.01
211,40001,221,3.65
211,42001,221,3.42
211,44001,221,3.35
211,46001,221,3.7
211,48001,221,4.1
211,50001,221,4.37
211,52001,221,4.5
211,54001,221,4.45
211,56001,221,4.46
211,58001,221,4.43
211,60001,221,4.4
211,62001,221,4.28
211,64001,221,4.05
211,65535,221,3.88
211,1,231,3.85
211,2001,231,4.02
211,4001,231,4.28
211,6001,231,4.48
211,8001,231,4.42
211,10001,231,4.43
211,12001,231,4.5
211,14001,231,4.45
211,16001,231,4.25
211,18001,231,3.99
211,20001,231,3.51
211,22001,231,3.14
211,24001,231,3.16
211,26001,231,3.44
211,28001,231,3.78
211,30001,231,4.19
211,32001,231,4.39
211,34001,231,4.47
211,36001,231,4.09
211,38001,231,4.16
211,40001,231,3.59
211,42001,231,3.45
211,44001,231,3.17
211,46001,231,3.37
211,48001,231,3.93
211,50001,231,4.41
211,52001,231,4.36
211,54001,231,4.46
211,56001,231,4.41
211,58001,231,4.45
211,60001,231,4.45
211,62001,231,4.2
211,64001,231,4.07
211,65535,231,3.91
211,1,241,3.83
211,2001,241,3.95
211,4001,241,4.14
211,6001,241,4.38
211,8001,241,4.45
211,10001,241,4.45
211,12001,241,4.45
211,14001,241,4.45
211,16001,241,4.26
211,18001,241,3.72
211,20001,241,3.31
211,22001,241,3.16
211,24001,241,3.0
211,26001,241,3.33
211,28001,241,3.61
211,30001,241,3.97
211,32001,241,4.41
211,34001,241,4.43
211,36001,241,4.04
211,38001,241,3.95
211,40001,241,3.35
211,42001,241,3.17
211,44001,241,3.15
211,46001,241,3.42
211,48001,241,3.83
211,50001,241,4.46
211,52001,241,4.45
211,54001,241,4.48
211,56001,241,4.46
211,58001,241,4.44
211,60001,241,4.49
211,62001,241,4.18
211,64001,241,3.94
211,65535,241,3.82
211,1,251,3.88
211,2001,251,3.89
211,4001,251,4.08
211,6001,251,4.54
211,8001,251,4.5
211,10001,251,4.38
211,12001,251,4.43
211,14001,251,4.41
211,16001,251,4.3
211,18001,251,3.69
211,20001,251,3.5
211,22001,251,2.89
211,24001,251,3.16
211,26001,251,3.2
211,28001,251,3.57
211,30001,251,4.0
211,32001,251,4.08
211,34001,251,4.45
211,36001,251,4.19
211,38001,251,3.59
211,40001,251,3.36
211,42001,251,3.17
211,44001,251,3.15
211,46001,251,3.45
211,48001,251,3.51
211,50001,251,4.42
211,52001,251,4.43
211,54001,251,4.46
211,56001,251,4.51
211,58001,251,4.52
211,60001,251,4.43
211,62001,251,4.12
211,64001,251,3.95
211,65535,251,3.77
211,1,254,3.75
211,2001,254,3.84
211,4001,254,4.05
211,6001,254,4.47
211,8001,254,4.41
211,10001,254,4.49
211,12001,254,4.39
211,14001,254,4.47
211,16001,254,4.11
211,18001,254,3.66
211,20001,254,3.21
211,22001,254,3.07
211,24001,254,2.93
211,26001,254,3.02
211,28001,254,3.56
211,30001,254,3.8
211,32001,254,4.29
211,34001,254,4.43
211,36001,254,4.14
211,38001,254,3.72
211,40001,254,3.41
211,42001,254,3.18
211,44001,254,2.92
211,46001,254,3.44
211,48001,254,3.89
211,50001,254,4.33
211,52001,254,4.5
211,54001,254,4.41
211,56001,254,4.52
211,58001,254,4.57
211,60001,254,4.42
211,62001,254,4.17
211,64001,254,3.9
211,65535,254,3.88
221,1,1,4.39
221,2001,1,4.39
221,4001,1,4.5
221,6001,1,4.5
221,8001,1,4.46
221,10001,1,4.4
221,12001,1,4.35
221,14001,1,4.53
221,16001,1,4.44
221,18001,1,4.45
221,20001,1,4.36
221,22001,1,4.53
221,24001,1,4.42
221,26001,1,4.42
221,28001,1,4.46
221,30001,1,4.4
221,32001,1,4.52
221,34001,1,4.45
221,36001,1,4.55
221,38001,1,4.51
221,40001,1,4.41
221,42001,1,4.38
221,44001,1,4.49
221,46001,1,4.53
221,48001,1,4.55
221,50001,1,4.43
221,52001,1,4.49
221,54001,1,4.44
221,56001,1,4.52
221,58001,1,4.52
221,60001,1,4.46
221,62001,1,4.42
221,64001,1,4.46
221,65535,1,4.43
221,1,11,4.51
221,2001,11,4.45
221,4001,11,4.48
221,6001,11,4.34
221,8001,11,4.43
221,10001,11,4.4
221,12001,11,4.38
221,14001,11,4.54
221,16001,11,4.41
221,18001,11,4.43
221,20001,11,4.39
221,22001,11,4.39
221,24001,11,4.52
221,26001,11,4.4
221,28001,11,4.41
221,30001,11,4.42
221,32001,11,4.41
221,34001,11,4.56
221,36001,11,4.46
221,38001,11,4.51
221,40001,11,4.47
221,42001,11,4.43
221,44001,11,4.43
221,46001,11,4.48
221,48001,11,4.41
221,50001,11,4.47
221,52001,11,4.4
221,54001,11,4.52
221,56001,11,4.48
221,58001,11,4.46
221,60001,11,4.43
221,62001,11,4.37
221,64001,11,4.39
221,65535,11,4.4
221,1,21,4.41
221,2001,21,4.35
221,4001,21,4.44
221,6001,21,4.43
221,8001,21,4.49
221,10001,21,4.44
221,12001,21,4.4
221,14001,21,4.44
221,16001,21,4.44
221,18001,21,4.42
221,20001,21,4.45
221,22001,21,4.47
221,24001,21,4.39
221,26001,21,4.36
221,28001,21,4.43
221,30001,21,4.41
221,32001,21,4.44
221,34001,21,4.45
221,36001,21,4.47
221,38001,21,4.51
221,40001,21,4.41
221,42001,21,4.46
221,44001,21,4.38
221,46001,21,4.46
221,48001,21,4.42
221,50001,21,4.42
221,52001,21,4.34
221,54001,21,4.42
221,56001,21,4.44
221,58001,21,4.46
221,60001,21,4.47
221,62001,21,4.48
221,64001,21,4.45
221,65535,21,4.46
221,1,31,4.45
221,2001,31,4.4
221,4001,31,4.48
221,6001,31,4.43
221,8001,31,4.4
221,10001,31,4.38
221,12001,31,4.46
221,14001,31,4.41
221,16001,31,4.48
221,18001,31,4.37
221,20001,31,4.47
221,22001,31,4.39
221,24001,31,4.55
221,26001,31,4.48
221,28001,31,4.44
221,30001,31,4.44
221,32001,31,4.48
221,34001,31,4.43
221,36001,31,4.37
221,38001,31,4.42
221,40001,31,4.47
221,42001,31,4.42
221,44001,31,4.46
221,46001,31,4.35
221,48001,31,4.4
221,50001,31,4.47
221,52001,31,4.35
221,54001,31,4.4
221,56001,31,4.42
221,58001,31,4.43
221,60001,31,4.52
221,62001,31,4.39
221,64001,31,4.47
221,65535,31,4.3
221,1,41,4.45
221,2001,41,4.39
221,4001,41,4.32
221,6001,41,4.35
221,8001,41,4.39
221,10001,41,4.37
221,12001,41,4.4
221,14001,41,4.53
221,16001,41,4.4
221,18001,41,4.41
221,20001,41,4.44
221,22001,41,4.48
221,24001,41,4.39
221,26001,41,4.47
221,28001,41,4.45
221,30001,41,4.39
221,32001,41,4.46
221,34001,41,4.45
221,36001,41,4.43
221,38001,41,4.49
221,40001,41,4.4
221,42001,41,4.38
221,44001,41,4.4
221,46001,41,4.41
221,48001,41,4.47
221,50001,41,4.41
221,52001,41,4.42
221,54001,41,4.45
221,56001,41,4.34
221,58001,41,4.44
221,60001,41,4.47
221,62001,41,4.47
221,64001,41,4.47
221,65535,41,4.45
221,1,51,4.47
221,2001,51,4.38
221,4001,51,4.44
221,6001,51,4.45
221,8001,51,4.44
221,10001,51,4.47
221,12001,51,4.37
221,14001,51,4.43
221,16001,51,4.42
221,18001,51,4.49
221,20001,51,4.48
221,22001,51,4.44
221,24001,51,4.4
221,26001,51,4.37
221,28001,51,4.36
221,30001,51,4.41
221,32001,51,4.37
221,34001,51,4.37
221,36001,51,4.42
221,38001,51,4.44
221,40001,51,4.43
221,42001,51,4.46
221,44001,51,4.37
221,46001,51,4.33
221,48001,51,4.45
221,50001,51,4.53
221,52001,51,4.46
221,54001,51,4.41
221,56001,51,4.4
221,58001,51,4.44
221,60001,51,4.55
221,62001,51,4.43
221,64001,51,4.45
221,65535,51,4.3
221,1,61,4.44
221,2001,61,4.44
221,4001,61,4.35
221,6001,61,4.5
221,8001,61,4.39
221,10001,61,4.52
221,12001,61,4.43
221,14001,61,4.42
221,16001,61,4.45
221,18001,61,4.38
221,20001,61,4.41
221,22001,61,4.47
221,24001,61,4.45
221,26001,61,4.34
221,28001,61,4.39
221,30001,61,4.47
221,32001,61,4.35
221,34001,61,4.39
221,36001,61,4.36
221,38001,61,4.44
221,40001,61,4.46
221,42001,61,4.46
221,44001,61,4.55
221,46001,61,4.45
221,48001,61,4.36
221,50001,61,4.43
221,52001,61,4.43
221,54001,61,4.42
221,56001,61,4.42
221,58001,61,4.4
221,60001,61,4.47
221,62001,61,4.47
221,64001,61,4.43
221,65535,61,4.41
221,1,71,4.42
221,2001,71,4.36
221,4001,71,4.41
221,6001,71,4.52
221,8001,71,4.48
221,10001,71,4.44
221,12001,71,4.41
221,14001,71,4.34
221,16001,71,4.41
221,18001,71,4.35
221,20001,71,4.42
221,22001,71,4.47
221,24001,71,4.39
221,26001,71,4.44
221,28001,71,4.45
221,30001,71,4.45
221,32001,71,4.4
221,34001,71,4.33
221,36001,71,4.5
221,38001,71,4.44
221,40001,71,4.37
221,42001,71,4.38
221,44001,71,4.47
221,46001,71,4.45
221,48001,71,4.43
221,50001,71,4.43
221,52001,71,4.46
221,54001,71,4.37
221,56001,71,4.43
221,58001,71,4.33
221,60001,71,4.47
221,62001,71,4.39
221,64001,71,4.47
221,65535,71,4.49
221,1,81,4.36
221,2001,81,4.48
221,4001,81,4.43
221,6001,81,4.32
221,8001,81,4.38
221,10001,81,4.51
221,12001,81,4.45
221,14001,81,4.48
221,16001,81,4.36
221,18001,81,4.47
221,20001,81,4.41
221,22001,81,4.4
221,24001,81,4.44
221,26001,81,4.47
221,28001,81,4.44
221,30001,81,4.32
221,32001,81,4.46
221,34001,81,4.42
221,36001,81,4.34
221,38001,81,4.42
221,40001,81,4.42
221,42001,81,4.44
221,44001,81,4.4
221,46001,81,4.43
221,48001,81,4.45
221,50001,81,4.34
221,52001,81,4.44
221,54001,81,4.44
221,56001,81,4.35
221,58001,81,4.44
221,60001,81,4.34
221,62001,81,4.43
221,64001,81,4.39
221,65535,81,4.51
221,1,91,4.41
221,2001,91,4.4
221,4001,91,4.42
221,6001,91,4.45
221,8001,91,4.53
221,10001,91,4.35
221,12001,91,4.41
221,14001,91,4.49
221,16001,91,4.39
221,18001,91,4.44
221,20001,91,4.44
221,22001,91,4.42
221,24001,91,4.44
221,26001,91,4.5
221,28001,91,4.29
221,30001,91,4.46
221,32001,91,4.44
221,34001,91,4.38
221,36001,91,4.48
221,38001,91,4.45
221,40001,91,4.43
221,42001,91,4.44
221,44001,91,4.45
221,46001,91,4.42
221,48001,91,4.42
221,50001,91,4.44
221,52001,91,4.48
221,54001,91,4.34
221,56001,91,4.46
221,58001,91,4.37
221,60001,91,4.27
221,62001,91,4.49
221,64001,91,4.35
221,65535,91,4.27
221,1,101,4.44
221,2001,101,4.5
221,4001,101,4.42
221,6001,101,4.41
221,8001,101,4.32
221,10001,101,4.36
221,12001,101,4.46
221,14001,101,4.49
221,16001,101,4.53
221,18001,101,4.36
221,20001,101,4.36
221,22001,101,4.41
221,24001,101,4.43
221,26001,101,4.55
221,28001,101,4.48
221,30001,101,4.4
221,32001,101,4.5
221,34001,101,4.52
221,36001,101,4.4
221,38001,101,4.51
221,40001,101,4.4
221,42001,101,4.39
221,44001,101,4.35
221,46001,101,4.52
221,48001,101,4.43
221,50001,101,4.49
221,52001,101,4.48
221,54001,101,4.46
221,56001,101,4.41
221,58001,101,4.41
221,60001,101,4.49
221,62001,101,4.5
221,64001,101,4.56
221,65535,101,4.36
221,1,111,4.4
221,2001,111,4.43
221,4001,111,4.41
221,6001,111,4.48
221,8001,111,4.39
221,10001,111,4.42
221,12001,111,4.44
221,14001,111,4.46
221,16001,111,4.47
221,18001,111,4.4
221,20001,111,4.32
221,22001,111,4.4
221,24001,111,4.45
221,26001,111,4.37
221,28001,111,4.42
221,30001,111,4.4
221,32001,111,4.53
221,34001,111,4.41
221,36001,111,4.39
221,38001,111,4.38
221,40001,111,4.47
221,42001,111,4.46
221,44001,111,4.46
221,46001,111,4.53
221,48001,111,4.39
221,50001,111,4.51
221,52001,111,4.43
221,54001,111,4.36
221,56001,111,4.36
221,58001,111,4.52
221,60001,111,4.45
221,62001,111,4.43
221,64001,111,4.5
221,65535,111,4.43
221,1,121,4.57
221,2001,121,4.44
221,4001,121,4.5
221,6001,121,4.4
221,8001,121,4.46
221,10001,121,4.5
221,12001,121,4.43
221,14001,121,4.33
221,16001,121,4.49
221,18001,121,4.46
221,20001,121,4.36
221,22001,121,4.4
221,24001,121,4.4
221,26001,121,4.41
221,28001,121,4.38
221,30001,121,4.36
221,32001,121,4.43
221,34001,121,4.47
221,36001,121,4.36
221,38001,121,4.46
221,40001,121,4.4
221,42001,121,4.39
221,44001,121,4.37
221,46001,121,4.4
221,48001,121,4.4
221,50001,121,4.38
221,52001,121,4.44
221,54001,121,4.37
221,56001,121,4.4
221,58001,121,4.46
221,60001,121,4.54
221,62001,121,4.37
221,64001,121,4.47
221,65535,121,4.51
221,1,131,4.41
221,2001,131,4.38
221,4001,131,4.45
221,6001,131,4.48
221,8001,131,4.35
221,10001,131,4.45
221,12001,131,4.41
221,14001,131,4.42
221,16001,131,4.55
221,18001,131,4.43
221,20001,131,4.43
221,22001,131,4.51
221,24001,131,4.36
221,26001,131,4.46
221,28001,131,4.3
221,30001,131,4.46
221,32001,131,4.49
221,34001,131,4.37
221,36001,131,4.4
221,38001,131,4.53
221,40001,131,4.39
221,42001,131,4.42
221,44001,131,4.43
221,46001,131,4.42
221,48001,131,4.55
221,50001,131,4.36
221,52001,131,4.44
221,54001,131,4.44
221,56001,131,4.35
221,58001,131,4.44
221,60001,131,4.37
221,62001,131,4.48
221,64001,131,4.46
221,65535,131,4.4
221,1,141,4.46
221,2001,141,4.37
221,4001,141,4.42
221,6001,141,4.42
221,8001,141,4.4
221,10001,141,4.32
221,12001,141,4.38
221,14001,141,4.44
221,16001,141,4.36
221,18001,141,4.5
221,20001,141,4.44
221,22001,141,4.43
221,24001,141,4.44
221,26001,141,4.43
221,28001,141,4.5
221,30001,141,4.41
221,32001,141,4.43
221,34001,141,4.35
221,36001,141,4.45
221,38001,141,4.45
221,40001,141,4.41
221,42001,141,4.38
221,44001,141,4.5
221,46001,141,4.48
221,48001,141,4.4
221,50001,141,4.43
221,52001,141,4.43
221,54001,141,4.36
221,56001,141,4.44
221,58001,141,4.55
221,60001,141,4.46
221,62001,141,4.45
221,64001,141,4.49
221,65535,141,4.49
221,1,151,4.45
221,2001,151,4.48
221,4001,151,4.37
221,6001,151,4.49
221,8001,151,4.39
221,10001,151,4.44
221,12001,151,4.5
221,14001,151,4.36
221,16001,151,4.48
221,18001,151,4.48
221,20001,151,4.45
221,22001,151,4.29
221,24001,151,4.29
221,26001,151,4.39
221,28001,151,4.25
221,30001,151,4.37
221,32001,151,4.42
221,34001,151,4.45
221,36001,151,4.4
221,38001,151,4.32
221,40001,151,4.43
221,42001,151,4.49
221,44001,151,4.35
221,46001,151,4.51
221,48001,151,4.44
221,50001,151,4.44
221,52001,151,4.39
221,54001,151,4.4
221,56001,151,4.41
221,58001,151,4.52
221,60001,151,4.46
221,62001,151,4.39
221,64001,151,4.44
221,65535,151,4.43
221,1,161,4.45
221,2001,161,4.45
221,4001,161,4.44
221,6001,161,4.45
221,8001,161,4.53
221,10001,161,4.47
221,12001,161,4.38
221,14001,161,4.42
221,16001,161,4.46
221,18001,161,4.44
221,20001,161,4.38
221,22001,161,4.36
221,24001,161,4.29
221,26001,161,4.37
221,28001,161,4.42
221,30001,161,4.48
221,32001,161,4.42
221,34001,161,4.39
221,36001,161,4.38
221,38001,161,4.33
221,40001,161,4.42
221,42001,161,4.46
221,44001,161,4.21
221,46001,161,4.46
221,48001,161,4.48
221,50001,161,4.45
221,52001,161,4.42
221,54001,161,4.34
221,56001,161,4.51
221,58001,161,4.47
221,60001,161,4.46
221,62001,161,4.49
221,64001,161,4.4
221,65535,161,4.47
221,1,171,4.41
221,2001,171,4.43
221,4001,171,4.46
221,6001,171,4.43
221,8001,171,4.47
221,10001,171,4.36
221,12001,171,4.44
221,14001,171,4.51
221,16001,171,4.48
221,18001,171,4.44
221,20001,171,4.29
221,22001,171,3.95
221,24001,171,4.05
221,26001,171,4.46
221,28001,171,4.57
221,30001,171,4.39
221,32001,171,4.42
221,34001,171,4.49
221,36001,171,4.35
221,38001,171,4.51
221,40001,171,4.43
221,42001,171,4.33
221,44001,171,4.07
221,46001,171,4.42
221,48001,171,4.41
221,50001,171,4.31
221,52001,171,4.29
221,54001,171,4.52
221,56001,171,4.4
221,58001,171,4.43
221,60001,171,4.37
221,62001,171,4.49
221,64001,171,4.47
221,65535,171,4.4
221,1,181,4.42
221,2001,181,4.44
221,4001,181,4.44
221,6001,181,4.43
221,8001,181,4.41
221,10001,181,4.43
221,12001,181,4.48
221,14001,181,4.37
221,16001,181,4.41
221,18001,181,4.44
221,20001,181,4.3
221,22001,181,3.81
221,24001,181,3.94
221,26001,181,4.26
221,28001,181,4.41
221,30001,181,4.39
221,32001,181,4.43
221,34001,181,4.45
221,36001,181,4.43
221,38001,181,4.41
221,40001,181,4.4
221,42001,181,4.2
221,44001,181,4.06
221,46001,181,4.24
221,48001,181,4.53
221,50001,181,4.44
221,52001,181,4.41
221,54001,181,4.45
221,56001,181,4.43
221,58001,181,4.43
221,60001,181,4.46
221,62001,181,4.55
221,64001,181,4.39
221,65535,181,4.46
221,1,191,4.29
221,2001,191,4.41
221,4001,191,4.53
221,6001,191,4.4
221,8001,191,4.45
221,10001,191,4.48
221,12001,191,4.51
221,14001,191,4.42
221,16001,191,4.39
221,18001,191,4.49
221,20001,191,4.07
221,22001,191,3.74
221,24001,191,3.91
221,26001,191,3.85
221,28001,191,4.27
221,30001,191,4.38
221,32001,191,4.37
221,34001,191,4.38
221,36001,191,4.4
221,38001,191,4.44
221,40001,191,4.28
221,42001,191,4.06
221,44001,191,3.83
221,46001,191,4.22
221,48001,191,4.43
221,50001,191,4.48
221,52001,191,4.48
221,54001,191,4.51
221,56001,191,4.5
221,58001,191,4.44
221,60001,191,4.46
221,62001,191,4.39
221,64001,191,4.55
221,65535,191,4.35
221,1,201,4.37
221,2001,201,4.34
221,4001,201,4.4
221,6001,201,4.41
221,8001,201,4.44
221,10001,201,4.42
221,12001,201,4.39
221,14001,201,4.43
221,16001,201,4.46
221,18001,201,4.4
221,20001,201,3.8
221,22001,201,3.49
221,24001,201,3.77
221,26001,201,3.93
221,28001,201,4.29
221,30001,201,4.38
221,32001,201,4.51
221,34001,201,4.38
221,36001,201,4.47
221,38001,201,4.24
221,40001,201,4.1
221,42001,201,3.86
221,44001,201,3.72
221,46001,201,4.02
221,48001,201,4.46
221,50001,201,4.48
221,52001,201,4.42
221,54001,201,4.51
221,56001,201,4.45
221,58001,201,4.38
221,60001,201,4.44
221,62001,201,4.48
221,64001,201,4.39
221,65535,201,4.27
221,1,211,4.18
221,2001,211,4.29
221,4001,211,4.48
221,6001,211,4.48
221,8001,211,4.43
221,10001,211,4.43
221,12001,211,4.41
221,14001,211,4.5
221,16001,211,4.59
221,18001,211,4.28
221,20001,211,3.85
221,22001,211,3.44
221,24001,211,3.62
221,26001,211,3.9
221,28001,211,4.12
221,30001,211,4.31
221,32001,211,4.43
221,34001,211,4.38
221,36001,211,4.44
221,38001,211,4.22
221,40001,211,4.09
221,42001,211,3.7
221,44001,211,3.66
221,46001,211,3.89
221,48001,211,4.38
221,50001,211,4.5
221,52001,211,4.49
221,54001,211,4.49
221,56001,211,4.45
221,58001,211,4.55
221,60001,211,4.37
221,62001,211,4.43
221,64001,211,4.4
221,65535,211,4.14
221,1,221,4.1
221,2001,221,4.21
221,4001,221,4.46
221,6001,221,4.51
221,8001,221,4.45
221,10001,221,4.46
221,12001,221,4.37
221,14001,221,4.46
221,16001,221,4.36
221,18001,221,4.07
221,20001,221,3.72
221,22001,221,3.32
221,24001,221,3.42
221,26001,221,3.81
221,28001,221,4.14
221,30001,221,4.46
221,32001,221,4.38
221,34001,221,4.33
221,36001,221,4.42
221,38001,221,4.2
221,40001,221,3.8
221,42001,221,3.75
221,44001,221,3.47
221,46001,221,3.6
221,48001,221,4.21
221,50001,221,4.31
221,52001,221,4.38
221,54001,221,4.45
221,56001,221,4.48
221,58001,221,4.58
221,60001,221,4.42
221,62001,221,4.49
221,64001,221,4.26
221,65535,221,4.01
221,1,231,4.08
221,2001,231,4.15
221,4001,231,4.41
221,6001,231,4.54
221,8001,231,4.37
221,10001,231,4.44
221,12001,231,4.39
221,14001,231,4.36
221,16001,231,4.37
221,18001,231,4.09
221,20001,231,3.91
221,22001,231,3.18
221,24001,231,3.33
221,26001,231,3.55
221,28001,231,3.97
221,30001,231,4.4
221,32001,231,4.46
221,34001,231,4.49
221,36001,231,4.45
221,38001,231,4.02
221,40001,231,3.78
221,42001,231,3.53
221,44001,231,3.47
221,46001,231,3.67
221,48001,231,3.97
221,50001,231,4.53
221,52001,231,4.5
221,54001,231,4.42
221,56001,231,4.36
221,58001,231,4.4
221,60001,231,4.49
221,62001,231,4.34
221,64001,231,4.26
221,65535,231,3.98
221,1,241,3.99
221,2001,241,4.18
221,4001,241,4.38
221,6001,241,4.41
221,8001,241,4.48
221,10001,241,4.48
221,12001,241,4.49
221,14001,241,4.4
221,16001,241,4.44
221,18001,241,3.83
221,20001,241,3.7
221,22001,241,3.06
221,24001,241,3.14
221,26001,241,3.46
221,28001,241,3.85
221,30001,241,4.24
221,32001,241,4.42
221,34001,241,4.45
221,36001,241,4.25
221,38001,241,4.05
221,40001,241,3.73
221,42001,241,3.55
221,44001,241,3.25
221,46001,241,3.48
221,48001,241,3.97
221,50001,241,4.37
221,52001,241,4.49
221,54001,241,4.52
221,56001,241,4.36
221,58001,241,4.42
221,60001,241,4.51
221,62001,241,4.37
221,64001,241,4.11
221,65535,241,3.92
221,1,251,3.97
221,2001,251,4.01
221,4001,251,4.33
221,6001,251,4.43
221,8001,251,4.4
221,10001,251,4.41
221,12001,251,4.39
221,14001,251,4.41
221,16001,251,4.39
221,18001,251,3.89
221,20001,251,3.31
221,22001,251,3.03
221,24001,251,3.09
221,26001,251,3.38
221,28001,251,3.73
221,30001,251,3.91
221,32001,251,4.46
221,34001,251,4.37
221,36001,251,4.14
221,38001,251,4.11
221,40001,251,3.47
221,42001,251,3.41
221,44001,251,3.18
221,46001,251,3.37
221,48001,251,4.11
221,50001,251,4.25
221,52001,251,4.52
221,54001,251,4.47
221,56001,251,4.51
221,58001,251,4.43
221,60001,251,4.45
221,62001,251,4.33
221,64001,251,4.1
221,65535,251,3.89
221,1,254,3.94
221,2001,254,4.07
221,4001,254,4.29
221,6001,254,4.41
221,8001,254,4.48
221,10001,254,4.48
221,12001,254,4.6
221,14001,254,4.39
221,16001,254,4.37
221,18001,254,3.89
221,20001,254,3.7
221,22001,254,3.06
221,24001,254,3.06
221,26001,254,3.39
221,28001,254,3.49
221,30001,254,4.2
221,32001,254,4.44
221,34001,254,4.34
221,36001,254,4.16
221,38001,254,3.81
221,40001,254,3.41
221,42001,254,3.3
221,44001,254,3.16
221,46001,254,3.43
221,48001,254,3.92
221,50001,254,4.3
221,52001,254,4.53
221,54001,254,4.51
221,56001,254,4.44
221,58001,254,4.38
221,60001,254,4.54
221,62001,254,4.23
221,64001,254,4.12
221,65535,254,3.92
231,1,1,4.39
231,2001,1,4.38
231,4001,1,4.33
231,6001,1,4.46
231,8001,1,4.43
231,10001,1,4.41
231,12001,1,4.44
231,14001,1,4.48
231,16001,1,4.45
231,18001,1,4.43
231,20001,1,4.54
231,22001,1,4.42
231,24001,1,4.47
231,26001,1,4.53
231,28001,1,4.37
231,30001,1,4.47
231,32001,1,4.5
231,34001,1,4.46
231,36001,1,4.42
231,38001,1,4.38
231,40001,1,4.47
231,42001,1,4.39
231,44001,1,4.45
231,46001,1,4.43
231,48001,1,4.36
231,50001,1,4.42
231,52001,1,4.46
231,54001,1,4.39
231,56001,1,4.47
231,58001,1,4.42
231,60001,1,4.44
231,62001,1,4.5
231,64001,1,4.41
231,65535,1,4.39
231,1,11,4.34
231,2001,11,4.41
231,4001,11,4.48
231,6001,11,4.46
231,8001,11,4.4
231,10001,11,4.42
231,12001,11,4.42
231,14001,11,4.44
231,16001,11,4.39
231,18001,11,4.47
231,20001,11,4.43
231,22001,11,4.44
231,24001,11,4.4
231,26001,11,4.48
231,28001,11,4.33
231,30001,11,4.42
231,32001,11,4.45
231,34001,11,4.31
231,36001,11,4.42
231,38001,11,4.4
231,40001,11,4.47
231,42001,11,4.48
231,44001,11,4.37
231,46001,11,4.45
231,48001,11,4.39
231,50001,11,4.46
231,52001,11,4.4
231,54001,11,4.43
231,56001,11,4.35
231,58001,11,4.34
231,60001,11,4.5
231,62001,11,4.41
231,64001,11,4.41
231,65535,11,4.41
231,1,21,4.46
231,2001,21,4.4
231,4001,21,4.45
231,6001,21,4.36
231,8001,21,4.35
231,10001,21,4.36
231,12001,21,4.47
231,14001,21,4.4
231,16001,21,4.49
231,18001,21,4.46
231,20001,21,4.38
231,22001,21,4.52
231,24001,21,4.4
231,26001,21,4.4
231,28001,21,4.52
231,30001,21,4.46
231,32001,21,4.41
231,34001,21,4.41
231,36001,21,4.47
231,38001,21,4.46
231,40001,21,4.44
231,42001,21,4.43
231,44001,21,4.42
231,46001,21,4.39
231,48001,21,4.48
231,50001,21,4.35
231,52001,21,4.41
231,54001,21,4.36
231,56001,21,4.43
231,58001,21,4.44
231,60001,21,4.46
231,62001,21,4.43
231,64001,21,4.4
231,65535,21,4.47
231,1,31,4.48
231,2001,31,4.39
231,4001,31,4.53
231,6001,31,4.5
231,8001,31,4.47
231,10001,31,4.44
231,12001,31,4.45
231,14001,31,4.47
231,16001,31,4.49
231,18001,31,4.42
231,20001,31,4.43
231,22001,31,4.44
231,24001,31,4.5
231,26001,31,4.44
231,28001,31,4.54
231,30001,31,4.48
231,32001,31,4.47
231,34001,31,4.43
231,36001,31,4.42
231,38001,31,4.51
231,40001,31,4.45
231,42001,31,4.53
231,44001,31,4.46
231,46001,31,4.47
231,48001,31,4.51
231,50001,31,4.43
231,52001,31,4.44
231,54001,31,4.5
231,56001,31,4.52
231,58001,31,4.27
231,60001,31,4.28
231,62001,31,4.42
231,64001,31,4.42
231,65535,31,4.45
231,1,41,4.39
231,2001,41,4.4
231,4001,41,4.52
231,6001,41,4.41
231,8001,41,4.38
231,10001,41,4.48
231,12001,41,4.44
231,14001,41,4.44
231,16001,41,4.45
231,18001,41,4.46
231,20001,41,4.42
231,22001,41,4.44
231,24001,41,4.48
231,26001,41,4.38
231,28001,41,4.53
231,30001,41,4.38
231,32001,41,4.35
231,34001,41,4.43
231,36001,41,4.44
231,38001,41,4.43
231,40001,41,4.42
231,42001,41,4.46
231,44001,41,4.45
231,46001,41,4.47
231,48001,41,4.39
231,50001,41,4.39
231,52001,41,4.48
231,54001,41,4.47
231,56001,41,4.45
231,58001,41,4.52
231,60001,41,4.4
231,62001,41,4.37
231,64001,41,4.39
231,65535,41,4.41
231,1,51,4.5
231,2001,51,4.46
231,4001,51,4.44
231,6001,51,4.43
231,8001,51,4.52
231,10001,51,4.4
231,12001,51,4.42
231,14001,51,4.45
231,16001,51,4.44
231,18001,51,4.48
231,20001,51,4.47
231,22001,51,4.44
231,24001,51,4.43
231,26001,51,4.48
231,28001,51,4.43
231,30001,51,4.45
231,32001,51,4.44
231,34001,51,4.44
231,36001,51,4.38
231,38001,51,4.4
231,40001,51,4.4
231,42001,51,4.46
231,44001,51,4.47
231,46001,51,4.42
231,48001,51,4.5
231,50001,51,4.34
231,52001,51,4.46
231,54001,51,4.51
231,56001,51,4.41
231,58001,51,4.37
231,60001,51,4.53
231,62001,51,4.45
231,64001,51,4.47
231,65535,51,4.45
231,1,61,4.36
231,2001,61,4.45
231,4001,61,4.43
231,6001,61,4.39
231,8001,61,4.45
231,10001,61,4.44
231,12001,61,4.39
231,14001,61,4.44
231,16001,61,4.44
231,18001,61,4.36
231,20001,61,4.39
231,22001,61,4.39
231,24001,61,4.47
231,26001,61,4.42
231,28001,61,4.42
231,30001,61,4.4
231,32001,61,4.39
231,34001,61,4.42
231,36001,61,4.47
231,38001,61,4.37
231,40001,61,4.43
231,42001,61,4.42
231,44001,61,4.44
231,46001,61,4.39
231,48001,61,4.42
231,50001,61,4.39
231,52001,61,4.41
231,54001,61,4.46
231,56001,61,4.45
231,58001,61,4.39
231,60001,61,4.4
231,62001,61,4.36
231,64001,61,4.44
231,65535,61,4.47
231,1,71,4.53
231,2001,71,4.42
231,4001,71,4.41
231,6001,71,4.52
231,8001,71,4.47
231,10001,71,4.45
231,12001,71,4.46
231,14001,71,4.39
231,16001,71,4.43
231,18001,71,4.48
231,20001,71,4.44
231,22001,71,4.36
231,24001,71,4.45
231,26001,71,4.42
231,28001,71,4.53
231,30001,71,4.42
231,32001,71,4.45
231,34001,71,4.49
231,36001,71,4.33
231,38001,71,4.44
231,40001,71,4.39
231,42001,71,4.46
231,44001,71,4.43
231,46001,71,4.38
231,48001,71,4.4
231,50001,71,4.54
231,52001,71,4.37
231,54001,71,4.37
231,56001,71,4.35
231,58001,71,4.54
231,60001,71,4.54
231,62001,71,4.35
231,64001,71,4.5
231,65535,71,4.55
231,1,81,4.51
231,2001,81,4.48
231,4001,81,4.44
231,6001,81,4.45
231,8001,81,4.45
231,10001,81,4.43
231,12001,81,4.35
231,14001,81,4.51
231,16001,81,4.39
231,18001,81,4.34
231,20001,81,4.46
231,22001,81,4.42
231,24001,81,4.43
231,26001,81,4.4
231,28001,81,4.42
231,30001,81,4.33
231,32001,81,4.38
231,34001,81,4.39
231,36001,81,4.49
231,38001,81,4.34
231,40001,81,4.45
231,42001,81,4.42
231,44001,81,4.44
231,46001,81,4.37
231,48001,81,4.4
231,50001,81,4.47
231,52001,81,4.42
231,54001,81,4.51
231,56001,81,4.49
231,58001,81,4.46
231,60001,81,4.34
231,62001,81,4.36
231,64001,81,4.47
231,65535,81,4.39
231,1,91,4.43
231,2001,91,4.38
231,4001,91,4.51
231,6001,91,4.47
231,8001,91,4.43
231,10001,91,4.36
231,12001,91,4.39
231,14001,91,4.41
231,16001,91,4.38
231,18001,91,4.44
231,20001,91,4.55
231,22001,91,4.48
231,24001,91,4.33
231,26001,91,4.42
231,28001,91,4.5
231,30001,91,4.49
231,32001,91,4.46
231,34001,91,4.4
231,36001,91,4.46
231,38001,91,4.5
231,40001,91,4.37
231,42001,91,4.54
231,44001,91,4.36
231,46001,91,4.32
231,48001,91,4.35
231,50001,91,4.47
231,52001,91,4.5
231,54001,91,4.44
231,56001,91,4.37
231,58001,91,4.42
231,60001,91,4.38
231,62001,91,4.44
231,64001,91,4.55
231,65535,91,4.54
231,1,101,4.48
231,2001,101,4.35
231,4001,101,4.47
231,6001,101,4.37
231,8001,101,4.38
231,10001,101,4.43
231,12001,101,4.49
231,14001,101,4.38
231,16001,101,4.5
231,18001,101,4.5
231,20001,101,4.41
231,22001,101,4.39
231,24001,101,4.45
231,26001,101,4.3
231,28001,101,4.37
231,30001,101,4.43
231,32001,101,4.46
231,34001,101,4.44
231,36001,101,4.42
231,38001,101,4.39
231,40001,101,4.38
231,42001,101,4.5
231,44001,101,4.37
231,46001,101,4.36
231,48001,101,4.44
231,50001,101,4.4
231,52001,101,4.49
231,54001,101,4.43
231,56001,101,4.48
231,58001,101,4.42
231,60001,101,4.37
231,62001,101,4.49
231,64001,101,4.44
231,65535,101,4.39
231,1,111,4.44
231,2001,111,4.43
231,4001,111,4.39
231,6001,111,4.44
231,8001,111,4.42
231,10001,111,4.36
231,12001,111,4.53
231,14001,111,4.45
231,16001,111,4.45
231,18001,111,4.32
231,20001,111,4.38
231,22001,111,4.41
231,24001,111,4.45
231,26001,111,4.39
231,28001,111,4.39
231,30001,111,4.46
231,32001,111,4.49
231,34001,111,4.41
231,36001,111,4.34
231,38001,111,4.39
231,40001,111,4.32
231,42001,111,4.49
231,44001,111,4.47
231,46001,111,4.45
231,48001,111,4.43
231,50001,111,4.47
231,52001,111,4.47
231,54001,111,4.4
231,56001,111,4.45
231,58001,111,4.44
231,60001,111,4.47
231,62001,111,4.44
231,64001,111,4.43
231,65535,111,4.42
231,1,121,4.45
231,2001,121,4.54
231,4001,121,4.48
231,6001,121,4.51
231,8001,121,4.46
231,10001,121,4.36
231,12001,121,4.42
231,14001,121,4.42
231,16001,121,4.41
231,18001,121,4.39
231,20001,121,4.5
231,22001,121,4.44
231,24001,121,4.43
231,26001,121,4.43
231,28001,121,4.4
231,30001,121,4.38
231,32001,121,4.32
231,34001,121,4.42
231,36001,121,4.43
231,38001,121,4.45
231,40001,121,4.45
231,42001,121,4.47
231,44001,121,4.35
231,46001,121,4.45
231,48001,121,4.48
231,50001,121,4.43
231,52001,121,4.39
231,54001,121,4.41
231,56001,121,4.44
231,58001,121,4.43
231,60001,121,4.43
231,62001,121,4.41
231,64001,121,4.46
231,65535,121,4.51
231,1,131,4.54
231,2001,131,4.42
231,4001,131,4.44
231,6001,131,4.38
231,8001,131,4.47
231,10001,131,4.5
231,12001,131,4.43
231,14001,131,4.45
231,16001,131,4.43
231,18001,131,4.49
231,20001,131,4.49
231,22001,131,4.37
231,24001,131,4.43
231,26001,131,4.36
231,28001,131,4.46
231,30001,131,4.36
231,32001,131,4.43
231,34001,131,4.42
231,36001,131,4.33
231,38001,131,4.49
231,40001,131,4.38
231,42001,131,4.47
231,44001,131,4.43
231,46001,131,4.43
231,48001,131,4.37
231,50001,131,4.45
231,52001,131,4.37
231,54001,131,4.43
231,56001,131,4.46
231,58001,131,4.39
231,60001,131,4.36
231,62001,131,4.42
231,64001,131,4.36
231,65535,131,4.55
231,1,141,4.51
231,2001,141,4.42
231,4001,141,4.49
231,6001,141,4.46
231,8001,141,4.48
231,10001,141,4.49
231,12001,141,4.5
231,14001,141,4.57
231,16001,141,4.42
231,18001,141,4.42
231,20001,141,4.44
231,22001,141,4.41
231,24001,141,4.43
231,26001,141,4.41
231,28001,141,4.38
231,30001,141,4.43
231,32001,141,4.34
231,34001,141,4.44
231,36001,141,4.36
231,38001,141,4.32
231,40001,141,4.55
231,42001,141,4.39
231,44001,141,4.52
231,46001,141,4.49
231,48001,141,4.43
231,50001,141,4.43
231,52001,141,4.42
231,54001,141,4.41
231,56001,141,4.53
231,58001,141,4.47
231,60001,141,4.4
231,62001,141,4.42
231,64001,141,4.4
231,65535,141,4.44
231,1,151,4.43
231,2001,151,4.4
231,4001,151,4.37
231,6001,151,4.46
231,8001,151,4.38
231,10001,151,4.49
231,12001,151,4.39
231,14001,151,4.42
231,16001,151,4.42
231,18001,151,4.5
231,20001,151,4.38
231,22001,151,4.39
231,24001,151,4.51
231,26001,151,4.44
231,28001,151,4.4
231,30001,151,4.38
231,32001,151,4.38
231,34001,151,4.42
231,36001,151,4.5
231,38001,151,4.42
231,40001,151,4.42
231,42001,151,4.36
231,44001,151,4.46
231,46001,151,4.44
231,48001,151,4.48
231,50001,151,4.51
231,52001,151,4.44
231,54001,151,4.43
231,56001,151,4.37
231,58001,151,4.41
231,60001,151,4.46
231,62001,151,4.38
231,64001,151,4.45
231,65535,151,4.36
231,1,161,4.45
231,2001,161,4.4
231,4001,161,4.5
231,6001,161,4.47
231,8001,161,4.5
231,10001,161,4.5
231,12001,161,4.41
231,14001,161,4.51
231,16001,161,4.48
231,18001,161,4.36
231,20001,161,4.41
231,22001,161,4.32
231,24001,161,4.4
231,26001,161,4.42
231,28001,161,4.36
231,30001,161,4.43
231,32001,161,4.48
231,34001,161,4.5
231,36001,161,4.48
231,38001,161,4.36
231,40001,161,4.46
231,42001,161,4.37
231,44001,161,4.43
231,46001,161,4.5
231,48001,161,4.47
231,50001,161,4.38
231,52001,161,4.39
231,54001,161,4.42
231,56001,161,4.5
231,58001,161,4.45
231,60001,161,4.48
231,62001,161,4.37
231,64001,161,4.39
231,65535,161,4.48
231,1,171,4.44
231,2001,171,4.52
231,4001,171,4.47
231,6001,171,4.44
231,8001,171,4.43
231,10001,171,4.4
231,12001,171,4.42
231,14001,171,4.48
231,16001,171,4.36
231,18001,171,4.4
231,20001,171,4.42
231,22001,171,4.35
231,24001,171,4.33
231,26001,171,4.44
231,28001,171,4.43
231,30001,171,4.38
231,32001,171,4.4
231,34001,171,4.3
231,36001,171,4.34
231,38001,171,4.38
231,40001,171,4.45
231,42001,171,4.38
231,44001,171,4.27
231,46001,171,4.33
231,48001,171,4.45
231,50001,171,4.31
231,52001,171,4.45
231,54001,171,4.4
231,56001,171,4.52
231,58001,171,4.46
231,60001,171,4.4
231,62001,171,4.41
231,64001,171,4.55
231,65535,171,4.38
231,1,181,4.44
231,2001,181,4.48
231,4001,181,4.47
231,6001,181,4.48
231,8001,181,4.43
231,10001,181,4.4
231,12001,181,4.37
231,14001,181,4.3
231,16001,181,4.41
231,18001,181,4.35
231,20001,181,4.44
231,22001,181,4.13
231,24001,181,4.23
231,26001,181,4.39
231,28001,181,4.28
231,30001,181,4.44
231,32001,181,4.48
231,34001,181,4.37
231,36001,181,4.45
231,38001,181,4.34
231,40001,181,4.45
231,42001,181,4.41
231,44001,181,4.18
231,46001,181,4.43
231,48001,181,4.47
231,50001,181,4.47
231,52001,181,4.4
231,54001,181,4.41
231,56001,181,4.38
231,58001,181,4.34
231,60001,181,4.49
231,62001,181,4.42
231,64001,181,4.38
231,65535,181,4.44
231,1,191,4.39
231,2001,191,4.48
231,4001,191,4.52
231,6001,191,4.39
231,8001,191,4.43
231,10001,191,4.43
231,12001,191,4.41
231,14001,191,4.37
231,16001,191,4.41
231,18001,191,4.39
231,20001,191,4.28
231,22001,191,3.89
231,24001,191,4.16
231,26001,191,4.35
231,28001,191,4.38
231,30001,191,4.37
231,32001,191,4.37
231,34001,191,4.39
231,36001,191,4.37
231,38001,191,4.48
231,40001,191,4.45
231,42001,191,4.21
231,44001,191,3.99
231,46001,191,4.41
231,48001,191,4.5
231,50001,191,4.36
231,52001,191,4.44
231,54001,191,4.43
231,56001,191,4.49
231,58001,191,4.47
231,60001,191,4.4
231,62001,191,4.46
231,64001,191,4.48
231,65535,191,4.53
231,1,201,4.34
231,2001,201,4.46
231,4001,201,4.4
231,6001,201,4.46
231,8001,201,4.35
231,10001,201,4.56
231,12001,201,4.58
231,14001,201,4.42
231,16001,201,4.47
231,18001,201,4.32
231,20001,201,4.2
231,22001,201,3.8
231,24001,201,3.92
231,26001,201,4.25
231,28001,201,4.36
231,30001,201,4.42
231,32001,201,4.42
231,34001,201,4.55
231,36001,201,4.41
231,38001,201,4.4
231,40001,201,4.32
231,42001,201,4.14
231,44001,201,3.85
231,46001,201,4.23
231,48001,201,4.47
231,50001,201,4.46
231,52001,201,4.48
231,54001,201,4.46
231,56001,201,4.46
231,58001,201,4.52
231,60001,201,4.44
231,62001,201,4.43
231,64001,201,4.46
231,65535,201,4.46
231,1,211,4.37
231,2001,211,4.38
231,4001,211,4.43
231,6001,211,4.41
231,8001,211,4.45
231,10001,211,4.44
231,12001,211,4.46
231,14001,211,4.47
231,16001,211,4.45
231,18001,211,4.34
231,20001,211,3.98
231,22001,211,3.53
231,24001,211,3.84
231,26001,211,4.05
231,28001,211,4.52
231,30001,211,4.39
231,32001,211,4.33
231,34001,211,4.38
231,36001,211,4.45
231,38001,211,4.52
231,40001,211,4.21
231,42001,211,3.99
231,44001,211,3.73
231,46001,211,4.13
231,48001,211,4.55
231,50001,211,4.41
231,52001,211,4.42
231,54001,211,4.44
231,56001,211,4.44
231,58001,211,4.46
231,60001,211,4.47
231,62001,211,4.56
231,64001,211,4.38
231,65535,211,4.21
231,1,221,4.17
231,2001,221,4.33
231,4001,221,4.45
231,6001,221,4.47
231,8001,221,4.45
231,10001,221,4.47
231,12001,221,4.43
231,14001,221,4.47
231,16001,221,4.48
231,18001,221,4.41
231,20001,221,3.78
231,22001,221,3.7
231,24001,221,3.71
231,26001,221,3.76
231,28001,221,4.33
231,30001,221,4.36
231,32001,221,4.41
231,34001,221,4.39
231,36001,221,4.4
231,38001,221,4.37
231,40001,221,3.97
231,42001,221,3.85
231,44001,221,3.66
231,46001,221,3.93
231,48001,221,4.26
231,50001,221,4.42
231,52001,221,4.44
231,54001,221,4.55
231,56001,221,4.33
231,58001,221,4.48
231,60001,221,4.48
231,62001,221,4.47
231,64001,221,4.45
231,65535,221,4.26
231,1,231,4.2
231,2001,231,4.32
231,4001,231,4.46
231,6001,231,4.45
231,8001,231,4.49
231,10001,231,4.42
231,12001,231,4.43
231,14001,231,4.42
231,16001,231,4.49
231,18001,231,4.16
231,20001,231,3.81
231,22001,231,3.33
231,24001,231,3.47
231,26001,231,3.76
231,28001,231,4.17
231,30001,231,4.5
231,32001,231,4.44
231,34001,231,4.38
231,36001,231,4.5
231,38001,231,4.23
231,40001,231,3.96
231,42001,231,3.77
231,44001,231,3.43
231,46001,231,3.89
231,48001,231,4.47
231,50001,231,4.51
231,52001,231,4.41
231,54001,231,4.41
231,56001,231,4.48
231,58001,231,4.39
231,60001,231,4.37
231,62001,231,4.41
231,64001,231,4.34
231,65535,231,4.13
231,1,241,4.1
231,2001,241,4.34
231,4001,241,4.53
231,6001,241,4.5
231,8001,241,4.5
231,10001,241,4.49
231,12001,241,4.37
231,14001,241,4.5
231,16001,241,4.42
231,18001,241,4.34
231,20001,241,3.73
231,22001,241,3.47
231,24001,241,3.44
231,26001,241,3.5
231,28001,241,3.78
231,30001,241,4.25
231,32001,241,4.46
231,34001,241,4.37
231,36001,241,4.35
231,38001,241,4.28
231,40001,241,3.79
231,42001,241,3.64
231,44001,241,3.47
231,46001,241,3.55
231,48001,241,4.32
231,50001,241,4.48
231,52001,241,4.4
231,54001,241,4.38
231,56001,241,4.46
231,58001,241,4.49
231,60001,241,4.53
231,62001,241,4.48
231,64001,241,4.34
231,65535,241,4.3
231,1,251,4.13
231,2001,251,4.34
231,4001,251,4.31
231,6001,251,4.4
231,8001,251,4.39
231,10001,251,4.46
231,12001,251,4.45
231,14001,251,4.42
231,16001,251,4.44
231,18001,251,3.92
231,20001,251,3.53
231,22001,251,3.13
231,24001,251,3.26
231,26001,251,3.5
231,28001,251,3.98
231,30001,251,4.24
231,32001,251,4.35
231,34001,251,4.42
231,36001,251,4.39
231,38001,251,3.98
231,40001,251,3.77
231,42001,251,3.41
231,44001,251,3.26
231,46001,251,3.55
231,48001,251,4.01
231,50001,251,4.41
231,52001,251,4.43
231,54001,251,4.47
231,56001,251,4.4
231,58001,251,4.52
231,60001,251,4.49
231,62001,251,4.47
231,64001,251,4.23
231,65535,251,4.15
231,1,254,4.11
231,2001,254,4.21
231,4001,254,4.48
231,6001,254,4.44
231,8001,254,4.42
231,10001,254,4.41
231,12001,254,4.49
231,14001,254,4.41
231,16001,254,4.41
231,18001,254,4.25
231,20001,254,3.46
231,22001,254,3.32
231,24001,254,3.29
231,26001,254,3.4
231,28001,254,3.77
231,30001,254,4.18
231,32001,254,4.42
231,34001,254,4.5
231,36001,254,4.39
231,38001,254,4.18
231,40001,254,3.85
231,42001,254,3.53
231,44001,254,3.34
231,46001,254,3.61
231,48001,254,4.06
231,50001,254,4.4
231,52001,254,4.43
231,54001,254,4.38
231,56001,254,4.44
231,58001,254,4.5
231,60001,254,4.47
231,62001,254,4.48
231,64001,254,4.16
231,65535,254,4.12
241,1,1,4.38
241,2001,1,4.43
241,4001,1,4.41
241,6001,1,4.43
241,8001,1,4.37
241,10001,1,4.49
241,12001,1,4.46
241,14001,1,4.39
241,16001,1,4.4
241,18001,1,4.47
241,20001,1,4.38
241,22001,1,4.42
241,24001,1,4.5
241,26001,1,4.41
241,28001,1,4.4
241,30001,1,4.36
241,32001,1,4.38
241,34001,1,4.4
241,36001,1,4.37
241,38001,1,4.39
241,40001,1,4.38
241,42001,1,4.35
241,44001,1,4.48
241,46001,1,4.41
241,48001,1,4.44
241,50001,1,4.36
241,52001,1,4.38
241,54001,1,4.48
241,56001,1,4.47
241,58001,1,4.52
241,60001,1,4.37
241,62001,1,4.51
241,64001,1,4.46
241,65535,1,4.42
241,1,11,4.46
241,2001,11,4.44
241,4001,11,4.43
241,6001,11,4.43
241,8001,11,4.54
241,10001,11,4.41
241,12001,11,4.49
241,14001,11,4.39
241,16001,11,4.36
241,18001,11,4.42
241,20001,11,4.37
241,22001,11,4.44
241,24001,11,4.38
241,26001,11,4.5
241,28001,11,4.5
241,30001,11,4.4
241,32001,11,4.42
241,34001,11,4.43
241,36001,11,4.41
241,38001,11,4.47
241,40001,11,4.38
241,42001,11,4.38
241,44001,11,4.36
241,46001,11,4.38
241,48001,11,4.43
241,50001,11,4.44
241,52001,11,4.38
241,54001,11,4.46
241,56001,11,4.33
241,58001,11,4.39
241,60001,11,4.43
241,62001,11,4.41
241,64001,11,4.36
241,65535,11,4.52
241,1,21,4.44
241,2001,21,4.4
241,4001,21,4.42
241,6001,21,4.38
241,8001,21,4.42
241,10001,21,4.52
241,12001,21,4.42
241,14001,21,4.48
241,16001,21,4.47
241,18001,21,4.48
241,20001,21,4.48
241,22001,21,4.4
241,24001,21,4.41
241,26001,21,4.46
241,28001,21,4.35
241,30001,21,4.42
241,32001,21,4.43
241,34001,21,4.35
241,36001,21,4.44
241,38001,21,4.34
241,40001,21,4.45
241,42001,21,4.53
241,44001,21,4.52
241,46001,21,4.5
241,48001,21,4.43
241,50001,21,4.47
241,52001,21,4.47
241,54001,21,4.53
241,56001,21,4.37
241,58001,21,4.35
241,60001,21,4.48
241,62001,21,4.43
241,64001,21,4.49
241,65535,21,4.41
241,1,31,4.37
241,2001,31,4.5
241,4001,31,4.46
241,6001,31,4.43
241,8001,31,4.4
241,10001,31,4.4
241,12001,31,4.43
241,14001,31,4.35
241,16001,31,4.44
241,18001,31,4.47
241,20001,31,4.38
241,22001,31,4.46
241,24001,31,4.49
241,26001,31,4.37
241,28001,31,4.28
241,30001,31,4.47
241,32001,31,4.39
241,34001,31,4.45
241,36001,31,4.49
241,38001,31,4.33
241,40001,31,4.43
241,42001,31,4.42
241,44001,31,4.52
241,46001,31,4.42
241,48001,31,4.47
241,50001,31,4.54
241,52001,31,4.4
241,54001,31,4.45
241,56001,31,4.47
241,58001,31,4.39
241,60001,31,4.45
241,62001,31,4.46
241,64001,31,4.4
241,65535,31,4.38
241,1,41,4.42
241,2001,41,4.51
241,4001,41,4.41
241,6001,41,4.34
241,8001,41,4.37
241,10001,41,4.46
241,12001,41,4.38
241,14001,41,4.35
241,16001,41,4.49
241,18001,41,4.4
241,20001,41,4.49
241,22001,41,4.39
241,24001,41,4.46
241,26001,41,4.45
241,28001,41,4.36
241,30001,41,4.28
241,32001,41,4.4
241,34001,41,4.43
241,36001,41,4.36
241,38001,41,4.46
241,40001,41,4.39
241,42001,41,4.45
241,44001,41,4.47
241,46001,41,4.4
241,48001,41,4.47
241,50001,41,4.36
241,52001,41,4.49
241,54001,41,4.44
241,56001,41,4.5
241,58001,41,4.41
241,60001,41,4.48
241,62001,41,4.39
241,64001,41,4.47
241,65535,41,4.41
241,1,51,4.44
241,2001,51,4.45
241,4001,51,4.33
241,6001,51,4.45
241,8001,51,4.43
241,10001,51,4.48
241,12001,51,4.48
241,14001,51,4.47
241,16001,51,4.35
241,18001,51,4.38
241,20001,51,4.47
241,22001,51,4.47
241,24001,51,4.4
241,26001,51,4.41
241,28001,51,4.35
241,30001,51,4.4
241,32001,51,4.41
241,34001,51,4.35
241,36001,51,4.47
241,38001,51,4.4
241,40001,51,4.39
241,42001,51,4.36
241,44001,51,4.45
241,46001,51,4.49
241,48001,51,4.5
241,50001,51,4.42
241,52001,51,4.45
241,54001,51,4.39
241,56001,51,4.5
241,58001,51,4.44
241,60001,51,4.46
241,62001,51,4.49
241,64001,51,4.43
241,65535,51,4.28
241,1,61,4.35
241,2001,61,4.39
241,4001,61,4.32
241,6001,61,4.41
241,8001,61,4.4
241,10001,61,4.41
241,12001,61,4.32
241,14001,61,4.39
241,16001,61,4.41
241,18001,61,4.37
241,20001,61,4.44
241,22001,61,4.42
241,24001,61,4.45
241,26001,61,4.43
241,28001,61,4.43
241,30001,61,4.31
241,32001,61,4.47
241,34001,61,4.36
241,36001,61,4.3
241,38001,61,4.4
241,40001,61,4.39
241,42001,61,4.44
241,44001,61,4.4
241,46001,61,4.45
241,48001,61,4.44
241,50001,61,4.42
241,52001,61,4.37
241,54001,61,4.41
241,56001,61,4.34
241,58001,61,4.38
241,60001,61,4.39
241,62001,61,4.36
241,64001,61,4.42
241,65535,61,4.34
241,1,71,4.39
241,2001,71,4.47
241,4001,71,4.49
241,6001,71,4.32
241,8001,71,4.52
241,10001,71,4.34
241,12001,71,4.43
241,14001,71,4.4
241,16001,71,4.44
241,18001,71,4.38
241,20001,71,4.4
241,22001,71,4.35
241,24001,71,4.5
241,26001,71,4.39
241,28001,71,4.37
241,30001,71,4.3
241,32001,71,4.37
241,34001,71,4.49
241,36001,71,4.42
241,38001,71,4.45
241,40001,71,4.28
241,42001,71,4.46
241,44001,71,4.39
241,46001,71,4.29
241,48001,71,4.31
241,50001,71,4.3
241,52001,71,4.4
241,54001,71,4.42
241,56001,71,4.42
241,58001,71,4.41
241,60001,71,4.35
241,62001,71,4.39
241,64001,71,4.55
241,65535,71,4.43
241,1,81,4.42
241,2001,81,4.44
241,4001,81,4.35
241,6001,81,4.5
241,8001,81,4.42
241,10001,81,4.39
241,12001,81,4.45
241,14001,81,4.38
241,16001,81,4.43
241,18001,81,4.34
241,20001,81,4.35
241,22001,81,4.48
241,24001,81,4.41
241,26001,81,4.4
241,28001,81,4.61
241,30001,81,4.41
241,32001,81,4.49
241,34001,81,4.45
241,36001,81,4.4
241,38001,81,4.37
241,40001,81,4.41
241,42001,81,4.44
241,44001,81,4.38
241,46001,81,4.37
241,48001,81,4.45
241,50001,81,4.29
241,52001,81,4.53
241,54001,81,4.46
241,56001,81,4.44
241,58001,81,4.35
241,60001,81,4.4
241,62001,81,4.42
241,64001,81,4.46
241,65535,81,4.36
241,1,91,4.44
241,2001,91,4.35
241,4001,91,4.39
241,6001,91,4.43
241,8001,91,4.44
241,10001,91,4.4
241,12001,91,4.36
241,14001,91,4.34
241,16001,91,4.39
241,18001,91,4.44
241,20001,91,4.35
241,22001,91,4.41
241,24001,91,4.46
241,26001,91,4.47
241,28001,91,4.39
241,30001,91,4.45
241,32001,91,4.42
241,34001,91,4.35
241,36001,91,4.36
241,38001,91,4.41
241,40001,91,4.35
241,42001,91,4.41
241,44001,91,4.42
241,46001,91,4.37
241,48001,91,4.42
241,50001,91,4.41
241,52001,91,4.48
241,54001,91,4.34
241,56001,91,4.31
241,58001,91,4.45
241,60001,91,4.46
241,62001,91,4.38
241,64001,91,4.37
241,65535,91,4.44
241,1,101,4.4
241,2001,101,4.47
241,4001,101,4.39
241,6001,101,4.41
241,8001,101,4.47
241,10001,101,4.33
241,12001,101,4.47
241,14001,101,4.45
241,16001,101,4.43
241,18001,101,4.38
241,20001,101,4.43
241,22001,101,4.53
241,24001,101,4.39
241,26001,101,4.46
241,28001,101,4.38
241,30001,101,4.43
241,32001,101,4.38
241,34001,101,4.42
241,36001,101,4.45
241,38001,101,4.34
241,40001,101,4.44
241,42001,101,4.41
241,44001,101,4.31
241,46001,101,4.43
241,48001,101,4.43
241,50001,101,4.4
241,52001,101,4.37
241,54001,101,4.41
241,56001,101,4.46
241,58001,101,4.47
241,60001,101,4.38
241,62001,101,4.49
241,64001,101,4.51
241,65535,101,4.42
241,1,111,4.43
241,2001,111,4.41
241,4001,111,4.43
241,6001,111,4.38
241,8001,111,4.35
241,10001,111,4.39
241,12001,111,4.44
241,14001,111,4.38
241,16001,111,4.46
241,18001,111,4.45
241,20001,111,4.42
241,22001,111,4.32
241,24001,111,4.45
241,26001,111,4.38
241,28001,111,4.41
241,30001,111,4.46
241,32001,111,4.29
241,34001,111,4.41
241,36001,111,4.4
241,38001,111,4.34
241,40001,111,4.4
241,42001,111,4.37
241,44001,111,4.44
241,46001,111,4.39
241,48001,111,4.44
241,50001,111,4.42
241,52001,111,4.32
241,54001,111,4.46
241,56001,111,4.35
241,58001,111,4.45
241,60001,111,4.5
241,62001,111,4.46
241,64001,111,4.5
241,65535,111,4.41
241,1,121,4.44
241,2001,121,4.44
241,4001,121,4.51
241,6001,121,4.36
241,8001,121,4.33
241,10001,121,4.46
241,12001,121,4.49
241,14001,121,4.42
241,16001,121,4.37
241,18001,121,4.47
241,20001,121,4.43
241,22001,121,4.34
241,24001,121,4.38
241,26001,121,4.41
241,28001,121,4.48
241,30001,121,4.39
241,32001,121,4.39
241,34001,121,4.38
241,36001,121,4.4
241,38001,121,4.44
241,40001,121,4.45
241,42001,121,4.42
241,44001,121,4.47
241,46001,121,4.39
241,48001,121,4.44
241,50001,121,4.39
241,52001,121,4.42
241,54001,121,4.42
241,56001,121,4.43
241,58001,121,4.52
241,60001,121,4.47
241,62001,121,4.44
241,64001,121,4.34
241,65535,121,4.38
241,1,131,4.44
241,2001,131,4.49
241,4001,131,4.41
241,6001,131,4.42
241,8001,131,4.49
241,10001,131,4.42
241,12001,131,4.44
241,14001,131,4.38
241,16001,131,4.39
241,18001,131,4.46
241,20001,131,4.38
241,22001,131,4.42
241,24001,131,4.41
241,26001,131,4.34
241,28001,131,4.47
241,30001,131,4.37
241,32001,131,4.47
241,34001,131,4.47
241,36001,131,4.39
241,38001,131,4.41
241,40001,131,4.34
241,42001,131,4.46
241,44001,131,4.39
241,46001,131,4.31
241,48001,131,4.39
241,50001,131,4.38
241,52001,131,4.44
241,54001,131,4.34
241,56001,131,4.44
241,58001,131,4.43
241,60001,131,4.36
241,62001,131,4.44
241,64001,131,4.45
241,65535,131,4.46
241,1,141,4.41
241,2001,141,4.42
241,4001,141,4.5
241,6001,141,4.46
241,8001,141,4.33
241,10001,141,4.5
241,12001,141,4.41
241,14001,141,4.38
241,16001,141,4.36
241,18001,141,4.49
241,20001,141,4.47
241,22001,141,4.42
241,24001,141,4.4
241,26001,141,4.42
241,28001,141,4.39
241,30001,141,4.4
241,32001,141,4.39
241,34001,141,4.42
241,36001,141,4.4
241,38001,141,4.37
241,40001,141,4.42
241,42001,141,4.41
241,44001,141,4.38
241,46001,141,4.33
241,48001,141,4.46
241,50001,141,4.36
241,52001,141,4.54
241,54001,141,4.37
241,56001,141,4.48
241,58001,141,4.44
241,60001,141,4.41
241,62001,141,4.42
241,64001,141,4.34
241,65535,141,4.44
241,1,151,4.4
241,2001,151,4.45
241,4001,151,4.4
241,6001,151,4.34
241,8001,151,4.46
241,10001,151,4.43
241,12001,151,4.42
241,14001,151,4.4
241,16001,151,4.37
241,18001,151,4.33
241,20001,151,4.42
241,22001,151,4.4
241,24001,151,4.44
241,26001,151,4.38
241,28001,151,4.42
241,30001,151,4.47
241,32001,151,4.43
241,34001,151,4.29
241,36001,151,4.47
241,38001,151,4.32
241,40001,151,4.43
241,42001,151,4.51
241,44001,151,4.41
241,46001,151,4.44
241,48001,151,4.4
241,50001,151,4.39
241,52001,151,4.56
241,54001,151,4.41
241,56001,151,4.51
241,58001,151,4.41
241,60001,151,4.25
241,62001,151,4.44
241,64001,151,4.47
241,65535,151,4.39
241,1,161,4.52
241,2001,161,4.5
241,4001,161,4.46
241,6001,161,4.36
241,8001,161,4.55
241,10001,161,4.42
241,12001,161,4.4
241,14001,161,4.43
241,16001,161,4.49
241,18001,161,4.33
241,20001,161,4.35
241,22001,161,4.37
241,24001,161,4.42
241,26001,161,4.41
241,28001,161,4.34
241,30001,161,4.32
241,32001,161,4.35
241,34001,161,4.36
241,36001,161,4.44
241,38001,161,4.45
241,40001,161,4.45
241,42001,161,4.39
241,44001,161,4.49
241,46001,161,4.38
241,48001,161,4.46
241,50001,161,4.34
241,52001,161,4.48
241,54001,161,4.44
241,56001,161,4.52
241,58001,161,4.4
241,60001,161,4.41
241,62001,161,4.35
241,64001,161,4.47
241,65535,161,4.44
241,1,171,4.41
241,2001,171,4.4
241,4001,171,4.26
241,6001,171,4.41
241,8001,171,4.44
241,10001,171,4.37
241,12001,171,4.4
241,14001,171,4.46
241,16001,171,4.45
241,18001,171,4.48
241,20001,171,4.37
241,22001,171,4.3
241,24001,171,4.44
241,26001,171,4.33
241,28001,171,4.44
241,30001,171,4.43
241,32001,171,4.36
241,34001,171,4.4
241,36001,171,4.35
241,38001,171,4.42
241,40001,171,4.4
241,42001,171,4.4
241,44001,171,4.46
241,46001,171,4.44
241,48001,171,4.41
241,50001,171,4.36
241,52001,171,4.43
241,54001,171,4.32
241,56001,171,4.37
241,58001,171,4.43
241,60001,171,4.48
241,62001,171,4.33
241,64001,171,4.48
241,65535,171,4.37
241,1,181,4.47
241,2001,181,4.46
241,4001,181,4.43
241,6001,181,4.4
241,8001,181,4.37
241,10001,181,4.28
241,12001,181,4.51
241,14001,181,4.43
241,16001,181,4.39
241,18001,181,4.4
241,20001,181,4.41
241,22001,181,4.16
241,24001,181,4.36
241,26001,181,4.33
241,28001,181,4.42
241,30001,181,4.32
241,32001,181,4.41
241,34001,181,4.35
241,36001,181,4.39
241,38001,181,4.4
241,40001,181,4.36
241,42001,181,4.49
241,44001,181,4.31
241,46001,181,4.38
241,48001,181,4.31
241,50001,181,4.44
241,52001,181,4.44
241,54001,181,4.31
241,56001,181,4.47
241,58001,181,4.5
241,60001,181,4.4
241,62001,181,4.32
241,64001,181,4.46
241,65535,181,4.38
241,1,191,4.47
241,2001,191,4.35
241,4001,191,4.47
241,6001,191,4.5
241,8001,191,4.45
241,10001,191,4.26
241,12001,191,4.41
241,14001,191,4.31
241,16001,191,4.42
241,18001,191,4.45
241,20001,191,4.42
241,22001,191,3.98
241,24001,191,4.28
241,26001,191,4.39
241,28001,191,4.39
241,30001,191,4.37
241,32001,191,4.38
241,34001,191,4.4
241,36001,191,4.36
241,38001,191,4.38
241,40001,191,4.41
241,42001,191,4.36
241,44001,191,4.24
241,46001,191,4.37
241,48001,191,4.32
241,50001,191,4.39
241,52001,191,4.41
241,54001,191,4.48
241,56001,191,4.45
241,58001,191,4.42
241,60001,191,4.43
241,62001,191,4.49
241,64001,191,4.43
241,65535,191,4.41
241,1,201,4.34
241,2001,201,4.37
241,4001,201,4.42
241,6001,201,4.46
241,8001,201,4.4
241,10001,201,4.43
241,12001,201,4.46
241,14001,201,4.37
241,16001,201,4.36
241,18001,201,4.43
241,20001,201,4.29
241,22001,201,3.87
241,24001,201,4.04
241,26001,201,4.49
241,28001,201,4.33
241,30001,201,4.43
241,32001,201,4.38
241,34001,201,4.45
241,36001,201,4.43
241,38001,201,4.44
241,40001,201,4.46
241,42001,201,4.23
241,44001,201,4.1
241,46001,201,4.4
241,48001,201,4.4
241,50001,201,4.41
241,52001,201,4.49
241,54001,201,4.41
241,56001,201,4.56
241,58001,201,4.34
241,60001,201,4.42
241,62001,201,4.44
241,64001,201,4.44
241,65535,201,4.41
241,1,211,4.54
241,2001,211,4.52
241,4001,211,4.55
241,6001,211,4.42
241,8001,211,4.42
241,10001,211,4.52
241,12001,211,4.33
241,14001,211,4.43
241,16001,211,4.38
241,18001,211,4.5
241,20001,211,4.11
241,22001,211,4.03
241,24001,211,3.87
241,26001,211,4.29
241,28001,211,4.42
241,30001,211,4.34
241,32001,211,4.4
241,34001,211,4.42
241,36001,211,4.45
241,38001,211,4.41
241,40001,211,4.24
241,42001,211,4.11
241,44001,211,3.91
241,46001,211,3.93
241,48001,211,4.32
241,50001,211,4.46
241,52001,211,4.48
241,54001,211,4.51
241,56001,211,4.45
241,58001,211,4.44
241,60001,211,4.46
241,62001,211,4.42
241,64001,211,4.42
241,65535,211,4.38
241,1,221,4.39
241,2001,221,4.48
241,4001,221,4.42
241,6001,221,4.47
241,8001,221,4.47
241,10001,221,4.47
241,12001,221,4.36
241,14001,221,4.46
241,16001,221,4.39
241,18001,221,4.39
241,20001,221,4.13
241,22001,221,3.58
241,24001,221,3.7
241,26001,221,4.06
241,28001,221,4.41
241,30001,221,4.36
241,32001,221,4.42
241,34001,221,4.41
241,36001,221,4.52
241,38001,221,4.36
241,40001,221,4.4
241,42001,221,4.02
241,44001,221,3.86
241,46001,221,4.07
241,48001,221,4.38
241,50001,221,4.43
241,52001,221,4.35
241,54001,221,4.46
241,56001,221,4.36
241,58001,221,4.41
241,60001,221,4.28
241,62001,221,4.49
241,64001,221,4.57
241,65535,221,4.34
241,1,231,4.33
241,2001,231,4.43
241,4001,231,4.42
241,6001,231,4.44
241,8001,231,4.47
241,10001,231,4.46
241,12001,231,4.46
241,14001,231,4.4
241,16001,231,4.39
241,18001,231,4.3
241,20001,231,3.97
241,22001,231,3.58
241,24001,231,3.63
241,26001,231,4.0
241,28001,231,4.28
241,30001,231,4.37
241,32001,231,4.31
241,34001,231,4.43
241,36001,231,4.41
241,38001,231,4.35
241,40001,231,4.05
241,42001,231,3.87
241,44001,231,3.71
241,46001,231,4.01
241,48001,231,4.36
241,50001,231,4.39
241,52001,231,4.5
241,54001,231,4.39
241,56001,231,4.46
241,58001,231,4.44
241,60001,231,4.45
241,62001,231,4.47
241,64001,231,4.48
241,65535,231,4.26
241,1,241,4.27
241,2001,241,4.38
241,4001,241,4.4
241,6001,241,4.39
241,8001,241,4.46
241,10001,241,4.51
241,12001,241,4.42
241,14001,241,4.38
241,16001,241,4.44
241,18001,241,4.25
241,20001,241,3.8
241,22001,241,3.37
241,24001,241,3.59
241,26001,241,3.74
241,28001,241,3.85
241,30001,241,4.45
241,32001,241,4.43
241,34001,241,4.4
241,36001,241,4.31
241,38001,241,4.29
241,40001,241,4.06
241,42001,241,3.7
241,44001,241,3.65
241,46001,241,4.05
241,48001,241,4.46
241,50001,241,4.47
241,52001,241,4.38
241,54001,241,4.52
241,56001,241,4.43
241,58001,241,4.58
241,60001,241,4.45
241,62001,241,4.45
241,64001,241,4.44
241,65535,241,4.32
241,1,251,4.25
241,2001,251,4.35
241,4001,251,4.61
241,6001,251,4.43
241,8001,251,4.47
241,10001,251,4.47
241,12001,251,4.51
241,14001,251,4.35
241,16001,251,4.45
241,18001,251,4.15
241,20001,251,3.82
241,22001,251,3.37
241,24001,251,3.36
241,26001,251,3.6
241,28001,251,3.95
241,30001,251,4.26
241,32001,251,4.41
241,34001,251,4.4
241,36001,251,4.48
241,38001,251,4.19
241,40001,251,3.88
241,42001,251,3.49
241,44001,251,3.46
241,46001,251,3.76
241,48001,251,4.32
241,50001,251,4.53
241,52001,251,4.37
241,54001,251,4.42
241,56001,251,4.43
241,58001,251,4.37
241,60001,251,4.38
241,62001,251,4.52
241,64001,251,4.36
241,65535,251,4.33
241,1,254,4.32
241,2001,254,4.25
241,4001,254,4.52
241,6001,254,4.47
241,8001,254,4.41
241,10001,254,4.43
241,12001,254,4.49
241,14001,254,4.49
241,16001,254,4.28
241,18001,254,4.37
241,20001,254,3.62
241,22001,254,3.62
241,24001,254,3.45
241,26001,254,3.67
241,28001,254,3.86
241,30001,254,4.47
241,32001,254,4.39
241,34001,254,4.39
241,36001,254,4.36
241,38001,254,4.07
241,40001,254,3.98
241,42001,254,3.64
241,44001,254,3.48
241,46001,254,3.75
241,48001,254,4.16
241,50001,254,4.48
241,52001,254,4.47
241,54001,254,4.49
241,56001,254,4.45
241,58001,254,4.38
241,60001,254,4.39
241,62001,254,4.46
241,64001,254,4.39
241,65535,254,4.34
251,1,1,4.43
251,2001,1,4.46
251,4001,1,4.38
251,6001,1,4.45
251,8001,1,4.49
251,10001,1,4.44
251,12001,1,4.37
251,14001,1,4.43
251,16001,1,4.3
251,18001,1,4.45
251,20001,1,4.48
251,22001,1,4.47
251,24001,1,4.44
251,26001,1,4.48
251,28001,1,4.47
251,30001,1,4.38
251,32001,1,4.43
251,34001,1,4.33
251,36001,1,4.51
251,38001,1,4.47
251,40001,1,4.44
251,42001,1,4.43
251,44001,1,4.38
251,46001,1,4.42
251,48001,1,4.47
251,50001,1,4.49
251,52001,1,4.38
251,54001,1,4.45
251,56001,1,4.44
251,58001,1,4.42
251,60001,1,4.43
251,62001,1,4.3
251,64001,1,4.42
251,65535,1,4.4
251,1,11,4.41
251,2001,11,4.47
251,4001,11,4.38
251,6001,11,4.38
251,8001,11,4.49
251,10001,11,4.5
251,12001,11,4.45
251,14001,11,4.28
251,16001,11,4.47
251,18001,11,4.4
251,20001,11,4.43
251,22001,11,4.42
251,24001,11,4.5
251,26001,11,4.39
251,28001,11,4.37
251,30001,11,4.41
251,32001,11,4.37
251,34001,11,4.41
251,36001,11,4.34
251,38001,11,4.37
251,40001,11,4.47
251,42001,11,4.3
251,44001,11,4.32
251,46001,11,4.37
251,48001,11,4.42
251,50001,11,4.42
251,52001,11,4.49
251,54001,11,4.47
251,56001,11,4.33
251,58001,11,4.42
251,60001,11,4.46
251,62001,11,4.37
251,64001,11,4.41
251,65535,11,4.36
251,1,21,4.39
251,2001,21,4.41
251,4001,21,4.38
251,6001,21,4.45
251,8001,21,4.44
251,10001,21,4.42
251,12001,21,4.45
251,14001,21,4.38
251,16001,21,4.41
251,18001,21,4.38
251,20001,21,4.37
251,22001,21,4.25
251,24001,21,4.38
251,26001,21,4.4
251,28001,21,4.44
251,30001,21,4.36
251,32001,21,4.42
251,34001,21,4.57
251,36001,21,4.5
251,38001,21,4.42
251,40001,21,4.37
251,42001,21,4.43
251,44001,21,4.47
251,46001,21,4.59
251,48001,21,4.41
251,50001,21,4.46
251,52001,21,4.4
251,54001,21,4.34
251,56001,21,4.38
251,58001,21,4.45
251,60001,21,4.42
251,62001,21,4.5
251,64001,21,4.47
251,65535,21,4.42
251,1,31,4.34
251,2001,31,4.44
251,4001,31,4.37
251,6001,31,4.42
251,8001,31,4.43
251,10001,31,4.44
251,12001,31,4.39
251,14001,31,4.43
251,16001,31,4.4
251,18001,31,4.49
251,20001,31,4.42
251,22001,31,4.46
251,24001,31,4.37
251,26001,31,4.35
251,28001,31,4.45
251,30001,31,4.35
251,32001,31,4.49
251,34001,31,4.29
251,36001,31,4.42
251,38001,31,4.65
251,40001,31,4.4
251,42001,31,4.44
251,44001,31,4.39
251,46001,31,4.33
251,48001,31,4.41
251,50001,31,4.47
251,52001,31,4.47
251,54001,31,4.46
251,56001,31,4.43
251,58001,31,4.33
251,60001,31,4.45
251,62001,31,4.48
251,64001,31,4.46
251,65535,31,4.33
251,1,41,4.45
251,2001,41,4.42
251,4001,41,4.44
251,6001,41,4.5
251,8001,41,4.43
251,10001,41,4.42
251,12001,41,4.37
251,14001,41,4.33
251,16001,41,4.36
251,18001,41,4.44
251,20001,41,4.37
251,22001,41,4.46
251,24001,41,4.42
251,26001,41,4.41
251,28001,41,4.53
251,30001,41,4.4
251,32001,41,4.43
251,34001,41,4.44
251,36001,41,4.46
251,38001,41,4.51
251,40001,41,4.38
251,42001,41,4.4
251,44001,41,4.41
251,46001,41,4.54
251,48001,41,4.47
251,50001,41,4.37
251,52001,41,4.49
251,54001,41,4.43
251,56001,41,4.47
251,58001,41,4.45
251,60001,41,4.5
251,62001,41,4.4
251,64001,41,4.36
251,65535,41,4.42
251,1,51,4.41
251,2001,51,4.49
251,4001,51,4.46
251,6001,51,4.46
251,8001,51,4.47
251,10001,51,4.56
251,12001,51,4.42
251,14001,51,4.37
251,16001,51,4.4
251,18001,51,4.47
251,20001,51,4.39
251,22001,51,4.35
251,24001,51,4.46
251,26001,51,4.37
251,28001,51,4.55
251,30001,51,4.49
251,32001,51,4.35
251,34001,51,4.45
251,36001,51,4.49
251,38001,51,4.39
251,40001,51,4.46
251,42001,51,4.48
251,44001,51,4.43
251,46001,51,4.38
251,48001,51,4.36
251,50001,51,4.4
251,52001,51,4.5
251,54001,51,4.44
251,56001,51,4.41
251,58001,51,4.44
251,60001,51,4.54
251,62001,51,4.4
251,64001,51,4.37
251,65535,51,4.35
251,1,61,4.4
251,2001,61,4.44
251,4001,61,4.38
251,6001,61,4.44
251,8001,61,4.52
251,10001,61,4.42
251,12001,61,4.44
251,14001,61,4.47
251,16001,61,4.6
251,18001,61,4.47
251,20001,61,4.4
251,22001,61,4.47
251,24001,61,4.36
251,26001,61,4.44
251,28001,61,4.46
251,30001,61,4.36
251,32001,61,4.49
251,34001,61,4.45
251,36001,61,4.37
251,38001,61,4.48
251,40001,61,4.41
251,42001,61,4.44
251,44001,61,4.41
251,46001,61,4.37
251,48001,61,4.33
251,50001,61,4.49
251,52001,61,4.45
251,54001,61,4.48
251,56001,61,4.45
251,58001,61,4.45
251,60001,61,4.35
251,62001,61,4.43
251,64001,61,4.5
251,65535,61,4.47
251,1,71,4.4
251,2001,71,4.43
251,4001,71,4.47
251,6001,71,4.37
251,8001,71,4.36
251,10001,71,4.37
251,12001,71,4.49
251,14001,71,4.34
251,16001,71,4.34
251,18001,71,4.43
251,20001,71,4.37
251,22001,71,4.38
251,24001,71,4.44
251,26001,71,4.38
251,28001,71,4.43
251,30001,71,4.39
251,32001,71,4.5
251,34001,71,4.47
251,36001,71,4.37
251,38001,71,4.41
251,40001,71,4.4
251,42001,71,4.47
251,44001,71,4.46
251,46001,71,4.45
251,48001,71,4.35
251,50001,71,4.41
251,52001,71,4.45
251,54001,71,4.44
251,56001,71,4.45
251,58001,71,4.39
251,60001,71,4.4
251,62001,71,4.53
251,64001,71,4.4
251,65535,71,4.37
251,1,81,4.45
251,2001,81,4.4
251,4001,81,4.41
251,6001,81,4.5
251,8001,81,4.55
251,10001,81,4.42
251,12001,81,4.39
251,14001,81,4.44
251,16001,81,4.36
251,18001,81,4.51
251,20001,81,4.38
251,22001,81,4.46
251,24001,81,4.24
251,26001,81,4.45
251,28001,81,4.37
251,30001,81,4.39
251,32001,81,4.32
251,34001,81,4.49
251,36001,81,4.43
251,38001,81,4.4
251,40001,81,4.4
251,42001,81,4.39
251,44001,81,4.4
251,46001,81,4.39
251,48001,81,4.4
251,50001,81,4.44
251,52001,81,4.38
251,54001,81,4.33
251,56001,81,4.45
251,58001,81,4.39
251,60001,81,4.4
251,62001,81,4.41
251,64001,81,4.27
251,65535,81,4.42
251,1,91,4.47
251,2001,91,4.36
251,4001,91,4.45
251,6001,91,4.43
251,8001,91,4.47
251,10001,91,4.42
251,12001,91,4.43
251,14001,91,4.35
251,16001,91,4.43
251,18001,91,4.45
251,20001,91,4.48
251,22001,91,4.39
251,24001,91,4.36
251,26001,91,4.38
251,28001,91,4.31
251,30001,91,4.39
251,32001,91,4.34
251,34001,91,4.36
251,36001,91,4.35
251,38001,91,4.53
251,40001,91,4.42
251,42001,91,4.33
251,44001,91,4.29
251,46001,91,4.4
251,48001,91,4.5
251,50001,91,4.47
251,52001,91,4.45
251,54001,91,4.41
251,56001,91,4.45
251,58001,91,4.33
251,60001,91,4.38
251,62001,91,4.52
251,64001,91,4.45
251,65535,91,4.48
251,1,101,4.5
251,2001,101,4.46
251,4001,101,4.35
251,6001,101,4.39
251,8001,101,4.31
251,10001,101,4.41
251,12001,101,4.39
251,14001,101,4.46
251,16001,101,4.47
251,18001,101,4.35
251,20001,101,4.62
251,22001,101,4.32
251,24001,101,4.43
251,26001,101,4.39
251,28001,101,4.4
251,30001,101,4.49
251,32001,101,4.44
251,34001,101,4.41
251,36001,101,4.4
251,38001,101,4.34
251,40001,101,4.47
251,42001,101,4.37
251,44001,101,4.44
251,46001,101,4.36
251,48001,101,4.34
251,50001,101,4.36
251,52001,101,4.45
251,54001,101,4.43
251,56001,101,4.37
251,58001,101,4.41
251,60001,101,4.49
251,62001,101,4.43
251,64001,101,4.4
251,65535,101,4.42
251,1,111,4.42
251,2001,111,4.4
251,4001,111,4.33
251,6001,111,4.48
251,8001,111,4.39
251,10001,111,4.35
251,12001,111,4.5
251,14001,111,4.47
251,16001,111,4.39
251,18001,111,4.52
251,20001,111,4.49
251,22001,111,4.37
251,24001,111,4.36
251,26001,111,4.39
251,28001,111,4.45
251,30001,111,4.43
251,32001,111,4.43
251,34001,111,4.43
251,36001,111,4.51
251,38001,111,4.44
251,40001,111,4.34
251,42001,111,4.4
251,44001,111,4.37
251,46001,111,4.47
251,48001,111,4.47
251,50001,111,4.47
251,52001,111,4.44
251,54001,111,4.39
251,56001,111,4.42
251,58001,111,4.46
251,60001,111,4.39
251,62001,111,4.32
251,64001,111,4.37
251,65535,111,4.4
251,1,121,4.39
251,2001,121,4.3
251,4001,121,4.44
251,6001,121,4.4
251,8001,121,4.47
251,10001,121,4.39
251,12001,121,4.37
251,14001,121,4.4
251,16001,121,4.41
251,18001,121,4.38
251,20001,121,4.49
251,22001,121,4.35
251,24001,121,4.4
251,26001,121,4.36
251,28001,121,4.45
251,30001,121,4.34
251,32001,121,4.31
251,34001,121,4.46
251,36001,121,4.43
251,38001,121,4.44
251,40001,121,4.42
251,42001,121,4.41
251,44001,121,4.39
251,46001,121,4.33
251,48001,121,4.4
251,50001,121,4.4
251,52001,121,4.41
251,54001,121,4.43
251,56001,121,4.42
251,58001,121,4.36
251,60001,121,4.37
251,62001,121,4.35
251,64001,121,4.36
251,65535,121,4.38
251,1,131,4.4
251,2001,131,4.33
251,4001,131,4.49
251,6001,131,4.42
251,8001,131,4.42
251,10001,131,4.34
251,12001,131,4.42
251,14001,131,4.39
251,16001,131,4.52
251,18001,131,4.43
251,20001,131,4.44
251,22001,131,4.38
251,24001,131,4.39
251,26001,131,4.32
251,28001,131,4.4
251,30001,131,4.36
251,32001,131,4.35
251,34001,131,4.38
251,36001,131,4.4
251,38001,131,4.46
251,40001,131,4.41
251,42001,131,4.37
251,44001,131,4.44
251,46001,131,4.44
251,48001,131,4.45
251,50001,131,4.37
251,52001,131,4.39
251,54001,131,4.4
251,56001,131,4.39
251,58001,131,4.4
251,60001,131,4.49
251,62001,131,4.38
251,64001,131,4.48
251,65535,131,4.47
251,1,141,4.44
251,2001,141,4.42
251,4001,141,4.37
251,6001,141,4.32
251,8001,141,4.44
251,10001,141,4.44
251,12001,141,4.44
251,14001,141,4.39
251,16001,141,4.47
251,18001,141,4.38
251,20001,141,4.36
251,22001,141,4.41
251,24001,141,4.42
251,26001,141,4.44
251,28001,141,4.31
251,30001,141,4.37
251,32001,141,4.44
251,34001,141,4.37
251,36001,141,4.5
251,38001,141,4.36
251,40001,141,4.41
251,42001,141,4.48
251,44001,141,4.43
251,46001,141,4.44
251,48001,141,4.53
251,50001,141,4.39
251,52001,141,4.4
251,54001,141,4.44
251,56001,141,4.45
251,58001,141,4.47
251,60001,141,4.41
251,62001,141,4.36
251,64001,141,4.38
251,65535,141,4.44
251,1,151,4.42
251,2001,151,4.43
251,4001,151,4.41
251,6001,151,4.37
251,8001,151,4.44
251,10001,151,4.41
251,12001,151,4.45
251,14001,151,4.34
251,16001,151,4.38
251,18001,151,4.46
251,20001,151,4.43
251,22001,151,4.42
251,24001,151,4.31
251,26001,151,4.32
251,28001,151,4.34
251,30001,151,4.41
251,32001,151,4.44
251,34001,151,4.43
251,36001,151,4.46
251,38001,151,4.55
251,40001,151,4.44
251,42001,151,4.42
251,44001,151,4.4
251,46001,151,4.3
251,48001,151,4.41
251,50001,151,4.46
251,52001,151,4.45
251,54001,151,4.46
251,56001,151,4.41
251,58001,151,4.41
251,60001,151,4.38
251,62001,151,4.34
251,64001,151,4.38
251,65535,151,4.39
251,1,161,4.4
251,2001,161,4.34
251,4001,161,4.47
251,6001,161,4.47
251,8001,161,4.36
251,10001,161,4.34
251,12001,161,4.35
251,14001,161,4.41
251,16001,161,4.45
251,18001,161,4.33
251,20001,161,4.44
251,22001,161,4.41
251,24001,161,4.28
251,26001,161,4.46
251,28001,161,4.39
251,30001,161,4.37
251,32001,161,4.41
251,34001,161,4.44
251,36001,161,4.53
251,38001,161,4.38
251,40001,161,4.39
251,42001,161,4.45
251,44001,161,4.39
251,46001,161,4.45
251,48001,161,4.29
251,50001,161,4.4
251,52001,161,4.37
251,54001,161,4.35
251,56001,161,4.44
251,58001,161,4.39
251,60001,161,4.43
251,62001,161,4.32
251,64001,161,4.39
251,65535,161,4.42
251,1,171,4.44
251,2001,171,4.51
251,4001,171,4.43
251,6001,171,4.4
251,8001,171,4.45
251,10001,171,4.46
251,12001,171,4.46
251,14001,171,4.45
251,16001,171,4.36
251,18001,171,4.42
251,20001,171,4.4
251,22001,171,4.38
251,24001,171,4.37
251,26001,171,4.47
251,28001,171,4.41
251,30001,171,4.4
251,32001,171,4.42
251,34001,171,4.4
251,36001,171,4.47
251,38001,171,4.42
251,40001,171,4.33
251,42001,171,4.41
251,44001,171,4.42
251,46001,171,4.46
251,48001,171,4.47
251,50001,171,4.42
251,52001,171,4.51
251,54001,171,4.45
251,56001,171,4.35
251,58001,171,4.4
251,60001,171,4.36
251,62001,171,4.44
251,64001,171,4.42
251,65535,171,4.37
251,1,181,4.41
251,2001,181,4.39
251,4001,181,4.27
251,6001,181,4.46
251,8001,181,4.42
251,10001,181,4.43
251,12001,181,4.41
251,14001,181,4.37
251,16001,181,4.44
251,18001,181,4.41
251,20001,181,4.37
251,22001,181,4.32
251,24001,181,4.38
251,26001,181,4.48
251,28001,181,4.34
251,30001,181,4.41
251,32001,181,4.38
251,34001,181,4.39
251,36001,181,4.35
251,38001,181,4.39
251,40001,181,4.43
251,42001,181,4.45
251,44001,181,4.42
251,46001,181,4.41
251,48001,181,4.31
251,50001,181,4.44
251,52001,181,4.36
251,54001,181,4.36
251,56001,181,4.44
251,58001,181,4.53
251,60001,181,4.48
251,62001,181,4.47
251,64001,181,4.29
251,65535,181,4.43
251,1,191,4.38
251,2001,191,4.37
251,4001,191,4.42
251,6001,191,4.44
251,8001,191,4.48
251,10001,191,4.36
251,12001,191,4.36
251,14001,191,4.51
251,16001,191,4.44
251,18001,191,4.35
251,20001,191,4.39
251,22001,191,4.24
251,24001,191,4.44
251,26001,191,4.37
251,28001,191,4.34
251,30001,191,4.34
251,32001,191,4.38
251,34001,191,4.4
251,36001,191,4.41
251,38001,191,4.38
251,40001,191,4.35
251,42001,191,4.35
251,44001,191,4.38
251,46001,191,4.44
251,48001,191,4.35
251,50001,191,4.39
251,52001,191,4.43
251,54001,191,4.37
251,56001,191,4.32
251,58001,191,4.43
251,60001,191,4.45
251,62001,191,4.35
251,64001,191,4.46
251,65535,191,4.36
251,1,201,4.33
251,2001,201,4.38
251,4001,201,4.52
251,6001,201,4.37
251,8001,201,4.37
251,10001,201,4.34
251,12001,201,4.34
251,14001,201,4.41
251,16001,201,4.4
251,18001,201,4.39
251,20001,201,4.35
251,22001,201,3.93
251,24001,201,4.02
251,26001,201,4.33
251,28001,201,4.36
251,30001,201,4.31
251,32001,201,4.45
251,34001,201,4.36
251,36001,201,4.33
251,38001,201,4.37
251,40001,201,4.39
251,42001,201,4.31
251,44001,201,4.19
251,46001,201,4.5
251,48001,201,4.37
251,50001,201,4.4
251,52001,201,4.34
251,54001,201,4.37
251,56001,201,4.38
251,58001,201,4.45
251,60001,201,4.44
251,62001,201,4.56
251,64001,201,4.39
251,65535,201,4.47
251,1,211,4.47
251,2001,211,4.44
251,4001,211,4.36
251,6001,211,4.5
251,8001,211,4.44
251,10001,211,4.44
251,12001,211,4.46
251,14001,211,4.43
251,16001,211,4.39
251,18001,211,4.48
251,20001,211,4.21
251,22001,211,3.84
251,24001,211,4.06
251,26001,211,4.44
251,28001,211,4.45
251,30001,211,4.46
251,32001,211,4.38
251,34001,211,4.38
251,36001,211,4.43
251,38001,211,4.37
251,40001,211,4.49
251,42001,211,4.18
251,44001,211,4.05
251,46001,211,4.32
251,48001,211,4.44
251,50001,211,4.45
251,52001,211,4.47
251,54001,211,4.36
251,56001,211,4.33
251,58001,211,4.4
251,60001,211,4.46
251,62001,211,4.41
251,64001,211,4.42
251,65535,211,4.37
251,1,221,4.43
251,2001,221,4.48
251,4001,221,4.37
251,6001,221,4.37
251,8001,221,4.28
251,10001,221,4.37
251,12001,221,4.45
251,14001,221,4.41
251,16001,221,4.36
251,18001,221,4.42
251,20001,221,4.15
251,22001,221,3.76
251,24001,221,3.9
251,26001,221,4.15
251,28001,221,4.27
251,30001,221,4.3
251,32001,221,4.39
251,34001,221,4.49
251,36001,221,4.39
251,38001,221,4.36
251,40001,221,4.29
251,42001,221,4.22
251,44001,221,3.96
251,46001,221,4.05
251,48001,221,4.45
251,50001,221,4.4
251,52001,221,4.36
251,54001,221,4.49
251,56001,221,4.36
251,58001,221,4.47
251,60001,221,4.39
251,62001,221,4.46
251,64001,221,4.5
251,65535,221,4.39
251,1,231,4.38
251,2001,231,4.38
251,4001,231,4.37
251,6001,231,4.39
251,8001,231,4.38
251,10001,231,4.48
251,12001,231,4.42
251,14001,231,4.39
251,16001,231,4.38
251,18001,231,4.31
251,20001,231,4.14
251,22001,231,3.78
251,24001,231,3.68
251,26001,231,4.08
251,28001,231,4.27
251,30001,231,4.39
251,32001,231,4.29
251,34001,231,4.4
251,36001,231,4.44
251,38001,231,4.39
251,40001,231,4.36
251,42001,231,3.81
251,44001,231,3.85
251,46001,231,4.21
251,48001,231,4.24
251,50001,231,4.44
251,52001,231,4.43
251,54001,231,4.46
251,56001,231,4.38
251,58001,231,4.38
251,60001,231,4.35
251,62001,231,4.4
251,64001,231,4.48
251,65535,231,4.46
251,1,241,4.37
251,2001,241,4.42
251,4001,241,4.33
251,6001,241,4.33
251,8001,241,4.33
251,10001,241,4.44
251,12001,241,4.34
251,14001,241,4.45
251,16001,241,4.39
251,18001,241,4.39
251,20001,241,4.19
251,22001,241,3.69
251,24001,241,3.6
251,26001,241,3.71
251,28001,241,4.11
251,30001,241,4.46
251,32001,241,4.37
251,34001,241,4.34
251,36001,241,4.39
251,38001,241,4.39
251,40001,241,4.18
251,42001,241,3.9
251,44001,241,3.69
251,46001,241,3.92
251,48001,241,4.26
251,50001,241,4.42
251,52001,241,4.44
251,54001,241,4.33
251,56001,241,4.49
251,58001,241,4.41
251,60001,241,4.45
251,62001,241,4.4
251,64001,241,4.4
251,65535,241,4.39
251,1,251,4.37
251,2001,251,4.31
251,4001,251,4.42
251,6001,251,4.44
251,8001,251,4.35
251,10001,251,4.43
251,12001,251,4.43
251,14001,251,4.36
251,16001,251,4.39
251,18001,251,4.37
251,20001,251,3.83
251,22001,251,3.51
251,24001,251,3.46
251,26001,251,3.73
251,28001,251,3.96
251,30001,251,4.42
251,32001,251,4.42
251,34001,251,4.43
251,36001,251,4.33
251,38001,251,4.15
251,40001,251,3.9
251,42001,251,3.74
251,44001,251,3.58
251,46001,251,3.94
251,48001,251,4.39
251,50001,251,4.39
251,52001,251,4.45
251,54001,251,4.47
251,56001,251,4.5
251,58001,251,4.31
251,60001,251,4.47
251,62001,251,4.32
251,64001,251,4.4
251,65535,251,4.45
251,1,254,4.36
251,2001,254,4.39
251,4001,254,4.4
251,6001,254,4.37
251,8001,254,4.38
251,10001,254,4.38
251,12001,254,4.39
251,14001,254,4.49
251,16001,254,4.46
251,18001,254,4.37
251,20001,254,3.99
251,22001,254,3.43
251,24001,254,3.36
251,26001,254,3.78
251,28001,254,3.8
251,30001,254,4.42
251,32001,254,4.39
251,34001,254,4.4
251,36001,254,4.29
251,38001,254,4.27
251,40001,254,4.03
251,42001,254,3.69
251,44001,254,3.58
251,46001,254,3.91
251,48001,254,4.39
251,50001,254,4.55
251,52001,254,4.36
251,54001,254,4.36
251,56001,254,4.37
251,58001,254,4.37
251,60001,254,4.34
251,62001,254,4.39
251,64001,254,4.44
251,65535,254,4.28
255,1,1,4.42
255,2001,1,4.41
255,4001,1,4.32
255,6001,1,4.44
255,8001,1,4.41
255,10001,1,4.37
255,12001,1,4.41
255,14001,1,4.43
255,16001,1,4.48
255,18001,1,4.43
255,20001,1,4.37
255,22001,1,4.5
255,24001,1,4.37
255,26001,1,4.41
255,28001,1,4.38
255,30001,1,4.44
255,32001,1,4.36
255,34001,1,4.3
255,36001,1,4.48
255,38001,1,4.36
255,40001,1,4.45
255,42001,1,4.45
255,44001,1,4.4
255,46001,1,4.39
255,48001,1,4.48
255,50001,1,4.36
255,52001,1,4.33
255,54001,1,4.45
255,56001,1,4.39
255,58001,1,4.48
255,60001,1,4.32
255,62001,1,4.36
255,64001,1,4.39
255,65535,1,4.49
255,1,11,4.47
255,2001,11,4.34
255,4001,11,4.38
255,6001,11,4.44
255,8001,11,4.47
255,10001,11,4.35
255,12001,11,4.39
255,14001,11,4.35
255,16001,11,4.37
255,18001,11,4.39
255,20001,11,4.43
255,22001,11,4.4
255,24001,11,4.33
255,26001,11,4.38
255,28001,11,4.5
255,30001,11,4.52
255,32001,11,4.36
255,34001,11,4.45
255,36001,11,4.47
255,38001,11,4.35
255,40001,11,4.36
255,42001,11,4.35
255,44001,11,4.34
255,46001,11,4.39
255,48001,11,4.44
255,50001,11,4.45
255,52001,11,4.39
255,54001,11,4.39
255,56001,11,4.39
255,58001,11,4.4
255,60001,11,4.4
255,62001,11,4.37
255,64001,11,4.42
255,65535,11,4.33
255,1,21,4.43
255,2001,21,4.34
255,4001,21,4.37
255,6001,21,4.35
255,8001,21,4.37
255,10001,21,4.33
255,12001,21,4.32
255,14001,21,4.39
255,16001,21,4.32
255,18001,21,4.35
255,20001,21,4.35
255,22001,21,4.38
255,24001,21,4.35
255,26001,21,4.4
255,28001,21,4.42
255,30001,21,4.43
255,32001,21,4.36
255,34001,21,4.36
255,36001,21,4.38
255,38001,21,4.44
255,40001,21,4.33
255,42001,21,4.41
255,44001,21,4.32
255,46001,21,4.45
255,48001,21,4.46
255,50001,21,4.28
255,52001,21,4.37
255,54001,21,4.45
255,56001,21,4.47
255,58001,21,4.4
255,60001,21,4.41
255,62001,21,4.38
255,64001,21,4.34
255,65535,21,4.42
255,1,31,4.33
255,2001,31,4.4
255,4001,31,4.42
255,6001,31,4.39
255,8001,31,4.34
255,10001,31,4.39
255,12001,31,4.42
255,14001,31,4.45
255,16001,31,4.37
255,18001,31,4.36
255,20001,31,4.27
255,22001,31,4.43
255,24001,31,4.36
255,26001,31,4.46
255,28001,31,4.44
255,30001,31,4.47
255,32001,31,4.49
255,34001,31,4.36
255,36001,31,4.39
255,38001,31,4.32
255,40001,31,4.35
255,42001,31,4.41
255,44001,31,4.32
255,46001,31,4.38
255,48001,31,4.32
255,50001,31,4.33
255,52001,31,4.41
255,54001,31,4.41
255,56001,31,4.4
255,58001,31,4.45
255,60001,31,4.44
255,62001,31,4.41
255,64001,31,4.36
255,65535,31,4.47
255,1,41,4.35
255,2001,41,4.32
255,4001,41,4.42
255,6001,41,4.46
255,8001,41,4.43
255,10001,41,4.37
255,12001,41,4.46
255,14001,41,4.43
255,16001,41,4.29
255,18001,41,4.43
255,20001,41,4.42
255,22001,41,4.41
255,24001,41,4.45
255,26001,41,4.49
255,28001,41,4.45
255,30001,41,4.46
255,32001,41,4.39
255,34001,41,4.45
255,36001,41,4.37
255,38001,41,4.39
255,40001,41,4.43
255,42001,41,4.45
255,44001,41,4.42
255,46001,41,4.44
255,48001,41,4.38
255,50001,41,4.32
255,52001,41,4.32
255,54001,41,4.36
255,56001,41,4.48
255,58001,41,4.44
255,60001,41,4.36
255,62001,41,4.42
255,64001,41,4.45
255,65535,41,4.39
255,1,51,4.4
255,2001,51,4.43
255,4001,51,4.39
255,6001,51,4.43
255,8001,51,4.39
255,10001,51,4.33
255,12001,51,4.47
255,14001,51,4.37
255,16001,51,4.38
255,18001,51,4.36
255,20001,51,4.34
255,22001,51,4.45
255,24001,51,4.43
255,26001,51,4.44
255,28001,51,4.41
255,30001,51,4.45
255,32001,51,4.41
255,34001,51,4.39
255,36001,51,4.37
255,38001,51,4.42
255,40001,51,4.34
255,42001,51,4.31
255,44001,51,4.45
255,46001,51,4.42
255,48001,51,4.44
255,50001,51,4.44
255,52001,51,4.4
255,54001,51,4.48
255,56001,51,4.36
255,58001,51,4.4
255,60001,51,4.4
255,62001,51,4.54
255,64001,51,4.34
255,65535,51,4.53
255,1,61,4.37
255,2001,61,4.34
255,4001,61,4.4
255,6001,61,4.38
255,8001,61,4.43
255,10001,61,4.39
255,12001,61,4.34
255,14001,61,4.45
255,16001,61,4.35
255,18001,61,4.33
255,20001,61,4.37
255,22001,61,4.41
255,24001,61,4.49
255,26001,61,4.42
255,28001,61,4.44
255,30001,61,4.36
255,32001,61,4.42
255,34001,61,4.43
255,36001,61,4.34
255,38001,61,4.38
255,40001,61,4.48
255,42001,61,4.38
255,44001,61,4.48
255,46001,61,4.37
255,48001,61,4.38
255,50001,61,4.42
255,52001,61,4.46
255,54001,61,4.44
255,56001,61,4.35
255,58001,61,4.37
255,60001,61,4.41
255,62001,61,4.36
255,64001,61,4.41
255,65535,61,4.45
255,1,71,4.44
255,2001,71,4.4
255,4001,71,4.42
255,6001,71,4.44
255,8001,71,4.41
255,10001,71,4.5
255,12001,71,4.33
255,14001,71,4.43
255,16001,71,4.42
255,18001,71,4.42
255,20001,71,4.36
255,22001,71,4.35
255,24001,71,4.38
255,26001,71,4.39
255,28001,71,4.49
255,30001,71,4.31
255,32001,71,4.39
255,34001,71,4.35
255,36001,71,4.33
255,38001,71,4.44
255,40001,71,4.45
255,42001,71,4.37
255,44001,71,4.45
255,46001,71,4.45
255,48001,71,4.5
255,50001,71,4.4
255,52001,71,4.39
255,54001,71,4.47
255,56001,71,4.39
255,58001,71,4.46
255,60001,71,4.43
255,62001,71,4.34
255,64001,71,4.43
255,65535,71,4.4
255,1,81,4.44
255,2001,81,4.47
255,4001,81,4.36
255,6001,81,4.4
255,8001,81,4.35
255,10001,81,4.41
255,12001,81,4.38
255,14001,81,4.4
255,16001,81,4.34
255,18001,81,4.44
255,20001,81,4.44
255,22001,81,4.37
255,24001,81,4.46
255,26001,81,4.36
255,28001,81,4.42
255,30001,81,4.38
255,32001,81,4.46
255,34001,81,4.37
255,36001,81,4.48
255,38001,81,4.33
255,40001,81,4.43
255,42001,81,4.37
255,44001,81,4.42
255,46001,81,4.45
255,48001,81,4.49
255,50001,81,4.33
255,52001,81,4.47
255,54001,81,4.42
255,56001,81,4.45
255,58001,81,4.4
255,60001,81,4.4
255,62001,81,4.48
255,64001,81,4.39
255,65535,81,4.37
255,1,91,4.38
255,2001,91,4.39
255,4001,91,4.45
255,6001,91,4.37
255,8001,91,4.27
255,10001,91,4.39
255,12001,91,4.36
255,14001,91,4.38
255,16001,91,4.46
255,18001,91,4.31
255,20001,91,4.48
255,22001,91,4.3
255,24001,91,4.42
255,26001,91,4.39
255,28001,91,4.41
255,30001,91,4.34
255,32001,91,4.36
255,34001,91,4.33
255,36001,91,4.4
255,38001,91,4.34
255,40001,91,4.44
255,42001,91,4.51
255,44001,91,4.33
255,46001,91,4.49
255,48001,91,4.43
255,50001,91,4.47
255,52001,91,4.36
255,54001,91,4.45
255,56001,91,4.31
255,58001,91,4.48
255,60001,91,4.42
255,62001,91,4.41
255,64001,91,4.32
255,65535,91,4.42
255,1,101,4.39
255,2001,101,4.4
255,4001,101,4.39
255,6001,101,4.38
255,8001,101,4.39
255,10001,101,4.4
255,12001,101,4.44
255,14001,101,4.47
255,16001,101,4.37
255,18001,101,4.39
255,20001,101,4.39
255,22001,101,4.37
255,24001,101,4.37
255,26001,101,4.43
255,28001,101,4.45
255,30001,101,4.4
255,32001,101,4.36
255,34001,101,4.34
255,36001,101,4.39
255,38001,101,4.42
255,40001,101,4.42
255,42001,101,4.44
255,44001,101,4.44
255,46001,101,4.41
255,48001,101,4.42
255,50001,101,4.49
255,52001,101,4.38
255,54001,101,4.4
255,56001,101,4.46
255,58001,101,4.34
255,60001,101,4.33
255,62001,101,4.31
255,64001,101,4.47
255,65535,101,4.4
255,1,111,4.42
255,2001,111,4.45
255,4001,111,4.4
255,6001,111,4.39
255,8001,111,4.43
255,10001,111,4.4
255,12001,111,4.37
255,14001,111,4.33
255,16001,111,4.48
255,18001,111,4.47
255,20001,111,4.41
255,22001,111,4.36
255,24001,111,4.37
255,26001,111,4.43
255,28001,111,4.31
255,30001,111,4.33
255,32001,111,4.46
255,34001,111,4.33
255,36001,111,4.36
255,38001,111,4.36
255,40001,111,4.43
255,42001,111,4.43
255,44001,111,4.36
255,46001,111,4.36
255,48001,111,4.42
255,50001,111,4.35
255,52001,111,4.34
255,54001,111,4.33
255,56001,111,4.41
255,58001,111,4.45
255,60001,111,4.51
255,62001,111,4.44
255,64001,111,4.41
255,65535,111,4.37
255,1,121,4.45
255,2001,121,4.4
255,4001,121,4.46
255,6001,121,4.31
255,8001,121,4.45
255,10001,121,4.37
255,12001,121,4.34
255,14001,121,4.38
255,16001,121,4.35
255,18001,121,4.34
255,20001,121,4.4
255,22001,121,4.44
255,24001,121,4.52
255,26001,121,4.36
255,28001,121,4.37
255,30001,121,4.44
255,32001,121,4.39
255,34001,121,4.33
255,36001,121,4.36
255,38001,121,4.46
255,40001,121,4.34
255,42001,121,4.46
255,44001,121,4.45
255,46001,121,4.47
255,48001,121,4.46
255,50001,121,4.4
255,52001,121,4.38
255,54001,121,4.43
255,56001,121,4.39
255,58001,121,4.52
255,60001,121,4.39
255,62001,121,4.37
255,64001,121,4.47
255,65535,121,4.39
255,1,131,4.35
255,2001,131,4.41
255,4001,131,4.42
255,6001,131,4.45
255,8001,131,4.27
255,10001,131,4.39
255,12001,131,4.39
255,14001,131,4.37
255,16001,131,4.43
255,18001,131,4.44
255,20001,131,4.35
255,22001,131,4.44
255,24001,131,4.33
255,26001,131,4.36
255,28001,131,4.26
255,30001,131,4.34
255,32001,131,4.43
255,34001,131,4.35
255,36001,131,4.31
255,38001,131,4.41
255,40001,131,4.35
255,42001,131,4.38
255,44001,131,4.47
255,46001,131,4.42
255,48001,131,4.38
255,50001,131,4.37
255,52001,131,4.41
255,54001,131,4.45
255,56001,131,4.4
255,58001,131,4.34
255,60001,131,4.38
255,62001,131,4.38
255,64001,131,4.4
255,65535,131,4.42
255,1,141,4.48
255,2001,141,4.4
255,4001,141,4.4
255,6001,141,4.37
255,8001,141,4.41
255,10001,141,4.44
255,12001,141,4.39
255,14001,141,4.39
255,16001,141,4.42
255,18001,141,4.41
255,20001,141,4.44
255,22001,141,4.38
255,24001,141,4.45
255,26001,141,4.36
255,28001,141,4.37
255,30001,141,4.36
255,32001,141,4.36
255,34001,141,4.38
255,36001,141,4.48
255,38001,141,4.34
255,40001,141,4.36
255,42001,141,4.5
255,44001,141,4.3
255,46001,141,4.4
255,48001,141,4.38
255,50001,141,4.32
255,52001,141,4.46
255,54001,141,4.35
255,56001,141,4.35
255,58001,141,4.49
255,60001,141,4.31
255,62001,141,4.52
255,64001,141,4.47
255,65535,141,4.42
255,1,151,4.44
255,2001,151,4.45
255,4001,151,4.39
255,6001,151,4.42
255,8001,151,4.41
255,10001,151,4.42
255,12001,151,4.38
255,14001,151,4.35
255,16001,151,4.44
255,18001,151,4.39
255,20001,151,4.38
255,22001,151,4.43
255,24001,151,4.42
255,26001,151,4.41
255,28001,151,4.43
255,30001,151,4.46
255,32001,151,4.46
255,34001,151,4.31
255,36001,151,4.42
255,38001,151,4.29
255,40001,151,4.44
255,42001,151,4.27
255,44001,151,4.4
255,46001,151,4.44
255,48001,151,4.44
255,50001,151,4.49
255,52001,151,4.43
255,54001,151,4.41
255,56001,151,4.38
255,58001,151,4.43
255,60001,151,4.37
255,62001,151,4.5
255,64001,151,4.5
255,65535,151,4.42
255,1,161,4.41
255,2001,161,4.42
255,4001,161,4.38
255,6001,161,4.4
255,8001,161,4.52
255,10001,161,4.4
255,12001,161,4.4
255,14001,161,4.33
255,16001,161,4.39
255,18001,161,4.45
255,20001,161,4.35
255,22001,161,4.4
255,24001,161,4.39
255,26001,161,4.47
255,28001,161,4.38
255,30001,161,4.39
255,32001,161,4.39
255,34001,161,4.37
255,36001,161,4.38
255,38001,161,4.37
255,40001,161,4.39
255,42001,161,4.39
255,44001,161,4.29
255,46001,161,4.41
255,48001,161,4.45
255,50001,161,4.36
255,52001,161,4.47
255,54001,161,4.45
255,56001,161,4.32
255,58001,161,4.37
255,60001,161,4.39
255,62001,161,4.4
255,64001,161,4.45
255,65535,161,4.37
255,1,171,4.36
255,2001,171,4.32
255,4001,171,4.35
255,6001,171,4.5
255,8001,171,4.45
255,10001,171,4.43
255,12001,171,4.45
255,14001,171,4.34
255,16001,171,4.35
255,18001,171,4.43
255,20001,171,4.32
255,22001,171,4.42
255,24001,171,4.45
255,26001,171,4.46
255,28001,171,4.34
255,30001,171,4.37
255,32001,171,4.34
255,34001,171,4.25
255,36001,171,4.36
255,38001,171,4.31
255,40001,171,4.42
255,42001,171,4.35
255,44001,171,4.34
255,46001,171,4.34
255,48001,171,4.41
255,50001,171,4.37
255,52001,171,4.43
255,54001,171,4.45
255,56001,171,4.34
255,58001,171,4.45
255,60001,171,4.44
255,62001,171,4.44
255,64001,171,4.34
255,65535,171,4.38
255,1,181,4.37
255,2001,181,4.45
255,4001,181,4.33
255,6001,181,4.31
255,8001,181,4.4
255,10001,181,4.39
255,12001,181,4.32
255,14001,181,4.37
255,16001,181,4.48
255,18001,181,4.38
255,20001,181,4.36
255,22001,181,4.45
255,24001,181,4.43
255,26001,181,4.37
255,28001,181,4.42
255,30001,181,4.41
255,32001,181,4.37
255,34001,181,4.35
255,36001,181,4.4
255,38001,181,4.42
255,40001,181,4.34
255,42001,181,4.37
255,44001,181,4.42
255,46001,181,4.41
255,48001,181,4.41
255,50001,181,4.34
255,52001,181,4.45
255,54001,181,4.37
255,56001,181,4.41
255,58001,181,4.42
255,60001,181,4.51
255,62001,181,4.42
255,64001,181,4.52
255,65535,181,4.3
255,1,191,4.42
255,2001,191,4.33
255,4001,191,4.39
255,6001,191,4.47
255,8001,191,4.47
255,10001,191,4.39
255,12001,191,4.39
255,14001,191,4.37
255,16001,191,4.38
255,18001,191,4.35
255,20001,191,4.39
255,22001,191,4.22
255,24001,191,4.31
255,26001,191,4.4
255,28001,191,4.34
255,30001,191,4.32
255,32001,191,4.46
255,34001,191,4.38
255,36001,191,4.42
255,38001,191,4.34
255,40001,191,4.42
255,42001,191,4.4
255,44001,191,4.37
255,46001,191,4.37
255,48001,191,4.38
255,50001,191,4.33
255,52001,191,4.42
255,54001,191,4.29
255,56001,191,4.34
255,58001,191,4.37
255,60001,191,4.41
255,62001,191,4.42
255,64001,191,4.37
255,65535,191,4.39
255,1,201,4.44
255,2001,201,4.38
255,4001,201,4.39
255,6001,201,4.33
255,8001,201,4.4
255,10001,201,4.48
255,12001,201,4.44
255,14001,201,4.42
255,16001,201,4.35
255,18001,201,4.38
255,20001,201,4.37
255,22001,201,4.19
255,24001,201,4.35
255,26001,201,4.34
255,28001,201,4.4
255,30001,201,4.37
255,32001,201,4.33
255,34001,201,4.36
255,36001,201,4.52
255,38001,201,4.39
255,40001,201,4.47
255,42001,201,4.45
255,44001,201,4.32
255,46001,201,4.21
255,48001,201,4.37
255,50001,201,4.43
255,52001,201,4.49
255,54001,201,4.36
255,56001,201,4.38
255,58001,201,4.43
255,60001,201,4.4
255,62001,201,4.44
255,64001,201,4.32
255,65535,201,4.45
255,1,211,4.46
255,2001,211,4.44
255,4001,211,4.41
255,6001,211,4.41
255,8001,211,4.39
255,10001,211,4.4
255,12001,211,4.45
255,14001,211,4.35
255,16001,211,4.35
255,18001,211,4.37
255,20001,211,4.45
255,22001,211,3.97
255,24001,211,4.13
255,26001,211,4.32
255,28001,211,4.4
255,30001,211,4.41
255,32001,211,4.42
255,34001,211,4.34
255,36001,211,4.24
255,38001,211,4.32
255,40001,211,4.4
255,42001,211,4.26
255,44001,211,4.12
255,46001,211,4.37
255,48001,211,4.38
255,50001,211,4.44
255,52001,211,4.43
255,54001,211,4.43
255,56001,211,4.37
255,58001,211,4.41
255,60001,211,4.37
255,62001,211,4.51
255,64001,211,4.5
255,65535,211,4.31
255,1,221,4.43
255,2001,221,4.6
255,4001,221,4.38
255,6001,221,4.39
255,8001,221,4.43
255,10001,221,4.35
255,12001,221,4.44
255,14001,221,4.4
255,16001,221,4.39
255,18001,221,4.35
255,20001,221,4.26
255,22001,221,3.86
255,24001,221,3.96
255,26001,221,4.3
255,28001,221,4.36
255,30001,221,4.38
255,32001,221,4.37
255,34001,221,4.41
255,36001,221,4.33
255,38001,221,4.3
255,40001,221,4.4
255,42001,221,4.11
255,44001,221,4.0
255,46001,221,4.41
255,48001,221,4.47
255,50001,221,4.39
255,52001,221,4.4
255,54001,221,4.38
255,56001,221,4.39
255,58001,221,4.45
255,60001,221,4.3
255,62001,221,4.42
255,64001,221,4.45
255,65535,221,4.4
255,1,231,4.47
255,2001,231,4.5
255,4001,231,4.42
255,6001,231,4.36
255,8001,231,4.46
255,10001,231,4.38
255,12001,231,4.29
255,14001,231,4.48
255,16001,231,4.31
255,18001,231,4.42
255,20001,231,4.09
255,22001,231,3.72
255,24001,231,3.85
255,26001,231,4.2
255,28001,231,4.33
255,30001,231,4.32
255,32001,231,4.34
255,34001,231,4.35
255,36001,231,4.41
255,38001,231,4.36
255,40001,231,4.19
255,42001,231,4.06
255,44001,231,3.82
255,46001,231,4.08
255,48001,231,4.41
255,50001,231,4.41
255,52001,231,4.34
255,54001,231,4.4
255,56001,231,4.46
255,58001,231,4.47
255,60001,231,4.4
255,62001,231,4.5
255,64001,231,4.39
255,65535,231,4.35
255,1,241,4.43
255,2001,241,4.5
255,4001,241,4.34
255,6001,241,4.41
255,8001,241,4.46
255,10001,241,4.34
255,12001,241,4.46
255,14001,241,4.44
255,16001,241,4.36
255,18001,241,4.42
255,20001,241,4.0
255,22001,241,3.67
255,24001,241,3.75
255,26001,241,3.93
255,28001,241,4.39
255,30001,241,4.25
255,32001,241,4.34
255,34001,241,4.44
255,36001,241,4.27
255,38001,241,4.39
255,40001,241,4.07
255,42001,241,3.84
255,44001,241,3.78
255,46001,241,4.11
255,48001,241,4.3
255,50001,241,4.42
255,52001,241,4.4
255,54001,241,4.37
255,56001,241,4.57
255,58001,241,4.41
255,60001,241,4.48
255,62001,241,4.39
255,64001,241,4.38
255,65535,241,4.4
255,1,251,4.49
255,2001,251,4.4
255,4001,251,4.43
255,6001,251,4.53
255,8001,251,4.39
255,10001,251,4.39
255,12001,251,4.28
255,14001,251,4.42
255,16001,251,4.32
255,18001,251,4.39
255,20001,251,4.02
255,22001,251,3.57
255,24001,251,3.51
255,26001,251,3.8
255,28001,251,4.31
255,30001,251,4.47
255,32001,251,4.42
255,34001,251,4.42
255,36001,251,4.43
255,38001,251,4.38
255,40001,251,4.01
255,42001,251,3.69
255,44001,251,3.57
255,46001,251,4.04
255,48001,251,4.37
255,50001,251,4.46
255,52001,251,4.33
255,54001,251,4.41
255,56001,251,4.34
255,58001,251,4.4
255,60001,251,4.38
255,62001,251,4.41
255,64001,251,4.44
255,65535,251,4.37
255,1,254,4.47
255,2001,254,4.42
255,4001,254,4.31
255,6001,254,4.43
255,8001,254,4.45
255,10001,254,4.42
255,12001,254,4.35
255,14001,254,4.4
255,16001,254,4.52
255,18001,254,4.32
255,20001,254,3.91
255,22001,254,3.43
255,24001,254,3.5
255,26001,254,3.7
255,28001,254,4.25
255,30001,254,4.25
255,32001,254,4.41
255,34001,254,4.35
255,36001,254,4.52
255,38001,254,4.41
255,40001,254,3.97
255,42001,254,3.79
255,44001,254,3.6
255,46001,254,3.92
255,48001,254,4.34
255,50001,254,4.37
255,52001,254,4.41
255,54001,254,4.43
255,56001,254,4.45
255,58001,254,4.46
255,60001,254,4.49
255,62001,254,4.37
255,64001,254,4.39
255,65535,254,4.41
